event_type,id,timestamp,block_number,tx_hash,log_index,pool,fee_tier,gas_used,gas_price_wei,sender,recipient,origin,owner,token0,token0_symbol,token0_decimals,token1,token1_symbol,token1_decimals,amount0,amount1,amount_usd,liquidity_amount,sqrt_price_x96,tick,tick_lower,tick_upper,datetime_utc
burn,0xf392262765dede8cb172206be2218d4aef020bb2cc57204700ed3a4cb954ff94#1099955,1772323571,24558898,0xf392262765dede8cb172206be2218d4aef020bb2cc57204700ed3a4cb954ff94,652,0x8ad599c3a0ff1de082011efddc58f1908eb6e6d8,3000.0,0.0,37320542.0,,,0xdc7b1ebbc9f79c082b2e0f02ee3077a8d974fa8e,0xc36442b4a4522e871399cd717abdd847ab11fe88,0xa0b86991c6218b36c1d19d4a2e9eb0ce3606eb48,USDC,6,0xc02aaa39b223fe8d0a0e5c4f27ead9083c756cc2,WETH,18,0.0,0.0,0.0,0.0,,,199740,201180,2026-03-01T00:06:11+00:00
burn,0x9ebac29f3f7886fd3f75fdbaef16432e6d5aa0726395bb9282d3c9584b2b1604#1099956,1772323595,24558900,0x9ebac29f3f7886fd3f75fdbaef16432e6d5aa0726395bb9282d3c9584b2b1604,1023,0x8ad599c3a0ff1de082011efddc58f1908eb6e6d8,3000.0,0.0,35181531.0,,,0xff98fbaff98a2f3c4a88da4ac870b9693d804b66,0xc36442b4a4522e871399cd717abdd847ab11fe88,0xa0b86991c6218b36c1d19d4a2e9eb0ce3606eb48,USDC,6,0xc02aaa39b223fe8d0a0e5c4f27ead9083c756cc2,WETH,18,0.0,0.0,0.0,0.0,,,199800,201240,2026-03-01T00:06:35+00:00
burn,0xf167c3d7532428bef6aab0c0d06a63840d552b87a4bce1521da2c80035d7ac25#1099957,1772323667,24558906,0xf167c3d7532428bef6aab0c0d06a63840d552b87a4bce1521da2c80035d7ac25,703,0x8ad599c3a0ff1de082011efddc58f1908eb6e6d8,3000.0,0.0,38241042.0,,,0x143b67cf0b87c59b9eb3bbfd5a8d4c74dec426d1,0xc36442b4a4522e871399cd717abdd847ab11fe88,0xa0b86991c6218b36c1d19d4a2e9eb0ce3606eb48,USDC,6,0xc02aaa39b223fe8d0a0e5c4f27ead9083c756cc2,WETH,18,0.0,0.0,0.0,0.0,,,199920,201540,2026-03-01T00:07:47+00:00
burn,0xa598cbe2e8cefbf3d86d56fc594b148b06881489a5b87f0828b6f13ba53143b8#1099958,1772323739,24558912,0xa598cbe2e8cefbf3d86d56fc594b148b06881489a5b87f0828b6f13ba53143b8,1452,0x8ad599c3a0ff1de082011efddc58f1908eb6e6d8,3000.0,0.0,37934818.0,,,0xa1e0b6edbf434be1322e2d1e2d438bbfcbe81546,0xc36442b4a4522e871399cd717abdd847ab11fe88,0xa0b86991c6218b36c1d19d4a2e9eb0ce3606eb48,USDC,6,0xc02aaa39b223fe8d0a0e5c4f27ead9083c756cc2,WETH,18,0.0,0.0,0.0,0.0,,,199740,201180,2026-03-01T00:08:59+00:00
burn,0x787fc082cc84616d196a2a1eb5dcd2a47c1a348ad85ed233b6bb2fa7fed2aa9e#1099963,1772324807,24559000,0x787fc082cc84616d196a2a1eb5dcd2a47c1a348ad85ed233b6bb2fa7fed2aa9e,204,0x8ad599c3a0ff1de082011efddc58f1908eb6e6d8,3000.0,0.0,86113845.0,,,0xa33ef45d184ddbc8daa47261a18b10290634f1af,0xc36442b4a4522e871399cd717abdd847ab11fe88,0xa0b86991c6218b36c1d19d4a2e9eb0ce3606eb48,USDC,6,0xc02aaa39b223fe8d0a0e5c4f27ead9083c756cc2,WETH,18,0.0,0.0,0.0,0.0,,,193380,205440,2026-03-01T00:26:47+00:00
burn,0x511b334b847c5b8fd0599f5d36d84d340a39d80c64d9927399d586bfaefb9e28#1099966,1772325371,24559047,0x511b334b847c5b8fd0599f5d36d84d340a39d80c64d9927399d586bfaefb9e28,23,0x8ad599c3a0ff1de082011efddc58f1908eb6e6d8,3000.0,0.0,370397226.0,,,0xaae61068ce4a77406bf02d9ef078aaf9143eea5f,0xc36442b4a4522e871399cd717abdd847ab11fe88,0xa0b86991c6218b36c1d19d4a2e9eb0ce3606eb48,USDC,6,0xc02aaa39b223fe8d0a0e5c4f27ead9083c756cc2,WETH,18,998.100375,0.7798510472625976,2528.7155148771144,180881501248020.0,,,196260,203160,2026-03-01T00:36:11+00:00
burn,0x1fbf4cccec0dfc99c74f0fe95e99f1fa4f839ac00f1185eb6d7693bc1272247f#1099986,1772328611,24559316,0x1fbf4cccec0dfc99c74f0fe95e99f1fa4f839ac00f1185eb6d7693bc1272247f,31,0x8ad599c3a0ff1de082011efddc58f1908eb6e6d8,3000.0,0.0,6547791900.0,,,0xae2fc483527b8ef99eb5d9b44875f005ba1fae13,0x1f2f10d1c40777ae1da742455c65828ff36df387,0xa0b86991c6218b36c1d19d4a2e9eb0ce3606eb48,USDC,6,0xc02aaa39b223fe8d0a0e5c4f27ead9083c756cc2,WETH,18,587600.097138,447.73644424469984,1461429.6381109182,1.1036068769452524e+19,,,200520,200580,2026-03-01T01:30:11+00:00
burn,0xc35ed3d7608a651f321d0a290a6eb54f5d1d4ac87ade685aa11b26bcdc64b7be#1100002,1772329127,24559359,0xc35ed3d7608a651f321d0a290a6eb54f5d1d4ac87ade685aa11b26bcdc64b7be,26,0x8ad599c3a0ff1de082011efddc58f1908eb6e6d8,3000.0,0.0,3980545532.0,,,0xae2fc483527b8ef99eb5d9b44875f005ba1fae13,0x1f2f10d1c40777ae1da742455c65828ff36df387,0xa0b86991c6218b36c1d19d4a2e9eb0ce3606eb48,USDC,6,0xc02aaa39b223fe8d0a0e5c4f27ead9083c756cc2,WETH,18,764926.932388,219.63050013923728,1196764.8466512153,9.00422076793566e+18,,,200460,200520,2026-03-01T01:38:47+00:00
burn,0x3ec5de3731e3b9f991ec1ef5c676b3b02eda84ff353a8ec99fa8e488b4373120#1100090,1772331827,24559581,0x3ec5de3731e3b9f991ec1ef5c676b3b02eda84ff353a8ec99fa8e488b4373120,864,0x8ad599c3a0ff1de082011efddc58f1908eb6e6d8,3000.0,0.0,152630204.0,,,0xb0bada5d45d939a03c6d211d24a61a4418d7cd13,0xc36442b4a4522e871399cd717abdd847ab11fe88,0xa0b86991c6218b36c1d19d4a2e9eb0ce3606eb48,USDC,6,0xc02aaa39b223fe8d0a0e5c4f27ead9083c756cc2,WETH,18,0.0,0.0,0.0,0.0,,,200280,201360,2026-03-01T02:23:47+00:00
burn,0x3ec5de3731e3b9f991ec1ef5c676b3b02eda84ff353a8ec99fa8e488b4373120#1100091,1772331827,24559581,0x3ec5de3731e3b9f991ec1ef5c676b3b02eda84ff353a8ec99fa8e488b4373120,875,0x8ad599c3a0ff1de082011efddc58f1908eb6e6d8,3000.0,0.0,152630204.0,,,0xb0bada5d45d939a03c6d211d24a61a4418d7cd13,0xc36442b4a4522e871399cd717abdd847ab11fe88,0xa0b86991c6218b36c1d19d4a2e9eb0ce3606eb48,USDC,6,0xc02aaa39b223fe8d0a0e5c4f27ead9083c756cc2,WETH,18,2048.678839,0.0,2048.678839,870125597837347.0,,,200280,201360,2026-03-01T02:23:47+00:00
burn,0x0fb5286521eaea5b63fd142af6111d66c6289835893e22a722bd3df395103aa8#1100095,1772332187,24559611,0x0fb5286521eaea5b63fd142af6111d66c6289835893e22a722bd3df395103aa8,520,0x8ad599c3a0ff1de082011efddc58f1908eb6e6d8,3000.0,0.0,117236566.0,,,0x94223f3b247a0a870ae817998ec790903501a361,0xc36442b4a4522e871399cd717abdd847ab11fe88,0xa0b86991c6218b36c1d19d4a2e9eb0ce3606eb48,USDC,6,0xc02aaa39b223fe8d0a0e5c4f27ead9083c756cc2,WETH,18,0.0,0.0,0.0,0.0,,,198360,202260,2026-03-01T02:29:47+00:00
burn,0xaed57a699fc3986cff2fc8cf5229bcb6e39844086d23d8d453635c092ab9c3f2#1100101,1772332751,24559658,0xaed57a699fc3986cff2fc8cf5229bcb6e39844086d23d8d453635c092ab9c3f2,80,0x8ad599c3a0ff1de082011efddc58f1908eb6e6d8,3000.0,0.0,2557063720.0,,,0xae2fc483527b8ef99eb5d9b44875f005ba1fae13,0x1f2f10d1c40777ae1da742455c65828ff36df387,0xa0b86991c6218b36c1d19d4a2e9eb0ce3606eb48,USDC,6,0xc02aaa39b223fe8d0a0e5c4f27ead9083c756cc2,WETH,18,353901.908028,447.2376632666833,1263530.490247852,9.347856213615837e+18,,,200100,200160,2026-03-01T02:39:11+00:00
burn,0x711fc670f3afaf296cde0ae020f60c2dea6e55a3a0e47c73fc6ac4d656c21d92#1100112,1772333279,24559702,0x711fc670f3afaf296cde0ae020f60c2dea6e55a3a0e47c73fc6ac4d656c21d92,125,0x8ad599c3a0ff1de082011efddc58f1908eb6e6d8,3000.0,0.0,997218908.0,,,0xa916ee58ce118557a99425c896d54031d8fad81d,0xc36442b4a4522e871399cd717abdd847ab11fe88,0xa0b86991c6218b36c1d19d4a2e9eb0ce3606eb48,USDC,6,0xc02aaa39b223fe8d0a0e5c4f27ead9083c756cc2,WETH,18,57817.509441,1.4592780913365726,60797.494886382694,2.100288352267825e+16,,,200040,201360,2026-03-01T02:47:59+00:00
burn,0x1ad18269851ccaf01f4876ff8641b1c44cd7225e04b406e55a6e7662f3d77af6#1100117,1772333963,24559759,0x1ad18269851ccaf01f4876ff8641b1c44cd7225e04b406e55a6e7662f3d77af6,520,0x8ad599c3a0ff1de082011efddc58f1908eb6e6d8,3000.0,0.0,144411326.0,,,0x890a0047f8d573347872cb6c019f86552f2367d6,0xc36442b4a4522e871399cd717abdd847ab11fe88,0xa0b86991c6218b36c1d19d4a2e9eb0ce3606eb48,USDC,6,0xc02aaa39b223fe8d0a0e5c4f27ead9083c756cc2,WETH,18,0.0,0.0,0.0,0.0,,,195480,209340,2026-03-01T02:59:23+00:00
burn,0x6d5aa85ce9cca05e50511022080dad2bc8b4ce7ad2849a9a0831e6397d621db7#1100118,1772334023,24559764,0x6d5aa85ce9cca05e50511022080dad2bc8b4ce7ad2849a9a0831e6397d621db7,1286,0x8ad599c3a0ff1de082011efddc58f1908eb6e6d8,3000.0,0.0,144737336.0,,,0x890a0047f8d573347872cb6c019f86552f2367d6,0xc36442b4a4522e871399cd717abdd847ab11fe88,0xa0b86991c6218b36c1d19d4a2e9eb0ce3606eb48,USDC,6,0xc02aaa39b223fe8d0a0e5c4f27ead9083c756cc2,WETH,18,1.556992,0.000427898107300736,2.429445817068102,93348848716.0,,,195480,209340,2026-03-01T03:00:23+00:00
burn,0x7f79aaac68f14fd0be3dc8fdf65ede3584d2d1a2c99c915277d48c83e8f2dcf1#1100138,1772335799,24559912,0x7f79aaac68f14fd0be3dc8fdf65ede3584d2d1a2c99c915277d48c83e8f2dcf1,128,0x8ad599c3a0ff1de082011efddc58f1908eb6e6d8,3000.0,0.0,2036467944.0,,,0x6bcc98231367f0d930ef36fc35c05f20a06b22f3,0xc36442b4a4522e871399cd717abdd847ab11fe88,0xa0b86991c6218b36c1d19d4a2e9eb0ce3606eb48,USDC,6,0xc02aaa39b223fe8d0a0e5c4f27ead9083c756cc2,WETH,18,0.0,5.277612023491757,10729.081514563006,861838131433509.0,,,190740,198060,2026-03-01T03:29:59+00:00
burn,0x7f79aaac68f14fd0be3dc8fdf65ede3584d2d1a2c99c915277d48c83e8f2dcf1#1100139,1772335799,24559912,0x7f79aaac68f14fd0be3dc8fdf65ede3584d2d1a2c99c915277d48c83e8f2dcf1,130,0x8ad599c3a0ff1de082011efddc58f1908eb6e6d8,3000.0,0.0,2036467944.0,,,0x6bcc98231367f0d930ef36fc35c05f20a06b22f3,0xc36442b4a4522e871399cd717abdd847ab11fe88,0xa0b86991c6218b36c1d19d4a2e9eb0ce3606eb48,USDC,6,0xc02aaa39b223fe8d0a0e5c4f27ead9083c756cc2,WETH,18,0.0,0.0,0.0,0.0,,,190740,198060,2026-03-01T03:29:59+00:00
burn,0x7eabcf789283e1ce63b0a3722b99ca35145ccffcea8184095cc506a31a2a2cc1#1100178,1772341487,24560384,0x7eabcf789283e1ce63b0a3722b99ca35145ccffcea8184095cc506a31a2a2cc1,279,0x8ad599c3a0ff1de082011efddc58f1908eb6e6d8,3000.0,0.0,62825169.0,,,0x60318b16c32edf4c1a88395656209700cc093872,0xc36442b4a4522e871399cd717abdd847ab11fe88,0xa0b86991c6218b36c1d19d4a2e9eb0ce3606eb48,USDC,6,0xc02aaa39b223fe8d0a0e5c4f27ead9083c756cc2,WETH,18,0.0,0.0,0.0,0.0,,,198480,203160,2026-03-01T05:04:47+00:00
burn,0xe02d675cf5c780cf029d08c8c2ea495792a6c0e5eebc0ce58db0e2c9be65dd69#1100180,1772342219,24560444,0xe02d675cf5c780cf029d08c8c2ea495792a6c0e5eebc0ce58db0e2c9be65dd69,204,0x8ad599c3a0ff1de082011efddc58f1908eb6e6d8,3000.0,0.0,66517856.0,,,0xc8856a97e23f8ed3903892d414bb099ab7831866,0xc36442b4a4522e871399cd717abdd847ab11fe88,0xa0b86991c6218b36c1d19d4a2e9eb0ce3606eb48,USDC,6,0xc02aaa39b223fe8d0a0e5c4f27ead9083c756cc2,WETH,18,0.0,0.0,0.0,0.0,,,198300,201300,2026-03-01T05:16:59+00:00
burn,0x7ce8f34cb8258abef07761888b1be29dd96a612e69719ee39ab733512661be5c#1100190,1772343143,24560520,0x7ce8f34cb8258abef07761888b1be29dd96a612e69719ee39ab733512661be5c,524,0x8ad599c3a0ff1de082011efddc58f1908eb6e6d8,3000.0,0.0,36322304.0,,,0x6399df34156a644acd3109be586d8eedbff8dc2e,0xc36442b4a4522e871399cd717abdd847ab11fe88,0xa0b86991c6218b36c1d19d4a2e9eb0ce3606eb48,USDC,6,0xc02aaa39b223fe8d0a0e5c4f27ead9083c756cc2,WETH,18,0.0,0.0,0.0,0.0,,,197700,211560,2026-03-01T05:32:23+00:00
burn,0xe6071fe5646e817f45a730524206d86ed81ab161e9f72373940b6fe18bf37c7e#1100189,1772343155,24560521,0xe6071fe5646e817f45a730524206d86ed81ab161e9f72373940b6fe18bf37c7e,259,0x8ad599c3a0ff1de082011efddc58f1908eb6e6d8,3000.0,0.0,36836622.0,,,0x6399df34156a644acd3109be586d8eedbff8dc2e,0xc36442b4a4522e871399cd717abdd847ab11fe88,0xa0b86991c6218b36c1d19d4a2e9eb0ce3606eb48,USDC,6,0xc02aaa39b223fe8d0a0e5c4f27ead9083c756cc2,WETH,18,6.007835,0.000818451594668947,7.658152620081848,309354998188.0,,,197700,211560,2026-03-01T05:32:35+00:00
burn,0xf39e0d4ca50cc2e9878c5e8a898171c6c4ddfc5d52bbc56e62a9bfc00e91e2f7#1100231,1772349563,24561054,0xf39e0d4ca50cc2e9878c5e8a898171c6c4ddfc5d52bbc56e62a9bfc00e91e2f7,284,0x8ad599c3a0ff1de082011efddc58f1908eb6e6d8,3000.0,0.0,35664112.0,,,0xe53a59fcc1de0bfa522a0bf31f4fe5728f2e7180,0xc36442b4a4522e871399cd717abdd847ab11fe88,0xa0b86991c6218b36c1d19d4a2e9eb0ce3606eb48,USDC,6,0xc02aaa39b223fe8d0a0e5c4f27ead9083c756cc2,WETH,18,0.0,0.0,0.0,0.0,,,197220,203460,2026-03-01T07:19:23+00:00
burn,0x728b738be0f5d46cb978a1d6940204ce9c7cc37e8dfb8467a6105b4842ef225b#1100234,1772349611,24561058,0x728b738be0f5d46cb978a1d6940204ce9c7cc37e8dfb8467a6105b4842ef225b,419,0x8ad599c3a0ff1de082011efddc58f1908eb6e6d8,3000.0,0.0,34308119.0,,,0xe53a59fcc1de0bfa522a0bf31f4fe5728f2e7180,0xc36442b4a4522e871399cd717abdd847ab11fe88,0xa0b86991c6218b36c1d19d4a2e9eb0ce3606eb48,USDC,6,0xc02aaa39b223fe8d0a0e5c4f27ead9083c756cc2,WETH,18,0.0,0.0,0.0,0.0,,,195000,207240,2026-03-01T07:20:11+00:00
burn,0x6e3c2a04994cc23ffd867ac6db2350fb496c022b84bbdf4557aa0befbd341a74#1100250,1772351891,24561248,0x6e3c2a04994cc23ffd867ac6db2350fb496c022b84bbdf4557aa0befbd341a74,78,0x8ad599c3a0ff1de082011efddc58f1908eb6e6d8,3000.0,0.0,2033184872.0,,,0x1fe268d1768dfada13ceba49de83ca46b0bb8285,0xc36442b4a4522e871399cd717abdd847ab11fe88,0xa0b86991c6218b36c1d19d4a2e9eb0ce3606eb48,USDC,6,0xc02aaa39b223fe8d0a0e5c4f27ead9083c756cc2,WETH,18,0.0,0.0,0.0,0.0,,,192660,209280,2026-03-01T07:58:11+00:00
burn,0x1ec63b9dcdd94bc5f6d7fb5b37953cbc7081820d665db175b6c610351b410cd7#1100252,1772352623,24561309,0x1ec63b9dcdd94bc5f6d7fb5b37953cbc7081820d665db175b6c610351b410cd7,441,0x8ad599c3a0ff1de082011efddc58f1908eb6e6d8,3000.0,0.0,32049202.0,,,0x5fca60f616022b3b35e0628e0e9659539df2e4f6,0xc36442b4a4522e871399cd717abdd847ab11fe88,0xa0b86991c6218b36c1d19d4a2e9eb0ce3606eb48,USDC,6,0xc02aaa39b223fe8d0a0e5c4f27ead9083c756cc2,WETH,18,0.0,0.0,0.0,0.0,,,198180,202500,2026-03-01T08:10:23+00:00
burn,0x9ded113aea5635b0d3419710f3d58c6fc51568a3474ff933f9f523501eb60ad6#1100253,1772352767,24561321,0x9ded113aea5635b0d3419710f3d58c6fc51568a3474ff933f9f523501eb60ad6,162,0x8ad599c3a0ff1de082011efddc58f1908eb6e6d8,3000.0,0.0,30860224.0,,,0x5fca60f616022b3b35e0628e0e9659539df2e4f6,0xc36442b4a4522e871399cd717abdd847ab11fe88,0xa0b86991c6218b36c1d19d4a2e9eb0ce3606eb48,USDC,6,0xc02aaa39b223fe8d0a0e5c4f27ead9083c756cc2,WETH,18,0.0,0.0,0.0,0.0,,,197340,201900,2026-03-01T08:12:47+00:00
burn,0xa2cc67bae44e87ba2ef055cc44440fe6814ca0d00b1217e5a4b7a8e67e0b820b#1100254,1772353091,24561348,0xa2cc67bae44e87ba2ef055cc44440fe6814ca0d00b1217e5a4b7a8e67e0b820b,653,0x8ad599c3a0ff1de082011efddc58f1908eb6e6d8,3000.0,0.0,31759500.0,,,0x5fca60f616022b3b35e0628e0e9659539df2e4f6,0xc36442b4a4522e871399cd717abdd847ab11fe88,0xa0b86991c6218b36c1d19d4a2e9eb0ce3606eb48,USDC,6,0xc02aaa39b223fe8d0a0e5c4f27ead9083c756cc2,WETH,18,280.340113,0.1342516509618961,549.3353717340023,59943665732897.0,,,198180,202500,2026-03-01T08:18:11+00:00
burn,0xcf9c412dce150ab9907b594c6e7e27c907bbdc217933e6bad52b58a10870b093#1100255,1772353199,24561357,0xcf9c412dce150ab9907b594c6e7e27c907bbdc217933e6bad52b58a10870b093,675,0x8ad599c3a0ff1de082011efddc58f1908eb6e6d8,3000.0,0.0,30451020.0,,,0x5fca60f616022b3b35e0628e0e9659539df2e4f6,0xc36442b4a4522e871399cd717abdd847ab11fe88,0xa0b86991c6218b36c1d19d4a2e9eb0ce3606eb48,USDC,6,0xc02aaa39b223fe8d0a0e5c4f27ead9083c756cc2,WETH,18,473.566781,0.42017147985081155,1315.4494329101556,137027409368897.0,,,197340,201900,2026-03-01T08:19:59+00:00
burn,0x6082509eba09755323a7934930bb5826918cc2d4c893a8011cc139b387dfe6ae#1100329,1772359943,24561916,0x6082509eba09755323a7934930bb5826918cc2d4c893a8011cc139b387dfe6ae,406,0x8ad599c3a0ff1de082011efddc58f1908eb6e6d8,3000.0,0.0,37781781.0,,,0xc1eab60ed49b102623137828fcbebbafc47b0728,0xc36442b4a4522e871399cd717abdd847ab11fe88,0xa0b86991c6218b36c1d19d4a2e9eb0ce3606eb48,USDC,6,0xc02aaa39b223fe8d0a0e5c4f27ead9083c756cc2,WETH,18,0.0,0.0,0.0,0.0,,,195540,200820,2026-03-01T10:12:23+00:00
burn,0x0e580cf81b3f26b130935a385844e660b322fdacd37e6df4d5da9820e0c25aeb#1100353,1772364515,24562295,0x0e580cf81b3f26b130935a385844e660b322fdacd37e6df4d5da9820e0c25aeb,149,0x8ad599c3a0ff1de082011efddc58f1908eb6e6d8,3000.0,0.0,48337926.0,,,0x6aa90a2fbb0f1123c750a119f66f06acc054b4ee,0xc36442b4a4522e871399cd717abdd847ab11fe88,0xa0b86991c6218b36c1d19d4a2e9eb0ce3606eb48,USDC,6,0xc02aaa39b223fe8d0a0e5c4f27ead9083c756cc2,WETH,18,0.0,0.0,0.0,0.0,,,198600,212460,2026-03-01T11:28:35+00:00
burn,0x18eb853db500ab6c61d61c62966ca74abd33795648ecf50195108fedc17a1444#1100354,1772365883,24562408,0x18eb853db500ab6c61d61c62966ca74abd33795648ecf50195108fedc17a1444,107,0x8ad599c3a0ff1de082011efddc58f1908eb6e6d8,3000.0,0.0,150452341.0,,,0x0579672e6e865032d9ad3ad38243833cd61dff87,0xc36442b4a4522e871399cd717abdd847ab11fe88,0xa0b86991c6218b36c1d19d4a2e9eb0ce3606eb48,USDC,6,0xc02aaa39b223fe8d0a0e5c4f27ead9083c756cc2,WETH,18,0.0,0.0,0.0,0.0,,,199740,202020,2026-03-01T11:51:23+00:00
burn,0x056a1b0bfab8c2284d30258c070bd69f2a8b6b1bd6b98af251319c26461371b0#1100355,1772365979,24562416,0x056a1b0bfab8c2284d30258c070bd69f2a8b6b1bd6b98af251319c26461371b0,103,0x8ad599c3a0ff1de082011efddc58f1908eb6e6d8,3000.0,0.0,67174409.0,,,0x0579672e6e865032d9ad3ad38243833cd61dff87,0xc36442b4a4522e871399cd717abdd847ab11fe88,0xa0b86991c6218b36c1d19d4a2e9eb0ce3606eb48,USDC,6,0xc02aaa39b223fe8d0a0e5c4f27ead9083c756cc2,WETH,18,129.030991,0.02625366781389929,181.1542662172459,36884149257504.0,,,199740,202020,2026-03-01T11:52:59+00:00
burn,0xe6b8894a06de7e4a1ecf8e3e97d80354d5aac0d80b4b2ac76b7be7c51bca5012#1100354,1772366195,24562434,0xe6b8894a06de7e4a1ecf8e3e97d80354d5aac0d80b4b2ac76b7be7c51bca5012,157,0x8ad599c3a0ff1de082011efddc58f1908eb6e6d8,3000.0,0.0,111811193.0,,,0x5e17c5b57cb73bd395352772c3eb75da39beb74f,0xc36442b4a4522e871399cd717abdd847ab11fe88,0xa0b86991c6218b36c1d19d4a2e9eb0ce3606eb48,USDC,6,0xc02aaa39b223fe8d0a0e5c4f27ead9083c756cc2,WETH,18,93.100549,0.0,93.100549,119711787042484.0,,,200820,201180,2026-03-01T11:56:35+00:00
burn,0x935d7d544737f69fa155f8b522a4f2471529acf6e91fa01595023b378c2a37b3#1100358,1772366759,24562481,0x935d7d544737f69fa155f8b522a4f2471529acf6e91fa01595023b378c2a37b3,80,0x8ad599c3a0ff1de082011efddc58f1908eb6e6d8,3000.0,0.0,454676330.0,,,0xae2fc483527b8ef99eb5d9b44875f005ba1fae13,0x1f2f10d1c40777ae1da742455c65828ff36df387,0xa0b86991c6218b36c1d19d4a2e9eb0ce3606eb48,USDC,6,0xc02aaa39b223fe8d0a0e5c4f27ead9083c756cc2,WETH,18,306668.24642,448.18964121058303,1196489.9820870287,8.959669690649543e+18,,,200340,200400,2026-03-01T12:05:59+00:00
burn,0xd24ef2ad09e1e5ed84673c7be64e17fcb2f8101c227e47afcc36f695d0264aab#1100360,1772367623,24562553,0xd24ef2ad09e1e5ed84673c7be64e17fcb2f8101c227e47afcc36f695d0264aab,188,0x8ad599c3a0ff1de082011efddc58f1908eb6e6d8,3000.0,0.0,84752978.0,,,0xabc55860838c9338646fe77f4cd9137342b45cc1,0xc36442b4a4522e871399cd717abdd847ab11fe88,0xa0b86991c6218b36c1d19d4a2e9eb0ce3606eb48,USDC,6,0xc02aaa39b223fe8d0a0e5c4f27ead9083c756cc2,WETH,18,0.0,0.0,0.0,0.0,,,199560,200940,2026-03-01T12:20:23+00:00
burn,0x7e61fba729bd8aa6599b27a4ef5e3d9f5f5e25b3a5b48aacc693d3fc91d21c69#1100365,1772368379,24562616,0x7e61fba729bd8aa6599b27a4ef5e3d9f5f5e25b3a5b48aacc693d3fc91d21c69,278,0x8ad599c3a0ff1de082011efddc58f1908eb6e6d8,3000.0,0.0,74465888.0,,,0x7c9b9435221fb37ef5c79acd8c6772328e179ba9,0xc36442b4a4522e871399cd717abdd847ab11fe88,0xa0b86991c6218b36c1d19d4a2e9eb0ce3606eb48,USDC,6,0xc02aaa39b223fe8d0a0e5c4f27ead9083c756cc2,WETH,18,0.0,0.0,0.0,0.0,,,196740,203400,2026-03-01T12:32:59+00:00
burn,0x2b3f05e3b857efa2fda1f8dcb8eae071b248b418969f11075809eff478f83f53#1100373,1772368631,24562637,0x2b3f05e3b857efa2fda1f8dcb8eae071b248b418969f11075809eff478f83f53,94,0x8ad599c3a0ff1de082011efddc58f1908eb6e6d8,3000.0,0.0,772017725.0,,,0xae2fc483527b8ef99eb5d9b44875f005ba1fae13,0x1f2f10d1c40777ae1da742455c65828ff36df387,0xa0b86991c6218b36c1d19d4a2e9eb0ce3606eb48,USDC,6,0xc02aaa39b223fe8d0a0e5c4f27ead9083c756cc2,WETH,18,11335.926085,448.1564341933524,899792.3506409554,6.74643858020316e+18,,,200340,200400,2026-03-01T12:37:11+00:00
burn,0x43ffddd367b0d3673764d8d53a88eaf02c6e8f2d648994ca3cdc07965d506a72#1100378,1772369351,24562697,0x43ffddd367b0d3673764d8d53a88eaf02c6e8f2d648994ca3cdc07965d506a72,152,0x8ad599c3a0ff1de082011efddc58f1908eb6e6d8,3000.0,0.0,626680718.0,,,0xae2fc483527b8ef99eb5d9b44875f005ba1fae13,0x1f2f10d1c40777ae1da742455c65828ff36df387,0xa0b86991c6218b36c1d19d4a2e9eb0ce3606eb48,USDC,6,0xc02aaa39b223fe8d0a0e5c4f27ead9083c756cc2,WETH,18,11139.209579,448.20097348671044,899682.7760800084,6.74562568033298e+18,,,200340,200400,2026-03-01T12:49:11+00:00
burn,0x6cdca51efbfc93428851beed438baf133a76799d2191609de152db94cb03f5c3#1100381,1772370827,24562819,0x6cdca51efbfc93428851beed438baf133a76799d2191609de152db94cb03f5c3,215,0x8ad599c3a0ff1de082011efddc58f1908eb6e6d8,3000.0,0.0,70799259.0,,,0xa4047f39ffa37db63bdcbf477b6d5d0f58a3d57b,0xc36442b4a4522e871399cd717abdd847ab11fe88,0xa0b86991c6218b36c1d19d4a2e9eb0ce3606eb48,USDC,6,0xc02aaa39b223fe8d0a0e5c4f27ead9083c756cc2,WETH,18,0.0,0.001713285251499724,3.3963585583604083,464117443237.0,,,195000,198900,2026-03-01T13:13:47+00:00
burn,0x9c1e75d302846e8c51085cac50fe722d60d29c4806de67d27a8fa5da7be502ac#1100458,1772380199,24563596,0x9c1e75d302846e8c51085cac50fe722d60d29c4806de67d27a8fa5da7be502ac,297,0x8ad599c3a0ff1de082011efddc58f1908eb6e6d8,3000.0,0.0,151428266.0,,,0x5432d22ce636a4fa6706fe28ac02a76b05ffec90,0xc36442b4a4522e871399cd717abdd847ab11fe88,0xa0b86991c6218b36c1d19d4a2e9eb0ce3606eb48,USDC,6,0xc02aaa39b223fe8d0a0e5c4f27ead9083c756cc2,WETH,18,0.0,0.0,0.0,0.0,,,196920,201660,2026-03-01T15:49:59+00:00
burn,0x293fee07f67f05fe3d4fc649c2859535b5cac1431a6455c603048565847afe7f#1100487,1772381147,24563674,0x293fee07f67f05fe3d4fc649c2859535b5cac1431a6455c603048565847afe7f,337,0x8ad599c3a0ff1de082011efddc58f1908eb6e6d8,3000.0,0.0,988402393.0,,,0x06963e0c0fe320271d5a2ecb10376856c2f1e704,0xc36442b4a4522e871399cd717abdd847ab11fe88,0xa0b86991c6218b36c1d19d4a2e9eb0ce3606eb48,USDC,6,0xc02aaa39b223fe8d0a0e5c4f27ead9083c756cc2,WETH,18,0.0,8.826348476904643,17634.994882488205,4088831661767440.0,,,192720,195360,2026-03-01T16:05:47+00:00
burn,0xc920ec6d0cfa85c646470c4b1686f2be16c15c2b337c911af2b5612a82e79794#1100487,1772382251,24563766,0xc920ec6d0cfa85c646470c4b1686f2be16c15c2b337c911af2b5612a82e79794,112,0x8ad599c3a0ff1de082011efddc58f1908eb6e6d8,3000.0,0.0,78908283.0,,,0x92c31aa9fda1f7066a9ae58b6f1743126bd64728,0xc36442b4a4522e871399cd717abdd847ab11fe88,0xa0b86991c6218b36c1d19d4a2e9eb0ce3606eb48,USDC,6,0xc02aaa39b223fe8d0a0e5c4f27ead9083c756cc2,WETH,18,0.0,0.0,0.0,0.0,,,192120,203160,2026-03-01T16:24:11+00:00
burn,0xb2129c77b1fe5daafb91a31a72fc7fc256fa761a97883de160b25dd2bf7d2674#1100509,1772383763,24563891,0xb2129c77b1fe5daafb91a31a72fc7fc256fa761a97883de160b25dd2bf7d2674,416,0x8ad599c3a0ff1de082011efddc58f1908eb6e6d8,3000.0,0.0,9046242324.0,,,0xda55cec09bb0d481188eba0e5b6e276d239f98a4,0xc36442b4a4522e871399cd717abdd847ab11fe88,0xa0b86991c6218b36c1d19d4a2e9eb0ce3606eb48,USDC,6,0xc02aaa39b223fe8d0a0e5c4f27ead9083c756cc2,WETH,18,0.0,0.0,0.0,0.0,,,196920,205680,2026-03-01T16:49:23+00:00
burn,0x8ba8ed0b1d70d8eb6a6ad7c80ed89a9f036867a1c16941b420d7ef632131d145#1100530,1772385587,24564043,0x8ba8ed0b1d70d8eb6a6ad7c80ed89a9f036867a1c16941b420d7ef632131d145,138,0x8ad599c3a0ff1de082011efddc58f1908eb6e6d8,3000.0,0.0,988603390.0,,,0xae2fc483527b8ef99eb5d9b44875f005ba1fae13,0x1f2f10d1c40777ae1da742455c65828ff36df387,0xa0b86991c6218b36c1d19d4a2e9eb0ce3606eb48,USDC,6,0xc02aaa39b223fe8d0a0e5c4f27ead9083c756cc2,WETH,18,1422472.492976,898.8191624839659,3187686.6469319244,2.39962277487229e+19,,,200460,200520,2026-03-01T17:19:47+00:00
burn,0xcd06641205a54dd3a5db3d5a5eaac4c342d2e5c9ea6113d4df6fc4f00ce7212b#1100609,1772393963,24564741,0xcd06641205a54dd3a5db3d5a5eaac4c342d2e5c9ea6113d4df6fc4f00ce7212b,205,0x8ad599c3a0ff1de082011efddc58f1908eb6e6d8,3000.0,0.0,59907522.0,,,0x56702160d4c0d33d92db2e9e4af014faf0414e99,0xc36442b4a4522e871399cd717abdd847ab11fe88,0xa0b86991c6218b36c1d19d4a2e9eb0ce3606eb48,USDC,6,0xc02aaa39b223fe8d0a0e5c4f27ead9083c756cc2,WETH,18,0.0,0.0,0.0,0.0,,,198060,201600,2026-03-01T19:39:23+00:00
burn,0xcdc6a0d9c694646aa783754497caaf82debe2fe7e04e36de9665b925bd1fc3c4#1100618,1772394443,24564781,0xcdc6a0d9c694646aa783754497caaf82debe2fe7e04e36de9665b925bd1fc3c4,122,0x8ad599c3a0ff1de082011efddc58f1908eb6e6d8,3000.0,0.0,2063290955.0,,,0xcc53794c9616b6148b28a50e918e517535fc4aa9,0xc36442b4a4522e871399cd717abdd847ab11fe88,0xa0b86991c6218b36c1d19d4a2e9eb0ce3606eb48,USDC,6,0xc02aaa39b223fe8d0a0e5c4f27ead9083c756cc2,WETH,18,0.0,0.0,0.0,0.0,,,192300,202080,2026-03-01T19:47:23+00:00
burn,0x749ca6bee2f08903943d2ffce35763caf97260227bf50cbab3e8fd4817c35717#1100622,1772394719,24564804,0x749ca6bee2f08903943d2ffce35763caf97260227bf50cbab3e8fd4817c35717,115,0x8ad599c3a0ff1de082011efddc58f1908eb6e6d8,3000.0,0.0,2058344277.0,,,0xe23a14d083cc050ef0ef4a047581e8138cdfedc0,0xc36442b4a4522e871399cd717abdd847ab11fe88,0xa0b86991c6218b36c1d19d4a2e9eb0ce3606eb48,USDC,6,0xc02aaa39b223fe8d0a0e5c4f27ead9083c756cc2,WETH,18,0.0,0.0,0.0,0.0,,,189360,203340,2026-03-01T19:51:59+00:00
burn,0x6698b723468c1c230a696d4b047390126727c3daf5c21f2ff5d6f3b4fabf92a1#1100626,1772395235,24564846,0x6698b723468c1c230a696d4b047390126727c3daf5c21f2ff5d6f3b4fabf92a1,906,0x8ad599c3a0ff1de082011efddc58f1908eb6e6d8,3000.0,0.0,43032053.0,,,0xc0ac20d012266b1b74932854136cee58b096fea8,0xc36442b4a4522e871399cd717abdd847ab11fe88,0xa0b86991c6218b36c1d19d4a2e9eb0ce3606eb48,USDC,6,0xc02aaa39b223fe8d0a0e5c4f27ead9083c756cc2,WETH,18,0.0,0.0,0.0,0.0,,,199920,201360,2026-03-01T20:00:35+00:00
burn,0x215e8bfdf2cb5779191feb4c17b5d49c16f98403c8f8a6e4b2b52ce57705f837#1100627,1772395271,24564849,0x215e8bfdf2cb5779191feb4c17b5d49c16f98403c8f8a6e4b2b52ce57705f837,2872,0x8ad599c3a0ff1de082011efddc58f1908eb6e6d8,3000.0,0.0,42980687.0,,,0x158d8a91eeb479dc3f578aba68a55d78a7ee4b03,0xc36442b4a4522e871399cd717abdd847ab11fe88,0xa0b86991c6218b36c1d19d4a2e9eb0ce3606eb48,USDC,6,0xc02aaa39b223fe8d0a0e5c4f27ead9083c756cc2,WETH,18,0.0,0.0,0.0,0.0,,,200040,201240,2026-03-01T20:01:11+00:00
burn,0x1ecd73565b8a33a609dbf8118ef4ae51aae9fed36cc588afe7bfcda87cbdaa54#1100653,1772396123,24564920,0x1ecd73565b8a33a609dbf8118ef4ae51aae9fed36cc588afe7bfcda87cbdaa54,62,0x8ad599c3a0ff1de082011efddc58f1908eb6e6d8,3000.0,0.0,941006543.0,,,0x084469efb43fc8c295cbf9c792f67dcdfee6cf91,0xc36442b4a4522e871399cd717abdd847ab11fe88,0xa0b86991c6218b36c1d19d4a2e9eb0ce3606eb48,USDC,6,0xc02aaa39b223fe8d0a0e5c4f27ead9083c756cc2,WETH,18,140.740701,0.04425448043292332,226.40736690903574,37120895450485.0,,,199560,202440,2026-03-01T20:15:23+00:00
burn,0xd7b8253c5f8cf6ea8e26bc22f13f43e5ff7958897857b91fb8e8001ae456013b#1100652,1772396195,24564926,0xd7b8253c5f8cf6ea8e26bc22f13f43e5ff7958897857b91fb8e8001ae456013b,368,0x8ad599c3a0ff1de082011efddc58f1908eb6e6d8,3000.0,0.0,2145234550.0,,,0x0e537578296f92a8cbfe9af9f94d379fa272ae73,0xc36442b4a4522e871399cd717abdd847ab11fe88,0xa0b86991c6218b36c1d19d4a2e9eb0ce3606eb48,USDC,6,0xc02aaa39b223fe8d0a0e5c4f27ead9083c756cc2,WETH,18,0.0,0.0,0.0,0.0,,,199020,201060,2026-03-01T20:16:35+00:00
burn,0x4ab08189aa55edb499bd62d95f3492605d608ab909a9ca889b673e5de5ae5a5d#1100656,1772396267,24564932,0x4ab08189aa55edb499bd62d95f3492605d608ab909a9ca889b673e5de5ae5a5d,567,0x8ad599c3a0ff1de082011efddc58f1908eb6e6d8,3000.0,0.0,2148250943.0,,,0xd9602696e645759506a6afd695ba820c169393af,0xc36442b4a4522e871399cd717abdd847ab11fe88,0xa0b86991c6218b36c1d19d4a2e9eb0ce3606eb48,USDC,6,0xc02aaa39b223fe8d0a0e5c4f27ead9083c756cc2,WETH,18,0.0,0.0,0.0,0.0,,,199080,201180,2026-03-01T20:17:47+00:00
burn,0x14e2974e632c8758e8e992fc0212b7a0c7c2a1101591c906788003291d7e8db7#1100657,1772396375,24564941,0x14e2974e632c8758e8e992fc0212b7a0c7c2a1101591c906788003291d7e8db7,654,0x8ad599c3a0ff1de082011efddc58f1908eb6e6d8,3000.0,0.0,2110470061.0,,,0x651c1fef07237faebb7128dfe632f6a52532f5a1,0xc36442b4a4522e871399cd717abdd847ab11fe88,0xa0b86991c6218b36c1d19d4a2e9eb0ce3606eb48,USDC,6,0xc02aaa39b223fe8d0a0e5c4f27ead9083c756cc2,WETH,18,0.0,0.0,0.0,0.0,,,199080,201180,2026-03-01T20:19:35+00:00
burn,0xb6e3e94a89f2d07962794d5bbfb642455b99e8b3de1d828170e46a4adac2f2c4#1100697,1772401475,24565366,0xb6e3e94a89f2d07962794d5bbfb642455b99e8b3de1d828170e46a4adac2f2c4,988,0x8ad599c3a0ff1de082011efddc58f1908eb6e6d8,3000.0,0.0,55686637.0,,,0x00e50a03de847c196b6f603afe5135f64198295f,0xc36442b4a4522e871399cd717abdd847ab11fe88,0xa0b86991c6218b36c1d19d4a2e9eb0ce3606eb48,USDC,6,0xc02aaa39b223fe8d0a0e5c4f27ead9083c756cc2,WETH,18,0.0,0.0,0.0,0.0,,,193380,195300,2026-03-01T21:44:35+00:00
burn,0x3e0df724ed461625d6dda1203e74bbcc6d98042673c09b757f8823b9ca7e5662#1100700,1772401907,24565402,0x3e0df724ed461625d6dda1203e74bbcc6d98042673c09b757f8823b9ca7e5662,1787,0x8ad599c3a0ff1de082011efddc58f1908eb6e6d8,3000.0,0.0,53895109.0,,,0x00e50a03de847c196b6f603afe5135f64198295f,0xc36442b4a4522e871399cd717abdd847ab11fe88,0xa0b86991c6218b36c1d19d4a2e9eb0ce3606eb48,USDC,6,0xc02aaa39b223fe8d0a0e5c4f27ead9083c756cc2,WETH,18,0.0,0.17564606426859833,337.9389838387004,110253826553729.0,,,193380,195300,2026-03-01T21:51:47+00:00
burn,0x59f9cac54deb23167e2553edd8d477e7bc952ff4b51afea18e5da6cb63dd6eff#1100724,1772403755,24565556,0x59f9cac54deb23167e2553edd8d477e7bc952ff4b51afea18e5da6cb63dd6eff,16,0x8ad599c3a0ff1de082011efddc58f1908eb6e6d8,3000.0,0.0,2096295270.0,,,0xa0b4c8508ad1cfdca91ddf33a97817f996405a28,0xc36442b4a4522e871399cd717abdd847ab11fe88,0xa0b86991c6218b36c1d19d4a2e9eb0ce3606eb48,USDC,6,0xc02aaa39b223fe8d0a0e5c4f27ead9083c756cc2,WETH,18,0.0,2.2254555570163954,4336.938484950643,577113392302079.0,,,196560,200340,2026-03-01T22:22:35+00:00
burn,0x05b93b4840fc97b580530a951c840098dc77f30bfcdb7fe6ba0ed1c9f7653340#1100758,1772406071,24565749,0x05b93b4840fc97b580530a951c840098dc77f30bfcdb7fe6ba0ed1c9f7653340,1080,0x8ad599c3a0ff1de082011efddc58f1908eb6e6d8,3000.0,0.0,55909796.0,,,0x4dcff7a73fd1910cf937b6b40c434ecdbea95483,0xc36442b4a4522e871399cd717abdd847ab11fe88,0xa0b86991c6218b36c1d19d4a2e9eb0ce3606eb48,USDC,6,0xc02aaa39b223fe8d0a0e5c4f27ead9083c756cc2,WETH,18,0.0,0.0,0.0,0.0,,,199740,201120,2026-03-01T23:01:11+00:00
burn,0xcad841d0e20a6304715b3903f9952f05fa5320edd473b12d1e4cdee1ca891aa2#1100760,1772406203,24565760,0xcad841d0e20a6304715b3903f9952f05fa5320edd473b12d1e4cdee1ca891aa2,485,0x8ad599c3a0ff1de082011efddc58f1908eb6e6d8,3000.0,0.0,466804502.0,,,0xae2fc483527b8ef99eb5d9b44875f005ba1fae13,0x1f2f10d1c40777ae1da742455c65828ff36df387,0xa0b86991c6218b36c1d19d4a2e9eb0ce3606eb48,USDC,6,0xc02aaa39b223fe8d0a0e5c4f27ead9083c756cc2,WETH,18,490649.831783,448.7465978323889,1355795.840997262,1.0301516610355069e+19,,,200640,200700,2026-03-01T23:03:23+00:00
burn,0xece6e1dd8aa4e12147baebeb795f7cce2bebcdffb9bf189db625d4df40b0c8bc#1100782,1772407979,24565908,0xece6e1dd8aa4e12147baebeb795f7cce2bebcdffb9bf189db625d4df40b0c8bc,74,0x8ad599c3a0ff1de082011efddc58f1908eb6e6d8,3000.0,0.0,2043677557.0,,,0xe5661c3ad2a9716415aebf37a8e6ec263451ca8d,0xc36442b4a4522e871399cd717abdd847ab11fe88,0xa0b86991c6218b36c1d19d4a2e9eb0ce3606eb48,USDC,6,0xc02aaa39b223fe8d0a0e5c4f27ead9083c756cc2,WETH,18,0.0,0.0,0.0,0.0,,,199200,202920,2026-03-01T23:32:59+00:00
burn,0x690ec27fa5906aa5d287b39ec6b9a2e905ff0154b137458ef0168b26edcc9232#1100788,1772409827,24566062,0x690ec27fa5906aa5d287b39ec6b9a2e905ff0154b137458ef0168b26edcc9232,294,0x8ad599c3a0ff1de082011efddc58f1908eb6e6d8,3000.0,0.0,88283366.0,,,0x77edbdb05aaf573ebc5a6588b0ed09f98a2f2798,0xc36442b4a4522e871399cd717abdd847ab11fe88,0xa0b86991c6218b36c1d19d4a2e9eb0ce3606eb48,USDC,6,0xc02aaa39b223fe8d0a0e5c4f27ead9083c756cc2,WETH,18,4404.548351,0.07490861812494343,4549.794174579656,654195805399004.0,,,200520,203940,2026-03-02T00:03:47+00:00
burn,0xe4e13d0de4f6b039160366896161a3ac228fe150ff6f9b6b006c422030ec8130#1100788,1772409899,24566068,0xe4e13d0de4f6b039160366896161a3ac228fe150ff6f9b6b006c422030ec8130,1362,0x8ad599c3a0ff1de082011efddc58f1908eb6e6d8,3000.0,0.0,35301056.0,,,0x143b67cf0b87c59b9eb3bbfd5a8d4c74dec426d1,0xc36442b4a4522e871399cd717abdd847ab11fe88,0xa0b86991c6218b36c1d19d4a2e9eb0ce3606eb48,USDC,6,0xc02aaa39b223fe8d0a0e5c4f27ead9083c756cc2,WETH,18,0.0,0.0,0.0,0.0,,,199920,201540,2026-03-02T00:04:59+00:00
burn,0xc4693229f08150819eea01068512d25bf9b217bcc73b3e8a301e433641655601#1100792,1772410091,24566083,0xc4693229f08150819eea01068512d25bf9b217bcc73b3e8a301e433641655601,2325,0x8ad599c3a0ff1de082011efddc58f1908eb6e6d8,3000.0,0.0,37359272.0,,,0xa1e0b6edbf434be1322e2d1e2d438bbfcbe81546,0xc36442b4a4522e871399cd717abdd847ab11fe88,0xa0b86991c6218b36c1d19d4a2e9eb0ce3606eb48,USDC,6,0xc02aaa39b223fe8d0a0e5c4f27ead9083c756cc2,WETH,18,0.0,0.0,0.0,0.0,,,199740,201180,2026-03-02T00:08:11+00:00
burn,0xa03d2ee343f42aaa10d0fd897327e6fa11ef0950b89f12064bc65b16567aca39#1100798,1772410451,24566113,0xa03d2ee343f42aaa10d0fd897327e6fa11ef0950b89f12064bc65b16567aca39,880,0x8ad599c3a0ff1de082011efddc58f1908eb6e6d8,3000.0,0.0,41969002.0,,,0xff98fbaff98a2f3c4a88da4ac870b9693d804b66,0xc36442b4a4522e871399cd717abdd847ab11fe88,0xa0b86991c6218b36c1d19d4a2e9eb0ce3606eb48,USDC,6,0xc02aaa39b223fe8d0a0e5c4f27ead9083c756cc2,WETH,18,0.0,0.0,0.0,0.0,,,199800,201240,2026-03-02T00:14:11+00:00
burn,0x2e293c6ef20267ea2598aa5fe6cce1cd75eff8f78937aa93b1a3b591f2f50c4b#1100803,1772410607,24566126,0x2e293c6ef20267ea2598aa5fe6cce1cd75eff8f78937aa93b1a3b591f2f50c4b,744,0x8ad599c3a0ff1de082011efddc58f1908eb6e6d8,3000.0,0.0,38851789.0,,,0xdc7b1ebbc9f79c082b2e0f02ee3077a8d974fa8e,0xc36442b4a4522e871399cd717abdd847ab11fe88,0xa0b86991c6218b36c1d19d4a2e9eb0ce3606eb48,USDC,6,0xc02aaa39b223fe8d0a0e5c4f27ead9083c756cc2,WETH,18,0.0,0.0,0.0,0.0,,,199740,201180,2026-03-02T00:16:47+00:00
burn,0xb7da64aec39035549f294bff7d21d06dca5f0c255e4a0539f3b6a03a401cdca5#1100803,1772410691,24566133,0xb7da64aec39035549f294bff7d21d06dca5f0c255e4a0539f3b6a03a401cdca5,252,0x8ad599c3a0ff1de082011efddc58f1908eb6e6d8,3000.0,0.0,35675522.0,,,0x6121654d3fd4c8b42a90d30472e4d40927c3e6bb,0xc36442b4a4522e871399cd717abdd847ab11fe88,0xa0b86991c6218b36c1d19d4a2e9eb0ce3606eb48,USDC,6,0xc02aaa39b223fe8d0a0e5c4f27ead9083c756cc2,WETH,18,0.0,0.0,0.0,0.0,,,196920,202560,2026-03-02T00:18:11+00:00
burn,0x1a9c018a07a88cd1144dd3e987dfdccaabd4fb38a00dfc796632af524f24a200#1100863,1772415515,24566534,0x1a9c018a07a88cd1144dd3e987dfdccaabd4fb38a00dfc796632af524f24a200,254,0x8ad599c3a0ff1de082011efddc58f1908eb6e6d8,3000.0,0.0,44999253.0,,,0x10646792065a64fb8841761efbad9e92248e506a,0xc36442b4a4522e871399cd717abdd847ab11fe88,0xa0b86991c6218b36c1d19d4a2e9eb0ce3606eb48,USDC,6,0xc02aaa39b223fe8d0a0e5c4f27ead9083c756cc2,WETH,18,76.01583,0.03479765217812648,144.66618785179259,41034099898274.0,,,199680,201300,2026-03-02T01:38:35+00:00
burn,0xcaa1ae004859385ab6a994cd10a08307f2371ffc87cabe394b42713230644ee0#1100874,1772417351,24566684,0xcaa1ae004859385ab6a994cd10a08307f2371ffc87cabe394b42713230644ee0,508,0x8ad599c3a0ff1de082011efddc58f1908eb6e6d8,3000.0,0.0,2035485758.0,,,0x32e343673ad567400e5e26b0c7294e7c9725cb91,0xc36442b4a4522e871399cd717abdd847ab11fe88,0xa0b86991c6218b36c1d19d4a2e9eb0ce3606eb48,USDC,6,0xc02aaa39b223fe8d0a0e5c4f27ead9083c756cc2,WETH,18,0.0,0.0,0.0,0.0,,,199680,200820,2026-03-02T02:09:11+00:00
burn,0x1cc8438aa9b5a1141ccfd1680f8de3c10a989434e07c268e389bd7be2daed8b3#1100880,1772417831,24566723,0x1cc8438aa9b5a1141ccfd1680f8de3c10a989434e07c268e389bd7be2daed8b3,398,0x8ad599c3a0ff1de082011efddc58f1908eb6e6d8,3000.0,0.0,55066734.0,,,0xf58fe388d53e9542f0bddff2d1578b13675228fd,0xc36442b4a4522e871399cd717abdd847ab11fe88,0xa0b86991c6218b36c1d19d4a2e9eb0ce3606eb48,USDC,6,0xc02aaa39b223fe8d0a0e5c4f27ead9083c756cc2,WETH,18,1.799503,0.000221174525632057,2.2301458640241423,95361917286.0,,,198420,211740,2026-03-02T02:17:11+00:00
burn,0x19910105c6acb2ae9a008c6ff3f94c6b35d36f72bd64c36bddf35b071864e74a#1100957,1772431499,24567853,0x19910105c6acb2ae9a008c6ff3f94c6b35d36f72bd64c36bddf35b071864e74a,256,0x8ad599c3a0ff1de082011efddc58f1908eb6e6d8,3000.0,0.0,35753833.0,,,0x541e0fa1d301e1e313fef12441dabd2c006d198d,0xc36442b4a4522e871399cd717abdd847ab11fe88,0xa0b86991c6218b36c1d19d4a2e9eb0ce3606eb48,USDC,6,0xc02aaa39b223fe8d0a0e5c4f27ead9083c756cc2,WETH,18,0.0,0.0,0.0,0.0,,,198780,201840,2026-03-02T06:04:59+00:00
burn,0xf59e6dee8779991aa2f1cda8d734b5e9f1bc4cce3ba9f644ce80e00d4384dba3#1100980,1772432663,24567949,0xf59e6dee8779991aa2f1cda8d734b5e9f1bc4cce3ba9f644ce80e00d4384dba3,60,0x8ad599c3a0ff1de082011efddc58f1908eb6e6d8,3000.0,0.0,2202165058.0,,,0xae2fc483527b8ef99eb5d9b44875f005ba1fae13,0x1f2f10d1c40777ae1da742455c65828ff36df387,0xa0b86991c6218b36c1d19d4a2e9eb0ce3606eb48,USDC,6,0xc02aaa39b223fe8d0a0e5c4f27ead9083c756cc2,WETH,18,153442.877623,451.0020593490628,1032308.1169569495,7.804129230949712e+18,,,200520,200580,2026-03-02T06:24:23+00:00
burn,0xf3667d1c4c40c5a341f12d938130982299cdc86f7d83245a76cf00884fa9b741#1101042,1772438927,24568470,0xf3667d1c4c40c5a341f12d938130982299cdc86f7d83245a76cf00884fa9b741,57,0x8ad599c3a0ff1de082011efddc58f1908eb6e6d8,3000.0,0.0,3155318485.0,,,0xae2fc483527b8ef99eb5d9b44875f005ba1fae13,0x1f2f10d1c40777ae1da742455c65828ff36df387,0xa0b86991c6218b36c1d19d4a2e9eb0ce3606eb48,USDC,6,0xc02aaa39b223fe8d0a0e5c4f27ead9083c756cc2,WETH,18,182067.882284,900.7612773839594,1926310.4560087316,1.461059913168978e+19,,,200580,200640,2026-03-02T08:08:47+00:00
burn,0x7e6934d3476f462a2c7ca5839982657e0e1e5414a76c5e90561f10fb90a050ba#1101072,1772441771,24568705,0x7e6934d3476f462a2c7ca5839982657e0e1e5414a76c5e90561f10fb90a050ba,252,0x8ad599c3a0ff1de082011efddc58f1908eb6e6d8,3000.0,0.0,2048552624.0,,,0x283e0f3519b84f6decb295c65e2cf0cdaf105518,0xc36442b4a4522e871399cd717abdd847ab11fe88,0xa0b86991c6218b36c1d19d4a2e9eb0ce3606eb48,USDC,6,0xc02aaa39b223fe8d0a0e5c4f27ead9083c756cc2,WETH,18,0.0,0.0,0.0,0.0,,,190200,202440,2026-03-02T08:56:11+00:00
burn,0xf413c258239bb4285fcd4211bf839ba45c1c10b3bebf8d3cf032a844bad9a568#1101082,1772443115,24568816,0xf413c258239bb4285fcd4211bf839ba45c1c10b3bebf8d3cf032a844bad9a568,156,0x8ad599c3a0ff1de082011efddc58f1908eb6e6d8,3000.0,0.0,104560758.0,,,0xfe10364671c215c178ca5974c56cdf6e090b9bd2,0xc36442b4a4522e871399cd717abdd847ab11fe88,0xa0b86991c6218b36c1d19d4a2e9eb0ce3606eb48,USDC,6,0xc02aaa39b223fe8d0a0e5c4f27ead9083c756cc2,WETH,18,0.0,0.0,0.0,0.0,,,193920,200580,2026-03-02T09:18:35+00:00
burn,0x1771a4c8fb70c10d1c6e6e7de05c8d6f99a2694d6f40de9c8033da50ec8dbadc#1101201,1772455487,24569842,0x1771a4c8fb70c10d1c6e6e7de05c8d6f99a2694d6f40de9c8033da50ec8dbadc,450,0x8ad599c3a0ff1de082011efddc58f1908eb6e6d8,3000.0,0.0,50151710.0,,,0x9be38fb4a339c29093df527745d4f309f6e121f8,0xc36442b4a4522e871399cd717abdd847ab11fe88,0xa0b86991c6218b36c1d19d4a2e9eb0ce3606eb48,USDC,6,0xc02aaa39b223fe8d0a0e5c4f27ead9083c756cc2,WETH,18,4049.545702,2.316155631765604,8536.34980074358,2069411552180594.0,,,199620,201540,2026-03-02T12:44:47+00:00
burn,0x2ac12feb37a200d204c40135b30a04aa940266ead3ffedf412798d87d314b9de#1101205,1772456363,24569915,0x2ac12feb37a200d204c40135b30a04aa940266ead3ffedf412798d87d314b9de,427,0x8ad599c3a0ff1de082011efddc58f1908eb6e6d8,3000.0,0.0,2096233913.0,,,0xb6fce87a43786236bd64555abb49d60306ff1662,0xc36442b4a4522e871399cd717abdd847ab11fe88,0xa0b86991c6218b36c1d19d4a2e9eb0ce3606eb48,USDC,6,0xc02aaa39b223fe8d0a0e5c4f27ead9083c756cc2,WETH,18,0.0,0.0,0.0,0.0,,,199380,201120,2026-03-02T12:59:23+00:00
burn,0x60ce4e94197b02d9124bbe902f3e573ab51b80b3e97e2a77c9631041123400c1#1101213,1772458007,24570052,0x60ce4e94197b02d9124bbe902f3e573ab51b80b3e97e2a77c9631041123400c1,73,0x8ad599c3a0ff1de082011efddc58f1908eb6e6d8,3000.0,0.0,2129926539.0,,,0xcbf391ea4069a79684865319393b46b58e0e9144,0xc36442b4a4522e871399cd717abdd847ab11fe88,0xa0b86991c6218b36c1d19d4a2e9eb0ce3606eb48,USDC,6,0xc02aaa39b223fe8d0a0e5c4f27ead9083c756cc2,WETH,18,0.0,0.0,0.0,0.0,,,199500,202860,2026-03-02T13:26:47+00:00
burn,0x81e6014c00ccfdf8e8b7c1f7b5b0607506bf996dbac02057c83a9463d9da4373#1101217,1772458211,24570069,0x81e6014c00ccfdf8e8b7c1f7b5b0607506bf996dbac02057c83a9463d9da4373,227,0x8ad599c3a0ff1de082011efddc58f1908eb6e6d8,3000.0,0.0,336440227.0,,,0xf7bffc779278fc327eb974d170d4952e12bf3e49,0xc36442b4a4522e871399cd717abdd847ab11fe88,0xa0b86991c6218b36c1d19d4a2e9eb0ce3606eb48,USDC,6,0xc02aaa39b223fe8d0a0e5c4f27ead9083c756cc2,WETH,18,38.76705,0.08302203529548523,199.59516823273066,253512853803742.0,,,200340,200700,2026-03-02T13:30:11+00:00
burn,0xfad7e146f73ffe899e7cdcbfd33137631069826985d469886718d586e8c7e147#1101216,1772458823,24570120,0xfad7e146f73ffe899e7cdcbfd33137631069826985d469886718d586e8c7e147,359,0x8ad599c3a0ff1de082011efddc58f1908eb6e6d8,3000.0,0.0,273528637.0,,,0x8fe90e1618b97f30e043107ace36af91acd1a1a3,0xc36442b4a4522e871399cd717abdd847ab11fe88,0xa0b86991c6218b36c1d19d4a2e9eb0ce3606eb48,USDC,6,0xc02aaa39b223fe8d0a0e5c4f27ead9083c756cc2,WETH,18,0.430033,0.0,0.430033,33801912934.0,,,203700,211920,2026-03-02T13:40:23+00:00
burn,0x28b69d432f21c4ca9ab859408604df9fb06b1bb8016839ada25bc8f18e77b0fb#1101227,1772459867,24570205,0x28b69d432f21c4ca9ab859408604df9fb06b1bb8016839ada25bc8f18e77b0fb,268,0x8ad599c3a0ff1de082011efddc58f1908eb6e6d8,3000.0,0.0,2179406028.0,,,0x80fd367ece47b597d67533cc680894942d56e41a,0xc36442b4a4522e871399cd717abdd847ab11fe88,0xa0b86991c6218b36c1d19d4a2e9eb0ce3606eb48,USDC,6,0xc02aaa39b223fe8d0a0e5c4f27ead9083c756cc2,WETH,18,0.0,0.0,0.0,0.0,,,189300,203460,2026-03-02T13:57:47+00:00
burn,0xb1914257b566586c4df1ea11b0837d0d526e0d982de6a60ef2c1f07f07e8e620#1101271,1772463011,24570466,0xb1914257b566586c4df1ea11b0837d0d526e0d982de6a60ef2c1f07f07e8e620,509,0x8ad599c3a0ff1de082011efddc58f1908eb6e6d8,3000.0,0.0,2292610582.0,,,0xa916ee58ce118557a99425c896d54031d8fad81d,0xc36442b4a4522e871399cd717abdd847ab11fe88,0xa0b86991c6218b36c1d19d4a2e9eb0ce3606eb48,USDC,6,0xc02aaa39b223fe8d0a0e5c4f27ead9083c756cc2,WETH,18,43082.654933,7.119197076498951,57122.6297554318,2.184781912359909e+16,,,200160,201360,2026-03-02T14:50:11+00:00
burn,0xbae49c768d4326a26720f39c31c20a9d03333c842feeb5e716ee095d8c01fad4#1101341,1772466239,24570733,0xbae49c768d4326a26720f39c31c20a9d03333c842feeb5e716ee095d8c01fad4,15,0x8ad599c3a0ff1de082011efddc58f1908eb6e6d8,3000.0,0.0,3231963483.0,,,0xae2fc483527b8ef99eb5d9b44875f005ba1fae13,0x1f2f10d1c40777ae1da742455c65828ff36df387,0xa0b86991c6218b36c1d19d4a2e9eb0ce3606eb48,USDC,6,0xc02aaa39b223fe8d0a0e5c4f27ead9083c756cc2,WETH,18,1533745.725693,117.4899813552202,1774988.640485443,1.3072768262947734e+19,,,200040,200100,2026-03-02T15:43:59+00:00
burn,0x18d57671a79bb13eb132b579fb4c4452a4dc7aaa2d165628d56b46f194bf2b52#1101347,1772466311,24570739,0x18d57671a79bb13eb132b579fb4c4452a4dc7aaa2d165628d56b46f194bf2b52,333,0x8ad599c3a0ff1de082011efddc58f1908eb6e6d8,3000.0,0.0,2636448189.0,,,0x40a0049db2ab8dc9f31c0d10639b6e7a3277c82d,0xc36442b4a4522e871399cd717abdd847ab11fe88,0xa0b86991c6218b36c1d19d4a2e9eb0ce3606eb48,USDC,6,0xc02aaa39b223fe8d0a0e5c4f27ead9083c756cc2,WETH,18,0.0,0.0,0.0,0.0,,,196980,203760,2026-03-02T15:45:11+00:00
burn,0xce6106162bd04ba4a2acb20730226590ed7c8f983bcaeacacb7488edcc9d088e#1101379,1772468039,24570883,0xce6106162bd04ba4a2acb20730226590ed7c8f983bcaeacacb7488edcc9d088e,21,0x8ad599c3a0ff1de082011efddc58f1908eb6e6d8,3000.0,0.0,3124500572.0,,,0x1860d82e0a0c8b237929fac05e709aeecf9e4e2c,0xc36442b4a4522e871399cd717abdd847ab11fe88,0xa0b86991c6218b36c1d19d4a2e9eb0ce3606eb48,USDC,6,0xc02aaa39b223fe8d0a0e5c4f27ead9083c756cc2,WETH,18,0.0,0.0,0.0,0.0,,,199200,201240,2026-03-02T16:13:59+00:00
burn,0x4a53228a3376ed5f63c8660d1ecd502f17a425fc622c8b405baaf1b532aa01c4#1101387,1772468303,24570905,0x4a53228a3376ed5f63c8660d1ecd502f17a425fc622c8b405baaf1b532aa01c4,166,0x8ad599c3a0ff1de082011efddc58f1908eb6e6d8,3000.0,0.0,2861647780.0,,,0x0c0887396fef3c62953ab7fc609ce24018c63080,0xc36442b4a4522e871399cd717abdd847ab11fe88,0xa0b86991c6218b36c1d19d4a2e9eb0ce3606eb48,USDC,6,0xc02aaa39b223fe8d0a0e5c4f27ead9083c756cc2,WETH,18,320.236197,0.08096284941843558,487.7547878244257,26025901736141.0,,,196920,206280,2026-03-02T16:18:23+00:00
burn,0x4a53228a3376ed5f63c8660d1ecd502f17a425fc622c8b405baaf1b532aa01c4#1101388,1772468303,24570905,0x4a53228a3376ed5f63c8660d1ecd502f17a425fc622c8b405baaf1b532aa01c4,168,0x8ad599c3a0ff1de082011efddc58f1908eb6e6d8,3000.0,0.0,2861647780.0,,,0x0c0887396fef3c62953ab7fc609ce24018c63080,0xc36442b4a4522e871399cd717abdd847ab11fe88,0xa0b86991c6218b36c1d19d4a2e9eb0ce3606eb48,USDC,6,0xc02aaa39b223fe8d0a0e5c4f27ead9083c756cc2,WETH,18,0.0,0.0,0.0,0.0,,,196920,206280,2026-03-02T16:18:23+00:00
burn,0x77a228fb4fcc6211c2e66a767e8f4e7619dd051507780944350e680920918ed0#1101403,1772468939,24570956,0x77a228fb4fcc6211c2e66a767e8f4e7619dd051507780944350e680920918ed0,276,0x8ad599c3a0ff1de082011efddc58f1908eb6e6d8,3000.0,0.0,2553701087.0,,,0x15d3c120d6c612b6a599936d08f597d5489880dd,0xc36442b4a4522e871399cd717abdd847ab11fe88,0xa0b86991c6218b36c1d19d4a2e9eb0ce3606eb48,USDC,6,0xc02aaa39b223fe8d0a0e5c4f27ead9083c756cc2,WETH,18,0.0,0.0,0.0,0.0,,,192180,200340,2026-03-02T16:28:59+00:00
burn,0x1d83fbbb9ea4bf839b426d23cd8a465168990fef0eefabe569b77a80f8c4e46b#1101454,1772471195,24571144,0x1d83fbbb9ea4bf839b426d23cd8a465168990fef0eefabe569b77a80f8c4e46b,415,0x8ad599c3a0ff1de082011efddc58f1908eb6e6d8,3000.0,0.0,514324084.0,,,0xd359446bec8ba0651f6cc976c1c8cc6485ac7d07,0xc36442b4a4522e871399cd717abdd847ab11fe88,0xa0b86991c6218b36c1d19d4a2e9eb0ce3606eb48,USDC,6,0xc02aaa39b223fe8d0a0e5c4f27ead9083c756cc2,WETH,18,1523.87691,0.0,1523.87691,577270854642718.0,,,200040,201240,2026-03-02T17:06:35+00:00
burn,0x1dad7df8e8425c70c6351b9b1b0895264c47596f13f6603f2a8db8bbb5e0f778#1101496,1772475863,24571532,0x1dad7df8e8425c70c6351b9b1b0895264c47596f13f6603f2a8db8bbb5e0f778,164,0x8ad599c3a0ff1de082011efddc58f1908eb6e6d8,3000.0,0.0,2362698952.0,,,0x21933bda7e68073df6ea499e4a44e7c7ed63b5c9,0xc36442b4a4522e871399cd717abdd847ab11fe88,0xa0b86991c6218b36c1d19d4a2e9eb0ce3606eb48,USDC,6,0xc02aaa39b223fe8d0a0e5c4f27ead9083c756cc2,WETH,18,2634.017386,1.1637310360666324,4999.996812468668,4648486673080690.0,,,199920,200400,2026-03-02T18:24:23+00:00
burn,0x2fee7b6d9758d2bbab3f2158fe43b5c5499638bfd367cf6af5d425debd0f0286#1101513,1772479691,24571849,0x2fee7b6d9758d2bbab3f2158fe43b5c5499638bfd367cf6af5d425debd0f0286,997,0x8ad599c3a0ff1de082011efddc58f1908eb6e6d8,3000.0,0.0,108478664.0,,,0x21933bda7e68073df6ea499e4a44e7c7ed63b5c9,0xc36442b4a4522e871399cd717abdd847ab11fe88,0xa0b86991c6218b36c1d19d4a2e9eb0ce3606eb48,USDC,6,0xc02aaa39b223fe8d0a0e5c4f27ead9083c756cc2,WETH,18,0.0,0.0,0.0,0.0,,,199920,200400,2026-03-02T19:28:11+00:00
burn,0xcd6f2135a9f1c9229dc98abc9d7a275d8ab6e90777a7add30ccaf96af6e847f5#1101518,1772481659,24572012,0xcd6f2135a9f1c9229dc98abc9d7a275d8ab6e90777a7add30ccaf96af6e847f5,1073,0x8ad599c3a0ff1de082011efddc58f1908eb6e6d8,3000.0,0.0,113891045.0,,,0xc0ac20d012266b1b74932854136cee58b096fea8,0xc36442b4a4522e871399cd717abdd847ab11fe88,0xa0b86991c6218b36c1d19d4a2e9eb0ce3606eb48,USDC,6,0xc02aaa39b223fe8d0a0e5c4f27ead9083c756cc2,WETH,18,0.0,0.0,0.0,0.0,,,199920,201360,2026-03-02T20:00:59+00:00
burn,0x1c30320a243febb4c968b9fe02cbc53b0039d1619ff684611add28050bb6f731#1101530,1772481971,24572038,0x1c30320a243febb4c968b9fe02cbc53b0039d1619ff684611add28050bb6f731,200,0x8ad599c3a0ff1de082011efddc58f1908eb6e6d8,3000.0,0.0,2142937054.0,,,0xc20dd1afce5cc9a9a763b5a0c6cd9414ea752967,0xc36442b4a4522e871399cd717abdd847ab11fe88,0xa0b86991c6218b36c1d19d4a2e9eb0ce3606eb48,USDC,6,0xc02aaa39b223fe8d0a0e5c4f27ead9083c756cc2,WETH,18,9807.221577,4.571909987013429,19177.47579398406,2.834806374594371e+16,,,199920,200220,2026-03-02T20:06:11+00:00
burn,0x3eecfb0ba6ae8bcdac28f9ce4efd4df7af0c37df71c1123149e3d77ac9a1151e#1101551,1772483171,24572138,0x3eecfb0ba6ae8bcdac28f9ce4efd4df7af0c37df71c1123149e3d77ac9a1151e,952,0x8ad599c3a0ff1de082011efddc58f1908eb6e6d8,3000.0,0.0,134104627.0,,,0xb2256071f809f9bbd88d56ec9d0570ea7c1499a1,0xc36442b4a4522e871399cd717abdd847ab11fe88,0xa0b86991c6218b36c1d19d4a2e9eb0ce3606eb48,USDC,6,0xc02aaa39b223fe8d0a0e5c4f27ead9083c756cc2,WETH,18,0.0,0.0,0.0,0.0,,,199560,201480,2026-03-02T20:26:11+00:00
burn,0x44987ae08a0c2e73e182e0129717c1ce5de95ca9b09648d2928e9bf7090dcfb5#1101552,1772483315,24572150,0x44987ae08a0c2e73e182e0129717c1ce5de95ca9b09648d2928e9bf7090dcfb5,690,0x8ad599c3a0ff1de082011efddc58f1908eb6e6d8,3000.0,0.0,142181167.0,,,0x21933bda7e68073df6ea499e4a44e7c7ed63b5c9,0xc36442b4a4522e871399cd717abdd847ab11fe88,0xa0b86991c6218b36c1d19d4a2e9eb0ce3606eb48,USDC,6,0xc02aaa39b223fe8d0a0e5c4f27ead9083c756cc2,WETH,18,0.0,0.0,0.0,0.0,,,199920,200400,2026-03-02T20:28:35+00:00
burn,0xdc03fb53bd76b2dee5981f631232b2de0a6c609f9e3c8705c7e5e03e629d9ef0#1101576,1772486927,24572450,0xdc03fb53bd76b2dee5981f631232b2de0a6c609f9e3c8705c7e5e03e629d9ef0,636,0x8ad599c3a0ff1de082011efddc58f1908eb6e6d8,3000.0,0.0,84241938.0,,,0x21933bda7e68073df6ea499e4a44e7c7ed63b5c9,0xc36442b4a4522e871399cd717abdd847ab11fe88,0xa0b86991c6218b36c1d19d4a2e9eb0ce3606eb48,USDC,6,0xc02aaa39b223fe8d0a0e5c4f27ead9083c756cc2,WETH,18,0.0,0.0,0.0,0.0,,,199920,200400,2026-03-02T21:28:47+00:00
burn,0x8c6aaf091b8e95af552f50a40de394ce8a23daf87914838e581a248e7fa8496d#1101600,1772490419,24572740,0x8c6aaf091b8e95af552f50a40de394ce8a23daf87914838e581a248e7fa8496d,36,0x8ad599c3a0ff1de082011efddc58f1908eb6e6d8,3000.0,0.0,143935894.0,,,0xfe915f24bd818552b50c628e4b82d1870b5291b5,0xc36442b4a4522e871399cd717abdd847ab11fe88,0xa0b86991c6218b36c1d19d4a2e9eb0ce3606eb48,USDC,6,0xc02aaa39b223fe8d0a0e5c4f27ead9083c756cc2,WETH,18,0.0,0.0,0.0,0.0,,,199440,200520,2026-03-02T22:26:59+00:00
burn,0x214776e5ee1e08cde4a23b4d920d9b11ab3de98106f3f3b9a4fec1a090989029#1101605,1772490551,24572751,0x214776e5ee1e08cde4a23b4d920d9b11ab3de98106f3f3b9a4fec1a090989029,706,0x8ad599c3a0ff1de082011efddc58f1908eb6e6d8,3000.0,0.0,81451459.0,,,0x21933bda7e68073df6ea499e4a44e7c7ed63b5c9,0xc36442b4a4522e871399cd717abdd847ab11fe88,0xa0b86991c6218b36c1d19d4a2e9eb0ce3606eb48,USDC,6,0xc02aaa39b223fe8d0a0e5c4f27ead9083c756cc2,WETH,18,0.0,0.0,0.0,0.0,,,199920,200400,2026-03-02T22:29:11+00:00
burn,0x45ec9acbc6dcbfffddf24840e99a168f2bdcd9c73bf90148d3b187328a327d2c#1101612,1772491343,24572817,0x45ec9acbc6dcbfffddf24840e99a168f2bdcd9c73bf90148d3b187328a327d2c,1144,0x8ad599c3a0ff1de082011efddc58f1908eb6e6d8,3000.0,0.0,56974211.0,,,0x21933bda7e68073df6ea499e4a44e7c7ed63b5c9,0xc36442b4a4522e871399cd717abdd847ab11fe88,0xa0b86991c6218b36c1d19d4a2e9eb0ce3606eb48,USDC,6,0xc02aaa39b223fe8d0a0e5c4f27ead9083c756cc2,WETH,18,3643.553436,0.6695606350769531,5017.980729356875,4648486673080690.0,,,199920,200400,2026-03-02T22:42:23+00:00
burn,0x5946cce68a8db03e7441d5a1596d329bb316201a8ccfa9780efc9a478c70afc8#1101614,1772491475,24572828,0x5946cce68a8db03e7441d5a1596d329bb316201a8ccfa9780efc9a478c70afc8,83,0x8ad599c3a0ff1de082011efddc58f1908eb6e6d8,3000.0,0.0,2050942500.0,,,0x3d2598727593f6ba994ca7ea502260fa4770b469,0xc36442b4a4522e871399cd717abdd847ab11fe88,0xa0b86991c6218b36c1d19d4a2e9eb0ce3606eb48,USDC,6,0xc02aaa39b223fe8d0a0e5c4f27ead9083c756cc2,WETH,18,0.0,0.0,0.0,0.0,,,199440,200520,2026-03-02T22:44:35+00:00
burn,0xb930fd5328dac2b57c560003134b2afe212e7856ccf08bccb4c11c33aa8c0c88#1101620,1772492663,24572927,0xb930fd5328dac2b57c560003134b2afe212e7856ccf08bccb4c11c33aa8c0c88,1022,0x8ad599c3a0ff1de082011efddc58f1908eb6e6d8,3000.0,0.0,49245037.0,,,0x4dcff7a73fd1910cf937b6b40c434ecdbea95483,0xc36442b4a4522e871399cd717abdd847ab11fe88,0xa0b86991c6218b36c1d19d4a2e9eb0ce3606eb48,USDC,6,0xc02aaa39b223fe8d0a0e5c4f27ead9083c756cc2,WETH,18,0.0,0.0,0.0,0.0,,,199740,201120,2026-03-02T23:04:23+00:00
burn,0x4765dd38ca13ca4456add2bf5a81c386decfaac0cd2ea61054bccd749fe802a1#1101661,1772496383,24573235,0x4765dd38ca13ca4456add2bf5a81c386decfaac0cd2ea61054bccd749fe802a1,991,0x8ad599c3a0ff1de082011efddc58f1908eb6e6d8,3000.0,0.0,42948603.0,,,0x55d1cdf31f4692378637cb28d5fd4a83cd4c26bf,0xc36442b4a4522e871399cd717abdd847ab11fe88,0xa0b86991c6218b36c1d19d4a2e9eb0ce3606eb48,USDC,6,0xc02aaa39b223fe8d0a0e5c4f27ead9083c756cc2,WETH,18,0.0,0.0,0.0,0.0,,,199980,201420,2026-03-03T00:06:23+00:00
burn,0xaf5a507a32e6d54386cc18f71d39b854e9ce11745af78068ffb3e5716e49c818#1101660,1772496479,24573243,0xaf5a507a32e6d54386cc18f71d39b854e9ce11745af78068ffb3e5716e49c818,1890,0x8ad599c3a0ff1de082011efddc58f1908eb6e6d8,3000.0,0.0,39771942.0,,,0xdc7b1ebbc9f79c082b2e0f02ee3077a8d974fa8e,0xc36442b4a4522e871399cd717abdd847ab11fe88,0xa0b86991c6218b36c1d19d4a2e9eb0ce3606eb48,USDC,6,0xc02aaa39b223fe8d0a0e5c4f27ead9083c756cc2,WETH,18,0.0,0.0,0.0,0.0,,,199740,201180,2026-03-03T00:07:59+00:00
burn,0x1751c9950552f13c207b0959310d4937d99b947cc10ba6f6c8dfca0f75755606#1101663,1772496539,24573248,0x1751c9950552f13c207b0959310d4937d99b947cc10ba6f6c8dfca0f75755606,2003,0x8ad599c3a0ff1de082011efddc58f1908eb6e6d8,3000.0,0.0,34232292.0,,,0xff98fbaff98a2f3c4a88da4ac870b9693d804b66,0xc36442b4a4522e871399cd717abdd847ab11fe88,0xa0b86991c6218b36c1d19d4a2e9eb0ce3606eb48,USDC,6,0xc02aaa39b223fe8d0a0e5c4f27ead9083c756cc2,WETH,18,0.0,0.0,0.0,0.0,,,199800,201240,2026-03-03T00:08:59+00:00
burn,0x30aea4a9e59dc500793e7dae66eee7fc3e9ce3198a2002b06b320262b2a53b6a#1101664,1772496635,24573256,0x30aea4a9e59dc500793e7dae66eee7fc3e9ce3198a2002b06b320262b2a53b6a,1298,0x8ad599c3a0ff1de082011efddc58f1908eb6e6d8,3000.0,0.0,34153108.0,,,0x143b67cf0b87c59b9eb3bbfd5a8d4c74dec426d1,0xc36442b4a4522e871399cd717abdd847ab11fe88,0xa0b86991c6218b36c1d19d4a2e9eb0ce3606eb48,USDC,6,0xc02aaa39b223fe8d0a0e5c4f27ead9083c756cc2,WETH,18,0.0,0.0,0.0,0.0,,,199920,201540,2026-03-03T00:10:35+00:00
burn,0x10e966882bd7dfb4b58353570b7feb36488274b8305f7a9fb0edef3917146a05#1101677,1772497631,24573339,0x10e966882bd7dfb4b58353570b7feb36488274b8305f7a9fb0edef3917146a05,662,0x8ad599c3a0ff1de082011efddc58f1908eb6e6d8,3000.0,0.0,54176356.0,,,0xa1e0b6edbf434be1322e2d1e2d438bbfcbe81546,0xc36442b4a4522e871399cd717abdd847ab11fe88,0xa0b86991c6218b36c1d19d4a2e9eb0ce3606eb48,USDC,6,0xc02aaa39b223fe8d0a0e5c4f27ead9083c756cc2,WETH,18,0.0,0.0,0.0,0.0,,,199740,201180,2026-03-03T00:27:11+00:00
burn,0xa6435c17edfeeacadb6713037943a751d85a54690fe404bff39411d2445e3d9c#1101679,1772498087,24573377,0xa6435c17edfeeacadb6713037943a751d85a54690fe404bff39411d2445e3d9c,698,0x8ad599c3a0ff1de082011efddc58f1908eb6e6d8,3000.0,0.0,1003574935.0,,,0x89f314f2ce7ee6b849452c81e0dc8c6a60e4270e,0xc36442b4a4522e871399cd717abdd847ab11fe88,0xa0b86991c6218b36c1d19d4a2e9eb0ce3606eb48,USDC,6,0xc02aaa39b223fe8d0a0e5c4f27ead9083c756cc2,WETH,18,0.0,0.0,0.0,0.0,,,192180,200280,2026-03-03T00:34:47+00:00
burn,0x3cd4577e743533c6e9771b6fef520f50dcdd9c267620fbee331ed7985d5742b1#1101719,1772502095,24573711,0x3cd4577e743533c6e9771b6fef520f50dcdd9c267620fbee331ed7985d5742b1,184,0x8ad599c3a0ff1de082011efddc58f1908eb6e6d8,3000.0,0.0,2033818783.0,,,0x80fd367ece47b597d67533cc680894942d56e41a,0xc36442b4a4522e871399cd717abdd847ab11fe88,0xa0b86991c6218b36c1d19d4a2e9eb0ce3606eb48,USDC,6,0xc02aaa39b223fe8d0a0e5c4f27ead9083c756cc2,WETH,18,0.0,0.0,0.0,0.0,,,192000,199980,2026-03-03T01:41:35+00:00
burn,0xc9c977eff3332c531a2c16258d8ed489c7ed3c877289ffb42162b15372536e05#1101718,1772502155,24573716,0xc9c977eff3332c531a2c16258d8ed489c7ed3c877289ffb42162b15372536e05,159,0x8ad599c3a0ff1de082011efddc58f1908eb6e6d8,3000.0,0.0,2029908805.0,,,0x80fd367ece47b597d67533cc680894942d56e41a,0xc36442b4a4522e871399cd717abdd847ab11fe88,0xa0b86991c6218b36c1d19d4a2e9eb0ce3606eb48,USDC,6,0xc02aaa39b223fe8d0a0e5c4f27ead9083c756cc2,WETH,18,0.0,0.3556937877881603,721.5588735921252,49157791554600.0,,,192000,199980,2026-03-03T01:42:35+00:00
burn,0xfc9bdb36a85637dd8c9e39e449fd26cca99bc39074db3ec8696daccc7354bb8b#1101737,1772503631,24573839,0xfc9bdb36a85637dd8c9e39e449fd26cca99bc39074db3ec8696daccc7354bb8b,645,0x8ad599c3a0ff1de082011efddc58f1908eb6e6d8,3000.0,0.0,44122186.0,,,0x21933bda7e68073df6ea499e4a44e7c7ed63b5c9,0xc36442b4a4522e871399cd717abdd847ab11fe88,0xa0b86991c6218b36c1d19d4a2e9eb0ce3606eb48,USDC,6,0xc02aaa39b223fe8d0a0e5c4f27ead9083c756cc2,WETH,18,0.0,0.0,0.0,0.0,,,199860,200220,2026-03-03T02:07:11+00:00
burn,0xc272cdab30c4c23da9b4a2823e61bf05dbea63d5d5ec6b0344092d849e444aa4#1101778,1772508071,24574206,0xc272cdab30c4c23da9b4a2823e61bf05dbea63d5d5ec6b0344092d849e444aa4,489,0x8ad599c3a0ff1de082011efddc58f1908eb6e6d8,3000.0,0.0,42363840.0,,,0x084469efb43fc8c295cbf9c792f67dcdfee6cf91,0xc36442b4a4522e871399cd717abdd847ab11fe88,0xa0b86991c6218b36c1d19d4a2e9eb0ce3606eb48,USDC,6,0xc02aaa39b223fe8d0a0e5c4f27ead9083c756cc2,WETH,18,576.299891,0.09819300275909199,773.9186017771606,142370940519572.0,,,199620,202140,2026-03-03T03:21:11+00:00
burn,0xaedb534a445c6ea49999d66c76240311f37ed5bead0d01599b12be3e4c0a8380#1101825,1772514623,24574751,0xaedb534a445c6ea49999d66c76240311f37ed5bead0d01599b12be3e4c0a8380,33,0x8ad599c3a0ff1de082011efddc58f1908eb6e6d8,3000.0,0.0,2035007654.0,,,0xeeacea16e7e7965118d4aed2dae2eafe2e0b7c71,0xc36442b4a4522e871399cd717abdd847ab11fe88,0xa0b86991c6218b36c1d19d4a2e9eb0ce3606eb48,USDC,6,0xc02aaa39b223fe8d0a0e5c4f27ead9083c756cc2,WETH,18,249.999999,0.13527581762369434,520.610584769006,164606067544117.0,,,199560,201000,2026-03-03T05:10:23+00:00
burn,0xa61c9feb3e36b163ab2b9fd7bcb17f10bcce20064ac169fdee84e8e482cffd7a#1101896,1772523587,24575495,0xa61c9feb3e36b163ab2b9fd7bcb17f10bcce20064ac169fdee84e8e482cffd7a,81,0x8ad599c3a0ff1de082011efddc58f1908eb6e6d8,3000.0,0.0,76630746.0,,,0x0320618babfa9d52f72b0565bfad3f22b3fc0c78,0xc36442b4a4522e871399cd717abdd847ab11fe88,0xa0b86991c6218b36c1d19d4a2e9eb0ce3606eb48,USDC,6,0xc02aaa39b223fe8d0a0e5c4f27ead9083c756cc2,WETH,18,0.0,0.0,0.0,0.0,,,198480,201960,2026-03-03T07:39:47+00:00
burn,0x3a68f7f16743cbfd9cba9138e67084c0013b2be4a7989269f78da4af9fb7a5fb#1101905,1772524655,24575584,0x3a68f7f16743cbfd9cba9138e67084c0013b2be4a7989269f78da4af9fb7a5fb,439,0x8ad599c3a0ff1de082011efddc58f1908eb6e6d8,3000.0,0.0,2032065058.0,,,0x32e343673ad567400e5e26b0c7294e7c9725cb91,0xc36442b4a4522e871399cd717abdd847ab11fe88,0xa0b86991c6218b36c1d19d4a2e9eb0ce3606eb48,USDC,6,0xc02aaa39b223fe8d0a0e5c4f27ead9083c756cc2,WETH,18,0.0,0.0,0.0,0.0,,,199680,200820,2026-03-03T07:57:35+00:00
burn,0xb045f3c39f0c0c33b19fdb0226543226175a5b78493a9c0af3fbbab3e3073158#1101915,1772526155,24575708,0xb045f3c39f0c0c33b19fdb0226543226175a5b78493a9c0af3fbbab3e3073158,123,0x8ad599c3a0ff1de082011efddc58f1908eb6e6d8,3000.0,0.0,2062802844.0,,,0xa2087e1c84848d2a92775b36ad6c9b32e9107214,0xc36442b4a4522e871399cd717abdd847ab11fe88,0xa0b86991c6218b36c1d19d4a2e9eb0ce3606eb48,USDC,6,0xc02aaa39b223fe8d0a0e5c4f27ead9083c756cc2,WETH,18,85.642957,0.05790560908077514,200.88839115357703,18431827668121.0,,,197340,202560,2026-03-03T08:22:35+00:00
burn,0x36bee16533f91cf3ab7b64d930cacde9275033f2115da150e264d276041ec90e#1101923,1772526419,24575730,0x36bee16533f91cf3ab7b64d930cacde9275033f2115da150e264d276041ec90e,1304,0x8ad599c3a0ff1de082011efddc58f1908eb6e6d8,3000.0,0.0,2052330690.0,,,0x9e9d22bf95102c5d0458a12dd99257bf5485af61,0xc36442b4a4522e871399cd717abdd847ab11fe88,0xa0b86991c6218b36c1d19d4a2e9eb0ce3606eb48,USDC,6,0xc02aaa39b223fe8d0a0e5c4f27ead9083c756cc2,WETH,18,0.0,0.0,0.0,0.0,,,196260,203820,2026-03-03T08:26:59+00:00
burn,0xebf6bb5de553e69e6bcea0298145112597a9daf07b43786599ca6f03b0affda5#1101976,1772529419,24575980,0xebf6bb5de553e69e6bcea0298145112597a9daf07b43786599ca6f03b0affda5,29,0x8ad599c3a0ff1de082011efddc58f1908eb6e6d8,3000.0,0.0,2207547379.0,,,0xbc40022f523d41160763147cdb77a16fd6a23ad8,0xc36442b4a4522e871399cd717abdd847ab11fe88,0xa0b86991c6218b36c1d19d4a2e9eb0ce3606eb48,USDC,6,0xc02aaa39b223fe8d0a0e5c4f27ead9083c756cc2,WETH,18,0.0,0.0,0.0,0.0,,,199320,201900,2026-03-03T09:16:59+00:00
burn,0xb97650a9525ec5bd2ac765bf8c21ce78c07dfa19db7b30bc571efd9317c42adc#1102002,1772530379,24576060,0xb97650a9525ec5bd2ac765bf8c21ce78c07dfa19db7b30bc571efd9317c42adc,1460,0x8ad599c3a0ff1de082011efddc58f1908eb6e6d8,3000.0,0.0,174155059.0,,,0x21933bda7e68073df6ea499e4a44e7c7ed63b5c9,0xc36442b4a4522e871399cd717abdd847ab11fe88,0xa0b86991c6218b36c1d19d4a2e9eb0ce3606eb48,USDC,6,0xc02aaa39b223fe8d0a0e5c4f27ead9083c756cc2,WETH,18,0.0,2.4454170405756224,4757.187991565553,6158855982418108.0,,,199860,200220,2026-03-03T09:32:59+00:00
burn,0x9acd9699625c5ba90313aba5fd24defbfcb517890ee2e55ff2e5c50f86b93ef6#1102005,1772530451,24576066,0x9acd9699625c5ba90313aba5fd24defbfcb517890ee2e55ff2e5c50f86b93ef6,196,0x8ad599c3a0ff1de082011efddc58f1908eb6e6d8,3000.0,0.0,2214221527.0,,,0x4a71a1d8bb405ece743e1362b1ed1bea5a8a4d2e,0xc36442b4a4522e871399cd717abdd847ab11fe88,0xa0b86991c6218b36c1d19d4a2e9eb0ce3606eb48,USDC,6,0xc02aaa39b223fe8d0a0e5c4f27ead9083c756cc2,WETH,18,0.0,0.0,0.0,0.0,,,190980,204900,2026-03-03T09:34:11+00:00
burn,0x366f0b6dbdf1707246de4570b802a80a3b34183bc0647d0ed757bf4c24704dca#1102010,1772530607,24576079,0x366f0b6dbdf1707246de4570b802a80a3b34183bc0647d0ed757bf4c24704dca,368,0x8ad599c3a0ff1de082011efddc58f1908eb6e6d8,3000.0,0.0,2163864449.0,,,0x67116602d011f1a4870061c3c9659e8207028936,0xc36442b4a4522e871399cd717abdd847ab11fe88,0xa0b86991c6218b36c1d19d4a2e9eb0ce3606eb48,USDC,6,0xc02aaa39b223fe8d0a0e5c4f27ead9083c756cc2,WETH,18,0.0,1.1239553617252092,2186.263930908156,245458044408915.0,,,193860,198840,2026-03-03T09:36:47+00:00
burn,0x366f0b6dbdf1707246de4570b802a80a3b34183bc0647d0ed757bf4c24704dca#1102011,1772530607,24576079,0x366f0b6dbdf1707246de4570b802a80a3b34183bc0647d0ed757bf4c24704dca,370,0x8ad599c3a0ff1de082011efddc58f1908eb6e6d8,3000.0,0.0,2163864449.0,,,0x67116602d011f1a4870061c3c9659e8207028936,0xc36442b4a4522e871399cd717abdd847ab11fe88,0xa0b86991c6218b36c1d19d4a2e9eb0ce3606eb48,USDC,6,0xc02aaa39b223fe8d0a0e5c4f27ead9083c756cc2,WETH,18,0.0,0.0,0.0,0.0,,,193860,198840,2026-03-03T09:36:47+00:00
burn,0x90c37374ef1d918040365693b10e815ba1206d4b083d9b4a0df9f47fe966256d#1102014,1772530943,24576107,0x90c37374ef1d918040365693b10e815ba1206d4b083d9b4a0df9f47fe966256d,151,0x8ad599c3a0ff1de082011efddc58f1908eb6e6d8,3000.0,0.0,2125590356.0,,,0x233a235d6c9dfffda2c3b8c551a7d93889ff7985,0xc36442b4a4522e871399cd717abdd847ab11fe88,0xa0b86991c6218b36c1d19d4a2e9eb0ce3606eb48,USDC,6,0xc02aaa39b223fe8d0a0e5c4f27ead9083c756cc2,WETH,18,0.0,0.0,0.0,0.0,,,197280,205500,2026-03-03T09:42:23+00:00
burn,0x8e8a4c66b6e3e8eff35385a5f9a71d2587f16b7f08a267c1829026ac2779f0d3#1102024,1772534195,24576376,0x8e8a4c66b6e3e8eff35385a5f9a71d2587f16b7f08a267c1829026ac2779f0d3,513,0x8ad599c3a0ff1de082011efddc58f1908eb6e6d8,3000.0,0.0,161203912.0,,,0x46fb459c8af259fbefcb65f11f7a4fec846e0a93,0xc36442b4a4522e871399cd717abdd847ab11fe88,0xa0b86991c6218b36c1d19d4a2e9eb0ce3606eb48,USDC,6,0xc02aaa39b223fe8d0a0e5c4f27ead9083c756cc2,WETH,18,0.0,0.0,0.0,0.0,,,198660,201420,2026-03-03T10:36:35+00:00
burn,0x4f66db9fd2e4dc54102218c52ece1086a72d32b42a146c99e11f63cca90221d8#1102031,1772534567,24576406,0x4f66db9fd2e4dc54102218c52ece1086a72d32b42a146c99e11f63cca90221d8,835,0x8ad599c3a0ff1de082011efddc58f1908eb6e6d8,3000.0,0.0,121629037.0,,,0x81ffc3b12eea6c3dfc1fe301d74ee7fa3b6d60ec,0xc36442b4a4522e871399cd717abdd847ab11fe88,0xa0b86991c6218b36c1d19d4a2e9eb0ce3606eb48,USDC,6,0xc02aaa39b223fe8d0a0e5c4f27ead9083c756cc2,WETH,18,0.0,3.726742639858173,7266.1699154803955,1444682178877616.0,,,191880,195120,2026-03-03T10:42:47+00:00
burn,0x6ccfcc4407b2e9c1f0144e4390e4a880cf535cf4fbbd8697365cb4a9fe917e3b#1102056,1772537411,24576641,0x6ccfcc4407b2e9c1f0144e4390e4a880cf535cf4fbbd8697365cb4a9fe917e3b,249,0x8ad599c3a0ff1de082011efddc58f1908eb6e6d8,3000.0,0.0,142666895.0,,,0x15a637b3f4750f095dd7b3bc1dda0008840093a0,0xc36442b4a4522e871399cd717abdd847ab11fe88,0xa0b86991c6218b36c1d19d4a2e9eb0ce3606eb48,USDC,6,0xc02aaa39b223fe8d0a0e5c4f27ead9083c756cc2,WETH,18,3.0,0.001532859806210876,6.000000088585342,67812827359.0,,,-887220,887220,2026-03-03T11:30:11+00:00
burn,0xe3dd0ef97f6b2799181f3d551a5212185d928a905b3b703917fbd42f2c2a00db#1102085,1772539223,24576792,0xe3dd0ef97f6b2799181f3d551a5212185d928a905b3b703917fbd42f2c2a00db,744,0x8ad599c3a0ff1de082011efddc58f1908eb6e6d8,3000.0,0.0,98529116.0,,,0x021901b0679979963a1cfceaaf142faa2bb7f389,0xc36442b4a4522e871399cd717abdd847ab11fe88,0xa0b86991c6218b36c1d19d4a2e9eb0ce3606eb48,USDC,6,0xc02aaa39b223fe8d0a0e5c4f27ead9083c756cc2,WETH,18,123.096229,0.03907912297091837,199.71591528887984,17928576357231.0,,,198480,203880,2026-03-03T12:00:23+00:00
burn,0x8b391ecb5be3ca25cba3840e2070106dbbbf7cb4786fd9fecb758f3e65c1d3f2#1102088,1772539535,24576818,0x8b391ecb5be3ca25cba3840e2070106dbbbf7cb4786fd9fecb758f3e65c1d3f2,685,0x8ad599c3a0ff1de082011efddc58f1908eb6e6d8,3000.0,0.0,146267743.0,,,0x447dc65dcda3c9543a3e5a25509e5b75fd138e3b,0xc36442b4a4522e871399cd717abdd847ab11fe88,0xa0b86991c6218b36c1d19d4a2e9eb0ce3606eb48,USDC,6,0xc02aaa39b223fe8d0a0e5c4f27ead9083c756cc2,WETH,18,0.0,0.0,0.0,0.0,,,192180,203160,2026-03-03T12:05:35+00:00
burn,0x5b610c360ed516f74c62fb48da7a0ade04a0b5db9317f238307d8f443f7c470d#1102106,1772540015,24576858,0x5b610c360ed516f74c62fb48da7a0ade04a0b5db9317f238307d8f443f7c470d,1104,0x8ad599c3a0ff1de082011efddc58f1908eb6e6d8,3000.0,0.0,168682813.0,,,0x21933bda7e68073df6ea499e4a44e7c7ed63b5c9,0xc36442b4a4522e871399cd717abdd847ab11fe88,0xa0b86991c6218b36c1d19d4a2e9eb0ce3606eb48,USDC,6,0xc02aaa39b223fe8d0a0e5c4f27ead9083c756cc2,WETH,18,5024.986139,0.0,5024.986139,6327028796374391.0,,,200400,200760,2026-03-03T12:13:35+00:00
burn,0xe52c977352435a9b6cc277d40474b22ba543e20097eef10984a78f03601b8e17#1102159,1772545751,24577331,0xe52c977352435a9b6cc277d40474b22ba543e20097eef10984a78f03601b8e17,672,0x8ad599c3a0ff1de082011efddc58f1908eb6e6d8,3000.0,0.0,141759013.0,,,0x21933bda7e68073df6ea499e4a44e7c7ed63b5c9,0xc36442b4a4522e871399cd717abdd847ab11fe88,0xa0b86991c6218b36c1d19d4a2e9eb0ce3606eb48,USDC,6,0xc02aaa39b223fe8d0a0e5c4f27ead9083c756cc2,WETH,18,211.539363,2.424906424339837,4939.959024835912,6266813176165829.0,,,200220,200580,2026-03-03T13:49:11+00:00
burn,0x12f7a0854a75e489342232807ff680278e104ab0a6e6975cec1f948cc0e586fb#1102407,1772557511,24578305,0x12f7a0854a75e489342232807ff680278e104ab0a6e6975cec1f948cc0e586fb,114,0x8ad599c3a0ff1de082011efddc58f1908eb6e6d8,3000.0,0.0,2370217535.0,,,0x651c1fef07237faebb7128dfe632f6a52532f5a1,0xc36442b4a4522e871399cd717abdd847ab11fe88,0xa0b86991c6218b36c1d19d4a2e9eb0ce3606eb48,USDC,6,0xc02aaa39b223fe8d0a0e5c4f27ead9083c756cc2,WETH,18,0.0,0.0,0.0,0.0,,,199080,201180,2026-03-03T17:05:11+00:00
burn,0xc8c46e3770ed5b5d902b4410fe9bbfdd24d042b1ba96247a8533ff8297086039#1102406,1772557631,24578315,0xc8c46e3770ed5b5d902b4410fe9bbfdd24d042b1ba96247a8533ff8297086039,149,0x8ad599c3a0ff1de082011efddc58f1908eb6e6d8,3000.0,0.0,2311092248.0,,,0xd9602696e645759506a6afd695ba820c169393af,0xc36442b4a4522e871399cd717abdd847ab11fe88,0xa0b86991c6218b36c1d19d4a2e9eb0ce3606eb48,USDC,6,0xc02aaa39b223fe8d0a0e5c4f27ead9083c756cc2,WETH,18,0.0,0.0,0.0,0.0,,,199080,201180,2026-03-03T17:07:11+00:00
burn,0x0a017052de5bbb03348b4a0f579ae82d9217d3b75ecd8faf7d37214fa8e473ed#1102410,1772557715,24578322,0x0a017052de5bbb03348b4a0f579ae82d9217d3b75ecd8faf7d37214fa8e473ed,134,0x8ad599c3a0ff1de082011efddc58f1908eb6e6d8,3000.0,0.0,2281854609.0,,,0x0e537578296f92a8cbfe9af9f94d379fa272ae73,0xc36442b4a4522e871399cd717abdd847ab11fe88,0xa0b86991c6218b36c1d19d4a2e9eb0ce3606eb48,USDC,6,0xc02aaa39b223fe8d0a0e5c4f27ead9083c756cc2,WETH,18,0.0,0.0,0.0,0.0,,,199020,201060,2026-03-03T17:08:35+00:00
burn,0x2d2bbded9b3f7ba08900702bac02f895773fe5de94ddcfb70d6e53678c490c70#1102503,1772566355,24579039,0x2d2bbded9b3f7ba08900702bac02f895773fe5de94ddcfb70d6e53678c490c70,202,0x8ad599c3a0ff1de082011efddc58f1908eb6e6d8,3000.0,0.0,383176875.0,,,0x46c49dcdd69e1aab03338600d591f804bed15f5b,0xc36442b4a4522e871399cd717abdd847ab11fe88,0xa0b86991c6218b36c1d19d4a2e9eb0ce3606eb48,USDC,6,0xc02aaa39b223fe8d0a0e5c4f27ead9083c756cc2,WETH,18,0.0,0.0,0.0,0.0,,,197220,201780,2026-03-03T19:32:35+00:00
burn,0x045cc2d478fc50e737204bbef152ea97d256805ac423353b0e11abda365267b1#1102513,1772568035,24579178,0x045cc2d478fc50e737204bbef152ea97d256805ac423353b0e11abda365267b1,1206,0x8ad599c3a0ff1de082011efddc58f1908eb6e6d8,3000.0,0.0,96387133.0,,,0xc0ac20d012266b1b74932854136cee58b096fea8,0xc36442b4a4522e871399cd717abdd847ab11fe88,0xa0b86991c6218b36c1d19d4a2e9eb0ce3606eb48,USDC,6,0xc02aaa39b223fe8d0a0e5c4f27ead9083c756cc2,WETH,18,0.0,0.0,0.0,0.0,,,199920,201360,2026-03-03T20:00:35+00:00
burn,0x716dabe40abb21d35205449b0085afa9e5e9161e8ff08d6b99f65ddc2b91df69#1102514,1772568071,24579181,0x716dabe40abb21d35205449b0085afa9e5e9161e8ff08d6b99f65ddc2b91df69,440,0x8ad599c3a0ff1de082011efddc58f1908eb6e6d8,3000.0,0.0,106206251.0,,,0x158d8a91eeb479dc3f578aba68a55d78a7ee4b03,0xc36442b4a4522e871399cd717abdd847ab11fe88,0xa0b86991c6218b36c1d19d4a2e9eb0ce3606eb48,USDC,6,0xc02aaa39b223fe8d0a0e5c4f27ead9083c756cc2,WETH,18,0.0,0.0,0.0,0.0,,,199380,200580,2026-03-03T20:01:11+00:00
burn,0x8150c0b76ba166d04e079c80fbf25644d084156b81123fe7bac9eabca5307188#1102516,1772568659,24579230,0x8150c0b76ba166d04e079c80fbf25644d084156b81123fe7bac9eabca5307188,484,0x8ad599c3a0ff1de082011efddc58f1908eb6e6d8,3000.0,0.0,194708417.0,,,0x5c3328cae23e247726d57671cc2e42ce214e6d04,0xc36442b4a4522e871399cd717abdd847ab11fe88,0xa0b86991c6218b36c1d19d4a2e9eb0ce3606eb48,USDC,6,0xc02aaa39b223fe8d0a0e5c4f27ead9083c756cc2,WETH,18,0.0,0.0,0.0,0.0,,,194640,197160,2026-03-03T20:10:59+00:00
burn,0x8150c0b76ba166d04e079c80fbf25644d084156b81123fe7bac9eabca5307188#1102518,1772568659,24579230,0x8150c0b76ba166d04e079c80fbf25644d084156b81123fe7bac9eabca5307188,552,0x8ad599c3a0ff1de082011efddc58f1908eb6e6d8,3000.0,0.0,194708417.0,,,0x5c3328cae23e247726d57671cc2e42ce214e6d04,0xc36442b4a4522e871399cd717abdd847ab11fe88,0xa0b86991c6218b36c1d19d4a2e9eb0ce3606eb48,USDC,6,0xc02aaa39b223fe8d0a0e5c4f27ead9083c756cc2,WETH,18,0.0,0.0,0.0,0.0,,,194640,197160,2026-03-03T20:10:59+00:00
burn,0x8150c0b76ba166d04e079c80fbf25644d084156b81123fe7bac9eabca5307188#1102519,1772568659,24579230,0x8150c0b76ba166d04e079c80fbf25644d084156b81123fe7bac9eabca5307188,555,0x8ad599c3a0ff1de082011efddc58f1908eb6e6d8,3000.0,0.0,194708417.0,,,0x5c3328cae23e247726d57671cc2e42ce214e6d04,0xc36442b4a4522e871399cd717abdd847ab11fe88,0xa0b86991c6218b36c1d19d4a2e9eb0ce3606eb48,USDC,6,0xc02aaa39b223fe8d0a0e5c4f27ead9083c756cc2,WETH,18,0.0,0.013201979406812824,26.232461194476777,5838499292263.0,,,194640,197160,2026-03-03T20:10:59+00:00
burn,0x3fdf307e22e110d05849dc0545e32a3ea90396b0f802197baa09fb4559bb6c1f#1102525,1772568887,24579249,0x3fdf307e22e110d05849dc0545e32a3ea90396b0f802197baa09fb4559bb6c1f,826,0x8ad599c3a0ff1de082011efddc58f1908eb6e6d8,3000.0,0.0,717380720.0,,,0xe7ef3e0cf0c53e0e33e344007f7ea63944744461,0xc36442b4a4522e871399cd717abdd847ab11fe88,0xa0b86991c6218b36c1d19d4a2e9eb0ce3606eb48,USDC,6,0xc02aaa39b223fe8d0a0e5c4f27ead9083c756cc2,WETH,18,2669.047352,1.559035550557679,5765.457957183228,373153457321662.0,,,196260,203880,2026-03-03T20:14:47+00:00
burn,0x3fdf307e22e110d05849dc0545e32a3ea90396b0f802197baa09fb4559bb6c1f#1102526,1772568887,24579249,0x3fdf307e22e110d05849dc0545e32a3ea90396b0f802197baa09fb4559bb6c1f,828,0x8ad599c3a0ff1de082011efddc58f1908eb6e6d8,3000.0,0.0,717380720.0,,,0xe7ef3e0cf0c53e0e33e344007f7ea63944744461,0xc36442b4a4522e871399cd717abdd847ab11fe88,0xa0b86991c6218b36c1d19d4a2e9eb0ce3606eb48,USDC,6,0xc02aaa39b223fe8d0a0e5c4f27ead9083c756cc2,WETH,18,0.0,0.0,0.0,0.0,,,196260,203880,2026-03-03T20:14:47+00:00
burn,0x684ca79948951b46b6573cd904dead846388f2533869694454f7c77b3ada0839#1102531,1772570219,24579360,0x684ca79948951b46b6573cd904dead846388f2533869694454f7c77b3ada0839,783,0x8ad599c3a0ff1de082011efddc58f1908eb6e6d8,3000.0,0.0,101852312.0,,,0xb2256071f809f9bbd88d56ec9d0570ea7c1499a1,0xc36442b4a4522e871399cd717abdd847ab11fe88,0xa0b86991c6218b36c1d19d4a2e9eb0ce3606eb48,USDC,6,0xc02aaa39b223fe8d0a0e5c4f27ead9083c756cc2,WETH,18,0.0,0.0,0.0,0.0,,,199560,201480,2026-03-03T20:36:59+00:00
burn,0x16d03dc25230a69805531969bcaafd3e4d2e7661600129d81103a3f57ee106be#1102551,1772574251,24579696,0x16d03dc25230a69805531969bcaafd3e4d2e7661600129d81103a3f57ee106be,130,0x8ad599c3a0ff1de082011efddc58f1908eb6e6d8,3000.0,0.0,239417397.0,,,0x35b94e2478afb39098ece2cd448546324adea17f,0xc36442b4a4522e871399cd717abdd847ab11fe88,0xa0b86991c6218b36c1d19d4a2e9eb0ce3606eb48,USDC,6,0xc02aaa39b223fe8d0a0e5c4f27ead9083c756cc2,WETH,18,0.0,0.0,0.0,0.0,,,188400,201660,2026-03-03T21:44:11+00:00
burn,0xbf4882e429c46622ce44c01491d028e17f4bb1fd9073e350121e6dccdc9a589f#1102553,1772575319,24579784,0xbf4882e429c46622ce44c01491d028e17f4bb1fd9073e350121e6dccdc9a589f,174,0x8ad599c3a0ff1de082011efddc58f1908eb6e6d8,3000.0,0.0,452221267.0,,,0xe3b5d6846d2b6847e5ce24850ebfdc0137a2576a,0xc36442b4a4522e871399cd717abdd847ab11fe88,0xa0b86991c6218b36c1d19d4a2e9eb0ce3606eb48,USDC,6,0xc02aaa39b223fe8d0a0e5c4f27ead9083c756cc2,WETH,18,20.002723,0.009398136107387533,38.47800482865792,9862053029448.0,,,199620,201420,2026-03-03T22:01:59+00:00
burn,0x56f3a7be3d0fc9db887c994bdf48fba33870add449a9123ca76205eb2eff43e2#1102562,1772576267,24579863,0x56f3a7be3d0fc9db887c994bdf48fba33870add449a9123ca76205eb2eff43e2,202,0x8ad599c3a0ff1de082011efddc58f1908eb6e6d8,3000.0,0.0,253729762.0,,,0xf2ca76d94060e8b0428a43eba213cb910c24dd15,0xc36442b4a4522e871399cd717abdd847ab11fe88,0xa0b86991c6218b36c1d19d4a2e9eb0ce3606eb48,USDC,6,0xc02aaa39b223fe8d0a0e5c4f27ead9083c756cc2,WETH,18,0.0,0.0,0.0,0.0,,,196860,202860,2026-03-03T22:17:47+00:00
burn,0x38716199fa28ab1f34d915f4b8938aff67786b49e0899755f8919dd6ad54bc0f#1102572,1772578871,24580080,0x38716199fa28ab1f34d915f4b8938aff67786b49e0899755f8919dd6ad54bc0f,957,0x8ad599c3a0ff1de082011efddc58f1908eb6e6d8,3000.0,0.0,51450505.0,,,0x4dcff7a73fd1910cf937b6b40c434ecdbea95483,0xc36442b4a4522e871399cd717abdd847ab11fe88,0xa0b86991c6218b36c1d19d4a2e9eb0ce3606eb48,USDC,6,0xc02aaa39b223fe8d0a0e5c4f27ead9083c756cc2,WETH,18,0.0,0.0,0.0,0.0,,,199740,201120,2026-03-03T23:01:11+00:00
burn,0xdbc1b154322dcf471f8977672b79e7b36ce1976b606600cf7c9b211e2a9b1061#1102606,1772582675,24580394,0xdbc1b154322dcf471f8977672b79e7b36ce1976b606600cf7c9b211e2a9b1061,577,0x8ad599c3a0ff1de082011efddc58f1908eb6e6d8,3000.0,0.0,73770734.0,,,0x55d1cdf31f4692378637cb28d5fd4a83cd4c26bf,0xc36442b4a4522e871399cd717abdd847ab11fe88,0xa0b86991c6218b36c1d19d4a2e9eb0ce3606eb48,USDC,6,0xc02aaa39b223fe8d0a0e5c4f27ead9083c756cc2,WETH,18,0.0,0.0,0.0,0.0,,,199980,201420,2026-03-04T00:04:35+00:00
burn,0x467b7317041569aed38c7c819b9f9ede720c6ea8ee7887594c61f4a76d14f04a#1102609,1772582831,24580407,0x467b7317041569aed38c7c819b9f9ede720c6ea8ee7887594c61f4a76d14f04a,1238,0x8ad599c3a0ff1de082011efddc58f1908eb6e6d8,3000.0,0.0,56902275.0,,,0xff98fbaff98a2f3c4a88da4ac870b9693d804b66,0xc36442b4a4522e871399cd717abdd847ab11fe88,0xa0b86991c6218b36c1d19d4a2e9eb0ce3606eb48,USDC,6,0xc02aaa39b223fe8d0a0e5c4f27ead9083c756cc2,WETH,18,0.0,0.0,0.0,0.0,,,199800,201240,2026-03-04T00:07:11+00:00
burn,0x6f2198f94038752b97b447827a8c83a7c6296c6fff2b0ff23eec3202151daf8a#1102612,1772582987,24580420,0x6f2198f94038752b97b447827a8c83a7c6296c6fff2b0ff23eec3202151daf8a,726,0x8ad599c3a0ff1de082011efddc58f1908eb6e6d8,3000.0,0.0,62525372.0,,,0xdc7b1ebbc9f79c082b2e0f02ee3077a8d974fa8e,0xc36442b4a4522e871399cd717abdd847ab11fe88,0xa0b86991c6218b36c1d19d4a2e9eb0ce3606eb48,USDC,6,0xc02aaa39b223fe8d0a0e5c4f27ead9083c756cc2,WETH,18,0.0,0.0,0.0,0.0,,,199740,201180,2026-03-04T00:09:47+00:00
burn,0x8ce2b9d690f0220a0b63d6fbd547dc324130410eec9ce21b0839ca78c9ccf2f1#1102613,1772583047,24580425,0x8ce2b9d690f0220a0b63d6fbd547dc324130410eec9ce21b0839ca78c9ccf2f1,1546,0x8ad599c3a0ff1de082011efddc58f1908eb6e6d8,3000.0,0.0,55587425.0,,,0xa1e0b6edbf434be1322e2d1e2d438bbfcbe81546,0xc36442b4a4522e871399cd717abdd847ab11fe88,0xa0b86991c6218b36c1d19d4a2e9eb0ce3606eb48,USDC,6,0xc02aaa39b223fe8d0a0e5c4f27ead9083c756cc2,WETH,18,0.0,0.0,0.0,0.0,,,199740,201180,2026-03-04T00:10:47+00:00
burn,0xeb5263f3b299ea2d85a0deeba063dc4c075cf9004bf792c6cfd82ebfb20ef87b#1102612,1772583071,24580427,0xeb5263f3b299ea2d85a0deeba063dc4c075cf9004bf792c6cfd82ebfb20ef87b,629,0x8ad599c3a0ff1de082011efddc58f1908eb6e6d8,3000.0,0.0,62022217.0,,,0x143b67cf0b87c59b9eb3bbfd5a8d4c74dec426d1,0xc36442b4a4522e871399cd717abdd847ab11fe88,0xa0b86991c6218b36c1d19d4a2e9eb0ce3606eb48,USDC,6,0xc02aaa39b223fe8d0a0e5c4f27ead9083c756cc2,WETH,18,0.0,0.0,0.0,0.0,,,199920,201540,2026-03-04T00:11:11+00:00
burn,0x5a8cd5c56df60f8b5cff51c0ef41459f2746a819157871b2fc3f3500cd7dcab8#1102744,1772596007,24581496,0x5a8cd5c56df60f8b5cff51c0ef41459f2746a819157871b2fc3f3500cd7dcab8,353,0x8ad599c3a0ff1de082011efddc58f1908eb6e6d8,3000.0,0.0,65428674.0,,,0x5bff5bdebe079c4b4893337841786381823fe7cf,0xc36442b4a4522e871399cd717abdd847ab11fe88,0xa0b86991c6218b36c1d19d4a2e9eb0ce3606eb48,USDC,6,0xc02aaa39b223fe8d0a0e5c4f27ead9083c756cc2,WETH,18,0.0,0.0,0.0,0.0,,,193620,199800,2026-03-04T03:46:47+00:00
burn,0xe0a2705427a23a396c46561863e554a49112e5f52835308e75c12451a0ea0e2d#1102744,1772596451,24581533,0xe0a2705427a23a396c46561863e554a49112e5f52835308e75c12451a0ea0e2d,172,0x8ad599c3a0ff1de082011efddc58f1908eb6e6d8,3000.0,0.0,64367975.0,,,0x5bff5bdebe079c4b4893337841786381823fe7cf,0xc36442b4a4522e871399cd717abdd847ab11fe88,0xa0b86991c6218b36c1d19d4a2e9eb0ce3606eb48,USDC,6,0xc02aaa39b223fe8d0a0e5c4f27ead9083c756cc2,WETH,18,0.0,0.3753408630702964,732.4812912461349,64784785580824.0,,,193620,199800,2026-03-04T03:54:11+00:00
burn,0xfd3c714869fd5edbdad00c401c6021fca33061833ec4a929fa402d4f77fa6db1#1102774,1772601179,24581927,0xfd3c714869fd5edbdad00c401c6021fca33061833ec4a929fa402d4f77fa6db1,402,0x8ad599c3a0ff1de082011efddc58f1908eb6e6d8,3000.0,0.0,47543139.0,,,0x9e646127f8c7b44e66e56f53bdffb079b2896c0d,0xc36442b4a4522e871399cd717abdd847ab11fe88,0xa0b86991c6218b36c1d19d4a2e9eb0ce3606eb48,USDC,6,0xc02aaa39b223fe8d0a0e5c4f27ead9083c756cc2,WETH,18,2.348563,0.000134640736113967,2.6120656447505994,112487397683.0,,,199440,213300,2026-03-04T05:12:59+00:00
burn,0x491ba97e83833508145fdaf1b283e042c70a561c03ddc7e653eaadb78c2e1b8c#1102777,1772601239,24581932,0x491ba97e83833508145fdaf1b283e042c70a561c03ddc7e653eaadb78c2e1b8c,681,0x8ad599c3a0ff1de082011efddc58f1908eb6e6d8,3000.0,0.0,42485798.0,,,0x9e646127f8c7b44e66e56f53bdffb079b2896c0d,0xc36442b4a4522e871399cd717abdd847ab11fe88,0xa0b86991c6218b36c1d19d4a2e9eb0ce3606eb48,USDC,6,0xc02aaa39b223fe8d0a0e5c4f27ead9083c756cc2,WETH,18,2.348558,0.000134640473452528,2.6120601307012423,112487178239.0,,,199440,213300,2026-03-04T05:13:59+00:00
burn,0xe1f4a47539dd1b437ebbc9cc2ad2cb1179d994f9f7f70cb5f879cafdafd3ef18#1102781,1772602187,24582011,0xe1f4a47539dd1b437ebbc9cc2ad2cb1179d994f9f7f70cb5f879cafdafd3ef18,207,0x8ad599c3a0ff1de082011efddc58f1908eb6e6d8,3000.0,0.0,2031010138.0,,,0x956cf9cdf9a6458645affb176c2a3caf891e8f8b,0xc36442b4a4522e871399cd717abdd847ab11fe88,0xa0b86991c6218b36c1d19d4a2e9eb0ce3606eb48,USDC,6,0xc02aaa39b223fe8d0a0e5c4f27ead9083c756cc2,WETH,18,0.0,0.0,0.0,0.0,,,188340,202200,2026-03-04T05:29:47+00:00
burn,0x792ff1404454cc7a2be0092d819c08ecaaabc2b9eb362baaa3c99ad733a0362a#1102784,1772602235,24582015,0x792ff1404454cc7a2be0092d819c08ecaaabc2b9eb362baaa3c99ad733a0362a,421,0x8ad599c3a0ff1de082011efddc58f1908eb6e6d8,3000.0,0.0,50011919.0,,,0x60318b16c32edf4c1a88395656209700cc093872,0xc36442b4a4522e871399cd717abdd847ab11fe88,0xa0b86991c6218b36c1d19d4a2e9eb0ce3606eb48,USDC,6,0xc02aaa39b223fe8d0a0e5c4f27ead9083c756cc2,WETH,18,0.0,0.0,0.0,0.0,,,198480,203160,2026-03-04T05:30:35+00:00
burn,0x405bb5b779d37c43353ef0de8fab1dd1b26d0cef6847b8946d32480bf0a485e5#1102803,1772605751,24582305,0x405bb5b779d37c43353ef0de8fab1dd1b26d0cef6847b8946d32480bf0a485e5,263,0x8ad599c3a0ff1de082011efddc58f1908eb6e6d8,3000.0,0.0,86259673.0,,,0x9eaf1f30881e0fc906ea86c749bc9bc2646dad8c,0xc36442b4a4522e871399cd717abdd847ab11fe88,0xa0b86991c6218b36c1d19d4a2e9eb0ce3606eb48,USDC,6,0xc02aaa39b223fe8d0a0e5c4f27ead9083c756cc2,WETH,18,2.101401,0.000146868344741807,2.3906564551859524,101686713046.0,,,199140,213000,2026-03-04T06:29:11+00:00
burn,0x29e8011b64a57b3d76f32cc325ca6061994a54a419e1b68f536b04eb67e37a35#1102823,1772608487,24582530,0x29e8011b64a57b3d76f32cc325ca6061994a54a419e1b68f536b04eb67e37a35,208,0x8ad599c3a0ff1de082011efddc58f1908eb6e6d8,3000.0,0.0,53300606.0,,,0x0320618babfa9d52f72b0565bfad3f22b3fc0c78,0xc36442b4a4522e871399cd717abdd847ab11fe88,0xa0b86991c6218b36c1d19d4a2e9eb0ce3606eb48,USDC,6,0xc02aaa39b223fe8d0a0e5c4f27ead9083c756cc2,WETH,18,0.0,0.0,0.0,0.0,,,198480,201960,2026-03-04T07:14:47+00:00
burn,0x7c93c01bb4312680b43a6b6b6243c10192ca99ce984c2a649f567c47a88dab02#1102869,1772611523,24582782,0x7c93c01bb4312680b43a6b6b6243c10192ca99ce984c2a649f567c47a88dab02,249,0x8ad599c3a0ff1de082011efddc58f1908eb6e6d8,3000.0,0.0,2660680651.0,,,0xd1271a01c87240d599a0bd98e3310943c8391ec6,0xc36442b4a4522e871399cd717abdd847ab11fe88,0xa0b86991c6218b36c1d19d4a2e9eb0ce3606eb48,USDC,6,0xc02aaa39b223fe8d0a0e5c4f27ead9083c756cc2,WETH,18,0.0,24.047105618742396,48351.82845203229,1.2633114213107404e+16,,,193320,195600,2026-03-04T08:05:23+00:00
burn,0x8ef4d1e6ca1b237301437abd91aa3ee5e8922a0fd6735b000011b31803cac691#1102950,1772615387,24583104,0x8ef4d1e6ca1b237301437abd91aa3ee5e8922a0fd6735b000011b31803cac691,556,0x8ad599c3a0ff1de082011efddc58f1908eb6e6d8,3000.0,0.0,356132604.0,,,0x94223f3b247a0a870ae817998ec790903501a361,0xc36442b4a4522e871399cd717abdd847ab11fe88,0xa0b86991c6218b36c1d19d4a2e9eb0ce3606eb48,USDC,6,0xc02aaa39b223fe8d0a0e5c4f27ead9083c756cc2,WETH,18,0.0,0.0,0.0,0.0,,,198360,202260,2026-03-04T09:09:47+00:00
burn,0xe3ced5c51222c5db9bf48919016af4997a0d8366705ec7547e0cd7ed19d8ac98#1102996,1772619263,24583427,0xe3ced5c51222c5db9bf48919016af4997a0d8366705ec7547e0cd7ed19d8ac98,532,0x8ad599c3a0ff1de082011efddc58f1908eb6e6d8,3000.0,0.0,128895034.0,,,0xd8f3d8e1fd123d69dec6d96ad6708bdb378c7fa2,0xc36442b4a4522e871399cd717abdd847ab11fe88,0xa0b86991c6218b36c1d19d4a2e9eb0ce3606eb48,USDC,6,0xc02aaa39b223fe8d0a0e5c4f27ead9083c756cc2,WETH,18,705.15925,0.0,705.15925,223259456818439.0,,,199980,201420,2026-03-04T10:14:23+00:00
burn,0x85c44b2b359af0325d2e5ccaacbbdb3d4967af72a7134f1a1a17713b43632a3a#1103034,1772622227,24583673,0x85c44b2b359af0325d2e5ccaacbbdb3d4967af72a7134f1a1a17713b43632a3a,345,0x8ad599c3a0ff1de082011efddc58f1908eb6e6d8,3000.0,0.0,2096732374.0,,,0x21933bda7e68073df6ea499e4a44e7c7ed63b5c9,0xc36442b4a4522e871399cd717abdd847ab11fe88,0xa0b86991c6218b36c1d19d4a2e9eb0ce3606eb48,USDC,6,0xc02aaa39b223fe8d0a0e5c4f27ead9083c756cc2,WETH,18,5023.282164,0.0,5023.282164,6230722726094023.0,,,200100,200460,2026-03-04T11:03:47+00:00
burn,0x8214e4794b7deac90faa54e03ce694330623888aafb8a3130e6920b34f9f4312#1103039,1772622875,24583727,0x8214e4794b7deac90faa54e03ce694330623888aafb8a3130e6920b34f9f4312,337,0x8ad599c3a0ff1de082011efddc58f1908eb6e6d8,3000.0,0.0,2101356068.0,,,0xf3f37b2b39fe4f92e817b712d0aa847f5be5937f,0xc36442b4a4522e871399cd717abdd847ab11fe88,0xa0b86991c6218b36c1d19d4a2e9eb0ce3606eb48,USDC,6,0xc02aaa39b223fe8d0a0e5c4f27ead9083c756cc2,WETH,18,0.0,0.0,0.0,0.0,,,191160,199380,2026-03-04T11:14:35+00:00
burn,0xf3e6e5d3c36984b9aa5907621e9f8faab7090deb381f233f905080bb929bed32#1103038,1772622947,24583733,0xf3e6e5d3c36984b9aa5907621e9f8faab7090deb381f233f905080bb929bed32,358,0x8ad599c3a0ff1de082011efddc58f1908eb6e6d8,3000.0,0.0,2120992803.0,,,0xfea2adceb7fa6b7df36b505b0beb8648a0754e26,0xc36442b4a4522e871399cd717abdd847ab11fe88,0xa0b86991c6218b36c1d19d4a2e9eb0ce3606eb48,USDC,6,0xc02aaa39b223fe8d0a0e5c4f27ead9083c756cc2,WETH,18,0.0,0.0,0.0,0.0,,,191520,199440,2026-03-04T11:15:47+00:00
burn,0x56e9425aec9820e50f501cd02d7f07f825cdc240a615c765ff71401138346626#1103041,1772622959,24583734,0x56e9425aec9820e50f501cd02d7f07f825cdc240a615c765ff71401138346626,224,0x8ad599c3a0ff1de082011efddc58f1908eb6e6d8,3000.0,0.0,2130708687.0,,,0x155c0821368bdd0be467a858050cc8597dcf3b37,0xc36442b4a4522e871399cd717abdd847ab11fe88,0xa0b86991c6218b36c1d19d4a2e9eb0ce3606eb48,USDC,6,0xc02aaa39b223fe8d0a0e5c4f27ead9083c756cc2,WETH,18,18.863292,0.004783750747490639,28.77731474309988,6373126882972.0,,,199260,201300,2026-03-04T11:15:59+00:00
burn,0x4215cf0362dcf38e96b927f1d5b4b544c7f311b8c71060fbc29f19d433929bec#1103055,1772624651,24583875,0x4215cf0362dcf38e96b927f1d5b4b544c7f311b8c71060fbc29f19d433929bec,350,0x8ad599c3a0ff1de082011efddc58f1908eb6e6d8,3000.0,0.0,2181880263.0,,,0xf3ae350440a5366793dc909db2f6098445eb8207,0xc36442b4a4522e871399cd717abdd847ab11fe88,0xa0b86991c6218b36c1d19d4a2e9eb0ce3606eb48,USDC,6,0xc02aaa39b223fe8d0a0e5c4f27ead9083c756cc2,WETH,18,0.0,165.99206658609504,340925.9353413196,2.573862364647477e+16,,,188100,196620,2026-03-04T11:44:11+00:00
burn,0x4b498206ccbc7f0ca327b046871c0ec3342da6bf1a672774a07aef215791ced7#1103076,1772627123,24584081,0x4b498206ccbc7f0ca327b046871c0ec3342da6bf1a672774a07aef215791ced7,239,0x8ad599c3a0ff1de082011efddc58f1908eb6e6d8,3000.0,0.0,925926790.0,,,0x96cbed74766e0f0c16540f96c7f6c29559c28b9a,0xc36442b4a4522e871399cd717abdd847ab11fe88,0xa0b86991c6218b36c1d19d4a2e9eb0ce3606eb48,USDC,6,0xc02aaa39b223fe8d0a0e5c4f27ead9083c756cc2,WETH,18,0.0,0.0,0.0,0.0,,,189960,203820,2026-03-04T12:25:23+00:00
burn,0x36b966fefd000005567af4008d4e1e8de034bac19d5ad66b7ed27a9e450ca078#1103083,1772627363,24584101,0x36b966fefd000005567af4008d4e1e8de034bac19d5ad66b7ed27a9e450ca078,131,0x8ad599c3a0ff1de082011efddc58f1908eb6e6d8,3000.0,0.0,774519774.0,,,0x96cbed74766e0f0c16540f96c7f6c29559c28b9a,0xc36442b4a4522e871399cd717abdd847ab11fe88,0xa0b86991c6218b36c1d19d4a2e9eb0ce3606eb48,USDC,6,0xc02aaa39b223fe8d0a0e5c4f27ead9083c756cc2,WETH,18,1373.925999,1.5634929907864665,4573.747391586688,178114538546078.0,,,189960,203820,2026-03-04T12:29:23+00:00
burn,0x36b966fefd000005567af4008d4e1e8de034bac19d5ad66b7ed27a9e450ca078#1103084,1772627363,24584101,0x36b966fefd000005567af4008d4e1e8de034bac19d5ad66b7ed27a9e450ca078,133,0x8ad599c3a0ff1de082011efddc58f1908eb6e6d8,3000.0,0.0,774519774.0,,,0x96cbed74766e0f0c16540f96c7f6c29559c28b9a,0xc36442b4a4522e871399cd717abdd847ab11fe88,0xa0b86991c6218b36c1d19d4a2e9eb0ce3606eb48,USDC,6,0xc02aaa39b223fe8d0a0e5c4f27ead9083c756cc2,WETH,18,0.0,0.0,0.0,0.0,,,189960,203820,2026-03-04T12:29:23+00:00
burn,0xc0ff1ff1095aac709d4faa583f65abf8df44721d09711f931623df6337d6d976#1103122,1772631335,24584430,0xc0ff1ff1095aac709d4faa583f65abf8df44721d09711f931623df6337d6d976,40,0x8ad599c3a0ff1de082011efddc58f1908eb6e6d8,3000.0,0.0,982573679.0,,,0x5e17c5b57cb73bd395352772c3eb75da39beb74f,0xc36442b4a4522e871399cd717abdd847ab11fe88,0xa0b86991c6218b36c1d19d4a2e9eb0ce3606eb48,USDC,6,0xc02aaa39b223fe8d0a0e5c4f27ead9083c756cc2,WETH,18,92.513699,0.0,92.513699,115441653403377.0,,,200220,200580,2026-03-04T13:35:35+00:00
burn,0xc1aca1d58b2d11a69f8cc749629febfa1d187a187cd8fca940121e81bf6e1a3f#1103141,1772633903,24584644,0xc1aca1d58b2d11a69f8cc749629febfa1d187a187cd8fca940121e81bf6e1a3f,588,0x8ad599c3a0ff1de082011efddc58f1908eb6e6d8,3000.0,0.0,325091500.0,,,0x21933bda7e68073df6ea499e4a44e7c7ed63b5c9,0xc36442b4a4522e871399cd717abdd847ab11fe88,0xa0b86991c6218b36c1d19d4a2e9eb0ce3606eb48,USDC,6,0xc02aaa39b223fe8d0a0e5c4f27ead9083c756cc2,WETH,18,0.0,0.0,0.0,0.0,,,199800,200160,2026-03-04T14:18:23+00:00
burn,0xfa10de49576fb731a36a4cead07c82837e1193c96326fa0ed21bfe5b8fa12dc9#1103159,1772635115,24584744,0xfa10de49576fb731a36a4cead07c82837e1193c96326fa0ed21bfe5b8fa12dc9,1196,0x8ad599c3a0ff1de082011efddc58f1908eb6e6d8,3000.0,0.0,512620573.0,,,0x21933bda7e68073df6ea499e4a44e7c7ed63b5c9,0xc36442b4a4522e871399cd717abdd847ab11fe88,0xa0b86991c6218b36c1d19d4a2e9eb0ce3606eb48,USDC,6,0xc02aaa39b223fe8d0a0e5c4f27ead9083c756cc2,WETH,18,3426.268424,0.7598263266664791,5007.584646733195,6129771663458902.0,,,199800,200160,2026-03-04T14:38:35+00:00
burn,0xa1c4a869bec9346c810a68a2d045c76aabf7b6028dd55b2e92afca387a520c65#1103189,1772636939,24584895,0xa1c4a869bec9346c810a68a2d045c76aabf7b6028dd55b2e92afca387a520c65,532,0x8ad599c3a0ff1de082011efddc58f1908eb6e6d8,3000.0,0.0,2325945794.0,,,0x32e343673ad567400e5e26b0c7294e7c9725cb91,0xc36442b4a4522e871399cd717abdd847ab11fe88,0xa0b86991c6218b36c1d19d4a2e9eb0ce3606eb48,USDC,6,0xc02aaa39b223fe8d0a0e5c4f27ead9083c756cc2,WETH,18,0.0,0.0,0.0,0.0,,,199680,200820,2026-03-04T15:08:59+00:00
burn,0x144fd8ab465fc3b4cb1e4e80dbcee8bafc8bcc57f808c6cd7cc5a2b958ea732b#1103200,1772637935,24584977,0x144fd8ab465fc3b4cb1e4e80dbcee8bafc8bcc57f808c6cd7cc5a2b958ea732b,339,0x8ad599c3a0ff1de082011efddc58f1908eb6e6d8,3000.0,0.0,1498368656.0,,,0x6f9194ee4c92929f9b99914c02e3789a55dfa81d,0xc36442b4a4522e871399cd717abdd847ab11fe88,0xa0b86991c6218b36c1d19d4a2e9eb0ce3606eb48,USDC,6,0xc02aaa39b223fe8d0a0e5c4f27ead9083c756cc2,WETH,18,0.0,0.0,0.0,0.0,,,199860,201000,2026-03-04T15:25:35+00:00
burn,0x2a9f469352ea587be33bd4a2a7d1365b777dafca87afc22f1c5aa7fb04ddca52#1103203,1772638043,24584986,0x2a9f469352ea587be33bd4a2a7d1365b777dafca87afc22f1c5aa7fb04ddca52,870,0x8ad599c3a0ff1de082011efddc58f1908eb6e6d8,3000.0,0.0,1544645291.0,,,0x6f9194ee4c92929f9b99914c02e3789a55dfa81d,0xc36442b4a4522e871399cd717abdd847ab11fe88,0xa0b86991c6218b36c1d19d4a2e9eb0ce3606eb48,USDC,6,0xc02aaa39b223fe8d0a0e5c4f27ead9083c756cc2,WETH,18,6532.147593,0.0,6532.147593,2577558987064820.0,,,199860,201000,2026-03-04T15:27:23+00:00
burn,0x26ecd8c16d4122ab98b73e4a346fbfbf70afc4a94461a48a7dd2d4b91b9e73de#1103213,1772638355,24585012,0x26ecd8c16d4122ab98b73e4a346fbfbf70afc4a94461a48a7dd2d4b91b9e73de,1133,0x8ad599c3a0ff1de082011efddc58f1908eb6e6d8,3000.0,0.0,2641491998.0,,,0xf7d4be080d8b4853662e50257a3e2c1927696c2d,0xc36442b4a4522e871399cd717abdd847ab11fe88,0xa0b86991c6218b36c1d19d4a2e9eb0ce3606eb48,USDC,6,0xc02aaa39b223fe8d0a0e5c4f27ead9083c756cc2,WETH,18,63.266323,0.0,63.266323,19028241198424.0,,,199740,201240,2026-03-04T15:32:35+00:00
burn,0x39bcbecc47faab8c6372bc133aba251d6744cdd0dbe8a25ebbcfac110a6f9632#1103223,1772638703,24585040,0x39bcbecc47faab8c6372bc133aba251d6744cdd0dbe8a25ebbcfac110a6f9632,511,0x8ad599c3a0ff1de082011efddc58f1908eb6e6d8,3000.0,0.0,1332895460.0,,,0x1c3949ef079a741974a8eab0779f8f6a1d1c1001,0xc36442b4a4522e871399cd717abdd847ab11fe88,0xa0b86991c6218b36c1d19d4a2e9eb0ce3606eb48,USDC,6,0xc02aaa39b223fe8d0a0e5c4f27ead9083c756cc2,WETH,18,2999.999999,0.0,2999.999999,450204081805776.0,,,200040,203220,2026-03-04T15:38:23+00:00
burn,0xc48c0baadeda1d0dd89f97cf27668eb4747b3e1e5f4d614f0a98f820f31ee8fe#1103243,1772640179,24585163,0xc48c0baadeda1d0dd89f97cf27668eb4747b3e1e5f4d614f0a98f820f31ee8fe,165,0x8ad599c3a0ff1de082011efddc58f1908eb6e6d8,3000.0,0.0,3767731422.0,,,0x3cb12728891d0266f79f7ecfa9b0d413aa8cf9f9,0xc36442b4a4522e871399cd717abdd847ab11fe88,0xa0b86991c6218b36c1d19d4a2e9eb0ce3606eb48,USDC,6,0xc02aaa39b223fe8d0a0e5c4f27ead9083c756cc2,WETH,18,43.446438,0.0,43.446438,13027989766592.0,,,199680,201180,2026-03-04T16:02:59+00:00
burn,0xf4e1a6ae08bd6c574cdec635478ce196be581bf80d5b17b6f0f6aced48fdbfc5#1103273,1772642459,24585353,0xf4e1a6ae08bd6c574cdec635478ce196be581bf80d5b17b6f0f6aced48fdbfc5,84,0x8ad599c3a0ff1de082011efddc58f1908eb6e6d8,3000.0,0.0,2547390246.0,,,0xdb2885612552e0effc6851ea6a367c4534c09eb1,0xc36442b4a4522e871399cd717abdd847ab11fe88,0xa0b86991c6218b36c1d19d4a2e9eb0ce3606eb48,USDC,6,0xc02aaa39b223fe8d0a0e5c4f27ead9083c756cc2,WETH,18,0.0,0.0,0.0,0.0,,,189660,203520,2026-03-04T16:40:59+00:00
burn,0xd58219c691aec81388ce8f61c50bc812cbe8be0dc74439c407f7ae793447cc50#1103276,1772643155,24585411,0xd58219c691aec81388ce8f61c50bc812cbe8be0dc74439c407f7ae793447cc50,956,0x8ad599c3a0ff1de082011efddc58f1908eb6e6d8,3000.0,0.0,394060520.0,,,0x788150e449486054c1018f64c778468180927dad,0xc36442b4a4522e871399cd717abdd847ab11fe88,0xa0b86991c6218b36c1d19d4a2e9eb0ce3606eb48,USDC,6,0xc02aaa39b223fe8d0a0e5c4f27ead9083c756cc2,WETH,18,0.0,0.0,0.0,0.0,,,197280,203520,2026-03-04T16:52:35+00:00
burn,0x3f113b928cfa58dde1ab051de20b5de03b9a3e844b22306e3d752ba56afb6bf7#1103280,1772643659,24585453,0x3f113b928cfa58dde1ab051de20b5de03b9a3e844b22306e3d752ba56afb6bf7,1498,0x8ad599c3a0ff1de082011efddc58f1908eb6e6d8,3000.0,0.0,341486282.0,,,0x846abee8d773693cb30bcc2b6846eabf155bd50b,0xc36442b4a4522e871399cd717abdd847ab11fe88,0xa0b86991c6218b36c1d19d4a2e9eb0ce3606eb48,USDC,6,0xc02aaa39b223fe8d0a0e5c4f27ead9083c756cc2,WETH,18,597.170179,0.0,597.170179,195818979007141.0,,,199860,201240,2026-03-04T17:00:59+00:00
burn,0xa3ed0450d2019d84006e3dd5ffa6f157d9b313ba39b0185def3491a9630559a8#1103280,1772643659,24585453,0xa3ed0450d2019d84006e3dd5ffa6f157d9b313ba39b0185def3491a9630559a8,1564,0x8ad599c3a0ff1de082011efddc58f1908eb6e6d8,3000.0,0.0,341481512.0,,,0xbd6edb6416caa13d9e2f15e41b14a7b9a6daebf0,0xc36442b4a4522e871399cd717abdd847ab11fe88,0xa0b86991c6218b36c1d19d4a2e9eb0ce3606eb48,USDC,6,0xc02aaa39b223fe8d0a0e5c4f27ead9083c756cc2,WETH,18,617.962333,0.0,617.962333,202636965902330.0,,,199860,201240,2026-03-04T17:00:59+00:00
burn,0x4cc933bac58f0cd097939f9e41ae4e8f3fb88504b8a8b23e544bfb602a7e1772#1103284,1772643659,24585453,0x4cc933bac58f0cd097939f9e41ae4e8f3fb88504b8a8b23e544bfb602a7e1772,1605,0x8ad599c3a0ff1de082011efddc58f1908eb6e6d8,3000.0,0.0,341481512.0,,,0x5aab047825f77018ac38a81d70014d4aede5e9ad,0xc36442b4a4522e871399cd717abdd847ab11fe88,0xa0b86991c6218b36c1d19d4a2e9eb0ce3606eb48,USDC,6,0xc02aaa39b223fe8d0a0e5c4f27ead9083c756cc2,WETH,18,548.486813,0.0,548.486813,154583387908967.0,,,199920,201540,2026-03-04T17:00:59+00:00
burn,0x15af9dda005dd0c34ac150d5cf9c5aa428c241ecc9173cca046335335ae0a23b#1103288,1772643767,24585462,0x15af9dda005dd0c34ac150d5cf9c5aa428c241ecc9173cca046335335ae0a23b,790,0x8ad599c3a0ff1de082011efddc58f1908eb6e6d8,3000.0,0.0,343171184.0,,,0x5370eb8a0d876b723c716b96eb34caf64f69b505,0xc36442b4a4522e871399cd717abdd847ab11fe88,0xa0b86991c6218b36c1d19d4a2e9eb0ce3606eb48,USDC,6,0xc02aaa39b223fe8d0a0e5c4f27ead9083c756cc2,WETH,18,1877.010874,0.0,1877.010874,611811761208043.0,,,199740,201120,2026-03-04T17:02:47+00:00
burn,0x1fe87cde81b42efb81e5442a66a973445420548585c0cc7a8e9045b31a9fa930#1103291,1772643887,24585472,0x1fe87cde81b42efb81e5442a66a973445420548585c0cc7a8e9045b31a9fa930,619,0x8ad599c3a0ff1de082011efddc58f1908eb6e6d8,3000.0,0.0,353344183.0,,,0xc74ece8ed49f2f6d2e4164de632c900a0150296f,0xc36442b4a4522e871399cd717abdd847ab11fe88,0xa0b86991c6218b36c1d19d4a2e9eb0ce3606eb48,USDC,6,0xc02aaa39b223fe8d0a0e5c4f27ead9083c756cc2,WETH,18,8877.630857,0.0,8877.630857,2777208371714286.0,,,199740,201180,2026-03-04T17:04:47+00:00
burn,0x11da72c85e8f65aeaa8d5d2b559ce0aaebbf07b429b41ce0087447136016245c#1103293,1772643887,24585472,0x11da72c85e8f65aeaa8d5d2b559ce0aaebbf07b429b41ce0087447136016245c,949,0x8ad599c3a0ff1de082011efddc58f1908eb6e6d8,3000.0,0.0,352504512.0,,,0x5aab047825f77018ac38a81d70014d4aede5e9ad,0xc36442b4a4522e871399cd717abdd847ab11fe88,0xa0b86991c6218b36c1d19d4a2e9eb0ce3606eb48,USDC,6,0xc02aaa39b223fe8d0a0e5c4f27ead9083c756cc2,WETH,18,736.311616,0.0,736.311616,241445058690145.0,,,199860,201240,2026-03-04T17:04:47+00:00
burn,0xa4c0f739d6b9cb9f4e6611bde7e3a47d3c980e3988b13e33cf780e3de97458d8#1103294,1772643911,24585474,0xa4c0f739d6b9cb9f4e6611bde7e3a47d3c980e3988b13e33cf780e3de97458d8,650,0x8ad599c3a0ff1de082011efddc58f1908eb6e6d8,3000.0,0.0,370319127.0,,,0xd8f3d8e1fd123d69dec6d96ad6708bdb378c7fa2,0xc36442b4a4522e871399cd717abdd847ab11fe88,0xa0b86991c6218b36c1d19d4a2e9eb0ce3606eb48,USDC,6,0xc02aaa39b223fe8d0a0e5c4f27ead9083c756cc2,WETH,18,617.678894,0.0,617.678894,193810349023029.0,,,199800,201240,2026-03-04T17:05:11+00:00
burn,0xd4fc86bc698db1fda879cf9f2112749ab0513c9328100636440ac08a7fbb580c#1103296,1772643935,24585476,0xd4fc86bc698db1fda879cf9f2112749ab0513c9328100636440ac08a7fbb580c,643,0x8ad599c3a0ff1de082011efddc58f1908eb6e6d8,3000.0,0.0,384185190.0,,,0xbd6edb6416caa13d9e2f15e41b14a7b9a6daebf0,0xc36442b4a4522e871399cd717abdd847ab11fe88,0xa0b86991c6218b36c1d19d4a2e9eb0ce3606eb48,USDC,6,0xc02aaa39b223fe8d0a0e5c4f27ead9083c756cc2,WETH,18,982.527181,0.0,982.527181,307366093195793.0,,,199740,201180,2026-03-04T17:05:35+00:00
burn,0x2e9caa02b24e55c9ee04a2bc7ce89a4b2eeaf3f46689b34fc57aa5f03c675cb1#1103300,1772644091,24585489,0x2e9caa02b24e55c9ee04a2bc7ce89a4b2eeaf3f46689b34fc57aa5f03c675cb1,677,0x8ad599c3a0ff1de082011efddc58f1908eb6e6d8,3000.0,0.0,331952148.0,,,0xf148f45b042c7fd459623ac7a7ebe271754bd9aa,0xc36442b4a4522e871399cd717abdd847ab11fe88,0xa0b86991c6218b36c1d19d4a2e9eb0ce3606eb48,USDC,6,0xc02aaa39b223fe8d0a0e5c4f27ead9083c756cc2,WETH,18,712.453244,0.0,712.453244,224893139050077.0,,,199920,201360,2026-03-04T17:08:11+00:00
burn,0x76f48d68c35e9ae8a4cfe0cf449272453afff600db0da077afa69b7fad54b272#1103307,1772644511,24585524,0x76f48d68c35e9ae8a4cfe0cf449272453afff600db0da077afa69b7fad54b272,232,0x8ad599c3a0ff1de082011efddc58f1908eb6e6d8,3000.0,0.0,2312468511.0,,,0xf3cac0bde469b42a349ed0ce994a90e7c4a2c606,0xc36442b4a4522e871399cd717abdd847ab11fe88,0xa0b86991c6218b36c1d19d4a2e9eb0ce3606eb48,USDC,6,0xc02aaa39b223fe8d0a0e5c4f27ead9083c756cc2,WETH,18,1001991.838832,0.0,1001991.838832,1.4802703054120517e+18,,,199980,200280,2026-03-04T17:15:11+00:00
burn,0xeb09b1cf637721b870b7d711f4fe0191c292dd05b0bb943bd1b8baf5decadc15#1103337,1772647379,24585762,0xeb09b1cf637721b870b7d711f4fe0191c292dd05b0bb943bd1b8baf5decadc15,912,0x8ad599c3a0ff1de082011efddc58f1908eb6e6d8,3000.0,0.0,194390342.0,,,0x846abee8d773693cb30bcc2b6846eabf155bd50b,0xc36442b4a4522e871399cd717abdd847ab11fe88,0xa0b86991c6218b36c1d19d4a2e9eb0ce3606eb48,USDC,6,0xc02aaa39b223fe8d0a0e5c4f27ead9083c756cc2,WETH,18,489.944408,0.0,489.944408,153730842582057.0,,,199800,201240,2026-03-04T18:02:59+00:00
burn,0x9c73448c598bc1686f7570cae5833103f8d4b0cb4a3545ae061e5c2b19c7ea4d#1103339,1772647439,24585767,0x9c73448c598bc1686f7570cae5833103f8d4b0cb4a3545ae061e5c2b19c7ea4d,895,0x8ad599c3a0ff1de082011efddc58f1908eb6e6d8,3000.0,0.0,213390266.0,,,0xc74ece8ed49f2f6d2e4164de632c900a0150296f,0xc36442b4a4522e871399cd717abdd847ab11fe88,0xa0b86991c6218b36c1d19d4a2e9eb0ce3606eb48,USDC,6,0xc02aaa39b223fe8d0a0e5c4f27ead9083c756cc2,WETH,18,5931.331299,0.0,5931.331299,1861085751110517.0,,,199800,201240,2026-03-04T18:03:59+00:00
burn,0x2ea758ec2025b93d348d0ad100da1e80063bb40c3b6d9a79bfc85d98a1894633#1103343,1772647571,24585778,0x2ea758ec2025b93d348d0ad100da1e80063bb40c3b6d9a79bfc85d98a1894633,497,0x8ad599c3a0ff1de082011efddc58f1908eb6e6d8,3000.0,0.0,209539457.0,,,0x508a312cf7334b44b9ff22ac0bac1b3db9eed4e1,0xc36442b4a4522e871399cd717abdd847ab11fe88,0xa0b86991c6218b36c1d19d4a2e9eb0ce3606eb48,USDC,6,0xc02aaa39b223fe8d0a0e5c4f27ead9083c756cc2,WETH,18,0.0,0.0,0.0,0.0,,,199800,203160,2026-03-04T18:06:11+00:00
burn,0xb54cadd68e72bb8338f06278b7802b41499750a308d95ed4dcdf71636bb4caac#1103342,1772647631,24585783,0xb54cadd68e72bb8338f06278b7802b41499750a308d95ed4dcdf71636bb4caac,348,0x8ad599c3a0ff1de082011efddc58f1908eb6e6d8,3000.0,0.0,296158712.0,,,0x508a312cf7334b44b9ff22ac0bac1b3db9eed4e1,0xc36442b4a4522e871399cd717abdd847ab11fe88,0xa0b86991c6218b36c1d19d4a2e9eb0ce3606eb48,USDC,6,0xc02aaa39b223fe8d0a0e5c4f27ead9083c756cc2,WETH,18,1013.442601,0.0,1013.442601,142844953009274.0,,,199800,203160,2026-03-04T18:07:11+00:00
burn,0xafcdc70a32168261d8a0149502881405b7240dcc8aab950a9ef1d484af4805fc#1103345,1772647931,24585808,0xafcdc70a32168261d8a0149502881405b7240dcc8aab950a9ef1d484af4805fc,544,0x8ad599c3a0ff1de082011efddc58f1908eb6e6d8,3000.0,0.0,2157906784.0,,,0x0e537578296f92a8cbfe9af9f94d379fa272ae73,0xc36442b4a4522e871399cd717abdd847ab11fe88,0xa0b86991c6218b36c1d19d4a2e9eb0ce3606eb48,USDC,6,0xc02aaa39b223fe8d0a0e5c4f27ead9083c756cc2,WETH,18,0.0,0.0,0.0,0.0,,,199020,201060,2026-03-04T18:12:11+00:00
burn,0xda12a7410f8831a2856616267f9bcc6a3aa43c040127006e2e8fb380377a8129#1103346,1772648003,24585814,0xda12a7410f8831a2856616267f9bcc6a3aa43c040127006e2e8fb380377a8129,335,0x8ad599c3a0ff1de082011efddc58f1908eb6e6d8,3000.0,0.0,2183602058.0,,,0xd9602696e645759506a6afd695ba820c169393af,0xc36442b4a4522e871399cd717abdd847ab11fe88,0xa0b86991c6218b36c1d19d4a2e9eb0ce3606eb48,USDC,6,0xc02aaa39b223fe8d0a0e5c4f27ead9083c756cc2,WETH,18,0.0,0.0,0.0,0.0,,,199080,201180,2026-03-04T18:13:23+00:00
burn,0x3ecaeda0ac90215f556ada4bdab017df7bed0900d1addd8faaac6a19c9a39567#1103349,1772648051,24585818,0x3ecaeda0ac90215f556ada4bdab017df7bed0900d1addd8faaac6a19c9a39567,566,0x8ad599c3a0ff1de082011efddc58f1908eb6e6d8,3000.0,0.0,293974660.0,,,0x75847bc816fc8cbf0a741f95d4912cbafef5cb66,0xc36442b4a4522e871399cd717abdd847ab11fe88,0xa0b86991c6218b36c1d19d4a2e9eb0ce3606eb48,USDC,6,0xc02aaa39b223fe8d0a0e5c4f27ead9083c756cc2,WETH,18,0.0,0.0,0.0,0.0,,,194220,196200,2026-03-04T18:14:11+00:00
burn,0x179911513fdf2fdd4867decb52a477ee61661b984d39898bd978c56d642bc82b#1103351,1772648087,24585821,0x179911513fdf2fdd4867decb52a477ee61661b984d39898bd978c56d642bc82b,225,0x8ad599c3a0ff1de082011efddc58f1908eb6e6d8,3000.0,0.0,2162102053.0,,,0x651c1fef07237faebb7128dfe632f6a52532f5a1,0xc36442b4a4522e871399cd717abdd847ab11fe88,0xa0b86991c6218b36c1d19d4a2e9eb0ce3606eb48,USDC,6,0xc02aaa39b223fe8d0a0e5c4f27ead9083c756cc2,WETH,18,0.0,0.0,0.0,0.0,,,199080,201180,2026-03-04T18:14:47+00:00
burn,0x9944c18b589f93649426f0a0192fc564f38b19f7d1ac5c32628c8b2169d29fbf#1103352,1772648207,24585831,0x9944c18b589f93649426f0a0192fc564f38b19f7d1ac5c32628c8b2169d29fbf,382,0x8ad599c3a0ff1de082011efddc58f1908eb6e6d8,3000.0,0.0,323806333.0,,,0x75847bc816fc8cbf0a741f95d4912cbafef5cb66,0xc36442b4a4522e871399cd717abdd847ab11fe88,0xa0b86991c6218b36c1d19d4a2e9eb0ce3606eb48,USDC,6,0xc02aaa39b223fe8d0a0e5c4f27ead9083c756cc2,WETH,18,0.0,0.13126718602720333,281.66098573237,76497283580406.0,,,194220,196200,2026-03-04T18:16:47+00:00
burn,0xd97d5cf1234864d52efe93d4cba0198c9df568bc6fae25c2e525db78534e8708#1103365,1772649179,24585912,0xd97d5cf1234864d52efe93d4cba0198c9df568bc6fae25c2e525db78534e8708,209,0x8ad599c3a0ff1de082011efddc58f1908eb6e6d8,3000.0,0.0,2169612519.0,,,0xa0b4c8508ad1cfdca91ddf33a97817f996405a28,0xc36442b4a4522e871399cd717abdd847ab11fe88,0xa0b86991c6218b36c1d19d4a2e9eb0ce3606eb48,USDC,6,0xc02aaa39b223fe8d0a0e5c4f27ead9083c756cc2,WETH,18,0.0,0.0,0.0,0.0,,,198900,201480,2026-03-04T18:32:59+00:00
burn,0xf594b493181337743c1a65c71cd19c0629d1b15117a18a6b67ac96a3ad160429#1103400,1772652359,24586173,0xf594b493181337743c1a65c71cd19c0629d1b15117a18a6b67ac96a3ad160429,292,0x8ad599c3a0ff1de082011efddc58f1908eb6e6d8,3000.0,0.0,859863911.0,,,0x2bf2f5ddaa0fb706ddd6401b27ceedce92598ca6,0xc36442b4a4522e871399cd717abdd847ab11fe88,0xa0b86991c6218b36c1d19d4a2e9eb0ce3606eb48,USDC,6,0xc02aaa39b223fe8d0a0e5c4f27ead9083c756cc2,WETH,18,15794.173983,16.063325615874994,50910.38129125836,1.0126006193733668e+16,,,197880,200100,2026-03-04T19:25:59+00:00
burn,0xd96d7aa54cbad66e4e0d13db551abe655733dd007e5e025576c0e95a58f6a411#1103426,1772654459,24586347,0xd96d7aa54cbad66e4e0d13db551abe655733dd007e5e025576c0e95a58f6a411,880,0x8ad599c3a0ff1de082011efddc58f1908eb6e6d8,3000.0,0.0,189718423.0,,,0x158d8a91eeb479dc3f578aba68a55d78a7ee4b03,0xc36442b4a4522e871399cd717abdd847ab11fe88,0xa0b86991c6218b36c1d19d4a2e9eb0ce3606eb48,USDC,6,0xc02aaa39b223fe8d0a0e5c4f27ead9083c756cc2,WETH,18,0.0,0.0,0.0,0.0,,,199380,200580,2026-03-04T20:00:59+00:00
burn,0x3937e0413df71749f5d12ed7b746816339cef8344ce9eb85ede083da5a8f39b3#1103440,1772655191,24586407,0x3937e0413df71749f5d12ed7b746816339cef8344ce9eb85ede083da5a8f39b3,71,0x8ad599c3a0ff1de082011efddc58f1908eb6e6d8,3000.0,0.0,1384157751.0,,,0x6aa95c45aed3f6a04485e63016b101bd3d568f17,0xc36442b4a4522e871399cd717abdd847ab11fe88,0xa0b86991c6218b36c1d19d4a2e9eb0ce3606eb48,USDC,6,0xc02aaa39b223fe8d0a0e5c4f27ead9083c756cc2,WETH,18,2289.756763,0.47472939250382845,3320.6258551338938,762954966549968.0,,,198900,200820,2026-03-04T20:13:11+00:00
burn,0x3937e0413df71749f5d12ed7b746816339cef8344ce9eb85ede083da5a8f39b3#1103441,1772655191,24586407,0x3937e0413df71749f5d12ed7b746816339cef8344ce9eb85ede083da5a8f39b3,73,0x8ad599c3a0ff1de082011efddc58f1908eb6e6d8,3000.0,0.0,1384157751.0,,,0x6aa95c45aed3f6a04485e63016b101bd3d568f17,0xc36442b4a4522e871399cd717abdd847ab11fe88,0xa0b86991c6218b36c1d19d4a2e9eb0ce3606eb48,USDC,6,0xc02aaa39b223fe8d0a0e5c4f27ead9083c756cc2,WETH,18,0.0,0.0,0.0,0.0,,,198900,200820,2026-03-04T20:13:11+00:00
burn,0x33da8f344a41e6106c3bde57d8d26c1668234bd92b8a853fc1b0d0ff8bafda1d#1103457,1772657915,24586633,0x33da8f344a41e6106c3bde57d8d26c1668234bd92b8a853fc1b0d0ff8bafda1d,489,0x8ad599c3a0ff1de082011efddc58f1908eb6e6d8,3000.0,0.0,2074704645.0,,,0x549099b9a407682fa4a8cb5945013f08831a4f63,0xc36442b4a4522e871399cd717abdd847ab11fe88,0xa0b86991c6218b36c1d19d4a2e9eb0ce3606eb48,USDC,6,0xc02aaa39b223fe8d0a0e5c4f27ead9083c756cc2,WETH,18,23258.916741,0.0,23258.916741,2345274851951522.0,,,200400,205440,2026-03-04T20:58:35+00:00
burn,0x59664bf3a45469ecc14af48d010abe459e8e245153c7f5a9945d10129c16a68a#1103484,1772659331,24586751,0x59664bf3a45469ecc14af48d010abe459e8e245153c7f5a9945d10129c16a68a,827,0x8ad599c3a0ff1de082011efddc58f1908eb6e6d8,3000.0,0.0,87426254.0,,,0xa33ef45d184ddbc8daa47261a18b10290634f1af,0xc36442b4a4522e871399cd717abdd847ab11fe88,0xa0b86991c6218b36c1d19d4a2e9eb0ce3606eb48,USDC,6,0xc02aaa39b223fe8d0a0e5c4f27ead9083c756cc2,WETH,18,0.0,0.0,0.0,0.0,,,193380,205440,2026-03-04T21:22:11+00:00
burn,0xa3184c4f62fac22e7cea6fadb98fb9be7faf030bed91e82311ab9a806dffdee1#1103502,1772661971,24586970,0xa3184c4f62fac22e7cea6fadb98fb9be7faf030bed91e82311ab9a806dffdee1,119,0x8ad599c3a0ff1de082011efddc58f1908eb6e6d8,3000.0,0.0,234983429.0,,,0x60c8b96df42b149026dafcae4aa618d22f4b1385,0xc36442b4a4522e871399cd717abdd847ab11fe88,0xa0b86991c6218b36c1d19d4a2e9eb0ce3606eb48,USDC,6,0xc02aaa39b223fe8d0a0e5c4f27ead9083c756cc2,WETH,18,0.0,0.0,0.0,0.0,,,198420,201000,2026-03-04T22:06:11+00:00
burn,0xcf69012f9e57c600893de9f4d58174716bbd64d7b330c775070b365eb89d8372#1103517,1772663687,24587113,0xcf69012f9e57c600893de9f4d58174716bbd64d7b330c775070b365eb89d8372,195,0x8ad599c3a0ff1de082011efddc58f1908eb6e6d8,3000.0,0.0,2085501367.0,,,0x4dcd2ea95af2077a892ea00076d50b2b274342fb,0xc36442b4a4522e871399cd717abdd847ab11fe88,0xa0b86991c6218b36c1d19d4a2e9eb0ce3606eb48,USDC,6,0xc02aaa39b223fe8d0a0e5c4f27ead9083c756cc2,WETH,18,0.0,0.0,0.0,0.0,,,198960,206580,2026-03-04T22:34:47+00:00
burn,0x8997844dd20f75b1e6b492610053212a6fb255cca2a697a0493fad9a3c6b3594#1103546,1772665283,24587246,0x8997844dd20f75b1e6b492610053212a6fb255cca2a697a0493fad9a3c6b3594,1060,0x8ad599c3a0ff1de082011efddc58f1908eb6e6d8,3000.0,0.0,94755215.0,,,0x4dcff7a73fd1910cf937b6b40c434ecdbea95483,0xc36442b4a4522e871399cd717abdd847ab11fe88,0xa0b86991c6218b36c1d19d4a2e9eb0ce3606eb48,USDC,6,0xc02aaa39b223fe8d0a0e5c4f27ead9083c756cc2,WETH,18,0.0,0.0,0.0,0.0,,,198900,200280,2026-03-04T23:01:23+00:00
burn,0x4c5b5e6aeb5605ef5e8dc86a368de17a0b33f011b467d065bba04266f98a436d#1103574,1772669183,24587569,0x4c5b5e6aeb5605ef5e8dc86a368de17a0b33f011b467d065bba04266f98a436d,1449,0x8ad599c3a0ff1de082011efddc58f1908eb6e6d8,3000.0,0.0,84824750.0,,,0x55d1cdf31f4692378637cb28d5fd4a83cd4c26bf,0xc36442b4a4522e871399cd717abdd847ab11fe88,0xa0b86991c6218b36c1d19d4a2e9eb0ce3606eb48,USDC,6,0xc02aaa39b223fe8d0a0e5c4f27ead9083c756cc2,WETH,18,0.0,0.0,0.0,0.0,,,199080,200520,2026-03-05T00:06:23+00:00
burn,0xae7e6e074335bd98f62e1b3aab8a877d9e7625a0d7c4f88f015567256e6eec84#1103573,1772669195,24587570,0xae7e6e074335bd98f62e1b3aab8a877d9e7625a0d7c4f88f015567256e6eec84,393,0x8ad599c3a0ff1de082011efddc58f1908eb6e6d8,3000.0,0.0,89468718.0,,,0xa1e0b6edbf434be1322e2d1e2d438bbfcbe81546,0xc36442b4a4522e871399cd717abdd847ab11fe88,0xa0b86991c6218b36c1d19d4a2e9eb0ce3606eb48,USDC,6,0xc02aaa39b223fe8d0a0e5c4f27ead9083c756cc2,WETH,18,0.0,0.0,0.0,0.0,,,198780,200160,2026-03-05T00:06:35+00:00
burn,0x40b3944195d6f8db71c69b8d75556ccfc6a1edeac591f8443f3776069f78dbb2#1103580,1772670227,24587656,0x40b3944195d6f8db71c69b8d75556ccfc6a1edeac591f8443f3776069f78dbb2,585,0x8ad599c3a0ff1de082011efddc58f1908eb6e6d8,3000.0,0.0,97172880.0,,,0xa1e0b6edbf434be1322e2d1e2d438bbfcbe81546,0xc36442b4a4522e871399cd717abdd847ab11fe88,0xa0b86991c6218b36c1d19d4a2e9eb0ce3606eb48,USDC,6,0xc02aaa39b223fe8d0a0e5c4f27ead9083c756cc2,WETH,18,0.0,0.0,0.0,0.0,,,198780,200160,2026-03-05T00:23:47+00:00
burn,0x6281be92098d3fedfbce6f23cad10bfdf6aa7a389328f1edb167afed8880e1e0#1103612,1772675219,24588071,0x6281be92098d3fedfbce6f23cad10bfdf6aa7a389328f1edb167afed8880e1e0,81,0x8ad599c3a0ff1de082011efddc58f1908eb6e6d8,3000.0,0.0,2080541341.0,,,0x635799ae0d8efb34dccda80d74570a6a824d74b0,0xc36442b4a4522e871399cd717abdd847ab11fe88,0xa0b86991c6218b36c1d19d4a2e9eb0ce3606eb48,USDC,6,0xc02aaa39b223fe8d0a0e5c4f27ead9083c756cc2,WETH,18,0.0,0.0,0.0,0.0,,,199860,200520,2026-03-05T01:46:59+00:00
burn,0x9b24d835948c7c888b92025869c3c76e75304ff5d632f28634f896bf0971f4d8#1103611,1772675315,24588079,0x9b24d835948c7c888b92025869c3c76e75304ff5d632f28634f896bf0971f4d8,156,0x8ad599c3a0ff1de082011efddc58f1908eb6e6d8,3000.0,0.0,2073773611.0,,,0x635799ae0d8efb34dccda80d74570a6a824d74b0,0xc36442b4a4522e871399cd717abdd847ab11fe88,0xa0b86991c6218b36c1d19d4a2e9eb0ce3606eb48,USDC,6,0xc02aaa39b223fe8d0a0e5c4f27ead9083c756cc2,WETH,18,7875.985596,0.0,7875.985596,5304522071441329.0,,,199860,200520,2026-03-05T01:48:35+00:00
burn,0x7d84c64d8da409d0a5710784ea97d2e242457a04f69071be72089164920d2ed4#1103721,1772687963,24589130,0x7d84c64d8da409d0a5710784ea97d2e242457a04f69071be72089164920d2ed4,322,0x8ad599c3a0ff1de082011efddc58f1908eb6e6d8,3000.0,0.0,125873727.0,,,0x60318b16c32edf4c1a88395656209700cc093872,0xc36442b4a4522e871399cd717abdd847ab11fe88,0xa0b86991c6218b36c1d19d4a2e9eb0ce3606eb48,USDC,6,0xc02aaa39b223fe8d0a0e5c4f27ead9083c756cc2,WETH,18,0.0,0.0,0.0,0.0,,,198480,203160,2026-03-05T05:19:23+00:00
burn,0xa9deeee4a9b94b8c4b38a7a84b561e681dcd7da36ed33beaf97b11b90adae0e4#1103744,1772690207,24589315,0xa9deeee4a9b94b8c4b38a7a84b561e681dcd7da36ed33beaf97b11b90adae0e4,753,0x8ad599c3a0ff1de082011efddc58f1908eb6e6d8,3000.0,0.0,56309826.0,,,0x541e0fa1d301e1e313fef12441dabd2c006d198d,0xc36442b4a4522e871399cd717abdd847ab11fe88,0xa0b86991c6218b36c1d19d4a2e9eb0ce3606eb48,USDC,6,0xc02aaa39b223fe8d0a0e5c4f27ead9083c756cc2,WETH,18,0.0,0.0,0.0,0.0,,,198780,201840,2026-03-05T05:56:47+00:00
burn,0x1086ea445c711770d777edd10bd338ae9c6923d363457a264d0936351257a4d7#1103819,1772698943,24590042,0x1086ea445c711770d777edd10bd338ae9c6923d363457a264d0936351257a4d7,681,0x8ad599c3a0ff1de082011efddc58f1908eb6e6d8,3000.0,0.0,71562059.0,,,0xce3aa8522d7108ddca335c5de0354d4df589542e,0xc36442b4a4522e871399cd717abdd847ab11fe88,0xa0b86991c6218b36c1d19d4a2e9eb0ce3606eb48,USDC,6,0xc02aaa39b223fe8d0a0e5c4f27ead9083c756cc2,WETH,18,2937.134665,1.3843806417973954,5847.248088906844,415771163609602.0,,,196500,203160,2026-03-05T08:22:23+00:00
burn,0x047f84a44944262f26796f69785101364fbb0bc7a444c338b8a6f2db9be3352f#1103839,1772700071,24590136,0x047f84a44944262f26796f69785101364fbb0bc7a444c338b8a6f2db9be3352f,342,0x8ad599c3a0ff1de082011efddc58f1908eb6e6d8,3000.0,0.0,73627890.0,,,0xa6f71b4c4454a0ef4d89fe708459952d3f7edc53,0xc36442b4a4522e871399cd717abdd847ab11fe88,0xa0b86991c6218b36c1d19d4a2e9eb0ce3606eb48,USDC,6,0xc02aaa39b223fe8d0a0e5c4f27ead9083c756cc2,WETH,18,0.0,0.0,0.0,0.0,,,197160,203220,2026-03-05T08:41:11+00:00
burn,0xcf5804bbb109d85df5b5718a9911699cdf44e3e66e75ad97cf7530b9997c60b2#1103838,1772700263,24590152,0xcf5804bbb109d85df5b5718a9911699cdf44e3e66e75ad97cf7530b9997c60b2,963,0x8ad599c3a0ff1de082011efddc58f1908eb6e6d8,3000.0,0.0,62522404.0,,,0xa6f71b4c4454a0ef4d89fe708459952d3f7edc53,0xc36442b4a4522e871399cd717abdd847ab11fe88,0xa0b86991c6218b36c1d19d4a2e9eb0ce3606eb48,USDC,6,0xc02aaa39b223fe8d0a0e5c4f27ead9083c756cc2,WETH,18,0.0,0.0,0.0,0.0,,,197160,203220,2026-03-05T08:44:23+00:00
burn,0xcf5804bbb109d85df5b5718a9911699cdf44e3e66e75ad97cf7530b9997c60b2#1103839,1772700263,24590152,0xcf5804bbb109d85df5b5718a9911699cdf44e3e66e75ad97cf7530b9997c60b2,968,0x8ad599c3a0ff1de082011efddc58f1908eb6e6d8,3000.0,0.0,62522404.0,,,0xa6f71b4c4454a0ef4d89fe708459952d3f7edc53,0xc36442b4a4522e871399cd717abdd847ab11fe88,0xa0b86991c6218b36c1d19d4a2e9eb0ce3606eb48,USDC,6,0xc02aaa39b223fe8d0a0e5c4f27ead9083c756cc2,WETH,18,2026.771556,0.763588402200158,3632.2754823408604,282058846523699.0,,,197160,203220,2026-03-05T08:44:23+00:00
burn,0x2b6754e121d39e969c5afe78059ed1dddf7494cc415b012e6728432c9824dc3b#1103918,1772706467,24590668,0x2b6754e121d39e969c5afe78059ed1dddf7494cc415b012e6728432c9824dc3b,645,0x8ad599c3a0ff1de082011efddc58f1908eb6e6d8,3000.0,0.0,2304399933.0,,,0x6aa95c45aed3f6a04485e63016b101bd3d568f17,0xc36442b4a4522e871399cd717abdd847ab11fe88,0xa0b86991c6218b36c1d19d4a2e9eb0ce3606eb48,USDC,6,0xc02aaa39b223fe8d0a0e5c4f27ead9083c756cc2,WETH,18,0.0,0.0,0.0,0.0,,,198900,200820,2026-03-05T10:27:47+00:00
burn,0xa77c1f920a7c9e0aef738df8a8038c82c11ac452c90ea778e312e91ffa903759#1103926,1772707907,24590787,0xa77c1f920a7c9e0aef738df8a8038c82c11ac452c90ea778e312e91ffa903759,300,0x8ad599c3a0ff1de082011efddc58f1908eb6e6d8,3000.0,0.0,2114522261.0,,,0xc20dd1afce5cc9a9a763b5a0c6cd9414ea752967,0xc36442b4a4522e871399cd717abdd847ab11fe88,0xa0b86991c6218b36c1d19d4a2e9eb0ce3606eb48,USDC,6,0xc02aaa39b223fe8d0a0e5c4f27ead9083c756cc2,WETH,18,25911.883525,0.0,25911.883525,9.357247502341813e+16,,,199620,199740,2026-03-05T10:51:47+00:00
burn,0x93170476b00d6555fcb4496ffe525dcae82791a87d1e062a95ada7707e339a32#1103948,1772710547,24591007,0x93170476b00d6555fcb4496ffe525dcae82791a87d1e062a95ada7707e339a32,490,0x8ad599c3a0ff1de082011efddc58f1908eb6e6d8,3000.0,0.0,133627081.0,,,0xf7ee4de3ec06f5dfc7c72e73bc390a3dc66b900a,0xc36442b4a4522e871399cd717abdd847ab11fe88,0xa0b86991c6218b36c1d19d4a2e9eb0ce3606eb48,USDC,6,0xc02aaa39b223fe8d0a0e5c4f27ead9083c756cc2,WETH,18,0.0,0.0,0.0,0.0,,,196560,210420,2026-03-05T11:35:47+00:00
burn,0x4c58b8c4c9a5675ff094b2f12c7d4f89d28a641078e4bb70361c53b95dffd000#1103985,1772715479,24591417,0x4c58b8c4c9a5675ff094b2f12c7d4f89d28a641078e4bb70361c53b95dffd000,290,0x8ad599c3a0ff1de082011efddc58f1908eb6e6d8,3000.0,0.0,86249006.0,,,0x2ecd1400e9975bee19b1c41ee57ef8f76f0b71a3,0xc36442b4a4522e871399cd717abdd847ab11fe88,0xa0b86991c6218b36c1d19d4a2e9eb0ce3606eb48,USDC,6,0xc02aaa39b223fe8d0a0e5c4f27ead9083c756cc2,WETH,18,0.0,0.0,0.0,0.0,,,189960,194700,2026-03-05T12:57:59+00:00
burn,0x6a7e9ad38eed89eda868f886187a4af4874adbbae58dfbf90c8469bff7380651#1103986,1772715515,24591420,0x6a7e9ad38eed89eda868f886187a4af4874adbbae58dfbf90c8469bff7380651,475,0x8ad599c3a0ff1de082011efddc58f1908eb6e6d8,3000.0,0.0,72412250.0,,,0x2ecd1400e9975bee19b1c41ee57ef8f76f0b71a3,0xc36442b4a4522e871399cd717abdd847ab11fe88,0xa0b86991c6218b36c1d19d4a2e9eb0ce3606eb48,USDC,6,0xc02aaa39b223fe8d0a0e5c4f27ead9083c756cc2,WETH,18,0.0,0.004059750707041635,8.674261099113057,1139128766721.0,,,189960,194700,2026-03-05T12:58:35+00:00
burn,0x5f82bba371aa250bafd64836ad289e218a9c7e790dbce9d43942fcccc1b596fc#1104021,1772718455,24591665,0x5f82bba371aa250bafd64836ad289e218a9c7e790dbce9d43942fcccc1b596fc,544,0x8ad599c3a0ff1de082011efddc58f1908eb6e6d8,3000.0,0.0,233681423.0,,,0xfe915f24bd818552b50c628e4b82d1870b5291b5,0xc36442b4a4522e871399cd717abdd847ab11fe88,0xa0b86991c6218b36c1d19d4a2e9eb0ce3606eb48,USDC,6,0xc02aaa39b223fe8d0a0e5c4f27ead9083c756cc2,WETH,18,0.0,0.0,0.0,0.0,,,199440,200520,2026-03-05T13:47:35+00:00
burn,0xa2007ed120e7ac8ea377d380c413a78431c1313e3850e57a3114fe665f7ff8dd#1104026,1772718935,24591705,0xa2007ed120e7ac8ea377d380c413a78431c1313e3850e57a3114fe665f7ff8dd,553,0x8ad599c3a0ff1de082011efddc58f1908eb6e6d8,3000.0,0.0,2218751327.0,,,0xc20dd1afce5cc9a9a763b5a0c6cd9414ea752967,0xc36442b4a4522e871399cd717abdd847ab11fe88,0xa0b86991c6218b36c1d19d4a2e9eb0ce3606eb48,USDC,6,0xc02aaa39b223fe8d0a0e5c4f27ead9083c756cc2,WETH,18,0.0,13.073630051748296,27728.355122593144,5.058949781800026e+16,,,199440,199680,2026-03-05T13:55:35+00:00
burn,0x80b5e3b05dd6ed51506c8b1b270b7a0b043b65eba859ff54043c16296447d698#1104030,1772719151,24591723,0x80b5e3b05dd6ed51506c8b1b270b7a0b043b65eba859ff54043c16296447d698,63,0x8ad599c3a0ff1de082011efddc58f1908eb6e6d8,3000.0,0.0,2276536366.0,,,0x3d2598727593f6ba994ca7ea502260fa4770b469,0xc36442b4a4522e871399cd717abdd847ab11fe88,0xa0b86991c6218b36c1d19d4a2e9eb0ce3606eb48,USDC,6,0xc02aaa39b223fe8d0a0e5c4f27ead9083c756cc2,WETH,18,0.0,0.0,0.0,0.0,,,199440,200520,2026-03-05T13:59:11+00:00
burn,0x665f91aa1518c01dd0ed2b324ee519a123c2f86db55530b5463758d75506ef9f#1104034,1772720291,24591818,0x665f91aa1518c01dd0ed2b324ee519a123c2f86db55530b5463758d75506ef9f,814,0x8ad599c3a0ff1de082011efddc58f1908eb6e6d8,3000.0,0.0,174712208.0,,,0x556d5f277b9ed4be2bb5b15204486e9273bd0f42,0xc36442b4a4522e871399cd717abdd847ab11fe88,0xa0b86991c6218b36c1d19d4a2e9eb0ce3606eb48,USDC,6,0xc02aaa39b223fe8d0a0e5c4f27ead9083c756cc2,WETH,18,0.0,0.0,0.0,0.0,,,198300,202860,2026-03-05T14:18:11+00:00
burn,0xc0ab47c98a8e0c7f5d066d82d88e8795e4fb721e5fd13874a2dc85a984ef9ac3#1104033,1772720339,24591822,0xc0ab47c98a8e0c7f5d066d82d88e8795e4fb721e5fd13874a2dc85a984ef9ac3,211,0x8ad599c3a0ff1de082011efddc58f1908eb6e6d8,3000.0,0.0,224145657.0,,,0x556d5f277b9ed4be2bb5b15204486e9273bd0f42,0xc36442b4a4522e871399cd717abdd847ab11fe88,0xa0b86991c6218b36c1d19d4a2e9eb0ce3606eb48,USDC,6,0xc02aaa39b223fe8d0a0e5c4f27ead9083c756cc2,WETH,18,652.385026,0.14566978863154847,961.3415757697053,97617048829330.0,,,198300,202860,2026-03-05T14:18:59+00:00
burn,0x237d7247097703b1a1590d5bedbe0d8064b7002704aeeefc95855ec6fd1ca5f1#1104060,1772722535,24592004,0x237d7247097703b1a1590d5bedbe0d8064b7002704aeeefc95855ec6fd1ca5f1,182,0x8ad599c3a0ff1de082011efddc58f1908eb6e6d8,3000.0,0.0,355732351.0,,,0xc11f47aa9131c0c50795df7e19f55d0aaac2c309,0xc36442b4a4522e871399cd717abdd847ab11fe88,0xa0b86991c6218b36c1d19d4a2e9eb0ce3606eb48,USDC,6,0xc02aaa39b223fe8d0a0e5c4f27ead9083c756cc2,WETH,18,2.630232,0.0,2.630232,268304203709.0,,,204000,210120,2026-03-05T14:55:35+00:00
burn,0x51a884790aa86be4a97d762315224f0998b9f8885573da5085a29c8ae76008cc#1104086,1772723579,24592091,0x51a884790aa86be4a97d762315224f0998b9f8885573da5085a29c8ae76008cc,506,0x8ad599c3a0ff1de082011efddc58f1908eb6e6d8,3000.0,0.0,2408342965.0,,,0xc20dd1afce5cc9a9a763b5a0c6cd9414ea752967,0xc36442b4a4522e871399cd717abdd847ab11fe88,0xa0b86991c6218b36c1d19d4a2e9eb0ce3606eb48,USDC,6,0xc02aaa39b223fe8d0a0e5c4f27ead9083c756cc2,WETH,18,0.0,12.846134840074381,26864.95432768114,3.9470091105372536e+16,,,199560,199860,2026-03-05T15:12:59+00:00
burn,0x9ca1fc78a757592621b8b5ae3d033025af979b3d5e2a3285582b5c73cb22284c#1104180,1772732099,24592795,0x9ca1fc78a757592621b8b5ae3d033025af979b3d5e2a3285582b5c73cb22284c,182,0x8ad599c3a0ff1de082011efddc58f1908eb6e6d8,3000.0,0.0,1888937869.0,,,0xf0ea3fa8fd724433e7bc6bf65d78f52600bbd9e0,0xc36442b4a4522e871399cd717abdd847ab11fe88,0xa0b86991c6218b36c1d19d4a2e9eb0ce3606eb48,USDC,6,0xc02aaa39b223fe8d0a0e5c4f27ead9083c756cc2,WETH,18,0.0,0.0,0.0,0.0,,,197460,199860,2026-03-05T17:34:59+00:00
burn,0x00add48c8a90e4b6062b55fc61942dcf271bfa158b36f6a1eacc5cd29d6bd7e4#1104192,1772732855,24592858,0x00add48c8a90e4b6062b55fc61942dcf271bfa158b36f6a1eacc5cd29d6bd7e4,17,0x8ad599c3a0ff1de082011efddc58f1908eb6e6d8,3000.0,0.0,431501265.0,,,0xf0ea3fa8fd724433e7bc6bf65d78f52600bbd9e0,0xc36442b4a4522e871399cd717abdd847ab11fe88,0xa0b86991c6218b36c1d19d4a2e9eb0ce3606eb48,USDC,6,0xc02aaa39b223fe8d0a0e5c4f27ead9083c756cc2,WETH,18,0.0,0.22653901453550743,468.27088577567724,91641363985829.0,,,197460,199860,2026-03-05T17:47:35+00:00
burn,0x26ef2a914321889c30ec5a9c9ad1a0657e940028872bbb13155683850e63c0e1#1104193,1772732867,24592859,0x26ef2a914321889c30ec5a9c9ad1a0657e940028872bbb13155683850e63c0e1,144,0x8ad599c3a0ff1de082011efddc58f1908eb6e6d8,3000.0,0.0,2104630294.0,,,0xc20dd1afce5cc9a9a763b5a0c6cd9414ea752967,0xc36442b4a4522e871399cd717abdd847ab11fe88,0xa0b86991c6218b36c1d19d4a2e9eb0ce3606eb48,USDC,6,0xc02aaa39b223fe8d0a0e5c4f27ead9083c756cc2,WETH,18,0.0,12.595667807212944,26036.06505975735,6.39233829996433e+16,,,199800,199980,2026-03-05T17:47:47+00:00
burn,0xb596bc9dd736665caa0310de1c5bea0cb1b6f68070d1b946acc706af0dd62d50#1104202,1772734331,24592981,0xb596bc9dd736665caa0310de1c5bea0cb1b6f68070d1b946acc706af0dd62d50,363,0x8ad599c3a0ff1de082011efddc58f1908eb6e6d8,3000.0,0.0,2137442927.0,,,0x651c1fef07237faebb7128dfe632f6a52532f5a1,0xc36442b4a4522e871399cd717abdd847ab11fe88,0xa0b86991c6218b36c1d19d4a2e9eb0ce3606eb48,USDC,6,0xc02aaa39b223fe8d0a0e5c4f27ead9083c756cc2,WETH,18,0.0,0.0,0.0,0.0,,,199080,201180,2026-03-05T18:12:11+00:00
burn,0x22d894a3ae3300b638023ce17aebe0abaa9f86829c79a7c6297ba4444e333395#1104205,1772734427,24592989,0x22d894a3ae3300b638023ce17aebe0abaa9f86829c79a7c6297ba4444e333395,140,0x8ad599c3a0ff1de082011efddc58f1908eb6e6d8,3000.0,0.0,2128908005.0,,,0xd9602696e645759506a6afd695ba820c169393af,0xc36442b4a4522e871399cd717abdd847ab11fe88,0xa0b86991c6218b36c1d19d4a2e9eb0ce3606eb48,USDC,6,0xc02aaa39b223fe8d0a0e5c4f27ead9083c756cc2,WETH,18,0.0,0.0,0.0,0.0,,,199080,201180,2026-03-05T18:13:47+00:00
burn,0x1283d1bc9022842dea4c07dd6992196a95c3475126c3b3195cad7a6d08c38670#1104208,1772734511,24592996,0x1283d1bc9022842dea4c07dd6992196a95c3475126c3b3195cad7a6d08c38670,182,0x8ad599c3a0ff1de082011efddc58f1908eb6e6d8,3000.0,0.0,2127472047.0,,,0x0e537578296f92a8cbfe9af9f94d379fa272ae73,0xc36442b4a4522e871399cd717abdd847ab11fe88,0xa0b86991c6218b36c1d19d4a2e9eb0ce3606eb48,USDC,6,0xc02aaa39b223fe8d0a0e5c4f27ead9083c756cc2,WETH,18,0.0,0.0,0.0,0.0,,,199020,201060,2026-03-05T18:15:11+00:00
burn,0x3a6439741a248402c88d9028133fcae7553f0ec5b2c57325c6ec5115c83ac396#1104229,1772736059,24593125,0x3a6439741a248402c88d9028133fcae7553f0ec5b2c57325c6ec5115c83ac396,241,0x8ad599c3a0ff1de082011efddc58f1908eb6e6d8,3000.0,0.0,2093564071.0,,,0x5f8a65fea8d655c05644f21da3cfc5f5a81dcf20,0xc36442b4a4522e871399cd717abdd847ab11fe88,0xa0b86991c6218b36c1d19d4a2e9eb0ce3606eb48,USDC,6,0xc02aaa39b223fe8d0a0e5c4f27ead9083c756cc2,WETH,18,15668.042501,7.999999999843784,32239.109538117686,2328767531969082.0,,,196560,203160,2026-03-05T18:40:59+00:00
burn,0x25b2aba4d4f29fe93696248d0c3e09b0647430c29e0a9d94ecb65b3dabda3a61#1104234,1772736587,24593169,0x25b2aba4d4f29fe93696248d0c3e09b0647430c29e0a9d94ecb65b3dabda3a61,136,0x8ad599c3a0ff1de082011efddc58f1908eb6e6d8,3000.0,0.0,1448407989.0,,,0xae2fc483527b8ef99eb5d9b44875f005ba1fae13,0x1f2f10d1c40777ae1da742455c65828ff36df387,0xa0b86991c6218b36c1d19d4a2e9eb0ce3606eb48,USDC,6,0xc02aaa39b223fe8d0a0e5c4f27ead9083c756cc2,WETH,18,455779.179219,435.9190691662804,1358789.602058315,9.96024902309485e+18,,,199920,199980,2026-03-05T18:49:47+00:00
burn,0x182a8b9af334f53bce65de0642efa2b6b2bbf813f8345f470b880049904c47ed#1104259,1772738975,24593368,0x182a8b9af334f53bce65de0642efa2b6b2bbf813f8345f470b880049904c47ed,242,0x8ad599c3a0ff1de082011efddc58f1908eb6e6d8,3000.0,0.0,2186712174.0,,,0xc20dd1afce5cc9a9a763b5a0c6cd9414ea752967,0xc36442b4a4522e871399cd717abdd847ab11fe88,0xa0b86991c6218b36c1d19d4a2e9eb0ce3606eb48,USDC,6,0xc02aaa39b223fe8d0a0e5c4f27ead9083c756cc2,WETH,18,28316.173796,0.0,28316.173796,6.9303813180355496e+16,,,199920,200100,2026-03-05T19:29:35+00:00
burn,0x8e2a4218f9222e67a401ca489d4f58f31efc172afc6b406d5a5aadd0d080b761#1104269,1772740751,24593516,0x8e2a4218f9222e67a401ca489d4f58f31efc172afc6b406d5a5aadd0d080b761,149,0x8ad599c3a0ff1de082011efddc58f1908eb6e6d8,3000.0,0.0,2069894820.0,,,0x49626a51ae575207deb0943df90957fc8b9f63e6,0xc36442b4a4522e871399cd717abdd847ab11fe88,0xa0b86991c6218b36c1d19d4a2e9eb0ce3606eb48,USDC,6,0xc02aaa39b223fe8d0a0e5c4f27ead9083c756cc2,WETH,18,0.0,0.0,0.0,0.0,,,193620,198480,2026-03-05T19:59:11+00:00
burn,0xc969ceaa5bc937bb8c332e88a956eb5545a5dfde354c1bd6ef4e30ec12cac21b#1104270,1772740775,24593518,0xc969ceaa5bc937bb8c332e88a956eb5545a5dfde354c1bd6ef4e30ec12cac21b,77,0x8ad599c3a0ff1de082011efddc58f1908eb6e6d8,3000.0,0.0,2070035408.0,,,0x49626a51ae575207deb0943df90957fc8b9f63e6,0xc36442b4a4522e871399cd717abdd847ab11fe88,0xa0b86991c6218b36c1d19d4a2e9eb0ce3606eb48,USDC,6,0xc02aaa39b223fe8d0a0e5c4f27ead9083c756cc2,WETH,18,0.0,0.034794841860677855,72.33928029481582,7905031366591.0,,,193620,198480,2026-03-05T19:59:35+00:00
burn,0x23e7915903e14c3a4bd80fa92aac8e8e28e0a3942618f90b5fa419d9e07a4f0b#1104273,1772740919,24593530,0x23e7915903e14c3a4bd80fa92aac8e8e28e0a3942618f90b5fa419d9e07a4f0b,470,0x8ad599c3a0ff1de082011efddc58f1908eb6e6d8,3000.0,0.0,62986421.0,,,0x158d8a91eeb479dc3f578aba68a55d78a7ee4b03,0xc36442b4a4522e871399cd717abdd847ab11fe88,0xa0b86991c6218b36c1d19d4a2e9eb0ce3606eb48,USDC,6,0xc02aaa39b223fe8d0a0e5c4f27ead9083c756cc2,WETH,18,0.0,0.0,0.0,0.0,,,199380,200580,2026-03-05T20:01:59+00:00
burn,0x8b1db687c1da78ac850f670f28dc4c8507cf5377ab62a2b6a844be974550d294#1104275,1772741027,24593539,0x8b1db687c1da78ac850f670f28dc4c8507cf5377ab62a2b6a844be974550d294,533,0x8ad599c3a0ff1de082011efddc58f1908eb6e6d8,3000.0,0.0,56819427.0,,,0xc0ac20d012266b1b74932854136cee58b096fea8,0xc36442b4a4522e871399cd717abdd847ab11fe88,0xa0b86991c6218b36c1d19d4a2e9eb0ce3606eb48,USDC,6,0xc02aaa39b223fe8d0a0e5c4f27ead9083c756cc2,WETH,18,0.0,0.0,0.0,0.0,,,198900,200280,2026-03-05T20:03:47+00:00
burn,0x81512a7bdb59383da64321ef16efb363f6ad54386b1c50863c9041817076ad0c#1104300,1772743451,24593741,0x81512a7bdb59383da64321ef16efb363f6ad54386b1c50863c9041817076ad0c,510,0x8ad599c3a0ff1de082011efddc58f1908eb6e6d8,3000.0,0.0,57318427.0,,,0xab5666ab564196386282a668b837bd55c2c2076c,0xc36442b4a4522e871399cd717abdd847ab11fe88,0xa0b86991c6218b36c1d19d4a2e9eb0ce3606eb48,USDC,6,0xc02aaa39b223fe8d0a0e5c4f27ead9083c756cc2,WETH,18,498.999999,0.0,498.999999,187899079096768.0,,,199920,201120,2026-03-05T20:44:11+00:00
burn,0xd3c1f48b5cca8ec7b410e9d3d071bc1812238914e194d9e41acf851af956e77b#1104305,1772745143,24593881,0xd3c1f48b5cca8ec7b410e9d3d071bc1812238914e194d9e41acf851af956e77b,832,0x8ad599c3a0ff1de082011efddc58f1908eb6e6d8,3000.0,0.0,40065634.0,,,0xfe4a829408b7f576522dcb7d607c312a034248c5,0xc36442b4a4522e871399cd717abdd847ab11fe88,0xa0b86991c6218b36c1d19d4a2e9eb0ce3606eb48,USDC,6,0xc02aaa39b223fe8d0a0e5c4f27ead9083c756cc2,WETH,18,0.0,0.0,0.0,0.0,,,187740,201600,2026-03-05T21:12:23+00:00
burn,0x50c45c41f3ff67e5e8ad711971fd4f6a2bf879d3ced01eae46f1613f1943e116#1104323,1772748155,24594129,0x50c45c41f3ff67e5e8ad711971fd4f6a2bf879d3ced01eae46f1613f1943e116,179,0x8ad599c3a0ff1de082011efddc58f1908eb6e6d8,3000.0,0.0,1552368042.0,,,0xf7d4be080d8b4853662e50257a3e2c1927696c2d,0xc36442b4a4522e871399cd717abdd847ab11fe88,0xa0b86991c6218b36c1d19d4a2e9eb0ce3606eb48,USDC,6,0xc02aaa39b223fe8d0a0e5c4f27ead9083c756cc2,WETH,18,11.214346,0.02319406374729345,59.50096697656477,15984533270553.0,,,198540,200220,2026-03-05T22:02:35+00:00
burn,0x749d83416f60100e5ed80d0bdec0f93ae0f27fb617321a42d6920d7938b2cce1#1104335,1772751851,24594431,0x749d83416f60100e5ed80d0bdec0f93ae0f27fb617321a42d6920d7938b2cce1,304,0x8ad599c3a0ff1de082011efddc58f1908eb6e6d8,3000.0,0.0,88564712.0,,,0x4dcff7a73fd1910cf937b6b40c434ecdbea95483,0xc36442b4a4522e871399cd717abdd847ab11fe88,0xa0b86991c6218b36c1d19d4a2e9eb0ce3606eb48,USDC,6,0xc02aaa39b223fe8d0a0e5c4f27ead9083c756cc2,WETH,18,0.0,0.0,0.0,0.0,,,198900,200280,2026-03-05T23:04:11+00:00
burn,0x90fcfde0d0e47e3125def743f0c33597c7a1c06edfec18b18fc01b7d9b9e26ce#1104347,1772755007,24594693,0x90fcfde0d0e47e3125def743f0c33597c7a1c06edfec18b18fc01b7d9b9e26ce,1133,0x8ad599c3a0ff1de082011efddc58f1908eb6e6d8,3000.0,0.0,31018623.0,,,0x508a312cf7334b44b9ff22ac0bac1b3db9eed4e1,0xc36442b4a4522e871399cd717abdd847ab11fe88,0xa0b86991c6218b36c1d19d4a2e9eb0ce3606eb48,USDC,6,0xc02aaa39b223fe8d0a0e5c4f27ead9083c756cc2,WETH,18,0.0,0.0,0.0,0.0,,,198900,203160,2026-03-05T23:56:47+00:00
burn,0x8ca5e81f5a1b6915bf4639936d6e82c9beafd7779e95aade00b3c3a0ea420e00#1104354,1772755547,24594736,0x8ca5e81f5a1b6915bf4639936d6e82c9beafd7779e95aade00b3c3a0ea420e00,373,0x8ad599c3a0ff1de082011efddc58f1908eb6e6d8,3000.0,0.0,44739249.0,,,0x143b67cf0b87c59b9eb3bbfd5a8d4c74dec426d1,0xc36442b4a4522e871399cd717abdd847ab11fe88,0xa0b86991c6218b36c1d19d4a2e9eb0ce3606eb48,USDC,6,0xc02aaa39b223fe8d0a0e5c4f27ead9083c756cc2,WETH,18,0.0,0.0,0.0,0.0,,,198780,200160,2026-03-06T00:05:47+00:00
burn,0xbf297303b4558c3caccdc21ed7f71a57515f4d9855d1c7b8b4b1ff5ef3ce1ecf#1104353,1772755547,24594736,0xbf297303b4558c3caccdc21ed7f71a57515f4d9855d1c7b8b4b1ff5ef3ce1ecf,399,0x8ad599c3a0ff1de082011efddc58f1908eb6e6d8,3000.0,0.0,44739249.0,,,0x55d1cdf31f4692378637cb28d5fd4a83cd4c26bf,0xc36442b4a4522e871399cd717abdd847ab11fe88,0xa0b86991c6218b36c1d19d4a2e9eb0ce3606eb48,USDC,6,0xc02aaa39b223fe8d0a0e5c4f27ead9083c756cc2,WETH,18,0.0,0.0,0.0,0.0,,,199080,200520,2026-03-06T00:05:47+00:00
burn,0x42c02d099683fe7368f57658818e2ab2dfcc967fc597c674d20869ec7ed05179#1104356,1772755559,24594737,0x42c02d099683fe7368f57658818e2ab2dfcc967fc597c674d20869ec7ed05179,513,0x8ad599c3a0ff1de082011efddc58f1908eb6e6d8,3000.0,0.0,44103097.0,,,0xa1e0b6edbf434be1322e2d1e2d438bbfcbe81546,0xc36442b4a4522e871399cd717abdd847ab11fe88,0xa0b86991c6218b36c1d19d4a2e9eb0ce3606eb48,USDC,6,0xc02aaa39b223fe8d0a0e5c4f27ead9083c756cc2,WETH,18,0.0,0.0,0.0,0.0,,,198780,200160,2026-03-06T00:05:59+00:00
burn,0xb94a2fd5df96e4b5313e02e96e34866f048655fdcde5b20c9064962890e76742#1104355,1772755559,24594737,0xb94a2fd5df96e4b5313e02e96e34866f048655fdcde5b20c9064962890e76742,625,0x8ad599c3a0ff1de082011efddc58f1908eb6e6d8,3000.0,0.0,44103097.0,,,0xff98fbaff98a2f3c4a88da4ac870b9693d804b66,0xc36442b4a4522e871399cd717abdd847ab11fe88,0xa0b86991c6218b36c1d19d4a2e9eb0ce3606eb48,USDC,6,0xc02aaa39b223fe8d0a0e5c4f27ead9083c756cc2,WETH,18,0.0,0.0,0.0,0.0,,,198780,200160,2026-03-06T00:05:59+00:00
burn,0xd7d7ab37be2f8ca9419635b380a47293e32bfea6d06199f9887cf70729705a6a#1104356,1772755559,24594737,0xd7d7ab37be2f8ca9419635b380a47293e32bfea6d06199f9887cf70729705a6a,658,0x8ad599c3a0ff1de082011efddc58f1908eb6e6d8,3000.0,0.0,44103097.0,,,0x55d1cdf31f4692378637cb28d5fd4a83cd4c26bf,0xc36442b4a4522e871399cd717abdd847ab11fe88,0xa0b86991c6218b36c1d19d4a2e9eb0ce3606eb48,USDC,6,0xc02aaa39b223fe8d0a0e5c4f27ead9083c756cc2,WETH,18,0.0,0.0,0.0,0.0,,,198780,200160,2026-03-06T00:05:59+00:00
burn,0xffe16f0d7ade732f6f8fc5693464716c38ecdd19c8c357f3c4e95976f770dcb7#1104357,1772755595,24594740,0xffe16f0d7ade732f6f8fc5693464716c38ecdd19c8c357f3c4e95976f770dcb7,662,0x8ad599c3a0ff1de082011efddc58f1908eb6e6d8,3000.0,0.0,41141503.0,,,0xa1e0b6edbf434be1322e2d1e2d438bbfcbe81546,0xc36442b4a4522e871399cd717abdd847ab11fe88,0xa0b86991c6218b36c1d19d4a2e9eb0ce3606eb48,USDC,6,0xc02aaa39b223fe8d0a0e5c4f27ead9083c756cc2,WETH,18,0.0,0.0,0.0,0.0,,,198780,200160,2026-03-06T00:06:35+00:00
burn,0x55fd4aa5763bb0f8a2e0b083b873019f134f53a7ae105e3a2fee589b1d0359d2#1104360,1772755607,24594741,0x55fd4aa5763bb0f8a2e0b083b873019f134f53a7ae105e3a2fee589b1d0359d2,722,0x8ad599c3a0ff1de082011efddc58f1908eb6e6d8,3000.0,0.0,41422872.0,,,0xdc7b1ebbc9f79c082b2e0f02ee3077a8d974fa8e,0xc36442b4a4522e871399cd717abdd847ab11fe88,0xa0b86991c6218b36c1d19d4a2e9eb0ce3606eb48,USDC,6,0xc02aaa39b223fe8d0a0e5c4f27ead9083c756cc2,WETH,18,0.0,0.0,0.0,0.0,,,198780,200160,2026-03-06T00:06:47+00:00
burn,0xe47252dccd2a366f5cfaad1cb0d4e4aceec46229863588664a88d0c40969a3ed#1104359,1772755631,24594743,0xe47252dccd2a366f5cfaad1cb0d4e4aceec46229863588664a88d0c40969a3ed,756,0x8ad599c3a0ff1de082011efddc58f1908eb6e6d8,3000.0,0.0,41323228.0,,,0xdc7b1ebbc9f79c082b2e0f02ee3077a8d974fa8e,0xc36442b4a4522e871399cd717abdd847ab11fe88,0xa0b86991c6218b36c1d19d4a2e9eb0ce3606eb48,USDC,6,0xc02aaa39b223fe8d0a0e5c4f27ead9083c756cc2,WETH,18,0.0,0.0,0.0,0.0,,,198780,200160,2026-03-06T00:07:11+00:00
burn,0xbb4f6049a3edac54ab490e94461350b0922c40e4b833125682c9925c5ccbdf52#1104361,1772755835,24594759,0xbb4f6049a3edac54ab490e94461350b0922c40e4b833125682c9925c5ccbdf52,569,0x8ad599c3a0ff1de082011efddc58f1908eb6e6d8,3000.0,0.0,45350676.0,,,0xff98fbaff98a2f3c4a88da4ac870b9693d804b66,0xc36442b4a4522e871399cd717abdd847ab11fe88,0xa0b86991c6218b36c1d19d4a2e9eb0ce3606eb48,USDC,6,0xc02aaa39b223fe8d0a0e5c4f27ead9083c756cc2,WETH,18,0.0,0.0,0.0,0.0,,,198780,200160,2026-03-06T00:10:35+00:00
burn,0xe0af445a939e2d157857322eb174cb2fd99970a13c1796679ff3bb4fb348a1ce#1104362,1772755967,24594770,0xe0af445a939e2d157857322eb174cb2fd99970a13c1796679ff3bb4fb348a1ce,2321,0x8ad599c3a0ff1de082011efddc58f1908eb6e6d8,3000.0,0.0,38379142.0,,,0x143b67cf0b87c59b9eb3bbfd5a8d4c74dec426d1,0xc36442b4a4522e871399cd717abdd847ab11fe88,0xa0b86991c6218b36c1d19d4a2e9eb0ce3606eb48,USDC,6,0xc02aaa39b223fe8d0a0e5c4f27ead9083c756cc2,WETH,18,0.0,0.0,0.0,0.0,,,198540,200160,2026-03-06T00:12:47+00:00
burn,0x34ac9eae73339ad318eb9959793b3ff9d3256ddbc3db2cb9bf869087e3843dea#1104376,1772758931,24595015,0x34ac9eae73339ad318eb9959793b3ff9d3256ddbc3db2cb9bf869087e3843dea,282,0x8ad599c3a0ff1de082011efddc58f1908eb6e6d8,3000.0,0.0,50106057.0,,,0x2bf2f5ddaa0fb706ddd6401b27ceedce92598ca6,0xc36442b4a4522e871399cd717abdd847ab11fe88,0xa0b86991c6218b36c1d19d4a2e9eb0ce3606eb48,USDC,6,0xc02aaa39b223fe8d0a0e5c4f27ead9083c756cc2,WETH,18,0.0,16.075049718700154,33360.42026336395,1.1262976255811812e+16,,,198060,199440,2026-03-06T01:02:11+00:00
burn,0xbcb1794b6e665f58106d23fefe762882b404ea07bb9aa131443da8dd7e0d3195#1104425,1772767391,24595715,0xbcb1794b6e665f58106d23fefe762882b404ea07bb9aa131443da8dd7e0d3195,108,0x8ad599c3a0ff1de082011efddc58f1908eb6e6d8,3000.0,0.0,1530614793.0,,,0xf7d4be080d8b4853662e50257a3e2c1927696c2d,0xc36442b4a4522e871399cd717abdd847ab11fe88,0xa0b86991c6218b36c1d19d4a2e9eb0ce3606eb48,USDC,6,0xc02aaa39b223fe8d0a0e5c4f27ead9083c756cc2,WETH,18,28.220312,0.017191352402256804,64.02544915986654,22627442889111.0,,,199200,200460,2026-03-06T03:23:11+00:00
burn,0x8e26c19896c143dd2c3dcf13cf674705bffb02bc1b7f2887163f80ccd4223ff3#1104479,1772776811,24596493,0x8e26c19896c143dd2c3dcf13cf674705bffb02bc1b7f2887163f80ccd4223ff3,31,0x8ad599c3a0ff1de082011efddc58f1908eb6e6d8,3000.0,0.0,2042641857.0,,,0xd0e5122084f90d49cd8ffea056e431f94cb174c3,0xc36442b4a4522e871399cd717abdd847ab11fe88,0xa0b86991c6218b36c1d19d4a2e9eb0ce3606eb48,USDC,6,0xc02aaa39b223fe8d0a0e5c4f27ead9083c756cc2,WETH,18,0.557229,0.000556223015255574,1.7064333683597321,65653818501.0,,,190260,204120,2026-03-06T06:00:11+00:00
burn,0xac170608156e6ca0db6dce207b2bced8c3b3eb08ccf62272ae9995fd0c3bb83c#1104482,1772777399,24596542,0xac170608156e6ca0db6dce207b2bced8c3b3eb08ccf62272ae9995fd0c3bb83c,105,0x8ad599c3a0ff1de082011efddc58f1908eb6e6d8,3000.0,0.0,92496713.0,,,0x0320618babfa9d52f72b0565bfad3f22b3fc0c78,0xc36442b4a4522e871399cd717abdd847ab11fe88,0xa0b86991c6218b36c1d19d4a2e9eb0ce3606eb48,USDC,6,0xc02aaa39b223fe8d0a0e5c4f27ead9083c756cc2,WETH,18,0.0,0.0,0.0,0.0,,,198480,201960,2026-03-06T06:09:59+00:00
burn,0xa63f384ed19578d268ee0ac9f2c14a72294bc0132708aca4f22a96c52d25b18b#1104483,1772777483,24596549,0xa63f384ed19578d268ee0ac9f2c14a72294bc0132708aca4f22a96c52d25b18b,231,0x8ad599c3a0ff1de082011efddc58f1908eb6e6d8,3000.0,0.0,82865663.0,,,0x7ab711340ebb19562e89ffcf94919f1da90183dd,0xc36442b4a4522e871399cd717abdd847ab11fe88,0xa0b86991c6218b36c1d19d4a2e9eb0ce3606eb48,USDC,6,0xc02aaa39b223fe8d0a0e5c4f27ead9083c756cc2,WETH,18,0.0,0.0,0.0,0.0,,,199200,200220,2026-03-06T06:11:23+00:00
burn,0x874bf7f1d6feabdf6af6e139c61c6b79dd91157aa127b5f785d1352bccc26350#1104501,1772779727,24596731,0x874bf7f1d6feabdf6af6e139c61c6b79dd91157aa127b5f785d1352bccc26350,556,0x8ad599c3a0ff1de082011efddc58f1908eb6e6d8,3000.0,0.0,80276098.0,,,0x7ab711340ebb19562e89ffcf94919f1da90183dd,0xc36442b4a4522e871399cd717abdd847ab11fe88,0xa0b86991c6218b36c1d19d4a2e9eb0ce3606eb48,USDC,6,0xc02aaa39b223fe8d0a0e5c4f27ead9083c756cc2,WETH,18,0.0,0.0,0.0,0.0,,,199200,200220,2026-03-06T06:48:47+00:00
burn,0x26348eb9a6c39f4d16af8ed4f33180f90de2b2cad65b56d6e880e5e677ade506#1104502,1772779739,24596732,0x26348eb9a6c39f4d16af8ed4f33180f90de2b2cad65b56d6e880e5e677ade506,456,0x8ad599c3a0ff1de082011efddc58f1908eb6e6d8,3000.0,0.0,357853858.0,,,0x7ab711340ebb19562e89ffcf94919f1da90183dd,0xc36442b4a4522e871399cd717abdd847ab11fe88,0xa0b86991c6218b36c1d19d4a2e9eb0ce3606eb48,USDC,6,0xc02aaa39b223fe8d0a0e5c4f27ead9083c756cc2,WETH,18,0.0,0.0,0.0,0.0,,,199200,200220,2026-03-06T06:48:59+00:00
burn,0x3ee19c37c0a5197143e0a873f007daa28a319b5af949d528dd5946738a065948#1104504,1772779871,24596743,0x3ee19c37c0a5197143e0a873f007daa28a319b5af949d528dd5946738a065948,358,0x8ad599c3a0ff1de082011efddc58f1908eb6e6d8,3000.0,0.0,355978471.0,,,0x7ab711340ebb19562e89ffcf94919f1da90183dd,0xc36442b4a4522e871399cd717abdd847ab11fe88,0xa0b86991c6218b36c1d19d4a2e9eb0ce3606eb48,USDC,6,0xc02aaa39b223fe8d0a0e5c4f27ead9083c756cc2,WETH,18,11019.245706,15.047422050699346,42201.98769070771,1.8465374207708276e+16,,,199200,200220,2026-03-06T06:51:11+00:00
burn,0x1a75a6d80909840725940f69a03a54d6bacea7e1ec3afbd466269207b873c29a#1104513,1772781551,24596881,0x1a75a6d80909840725940f69a03a54d6bacea7e1ec3afbd466269207b873c29a,488,0x8ad599c3a0ff1de082011efddc58f1908eb6e6d8,3000.0,0.0,40813696.0,,,0x2e9163fa25adb8c03e0fdbec8753823ff82a9f8b,0xc36442b4a4522e871399cd717abdd847ab11fe88,0xa0b86991c6218b36c1d19d4a2e9eb0ce3606eb48,USDC,6,0xc02aaa39b223fe8d0a0e5c4f27ead9083c756cc2,WETH,18,0.0,6.099999999999999,12646.12401932704,1406116176688863.0,,,194760,199320,2026-03-06T07:19:11+00:00
burn,0x1811d21b707621df15897e299738efec74a865e6b17b932c0d93c297cadec1e4#1104542,1772784083,24597092,0x1811d21b707621df15897e299738efec74a865e6b17b932c0d93c297cadec1e4,217,0x8ad599c3a0ff1de082011efddc58f1908eb6e6d8,3000.0,0.0,84893485.0,,,0xd332f90e9eedaee3af94e8f3f71c3e4f2fdbee36,0xc36442b4a4522e871399cd717abdd847ab11fe88,0xa0b86991c6218b36c1d19d4a2e9eb0ce3606eb48,USDC,6,0xc02aaa39b223fe8d0a0e5c4f27ead9083c756cc2,WETH,18,1.056342,0.000468309821520346,2.03072820693047,76042332732.0,,,193320,207180,2026-03-06T08:01:23+00:00
burn,0x9934f79a139df054fd042ae189bd8d6ccbb8c7da08c50f900af9f870e765fd9e#1104552,1772786687,24597307,0x9934f79a139df054fd042ae189bd8d6ccbb8c7da08c50f900af9f870e765fd9e,41,0x8ad599c3a0ff1de082011efddc58f1908eb6e6d8,3000.0,0.0,2159848808.0,,,0x67116602d011f1a4870061c3c9659e8207028936,0xc36442b4a4522e871399cd717abdd847ab11fe88,0xa0b86991c6218b36c1d19d4a2e9eb0ce3606eb48,USDC,6,0xc02aaa39b223fe8d0a0e5c4f27ead9083c756cc2,WETH,18,0.0,1.1239553617252092,2338.551721725085,245458044408915.0,,,193860,198840,2026-03-06T08:44:47+00:00
burn,0xbaa99b6f4f156e43e26126647ce432961f8cbbe39bca5f8765f828d34e6bf174#1104558,1772786987,24597332,0xbaa99b6f4f156e43e26126647ce432961f8cbbe39bca5f8765f828d34e6bf174,177,0x8ad599c3a0ff1de082011efddc58f1908eb6e6d8,3000.0,0.0,2052234305.0,,,0x32e343673ad567400e5e26b0c7294e7c9725cb91,0xc36442b4a4522e871399cd717abdd847ab11fe88,0xa0b86991c6218b36c1d19d4a2e9eb0ce3606eb48,USDC,6,0xc02aaa39b223fe8d0a0e5c4f27ead9083c756cc2,WETH,18,0.0,0.0,0.0,0.0,,,199680,200820,2026-03-06T08:49:47+00:00
burn,0xbd70e6d221f6dc1e280e5f9f56ea351d61b5e73083de219706b88d8cf0e37ba3#1104693,1772802071,24598579,0xbd70e6d221f6dc1e280e5f9f56ea351d61b5e73083de219706b88d8cf0e37ba3,7,0x8ad599c3a0ff1de082011efddc58f1908eb6e6d8,3000.0,0.0,8287453483.0,,,0xae2fc483527b8ef99eb5d9b44875f005ba1fae13,0x1f2f10d1c40777ae1da742455c65828ff36df387,0xa0b86991c6218b36c1d19d4a2e9eb0ce3606eb48,USDC,6,0xc02aaa39b223fe8d0a0e5c4f27ead9083c756cc2,WETH,18,326467.009367,436.9268402705612,1220404.7937569798,9.002252697956516e+18,,,200040,200100,2026-03-06T13:01:11+00:00
burn,0x29b2c4bde6a302296c0ff16c1bef9696ee05365ecc0578eedeab6312095c3bf7#1104735,1772805599,24598872,0x29b2c4bde6a302296c0ff16c1bef9696ee05365ecc0578eedeab6312095c3bf7,250,0x8ad599c3a0ff1de082011efddc58f1908eb6e6d8,3000.0,0.0,13580688670.0,,,0xae2fc483527b8ef99eb5d9b44875f005ba1fae13,0x1f2f10d1c40777ae1da742455c65828ff36df387,0xa0b86991c6218b36c1d19d4a2e9eb0ce3606eb48,USDC,6,0xc02aaa39b223fe8d0a0e5c4f27ead9083c756cc2,WETH,18,765786.652249,124.7876701070251,1018787.0686496483,7.54948488057743e+18,,,200160,200220,2026-03-06T13:59:59+00:00
burn,0x329951cceb9a825395b82d8433361704a364539af620cc20ed4b446074d0df4e#1104743,1772805899,24598897,0x329951cceb9a825395b82d8433361704a364539af620cc20ed4b446074d0df4e,385,0x8ad599c3a0ff1de082011efddc58f1908eb6e6d8,3000.0,0.0,427286025.0,,,0xd8f3d8e1fd123d69dec6d96ad6708bdb378c7fa2,0xc36442b4a4522e871399cd717abdd847ab11fe88,0xa0b86991c6218b36c1d19d4a2e9eb0ce3606eb48,USDC,6,0xc02aaa39b223fe8d0a0e5c4f27ead9083c756cc2,WETH,18,0.0,0.2843226907522096,574.0744953059516,192166882447289.0,,,198780,200160,2026-03-06T14:04:59+00:00
burn,0x379a1b8932ac86713392835e05fe10e5e2e9c741c167ee3fdaba1d712fdc8422#1104745,1772805995,24598905,0x379a1b8932ac86713392835e05fe10e5e2e9c741c167ee3fdaba1d712fdc8422,940,0x8ad599c3a0ff1de082011efddc58f1908eb6e6d8,3000.0,0.0,441405392.0,,,0x846abee8d773693cb30bcc2b6846eabf155bd50b,0xc36442b4a4522e871399cd717abdd847ab11fe88,0xa0b86991c6218b36c1d19d4a2e9eb0ce3606eb48,USDC,6,0xc02aaa39b223fe8d0a0e5c4f27ead9083c756cc2,WETH,18,0.0,0.276088298221069,557.4484753285823,186601454175032.0,,,198780,200160,2026-03-06T14:06:35+00:00
burn,0xf938e3a2241ef333b8d26ec7f1b69804b900dd30b456694a3d95a80b4c6cbb89#1104745,1772806079,24598912,0xf938e3a2241ef333b8d26ec7f1b69804b900dd30b456694a3d95a80b4c6cbb89,445,0x8ad599c3a0ff1de082011efddc58f1908eb6e6d8,3000.0,0.0,481211540.0,,,0x5aab047825f77018ac38a81d70014d4aede5e9ad,0xc36442b4a4522e871399cd717abdd847ab11fe88,0xa0b86991c6218b36c1d19d4a2e9eb0ce3606eb48,USDC,6,0xc02aaa39b223fe8d0a0e5c4f27ead9083c756cc2,WETH,18,0.0,0.33888067170033476,684.2322364797037,229041312285029.0,,,198780,200160,2026-03-06T14:07:59+00:00
burn,0xd54d724f77dc37e61f4437a18a6ed0bd79c328e967bce27ae708f4b589d3dcdc#1104763,1772807435,24599025,0xd54d724f77dc37e61f4437a18a6ed0bd79c328e967bce27ae708f4b589d3dcdc,1163,0x8ad599c3a0ff1de082011efddc58f1908eb6e6d8,3000.0,0.0,281449013.0,,,0xb2256071f809f9bbd88d56ec9d0570ea7c1499a1,0xc36442b4a4522e871399cd717abdd847ab11fe88,0xa0b86991c6218b36c1d19d4a2e9eb0ce3606eb48,USDC,6,0xc02aaa39b223fe8d0a0e5c4f27ead9083c756cc2,WETH,18,1217.35451,0.3602998200326471,1940.9139170002568,462830461359551.0,,,199560,201480,2026-03-06T14:30:35+00:00
burn,0xe796fb31a7f01a848ef54a669eb05fbe3bff470f76b41226a01313c27023f9e5#1104774,1772807831,24599058,0xe796fb31a7f01a848ef54a669eb05fbe3bff470f76b41226a01313c27023f9e5,1036,0x8ad599c3a0ff1de082011efddc58f1908eb6e6d8,3000.0,0.0,2310068979.0,,,0xd0dc5007ee8dfdba75e8832558297807557815de,0xc36442b4a4522e871399cd717abdd847ab11fe88,0xa0b86991c6218b36c1d19d4a2e9eb0ce3606eb48,USDC,6,0xc02aaa39b223fe8d0a0e5c4f27ead9083c756cc2,WETH,18,0.0,0.0,0.0,0.0,,,199200,200820,2026-03-06T14:37:11+00:00
burn,0x47f8418c36720bd9a621f0dd76b3f47dbedce8b21e13f0c917eb43cec7dbbb9f#1104783,1772808659,24599127,0x47f8418c36720bd9a621f0dd76b3f47dbedce8b21e13f0c917eb43cec7dbbb9f,254,0x8ad599c3a0ff1de082011efddc58f1908eb6e6d8,3000.0,0.0,2472950351.0,,,0xb7cc87afb86c4782bf42592054f7737d15a2867e,0xc36442b4a4522e871399cd717abdd847ab11fe88,0xa0b86991c6218b36c1d19d4a2e9eb0ce3606eb48,USDC,6,0xc02aaa39b223fe8d0a0e5c4f27ead9083c756cc2,WETH,18,2067.569066,3.919290942659508,9842.980991224797,359178619914960.0,,,187080,203160,2026-03-06T14:50:59+00:00
burn,0x47f8418c36720bd9a621f0dd76b3f47dbedce8b21e13f0c917eb43cec7dbbb9f#1104784,1772808659,24599127,0x47f8418c36720bd9a621f0dd76b3f47dbedce8b21e13f0c917eb43cec7dbbb9f,256,0x8ad599c3a0ff1de082011efddc58f1908eb6e6d8,3000.0,0.0,2472950351.0,,,0xb7cc87afb86c4782bf42592054f7737d15a2867e,0xc36442b4a4522e871399cd717abdd847ab11fe88,0xa0b86991c6218b36c1d19d4a2e9eb0ce3606eb48,USDC,6,0xc02aaa39b223fe8d0a0e5c4f27ead9083c756cc2,WETH,18,0.0,0.0,0.0,0.0,,,187080,203160,2026-03-06T14:50:59+00:00
burn,0xe98693c882a837692b9bbc6d770f19eb37ba880195c84c55e0b169deb2998cef#1104790,1772809103,24599163,0xe98693c882a837692b9bbc6d770f19eb37ba880195c84c55e0b169deb2998cef,325,0x8ad599c3a0ff1de082011efddc58f1908eb6e6d8,3000.0,0.0,2455523428.0,,,0xb7cc87afb86c4782bf42592054f7737d15a2867e,0xc36442b4a4522e871399cd717abdd847ab11fe88,0xa0b86991c6218b36c1d19d4a2e9eb0ce3606eb48,USDC,6,0xc02aaa39b223fe8d0a0e5c4f27ead9083c756cc2,WETH,18,2745.845749,5.242492957456227,13131.14635801135,479720348084795.0,,,187080,203160,2026-03-06T14:58:23+00:00
burn,0xfcc604aecfc6f97a353c2a24b5becd96718f35990bd4e3a114c88541cd0e50de#1104792,1772809127,24599165,0xfcc604aecfc6f97a353c2a24b5becd96718f35990bd4e3a114c88541cd0e50de,293,0x8ad599c3a0ff1de082011efddc58f1908eb6e6d8,3000.0,0.0,2500945378.0,,,0x07c74d8a5fb752303a99936151eedc39c6529d97,0xc36442b4a4522e871399cd717abdd847ab11fe88,0xa0b86991c6218b36c1d19d4a2e9eb0ce3606eb48,USDC,6,0xc02aaa39b223fe8d0a0e5c4f27ead9083c756cc2,WETH,18,0.0,4.999999999999999,9904.170487561501,790958817272769.0,,,192780,199680,2026-03-06T14:58:47+00:00
burn,0x6fbf2fb4786a1087ec45a19dc81c7de9388ac225ea2e0c090f9636aeba6bebf3#1104803,1772809451,24599192,0x6fbf2fb4786a1087ec45a19dc81c7de9388ac225ea2e0c090f9636aeba6bebf3,570,0x8ad599c3a0ff1de082011efddc58f1908eb6e6d8,3000.0,0.0,741439611.0,,,0xbb8b4d64f99f714954522c3bfd21b1cb1a6de9d8,0xc36442b4a4522e871399cd717abdd847ab11fe88,0xa0b86991c6218b36c1d19d4a2e9eb0ce3606eb48,USDC,6,0xc02aaa39b223fe8d0a0e5c4f27ead9083c756cc2,WETH,18,0.0,0.0,0.0,0.0,,,187320,414480,2026-03-06T15:04:11+00:00
burn,0x0376eb54a3b34f719a6e15b4cdb808dcb83df1e9e8c1fe050ce5854f54f26ec3#1104804,1772809463,24599193,0x0376eb54a3b34f719a6e15b4cdb808dcb83df1e9e8c1fe050ce5854f54f26ec3,1649,0x8ad599c3a0ff1de082011efddc58f1908eb6e6d8,3000.0,0.0,733569129.0,,,0xc74ece8ed49f2f6d2e4164de632c900a0150296f,0xc36442b4a4522e871399cd717abdd847ab11fe88,0xa0b86991c6218b36c1d19d4a2e9eb0ce3606eb48,USDC,6,0xc02aaa39b223fe8d0a0e5c4f27ead9083c756cc2,WETH,18,0.0,2.732968140252469,5416.367227563426,1847147570074833.0,,,198780,200160,2026-03-06T15:04:23+00:00
burn,0x27b699a8ab6dfd79eeafe8dfd69509a9a7f83ecb94a44c457e55e0e267e850e8#1104806,1772809487,24599195,0x27b699a8ab6dfd79eeafe8dfd69509a9a7f83ecb94a44c457e55e0e267e850e8,465,0x8ad599c3a0ff1de082011efddc58f1908eb6e6d8,3000.0,0.0,745829229.0,,,0xbb8b4d64f99f714954522c3bfd21b1cb1a6de9d8,0xc36442b4a4522e871399cd717abdd847ab11fe88,0xa0b86991c6218b36c1d19d4a2e9eb0ce3606eb48,USDC,6,0xc02aaa39b223fe8d0a0e5c4f27ead9083c756cc2,WETH,18,2.585861,0.000626406494650021,3.8273125774200834,58086915358.0,,,187320,414480,2026-03-06T15:04:47+00:00
burn,0xb16b291966162fcf8e15a12c9993a3a7c480811dd9503168ea75aa60ae751479#1104809,1772809787,24599220,0xb16b291966162fcf8e15a12c9993a3a7c480811dd9503168ea75aa60ae751479,960,0x8ad599c3a0ff1de082011efddc58f1908eb6e6d8,3000.0,0.0,597591775.0,,,0x846abee8d773693cb30bcc2b6846eabf155bd50b,0xc36442b4a4522e871399cd717abdd847ab11fe88,0xa0b86991c6218b36c1d19d4a2e9eb0ce3606eb48,USDC,6,0xc02aaa39b223fe8d0a0e5c4f27ead9083c756cc2,WETH,18,0.0,0.22579361039750015,447.2160336086902,152608481833834.0,,,198780,200160,2026-03-06T15:09:47+00:00
burn,0x4bf8e5370b34da0b68cf21d0a70998a6dc067fba01f2ad3c0e1887a55866cb08#1104814,1772809919,24599231,0x4bf8e5370b34da0b68cf21d0a70998a6dc067fba01f2ad3c0e1887a55866cb08,348,0x8ad599c3a0ff1de082011efddc58f1908eb6e6d8,3000.0,0.0,619750524.0,,,0x5370eb8a0d876b723c716b96eb34caf64f69b505,0xc36442b4a4522e871399cd717abdd847ab11fe88,0xa0b86991c6218b36c1d19d4a2e9eb0ce3606eb48,USDC,6,0xc02aaa39b223fe8d0a0e5c4f27ead9083c756cc2,WETH,18,0.0,0.8685565813722255,1720.0465508374214,583525047825138.0,,,198900,200280,2026-03-06T15:11:59+00:00
burn,0xe6d64ae7a4707fc012b262bf9b2839c2c7b9e3798b5362b52dfca9fa0d8ea9b3#1104814,1772809919,24599231,0xe6d64ae7a4707fc012b262bf9b2839c2c7b9e3798b5362b52dfca9fa0d8ea9b3,568,0x8ad599c3a0ff1de082011efddc58f1908eb6e6d8,3000.0,0.0,619750524.0,,,0xf148f45b042c7fd459623ac7a7ebe271754bd9aa,0xc36442b4a4522e871399cd717abdd847ab11fe88,0xa0b86991c6218b36c1d19d4a2e9eb0ce3606eb48,USDC,6,0xc02aaa39b223fe8d0a0e5c4f27ead9083c756cc2,WETH,18,0.0,0.32940727251790847,652.3418912099321,221306704217563.0,,,198900,200280,2026-03-06T15:11:59+00:00
burn,0xa83794e162335f11119d35c29e044eebdda8f054e7809d75a408010d23625ecc#1104816,1772809955,24599234,0xa83794e162335f11119d35c29e044eebdda8f054e7809d75a408010d23625ecc,335,0x8ad599c3a0ff1de082011efddc58f1908eb6e6d8,3000.0,0.0,2592510076.0,,,0x1a8d698f7a6b24d18389b49a8dcbe860c3ed9989,0xc36442b4a4522e871399cd717abdd847ab11fe88,0xa0b86991c6218b36c1d19d4a2e9eb0ce3606eb48,USDC,6,0xc02aaa39b223fe8d0a0e5c4f27ead9083c756cc2,WETH,18,0.0,0.0,0.0,0.0,,,182880,203880,2026-03-06T15:12:35+00:00
burn,0x4b6395201c7f914e1b8145812b3282c2f2d19506515d40dc6a977ab6a94c0356#1104834,1772810795,24599304,0x4b6395201c7f914e1b8145812b3282c2f2d19506515d40dc6a977ab6a94c0356,67,0x8ad599c3a0ff1de082011efddc58f1908eb6e6d8,3000.0,0.0,1319908824.0,,,0x9a2dad697b5f64003ba0c1d5ff6209c8a8386cdd,0xc36442b4a4522e871399cd717abdd847ab11fe88,0xa0b86991c6218b36c1d19d4a2e9eb0ce3606eb48,USDC,6,0xc02aaa39b223fe8d0a0e5c4f27ead9083c756cc2,WETH,18,0.0,0.0,0.0,0.0,,,190500,204360,2026-03-06T15:26:35+00:00
burn,0x1ffd841a0e246cbaf333e9c73efcfb6a7e44d8df6edb4e4aa7ec160f3b5013ff#1104835,1772810831,24599307,0x1ffd841a0e246cbaf333e9c73efcfb6a7e44d8df6edb4e4aa7ec160f3b5013ff,70,0x8ad599c3a0ff1de082011efddc58f1908eb6e6d8,3000.0,0.0,1545488670.0,,,0x9a2dad697b5f64003ba0c1d5ff6209c8a8386cdd,0xc36442b4a4522e871399cd717abdd847ab11fe88,0xa0b86991c6218b36c1d19d4a2e9eb0ce3606eb48,USDC,6,0xc02aaa39b223fe8d0a0e5c4f27ead9083c756cc2,WETH,18,1.020969,0.001099525439388773,3.2102605899357393,126106031597.0,,,190500,204360,2026-03-06T15:27:11+00:00
burn,0x2fa2dbbc549186914ac9cdacd4a4b187a7297a534c3a379455dca49615d2a224#1104837,1772811095,24599329,0x2fa2dbbc549186914ac9cdacd4a4b187a7297a534c3a379455dca49615d2a224,1809,0x8ad599c3a0ff1de082011efddc58f1908eb6e6d8,3000.0,0.0,461976743.0,,,0x5aab047825f77018ac38a81d70014d4aede5e9ad,0xc36442b4a4522e871399cd717abdd847ab11fe88,0xa0b86991c6218b36c1d19d4a2e9eb0ce3606eb48,USDC,6,0xc02aaa39b223fe8d0a0e5c4f27ead9083c756cc2,WETH,18,0.0,0.25356666084025714,504.88270058156354,146857563406799.0,,,198540,200160,2026-03-06T15:31:35+00:00
burn,0xcbf75223deaef3d1534a41ab5822768ef2196bb3a225b15939684050e013d15f#1104837,1772811203,24599338,0xcbf75223deaef3d1534a41ab5822768ef2196bb3a225b15939684050e013d15f,501,0x8ad599c3a0ff1de082011efddc58f1908eb6e6d8,3000.0,0.0,1718290189.0,,,0x6592c34b0e8c09b5badb2a4ca3403a634bd63be7,0xc36442b4a4522e871399cd717abdd847ab11fe88,0xa0b86991c6218b36c1d19d4a2e9eb0ce3606eb48,USDC,6,0xc02aaa39b223fe8d0a0e5c4f27ead9083c756cc2,WETH,18,0.0,0.0,0.0,0.0,,,190500,204360,2026-03-06T15:33:23+00:00
burn,0x20bd4e398d9f1fddf891678ea3783c33941046aae5df7f93d6394c5754edae43#1104840,1772811239,24599340,0x20bd4e398d9f1fddf891678ea3783c33941046aae5df7f93d6394c5754edae43,339,0x8ad599c3a0ff1de082011efddc58f1908eb6e6d8,3000.0,0.0,1733279561.0,,,0x6592c34b0e8c09b5badb2a4ca3403a634bd63be7,0xc36442b4a4522e871399cd717abdd847ab11fe88,0xa0b86991c6218b36c1d19d4a2e9eb0ce3606eb48,USDC,6,0xc02aaa39b223fe8d0a0e5c4f27ead9083c756cc2,WETH,18,1.021009,0.001099568487722217,3.2103863641847816,126110973285.0,,,190500,204360,2026-03-06T15:33:59+00:00
burn,0xb740cd97f49640e97c8f532441b67fe50fb14c8d6ab4487488c3e51763edd51f#1104847,1772812067,24599409,0xb740cd97f49640e97c8f532441b67fe50fb14c8d6ab4487488c3e51763edd51f,296,0x8ad599c3a0ff1de082011efddc58f1908eb6e6d8,3000.0,0.0,1544389730.0,,,0x7575cf47038261f160e4a82c1730842fe4fca591,0xc36442b4a4522e871399cd717abdd847ab11fe88,0xa0b86991c6218b36c1d19d4a2e9eb0ce3606eb48,USDC,6,0xc02aaa39b223fe8d0a0e5c4f27ead9083c756cc2,WETH,18,0.0,0.0,0.0,0.0,,,190500,204360,2026-03-06T15:47:47+00:00
burn,0xbebac7f3114ba7a9ae4133adad7f49843b90454f49ac5757bf9dfd4be6ca3be8#1104848,1772812091,24599411,0xbebac7f3114ba7a9ae4133adad7f49843b90454f49ac5757bf9dfd4be6ca3be8,280,0x8ad599c3a0ff1de082011efddc58f1908eb6e6d8,3000.0,0.0,1557790990.0,,,0x7575cf47038261f160e4a82c1730842fe4fca591,0xc36442b4a4522e871399cd717abdd847ab11fe88,0xa0b86991c6218b36c1d19d4a2e9eb0ce3606eb48,USDC,6,0xc02aaa39b223fe8d0a0e5c4f27ead9083c756cc2,WETH,18,1.227269,0.001335426521022957,3.8794892424003464,152660651871.0,,,190500,204360,2026-03-06T15:48:11+00:00
burn,0x78e6a078d6f8a2696fcb6da1fa66d238efa22699cbab871cd1dea2083f3f3ad6#1104860,1772812331,24599430,0x78e6a078d6f8a2696fcb6da1fa66d238efa22699cbab871cd1dea2083f3f3ad6,690,0x8ad599c3a0ff1de082011efddc58f1908eb6e6d8,3000.0,0.0,2706489416.0,,,0x45126434c5311d22ae9d42e5d7f4a0b5369ac7e8,0xc36442b4a4522e871399cd717abdd847ab11fe88,0xa0b86991c6218b36c1d19d4a2e9eb0ce3606eb48,USDC,6,0xc02aaa39b223fe8d0a0e5c4f27ead9083c756cc2,WETH,18,0.0,0.0,0.0,0.0,,,190500,204360,2026-03-06T15:52:11+00:00
burn,0xe34bb77a4698dc335566824c108fe25d3c119ef40a44218ee8b76c8d91832831#1104860,1772812355,24599432,0xe34bb77a4698dc335566824c108fe25d3c119ef40a44218ee8b76c8d91832831,645,0x8ad599c3a0ff1de082011efddc58f1908eb6e6d8,3000.0,0.0,1579109733.0,,,0x45126434c5311d22ae9d42e5d7f4a0b5369ac7e8,0xc36442b4a4522e871399cd717abdd847ab11fe88,0xa0b86991c6218b36c1d19d4a2e9eb0ce3606eb48,USDC,6,0xc02aaa39b223fe8d0a0e5c4f27ead9083c756cc2,WETH,18,1.538479,0.001714867613165559,4.92419570238201,194558248948.0,,,190500,204360,2026-03-06T15:52:35+00:00
burn,0x50a095be1f267c94942f63d84daebb16d4613057436ca4b670e8fcc0cb6defb2#1104865,1772812511,24599445,0x50a095be1f267c94942f63d84daebb16d4613057436ca4b670e8fcc0cb6defb2,473,0x8ad599c3a0ff1de082011efddc58f1908eb6e6d8,3000.0,0.0,1841972432.0,,,0xc0b99b69bf1d2476ab57158efb555a294c95496c,0xc36442b4a4522e871399cd717abdd847ab11fe88,0xa0b86991c6218b36c1d19d4a2e9eb0ce3606eb48,USDC,6,0xc02aaa39b223fe8d0a0e5c4f27ead9083c756cc2,WETH,18,0.0,0.0,0.0,0.0,,,190500,204360,2026-03-06T15:55:11+00:00
burn,0x3c62a6905217342d8570c1f6586e9ba0dae76f0a7069fdd72678caf1e9354080#1104866,1772812547,24599448,0x3c62a6905217342d8570c1f6586e9ba0dae76f0a7069fdd72678caf1e9354080,228,0x8ad599c3a0ff1de082011efddc58f1908eb6e6d8,3000.0,0.0,1361964294.0,,,0xa4efa4ecaa76de56eeedfb87406f12a8dbcb3cab,0xc36442b4a4522e871399cd717abdd847ab11fe88,0xa0b86991c6218b36c1d19d4a2e9eb0ce3606eb48,USDC,6,0xc02aaa39b223fe8d0a0e5c4f27ead9083c756cc2,WETH,18,0.921503,0.001048411236990326,2.9904764064989253,118327231169.0,,,190440,204300,2026-03-06T15:55:47+00:00
burn,0xa833fb31406a3e59dbf537113a2b15502cba3e7bd06b568ae65ad577ffcc3f93#1104865,1772812547,24599448,0xa833fb31406a3e59dbf537113a2b15502cba3e7bd06b568ae65ad577ffcc3f93,618,0x8ad599c3a0ff1de082011efddc58f1908eb6e6d8,3000.0,0.0,2183256634.0,,,0xc0b99b69bf1d2476ab57158efb555a294c95496c,0xc36442b4a4522e871399cd717abdd847ab11fe88,0xa0b86991c6218b36c1d19d4a2e9eb0ce3606eb48,USDC,6,0xc02aaa39b223fe8d0a0e5c4f27ead9083c756cc2,WETH,18,1.56677,0.001749639026059041,5.019572190751641,198388426720.0,,,190500,204360,2026-03-06T15:55:47+00:00
burn,0x46afccf2a37f53294fd4054b86f9ae6d3999ad2541cc46b2e5d4be33c5721f8e#1104868,1772812607,24599453,0x46afccf2a37f53294fd4054b86f9ae6d3999ad2541cc46b2e5d4be33c5721f8e,373,0x8ad599c3a0ff1de082011efddc58f1908eb6e6d8,3000.0,0.0,1766912414.0,,,0x85afaafebc2aa17fe5f5cb7497ecf46d929f2cde,0xc36442b4a4522e871399cd717abdd847ab11fe88,0xa0b86991c6218b36c1d19d4a2e9eb0ce3606eb48,USDC,6,0xc02aaa39b223fe8d0a0e5c4f27ead9083c756cc2,WETH,18,0.0,0.0,0.0,0.0,,,190500,204360,2026-03-06T15:56:47+00:00
burn,0xc133a031364f48b7cdaac44232cb9b7d7bb2aba66f9ef8e0ffda351e07029513#1104867,1772812643,24599456,0xc133a031364f48b7cdaac44232cb9b7d7bb2aba66f9ef8e0ffda351e07029513,449,0x8ad599c3a0ff1de082011efddc58f1908eb6e6d8,3000.0,0.0,1656981915.0,,,0x85afaafebc2aa17fe5f5cb7497ecf46d929f2cde,0xc36442b4a4522e871399cd717abdd847ab11fe88,0xa0b86991c6218b36c1d19d4a2e9eb0ce3606eb48,USDC,6,0xc02aaa39b223fe8d0a0e5c4f27ead9083c756cc2,WETH,18,1.020415,0.001139515536507336,3.2691769916151165,129207620054.0,,,190500,204360,2026-03-06T15:57:23+00:00
burn,0xacee9a216bfee32e296256ad5c7b3dd1e9640e82ee83c2b5110ea9e21e13ad62#1104868,1772812715,24599462,0xacee9a216bfee32e296256ad5c7b3dd1e9640e82ee83c2b5110ea9e21e13ad62,180,0x8ad599c3a0ff1de082011efddc58f1908eb6e6d8,3000.0,0.0,2052024384.0,,,0x7732a31e517e33a5048a5cb8f1799ca666ed4b28,0xc36442b4a4522e871399cd717abdd847ab11fe88,0xa0b86991c6218b36c1d19d4a2e9eb0ce3606eb48,USDC,6,0xc02aaa39b223fe8d0a0e5c4f27ead9083c756cc2,WETH,18,0.0,0.0,0.0,0.0,,,190500,204360,2026-03-06T15:58:35+00:00
burn,0x411dde5c73f7d6d2354e4f8988897d85a18bc2a1e2afb2aefd807422c934b338#1104871,1772812739,24599464,0x411dde5c73f7d6d2354e4f8988897d85a18bc2a1e2afb2aefd807422c934b338,270,0x8ad599c3a0ff1de082011efddc58f1908eb6e6d8,3000.0,0.0,1585527612.0,,,0x7732a31e517e33a5048a5cb8f1799ca666ed4b28,0xc36442b4a4522e871399cd717abdd847ab11fe88,0xa0b86991c6218b36c1d19d4a2e9eb0ce3606eb48,USDC,6,0xc02aaa39b223fe8d0a0e5c4f27ead9083c756cc2,WETH,18,1.56677,0.001749639026059041,5.019572190751641,198388426720.0,,,190500,204360,2026-03-06T15:58:59+00:00
burn,0x21dc4672e7771cfdeec84625373c113499618479d7cca24f647fbdfdd626308d#1104872,1772812835,24599472,0x21dc4672e7771cfdeec84625373c113499618479d7cca24f647fbdfdd626308d,273,0x8ad599c3a0ff1de082011efddc58f1908eb6e6d8,3000.0,0.0,1642875862.0,,,0xdd32744a5ad3ef85de6e7122d7fc7c62ddeaa61a,0xc36442b4a4522e871399cd717abdd847ab11fe88,0xa0b86991c6218b36c1d19d4a2e9eb0ce3606eb48,USDC,6,0xc02aaa39b223fe8d0a0e5c4f27ead9083c756cc2,WETH,18,1.044513,0.001166426017375634,3.346381127173563,132258951147.0,,,190500,204360,2026-03-06T16:00:35+00:00
burn,0x9f6636865b5da36926d653493d83f640c1ac48e8afe2fa1dc6db35c0c39bf000#1104876,1772813087,24599493,0x9f6636865b5da36926d653493d83f640c1ac48e8afe2fa1dc6db35c0c39bf000,400,0x8ad599c3a0ff1de082011efddc58f1908eb6e6d8,3000.0,0.0,1216604361.0,,,0xe7467e7714cc4a15beb97ecee4ac7cb31f3a75f0,0xc36442b4a4522e871399cd717abdd847ab11fe88,0xa0b86991c6218b36c1d19d4a2e9eb0ce3606eb48,USDC,6,0xc02aaa39b223fe8d0a0e5c4f27ead9083c756cc2,WETH,18,1.054293,0.001163613513122376,3.357222974436361,132425639064.0,,,190500,204360,2026-03-06T16:04:47+00:00
burn,0x06da2280f0baf02832dae2cab837bb99defcba3a7a6f2085d68546ca970cc173#1104880,1772813195,24599502,0x06da2280f0baf02832dae2cab837bb99defcba3a7a6f2085d68546ca970cc173,447,0x8ad599c3a0ff1de082011efddc58f1908eb6e6d8,3000.0,0.0,1059213909.0,,,0x148748840007bdcafae63dad65cae5b7fc934538,0xc36442b4a4522e871399cd717abdd847ab11fe88,0xa0b86991c6218b36c1d19d4a2e9eb0ce3606eb48,USDC,6,0xc02aaa39b223fe8d0a0e5c4f27ead9083c756cc2,WETH,18,2.641813,0.002915708710126015,8.412365737803578,331825015435.0,,,190500,204360,2026-03-06T16:06:35+00:00
burn,0x1076da16cdf8f5fbe49e40d108d96d6e55220e7ff981170c796df3973f8cdfc0#1104881,1772813291,24599510,0x1076da16cdf8f5fbe49e40d108d96d6e55220e7ff981170c796df3973f8cdfc0,289,0x8ad599c3a0ff1de082011efddc58f1908eb6e6d8,3000.0,0.0,1189140798.0,,,0x11beafcbdcf71ab1aacb92407539043f20eec881,0xc36442b4a4522e871399cd717abdd847ab11fe88,0xa0b86991c6218b36c1d19d4a2e9eb0ce3606eb48,USDC,6,0xc02aaa39b223fe8d0a0e5c4f27ead9083c756cc2,WETH,18,5.02647,0.005758281866097836,16.422831053508478,649275182236.0,,,190380,204240,2026-03-06T16:08:11+00:00
burn,0x3e4164fffe869a965b62bb7c174870c1f3acdb9eaf7bf44f628aae7a454e6983#1104889,1772813807,24599553,0x3e4164fffe869a965b62bb7c174870c1f3acdb9eaf7bf44f628aae7a454e6983,451,0x8ad599c3a0ff1de082011efddc58f1908eb6e6d8,3000.0,0.0,2253605030.0,,,0x12a43e3ea481a895b1e06c386cbc92f87b4e98a1,0xc36442b4a4522e871399cd717abdd847ab11fe88,0xa0b86991c6218b36c1d19d4a2e9eb0ce3606eb48,USDC,6,0xc02aaa39b223fe8d0a0e5c4f27ead9083c756cc2,WETH,18,3742.658265,2.107898433522132,7901.87764397906,303916928443061.0,,,193080,206940,2026-03-06T16:16:47+00:00
burn,0xfbdcf7392faad3ada10490e967e7f160cf0aa497597988bbc7b51b18be0d0173#1104893,1772816435,24599769,0xfbdcf7392faad3ada10490e967e7f160cf0aa497597988bbc7b51b18be0d0173,1043,0x8ad599c3a0ff1de082011efddc58f1908eb6e6d8,3000.0,0.0,213253656.0,,,0xc74ece8ed49f2f6d2e4164de632c900a0150296f,0xc36442b4a4522e871399cd717abdd847ab11fe88,0xa0b86991c6218b36c1d19d4a2e9eb0ce3606eb48,USDC,6,0xc02aaa39b223fe8d0a0e5c4f27ead9083c756cc2,WETH,18,0.0,4.09258737068044,8074.2961841736615,2766081574728118.0,,,198780,200160,2026-03-06T17:00:35+00:00
burn,0xa1971987d484ac49e7e59f3eac7204676672b4a0a273a0367e6892b8494cb441#1104895,1772816471,24599772,0xa1971987d484ac49e7e59f3eac7204676672b4a0a273a0367e6892b8494cb441,199,0x8ad599c3a0ff1de082011efddc58f1908eb6e6d8,3000.0,0.0,235200516.0,,,0xbd6edb6416caa13d9e2f15e41b14a7b9a6daebf0,0xc36442b4a4522e871399cd717abdd847ab11fe88,0xa0b86991c6218b36c1d19d4a2e9eb0ce3606eb48,USDC,6,0xc02aaa39b223fe8d0a0e5c4f27ead9083c756cc2,WETH,18,0.0,0.2855328168577158,563.3298265364338,192984777636899.0,,,198780,200160,2026-03-06T17:01:11+00:00
burn,0x39a0deb7b568b9bd4a9871b5558dfd3c1405587abad9846027f8e83bc0397f16#1104900,1772816675,24599789,0x39a0deb7b568b9bd4a9871b5558dfd3c1405587abad9846027f8e83bc0397f16,869,0x8ad599c3a0ff1de082011efddc58f1908eb6e6d8,3000.0,0.0,183074999.0,,,0xbd6edb6416caa13d9e2f15e41b14a7b9a6daebf0,0xc36442b4a4522e871399cd717abdd847ab11fe88,0xa0b86991c6218b36c1d19d4a2e9eb0ce3606eb48,USDC,6,0xc02aaa39b223fe8d0a0e5c4f27ead9083c756cc2,WETH,18,0.0,0.452675834070293,893.087644266955,305952731251853.0,,,198780,200160,2026-03-06T17:04:35+00:00
burn,0x33bed3c7224eb9a7b83fa8ea13029b2bd78bd763825406874117a5e1107e0f9c#1104902,1772817107,24599825,0x33bed3c7224eb9a7b83fa8ea13029b2bd78bd763825406874117a5e1107e0f9c,401,0x8ad599c3a0ff1de082011efddc58f1908eb6e6d8,3000.0,0.0,163779495.0,,,0xb2256071f809f9bbd88d56ec9d0570ea7c1499a1,0xc36442b4a4522e871399cd717abdd847ab11fe88,0xa0b86991c6218b36c1d19d4a2e9eb0ce3606eb48,USDC,6,0xc02aaa39b223fe8d0a0e5c4f27ead9083c756cc2,WETH,18,494.409123,1.2112328495576,2884.059753438055,1162671344005833.0,,,199500,200640,2026-03-06T17:11:47+00:00
burn,0x45fa93c14ed1c57844e5f5d60af29996fabcc7c5c3d0344e816916ff6856f6ba#1104921,1772820311,24600090,0x45fa93c14ed1c57844e5f5d60af29996fabcc7c5c3d0344e816916ff6856f6ba,394,0x8ad599c3a0ff1de082011efddc58f1908eb6e6d8,3000.0,0.0,220451717.0,,,0xd2225a137e328502b8a8f8e98bfef59b7ff25cb4,0xc36442b4a4522e871399cd717abdd847ab11fe88,0xa0b86991c6218b36c1d19d4a2e9eb0ce3606eb48,USDC,6,0xc02aaa39b223fe8d0a0e5c4f27ead9083c756cc2,WETH,18,0.0,0.0,0.0,0.0,,,190560,207300,2026-03-06T18:05:11+00:00
burn,0x24f7319a6c92e50fd2219c452c7d7c05367475005b9af2dbb7f42edaa41bfa26#1104924,1772820431,24600100,0x24f7319a6c92e50fd2219c452c7d7c05367475005b9af2dbb7f42edaa41bfa26,112,0x8ad599c3a0ff1de082011efddc58f1908eb6e6d8,3000.0,0.0,2219416780.0,,,0xe5661c3ad2a9716415aebf37a8e6ec263451ca8d,0xc36442b4a4522e871399cd717abdd847ab11fe88,0xa0b86991c6218b36c1d19d4a2e9eb0ce3606eb48,USDC,6,0xc02aaa39b223fe8d0a0e5c4f27ead9083c756cc2,WETH,18,0.0,0.0,0.0,0.0,,,199200,202920,2026-03-06T18:07:11+00:00
burn,0xa06e975f57511447be258e33c8dc3ad0ffb157a92b2179e1296c79f3ca28b2cc#1104936,1772821607,24600198,0xa06e975f57511447be258e33c8dc3ad0ffb157a92b2179e1296c79f3ca28b2cc,431,0x8ad599c3a0ff1de082011efddc58f1908eb6e6d8,3000.0,0.0,2097338580.0,,,0x0e537578296f92a8cbfe9af9f94d379fa272ae73,0xc36442b4a4522e871399cd717abdd847ab11fe88,0xa0b86991c6218b36c1d19d4a2e9eb0ce3606eb48,USDC,6,0xc02aaa39b223fe8d0a0e5c4f27ead9083c756cc2,WETH,18,0.0,0.0,0.0,0.0,,,199020,201060,2026-03-06T18:26:47+00:00
burn,0x6e4d71e0d0c0846352aad14dede811a56067d8b62ceb5a94d5ed7eb4ec732681#1104939,1772821679,24600204,0x6e4d71e0d0c0846352aad14dede811a56067d8b62ceb5a94d5ed7eb4ec732681,242,0x8ad599c3a0ff1de082011efddc58f1908eb6e6d8,3000.0,0.0,2101341312.0,,,0xd9602696e645759506a6afd695ba820c169393af,0xc36442b4a4522e871399cd717abdd847ab11fe88,0xa0b86991c6218b36c1d19d4a2e9eb0ce3606eb48,USDC,6,0xc02aaa39b223fe8d0a0e5c4f27ead9083c756cc2,WETH,18,0.0,0.0,0.0,0.0,,,199080,201180,2026-03-06T18:27:59+00:00
burn,0xf3a374676247721837911ed88acc1b91f3de01b6a106f8f0100da78387b416e9#1104939,1772821787,24600213,0xf3a374676247721837911ed88acc1b91f3de01b6a106f8f0100da78387b416e9,1118,0x8ad599c3a0ff1de082011efddc58f1908eb6e6d8,3000.0,0.0,2084002218.0,,,0x651c1fef07237faebb7128dfe632f6a52532f5a1,0xc36442b4a4522e871399cd717abdd847ab11fe88,0xa0b86991c6218b36c1d19d4a2e9eb0ce3606eb48,USDC,6,0xc02aaa39b223fe8d0a0e5c4f27ead9083c756cc2,WETH,18,0.0,0.0,0.0,0.0,,,199080,201180,2026-03-06T18:29:47+00:00
burn,0xeb9161a3e09e7a7616b5b504aea942a781ee0c9e5a8cd18f8fe5c2d33b71f220#1104964,1772825195,24600497,0xeb9161a3e09e7a7616b5b504aea942a781ee0c9e5a8cd18f8fe5c2d33b71f220,149,0x8ad599c3a0ff1de082011efddc58f1908eb6e6d8,3000.0,0.0,145705842.0,,,0x2599ed4f589ade13817c71a33af480eb265033ae,0xc36442b4a4522e871399cd717abdd847ab11fe88,0xa0b86991c6218b36c1d19d4a2e9eb0ce3606eb48,USDC,6,0xc02aaa39b223fe8d0a0e5c4f27ead9083c756cc2,WETH,18,2057.305486,1.5958095455447856,5226.426478818866,447440304558026.0,,,196920,202560,2026-03-06T19:26:35+00:00
burn,0xc071be5273fabd714fefe1c24200f36d4751d75e1937295c4006dfad941d977f#1104968,1772827211,24600664,0xc071be5273fabd714fefe1c24200f36d4751d75e1937295c4006dfad941d977f,709,0x8ad599c3a0ff1de082011efddc58f1908eb6e6d8,3000.0,0.0,53384236.0,,,0x158d8a91eeb479dc3f578aba68a55d78a7ee4b03,0xc36442b4a4522e871399cd717abdd847ab11fe88,0xa0b86991c6218b36c1d19d4a2e9eb0ce3606eb48,USDC,6,0xc02aaa39b223fe8d0a0e5c4f27ead9083c756cc2,WETH,18,0.0,0.0,0.0,0.0,,,199380,200580,2026-03-06T20:00:11+00:00
burn,0xb58e9d5337d035241346e059a9280084510cec89f559ef0de1ffd48ed9600e0e#1104969,1772827463,24600685,0xb58e9d5337d035241346e059a9280084510cec89f559ef0de1ffd48ed9600e0e,96,0x8ad599c3a0ff1de082011efddc58f1908eb6e6d8,3000.0,0.0,2052029231.0,,,0x233a235d6c9dfffda2c3b8c551a7d93889ff7985,0xc36442b4a4522e871399cd717abdd847ab11fe88,0xa0b86991c6218b36c1d19d4a2e9eb0ce3606eb48,USDC,6,0xc02aaa39b223fe8d0a0e5c4f27ead9083c756cc2,WETH,18,0.0,0.0,0.0,0.0,,,197280,205500,2026-03-06T20:04:23+00:00
burn,0xc943d6b63cd93050662c2d63e70f4149a4d227fe976c985ccc32f15e219f67ee#1104983,1772829119,24600822,0xc943d6b63cd93050662c2d63e70f4149a4d227fe976c985ccc32f15e219f67ee,152,0x8ad599c3a0ff1de082011efddc58f1908eb6e6d8,3000.0,0.0,141625348.0,,,0xac9ae9cad6fffdea762ba1275a2ce794f97a5b3b,0xc36442b4a4522e871399cd717abdd847ab11fe88,0xa0b86991c6218b36c1d19d4a2e9eb0ce3606eb48,USDC,6,0xc02aaa39b223fe8d0a0e5c4f27ead9083c756cc2,WETH,18,875.145807,0.4576386613235046,1780.6389613421932,160169338657520.0,,,197700,203040,2026-03-06T20:31:59+00:00
burn,0x73b3b8adeff3eabe2eac18adf7856305ab0f95b4cb47d02b44a90bbf8a4bc925#1104992,1772830247,24600916,0x73b3b8adeff3eabe2eac18adf7856305ab0f95b4cb47d02b44a90bbf8a4bc925,130,0x8ad599c3a0ff1de082011efddc58f1908eb6e6d8,3000.0,0.0,335592468.0,,,0xe7ef3e0cf0c53e0e33e344007f7ea63944744461,0xc36442b4a4522e871399cd717abdd847ab11fe88,0xa0b86991c6218b36c1d19d4a2e9eb0ce3606eb48,USDC,6,0xc02aaa39b223fe8d0a0e5c4f27ead9083c756cc2,WETH,18,1120.215688,0.67354600309989,2451.3005499264887,159081210752919.0,,,196260,203880,2026-03-06T20:50:47+00:00
burn,0x73b3b8adeff3eabe2eac18adf7856305ab0f95b4cb47d02b44a90bbf8a4bc925#1104993,1772830247,24600916,0x73b3b8adeff3eabe2eac18adf7856305ab0f95b4cb47d02b44a90bbf8a4bc925,132,0x8ad599c3a0ff1de082011efddc58f1908eb6e6d8,3000.0,0.0,335592468.0,,,0xe7ef3e0cf0c53e0e33e344007f7ea63944744461,0xc36442b4a4522e871399cd717abdd847ab11fe88,0xa0b86991c6218b36c1d19d4a2e9eb0ce3606eb48,USDC,6,0xc02aaa39b223fe8d0a0e5c4f27ead9083c756cc2,WETH,18,0.0,0.0,0.0,0.0,,,196260,203880,2026-03-06T20:50:47+00:00
burn,0x6cdf7094baf28f0521f075cf6addf02badb33ed7a4fe16f020801de6bf6c5faa#1105042,1772839127,24601653,0x6cdf7094baf28f0521f075cf6addf02badb33ed7a4fe16f020801de6bf6c5faa,340,0x8ad599c3a0ff1de082011efddc58f1908eb6e6d8,3000.0,0.0,134571654.0,,,0x5d69c42a3a481d0ccfd88cfa8a2a08e2bf456134,0xc36442b4a4522e871399cd717abdd847ab11fe88,0xa0b86991c6218b36c1d19d4a2e9eb0ce3606eb48,USDC,6,0xc02aaa39b223fe8d0a0e5c4f27ead9083c756cc2,WETH,18,101.105959,0.04950666975602185,199.3219212228906,83999089905230.0,,,199860,200940,2026-03-06T23:18:47+00:00
burn,0xab6d655cf034f383d4b6233bf0ee02e0e2a5756964a8d029edf6f538b05a89a9#1105053,1772842715,24601949,0xab6d655cf034f383d4b6233bf0ee02e0e2a5756964a8d029edf6f538b05a89a9,978,0x8ad599c3a0ff1de082011efddc58f1908eb6e6d8,3000.0,0.0,31677227.0,,,0xa1e0b6edbf434be1322e2d1e2d438bbfcbe81546,0xc36442b4a4522e871399cd717abdd847ab11fe88,0xa0b86991c6218b36c1d19d4a2e9eb0ce3606eb48,USDC,6,0xc02aaa39b223fe8d0a0e5c4f27ead9083c756cc2,WETH,18,0.0,0.0,0.0,0.0,,,199560,201000,2026-03-07T00:18:35+00:00
burn,0x984e699ed743936e0f86da972ac915a3109865bbb4f1c974f4cbe037edd8788b#1105054,1772842943,24601968,0x984e699ed743936e0f86da972ac915a3109865bbb4f1c974f4cbe037edd8788b,794,0x8ad599c3a0ff1de082011efddc58f1908eb6e6d8,3000.0,0.0,34264020.0,,,0xa1e0b6edbf434be1322e2d1e2d438bbfcbe81546,0xc36442b4a4522e871399cd717abdd847ab11fe88,0xa0b86991c6218b36c1d19d4a2e9eb0ce3606eb48,USDC,6,0xc02aaa39b223fe8d0a0e5c4f27ead9083c756cc2,WETH,18,0.0,0.0,0.0,0.0,,,199620,201060,2026-03-07T00:22:23+00:00
burn,0x0725e586ddc36bf9a2b1a3b54fd59590099930be2bfd44295a7242006c341f7e#1105057,1772843267,24601995,0x0725e586ddc36bf9a2b1a3b54fd59590099930be2bfd44295a7242006c341f7e,143,0x8ad599c3a0ff1de082011efddc58f1908eb6e6d8,3000.0,0.0,87294237.0,,,0x89f314f2ce7ee6b849452c81e0dc8c6a60e4270e,0xc36442b4a4522e871399cd717abdd847ab11fe88,0xa0b86991c6218b36c1d19d4a2e9eb0ce3606eb48,USDC,6,0xc02aaa39b223fe8d0a0e5c4f27ead9083c756cc2,WETH,18,0.0,0.0,0.0,0.0,,,192180,200280,2026-03-07T00:27:47+00:00
burn,0x6bfd542c72aead58a15c9b9369d144f01b2a58b1630abdd800d8d4cc5f6b3352#1105066,1772848979,24602467,0x6bfd542c72aead58a15c9b9369d144f01b2a58b1630abdd800d8d4cc5f6b3352,1195,0x8ad599c3a0ff1de082011efddc58f1908eb6e6d8,3000.0,0.0,35466955.0,,,0x83681c14770b44361e21faf91d8325423365ea5c,0xc36442b4a4522e871399cd717abdd847ab11fe88,0xa0b86991c6218b36c1d19d4a2e9eb0ce3606eb48,USDC,6,0xc02aaa39b223fe8d0a0e5c4f27ead9083c756cc2,WETH,18,0.0,0.0,0.0,0.0,,,199140,207360,2026-03-07T02:02:59+00:00
burn,0x7dccc4509c56e979914b054db549619f1660c5a09ff4fb504f2884b8a94dbe7c#1105070,1772850359,24602581,0x7dccc4509c56e979914b054db549619f1660c5a09ff4fb504f2884b8a94dbe7c,810,0x8ad599c3a0ff1de082011efddc58f1908eb6e6d8,3000.0,0.0,44242031.0,,,0x2389790c31e3187a80ac7b312f734011b43614e0,0xc36442b4a4522e871399cd717abdd847ab11fe88,0xa0b86991c6218b36c1d19d4a2e9eb0ce3606eb48,USDC,6,0xc02aaa39b223fe8d0a0e5c4f27ead9083c756cc2,WETH,18,0.0,0.0,0.0,0.0,,,193320,200340,2026-03-07T02:25:59+00:00
burn,0xfb5f34e56e2e808febeeefc5ad06242b656290e81205ad69d26d68b74aac2acd#1105085,1772851163,24602648,0xfb5f34e56e2e808febeeefc5ad06242b656290e81205ad69d26d68b74aac2acd,1246,0x8ad599c3a0ff1de082011efddc58f1908eb6e6d8,3000.0,0.0,60799630.0,,,0x2389790c31e3187a80ac7b312f734011b43614e0,0xc36442b4a4522e871399cd717abdd847ab11fe88,0xa0b86991c6218b36c1d19d4a2e9eb0ce3606eb48,USDC,6,0xc02aaa39b223fe8d0a0e5c4f27ead9083c756cc2,WETH,18,0.0,18.514375929206583,36633.93294519436,2793195495851539.0,,,193320,200340,2026-03-07T02:39:23+00:00
burn,0x834d297bfd89cb1d86fae247a3e059cf36d0d4e4d9b0442d14bb790fe7924d2d#1105103,1772853827,24602869,0x834d297bfd89cb1d86fae247a3e059cf36d0d4e4d9b0442d14bb790fe7924d2d,967,0x8ad599c3a0ff1de082011efddc58f1908eb6e6d8,3000.0,0.0,38117841.0,,,0x1bcd2eeb14e7eb43cc6118a29dfb7c43491a9292,0xc36442b4a4522e871399cd717abdd847ab11fe88,0xa0b86991c6218b36c1d19d4a2e9eb0ce3606eb48,USDC,6,0xc02aaa39b223fe8d0a0e5c4f27ead9083c756cc2,WETH,18,161.49607,0.36020168894181664,878.0700677142268,52993660817313.0,,,193140,201780,2026-03-07T03:23:47+00:00
burn,0x8bd963e573dfc1f0b3b5454d801bce6c3ace83bc5f0e4c73c97fdf3fb7e266f9#1105158,1772862023,24603549,0x8bd963e573dfc1f0b3b5454d801bce6c3ace83bc5f0e4c73c97fdf3fb7e266f9,649,0x8ad599c3a0ff1de082011efddc58f1908eb6e6d8,3000.0,0.0,35207746.0,,,0x001fd99044af0e172b2528bd3267eda0e98143fe,0xc36442b4a4522e871399cd717abdd847ab11fe88,0xa0b86991c6218b36c1d19d4a2e9eb0ce3606eb48,USDC,6,0xc02aaa39b223fe8d0a0e5c4f27ead9083c756cc2,WETH,18,0.0,0.0,0.0,0.0,,,188820,201540,2026-03-07T05:40:23+00:00
burn,0x260458e40bef53e2d4155b62958e407d0eb972d31948c90ad6844db42107b562#1105164,1772862935,24603624,0x260458e40bef53e2d4155b62958e407d0eb972d31948c90ad6844db42107b562,299,0x8ad599c3a0ff1de082011efddc58f1908eb6e6d8,3000.0,0.0,51978251.0,,,0x0320618babfa9d52f72b0565bfad3f22b3fc0c78,0xc36442b4a4522e871399cd717abdd847ab11fe88,0xa0b86991c6218b36c1d19d4a2e9eb0ce3606eb48,USDC,6,0xc02aaa39b223fe8d0a0e5c4f27ead9083c756cc2,WETH,18,0.0,0.0,0.0,0.0,,,198480,201960,2026-03-07T05:55:35+00:00
burn,0x950092f8c90e48543ba6112be8e52e4d114659166e4d9ae7f4c3dfb33643e98e#1105167,1772865995,24603876,0x950092f8c90e48543ba6112be8e52e4d114659166e4d9ae7f4c3dfb33643e98e,155,0x8ad599c3a0ff1de082011efddc58f1908eb6e6d8,3000.0,0.0,54195695.0,,,0xa4a8e8de0d3ca52db7c715b51a34b5e5c1b717fa,0xc36442b4a4522e871399cd717abdd847ab11fe88,0xa0b86991c6218b36c1d19d4a2e9eb0ce3606eb48,USDC,6,0xc02aaa39b223fe8d0a0e5c4f27ead9083c756cc2,WETH,18,0.0,0.0,0.0,0.0,,,198480,206880,2026-03-07T06:46:35+00:00
burn,0x221e3bd155d677cb80044dceba0bb3b36ab79c2ddca2f1de67618649503149da#1105170,1772866031,24603879,0x221e3bd155d677cb80044dceba0bb3b36ab79c2ddca2f1de67618649503149da,127,0x8ad599c3a0ff1de082011efddc58f1908eb6e6d8,3000.0,0.0,70320282.0,,,0xa4a8e8de0d3ca52db7c715b51a34b5e5c1b717fa,0xc36442b4a4522e871399cd717abdd847ab11fe88,0xa0b86991c6218b36c1d19d4a2e9eb0ce3606eb48,USDC,6,0xc02aaa39b223fe8d0a0e5c4f27ead9083c756cc2,WETH,18,0.0,0.0,0.0,0.0,,,195480,203160,2026-03-07T06:47:11+00:00
burn,0x885a82c54c5878ef69d461933382897e5da2a539ba82b7fa263fb3f5a9b12d63#1105181,1772867975,24604039,0x885a82c54c5878ef69d461933382897e5da2a539ba82b7fa263fb3f5a9b12d63,64,0x8ad599c3a0ff1de082011efddc58f1908eb6e6d8,3000.0,0.0,2032511833.0,,,0xe6581036d835e19b5b597a856d431b048cd66007,0xc36442b4a4522e871399cd717abdd847ab11fe88,0xa0b86991c6218b36c1d19d4a2e9eb0ce3606eb48,USDC,6,0xc02aaa39b223fe8d0a0e5c4f27ead9083c756cc2,WETH,18,0.0,0.0,0.0,0.0,,,199380,201120,2026-03-07T07:19:35+00:00
burn,0x2b088c50660623b5fd288b9ffa21abed6ad4e3acd6ae15f064862050f67f2d77#1105182,1772868479,24604081,0x2b088c50660623b5fd288b9ffa21abed6ad4e3acd6ae15f064862050f67f2d77,769,0x8ad599c3a0ff1de082011efddc58f1908eb6e6d8,3000.0,0.0,34437858.0,,,0xd7a587af7a0b3cafe2b00275790ef926fdc96fe7,0xc36442b4a4522e871399cd717abdd847ab11fe88,0xa0b86991c6218b36c1d19d4a2e9eb0ce3606eb48,USDC,6,0xc02aaa39b223fe8d0a0e5c4f27ead9083c756cc2,WETH,18,0.0,0.0,0.0,0.0,,,194640,199980,2026-03-07T07:27:59+00:00
burn,0x98d228d92f0fdddd9d1f2ee57be58c0a3a457f6c1284ed87209c896755c290f9#1105220,1772874539,24604584,0x98d228d92f0fdddd9d1f2ee57be58c0a3a457f6c1284ed87209c896755c290f9,342,0x8ad599c3a0ff1de082011efddc58f1908eb6e6d8,3000.0,0.0,64189280.0,,,0x97f1b8264e183a78417965dfdf52d47b8bc59a92,0xc36442b4a4522e871399cd717abdd847ab11fe88,0xa0b86991c6218b36c1d19d4a2e9eb0ce3606eb48,USDC,6,0xc02aaa39b223fe8d0a0e5c4f27ead9083c756cc2,WETH,18,641.394738,0.4345604427549015,1502.1638477799963,112101481029161.0,,,196620,203160,2026-03-07T09:08:59+00:00
burn,0x98d228d92f0fdddd9d1f2ee57be58c0a3a457f6c1284ed87209c896755c290f9#1105221,1772874539,24604584,0x98d228d92f0fdddd9d1f2ee57be58c0a3a457f6c1284ed87209c896755c290f9,344,0x8ad599c3a0ff1de082011efddc58f1908eb6e6d8,3000.0,0.0,64189280.0,,,0x97f1b8264e183a78417965dfdf52d47b8bc59a92,0xc36442b4a4522e871399cd717abdd847ab11fe88,0xa0b86991c6218b36c1d19d4a2e9eb0ce3606eb48,USDC,6,0xc02aaa39b223fe8d0a0e5c4f27ead9083c756cc2,WETH,18,0.0,0.0,0.0,0.0,,,196620,203160,2026-03-07T09:08:59+00:00
burn,0x66782caeb64c46b68dcbb23ae70aa45aaa961edc803a2b903fc2e61977b101b4#1105230,1772875523,24604666,0x66782caeb64c46b68dcbb23ae70aa45aaa961edc803a2b903fc2e61977b101b4,360,0x8ad599c3a0ff1de082011efddc58f1908eb6e6d8,3000.0,0.0,2164249725.0,,,0x1ba47d3eb72a1ddaa6407dc77ef87228e294ae9a,0xc36442b4a4522e871399cd717abdd847ab11fe88,0xa0b86991c6218b36c1d19d4a2e9eb0ce3606eb48,USDC,6,0xc02aaa39b223fe8d0a0e5c4f27ead9083c756cc2,WETH,18,34.388738,0.01771920263488435,69.51949487883029,2665945179112.0,,,193380,207240,2026-03-07T09:25:23+00:00
burn,0xe1df9245c0c3c909e3b346323e7392fa5e48afb36d8eb37df2c83eec93597856#1105232,1772876843,24604775,0xe1df9245c0c3c909e3b346323e7392fa5e48afb36d8eb37df2c83eec93597856,758,0x8ad599c3a0ff1de082011efddc58f1908eb6e6d8,3000.0,0.0,60902871.0,,,0x3bb666008e4400d4406810389ba68fc194df8120,0xc36442b4a4522e871399cd717abdd847ab11fe88,0xa0b86991c6218b36c1d19d4a2e9eb0ce3606eb48,USDC,6,0xc02aaa39b223fe8d0a0e5c4f27ead9083c756cc2,WETH,18,0.0,0.0,0.0,0.0,,,192240,201240,2026-03-07T09:47:23+00:00
burn,0x577f9e42e4396369e6d7c0c589cd0a7070988e0e5b829358c067d457f022cbc6#1105240,1772879759,24605015,0x577f9e42e4396369e6d7c0c589cd0a7070988e0e5b829358c067d457f022cbc6,118,0x8ad599c3a0ff1de082011efddc58f1908eb6e6d8,3000.0,0.0,2066550735.0,,,0xe6581036d835e19b5b597a856d431b048cd66007,0xc36442b4a4522e871399cd717abdd847ab11fe88,0xa0b86991c6218b36c1d19d4a2e9eb0ce3606eb48,USDC,6,0xc02aaa39b223fe8d0a0e5c4f27ead9083c756cc2,WETH,18,0.0,0.0,0.0,0.0,,,199380,201120,2026-03-07T10:35:59+00:00
burn,0xadd5361d96135665456fefd57651675696a04148784cf3487e50085ea21b1059#1105239,1772879795,24605018,0xadd5361d96135665456fefd57651675696a04148784cf3487e50085ea21b1059,20,0x8ad599c3a0ff1de082011efddc58f1908eb6e6d8,3000.0,0.0,2061075842.0,,,0xe6581036d835e19b5b597a856d431b048cd66007,0xc36442b4a4522e871399cd717abdd847ab11fe88,0xa0b86991c6218b36c1d19d4a2e9eb0ce3606eb48,USDC,6,0xc02aaa39b223fe8d0a0e5c4f27ead9083c756cc2,WETH,18,104.77096,0.07402665898776198,251.53940509142726,66399724065572.0,,,199380,201120,2026-03-07T10:36:35+00:00
burn,0xc545044b1dc2a9597b861cd2ddcdc32574e33accf94b61a58b1e46dd82ef4dd6#1105242,1772880311,24605061,0xc545044b1dc2a9597b861cd2ddcdc32574e33accf94b61a58b1e46dd82ef4dd6,309,0x8ad599c3a0ff1de082011efddc58f1908eb6e6d8,3000.0,0.0,169044847.0,,,0x26a656ee5588f3afb5476caa2f3d58ef3ec4e2cc,0xc36442b4a4522e871399cd717abdd847ab11fe88,0xa0b86991c6218b36c1d19d4a2e9eb0ce3606eb48,USDC,6,0xc02aaa39b223fe8d0a0e5c4f27ead9083c756cc2,WETH,18,0.0,0.0,0.0,0.0,,,198180,212280,2026-03-07T10:45:11+00:00
burn,0x2e23b2a80975c3a3e99943161e49a07c03f9c8ca9f2cce35b0a71782f4fb55ed#1105245,1772881055,24605122,0x2e23b2a80975c3a3e99943161e49a07c03f9c8ca9f2cce35b0a71782f4fb55ed,777,0x8ad599c3a0ff1de082011efddc58f1908eb6e6d8,3000.0,0.0,137023861.0,,,0x473e3c139f4e65c57e07b5949e47b79c86efa047,0xc36442b4a4522e871399cd717abdd847ab11fe88,0xa0b86991c6218b36c1d19d4a2e9eb0ce3606eb48,USDC,6,0xc02aaa39b223fe8d0a0e5c4f27ead9083c756cc2,WETH,18,0.0,0.2572553078759666,510.0454660525319,117686983775715.0,,,195000,197400,2026-03-07T10:57:35+00:00
burn,0x48c8c8ee99783436d0b125d1a747ed49ac584cc9dde98f88cb3a9477e1683acc#1105254,1772882411,24605235,0x48c8c8ee99783436d0b125d1a747ed49ac584cc9dde98f88cb3a9477e1683acc,679,0x8ad599c3a0ff1de082011efddc58f1908eb6e6d8,3000.0,0.0,84877494.0,,,0x26a656ee5588f3afb5476caa2f3d58ef3ec4e2cc,0xc36442b4a4522e871399cd717abdd847ab11fe88,0xa0b86991c6218b36c1d19d4a2e9eb0ce3606eb48,USDC,6,0xc02aaa39b223fe8d0a0e5c4f27ead9083c756cc2,WETH,18,0.980443,0.000114077178438586,1.2072270587657221,49011902482.0,,,198180,212280,2026-03-07T11:20:11+00:00
burn,0x71f277bf60874d4209bae107b40f5a49da46162ff8bd6ed84901e2a35dab3652#1105263,1772886575,24605580,0x71f277bf60874d4209bae107b40f5a49da46162ff8bd6ed84901e2a35dab3652,780,0x8ad599c3a0ff1de082011efddc58f1908eb6e6d8,3000.0,0.0,48672444.0,,,0x0af2f426f822b06c9e2fe8907f4049d7944b592f,0xc36442b4a4522e871399cd717abdd847ab11fe88,0xa0b86991c6218b36c1d19d4a2e9eb0ce3606eb48,USDC,6,0xc02aaa39b223fe8d0a0e5c4f27ead9083c756cc2,WETH,18,1.358307,0.000416848033817658,2.187004956192024,84754678778.0,,,195420,209280,2026-03-07T12:29:35+00:00
burn,0x738a36c5235863dab287b61a57227e378a9e02f97ea722ad0fcd842e9932f62a#1105272,1772889047,24605785,0x738a36c5235863dab287b61a57227e378a9e02f97ea722ad0fcd842e9932f62a,47,0x8ad599c3a0ff1de082011efddc58f1908eb6e6d8,3000.0,0.0,234147635.0,,,0x8c7ac867ddb2a1b405ce89a1cc838226eafe5f03,0xc36442b4a4522e871399cd717abdd847ab11fe88,0xa0b86991c6218b36c1d19d4a2e9eb0ce3606eb48,USDC,6,0xc02aaa39b223fe8d0a0e5c4f27ead9083c756cc2,WETH,18,0.0,0.0,0.0,0.0,,,198900,201120,2026-03-07T13:10:47+00:00
burn,0xd04e6667c1cac80ffe01aeb3b8bd8d0770e37bc41de22cf3f49816390dfad457#1105271,1772889107,24605789,0xd04e6667c1cac80ffe01aeb3b8bd8d0770e37bc41de22cf3f49816390dfad457,158,0x8ad599c3a0ff1de082011efddc58f1908eb6e6d8,3000.0,0.0,145480732.0,,,0x8c7ac867ddb2a1b405ce89a1cc838226eafe5f03,0xc36442b4a4522e871399cd717abdd847ab11fe88,0xa0b86991c6218b36c1d19d4a2e9eb0ce3606eb48,USDC,6,0xc02aaa39b223fe8d0a0e5c4f27ead9083c756cc2,WETH,18,372.946268,0.3704843730126443,1108.6642404962572,231123446084390.0,,,198900,201120,2026-03-07T13:11:47+00:00
burn,0x95ea2ea62f01848b811541ab89c9e0fb35055565d79076e74b66dbf11f095452#1105272,1772889167,24605794,0x95ea2ea62f01848b811541ab89c9e0fb35055565d79076e74b66dbf11f095452,23,0x8ad599c3a0ff1de082011efddc58f1908eb6e6d8,3000.0,0.0,124049782.0,,,0x8c7ac867ddb2a1b405ce89a1cc838226eafe5f03,0xc36442b4a4522e871399cd717abdd847ab11fe88,0xa0b86991c6218b36c1d19d4a2e9eb0ce3606eb48,USDC,6,0xc02aaa39b223fe8d0a0e5c4f27ead9083c756cc2,WETH,18,0.0,0.0,0.0,0.0,,,197100,206280,2026-03-07T13:12:47+00:00
burn,0x023ddf88299c1466b7598613de0e01a82b96c60f28c09594408da6f0cd249c55#1105275,1772889203,24605797,0x023ddf88299c1466b7598613de0e01a82b96c60f28c09594408da6f0cd249c55,232,0x8ad599c3a0ff1de082011efddc58f1908eb6e6d8,3000.0,0.0,155789276.0,,,0x8c7ac867ddb2a1b405ce89a1cc838226eafe5f03,0xc36442b4a4522e871399cd717abdd847ab11fe88,0xa0b86991c6218b36c1d19d4a2e9eb0ce3606eb48,USDC,6,0xc02aaa39b223fe8d0a0e5c4f27ead9083c756cc2,WETH,18,21597.941123,6.445850830283759,34398.28750551215,1897885422281254.0,,,197100,206280,2026-03-07T13:13:23+00:00
burn,0xdef6f30088fe64cf2c7ed4ae22d55b6b74b7affa933ca6567a9491628912bf00#1105274,1772889251,24605801,0xdef6f30088fe64cf2c7ed4ae22d55b6b74b7affa933ca6567a9491628912bf00,28,0x8ad599c3a0ff1de082011efddc58f1908eb6e6d8,3000.0,0.0,124118194.0,,,0x8c7ac867ddb2a1b405ce89a1cc838226eafe5f03,0xc36442b4a4522e871399cd717abdd847ab11fe88,0xa0b86991c6218b36c1d19d4a2e9eb0ce3606eb48,USDC,6,0xc02aaa39b223fe8d0a0e5c4f27ead9083c756cc2,WETH,18,0.0,0.0,0.0,0.0,,,198720,201660,2026-03-07T13:14:11+00:00
burn,0xd05a607511f21bec9794cb19ec0a0a904c0f131821cd908c9d09fc90478d13ba#1105275,1772889287,24605804,0xd05a607511f21bec9794cb19ec0a0a904c0f131821cd908c9d09fc90478d13ba,62,0x8ad599c3a0ff1de082011efddc58f1908eb6e6d8,3000.0,0.0,192790304.0,,,0x8c7ac867ddb2a1b405ce89a1cc838226eafe5f03,0xc36442b4a4522e871399cd717abdd847ab11fe88,0xa0b86991c6218b36c1d19d4a2e9eb0ce3606eb48,USDC,6,0xc02aaa39b223fe8d0a0e5c4f27ead9083c756cc2,WETH,18,17315.289606,11.237159242482289,39630.34691130364,6278944416059340.0,,,198720,201660,2026-03-07T13:14:47+00:00
burn,0x61241e01611f9460265c16e4811693698f225977d62f35c3bd5c67f131d76649#1105286,1772890823,24605931,0x61241e01611f9460265c16e4811693698f225977d62f35c3bd5c67f131d76649,143,0x8ad599c3a0ff1de082011efddc58f1908eb6e6d8,3000.0,0.0,104685951.0,,,0x0e6ea2fc6cd99235becd9abcce0d1c65e405c6bc,0xc36442b4a4522e871399cd717abdd847ab11fe88,0xa0b86991c6218b36c1d19d4a2e9eb0ce3606eb48,USDC,6,0xc02aaa39b223fe8d0a0e5c4f27ead9083c756cc2,WETH,18,0.0,0.002999999999999774,5.950974280855254,3220130008361.0,,,187800,189300,2026-03-07T13:40:23+00:00
burn,0xc0abd43ae57eee628f1bb65dd7d7487383a9680117eb56f0788905d31ff49b26#1105302,1772892719,24606088,0xc0abd43ae57eee628f1bb65dd7d7487383a9680117eb56f0788905d31ff49b26,1353,0x8ad599c3a0ff1de082011efddc58f1908eb6e6d8,3000.0,0.0,62126174.0,,,0x986a1de622305f441a3c763036ca06da417ffff4,0xc36442b4a4522e871399cd717abdd847ab11fe88,0xa0b86991c6218b36c1d19d4a2e9eb0ce3606eb48,USDC,6,0xc02aaa39b223fe8d0a0e5c4f27ead9083c756cc2,WETH,18,0.0,0.0,0.0,0.0,,,199920,206160,2026-03-07T14:11:59+00:00
burn,0xe96e55ee5c6dffa9128f557c113f60d53606192431a8a702446a2beafb78b058#1105304,1772892731,24606089,0xe96e55ee5c6dffa9128f557c113f60d53606192431a8a702446a2beafb78b058,508,0x8ad599c3a0ff1de082011efddc58f1908eb6e6d8,3000.0,0.0,80559028.0,,,0x986a1de622305f441a3c763036ca06da417ffff4,0xc36442b4a4522e871399cd717abdd847ab11fe88,0xa0b86991c6218b36c1d19d4a2e9eb0ce3606eb48,USDC,6,0xc02aaa39b223fe8d0a0e5c4f27ead9083c756cc2,WETH,18,1.20151,6.1228438299959e-05,1.3225401184913417,108461434643.0,,,199920,206160,2026-03-07T14:12:11+00:00
burn,0x5860859e514295d5488f68929531c07dfd966f4768265cc26749d563e30e8de9#1105327,1772896247,24606380,0x5860859e514295d5488f68929531c07dfd966f4768265cc26749d563e30e8de9,317,0x8ad599c3a0ff1de082011efddc58f1908eb6e6d8,3000.0,0.0,88623694.0,,,0x59dd2d970d74f0f72eb0a4cdf3efd2db9ada58cf,0xc36442b4a4522e871399cd717abdd847ab11fe88,0xa0b86991c6218b36c1d19d4a2e9eb0ce3606eb48,USDC,6,0xc02aaa39b223fe8d0a0e5c4f27ead9083c756cc2,WETH,18,0.0,0.0,0.0,0.0,,,195000,202500,2026-03-07T15:10:47+00:00
burn,0x8e149ea0d9ae51faf489bb11dcef36991374f3d67db3562718bd20ebcce319e9#1105326,1772896787,24606425,0x8e149ea0d9ae51faf489bb11dcef36991374f3d67db3562718bd20ebcce319e9,164,0x8ad599c3a0ff1de082011efddc58f1908eb6e6d8,3000.0,0.0,144883161.0,,,0x43a76b029edcde8e7fc64a8bb0e240b0e642aaeb,0xc36442b4a4522e871399cd717abdd847ab11fe88,0xa0b86991c6218b36c1d19d4a2e9eb0ce3606eb48,USDC,6,0xc02aaa39b223fe8d0a0e5c4f27ead9083c756cc2,WETH,18,0.0,0.0,0.0,0.0,,,189600,203460,2026-03-07T15:19:47+00:00
burn,0x9759b61808a3538df0a654a4c91612fff79286fe5b23c3654f8f004a9d185123#1105327,1772896883,24606433,0x9759b61808a3538df0a654a4c91612fff79286fe5b23c3654f8f004a9d185123,1078,0x8ad599c3a0ff1de082011efddc58f1908eb6e6d8,3000.0,0.0,206530605.0,,,0x43a76b029edcde8e7fc64a8bb0e240b0e642aaeb,0xc36442b4a4522e871399cd717abdd847ab11fe88,0xa0b86991c6218b36c1d19d4a2e9eb0ce3606eb48,USDC,6,0xc02aaa39b223fe8d0a0e5c4f27ead9083c756cc2,WETH,18,3.992848,0.005921834464652487,15.732752688323576,631979203735.0,,,189600,203460,2026-03-07T15:21:23+00:00
burn,0xa37199dce0e6ed046c6babafc93ddb0a05a9b8f9b295b28fea1696f7ffd04144#1105329,1772898035,24606528,0xa37199dce0e6ed046c6babafc93ddb0a05a9b8f9b295b28fea1696f7ffd04144,438,0x8ad599c3a0ff1de082011efddc58f1908eb6e6d8,3000.0,0.0,77136664.0,,,0x59dd2d970d74f0f72eb0a4cdf3efd2db9ada58cf,0xc36442b4a4522e871399cd717abdd847ab11fe88,0xa0b86991c6218b36c1d19d4a2e9eb0ce3606eb48,USDC,6,0xc02aaa39b223fe8d0a0e5c4f27ead9083c756cc2,WETH,18,17088.067803,20.460856204683573,57648.8293095813,3850306737856101.0,,,195000,202500,2026-03-07T15:40:35+00:00
burn,0x45cc61c6d476eb6a89f80f75a6c380e8a3f8dda7458b0d9157665b0a402cb15f#1105339,1772904491,24607064,0x45cc61c6d476eb6a89f80f75a6c380e8a3f8dda7458b0d9157665b0a402cb15f,102,0x8ad599c3a0ff1de082011efddc58f1908eb6e6d8,3000.0,0.0,291200000.0,,,0xcaf175b9f1567471222f85da1e6e26cb3a22797b,0xc36442b4a4522e871399cd717abdd847ab11fe88,0xa0b86991c6218b36c1d19d4a2e9eb0ce3606eb48,USDC,6,0xc02aaa39b223fe8d0a0e5c4f27ead9083c756cc2,WETH,18,0.0,0.0,0.0,0.0,,,193200,200880,2026-03-07T17:28:11+00:00
burn,0x4a2a111eec128ba47f89934e3dbbe3f409a7ea1cba00725f1bb29f00497b93fc#1105358,1772907755,24607333,0x4a2a111eec128ba47f89934e3dbbe3f409a7ea1cba00725f1bb29f00497b93fc,612,0x8ad599c3a0ff1de082011efddc58f1908eb6e6d8,3000.0,0.0,32149273.0,,,0xa33ef45d184ddbc8daa47261a18b10290634f1af,0xc36442b4a4522e871399cd717abdd847ab11fe88,0xa0b86991c6218b36c1d19d4a2e9eb0ce3606eb48,USDC,6,0xc02aaa39b223fe8d0a0e5c4f27ead9083c756cc2,WETH,18,0.0,0.0,0.0,0.0,,,193380,205440,2026-03-07T18:22:35+00:00
burn,0xd56e8f6042d694cca588cdc13c872804883c2c93b548e73ad572e808f9dc0a53#1105357,1772908319,24607380,0xd56e8f6042d694cca588cdc13c872804883c2c93b548e73ad572e808f9dc0a53,297,0x8ad599c3a0ff1de082011efddc58f1908eb6e6d8,3000.0,0.0,405442957.0,,,0x6aa95c45aed3f6a04485e63016b101bd3d568f17,0xc36442b4a4522e871399cd717abdd847ab11fe88,0xa0b86991c6218b36c1d19d4a2e9eb0ce3606eb48,USDC,6,0xc02aaa39b223fe8d0a0e5c4f27ead9083c756cc2,WETH,18,0.0,0.0,0.0,0.0,,,198900,200820,2026-03-07T18:31:59+00:00
burn,0x5828f9c3fbcb4dc34c5f80506509fbab4c43b70583d70827c80db4d6a3fbe282#1105366,1772909879,24607510,0x5828f9c3fbcb4dc34c5f80506509fbab4c43b70583d70827c80db4d6a3fbe282,485,0x8ad599c3a0ff1de082011efddc58f1908eb6e6d8,3000.0,0.0,31211833.0,,,0x508a312cf7334b44b9ff22ac0bac1b3db9eed4e1,0xc36442b4a4522e871399cd717abdd847ab11fe88,0xa0b86991c6218b36c1d19d4a2e9eb0ce3606eb48,USDC,6,0xc02aaa39b223fe8d0a0e5c4f27ead9083c756cc2,WETH,18,0.0,0.0,0.0,0.0,,,198900,203160,2026-03-07T18:57:59+00:00
burn,0xaba2a102ea73e08d76ff04d13051d862e652f838cbc7beab275d89654beec45c#1105376,1772912699,24607744,0xaba2a102ea73e08d76ff04d13051d862e652f838cbc7beab275d89654beec45c,463,0x8ad599c3a0ff1de082011efddc58f1908eb6e6d8,3000.0,0.0,39817645.0,,,0x1c07e8dee041b690d2067f23946e25afd992e845,0xc36442b4a4522e871399cd717abdd847ab11fe88,0xa0b86991c6218b36c1d19d4a2e9eb0ce3606eb48,USDC,6,0xc02aaa39b223fe8d0a0e5c4f27ead9083c756cc2,WETH,18,0.0,0.0,0.0,0.0,,,189240,202920,2026-03-07T19:44:59+00:00
burn,0x25e28bed54864444f5cc89554b2ee203e501ea09320c7629ce4a18af2fb5cccc#1105387,1772913803,24607836,0x25e28bed54864444f5cc89554b2ee203e501ea09320c7629ce4a18af2fb5cccc,906,0x8ad599c3a0ff1de082011efddc58f1908eb6e6d8,3000.0,0.0,37607422.0,,,0xd8f3d8e1fd123d69dec6d96ad6708bdb378c7fa2,0xc36442b4a4522e871399cd717abdd847ab11fe88,0xa0b86991c6218b36c1d19d4a2e9eb0ce3606eb48,USDC,6,0xc02aaa39b223fe8d0a0e5c4f27ead9083c756cc2,WETH,18,0.0,0.33027859511964164,646.1189821213343,210421878438255.0,,,199080,200520,2026-03-07T20:03:23+00:00
burn,0x781a3ed2bf2202d388b4cf25d707d81d8018e7d6352f6db65b3bdfdc7c277e82#1105401,1772915699,24607994,0x781a3ed2bf2202d388b4cf25d707d81d8018e7d6352f6db65b3bdfdc7c277e82,446,0x8ad599c3a0ff1de082011efddc58f1908eb6e6d8,3000.0,0.0,147844075.0,,,0xe7ef3e0cf0c53e0e33e344007f7ea63944744461,0xc36442b4a4522e871399cd717abdd847ab11fe88,0xa0b86991c6218b36c1d19d4a2e9eb0ce3606eb48,USDC,6,0xc02aaa39b223fe8d0a0e5c4f27ead9083c756cc2,WETH,18,7847.949892,4.960113749465285,17566.694203952105,1145384717421017.0,,,196260,203880,2026-03-07T20:34:59+00:00
burn,0x781a3ed2bf2202d388b4cf25d707d81d8018e7d6352f6db65b3bdfdc7c277e82#1105402,1772915699,24607994,0x781a3ed2bf2202d388b4cf25d707d81d8018e7d6352f6db65b3bdfdc7c277e82,448,0x8ad599c3a0ff1de082011efddc58f1908eb6e6d8,3000.0,0.0,147844075.0,,,0xe7ef3e0cf0c53e0e33e344007f7ea63944744461,0xc36442b4a4522e871399cd717abdd847ab11fe88,0xa0b86991c6218b36c1d19d4a2e9eb0ce3606eb48,USDC,6,0xc02aaa39b223fe8d0a0e5c4f27ead9083c756cc2,WETH,18,0.0,0.0,0.0,0.0,,,196260,203880,2026-03-07T20:34:59+00:00
burn,0xf295bf52ee24b968f36490dcb1cf424142c2dc10ddddb1c9e8a6e85fc815c5b7#1105427,1772919143,24608280,0xf295bf52ee24b968f36490dcb1cf424142c2dc10ddddb1c9e8a6e85fc815c5b7,97,0x8ad599c3a0ff1de082011efddc58f1908eb6e6d8,3000.0,0.0,206531857.0,,,0xae2fc483527b8ef99eb5d9b44875f005ba1fae13,0x1f2f10d1c40777ae1da742455c65828ff36df387,0xa0b86991c6218b36c1d19d4a2e9eb0ce3606eb48,USDC,6,0xc02aaa39b223fe8d0a0e5c4f27ead9083c756cc2,WETH,18,765651.999606,368.382626256212,1489422.8082626115,1.120968526754585e+19,,,200460,200520,2026-03-07T21:32:23+00:00
burn,0x80b0ac5400f1a7869475cd0b747e481784d5261dd55c5142ebdc3cdc717740aa#1105434,1772922215,24608535,0x80b0ac5400f1a7869475cd0b747e481784d5261dd55c5142ebdc3cdc717740aa,253,0x8ad599c3a0ff1de082011efddc58f1908eb6e6d8,3000.0,0.0,2042103787.0,,,0x933f3b2879738e5239127548f90f8b28301a902e,0xc36442b4a4522e871399cd717abdd847ab11fe88,0xa0b86991c6218b36c1d19d4a2e9eb0ce3606eb48,USDC,6,0xc02aaa39b223fe8d0a0e5c4f27ead9083c756cc2,WETH,18,0.0,16.12511155674753,31691.3915123285,5799294761983992.0,,,193380,196620,2026-03-07T22:23:35+00:00
burn,0xc075dfa740a3d1058b65409decbe5b3891a194a05e7340d369324841d0a7dfdd#1105451,1772924507,24608726,0xc075dfa740a3d1058b65409decbe5b3891a194a05e7340d369324841d0a7dfdd,761,0x8ad599c3a0ff1de082011efddc58f1908eb6e6d8,3000.0,0.0,34597279.0,,,0x4dcff7a73fd1910cf937b6b40c434ecdbea95483,0xc36442b4a4522e871399cd717abdd847ab11fe88,0xa0b86991c6218b36c1d19d4a2e9eb0ce3606eb48,USDC,6,0xc02aaa39b223fe8d0a0e5c4f27ead9083c756cc2,WETH,18,0.0,0.0,0.0,0.0,,,199680,201120,2026-03-07T23:01:47+00:00
burn,0xb3e75093623cc127230fce8b55bc0370e3bf2aa6cab99d58c7b226f805025bfc#1105466,1772926463,24608888,0xb3e75093623cc127230fce8b55bc0370e3bf2aa6cab99d58c7b226f805025bfc,212,0x8ad599c3a0ff1de082011efddc58f1908eb6e6d8,3000.0,0.0,37914712.0,,,0xfe305d4b9221b330ce0afa2d28b843d0abc9aa77,0xc36442b4a4522e871399cd717abdd847ab11fe88,0xa0b86991c6218b36c1d19d4a2e9eb0ce3606eb48,USDC,6,0xc02aaa39b223fe8d0a0e5c4f27ead9083c756cc2,WETH,18,0.0,0.0,0.0,0.0,,,199440,201300,2026-03-07T23:34:23+00:00
burn,0xb743997496fad976b4a547dadf2b852ae3f4bc2524a496768e299566df0d8dd6#1105476,1772927579,24608980,0xb743997496fad976b4a547dadf2b852ae3f4bc2524a496768e299566df0d8dd6,100,0x8ad599c3a0ff1de082011efddc58f1908eb6e6d8,3000.0,0.0,6852603475.0,,,0xae2fc483527b8ef99eb5d9b44875f005ba1fae13,0x1f2f10d1c40777ae1da742455c65828ff36df387,0xa0b86991c6218b36c1d19d4a2e9eb0ce3606eb48,USDC,6,0xc02aaa39b223fe8d0a0e5c4f27ead9083c756cc2,WETH,18,765572.161363,127.56958941909602,1016571.3134444916,7.646891294286938e+18,,,200460,200520,2026-03-07T23:52:59+00:00
burn,0x4658f573d4c5b3e795ce1473796e1a64611dd2120b133a53917bf0ae465c7969#1105479,1772928275,24609038,0x4658f573d4c5b3e795ce1473796e1a64611dd2120b133a53917bf0ae465c7969,706,0x8ad599c3a0ff1de082011efddc58f1908eb6e6d8,3000.0,0.0,40701094.0,,,0x508a312cf7334b44b9ff22ac0bac1b3db9eed4e1,0xc36442b4a4522e871399cd717abdd847ab11fe88,0xa0b86991c6218b36c1d19d4a2e9eb0ce3606eb48,USDC,6,0xc02aaa39b223fe8d0a0e5c4f27ead9083c756cc2,WETH,18,0.0,0.0,0.0,0.0,,,198900,203160,2026-03-08T00:04:35+00:00
burn,0x6c65ebc7b49b2f1831d0df1774b02c64e7b252a39b9a2d945a576365047059c1#1105483,1772928311,24609041,0x6c65ebc7b49b2f1831d0df1774b02c64e7b252a39b9a2d945a576365047059c1,473,0x8ad599c3a0ff1de082011efddc58f1908eb6e6d8,3000.0,0.0,43265776.0,,,0xdc7b1ebbc9f79c082b2e0f02ee3077a8d974fa8e,0xc36442b4a4522e871399cd717abdd847ab11fe88,0xa0b86991c6218b36c1d19d4a2e9eb0ce3606eb48,USDC,6,0xc02aaa39b223fe8d0a0e5c4f27ead9083c756cc2,WETH,18,0.0,0.0,0.0,0.0,,,199620,201060,2026-03-08T00:05:11+00:00
burn,0x7ec927f8850913edb46535671483881008c4c34c60d1349632f28def216f9a25#1105485,1772928395,24609048,0x7ec927f8850913edb46535671483881008c4c34c60d1349632f28def216f9a25,686,0x8ad599c3a0ff1de082011efddc58f1908eb6e6d8,3000.0,0.0,41710169.0,,,0xa1e0b6edbf434be1322e2d1e2d438bbfcbe81546,0xc36442b4a4522e871399cd717abdd847ab11fe88,0xa0b86991c6218b36c1d19d4a2e9eb0ce3606eb48,USDC,6,0xc02aaa39b223fe8d0a0e5c4f27ead9083c756cc2,WETH,18,0.0,0.0,0.0,0.0,,,199560,201000,2026-03-08T00:06:35+00:00
burn,0xf211625b8649d5ec0c3f8b0c20f490d288fef1bf9335b5d2bc3901ea74bbcf5e#1105484,1772928431,24609051,0xf211625b8649d5ec0c3f8b0c20f490d288fef1bf9335b5d2bc3901ea74bbcf5e,458,0x8ad599c3a0ff1de082011efddc58f1908eb6e6d8,3000.0,0.0,42343942.0,,,0xa1e0b6edbf434be1322e2d1e2d438bbfcbe81546,0xc36442b4a4522e871399cd717abdd847ab11fe88,0xa0b86991c6218b36c1d19d4a2e9eb0ce3606eb48,USDC,6,0xc02aaa39b223fe8d0a0e5c4f27ead9083c756cc2,WETH,18,0.0,0.0,0.0,0.0,,,199620,201060,2026-03-08T00:07:11+00:00
burn,0x38b81c5379060adda7a343e09bf75eef281bbb47dfbd62fc7543777458a7c9b6#1105516,1772935067,24609603,0x38b81c5379060adda7a343e09bf75eef281bbb47dfbd62fc7543777458a7c9b6,635,0x8ad599c3a0ff1de082011efddc58f1908eb6e6d8,3000.0,0.0,33144104.0,,,0x6548691103b1d20750a0daf2d11cbeb955c27ce4,0xc36442b4a4522e871399cd717abdd847ab11fe88,0xa0b86991c6218b36c1d19d4a2e9eb0ce3606eb48,USDC,6,0xc02aaa39b223fe8d0a0e5c4f27ead9083c756cc2,WETH,18,0.920019,0.000499999955236893,1.904805924181814,444393683129.0,,,199440,201420,2026-03-08T01:57:47+00:00
burn,0x4dbe1409465d1df14392eb8ae1a8106b1f88f14c866dcbb89d550cced3d0830f#1105520,1772936303,24609706,0x4dbe1409465d1df14392eb8ae1a8106b1f88f14c866dcbb89d550cced3d0830f,823,0x8ad599c3a0ff1de082011efddc58f1908eb6e6d8,3000.0,0.0,60107070.0,,,0x35cd38e382de1c6a2580f0640a573466b2148087,0xc36442b4a4522e871399cd717abdd847ab11fe88,0xa0b86991c6218b36c1d19d4a2e9eb0ce3606eb48,USDC,6,0xc02aaa39b223fe8d0a0e5c4f27ead9083c756cc2,WETH,18,174.835813,0.23294661476854295,633.6414163482171,684222492516177.0,,,200160,200580,2026-03-08T02:18:23+00:00
burn,0x8c4989539f4d0ee9b1863345e4be5e3176d34bdf9fd0b89a17455726642d4fbc#1105552,1772939111,24609940,0x8c4989539f4d0ee9b1863345e4be5e3176d34bdf9fd0b89a17455726642d4fbc,498,0x8ad599c3a0ff1de082011efddc58f1908eb6e6d8,3000.0,0.0,38236142.0,,,0xd359446bec8ba0651f6cc976c1c8cc6485ac7d07,0xc36442b4a4522e871399cd717abdd847ab11fe88,0xa0b86991c6218b36c1d19d4a2e9eb0ce3606eb48,USDC,6,0xc02aaa39b223fe8d0a0e5c4f27ead9083c756cc2,WETH,18,0.0,0.7122874087871287,1384.2232415065391,539718346977683.0,,,199380,200580,2026-03-08T03:05:11+00:00
burn,0xc9a5295eebd9ad4eada98e3051266780cb575163b1704fe71d70d212fe9869d2#1105618,1772953511,24611139,0xc9a5295eebd9ad4eada98e3051266780cb575163b1704fe71d70d212fe9869d2,380,0x8ad599c3a0ff1de082011efddc58f1908eb6e6d8,3000.0,0.0,48382384.0,,,0x60318b16c32edf4c1a88395656209700cc093872,0xc36442b4a4522e871399cd717abdd847ab11fe88,0xa0b86991c6218b36c1d19d4a2e9eb0ce3606eb48,USDC,6,0xc02aaa39b223fe8d0a0e5c4f27ead9083c756cc2,WETH,18,0.0,0.0,0.0,0.0,,,198480,203160,2026-03-08T07:05:11+00:00
burn,0x1aff17b819252d896d6ecec906f3ad65b08eb2730d37b1fbf67594b968e163ba#1105626,1772954099,24611188,0x1aff17b819252d896d6ecec906f3ad65b08eb2730d37b1fbf67594b968e163ba,324,0x8ad599c3a0ff1de082011efddc58f1908eb6e6d8,3000.0,0.0,90839612.0,,,0xbda0136ea391e24a938793972726f8763150c7c3,0xc36442b4a4522e871399cd717abdd847ab11fe88,0xa0b86991c6218b36c1d19d4a2e9eb0ce3606eb48,USDC,6,0xc02aaa39b223fe8d0a0e5c4f27ead9083c756cc2,WETH,18,0.0,0.0,0.0,0.0,,,189420,203340,2026-03-08T07:14:59+00:00
burn,0xa382202e8dd2b00fe0cd719ff906543b1371a56a2a42bb7e7e465f76f02a489a#1105625,1772954123,24611190,0xa382202e8dd2b00fe0cd719ff906543b1371a56a2a42bb7e7e465f76f02a489a,105,0x8ad599c3a0ff1de082011efddc58f1908eb6e6d8,3000.0,0.0,81127682.0,,,0xc97370f22ed5ac4c7b24a8e1ca9d81febb3b9457,0xc36442b4a4522e871399cd717abdd847ab11fe88,0xa0b86991c6218b36c1d19d4a2e9eb0ce3606eb48,USDC,6,0xc02aaa39b223fe8d0a0e5c4f27ead9083c756cc2,WETH,18,0.0,0.0,0.0,0.0,,,187680,203100,2026-03-08T07:15:23+00:00
burn,0x50e3ac940b4fd41ab327b21c4ecf1fb5b7c184a4e9b9f26dc161f0caf339d65b#1105628,1772954171,24611194,0x50e3ac940b4fd41ab327b21c4ecf1fb5b7c184a4e9b9f26dc161f0caf339d65b,144,0x8ad599c3a0ff1de082011efddc58f1908eb6e6d8,3000.0,0.0,91249318.0,,,0x79ccedbefbfe6c95570d85e65f8b0ac0d6bd017b,0xc36442b4a4522e871399cd717abdd847ab11fe88,0xa0b86991c6218b36c1d19d4a2e9eb0ce3606eb48,USDC,6,0xc02aaa39b223fe8d0a0e5c4f27ead9083c756cc2,WETH,18,0.0,0.0,0.0,0.0,,,189000,203340,2026-03-08T07:16:11+00:00
burn,0xad33a94cabbc5ed2782988ca7a8adc84ab8789ce8179c925bdde57d6b545d453#1105627,1772954411,24611214,0xad33a94cabbc5ed2782988ca7a8adc84ab8789ce8179c925bdde57d6b545d453,490,0x8ad599c3a0ff1de082011efddc58f1908eb6e6d8,3000.0,0.0,67655780.0,,,0x707d306714ff28560f32bf9dae973bd33cd851c5,0xc36442b4a4522e871399cd717abdd847ab11fe88,0xa0b86991c6218b36c1d19d4a2e9eb0ce3606eb48,USDC,6,0xc02aaa39b223fe8d0a0e5c4f27ead9083c756cc2,WETH,18,0.0,0.0,0.0,0.0,,,188340,204360,2026-03-08T07:20:11+00:00
burn,0x6ba1d5b7c7a216ad513918093b23f5fdce0a3b29cc4db53b30b711ac0ba68675#1105630,1772954411,24611214,0x6ba1d5b7c7a216ad513918093b23f5fdce0a3b29cc4db53b30b711ac0ba68675,495,0x8ad599c3a0ff1de082011efddc58f1908eb6e6d8,3000.0,0.0,58736951.0,,,0x1b5b4fcedf1252cd92496a2fd5c593b39ac49b01,0xc36442b4a4522e871399cd717abdd847ab11fe88,0xa0b86991c6218b36c1d19d4a2e9eb0ce3606eb48,USDC,6,0xc02aaa39b223fe8d0a0e5c4f27ead9083c756cc2,WETH,18,0.0,0.0,0.0,0.0,,,188820,204960,2026-03-08T07:20:11+00:00
burn,0x92cf1453aac7c5e1f76abd58bfba4c7417641470c4d0c0c48b02c37862e13737#1105630,1772954423,24611215,0x92cf1453aac7c5e1f76abd58bfba4c7417641470c4d0c0c48b02c37862e13737,749,0x8ad599c3a0ff1de082011efddc58f1908eb6e6d8,3000.0,0.0,59135106.0,,,0x00432772ed25d4eb3c6eb26dc461239b35cf8760,0xc36442b4a4522e871399cd717abdd847ab11fe88,0xa0b86991c6218b36c1d19d4a2e9eb0ce3606eb48,USDC,6,0xc02aaa39b223fe8d0a0e5c4f27ead9083c756cc2,WETH,18,0.0,0.0,0.0,0.0,,,190380,203100,2026-03-08T07:20:23+00:00
burn,0x3c1c0f98001449373e6860ea8426fc57934b306ce773ced80a5c46af6908160b#1105634,1772954435,24611216,0x3c1c0f98001449373e6860ea8426fc57934b306ce773ced80a5c46af6908160b,539,0x8ad599c3a0ff1de082011efddc58f1908eb6e6d8,3000.0,0.0,62481916.0,,,0x2d5823e8e8b4dfbf599a97566ff2a121cc141d60,0xc36442b4a4522e871399cd717abdd847ab11fe88,0xa0b86991c6218b36c1d19d4a2e9eb0ce3606eb48,USDC,6,0xc02aaa39b223fe8d0a0e5c4f27ead9083c756cc2,WETH,18,0.0,0.0,0.0,0.0,,,188820,203940,2026-03-08T07:20:35+00:00
burn,0x76fd0c40c4818d4848181f4bf68320148ff5d4edf2cead1ad962afc2e401a31a#1105635,1772954819,24611248,0x76fd0c40c4818d4848181f4bf68320148ff5d4edf2cead1ad962afc2e401a31a,134,0x8ad599c3a0ff1de082011efddc58f1908eb6e6d8,3000.0,0.0,80876950.0,,,0x0516cf37b67235e07af38ad8e388d0e68089b0f2,0xc36442b4a4522e871399cd717abdd847ab11fe88,0xa0b86991c6218b36c1d19d4a2e9eb0ce3606eb48,USDC,6,0xc02aaa39b223fe8d0a0e5c4f27ead9083c756cc2,WETH,18,0.0,0.0,0.0,0.0,,,189480,203340,2026-03-08T07:26:59+00:00
burn,0x381f47f2a76c9d9e72616f69999538062a322be2d55797762fb77a49f49593d1#1105637,1772954987,24611262,0x381f47f2a76c9d9e72616f69999538062a322be2d55797762fb77a49f49593d1,39,0x8ad599c3a0ff1de082011efddc58f1908eb6e6d8,3000.0,0.0,76689225.0,,,0xaeaf8371bf9df3edb08bdd7d05099d49965fdf59,0xc36442b4a4522e871399cd717abdd847ab11fe88,0xa0b86991c6218b36c1d19d4a2e9eb0ce3606eb48,USDC,6,0xc02aaa39b223fe8d0a0e5c4f27ead9083c756cc2,WETH,18,0.0,0.0,0.0,0.0,,,189120,203340,2026-03-08T07:29:47+00:00
burn,0xbd96d576adfd308175f643532fbe5e22b7440c3d5627304524344a9fd10ea691#1105636,1772955179,24611278,0xbd96d576adfd308175f643532fbe5e22b7440c3d5627304524344a9fd10ea691,1623,0x8ad599c3a0ff1de082011efddc58f1908eb6e6d8,3000.0,0.0,84152613.0,,,0x972a8b7d891b88220780421fe4d11f174354ceed,0xc36442b4a4522e871399cd717abdd847ab11fe88,0xa0b86991c6218b36c1d19d4a2e9eb0ce3606eb48,USDC,6,0xc02aaa39b223fe8d0a0e5c4f27ead9083c756cc2,WETH,18,0.0,0.0,0.0,0.0,,,188820,203340,2026-03-08T07:32:59+00:00
burn,0x8f475662ac92ea05d5b174ac33797e2925cd36c813bc376815fc08fdef52fce4#1105637,1772955203,24611280,0x8f475662ac92ea05d5b174ac33797e2925cd36c813bc376815fc08fdef52fce4,2196,0x8ad599c3a0ff1de082011efddc58f1908eb6e6d8,3000.0,0.0,83532913.0,,,0x9ba6baa919bac9acd901df3bfde848fe006d3cae,0xc36442b4a4522e871399cd717abdd847ab11fe88,0xa0b86991c6218b36c1d19d4a2e9eb0ce3606eb48,USDC,6,0xc02aaa39b223fe8d0a0e5c4f27ead9083c756cc2,WETH,18,0.0,0.0,0.0,0.0,,,193740,207600,2026-03-08T07:33:23+00:00
burn,0x1cd64fe4913ca0f6f38fdb7af06b186742886115ea3d71036e2dca48ef5dd5be#1105640,1772955227,24611282,0x1cd64fe4913ca0f6f38fdb7af06b186742886115ea3d71036e2dca48ef5dd5be,376,0x8ad599c3a0ff1de082011efddc58f1908eb6e6d8,3000.0,0.0,79017989.0,,,0x9ba6baa919bac9acd901df3bfde848fe006d3cae,0xc36442b4a4522e871399cd717abdd847ab11fe88,0xa0b86991c6218b36c1d19d4a2e9eb0ce3606eb48,USDC,6,0xc02aaa39b223fe8d0a0e5c4f27ead9083c756cc2,WETH,18,0.0,0.0,0.0,0.0,,,193740,207600,2026-03-08T07:33:47+00:00
burn,0x92f9680ba86831d28568ca9edd43b39cdd3f694d76aea87463e40cb17582bdbe#1105639,1772955239,24611283,0x92f9680ba86831d28568ca9edd43b39cdd3f694d76aea87463e40cb17582bdbe,2074,0x8ad599c3a0ff1de082011efddc58f1908eb6e6d8,3000.0,0.0,86883189.0,,,0x35e6fc00e3f190a8dfe15faa219368a01028ec14,0xc36442b4a4522e871399cd717abdd847ab11fe88,0xa0b86991c6218b36c1d19d4a2e9eb0ce3606eb48,USDC,6,0xc02aaa39b223fe8d0a0e5c4f27ead9083c756cc2,WETH,18,0.0,0.0,0.0,0.0,,,189240,203520,2026-03-08T07:33:59+00:00
burn,0x45ff395ac2a849da87deace8e151661ffab9807d3e834f988e0edca9cb846edb#1105642,1772955311,24611289,0x45ff395ac2a849da87deace8e151661ffab9807d3e834f988e0edca9cb846edb,2173,0x8ad599c3a0ff1de082011efddc58f1908eb6e6d8,3000.0,0.0,82831586.0,,,0x70ddb5abf21202602b57f4860ee1262a594a0086,0xc36442b4a4522e871399cd717abdd847ab11fe88,0xa0b86991c6218b36c1d19d4a2e9eb0ce3606eb48,USDC,6,0xc02aaa39b223fe8d0a0e5c4f27ead9083c756cc2,WETH,18,0.0,0.0,0.0,0.0,,,188040,202020,2026-03-08T07:35:11+00:00
burn,0xa35e9f2e7238c6d08dea6d887a530e853235352a3ec0629440871cc3e4102f37#1105641,1772955335,24611291,0xa35e9f2e7238c6d08dea6d887a530e853235352a3ec0629440871cc3e4102f37,2212,0x8ad599c3a0ff1de082011efddc58f1908eb6e6d8,3000.0,0.0,85665727.0,,,0x70ddb5abf21202602b57f4860ee1262a594a0086,0xc36442b4a4522e871399cd717abdd847ab11fe88,0xa0b86991c6218b36c1d19d4a2e9eb0ce3606eb48,USDC,6,0xc02aaa39b223fe8d0a0e5c4f27ead9083c756cc2,WETH,18,0.0,0.0,0.0,0.0,,,188040,202020,2026-03-08T07:35:35+00:00
burn,0xe70b694110801c02c27e43d7ee853a479521eafa908f35b3a9cf54378cacf61a#1105644,1772957447,24611464,0xe70b694110801c02c27e43d7ee853a479521eafa908f35b3a9cf54378cacf61a,87,0x8ad599c3a0ff1de082011efddc58f1908eb6e6d8,3000.0,0.0,2031576620.0,,,0x1904ab9be3bbc8ce2e33abaea3efb1a1a76a2b9e,0xc36442b4a4522e871399cd717abdd847ab11fe88,0xa0b86991c6218b36c1d19d4a2e9eb0ce3606eb48,USDC,6,0xc02aaa39b223fe8d0a0e5c4f27ead9083c756cc2,WETH,18,0.0,9.094172430402121,17759.990915281614,1.1964470059271476e+16,,,195660,196500,2026-03-08T08:10:47+00:00
burn,0xf1287bd0d7bed14d29432d1848f4aca56905ea7cfe181e4fc42a0a7d12c19e3d#1105661,1772961347,24611786,0xf1287bd0d7bed14d29432d1848f4aca56905ea7cfe181e4fc42a0a7d12c19e3d,407,0x8ad599c3a0ff1de082011efddc58f1908eb6e6d8,3000.0,0.0,53240109.0,,,0xa451f2c632eccecb2f22911d12899ee713efbfc1,0xc36442b4a4522e871399cd717abdd847ab11fe88,0xa0b86991c6218b36c1d19d4a2e9eb0ce3606eb48,USDC,6,0xc02aaa39b223fe8d0a0e5c4f27ead9083c756cc2,WETH,18,4930.797723,2.207518710673965,9257.428316117499,510146903238120.0,,,196260,205440,2026-03-08T09:15:47+00:00
burn,0x20fd81159389ae34ff35c4ebdda5e0b96b215c2b1da15566db89581f8c601956#1105667,1772961755,24611820,0x20fd81159389ae34ff35c4ebdda5e0b96b215c2b1da15566db89581f8c601956,139,0x8ad599c3a0ff1de082011efddc58f1908eb6e6d8,3000.0,0.0,2031587653.0,,,0x32e343673ad567400e5e26b0c7294e7c9725cb91,0xc36442b4a4522e871399cd717abdd847ab11fe88,0xa0b86991c6218b36c1d19d4a2e9eb0ce3606eb48,USDC,6,0xc02aaa39b223fe8d0a0e5c4f27ead9083c756cc2,WETH,18,0.0,0.0,0.0,0.0,,,199680,200820,2026-03-08T09:22:35+00:00
burn,0x33f005bd5bd10bd82914470d49a776fc94a72c3d660a39bb5d8cfaf2e0e2f768#1105713,1772971859,24612659,0x33f005bd5bd10bd82914470d49a776fc94a72c3d660a39bb5d8cfaf2e0e2f768,314,0x8ad599c3a0ff1de082011efddc58f1908eb6e6d8,3000.0,0.0,101436976.0,,,0xabc55860838c9338646fe77f4cd9137342b45cc1,0xc36442b4a4522e871399cd717abdd847ab11fe88,0xa0b86991c6218b36c1d19d4a2e9eb0ce3606eb48,USDC,6,0xc02aaa39b223fe8d0a0e5c4f27ead9083c756cc2,WETH,18,0.0,0.0,0.0,0.0,,,199560,200940,2026-03-08T12:10:59+00:00
burn,0xa11a82801c707b016fa6282bd86f62c32645837ec3bd375d56fba7bb2a2fe92d#1105757,1772977703,24613143,0xa11a82801c707b016fa6282bd86f62c32645837ec3bd375d56fba7bb2a2fe92d,943,0x8ad599c3a0ff1de082011efddc58f1908eb6e6d8,3000.0,0.0,34029683.0,,,0x2e9163fa25adb8c03e0fdbec8753823ff82a9f8b,0xc36442b4a4522e871399cd717abdd847ab11fe88,0xa0b86991c6218b36c1d19d4a2e9eb0ce3606eb48,USDC,6,0xc02aaa39b223fe8d0a0e5c4f27ead9083c756cc2,WETH,18,0.0,6.099999999999999,11818.556863532904,1385695380826407.0,,,194760,199380,2026-03-08T13:48:23+00:00
burn,0x208f6a135ce63db8cd488c553deaebe3ccec1765b93174a5bc366110399dc893#1105766,1772978291,24613192,0x208f6a135ce63db8cd488c553deaebe3ccec1765b93174a5bc366110399dc893,161,0x8ad599c3a0ff1de082011efddc58f1908eb6e6d8,3000.0,0.0,166104774.0,,,0x8ea54444266a5bc1fc7b1ffd7e8cd6cac2d87faa,0xc36442b4a4522e871399cd717abdd847ab11fe88,0xa0b86991c6218b36c1d19d4a2e9eb0ce3606eb48,USDC,6,0xc02aaa39b223fe8d0a0e5c4f27ead9083c756cc2,WETH,18,38.708357,0.19377180997416432,414.7218097766276,120203876166158.0,,,199140,200760,2026-03-08T13:58:11+00:00
burn,0x6a72eb5737d3a4f188cafb796c87e032ad37e2cc5696b2e5de0ae0356dcb5bf8#1105792,1772981603,24613467,0x6a72eb5737d3a4f188cafb796c87e032ad37e2cc5696b2e5de0ae0356dcb5bf8,1173,0x8ad599c3a0ff1de082011efddc58f1908eb6e6d8,3000.0,0.0,36209497.0,,,0x133bb072a76dbc952eabd5f98635e05ca8e46da2,0xc36442b4a4522e871399cd717abdd847ab11fe88,0xa0b86991c6218b36c1d19d4a2e9eb0ce3606eb48,USDC,6,0xc02aaa39b223fe8d0a0e5c4f27ead9083c756cc2,WETH,18,399.408537,0.29545877633283607,973.6457534071784,185331477808993.0,,,199140,201600,2026-03-08T14:53:23+00:00
burn,0xd780988f482533af3fdb82a21a6a48ff8feb473785dd287a43bac84ef277821d#1105813,1772991383,24614278,0xd780988f482533af3fdb82a21a6a48ff8feb473785dd287a43bac84ef277821d,525,0x8ad599c3a0ff1de082011efddc58f1908eb6e6d8,3000.0,0.0,34841494.0,,,0x83681c14770b44361e21faf91d8325423365ea5c,0xc36442b4a4522e871399cd717abdd847ab11fe88,0xa0b86991c6218b36c1d19d4a2e9eb0ce3606eb48,USDC,6,0xc02aaa39b223fe8d0a0e5c4f27ead9083c756cc2,WETH,18,0.0,0.0,0.0,0.0,,,193740,195480,2026-03-08T17:36:23+00:00
burn,0xe607fddc1cdaee6a5617b15676c22dd340638f91e577932641dfc3147d4c53b5#1105816,1772991779,24614311,0xe607fddc1cdaee6a5617b15676c22dd340638f91e577932641dfc3147d4c53b5,83,0x8ad599c3a0ff1de082011efddc58f1908eb6e6d8,3000.0,0.0,2034452748.0,,,0x827691066a7af7ed8bae4755ef4dac4230941702,0xc36442b4a4522e871399cd717abdd847ab11fe88,0xa0b86991c6218b36c1d19d4a2e9eb0ce3606eb48,USDC,6,0xc02aaa39b223fe8d0a0e5c4f27ead9083c756cc2,WETH,18,0.0,0.0,0.0,0.0,,,198540,203160,2026-03-08T17:42:59+00:00
burn,0xabae5cd144c8a025c12aa682f4f1fa32cfd195ae654cdaa15a34a9805a066b3e#1105817,1772991803,24614313,0xabae5cd144c8a025c12aa682f4f1fa32cfd195ae654cdaa15a34a9805a066b3e,462,0x8ad599c3a0ff1de082011efddc58f1908eb6e6d8,3000.0,0.0,2034271671.0,,,0x827691066a7af7ed8bae4755ef4dac4230941702,0xc36442b4a4522e871399cd717abdd847ab11fe88,0xa0b86991c6218b36c1d19d4a2e9eb0ce3606eb48,USDC,6,0xc02aaa39b223fe8d0a0e5c4f27ead9083c756cc2,WETH,18,120.231086,0.051021520859196014,219.2395848817454,22827374317265.0,,,198540,203160,2026-03-08T17:43:23+00:00
burn,0x03b23116a2b33f584689618f9484ba0c01c3bd78ff49754da04e3feb7d513654#1105829,1772993351,24614441,0x03b23116a2b33f584689618f9484ba0c01c3bd78ff49754da04e3feb7d513654,448,0x8ad599c3a0ff1de082011efddc58f1908eb6e6d8,3000.0,0.0,2033299372.0,,,0x651c1fef07237faebb7128dfe632f6a52532f5a1,0xc36442b4a4522e871399cd717abdd847ab11fe88,0xa0b86991c6218b36c1d19d4a2e9eb0ce3606eb48,USDC,6,0xc02aaa39b223fe8d0a0e5c4f27ead9083c756cc2,WETH,18,0.0,0.0,0.0,0.0,,,199080,201180,2026-03-08T18:09:11+00:00
burn,0xadca20935baa7d7837d5013d8acfced7e0d8617778d44f2a4dae17575b73f444#1105828,1772993447,24614449,0xadca20935baa7d7837d5013d8acfced7e0d8617778d44f2a4dae17575b73f444,196,0x8ad599c3a0ff1de082011efddc58f1908eb6e6d8,3000.0,0.0,2034057610.0,,,0xd9602696e645759506a6afd695ba820c169393af,0xc36442b4a4522e871399cd717abdd847ab11fe88,0xa0b86991c6218b36c1d19d4a2e9eb0ce3606eb48,USDC,6,0xc02aaa39b223fe8d0a0e5c4f27ead9083c756cc2,WETH,18,0.0,0.0,0.0,0.0,,,199080,201180,2026-03-08T18:10:47+00:00
burn,0xbbe8206003c20357a07cdddae05fe89061af37f6ba6f0b0fea2e3d9d52216b85#1105829,1772993519,24614455,0xbbe8206003c20357a07cdddae05fe89061af37f6ba6f0b0fea2e3d9d52216b85,128,0x8ad599c3a0ff1de082011efddc58f1908eb6e6d8,3000.0,0.0,2031247292.0,,,0x0e537578296f92a8cbfe9af9f94d379fa272ae73,0xc36442b4a4522e871399cd717abdd847ab11fe88,0xa0b86991c6218b36c1d19d4a2e9eb0ce3606eb48,USDC,6,0xc02aaa39b223fe8d0a0e5c4f27ead9083c756cc2,WETH,18,0.0,0.0,0.0,0.0,,,199020,201060,2026-03-08T18:11:59+00:00
burn,0xa86203bae52b132a8afc6aa1fde3aa47fbe6bbb0fcdd09d91fdc5a84a43aebd6#1105850,1772995763,24614642,0xa86203bae52b132a8afc6aa1fde3aa47fbe6bbb0fcdd09d91fdc5a84a43aebd6,393,0x8ad599c3a0ff1de082011efddc58f1908eb6e6d8,3000.0,0.0,50886155.0,,,0x92c31aa9fda1f7066a9ae58b6f1743126bd64728,0xc36442b4a4522e871399cd717abdd847ab11fe88,0xa0b86991c6218b36c1d19d4a2e9eb0ce3606eb48,USDC,6,0xc02aaa39b223fe8d0a0e5c4f27ead9083c756cc2,WETH,18,0.0,0.0,0.0,0.0,,,192120,203160,2026-03-08T18:49:23+00:00
burn,0xeeb4fc368965cef7bae2ef7e836012887b6e06bf4f7803b238a18063bab973dc#1105855,1772996183,24614677,0xeeb4fc368965cef7bae2ef7e836012887b6e06bf4f7803b238a18063bab973dc,814,0x8ad599c3a0ff1de082011efddc58f1908eb6e6d8,3000.0,0.0,30719017.0,,,0x283e0f3519b84f6decb295c65e2cf0cdaf105518,0xc36442b4a4522e871399cd717abdd847ab11fe88,0xa0b86991c6218b36c1d19d4a2e9eb0ce3606eb48,USDC,6,0xc02aaa39b223fe8d0a0e5c4f27ead9083c756cc2,WETH,18,0.0,0.0,0.0,0.0,,,190200,202440,2026-03-08T18:56:23+00:00
burn,0x414f2239b3da02c9e31a09f680789f16969b5c9bf8dbb1257446522590f6e1a4#1105858,1772996339,24614690,0x414f2239b3da02c9e31a09f680789f16969b5c9bf8dbb1257446522590f6e1a4,926,0x8ad599c3a0ff1de082011efddc58f1908eb6e6d8,3000.0,0.0,30874991.0,,,0x283e0f3519b84f6decb295c65e2cf0cdaf105518,0xc36442b4a4522e871399cd717abdd847ab11fe88,0xa0b86991c6218b36c1d19d4a2e9eb0ce3606eb48,USDC,6,0xc02aaa39b223fe8d0a0e5c4f27ead9083c756cc2,WETH,18,2378.683347,5.826812136081586,13650.053181481006,629986536765626.0,,,190200,202440,2026-03-08T18:58:59+00:00
burn,0x57aa1fedd918c5ee260204a2a805fc4466ad13578d6d6596e22396d45108cdd9#1105876,1772997587,24614794,0x57aa1fedd918c5ee260204a2a805fc4466ad13578d6d6596e22396d45108cdd9,492,0x8ad599c3a0ff1de082011efddc58f1908eb6e6d8,3000.0,0.0,222064526.0,,,0xd8bcba0caeb363727c034d01e2334427ee89c7d5,0xc36442b4a4522e871399cd717abdd847ab11fe88,0xa0b86991c6218b36c1d19d4a2e9eb0ce3606eb48,USDC,6,0xc02aaa39b223fe8d0a0e5c4f27ead9083c756cc2,WETH,18,100.896366,0.0511048492344001,200.59084818711332,7754715381699.0,,,193680,207540,2026-03-08T19:19:47+00:00
burn,0x5324250b6e3476be16d0c87c691b1e457054ec8aee082d66688e07f761c79b0b#1105881,1772998139,24614840,0x5324250b6e3476be16d0c87c691b1e457054ec8aee082d66688e07f761c79b0b,119,0x8ad599c3a0ff1de082011efddc58f1908eb6e6d8,3000.0,0.0,162998713.0,,,0xd8bcba0caeb363727c034d01e2334427ee89c7d5,0xc36442b4a4522e871399cd717abdd847ab11fe88,0xa0b86991c6218b36c1d19d4a2e9eb0ce3606eb48,USDC,6,0xc02aaa39b223fe8d0a0e5c4f27ead9083c756cc2,WETH,18,22.300596,0.009845671431550369,41.5639256501138,14475581707737.0,,,199920,201240,2026-03-08T19:28:59+00:00
burn,0x24e53534cadd92d3583b0e7ad4022c727f6062e4a371f1586ad44107b1de1d68#1105890,1772999279,24614934,0x24e53534cadd92d3583b0e7ad4022c727f6062e4a371f1586ad44107b1de1d68,400,0x8ad599c3a0ff1de082011efddc58f1908eb6e6d8,3000.0,0.0,2031641086.0,,,0x0c0887396fef3c62953ab7fc609ce24018c63080,0xc36442b4a4522e871399cd717abdd847ab11fe88,0xa0b86991c6218b36c1d19d4a2e9eb0ce3606eb48,USDC,6,0xc02aaa39b223fe8d0a0e5c4f27ead9083c756cc2,WETH,18,8.94838,0.002978348518645263,14.793269138341815,804924795964.0,,,196920,206280,2026-03-08T19:47:59+00:00
burn,0x9c99016bdc6e84a0e62664ce7166c7500c7575a079d5b1c9de0ad723c981ed5b#1105891,1773000023,24614996,0x9c99016bdc6e84a0e62664ce7166c7500c7575a079d5b1c9de0ad723c981ed5b,488,0x8ad599c3a0ff1de082011efddc58f1908eb6e6d8,3000.0,0.0,32695947.0,,,0x158d8a91eeb479dc3f578aba68a55d78a7ee4b03,0xc36442b4a4522e871399cd717abdd847ab11fe88,0xa0b86991c6218b36c1d19d4a2e9eb0ce3606eb48,USDC,6,0xc02aaa39b223fe8d0a0e5c4f27ead9083c756cc2,WETH,18,0.0,0.0,0.0,0.0,,,199980,201180,2026-03-08T20:00:23+00:00
burn,0xce4e1a8d89c2d336073726dc162ff76a0dbaa5ba1ab38a5752d1fdebad5099f9#1105892,1773000083,24615001,0xce4e1a8d89c2d336073726dc162ff76a0dbaa5ba1ab38a5752d1fdebad5099f9,914,0x8ad599c3a0ff1de082011efddc58f1908eb6e6d8,3000.0,0.0,32507673.0,,,0xc0ac20d012266b1b74932854136cee58b096fea8,0xc36442b4a4522e871399cd717abdd847ab11fe88,0xa0b86991c6218b36c1d19d4a2e9eb0ce3606eb48,USDC,6,0xc02aaa39b223fe8d0a0e5c4f27ead9083c756cc2,WETH,18,0.0,0.0,0.0,0.0,,,199680,201120,2026-03-08T20:01:23+00:00
burn,0xdeba57014e16439777037886c1838eae359da7a52684d219d75d8e71ae414019#1105949,1773005039,24615413,0xdeba57014e16439777037886c1838eae359da7a52684d219d75d8e71ae414019,1390,0x8ad599c3a0ff1de082011efddc58f1908eb6e6d8,3000.0,0.0,2134119394.0,,,0x71f0644fa50e1177f70945b68d11e0a75125139d,0xc36442b4a4522e871399cd717abdd847ab11fe88,0xa0b86991c6218b36c1d19d4a2e9eb0ce3606eb48,USDC,6,0xc02aaa39b223fe8d0a0e5c4f27ead9083c756cc2,WETH,18,15.079825,0.0922677829390282,195.2181384231271,247366401360500.0,,,200220,200580,2026-03-08T21:23:59+00:00
burn,0xc629ef73d78c26ff97ec7d2d7558c09863a98320b1c64547ba3e9ab4109b3058#1106027,1773010859,24615895,0xc629ef73d78c26ff97ec7d2d7558c09863a98320b1c64547ba3e9ab4109b3058,276,0x8ad599c3a0ff1de082011efddc58f1908eb6e6d8,3000.0,0.0,33274929.0,,,0x4dcff7a73fd1910cf937b6b40c434ecdbea95483,0xc36442b4a4522e871399cd717abdd847ab11fe88,0xa0b86991c6218b36c1d19d4a2e9eb0ce3606eb48,USDC,6,0xc02aaa39b223fe8d0a0e5c4f27ead9083c756cc2,WETH,18,0.0,0.0,0.0,0.0,,,199680,201120,2026-03-08T23:00:59+00:00
burn,0xe1b109c722a6192796f098c1a9e91e81f759881d72a1c95e832d2fe87a438851#1106059,1773014795,24616218,0xe1b109c722a6192796f098c1a9e91e81f759881d72a1c95e832d2fe87a438851,924,0x8ad599c3a0ff1de082011efddc58f1908eb6e6d8,3000.0,0.0,55808060.0,,,0xff98fbaff98a2f3c4a88da4ac870b9693d804b66,0xc36442b4a4522e871399cd717abdd847ab11fe88,0xa0b86991c6218b36c1d19d4a2e9eb0ce3606eb48,USDC,6,0xc02aaa39b223fe8d0a0e5c4f27ead9083c756cc2,WETH,18,0.0,0.0,0.0,0.0,,,199320,200760,2026-03-09T00:06:35+00:00
burn,0xf298ee0674a3fb2165bc4ed4ddf47d4b7d486a30d98cf5bc37cf4f3d47758bde#1106060,1773014795,24616218,0xf298ee0674a3fb2165bc4ed4ddf47d4b7d486a30d98cf5bc37cf4f3d47758bde,958,0x8ad599c3a0ff1de082011efddc58f1908eb6e6d8,3000.0,0.0,55808060.0,,,0x55d1cdf31f4692378637cb28d5fd4a83cd4c26bf,0xc36442b4a4522e871399cd717abdd847ab11fe88,0xa0b86991c6218b36c1d19d4a2e9eb0ce3606eb48,USDC,6,0xc02aaa39b223fe8d0a0e5c4f27ead9083c756cc2,WETH,18,0.0,0.0,0.0,0.0,,,199320,200760,2026-03-09T00:06:35+00:00
burn,0xabfa0f9fd7ff8da6a872ec63ea47d84c3912a2ce73ad83bd2eb3aa95f2ff0b00#1106063,1773014915,24616228,0xabfa0f9fd7ff8da6a872ec63ea47d84c3912a2ce73ad83bd2eb3aa95f2ff0b00,640,0x8ad599c3a0ff1de082011efddc58f1908eb6e6d8,3000.0,0.0,56396667.0,,,0xdc7b1ebbc9f79c082b2e0f02ee3077a8d974fa8e,0xc36442b4a4522e871399cd717abdd847ab11fe88,0xa0b86991c6218b36c1d19d4a2e9eb0ce3606eb48,USDC,6,0xc02aaa39b223fe8d0a0e5c4f27ead9083c756cc2,WETH,18,0.0,0.0,0.0,0.0,,,199620,201060,2026-03-09T00:08:35+00:00
burn,0xe03a1398d4455a22aab72f4717a708491bab44ec3f06cd6aa4087d8141721783#1106064,1773014915,24616228,0xe03a1398d4455a22aab72f4717a708491bab44ec3f06cd6aa4087d8141721783,676,0x8ad599c3a0ff1de082011efddc58f1908eb6e6d8,3000.0,0.0,56396667.0,,,0x143b67cf0b87c59b9eb3bbfd5a8d4c74dec426d1,0xc36442b4a4522e871399cd717abdd847ab11fe88,0xa0b86991c6218b36c1d19d4a2e9eb0ce3606eb48,USDC,6,0xc02aaa39b223fe8d0a0e5c4f27ead9083c756cc2,WETH,18,0.0,0.0,0.0,0.0,,,199320,200760,2026-03-09T00:08:35+00:00
burn,0x30576d958ade02cc58976a8e7d7c9752fd5022cc3ead76c2292319192248d7df#1106068,1773014963,24616232,0x30576d958ade02cc58976a8e7d7c9752fd5022cc3ead76c2292319192248d7df,928,0x8ad599c3a0ff1de082011efddc58f1908eb6e6d8,3000.0,0.0,57280606.0,,,0xdc7b1ebbc9f79c082b2e0f02ee3077a8d974fa8e,0xc36442b4a4522e871399cd717abdd847ab11fe88,0xa0b86991c6218b36c1d19d4a2e9eb0ce3606eb48,USDC,6,0xc02aaa39b223fe8d0a0e5c4f27ead9083c756cc2,WETH,18,0.0,0.0,0.0,0.0,,,199620,201060,2026-03-09T00:09:23+00:00
burn,0x7e1c5b36171a367cc2f5819482ec190df1cf106f7cb959fcb72449add5e22d21#1106071,1773014987,24616234,0x7e1c5b36171a367cc2f5819482ec190df1cf106f7cb959fcb72449add5e22d21,1849,0x8ad599c3a0ff1de082011efddc58f1908eb6e6d8,3000.0,0.0,64593816.0,,,0xa1e0b6edbf434be1322e2d1e2d438bbfcbe81546,0xc36442b4a4522e871399cd717abdd847ab11fe88,0xa0b86991c6218b36c1d19d4a2e9eb0ce3606eb48,USDC,6,0xc02aaa39b223fe8d0a0e5c4f27ead9083c756cc2,WETH,18,0.0,0.0,0.0,0.0,,,199560,201000,2026-03-09T00:09:47+00:00
burn,0x51494721558a35c292d452c165cf3ecd207b1d4fa03e0507122c2d23be13a866#1106078,1773015371,24616266,0x51494721558a35c292d452c165cf3ecd207b1d4fa03e0507122c2d23be13a866,336,0x8ad599c3a0ff1de082011efddc58f1908eb6e6d8,3000.0,0.0,78071450.0,,,0xa1e0b6edbf434be1322e2d1e2d438bbfcbe81546,0xc36442b4a4522e871399cd717abdd847ab11fe88,0xa0b86991c6218b36c1d19d4a2e9eb0ce3606eb48,USDC,6,0xc02aaa39b223fe8d0a0e5c4f27ead9083c756cc2,WETH,18,0.0,0.0,0.0,0.0,,,199620,201060,2026-03-09T00:16:11+00:00
burn,0x0f82051841e4107b3034821545fa8c5a8c171c59081da1d594da0cf9ccf70548#1106116,1773018467,24616523,0x0f82051841e4107b3034821545fa8c5a8c171c59081da1d594da0cf9ccf70548,708,0x8ad599c3a0ff1de082011efddc58f1908eb6e6d8,3000.0,0.0,279958598.0,,,0xc5f622a76ce1a57c6cfdaf064bc033fc397a92f3,0xc36442b4a4522e871399cd717abdd847ab11fe88,0xa0b86991c6218b36c1d19d4a2e9eb0ce3606eb48,USDC,6,0xc02aaa39b223fe8d0a0e5c4f27ead9083c756cc2,WETH,18,1.900293,0.000237195020644727,2.3627889437825482,97819286674.0,,,198300,212160,2026-03-09T01:07:47+00:00
burn,0x5d8377413b73db3ceab2162f68ca8697ab002868e154ec268175cebd358adbeb#1106133,1773021563,24616781,0x5d8377413b73db3ceab2162f68ca8697ab002868e154ec268175cebd358adbeb,612,0x8ad599c3a0ff1de082011efddc58f1908eb6e6d8,3000.0,0.0,72216814.0,,,0x6548691103b1d20750a0daf2d11cbeb955c27ce4,0xc36442b4a4522e871399cd717abdd847ab11fe88,0xa0b86991c6218b36c1d19d4a2e9eb0ce3606eb48,USDC,6,0xc02aaa39b223fe8d0a0e5c4f27ead9083c756cc2,WETH,18,0.0,0.0,0.0,0.0,,,199320,201360,2026-03-09T01:59:23+00:00
burn,0xaebe879bf13c66e7ff3ec883e45121bed75b7d4b6ac878ec65781efc59ced94b#1106151,1773023003,24616901,0xaebe879bf13c66e7ff3ec883e45121bed75b7d4b6ac878ec65781efc59ced94b,577,0x8ad599c3a0ff1de082011efddc58f1908eb6e6d8,3000.0,0.0,33087929.0,,,0x6548691103b1d20750a0daf2d11cbeb955c27ce4,0xc36442b4a4522e871399cd717abdd847ab11fe88,0xa0b86991c6218b36c1d19d4a2e9eb0ce3606eb48,USDC,6,0xc02aaa39b223fe8d0a0e5c4f27ead9083c756cc2,WETH,18,0.714608,0.000602346255719238,1.8858299679776058,430743859897.0,,,199320,201360,2026-03-09T02:23:23+00:00
burn,0xfd5b78c648b681394226ed7f4ce6cc07873d58563fdf684cf2748c28eea8ebf5#1106154,1773023663,24616956,0xfd5b78c648b681394226ed7f4ce6cc07873d58563fdf684cf2748c28eea8ebf5,711,0x8ad599c3a0ff1de082011efddc58f1908eb6e6d8,3000.0,0.0,33744156.0,,,0x83681c14770b44361e21faf91d8325423365ea5c,0xc36442b4a4522e871399cd717abdd847ab11fe88,0xa0b86991c6218b36c1d19d4a2e9eb0ce3606eb48,USDC,6,0xc02aaa39b223fe8d0a0e5c4f27ead9083c756cc2,WETH,18,0.0,0.0,0.0,0.0,,,-887220,887220,2026-03-09T02:34:23+00:00
burn,0xea9f236281e33491e2efa89c76a3056a58a78b7c701b201a9824b78bed8f1754#1106164,1773023987,24616983,0xea9f236281e33491e2efa89c76a3056a58a78b7c701b201a9824b78bed8f1754,141,0x8ad599c3a0ff1de082011efddc58f1908eb6e6d8,3000.0,0.0,2034499836.0,,,0x93b396cbcd0b03b7e5ca3a6f559ecdcf9470dc8a,0xc36442b4a4522e871399cd717abdd847ab11fe88,0xa0b86991c6218b36c1d19d4a2e9eb0ce3606eb48,USDC,6,0xc02aaa39b223fe8d0a0e5c4f27ead9083c756cc2,WETH,18,0.0,0.050344579940585554,98.42999358140158,248694344722840.0,,,200340,200520,2026-03-09T02:39:47+00:00
burn,0xe99f3918143e51dc729328575395edb732732a17a0b06dc8c9d8d888830d2f67#1106168,1773025127,24617078,0xe99f3918143e51dc729328575395edb732732a17a0b06dc8c9d8d888830d2f67,734,0x8ad599c3a0ff1de082011efddc58f1908eb6e6d8,3000.0,0.0,36520133.0,,,0x508a312cf7334b44b9ff22ac0bac1b3db9eed4e1,0xc36442b4a4522e871399cd717abdd847ab11fe88,0xa0b86991c6218b36c1d19d4a2e9eb0ce3606eb48,USDC,6,0xc02aaa39b223fe8d0a0e5c4f27ead9083c756cc2,WETH,18,0.0,0.0,0.0,0.0,,,198900,203160,2026-03-09T02:58:47+00:00
burn,0x17ba5c7feb9af67260ab9155144a16576c0a21a31436afba2922540924bde4fd#1106367,1773042131,24618491,0x17ba5c7feb9af67260ab9155144a16576c0a21a31436afba2922540924bde4fd,17,0x8ad599c3a0ff1de082011efddc58f1908eb6e6d8,3000.0,0.0,8024848461.0,,,0xae2fc483527b8ef99eb5d9b44875f005ba1fae13,0x1f2f10d1c40777ae1da742455c65828ff36df387,0xa0b86991c6218b36c1d19d4a2e9eb0ce3606eb48,USDC,6,0xc02aaa39b223fe8d0a0e5c4f27ead9083c756cc2,WETH,18,1530299.449666,826.2537951815848,3163133.7034022943,2.3737211396521198e+19,,,200400,200460,2026-03-09T07:42:11+00:00
burn,0x2b1f43205b958dd302bfc60a93776edd8efcdbab1294096380adcb727fa7d6cd#1106371,1773042455,24618518,0x2b1f43205b958dd302bfc60a93776edd8efcdbab1294096380adcb727fa7d6cd,97,0x8ad599c3a0ff1de082011efddc58f1908eb6e6d8,3000.0,0.0,89374665.0,,,0xf6244b82a8ff1ac80e880f94fbce44a4bf7e7b01,0xc36442b4a4522e871399cd717abdd847ab11fe88,0xa0b86991c6218b36c1d19d4a2e9eb0ce3606eb48,USDC,6,0xc02aaa39b223fe8d0a0e5c4f27ead9083c756cc2,WETH,18,0.131305,0.000239147521586345,0.6041638670733807,24628370409.0,,,189120,202980,2026-03-09T07:47:35+00:00
burn,0x577a19af68d0fe7c8d65b9700d9ee06f4137d3d354cab83baa8ec2f0b8145918#1106387,1773044603,24618697,0x577a19af68d0fe7c8d65b9700d9ee06f4137d3d354cab83baa8ec2f0b8145918,1,0x8ad599c3a0ff1de082011efddc58f1908eb6e6d8,3000.0,0.0,2142625021.0,,,0xcc53794c9616b6148b28a50e918e517535fc4aa9,0xc36442b4a4522e871399cd717abdd847ab11fe88,0xa0b86991c6218b36c1d19d4a2e9eb0ce3606eb48,USDC,6,0xc02aaa39b223fe8d0a0e5c4f27ead9083c756cc2,WETH,18,0.0,0.0,0.0,0.0,,,192300,202080,2026-03-09T08:23:23+00:00
burn,0xb38e060b8efaab38de5821f66b58f61eb3d2bce0821509f9ce6f149da1668184#1106413,1773047159,24618910,0xb38e060b8efaab38de5821f66b58f61eb3d2bce0821509f9ce6f149da1668184,373,0x8ad599c3a0ff1de082011efddc58f1908eb6e6d8,3000.0,0.0,936746579.0,,,0x40db66bbb62da0b7d49bb9a5d6572b6e85fde08e,0xc36442b4a4522e871399cd717abdd847ab11fe88,0xa0b86991c6218b36c1d19d4a2e9eb0ce3606eb48,USDC,6,0xc02aaa39b223fe8d0a0e5c4f27ead9083c756cc2,WETH,18,0.0,0.0,0.0,0.0,,,197160,200700,2026-03-09T09:05:59+00:00
burn,0xa783a1b7a8dcc7d8b053667bf09f056600ebdda48c0c295e419ca06a7b7b502f#1106415,1773047543,24618941,0xa783a1b7a8dcc7d8b053667bf09f056600ebdda48c0c295e419ca06a7b7b502f,118,0x8ad599c3a0ff1de082011efddc58f1908eb6e6d8,3000.0,0.0,169102483.0,,,0x68ed2462de04a0fb3c0f822f95f3736f921c9159,0xc36442b4a4522e871399cd717abdd847ab11fe88,0xa0b86991c6218b36c1d19d4a2e9eb0ce3606eb48,USDC,6,0xc02aaa39b223fe8d0a0e5c4f27ead9083c756cc2,WETH,18,769.999999,0.0,769.999999,495025776428748.0,,,200640,201360,2026-03-09T09:12:23+00:00
burn,0x9aa9fd3bcfd1789925d176e21cdee188fa825936873b3d78147e185939a74846#1106452,1773049583,24619111,0x9aa9fd3bcfd1789925d176e21cdee188fa825936873b3d78147e185939a74846,281,0x8ad599c3a0ff1de082011efddc58f1908eb6e6d8,3000.0,0.0,126554715.0,,,0xae2fc483527b8ef99eb5d9b44875f005ba1fae13,0x1f2f10d1c40777ae1da742455c65828ff36df387,0xa0b86991c6218b36c1d19d4a2e9eb0ce3606eb48,USDC,6,0xc02aaa39b223fe8d0a0e5c4f27ead9083c756cc2,WETH,18,1531392.694761,454.51305437626655,2446690.581124497,1.8189375558725403e+19,,,200220,200280,2026-03-09T09:46:23+00:00
burn,0x59580e75d34ae1c5962851a8d3b466c4b0077ada06e5de0d1172b94392b78efd#1106466,1773051335,24619257,0x59580e75d34ae1c5962851a8d3b466c4b0077ada06e5de0d1172b94392b78efd,226,0x8ad599c3a0ff1de082011efddc58f1908eb6e6d8,3000.0,0.0,101647642.0,,,0xd9c33deac324ea75bf011b9359b4a4af6fd0fee7,0xc36442b4a4522e871399cd717abdd847ab11fe88,0xa0b86991c6218b36c1d19d4a2e9eb0ce3606eb48,USDC,6,0xc02aaa39b223fe8d0a0e5c4f27ead9083c756cc2,WETH,18,0.0,0.0,0.0,0.0,,,-887220,887220,2026-03-09T10:15:35+00:00
burn,0xd636fe2e81eee42f98fbc33c01e578965e4337df48277079166944860f9d996e#1106517,1773058187,24619824,0xd636fe2e81eee42f98fbc33c01e578965e4337df48277079166944860f9d996e,528,0x8ad599c3a0ff1de082011efddc58f1908eb6e6d8,3000.0,0.0,136660544.0,,,0x35b94e2478afb39098ece2cd448546324adea17f,0xc36442b4a4522e871399cd717abdd847ab11fe88,0xa0b86991c6218b36c1d19d4a2e9eb0ce3606eb48,USDC,6,0xc02aaa39b223fe8d0a0e5c4f27ead9083c756cc2,WETH,18,0.0,0.0,0.0,0.0,,,188400,201660,2026-03-09T12:09:47+00:00
burn,0x3cf53144c9095a835f13892d6fa08b0f7fc3543eb1e0d4d6f7a77bd4de887684#1106602,1773066767,24620537,0x3cf53144c9095a835f13892d6fa08b0f7fc3543eb1e0d4d6f7a77bd4de887684,160,0x8ad599c3a0ff1de082011efddc58f1908eb6e6d8,3000.0,0.0,2361802036.0,,,0x82ee7f058ee435d276ad79e5085e774d3f945c72,0xc36442b4a4522e871399cd717abdd847ab11fe88,0xa0b86991c6218b36c1d19d4a2e9eb0ce3606eb48,USDC,6,0xc02aaa39b223fe8d0a0e5c4f27ead9083c756cc2,WETH,18,5530.035342,3.8623874207237505,13345.507013920569,2902755382204724.0,,,198960,201060,2026-03-09T14:32:47+00:00
burn,0x5eff5534f05a3fd589b266631e0fc189c5a62868578dc8ea1d652bc51f50c897#1106605,1773067139,24620568,0x5eff5534f05a3fd589b266631e0fc189c5a62868578dc8ea1d652bc51f50c897,442,0x8ad599c3a0ff1de082011efddc58f1908eb6e6d8,3000.0,0.0,272217473.0,,,0x5432d22ce636a4fa6706fe28ac02a76b05ffec90,0xc36442b4a4522e871399cd717abdd847ab11fe88,0xa0b86991c6218b36c1d19d4a2e9eb0ce3606eb48,USDC,6,0xc02aaa39b223fe8d0a0e5c4f27ead9083c756cc2,WETH,18,0.0,0.0,0.0,0.0,,,196920,201660,2026-03-09T14:38:59+00:00
burn,0x8fb358c9c56b513cf47b26590adb84fec8f362bb21c185eb95429b254b696c04#1106604,1773067163,24620570,0x8fb358c9c56b513cf47b26590adb84fec8f362bb21c185eb95429b254b696c04,438,0x8ad599c3a0ff1de082011efddc58f1908eb6e6d8,3000.0,0.0,277212249.0,,,0x5432d22ce636a4fa6706fe28ac02a76b05ffec90,0xc36442b4a4522e871399cd717abdd847ab11fe88,0xa0b86991c6218b36c1d19d4a2e9eb0ce3606eb48,USDC,6,0xc02aaa39b223fe8d0a0e5c4f27ead9083c756cc2,WETH,18,4972.68303,5.252738157217611,15601.504633480981,1564630056591808.0,,,196920,201660,2026-03-09T14:39:23+00:00
burn,0x9f9eb0761b58348cbdcf96bee2ecf8bf6febf32ae5c39160da82ee11c49aaafb#1106608,1773067487,24620597,0x9f9eb0761b58348cbdcf96bee2ecf8bf6febf32ae5c39160da82ee11c49aaafb,598,0x8ad599c3a0ff1de082011efddc58f1908eb6e6d8,3000.0,0.0,246521568.0,,,0x793f2f5b18302994ea57f2be65895b38463223b6,0xc36442b4a4522e871399cd717abdd847ab11fe88,0xa0b86991c6218b36c1d19d4a2e9eb0ce3606eb48,USDC,6,0xc02aaa39b223fe8d0a0e5c4f27ead9083c756cc2,WETH,18,24227.753214,13.760866507546194,52109.40242774471,6325372739987001.0,,,198120,201960,2026-03-09T14:44:47+00:00
burn,0x777a4da8fc3a419bec9b54261f1b5e5ad98d53845584c95ca7020bf9bb70c28b#1106613,1773068387,24620672,0x777a4da8fc3a419bec9b54261f1b5e5ad98d53845584c95ca7020bf9bb70c28b,163,0x8ad599c3a0ff1de082011efddc58f1908eb6e6d8,3000.0,0.0,2142754666.0,,,0x233a235d6c9dfffda2c3b8c551a7d93889ff7985,0xc36442b4a4522e871399cd717abdd847ab11fe88,0xa0b86991c6218b36c1d19d4a2e9eb0ce3606eb48,USDC,6,0xc02aaa39b223fe8d0a0e5c4f27ead9083c756cc2,WETH,18,0.0,0.0,0.0,0.0,,,197280,205500,2026-03-09T14:59:47+00:00
burn,0x2c53b788848c36f4183bc3f5e739286718c61021c9d3797c3455059801edda70#1106622,1773069755,24620785,0x2c53b788848c36f4183bc3f5e739286718c61021c9d3797c3455059801edda70,270,0x8ad599c3a0ff1de082011efddc58f1908eb6e6d8,3000.0,0.0,2154338935.0,,,0x234fdc0db58fc3a56c98892804f242d047678e51,0xc36442b4a4522e871399cd717abdd847ab11fe88,0xa0b86991c6218b36c1d19d4a2e9eb0ce3606eb48,USDC,6,0xc02aaa39b223fe8d0a0e5c4f27ead9083c756cc2,WETH,18,0.0,0.18989719170705602,384.01713123244264,48718039329858.0,,,195420,199440,2026-03-09T15:22:35+00:00
burn,0x27c3522c5026cf40269e6cbb94992a1481bc0a7371d9f1d4f6395c00ad6df82b#1106624,1773070559,24620852,0x27c3522c5026cf40269e6cbb94992a1481bc0a7371d9f1d4f6395c00ad6df82b,332,0x8ad599c3a0ff1de082011efddc58f1908eb6e6d8,3000.0,0.0,2220829115.0,,,0x0bcf9e6cd1ccdd71d1bd8137c70f36eab737681d,0xc36442b4a4522e871399cd717abdd847ab11fe88,0xa0b86991c6218b36c1d19d4a2e9eb0ce3606eb48,USDC,6,0xc02aaa39b223fe8d0a0e5c4f27ead9083c756cc2,WETH,18,137.49297,0.044044624147432945,226.54617527004183,141279910085034.0,,,199920,200640,2026-03-09T15:35:59+00:00
burn,0x7943e58263ee794a4f23ce9255fed539fdbd80911f7977f25c5f174f68d7513b#1106625,1773070835,24620875,0x7943e58263ee794a4f23ce9255fed539fdbd80911f7977f25c5f174f68d7513b,170,0x8ad599c3a0ff1de082011efddc58f1908eb6e6d8,3000.0,0.0,2231422024.0,,,0xdf69402d6572f6451340e1e842eede7a134d9164,0xc36442b4a4522e871399cd717abdd847ab11fe88,0xa0b86991c6218b36c1d19d4a2e9eb0ce3606eb48,USDC,6,0xc02aaa39b223fe8d0a0e5c4f27ead9083c756cc2,WETH,18,0.0,0.0,0.0,0.0,,,193920,198540,2026-03-09T15:40:35+00:00
burn,0x7943e58263ee794a4f23ce9255fed539fdbd80911f7977f25c5f174f68d7513b#1106626,1773070835,24620875,0x7943e58263ee794a4f23ce9255fed539fdbd80911f7977f25c5f174f68d7513b,183,0x8ad599c3a0ff1de082011efddc58f1908eb6e6d8,3000.0,0.0,2231422024.0,,,0xdf69402d6572f6451340e1e842eede7a134d9164,0xc36442b4a4522e871399cd717abdd847ab11fe88,0xa0b86991c6218b36c1d19d4a2e9eb0ce3606eb48,USDC,6,0xc02aaa39b223fe8d0a0e5c4f27ead9083c756cc2,WETH,18,0.0,0.17150421866159596,346.7619643665276,40630502902270.0,,,193920,198540,2026-03-09T15:40:35+00:00
burn,0x7ff405d269c08b2ecd2c7f8343c9dd904f9840a8c23a501dabd6604fe3beee3c#1106641,1773074519,24621178,0x7ff405d269c08b2ecd2c7f8343c9dd904f9840a8c23a501dabd6604fe3beee3c,222,0x8ad599c3a0ff1de082011efddc58f1908eb6e6d8,3000.0,0.0,396542449.0,,,0xd8bcba0caeb363727c034d01e2334427ee89c7d5,0xc36442b4a4522e871399cd717abdd847ab11fe88,0xa0b86991c6218b36c1d19d4a2e9eb0ce3606eb48,USDC,6,0xc02aaa39b223fe8d0a0e5c4f27ead9083c756cc2,WETH,18,135.029105,0.02519528109616886,186.0552343109827,70164132314242.0,,,199860,201060,2026-03-09T16:41:59+00:00
burn,0xc89948ec40fed40d573e5fa87c5281b6ddb4ee081376d87ffe9b0fa371582907#1106640,1773074951,24621214,0xc89948ec40fed40d573e5fa87c5281b6ddb4ee081376d87ffe9b0fa371582907,38,0x8ad599c3a0ff1de082011efddc58f1908eb6e6d8,3000.0,0.0,256947518.0,,,0x2389790c31e3187a80ac7b312f734011b43614e0,0xc36442b4a4522e871399cd717abdd847ab11fe88,0xa0b86991c6218b36c1d19d4a2e9eb0ce3606eb48,USDC,6,0xc02aaa39b223fe8d0a0e5c4f27ead9083c756cc2,WETH,18,0.0,0.0,0.0,0.0,,,193320,200520,2026-03-09T16:49:11+00:00
burn,0x3d8798f8e5813ca56f8c5186a76cce39e7c41a8b2f608e035824945a379a64e0#1106691,1773082715,24621857,0x3d8798f8e5813ca56f8c5186a76cce39e7c41a8b2f608e035824945a379a64e0,409,0x8ad599c3a0ff1de082011efddc58f1908eb6e6d8,3000.0,0.0,2087150219.0,,,0xcf784e39b626eff036f8821d42b70a3a55aa9d57,0xc36442b4a4522e871399cd717abdd847ab11fe88,0xa0b86991c6218b36c1d19d4a2e9eb0ce3606eb48,USDC,6,0xc02aaa39b223fe8d0a0e5c4f27ead9083c756cc2,WETH,18,0.0,1.486103933729343,2996.675445174998,322109295054587.0,,,193740,198780,2026-03-09T18:58:35+00:00
burn,0x5d1f7e7b0fa218cf005b54e1d89ad56df3c4d5197d0b28b4b44222f4ff318cf7#1106734,1773086435,24622163,0x5d1f7e7b0fa218cf005b54e1d89ad56df3c4d5197d0b28b4b44222f4ff318cf7,1112,0x8ad599c3a0ff1de082011efddc58f1908eb6e6d8,3000.0,0.0,143776403.0,,,0xc0ac20d012266b1b74932854136cee58b096fea8,0xc36442b4a4522e871399cd717abdd847ab11fe88,0xa0b86991c6218b36c1d19d4a2e9eb0ce3606eb48,USDC,6,0xc02aaa39b223fe8d0a0e5c4f27ead9083c756cc2,WETH,18,0.0,0.0,0.0,0.0,,,199680,201120,2026-03-09T20:00:35+00:00
burn,0xeb7c12bd19dd1906a1cef581fca1ba20eb8fd928775d1302c20a7b8afea5263b#1106733,1773086483,24622167,0xeb7c12bd19dd1906a1cef581fca1ba20eb8fd928775d1302c20a7b8afea5263b,796,0x8ad599c3a0ff1de082011efddc58f1908eb6e6d8,3000.0,0.0,155072611.0,,,0x158d8a91eeb479dc3f578aba68a55d78a7ee4b03,0xc36442b4a4522e871399cd717abdd847ab11fe88,0xa0b86991c6218b36c1d19d4a2e9eb0ce3606eb48,USDC,6,0xc02aaa39b223fe8d0a0e5c4f27ead9083c756cc2,WETH,18,0.0,0.0,0.0,0.0,,,199980,201180,2026-03-09T20:01:23+00:00
burn,0x57190464a71bd22a7b1a6e0c3fc89accbd27a983a2a5c0926b3f381d17cc6e24#1106736,1773086975,24622208,0x57190464a71bd22a7b1a6e0c3fc89accbd27a983a2a5c0926b3f381d17cc6e24,185,0x8ad599c3a0ff1de082011efddc58f1908eb6e6d8,3000.0,0.0,388389019.0,,,0xd8bcba0caeb363727c034d01e2334427ee89c7d5,0xc36442b4a4522e871399cd717abdd847ab11fe88,0xa0b86991c6218b36c1d19d4a2e9eb0ce3606eb48,USDC,6,0xc02aaa39b223fe8d0a0e5c4f27ead9083c756cc2,WETH,18,0.0,0.0,0.0,0.0,,,199560,201060,2026-03-09T20:09:35+00:00
burn,0x17c8e36ad118744cabf420a9fda38cb44c1ac96bbc25247db0567136b66f7b23#1106797,1773096059,24622959,0x17c8e36ad118744cabf420a9fda38cb44c1ac96bbc25247db0567136b66f7b23,410,0x8ad599c3a0ff1de082011efddc58f1908eb6e6d8,3000.0,0.0,170312758.0,,,0x6f9194ee4c92929f9b99914c02e3789a55dfa81d,0xc36442b4a4522e871399cd717abdd847ab11fe88,0xa0b86991c6218b36c1d19d4a2e9eb0ce3606eb48,USDC,6,0xc02aaa39b223fe8d0a0e5c4f27ead9083c756cc2,WETH,18,0.0,0.0,0.0,0.0,,,199260,200640,2026-03-09T22:40:59+00:00
burn,0x602f2bc30292293e0590b520582fdaf4714580b88a94fcf8ec2136d81e473ac7#1106805,1773097271,24623059,0x602f2bc30292293e0590b520582fdaf4714580b88a94fcf8ec2136d81e473ac7,371,0x8ad599c3a0ff1de082011efddc58f1908eb6e6d8,3000.0,0.0,108971118.0,,,0x4dcff7a73fd1910cf937b6b40c434ecdbea95483,0xc36442b4a4522e871399cd717abdd847ab11fe88,0xa0b86991c6218b36c1d19d4a2e9eb0ce3606eb48,USDC,6,0xc02aaa39b223fe8d0a0e5c4f27ead9083c756cc2,WETH,18,0.0,0.0,0.0,0.0,,,199680,201120,2026-03-09T23:01:11+00:00
burn,0x24cc1eea6a80686ffff8ad8d7f7373a5ad7cfe522866bd8ffcf13c77f7df24be#1106818,1773100283,24623309,0x24cc1eea6a80686ffff8ad8d7f7373a5ad7cfe522866bd8ffcf13c77f7df24be,169,0x8ad599c3a0ff1de082011efddc58f1908eb6e6d8,3000.0,0.0,2032285051.0,,,0x155c0821368bdd0be467a858050cc8597dcf3b37,0xc36442b4a4522e871399cd717abdd847ab11fe88,0xa0b86991c6218b36c1d19d4a2e9eb0ce3606eb48,USDC,6,0xc02aaa39b223fe8d0a0e5c4f27ead9083c756cc2,WETH,18,21.557932,0.5125827527981788,1045.6343148660462,531193776031240.0,,,199440,200340,2026-03-09T23:51:23+00:00
burn,0x7ae94a9302bca5dd0687123d5f96cc212f6deb82f180ca28e4a098149e9e675f#1106824,1773101075,24623375,0x7ae94a9302bca5dd0687123d5f96cc212f6deb82f180ca28e4a098149e9e675f,756,0x8ad599c3a0ff1de082011efddc58f1908eb6e6d8,3000.0,0.0,48403433.0,,,0xdc7b1ebbc9f79c082b2e0f02ee3077a8d974fa8e,0xc36442b4a4522e871399cd717abdd847ab11fe88,0xa0b86991c6218b36c1d19d4a2e9eb0ce3606eb48,USDC,6,0xc02aaa39b223fe8d0a0e5c4f27ead9083c756cc2,WETH,18,0.0,0.0,0.0,0.0,,,199620,201060,2026-03-10T00:04:35+00:00
burn,0x9266521ac10d18d4b9e4af5ac2e84726fa3bd87a6eca9074cfa07bce72dc8f82#1106823,1773101111,24623378,0x9266521ac10d18d4b9e4af5ac2e84726fa3bd87a6eca9074cfa07bce72dc8f82,829,0x8ad599c3a0ff1de082011efddc58f1908eb6e6d8,3000.0,0.0,51086118.0,,,0xdc7b1ebbc9f79c082b2e0f02ee3077a8d974fa8e,0xc36442b4a4522e871399cd717abdd847ab11fe88,0xa0b86991c6218b36c1d19d4a2e9eb0ce3606eb48,USDC,6,0xc02aaa39b223fe8d0a0e5c4f27ead9083c756cc2,WETH,18,0.0,0.0,0.0,0.0,,,199620,201060,2026-03-10T00:05:11+00:00
burn,0xedb658621ff3a272ffbde62b40c2cacb0335566fa46e80df1038d6201f9f6095#1106824,1773101123,24623379,0xedb658621ff3a272ffbde62b40c2cacb0335566fa46e80df1038d6201f9f6095,330,0x8ad599c3a0ff1de082011efddc58f1908eb6e6d8,3000.0,0.0,50668116.0,,,0xff98fbaff98a2f3c4a88da4ac870b9693d804b66,0xc36442b4a4522e871399cd717abdd847ab11fe88,0xa0b86991c6218b36c1d19d4a2e9eb0ce3606eb48,USDC,6,0xc02aaa39b223fe8d0a0e5c4f27ead9083c756cc2,WETH,18,0.0,0.0,0.0,0.0,,,199320,200760,2026-03-10T00:05:23+00:00
burn,0x20f0b55281089d9809604e9b395aac2e2f792ff73ac95efc6749e85c761d60c6#1106827,1773101135,24623380,0x20f0b55281089d9809604e9b395aac2e2f792ff73ac95efc6749e85c761d60c6,268,0x8ad599c3a0ff1de082011efddc58f1908eb6e6d8,3000.0,0.0,51492161.0,,,0x508a312cf7334b44b9ff22ac0bac1b3db9eed4e1,0xc36442b4a4522e871399cd717abdd847ab11fe88,0xa0b86991c6218b36c1d19d4a2e9eb0ce3606eb48,USDC,6,0xc02aaa39b223fe8d0a0e5c4f27ead9083c756cc2,WETH,18,0.0,0.0,0.0,0.0,,,198900,203160,2026-03-10T00:05:35+00:00
burn,0xe5434e3a2b80521bb241398bfe781e5d245479f912eefbff3d414df7b2ca50e7#1106826,1773101147,24623381,0xe5434e3a2b80521bb241398bfe781e5d245479f912eefbff3d414df7b2ca50e7,613,0x8ad599c3a0ff1de082011efddc58f1908eb6e6d8,3000.0,0.0,50249933.0,,,0xff98fbaff98a2f3c4a88da4ac870b9693d804b66,0xc36442b4a4522e871399cd717abdd847ab11fe88,0xa0b86991c6218b36c1d19d4a2e9eb0ce3606eb48,USDC,6,0xc02aaa39b223fe8d0a0e5c4f27ead9083c756cc2,WETH,18,0.0,0.0,0.0,0.0,,,199560,201000,2026-03-10T00:05:47+00:00
burn,0x9ccd5ccd4bb1e489cf401ab874954a3d3bcd81cbbbc75fd56142da604e2f692d#1106827,1773101183,24623384,0x9ccd5ccd4bb1e489cf401ab874954a3d3bcd81cbbbc75fd56142da604e2f692d,1114,0x8ad599c3a0ff1de082011efddc58f1908eb6e6d8,3000.0,0.0,41749388.0,,,0xa1e0b6edbf434be1322e2d1e2d438bbfcbe81546,0xc36442b4a4522e871399cd717abdd847ab11fe88,0xa0b86991c6218b36c1d19d4a2e9eb0ce3606eb48,USDC,6,0xc02aaa39b223fe8d0a0e5c4f27ead9083c756cc2,WETH,18,0.0,0.0,0.0,0.0,,,199560,201000,2026-03-10T00:06:23+00:00
burn,0x441e9114d3edda32440f885e883cbe8df9bf35fb515ce05b5b5dd3ea6f3cacec#1106830,1773101183,24623384,0x441e9114d3edda32440f885e883cbe8df9bf35fb515ce05b5b5dd3ea6f3cacec,1170,0x8ad599c3a0ff1de082011efddc58f1908eb6e6d8,3000.0,0.0,41749388.0,,,0x55d1cdf31f4692378637cb28d5fd4a83cd4c26bf,0xc36442b4a4522e871399cd717abdd847ab11fe88,0xa0b86991c6218b36c1d19d4a2e9eb0ce3606eb48,USDC,6,0xc02aaa39b223fe8d0a0e5c4f27ead9083c756cc2,WETH,18,0.0,0.0,0.0,0.0,,,199320,200760,2026-03-10T00:06:23+00:00
burn,0xeaf74290c8e5373c0e7047312b25f8fd34e1d9cf3fd3e00d169f3f1a8fc1e26d#1106830,1773101219,24623387,0xeaf74290c8e5373c0e7047312b25f8fd34e1d9cf3fd3e00d169f3f1a8fc1e26d,816,0x8ad599c3a0ff1de082011efddc58f1908eb6e6d8,3000.0,0.0,48557449.0,,,0x143b67cf0b87c59b9eb3bbfd5a8d4c74dec426d1,0xc36442b4a4522e871399cd717abdd847ab11fe88,0xa0b86991c6218b36c1d19d4a2e9eb0ce3606eb48,USDC,6,0xc02aaa39b223fe8d0a0e5c4f27ead9083c756cc2,WETH,18,0.0,0.0,0.0,0.0,,,199320,200760,2026-03-10T00:06:59+00:00
burn,0xf8827287cd8f6f3de0aa83eca4662fd79ba4e4cb59d0415beda737ba6e1bfc2f#1106831,1773101231,24623388,0xf8827287cd8f6f3de0aa83eca4662fd79ba4e4cb59d0415beda737ba6e1bfc2f,392,0x8ad599c3a0ff1de082011efddc58f1908eb6e6d8,3000.0,0.0,49055401.0,,,0x143b67cf0b87c59b9eb3bbfd5a8d4c74dec426d1,0xc36442b4a4522e871399cd717abdd847ab11fe88,0xa0b86991c6218b36c1d19d4a2e9eb0ce3606eb48,USDC,6,0xc02aaa39b223fe8d0a0e5c4f27ead9083c756cc2,WETH,18,0.0,0.0,0.0,0.0,,,199380,201000,2026-03-10T00:07:11+00:00
burn,0xd4a388fef3a07e1341008d44126f7eef7729341c8044ed0df3c22b660cbec122#1106832,1773101435,24623405,0xd4a388fef3a07e1341008d44126f7eef7729341c8044ed0df3c22b660cbec122,474,0x8ad599c3a0ff1de082011efddc58f1908eb6e6d8,3000.0,0.0,42750619.0,,,0x55d1cdf31f4692378637cb28d5fd4a83cd4c26bf,0xc36442b4a4522e871399cd717abdd847ab11fe88,0xa0b86991c6218b36c1d19d4a2e9eb0ce3606eb48,USDC,6,0xc02aaa39b223fe8d0a0e5c4f27ead9083c756cc2,WETH,18,0.0,0.0,0.0,0.0,,,199680,201120,2026-03-10T00:10:35+00:00
burn,0x0d1064e3a6ffa052d853b8500ab724cb617a137e00561ec8200cf3e78bbbce4d#1106836,1773101951,24623447,0x0d1064e3a6ffa052d853b8500ab724cb617a137e00561ec8200cf3e78bbbce4d,790,0x8ad599c3a0ff1de082011efddc58f1908eb6e6d8,3000.0,0.0,2034798881.0,,,0x6bcc98231367f0d930ef36fc35c05f20a06b22f3,0xc36442b4a4522e871399cd717abdd847ab11fe88,0xa0b86991c6218b36c1d19d4a2e9eb0ce3606eb48,USDC,6,0xc02aaa39b223fe8d0a0e5c4f27ead9083c756cc2,WETH,18,0.0,5.357575842029515,10707.64319201346,874896284940078.0,,,190740,198060,2026-03-10T00:19:11+00:00
burn,0x0d1064e3a6ffa052d853b8500ab724cb617a137e00561ec8200cf3e78bbbce4d#1106837,1773101951,24623447,0x0d1064e3a6ffa052d853b8500ab724cb617a137e00561ec8200cf3e78bbbce4d,792,0x8ad599c3a0ff1de082011efddc58f1908eb6e6d8,3000.0,0.0,2034798881.0,,,0x6bcc98231367f0d930ef36fc35c05f20a06b22f3,0xc36442b4a4522e871399cd717abdd847ab11fe88,0xa0b86991c6218b36c1d19d4a2e9eb0ce3606eb48,USDC,6,0xc02aaa39b223fe8d0a0e5c4f27ead9083c756cc2,WETH,18,0.0,0.0,0.0,0.0,,,190740,198060,2026-03-10T00:19:11+00:00
burn,0xd04eecb7b1e7231725e563a3fc360a777d11e98e7a25c355a886a418f30b6efd#1106844,1773102083,24623457,0xd04eecb7b1e7231725e563a3fc360a777d11e98e7a25c355a886a418f30b6efd,945,0x8ad599c3a0ff1de082011efddc58f1908eb6e6d8,3000.0,0.0,36833848.0,,,0xa1e0b6edbf434be1322e2d1e2d438bbfcbe81546,0xc36442b4a4522e871399cd717abdd847ab11fe88,0xa0b86991c6218b36c1d19d4a2e9eb0ce3606eb48,USDC,6,0xc02aaa39b223fe8d0a0e5c4f27ead9083c756cc2,WETH,18,0.0,0.0,0.0,0.0,,,199620,201060,2026-03-10T00:21:23+00:00
burn,0xed61bc0384b9387abe0db87fbc13350a1bae5af2ba7adc5d17ed52b9799cdf97#1106874,1773105791,24623764,0xed61bc0384b9387abe0db87fbc13350a1bae5af2ba7adc5d17ed52b9799cdf97,459,0x8ad599c3a0ff1de082011efddc58f1908eb6e6d8,3000.0,0.0,46594116.0,,,0x508a312cf7334b44b9ff22ac0bac1b3db9eed4e1,0xc36442b4a4522e871399cd717abdd847ab11fe88,0xa0b86991c6218b36c1d19d4a2e9eb0ce3606eb48,USDC,6,0xc02aaa39b223fe8d0a0e5c4f27ead9083c756cc2,WETH,18,136.434585,0.031991613139634084,200.93138575403847,22307554291529.0,,,198900,203160,2026-03-10T01:23:11+00:00
burn,0xed61bc0384b9387abe0db87fbc13350a1bae5af2ba7adc5d17ed52b9799cdf97#1106875,1773105791,24623764,0xed61bc0384b9387abe0db87fbc13350a1bae5af2ba7adc5d17ed52b9799cdf97,461,0x8ad599c3a0ff1de082011efddc58f1908eb6e6d8,3000.0,0.0,46594116.0,,,0x508a312cf7334b44b9ff22ac0bac1b3db9eed4e1,0xc36442b4a4522e871399cd717abdd847ab11fe88,0xa0b86991c6218b36c1d19d4a2e9eb0ce3606eb48,USDC,6,0xc02aaa39b223fe8d0a0e5c4f27ead9083c756cc2,WETH,18,0.0,0.0,0.0,0.0,,,198900,203160,2026-03-10T01:23:11+00:00
burn,0xf5b91a5a23b7b6de3fb559ba1c0dddec587e74cbfd2af36b39512f449e21842e#1106948,1773113135,24624374,0xf5b91a5a23b7b6de3fb559ba1c0dddec587e74cbfd2af36b39512f449e21842e,148,0x8ad599c3a0ff1de082011efddc58f1908eb6e6d8,3000.0,0.0,2039202334.0,,,0x7366fbbc239f10eeaa9a65433244c8b80b0dab49,0xc36442b4a4522e871399cd717abdd847ab11fe88,0xa0b86991c6218b36c1d19d4a2e9eb0ce3606eb48,USDC,6,0xc02aaa39b223fe8d0a0e5c4f27ead9083c756cc2,WETH,18,0.0,0.0,0.0,0.0,,,197640,202080,2026-03-10T03:25:35+00:00
burn,0x7bec998e930155db41207360acfd116785b49766205ad111bd2e922921eb235e#1106984,1773116507,24624653,0x7bec998e930155db41207360acfd116785b49766205ad111bd2e922921eb235e,364,0x8ad599c3a0ff1de082011efddc58f1908eb6e6d8,3000.0,0.0,65785387.0,,,0x5f366cdb73c7eb4cb2743d983e2c2f4523877b87,0xc36442b4a4522e871399cd717abdd847ab11fe88,0xa0b86991c6218b36c1d19d4a2e9eb0ce3606eb48,USDC,6,0xc02aaa39b223fe8d0a0e5c4f27ead9083c756cc2,WETH,18,2.721383,0.000246335595609288,3.2213842689239605,132943906718.0,,,198420,212280,2026-03-10T04:21:47+00:00
burn,0x8667a733255b20009606c07665ba4b269d5bf43d4128771967068fedb74c2dde#1107024,1773121727,24625087,0x8667a733255b20009606c07665ba4b269d5bf43d4128771967068fedb74c2dde,46,0x8ad599c3a0ff1de082011efddc58f1908eb6e6d8,3000.0,0.0,2039215189.0,,,0x90ae7dfcf322167cb7e3ff04d71ed393a5d5a618,0xc36442b4a4522e871399cd717abdd847ab11fe88,0xa0b86991c6218b36c1d19d4a2e9eb0ce3606eb48,USDC,6,0xc02aaa39b223fe8d0a0e5c4f27ead9083c756cc2,WETH,18,0.0,0.0,0.0,0.0,,,197340,201960,2026-03-10T05:48:47+00:00
burn,0x6960ea64bd8638e748f190c9107603bbda1d2158fef9273c7ffc2ba30f69abe6#1107043,1773126191,24625454,0x6960ea64bd8638e748f190c9107603bbda1d2158fef9273c7ffc2ba30f69abe6,115,0x8ad599c3a0ff1de082011efddc58f1908eb6e6d8,3000.0,0.0,2036186459.0,,,0xa2eae2a749103c5631d5525d136ec7b956dd7c85,0xc36442b4a4522e871399cd717abdd847ab11fe88,0xa0b86991c6218b36c1d19d4a2e9eb0ce3606eb48,USDC,6,0xc02aaa39b223fe8d0a0e5c4f27ead9083c756cc2,WETH,18,0.0,0.0,0.0,0.0,,,196020,202200,2026-03-10T07:03:11+00:00
burn,0x3c34f15affa1eb772ed53973bb6a524e4928ce442eee2123826cf5a8e7c464c4#1107046,1773126551,24625484,0x3c34f15affa1eb772ed53973bb6a524e4928ce442eee2123826cf5a8e7c464c4,100,0x8ad599c3a0ff1de082011efddc58f1908eb6e6d8,3000.0,0.0,2038743474.0,,,0xa2eae2a749103c5631d5525d136ec7b956dd7c85,0xc36442b4a4522e871399cd717abdd847ab11fe88,0xa0b86991c6218b36c1d19d4a2e9eb0ce3606eb48,USDC,6,0xc02aaa39b223fe8d0a0e5c4f27ead9083c756cc2,WETH,18,3.9181,0.003543220230473398,11.157891144195785,868510812312.0,,,196020,202200,2026-03-10T07:09:11+00:00
burn,0x4e8bb27d2d2ca8b8c92679f3afcb1243de78ba51a7c880662fe6fc57a5c1c3e2#1107098,1773137939,24626426,0x4e8bb27d2d2ca8b8c92679f3afcb1243de78ba51a7c880662fe6fc57a5c1c3e2,18,0x8ad599c3a0ff1de082011efddc58f1908eb6e6d8,3000.0,0.0,184341210.0,,,0x769565b5c82a57bc3d3247995ebfeaa0c45015d3,0xc36442b4a4522e871399cd717abdd847ab11fe88,0xa0b86991c6218b36c1d19d4a2e9eb0ce3606eb48,USDC,6,0xc02aaa39b223fe8d0a0e5c4f27ead9083c756cc2,WETH,18,85.885685,0.04209590574043352,172.80741396225915,20773886220747.0,,,198060,201900,2026-03-10T10:18:59+00:00
burn,0xa4b35b8afde87fc97443e8fd12d19b5fddb2be269ba367eb3d6627f892da55fe#1107115,1773142379,24626794,0xa4b35b8afde87fc97443e8fd12d19b5fddb2be269ba367eb3d6627f892da55fe,349,0x8ad599c3a0ff1de082011efddc58f1908eb6e6d8,3000.0,0.0,88591396.0,,,0x5a19e750e643525775f474c42eb659c290578ee0,0xc36442b4a4522e871399cd717abdd847ab11fe88,0xa0b86991c6218b36c1d19d4a2e9eb0ce3606eb48,USDC,6,0xc02aaa39b223fe8d0a0e5c4f27ead9083c756cc2,WETH,18,1.136908,0.0,1.136908,78795260371.0,,,201300,209580,2026-03-10T11:32:59+00:00
burn,0xead011f5f478df789824bb6128d943c8bb466ae5fa308026576d74f87a459efa#1107129,1773144803,24626995,0xead011f5f478df789824bb6128d943c8bb466ae5fa308026576d74f87a459efa,1340,0x8ad599c3a0ff1de082011efddc58f1908eb6e6d8,3000.0,0.0,92136739.0,,,0x788150e449486054c1018f64c778468180927dad,0xc36442b4a4522e871399cd717abdd847ab11fe88,0xa0b86991c6218b36c1d19d4a2e9eb0ce3606eb48,USDC,6,0xc02aaa39b223fe8d0a0e5c4f27ead9083c756cc2,WETH,18,0.0,0.0,0.0,0.0,,,197280,203520,2026-03-10T12:13:23+00:00
burn,0xda9be74d6df879a99e4a5aad63e55456ab7e00211c4f8be286c19a39856c824e#1107139,1773146855,24627164,0xda9be74d6df879a99e4a5aad63e55456ab7e00211c4f8be286c19a39856c824e,49,0x8ad599c3a0ff1de082011efddc58f1908eb6e6d8,3000.0,0.0,376325926.0,,,0x34bddfb4d78c0acbef31489cbd10a28a9b0abe0f,0xc36442b4a4522e871399cd717abdd847ab11fe88,0xa0b86991c6218b36c1d19d4a2e9eb0ce3606eb48,USDC,6,0xc02aaa39b223fe8d0a0e5c4f27ead9083c756cc2,WETH,18,0.0,11.999863842000469,24672.93502445905,4023205713074589.0,,,195600,198720,2026-03-10T12:47:35+00:00
burn,0xebc3ed6457dbcfb9d008a0d295e1ba277dfe0cc9ed46e3dc011cdf743fe6217c#1107237,1773154847,24627823,0xebc3ed6457dbcfb9d008a0d295e1ba277dfe0cc9ed46e3dc011cdf743fe6217c,976,0x8ad599c3a0ff1de082011efddc58f1908eb6e6d8,3000.0,0.0,456531180.0,,,0xd359446bec8ba0651f6cc976c1c8cc6485ac7d07,0xc36442b4a4522e871399cd717abdd847ab11fe88,0xa0b86991c6218b36c1d19d4a2e9eb0ce3606eb48,USDC,6,0xc02aaa39b223fe8d0a0e5c4f27ead9083c756cc2,WETH,18,1520.320032,0.0,1520.320032,574198352671628.0,,,199980,201180,2026-03-10T15:00:47+00:00
burn,0x2627b9935434da3605798f29ef4f3ecd47496c76d65cdfe3d0dac23bead0e116#1107241,1773154955,24627832,0x2627b9935434da3605798f29ef4f3ecd47496c76d65cdfe3d0dac23bead0e116,265,0x8ad599c3a0ff1de082011efddc58f1908eb6e6d8,3000.0,0.0,579663520.0,,,0x83681c14770b44361e21faf91d8325423365ea5c,0xc36442b4a4522e871399cd717abdd847ab11fe88,0xa0b86991c6218b36c1d19d4a2e9eb0ce3606eb48,USDC,6,0xc02aaa39b223fe8d0a0e5c4f27ead9083c756cc2,WETH,18,0.0,0.0,0.0,0.0,,,198660,200700,2026-03-10T15:02:35+00:00
burn,0x15515c8e00390ed563f59aaf6cf99569f228e36752a9a2a5e671af4a3d6b525e#1107278,1773159503,24628209,0x15515c8e00390ed563f59aaf6cf99569f228e36752a9a2a5e671af4a3d6b525e,669,0x8ad599c3a0ff1de082011efddc58f1908eb6e6d8,3000.0,0.0,1808001434.0,,,0xd34fa4d0802d1a36d3e0677ad36117abc185ab3c,0xc36442b4a4522e871399cd717abdd847ab11fe88,0xa0b86991c6218b36c1d19d4a2e9eb0ce3606eb48,USDC,6,0xc02aaa39b223fe8d0a0e5c4f27ead9083c756cc2,WETH,18,0.0,0.0,0.0,0.0,,,197100,201660,2026-03-10T16:18:23+00:00
burn,0x110d6fc9ca2a6dbb9f241e77eb6d077f45f2649a10643a7f0cdc84b549dcbf99#1107283,1773160607,24628300,0x110d6fc9ca2a6dbb9f241e77eb6d077f45f2649a10643a7f0cdc84b549dcbf99,45,0x8ad599c3a0ff1de082011efddc58f1908eb6e6d8,3000.0,0.0,2406152827.0,,,0xbc40022f523d41160763147cdb77a16fd6a23ad8,0xc36442b4a4522e871399cd717abdd847ab11fe88,0xa0b86991c6218b36c1d19d4a2e9eb0ce3606eb48,USDC,6,0xc02aaa39b223fe8d0a0e5c4f27ead9083c756cc2,WETH,18,0.0,0.0,0.0,0.0,,,199320,201900,2026-03-10T16:36:47+00:00
burn,0x1a9ed0e0f65953f1b5e7d3bf31f9443c05ff69c2da419556c2ad3a13c80f4804#1107330,1773167795,24628895,0x1a9ed0e0f65953f1b5e7d3bf31f9443c05ff69c2da419556c2ad3a13c80f4804,803,0x8ad599c3a0ff1de082011efddc58f1908eb6e6d8,3000.0,0.0,123851005.0,,,0x83681c14770b44361e21faf91d8325423365ea5c,0xc36442b4a4522e871399cd717abdd847ab11fe88,0xa0b86991c6218b36c1d19d4a2e9eb0ce3606eb48,USDC,6,0xc02aaa39b223fe8d0a0e5c4f27ead9083c756cc2,WETH,18,0.0,0.0,0.0,0.0,,,198660,200700,2026-03-10T18:36:35+00:00
burn,0xa54aa1632c782a5f56b51b5a43e0247ccb3ce2f42c9929970f0f550cd63baae4#1107338,1773168563,24628959,0xa54aa1632c782a5f56b51b5a43e0247ccb3ce2f42c9929970f0f550cd63baae4,245,0x8ad599c3a0ff1de082011efddc58f1908eb6e6d8,3000.0,0.0,487318290.0,,,0xd8bcba0caeb363727c034d01e2334427ee89c7d5,0xc36442b4a4522e871399cd717abdd847ab11fe88,0xa0b86991c6218b36c1d19d4a2e9eb0ce3606eb48,USDC,6,0xc02aaa39b223fe8d0a0e5c4f27ead9083c756cc2,WETH,18,0.0,0.0,0.0,0.0,,,199560,201060,2026-03-10T18:49:23+00:00
burn,0x404fa905a358c3d97972b3ac078366ec0f7a8ee17092ad64c15006a35de165d9#1107347,1773169283,24629018,0x404fa905a358c3d97972b3ac078366ec0f7a8ee17092ad64c15006a35de165d9,174,0x8ad599c3a0ff1de082011efddc58f1908eb6e6d8,3000.0,0.0,2113376948.0,,,0x0e537578296f92a8cbfe9af9f94d379fa272ae73,0xc36442b4a4522e871399cd717abdd847ab11fe88,0xa0b86991c6218b36c1d19d4a2e9eb0ce3606eb48,USDC,6,0xc02aaa39b223fe8d0a0e5c4f27ead9083c756cc2,WETH,18,0.0,0.0,0.0,0.0,,,199020,201060,2026-03-10T19:01:23+00:00
burn,0xaa6c440efb0165dd61428be4944b9dc45bdd75503b4611021feb701d2f55dd88#1107346,1773169367,24629025,0xaa6c440efb0165dd61428be4944b9dc45bdd75503b4611021feb701d2f55dd88,6370,0x8ad599c3a0ff1de082011efddc58f1908eb6e6d8,3000.0,0.0,2090414639.0,,,0xd9602696e645759506a6afd695ba820c169393af,0xc36442b4a4522e871399cd717abdd847ab11fe88,0xa0b86991c6218b36c1d19d4a2e9eb0ce3606eb48,USDC,6,0xc02aaa39b223fe8d0a0e5c4f27ead9083c756cc2,WETH,18,0.0,0.0,0.0,0.0,,,199080,201180,2026-03-10T19:02:47+00:00
burn,0xc9de0c1bb99766e3f7a36c39d652f2a9f3db530173bdeb1b772441cea341607f#1107347,1773169463,24629033,0xc9de0c1bb99766e3f7a36c39d652f2a9f3db530173bdeb1b772441cea341607f,428,0x8ad599c3a0ff1de082011efddc58f1908eb6e6d8,3000.0,0.0,2093643440.0,,,0x651c1fef07237faebb7128dfe632f6a52532f5a1,0xc36442b4a4522e871399cd717abdd847ab11fe88,0xa0b86991c6218b36c1d19d4a2e9eb0ce3606eb48,USDC,6,0xc02aaa39b223fe8d0a0e5c4f27ead9083c756cc2,WETH,18,0.0,0.0,0.0,0.0,,,199080,201180,2026-03-10T19:04:23+00:00
burn,0xccc36de7cc687e5089de25570f96f622ce23be85ed3015e256ba4b61f5d81a1e#1107355,1773170747,24629140,0xccc36de7cc687e5089de25570f96f622ce23be85ed3015e256ba4b61f5d81a1e,174,0x8ad599c3a0ff1de082011efddc58f1908eb6e6d8,3000.0,0.0,2104852263.0,,,0x44bdd19c39340cbd8bd3a0aadc0258ce32efc735,0xc36442b4a4522e871399cd717abdd847ab11fe88,0xa0b86991c6218b36c1d19d4a2e9eb0ce3606eb48,USDC,6,0xc02aaa39b223fe8d0a0e5c4f27ead9083c756cc2,WETH,18,0.0,0.05991269490031581,122.08616838380595,33478750187867.0,,,195060,197040,2026-03-10T19:25:47+00:00
burn,0x0b334f8b21674bb254c5782c8d10380a0b1073e090925e6619de261b23111d24#1107386,1773173003,24629326,0x0b334f8b21674bb254c5782c8d10380a0b1073e090925e6619de261b23111d24,838,0x8ad599c3a0ff1de082011efddc58f1908eb6e6d8,3000.0,0.0,67520465.0,,,0xc0ac20d012266b1b74932854136cee58b096fea8,0xc36442b4a4522e871399cd717abdd847ab11fe88,0xa0b86991c6218b36c1d19d4a2e9eb0ce3606eb48,USDC,6,0xc02aaa39b223fe8d0a0e5c4f27ead9083c756cc2,WETH,18,0.0,0.0,0.0,0.0,,,199680,201120,2026-03-10T20:03:23+00:00
burn,0x4e3b93506652b133b30d7e56aa4178b2628c183cd3e47bc8313267127f1e4b52#1107392,1773173771,24629390,0x4e3b93506652b133b30d7e56aa4178b2628c183cd3e47bc8313267127f1e4b52,62,0x8ad599c3a0ff1de082011efddc58f1908eb6e6d8,3000.0,0.0,2054140352.0,,,0x1f1202800ba7f57312374ea512fbea30e7862bc6,0xc36442b4a4522e871399cd717abdd847ab11fe88,0xa0b86991c6218b36c1d19d4a2e9eb0ce3606eb48,USDC,6,0xc02aaa39b223fe8d0a0e5c4f27ead9083c756cc2,WETH,18,20026.676443,0.0,20026.676443,1539060015575315.0,,,200220,207060,2026-03-10T20:16:11+00:00
burn,0xc9ff2c4825a143b4c8db4c8b742e5463e6ef8f783aabf1a2fbaf19baf68eee9c#1107407,1773176795,24629642,0xc9ff2c4825a143b4c8db4c8b742e5463e6ef8f783aabf1a2fbaf19baf68eee9c,257,0x8ad599c3a0ff1de082011efddc58f1908eb6e6d8,3000.0,0.0,245503378.0,,,0x621e9bcf21f8f4d48d1675d8fc5cdf7d0c29abce,0xc36442b4a4522e871399cd717abdd847ab11fe88,0xa0b86991c6218b36c1d19d4a2e9eb0ce3606eb48,USDC,6,0xc02aaa39b223fe8d0a0e5c4f27ead9083c756cc2,WETH,18,0.0,0.0,0.0,0.0,,,200280,203160,2026-03-10T21:06:35+00:00
burn,0x52e60aa56b82952041ea207bc8a8f0f3b30f573baffd1139848abff19f216d62#1107410,1773176819,24629644,0x52e60aa56b82952041ea207bc8a8f0f3b30f573baffd1139848abff19f216d62,106,0x8ad599c3a0ff1de082011efddc58f1908eb6e6d8,3000.0,0.0,250106056.0,,,0x621e9bcf21f8f4d48d1675d8fc5cdf7d0c29abce,0xc36442b4a4522e871399cd717abdd847ab11fe88,0xa0b86991c6218b36c1d19d4a2e9eb0ce3606eb48,USDC,6,0xc02aaa39b223fe8d0a0e5c4f27ead9083c756cc2,WETH,18,0.0,0.0,0.0,0.0,,,198060,200340,2026-03-10T21:06:59+00:00
burn,0x0dc7251c9c84cfb36a3f674a09424e5aebb9e450d31ebce3d86f611d181f80e3#1107411,1773176939,24629654,0x0dc7251c9c84cfb36a3f674a09424e5aebb9e450d31ebce3d86f611d181f80e3,562,0x8ad599c3a0ff1de082011efddc58f1908eb6e6d8,3000.0,0.0,139388396.0,,,0x447dc65dcda3c9543a3e5a25509e5b75fd138e3b,0xc36442b4a4522e871399cd717abdd847ab11fe88,0xa0b86991c6218b36c1d19d4a2e9eb0ce3606eb48,USDC,6,0xc02aaa39b223fe8d0a0e5c4f27ead9083c756cc2,WETH,18,0.0,0.0,0.0,0.0,,,192180,203160,2026-03-10T21:08:59+00:00
burn,0x0406e0e02cee4ab090bd5972d5eda304b4cdc4805cd0089194c1bb7def80a0ab#1107434,1773181763,24630054,0x0406e0e02cee4ab090bd5972d5eda304b4cdc4805cd0089194c1bb7def80a0ab,536,0x8ad599c3a0ff1de082011efddc58f1908eb6e6d8,3000.0,0.0,44129885.0,,,0x0a6dc0684f32c6a1b1e2b9612cc5c376ee948e5d,0xc36442b4a4522e871399cd717abdd847ab11fe88,0xa0b86991c6218b36c1d19d4a2e9eb0ce3606eb48,USDC,6,0xc02aaa39b223fe8d0a0e5c4f27ead9083c756cc2,WETH,18,0.0,0.0,0.0,0.0,,,197220,207180,2026-03-10T22:29:23+00:00
burn,0x767b5953f33824e6010c9dfbb722a6ce9fb1825b424536c79eac18f816467fb2#1107445,1773183323,24630184,0x767b5953f33824e6010c9dfbb722a6ce9fb1825b424536c79eac18f816467fb2,103,0x8ad599c3a0ff1de082011efddc58f1908eb6e6d8,3000.0,0.0,7174996740.0,,,0xae2fc483527b8ef99eb5d9b44875f005ba1fae13,0x1f2f10d1c40777ae1da742455c65828ff36df387,0xa0b86991c6218b36c1d19d4a2e9eb0ce3606eb48,USDC,6,0xc02aaa39b223fe8d0a0e5c4f27ead9083c756cc2,WETH,18,764193.033816,119.07996545500733,1005633.3283796532,7.451922082813706e+18,,,200160,200220,2026-03-10T22:55:23+00:00
burn,0x57f8633d004bf78f827fdf5aa9a5590929ea297df5a789016a83ac835efa2032#1107446,1773183695,24630215,0x57f8633d004bf78f827fdf5aa9a5590929ea297df5a789016a83ac835efa2032,2276,0x8ad599c3a0ff1de082011efddc58f1908eb6e6d8,3000.0,0.0,50673983.0,,,0x4dcff7a73fd1910cf937b6b40c434ecdbea95483,0xc36442b4a4522e871399cd717abdd847ab11fe88,0xa0b86991c6218b36c1d19d4a2e9eb0ce3606eb48,USDC,6,0xc02aaa39b223fe8d0a0e5c4f27ead9083c756cc2,WETH,18,0.0,0.0,0.0,0.0,,,199680,201120,2026-03-10T23:01:35+00:00
burn,0x023d83415936c04531f00cb4e01a2840bd8b26d8f54fa8b65b34fd16d60c6929#1107455,1773186455,24630443,0x023d83415936c04531f00cb4e01a2840bd8b26d8f54fa8b65b34fd16d60c6929,97,0x8ad599c3a0ff1de082011efddc58f1908eb6e6d8,3000.0,0.0,2063134975.0,,,0xf0f4f444233ed54a89c7263eb650ef777af25b58,0xc36442b4a4522e871399cd717abdd847ab11fe88,0xa0b86991c6218b36c1d19d4a2e9eb0ce3606eb48,USDC,6,0xc02aaa39b223fe8d0a0e5c4f27ead9083c756cc2,WETH,18,0.0,0.0,0.0,0.0,,,193260,200160,2026-03-10T23:47:35+00:00
burn,0xb783c7dbdc091217aa12d040d3ae8e523016c88c72597a96d61efd362eb36301#1107458,1773186623,24630457,0xb783c7dbdc091217aa12d040d3ae8e523016c88c72597a96d61efd362eb36301,273,0x8ad599c3a0ff1de082011efddc58f1908eb6e6d8,3000.0,0.0,2079663655.0,,,0xf0f4f444233ed54a89c7263eb650ef777af25b58,0xc36442b4a4522e871399cd717abdd847ab11fe88,0xa0b86991c6218b36c1d19d4a2e9eb0ce3606eb48,USDC,6,0xc02aaa39b223fe8d0a0e5c4f27ead9083c756cc2,WETH,18,0.0,0.0,0.0,0.0,,,189360,203220,2026-03-10T23:50:23+00:00
burn,0xc332e7e875e0af4b54b0fd4c4fbf24e82fb35aafe829d4c4199b0e4a24dd9d83#1107468,1773187391,24630520,0xc332e7e875e0af4b54b0fd4c4fbf24e82fb35aafe829d4c4199b0e4a24dd9d83,606,0x8ad599c3a0ff1de082011efddc58f1908eb6e6d8,3000.0,0.0,53275335.0,,,0xdc7b1ebbc9f79c082b2e0f02ee3077a8d974fa8e,0xc36442b4a4522e871399cd717abdd847ab11fe88,0xa0b86991c6218b36c1d19d4a2e9eb0ce3606eb48,USDC,6,0xc02aaa39b223fe8d0a0e5c4f27ead9083c756cc2,WETH,18,0.0,0.0,0.0,0.0,,,199620,201060,2026-03-11T00:03:11+00:00
burn,0x2f592bdf0801486915a707e26ab190a0a68a9152d56a0cf89728449ea7ba70a8#1107471,1773187463,24630526,0x2f592bdf0801486915a707e26ab190a0a68a9152d56a0cf89728449ea7ba70a8,880,0x8ad599c3a0ff1de082011efddc58f1908eb6e6d8,3000.0,0.0,47739345.0,,,0xdc7b1ebbc9f79c082b2e0f02ee3077a8d974fa8e,0xc36442b4a4522e871399cd717abdd847ab11fe88,0xa0b86991c6218b36c1d19d4a2e9eb0ce3606eb48,USDC,6,0xc02aaa39b223fe8d0a0e5c4f27ead9083c756cc2,WETH,18,0.0,0.0,0.0,0.0,,,199620,201060,2026-03-11T00:04:23+00:00
burn,0x1ffe839683f18fe3763d92a5590021a2043d7d9eb024a14dc5ed3b34074ce0ff#1107472,1773187499,24630529,0x1ffe839683f18fe3763d92a5590021a2043d7d9eb024a14dc5ed3b34074ce0ff,893,0x8ad599c3a0ff1de082011efddc58f1908eb6e6d8,3000.0,0.0,46187208.0,,,0x508a312cf7334b44b9ff22ac0bac1b3db9eed4e1,0xc36442b4a4522e871399cd717abdd847ab11fe88,0xa0b86991c6218b36c1d19d4a2e9eb0ce3606eb48,USDC,6,0xc02aaa39b223fe8d0a0e5c4f27ead9083c756cc2,WETH,18,0.0,0.0,0.0,0.0,,,198900,203160,2026-03-11T00:04:59+00:00
burn,0x2fd4441ccb1eb86ebc012e0593fe131350567531d5bf6cbc0d290ef04fd2b590#1107473,1773187631,24630540,0x2fd4441ccb1eb86ebc012e0593fe131350567531d5bf6cbc0d290ef04fd2b590,769,0x8ad599c3a0ff1de082011efddc58f1908eb6e6d8,3000.0,0.0,52365426.0,,,0x55d1cdf31f4692378637cb28d5fd4a83cd4c26bf,0xc36442b4a4522e871399cd717abdd847ab11fe88,0xa0b86991c6218b36c1d19d4a2e9eb0ce3606eb48,USDC,6,0xc02aaa39b223fe8d0a0e5c4f27ead9083c756cc2,WETH,18,0.0,0.0,0.0,0.0,,,199680,201120,2026-03-11T00:07:11+00:00
burn,0xbbb612d1b19ccf22f730527ad5c81a5393902bea693dbcbfea859515d817e737#1107472,1773187667,24630543,0xbbb612d1b19ccf22f730527ad5c81a5393902bea693dbcbfea859515d817e737,769,0x8ad599c3a0ff1de082011efddc58f1908eb6e6d8,3000.0,0.0,50478147.0,,,0x143b67cf0b87c59b9eb3bbfd5a8d4c74dec426d1,0xc36442b4a4522e871399cd717abdd847ab11fe88,0xa0b86991c6218b36c1d19d4a2e9eb0ce3606eb48,USDC,6,0xc02aaa39b223fe8d0a0e5c4f27ead9083c756cc2,WETH,18,0.0,0.0,0.0,0.0,,,199320,200760,2026-03-11T00:07:47+00:00
burn,0x157c5b2f56d6c4c43944779094d0baf19ca1d69d8b53471fdee585df62958c42#1107476,1773187811,24630555,0x157c5b2f56d6c4c43944779094d0baf19ca1d69d8b53471fdee585df62958c42,1145,0x8ad599c3a0ff1de082011efddc58f1908eb6e6d8,3000.0,0.0,44940679.0,,,0xa1e0b6edbf434be1322e2d1e2d438bbfcbe81546,0xc36442b4a4522e871399cd717abdd847ab11fe88,0xa0b86991c6218b36c1d19d4a2e9eb0ce3606eb48,USDC,6,0xc02aaa39b223fe8d0a0e5c4f27ead9083c756cc2,WETH,18,0.0,0.0,0.0,0.0,,,199620,201060,2026-03-11T00:10:11+00:00
burn,0x6e09b9b807474c7956df3e3782bca037d0ecb66912e59f79b9ea2b604d219b7e#1107483,1773188183,24630586,0x6e09b9b807474c7956df3e3782bca037d0ecb66912e59f79b9ea2b604d219b7e,858,0x8ad599c3a0ff1de082011efddc58f1908eb6e6d8,3000.0,0.0,40802486.0,,,0xa1e0b6edbf434be1322e2d1e2d438bbfcbe81546,0xc36442b4a4522e871399cd717abdd847ab11fe88,0xa0b86991c6218b36c1d19d4a2e9eb0ce3606eb48,USDC,6,0xc02aaa39b223fe8d0a0e5c4f27ead9083c756cc2,WETH,18,0.0,0.0,0.0,0.0,,,199560,201000,2026-03-11T00:16:23+00:00
burn,0x5c28d360f21a55a2c4a0e9cca1b07107a2e8180223b72b6d2333d705dd7193be#1107537,1773201251,24631672,0x5c28d360f21a55a2c4a0e9cca1b07107a2e8180223b72b6d2333d705dd7193be,113,0x8ad599c3a0ff1de082011efddc58f1908eb6e6d8,3000.0,0.0,133271468.0,,,0x0320618babfa9d52f72b0565bfad3f22b3fc0c78,0xc36442b4a4522e871399cd717abdd847ab11fe88,0xa0b86991c6218b36c1d19d4a2e9eb0ce3606eb48,USDC,6,0xc02aaa39b223fe8d0a0e5c4f27ead9083c756cc2,WETH,18,0.0,0.0,0.0,0.0,,,198480,201960,2026-03-11T03:54:11+00:00
burn,0xc2daade54f044b0c451ebd39458da10974c685eaa1b34cae16aa212cd7674787#1107582,1773211763,24632544,0xc2daade54f044b0c451ebd39458da10974c685eaa1b34cae16aa212cd7674787,765,0x8ad599c3a0ff1de082011efddc58f1908eb6e6d8,3000.0,0.0,35766021.0,,,0x283e0f3519b84f6decb295c65e2cf0cdaf105518,0xc36442b4a4522e871399cd717abdd847ab11fe88,0xa0b86991c6218b36c1d19d4a2e9eb0ce3606eb48,USDC,6,0xc02aaa39b223fe8d0a0e5c4f27ead9083c756cc2,WETH,18,0.0,0.0,0.0,0.0,,,199440,201300,2026-03-11T06:49:23+00:00
burn,0xb5f18217429b21a99a1a4c5ad241c554bd57151d45c579aae9fcfbcb4f70f81c#1107618,1773226535,24633768,0xb5f18217429b21a99a1a4c5ad241c554bd57151d45c579aae9fcfbcb4f70f81c,107,0x8ad599c3a0ff1de082011efddc58f1908eb6e6d8,3000.0,0.0,89054705.0,,,0x2adc93ae56cc48628aab52c277b5419925504f54,0xc36442b4a4522e871399cd717abdd847ab11fe88,0xa0b86991c6218b36c1d19d4a2e9eb0ce3606eb48,USDC,6,0xc02aaa39b223fe8d0a0e5c4f27ead9083c756cc2,WETH,18,0.0,0.0,0.0,0.0,,,198600,201600,2026-03-11T10:55:35+00:00
burn,0x5e909a0be13098fa3f236ae9df610f4e28b800ee9dd2cbb6180a9dc6acbbd01b#1107621,1773226679,24633780,0x5e909a0be13098fa3f236ae9df610f4e28b800ee9dd2cbb6180a9dc6acbbd01b,306,0x8ad599c3a0ff1de082011efddc58f1908eb6e6d8,3000.0,0.0,182096501.0,,,0x742527d9266f39ec732e785f4f69944e96b603d0,0xc36442b4a4522e871399cd717abdd847ab11fe88,0xa0b86991c6218b36c1d19d4a2e9eb0ce3606eb48,USDC,6,0xc02aaa39b223fe8d0a0e5c4f27ead9083c756cc2,WETH,18,2425.367829,1.291106342650982,5039.8512785884795,233342103369913.0,,,194460,205440,2026-03-11T10:57:59+00:00
burn,0x689fa14ad8558eeb2215fc83fa13e07d196f00f448d3b13dfe496da965caaa25#1107629,1773228107,24633899,0x689fa14ad8558eeb2215fc83fa13e07d196f00f448d3b13dfe496da965caaa25,478,0x8ad599c3a0ff1de082011efddc58f1908eb6e6d8,3000.0,0.0,94794228.0,,,0x9ed7b5e4249f439a014150323e989bea091d7105,0xc36442b4a4522e871399cd717abdd847ab11fe88,0xa0b86991c6218b36c1d19d4a2e9eb0ce3606eb48,USDC,6,0xc02aaa39b223fe8d0a0e5c4f27ead9083c756cc2,WETH,18,0.190808,2.1895960748887e-05,0.23520764125475024,9575714901.0,,,198000,211860,2026-03-11T11:21:47+00:00
burn,0x00293157413508da4ddc6f5074dcbd481a6e0d3757bfede39e8fdcd02bff2cdb#1107639,1773230243,24634074,0x00293157413508da4ddc6f5074dcbd481a6e0d3757bfede39e8fdcd02bff2cdb,208,0x8ad599c3a0ff1de082011efddc58f1908eb6e6d8,3000.0,0.0,290705663.0,,,0xa8e8c5adf3e714c682150d2f81ac8d5bfa2050b0,0xc36442b4a4522e871399cd717abdd847ab11fe88,0xa0b86991c6218b36c1d19d4a2e9eb0ce3606eb48,USDC,6,0xc02aaa39b223fe8d0a0e5c4f27ead9083c756cc2,WETH,18,0.0,0.0,0.0,0.0,,,195960,209820,2026-03-11T11:57:23+00:00
burn,0xbf04e977def34b6a3654e9ee3564e6e1a0c50a46ff7b9300b3fc24dfeb4edc28#1107638,1773230255,24634075,0xbf04e977def34b6a3654e9ee3564e6e1a0c50a46ff7b9300b3fc24dfeb4edc28,450,0x8ad599c3a0ff1de082011efddc58f1908eb6e6d8,3000.0,0.0,288983689.0,,,0xa8e8c5adf3e714c682150d2f81ac8d5bfa2050b0,0xc36442b4a4522e871399cd717abdd847ab11fe88,0xa0b86991c6218b36c1d19d4a2e9eb0ce3606eb48,USDC,6,0xc02aaa39b223fe8d0a0e5c4f27ead9083c756cc2,WETH,18,1.038052,0.000256181393422372,1.5564621835027608,60406230624.0,,,195960,209820,2026-03-11T11:57:35+00:00
burn,0x5bf8a3d8922b8f53351bc0c8c0980b0b6c16d89b9a4778dc5af09f0bcbdbed77#1107653,1773230975,24634135,0x5bf8a3d8922b8f53351bc0c8c0980b0b6c16d89b9a4778dc5af09f0bcbdbed77,256,0x8ad599c3a0ff1de082011efddc58f1908eb6e6d8,3000.0,0.0,2298438111.0,,,0x4daf983c4a18a8dc204b41f8329c880fe5c9a26d,0xc36442b4a4522e871399cd717abdd847ab11fe88,0xa0b86991c6218b36c1d19d4a2e9eb0ce3606eb48,USDC,6,0xc02aaa39b223fe8d0a0e5c4f27ead9083c756cc2,WETH,18,163.439475,0.061744034089092695,288.10653409181486,43563461608598.0,,,198900,201960,2026-03-11T12:09:35+00:00
burn,0xb2d3341c44f7e8a7bf9c876bb770ea1b02035bc5dddcbeb82cec3ecfda4de3dd#1107743,1773239711,24634858,0xb2d3341c44f7e8a7bf9c876bb770ea1b02035bc5dddcbeb82cec3ecfda4de3dd,153,0x8ad599c3a0ff1de082011efddc58f1908eb6e6d8,3000.0,0.0,2290026992.0,,,0xcef7abf75d9903cc1b04ff595d0d0ea443f998d6,0xc36442b4a4522e871399cd717abdd847ab11fe88,0xa0b86991c6218b36c1d19d4a2e9eb0ce3606eb48,USDC,6,0xc02aaa39b223fe8d0a0e5c4f27ead9083c756cc2,WETH,18,4805.607932,1.1249999997661364,7123.278383765642,691259842561726.0,,,198480,203340,2026-03-11T14:35:11+00:00
burn,0x9fdbb309d31cefeedf790382f5bf37cb45a15583a2b632ef98a8c2364ddb92b7#1107796,1773243839,24635197,0x9fdbb309d31cefeedf790382f5bf37cb45a15583a2b632ef98a8c2364ddb92b7,69,0x8ad599c3a0ff1de082011efddc58f1908eb6e6d8,3000.0,0.0,2457459582.0,,,0x3d2598727593f6ba994ca7ea502260fa4770b469,0xc36442b4a4522e871399cd717abdd847ab11fe88,0xa0b86991c6218b36c1d19d4a2e9eb0ce3606eb48,USDC,6,0xc02aaa39b223fe8d0a0e5c4f27ead9083c756cc2,WETH,18,0.0,0.0,0.0,0.0,,,199440,200520,2026-03-11T15:43:59+00:00
burn,0xa35a28e9fc24eeb82f98fca2bd8fc5d7cbeabe224784e0a74e3ae82fed63355d#1107799,1773243947,24635206,0xa35a28e9fc24eeb82f98fca2bd8fc5d7cbeabe224784e0a74e3ae82fed63355d,50,0x8ad599c3a0ff1de082011efddc58f1908eb6e6d8,3000.0,0.0,2169827142.0,,,0xae2fc483527b8ef99eb5d9b44875f005ba1fae13,0x1f2f10d1c40777ae1da742455c65828ff36df387,0xa0b86991c6218b36c1d19d4a2e9eb0ce3606eb48,USDC,6,0xc02aaa39b223fe8d0a0e5c4f27ead9083c756cc2,WETH,18,1532789.338483,154.06174809688756,1847168.4038764352,1.3645673061502943e+19,,,200100,200160,2026-03-11T15:45:47+00:00
burn,0x6fb8f021b8b1881ea5e33535e9b2a006e5ac8e18a526647cd9b9781df1922d38#1107802,1773244187,24635225,0x6fb8f021b8b1881ea5e33535e9b2a006e5ac8e18a526647cd9b9781df1922d38,1871,0x8ad599c3a0ff1de082011efddc58f1908eb6e6d8,3000.0,0.0,285589840.0,,,0xacbc9960c499f8f5127696dcf0e0520cce2e9835,0xc36442b4a4522e871399cd717abdd847ab11fe88,0xa0b86991c6218b36c1d19d4a2e9eb0ce3606eb48,USDC,6,0xc02aaa39b223fe8d0a0e5c4f27ead9083c756cc2,WETH,18,1060.774103,0.09674371160886808,1258.1897367571923,673510861762525.0,,,199980,200820,2026-03-11T15:49:47+00:00
burn,0x9d6143d1234e94d7c441fd782354af8553eee3c32a9ae7464946d07841134a21#1107804,1773244391,24635241,0x9d6143d1234e94d7c441fd782354af8553eee3c32a9ae7464946d07841134a21,160,0x8ad599c3a0ff1de082011efddc58f1908eb6e6d8,3000.0,0.0,1149670732.0,,,0x3c3167c5974485e3d736f328c3a1810606173169,0xc36442b4a4522e871399cd717abdd847ab11fe88,0xa0b86991c6218b36c1d19d4a2e9eb0ce3606eb48,USDC,6,0xc02aaa39b223fe8d0a0e5c4f27ead9083c756cc2,WETH,18,11.768623,0.00941618243088368,31.002763525364447,1248129777210.0,,,191760,204780,2026-03-11T15:53:11+00:00
burn,0x2d3e7bbdfd30f66e49c94f50093e4c82f230569c90459fb8b293a2143788bd17#1107808,1773244499,24635250,0x2d3e7bbdfd30f66e49c94f50093e4c82f230569c90459fb8b293a2143788bd17,401,0x8ad599c3a0ff1de082011efddc58f1908eb6e6d8,3000.0,0.0,377024994.0,,,0xfe915f24bd818552b50c628e4b82d1870b5291b5,0xc36442b4a4522e871399cd717abdd847ab11fe88,0xa0b86991c6218b36c1d19d4a2e9eb0ce3606eb48,USDC,6,0xc02aaa39b223fe8d0a0e5c4f27ead9083c756cc2,WETH,18,0.0,0.0,0.0,0.0,,,199440,200520,2026-03-11T15:54:59+00:00
burn,0x0fb8377bec0c5d3b2a4d034db95a268151905f61055d323091ddfc2ae5e837b3#1107834,1773247115,24635468,0x0fb8377bec0c5d3b2a4d034db95a268151905f61055d323091ddfc2ae5e837b3,584,0x8ad599c3a0ff1de082011efddc58f1908eb6e6d8,3000.0,0.0,403259663.0,,,0x770bebe5946907cee4dfe004f1648ac435a9d5bb,0xc36442b4a4522e871399cd717abdd847ab11fe88,0xa0b86991c6218b36c1d19d4a2e9eb0ce3606eb48,USDC,6,0xc02aaa39b223fe8d0a0e5c4f27ead9083c756cc2,WETH,18,0.0,0.0,0.0,0.0,,,188880,203520,2026-03-11T16:38:35+00:00
burn,0x472ac5b68b707ef6bc1275d6f9282a3169bff6eb81c43665e131c98ba47602c2#1107835,1773247199,24635474,0x472ac5b68b707ef6bc1275d6f9282a3169bff6eb81c43665e131c98ba47602c2,181,0x8ad599c3a0ff1de082011efddc58f1908eb6e6d8,3000.0,0.0,442090293.0,,,0xbda0136ea391e24a938793972726f8763150c7c3,0xc36442b4a4522e871399cd717abdd847ab11fe88,0xa0b86991c6218b36c1d19d4a2e9eb0ce3606eb48,USDC,6,0xc02aaa39b223fe8d0a0e5c4f27ead9083c756cc2,WETH,18,0.0,0.0,0.0,0.0,,,189420,203340,2026-03-11T16:39:59+00:00
burn,0xe14ad6e52a0a4d1feabfd03d2202e77c61742c4a5589beb0345c052ce1389238#1107868,1773250679,24635763,0xe14ad6e52a0a4d1feabfd03d2202e77c61742c4a5589beb0345c052ce1389238,60,0x8ad599c3a0ff1de082011efddc58f1908eb6e6d8,3000.0,0.0,262653044.0,,,0x793e730f0e0bd8d442e1e4f716f0274d5dd1d4aa,0xc36442b4a4522e871399cd717abdd847ab11fe88,0xa0b86991c6218b36c1d19d4a2e9eb0ce3606eb48,USDC,6,0xc02aaa39b223fe8d0a0e5c4f27ead9083c756cc2,WETH,18,0.0,0.0,0.0,0.0,,,199500,201240,2026-03-11T17:37:59+00:00
burn,0x31781f5645ff68a8b24807ed75c3336316404cfcb98bf849439b2f7c7790f938#1107878,1773253259,24635978,0x31781f5645ff68a8b24807ed75c3336316404cfcb98bf849439b2f7c7790f938,496,0x8ad599c3a0ff1de082011efddc58f1908eb6e6d8,3000.0,0.0,2154205078.0,,,0xf1f67ce3a384e6995449ead5cdf28eb049fc816a,0xc36442b4a4522e871399cd717abdd847ab11fe88,0xa0b86991c6218b36c1d19d4a2e9eb0ce3606eb48,USDC,6,0xc02aaa39b223fe8d0a0e5c4f27ead9083c756cc2,WETH,18,0.0,0.0,0.0,0.0,,,199020,201180,2026-03-11T18:20:59+00:00
burn,0x0ea63b242531785ebe1c1b735c130401e5872d30cd817092764c1fdbac5ea156#1107881,1773253379,24635988,0x0ea63b242531785ebe1c1b735c130401e5872d30cd817092764c1fdbac5ea156,371,0x8ad599c3a0ff1de082011efddc58f1908eb6e6d8,3000.0,0.0,2149688944.0,,,0x651c1fef07237faebb7128dfe632f6a52532f5a1,0xc36442b4a4522e871399cd717abdd847ab11fe88,0xa0b86991c6218b36c1d19d4a2e9eb0ce3606eb48,USDC,6,0xc02aaa39b223fe8d0a0e5c4f27ead9083c756cc2,WETH,18,0.0,0.0,0.0,0.0,,,199080,201180,2026-03-11T18:22:59+00:00
burn,0x0576bfe4521f5c3fed0068c629b4a0cae9ddc281ba241f49bf52008b14fe9796#1107882,1773253475,24635996,0x0576bfe4521f5c3fed0068c629b4a0cae9ddc281ba241f49bf52008b14fe9796,282,0x8ad599c3a0ff1de082011efddc58f1908eb6e6d8,3000.0,0.0,2117183138.0,,,0xd9602696e645759506a6afd695ba820c169393af,0xc36442b4a4522e871399cd717abdd847ab11fe88,0xa0b86991c6218b36c1d19d4a2e9eb0ce3606eb48,USDC,6,0xc02aaa39b223fe8d0a0e5c4f27ead9083c756cc2,WETH,18,0.0,0.0,0.0,0.0,,,199080,201180,2026-03-11T18:24:35+00:00
burn,0x4fb96542184207fed612cbf7f62416a8aee98a284d5bf7910b8dcd0d6ff15064#1107883,1773253571,24636004,0x4fb96542184207fed612cbf7f62416a8aee98a284d5bf7910b8dcd0d6ff15064,183,0x8ad599c3a0ff1de082011efddc58f1908eb6e6d8,3000.0,0.0,2121591650.0,,,0x0e537578296f92a8cbfe9af9f94d379fa272ae73,0xc36442b4a4522e871399cd717abdd847ab11fe88,0xa0b86991c6218b36c1d19d4a2e9eb0ce3606eb48,USDC,6,0xc02aaa39b223fe8d0a0e5c4f27ead9083c756cc2,WETH,18,0.0,0.0,0.0,0.0,,,199020,201060,2026-03-11T18:26:11+00:00
burn,0x4a55a0f97ae791833249eb4018616833a28479fbf20a23503d72aa6a72e04495#1107896,1773259271,24636476,0x4a55a0f97ae791833249eb4018616833a28479fbf20a23503d72aa6a72e04495,268,0x8ad599c3a0ff1de082011efddc58f1908eb6e6d8,3000.0,0.0,119284406.0,,,0x158d8a91eeb479dc3f578aba68a55d78a7ee4b03,0xc36442b4a4522e871399cd717abdd847ab11fe88,0xa0b86991c6218b36c1d19d4a2e9eb0ce3606eb48,USDC,6,0xc02aaa39b223fe8d0a0e5c4f27ead9083c756cc2,WETH,18,0.0,0.0,0.0,0.0,,,199320,200520,2026-03-11T20:01:11+00:00
burn,0x20a8c8737619c05fe849e0f8a9132eb6dc18f45590ab0239634c4458856f70ac#1107898,1773261263,24636642,0x20a8c8737619c05fe849e0f8a9132eb6dc18f45590ab0239634c4458856f70ac,263,0x8ad599c3a0ff1de082011efddc58f1908eb6e6d8,3000.0,0.0,79489545.0,,,0x8d7bd138e79dc1662884bae4f9dbcc11cf27538e,0xc36442b4a4522e871399cd717abdd847ab11fe88,0xa0b86991c6218b36c1d19d4a2e9eb0ce3606eb48,USDC,6,0xc02aaa39b223fe8d0a0e5c4f27ead9083c756cc2,WETH,18,0.0,0.0,0.0,0.0,,,197520,201540,2026-03-11T20:34:23+00:00
burn,0x61e9f0a2a6c14c4b1376b956468b6a11bf68573deae882e95a971672529b20a9#1107899,1773261299,24636645,0x61e9f0a2a6c14c4b1376b956468b6a11bf68573deae882e95a971672529b20a9,593,0x8ad599c3a0ff1de082011efddc58f1908eb6e6d8,3000.0,0.0,77667679.0,,,0x8d7bd138e79dc1662884bae4f9dbcc11cf27538e,0xc36442b4a4522e871399cd717abdd847ab11fe88,0xa0b86991c6218b36c1d19d4a2e9eb0ce3606eb48,USDC,6,0xc02aaa39b223fe8d0a0e5c4f27ead9083c756cc2,WETH,18,0.0,0.0,0.0,0.0,,,197520,201540,2026-03-11T20:34:59+00:00
burn,0x58e46000d7f757c867e55fc97e42d7f7a27f7b8b4198fd2bf71977d953a5c3fe#1107900,1773261371,24636651,0x58e46000d7f757c867e55fc97e42d7f7a27f7b8b4198fd2bf71977d953a5c3fe,170,0x8ad599c3a0ff1de082011efddc58f1908eb6e6d8,3000.0,0.0,77532364.0,,,0x8d7bd138e79dc1662884bae4f9dbcc11cf27538e,0xc36442b4a4522e871399cd717abdd847ab11fe88,0xa0b86991c6218b36c1d19d4a2e9eb0ce3606eb48,USDC,6,0xc02aaa39b223fe8d0a0e5c4f27ead9083c756cc2,WETH,18,0.0,0.0,0.0,0.0,,,197520,201540,2026-03-11T20:36:11+00:00
burn,0xa6deec32a86cfd245f43c42ab873387c2451a939a63b3a4742ab93965b95d3af#1107915,1773265859,24637020,0xa6deec32a86cfd245f43c42ab873387c2451a939a63b3a4742ab93965b95d3af,489,0x8ad599c3a0ff1de082011efddc58f1908eb6e6d8,3000.0,0.0,32773639.0,,,0xfe305d4b9221b330ce0afa2d28b843d0abc9aa77,0xc36442b4a4522e871399cd717abdd847ab11fe88,0xa0b86991c6218b36c1d19d4a2e9eb0ce3606eb48,USDC,6,0xc02aaa39b223fe8d0a0e5c4f27ead9083c756cc2,WETH,18,0.0,0.0,0.0,0.0,,,199440,201300,2026-03-11T21:50:59+00:00
burn,0x319ec0153285cf212a8160e5ff70ae6a1563c3efb5315cc200d676dde306f074#1107941,1773268919,24637274,0x319ec0153285cf212a8160e5ff70ae6a1563c3efb5315cc200d676dde306f074,130,0x8ad599c3a0ff1de082011efddc58f1908eb6e6d8,3000.0,0.0,290732723.0,,,0xd8bcba0caeb363727c034d01e2334427ee89c7d5,0xc36442b4a4522e871399cd717abdd847ab11fe88,0xa0b86991c6218b36c1d19d4a2e9eb0ce3606eb48,USDC,6,0xc02aaa39b223fe8d0a0e5c4f27ead9083c756cc2,WETH,18,0.0,0.0,0.0,0.0,,,199380,200760,2026-03-11T22:41:59+00:00
burn,0x8756fc0a1304f0861a68bfb6f598d5dbed1244be8a6eac0d2a8225011af94a47#1107942,1773268943,24637276,0x8756fc0a1304f0861a68bfb6f598d5dbed1244be8a6eac0d2a8225011af94a47,65,0x8ad599c3a0ff1de082011efddc58f1908eb6e6d8,3000.0,0.0,195487215.0,,,0xd8bcba0caeb363727c034d01e2334427ee89c7d5,0xc36442b4a4522e871399cd717abdd847ab11fe88,0xa0b86991c6218b36c1d19d4a2e9eb0ce3606eb48,USDC,6,0xc02aaa39b223fe8d0a0e5c4f27ead9083c756cc2,WETH,18,0.0,0.0,0.0,0.0,,,199560,201060,2026-03-11T22:42:23+00:00
burn,0x24e0a77e543eaf91899eb1dafa983fe0694a04fac7b3f1d494e927b6f0c72409#1107948,1773270095,24637370,0x24e0a77e543eaf91899eb1dafa983fe0694a04fac7b3f1d494e927b6f0c72409,3205,0x8ad599c3a0ff1de082011efddc58f1908eb6e6d8,3000.0,0.0,87389374.0,,,0x4dcff7a73fd1910cf937b6b40c434ecdbea95483,0xc36442b4a4522e871399cd717abdd847ab11fe88,0xa0b86991c6218b36c1d19d4a2e9eb0ce3606eb48,USDC,6,0xc02aaa39b223fe8d0a0e5c4f27ead9083c756cc2,WETH,18,0.0,0.0,0.0,0.0,,,199680,201120,2026-03-11T23:01:35+00:00
burn,0x3ff74c5008d079420632302000bf563e52486cfd3cf4f2423569ef5b8fd8175c#1107967,1773273575,24637658,0x3ff74c5008d079420632302000bf563e52486cfd3cf4f2423569ef5b8fd8175c,6526,0x8ad599c3a0ff1de082011efddc58f1908eb6e6d8,3000.0,0.0,31650455.0,,,0x508a312cf7334b44b9ff22ac0bac1b3db9eed4e1,0xc36442b4a4522e871399cd717abdd847ab11fe88,0xa0b86991c6218b36c1d19d4a2e9eb0ce3606eb48,USDC,6,0xc02aaa39b223fe8d0a0e5c4f27ead9083c756cc2,WETH,18,0.0,0.0,0.0,0.0,,,198900,203160,2026-03-11T23:59:35+00:00
burn,0x736870dcedd8c0aa3c4d472b27bdbfdb0424bd49076ae2b09a53e6fae219c447#1107969,1773273947,24637689,0x736870dcedd8c0aa3c4d472b27bdbfdb0424bd49076ae2b09a53e6fae219c447,463,0x8ad599c3a0ff1de082011efddc58f1908eb6e6d8,3000.0,0.0,45311502.0,,,0xa1e0b6edbf434be1322e2d1e2d438bbfcbe81546,0xc36442b4a4522e871399cd717abdd847ab11fe88,0xa0b86991c6218b36c1d19d4a2e9eb0ce3606eb48,USDC,6,0xc02aaa39b223fe8d0a0e5c4f27ead9083c756cc2,WETH,18,0.0,0.0,0.0,0.0,,,199620,201060,2026-03-12T00:05:47+00:00
burn,0x46e927f10091bb4f5f5b5d0664345a81bcf609b78722f0ad1cef804043c14f52#1107970,1773273959,24637690,0x46e927f10091bb4f5f5b5d0664345a81bcf609b78722f0ad1cef804043c14f52,503,0x8ad599c3a0ff1de082011efddc58f1908eb6e6d8,3000.0,0.0,46213489.0,,,0xdc7b1ebbc9f79c082b2e0f02ee3077a8d974fa8e,0xc36442b4a4522e871399cd717abdd847ab11fe88,0xa0b86991c6218b36c1d19d4a2e9eb0ce3606eb48,USDC,6,0xc02aaa39b223fe8d0a0e5c4f27ead9083c756cc2,WETH,18,0.0,0.0,0.0,0.0,,,199620,201060,2026-03-12T00:05:59+00:00
burn,0x690d7d47e1333184b895d5dd6b987eb51703fe82bf9c8ebcc6a1c2d35cf95dd3#1107971,1773273971,24637691,0x690d7d47e1333184b895d5dd6b987eb51703fe82bf9c8ebcc6a1c2d35cf95dd3,652,0x8ad599c3a0ff1de082011efddc58f1908eb6e6d8,3000.0,0.0,45320134.0,,,0xdc7b1ebbc9f79c082b2e0f02ee3077a8d974fa8e,0xc36442b4a4522e871399cd717abdd847ab11fe88,0xa0b86991c6218b36c1d19d4a2e9eb0ce3606eb48,USDC,6,0xc02aaa39b223fe8d0a0e5c4f27ead9083c756cc2,WETH,18,0.0,0.0,0.0,0.0,,,199620,201060,2026-03-12T00:06:11+00:00
burn,0xbc7db9d2b6d4e076d46c01d95ed446325339d81ed8d87cc596fe3383c56770a4#1107970,1773273971,24637691,0xbc7db9d2b6d4e076d46c01d95ed446325339d81ed8d87cc596fe3383c56770a4,696,0x8ad599c3a0ff1de082011efddc58f1908eb6e6d8,3000.0,0.0,45320134.0,,,0xa1e0b6edbf434be1322e2d1e2d438bbfcbe81546,0xc36442b4a4522e871399cd717abdd847ab11fe88,0xa0b86991c6218b36c1d19d4a2e9eb0ce3606eb48,USDC,6,0xc02aaa39b223fe8d0a0e5c4f27ead9083c756cc2,WETH,18,0.0,0.0,0.0,0.0,,,199560,201000,2026-03-12T00:06:11+00:00
burn,0x59daaf738927edc9460c0f22de6cdfb557561776c076eb951c5d8856ae31e1f0#1107973,1773274019,24637695,0x59daaf738927edc9460c0f22de6cdfb557561776c076eb951c5d8856ae31e1f0,478,0x8ad599c3a0ff1de082011efddc58f1908eb6e6d8,3000.0,0.0,46755421.0,,,0xff98fbaff98a2f3c4a88da4ac870b9693d804b66,0xc36442b4a4522e871399cd717abdd847ab11fe88,0xa0b86991c6218b36c1d19d4a2e9eb0ce3606eb48,USDC,6,0xc02aaa39b223fe8d0a0e5c4f27ead9083c756cc2,WETH,18,0.0,0.0,0.0,0.0,,,199320,200760,2026-03-12T00:06:59+00:00
burn,0x03a3a9628b95996bb215adf893be7b63e9b05fa548e3a91fbaac6c90101b9d94#1107974,1773274079,24637700,0x03a3a9628b95996bb215adf893be7b63e9b05fa548e3a91fbaac6c90101b9d94,602,0x8ad599c3a0ff1de082011efddc58f1908eb6e6d8,3000.0,0.0,47960563.0,,,0x143b67cf0b87c59b9eb3bbfd5a8d4c74dec426d1,0xc36442b4a4522e871399cd717abdd847ab11fe88,0xa0b86991c6218b36c1d19d4a2e9eb0ce3606eb48,USDC,6,0xc02aaa39b223fe8d0a0e5c4f27ead9083c756cc2,WETH,18,0.0,0.0,0.0,0.0,,,199380,201000,2026-03-12T00:07:59+00:00
burn,0x3872ae9f76ebe41fa660776049949a34d2b12f6104b9eebdc9244de6070fff7c#1107976,1773274259,24637715,0x3872ae9f76ebe41fa660776049949a34d2b12f6104b9eebdc9244de6070fff7c,765,0x8ad599c3a0ff1de082011efddc58f1908eb6e6d8,3000.0,0.0,44735550.0,,,0xff98fbaff98a2f3c4a88da4ac870b9693d804b66,0xc36442b4a4522e871399cd717abdd847ab11fe88,0xa0b86991c6218b36c1d19d4a2e9eb0ce3606eb48,USDC,6,0xc02aaa39b223fe8d0a0e5c4f27ead9083c756cc2,WETH,18,0.0,0.0,0.0,0.0,,,199560,201000,2026-03-12T00:10:59+00:00
burn,0xfad15387c3419207ee850d8a669bc3d29acf412b095482bcac04da640498657c#1107975,1773274319,24637720,0xfad15387c3419207ee850d8a669bc3d29acf412b095482bcac04da640498657c,918,0x8ad599c3a0ff1de082011efddc58f1908eb6e6d8,3000.0,0.0,38116009.0,,,0x55d1cdf31f4692378637cb28d5fd4a83cd4c26bf,0xc36442b4a4522e871399cd717abdd847ab11fe88,0xa0b86991c6218b36c1d19d4a2e9eb0ce3606eb48,USDC,6,0xc02aaa39b223fe8d0a0e5c4f27ead9083c756cc2,WETH,18,0.0,0.0,0.0,0.0,,,199320,200760,2026-03-12T00:11:59+00:00
burn,0x1b670b377bb81f088b25d9a4ba49f52621abd86137f75add2d888ca37d1c6809#1107979,1773276047,24637863,0x1b670b377bb81f088b25d9a4ba49f52621abd86137f75add2d888ca37d1c6809,729,0x8ad599c3a0ff1de082011efddc58f1908eb6e6d8,3000.0,0.0,42660893.0,,,0x508a312cf7334b44b9ff22ac0bac1b3db9eed4e1,0xc36442b4a4522e871399cd717abdd847ab11fe88,0xa0b86991c6218b36c1d19d4a2e9eb0ce3606eb48,USDC,6,0xc02aaa39b223fe8d0a0e5c4f27ead9083c756cc2,WETH,18,583.085805,0.10961250688267744,808.2096100453598,89230217166116.0,,,198900,203160,2026-03-12T00:40:47+00:00
burn,0x94bfacf6a4c0b65b738fb637be0b73a9aee5300d025bcfddbb4732450ebd8dae#1108002,1773280187,24638207,0x94bfacf6a4c0b65b738fb637be0b73a9aee5300d025bcfddbb4732450ebd8dae,183,0x8ad599c3a0ff1de082011efddc58f1908eb6e6d8,3000.0,0.0,34223593.0,,,0x95170fb8d44549a95ecec51cac179ad8096aaf35,0xc36442b4a4522e871399cd717abdd847ab11fe88,0xa0b86991c6218b36c1d19d4a2e9eb0ce3606eb48,USDC,6,0xc02aaa39b223fe8d0a0e5c4f27ead9083c756cc2,WETH,18,0.0,0.0,0.0,0.0,,,199380,201420,2026-03-12T01:49:47+00:00
burn,0x65265abaffdf412f34d9439631c48b3b72b81e9ec8cc1cab610c926e90740f95#1108060,1773287459,24638810,0x65265abaffdf412f34d9439631c48b3b72b81e9ec8cc1cab610c926e90740f95,175,0x8ad599c3a0ff1de082011efddc58f1908eb6e6d8,3000.0,0.0,142262373.0,,,0x9fa7d42ef9eb89ef6fabdde88207fbe6afa70626,0xc36442b4a4522e871399cd717abdd847ab11fe88,0xa0b86991c6218b36c1d19d4a2e9eb0ce3606eb48,USDC,6,0xc02aaa39b223fe8d0a0e5c4f27ead9083c756cc2,WETH,18,0.0,0.0,0.0,0.0,,,189840,203220,2026-03-12T03:50:59+00:00
burn,0x9bc94d449288fa211d5f180de2ea1b55d966227e78fc680106993e0808e8393f#1108066,1773288251,24638876,0x9bc94d449288fa211d5f180de2ea1b55d966227e78fc680106993e0808e8393f,323,0x8ad599c3a0ff1de082011efddc58f1908eb6e6d8,3000.0,0.0,130761163.0,,,0x1b5b4fcedf1252cd92496a2fd5c593b39ac49b01,0xc36442b4a4522e871399cd717abdd847ab11fe88,0xa0b86991c6218b36c1d19d4a2e9eb0ce3606eb48,USDC,6,0xc02aaa39b223fe8d0a0e5c4f27ead9083c756cc2,WETH,18,0.0,0.0,0.0,0.0,,,188820,204960,2026-03-12T04:04:11+00:00
burn,0x1587cb208f965f70ceb01d4d0fc0ad3b5cc760530c3efbb9c1a51103e2b20543#1108091,1773296555,24639564,0x1587cb208f965f70ceb01d4d0fc0ad3b5cc760530c3efbb9c1a51103e2b20543,929,0x8ad599c3a0ff1de082011efddc58f1908eb6e6d8,3000.0,0.0,38793526.0,,,0x2adc93ae56cc48628aab52c277b5419925504f54,0xc36442b4a4522e871399cd717abdd847ab11fe88,0xa0b86991c6218b36c1d19d4a2e9eb0ce3606eb48,USDC,6,0xc02aaa39b223fe8d0a0e5c4f27ead9083c756cc2,WETH,18,0.002556,1.404424321617e-06,0.0054010701376495,830658382.0,,,198600,201600,2026-03-12T06:22:35+00:00
burn,0x1587cb208f965f70ceb01d4d0fc0ad3b5cc760530c3efbb9c1a51103e2b20543#1108092,1773296555,24639564,0x1587cb208f965f70ceb01d4d0fc0ad3b5cc760530c3efbb9c1a51103e2b20543,931,0x8ad599c3a0ff1de082011efddc58f1908eb6e6d8,3000.0,0.0,38793526.0,,,0x2adc93ae56cc48628aab52c277b5419925504f54,0xc36442b4a4522e871399cd717abdd847ab11fe88,0xa0b86991c6218b36c1d19d4a2e9eb0ce3606eb48,USDC,6,0xc02aaa39b223fe8d0a0e5c4f27ead9083c756cc2,WETH,18,0.0,0.0,0.0,0.0,,,198600,201600,2026-03-12T06:22:35+00:00
burn,0x33d8823eea14e08fc92e4324db75241c9602a8776c1296ed585ea9c8e99f14ee#1108125,1773303191,24640114,0x33d8823eea14e08fc92e4324db75241c9602a8776c1296ed585ea9c8e99f14ee,63,0x8ad599c3a0ff1de082011efddc58f1908eb6e6d8,3000.0,0.0,130374221.0,,,0x96ddae4a213aaed3b4792f58e867091cb7084025,0xc36442b4a4522e871399cd717abdd847ab11fe88,0xa0b86991c6218b36c1d19d4a2e9eb0ce3606eb48,USDC,6,0xc02aaa39b223fe8d0a0e5c4f27ead9083c756cc2,WETH,18,0.0,0.0,0.0,0.0,,,196440,203220,2026-03-12T08:13:11+00:00
burn,0x41becf5bf80b9aa33ce6eff5cd7d1e1d68c05854069af028238ddcd1bbf4f8da#1108132,1773304979,24640263,0x41becf5bf80b9aa33ce6eff5cd7d1e1d68c05854069af028238ddcd1bbf4f8da,88,0x8ad599c3a0ff1de082011efddc58f1908eb6e6d8,3000.0,0.0,2034961483.0,,,0x65b1676ead65f44dcc7a3c43cbb21a6c1738f90a,0xc36442b4a4522e871399cd717abdd847ab11fe88,0xa0b86991c6218b36c1d19d4a2e9eb0ce3606eb48,USDC,6,0xc02aaa39b223fe8d0a0e5c4f27ead9083c756cc2,WETH,18,99.999999,0.03728294881869026,176.27187811771097,14010546961511.0,,,197520,203520,2026-03-12T08:42:59+00:00
burn,0xc74dc32d97956038c02af71a931d38924d1eb9a47dfbc298efdf2475997ac1a7#1108133,1773305807,24640332,0xc74dc32d97956038c02af71a931d38924d1eb9a47dfbc298efdf2475997ac1a7,54,0x8ad599c3a0ff1de082011efddc58f1908eb6e6d8,3000.0,0.0,2039045435.0,,,0x65b1676ead65f44dcc7a3c43cbb21a6c1738f90a,0xc36442b4a4522e871399cd717abdd847ab11fe88,0xa0b86991c6218b36c1d19d4a2e9eb0ce3606eb48,USDC,6,0xc02aaa39b223fe8d0a0e5c4f27ead9083c756cc2,WETH,18,81.999999,0.036505074979992884,156.68053690629458,13718230141993.0,,,197520,202920,2026-03-12T08:56:47+00:00
burn,0x7ed8e72776a192db00a4ab2a4d969921014fc8c09ebad0d21c9184fe0e450de8#1108176,1773313931,24641008,0x7ed8e72776a192db00a4ab2a4d969921014fc8c09ebad0d21c9184fe0e450de8,644,0x8ad599c3a0ff1de082011efddc58f1908eb6e6d8,3000.0,0.0,2062776486.0,,,0x32e343673ad567400e5e26b0c7294e7c9725cb91,0xc36442b4a4522e871399cd717abdd847ab11fe88,0xa0b86991c6218b36c1d19d4a2e9eb0ce3606eb48,USDC,6,0xc02aaa39b223fe8d0a0e5c4f27ead9083c756cc2,WETH,18,0.0,0.0,0.0,0.0,,,199680,200820,2026-03-12T11:12:11+00:00
burn,0xc165cc7ff94509c0fd28b137eae1fbcae24770c9f32426ff6ee188933370c8c2#1108206,1773322175,24641691,0xc165cc7ff94509c0fd28b137eae1fbcae24770c9f32426ff6ee188933370c8c2,175,0x8ad599c3a0ff1de082011efddc58f1908eb6e6d8,3000.0,0.0,2202897894.0,,,0xa63fdb9ea2a842ceae394e0641afd667de087b76,0xc36442b4a4522e871399cd717abdd847ab11fe88,0xa0b86991c6218b36c1d19d4a2e9eb0ce3606eb48,USDC,6,0xc02aaa39b223fe8d0a0e5c4f27ead9083c756cc2,WETH,18,24.927955,0.002774689231008498,30.639783203999293,1239221658683.0,,,197880,211740,2026-03-12T13:29:35+00:00
burn,0x9cbc4ac32d233f826413b271b5e0375705216fa77ed7fa8584294b707e9a7d46#1108295,1773330515,24642379,0x9cbc4ac32d233f826413b271b5e0375705216fa77ed7fa8584294b707e9a7d46,567,0x8ad599c3a0ff1de082011efddc58f1908eb6e6d8,3000.0,0.0,287005057.0,,,0x3f239c83f7f22fbcdcf4e22768ec85fcce72683d,0xc36442b4a4522e871399cd717abdd847ab11fe88,0xa0b86991c6218b36c1d19d4a2e9eb0ce3606eb48,USDC,6,0xc02aaa39b223fe8d0a0e5c4f27ead9083c756cc2,WETH,18,0.047052,0.00367156707490519,7.667110464083766,530199181768.0,,,192360,199980,2026-03-12T15:48:35+00:00
burn,0x736bd0287878a8cf18d836a57d369c5635c48e08e1512efa19165d7cdf42b3eb#1108299,1773331259,24642441,0x736bd0287878a8cf18d836a57d369c5635c48e08e1512efa19165d7cdf42b3eb,431,0x8ad599c3a0ff1de082011efddc58f1908eb6e6d8,3000.0,0.0,238865459.0,,,0x83681c14770b44361e21faf91d8325423365ea5c,0xc36442b4a4522e871399cd717abdd847ab11fe88,0xa0b86991c6218b36c1d19d4a2e9eb0ce3606eb48,USDC,6,0xc02aaa39b223fe8d0a0e5c4f27ead9083c756cc2,WETH,18,0.0,0.0,0.0,0.0,,,199440,200940,2026-03-12T16:00:59+00:00
burn,0x7e94643bb0ee12ef76e6a6beb294b32a1f0f0b4695fe320f8aa46976520a4a49#1108302,1773331355,24642449,0x7e94643bb0ee12ef76e6a6beb294b32a1f0f0b4695fe320f8aa46976520a4a49,380,0x8ad599c3a0ff1de082011efddc58f1908eb6e6d8,3000.0,0.0,716035953.0,,,0x46c49dcdd69e1aab03338600d591f804bed15f5b,0xc36442b4a4522e871399cd717abdd847ab11fe88,0xa0b86991c6218b36c1d19d4a2e9eb0ce3606eb48,USDC,6,0xc02aaa39b223fe8d0a0e5c4f27ead9083c756cc2,WETH,18,0.0,0.0,0.0,0.0,,,197220,201780,2026-03-12T16:02:35+00:00
burn,0x82f13aaabc19a91937a89f55bac2d4900f5e8aa8759b37ec99425b74b87484ca#1108319,1773332375,24642534,0x82f13aaabc19a91937a89f55bac2d4900f5e8aa8759b37ec99425b74b87484ca,575,0x8ad599c3a0ff1de082011efddc58f1908eb6e6d8,3000.0,0.0,211005906.0,,,0x83681c14770b44361e21faf91d8325423365ea5c,0xc36442b4a4522e871399cd717abdd847ab11fe88,0xa0b86991c6218b36c1d19d4a2e9eb0ce3606eb48,USDC,6,0xc02aaa39b223fe8d0a0e5c4f27ead9083c756cc2,WETH,18,0.0,0.0,0.0,0.0,,,196260,200400,2026-03-12T16:19:35+00:00
burn,0xf56b06e3d36edc0210dd595bd2e3a1affec45f77a873917e69ea0898718759a4#1108342,1773337367,24642948,0xf56b06e3d36edc0210dd595bd2e3a1affec45f77a873917e69ea0898718759a4,188,0x8ad599c3a0ff1de082011efddc58f1908eb6e6d8,3000.0,0.0,2134627576.0,,,0x2cd67c8af01399b3429144d1c3cddfbcf5039c93,0xc36442b4a4522e871399cd717abdd847ab11fe88,0xa0b86991c6218b36c1d19d4a2e9eb0ce3606eb48,USDC,6,0xc02aaa39b223fe8d0a0e5c4f27ead9083c756cc2,WETH,18,266.624595,0.3791589015700343,1050.54460425789,41322898787778.0,,,189180,203040,2026-03-12T17:42:47+00:00
burn,0x450fc81bf7361789ff735b476d72e47414fbad81930729e09859d0c6dfe642ad#1108436,1773340919,24643243,0x450fc81bf7361789ff735b476d72e47414fbad81930729e09859d0c6dfe642ad,568,0x8ad599c3a0ff1de082011efddc58f1908eb6e6d8,3000.0,0.0,769000000.0,,,0xa97f23e1edfec89f834fa6a2a7fe3de7520b1458,0xc36442b4a4522e871399cd717abdd847ab11fe88,0xa0b86991c6218b36c1d19d4a2e9eb0ce3606eb48,USDC,6,0xc02aaa39b223fe8d0a0e5c4f27ead9083c756cc2,WETH,18,0.0,0.0,0.0,0.0,,,193380,207240,2026-03-12T18:41:59+00:00
burn,0x9355b09dec5550467bf1796345bffeec788780ed4f4e83b67615e48dbb2299a1#1108436,1773341123,24643260,0x9355b09dec5550467bf1796345bffeec788780ed4f4e83b67615e48dbb2299a1,203,0x8ad599c3a0ff1de082011efddc58f1908eb6e6d8,3000.0,0.0,477362728.0,,,0x83681c14770b44361e21faf91d8325423365ea5c,0xc36442b4a4522e871399cd717abdd847ab11fe88,0xa0b86991c6218b36c1d19d4a2e9eb0ce3606eb48,USDC,6,0xc02aaa39b223fe8d0a0e5c4f27ead9083c756cc2,WETH,18,0.0,0.0,0.0,0.0,,,199440,200940,2026-03-12T18:45:23+00:00
burn,0x73a0033ef538b19cf45fc43499c0fe0113963224decb72990d6136ed56305ca2#1108444,1773341531,24643294,0x73a0033ef538b19cf45fc43499c0fe0113963224decb72990d6136ed56305ca2,315,0x8ad599c3a0ff1de082011efddc58f1908eb6e6d8,3000.0,0.0,274200433.0,,,0x83681c14770b44361e21faf91d8325423365ea5c,0xc36442b4a4522e871399cd717abdd847ab11fe88,0xa0b86991c6218b36c1d19d4a2e9eb0ce3606eb48,USDC,6,0xc02aaa39b223fe8d0a0e5c4f27ead9083c756cc2,WETH,18,0.0,0.0,0.0,0.0,,,196260,200400,2026-03-12T18:52:11+00:00
burn,0x665f6328afa1650aa52a662bdc4340fad80526e845217d419888644de49e956c#1108489,1773344903,24643575,0x665f6328afa1650aa52a662bdc4340fad80526e845217d419888644de49e956c,354,0x8ad599c3a0ff1de082011efddc58f1908eb6e6d8,3000.0,0.0,2092677156.0,,,0x07c74d8a5fb752303a99936151eedc39c6529d97,0xc36442b4a4522e871399cd717abdd847ab11fe88,0xa0b86991c6218b36c1d19d4a2e9eb0ce3606eb48,USDC,6,0xc02aaa39b223fe8d0a0e5c4f27ead9083c756cc2,WETH,18,0.0,0.0,0.0,0.0,,,198660,200700,2026-03-12T19:48:23+00:00
burn,0x72316f955263b0cd4e424edf01b50a7f6df92301d55341760a0d8c8ac105f636#1108495,1773345239,24643603,0x72316f955263b0cd4e424edf01b50a7f6df92301d55341760a0d8c8ac105f636,191,0x8ad599c3a0ff1de082011efddc58f1908eb6e6d8,3000.0,0.0,180632598.0,,,0x0508d115b55212519625b5a62fc340e350f10ba4,0xc36442b4a4522e871399cd717abdd847ab11fe88,0xa0b86991c6218b36c1d19d4a2e9eb0ce3606eb48,USDC,6,0xc02aaa39b223fe8d0a0e5c4f27ead9083c756cc2,WETH,18,0.0,0.0,0.0,0.0,,,196260,201000,2026-03-12T19:53:59+00:00
burn,0xbd1ab7c9d99c4d5d2990f5c7229890344ecfe80150dcc600e6c7b4b53bf661ad#1108495,1773345467,24643622,0xbd1ab7c9d99c4d5d2990f5c7229890344ecfe80150dcc600e6c7b4b53bf661ad,103,0x8ad599c3a0ff1de082011efddc58f1908eb6e6d8,3000.0,0.0,176086237.0,,,0x0508d115b55212519625b5a62fc340e350f10ba4,0xc36442b4a4522e871399cd717abdd847ab11fe88,0xa0b86991c6218b36c1d19d4a2e9eb0ce3606eb48,USDC,6,0xc02aaa39b223fe8d0a0e5c4f27ead9083c756cc2,WETH,18,0.0,0.0,0.0,0.0,,,194460,203220,2026-03-12T19:57:47+00:00
burn,0x96b294cf21e47445d96266cef8ae6cd9ae528d5eb41d1984eb01c7cfa8230d1b#1108499,1773345851,24643654,0x96b294cf21e47445d96266cef8ae6cd9ae528d5eb41d1984eb01c7cfa8230d1b,892,0x8ad599c3a0ff1de082011efddc58f1908eb6e6d8,3000.0,0.0,84109563.0,,,0xc0ac20d012266b1b74932854136cee58b096fea8,0xc36442b4a4522e871399cd717abdd847ab11fe88,0xa0b86991c6218b36c1d19d4a2e9eb0ce3606eb48,USDC,6,0xc02aaa39b223fe8d0a0e5c4f27ead9083c756cc2,WETH,18,0.0,0.0,0.0,0.0,,,199680,201120,2026-03-12T20:04:11+00:00
burn,0x04ba06dfa16704753368e82a860cb4d7495977e3e1620f500dd8f9a1f729ff07#1108502,1773345887,24643657,0x04ba06dfa16704753368e82a860cb4d7495977e3e1620f500dd8f9a1f729ff07,849,0x8ad599c3a0ff1de082011efddc58f1908eb6e6d8,3000.0,0.0,86768232.0,,,0x158d8a91eeb479dc3f578aba68a55d78a7ee4b03,0xc36442b4a4522e871399cd717abdd847ab11fe88,0xa0b86991c6218b36c1d19d4a2e9eb0ce3606eb48,USDC,6,0xc02aaa39b223fe8d0a0e5c4f27ead9083c756cc2,WETH,18,0.0,0.0,0.0,0.0,,,199320,200520,2026-03-12T20:04:47+00:00
burn,0x7ffda29f6a915403cea34fb5e11b50304885ae33e04522518ef1f886d72135bb#1108504,1773346655,24643721,0x7ffda29f6a915403cea34fb5e11b50304885ae33e04522518ef1f886d72135bb,115,0x8ad599c3a0ff1de082011efddc58f1908eb6e6d8,3000.0,0.0,161509179.0,,,0x6d7c52c97bf90fb6f09338c069c21ba3bf46e681,0xc36442b4a4522e871399cd717abdd847ab11fe88,0xa0b86991c6218b36c1d19d4a2e9eb0ce3606eb48,USDC,6,0xc02aaa39b223fe8d0a0e5c4f27ead9083c756cc2,WETH,18,0.0,0.0,0.0,0.0,,,-887220,887220,2026-03-12T20:17:35+00:00
burn,0x7ffda29f6a915403cea34fb5e11b50304885ae33e04522518ef1f886d72135bb#1108505,1773346655,24643721,0x7ffda29f6a915403cea34fb5e11b50304885ae33e04522518ef1f886d72135bb,120,0x8ad599c3a0ff1de082011efddc58f1908eb6e6d8,3000.0,0.0,161509179.0,,,0x6d7c52c97bf90fb6f09338c069c21ba3bf46e681,0xc36442b4a4522e871399cd717abdd847ab11fe88,0xa0b86991c6218b36c1d19d4a2e9eb0ce3606eb48,USDC,6,0xc02aaa39b223fe8d0a0e5c4f27ead9083c756cc2,WETH,18,0.00132,6.3870783114e-07,0.002640647911532822,29043212.0,,,-887220,887220,2026-03-12T20:17:35+00:00
burn,0x7ffda29f6a915403cea34fb5e11b50304885ae33e04522518ef1f886d72135bb#1108506,1773346655,24643721,0x7ffda29f6a915403cea34fb5e11b50304885ae33e04522518ef1f886d72135bb,126,0x8ad599c3a0ff1de082011efddc58f1908eb6e6d8,3000.0,0.0,161509179.0,,,0x6d7c52c97bf90fb6f09338c069c21ba3bf46e681,0xc36442b4a4522e871399cd717abdd847ab11fe88,0xa0b86991c6218b36c1d19d4a2e9eb0ce3606eb48,USDC,6,0xc02aaa39b223fe8d0a0e5c4f27ead9083c756cc2,WETH,18,0.0,0.0,0.0,0.0,,,-887220,887220,2026-03-12T20:17:35+00:00
burn,0x7ffda29f6a915403cea34fb5e11b50304885ae33e04522518ef1f886d72135bb#1108507,1773346655,24643721,0x7ffda29f6a915403cea34fb5e11b50304885ae33e04522518ef1f886d72135bb,131,0x8ad599c3a0ff1de082011efddc58f1908eb6e6d8,3000.0,0.0,161509179.0,,,0x6d7c52c97bf90fb6f09338c069c21ba3bf46e681,0xc36442b4a4522e871399cd717abdd847ab11fe88,0xa0b86991c6218b36c1d19d4a2e9eb0ce3606eb48,USDC,6,0xc02aaa39b223fe8d0a0e5c4f27ead9083c756cc2,WETH,18,2.536818,0.001226887213554677,5.073636803951932,55788803121.0,,,-887220,887220,2026-03-12T20:17:35+00:00
burn,0x7ffda29f6a915403cea34fb5e11b50304885ae33e04522518ef1f886d72135bb#1108508,1773346655,24643721,0x7ffda29f6a915403cea34fb5e11b50304885ae33e04522518ef1f886d72135bb,137,0x8ad599c3a0ff1de082011efddc58f1908eb6e6d8,3000.0,0.0,161509179.0,,,0x6d7c52c97bf90fb6f09338c069c21ba3bf46e681,0xc36442b4a4522e871399cd717abdd847ab11fe88,0xa0b86991c6218b36c1d19d4a2e9eb0ce3606eb48,USDC,6,0xc02aaa39b223fe8d0a0e5c4f27ead9083c756cc2,WETH,18,0.0,0.0,0.0,0.0,,,-887220,887220,2026-03-12T20:17:35+00:00
burn,0x7ffda29f6a915403cea34fb5e11b50304885ae33e04522518ef1f886d72135bb#1108509,1773346655,24643721,0x7ffda29f6a915403cea34fb5e11b50304885ae33e04522518ef1f886d72135bb,142,0x8ad599c3a0ff1de082011efddc58f1908eb6e6d8,3000.0,0.0,161509179.0,,,0x6d7c52c97bf90fb6f09338c069c21ba3bf46e681,0xc36442b4a4522e871399cd717abdd847ab11fe88,0xa0b86991c6218b36c1d19d4a2e9eb0ce3606eb48,USDC,6,0xc02aaa39b223fe8d0a0e5c4f27ead9083c756cc2,WETH,18,2.317282,0.001120712490353068,4.6345647036922735,50960844476.0,,,-887220,887220,2026-03-12T20:17:35+00:00
burn,0x7ffda29f6a915403cea34fb5e11b50304885ae33e04522518ef1f886d72135bb#1108510,1773346655,24643721,0x7ffda29f6a915403cea34fb5e11b50304885ae33e04522518ef1f886d72135bb,148,0x8ad599c3a0ff1de082011efddc58f1908eb6e6d8,3000.0,0.0,161509179.0,,,0x6d7c52c97bf90fb6f09338c069c21ba3bf46e681,0xc36442b4a4522e871399cd717abdd847ab11fe88,0xa0b86991c6218b36c1d19d4a2e9eb0ce3606eb48,USDC,6,0xc02aaa39b223fe8d0a0e5c4f27ead9083c756cc2,WETH,18,0.0,0.0,0.0,0.0,,,-887220,887220,2026-03-12T20:17:35+00:00
burn,0x7ffda29f6a915403cea34fb5e11b50304885ae33e04522518ef1f886d72135bb#1108511,1773346655,24643721,0x7ffda29f6a915403cea34fb5e11b50304885ae33e04522518ef1f886d72135bb,153,0x8ad599c3a0ff1de082011efddc58f1908eb6e6d8,3000.0,0.0,161509179.0,,,0x6d7c52c97bf90fb6f09338c069c21ba3bf46e681,0xc36442b4a4522e871399cd717abdd847ab11fe88,0xa0b86991c6218b36c1d19d4a2e9eb0ce3606eb48,USDC,6,0xc02aaa39b223fe8d0a0e5c4f27ead9083c756cc2,WETH,18,1.97702,0.000956150882848172,3.954040798836768,43477927529.0,,,-887220,887220,2026-03-12T20:17:35+00:00
burn,0x7ffda29f6a915403cea34fb5e11b50304885ae33e04522518ef1f886d72135bb#1108512,1773346655,24643721,0x7ffda29f6a915403cea34fb5e11b50304885ae33e04522518ef1f886d72135bb,159,0x8ad599c3a0ff1de082011efddc58f1908eb6e6d8,3000.0,0.0,161509179.0,,,0x6d7c52c97bf90fb6f09338c069c21ba3bf46e681,0xc36442b4a4522e871399cd717abdd847ab11fe88,0xa0b86991c6218b36c1d19d4a2e9eb0ce3606eb48,USDC,6,0xc02aaa39b223fe8d0a0e5c4f27ead9083c756cc2,WETH,18,0.0,0.0,0.0,0.0,,,-887220,887220,2026-03-12T20:17:35+00:00
burn,0x7ffda29f6a915403cea34fb5e11b50304885ae33e04522518ef1f886d72135bb#1108513,1773346655,24643721,0x7ffda29f6a915403cea34fb5e11b50304885ae33e04522518ef1f886d72135bb,164,0x8ad599c3a0ff1de082011efddc58f1908eb6e6d8,3000.0,0.0,161509179.0,,,0x6d7c52c97bf90fb6f09338c069c21ba3bf46e681,0xc36442b4a4522e871399cd717abdd847ab11fe88,0xa0b86991c6218b36c1d19d4a2e9eb0ce3606eb48,USDC,6,0xc02aaa39b223fe8d0a0e5c4f27ead9083c756cc2,WETH,18,1.832823,0.000886412512821187,3.665646674205532,40306796432.0,,,-887220,887220,2026-03-12T20:17:35+00:00
burn,0x7ffda29f6a915403cea34fb5e11b50304885ae33e04522518ef1f886d72135bb#1108514,1773346655,24643721,0x7ffda29f6a915403cea34fb5e11b50304885ae33e04522518ef1f886d72135bb,170,0x8ad599c3a0ff1de082011efddc58f1908eb6e6d8,3000.0,0.0,161509179.0,,,0x6d7c52c97bf90fb6f09338c069c21ba3bf46e681,0xc36442b4a4522e871399cd717abdd847ab11fe88,0xa0b86991c6218b36c1d19d4a2e9eb0ce3606eb48,USDC,6,0xc02aaa39b223fe8d0a0e5c4f27ead9083c756cc2,WETH,18,0.0,0.0,0.0,0.0,,,-887220,887220,2026-03-12T20:17:35+00:00
burn,0x7ffda29f6a915403cea34fb5e11b50304885ae33e04522518ef1f886d72135bb#1108515,1773346655,24643721,0x7ffda29f6a915403cea34fb5e11b50304885ae33e04522518ef1f886d72135bb,175,0x8ad599c3a0ff1de082011efddc58f1908eb6e6d8,3000.0,0.0,161509179.0,,,0x6d7c52c97bf90fb6f09338c069c21ba3bf46e681,0xc36442b4a4522e871399cd717abdd847ab11fe88,0xa0b86991c6218b36c1d19d4a2e9eb0ce3606eb48,USDC,6,0xc02aaa39b223fe8d0a0e5c4f27ead9083c756cc2,WETH,18,1.700189,0.000822266394607843,3.4003785762327747,37389955242.0,,,-887220,887220,2026-03-12T20:17:35+00:00
burn,0x7ffda29f6a915403cea34fb5e11b50304885ae33e04522518ef1f886d72135bb#1108516,1773346655,24643721,0x7ffda29f6a915403cea34fb5e11b50304885ae33e04522518ef1f886d72135bb,181,0x8ad599c3a0ff1de082011efddc58f1908eb6e6d8,3000.0,0.0,161509179.0,,,0x6d7c52c97bf90fb6f09338c069c21ba3bf46e681,0xc36442b4a4522e871399cd717abdd847ab11fe88,0xa0b86991c6218b36c1d19d4a2e9eb0ce3606eb48,USDC,6,0xc02aaa39b223fe8d0a0e5c4f27ead9083c756cc2,WETH,18,0.0,0.0,0.0,0.0,,,-887220,887220,2026-03-12T20:17:35+00:00
burn,0x7ffda29f6a915403cea34fb5e11b50304885ae33e04522518ef1f886d72135bb#1108517,1773346655,24643721,0x7ffda29f6a915403cea34fb5e11b50304885ae33e04522518ef1f886d72135bb,186,0x8ad599c3a0ff1de082011efddc58f1908eb6e6d8,3000.0,0.0,161509179.0,,,0x6d7c52c97bf90fb6f09338c069c21ba3bf46e681,0xc36442b4a4522e871399cd717abdd847ab11fe88,0xa0b86991c6218b36c1d19d4a2e9eb0ce3606eb48,USDC,6,0xc02aaa39b223fe8d0a0e5c4f27ead9083c756cc2,WETH,18,1.209642,0.000585022266514221,2.4192849647546533,26602031293.0,,,-887220,887220,2026-03-12T20:17:35+00:00
burn,0x58932254af86f3244f4f17bfe602d09c858fe0d9649d53e8ad5ffdcc650f4f5e#1108523,1773347255,24643771,0x58932254af86f3244f4f17bfe602d09c858fe0d9649d53e8ad5ffdcc650f4f5e,248,0x8ad599c3a0ff1de082011efddc58f1908eb6e6d8,3000.0,0.0,2052622190.0,,,0x0e537578296f92a8cbfe9af9f94d379fa272ae73,0xc36442b4a4522e871399cd717abdd847ab11fe88,0xa0b86991c6218b36c1d19d4a2e9eb0ce3606eb48,USDC,6,0xc02aaa39b223fe8d0a0e5c4f27ead9083c756cc2,WETH,18,0.0,0.0,0.0,0.0,,,199020,201060,2026-03-12T20:27:35+00:00
burn,0x4ba7fc7e529ed1ba94877208574cc60de175e695b856e41612e87b879d4200d2#1108524,1773347327,24643777,0x4ba7fc7e529ed1ba94877208574cc60de175e695b856e41612e87b879d4200d2,195,0x8ad599c3a0ff1de082011efddc58f1908eb6e6d8,3000.0,0.0,2048210943.0,,,0xd9602696e645759506a6afd695ba820c169393af,0xc36442b4a4522e871399cd717abdd847ab11fe88,0xa0b86991c6218b36c1d19d4a2e9eb0ce3606eb48,USDC,6,0xc02aaa39b223fe8d0a0e5c4f27ead9083c756cc2,WETH,18,0.0,0.0,0.0,0.0,,,199080,201180,2026-03-12T20:28:47+00:00
burn,0x9cd92a6b62f15eeb8e9ec5de2f614dd09711893b4b94627471ee10c6bd3e7fd6#1108523,1773347411,24643784,0x9cd92a6b62f15eeb8e9ec5de2f614dd09711893b4b94627471ee10c6bd3e7fd6,408,0x8ad599c3a0ff1de082011efddc58f1908eb6e6d8,3000.0,0.0,2048189672.0,,,0x651c1fef07237faebb7128dfe632f6a52532f5a1,0xc36442b4a4522e871399cd717abdd847ab11fe88,0xa0b86991c6218b36c1d19d4a2e9eb0ce3606eb48,USDC,6,0xc02aaa39b223fe8d0a0e5c4f27ead9083c756cc2,WETH,18,0.0,0.0,0.0,0.0,,,199080,201180,2026-03-12T20:30:11+00:00
burn,0x4cd74f6c0b31069cf01de9ba8f6681897fb9bdb4bc78f5dcecbc363ebe638b33#1108526,1773347531,24643792,0x4cd74f6c0b31069cf01de9ba8f6681897fb9bdb4bc78f5dcecbc363ebe638b33,321,0x8ad599c3a0ff1de082011efddc58f1908eb6e6d8,3000.0,0.0,2059883939.0,,,0xf1f67ce3a384e6995449ead5cdf28eb049fc816a,0xc36442b4a4522e871399cd717abdd847ab11fe88,0xa0b86991c6218b36c1d19d4a2e9eb0ce3606eb48,USDC,6,0xc02aaa39b223fe8d0a0e5c4f27ead9083c756cc2,WETH,18,0.0,0.0,0.0,0.0,,,199020,201180,2026-03-12T20:32:11+00:00
burn,0x94bf553704ec2f31b434db6bc0f755e4f7c402b9eb22b1654270d7096425b23a#1108529,1773348539,24643871,0x94bf553704ec2f31b434db6bc0f755e4f7c402b9eb22b1654270d7096425b23a,367,0x8ad599c3a0ff1de082011efddc58f1908eb6e6d8,3000.0,0.0,57457221.0,,,0x83681c14770b44361e21faf91d8325423365ea5c,0xc36442b4a4522e871399cd717abdd847ab11fe88,0xa0b86991c6218b36c1d19d4a2e9eb0ce3606eb48,USDC,6,0xc02aaa39b223fe8d0a0e5c4f27ead9083c756cc2,WETH,18,0.0,0.0,0.0,0.0,,,199440,200940,2026-03-12T20:48:59+00:00
burn,0xbb7fcec1d5a859a74fb3e14b00a87adda75ef157452ee039b55669dd46c80909#1108533,1773348875,24643899,0xbb7fcec1d5a859a74fb3e14b00a87adda75ef157452ee039b55669dd46c80909,1676,0x8ad599c3a0ff1de082011efddc58f1908eb6e6d8,3000.0,0.0,43721304.0,,,0x73ca7d239b5dd986309c1105e893d8d60ac5a0ec,0xc36442b4a4522e871399cd717abdd847ab11fe88,0xa0b86991c6218b36c1d19d4a2e9eb0ce3606eb48,USDC,6,0xc02aaa39b223fe8d0a0e5c4f27ead9083c756cc2,WETH,18,0.0,0.0,0.0,0.0,,,-887220,887220,2026-03-12T20:54:35+00:00
burn,0xc9317413443bcada377f61a384d6650adf263cba3c2653339e8311a2c296aa5b#1108537,1773350015,24643994,0xc9317413443bcada377f61a384d6650adf263cba3c2653339e8311a2c296aa5b,117,0x8ad599c3a0ff1de082011efddc58f1908eb6e6d8,3000.0,0.0,503032453.0,,,0xd8bcba0caeb363727c034d01e2334427ee89c7d5,0xc36442b4a4522e871399cd717abdd847ab11fe88,0xa0b86991c6218b36c1d19d4a2e9eb0ce3606eb48,USDC,6,0xc02aaa39b223fe8d0a0e5c4f27ead9083c756cc2,WETH,18,0.0,0.0,0.0,0.0,,,199380,200760,2026-03-12T21:13:35+00:00
burn,0x63a58752b4d6641ef2bbe1befa3bd228b6e08d2432920c9a6f38bb8948c31639#1108540,1773350039,24643996,0x63a58752b4d6641ef2bbe1befa3bd228b6e08d2432920c9a6f38bb8948c31639,230,0x8ad599c3a0ff1de082011efddc58f1908eb6e6d8,3000.0,0.0,306450901.0,,,0xd8bcba0caeb363727c034d01e2334427ee89c7d5,0xc36442b4a4522e871399cd717abdd847ab11fe88,0xa0b86991c6218b36c1d19d4a2e9eb0ce3606eb48,USDC,6,0xc02aaa39b223fe8d0a0e5c4f27ead9083c756cc2,WETH,18,0.0,0.0,0.0,0.0,,,199560,201060,2026-03-12T21:13:59+00:00
burn,0x0403345bd709213c149f24f3214934c6ef07f8bdc5f13894e81111ed72d31fad#1108561,1773353879,24644315,0x0403345bd709213c149f24f3214934c6ef07f8bdc5f13894e81111ed72d31fad,601,0x8ad599c3a0ff1de082011efddc58f1908eb6e6d8,3000.0,0.0,32588671.0,,,0x508a312cf7334b44b9ff22ac0bac1b3db9eed4e1,0xc36442b4a4522e871399cd717abdd847ab11fe88,0xa0b86991c6218b36c1d19d4a2e9eb0ce3606eb48,USDC,6,0xc02aaa39b223fe8d0a0e5c4f27ead9083c756cc2,WETH,18,0.0,0.0,0.0,0.0,,,198480,205380,2026-03-12T22:17:59+00:00
burn,0x69d5ce5550c937609b20c6818acbe655dcb54d51d91ee51ec62e3ec4b9cb8f55#1108562,1773353951,24644321,0x69d5ce5550c937609b20c6818acbe655dcb54d51d91ee51ec62e3ec4b9cb8f55,1128,0x8ad599c3a0ff1de082011efddc58f1908eb6e6d8,3000.0,0.0,30522930.0,,,0x508a312cf7334b44b9ff22ac0bac1b3db9eed4e1,0xc36442b4a4522e871399cd717abdd847ab11fe88,0xa0b86991c6218b36c1d19d4a2e9eb0ce3606eb48,USDC,6,0xc02aaa39b223fe8d0a0e5c4f27ead9083c756cc2,WETH,18,7.719378,0.001154719766718005,10.103237570443532,719665808870.0,,,198480,205380,2026-03-12T22:19:11+00:00
burn,0x69d5ce5550c937609b20c6818acbe655dcb54d51d91ee51ec62e3ec4b9cb8f55#1108563,1773353951,24644321,0x69d5ce5550c937609b20c6818acbe655dcb54d51d91ee51ec62e3ec4b9cb8f55,1130,0x8ad599c3a0ff1de082011efddc58f1908eb6e6d8,3000.0,0.0,30522930.0,,,0x508a312cf7334b44b9ff22ac0bac1b3db9eed4e1,0xc36442b4a4522e871399cd717abdd847ab11fe88,0xa0b86991c6218b36c1d19d4a2e9eb0ce3606eb48,USDC,6,0xc02aaa39b223fe8d0a0e5c4f27ead9083c756cc2,WETH,18,0.0,0.0,0.0,0.0,,,198480,205380,2026-03-12T22:19:11+00:00
burn,0x1d8e405a672a5db496b85f3f1f87c1ffbbc140acad8100a230ace3cf68de6ad2#1108564,1773354671,24644381,0x1d8e405a672a5db496b85f3f1f87c1ffbbc140acad8100a230ace3cf68de6ad2,588,0x8ad599c3a0ff1de082011efddc58f1908eb6e6d8,3000.0,0.0,148487234.0,,,0x2389790c31e3187a80ac7b312f734011b43614e0,0xc36442b4a4522e871399cd717abdd847ab11fe88,0xa0b86991c6218b36c1d19d4a2e9eb0ce3606eb48,USDC,6,0xc02aaa39b223fe8d0a0e5c4f27ead9083c756cc2,WETH,18,0.0,0.0,0.0,0.0,,,193320,200520,2026-03-12T22:31:11+00:00
burn,0x10298cabf86b552964edcc84ab4b0fba7f83a9d836ed86d03f12df02cbf8f176#1108570,1773356483,24644530,0x10298cabf86b552964edcc84ab4b0fba7f83a9d836ed86d03f12df02cbf8f176,18,0x8ad599c3a0ff1de082011efddc58f1908eb6e6d8,3000.0,0.0,35763582.0,,,0x4dcff7a73fd1910cf937b6b40c434ecdbea95483,0xc36442b4a4522e871399cd717abdd847ab11fe88,0xa0b86991c6218b36c1d19d4a2e9eb0ce3606eb48,USDC,6,0xc02aaa39b223fe8d0a0e5c4f27ead9083c756cc2,WETH,18,0.0,0.0,0.0,0.0,,,199680,201120,2026-03-12T23:01:23+00:00
burn,0x8779955d84dfd19f690fa049710d5387dd0c0c48ac549a9672c7453485606f01#1108602,1773358559,24644700,0x8779955d84dfd19f690fa049710d5387dd0c0c48ac549a9672c7453485606f01,574,0x8ad599c3a0ff1de082011efddc58f1908eb6e6d8,3000.0,0.0,31939148.0,,,0x83681c14770b44361e21faf91d8325423365ea5c,0xc36442b4a4522e871399cd717abdd847ab11fe88,0xa0b86991c6218b36c1d19d4a2e9eb0ce3606eb48,USDC,6,0xc02aaa39b223fe8d0a0e5c4f27ead9083c756cc2,WETH,18,0.0,0.0,0.0,0.0,,,199440,200940,2026-03-12T23:35:59+00:00
burn,0xbfec9faa48bf0b50fe6a5577a6d592c389ab6e9b71c25183134449fb998a969a#1108625,1773360251,24644841,0xbfec9faa48bf0b50fe6a5577a6d592c389ab6e9b71c25183134449fb998a969a,422,0x8ad599c3a0ff1de082011efddc58f1908eb6e6d8,3000.0,0.0,37935140.0,,,0x143b67cf0b87c59b9eb3bbfd5a8d4c74dec426d1,0xc36442b4a4522e871399cd717abdd847ab11fe88,0xa0b86991c6218b36c1d19d4a2e9eb0ce3606eb48,USDC,6,0xc02aaa39b223fe8d0a0e5c4f27ead9083c756cc2,WETH,18,0.0,0.0,0.0,0.0,,,199380,201000,2026-03-13T00:04:11+00:00
burn,0x9856dded55f0f97a46e15065bae69efff1641ba78c2b9325a1900100856897bd#1108626,1773360371,24644851,0x9856dded55f0f97a46e15065bae69efff1641ba78c2b9325a1900100856897bd,188,0x8ad599c3a0ff1de082011efddc58f1908eb6e6d8,3000.0,0.0,34083882.0,,,0x55d1cdf31f4692378637cb28d5fd4a83cd4c26bf,0xc36442b4a4522e871399cd717abdd847ab11fe88,0xa0b86991c6218b36c1d19d4a2e9eb0ce3606eb48,USDC,6,0xc02aaa39b223fe8d0a0e5c4f27ead9083c756cc2,WETH,18,0.0,0.0,0.0,0.0,,,199680,201120,2026-03-13T00:06:11+00:00
burn,0xc19018d0fa40e287a054c9fe98f5445ec859dfd811f599b8f044edfdfbe534a4#1108627,1773360371,24644851,0xc19018d0fa40e287a054c9fe98f5445ec859dfd811f599b8f044edfdfbe534a4,232,0x8ad599c3a0ff1de082011efddc58f1908eb6e6d8,3000.0,0.0,34083882.0,,,0xa1e0b6edbf434be1322e2d1e2d438bbfcbe81546,0xc36442b4a4522e871399cd717abdd847ab11fe88,0xa0b86991c6218b36c1d19d4a2e9eb0ce3606eb48,USDC,6,0xc02aaa39b223fe8d0a0e5c4f27ead9083c756cc2,WETH,18,0.0,0.0,0.0,0.0,,,199620,201060,2026-03-13T00:06:11+00:00
burn,0xe0170db751d4956ad70a9e2ee8ed930df9a56a2bb3945fa03245fa01ced01491#1108628,1773360371,24644851,0xe0170db751d4956ad70a9e2ee8ed930df9a56a2bb3945fa03245fa01ced01491,311,0x8ad599c3a0ff1de082011efddc58f1908eb6e6d8,3000.0,0.0,34083882.0,,,0xdc7b1ebbc9f79c082b2e0f02ee3077a8d974fa8e,0xc36442b4a4522e871399cd717abdd847ab11fe88,0xa0b86991c6218b36c1d19d4a2e9eb0ce3606eb48,USDC,6,0xc02aaa39b223fe8d0a0e5c4f27ead9083c756cc2,WETH,18,0.0,0.0,0.0,0.0,,,199620,201060,2026-03-13T00:06:11+00:00
burn,0x0a6693f92a250feebc77d7ddcb90bd03b7af13edae80d90046e21b908a2d84e9#1108631,1773360419,24644855,0x0a6693f92a250feebc77d7ddcb90bd03b7af13edae80d90046e21b908a2d84e9,646,0x8ad599c3a0ff1de082011efddc58f1908eb6e6d8,3000.0,0.0,34820010.0,,,0xff98fbaff98a2f3c4a88da4ac870b9693d804b66,0xc36442b4a4522e871399cd717abdd847ab11fe88,0xa0b86991c6218b36c1d19d4a2e9eb0ce3606eb48,USDC,6,0xc02aaa39b223fe8d0a0e5c4f27ead9083c756cc2,WETH,18,0.0,0.0,0.0,0.0,,,199320,200760,2026-03-13T00:06:59+00:00
burn,0x5345df0cee99d0e958a1a7b92666cd8859b49e2f55d6487a0c0d5ce19316cca0#1108632,1773360491,24644861,0x5345df0cee99d0e958a1a7b92666cd8859b49e2f55d6487a0c0d5ce19316cca0,666,0x8ad599c3a0ff1de082011efddc58f1908eb6e6d8,3000.0,0.0,34574365.0,,,0x143b67cf0b87c59b9eb3bbfd5a8d4c74dec426d1,0xc36442b4a4522e871399cd717abdd847ab11fe88,0xa0b86991c6218b36c1d19d4a2e9eb0ce3606eb48,USDC,6,0xc02aaa39b223fe8d0a0e5c4f27ead9083c756cc2,WETH,18,0.0,0.0,0.0,0.0,,,199320,200760,2026-03-13T00:08:11+00:00
burn,0x1815f4ebb4219aa77046ec56335a6c5dd9353a06fdedf9ec335ccf42a7746fbe#1108633,1773360611,24644871,0x1815f4ebb4219aa77046ec56335a6c5dd9353a06fdedf9ec335ccf42a7746fbe,1203,0x8ad599c3a0ff1de082011efddc58f1908eb6e6d8,3000.0,0.0,31915929.0,,,0x55d1cdf31f4692378637cb28d5fd4a83cd4c26bf,0xc36442b4a4522e871399cd717abdd847ab11fe88,0xa0b86991c6218b36c1d19d4a2e9eb0ce3606eb48,USDC,6,0xc02aaa39b223fe8d0a0e5c4f27ead9083c756cc2,WETH,18,0.0,0.0,0.0,0.0,,,199320,200760,2026-03-13T00:10:11+00:00
burn,0x544a33c27eb65ef580290f9338567d1e09e9aa3938553d1056e80f4de434d2d3#1108661,1773361427,24644937,0x544a33c27eb65ef580290f9338567d1e09e9aa3938553d1056e80f4de434d2d3,735,0x8ad599c3a0ff1de082011efddc58f1908eb6e6d8,3000.0,0.0,9102669588.0,,,0x635799ae0d8efb34dccda80d74570a6a824d74b0,0xc36442b4a4522e871399cd717abdd847ab11fe88,0xa0b86991c6218b36c1d19d4a2e9eb0ce3606eb48,USDC,6,0xc02aaa39b223fe8d0a0e5c4f27ead9083c756cc2,WETH,18,4839.343392,0.7568826803595378,6454.600058011178,2495405582986688.0,,,199380,200520,2026-03-13T00:23:47+00:00
burn,0x77c802f2a0c78ae66df4f9df905ae96090094edf956c8c9458b379ce63347b4b#1108663,1773361499,24644943,0x77c802f2a0c78ae66df4f9df905ae96090094edf956c8c9458b379ce63347b4b,1610,0x8ad599c3a0ff1de082011efddc58f1908eb6e6d8,3000.0,0.0,1324472933.0,,,0x347f67542c369882f27ae7dcbe8952ff4b83b938,0xc36442b4a4522e871399cd717abdd847ab11fe88,0xa0b86991c6218b36c1d19d4a2e9eb0ce3606eb48,USDC,6,0xc02aaa39b223fe8d0a0e5c4f27ead9083c756cc2,WETH,18,1521.395237,0.0,1521.395237,544777012693783.0,,,199860,201120,2026-03-13T00:24:59+00:00
burn,0x5add56b79becac24d37b20e84613815712c37fcefd53c29d6410f5580e3974e4#1108664,1773361559,24644948,0x5add56b79becac24d37b20e84613815712c37fcefd53c29d6410f5580e3974e4,540,0x8ad599c3a0ff1de082011efddc58f1908eb6e6d8,3000.0,0.0,1165037746.0,,,0x347f67542c369882f27ae7dcbe8952ff4b83b938,0xc36442b4a4522e871399cd717abdd847ab11fe88,0xa0b86991c6218b36c1d19d4a2e9eb0ce3606eb48,USDC,6,0xc02aaa39b223fe8d0a0e5c4f27ead9083c756cc2,WETH,18,1314.229067,0.0,1314.229067,330845566838519.0,,,199680,201480,2026-03-13T00:25:59+00:00
burn,0x44cdbe9c34b73b59ec77042585cf826cf07d55a6c3a8e896991ae2f061bc7c7b#1108666,1773361667,24644957,0x44cdbe9c34b73b59ec77042585cf826cf07d55a6c3a8e896991ae2f061bc7c7b,1190,0x8ad599c3a0ff1de082011efddc58f1908eb6e6d8,3000.0,0.0,189987357.0,,,0xa1e0b6edbf434be1322e2d1e2d438bbfcbe81546,0xc36442b4a4522e871399cd717abdd847ab11fe88,0xa0b86991c6218b36c1d19d4a2e9eb0ce3606eb48,USDC,6,0xc02aaa39b223fe8d0a0e5c4f27ead9083c756cc2,WETH,18,0.0,0.0,0.0,0.0,,,199560,201000,2026-03-13T00:27:47+00:00
burn,0xc72672ab2d0cbb347713329f52e17632188e3d8246b40f3c15e5205c9704dd31#1108666,1773361787,24644967,0xc72672ab2d0cbb347713329f52e17632188e3d8246b40f3c15e5205c9704dd31,760,0x8ad599c3a0ff1de082011efddc58f1908eb6e6d8,3000.0,0.0,194736266.0,,,0x83681c14770b44361e21faf91d8325423365ea5c,0xc36442b4a4522e871399cd717abdd847ab11fe88,0xa0b86991c6218b36c1d19d4a2e9eb0ce3606eb48,USDC,6,0xc02aaa39b223fe8d0a0e5c4f27ead9083c756cc2,WETH,18,0.0,0.0,0.0,0.0,,,196260,200400,2026-03-13T00:29:47+00:00
burn,0x082d013aa8d34c116e6efb22c8fca69ca1aa556d078cf56965f1f50d3b5211db#1108695,1773363071,24645074,0x082d013aa8d34c116e6efb22c8fca69ca1aa556d078cf56965f1f50d3b5211db,559,0x8ad599c3a0ff1de082011efddc58f1908eb6e6d8,3000.0,0.0,118268373.0,,,0xff98fbaff98a2f3c4a88da4ac870b9693d804b66,0xc36442b4a4522e871399cd717abdd847ab11fe88,0xa0b86991c6218b36c1d19d4a2e9eb0ce3606eb48,USDC,6,0xc02aaa39b223fe8d0a0e5c4f27ead9083c756cc2,WETH,18,0.0,0.0,0.0,0.0,,,199560,201000,2026-03-13T00:51:11+00:00
burn,0x42e80e3e108873b7b36145f586363b7f440ebf0d3d18776f5b3ab52b61d4c845#1108697,1773363215,24645086,0x42e80e3e108873b7b36145f586363b7f440ebf0d3d18776f5b3ab52b61d4c845,725,0x8ad599c3a0ff1de082011efddc58f1908eb6e6d8,3000.0,0.0,114667864.0,,,0x83681c14770b44361e21faf91d8325423365ea5c,0xc36442b4a4522e871399cd717abdd847ab11fe88,0xa0b86991c6218b36c1d19d4a2e9eb0ce3606eb48,USDC,6,0xc02aaa39b223fe8d0a0e5c4f27ead9083c756cc2,WETH,18,0.0,0.0,0.0,0.0,,,199440,200940,2026-03-13T00:53:35+00:00
burn,0x2c9e427dde4402a19457779b51f33c7ea1178f11c28384a9c8c13c76fb8edd78#1108721,1773364151,24645164,0x2c9e427dde4402a19457779b51f33c7ea1178f11c28384a9c8c13c76fb8edd78,463,0x8ad599c3a0ff1de082011efddc58f1908eb6e6d8,3000.0,0.0,165659068.0,,,0x15fc4c744738c010f0b93786d7635ec98f1ae7bb,0xc36442b4a4522e871399cd717abdd847ab11fe88,0xa0b86991c6218b36c1d19d4a2e9eb0ce3606eb48,USDC,6,0xc02aaa39b223fe8d0a0e5c4f27ead9083c756cc2,WETH,18,431.731857,0.0,431.731857,246035038477026.0,,,199800,200580,2026-03-13T01:09:11+00:00
burn,0x237096b52362b399df140d113429a23e2c7bc6c3415da92178363bb3fddef4f3#1108728,1773365183,24645250,0x237096b52362b399df140d113429a23e2c7bc6c3415da92178363bb3fddef4f3,331,0x8ad599c3a0ff1de082011efddc58f1908eb6e6d8,3000.0,0.0,45328051.0,,,0x83681c14770b44361e21faf91d8325423365ea5c,0xc36442b4a4522e871399cd717abdd847ab11fe88,0xa0b86991c6218b36c1d19d4a2e9eb0ce3606eb48,USDC,6,0xc02aaa39b223fe8d0a0e5c4f27ead9083c756cc2,WETH,18,0.0,0.0,0.0,0.0,,,196260,200400,2026-03-13T01:26:23+00:00
burn,0x3a0bfde44e1de84f409e9fcf3def6f2595cdbc982bff714938aaddee037920e8#1108732,1773365711,24645294,0x3a0bfde44e1de84f409e9fcf3def6f2595cdbc982bff714938aaddee037920e8,328,0x8ad599c3a0ff1de082011efddc58f1908eb6e6d8,3000.0,0.0,2035064920.0,,,0xc4f4c870835fd28dc2bbfb6c3041f3df8117463e,0xc36442b4a4522e871399cd717abdd847ab11fe88,0xa0b86991c6218b36c1d19d4a2e9eb0ce3606eb48,USDC,6,0xc02aaa39b223fe8d0a0e5c4f27ead9083c756cc2,WETH,18,0.0,0.0,0.0,0.0,,,199200,200700,2026-03-13T01:35:11+00:00
burn,0x4ddb46ab784b214f40391eb00c05d6d26741ef3f3f7f312835e24df632c0a49c#1108733,1773365771,24645299,0x4ddb46ab784b214f40391eb00c05d6d26741ef3f3f7f312835e24df632c0a49c,161,0x8ad599c3a0ff1de082011efddc58f1908eb6e6d8,3000.0,0.0,110999501.0,,,0x793e730f0e0bd8d442e1e4f716f0274d5dd1d4aa,0xc36442b4a4522e871399cd717abdd847ab11fe88,0xa0b86991c6218b36c1d19d4a2e9eb0ce3606eb48,USDC,6,0xc02aaa39b223fe8d0a0e5c4f27ead9083c756cc2,WETH,18,108.733567,0.051206027516359345,217.46713418233898,2359621586842.0,,,-887220,887220,2026-03-13T01:36:11+00:00
burn,0x22139f0e6467d5ee4fb9d38dc866515683e52b871064416c7cc1f97d2d375a59#1108735,1773365819,24645302,0x22139f0e6467d5ee4fb9d38dc866515683e52b871064416c7cc1f97d2d375a59,435,0x8ad599c3a0ff1de082011efddc58f1908eb6e6d8,3000.0,0.0,2033287065.0,,,0x155c0821368bdd0be467a858050cc8597dcf3b37,0xc36442b4a4522e871399cd717abdd847ab11fe88,0xa0b86991c6218b36c1d19d4a2e9eb0ce3606eb48,USDC,6,0xc02aaa39b223fe8d0a0e5c4f27ead9083c756cc2,WETH,18,1044.365703,0.0,1044.365703,641870498203267.0,,,199740,200460,2026-03-13T01:36:59+00:00
burn,0xfc83ccc9d9a8ff77518f2a1bc325094fa576f265b06312b0c88b82a938e015d1#1108773,1773370559,24645694,0xfc83ccc9d9a8ff77518f2a1bc325094fa576f265b06312b0c88b82a938e015d1,106,0x8ad599c3a0ff1de082011efddc58f1908eb6e6d8,3000.0,0.0,151660405.0,,,0x67f1cb11074c99a1d9a5472c17840f84fd4ffa25,0xc36442b4a4522e871399cd717abdd847ab11fe88,0xa0b86991c6218b36c1d19d4a2e9eb0ce3606eb48,USDC,6,0xc02aaa39b223fe8d0a0e5c4f27ead9083c756cc2,WETH,18,1.326683,0.0,1.326683,142935749434.0,,,205260,211440,2026-03-13T02:55:59+00:00
burn,0xb715ab364e6ef9a748a80d62b22dd4d98ec8faafab96f65f53e5c27bde523e17#1108774,1773370619,24645699,0xb715ab364e6ef9a748a80d62b22dd4d98ec8faafab96f65f53e5c27bde523e17,645,0x8ad599c3a0ff1de082011efddc58f1908eb6e6d8,3000.0,0.0,42407982.0,,,0x83681c14770b44361e21faf91d8325423365ea5c,0xc36442b4a4522e871399cd717abdd847ab11fe88,0xa0b86991c6218b36c1d19d4a2e9eb0ce3606eb48,USDC,6,0xc02aaa39b223fe8d0a0e5c4f27ead9083c756cc2,WETH,18,0.0,0.0,0.0,0.0,,,199440,200940,2026-03-13T02:56:59+00:00
burn,0xdc96c58d78e6eaf5c4075cc0b1499161a119e3dfd05ef919d5c7a802d304a82f#1108779,1773372059,24645819,0xdc96c58d78e6eaf5c4075cc0b1499161a119e3dfd05ef919d5c7a802d304a82f,521,0x8ad599c3a0ff1de082011efddc58f1908eb6e6d8,3000.0,0.0,34602820.0,,,0x31fbefd2174e9f8695f511be80e5bc0693057c5e,0xc36442b4a4522e871399cd717abdd847ab11fe88,0xa0b86991c6218b36c1d19d4a2e9eb0ce3606eb48,USDC,6,0xc02aaa39b223fe8d0a0e5c4f27ead9083c756cc2,WETH,18,499.999999,0.0,499.999999,265777379947599.0,,,199860,200700,2026-03-13T03:20:59+00:00
burn,0xc7c4e144c7d5ce5e3bf99d3acbac211a4387bba7847d8adf207e012d847cce75#1108806,1773374675,24646037,0xc7c4e144c7d5ce5e3bf99d3acbac211a4387bba7847d8adf207e012d847cce75,763,0x8ad599c3a0ff1de082011efddc58f1908eb6e6d8,3000.0,0.0,41783947.0,,,0x508a312cf7334b44b9ff22ac0bac1b3db9eed4e1,0xc36442b4a4522e871399cd717abdd847ab11fe88,0xa0b86991c6218b36c1d19d4a2e9eb0ce3606eb48,USDC,6,0xc02aaa39b223fe8d0a0e5c4f27ead9083c756cc2,WETH,18,0.0,0.0,0.0,0.0,,,198480,205380,2026-03-13T04:04:35+00:00
burn,0x8d1d83ee2f79ba9c538e302e12c73cd05bc6baaf9edcfa05db62b9130bf7edb3#1108807,1773375071,24646070,0x8d1d83ee2f79ba9c538e302e12c73cd05bc6baaf9edcfa05db62b9130bf7edb3,439,0x8ad599c3a0ff1de082011efddc58f1908eb6e6d8,3000.0,0.0,2030892933.0,,,0x32e343673ad567400e5e26b0c7294e7c9725cb91,0xc36442b4a4522e871399cd717abdd847ab11fe88,0xa0b86991c6218b36c1d19d4a2e9eb0ce3606eb48,USDC,6,0xc02aaa39b223fe8d0a0e5c4f27ead9083c756cc2,WETH,18,0.0,0.0,0.0,0.0,,,199680,200820,2026-03-13T04:11:11+00:00
burn,0xf63157e5f5b457c143fea3bc8f78fd0429866d76397d57a77bfce35ed560d34f#1108834,1773381839,24646633,0xf63157e5f5b457c143fea3bc8f78fd0429866d76397d57a77bfce35ed560d34f,321,0x8ad599c3a0ff1de082011efddc58f1908eb6e6d8,3000.0,0.0,133590560.0,,,0x0320618babfa9d52f72b0565bfad3f22b3fc0c78,0xc36442b4a4522e871399cd717abdd847ab11fe88,0xa0b86991c6218b36c1d19d4a2e9eb0ce3606eb48,USDC,6,0xc02aaa39b223fe8d0a0e5c4f27ead9083c756cc2,WETH,18,0.0,0.0,0.0,0.0,,,198480,201960,2026-03-13T06:03:59+00:00
burn,0x44bef0f1e61f262259f834608707f34d7fbf69fb3c4f050d570411cf462e82da#1108838,1773382475,24646686,0x44bef0f1e61f262259f834608707f34d7fbf69fb3c4f050d570411cf462e82da,835,0x8ad599c3a0ff1de082011efddc58f1908eb6e6d8,3000.0,0.0,32281300.0,,,0x283e0f3519b84f6decb295c65e2cf0cdaf105518,0xc36442b4a4522e871399cd717abdd847ab11fe88,0xa0b86991c6218b36c1d19d4a2e9eb0ce3606eb48,USDC,6,0xc02aaa39b223fe8d0a0e5c4f27ead9083c756cc2,WETH,18,0.0,0.0,0.0,0.0,,,199440,201300,2026-03-13T06:14:35+00:00
burn,0x2e3c262ed5db08373bcfb02dd7826a4ea46538600a5b056951e83ff22fba19be#1108857,1773384011,24646814,0x2e3c262ed5db08373bcfb02dd7826a4ea46538600a5b056951e83ff22fba19be,705,0x8ad599c3a0ff1de082011efddc58f1908eb6e6d8,3000.0,0.0,33217012.0,,,0x83681c14770b44361e21faf91d8325423365ea5c,0xc36442b4a4522e871399cd717abdd847ab11fe88,0xa0b86991c6218b36c1d19d4a2e9eb0ce3606eb48,USDC,6,0xc02aaa39b223fe8d0a0e5c4f27ead9083c756cc2,WETH,18,0.0,0.0,0.0,0.0,,,199440,200940,2026-03-13T06:40:11+00:00
burn,0x76a164aa56f918f4f15deb6692c811df7d7c823cffe87df569956cdaefeaef3f#1108889,1773388043,24647145,0x76a164aa56f918f4f15deb6692c811df7d7c823cffe87df569956cdaefeaef3f,50,0x8ad599c3a0ff1de082011efddc58f1908eb6e6d8,3000.0,0.0,387452294.0,,,0x2e1f84710e2bdc325df40feff58fa1e2606b28cc,0xc36442b4a4522e871399cd717abdd847ab11fe88,0xa0b86991c6218b36c1d19d4a2e9eb0ce3606eb48,USDC,6,0xc02aaa39b223fe8d0a0e5c4f27ead9083c756cc2,WETH,18,0.0,0.0,0.0,0.0,,,199200,200700,2026-03-13T07:47:23+00:00
burn,0x7903797f91a847250c319aed5037e6468c1e233bc6d5306d7246511705e4ffb6#1108892,1773388415,24647176,0x7903797f91a847250c319aed5037e6468c1e233bc6d5306d7246511705e4ffb6,1032,0x8ad599c3a0ff1de082011efddc58f1908eb6e6d8,3000.0,0.0,160791884.0,,,0x541e0fa1d301e1e313fef12441dabd2c006d198d,0xc36442b4a4522e871399cd717abdd847ab11fe88,0xa0b86991c6218b36c1d19d4a2e9eb0ce3606eb48,USDC,6,0xc02aaa39b223fe8d0a0e5c4f27ead9083c756cc2,WETH,18,0.0,0.0,0.0,0.0,,,198780,201840,2026-03-13T07:53:35+00:00
burn,0x00e9b3525fc84d6a40e9f526d21e44be9263b72383405d38c5dd16f55b78ade9#1108916,1773391379,24647423,0x00e9b3525fc84d6a40e9f526d21e44be9263b72383405d38c5dd16f55b78ade9,514,0x8ad599c3a0ff1de082011efddc58f1908eb6e6d8,3000.0,0.0,137951726.0,,,0x18f2bbc92a0907d3472289469070d615bb2d5e75,0xc36442b4a4522e871399cd717abdd847ab11fe88,0xa0b86991c6218b36c1d19d4a2e9eb0ce3606eb48,USDC,6,0xc02aaa39b223fe8d0a0e5c4f27ead9083c756cc2,WETH,18,52.488224,0.0,52.488224,15247565645229.0,,,199800,201360,2026-03-13T08:42:59+00:00
burn,0xd00efa18ebd3e9ac4762513fe658e48c75332543f557ebfb86fe3ef06a8726df#1108925,1773393263,24647579,0xd00efa18ebd3e9ac4762513fe658e48c75332543f557ebfb86fe3ef06a8726df,451,0x8ad599c3a0ff1de082011efddc58f1908eb6e6d8,3000.0,0.0,166631116.0,,,0x2cbb45ca0f69f512c572aea5e0be064c5bb19935,0xc36442b4a4522e871399cd717abdd847ab11fe88,0xa0b86991c6218b36c1d19d4a2e9eb0ce3606eb48,USDC,6,0xc02aaa39b223fe8d0a0e5c4f27ead9083c756cc2,WETH,18,0.0,0.0,0.0,0.0,,,189600,196860,2026-03-13T09:14:23+00:00
burn,0x93ff0e4e342a305a2755bdabcaab296da3c64e9bde3d5e9e9ed01553c3291e59#1108926,1773393275,24647580,0x93ff0e4e342a305a2755bdabcaab296da3c64e9bde3d5e9e9ed01553c3291e59,203,0x8ad599c3a0ff1de082011efddc58f1908eb6e6d8,3000.0,0.0,170316937.0,,,0x2cbb45ca0f69f512c572aea5e0be064c5bb19935,0xc36442b4a4522e871399cd717abdd847ab11fe88,0xa0b86991c6218b36c1d19d4a2e9eb0ce3606eb48,USDC,6,0xc02aaa39b223fe8d0a0e5c4f27ead9083c756cc2,WETH,18,0.0,0.04274675166579786,89.93971852867928,7462945396299.0,,,189600,196860,2026-03-13T09:14:35+00:00
burn,0xdf5f8afad86fe6c6e64c7c95c49ed6ddaf78783bdf012d10de45e9e278431a9e#1108970,1773397655,24647944,0xdf5f8afad86fe6c6e64c7c95c49ed6ddaf78783bdf012d10de45e9e278431a9e,292,0x8ad599c3a0ff1de082011efddc58f1908eb6e6d8,3000.0,0.0,183000949.0,,,0x94223f3b247a0a870ae817998ec790903501a361,0xc36442b4a4522e871399cd717abdd847ab11fe88,0xa0b86991c6218b36c1d19d4a2e9eb0ce3606eb48,USDC,6,0xc02aaa39b223fe8d0a0e5c4f27ead9083c756cc2,WETH,18,0.0,0.0,0.0,0.0,,,198360,202260,2026-03-13T10:27:35+00:00
burn,0x4c36a64c7b67e5d5cf93cafbb73ca17dbec5df7cb5e717122610c3431f2e82ef#1108978,1773398351,24648002,0x4c36a64c7b67e5d5cf93cafbb73ca17dbec5df7cb5e717122610c3431f2e82ef,106,0x8ad599c3a0ff1de082011efddc58f1908eb6e6d8,3000.0,0.0,2099896997.0,,,0xc4f4c870835fd28dc2bbfb6c3041f3df8117463e,0xc36442b4a4522e871399cd717abdd847ab11fe88,0xa0b86991c6218b36c1d19d4a2e9eb0ce3606eb48,USDC,6,0xc02aaa39b223fe8d0a0e5c4f27ead9083c756cc2,WETH,18,0.0,0.0,0.0,0.0,,,199200,200700,2026-03-13T10:39:11+00:00
burn,0x3786dee97da0bbd4fce022d181033c3302f8456cf52b5d41799bb492a3c457c4#1108989,1773399779,24648121,0x3786dee97da0bbd4fce022d181033c3302f8456cf52b5d41799bb492a3c457c4,203,0x8ad599c3a0ff1de082011efddc58f1908eb6e6d8,3000.0,0.0,168150792.0,,,0x7b82a645c675dca5ec2addae9aca0cd91ef554c3,0xc36442b4a4522e871399cd717abdd847ab11fe88,0xa0b86991c6218b36c1d19d4a2e9eb0ce3606eb48,USDC,6,0xc02aaa39b223fe8d0a0e5c4f27ead9083c756cc2,WETH,18,0.0,0.0,0.0,0.0,,,199080,201240,2026-03-13T11:02:59+00:00
burn,0x2bb0226852c6cae24bf836146637d9c9656b0dc4b4fb9bb367f6b4bdb6f358d2#1108991,1773399887,24648130,0x2bb0226852c6cae24bf836146637d9c9656b0dc4b4fb9bb367f6b4bdb6f358d2,268,0x8ad599c3a0ff1de082011efddc58f1908eb6e6d8,3000.0,0.0,168643461.0,,,0x7b82a645c675dca5ec2addae9aca0cd91ef554c3,0xc36442b4a4522e871399cd717abdd847ab11fe88,0xa0b86991c6218b36c1d19d4a2e9eb0ce3606eb48,USDC,6,0xc02aaa39b223fe8d0a0e5c4f27ead9083c756cc2,WETH,18,0.0,0.0,0.0,0.0,,,199080,201240,2026-03-13T11:04:47+00:00
burn,0xdec4ff3e4859f461d81356e0e1f337259aa761ef604f0514330d98cc018a79b4#1108994,1773400343,24648168,0xdec4ff3e4859f461d81356e0e1f337259aa761ef604f0514330d98cc018a79b4,61,0x8ad599c3a0ff1de082011efddc58f1908eb6e6d8,3000.0,0.0,7342059314.0,,,0xae2fc483527b8ef99eb5d9b44875f005ba1fae13,0x1f2f10d1c40777ae1da742455c65828ff36df387,0xa0b86991c6218b36c1d19d4a2e9eb0ce3606eb48,USDC,6,0xc02aaa39b223fe8d0a0e5c4f27ead9083c756cc2,WETH,18,764932.945049,158.23724069600294,1101409.1585343927,7.968953441361854e+18,,,199680,199740,2026-03-13T11:12:23+00:00
burn,0x9ece20abe4d537b8fb91c650e81269e667b62e4543c5bc61433b75e3dbee9875#1108997,1773400499,24648181,0x9ece20abe4d537b8fb91c650e81269e667b62e4543c5bc61433b75e3dbee9875,42,0x8ad599c3a0ff1de082011efddc58f1908eb6e6d8,3000.0,0.0,2478938221.0,,,0xae2fc483527b8ef99eb5d9b44875f005ba1fae13,0x1f2f10d1c40777ae1da742455c65828ff36df387,0xa0b86991c6218b36c1d19d4a2e9eb0ce3606eb48,USDC,6,0xc02aaa39b223fe8d0a0e5c4f27ead9083c756cc2,WETH,18,1528956.491158,317.32532771224584,2203715.34442838,1.5944417438964122e+19,,,199680,199740,2026-03-13T11:14:59+00:00
burn,0xf5e6143b39dfc00d62beb9fa1892070ca6e69a1c2c5a8c1230d1e14f3df8d5f2#1109001,1773401975,24648303,0xf5e6143b39dfc00d62beb9fa1892070ca6e69a1c2c5a8c1230d1e14f3df8d5f2,995,0x8ad599c3a0ff1de082011efddc58f1908eb6e6d8,3000.0,0.0,101691793.0,,,0xacbc9960c499f8f5127696dcf0e0520cce2e9835,0xc36442b4a4522e871399cd717abdd847ab11fe88,0xa0b86991c6218b36c1d19d4a2e9eb0ce3606eb48,USDC,6,0xc02aaa39b223fe8d0a0e5c4f27ead9083c756cc2,WETH,18,14970.376871,2.5254126053604824,20340.381923638055,4731818878524151.0,,,199200,201120,2026-03-13T11:39:35+00:00
burn,0xf5e6143b39dfc00d62beb9fa1892070ca6e69a1c2c5a8c1230d1e14f3df8d5f2#1109002,1773401975,24648303,0xf5e6143b39dfc00d62beb9fa1892070ca6e69a1c2c5a8c1230d1e14f3df8d5f2,997,0x8ad599c3a0ff1de082011efddc58f1908eb6e6d8,3000.0,0.0,101691793.0,,,0xacbc9960c499f8f5127696dcf0e0520cce2e9835,0xc36442b4a4522e871399cd717abdd847ab11fe88,0xa0b86991c6218b36c1d19d4a2e9eb0ce3606eb48,USDC,6,0xc02aaa39b223fe8d0a0e5c4f27ead9083c756cc2,WETH,18,0.0,0.0,0.0,0.0,,,199200,201120,2026-03-13T11:39:35+00:00
burn,0xef612bf1f9fabfa4bd8e26d11cc4b90ffc6bad2532aef471737fc6183f9955af#1109005,1773401987,24648304,0xef612bf1f9fabfa4bd8e26d11cc4b90ffc6bad2532aef471737fc6183f9955af,60,0x8ad599c3a0ff1de082011efddc58f1908eb6e6d8,3000.0,0.0,1622115030.0,,,0xae2fc483527b8ef99eb5d9b44875f005ba1fae13,0x1f2f10d1c40777ae1da742455c65828ff36df387,0xa0b86991c6218b36c1d19d4a2e9eb0ce3606eb48,USDC,6,0xc02aaa39b223fe8d0a0e5c4f27ead9083c756cc2,WETH,18,1529904.25219,318.79091670009456,2207776.0804085517,1.5973822747872592e+19,,,199680,199740,2026-03-13T11:39:47+00:00
burn,0x049420d7c3d5713b68ee90f6bcab02ede1b3a255f9b937142fd5a96047ca44df#1109015,1773403235,24648406,0x049420d7c3d5713b68ee90f6bcab02ede1b3a255f9b937142fd5a96047ca44df,42,0x8ad599c3a0ff1de082011efddc58f1908eb6e6d8,3000.0,0.0,27917027075.0,,,0xae2fc483527b8ef99eb5d9b44875f005ba1fae13,0x1f2f10d1c40777ae1da742455c65828ff36df387,0xa0b86991c6218b36c1d19d4a2e9eb0ce3606eb48,USDC,6,0xc02aaa39b223fe8d0a0e5c4f27ead9083c756cc2,WETH,18,1528841.902616,511.05684578163556,2614838.7188640395,1.8923467026745786e+19,,,199680,199740,2026-03-13T12:00:35+00:00
burn,0x84543505f0924fcf222e40068fbe6df14381a17d68a9461a714d6811375a0457#1109019,1773403619,24648438,0x84543505f0924fcf222e40068fbe6df14381a17d68a9461a714d6811375a0457,92,0x8ad599c3a0ff1de082011efddc58f1908eb6e6d8,3000.0,0.0,2231725172.0,,,0xae2fc483527b8ef99eb5d9b44875f005ba1fae13,0x1f2f10d1c40777ae1da742455c65828ff36df387,0xa0b86991c6218b36c1d19d4a2e9eb0ce3606eb48,USDC,6,0xc02aaa39b223fe8d0a0e5c4f27ead9083c756cc2,WETH,18,1530018.268128,511.9294745814055,2617867.9384729844,1.894540008469666e+19,,,199680,199740,2026-03-13T12:06:59+00:00
burn,0xf853e8bf2fd1f27d1ba47c75181df632b2a483a7bb22f093f6261e847bc9486d#1109021,1773403727,24648447,0xf853e8bf2fd1f27d1ba47c75181df632b2a483a7bb22f093f6261e847bc9486d,89,0x8ad599c3a0ff1de082011efddc58f1908eb6e6d8,3000.0,0.0,9963573753.0,,,0xae2fc483527b8ef99eb5d9b44875f005ba1fae13,0x1f2f10d1c40777ae1da742455c65828ff36df387,0xa0b86991c6218b36c1d19d4a2e9eb0ce3606eb48,USDC,6,0xc02aaa39b223fe8d0a0e5c4f27ead9083c756cc2,WETH,18,1530216.057617,483.6481395048089,2558052.7231844733,1.851189563521342e+19,,,199680,199740,2026-03-13T12:08:47+00:00
burn,0x5be7f563f68b3496b3ae31a91c813bd8c5396768eb89f4a8328fa1813c488a9d#1109029,1773403991,24648469,0x5be7f563f68b3496b3ae31a91c813bd8c5396768eb89f4a8328fa1813c488a9d,7,0x8ad599c3a0ff1de082011efddc58f1908eb6e6d8,3000.0,0.0,9892533342.0,,,0xae2fc483527b8ef99eb5d9b44875f005ba1fae13,0x1f2f10d1c40777ae1da742455c65828ff36df387,0xa0b86991c6218b36c1d19d4a2e9eb0ce3606eb48,USDC,6,0xc02aaa39b223fe8d0a0e5c4f27ead9083c756cc2,WETH,18,1529632.378293,375.027720856318,2326914.8596712775,1.6836990769255416e+19,,,199680,199740,2026-03-13T12:13:11+00:00
burn,0x1634293c751bf71d8f6a1fba4b362e75a67e11f9d285bd03cfa15454247b0ffb#1109034,1773404147,24648482,0x1634293c751bf71d8f6a1fba4b362e75a67e11f9d285bd03cfa15454247b0ffb,111,0x8ad599c3a0ff1de082011efddc58f1908eb6e6d8,3000.0,0.0,1732908434.0,,,0xae2fc483527b8ef99eb5d9b44875f005ba1fae13,0x1f2f10d1c40777ae1da742455c65828ff36df387,0xa0b86991c6218b36c1d19d4a2e9eb0ce3606eb48,USDC,6,0xc02aaa39b223fe8d0a0e5c4f27ead9083c756cc2,WETH,18,1530471.176378,266.14773844583937,2096529.2313616555,1.5167950526521278e+19,,,199680,199740,2026-03-13T12:15:47+00:00
burn,0xaf63170d9a5f90f69756ca19f94e173c94883fae6d05ef7e54d572b71f9a639e#1109035,1773404315,24648496,0xaf63170d9a5f90f69756ca19f94e173c94883fae6d05ef7e54d572b71f9a639e,55,0x8ad599c3a0ff1de082011efddc58f1908eb6e6d8,3000.0,0.0,1103754160.0,,,0xae2fc483527b8ef99eb5d9b44875f005ba1fae13,0x1f2f10d1c40777ae1da742455c65828ff36df387,0xa0b86991c6218b36c1d19d4a2e9eb0ce3606eb48,USDC,6,0xc02aaa39b223fe8d0a0e5c4f27ead9083c756cc2,WETH,18,1530434.491848,266.2683362034268,2096748.7217808238,1.5169540802587132e+19,,,199680,199740,2026-03-13T12:18:35+00:00
burn,0x7ccf7ddcda7039254b94ca7deb24cfe57193d1c69bde28e9f28fa3505ac32c5e#1109039,1773404483,24648510,0x7ccf7ddcda7039254b94ca7deb24cfe57193d1c69bde28e9f28fa3505ac32c5e,133,0x8ad599c3a0ff1de082011efddc58f1908eb6e6d8,3000.0,0.0,334678284.0,,,0xbc99c4bd93c24db1bf553f2c7f9348be639fe5b6,0xc36442b4a4522e871399cd717abdd847ab11fe88,0xa0b86991c6218b36c1d19d4a2e9eb0ce3606eb48,USDC,6,0xc02aaa39b223fe8d0a0e5c4f27ead9083c756cc2,WETH,18,0.0,0.0,0.0,0.0,,,193380,201360,2026-03-13T12:21:23+00:00
burn,0xe3b68fa942b88fceb19357390289a670f4eb432e746237d1e01361d889c560e0#1109043,1773405479,24648593,0xe3b68fa942b88fceb19357390289a670f4eb432e746237d1e01361d889c560e0,21,0x8ad599c3a0ff1de082011efddc58f1908eb6e6d8,3000.0,0.0,16800395142.0,,,0xae2fc483527b8ef99eb5d9b44875f005ba1fae13,0x1f2f10d1c40777ae1da742455c65828ff36df387,0xa0b86991c6218b36c1d19d4a2e9eb0ce3606eb48,USDC,6,0xc02aaa39b223fe8d0a0e5c4f27ead9083c756cc2,WETH,18,1528214.418573,33.18814620277054,1598896.4974375495,1.1565220607314362e+19,,,199680,199740,2026-03-13T12:37:59+00:00
burn,0x188bc617a8d44c0a2ccf4ee89f791b6e304f3a208ff21515f852519851f0f8f3#1109049,1773405647,24648607,0x188bc617a8d44c0a2ccf4ee89f791b6e304f3a208ff21515f852519851f0f8f3,65,0x8ad599c3a0ff1de082011efddc58f1908eb6e6d8,3000.0,0.0,164974384.0,,,0xae2fc483527b8ef99eb5d9b44875f005ba1fae13,0x1f2f10d1c40777ae1da742455c65828ff36df387,0xa0b86991c6218b36c1d19d4a2e9eb0ce3606eb48,USDC,6,0xc02aaa39b223fe8d0a0e5c4f27ead9083c756cc2,WETH,18,1529022.717663,34.01323885768963,1601461.5827789204,1.1583777700711498e+19,,,199680,199740,2026-03-13T12:40:47+00:00
burn,0x3d1cae800e069246fee10cfea668535b740b828974b41f7dce37dcfea36a6e0d#1109077,1773406907,24648712,0x3d1cae800e069246fee10cfea668535b740b828974b41f7dce37dcfea36a6e0d,557,0x8ad599c3a0ff1de082011efddc58f1908eb6e6d8,3000.0,0.0,168551054.0,,,0xc74ece8ed49f2f6d2e4164de632c900a0150296f,0xc36442b4a4522e871399cd717abdd847ab11fe88,0xa0b86991c6218b36c1d19d4a2e9eb0ce3606eb48,USDC,6,0xc02aaa39b223fe8d0a0e5c4f27ead9083c756cc2,WETH,18,8146.926475,0.0,8146.926475,2533375367182432.0,,,199620,201060,2026-03-13T13:01:47+00:00
burn,0xed4edbf1cfbe745c30a19b136f5115089c0f2ac4eb165350eaeb144c858591ad#1109077,1773407015,24648721,0xed4edbf1cfbe745c30a19b136f5115089c0f2ac4eb165350eaeb144c858591ad,645,0x8ad599c3a0ff1de082011efddc58f1908eb6e6d8,3000.0,0.0,165588956.0,,,0xbd6edb6416caa13d9e2f15e41b14a7b9a6daebf0,0xc36442b4a4522e871399cd717abdd847ab11fe88,0xa0b86991c6218b36c1d19d4a2e9eb0ce3606eb48,USDC,6,0xc02aaa39b223fe8d0a0e5c4f27ead9083c756cc2,WETH,18,3226.737138,0.0,3226.737138,1003388996624402.0,,,199620,201060,2026-03-13T13:03:35+00:00
burn,0x1dbcaf997113984385ce07563464db9c679e6516d342609a7fde6b2bbcf5319e#1109082,1773407075,24648726,0x1dbcaf997113984385ce07563464db9c679e6516d342609a7fde6b2bbcf5319e,1011,0x8ad599c3a0ff1de082011efddc58f1908eb6e6d8,3000.0,0.0,164114125.0,,,0xd8f3d8e1fd123d69dec6d96ad6708bdb378c7fa2,0xc36442b4a4522e871399cd717abdd847ab11fe88,0xa0b86991c6218b36c1d19d4a2e9eb0ce3606eb48,USDC,6,0xc02aaa39b223fe8d0a0e5c4f27ead9083c756cc2,WETH,18,653.889189,0.0,653.889189,203944840333532.0,,,199680,201120,2026-03-13T13:04:35+00:00
burn,0xec1781c42213314fd3610a018bf0084bd5da574b21a0632e9cc7b2a6e5dd57ab#1109089,1773407183,24648735,0xec1781c42213314fd3610a018bf0084bd5da574b21a0632e9cc7b2a6e5dd57ab,36,0x8ad599c3a0ff1de082011efddc58f1908eb6e6d8,3000.0,0.0,2455793989.0,,,0xae2fc483527b8ef99eb5d9b44875f005ba1fae13,0x1f2f10d1c40777ae1da742455c65828ff36df387,0xa0b86991c6218b36c1d19d4a2e9eb0ce3606eb48,USDC,6,0xc02aaa39b223fe8d0a0e5c4f27ead9083c756cc2,WETH,18,181222.978813,891.8197946673637,2093493.8139059208,1.5089829843115704e+19,,,199560,199620,2026-03-13T13:06:23+00:00
burn,0xfbf7a0a3feaa28c5811030193a3551fe815e335afa148ee3a41eb844db0f1435#1109094,1773407255,24648741,0xfbf7a0a3feaa28c5811030193a3551fe815e335afa148ee3a41eb844db0f1435,65,0x8ad599c3a0ff1de082011efddc58f1908eb6e6d8,3000.0,0.0,2927525218.0,,,0xae2fc483527b8ef99eb5d9b44875f005ba1fae13,0x1f2f10d1c40777ae1da742455c65828ff36df387,0xa0b86991c6218b36c1d19d4a2e9eb0ce3606eb48,USDC,6,0xc02aaa39b223fe8d0a0e5c4f27ead9083c756cc2,WETH,18,261631.772201,891.8095415971294,2174267.7994351336,1.566920154386373e+19,,,199560,199620,2026-03-13T13:07:35+00:00
burn,0xa7615f0b91baf2e4066c085a334db978ee24ee4ae827d3f5d01ba7bcf08ca59a#1109098,1773407339,24648748,0xa7615f0b91baf2e4066c085a334db978ee24ee4ae827d3f5d01ba7bcf08ca59a,69,0x8ad599c3a0ff1de082011efddc58f1908eb6e6d8,3000.0,0.0,4803470383.0,,,0xae2fc483527b8ef99eb5d9b44875f005ba1fae13,0x1f2f10d1c40777ae1da742455c65828ff36df387,0xa0b86991c6218b36c1d19d4a2e9eb0ce3606eb48,USDC,6,0xc02aaa39b223fe8d0a0e5c4f27ead9083c756cc2,WETH,18,261281.55237,891.9545396742685,2174226.730822744,1.566891870308742e+19,,,199560,199620,2026-03-13T13:08:59+00:00
burn,0x389bfeaa142025e7f6f89ee28835a693e6ec363ee2a884caa5063eb88cc5474c#1109101,1773407339,24648748,0x389bfeaa142025e7f6f89ee28835a693e6ec363ee2a884caa5063eb88cc5474c,1070,0x8ad599c3a0ff1de082011efddc58f1908eb6e6d8,3000.0,0.0,186317601.0,,,0xbd6edb6416caa13d9e2f15e41b14a7b9a6daebf0,0xc36442b4a4522e871399cd717abdd847ab11fe88,0xa0b86991c6218b36c1d19d4a2e9eb0ce3606eb48,USDC,6,0xc02aaa39b223fe8d0a0e5c4f27ead9083c756cc2,WETH,18,2966.426693,0.0,2966.426693,922442633457012.0,,,199620,201060,2026-03-13T13:08:59+00:00
burn,0x19e2e41b879dd1f61fb115995bbbfaca807973757f4a50dae1f969913fb60aa5#1109103,1773407363,24648750,0x19e2e41b879dd1f61fb115995bbbfaca807973757f4a50dae1f969913fb60aa5,390,0x8ad599c3a0ff1de082011efddc58f1908eb6e6d8,3000.0,0.0,211611938.0,,,0xf148f45b042c7fd459623ac7a7ebe271754bd9aa,0xc36442b4a4522e871399cd717abdd847ab11fe88,0xa0b86991c6218b36c1d19d4a2e9eb0ce3606eb48,USDC,6,0xc02aaa39b223fe8d0a0e5c4f27ead9083c756cc2,WETH,18,652.514564,0.0,652.514564,203516101431237.0,,,199680,201120,2026-03-13T13:09:23+00:00
burn,0xb4136c02080444a956ebc15871d4a2c5fd3bfeeef0e85d62a11a495194ef40f5#1109113,1773407699,24648778,0xb4136c02080444a956ebc15871d4a2c5fd3bfeeef0e85d62a11a495194ef40f5,416,0x8ad599c3a0ff1de082011efddc58f1908eb6e6d8,3000.0,0.0,248605923.0,,,0x5370eb8a0d876b723c716b96eb34caf64f69b505,0xc36442b4a4522e871399cd717abdd847ab11fe88,0xa0b86991c6218b36c1d19d4a2e9eb0ce3606eb48,USDC,6,0xc02aaa39b223fe8d0a0e5c4f27ead9083c756cc2,WETH,18,1794.525656,0.0,1794.525656,559703775775547.0,,,199680,201120,2026-03-13T13:14:59+00:00
burn,0xba0c0e1034e4c198838607fdd92215dbff8bf5c21730a6c0d6bf8267556f9eae#1109119,1773407711,24648779,0xba0c0e1034e4c198838607fdd92215dbff8bf5c21730a6c0d6bf8267556f9eae,39,0x8ad599c3a0ff1de082011efddc58f1908eb6e6d8,3000.0,0.0,6851697793.0,,,0xae2fc483527b8ef99eb5d9b44875f005ba1fae13,0x1f2f10d1c40777ae1da742455c65828ff36df387,0xa0b86991c6218b36c1d19d4a2e9eb0ce3606eb48,USDC,6,0xc02aaa39b223fe8d0a0e5c4f27ead9083c756cc2,WETH,18,1530207.689909,772.9098391754097,3191419.9493502965,2.2964790184357396e+19,,,199560,199620,2026-03-13T13:15:11+00:00
burn,0x1bb61614efd3bcf64bdcd8e104ee2419eb8862dc8db810876cc0ed71ee2f8c07#1109143,1773408155,24648816,0x1bb61614efd3bcf64bdcd8e104ee2419eb8862dc8db810876cc0ed71ee2f8c07,115,0x8ad599c3a0ff1de082011efddc58f1908eb6e6d8,3000.0,0.0,6855894398.0,,,0xae2fc483527b8ef99eb5d9b44875f005ba1fae13,0x1f2f10d1c40777ae1da742455c65828ff36df387,0xa0b86991c6218b36c1d19d4a2e9eb0ce3606eb48,USDC,6,0xc02aaa39b223fe8d0a0e5c4f27ead9083c756cc2,WETH,18,762527.876749,210.8437795758057,1224321.3123476582,8.727657932436537e+18,,,199380,199440,2026-03-13T13:22:35+00:00
burn,0x13a833d7ecc57b34d801d98ec0c6f25775c182d32fbb7418a8ad118882d0d49c#1109148,1773408215,24648821,0x13a833d7ecc57b34d801d98ec0c6f25775c182d32fbb7418a8ad118882d0d49c,158,0x8ad599c3a0ff1de082011efddc58f1908eb6e6d8,3000.0,0.0,12016040696.0,,,0xae2fc483527b8ef99eb5d9b44875f005ba1fae13,0x1f2f10d1c40777ae1da742455c65828ff36df387,0xa0b86991c6218b36c1d19d4a2e9eb0ce3606eb48,USDC,6,0xc02aaa39b223fe8d0a0e5c4f27ead9083c756cc2,WETH,18,1528703.137259,437.2612683621683,2486353.9199595735,1.7724467047108182e+19,,,199380,199440,2026-03-13T13:23:35+00:00
burn,0x40e1f43ea83d91fd407b8a4a28f604ccd7c0f60a17e43a854098a19e2be74638#1109154,1773408323,24648830,0x40e1f43ea83d91fd407b8a4a28f604ccd7c0f60a17e43a854098a19e2be74638,51,0x8ad599c3a0ff1de082011efddc58f1908eb6e6d8,3000.0,0.0,9543700357.0,,,0xae2fc483527b8ef99eb5d9b44875f005ba1fae13,0x1f2f10d1c40777ae1da742455c65828ff36df387,0xa0b86991c6218b36c1d19d4a2e9eb0ce3606eb48,USDC,6,0xc02aaa39b223fe8d0a0e5c4f27ead9083c756cc2,WETH,18,1527708.97728,439.2971465683906,2489811.3218433424,1.7749165333853241e+19,,,199380,199440,2026-03-13T13:25:23+00:00
burn,0x3e87bd583290d01ca40e871d6bd9690ce7ce2537622d93e1638f000260415337#1109161,1773408479,24648843,0x3e87bd583290d01ca40e871d6bd9690ce7ce2537622d93e1638f000260415337,176,0x8ad599c3a0ff1de082011efddc58f1908eb6e6d8,3000.0,0.0,921356427.0,,,0xae2fc483527b8ef99eb5d9b44875f005ba1fae13,0x1f2f10d1c40777ae1da742455c65828ff36df387,0xa0b86991c6218b36c1d19d4a2e9eb0ce3606eb48,USDC,6,0xc02aaa39b223fe8d0a0e5c4f27ead9083c756cc2,WETH,18,1472736.645044,892.2054624319553,3424599.01349543,2.4425871812881023e+19,,,199380,199440,2026-03-13T13:27:59+00:00
burn,0x6490f70bbb97e76b3ad23adbb5b2f8e8aac5bc45b8ebc79e81fac400dae36522#1109181,1773409139,24648898,0x6490f70bbb97e76b3ad23adbb5b2f8e8aac5bc45b8ebc79e81fac400dae36522,74,0x8ad599c3a0ff1de082011efddc58f1908eb6e6d8,3000.0,0.0,11190820630.0,,,0xae2fc483527b8ef99eb5d9b44875f005ba1fae13,0x1f2f10d1c40777ae1da742455c65828ff36df387,0xa0b86991c6218b36c1d19d4a2e9eb0ce3606eb48,USDC,6,0xc02aaa39b223fe8d0a0e5c4f27ead9083c756cc2,WETH,18,1530256.280867,19.9274214512753,1573731.6346861038,1.1247381392343958e+19,,,199440,199500,2026-03-13T13:38:59+00:00
burn,0x41b7f0baa9d929f7c5d88b83f84132120de9b9a211901e31d683356286a04cb2#1109185,1773409223,24648905,0x41b7f0baa9d929f7c5d88b83f84132120de9b9a211901e31d683356286a04cb2,70,0x8ad599c3a0ff1de082011efddc58f1908eb6e6d8,3000.0,0.0,5934195438.0,,,0xae2fc483527b8ef99eb5d9b44875f005ba1fae13,0x1f2f10d1c40777ae1da742455c65828ff36df387,0xa0b86991c6218b36c1d19d4a2e9eb0ce3606eb48,USDC,6,0xc02aaa39b223fe8d0a0e5c4f27ead9083c756cc2,WETH,18,1529780.206297,20.734518718416826,1575016.0951261467,1.1256563448307253e+19,,,199440,199500,2026-03-13T13:40:23+00:00
burn,0x2a299763e1e9a9bdf49dac65c429592c2bc6d9c091ba69061f9c5b8219b5ff70#1109186,1773409235,24648906,0x2a299763e1e9a9bdf49dac65c429592c2bc6d9c091ba69061f9c5b8219b5ff70,466,0x8ad599c3a0ff1de082011efddc58f1908eb6e6d8,3000.0,0.0,400000000.0,,,0x801ef3bf0883b1fdc72669c7d2f368d8c3845d6e,0xc36442b4a4522e871399cd717abdd847ab11fe88,0xa0b86991c6218b36c1d19d4a2e9eb0ce3606eb48,USDC,6,0xc02aaa39b223fe8d0a0e5c4f27ead9083c756cc2,WETH,18,30231.028656,0.0,30231.028656,4101462770488685.0,,,199680,203160,2026-03-13T13:40:35+00:00
burn,0x5180663a56e841ecb873cfd2ac7432546a7a4eeff19bb4f2e7ef27633bca0688#1109187,1773409295,24648911,0x5180663a56e841ecb873cfd2ac7432546a7a4eeff19bb4f2e7ef27633bca0688,118,0x8ad599c3a0ff1de082011efddc58f1908eb6e6d8,3000.0,0.0,1254504694.0,,,0xd8bcba0caeb363727c034d01e2334427ee89c7d5,0xc36442b4a4522e871399cd717abdd847ab11fe88,0xa0b86991c6218b36c1d19d4a2e9eb0ce3606eb48,USDC,6,0xc02aaa39b223fe8d0a0e5c4f27ead9083c756cc2,WETH,18,1897.780999,0.0,1897.780999,565670702425337.0,,,199560,201060,2026-03-13T13:41:35+00:00
burn,0x621927de6bef72e91363ba0af231e3bb2b274f57550e2ae471e28a7479d3c6bb#1109191,1773409439,24648923,0x621927de6bef72e91363ba0af231e3bb2b274f57550e2ae471e28a7479d3c6bb,198,0x8ad599c3a0ff1de082011efddc58f1908eb6e6d8,3000.0,0.0,4816762957.0,,,0xae2fc483527b8ef99eb5d9b44875f005ba1fae13,0x1f2f10d1c40777ae1da742455c65828ff36df387,0xa0b86991c6218b36c1d19d4a2e9eb0ce3606eb48,USDC,6,0xc02aaa39b223fe8d0a0e5c4f27ead9083c756cc2,WETH,18,1532217.268093,24.258590123969068,1585140.0399963364,1.1328928626428084e+19,,,199440,199500,2026-03-13T13:43:59+00:00
burn,0x397d35c9d3eccb64a707f336cbba5229f0b529d465ee4ebd5c9a3cdbe571653c#1109201,1773409607,24648937,0x397d35c9d3eccb64a707f336cbba5229f0b529d465ee4ebd5c9a3cdbe571653c,44,0x8ad599c3a0ff1de082011efddc58f1908eb6e6d8,3000.0,0.0,24123838578.0,,,0xae2fc483527b8ef99eb5d9b44875f005ba1fae13,0x1f2f10d1c40777ae1da742455c65828ff36df387,0xa0b86991c6218b36c1d19d4a2e9eb0ce3606eb48,USDC,6,0xc02aaa39b223fe8d0a0e5c4f27ead9083c756cc2,WETH,18,752598.382565,892.9340260410364,2704275.9660503566,1.9299535187817267e+19,,,199380,199440,2026-03-13T13:46:47+00:00
burn,0x869e5053cb020641da4aa042ea9866493b4179dff020e8264ff49af0eda49100#1109204,1773409715,24648946,0x869e5053cb020641da4aa042ea9866493b4179dff020e8264ff49af0eda49100,248,0x8ad599c3a0ff1de082011efddc58f1908eb6e6d8,3000.0,0.0,3243525530.0,,,0xd8bcba0caeb363727c034d01e2334427ee89c7d5,0xc36442b4a4522e871399cd717abdd847ab11fe88,0xa0b86991c6218b36c1d19d4a2e9eb0ce3606eb48,USDC,6,0xc02aaa39b223fe8d0a0e5c4f27ead9083c756cc2,WETH,18,0.0,0.0,0.0,0.0,,,199380,200760,2026-03-13T13:48:35+00:00
burn,0x50a1e9204ee84342ac5a58d458bb7346199383bd425768bac8117c6d79b88c73#1109205,1773409751,24648949,0x50a1e9204ee84342ac5a58d458bb7346199383bd425768bac8117c6d79b88c73,116,0x8ad599c3a0ff1de082011efddc58f1908eb6e6d8,3000.0,0.0,2392518823.0,,,0xd8bcba0caeb363727c034d01e2334427ee89c7d5,0xc36442b4a4522e871399cd717abdd847ab11fe88,0xa0b86991c6218b36c1d19d4a2e9eb0ce3606eb48,USDC,6,0xc02aaa39b223fe8d0a0e5c4f27ead9083c756cc2,WETH,18,2922.358053,0.03764156440620527,3004.6857992615214,961955546492302.0,,,199380,200760,2026-03-13T13:49:11+00:00
burn,0x50f0f0b6694fc3f3905f6b8fb41cadd1b6724af5b086114d8066102908930652#1109208,1773409763,24648950,0x50f0f0b6694fc3f3905f6b8fb41cadd1b6724af5b086114d8066102908930652,169,0x8ad599c3a0ff1de082011efddc58f1908eb6e6d8,3000.0,0.0,4160939826.0,,,0xae2fc483527b8ef99eb5d9b44875f005ba1fae13,0x1f2f10d1c40777ae1da742455c65828ff36df387,0xa0b86991c6218b36c1d19d4a2e9eb0ce3606eb48,USDC,6,0xc02aaa39b223fe8d0a0e5c4f27ead9083c756cc2,WETH,18,1243736.399022,892.0713325689549,3194827.939742462,2.2790326276331667e+19,,,199380,199440,2026-03-13T13:49:23+00:00
burn,0x0bdc2a627eba0ef7acdd883a1b5246de98078ab4e44473d98bee8411eb56a5bc#1109212,1773409967,24648967,0x0bdc2a627eba0ef7acdd883a1b5246de98078ab4e44473d98bee8411eb56a5bc,177,0x8ad599c3a0ff1de082011efddc58f1908eb6e6d8,3000.0,0.0,2461101470.0,,,0x6f63d3a6cc4449a8537f8adcb0b3ac4d562eb9ad,0xc36442b4a4522e871399cd717abdd847ab11fe88,0xa0b86991c6218b36c1d19d4a2e9eb0ce3606eb48,USDC,6,0xc02aaa39b223fe8d0a0e5c4f27ead9083c756cc2,WETH,18,81.116046,0.0083308076392757,99.33665252547645,36154861862095.0,,,199200,200400,2026-03-13T13:52:47+00:00
burn,0x89b153199044518fc7516a1a84417c0f33ef3824fa5f2b0e09c462306a29b527#1109218,1773410063,24648975,0x89b153199044518fc7516a1a84417c0f33ef3824fa5f2b0e09c462306a29b527,73,0x8ad599c3a0ff1de082011efddc58f1908eb6e6d8,3000.0,0.0,107258487457.0,,,0xae2fc483527b8ef99eb5d9b44875f005ba1fae13,0x1f2f10d1c40777ae1da742455c65828ff36df387,0xa0b86991c6218b36c1d19d4a2e9eb0ce3606eb48,USDC,6,0xc02aaa39b223fe8d0a0e5c4f27ead9083c756cc2,WETH,18,1212391.074834,905.050749208131,3191758.259120462,2.2769223349659763e+19,,,199380,199440,2026-03-13T13:54:23+00:00
burn,0xea32b3295d9e7824530b8b229ec47e93b6e6965f1ed4752fd032e1db44ec92aa#1109221,1773410399,24649003,0xea32b3295d9e7824530b8b229ec47e93b6e6965f1ed4752fd032e1db44ec92aa,908,0x8ad599c3a0ff1de082011efddc58f1908eb6e6d8,3000.0,0.0,488272805.0,,,0x283e0f3519b84f6decb295c65e2cf0cdaf105518,0xc36442b4a4522e871399cd717abdd847ab11fe88,0xa0b86991c6218b36c1d19d4a2e9eb0ce3606eb48,USDC,6,0xc02aaa39b223fe8d0a0e5c4f27ead9083c756cc2,WETH,18,6725.82571,0.0,6725.82571,1621397969564131.0,,,199440,201300,2026-03-13T13:59:59+00:00
burn,0xb831a25b814c085e13fad571090b64c036899b97d91a6c0b216876ff4511993a#1109224,1773410435,24649006,0xb831a25b814c085e13fad571090b64c036899b97d91a6c0b216876ff4511993a,121,0x8ad599c3a0ff1de082011efddc58f1908eb6e6d8,3000.0,0.0,4761536097.0,,,0xae2fc483527b8ef99eb5d9b44875f005ba1fae13,0x1f2f10d1c40777ae1da742455c65828ff36df387,0xa0b86991c6218b36c1d19d4a2e9eb0ce3606eb48,USDC,6,0xc02aaa39b223fe8d0a0e5c4f27ead9083c756cc2,WETH,18,1166383.969128,892.0955551198282,3117351.1740058973,2.2238894806722937e+19,,,199380,199440,2026-03-13T14:00:35+00:00
burn,0x8ec0e48f231f02429243b4e6403f823f09168e3b91da6dfde70eecb3025064c0#1109227,1773410483,24649010,0x8ec0e48f231f02429243b4e6403f823f09168e3b91da6dfde70eecb3025064c0,116,0x8ad599c3a0ff1de082011efddc58f1908eb6e6d8,3000.0,0.0,1670444518.0,,,0xae2fc483527b8ef99eb5d9b44875f005ba1fae13,0x1f2f10d1c40777ae1da742455c65828ff36df387,0xa0b86991c6218b36c1d19d4a2e9eb0ce3606eb48,USDC,6,0xc02aaa39b223fe8d0a0e5c4f27ead9083c756cc2,WETH,18,1165655.607061,891.9688271296009,3116344.3428989486,2.2231721592863326e+19,,,199380,199440,2026-03-13T14:01:23+00:00
burn,0x37621bc935d758cf51a7da4e57866906bbb8f4cc7afd59a3a99dca80baa86fe7#1109230,1773410495,24649011,0x37621bc935d758cf51a7da4e57866906bbb8f4cc7afd59a3a99dca80baa86fe7,790,0x8ad599c3a0ff1de082011efddc58f1908eb6e6d8,3000.0,0.0,570986123.0,,,0xc74ece8ed49f2f6d2e4164de632c900a0150296f,0xc36442b4a4522e871399cd717abdd847ab11fe88,0xa0b86991c6218b36c1d19d4a2e9eb0ce3606eb48,USDC,6,0xc02aaa39b223fe8d0a0e5c4f27ead9083c756cc2,WETH,18,5577.723434,0.0,5577.723434,1729258442703521.0,,,199560,201000,2026-03-13T14:01:35+00:00
burn,0xbe0e8ef8a04ac8a50aa9ec6e67374001b768ea8c27cced6c31a9a325a916eeb8#1109232,1773410579,24649018,0xbe0e8ef8a04ac8a50aa9ec6e67374001b768ea8c27cced6c31a9a325a916eeb8,36,0x8ad599c3a0ff1de082011efddc58f1908eb6e6d8,3000.0,0.0,8606821203.0,,,0xae2fc483527b8ef99eb5d9b44875f005ba1fae13,0x1f2f10d1c40777ae1da742455c65828ff36df387,0xa0b86991c6218b36c1d19d4a2e9eb0ce3606eb48,USDC,6,0xc02aaa39b223fe8d0a0e5c4f27ead9083c756cc2,WETH,18,1162104.537295,893.3375402413919,3115774.012341351,2.2227742460282405e+19,,,199380,199440,2026-03-13T14:02:59+00:00
burn,0x7b146f2bf73ec1cb9b15d1af8ebc608dcfbdef3c621406aa4ea7129c4a12d522#1109253,1773411575,24649101,0x7b146f2bf73ec1cb9b15d1af8ebc608dcfbdef3c621406aa4ea7129c4a12d522,294,0x8ad599c3a0ff1de082011efddc58f1908eb6e6d8,3000.0,0.0,1287371919.0,,,0x2e1f84710e2bdc325df40feff58fa1e2606b28cc,0xc36442b4a4522e871399cd717abdd847ab11fe88,0xa0b86991c6218b36c1d19d4a2e9eb0ce3606eb48,USDC,6,0xc02aaa39b223fe8d0a0e5c4f27ead9083c756cc2,WETH,18,401.726778,0.029464411883580368,466.2591394609343,136691072267729.0,,,199200,200700,2026-03-13T14:19:35+00:00
burn,0xe96ee1f01a0ce2c5724aad77d929f802727c675e42820ebdd43d178b8799b9ff#1109261,1773411947,24649131,0xe96ee1f01a0ce2c5724aad77d929f802727c675e42820ebdd43d178b8799b9ff,14,0x8ad599c3a0ff1de082011efddc58f1908eb6e6d8,3000.0,0.0,2710881446.0,,,0x3d2598727593f6ba994ca7ea502260fa4770b469,0xc36442b4a4522e871399cd717abdd847ab11fe88,0xa0b86991c6218b36c1d19d4a2e9eb0ce3606eb48,USDC,6,0xc02aaa39b223fe8d0a0e5c4f27ead9083c756cc2,WETH,18,0.0,0.0,0.0,0.0,,,199440,200520,2026-03-13T14:25:47+00:00
burn,0x130679bbd1f6a279fa22cf9a3506698e8659a965dac8badd3c1fc5b067289a9a#1109268,1773412283,24649159,0x130679bbd1f6a279fa22cf9a3506698e8659a965dac8badd3c1fc5b067289a9a,576,0x8ad599c3a0ff1de082011efddc58f1908eb6e6d8,3000.0,0.0,870488692.0,,,0x846abee8d773693cb30bcc2b6846eabf155bd50b,0xc36442b4a4522e871399cd717abdd847ab11fe88,0xa0b86991c6218b36c1d19d4a2e9eb0ce3606eb48,USDC,6,0xc02aaa39b223fe8d0a0e5c4f27ead9083c756cc2,WETH,18,447.910765,0.0,447.910765,138865521376975.0,,,199560,201000,2026-03-13T14:31:23+00:00
burn,0x01ce62f701609d47c87edae9ec32c1c683a2fec10fcb9651db63d87929cbfc86#1109270,1773412295,24649160,0x01ce62f701609d47c87edae9ec32c1c683a2fec10fcb9651db63d87929cbfc86,23,0x8ad599c3a0ff1de082011efddc58f1908eb6e6d8,3000.0,0.0,2978534041.0,,,0x3d2598727593f6ba994ca7ea502260fa4770b469,0xc36442b4a4522e871399cd717abdd847ab11fe88,0xa0b86991c6218b36c1d19d4a2e9eb0ce3606eb48,USDC,6,0xc02aaa39b223fe8d0a0e5c4f27ead9083c756cc2,WETH,18,0.0,0.0,0.0,0.0,,,199440,200520,2026-03-13T14:31:35+00:00
burn,0x01ce62f701609d47c87edae9ec32c1c683a2fec10fcb9651db63d87929cbfc86#1109271,1773412295,24649160,0x01ce62f701609d47c87edae9ec32c1c683a2fec10fcb9651db63d87929cbfc86,28,0x8ad599c3a0ff1de082011efddc58f1908eb6e6d8,3000.0,0.0,2978534041.0,,,0x3d2598727593f6ba994ca7ea502260fa4770b469,0xc36442b4a4522e871399cd717abdd847ab11fe88,0xa0b86991c6218b36c1d19d4a2e9eb0ce3606eb48,USDC,6,0xc02aaa39b223fe8d0a0e5c4f27ead9083c756cc2,WETH,18,7722.679377,0.0,7722.679377,3145115593885971.0,,,199440,200520,2026-03-13T14:31:35+00:00
burn,0x1732e84847ee63ec91d4afd8b29370f936a041c8fd0f8920bbcea725cd5c74c1#1109323,1773414395,24649335,0x1732e84847ee63ec91d4afd8b29370f936a041c8fd0f8920bbcea725cd5c74c1,152,0x8ad599c3a0ff1de082011efddc58f1908eb6e6d8,3000.0,0.0,31766559933.0,,,0xae2fc483527b8ef99eb5d9b44875f005ba1fae13,0x1f2f10d1c40777ae1da742455c65828ff36df387,0xa0b86991c6218b36c1d19d4a2e9eb0ce3606eb48,USDC,6,0xc02aaa39b223fe8d0a0e5c4f27ead9083c756cc2,WETH,18,1523980.51807,593.5067090323826,2800098.57479718,2.0145098112483983e+19,,,199560,199620,2026-03-13T15:06:35+00:00
burn,0xb0434dda72b068b6a3551766ec845accf1e50f7182bbf95178085a30a8b0c9db#1109328,1773414599,24649352,0xb0434dda72b068b6a3551766ec845accf1e50f7182bbf95178085a30a8b0c9db,21,0x8ad599c3a0ff1de082011efddc58f1908eb6e6d8,3000.0,0.0,26507024587.0,,,0xae2fc483527b8ef99eb5d9b44875f005ba1fae13,0x1f2f10d1c40777ae1da742455c65828ff36df387,0xa0b86991c6218b36c1d19d4a2e9eb0ce3606eb48,USDC,6,0xc02aaa39b223fe8d0a0e5c4f27ead9083c756cc2,WETH,18,1526748.07386,255.90867480114082,2077615.54224846,1.4941085311654953e+19,,,199560,199620,2026-03-13T15:09:59+00:00
burn,0x4e31ab1f2db7e498dd7b5ba8313526bf3b1ff56b64f8f2e42eaf69758750514b#1109336,1773414851,24649373,0x4e31ab1f2db7e498dd7b5ba8313526bf3b1ff56b64f8f2e42eaf69758750514b,185,0x8ad599c3a0ff1de082011efddc58f1908eb6e6d8,3000.0,0.0,1619385754.0,,,0xae2fc483527b8ef99eb5d9b44875f005ba1fae13,0x1f2f10d1c40777ae1da742455c65828ff36df387,0xa0b86991c6218b36c1d19d4a2e9eb0ce3606eb48,USDC,6,0xc02aaa39b223fe8d0a0e5c4f27ead9083c756cc2,WETH,18,1530124.403864,119.54022967202037,1787632.9910545247,1.2853777149064118e+19,,,199560,199620,2026-03-13T15:14:11+00:00
burn,0xe78fa57293f8c701ef45766b90fc96e9461abbb81efd6cfbd0c1ea7763cc38d1#1109338,1773414947,24649381,0xe78fa57293f8c701ef45766b90fc96e9461abbb81efd6cfbd0c1ea7763cc38d1,46,0x8ad599c3a0ff1de082011efddc58f1908eb6e6d8,3000.0,0.0,5783933237.0,,,0xae2fc483527b8ef99eb5d9b44875f005ba1fae13,0x1f2f10d1c40777ae1da742455c65828ff36df387,0xa0b86991c6218b36c1d19d4a2e9eb0ce3606eb48,USDC,6,0xc02aaa39b223fe8d0a0e5c4f27ead9083c756cc2,WETH,18,1529811.539909,39.85766044321311,1615718.0483872453,1.1617017556421837e+19,,,199560,199620,2026-03-13T15:15:47+00:00
burn,0x4c5be67c13d833c2e54bf4b58b00b445cf138b23a75b748b0c63788ad47fc28f#1109347,1773415247,24649406,0x4c5be67c13d833c2e54bf4b58b00b445cf138b23a75b748b0c63788ad47fc28f,46,0x8ad599c3a0ff1de082011efddc58f1908eb6e6d8,3000.0,0.0,17654260580.0,,,0xae2fc483527b8ef99eb5d9b44875f005ba1fae13,0x1f2f10d1c40777ae1da742455c65828ff36df387,0xa0b86991c6218b36c1d19d4a2e9eb0ce3606eb48,USDC,6,0xc02aaa39b223fe8d0a0e5c4f27ead9083c756cc2,WETH,18,336320.712474,446.85087363319644,1301234.115735826,9.34318060484323e+18,,,199500,199560,2026-03-13T15:20:47+00:00
burn,0x29450cd1fbebd7ade5dfab2fe0baf94830761578215288fd0ef2a0e97da22cc8#1109350,1773415463,24649424,0x29450cd1fbebd7ade5dfab2fe0baf94830761578215288fd0ef2a0e97da22cc8,402,0x8ad599c3a0ff1de082011efddc58f1908eb6e6d8,3000.0,0.0,700477712.0,,,0xae2fc483527b8ef99eb5d9b44875f005ba1fae13,0x1f2f10d1c40777ae1da742455c65828ff36df387,0xa0b86991c6218b36c1d19d4a2e9eb0ce3606eb48,USDC,6,0xc02aaa39b223fe8d0a0e5c4f27ead9083c756cc2,WETH,18,672186.00552,893.615270907961,2601824.7914135843,1.868175039049551e+19,,,199500,199560,2026-03-13T15:24:23+00:00
burn,0x6b78b81725d622fc22a63d60a78df4830f151d6c13e263f9f550886aad3485a7#1109356,1773415919,24649462,0x6b78b81725d622fc22a63d60a78df4830f151d6c13e263f9f550886aad3485a7,321,0x8ad599c3a0ff1de082011efddc58f1908eb6e6d8,3000.0,0.0,1059721342.0,,,0xae2fc483527b8ef99eb5d9b44875f005ba1fae13,0x1f2f10d1c40777ae1da742455c65828ff36df387,0xa0b86991c6218b36c1d19d4a2e9eb0ce3606eb48,USDC,6,0xc02aaa39b223fe8d0a0e5c4f27ead9083c756cc2,WETH,18,47867.951297,894.4637696017061,1976628.8636284498,1.4209810092345262e+19,,,199500,199560,2026-03-13T15:31:59+00:00
burn,0x6fbac228ea13d21507ce3cf0b458c841d14ddbd8e6240a733b31dc54081c4b73#1109362,1773415979,24649467,0x6fbac228ea13d21507ce3cf0b458c841d14ddbd8e6240a733b31dc54081c4b73,48,0x8ad599c3a0ff1de082011efddc58f1908eb6e6d8,3000.0,0.0,3694759472.0,,,0xae2fc483527b8ef99eb5d9b44875f005ba1fae13,0x1f2f10d1c40777ae1da742455c65828ff36df387,0xa0b86991c6218b36c1d19d4a2e9eb0ce3606eb48,USDC,6,0xc02aaa39b223fe8d0a0e5c4f27ead9083c756cc2,WETH,18,42639.922059,894.2653158465386,1970943.0609589792,1.4169149602594292e+19,,,199500,199560,2026-03-13T15:32:59+00:00
burn,0xfa907620d40fcb8aa246b7179af96569e88d902702ff243d445b928f4a41a07a#1109363,1773416003,24649469,0xfa907620d40fcb8aa246b7179af96569e88d902702ff243d445b928f4a41a07a,349,0x8ad599c3a0ff1de082011efddc58f1908eb6e6d8,3000.0,0.0,857179420.0,,,0xae2fc483527b8ef99eb5d9b44875f005ba1fae13,0x1f2f10d1c40777ae1da742455c65828ff36df387,0xa0b86991c6218b36c1d19d4a2e9eb0ce3606eb48,USDC,6,0xc02aaa39b223fe8d0a0e5c4f27ead9083c756cc2,WETH,18,42007.893682,893.7645134098773,1969227.6643282275,1.4156842657275445e+19,,,199500,199560,2026-03-13T15:33:23+00:00
burn,0x7db4d9fafa658a3abfede66244f1bcd24b4c3d8c06bf065d5b722c4e00a5933c#1109388,1773416819,24649535,0x7db4d9fafa658a3abfede66244f1bcd24b4c3d8c06bf065d5b722c4e00a5933c,226,0x8ad599c3a0ff1de082011efddc58f1908eb6e6d8,3000.0,0.0,8188175088.0,,,0xae2fc483527b8ef99eb5d9b44875f005ba1fae13,0x1f2f10d1c40777ae1da742455c65828ff36df387,0xa0b86991c6218b36c1d19d4a2e9eb0ce3606eb48,USDC,6,0xc02aaa39b223fe8d0a0e5c4f27ead9083c756cc2,WETH,18,1528233.721076,134.0487835986547,1815244.5248704518,1.3091695406432125e+19,,,199620,199680,2026-03-13T15:46:59+00:00
burn,0xf5449138cb2c9e42dd7ddefa380e4742d86392889d4961f39977bed9a753adfc#1109398,1773417683,24649606,0xf5449138cb2c9e42dd7ddefa380e4742d86392889d4961f39977bed9a753adfc,26,0x8ad599c3a0ff1de082011efddc58f1908eb6e6d8,3000.0,0.0,16935206529.0,,,0xae2fc483527b8ef99eb5d9b44875f005ba1fae13,0x1f2f10d1c40777ae1da742455c65828ff36df387,0xa0b86991c6218b36c1d19d4a2e9eb0ce3606eb48,USDC,6,0xc02aaa39b223fe8d0a0e5c4f27ead9083c756cc2,WETH,18,355318.447739,893.955006869961,2261507.841743059,1.6343769652834337e+19,,,199620,199680,2026-03-13T16:01:23+00:00
burn,0xdcc038b2a74811a3fa7246f2e5b75f9dbb41b249ca568dcbd32990930748f550#1109401,1773417803,24649616,0xdcc038b2a74811a3fa7246f2e5b75f9dbb41b249ca568dcbd32990930748f550,316,0x8ad599c3a0ff1de082011efddc58f1908eb6e6d8,3000.0,0.0,2701684592.0,,,0x1a8d698f7a6b24d18389b49a8dcbe860c3ed9989,0xc36442b4a4522e871399cd717abdd847ab11fe88,0xa0b86991c6218b36c1d19d4a2e9eb0ce3606eb48,USDC,6,0xc02aaa39b223fe8d0a0e5c4f27ead9083c756cc2,WETH,18,0.0,0.0,0.0,0.0,,,182880,203880,2026-03-13T16:03:23+00:00
burn,0x2563d89151f8b8584bb088b954123a0163a12a78722f93546867fa62bd60becb#1109404,1773417923,24649626,0x2563d89151f8b8584bb088b954123a0163a12a78722f93546867fa62bd60becb,499,0x8ad599c3a0ff1de082011efddc58f1908eb6e6d8,3000.0,0.0,2597456860.0,,,0x1a8d698f7a6b24d18389b49a8dcbe860c3ed9989,0xc36442b4a4522e871399cd717abdd847ab11fe88,0xa0b86991c6218b36c1d19d4a2e9eb0ce3606eb48,USDC,6,0xc02aaa39b223fe8d0a0e5c4f27ead9083c756cc2,WETH,18,0.0,0.0,0.0,0.0,,,191580,205440,2026-03-13T16:05:23+00:00
burn,0x1a2c9c437037f11a70d3c0b1ceb220489d0c6b7bbb15c69305fb96a1cecf0f36#1109432,1773419771,24649779,0x1a2c9c437037f11a70d3c0b1ceb220489d0c6b7bbb15c69305fb96a1cecf0f36,194,0x8ad599c3a0ff1de082011efddc58f1908eb6e6d8,3000.0,0.0,1081619110.0,,,0xae2fc483527b8ef99eb5d9b44875f005ba1fae13,0x1f2f10d1c40777ae1da742455c65828ff36df387,0xa0b86991c6218b36c1d19d4a2e9eb0ce3606eb48,USDC,6,0xc02aaa39b223fe8d0a0e5c4f27ead9083c756cc2,WETH,18,296075.567044,893.7303532204406,2190137.3410363127,1.5877315489861468e+19,,,199680,199740,2026-03-13T16:36:11+00:00
burn,0xc412cac06e647265188122706102f7c307753e753d543ffbb3ddd5ac568aff3b#1109437,1773419927,24649792,0xc412cac06e647265188122706102f7c307753e753d543ffbb3ddd5ac568aff3b,69,0x8ad599c3a0ff1de082011efddc58f1908eb6e6d8,3000.0,0.0,2812535697.0,,,0x9e9d22bf95102c5d0458a12dd99257bf5485af61,0xc36442b4a4522e871399cd717abdd847ab11fe88,0xa0b86991c6218b36c1d19d4a2e9eb0ce3606eb48,USDC,6,0xc02aaa39b223fe8d0a0e5c4f27ead9083c756cc2,WETH,18,0.0,0.0,0.0,0.0,,,196260,203820,2026-03-13T16:38:47+00:00
burn,0x23d6908325ea7e60adff2b3fc6da264eead09f0345e0784d0ffa194654636b03#1109443,1773420011,24649799,0x23d6908325ea7e60adff2b3fc6da264eead09f0345e0784d0ffa194654636b03,38,0x8ad599c3a0ff1de082011efddc58f1908eb6e6d8,3000.0,0.0,7092946576.0,,,0xae2fc483527b8ef99eb5d9b44875f005ba1fae13,0x1f2f10d1c40777ae1da742455c65828ff36df387,0xa0b86991c6218b36c1d19d4a2e9eb0ce3606eb48,USDC,6,0xc02aaa39b223fe8d0a0e5c4f27ead9083c756cc2,WETH,18,1529920.594373,597.2069747105803,2798696.9137524352,2.025604873133123e+19,,,199680,199740,2026-03-13T16:40:11+00:00
burn,0xb9446a063a59ca06232e114ff1b8b80e78a610a65b2ef0e5585b39b8444124b2#1109449,1773420311,24649824,0xb9446a063a59ca06232e114ff1b8b80e78a610a65b2ef0e5585b39b8444124b2,25,0x8ad599c3a0ff1de082011efddc58f1908eb6e6d8,3000.0,0.0,6540786631.0,,,0xae2fc483527b8ef99eb5d9b44875f005ba1fae13,0x1f2f10d1c40777ae1da742455c65828ff36df387,0xa0b86991c6218b36c1d19d4a2e9eb0ce3606eb48,USDC,6,0xc02aaa39b223fe8d0a0e5c4f27ead9083c756cc2,WETH,18,1529988.352415,247.19869768697427,2055789.421311538,1.487287259381524e+19,,,199680,199740,2026-03-13T16:45:11+00:00
burn,0xd9ec837b6e7702d21140a9d1770e0dbaef491decce4bc87a737daf333a799bcd#1109453,1773420407,24649832,0xd9ec837b6e7702d21140a9d1770e0dbaef491decce4bc87a737daf333a799bcd,18,0x8ad599c3a0ff1de082011efddc58f1908eb6e6d8,3000.0,0.0,6085176683.0,,,0xae2fc483527b8ef99eb5d9b44875f005ba1fae13,0x1f2f10d1c40777ae1da742455c65828ff36df387,0xa0b86991c6218b36c1d19d4a2e9eb0ce3606eb48,USDC,6,0xc02aaa39b223fe8d0a0e5c4f27ead9083c756cc2,WETH,18,1529991.306129,205.79201398193933,1967806.1920408655,1.4235666864914039e+19,,,199680,199740,2026-03-13T16:46:47+00:00
burn,0x93b1c20adb4a43ec3baa3886c8bb54b7da012302a9c313dd0d16e411eb574fc0#1109474,1773422003,24649964,0x93b1c20adb4a43ec3baa3886c8bb54b7da012302a9c313dd0d16e411eb574fc0,15,0x8ad599c3a0ff1de082011efddc58f1908eb6e6d8,3000.0,0.0,11474212229.0,,,0xae2fc483527b8ef99eb5d9b44875f005ba1fae13,0x1f2f10d1c40777ae1da742455c65828ff36df387,0xa0b86991c6218b36c1d19d4a2e9eb0ce3606eb48,USDC,6,0xc02aaa39b223fe8d0a0e5c4f27ead9083c756cc2,WETH,18,1528772.645487,793.5916359700904,3224179.258780455,2.327061054753027e+19,,,199620,199680,2026-03-13T17:13:23+00:00
burn,0x3c93c86074f693a177364e82f862132e7aaae6bdafe282f188d3dfe0519b36da#1109485,1773423167,24650061,0x3c93c86074f693a177364e82f862132e7aaae6bdafe282f188d3dfe0519b36da,212,0x8ad599c3a0ff1de082011efddc58f1908eb6e6d8,3000.0,0.0,2324588134.0,,,0x233a235d6c9dfffda2c3b8c551a7d93889ff7985,0xc36442b4a4522e871399cd717abdd847ab11fe88,0xa0b86991c6218b36c1d19d4a2e9eb0ce3606eb48,USDC,6,0xc02aaa39b223fe8d0a0e5c4f27ead9083c756cc2,WETH,18,179330.162213,38.12503931693689,260406.2113225938,1.5442662824014072e+16,,,197280,205500,2026-03-13T17:32:47+00:00
burn,0x3a2608b50620c2ebf69f98c42a8bd369e1ab2e28437901887ee075d2a72582b1#1109495,1773423503,24650089,0x3a2608b50620c2ebf69f98c42a8bd369e1ab2e28437901887ee075d2a72582b1,225,0x8ad599c3a0ff1de082011efddc58f1908eb6e6d8,3000.0,0.0,545368110.0,,,0xe7ef3e0cf0c53e0e33e344007f7ea63944744461,0xc36442b4a4522e871399cd717abdd847ab11fe88,0xa0b86991c6218b36c1d19d4a2e9eb0ce3606eb48,USDC,6,0xc02aaa39b223fe8d0a0e5c4f27ead9083c756cc2,WETH,18,987.409429,0.39657760132922065,1827.8027774668378,114538471742102.0,,,196260,203880,2026-03-13T17:38:23+00:00
burn,0x3a2608b50620c2ebf69f98c42a8bd369e1ab2e28437901887ee075d2a72582b1#1109496,1773423503,24650089,0x3a2608b50620c2ebf69f98c42a8bd369e1ab2e28437901887ee075d2a72582b1,227,0x8ad599c3a0ff1de082011efddc58f1908eb6e6d8,3000.0,0.0,545368110.0,,,0xe7ef3e0cf0c53e0e33e344007f7ea63944744461,0xc36442b4a4522e871399cd717abdd847ab11fe88,0xa0b86991c6218b36c1d19d4a2e9eb0ce3606eb48,USDC,6,0xc02aaa39b223fe8d0a0e5c4f27ead9083c756cc2,WETH,18,0.0,0.0,0.0,0.0,,,196260,203880,2026-03-13T17:38:23+00:00
burn,0x4a506459cd1f7135866c4c1497c1bf06632d1f206ba2468d82b5f3b89c1c1676#1109509,1773423887,24650121,0x4a506459cd1f7135866c4c1497c1bf06632d1f206ba2468d82b5f3b89c1c1676,33,0x8ad599c3a0ff1de082011efddc58f1908eb6e6d8,3000.0,0.0,1964845563.0,,,0xae2fc483527b8ef99eb5d9b44875f005ba1fae13,0x1f2f10d1c40777ae1da742455c65828ff36df387,0xa0b86991c6218b36c1d19d4a2e9eb0ce3606eb48,USDC,6,0xc02aaa39b223fe8d0a0e5c4f27ead9083c756cc2,WETH,18,1529779.460498,881.4656242523347,3390199.997460628,2.461793780255582e+19,,,199740,199800,2026-03-13T17:44:47+00:00
burn,0x398d901a41b7b1faab19def0cb4550fdaa1e1415b499b9c1d78c9de4493c4b22#1109511,1773423947,24650126,0x398d901a41b7b1faab19def0cb4550fdaa1e1415b499b9c1d78c9de4493c4b22,147,0x8ad599c3a0ff1de082011efddc58f1908eb6e6d8,3000.0,0.0,2383340983.0,,,0x2b7780781356cf8a9a531bffa1dd62f1e690c513,0xc36442b4a4522e871399cd717abdd847ab11fe88,0xa0b86991c6218b36c1d19d4a2e9eb0ce3606eb48,USDC,6,0xc02aaa39b223fe8d0a0e5c4f27ead9083c756cc2,WETH,18,45.819255,0.0,45.819255,8.843638768966131e+16,,,352800,353280,2026-03-13T17:45:47+00:00
burn,0x5d03fab9b27c61d93995af73d1645a25b9ae60bf6ce4dd998d876bf694799927#1109531,1773424679,24650187,0x5d03fab9b27c61d93995af73d1645a25b9ae60bf6ce4dd998d876bf694799927,86,0x8ad599c3a0ff1de082011efddc58f1908eb6e6d8,3000.0,0.0,290590163.0,,,0xae2fc483527b8ef99eb5d9b44875f005ba1fae13,0x1f2f10d1c40777ae1da742455c65828ff36df387,0xa0b86991c6218b36c1d19d4a2e9eb0ce3606eb48,USDC,6,0xc02aaa39b223fe8d0a0e5c4f27ead9083c756cc2,WETH,18,335094.824682,448.10461899519976,1274144.9592564176,9.286744579954967e+18,,,199800,199860,2026-03-13T17:57:59+00:00
burn,0x49a75d1fb69c387972f4d9572f09431d9ede391bc140747018217a62c57c30ae#1109534,1773424799,24650197,0x49a75d1fb69c387972f4d9572f09431d9ede391bc140747018217a62c57c30ae,7,0x8ad599c3a0ff1de082011efddc58f1908eb6e6d8,3000.0,0.0,62461242986.0,,,0xae2fc483527b8ef99eb5d9b44875f005ba1fae13,0x1f2f10d1c40777ae1da742455c65828ff36df387,0xa0b86991c6218b36c1d19d4a2e9eb0ce3606eb48,USDC,6,0xc02aaa39b223fe8d0a0e5c4f27ead9083c756cc2,WETH,18,662014.7688,896.7474899402837,2541214.9800649527,1.8522126590909874e+19,,,199800,199860,2026-03-13T17:59:59+00:00
burn,0xff4e745b23a8877ca34e39cbe3af82089d90c64feb280c1756d31f5dd682eec3#1109539,1773424871,24650203,0xff4e745b23a8877ca34e39cbe3af82089d90c64feb280c1756d31f5dd682eec3,14,0x8ad599c3a0ff1de082011efddc58f1908eb6e6d8,3000.0,0.0,14365538871.0,,,0xae2fc483527b8ef99eb5d9b44875f005ba1fae13,0x1f2f10d1c40777ae1da742455c65828ff36df387,0xa0b86991c6218b36c1d19d4a2e9eb0ce3606eb48,USDC,6,0xc02aaa39b223fe8d0a0e5c4f27ead9083c756cc2,WETH,18,1529446.867975,534.9574425137721,2652618.6510620527,1.931279419853662e+19,,,199800,199860,2026-03-13T18:01:11+00:00
burn,0xd8d87de3cf4ea89ad48ded785ee5fe642b9702deeddb90cd72852037a43c8426#1109546,1773425027,24650216,0xd8d87de3cf4ea89ad48ded785ee5fe642b9702deeddb90cd72852037a43c8426,46,0x8ad599c3a0ff1de082011efddc58f1908eb6e6d8,3000.0,0.0,6139219366.0,,,0xae2fc483527b8ef99eb5d9b44875f005ba1fae13,0x1f2f10d1c40777ae1da742455c65828ff36df387,0xa0b86991c6218b36c1d19d4a2e9eb0ce3606eb48,USDC,6,0xc02aaa39b223fe8d0a0e5c4f27ead9083c756cc2,WETH,18,1530057.388193,216.0577528270782,1984212.2028055699,1.4440858330479985e+19,,,199800,199860,2026-03-13T18:03:47+00:00
burn,0xad3667f569b9c89ce7562d60d9572d9509cec182186b833061c1e382670658a7#1109548,1773425219,24650232,0xad3667f569b9c89ce7562d60d9572d9509cec182186b833061c1e382670658a7,396,0x8ad599c3a0ff1de082011efddc58f1908eb6e6d8,3000.0,0.0,292439133.0,,,0x83681c14770b44361e21faf91d8325423365ea5c,0xc36442b4a4522e871399cd717abdd847ab11fe88,0xa0b86991c6218b36c1d19d4a2e9eb0ce3606eb48,USDC,6,0xc02aaa39b223fe8d0a0e5c4f27ead9083c756cc2,WETH,18,0.0,0.0,0.0,0.0,,,199440,200940,2026-03-13T18:06:59+00:00
burn,0xa1f06ade0a9120fb7a98f5eab506e5ad0fb11775f5ccc201af125380ce944362#1109558,1773426755,24650358,0xa1f06ade0a9120fb7a98f5eab506e5ad0fb11775f5ccc201af125380ce944362,12,0x8ad599c3a0ff1de082011efddc58f1908eb6e6d8,3000.0,0.0,18925569733.0,,,0xae2fc483527b8ef99eb5d9b44875f005ba1fae13,0x1f2f10d1c40777ae1da742455c65828ff36df387,0xa0b86991c6218b36c1d19d4a2e9eb0ce3606eb48,USDC,6,0xc02aaa39b223fe8d0a0e5c4f27ead9083c756cc2,WETH,18,1528998.051351,343.8456424431641,2251365.013994511,1.6387650612143063e+19,,,199800,199860,2026-03-13T18:32:35+00:00
burn,0x1937aef855a1fa8241fd1d64228a60717b577a29aa8e301d8cb95f38aba21af0#1109561,1773427235,24650398,0x1937aef855a1fa8241fd1d64228a60717b577a29aa8e301d8cb95f38aba21af0,420,0x8ad599c3a0ff1de082011efddc58f1908eb6e6d8,3000.0,0.0,136945807.0,,,0x83681c14770b44361e21faf91d8325423365ea5c,0xc36442b4a4522e871399cd717abdd847ab11fe88,0xa0b86991c6218b36c1d19d4a2e9eb0ce3606eb48,USDC,6,0xc02aaa39b223fe8d0a0e5c4f27ead9083c756cc2,WETH,18,0.0,0.0,0.0,0.0,,,196260,200400,2026-03-13T18:40:35+00:00
burn,0x9837cd2b770434e1235d7b3efcb4a39e7d03fef477f3e2a36ce6568426af8856#1109581,1773429215,24650563,0x9837cd2b770434e1235d7b3efcb4a39e7d03fef477f3e2a36ce6568426af8856,7,0x8ad599c3a0ff1de082011efddc58f1908eb6e6d8,3000.0,0.0,17152209978.0,,,0xae2fc483527b8ef99eb5d9b44875f005ba1fae13,0x1f2f10d1c40777ae1da742455c65828ff36df387,0xa0b86991c6218b36c1d19d4a2e9eb0ce3606eb48,USDC,6,0xc02aaa39b223fe8d0a0e5c4f27ead9083c756cc2,WETH,18,1528725.071513,307.5612473268027,2174956.136529692,1.583077475179561e+19,,,199800,199860,2026-03-13T19:13:35+00:00
burn,0x5bf75d87d35b2fe98930998430d27df7dc6c1ccd029474b46c5e996b4f53e2bf#1109590,1773430607,24650677,0x5bf75d87d35b2fe98930998430d27df7dc6c1ccd029474b46c5e996b4f53e2bf,7,0x8ad599c3a0ff1de082011efddc58f1908eb6e6d8,3000.0,0.0,10176279861.0,,,0xae2fc483527b8ef99eb5d9b44875f005ba1fae13,0x1f2f10d1c40777ae1da742455c65828ff36df387,0xa0b86991c6218b36c1d19d4a2e9eb0ce3606eb48,USDC,6,0xc02aaa39b223fe8d0a0e5c4f27ead9083c756cc2,WETH,18,1528732.229112,308.81179171365363,2177587.575376999,1.5849952059945124e+19,,,199800,199860,2026-03-13T19:36:47+00:00
burn,0xf557534566a9d64b28b6091b558a1c242c9c77ae69938b8dab028379dd0dfe0e#1109590,1773431279,24650733,0xf557534566a9d64b28b6091b558a1c242c9c77ae69938b8dab028379dd0dfe0e,300,0x8ad599c3a0ff1de082011efddc58f1908eb6e6d8,3000.0,0.0,2046174669.0,,,0xc4f4c870835fd28dc2bbfb6c3041f3df8117463e,0xc36442b4a4522e871399cd717abdd847ab11fe88,0xa0b86991c6218b36c1d19d4a2e9eb0ce3606eb48,USDC,6,0xc02aaa39b223fe8d0a0e5c4f27ead9083c756cc2,WETH,18,107.318913,0.03602239725327226,183.00600854404757,54270775526035.0,,,199200,200700,2026-03-13T19:47:59+00:00
burn,0xb70f3aef1610119d2b370297be3c55a6418adb83edb10da331c7ae645b0ac92a#1109595,1773431615,24650761,0xb70f3aef1610119d2b370297be3c55a6418adb83edb10da331c7ae645b0ac92a,152,0x8ad599c3a0ff1de082011efddc58f1908eb6e6d8,3000.0,0.0,203025299.0,,,0xd8bcba0caeb363727c034d01e2334427ee89c7d5,0xc36442b4a4522e871399cd717abdd847ab11fe88,0xa0b86991c6218b36c1d19d4a2e9eb0ce3606eb48,USDC,6,0xc02aaa39b223fe8d0a0e5c4f27ead9083c756cc2,WETH,18,828.174052,0.7426201527043303,2388.5022739807473,448704691714518.0,,,198240,200640,2026-03-13T19:53:35+00:00
burn,0x79793fa82d0fb96cf188a86811b77a553c38a9f1313e36c5ccc6a675d349e1e5#1109599,1773432023,24650795,0x79793fa82d0fb96cf188a86811b77a553c38a9f1313e36c5ccc6a675d349e1e5,526,0x8ad599c3a0ff1de082011efddc58f1908eb6e6d8,3000.0,0.0,60078146.0,,,0x158d8a91eeb479dc3f578aba68a55d78a7ee4b03,0xc36442b4a4522e871399cd717abdd847ab11fe88,0xa0b86991c6218b36c1d19d4a2e9eb0ce3606eb48,USDC,6,0xc02aaa39b223fe8d0a0e5c4f27ead9083c756cc2,WETH,18,0.0,0.0,0.0,0.0,,,199320,200520,2026-03-13T20:00:23+00:00
burn,0x66668967fdded8e8874f4825ef2787171419d62ea78ab4c2bbd05b2e8a705513#1109604,1773432719,24650853,0x66668967fdded8e8874f4825ef2787171419d62ea78ab4c2bbd05b2e8a705513,596,0x8ad599c3a0ff1de082011efddc58f1908eb6e6d8,3000.0,0.0,36182273.0,,,0xef68faa52c64c16a4c3f200313711bfc1c4810be,0xc36442b4a4522e871399cd717abdd847ab11fe88,0xa0b86991c6218b36c1d19d4a2e9eb0ce3606eb48,USDC,6,0xc02aaa39b223fe8d0a0e5c4f27ead9083c756cc2,WETH,18,0.0,0.39802169050345304,836.2881453880506,93365196114148.0,,,193260,198060,2026-03-13T20:11:59+00:00
burn,0x291c4cc5bef064bdcb632c08d814719db69470d6ec6182b993dae50c3f9e2552#1109624,1773434279,24650983,0x291c4cc5bef064bdcb632c08d814719db69470d6ec6182b993dae50c3f9e2552,85,0x8ad599c3a0ff1de082011efddc58f1908eb6e6d8,3000.0,0.0,20538205582.0,,,0xae2fc483527b8ef99eb5d9b44875f005ba1fae13,0x1f2f10d1c40777ae1da742455c65828ff36df387,0xa0b86991c6218b36c1d19d4a2e9eb0ce3606eb48,USDC,6,0xc02aaa39b223fe8d0a0e5c4f27ead9083c756cc2,WETH,18,340441.329832,895.5224370548003,2227148.499931391,1.6192664388304372e+19,,,199740,199800,2026-03-13T20:37:59+00:00
burn,0x29907d5f058b5ab0e0c5d3c0835de5ae1f22d577a836466b4a5026e923e51d80#1109627,1773434315,24650986,0x29907d5f058b5ab0e0c5d3c0835de5ae1f22d577a836466b4a5026e923e51d80,37,0x8ad599c3a0ff1de082011efddc58f1908eb6e6d8,3000.0,0.0,5612902946.0,,,0xae2fc483527b8ef99eb5d9b44875f005ba1fae13,0x1f2f10d1c40777ae1da742455c65828ff36df387,0xa0b86991c6218b36c1d19d4a2e9eb0ce3606eb48,USDC,6,0xc02aaa39b223fe8d0a0e5c4f27ead9083c756cc2,WETH,18,339286.04068,894.4217218468025,2223671.0286643817,1.6167404195282944e+19,,,199740,199800,2026-03-13T20:38:35+00:00
burn,0xd95a05e564d148ab9dbd5582cac24ef29931e338a012c90a770a7d7089fff744#1109629,1773434495,24651001,0xd95a05e564d148ab9dbd5582cac24ef29931e338a012c90a770a7d7089fff744,48,0x8ad599c3a0ff1de082011efddc58f1908eb6e6d8,3000.0,0.0,1899352523.0,,,0xae2fc483527b8ef99eb5d9b44875f005ba1fae13,0x1f2f10d1c40777ae1da742455c65828ff36df387,0xa0b86991c6218b36c1d19d4a2e9eb0ce3606eb48,USDC,6,0xc02aaa39b223fe8d0a0e5c4f27ead9083c756cc2,WETH,18,338958.130677,894.227997909933,2222933.88222816,1.6162052666032128e+19,,,199740,199800,2026-03-13T20:41:35+00:00
burn,0x48d66881fb8214fb08442c0d1ac48d156368a85489e20edf87c0820c53b8d74b#1109641,1773435671,24651099,0x48d66881fb8214fb08442c0d1ac48d156368a85489e20edf87c0820c53b8d74b,34,0x8ad599c3a0ff1de082011efddc58f1908eb6e6d8,3000.0,0.0,11411667570.0,,,0xae2fc483527b8ef99eb5d9b44875f005ba1fae13,0x1f2f10d1c40777ae1da742455c65828ff36df387,0xa0b86991c6218b36c1d19d4a2e9eb0ce3606eb48,USDC,6,0xc02aaa39b223fe8d0a0e5c4f27ead9083c756cc2,WETH,18,571928.85789,894.6891063676836,2457783.406753273,1.786260658705557e+19,,,199740,199800,2026-03-13T21:01:11+00:00
burn,0x9b20b9d33ce43ff7c056a8b950895bc37e9aa55e6d60208781d3b5f04977eb29#1109657,1773436655,24651180,0x9b20b9d33ce43ff7c056a8b950895bc37e9aa55e6d60208781d3b5f04977eb29,115,0x8ad599c3a0ff1de082011efddc58f1908eb6e6d8,3000.0,0.0,834291439.0,,,0xae2fc483527b8ef99eb5d9b44875f005ba1fae13,0x1f2f10d1c40777ae1da742455c65828ff36df387,0xa0b86991c6218b36c1d19d4a2e9eb0ce3606eb48,USDC,6,0xc02aaa39b223fe8d0a0e5c4f27ead9083c756cc2,WETH,18,1305216.515177,894.2141368830534,3192064.323610613,2.3182534168587272e+19,,,199740,199800,2026-03-13T21:17:35+00:00
burn,0x12a2c864235356a7753967c0f46a3724f5cfc0f96e042517d8134b4a5cba4987#1109662,1773436907,24651201,0x12a2c864235356a7753967c0f46a3724f5cfc0f96e042517d8134b4a5cba4987,14,0x8ad599c3a0ff1de082011efddc58f1908eb6e6d8,3000.0,0.0,13952417302.0,,,0xae2fc483527b8ef99eb5d9b44875f005ba1fae13,0x1f2f10d1c40777ae1da742455c65828ff36df387,0xa0b86991c6218b36c1d19d4a2e9eb0ce3606eb48,USDC,6,0xc02aaa39b223fe8d0a0e5c4f27ead9083c756cc2,WETH,18,1303537.414249,894.9258788971423,3191881.3446805216,2.3181246640471146e+19,,,199740,199800,2026-03-13T21:21:47+00:00
burn,0x71e067c98588fa2c1ec1635f7fb4f8f31638cc9f18204b62c7a5d0bdcea136c9#1109672,1773438527,24651336,0x71e067c98588fa2c1ec1635f7fb4f8f31638cc9f18204b62c7a5d0bdcea136c9,23,0x8ad599c3a0ff1de082011efddc58f1908eb6e6d8,3000.0,0.0,1435594288.0,,,0xae2fc483527b8ef99eb5d9b44875f005ba1fae13,0x1f2f10d1c40777ae1da742455c65828ff36df387,0xa0b86991c6218b36c1d19d4a2e9eb0ce3606eb48,USDC,6,0xc02aaa39b223fe8d0a0e5c4f27ead9083c756cc2,WETH,18,892658.178544,894.3693446314993,2778840.6394681004,2.018821985901373e+19,,,199740,199800,2026-03-13T21:48:47+00:00
burn,0xcc166fd1a849dddafaec08898d2de160d06abbf35b207fa598269cc9e08f0351#1109696,1773440483,24651499,0xcc166fd1a849dddafaec08898d2de160d06abbf35b207fa598269cc9e08f0351,193,0x8ad599c3a0ff1de082011efddc58f1908eb6e6d8,3000.0,0.0,73653363.0,,,0xae2fc483527b8ef99eb5d9b44875f005ba1fae13,0x1f2f10d1c40777ae1da742455c65828ff36df387,0xa0b86991c6218b36c1d19d4a2e9eb0ce3606eb48,USDC,6,0xc02aaa39b223fe8d0a0e5c4f27ead9083c756cc2,WETH,18,2097.522835,447.1840764413784,937754.3617432005,6.844201106831049e+18,,,199800,199860,2026-03-13T22:21:23+00:00
burn,0x5bf0dfed3006a280737f3e477b2bcda55f456f85325b5e58b122e0ab7949d11e#1109715,1773440903,24651534,0x5bf0dfed3006a280737f3e477b2bcda55f456f85325b5e58b122e0ab7949d11e,48,0x8ad599c3a0ff1de082011efddc58f1908eb6e6d8,3000.0,0.0,3802508985.0,,,0xae2fc483527b8ef99eb5d9b44875f005ba1fae13,0x1f2f10d1c40777ae1da742455c65828ff36df387,0xa0b86991c6218b36c1d19d4a2e9eb0ce3606eb48,USDC,6,0xc02aaa39b223fe8d0a0e5c4f27ead9083c756cc2,WETH,18,1529054.93508,345.04634297385667,2249610.6868256168,1.642405929472439e+19,,,199860,199920,2026-03-13T22:28:23+00:00
burn,0xc6f8456b3c73de1d8fea7923cac7e42d662acf9ec5eb1858945bdb44a4af8280#1109722,1773442151,24651638,0xc6f8456b3c73de1d8fea7923cac7e42d662acf9ec5eb1858945bdb44a4af8280,134,0x8ad599c3a0ff1de082011efddc58f1908eb6e6d8,3000.0,0.0,1442286119.0,,,0xae2fc483527b8ef99eb5d9b44875f005ba1fae13,0x1f2f10d1c40777ae1da742455c65828ff36df387,0xa0b86991c6218b36c1d19d4a2e9eb0ce3606eb48,USDC,6,0xc02aaa39b223fe8d0a0e5c4f27ead9083c756cc2,WETH,18,1530492.27084,855.8742111236115,3315464.630585087,2.421930436434749e+19,,,199860,199920,2026-03-13T22:49:11+00:00
burn,0xc3bd09becf22338f17ca5a0e2c444e96b6e0c367a0c910b460fbf0c35a991cfd#1109725,1773442199,24651642,0xc3bd09becf22338f17ca5a0e2c444e96b6e0c367a0c910b460fbf0c35a991cfd,517,0x8ad599c3a0ff1de082011efddc58f1908eb6e6d8,3000.0,0.0,2911809358.0,,,0xae2fc483527b8ef99eb5d9b44875f005ba1fae13,0x1f2f10d1c40777ae1da742455c65828ff36df387,0xa0b86991c6218b36c1d19d4a2e9eb0ce3606eb48,USDC,6,0xc02aaa39b223fe8d0a0e5c4f27ead9083c756cc2,WETH,18,764893.237817,428.2563210728293,1658043.5529970343,1.2111937487027306e+19,,,199860,199920,2026-03-13T22:49:59+00:00
burn,0x4c3c236b6a411073f1e33d053d3f3a23e249a84e081172104ae6931ad8781a3a#1109728,1773442283,24651649,0x4c3c236b6a411073f1e33d053d3f3a23e249a84e081172104ae6931ad8781a3a,712,0x8ad599c3a0ff1de082011efddc58f1908eb6e6d8,3000.0,0.0,37640105.0,,,0x085759bccb0fe14d6e7ff8405229091a26600bf2,0xc36442b4a4522e871399cd717abdd847ab11fe88,0xa0b86991c6218b36c1d19d4a2e9eb0ce3606eb48,USDC,6,0xc02aaa39b223fe8d0a0e5c4f27ead9083c756cc2,WETH,18,0.0,0.0,0.0,0.0,,,194400,202560,2026-03-13T22:51:23+00:00
burn,0xbcc7bb516249a338ecf8ec3fac4282a9ad50062f770b612802478687caea4dad#1109732,1773442667,24651681,0xbcc7bb516249a338ecf8ec3fac4282a9ad50062f770b612802478687caea4dad,83,0x8ad599c3a0ff1de082011efddc58f1908eb6e6d8,3000.0,0.0,1655420116.0,,,0xae2fc483527b8ef99eb5d9b44875f005ba1fae13,0x1f2f10d1c40777ae1da742455c65828ff36df387,0xa0b86991c6218b36c1d19d4a2e9eb0ce3606eb48,USDC,6,0xc02aaa39b223fe8d0a0e5c4f27ead9083c756cc2,WETH,18,764973.38959,432.8216971824865,1667630.9150177538,1.2182075608641044e+19,,,199860,199920,2026-03-13T22:57:47+00:00
burn,0x3b87061a59269edbaae33d1b7885a6965233fb898c7227f1ee51bcafb1833e68#1109737,1773442679,24651682,0x3b87061a59269edbaae33d1b7885a6965233fb898c7227f1ee51bcafb1833e68,44,0x8ad599c3a0ff1de082011efddc58f1908eb6e6d8,3000.0,0.0,2459016092.0,,,0xae2fc483527b8ef99eb5d9b44875f005ba1fae13,0x1f2f10d1c40777ae1da742455c65828ff36df387,0xa0b86991c6218b36c1d19d4a2e9eb0ce3606eb48,USDC,6,0xc02aaa39b223fe8d0a0e5c4f27ead9083c756cc2,WETH,18,1530533.68879,866.2385333102217,3337089.0959567763,2.4377505395886785e+19,,,199860,199920,2026-03-13T22:57:59+00:00
burn,0x549dd8ca386c83da6dddfb82abf7c442f48b9d7ad140859d1f3df99b91dc5caa#1109741,1773442883,24651699,0x549dd8ca386c83da6dddfb82abf7c442f48b9d7ad140859d1f3df99b91dc5caa,29,0x8ad599c3a0ff1de082011efddc58f1908eb6e6d8,3000.0,0.0,4521847981.0,,,0xae2fc483527b8ef99eb5d9b44875f005ba1fae13,0x1f2f10d1c40777ae1da742455c65828ff36df387,0xa0b86991c6218b36c1d19d4a2e9eb0ce3606eb48,USDC,6,0xc02aaa39b223fe8d0a0e5c4f27ead9083c756cc2,WETH,18,1530231.878683,866.6468923796426,3337637.127208718,2.438152191186305e+19,,,199860,199920,2026-03-13T23:01:23+00:00
burn,0xd2827083507769e3c9206f2e8b3a462db2eadbc674394b49a5c00c9bc21a7c76#1109740,1773442979,24651707,0xd2827083507769e3c9206f2e8b3a462db2eadbc674394b49a5c00c9bc21a7c76,535,0x8ad599c3a0ff1de082011efddc58f1908eb6e6d8,3000.0,0.0,38650778.0,,,0x83681c14770b44361e21faf91d8325423365ea5c,0xc36442b4a4522e871399cd717abdd847ab11fe88,0xa0b86991c6218b36c1d19d4a2e9eb0ce3606eb48,USDC,6,0xc02aaa39b223fe8d0a0e5c4f27ead9083c756cc2,WETH,18,0.0,0.0,0.0,0.0,,,199440,200940,2026-03-13T23:02:59+00:00
burn,0x8ef432c2cd54c8d02a5af36f508e59f738151c8c7124eb41c93c49e5bea37c06#1109743,1773443003,24651709,0x8ef432c2cd54c8d02a5af36f508e59f738151c8c7124eb41c93c49e5bea37c06,851,0x8ad599c3a0ff1de082011efddc58f1908eb6e6d8,3000.0,0.0,35533668.0,,,0x4dcff7a73fd1910cf937b6b40c434ecdbea95483,0xc36442b4a4522e871399cd717abdd847ab11fe88,0xa0b86991c6218b36c1d19d4a2e9eb0ce3606eb48,USDC,6,0xc02aaa39b223fe8d0a0e5c4f27ead9083c756cc2,WETH,18,0.0,0.0,0.0,0.0,,,198900,200280,2026-03-13T23:03:23+00:00
burn,0x8c5141810b839013ade6dbaa8d6196696e8732892bc103fff0d48890d18770ca#1109748,1773443435,24651745,0x8c5141810b839013ade6dbaa8d6196696e8732892bc103fff0d48890d18770ca,29,0x8ad599c3a0ff1de082011efddc58f1908eb6e6d8,3000.0,0.0,2381693345.0,,,0xae2fc483527b8ef99eb5d9b44875f005ba1fae13,0x1f2f10d1c40777ae1da742455c65828ff36df387,0xa0b86991c6218b36c1d19d4a2e9eb0ce3606eb48,USDC,6,0xc02aaa39b223fe8d0a0e5c4f27ead9083c756cc2,WETH,18,1530559.730417,867.1223421983435,3338955.637111933,2.4391160230792135e+19,,,199860,199920,2026-03-13T23:10:35+00:00
burn,0x8ebe5d9deb2789fa6c9c0f57ca97416fb6e003d31017ab108eb72def7623abb8#1109753,1773443627,24651761,0x8ebe5d9deb2789fa6c9c0f57ca97416fb6e003d31017ab108eb72def7623abb8,30,0x8ad599c3a0ff1de082011efddc58f1908eb6e6d8,3000.0,0.0,3904271610.0,,,0xae2fc483527b8ef99eb5d9b44875f005ba1fae13,0x1f2f10d1c40777ae1da742455c65828ff36df387,0xa0b86991c6218b36c1d19d4a2e9eb0ce3606eb48,USDC,6,0xc02aaa39b223fe8d0a0e5c4f27ead9083c756cc2,WETH,18,1501973.615803,894.4182735582592,3367157.4992991406,2.4598172981534917e+19,,,199860,199920,2026-03-13T23:13:47+00:00
burn,0x5582ec82652d88c0470ec334076e59754093e0edb39239834db21e076f097029#1109758,1773443699,24651767,0x5582ec82652d88c0470ec334076e59754093e0edb39239834db21e076f097029,56,0x8ad599c3a0ff1de082011efddc58f1908eb6e6d8,3000.0,0.0,2295143308.0,,,0xae2fc483527b8ef99eb5d9b44875f005ba1fae13,0x1f2f10d1c40777ae1da742455c65828ff36df387,0xa0b86991c6218b36c1d19d4a2e9eb0ce3606eb48,USDC,6,0xc02aaa39b223fe8d0a0e5c4f27ead9083c756cc2,WETH,18,1501528.894027,894.291233238218,3366447.427070221,2.4592988784209953e+19,,,199860,199920,2026-03-13T23:14:59+00:00
burn,0x476f906f007837c8fd0af4c65eb4ce039eaa115f3086f01ea0eb8d4fe53adbbb#1109767,1773443927,24651786,0x476f906f007837c8fd0af4c65eb4ce039eaa115f3086f01ea0eb8d4fe53adbbb,16,0x8ad599c3a0ff1de082011efddc58f1908eb6e6d8,3000.0,0.0,31103622677.0,,,0xae2fc483527b8ef99eb5d9b44875f005ba1fae13,0x1f2f10d1c40777ae1da742455c65828ff36df387,0xa0b86991c6218b36c1d19d4a2e9eb0ce3606eb48,USDC,6,0xc02aaa39b223fe8d0a0e5c4f27ead9083c756cc2,WETH,18,1528007.365096,547.3211428542014,2670233.822363089,1.9499668294305055e+19,,,199860,199920,2026-03-13T23:18:47+00:00
burn,0xd5d63042be0cd59c0e9c75c52ef5bf70e23b9ca5183a6360604a75455694c78b#1109771,1773444035,24651795,0xd5d63042be0cd59c0e9c75c52ef5bf70e23b9ca5183a6360604a75455694c78b,8,0x8ad599c3a0ff1de082011efddc58f1908eb6e6d8,3000.0,0.0,8980361678.0,,,0xae2fc483527b8ef99eb5d9b44875f005ba1fae13,0x1f2f10d1c40777ae1da742455c65828ff36df387,0xa0b86991c6218b36c1d19d4a2e9eb0ce3606eb48,USDC,6,0xc02aaa39b223fe8d0a0e5c4f27ead9083c756cc2,WETH,18,1530031.149451,501.2461335090965,2576237.88907092,1.881223273389857e+19,,,199860,199920,2026-03-13T23:20:35+00:00
burn,0x6af42b72f314c04aaff2e7ea246468d8b0554af1d70c42e2d08e2c2dc412522c#1109776,1773444047,24651796,0x6af42b72f314c04aaff2e7ea246468d8b0554af1d70c42e2d08e2c2dc412522c,38,0x8ad599c3a0ff1de082011efddc58f1908eb6e6d8,3000.0,0.0,2726122004.0,,,0xae2fc483527b8ef99eb5d9b44875f005ba1fae13,0x1f2f10d1c40777ae1da742455c65828ff36df387,0xa0b86991c6218b36c1d19d4a2e9eb0ce3606eb48,USDC,6,0xc02aaa39b223fe8d0a0e5c4f27ead9083c756cc2,WETH,18,1530570.165185,501.6192601281471,2577555.1057263613,1.8821855659664867e+19,,,199860,199920,2026-03-13T23:20:47+00:00
burn,0x4e026615e68fd6265731e616570bf05197df3d595260b48234d35b0768f99759#1109787,1773445127,24651886,0x4e026615e68fd6265731e616570bf05197df3d595260b48234d35b0768f99759,7,0x8ad599c3a0ff1de082011efddc58f1908eb6e6d8,3000.0,0.0,8476141542.0,,,0xae2fc483527b8ef99eb5d9b44875f005ba1fae13,0x1f2f10d1c40777ae1da742455c65828ff36df387,0xa0b86991c6218b36c1d19d4a2e9eb0ce3606eb48,USDC,6,0xc02aaa39b223fe8d0a0e5c4f27ead9083c756cc2,WETH,18,1530039.5614,378.2514944319919,2319841.6473920313,1.6937481570778874e+19,,,199860,199920,2026-03-13T23:38:47+00:00
burn,0xeae334f2f578bc115d6ace88048a0222a8b5cdab4e94c141bcb27e7862c7fffc#1109790,1773445631,24651928,0xeae334f2f578bc115d6ace88048a0222a8b5cdab4e94c141bcb27e7862c7fffc,116,0x8ad599c3a0ff1de082011efddc58f1908eb6e6d8,3000.0,0.0,109639804.0,,,0xffa8b87b2c93350bb2195ff8a3814be185f2126f,0xc36442b4a4522e871399cd717abdd847ab11fe88,0xa0b86991c6218b36c1d19d4a2e9eb0ce3606eb48,USDC,6,0xc02aaa39b223fe8d0a0e5c4f27ead9083c756cc2,WETH,18,0.0,0.0,0.0,0.0,,,198480,201420,2026-03-13T23:47:11+00:00
burn,0x01e2888c16de680e687955ae96dbd208c835c15b90205b92612dc76d5b794896#1109795,1773445715,24651935,0x01e2888c16de680e687955ae96dbd208c835c15b90205b92612dc76d5b794896,16,0x8ad599c3a0ff1de082011efddc58f1908eb6e6d8,3000.0,0.0,2065402383.0,,,0xae2fc483527b8ef99eb5d9b44875f005ba1fae13,0x1f2f10d1c40777ae1da742455c65828ff36df387,0xa0b86991c6218b36c1d19d4a2e9eb0ce3606eb48,USDC,6,0xc02aaa39b223fe8d0a0e5c4f27ead9083c756cc2,WETH,18,1530216.917254,379.1301142128668,2321851.2417673455,1.6952171037536027e+19,,,199860,199920,2026-03-13T23:48:35+00:00
burn,0xbe854674755e8eb06f0c80bb3dec8ae8c23586201b2fc506447f0d4a46f635e0#1109797,1773445907,24651951,0xbe854674755e8eb06f0c80bb3dec8ae8c23586201b2fc506447f0d4a46f635e0,49,0x8ad599c3a0ff1de082011efddc58f1908eb6e6d8,3000.0,0.0,13817560747.0,,,0xae2fc483527b8ef99eb5d9b44875f005ba1fae13,0x1f2f10d1c40777ae1da742455c65828ff36df387,0xa0b86991c6218b36c1d19d4a2e9eb0ce3606eb48,USDC,6,0xc02aaa39b223fe8d0a0e5c4f27ead9083c756cc2,WETH,18,1528792.42988,380.0823002453264,2322411.2664005696,1.6956286689947419e+19,,,199860,199920,2026-03-13T23:51:47+00:00
burn,0x4bcf383970d3754ada7de9f9aef224997ead2d926bf98fb4efa5f6c2e6348252#1109806,1773446063,24651964,0x4bcf383970d3754ada7de9f9aef224997ead2d926bf98fb4efa5f6c2e6348252,94,0x8ad599c3a0ff1de082011efddc58f1908eb6e6d8,3000.0,0.0,919611314.0,,,0xae2fc483527b8ef99eb5d9b44875f005ba1fae13,0x1f2f10d1c40777ae1da742455c65828ff36df387,0xa0b86991c6218b36c1d19d4a2e9eb0ce3606eb48,USDC,6,0xc02aaa39b223fe8d0a0e5c4f27ead9083c756cc2,WETH,18,1530732.990962,380.63055984851354,2325496.418313296,1.697881321788932e+19,,,199860,199920,2026-03-13T23:54:23+00:00
burn,0x6c34f6f3cd1aecae2ab2f912a263f05d65fc7642e063c19651a1ef21dcd32056#1109810,1773446711,24652018,0x6c34f6f3cd1aecae2ab2f912a263f05d65fc7642e063c19651a1ef21dcd32056,450,0x8ad599c3a0ff1de082011efddc58f1908eb6e6d8,3000.0,0.0,45015425.0,,,0xdc7b1ebbc9f79c082b2e0f02ee3077a8d974fa8e,0xc36442b4a4522e871399cd717abdd847ab11fe88,0xa0b86991c6218b36c1d19d4a2e9eb0ce3606eb48,USDC,6,0xc02aaa39b223fe8d0a0e5c4f27ead9083c756cc2,WETH,18,0.0,0.0,0.0,0.0,,,198780,200220,2026-03-14T00:05:11+00:00
burn,0xfe246f1eb8fa48717da31bbf1ea9e35c8663fa107ba8d2da55028e5a465b8364#1109809,1773446735,24652020,0xfe246f1eb8fa48717da31bbf1ea9e35c8663fa107ba8d2da55028e5a465b8364,608,0x8ad599c3a0ff1de082011efddc58f1908eb6e6d8,3000.0,0.0,44868357.0,,,0xdc7b1ebbc9f79c082b2e0f02ee3077a8d974fa8e,0xc36442b4a4522e871399cd717abdd847ab11fe88,0xa0b86991c6218b36c1d19d4a2e9eb0ce3606eb48,USDC,6,0xc02aaa39b223fe8d0a0e5c4f27ead9083c756cc2,WETH,18,0.0,0.0,0.0,0.0,,,198780,200220,2026-03-14T00:05:35+00:00
burn,0x0820a76ea85fa29912b8896d7454e73a4a69518f92e0229b69ff0e93e6b286d5#1109812,1773446783,24652024,0x0820a76ea85fa29912b8896d7454e73a4a69518f92e0229b69ff0e93e6b286d5,983,0x8ad599c3a0ff1de082011efddc58f1908eb6e6d8,3000.0,0.0,40689892.0,,,0xa1e0b6edbf434be1322e2d1e2d438bbfcbe81546,0xc36442b4a4522e871399cd717abdd847ab11fe88,0xa0b86991c6218b36c1d19d4a2e9eb0ce3606eb48,USDC,6,0xc02aaa39b223fe8d0a0e5c4f27ead9083c756cc2,WETH,18,0.0,0.0,0.0,0.0,,,198780,200220,2026-03-14T00:06:23+00:00
burn,0x0f1111f07696a0406a550ee9fa1e2a6f6e9c63570679c256156f4aecc98c7726#1109813,1773447107,24652050,0x0f1111f07696a0406a550ee9fa1e2a6f6e9c63570679c256156f4aecc98c7726,1873,0x8ad599c3a0ff1de082011efddc58f1908eb6e6d8,3000.0,0.0,35510380.0,,,0xff98fbaff98a2f3c4a88da4ac870b9693d804b66,0xc36442b4a4522e871399cd717abdd847ab11fe88,0xa0b86991c6218b36c1d19d4a2e9eb0ce3606eb48,USDC,6,0xc02aaa39b223fe8d0a0e5c4f27ead9083c756cc2,WETH,18,0.0,0.0,0.0,0.0,,,199320,200760,2026-03-14T00:11:47+00:00
burn,0x5a5a491968c0df5ee2243d361bdb8f484491f8270749948e40b972c0ba755b9a#1109814,1773447167,24652055,0x5a5a491968c0df5ee2243d361bdb8f484491f8270749948e40b972c0ba755b9a,691,0x8ad599c3a0ff1de082011efddc58f1908eb6e6d8,3000.0,0.0,37279537.0,,,0x143b67cf0b87c59b9eb3bbfd5a8d4c74dec426d1,0xc36442b4a4522e871399cd717abdd847ab11fe88,0xa0b86991c6218b36c1d19d4a2e9eb0ce3606eb48,USDC,6,0xc02aaa39b223fe8d0a0e5c4f27ead9083c756cc2,WETH,18,0.0,0.0,0.0,0.0,,,199320,200760,2026-03-14T00:12:47+00:00
burn,0x1389eb6af186e126075ff800a6315ebdd451483f49c8ea981cb9a9b9401b6827#1109815,1773447167,24652055,0x1389eb6af186e126075ff800a6315ebdd451483f49c8ea981cb9a9b9401b6827,713,0x8ad599c3a0ff1de082011efddc58f1908eb6e6d8,3000.0,0.0,37279537.0,,,0x55d1cdf31f4692378637cb28d5fd4a83cd4c26bf,0xc36442b4a4522e871399cd717abdd847ab11fe88,0xa0b86991c6218b36c1d19d4a2e9eb0ce3606eb48,USDC,6,0xc02aaa39b223fe8d0a0e5c4f27ead9083c756cc2,WETH,18,0.0,0.0,0.0,0.0,,,199320,200760,2026-03-14T00:12:47+00:00
burn,0x60fcddb94f308538de0c8bb60afb328908c4706d081ebb73e6ee878f1202901a#1109823,1773447899,24652116,0x60fcddb94f308538de0c8bb60afb328908c4706d081ebb73e6ee878f1202901a,865,0x8ad599c3a0ff1de082011efddc58f1908eb6e6d8,3000.0,0.0,34188978.0,,,0xa1e0b6edbf434be1322e2d1e2d438bbfcbe81546,0xc36442b4a4522e871399cd717abdd847ab11fe88,0xa0b86991c6218b36c1d19d4a2e9eb0ce3606eb48,USDC,6,0xc02aaa39b223fe8d0a0e5c4f27ead9083c756cc2,WETH,18,0.0,0.0,0.0,0.0,,,198600,199980,2026-03-14T00:24:59+00:00
burn,0xc485d8733c281e2c41e3840e74d238c0ce74ef8e81857277116c6527966a0e42#1109824,1773448379,24652156,0xc485d8733c281e2c41e3840e74d238c0ce74ef8e81857277116c6527966a0e42,17,0x8ad599c3a0ff1de082011efddc58f1908eb6e6d8,3000.0,0.0,8417130277.0,,,0xae2fc483527b8ef99eb5d9b44875f005ba1fae13,0x1f2f10d1c40777ae1da742455c65828ff36df387,0xa0b86991c6218b36c1d19d4a2e9eb0ce3606eb48,USDC,6,0xc02aaa39b223fe8d0a0e5c4f27ead9083c756cc2,WETH,18,1528420.544356,248.3906500656021,2047339.6129035272,1.4945589340779053e+19,,,199860,199920,2026-03-14T00:32:59+00:00
burn,0x93adef93f19e62db6057370fae6d8d4cfdb7646ff507f428b00952fecbe64c42#1109837,1773451091,24652382,0x93adef93f19e62db6057370fae6d8d4cfdb7646ff507f428b00952fecbe64c42,109,0x8ad599c3a0ff1de082011efddc58f1908eb6e6d8,3000.0,0.0,1546970618.0,,,0xae2fc483527b8ef99eb5d9b44875f005ba1fae13,0x1f2f10d1c40777ae1da742455c65828ff36df387,0xa0b86991c6218b36c1d19d4a2e9eb0ce3606eb48,USDC,6,0xc02aaa39b223fe8d0a0e5c4f27ead9083c756cc2,WETH,18,1530612.103229,249.33071460757114,2051493.6979640035,1.4975924291063775e+19,,,199860,199920,2026-03-14T01:18:11+00:00
burn,0x6f7f0a9f8dc71b04d250179e5419a46d6c5c2217ecd83ce478c3ee9f499b2d45#1109857,1773454835,24652694,0x6f7f0a9f8dc71b04d250179e5419a46d6c5c2217ecd83ce478c3ee9f499b2d45,287,0x8ad599c3a0ff1de082011efddc58f1908eb6e6d8,3000.0,0.0,131502294.0,,,0x7b82a645c675dca5ec2addae9aca0cd91ef554c3,0xc36442b4a4522e871399cd717abdd847ab11fe88,0xa0b86991c6218b36c1d19d4a2e9eb0ce3606eb48,USDC,6,0xc02aaa39b223fe8d0a0e5c4f27ead9083c756cc2,WETH,18,0.0,0.0,0.0,0.0,,,199080,201240,2026-03-14T02:20:35+00:00
burn,0x2ea3bd08ddaf00b8a2340b7899f8fa07b81dce1e3a80f5bb94c3ebef382e0c27#1109864,1773457523,24652916,0x2ea3bd08ddaf00b8a2340b7899f8fa07b81dce1e3a80f5bb94c3ebef382e0c27,207,0x8ad599c3a0ff1de082011efddc58f1908eb6e6d8,3000.0,0.0,2028971705.0,,,0xd23975f441780d9f4dc0b96ddf1bc4f3ca72bd2a,0xc36442b4a4522e871399cd717abdd847ab11fe88,0xa0b86991c6218b36c1d19d4a2e9eb0ce3606eb48,USDC,6,0xc02aaa39b223fe8d0a0e5c4f27ead9083c756cc2,WETH,18,220.330364,0.08145347190872057,390.53165110753616,70003704098647.0,,,198780,201300,2026-03-14T03:05:23+00:00
burn,0xbabc806decf6fd9cbb8d2ecf73fb07b94e36b97424a24aa69aeea058ce7551b2#1109891,1773460571,24653170,0xbabc806decf6fd9cbb8d2ecf73fb07b94e36b97424a24aa69aeea058ce7551b2,1147,0x8ad599c3a0ff1de082011efddc58f1908eb6e6d8,3000.0,0.0,30722558.0,,,0x508a312cf7334b44b9ff22ac0bac1b3db9eed4e1,0xc36442b4a4522e871399cd717abdd847ab11fe88,0xa0b86991c6218b36c1d19d4a2e9eb0ce3606eb48,USDC,6,0xc02aaa39b223fe8d0a0e5c4f27ead9083c756cc2,WETH,18,0.0,0.0,0.0,0.0,,,198480,205380,2026-03-14T03:56:11+00:00
burn,0x6ff4026dffe337158236276788f499cc565272bcb34335adb9245e1e9f70b609#1109894,1773460787,24653188,0x6ff4026dffe337158236276788f499cc565272bcb34335adb9245e1e9f70b609,131,0x8ad599c3a0ff1de082011efddc58f1908eb6e6d8,3000.0,0.0,130736737.0,,,0x5bdfd08d3b7c0376a70c2f6423be82f0f06e01f0,0xc36442b4a4522e871399cd717abdd847ab11fe88,0xa0b86991c6218b36c1d19d4a2e9eb0ce3606eb48,USDC,6,0xc02aaa39b223fe8d0a0e5c4f27ead9083c756cc2,WETH,18,0.0,0.0,0.0,0.0,,,193740,199020,2026-03-14T03:59:47+00:00
burn,0x87aaa67b588422769d6ec34458b90ae9e45461c426e9424f33d900ab7658fb07#1109914,1773463607,24653423,0x87aaa67b588422769d6ec34458b90ae9e45461c426e9424f33d900ab7658fb07,112,0x8ad599c3a0ff1de082011efddc58f1908eb6e6d8,3000.0,0.0,129615399.0,,,0x95582b73b3753b66c394163c7d7d7008a4142eb3,0xc36442b4a4522e871399cd717abdd847ab11fe88,0xa0b86991c6218b36c1d19d4a2e9eb0ce3606eb48,USDC,6,0xc02aaa39b223fe8d0a0e5c4f27ead9083c756cc2,WETH,18,15503.277511,2.241229073895266,20209.298548051964,5394260001806273.0,,,199440,201120,2026-03-14T04:46:47+00:00
burn,0xfdf8918e6f4884113e3cb3986343657008bdf4ca60b3a4ad79721754378c150b#1109915,1773463943,24653451,0xfdf8918e6f4884113e3cb3986343657008bdf4ca60b3a4ad79721754378c150b,285,0x8ad599c3a0ff1de082011efddc58f1908eb6e6d8,3000.0,0.0,129946578.0,,,0x46fb459c8af259fbefcb65f11f7a4fec846e0a93,0xc36442b4a4522e871399cd717abdd847ab11fe88,0xa0b86991c6218b36c1d19d4a2e9eb0ce3606eb48,USDC,6,0xc02aaa39b223fe8d0a0e5c4f27ead9083c756cc2,WETH,18,0.0,0.0,0.0,0.0,,,198660,201420,2026-03-14T04:52:23+00:00
burn,0x7027f9748a56e0984f94e7c807591e07ce685abafeda9cbab464166659839b8c#1109921,1773464135,24653466,0x7027f9748a56e0984f94e7c807591e07ce685abafeda9cbab464166659839b8c,70,0x8ad599c3a0ff1de082011efddc58f1908eb6e6d8,3000.0,0.0,132728944.0,,,0x46fb459c8af259fbefcb65f11f7a4fec846e0a93,0xc36442b4a4522e871399cd717abdd847ab11fe88,0xa0b86991c6218b36c1d19d4a2e9eb0ce3606eb48,USDC,6,0xc02aaa39b223fe8d0a0e5c4f27ead9083c756cc2,WETH,18,0.0,0.0,0.0,0.0,,,198660,201420,2026-03-14T04:55:35+00:00
burn,0xcb0adeb889ff970d5706794f3e50d9bb37267a815c4ba7fbcf61185aaf349d7b#1109924,1773465407,24653572,0xcb0adeb889ff970d5706794f3e50d9bb37267a815c4ba7fbcf61185aaf349d7b,10,0x8ad599c3a0ff1de082011efddc58f1908eb6e6d8,3000.0,0.0,8377795494.0,,,0xae2fc483527b8ef99eb5d9b44875f005ba1fae13,0x1f2f10d1c40777ae1da742455c65828ff36df387,0xa0b86991c6218b36c1d19d4a2e9eb0ce3606eb48,USDC,6,0xc02aaa39b223fe8d0a0e5c4f27ead9083c756cc2,WETH,18,433753.909831,895.7298716097613,2310002.580108739,1.6842593403769192e+19,,,199800,199860,2026-03-14T05:16:47+00:00
burn,0x137b7f0fdf8f378d678d1b33a51fd1dc72418c5dc841157705093df6d7611ba7#1109931,1773466835,24653691,0x137b7f0fdf8f378d678d1b33a51fd1dc72418c5dc841157705093df6d7611ba7,299,0x8ad599c3a0ff1de082011efddc58f1908eb6e6d8,3000.0,0.0,130734049.0,,,0x60318b16c32edf4c1a88395656209700cc093872,0xc36442b4a4522e871399cd717abdd847ab11fe88,0xa0b86991c6218b36c1d19d4a2e9eb0ce3606eb48,USDC,6,0xc02aaa39b223fe8d0a0e5c4f27ead9083c756cc2,WETH,18,0.0,0.0,0.0,0.0,,,198480,203160,2026-03-14T05:40:35+00:00
burn,0x1af0d7f1cf1770b74402d969a30bcfc7ab0d9b1fc98804f51d1fe4054253c54e#1109937,1773467879,24653778,0x1af0d7f1cf1770b74402d969a30bcfc7ab0d9b1fc98804f51d1fe4054253c54e,7,0x8ad599c3a0ff1de082011efddc58f1908eb6e6d8,3000.0,0.0,10239451265.0,,,0xae2fc483527b8ef99eb5d9b44875f005ba1fae13,0x1f2f10d1c40777ae1da742455c65828ff36df387,0xa0b86991c6218b36c1d19d4a2e9eb0ce3606eb48,USDC,6,0xc02aaa39b223fe8d0a0e5c4f27ead9083c756cc2,WETH,18,187314.739052,896.3629880638266,2063797.5532926668,1.5055010676391018e+19,,,199800,199860,2026-03-14T05:57:59+00:00
burn,0x14d5c96ff5d4a47e7dba55e41fbace02f2ce1418b90b0e16e95438fb296ae560#1109939,1773468659,24653843,0x14d5c96ff5d4a47e7dba55e41fbace02f2ce1418b90b0e16e95438fb296ae560,814,0x8ad599c3a0ff1de082011efddc58f1908eb6e6d8,3000.0,0.0,30743836.0,,,0x83681c14770b44361e21faf91d8325423365ea5c,0xc36442b4a4522e871399cd717abdd847ab11fe88,0xa0b86991c6218b36c1d19d4a2e9eb0ce3606eb48,USDC,6,0xc02aaa39b223fe8d0a0e5c4f27ead9083c756cc2,WETH,18,0.0,0.0,0.0,0.0,,,199440,200940,2026-03-14T06:10:59+00:00
burn,0x7f1e4fa156d9572784ca32cb326efba50ec17c53f96562898fcc62c4d659a63a#1109963,1773469871,24653943,0x7f1e4fa156d9572784ca32cb326efba50ec17c53f96562898fcc62c4d659a63a,313,0x8ad599c3a0ff1de082011efddc58f1908eb6e6d8,3000.0,0.0,2028051080.0,,,0x32e343673ad567400e5e26b0c7294e7c9725cb91,0xc36442b4a4522e871399cd717abdd847ab11fe88,0xa0b86991c6218b36c1d19d4a2e9eb0ce3606eb48,USDC,6,0xc02aaa39b223fe8d0a0e5c4f27ead9083c756cc2,WETH,18,0.0,0.0,0.0,0.0,,,199680,200820,2026-03-14T06:31:11+00:00
burn,0xa8c4b8dae06f51e73854b75f02fea10277b246880801010e968794c21a4310d9#1109985,1773474719,24654345,0xa8c4b8dae06f51e73854b75f02fea10277b246880801010e968794c21a4310d9,85,0x8ad599c3a0ff1de082011efddc58f1908eb6e6d8,3000.0,0.0,838790755.0,,,0xae2fc483527b8ef99eb5d9b44875f005ba1fae13,0x1f2f10d1c40777ae1da742455c65828ff36df387,0xa0b86991c6218b36c1d19d4a2e9eb0ce3606eb48,USDC,6,0xc02aaa39b223fe8d0a0e5c4f27ead9083c756cc2,WETH,18,1530730.273727,159.9569866846444,1863051.1413045416,1.3639815812737925e+19,,,199920,199980,2026-03-14T07:51:59+00:00
burn,0x3983b1d59b18553327adf4f2d9a195ba8d7082411a4f4a474dce7c867bf8d7dd#1109990,1773475247,24654389,0x3983b1d59b18553327adf4f2d9a195ba8d7082411a4f4a474dce7c867bf8d7dd,7,0x8ad599c3a0ff1de082011efddc58f1908eb6e6d8,3000.0,0.0,8701306501.0,,,0xae2fc483527b8ef99eb5d9b44875f005ba1fae13,0x1f2f10d1c40777ae1da742455c65828ff36df387,0xa0b86991c6218b36c1d19d4a2e9eb0ce3606eb48,USDC,6,0xc02aaa39b223fe8d0a0e5c4f27ead9083c756cc2,WETH,18,1529284.049491,160.736188620922,1863222.0530860396,1.3641079555325166e+19,,,199920,199980,2026-03-14T08:00:47+00:00
burn,0xbb739d6bc78d7f35f22bb2da0b16f4580c49e060002c4a4d64e0c3b3420ff6fc#1109993,1773475835,24654438,0xbb739d6bc78d7f35f22bb2da0b16f4580c49e060002c4a4d64e0c3b3420ff6fc,7,0x8ad599c3a0ff1de082011efddc58f1908eb6e6d8,3000.0,0.0,4400989310.0,,,0xae2fc483527b8ef99eb5d9b44875f005ba1fae13,0x1f2f10d1c40777ae1da742455c65828ff36df387,0xa0b86991c6218b36c1d19d4a2e9eb0ce3606eb48,USDC,6,0xc02aaa39b223fe8d0a0e5c4f27ead9083c756cc2,WETH,18,1530352.209519,161.15539139519754,1865160.5661534278,1.3655275977016607e+19,,,199920,199980,2026-03-14T08:10:35+00:00
burn,0x227f6866360ce1616b7ad494f4347054c62c81f47f9714be3d70f6d16a92da41#1109996,1773476375,24654482,0x227f6866360ce1616b7ad494f4347054c62c81f47f9714be3d70f6d16a92da41,140,0x8ad599c3a0ff1de082011efddc58f1908eb6e6d8,3000.0,0.0,138817707.0,,,0x8f762d493f97ffab61e3fca615e3469a329712a8,0xc36442b4a4522e871399cd717abdd847ab11fe88,0xa0b86991c6218b36c1d19d4a2e9eb0ce3606eb48,USDC,6,0xc02aaa39b223fe8d0a0e5c4f27ead9083c756cc2,WETH,18,2336.148056,0.8154576383070626,4030.3019370641077,531236808146253.0,,,198480,201960,2026-03-14T08:19:35+00:00
burn,0x17cdb2359584e31f169a212a0e0c68291b7a1e17ada2bef3414c211e649f147c#1110001,1773477179,24654548,0x17cdb2359584e31f169a212a0e0c68291b7a1e17ada2bef3414c211e649f147c,406,0x8ad599c3a0ff1de082011efddc58f1908eb6e6d8,3000.0,0.0,13153797367.0,,,0xae2fc483527b8ef99eb5d9b44875f005ba1fae13,0x1f2f10d1c40777ae1da742455c65828ff36df387,0xa0b86991c6218b36c1d19d4a2e9eb0ce3606eb48,USDC,6,0xc02aaa39b223fe8d0a0e5c4f27ead9083c756cc2,WETH,18,763464.561481,81.54970289803987,932885.9953255361,6.829891740384625e+18,,,199920,199980,2026-03-14T08:32:59+00:00
burn,0x3146147b1a750bede29428fac06c4d2b786bd40d58bedfe41fdb011ae52dac58#1110011,1773481055,24654871,0x3146147b1a750bede29428fac06c4d2b786bd40d58bedfe41fdb011ae52dac58,10,0x8ad599c3a0ff1de082011efddc58f1908eb6e6d8,3000.0,0.0,907116154.0,,,0xae2fc483527b8ef99eb5d9b44875f005ba1fae13,0x1f2f10d1c40777ae1da742455c65828ff36df387,0xa0b86991c6218b36c1d19d4a2e9eb0ce3606eb48,USDC,6,0xc02aaa39b223fe8d0a0e5c4f27ead9083c756cc2,WETH,18,1528817.007308,164.20263245927183,1869950.1784518592,1.369038528166704e+19,,,199920,199980,2026-03-14T09:37:35+00:00
burn,0x10d0977fd0b59cffafaf83e91a23656899d7cc4dc41fabb7d1524dde30b43717#1110014,1773481499,24654908,0x10d0977fd0b59cffafaf83e91a23656899d7cc4dc41fabb7d1524dde30b43717,83,0x8ad599c3a0ff1de082011efddc58f1908eb6e6d8,3000.0,0.0,554573793.0,,,0xae2fc483527b8ef99eb5d9b44875f005ba1fae13,0x1f2f10d1c40777ae1da742455c65828ff36df387,0xa0b86991c6218b36c1d19d4a2e9eb0ce3606eb48,USDC,6,0xc02aaa39b223fe8d0a0e5c4f27ead9083c756cc2,WETH,18,1530715.385468,164.5186351767597,1872504.8481847965,1.3709090199248568e+19,,,199920,199980,2026-03-14T09:44:59+00:00
burn,0xfe1b88382d3480ca55106a07b2126adeb0d998ebe1870514f8a00d7adc11b5a6#1110020,1773482735,24655011,0xfe1b88382d3480ca55106a07b2126adeb0d998ebe1870514f8a00d7adc11b5a6,111,0x8ad599c3a0ff1de082011efddc58f1908eb6e6d8,3000.0,0.0,407713038.0,,,0xae2fc483527b8ef99eb5d9b44875f005ba1fae13,0x1f2f10d1c40777ae1da742455c65828ff36df387,0xa0b86991c6218b36c1d19d4a2e9eb0ce3606eb48,USDC,6,0xc02aaa39b223fe8d0a0e5c4f27ead9083c756cc2,WETH,18,1046644.741061,895.222927829294,2901389.162876953,2.126576214495514e+19,,,199920,199980,2026-03-14T10:05:35+00:00
burn,0x00d71d6b6acfd918c1ef5c1daa5c6e7fe1fdff441ac14c9a21630cdcb0576faa#1110028,1773483563,24655080,0x00d71d6b6acfd918c1ef5c1daa5c6e7fe1fdff441ac14c9a21630cdcb0576faa,335,0x8ad599c3a0ff1de082011efddc58f1908eb6e6d8,3000.0,0.0,35427945.0,,,0xe74da4a1bcb9a565ea82bb13c47744eb2ff411c4,0xc36442b4a4522e871399cd717abdd847ab11fe88,0xa0b86991c6218b36c1d19d4a2e9eb0ce3606eb48,USDC,6,0xc02aaa39b223fe8d0a0e5c4f27ead9083c756cc2,WETH,18,0.0,0.0,0.0,0.0,,,198780,201180,2026-03-14T10:19:23+00:00
burn,0xc469f336008c0198f956ad52ae69e78ec6d9c2cd91a1f39f4277b2b0465e46ba#1110028,1773483815,24655101,0xc469f336008c0198f956ad52ae69e78ec6d9c2cd91a1f39f4277b2b0465e46ba,0,0x8ad599c3a0ff1de082011efddc58f1908eb6e6d8,3000.0,0.0,2139214772.0,,,0xe74da4a1bcb9a565ea82bb13c47744eb2ff411c4,0xc36442b4a4522e871399cd717abdd847ab11fe88,0xa0b86991c6218b36c1d19d4a2e9eb0ce3606eb48,USDC,6,0xc02aaa39b223fe8d0a0e5c4f27ead9083c756cc2,WETH,18,243.765229,0.1139607006231256,479.82949585174435,90522459284019.0,,,198780,201180,2026-03-14T10:23:35+00:00
burn,0x007f21cfaf5662dfba4eaba84fb4b4a1bcb8896575d03632f08f3b5f932d8fe9#1110037,1773485099,24655207,0x007f21cfaf5662dfba4eaba84fb4b4a1bcb8896575d03632f08f3b5f932d8fe9,330,0x8ad599c3a0ff1de082011efddc58f1908eb6e6d8,3000.0,0.0,30765679.0,,,0x83681c14770b44361e21faf91d8325423365ea5c,0xc36442b4a4522e871399cd717abdd847ab11fe88,0xa0b86991c6218b36c1d19d4a2e9eb0ce3606eb48,USDC,6,0xc02aaa39b223fe8d0a0e5c4f27ead9083c756cc2,WETH,18,0.0,0.0,0.0,0.0,,,196260,200400,2026-03-14T10:44:59+00:00
burn,0xcc81032e5f9fe13e96ba9248dc9ff26bb5d40264a4f3a71dab793960f24b56eb#1110040,1773485543,24655244,0xcc81032e5f9fe13e96ba9248dc9ff26bb5d40264a4f3a71dab793960f24b56eb,616,0x8ad599c3a0ff1de082011efddc58f1908eb6e6d8,3000.0,0.0,32110790.0,,,0x3bb666008e4400d4406810389ba68fc194df8120,0xc36442b4a4522e871399cd717abdd847ab11fe88,0xa0b86991c6218b36c1d19d4a2e9eb0ce3606eb48,USDC,6,0xc02aaa39b223fe8d0a0e5c4f27ead9083c756cc2,WETH,18,0.0,0.0,0.0,0.0,,,192240,201240,2026-03-14T10:52:23+00:00
burn,0xdfc802436df540536d3b4195633778412853932d887ed821b72a45e92091a744#1110045,1773486527,24655325,0xdfc802436df540536d3b4195633778412853932d887ed821b72a45e92091a744,196,0x8ad599c3a0ff1de082011efddc58f1908eb6e6d8,3000.0,0.0,132695877.0,,,0xf944157828c1365ac00c8a2a6e21a5a9e697423a,0xc36442b4a4522e871399cd717abdd847ab11fe88,0xa0b86991c6218b36c1d19d4a2e9eb0ce3606eb48,USDC,6,0xc02aaa39b223fe8d0a0e5c4f27ead9083c756cc2,WETH,18,0.0,0.0,0.0,0.0,,,198720,201000,2026-03-14T11:08:47+00:00
burn,0xc9c8c432629cf5865c1d63e0e611f7367ba216f1c4994ed24ab57d88c71774d4#1110046,1773486551,24655327,0xc9c8c432629cf5865c1d63e0e611f7367ba216f1c4994ed24ab57d88c71774d4,360,0x8ad599c3a0ff1de082011efddc58f1908eb6e6d8,3000.0,0.0,134838938.0,,,0xf944157828c1365ac00c8a2a6e21a5a9e697423a,0xc36442b4a4522e871399cd717abdd847ab11fe88,0xa0b86991c6218b36c1d19d4a2e9eb0ce3606eb48,USDC,6,0xc02aaa39b223fe8d0a0e5c4f27ead9083c756cc2,WETH,18,0.0,0.0,0.0,0.0,,,198780,200700,2026-03-14T11:09:11+00:00
burn,0xb058fcdbd29dc0091f36cb64772fb2ae07d4bd1733e7345dcbb236bab45611bc#1110047,1773486587,24655330,0xb058fcdbd29dc0091f36cb64772fb2ae07d4bd1733e7345dcbb236bab45611bc,144,0x8ad599c3a0ff1de082011efddc58f1908eb6e6d8,3000.0,0.0,135609379.0,,,0xf944157828c1365ac00c8a2a6e21a5a9e697423a,0xc36442b4a4522e871399cd717abdd847ab11fe88,0xa0b86991c6218b36c1d19d4a2e9eb0ce3606eb48,USDC,6,0xc02aaa39b223fe8d0a0e5c4f27ead9083c756cc2,WETH,18,0.0,0.0,0.0,0.0,,,199260,200700,2026-03-14T11:09:47+00:00
burn,0x41ff4a73183472a7841a5630ab6e1dc754c2a6d76b22aec8124dbfabff0a2377#1110050,1773486755,24655344,0x41ff4a73183472a7841a5630ab6e1dc754c2a6d76b22aec8124dbfabff0a2377,150,0x8ad599c3a0ff1de082011efddc58f1908eb6e6d8,3000.0,0.0,135305313.0,,,0x8fa4eb329cd2c01844b0e2e523df9ef6d130ab4f,0xc36442b4a4522e871399cd717abdd847ab11fe88,0xa0b86991c6218b36c1d19d4a2e9eb0ce3606eb48,USDC,6,0xc02aaa39b223fe8d0a0e5c4f27ead9083c756cc2,WETH,18,0.331576,6.1748782951324e-05,0.4593448830870885,17913625460.0,,,196560,210420,2026-03-14T11:12:35+00:00
burn,0x676b5e03441e2722b3ba4981bc418ffab29e378636551af795b1fe10dc39ac5b#1110051,1773486779,24655346,0x676b5e03441e2722b3ba4981bc418ffab29e378636551af795b1fe10dc39ac5b,135,0x8ad599c3a0ff1de082011efddc58f1908eb6e6d8,3000.0,0.0,65440340.0,,,0x89f314f2ce7ee6b849452c81e0dc8c6a60e4270e,0xc36442b4a4522e871399cd717abdd847ab11fe88,0xa0b86991c6218b36c1d19d4a2e9eb0ce3606eb48,USDC,6,0xc02aaa39b223fe8d0a0e5c4f27ead9083c756cc2,WETH,18,0.0,0.0,0.0,0.0,,,192180,200280,2026-03-14T11:12:59+00:00
burn,0xd1bdb110afd3f07a9a647af171a55fefb6726d310abdc0e1e15b0a77b1b34d73#1110052,1773487355,24655394,0xd1bdb110afd3f07a9a647af171a55fefb6726d310abdc0e1e15b0a77b1b34d73,243,0x8ad599c3a0ff1de082011efddc58f1908eb6e6d8,3000.0,0.0,32579163.0,,,0x83681c14770b44361e21faf91d8325423365ea5c,0xc36442b4a4522e871399cd717abdd847ab11fe88,0xa0b86991c6218b36c1d19d4a2e9eb0ce3606eb48,USDC,6,0xc02aaa39b223fe8d0a0e5c4f27ead9083c756cc2,WETH,18,0.0,0.0,0.0,0.0,,,199440,200940,2026-03-14T11:22:35+00:00
burn,0x1f9d40394ffb0b453d9cfeb2f3f295e2de569b23ce05c11c7a3cf9b33aabb60d#1110058,1773487847,24655435,0x1f9d40394ffb0b453d9cfeb2f3f295e2de569b23ce05c11c7a3cf9b33aabb60d,145,0x8ad599c3a0ff1de082011efddc58f1908eb6e6d8,3000.0,0.0,134057147.0,,,0xf944157828c1365ac00c8a2a6e21a5a9e697423a,0xc36442b4a4522e871399cd717abdd847ab11fe88,0xa0b86991c6218b36c1d19d4a2e9eb0ce3606eb48,USDC,6,0xc02aaa39b223fe8d0a0e5c4f27ead9083c756cc2,WETH,18,94.3089,0.04449310743834474,186.37280927971753,57938606961029.0,,,199260,200700,2026-03-14T11:30:47+00:00
burn,0x5be03e58c72eb077796d8800ed5a8e9498f2db2bf2f21f007cbbddb63749cf11#1110059,1773487883,24655438,0x5be03e58c72eb077796d8800ed5a8e9498f2db2bf2f21f007cbbddb63749cf11,210,0x8ad599c3a0ff1de082011efddc58f1908eb6e6d8,3000.0,0.0,132960697.0,,,0xf944157828c1365ac00c8a2a6e21a5a9e697423a,0xc36442b4a4522e871399cd717abdd847ab11fe88,0xa0b86991c6218b36c1d19d4a2e9eb0ce3606eb48,USDC,6,0xc02aaa39b223fe8d0a0e5c4f27ead9083c756cc2,WETH,18,41.889282,0.03270947242702261,109.57081910733183,25734651164959.0,,,198780,200700,2026-03-14T11:31:23+00:00
burn,0xb5554e139105d9061f2c22c97957d8c373c7d8d7a607f3d95b7a053429538e73#1110079,1773490643,24655667,0xb5554e139105d9061f2c22c97957d8c373c7d8d7a607f3d95b7a053429538e73,72,0x8ad599c3a0ff1de082011efddc58f1908eb6e6d8,3000.0,0.0,851439012.0,,,0xae2fc483527b8ef99eb5d9b44875f005ba1fae13,0x1f2f10d1c40777ae1da742455c65828ff36df387,0xa0b86991c6218b36c1d19d4a2e9eb0ce3606eb48,USDC,6,0xc02aaa39b223fe8d0a0e5c4f27ead9083c756cc2,WETH,18,979323.375296,895.2525746356519,2833960.2945738006,2.077276532031619e+19,,,199920,199980,2026-03-14T12:17:23+00:00
burn,0x713241d1d80e68692236732102806107c06d340f070c47ed12b852d9701e4e8a#1110085,1773492131,24655791,0x713241d1d80e68692236732102806107c06d340f070c47ed12b852d9701e4e8a,438,0x8ad599c3a0ff1de082011efddc58f1908eb6e6d8,3000.0,0.0,52175155.0,,,0x508a312cf7334b44b9ff22ac0bac1b3db9eed4e1,0xc36442b4a4522e871399cd717abdd847ab11fe88,0xa0b86991c6218b36c1d19d4a2e9eb0ce3606eb48,USDC,6,0xc02aaa39b223fe8d0a0e5c4f27ead9083c756cc2,WETH,18,9.368759,0.001358068043347557,12.182180860814475,867047793036.0,,,198480,205380,2026-03-14T12:42:11+00:00
burn,0x713241d1d80e68692236732102806107c06d340f070c47ed12b852d9701e4e8a#1110086,1773492131,24655791,0x713241d1d80e68692236732102806107c06d340f070c47ed12b852d9701e4e8a,440,0x8ad599c3a0ff1de082011efddc58f1908eb6e6d8,3000.0,0.0,52175155.0,,,0x508a312cf7334b44b9ff22ac0bac1b3db9eed4e1,0xc36442b4a4522e871399cd717abdd847ab11fe88,0xa0b86991c6218b36c1d19d4a2e9eb0ce3606eb48,USDC,6,0xc02aaa39b223fe8d0a0e5c4f27ead9083c756cc2,WETH,18,0.0,0.0,0.0,0.0,,,198480,205380,2026-03-14T12:42:11+00:00
burn,0x5fe5dcd4fbe52f2945cb7752ad670ddc79651fa8f8909a6ea5fb4512fed5db43#1110103,1773494795,24656013,0x5fe5dcd4fbe52f2945cb7752ad670ddc79651fa8f8909a6ea5fb4512fed5db43,54,0x8ad599c3a0ff1de082011efddc58f1908eb6e6d8,3000.0,0.0,2352422015.0,,,0xae2fc483527b8ef99eb5d9b44875f005ba1fae13,0x1f2f10d1c40777ae1da742455c65828ff36df387,0xa0b86991c6218b36c1d19d4a2e9eb0ce3606eb48,USDC,6,0xc02aaa39b223fe8d0a0e5c4f27ead9083c756cc2,WETH,18,1530861.037365,507.4777365126621,2583729.658958922,1.892368692907134e+19,,,199920,199980,2026-03-14T13:26:35+00:00
burn,0xfcbb0b8054b5dbad3eb0b067a7f2a71b35b7caca88ad4c97b6dda46c757e398d#1110104,1773495287,24656054,0xfcbb0b8054b5dbad3eb0b067a7f2a71b35b7caca88ad4c97b6dda46c757e398d,280,0x8ad599c3a0ff1de082011efddc58f1908eb6e6d8,3000.0,0.0,141849992.0,,,0x3efa9a397a553fc26ea50c7c0ed6c24e8960901b,0xc36442b4a4522e871399cd717abdd847ab11fe88,0xa0b86991c6218b36c1d19d4a2e9eb0ce3606eb48,USDC,6,0xc02aaa39b223fe8d0a0e5c4f27ead9083c756cc2,WETH,18,1397.108838,0.7157812683601349,2882.144525838198,386112635303095.0,,,198180,201600,2026-03-14T13:34:47+00:00
burn,0x6b6e8c7eca545fae40aacf4ac89e1085ea7611c7af3d3949c19cbdade5c7bd25#1110109,1773495971,24656111,0x6b6e8c7eca545fae40aacf4ac89e1085ea7611c7af3d3949c19cbdade5c7bd25,82,0x8ad599c3a0ff1de082011efddc58f1908eb6e6d8,3000.0,0.0,2382138377.0,,,0xae2fc483527b8ef99eb5d9b44875f005ba1fae13,0x1f2f10d1c40777ae1da742455c65828ff36df387,0xa0b86991c6218b36c1d19d4a2e9eb0ce3606eb48,USDC,6,0xc02aaa39b223fe8d0a0e5c4f27ead9083c756cc2,WETH,18,1530866.626899,508.15817056023974,2585144.9116884395,1.8934067418349175e+19,,,199920,199980,2026-03-14T13:46:11+00:00
burn,0xc8fa9e3cbbfa1b4369cb430442256b9207c802bf2c99e4a3c90f3df10b216f34#1110108,1773495983,24656112,0xc8fa9e3cbbfa1b4369cb430442256b9207c802bf2c99e4a3c90f3df10b216f34,135,0x8ad599c3a0ff1de082011efddc58f1908eb6e6d8,3000.0,0.0,143474993.0,,,0x35b94e2478afb39098ece2cd448546324adea17f,0xc36442b4a4522e871399cd717abdd847ab11fe88,0xa0b86991c6218b36c1d19d4a2e9eb0ce3606eb48,USDC,6,0xc02aaa39b223fe8d0a0e5c4f27ead9083c756cc2,WETH,18,0.0,0.0,0.0,0.0,,,188400,201660,2026-03-14T13:46:23+00:00
burn,0xfa3a7ca191ebd5b0223e830e7568de8640feababaf62937cec55db3c25887cef#1110113,1773496703,24656172,0xfa3a7ca191ebd5b0223e830e7568de8640feababaf62937cec55db3c25887cef,509,0x8ad599c3a0ff1de082011efddc58f1908eb6e6d8,3000.0,0.0,8305334296.0,,,0xae2fc483527b8ef99eb5d9b44875f005ba1fae13,0x1f2f10d1c40777ae1da742455c65828ff36df387,0xa0b86991c6218b36c1d19d4a2e9eb0ce3606eb48,USDC,6,0xc02aaa39b223fe8d0a0e5c4f27ead9083c756cc2,WETH,18,1530850.619518,508.3436688340114,2585513.1852099965,1.893676891841862e+19,,,199920,199980,2026-03-14T13:58:23+00:00
burn,0xc0bcc0dc392513365e872c2725e08b9e924872b6c097ede83a52b6965ddac224#1110114,1773498947,24656358,0xc0bcc0dc392513365e872c2725e08b9e924872b6c097ede83a52b6965ddac224,271,0x8ad599c3a0ff1de082011efddc58f1908eb6e6d8,3000.0,0.0,143108103.0,,,0xfc80f38d808cf59c9dbdc1141054b4e03cb72c73,0xc36442b4a4522e871399cd717abdd847ab11fe88,0xa0b86991c6218b36c1d19d4a2e9eb0ce3606eb48,USDC,6,0xc02aaa39b223fe8d0a0e5c4f27ead9083c756cc2,WETH,18,0.0,0.000257156969395768,0.533524553872388,46848555631.0,,,192540,198720,2026-03-14T14:35:47+00:00
burn,0x59c2217d745fea15c1dccf9f58be85a7c04b86129596fe7f34028708225af96a#1110119,1773500591,24656495,0x59c2217d745fea15c1dccf9f58be85a7c04b86129596fe7f34028708225af96a,446,0x8ad599c3a0ff1de082011efddc58f1908eb6e6d8,3000.0,0.0,141144145.0,,,0x9e03eb454d58688334fa14e0d46252fa2513a92c,0xc36442b4a4522e871399cd717abdd847ab11fe88,0xa0b86991c6218b36c1d19d4a2e9eb0ce3606eb48,USDC,6,0xc02aaa39b223fe8d0a0e5c4f27ead9083c756cc2,WETH,18,0.473477,3.309587427072e-06,0.4803434137910296,20945532013.0,,,199800,213660,2026-03-14T15:03:11+00:00
burn,0x8570ed8db4392fab594b006bfb8556df26001f25599ce9ed445506fcdc85016e#1110129,1773502739,24656674,0x8570ed8db4392fab594b006bfb8556df26001f25599ce9ed445506fcdc85016e,220,0x8ad599c3a0ff1de082011efddc58f1908eb6e6d8,3000.0,0.0,41274915.0,,,0x508a312cf7334b44b9ff22ac0bac1b3db9eed4e1,0xc36442b4a4522e871399cd717abdd847ab11fe88,0xa0b86991c6218b36c1d19d4a2e9eb0ce3606eb48,USDC,6,0xc02aaa39b223fe8d0a0e5c4f27ead9083c756cc2,WETH,18,837.358909,0.11974858106215236,1085.8016548276285,77253958359581.0,,,198480,205380,2026-03-14T15:38:59+00:00
burn,0x8570ed8db4392fab594b006bfb8556df26001f25599ce9ed445506fcdc85016e#1110130,1773502739,24656674,0x8570ed8db4392fab594b006bfb8556df26001f25599ce9ed445506fcdc85016e,222,0x8ad599c3a0ff1de082011efddc58f1908eb6e6d8,3000.0,0.0,41274915.0,,,0x508a312cf7334b44b9ff22ac0bac1b3db9eed4e1,0xc36442b4a4522e871399cd717abdd847ab11fe88,0xa0b86991c6218b36c1d19d4a2e9eb0ce3606eb48,USDC,6,0xc02aaa39b223fe8d0a0e5c4f27ead9083c756cc2,WETH,18,0.0,0.0,0.0,0.0,,,198480,205380,2026-03-14T15:38:59+00:00
burn,0xd9ea339a3c92c0693c7fb7fd9cfe6c0ca0268490b51d38eade3dab43073f0d49#1110133,1773503543,24656739,0xd9ea339a3c92c0693c7fb7fd9cfe6c0ca0268490b51d38eade3dab43073f0d49,109,0x8ad599c3a0ff1de082011efddc58f1908eb6e6d8,3000.0,0.0,743183126.0,,,0xae2fc483527b8ef99eb5d9b44875f005ba1fae13,0x1f2f10d1c40777ae1da742455c65828ff36df387,0xa0b86991c6218b36c1d19d4a2e9eb0ce3606eb48,USDC,6,0xc02aaa39b223fe8d0a0e5c4f27ead9083c756cc2,WETH,18,1531068.304003,508.63273324219944,2586329.941364608,1.894275575923186e+19,,,199920,199980,2026-03-14T15:52:23+00:00
burn,0x65305af63fd000f3c3cc1dc0c25df52da9efc7ebf4801cfdbcb63a60d30900cc#1110145,1773510407,24657305,0x65305af63fd000f3c3cc1dc0c25df52da9efc7ebf4801cfdbcb63a60d30900cc,110,0x8ad599c3a0ff1de082011efddc58f1908eb6e6d8,3000.0,0.0,1558853653.0,,,0xae2fc483527b8ef99eb5d9b44875f005ba1fae13,0x1f2f10d1c40777ae1da742455c65828ff36df387,0xa0b86991c6218b36c1d19d4a2e9eb0ce3606eb48,USDC,6,0xc02aaa39b223fe8d0a0e5c4f27ead9083c756cc2,WETH,18,1530976.039268,510.7271019723742,2590576.468985043,1.8973904923646755e+19,,,199920,199980,2026-03-14T17:46:47+00:00
burn,0xe6db6a6e489d093036f015f58ba1b1bca1052ef910987cd811f5a7f1125ab547#1110146,1773510947,24657350,0xe6db6a6e489d093036f015f58ba1b1bca1052ef910987cd811f5a7f1125ab547,628,0x8ad599c3a0ff1de082011efddc58f1908eb6e6d8,3000.0,0.0,140983732.0,,,0x09e3ab1ce8126bc411d7132cb4673409a60023cd,0xc36442b4a4522e871399cd717abdd847ab11fe88,0xa0b86991c6218b36c1d19d4a2e9eb0ce3606eb48,USDC,6,0xc02aaa39b223fe8d0a0e5c4f27ead9083c756cc2,WETH,18,1.412547,0.00038215669589902,2.2054036987687957,83999539372.0,,,195300,209160,2026-03-14T17:55:47+00:00
burn,0xf375bf1b64ad8f9b6fcbebca482ac4628fdc35b4245233b348e7bb538b0618c3#1110149,1773511103,24657363,0xf375bf1b64ad8f9b6fcbebca482ac4628fdc35b4245233b348e7bb538b0618c3,194,0x8ad599c3a0ff1de082011efddc58f1908eb6e6d8,3000.0,0.0,144097572.0,,,0x6f9194ee4c92929f9b99914c02e3789a55dfa81d,0xc36442b4a4522e871399cd717abdd847ab11fe88,0xa0b86991c6218b36c1d19d4a2e9eb0ce3606eb48,USDC,6,0xc02aaa39b223fe8d0a0e5c4f27ead9083c756cc2,WETH,18,0.0,0.0,0.0,0.0,,,199260,200640,2026-03-14T17:58:23+00:00
burn,0x457644a1ca1efdde4e3f6cf357c04733c18b321ff3ca46dc239d89d0a57cf51d#1110153,1773511559,24657401,0x457644a1ca1efdde4e3f6cf357c04733c18b321ff3ca46dc239d89d0a57cf51d,315,0x8ad599c3a0ff1de082011efddc58f1908eb6e6d8,3000.0,0.0,61585538.0,,,0xb37048c03387802c35f1a5ee0f84834f9a692971,0xc36442b4a4522e871399cd717abdd847ab11fe88,0xa0b86991c6218b36c1d19d4a2e9eb0ce3606eb48,USDC,6,0xc02aaa39b223fe8d0a0e5c4f27ead9083c756cc2,WETH,18,0.0,0.0,0.0,0.0,,,200220,206400,2026-03-14T18:05:59+00:00
burn,0xab93813e45e7b25490c61eb01ff02bbc43780446ea1b23f082ff13fafbdf322e#1110153,1773511631,24657407,0xab93813e45e7b25490c61eb01ff02bbc43780446ea1b23f082ff13fafbdf322e,739,0x8ad599c3a0ff1de082011efddc58f1908eb6e6d8,3000.0,0.0,58522984.0,,,0xb37048c03387802c35f1a5ee0f84834f9a692971,0xc36442b4a4522e871399cd717abdd847ab11fe88,0xa0b86991c6218b36c1d19d4a2e9eb0ce3606eb48,USDC,6,0xc02aaa39b223fe8d0a0e5c4f27ead9083c756cc2,WETH,18,0.660506,0.0,0.660506,55311279311.0,,,200220,206400,2026-03-14T18:07:11+00:00
burn,0x55352815da7c0711173c58753e473f2039db307cf16d60cc1cf8f0ac7a6f9355#1110159,1773512135,24657449,0x55352815da7c0711173c58753e473f2039db307cf16d60cc1cf8f0ac7a6f9355,412,0x8ad599c3a0ff1de082011efddc58f1908eb6e6d8,3000.0,0.0,44321680.0,,,0x447dc65dcda3c9543a3e5a25509e5b75fd138e3b,0xc36442b4a4522e871399cd717abdd847ab11fe88,0xa0b86991c6218b36c1d19d4a2e9eb0ce3606eb48,USDC,6,0xc02aaa39b223fe8d0a0e5c4f27ead9083c756cc2,WETH,18,0.0,0.0,0.0,0.0,,,192180,203160,2026-03-14T18:15:35+00:00
burn,0x3619a97e13c315094883620dc816ec32eb0aa1cc48c9d61aa3ddaa0d869965f1#1110165,1773512903,24657513,0x3619a97e13c315094883620dc816ec32eb0aa1cc48c9d61aa3ddaa0d869965f1,435,0x8ad599c3a0ff1de082011efddc58f1908eb6e6d8,3000.0,0.0,31631200.0,,,0x1c07e8dee041b690d2067f23946e25afd992e845,0xc36442b4a4522e871399cd717abdd847ab11fe88,0xa0b86991c6218b36c1d19d4a2e9eb0ce3606eb48,USDC,6,0xc02aaa39b223fe8d0a0e5c4f27ead9083c756cc2,WETH,18,0.0,0.0,0.0,0.0,,,189240,202920,2026-03-14T18:28:23+00:00
burn,0xd17d94a692e7b1ea6264afdd35cc554bee5a6353330bb4a791682ba9cd3a61a8#1110167,1773515063,24657692,0xd17d94a692e7b1ea6264afdd35cc554bee5a6353330bb4a791682ba9cd3a61a8,137,0x8ad599c3a0ff1de082011efddc58f1908eb6e6d8,3000.0,0.0,2035275344.0,,,0xccc537a899587c24a57ae67256dde98a7c1e691f,0xc36442b4a4522e871399cd717abdd847ab11fe88,0xa0b86991c6218b36c1d19d4a2e9eb0ce3606eb48,USDC,6,0xc02aaa39b223fe8d0a0e5c4f27ead9083c756cc2,WETH,18,240.914609,1.0315723477925978,2381.1093353340575,1110710911713973.0,,,199080,200040,2026-03-14T19:04:23+00:00
burn,0xf221e9bc4db7e80d9052e0d945645c3147b1064866126acc52267b71e7adcd23#1110170,1773517499,24657894,0xf221e9bc4db7e80d9052e0d945645c3147b1064866126acc52267b71e7adcd23,136,0x8ad599c3a0ff1de082011efddc58f1908eb6e6d8,3000.0,0.0,37246606.0,,,0x79dcac66b4fa9c93e09533a7ca11a592748af6eb,0xc36442b4a4522e871399cd717abdd847ab11fe88,0xa0b86991c6218b36c1d19d4a2e9eb0ce3606eb48,USDC,6,0xc02aaa39b223fe8d0a0e5c4f27ead9083c756cc2,WETH,18,0.0,0.18628237633671763,386.47853051549055,61481455620556.0,,,194700,198000,2026-03-14T19:44:59+00:00
burn,0xe427367eec2dae14385df0069c88ff8d0cc46f29b8363522b32da34833efd116#1110209,1773524723,24658494,0xe427367eec2dae14385df0069c88ff8d0cc46f29b8363522b32da34833efd116,120,0x8ad599c3a0ff1de082011efddc58f1908eb6e6d8,3000.0,0.0,2029297219.0,,,0xc20dd1afce5cc9a9a763b5a0c6cd9414ea752967,0xc36442b4a4522e871399cd717abdd847ab11fe88,0xa0b86991c6218b36c1d19d4a2e9eb0ce3606eb48,USDC,6,0xc02aaa39b223fe8d0a0e5c4f27ead9083c756cc2,WETH,18,30675.147002,0.0,30675.147002,1.640364268881116e+16,,,199980,200820,2026-03-14T21:45:23+00:00
burn,0x6d9cd755361363021ff3d86f36c383b5464008d5fb58cf1bd74e169e89fb797c#1110218,1773526103,24658609,0x6d9cd755361363021ff3d86f36c383b5464008d5fb58cf1bd74e169e89fb797c,483,0x8ad599c3a0ff1de082011efddc58f1908eb6e6d8,3000.0,0.0,69388590.0,,,0x2dac1b6713fa3b32fb2e6f7d196708a7813f4f1b,0xc36442b4a4522e871399cd717abdd847ab11fe88,0xa0b86991c6218b36c1d19d4a2e9eb0ce3606eb48,USDC,6,0xc02aaa39b223fe8d0a0e5c4f27ead9083c756cc2,WETH,18,251.727333,0.06972632680581037,396.9606286169109,36112660326141.0,,,198060,203220,2026-03-14T22:08:23+00:00
burn,0x3de31d2401a8361cd88816dd37a87f5bf0bfc71cffc4fe91417dd605ef63fc06#1110221,1773526619,24658652,0x3de31d2401a8361cd88816dd37a87f5bf0bfc71cffc4fe91417dd605ef63fc06,43,0x8ad599c3a0ff1de082011efddc58f1908eb6e6d8,3000.0,0.0,2376698381.0,,,0xae2fc483527b8ef99eb5d9b44875f005ba1fae13,0x1f2f10d1c40777ae1da742455c65828ff36df387,0xa0b86991c6218b36c1d19d4a2e9eb0ce3606eb48,USDC,6,0xc02aaa39b223fe8d0a0e5c4f27ead9083c756cc2,WETH,18,621176.067086,896.0168672139664,2487492.616610589,1.8185908820037861e+19,,,199860,199920,2026-03-14T22:16:59+00:00
burn,0xc1f99d556f222723022b2007f534df0bbb6931e8a64084a21d0ca26d303c1907#1110225,1773527723,24658742,0xc1f99d556f222723022b2007f534df0bbb6931e8a64084a21d0ca26d303c1907,83,0x8ad599c3a0ff1de082011efddc58f1908eb6e6d8,3000.0,0.0,1051888747.0,,,0xae2fc483527b8ef99eb5d9b44875f005ba1fae13,0x1f2f10d1c40777ae1da742455c65828ff36df387,0xa0b86991c6218b36c1d19d4a2e9eb0ce3606eb48,USDC,6,0xc02aaa39b223fe8d0a0e5c4f27ead9083c756cc2,WETH,18,620971.228918,895.9899527820988,2487231.0900307572,1.8184001407881839e+19,,,199860,199920,2026-03-14T22:35:23+00:00
burn,0x5ec31543363994a0bf56f851611d1f87888ec1de69817747e45af48835c5dd22#1110247,1773530015,24658933,0x5ec31543363994a0bf56f851611d1f87888ec1de69817747e45af48835c5dd22,370,0x8ad599c3a0ff1de082011efddc58f1908eb6e6d8,3000.0,0.0,60000000.0,,,0xe6aa5f20c8762364ac8763868deb5b06df1a2c35,0xc36442b4a4522e871399cd717abdd847ab11fe88,0xa0b86991c6218b36c1d19d4a2e9eb0ce3606eb48,USDC,6,0xc02aaa39b223fe8d0a0e5c4f27ead9083c756cc2,WETH,18,19999.999999,0.0,19999.999999,1938012691081339.0,,,200220,205440,2026-03-14T23:13:35+00:00
burn,0x17bda5a648477f767f3960082cc1b106b49ab7338b92e1fe459abc1a01f3e575#1110250,1773530891,24659005,0x17bda5a648477f767f3960082cc1b106b49ab7338b92e1fe459abc1a01f3e575,746,0x8ad599c3a0ff1de082011efddc58f1908eb6e6d8,3000.0,0.0,24654297.0,,,0x83681c14770b44361e21faf91d8325423365ea5c,0xc36442b4a4522e871399cd717abdd847ab11fe88,0xa0b86991c6218b36c1d19d4a2e9eb0ce3606eb48,USDC,6,0xc02aaa39b223fe8d0a0e5c4f27ead9083c756cc2,WETH,18,0.0,0.0,0.0,0.0,,,199440,200940,2026-03-14T23:28:11+00:00
burn,0xebc65bde3d92b7424ef8140c34df28f8bfc7531239fc39fd7638c3d3011126fb#1110253,1773531191,24659030,0xebc65bde3d92b7424ef8140c34df28f8bfc7531239fc39fd7638c3d3011126fb,15,0x8ad599c3a0ff1de082011efddc58f1908eb6e6d8,3000.0,0.0,5188967809.0,,,0xae2fc483527b8ef99eb5d9b44875f005ba1fae13,0x1f2f10d1c40777ae1da742455c65828ff36df387,0xa0b86991c6218b36c1d19d4a2e9eb0ce3606eb48,USDC,6,0xc02aaa39b223fe8d0a0e5c4f27ead9083c756cc2,WETH,18,67664.75953,897.3565635770495,1945597.3020822802,1.4197226581197324e+19,,,199800,199860,2026-03-14T23:33:11+00:00
burn,0x682f97a8a9c4c3939c580dd5aa907d8d380b6f57cd35752e54584b80fdb4803e#1110258,1773531527,24659058,0x682f97a8a9c4c3939c580dd5aa907d8d380b6f57cd35752e54584b80fdb4803e,71,0x8ad599c3a0ff1de082011efddc58f1908eb6e6d8,3000.0,0.0,14908060284.0,,,0xae2fc483527b8ef99eb5d9b44875f005ba1fae13,0x1f2f10d1c40777ae1da742455c65828ff36df387,0xa0b86991c6218b36c1d19d4a2e9eb0ce3606eb48,USDC,6,0xc02aaa39b223fe8d0a0e5c4f27ead9083c756cc2,WETH,18,67451.701903,897.1860566701979,1945026.300503927,1.419306807789722e+19,,,199800,199860,2026-03-14T23:38:47+00:00
burn,0x7061f5865bf51e2296aa73d80691841089350b6de84e89537d9ff94c600ce0d3#1110263,1773531899,24659089,0x7061f5865bf51e2296aa73d80691841089350b6de84e89537d9ff94c600ce0d3,18,0x8ad599c3a0ff1de082011efddc58f1908eb6e6d8,3000.0,0.0,2230694473.0,,,0xae2fc483527b8ef99eb5d9b44875f005ba1fae13,0x1f2f10d1c40777ae1da742455c65828ff36df387,0xa0b86991c6218b36c1d19d4a2e9eb0ce3606eb48,USDC,6,0xc02aaa39b223fe8d0a0e5c4f27ead9083c756cc2,WETH,18,79502.561815,897.2115018827778,1957197.2659731754,1.428139157207856e+19,,,199800,199860,2026-03-14T23:44:59+00:00
burn,0xc1baf5d642bb9439a6f55a52f0e2caa8ac8ca9335599b5f52f6ef3d66f8316bc#1110264,1773533063,24659185,0xc1baf5d642bb9439a6f55a52f0e2caa8ac8ca9335599b5f52f6ef3d66f8316bc,648,0x8ad599c3a0ff1de082011efddc58f1908eb6e6d8,3000.0,0.0,28334296.0,,,0x83681c14770b44361e21faf91d8325423365ea5c,0xc36442b4a4522e871399cd717abdd847ab11fe88,0xa0b86991c6218b36c1d19d4a2e9eb0ce3606eb48,USDC,6,0xc02aaa39b223fe8d0a0e5c4f27ead9083c756cc2,WETH,18,0.0,0.0,0.0,0.0,,,199140,207360,2026-03-15T00:04:23+00:00
burn,0xebca9f65b4a094a23995557c843e225d5c7ac708a9d22e4d0790964897b51c18#1110267,1773533099,24659188,0xebca9f65b4a094a23995557c843e225d5c7ac708a9d22e4d0790964897b51c18,803,0x8ad599c3a0ff1de082011efddc58f1908eb6e6d8,3000.0,0.0,25520822.0,,,0xa1e0b6edbf434be1322e2d1e2d438bbfcbe81546,0xc36442b4a4522e871399cd717abdd847ab11fe88,0xa0b86991c6218b36c1d19d4a2e9eb0ce3606eb48,USDC,6,0xc02aaa39b223fe8d0a0e5c4f27ead9083c756cc2,WETH,18,0.0,0.0,0.0,0.0,,,198600,199980,2026-03-15T00:04:59+00:00
burn,0x44cb0c1a6c9dbb8a33c5f743f59c70cbd6437a736f336fc47f2159b91ddd6f37#1110270,1773533183,24659195,0x44cb0c1a6c9dbb8a33c5f743f59c70cbd6437a736f336fc47f2159b91ddd6f37,879,0x8ad599c3a0ff1de082011efddc58f1908eb6e6d8,3000.0,0.0,23295486.0,,,0xa1e0b6edbf434be1322e2d1e2d438bbfcbe81546,0xc36442b4a4522e871399cd717abdd847ab11fe88,0xa0b86991c6218b36c1d19d4a2e9eb0ce3606eb48,USDC,6,0xc02aaa39b223fe8d0a0e5c4f27ead9083c756cc2,WETH,18,0.0,0.0,0.0,0.0,,,198780,200220,2026-03-15T00:06:23+00:00
burn,0xf53f8d8a873d1c839559fc88fedf5ffcf57faff86dcbd074e118ff1db5b73487#1110273,1773533459,24659218,0xf53f8d8a873d1c839559fc88fedf5ffcf57faff86dcbd074e118ff1db5b73487,48,0x8ad599c3a0ff1de082011efddc58f1908eb6e6d8,3000.0,0.0,4424614478.0,,,0xae2fc483527b8ef99eb5d9b44875f005ba1fae13,0x1f2f10d1c40777ae1da742455c65828ff36df387,0xa0b86991c6218b36c1d19d4a2e9eb0ce3606eb48,USDC,6,0xc02aaa39b223fe8d0a0e5c4f27ead9083c756cc2,WETH,18,114463.766174,897.266515602529,1992462.9949926434,1.453732630672022e+19,,,199800,199860,2026-03-15T00:10:59+00:00
burn,0x5665840df048dabe715513f33a0a4ced42e1d399980c7256ada763976a3bd217#1110283,1773536351,24659456,0x5665840df048dabe715513f33a0a4ced42e1d399980c7256ada763976a3bd217,365,0x8ad599c3a0ff1de082011efddc58f1908eb6e6d8,3000.0,0.0,24721695.0,,,0x508a312cf7334b44b9ff22ac0bac1b3db9eed4e1,0xc36442b4a4522e871399cd717abdd847ab11fe88,0xa0b86991c6218b36c1d19d4a2e9eb0ce3606eb48,USDC,6,0xc02aaa39b223fe8d0a0e5c4f27ead9083c756cc2,WETH,18,31.219203,0.00414304086828913,39.883677717585684,2832645139851.0,,,198480,205380,2026-03-15T00:59:11+00:00
burn,0x5665840df048dabe715513f33a0a4ced42e1d399980c7256ada763976a3bd217#1110284,1773536351,24659456,0x5665840df048dabe715513f33a0a4ced42e1d399980c7256ada763976a3bd217,367,0x8ad599c3a0ff1de082011efddc58f1908eb6e6d8,3000.0,0.0,24721695.0,,,0x508a312cf7334b44b9ff22ac0bac1b3db9eed4e1,0xc36442b4a4522e871399cd717abdd847ab11fe88,0xa0b86991c6218b36c1d19d4a2e9eb0ce3606eb48,USDC,6,0xc02aaa39b223fe8d0a0e5c4f27ead9083c756cc2,WETH,18,0.0,0.0,0.0,0.0,,,198480,205380,2026-03-15T00:59:11+00:00
burn,0xd7def167d2e0c1070745afe05acdc5df54d33040d13e0d86ac6becc4730e9427#1110296,1773539003,24659676,0xd7def167d2e0c1070745afe05acdc5df54d33040d13e0d86ac6becc4730e9427,816,0x8ad599c3a0ff1de082011efddc58f1908eb6e6d8,3000.0,0.0,22495361.0,,,0x1bcd2eeb14e7eb43cc6118a29dfb7c43491a9292,0xc36442b4a4522e871399cd717abdd847ab11fe88,0xa0b86991c6218b36c1d19d4a2e9eb0ce3606eb48,USDC,6,0xc02aaa39b223fe8d0a0e5c4f27ead9083c756cc2,WETH,18,203.827068,0.33446696605560555,902.6036603315542,77500681421546.0,,,195480,201060,2026-03-15T01:43:23+00:00
burn,0x87a60e63e5dcc64ded11617776ff6caa83db697b33ec015b438709da41f075b8#1110327,1773545339,24660203,0x87a60e63e5dcc64ded11617776ff6caa83db697b33ec015b438709da41f075b8,375,0x8ad599c3a0ff1de082011efddc58f1908eb6e6d8,3000.0,0.0,28693361.0,,,0xfba3ed83810c19c2e36c2b8a2db8390207dfe7e1,0xc36442b4a4522e871399cd717abdd847ab11fe88,0xa0b86991c6218b36c1d19d4a2e9eb0ce3606eb48,USDC,6,0xc02aaa39b223fe8d0a0e5c4f27ead9083c756cc2,WETH,18,0.0,0.0,0.0,0.0,,,198000,203760,2026-03-15T03:28:59+00:00
burn,0x1b13f5717eaf4d2d3f8d3e26a91591c4ca825f4648a053b33cbc970e09426dbc#1110333,1773545531,24660219,0x1b13f5717eaf4d2d3f8d3e26a91591c4ca825f4648a053b33cbc970e09426dbc,703,0x8ad599c3a0ff1de082011efddc58f1908eb6e6d8,3000.0,0.0,25011129.0,,,0xfba3ed83810c19c2e36c2b8a2db8390207dfe7e1,0xc36442b4a4522e871399cd717abdd847ab11fe88,0xa0b86991c6218b36c1d19d4a2e9eb0ce3606eb48,USDC,6,0xc02aaa39b223fe8d0a0e5c4f27ead9083c756cc2,WETH,18,0.0,0.0,0.0,0.0,,,198000,203760,2026-03-15T03:32:11+00:00
burn,0x1b13f5717eaf4d2d3f8d3e26a91591c4ca825f4648a053b33cbc970e09426dbc#1110334,1773545531,24660219,0x1b13f5717eaf4d2d3f8d3e26a91591c4ca825f4648a053b33cbc970e09426dbc,722,0x8ad599c3a0ff1de082011efddc58f1908eb6e6d8,3000.0,0.0,25011129.0,,,0xfba3ed83810c19c2e36c2b8a2db8390207dfe7e1,0xc36442b4a4522e871399cd717abdd847ab11fe88,0xa0b86991c6218b36c1d19d4a2e9eb0ce3606eb48,USDC,6,0xc02aaa39b223fe8d0a0e5c4f27ead9083c756cc2,WETH,18,68.150633,0.015784244965179786,101.30772678165678,8316553303825.0,,,198000,203760,2026-03-15T03:32:11+00:00
burn,0x2f58549558f6ffa0abc01511ae2abe524bbb9582fbea7151ee2b08a69090ec35#1110340,1773547691,24660398,0x2f58549558f6ffa0abc01511ae2abe524bbb9582fbea7151ee2b08a69090ec35,79,0x8ad599c3a0ff1de082011efddc58f1908eb6e6d8,3000.0,0.0,13288463627.0,,,0xae2fc483527b8ef99eb5d9b44875f005ba1fae13,0x1f2f10d1c40777ae1da742455c65828ff36df387,0xa0b86991c6218b36c1d19d4a2e9eb0ce3606eb48,USDC,6,0xc02aaa39b223fe8d0a0e5c4f27ead9083c756cc2,WETH,18,1526809.13837,392.58615710753315,2351424.7755684895,1.7117013170846695e+19,,,199800,199860,2026-03-15T04:08:11+00:00
burn,0x7b947cb7088989d3a7438d41af87d38d58cee9e077b89d880e8529f3c3698364#1110346,1773549455,24660544,0x7b947cb7088989d3a7438d41af87d38d58cee9e077b89d880e8529f3c3698364,339,0x8ad599c3a0ff1de082011efddc58f1908eb6e6d8,3000.0,0.0,26252237.0,,,0x83681c14770b44361e21faf91d8325423365ea5c,0xc36442b4a4522e871399cd717abdd847ab11fe88,0xa0b86991c6218b36c1d19d4a2e9eb0ce3606eb48,USDC,6,0xc02aaa39b223fe8d0a0e5c4f27ead9083c756cc2,WETH,18,0.0,0.0,0.0,0.0,,,199440,200940,2026-03-15T04:37:35+00:00
burn,0x9d8973830584d678532b536c337d10c2e8a33fa84c095126ae118fee3c575e50#1110347,1773549479,24660546,0x9d8973830584d678532b536c337d10c2e8a33fa84c095126ae118fee3c575e50,676,0x8ad599c3a0ff1de082011efddc58f1908eb6e6d8,3000.0,0.0,24964069.0,,,0x508a312cf7334b44b9ff22ac0bac1b3db9eed4e1,0xc36442b4a4522e871399cd717abdd847ab11fe88,0xa0b86991c6218b36c1d19d4a2e9eb0ce3606eb48,USDC,6,0xc02aaa39b223fe8d0a0e5c4f27ead9083c756cc2,WETH,18,0.0,0.0,0.0,0.0,,,198480,205380,2026-03-15T04:37:59+00:00
burn,0xe5f31285885d950a4f7386f64bdfdef3c767942cda8fd228e6ad247ddbe669d5#1110351,1773550655,24660644,0xe5f31285885d950a4f7386f64bdfdef3c767942cda8fd228e6ad247ddbe669d5,84,0x8ad599c3a0ff1de082011efddc58f1908eb6e6d8,3000.0,0.0,126520237.0,,,0x46fb459c8af259fbefcb65f11f7a4fec846e0a93,0xc36442b4a4522e871399cd717abdd847ab11fe88,0xa0b86991c6218b36c1d19d4a2e9eb0ce3606eb48,USDC,6,0xc02aaa39b223fe8d0a0e5c4f27ead9083c756cc2,WETH,18,721.109182,0.25199264547400385,1250.4125249265846,204785090876086.0,,,198660,201420,2026-03-15T04:57:35+00:00
burn,0xb57f304df2478de467c8ad76dd0f631aed183bd8e74ba708f6e34649bf22ff60#1110370,1773558431,24661291,0xb57f304df2478de467c8ad76dd0f631aed183bd8e74ba708f6e34649bf22ff60,36,0x8ad599c3a0ff1de082011efddc58f1908eb6e6d8,3000.0,0.0,196388944.0,,,0x96cbed74766e0f0c16540f96c7f6c29559c28b9a,0xc36442b4a4522e871399cd717abdd847ab11fe88,0xa0b86991c6218b36c1d19d4a2e9eb0ce3606eb48,USDC,6,0xc02aaa39b223fe8d0a0e5c4f27ead9083c756cc2,WETH,18,0.0,0.0,0.0,0.0,,,189960,203820,2026-03-15T07:07:11+00:00
burn,0xd42de1cee87db9e38b4d21a06572f7f6a1c582302e575587832f9086531134e1#1110371,1773558479,24661295,0xd42de1cee87db9e38b4d21a06572f7f6a1c582302e575587832f9086531134e1,163,0x8ad599c3a0ff1de082011efddc58f1908eb6e6d8,3000.0,0.0,54243329.0,,,0x96cbed74766e0f0c16540f96c7f6c29559c28b9a,0xc36442b4a4522e871399cd717abdd847ab11fe88,0xa0b86991c6218b36c1d19d4a2e9eb0ce3606eb48,USDC,6,0xc02aaa39b223fe8d0a0e5c4f27ead9083c756cc2,WETH,18,3492.746472,3.5100634891592333,10897.314738186156,415600589940851.0,,,189960,203820,2026-03-15T07:07:59+00:00
burn,0x2007e2c4ecdd0b80adde8faabf6cbe7bcfbdf013f012ab0806ae6d5bcd94aa79#1110376,1773559019,24661340,0x2007e2c4ecdd0b80adde8faabf6cbe7bcfbdf013f012ab0806ae6d5bcd94aa79,42,0x8ad599c3a0ff1de082011efddc58f1908eb6e6d8,3000.0,0.0,2030829922.0,,,0xff25f534082003eed773a4d9123f40a612f158f3,0xc36442b4a4522e871399cd717abdd847ab11fe88,0xa0b86991c6218b36c1d19d4a2e9eb0ce3606eb48,USDC,6,0xc02aaa39b223fe8d0a0e5c4f27ead9083c756cc2,WETH,18,0.0,0.0,0.0,0.0,,,198900,201120,2026-03-15T07:16:59+00:00
burn,0x23c4a54ba71cf181c5457622d729dadbd96adb45d3644164eda02095428ac692#1110377,1773559091,24661346,0x23c4a54ba71cf181c5457622d729dadbd96adb45d3644164eda02095428ac692,91,0x8ad599c3a0ff1de082011efddc58f1908eb6e6d8,3000.0,0.0,2031561008.0,,,0xff25f534082003eed773a4d9123f40a612f158f3,0xc36442b4a4522e871399cd717abdd847ab11fe88,0xa0b86991c6218b36c1d19d4a2e9eb0ce3606eb48,USDC,6,0xc02aaa39b223fe8d0a0e5c4f27ead9083c756cc2,WETH,18,76.493576,0.02399861807690487,127.11927178466047,25664056123538.0,,,198900,201120,2026-03-15T07:18:11+00:00
burn,0x2c2191f0a6b96d07d088847f5d0612663aa5af844404df476303685af548b412#1110386,1773562487,24661626,0x2c2191f0a6b96d07d088847f5d0612663aa5af844404df476303685af548b412,16,0x8ad599c3a0ff1de082011efddc58f1908eb6e6d8,3000.0,0.0,2081627054.0,,,0xae2fc483527b8ef99eb5d9b44875f005ba1fae13,0x1f2f10d1c40777ae1da742455c65828ff36df387,0xa0b86991c6218b36c1d19d4a2e9eb0ce3606eb48,USDC,6,0xc02aaa39b223fe8d0a0e5c4f27ead9083c756cc2,WETH,18,1074709.912096,897.982185391593,2968974.9482672163,2.1566068457314714e+19,,,199740,199800,2026-03-15T08:14:47+00:00
burn,0x6446d5bee245d423c8ffcca6bb4f6976fc7134d9da8d0f2836bf928abfddf722#1110390,1773562907,24661661,0x6446d5bee245d423c8ffcca6bb4f6976fc7134d9da8d0f2836bf928abfddf722,25,0x8ad599c3a0ff1de082011efddc58f1908eb6e6d8,3000.0,0.0,4703927694.0,,,0xae2fc483527b8ef99eb5d9b44875f005ba1fae13,0x1f2f10d1c40777ae1da742455c65828ff36df387,0xa0b86991c6218b36c1d19d4a2e9eb0ce3606eb48,USDC,6,0xc02aaa39b223fe8d0a0e5c4f27ead9083c756cc2,WETH,18,1072520.809394,898.295195059979,2967439.8678775006,2.1554963389874176e+19,,,199740,199800,2026-03-15T08:21:47+00:00
burn,0x2c81b4febd4a041a7916e6f126b8c896dca92fd5b1c6b07c78393b1e85f3d299#1110391,1773563003,24661669,0x2c81b4febd4a041a7916e6f126b8c896dca92fd5b1c6b07c78393b1e85f3d299,172,0x8ad599c3a0ff1de082011efddc58f1908eb6e6d8,3000.0,0.0,129494305.0,,,0x7b44267fb3cd186767e828269232392c748c0cd9,0xc36442b4a4522e871399cd717abdd847ab11fe88,0xa0b86991c6218b36c1d19d4a2e9eb0ce3606eb48,USDC,6,0xc02aaa39b223fe8d0a0e5c4f27ead9083c756cc2,WETH,18,91.020513,0.1729285176195818,455.80654947742534,28120655802418.0,,,193140,201240,2026-03-15T08:23:23+00:00
burn,0x008ef00a91a532c01b31d2c64a2767c8c13d5c75df91a07bb04be28a961ba457#1110394,1773563411,24661703,0x008ef00a91a532c01b31d2c64a2767c8c13d5c75df91a07bb04be28a961ba457,39,0x8ad599c3a0ff1de082011efddc58f1908eb6e6d8,3000.0,0.0,1330661439.0,,,0xae2fc483527b8ef99eb5d9b44875f005ba1fae13,0x1f2f10d1c40777ae1da742455c65828ff36df387,0xa0b86991c6218b36c1d19d4a2e9eb0ce3606eb48,USDC,6,0xc02aaa39b223fe8d0a0e5c4f27ead9083c756cc2,WETH,18,535544.100459,448.8853131761618,1482449.3651944024,1.0768259665713168e+19,,,199740,199800,2026-03-15T08:30:11+00:00
burn,0x42d582fec2766cc99b9822f99f9a8dcd3fc8ec48be28fa785281efefc45501fd#1110424,1773568259,24662106,0x42d582fec2766cc99b9822f99f9a8dcd3fc8ec48be28fa785281efefc45501fd,716,0x8ad599c3a0ff1de082011efddc58f1908eb6e6d8,3000.0,0.0,27436083.0,,,0x83681c14770b44361e21faf91d8325423365ea5c,0xc36442b4a4522e871399cd717abdd847ab11fe88,0xa0b86991c6218b36c1d19d4a2e9eb0ce3606eb48,USDC,6,0xc02aaa39b223fe8d0a0e5c4f27ead9083c756cc2,WETH,18,0.0,0.0,0.0,0.0,,,199440,200940,2026-03-15T09:50:59+00:00
burn,0x46ed8f795284411f7691cee1ce7c71a197d2af49cf459f7afffa02faf8040f25#1110429,1773568343,24662113,0x46ed8f795284411f7691cee1ce7c71a197d2af49cf459f7afffa02faf8040f25,107,0x8ad599c3a0ff1de082011efddc58f1908eb6e6d8,3000.0,0.0,808179060.0,,,0xae2fc483527b8ef99eb5d9b44875f005ba1fae13,0x1f2f10d1c40777ae1da742455c65828ff36df387,0xa0b86991c6218b36c1d19d4a2e9eb0ce3606eb48,USDC,6,0xc02aaa39b223fe8d0a0e5c4f27ead9083c756cc2,WETH,18,1529842.338041,23.48779289855862,1579569.767527874,1.1459718459424768e+19,,,199740,199800,2026-03-15T09:52:23+00:00
burn,0xb44ca0bc878af0781b8b0d63170f0510aa37ca667b8570048f2313a4289dc144#1110434,1773569459,24662206,0xb44ca0bc878af0781b8b0d63170f0510aa37ca667b8570048f2313a4289dc144,223,0x8ad599c3a0ff1de082011efddc58f1908eb6e6d8,3000.0,0.0,2029349416.0,,,0x8db20e8e4c229e2ad5abf7b0174d51053be90c05,0xc36442b4a4522e871399cd717abdd847ab11fe88,0xa0b86991c6218b36c1d19d4a2e9eb0ce3606eb48,USDC,6,0xc02aaa39b223fe8d0a0e5c4f27ead9083c756cc2,WETH,18,0.0,1.6665151561287224,3528.2802365344105,348564421379746.0,,,193140,198480,2026-03-15T10:10:59+00:00
burn,0xd3c192415452fa6f01fdfcc0cf31001c2dec1135d7323039e8627aae2d1a493a#1110439,1773570779,24662316,0xd3c192415452fa6f01fdfcc0cf31001c2dec1135d7323039e8627aae2d1a493a,418,0x8ad599c3a0ff1de082011efddc58f1908eb6e6d8,3000.0,0.0,127158700.0,,,0x7b82a645c675dca5ec2addae9aca0cd91ef554c3,0xc36442b4a4522e871399cd717abdd847ab11fe88,0xa0b86991c6218b36c1d19d4a2e9eb0ce3606eb48,USDC,6,0xc02aaa39b223fe8d0a0e5c4f27ead9083c756cc2,WETH,18,0.0,0.0,0.0,0.0,,,199080,201240,2026-03-15T10:32:59+00:00
burn,0xd3c192415452fa6f01fdfcc0cf31001c2dec1135d7323039e8627aae2d1a493a#1110440,1773570779,24662316,0xd3c192415452fa6f01fdfcc0cf31001c2dec1135d7323039e8627aae2d1a493a,431,0x8ad599c3a0ff1de082011efddc58f1908eb6e6d8,3000.0,0.0,127158700.0,,,0x7b82a645c675dca5ec2addae9aca0cd91ef554c3,0xc36442b4a4522e871399cd717abdd847ab11fe88,0xa0b86991c6218b36c1d19d4a2e9eb0ce3606eb48,USDC,6,0xc02aaa39b223fe8d0a0e5c4f27ead9083c756cc2,WETH,18,5876.231463,1.251930003804475,8526.768536695065,1769668549188279.0,,,199080,201240,2026-03-15T10:32:59+00:00
burn,0xf190780afe05657299812d4ed456c382d0ade0a16cbd568bd557c31dd5781e65#1110442,1773571979,24662416,0xf190780afe05657299812d4ed456c382d0ade0a16cbd568bd557c31dd5781e65,22,0x8ad599c3a0ff1de082011efddc58f1908eb6e6d8,3000.0,0.0,122579869.0,,,0x8c7ac867ddb2a1b405ce89a1cc838226eafe5f03,0xc36442b4a4522e871399cd717abdd847ab11fe88,0xa0b86991c6218b36c1d19d4a2e9eb0ce3606eb48,USDC,6,0xc02aaa39b223fe8d0a0e5c4f27ead9083c756cc2,WETH,18,0.0,0.0,0.0,0.0,,,199380,200640,2026-03-15T10:52:59+00:00
burn,0x447ced88af9bde4509ae7f4321b955a7e43881c1ba3d1f5d379f8d3d90dcfd67#1110445,1773572315,24662444,0x447ced88af9bde4509ae7f4321b955a7e43881c1ba3d1f5d379f8d3d90dcfd67,481,0x8ad599c3a0ff1de082011efddc58f1908eb6e6d8,3000.0,0.0,23227002.0,,,0x83681c14770b44361e21faf91d8325423365ea5c,0xc36442b4a4522e871399cd717abdd847ab11fe88,0xa0b86991c6218b36c1d19d4a2e9eb0ce3606eb48,USDC,6,0xc02aaa39b223fe8d0a0e5c4f27ead9083c756cc2,WETH,18,0.0,0.0,0.0,0.0,,,196260,200400,2026-03-15T10:58:35+00:00
burn,0x2f6d7eca7be52e6cdbbdd1aed12b372d6d74fe11a65029e4bb192605f8478649#1110453,1773573179,24662516,0x2f6d7eca7be52e6cdbbdd1aed12b372d6d74fe11a65029e4bb192605f8478649,70,0x8ad599c3a0ff1de082011efddc58f1908eb6e6d8,3000.0,0.0,2752025023.0,,,0xae2fc483527b8ef99eb5d9b44875f005ba1fae13,0x1f2f10d1c40777ae1da742455c65828ff36df387,0xa0b86991c6218b36c1d19d4a2e9eb0ce3606eb48,USDC,6,0xc02aaa39b223fe8d0a0e5c4f27ead9083c756cc2,WETH,18,1529630.571491,23.663004354715422,1579728.8822385925,1.146087333318099e+19,,,199740,199800,2026-03-15T11:12:59+00:00
burn,0x2549a751158af095ab11947c0654b20ab908b7632b562ab4f9387a1bfdcc1d5d#1110461,1773575735,24662726,0x2549a751158af095ab11947c0654b20ab908b7632b562ab4f9387a1bfdcc1d5d,46,0x8ad599c3a0ff1de082011efddc58f1908eb6e6d8,3000.0,0.0,5316910305.0,,,0xae2fc483527b8ef99eb5d9b44875f005ba1fae13,0x1f2f10d1c40777ae1da742455c65828ff36df387,0xa0b86991c6218b36c1d19d4a2e9eb0ce3606eb48,USDC,6,0xc02aaa39b223fe8d0a0e5c4f27ead9083c756cc2,WETH,18,1529802.931759,15.459221462858364,1562534.6521431163,1.1336110589136077e+19,,,199740,199800,2026-03-15T11:55:35+00:00
burn,0x4da90c71061336ee546c16306526c9b79f99b1d047c7d84464548d6bd113fc7a#1110462,1773576467,24662787,0x4da90c71061336ee546c16306526c9b79f99b1d047c7d84464548d6bd113fc7a,190,0x8ad599c3a0ff1de082011efddc58f1908eb6e6d8,3000.0,0.0,138056081.0,,,0xabc55860838c9338646fe77f4cd9137342b45cc1,0xc36442b4a4522e871399cd717abdd847ab11fe88,0xa0b86991c6218b36c1d19d4a2e9eb0ce3606eb48,USDC,6,0xc02aaa39b223fe8d0a0e5c4f27ead9083c756cc2,WETH,18,0.0,0.0,0.0,0.0,,,199560,200940,2026-03-15T12:07:47+00:00
burn,0xd61a91e5d88724637b6da08542090be7262c42093a1f83acad456291cabce00b#1110464,1773576695,24662806,0xd61a91e5d88724637b6da08542090be7262c42093a1f83acad456291cabce00b,25,0x8ad599c3a0ff1de082011efddc58f1908eb6e6d8,3000.0,0.0,2660584449.0,,,0xae2fc483527b8ef99eb5d9b44875f005ba1fae13,0x1f2f10d1c40777ae1da742455c65828ff36df387,0xa0b86991c6218b36c1d19d4a2e9eb0ce3606eb48,USDC,6,0xc02aaa39b223fe8d0a0e5c4f27ead9083c756cc2,WETH,18,1529512.659629,15.71186269049869,1562779.2282615895,1.1337885462896312e+19,,,199740,199800,2026-03-15T12:11:35+00:00
burn,0xb77cdd8fe6eec14898e5fc3aecec80861cf74ed67274927bb8a95e8e0369c030#1110497,1773580523,24663124,0xb77cdd8fe6eec14898e5fc3aecec80861cf74ed67274927bb8a95e8e0369c030,210,0x8ad599c3a0ff1de082011efddc58f1908eb6e6d8,3000.0,0.0,89249898.0,,,0x11e33fba7e1efc5f8d0760a8745834437a13139c,0xc36442b4a4522e871399cd717abdd847ab11fe88,0xa0b86991c6218b36c1d19d4a2e9eb0ce3606eb48,USDC,6,0xc02aaa39b223fe8d0a0e5c4f27ead9083c756cc2,WETH,18,543.794167,0.07771382061844269,706.9239501159018,160918270751377.0,,,199380,201360,2026-03-15T13:15:23+00:00
burn,0x2e460c7a8b55fca73acaa2fb60bbc69b188ace37239d4c2a4e36265abea481d9#1110503,1773581123,24663173,0x2e460c7a8b55fca73acaa2fb60bbc69b188ace37239d4c2a4e36265abea481d9,277,0x8ad599c3a0ff1de082011efddc58f1908eb6e6d8,3000.0,0.0,2039750685.0,,,0x8e575057ec095005d905c96e84843a0a9a5270e4,0xc36442b4a4522e871399cd717abdd847ab11fe88,0xa0b86991c6218b36c1d19d4a2e9eb0ce3606eb48,USDC,6,0xc02aaa39b223fe8d0a0e5c4f27ead9083c756cc2,WETH,18,0.0,0.0,0.0,0.0,,,190200,198600,2026-03-15T13:25:23+00:00
burn,0x0ec0c0b870681555205e67ae931c4ef26d6598ed78821e48dd49908025835a50#1110512,1773582407,24663280,0x0ec0c0b870681555205e67ae931c4ef26d6598ed78821e48dd49908025835a50,66,0x8ad599c3a0ff1de082011efddc58f1908eb6e6d8,3000.0,0.0,193192683.0,,,0xe79c820dbf5a8f0c6b3ec21741690d93e0ee3c84,0xc36442b4a4522e871399cd717abdd847ab11fe88,0xa0b86991c6218b36c1d19d4a2e9eb0ce3606eb48,USDC,6,0xc02aaa39b223fe8d0a0e5c4f27ead9083c756cc2,WETH,18,963.699935,0.46290928228012035,1932.8783313977287,72128573995870.0,,,192900,206760,2026-03-15T13:46:47+00:00
burn,0xfb6a861e853779ff06568c84576d93c4eebbd8f5a24355e8aec45b115e1c6a20#1110513,1773582647,24663300,0xfb6a861e853779ff06568c84576d93c4eebbd8f5a24355e8aec45b115e1c6a20,56,0x8ad599c3a0ff1de082011efddc58f1908eb6e6d8,3000.0,0.0,1210012947.0,,,0xae2fc483527b8ef99eb5d9b44875f005ba1fae13,0x1f2f10d1c40777ae1da742455c65828ff36df387,0xa0b86991c6218b36c1d19d4a2e9eb0ce3606eb48,USDC,6,0xc02aaa39b223fe8d0a0e5c4f27ead9083c756cc2,WETH,18,229406.639474,897.831865315215,2109167.362008457,1.5384479722201154e+19,,,199800,199860,2026-03-15T13:50:47+00:00
burn,0x3684478761d636db8b0d9164f7412d191dc311e43bab7f388b736720256fe12c#1110533,1773594587,24664294,0x3684478761d636db8b0d9164f7412d191dc311e43bab7f388b736720256fe12c,82,0x8ad599c3a0ff1de082011efddc58f1908eb6e6d8,3000.0,0.0,2035751332.0,,,0x2957ae224731e1ed78e24543e804598c8f28f2aa,0xc36442b4a4522e871399cd717abdd847ab11fe88,0xa0b86991c6218b36c1d19d4a2e9eb0ce3606eb48,USDC,6,0xc02aaa39b223fe8d0a0e5c4f27ead9083c756cc2,WETH,18,0.0,0.0,0.0,0.0,,,198540,200820,2026-03-15T17:09:47+00:00
burn,0x39ff908ecef38133ec476c6bae8aa09ebebeda8aeb9125a495fb24360c61fbca#1110536,1773595835,24664397,0x39ff908ecef38133ec476c6bae8aa09ebebeda8aeb9125a495fb24360c61fbca,106,0x8ad599c3a0ff1de082011efddc58f1908eb6e6d8,3000.0,0.0,193736945.0,,,0x8c7ac867ddb2a1b405ce89a1cc838226eafe5f03,0xc36442b4a4522e871399cd717abdd847ab11fe88,0xa0b86991c6218b36c1d19d4a2e9eb0ce3606eb48,USDC,6,0xc02aaa39b223fe8d0a0e5c4f27ead9083c756cc2,WETH,18,0.0,0.0,0.0,0.0,,,199380,200640,2026-03-15T17:30:35+00:00
burn,0x728482b00935448ecb0fb77c49b12b75c80c6886abd0b6e9e612104d0d53db28#1110537,1773595931,24664405,0x728482b00935448ecb0fb77c49b12b75c80c6886abd0b6e9e612104d0d53db28,175,0x8ad599c3a0ff1de082011efddc58f1908eb6e6d8,3000.0,0.0,148937725.0,,,0x8c7ac867ddb2a1b405ce89a1cc838226eafe5f03,0xc36442b4a4522e871399cd717abdd847ab11fe88,0xa0b86991c6218b36c1d19d4a2e9eb0ce3606eb48,USDC,6,0xc02aaa39b223fe8d0a0e5c4f27ead9083c756cc2,WETH,18,47767.066754,13.85123122680588,76766.3582181708,2.7079407787286896e+16,,,199380,200640,2026-03-15T17:32:11+00:00
burn,0xdf4e419682b1beceb37b33e2ec167e2245aafe4622569bf6cc7677674bb1ba58#1110536,1773596003,24664411,0xdf4e419682b1beceb37b33e2ec167e2245aafe4622569bf6cc7677674bb1ba58,276,0x8ad599c3a0ff1de082011efddc58f1908eb6e6d8,3000.0,0.0,2032015488.0,,,0xcc53794c9616b6148b28a50e918e517535fc4aa9,0xc36442b4a4522e871399cd717abdd847ab11fe88,0xa0b86991c6218b36c1d19d4a2e9eb0ce3606eb48,USDC,6,0xc02aaa39b223fe8d0a0e5c4f27ead9083c756cc2,WETH,18,0.0,0.0,0.0,0.0,,,192300,202080,2026-03-15T17:33:23+00:00
burn,0x1acac272659a32f90a5bdfd8176457847ef14dcdb5fae7e5be6646b7e706ee25#1110540,1773596411,24664445,0x1acac272659a32f90a5bdfd8176457847ef14dcdb5fae7e5be6646b7e706ee25,397,0x8ad599c3a0ff1de082011efddc58f1908eb6e6d8,3000.0,0.0,68721936.0,,,0x82c6cadbfe88093ec7472a891322fea4eedec9e8,0xc36442b4a4522e871399cd717abdd847ab11fe88,0xa0b86991c6218b36c1d19d4a2e9eb0ce3606eb48,USDC,6,0xc02aaa39b223fe8d0a0e5c4f27ead9083c756cc2,WETH,18,24.400838,0.011560597681386831,48.60440056949607,7350896086432.0,,,198360,201360,2026-03-15T17:40:11+00:00
burn,0x3a6f2a36f470387617b48b2626aa7face85ca7c7d814f824892e12cd63c2eae0#1110560,1773598391,24664610,0x3a6f2a36f470387617b48b2626aa7face85ca7c7d814f824892e12cd63c2eae0,229,0x8ad599c3a0ff1de082011efddc58f1908eb6e6d8,3000.0,0.0,2033869984.0,,,0xf1f67ce3a384e6995449ead5cdf28eb049fc816a,0xc36442b4a4522e871399cd717abdd847ab11fe88,0xa0b86991c6218b36c1d19d4a2e9eb0ce3606eb48,USDC,6,0xc02aaa39b223fe8d0a0e5c4f27ead9083c756cc2,WETH,18,0.0,0.0,0.0,0.0,,,199020,201180,2026-03-15T18:13:11+00:00
burn,0x8fd4bdfee132eaa0374a06549bbc704e0b4ed0928735c4565fabbccc0fc879d7#1110559,1773598487,24664618,0x8fd4bdfee132eaa0374a06549bbc704e0b4ed0928735c4565fabbccc0fc879d7,389,0x8ad599c3a0ff1de082011efddc58f1908eb6e6d8,3000.0,0.0,2033676202.0,,,0x651c1fef07237faebb7128dfe632f6a52532f5a1,0xc36442b4a4522e871399cd717abdd847ab11fe88,0xa0b86991c6218b36c1d19d4a2e9eb0ce3606eb48,USDC,6,0xc02aaa39b223fe8d0a0e5c4f27ead9083c756cc2,WETH,18,0.0,0.0,0.0,0.0,,,199080,201180,2026-03-15T18:14:47+00:00
burn,0x90fe9e9730c26046470e8b07c96e78cf62fb63cbd957b2f645cb3c4312515d17#1110560,1773598571,24664625,0x90fe9e9730c26046470e8b07c96e78cf62fb63cbd957b2f645cb3c4312515d17,713,0x8ad599c3a0ff1de082011efddc58f1908eb6e6d8,3000.0,0.0,2033931045.0,,,0xd9602696e645759506a6afd695ba820c169393af,0xc36442b4a4522e871399cd717abdd847ab11fe88,0xa0b86991c6218b36c1d19d4a2e9eb0ce3606eb48,USDC,6,0xc02aaa39b223fe8d0a0e5c4f27ead9083c756cc2,WETH,18,0.0,0.0,0.0,0.0,,,199080,201180,2026-03-15T18:16:11+00:00
burn,0x49ae89b1a677f9eeeff5d6181c64d4efb2dab38efd6810d2647489fa71e4af26#1110563,1773598571,24664625,0x49ae89b1a677f9eeeff5d6181c64d4efb2dab38efd6810d2647489fa71e4af26,757,0x8ad599c3a0ff1de082011efddc58f1908eb6e6d8,3000.0,0.0,112931045.0,,,0x793e730f0e0bd8d442e1e4f716f0274d5dd1d4aa,0xc36442b4a4522e871399cd717abdd847ab11fe88,0xa0b86991c6218b36c1d19d4a2e9eb0ce3606eb48,USDC,6,0xc02aaa39b223fe8d0a0e5c4f27ead9083c756cc2,WETH,18,712.135938,0.06393845054686981,847.1186167426802,218782378776600.0,,,199500,201240,2026-03-15T18:16:11+00:00
burn,0x33aaf3b6a8ce44a5cdfa1eaee4a9a062f520a23fd8f7fc7e6e51a456c26b1399#1110564,1773598643,24664631,0x33aaf3b6a8ce44a5cdfa1eaee4a9a062f520a23fd8f7fc7e6e51a456c26b1399,317,0x8ad599c3a0ff1de082011efddc58f1908eb6e6d8,3000.0,0.0,133395097.0,,,0x92c31aa9fda1f7066a9ae58b6f1743126bd64728,0xc36442b4a4522e871399cd717abdd847ab11fe88,0xa0b86991c6218b36c1d19d4a2e9eb0ce3606eb48,USDC,6,0xc02aaa39b223fe8d0a0e5c4f27ead9083c756cc2,WETH,18,0.0,0.0,0.0,0.0,,,192120,203160,2026-03-15T18:17:23+00:00
burn,0xe633c6e3b0f2697b8ce5946212fda4276664bfda3b5d625aa3d3e29235d42c5e#1110563,1773598691,24664635,0xe633c6e3b0f2697b8ce5946212fda4276664bfda3b5d625aa3d3e29235d42c5e,429,0x8ad599c3a0ff1de082011efddc58f1908eb6e6d8,3000.0,0.0,38761056.0,,,0x83681c14770b44361e21faf91d8325423365ea5c,0xc36442b4a4522e871399cd717abdd847ab11fe88,0xa0b86991c6218b36c1d19d4a2e9eb0ce3606eb48,USDC,6,0xc02aaa39b223fe8d0a0e5c4f27ead9083c756cc2,WETH,18,0.0,0.0,0.0,0.0,,,199440,200940,2026-03-15T18:18:11+00:00
burn,0x21899dfdc912d7f4a598eaa0569b76851c4ab330517d354e849fef7c56423626#1110569,1773598811,24664645,0x21899dfdc912d7f4a598eaa0569b76851c4ab330517d354e849fef7c56423626,261,0x8ad599c3a0ff1de082011efddc58f1908eb6e6d8,3000.0,0.0,2037311709.0,,,0x0e537578296f92a8cbfe9af9f94d379fa272ae73,0xc36442b4a4522e871399cd717abdd847ab11fe88,0xa0b86991c6218b36c1d19d4a2e9eb0ce3606eb48,USDC,6,0xc02aaa39b223fe8d0a0e5c4f27ead9083c756cc2,WETH,18,0.0,0.0,0.0,0.0,,,199020,201060,2026-03-15T18:20:11+00:00
burn,0x608a656fd6b416763f37f20bf6806e94dcb4d7bf2d26eb5fb963ba56fef13cd7#1110572,1773599507,24664703,0x608a656fd6b416763f37f20bf6806e94dcb4d7bf2d26eb5fb963ba56fef13cd7,63,0x8ad599c3a0ff1de082011efddc58f1908eb6e6d8,3000.0,0.0,234196600.0,,,0x6aa95c45aed3f6a04485e63016b101bd3d568f17,0xc36442b4a4522e871399cd717abdd847ab11fe88,0xa0b86991c6218b36c1d19d4a2e9eb0ce3606eb48,USDC,6,0xc02aaa39b223fe8d0a0e5c4f27ead9083c756cc2,WETH,18,0.0,0.0,0.0,0.0,,,198900,200820,2026-03-15T18:31:47+00:00
burn,0x5d23ecf8e8974fe0c8ed8f5feae4d7b346e4a23d281ab6523548345951ae226c#1110579,1773600623,24664795,0x5d23ecf8e8974fe0c8ed8f5feae4d7b346e4a23d281ab6523548345951ae226c,388,0x8ad599c3a0ff1de082011efddc58f1908eb6e6d8,3000.0,0.0,140102447.0,,,0x92c31aa9fda1f7066a9ae58b6f1743126bd64728,0xc36442b4a4522e871399cd717abdd847ab11fe88,0xa0b86991c6218b36c1d19d4a2e9eb0ce3606eb48,USDC,6,0xc02aaa39b223fe8d0a0e5c4f27ead9083c756cc2,WETH,18,0.0,0.0,0.0,0.0,,,192120,203160,2026-03-15T18:50:23+00:00
burn,0x5d23ecf8e8974fe0c8ed8f5feae4d7b346e4a23d281ab6523548345951ae226c#1110580,1773600623,24664795,0x5d23ecf8e8974fe0c8ed8f5feae4d7b346e4a23d281ab6523548345951ae226c,411,0x8ad599c3a0ff1de082011efddc58f1908eb6e6d8,3000.0,0.0,140102447.0,,,0x92c31aa9fda1f7066a9ae58b6f1743126bd64728,0xc36442b4a4522e871399cd717abdd847ab11fe88,0xa0b86991c6218b36c1d19d4a2e9eb0ce3606eb48,USDC,6,0xc02aaa39b223fe8d0a0e5c4f27ead9083c756cc2,WETH,18,852.666369,0.8330454697936572,2607.11012180397,119968528911977.0,,,192120,203160,2026-03-15T18:50:23+00:00
burn,0x5d23ecf8e8974fe0c8ed8f5feae4d7b346e4a23d281ab6523548345951ae226c#1110581,1773600623,24664795,0x5d23ecf8e8974fe0c8ed8f5feae4d7b346e4a23d281ab6523548345951ae226c,413,0x8ad599c3a0ff1de082011efddc58f1908eb6e6d8,3000.0,0.0,140102447.0,,,0x92c31aa9fda1f7066a9ae58b6f1743126bd64728,0xc36442b4a4522e871399cd717abdd847ab11fe88,0xa0b86991c6218b36c1d19d4a2e9eb0ce3606eb48,USDC,6,0xc02aaa39b223fe8d0a0e5c4f27ead9083c756cc2,WETH,18,0.0,0.0,0.0,0.0,,,192120,203160,2026-03-15T18:50:23+00:00
burn,0x79e77c857cb750adb9c39b6f58f2992f9633d5e2b618704cde09ec51928ff816#1110601,1773604871,24665148,0x79e77c857cb750adb9c39b6f58f2992f9633d5e2b618704cde09ec51928ff816,808,0x8ad599c3a0ff1de082011efddc58f1908eb6e6d8,3000.0,0.0,30118537.0,,,0xc0ac20d012266b1b74932854136cee58b096fea8,0xc36442b4a4522e871399cd717abdd847ab11fe88,0xa0b86991c6218b36c1d19d4a2e9eb0ce3606eb48,USDC,6,0xc02aaa39b223fe8d0a0e5c4f27ead9083c756cc2,WETH,18,0.0,0.0,0.0,0.0,,,198900,200280,2026-03-15T20:01:11+00:00
burn,0xaa1d95a73856a003a6c3cf88b490e35a0e77e0d31606b30af49ae2a6bd705611#1110600,1773604871,24665148,0xaa1d95a73856a003a6c3cf88b490e35a0e77e0d31606b30af49ae2a6bd705611,834,0x8ad599c3a0ff1de082011efddc58f1908eb6e6d8,3000.0,0.0,30118537.0,,,0x158d8a91eeb479dc3f578aba68a55d78a7ee4b03,0xc36442b4a4522e871399cd717abdd847ab11fe88,0xa0b86991c6218b36c1d19d4a2e9eb0ce3606eb48,USDC,6,0xc02aaa39b223fe8d0a0e5c4f27ead9083c756cc2,WETH,18,0.0,0.0,0.0,0.0,,,199320,200520,2026-03-15T20:01:11+00:00
burn,0x4343250f7458b801561f05d1797ca908f3a0b6ac5a7f5605a179564c50909038#1110611,1773607019,24665327,0x4343250f7458b801561f05d1797ca908f3a0b6ac5a7f5605a179564c50909038,11,0x8ad599c3a0ff1de082011efddc58f1908eb6e6d8,3000.0,0.0,640846238.0,,,0xefbb07605873be38696d47e272a194958a8244f0,0xc36442b4a4522e871399cd717abdd847ab11fe88,0xa0b86991c6218b36c1d19d4a2e9eb0ce3606eb48,USDC,6,0xc02aaa39b223fe8d0a0e5c4f27ead9083c756cc2,WETH,18,43.449052,0.008121782480636944,60.67058395429399,9946638435491.0,,,198960,201720,2026-03-15T20:36:59+00:00
burn,0x14e96070fcd27f5654f244ad94f9d4014bfebba82a734fd742fca79c28cfcd8a#1110620,1773607871,24665397,0x14e96070fcd27f5654f244ad94f9d4014bfebba82a734fd742fca79c28cfcd8a,627,0x8ad599c3a0ff1de082011efddc58f1908eb6e6d8,3000.0,0.0,38721091.0,,,0x83681c14770b44361e21faf91d8325423365ea5c,0xc36442b4a4522e871399cd717abdd847ab11fe88,0xa0b86991c6218b36c1d19d4a2e9eb0ce3606eb48,USDC,6,0xc02aaa39b223fe8d0a0e5c4f27ead9083c756cc2,WETH,18,0.0,0.0,0.0,0.0,,,199440,200940,2026-03-15T20:51:11+00:00
burn,0x16aa911b409daa948a2aa43158408015145156449407659a986054ee1c7369b6#1110623,1773608351,24665437,0x16aa911b409daa948a2aa43158408015145156449407659a986054ee1c7369b6,358,0x8ad599c3a0ff1de082011efddc58f1908eb6e6d8,3000.0,0.0,30370031.0,,,0x83681c14770b44361e21faf91d8325423365ea5c,0xc36442b4a4522e871399cd717abdd847ab11fe88,0xa0b86991c6218b36c1d19d4a2e9eb0ce3606eb48,USDC,6,0xc02aaa39b223fe8d0a0e5c4f27ead9083c756cc2,WETH,18,0.0,0.0,0.0,0.0,,,196260,200400,2026-03-15T20:59:11+00:00
burn,0xee94f20a6a8be6a2a865b57e9d54c3ed2887d13dc50720955c82e4b92b3a136a#1110664,1773613583,24665873,0xee94f20a6a8be6a2a865b57e9d54c3ed2887d13dc50720955c82e4b92b3a136a,655,0x8ad599c3a0ff1de082011efddc58f1908eb6e6d8,3000.0,0.0,31108341.0,,,0x83681c14770b44361e21faf91d8325423365ea5c,0xc36442b4a4522e871399cd717abdd847ab11fe88,0xa0b86991c6218b36c1d19d4a2e9eb0ce3606eb48,USDC,6,0xc02aaa39b223fe8d0a0e5c4f27ead9083c756cc2,WETH,18,0.0,0.0,0.0,0.0,,,199440,200940,2026-03-15T22:26:23+00:00
burn,0x5dcd6b20d405f0fc63ca1b7614177720309ba836800cd6a63019461615d21ddd#1110685,1773614843,24665975,0x5dcd6b20d405f0fc63ca1b7614177720309ba836800cd6a63019461615d21ddd,259,0x8ad599c3a0ff1de082011efddc58f1908eb6e6d8,3000.0,0.0,210725045.0,,,0xf944157828c1365ac00c8a2a6e21a5a9e697423a,0xc36442b4a4522e871399cd717abdd847ab11fe88,0xa0b86991c6218b36c1d19d4a2e9eb0ce3606eb48,USDC,6,0xc02aaa39b223fe8d0a0e5c4f27ead9083c756cc2,WETH,18,0.0,0.0,0.0,0.0,,,199500,200460,2026-03-15T22:47:23+00:00
burn,0xaddf7672510948b8b65a5a00512d66e8fb6ab4156556c5f90d88120054d1d374#1110684,1773614843,24665975,0xaddf7672510948b8b65a5a00512d66e8fb6ab4156556c5f90d88120054d1d374,266,0x8ad599c3a0ff1de082011efddc58f1908eb6e6d8,3000.0,0.0,210725045.0,,,0xf944157828c1365ac00c8a2a6e21a5a9e697423a,0xc36442b4a4522e871399cd717abdd847ab11fe88,0xa0b86991c6218b36c1d19d4a2e9eb0ce3606eb48,USDC,6,0xc02aaa39b223fe8d0a0e5c4f27ead9083c756cc2,WETH,18,0.0,0.0,0.0,0.0,,,198720,201000,2026-03-15T22:47:23+00:00
burn,0x9eae1048b3408c9f673d0b7bcf599a427d9904a62705b125e9cf80e6cda0b256#1110686,1773614879,24665978,0x9eae1048b3408c9f673d0b7bcf599a427d9904a62705b125e9cf80e6cda0b256,446,0x8ad599c3a0ff1de082011efddc58f1908eb6e6d8,3000.0,0.0,625375790.0,,,0xf944157828c1365ac00c8a2a6e21a5a9e697423a,0xc36442b4a4522e871399cd717abdd847ab11fe88,0xa0b86991c6218b36c1d19d4a2e9eb0ce3606eb48,USDC,6,0xc02aaa39b223fe8d0a0e5c4f27ead9083c756cc2,WETH,18,269.082475,0.0,269.082475,123287094404832.0,,,199500,200460,2026-03-15T22:47:59+00:00
burn,0x8ce8f137eefcedb3ab333cacda7705bd9d9b245935d823dd758fc65be714d6cd#1110687,1773614915,24665981,0x8ce8f137eefcedb3ab333cacda7705bd9d9b245935d823dd758fc65be714d6cd,556,0x8ad599c3a0ff1de082011efddc58f1908eb6e6d8,3000.0,0.0,623568770.0,,,0xf944157828c1365ac00c8a2a6e21a5a9e697423a,0xc36442b4a4522e871399cd717abdd847ab11fe88,0xa0b86991c6218b36c1d19d4a2e9eb0ce3606eb48,USDC,6,0xc02aaa39b223fe8d0a0e5c4f27ead9083c756cc2,WETH,18,214.651632,0.049403826637018686,322.1200698156622,62531039339404.0,,,198720,201000,2026-03-15T22:48:35+00:00
burn,0xe91e5a7b0efe3e37cacfaac1e6eb542f2f37fcb7e2bbf674a16efca672e7f20d#1110701,1773615875,24666061,0xe91e5a7b0efe3e37cacfaac1e6eb542f2f37fcb7e2bbf674a16efca672e7f20d,608,0x8ad599c3a0ff1de082011efddc58f1908eb6e6d8,3000.0,0.0,222962230.0,,,0x4dcff7a73fd1910cf937b6b40c434ecdbea95483,0xc36442b4a4522e871399cd717abdd847ab11fe88,0xa0b86991c6218b36c1d19d4a2e9eb0ce3606eb48,USDC,6,0xc02aaa39b223fe8d0a0e5c4f27ead9083c756cc2,WETH,18,0.0,0.0,0.0,0.0,,,198900,200280,2026-03-15T23:04:35+00:00
burn,0x0a64693d5ea39400be8968775278cf1c2622be07e739c40ae8c6ae217002da1e#1110748,1773618191,24666254,0x0a64693d5ea39400be8968775278cf1c2622be07e739c40ae8c6ae217002da1e,58,0x8ad599c3a0ff1de082011efddc58f1908eb6e6d8,3000.0,0.0,2099247677.0,,,0xe5661c3ad2a9716415aebf37a8e6ec263451ca8d,0xc36442b4a4522e871399cd717abdd847ab11fe88,0xa0b86991c6218b36c1d19d4a2e9eb0ce3606eb48,USDC,6,0xc02aaa39b223fe8d0a0e5c4f27ead9083c756cc2,WETH,18,0.0,0.0,0.0,0.0,,,199200,202920,2026-03-15T23:43:11+00:00
burn,0xa9004f9e16ab59de8184eb4a83378015b0ebef3977f297137cfa91a0705a0f62#1110751,1773618647,24666292,0xa9004f9e16ab59de8184eb4a83378015b0ebef3977f297137cfa91a0705a0f62,579,0x8ad599c3a0ff1de082011efddc58f1908eb6e6d8,3000.0,0.0,79763744.0,,,0x83681c14770b44361e21faf91d8325423365ea5c,0xc36442b4a4522e871399cd717abdd847ab11fe88,0xa0b86991c6218b36c1d19d4a2e9eb0ce3606eb48,USDC,6,0xc02aaa39b223fe8d0a0e5c4f27ead9083c756cc2,WETH,18,0.0,0.0,0.0,0.0,,,199440,200940,2026-03-15T23:50:47+00:00
burn,0x89c32e8ed53ecbf3c3b7092bf8f44fe9eb95f2a9c6aadf4a6ba620e9b57e53a8#1110757,1773619043,24666325,0x89c32e8ed53ecbf3c3b7092bf8f44fe9eb95f2a9c6aadf4a6ba620e9b57e53a8,933,0x8ad599c3a0ff1de082011efddc58f1908eb6e6d8,3000.0,0.0,43770700.0,,,0x83681c14770b44361e21faf91d8325423365ea5c,0xc36442b4a4522e871399cd717abdd847ab11fe88,0xa0b86991c6218b36c1d19d4a2e9eb0ce3606eb48,USDC,6,0xc02aaa39b223fe8d0a0e5c4f27ead9083c756cc2,WETH,18,0.0,0.0,0.0,0.0,,,196260,200400,2026-03-15T23:57:23+00:00
burn,0xca09c6a748cf61174bfc5ea875d02c0a82ced0f1035b94720574bba1f26f2e1e#1110761,1773619439,24666358,0xca09c6a748cf61174bfc5ea875d02c0a82ced0f1035b94720574bba1f26f2e1e,935,0x8ad599c3a0ff1de082011efddc58f1908eb6e6d8,3000.0,0.0,48731371.0,,,0xdc7b1ebbc9f79c082b2e0f02ee3077a8d974fa8e,0xc36442b4a4522e871399cd717abdd847ab11fe88,0xa0b86991c6218b36c1d19d4a2e9eb0ce3606eb48,USDC,6,0xc02aaa39b223fe8d0a0e5c4f27ead9083c756cc2,WETH,18,0.0,0.0,0.0,0.0,,,198780,200220,2026-03-16T00:03:59+00:00
burn,0x8718ed3d78387c06c7f6a1ced9c7e773274e05e2e8b93dc0d63557588ded8374#1110764,1773619487,24666362,0x8718ed3d78387c06c7f6a1ced9c7e773274e05e2e8b93dc0d63557588ded8374,729,0x8ad599c3a0ff1de082011efddc58f1908eb6e6d8,3000.0,0.0,62553904.0,,,0xa1e0b6edbf434be1322e2d1e2d438bbfcbe81546,0xc36442b4a4522e871399cd717abdd847ab11fe88,0xa0b86991c6218b36c1d19d4a2e9eb0ce3606eb48,USDC,6,0xc02aaa39b223fe8d0a0e5c4f27ead9083c756cc2,WETH,18,0.0,0.0,0.0,0.0,,,198600,199980,2026-03-16T00:04:47+00:00
burn,0x5794f0af070296213d0d24600c320462ae9574af0f11a7f8b3a86394f1a9fbe3#1110767,1773619715,24666381,0x5794f0af070296213d0d24600c320462ae9574af0f11a7f8b3a86394f1a9fbe3,879,0x8ad599c3a0ff1de082011efddc58f1908eb6e6d8,3000.0,0.0,69059269.0,,,0x143b67cf0b87c59b9eb3bbfd5a8d4c74dec426d1,0xc36442b4a4522e871399cd717abdd847ab11fe88,0xa0b86991c6218b36c1d19d4a2e9eb0ce3606eb48,USDC,6,0xc02aaa39b223fe8d0a0e5c4f27ead9083c756cc2,WETH,18,0.0,0.0,0.0,0.0,,,199380,201000,2026-03-16T00:08:35+00:00
burn,0xc4c70dbbbeefcc78d95bbea1cc53dbe30e2fc498d88a33ec10bcb14888657350#1110768,1773619835,24666391,0xc4c70dbbbeefcc78d95bbea1cc53dbe30e2fc498d88a33ec10bcb14888657350,411,0x8ad599c3a0ff1de082011efddc58f1908eb6e6d8,3000.0,0.0,61084302.0,,,0xdc7b1ebbc9f79c082b2e0f02ee3077a8d974fa8e,0xc36442b4a4522e871399cd717abdd847ab11fe88,0xa0b86991c6218b36c1d19d4a2e9eb0ce3606eb48,USDC,6,0xc02aaa39b223fe8d0a0e5c4f27ead9083c756cc2,WETH,18,0.0,0.0,0.0,0.0,,,198780,200220,2026-03-16T00:10:35+00:00
burn,0xf9a1e4534529051d6e0c6d3766b9f7cd2e1e66cfe5cdd6407d15b818409b9e1c#1110769,1773619919,24666398,0xf9a1e4534529051d6e0c6d3766b9f7cd2e1e66cfe5cdd6407d15b818409b9e1c,1108,0x8ad599c3a0ff1de082011efddc58f1908eb6e6d8,3000.0,0.0,61716757.0,,,0x55d1cdf31f4692378637cb28d5fd4a83cd4c26bf,0xc36442b4a4522e871399cd717abdd847ab11fe88,0xa0b86991c6218b36c1d19d4a2e9eb0ce3606eb48,USDC,6,0xc02aaa39b223fe8d0a0e5c4f27ead9083c756cc2,WETH,18,0.0,0.0,0.0,0.0,,,198780,200220,2026-03-16T00:11:59+00:00
burn,0x9c4c93e284d57f6f3dc0985063f343ce20b273f4aa950a0d24669990757e0bdc#1110783,1773621467,24666526,0x9c4c93e284d57f6f3dc0985063f343ce20b273f4aa950a0d24669990757e0bdc,117,0x8ad599c3a0ff1de082011efddc58f1908eb6e6d8,3000.0,0.0,59654126.0,,,0x3dc7ce8125bbad304ff0ad3b6615f5a4c6021fed,0xc36442b4a4522e871399cd717abdd847ab11fe88,0xa0b86991c6218b36c1d19d4a2e9eb0ce3606eb48,USDC,6,0xc02aaa39b223fe8d0a0e5c4f27ead9083c756cc2,WETH,18,428.444998,0.13605728909979753,723.8473913339192,109755280946561.0,,,198300,201240,2026-03-16T00:37:47+00:00
burn,0xa5fd4cf8f978b6955e379497aa5a0c928499fed35dd111061a7d627a8a3890a0#1110794,1773623411,24666688,0xa5fd4cf8f978b6955e379497aa5a0c928499fed35dd111061a7d627a8a3890a0,170,0x8ad599c3a0ff1de082011efddc58f1908eb6e6d8,3000.0,0.0,425601157.0,,,0xae2fc483527b8ef99eb5d9b44875f005ba1fae13,0x1f2f10d1c40777ae1da742455c65828ff36df387,0xa0b86991c6218b36c1d19d4a2e9eb0ce3606eb48,USDC,6,0xc02aaa39b223fe8d0a0e5c4f27ead9083c756cc2,WETH,18,390643.946674,899.8062413294983,2344268.492039629,1.678928654172894e+19,,,199440,199500,2026-03-16T01:10:11+00:00
burn,0x291106a3d28cfbf614b828d9512aff637093fbaae8b7cd59bc402560ffd11639#1110818,1773626687,24666961,0x291106a3d28cfbf614b828d9512aff637093fbaae8b7cd59bc402560ffd11639,767,0x8ad599c3a0ff1de082011efddc58f1908eb6e6d8,3000.0,0.0,125501628.0,,,0xf2ca76d94060e8b0428a43eba213cb910c24dd15,0xc36442b4a4522e871399cd717abdd847ab11fe88,0xa0b86991c6218b36c1d19d4a2e9eb0ce3606eb48,USDC,6,0xc02aaa39b223fe8d0a0e5c4f27ead9083c756cc2,WETH,18,0.0,0.0,0.0,0.0,,,196860,202860,2026-03-16T02:04:47+00:00
burn,0x291106a3d28cfbf614b828d9512aff637093fbaae8b7cd59bc402560ffd11639#1110819,1773626687,24666961,0x291106a3d28cfbf614b828d9512aff637093fbaae8b7cd59bc402560ffd11639,780,0x8ad599c3a0ff1de082011efddc58f1908eb6e6d8,3000.0,0.0,125501628.0,,,0xf2ca76d94060e8b0428a43eba213cb910c24dd15,0xc36442b4a4522e871399cd717abdd847ab11fe88,0xa0b86991c6218b36c1d19d4a2e9eb0ce3606eb48,USDC,6,0xc02aaa39b223fe8d0a0e5c4f27ead9083c756cc2,WETH,18,2339.992827,0.8223496352344005,4135.40305264863,318153108815770.0,,,196860,202860,2026-03-16T02:04:47+00:00
burn,0x0eec0e5178dc542b138dfc9a11ed127650e72ae8ac7a714e0346dbdff7dcb38d#1110823,1773627983,24667068,0x0eec0e5178dc542b138dfc9a11ed127650e72ae8ac7a714e0346dbdff7dcb38d,716,0x8ad599c3a0ff1de082011efddc58f1908eb6e6d8,3000.0,0.0,150496341.0,,,0x793f2f5b18302994ea57f2be65895b38463223b6,0xc36442b4a4522e871399cd717abdd847ab11fe88,0xa0b86991c6218b36c1d19d4a2e9eb0ce3606eb48,USDC,6,0xc02aaa39b223fe8d0a0e5c4f27ead9083c756cc2,WETH,18,0.0,0.0,0.0,0.0,,,198960,201360,2026-03-16T02:26:23+00:00
burn,0x4d7796a45c978683e2779cf8187df64f7fb55282d8659e831cd642bc1cf3e24f#1110831,1773629975,24667234,0x4d7796a45c978683e2779cf8187df64f7fb55282d8659e831cd642bc1cf3e24f,274,0x8ad599c3a0ff1de082011efddc58f1908eb6e6d8,3000.0,0.0,42921317.0,,,0x508a312cf7334b44b9ff22ac0bac1b3db9eed4e1,0xc36442b4a4522e871399cd717abdd847ab11fe88,0xa0b86991c6218b36c1d19d4a2e9eb0ce3606eb48,USDC,6,0xc02aaa39b223fe8d0a0e5c4f27ead9083c756cc2,WETH,18,0.765464,6.5872516614357e-05,0.9088662922955981,64065695598.0,,,198480,205380,2026-03-16T02:59:35+00:00
burn,0x4d7796a45c978683e2779cf8187df64f7fb55282d8659e831cd642bc1cf3e24f#1110832,1773629975,24667234,0x4d7796a45c978683e2779cf8187df64f7fb55282d8659e831cd642bc1cf3e24f,276,0x8ad599c3a0ff1de082011efddc58f1908eb6e6d8,3000.0,0.0,42921317.0,,,0x508a312cf7334b44b9ff22ac0bac1b3db9eed4e1,0xc36442b4a4522e871399cd717abdd847ab11fe88,0xa0b86991c6218b36c1d19d4a2e9eb0ce3606eb48,USDC,6,0xc02aaa39b223fe8d0a0e5c4f27ead9083c756cc2,WETH,18,0.0,0.0,0.0,0.0,,,198480,205380,2026-03-16T02:59:35+00:00
burn,0x47c45e63b76219125455cb7b2388b9f956e20797043499db2356a07950f5c03b#1110834,1773630383,24667268,0x47c45e63b76219125455cb7b2388b9f956e20797043499db2356a07950f5c03b,329,0x8ad599c3a0ff1de082011efddc58f1908eb6e6d8,3000.0,0.0,42978319.0,,,0x83681c14770b44361e21faf91d8325423365ea5c,0xc36442b4a4522e871399cd717abdd847ab11fe88,0xa0b86991c6218b36c1d19d4a2e9eb0ce3606eb48,USDC,6,0xc02aaa39b223fe8d0a0e5c4f27ead9083c756cc2,WETH,18,0.0,0.0,0.0,0.0,,,199440,200940,2026-03-16T03:06:23+00:00
burn,0xefd0478c2be4f4326e24352341e2390b67684510f92638cfcd266ad57e57ddab#1110845,1773631115,24667329,0xefd0478c2be4f4326e24352341e2390b67684510f92638cfcd266ad57e57ddab,14,0x8ad599c3a0ff1de082011efddc58f1908eb6e6d8,3000.0,0.0,8838767913.0,,,0xae2fc483527b8ef99eb5d9b44875f005ba1fae13,0x1f2f10d1c40777ae1da742455c65828ff36df387,0xa0b86991c6218b36c1d19d4a2e9eb0ce3606eb48,USDC,6,0xc02aaa39b223fe8d0a0e5c4f27ead9083c756cc2,WETH,18,1530149.743252,113.65004164776147,1777932.2850526397,1.2707504019094897e+19,,,199440,199500,2026-03-16T03:18:35+00:00
burn,0xc984498ae86e6152b3ddaaff4fb779d26b16eae08e144ddca11ff961b3d3316f#1110888,1773633371,24667517,0xc984498ae86e6152b3ddaaff4fb779d26b16eae08e144ddca11ff961b3d3316f,143,0x8ad599c3a0ff1de082011efddc58f1908eb6e6d8,3000.0,0.0,2315844890.0,,,0x602a082178e5516b74a07139efcf1a92136363b5,0xc36442b4a4522e871399cd717abdd847ab11fe88,0xa0b86991c6218b36c1d19d4a2e9eb0ce3606eb48,USDC,6,0xc02aaa39b223fe8d0a0e5c4f27ead9083c756cc2,WETH,18,4013.907735,0.0,4013.907735,956092976856360.0,,,199200,201060,2026-03-16T03:56:11+00:00
burn,0x3c97564ef979768cb0ff5c136ecd2aab5492ea79e12614002d525e31abd866f2#1110892,1773633827,24667555,0x3c97564ef979768cb0ff5c136ecd2aab5492ea79e12614002d525e31abd866f2,161,0x8ad599c3a0ff1de082011efddc58f1908eb6e6d8,3000.0,0.0,2220795685.0,,,0xf3cac0bde469b42a349ed0ce994a90e7c4a2c606,0xc36442b4a4522e871399cd717abdd847ab11fe88,0xa0b86991c6218b36c1d19d4a2e9eb0ce3606eb48,USDC,6,0xc02aaa39b223fe8d0a0e5c4f27ead9083c756cc2,WETH,18,913563.502814,0.0,913563.502814,9.383357765864122e+17,,,199380,199800,2026-03-16T04:03:47+00:00
burn,0x97741f0940b856c1fb1490c1397114d8d4bf9332c4c3a36ae4f3e4a5d6a3365e#1110891,1773633863,24667558,0x97741f0940b856c1fb1490c1397114d8d4bf9332c4c3a36ae4f3e4a5d6a3365e,291,0x8ad599c3a0ff1de082011efddc58f1908eb6e6d8,3000.0,0.0,302567971.0,,,0xf2ca76d94060e8b0428a43eba213cb910c24dd15,0xc36442b4a4522e871399cd717abdd847ab11fe88,0xa0b86991c6218b36c1d19d4a2e9eb0ce3606eb48,USDC,6,0xc02aaa39b223fe8d0a0e5c4f27ead9083c756cc2,WETH,18,0.0,0.0,0.0,0.0,,,196140,202140,2026-03-16T04:04:23+00:00
burn,0x929d17680c260229f3442efb49e7fd033b51e424b4f5f6167b75a85fe3a4de84#1110895,1773633983,24667568,0x929d17680c260229f3442efb49e7fd033b51e424b4f5f6167b75a85fe3a4de84,39,0x8ad599c3a0ff1de082011efddc58f1908eb6e6d8,3000.0,0.0,292012827.0,,,0xf2ca76d94060e8b0428a43eba213cb910c24dd15,0xc36442b4a4522e871399cd717abdd847ab11fe88,0xa0b86991c6218b36c1d19d4a2e9eb0ce3606eb48,USDC,6,0xc02aaa39b223fe8d0a0e5c4f27ead9083c756cc2,WETH,18,0.0,0.0,0.0,0.0,,,196140,202140,2026-03-16T04:06:23+00:00
burn,0xb08dbd6cf84b2ab4964ab3db385c6a5bf9e951a6c244ebf9cde9a1cc233d0756#1110901,1773634691,24667624,0xb08dbd6cf84b2ab4964ab3db385c6a5bf9e951a6c244ebf9cde9a1cc233d0756,498,0x8ad599c3a0ff1de082011efddc58f1908eb6e6d8,3000.0,0.0,158597369.0,,,0x5aab047825f77018ac38a81d70014d4aede5e9ad,0xc36442b4a4522e871399cd717abdd847ab11fe88,0xa0b86991c6218b36c1d19d4a2e9eb0ce3606eb48,USDC,6,0xc02aaa39b223fe8d0a0e5c4f27ead9083c756cc2,WETH,18,466.008482,0.0,466.008482,127839507213203.0,,,199380,201000,2026-03-16T04:18:11+00:00
burn,0x1a7e52f563605ad5721d3c3d39a9f5393a3262c81f60572a183316d92416f989#1110905,1773634739,24667628,0x1a7e52f563605ad5721d3c3d39a9f5393a3262c81f60572a183316d92416f989,523,0x8ad599c3a0ff1de082011efddc58f1908eb6e6d8,3000.0,0.0,149943864.0,,,0xd8f3d8e1fd123d69dec6d96ad6708bdb378c7fa2,0xc36442b4a4522e871399cd717abdd847ab11fe88,0xa0b86991c6218b36c1d19d4a2e9eb0ce3606eb48,USDC,6,0xc02aaa39b223fe8d0a0e5c4f27ead9083c756cc2,WETH,18,555.721089,0.0,555.721089,170234874041813.0,,,199320,200760,2026-03-16T04:18:59+00:00
burn,0x45d0061f198bef0c8434493513d1be76e2ee5450e5627e8335c0eacb86422023#1110909,1773634991,24667649,0x45d0061f198bef0c8434493513d1be76e2ee5450e5627e8335c0eacb86422023,694,0x8ad599c3a0ff1de082011efddc58f1908eb6e6d8,3000.0,0.0,116186379.0,,,0x846abee8d773693cb30bcc2b6846eabf155bd50b,0xc36442b4a4522e871399cd717abdd847ab11fe88,0xa0b86991c6218b36c1d19d4a2e9eb0ce3606eb48,USDC,6,0xc02aaa39b223fe8d0a0e5c4f27ead9083c756cc2,WETH,18,540.312128,0.0,540.312128,165514623782803.0,,,199320,200760,2026-03-16T04:23:11+00:00
burn,0xc3998e190e3f7424f8604224085583dfa8f0cbed87a1516cda5840238800f32e#1110916,1773635243,24667670,0xc3998e190e3f7424f8604224085583dfa8f0cbed87a1516cda5840238800f32e,1095,0x8ad599c3a0ff1de082011efddc58f1908eb6e6d8,3000.0,0.0,95304450.0,,,0xbb1a1a2773a799d83078ae4d59d9f4b2b6ac50ff,0xc36442b4a4522e871399cd717abdd847ab11fe88,0xa0b86991c6218b36c1d19d4a2e9eb0ce3606eb48,USDC,6,0xc02aaa39b223fe8d0a0e5c4f27ead9083c756cc2,WETH,18,165.065467,0.0,165.065467,29405821624621.0,,,199140,201660,2026-03-16T04:27:23+00:00
burn,0xdcecc38d80e8e0a8ee34b6fdbba02e3b3abc9a4722035bb520a37cad3f2059d0#1110918,1773635279,24667673,0xdcecc38d80e8e0a8ee34b6fdbba02e3b3abc9a4722035bb520a37cad3f2059d0,928,0x8ad599c3a0ff1de082011efddc58f1908eb6e6d8,3000.0,0.0,100240810.0,,,0x5aab047825f77018ac38a81d70014d4aede5e9ad,0xc36442b4a4522e871399cd717abdd847ab11fe88,0xa0b86991c6218b36c1d19d4a2e9eb0ce3606eb48,USDC,6,0xc02aaa39b223fe8d0a0e5c4f27ead9083c756cc2,WETH,18,663.154329,0.0,663.154329,203145059340546.0,,,199320,200760,2026-03-16T04:27:59+00:00
burn,0xd3b777cfead881d49da8ab69c005c0ef0a4e810b1f358418c6fcb83d99177c1d#1110925,1773635867,24667722,0xd3b777cfead881d49da8ab69c005c0ef0a4e810b1f358418c6fcb83d99177c1d,990,0x8ad599c3a0ff1de082011efddc58f1908eb6e6d8,3000.0,0.0,171318481.0,,,0x431bfd88ba89a56206231ff3be504eccc59319fe,0xc36442b4a4522e871399cd717abdd847ab11fe88,0xa0b86991c6218b36c1d19d4a2e9eb0ce3606eb48,USDC,6,0xc02aaa39b223fe8d0a0e5c4f27ead9083c756cc2,WETH,18,62204.433097,0.0247188949931614,62260.33707820189,1.215060584822454e+16,,,199080,201360,2026-03-16T04:37:47+00:00
burn,0xd3da780f0c4b9348b1f83064f28cb17e33f31d4a0c613aee778f2a91f4687bcf#1110926,1773635867,24667722,0xd3da780f0c4b9348b1f83064f28cb17e33f31d4a0c613aee778f2a91f4687bcf,996,0x8ad599c3a0ff1de082011efddc58f1908eb6e6d8,3000.0,0.0,171318481.0,,,0x11ab22c95994a946a5430360bc230b8a65bb5a6f,0xc36442b4a4522e871399cd717abdd847ab11fe88,0xa0b86991c6218b36c1d19d4a2e9eb0ce3606eb48,USDC,6,0xc02aaa39b223fe8d0a0e5c4f27ead9083c756cc2,WETH,18,51843.898865,0.020601809682665565,51890.49169131943,1.0126847065107832e+16,,,199080,201360,2026-03-16T04:37:47+00:00
burn,0xb6aa19d734b17025d70b15e3b986c0a378f2ee303877088a5504db2800023dcd#1110933,1773636311,24667759,0xb6aa19d734b17025d70b15e3b986c0a378f2ee303877088a5504db2800023dcd,134,0x8ad599c3a0ff1de082011efddc58f1908eb6e6d8,3000.0,0.0,2549006511.0,,,0xae2fc483527b8ef99eb5d9b44875f005ba1fae13,0x1f2f10d1c40777ae1da742455c65828ff36df387,0xa0b86991c6218b36c1d19d4a2e9eb0ce3606eb48,USDC,6,0xc02aaa39b223fe8d0a0e5c4f27ead9083c756cc2,WETH,18,199254.140422,900.6946219631371,2237736.90701649,1.5699666816341115e+19,,,199020,199080,2026-03-16T04:45:11+00:00
burn,0xc186f0e4ead74135a3b85998802720d54e33a12dcae7f9344fe163a129a5b0a1#1110938,1773637451,24667853,0xc186f0e4ead74135a3b85998802720d54e33a12dcae7f9344fe163a129a5b0a1,406,0x8ad599c3a0ff1de082011efddc58f1908eb6e6d8,3000.0,0.0,113965578.0,,,0x508a312cf7334b44b9ff22ac0bac1b3db9eed4e1,0xc36442b4a4522e871399cd717abdd847ab11fe88,0xa0b86991c6218b36c1d19d4a2e9eb0ce3606eb48,USDC,6,0xc02aaa39b223fe8d0a0e5c4f27ead9083c756cc2,WETH,18,0.0,0.0,0.0,0.0,,,198480,205380,2026-03-16T05:04:11+00:00
burn,0x0c5d51a2a8f944992efd5242e7b5efb9dc9f67f0dc04e7f41932e0b2e167b856#1110947,1773638639,24667952,0x0c5d51a2a8f944992efd5242e7b5efb9dc9f67f0dc04e7f41932e0b2e167b856,362,0x8ad599c3a0ff1de082011efddc58f1908eb6e6d8,3000.0,0.0,66000000.0,,,0x205119fbd993ab209e161df0a4662f265a3886ea,0xc36442b4a4522e871399cd717abdd847ab11fe88,0xa0b86991c6218b36c1d19d4a2e9eb0ce3606eb48,USDC,6,0xc02aaa39b223fe8d0a0e5c4f27ead9083c756cc2,WETH,18,0.0,5.0965481608855825,11534.682335236912,2347376542739668.0,,,194340,196800,2026-03-16T05:23:59+00:00
burn,0x04ab86516fed05486736047a3aab6b2df943743d3e4699565d74a1621470fc59#1110948,1773638975,24667980,0x04ab86516fed05486736047a3aab6b2df943743d3e4699565d74a1621470fc59,334,0x8ad599c3a0ff1de082011efddc58f1908eb6e6d8,3000.0,0.0,52138219.0,,,0x83681c14770b44361e21faf91d8325423365ea5c,0xc36442b4a4522e871399cd717abdd847ab11fe88,0xa0b86991c6218b36c1d19d4a2e9eb0ce3606eb48,USDC,6,0xc02aaa39b223fe8d0a0e5c4f27ead9083c756cc2,WETH,18,0.0,0.0,0.0,0.0,,,196260,200400,2026-03-16T05:29:35+00:00
burn,0x2f5bf8d5b9f6ebb583a9b670fd111d71e540fc8e165e9929c2090b6ae28c67be#1110958,1773639419,24668017,0x2f5bf8d5b9f6ebb583a9b670fd111d71e540fc8e165e9929c2090b6ae28c67be,283,0x8ad599c3a0ff1de082011efddc58f1908eb6e6d8,3000.0,0.0,57826114.0,,,0x05854d0c70d2f696fb3d9c0863100956b795e2ff,0xc36442b4a4522e871399cd717abdd847ab11fe88,0xa0b86991c6218b36c1d19d4a2e9eb0ce3606eb48,USDC,6,0xc02aaa39b223fe8d0a0e5c4f27ead9083c756cc2,WETH,18,705.828087,0.0,705.828087,153509096526039.0,,,199140,201180,2026-03-16T05:36:59+00:00
burn,0x5c46260e5e4881d4fc7a2f2ff9fef59e1bc3e5576dd2bec56cffe44d87e9e502#1110998,1773640703,24668124,0x5c46260e5e4881d4fc7a2f2ff9fef59e1bc3e5576dd2bec56cffe44d87e9e502,342,0x8ad599c3a0ff1de082011efddc58f1908eb6e6d8,3000.0,0.0,669721100.0,,,0x801cddce5d1e2bc88eaa703e3803e097a47f73c3,0xc36442b4a4522e871399cd717abdd847ab11fe88,0xa0b86991c6218b36c1d19d4a2e9eb0ce3606eb48,USDC,6,0xc02aaa39b223fe8d0a0e5c4f27ead9083c756cc2,WETH,18,36.052353,0.0,36.052353,13293459066794.0,,,199500,200700,2026-03-16T05:58:23+00:00
burn,0x26310acfa0750907c6e11cce8ae76eef13155875cb8443e5314a3b1f45fd0d91#1111014,1773641567,24668196,0x26310acfa0750907c6e11cce8ae76eef13155875cb8443e5314a3b1f45fd0d91,903,0x8ad599c3a0ff1de082011efddc58f1908eb6e6d8,3000.0,0.0,74796572.0,,,0x83681c14770b44361e21faf91d8325423365ea5c,0xc36442b4a4522e871399cd717abdd847ab11fe88,0xa0b86991c6218b36c1d19d4a2e9eb0ce3606eb48,USDC,6,0xc02aaa39b223fe8d0a0e5c4f27ead9083c756cc2,WETH,18,0.0,0.0,0.0,0.0,,,196260,200400,2026-03-16T06:12:47+00:00
burn,0x4beed0d499c83a903504480a6c683b1600f923f0850af9bd25f031d24eb9c2b2#1111024,1773642443,24668269,0x4beed0d499c83a903504480a6c683b1600f923f0850af9bd25f031d24eb9c2b2,486,0x8ad599c3a0ff1de082011efddc58f1908eb6e6d8,3000.0,0.0,141990723.0,,,0x0320618babfa9d52f72b0565bfad3f22b3fc0c78,0xc36442b4a4522e871399cd717abdd847ab11fe88,0xa0b86991c6218b36c1d19d4a2e9eb0ce3606eb48,USDC,6,0xc02aaa39b223fe8d0a0e5c4f27ead9083c756cc2,WETH,18,0.0,0.0,0.0,0.0,,,198480,201960,2026-03-16T06:27:23+00:00
burn,0x6e8c3d4a2cb2f5b9c8751cc1c9df0f65668253f1021e1f345e98967249a39474#1111028,1773643403,24668348,0x6e8c3d4a2cb2f5b9c8751cc1c9df0f65668253f1021e1f345e98967249a39474,1093,0x8ad599c3a0ff1de082011efddc58f1908eb6e6d8,3000.0,0.0,45111651.0,,,0xb3b8874d1e475d4c019e19297c869483ec0e2022,0xc36442b4a4522e871399cd717abdd847ab11fe88,0xa0b86991c6218b36c1d19d4a2e9eb0ce3606eb48,USDC,6,0xc02aaa39b223fe8d0a0e5c4f27ead9083c756cc2,WETH,18,13.211612,0.0,13.211612,7394721085317.0,,,199440,200220,2026-03-16T06:43:23+00:00
burn,0x1dfaddcc18e5ef2775a55079542acc5a6c988956e877a2d58e01d9eb6512bdc6#1111032,1773645215,24668498,0x1dfaddcc18e5ef2775a55079542acc5a6c988956e877a2d58e01d9eb6512bdc6,54,0x8ad599c3a0ff1de082011efddc58f1908eb6e6d8,3000.0,0.0,509560767.0,,,0xd8bcba0caeb363727c034d01e2334427ee89c7d5,0xc36442b4a4522e871399cd717abdd847ab11fe88,0xa0b86991c6218b36c1d19d4a2e9eb0ce3606eb48,USDC,6,0xc02aaa39b223fe8d0a0e5c4f27ead9083c756cc2,WETH,18,0.0,0.0,0.0,0.0,,,198240,200640,2026-03-16T07:13:35+00:00
burn,0xe16d3ed3435ff588f876e71c219824a811b04e1aef4c99647ed43e3b542af542#1111031,1773645215,24668498,0xe16d3ed3435ff588f876e71c219824a811b04e1aef4c99647ed43e3b542af542,391,0x8ad599c3a0ff1de082011efddc58f1908eb6e6d8,3000.0,0.0,55758981.0,,,0xacbc9960c499f8f5127696dcf0e0520cce2e9835,0xc36442b4a4522e871399cd717abdd847ab11fe88,0xa0b86991c6218b36c1d19d4a2e9eb0ce3606eb48,USDC,6,0xc02aaa39b223fe8d0a0e5c4f27ead9083c756cc2,WETH,18,61427.629725,0.0,61427.629725,1.4195456635572452e+16,,,199200,201120,2026-03-16T07:13:35+00:00
burn,0x61b39d94c54184ce43206197e667b2bd5668d47c0706d0b167c04e7202cfffa3#1111037,1773645611,24668530,0x61b39d94c54184ce43206197e667b2bd5668d47c0706d0b167c04e7202cfffa3,135,0x8ad599c3a0ff1de082011efddc58f1908eb6e6d8,3000.0,0.0,589248606.0,,,0xd8bcba0caeb363727c034d01e2334427ee89c7d5,0xc36442b4a4522e871399cd717abdd847ab11fe88,0xa0b86991c6218b36c1d19d4a2e9eb0ce3606eb48,USDC,6,0xc02aaa39b223fe8d0a0e5c4f27ead9083c756cc2,WETH,18,1913.847901,0.44258388183702013,2917.4579532048374,527623878541514.0,,,198240,200640,2026-03-16T07:20:11+00:00
burn,0xbf1d558ab3165251fd99b520f4dad39ba3857719fe11a2a27918eedf501b295a#1111055,1773646883,24668634,0xbf1d558ab3165251fd99b520f4dad39ba3857719fe11a2a27918eedf501b295a,152,0x8ad599c3a0ff1de082011efddc58f1908eb6e6d8,3000.0,0.0,202665592.0,,,0xae2fc483527b8ef99eb5d9b44875f005ba1fae13,0x1f2f10d1c40777ae1da742455c65828ff36df387,0xa0b86991c6218b36c1d19d4a2e9eb0ce3606eb48,USDC,6,0xc02aaa39b223fe8d0a0e5c4f27ead9083c756cc2,WETH,18,1530567.698123,194.8989990672692,1970844.3143720052,1.383630591937531e+19,,,199080,199140,2026-03-16T07:41:23+00:00
burn,0xc0c2669a7fc5162d4d1f1c15b2328f72c9565573e311aa60915c7548e0584065#1111068,1773647819,24668711,0xc0c2669a7fc5162d4d1f1c15b2328f72c9565573e311aa60915c7548e0584065,75,0x8ad599c3a0ff1de082011efddc58f1908eb6e6d8,3000.0,0.0,2200364989.0,,,0x82ee7f058ee435d276ad79e5085e774d3f945c72,0xc36442b4a4522e871399cd717abdd847ab11fe88,0xa0b86991c6218b36c1d19d4a2e9eb0ce3606eb48,USDC,6,0xc02aaa39b223fe8d0a0e5c4f27ead9083c756cc2,WETH,18,13464.460834,0.0,13464.460834,2782168346573590.0,,,199200,201360,2026-03-16T07:56:59+00:00
burn,0x8fc975b84d5bcf311958f7a32208c6d441afc2fae4bb34476b2d148c169ef531#1111070,1773648083,24668733,0x8fc975b84d5bcf311958f7a32208c6d441afc2fae4bb34476b2d148c169ef531,350,0x8ad599c3a0ff1de082011efddc58f1908eb6e6d8,3000.0,0.0,2080662741.0,,,0x372f61997a10488103b2e03ce09d5e420a1526db,0xc36442b4a4522e871399cd717abdd847ab11fe88,0xa0b86991c6218b36c1d19d4a2e9eb0ce3606eb48,USDC,6,0xc02aaa39b223fe8d0a0e5c4f27ead9083c756cc2,WETH,18,0.0,0.0,0.0,0.0,,,191220,203520,2026-03-16T08:01:23+00:00
burn,0xa93d986feed48c75c2ba0271330e2811456ee1406631948a0b6c4593cda49621#1111071,1773648119,24668736,0xa93d986feed48c75c2ba0271330e2811456ee1406631948a0b6c4593cda49621,221,0x8ad599c3a0ff1de082011efddc58f1908eb6e6d8,3000.0,0.0,2104162218.0,,,0x372f61997a10488103b2e03ce09d5e420a1526db,0xc36442b4a4522e871399cd717abdd847ab11fe88,0xa0b86991c6218b36c1d19d4a2e9eb0ce3606eb48,USDC,6,0xc02aaa39b223fe8d0a0e5c4f27ead9083c756cc2,WETH,18,319.297924,0.23428735061839537,847.0886964484213,34074553114189.0,,,191220,203520,2026-03-16T08:01:59+00:00
burn,0xfdc8b8e2b9cf8e21bc88765a71f5c443d8d1f45a2b0c6c7f154b037048cd6e91#1111086,1773650843,24668962,0xfdc8b8e2b9cf8e21bc88765a71f5c443d8d1f45a2b0c6c7f154b037048cd6e91,201,0x8ad599c3a0ff1de082011efddc58f1908eb6e6d8,3000.0,0.0,2844000000.0,,,0xff80a7560b86d17215230c0a73589538061875fd,0xc36442b4a4522e871399cd717abdd847ab11fe88,0xa0b86991c6218b36c1d19d4a2e9eb0ce3606eb48,USDC,6,0xc02aaa39b223fe8d0a0e5c4f27ead9083c756cc2,WETH,18,129471.107435,75.12471249702611,297955.5962562289,2.6311198189471532e+16,,,196260,201360,2026-03-16T08:47:23+00:00
burn,0x1ce39e422610156a26094ee2664e4485e79b021b3bfdef39e7e61e6c48f202de#1111103,1773654191,24669241,0x1ce39e422610156a26094ee2664e4485e79b021b3bfdef39e7e61e6c48f202de,473,0x8ad599c3a0ff1de082011efddc58f1908eb6e6d8,3000.0,0.0,95329140.0,,,0x508a312cf7334b44b9ff22ac0bac1b3db9eed4e1,0xc36442b4a4522e871399cd717abdd847ab11fe88,0xa0b86991c6218b36c1d19d4a2e9eb0ce3606eb48,USDC,6,0xc02aaa39b223fe8d0a0e5c4f27ead9083c756cc2,WETH,18,80.67159,0.004311363621965787,90.37007380603606,6342503864220.0,,,198480,205380,2026-03-16T09:43:11+00:00
burn,0x42f33c9307c3d6b2bb0fc1355bce010eb9273d5d03e70be053cee392c843a896#1111117,1773654743,24669286,0x42f33c9307c3d6b2bb0fc1355bce010eb9273d5d03e70be053cee392c843a896,63,0x8ad599c3a0ff1de082011efddc58f1908eb6e6d8,3000.0,0.0,2939629866.0,,,0xae2fc483527b8ef99eb5d9b44875f005ba1fae13,0x1f2f10d1c40777ae1da742455c65828ff36df387,0xa0b86991c6218b36c1d19d4a2e9eb0ce3606eb48,USDC,6,0xc02aaa39b223fe8d0a0e5c4f27ead9083c756cc2,WETH,18,1530652.831091,278.401921681855,2159306.842013197,1.5160991983717057e+19,,,199080,199140,2026-03-16T09:52:23+00:00
burn,0x683234ccccf9cce3cadb0d9866a5f3bb063a0be0b1a3545c97043d0f74ce38bb#1111162,1773660299,24669745,0x683234ccccf9cce3cadb0d9866a5f3bb063a0be0b1a3545c97043d0f74ce38bb,387,0x8ad599c3a0ff1de082011efddc58f1908eb6e6d8,3000.0,0.0,179421619.0,,,0xb217b0e9ce85ab98d684cbd0a28b16a069d5f126,0xc36442b4a4522e871399cd717abdd847ab11fe88,0xa0b86991c6218b36c1d19d4a2e9eb0ce3606eb48,USDC,6,0xc02aaa39b223fe8d0a0e5c4f27ead9083c756cc2,WETH,18,9999.999999,0.0,9999.999999,1179261649710062.0,,,199500,203520,2026-03-16T11:24:59+00:00
burn,0x97d7ff26a82dfe4be8a15f6bc79a5ba5dc148939ab2dcc54d09375b0724753cc#1111165,1773660743,24669782,0x97d7ff26a82dfe4be8a15f6bc79a5ba5dc148939ab2dcc54d09375b0724753cc,65,0x8ad599c3a0ff1de082011efddc58f1908eb6e6d8,3000.0,0.0,2246371914.0,,,0xf3ff408e735bbee4ed26f9a6112988069f033572,0xc36442b4a4522e871399cd717abdd847ab11fe88,0xa0b86991c6218b36c1d19d4a2e9eb0ce3606eb48,USDC,6,0xc02aaa39b223fe8d0a0e5c4f27ead9083c756cc2,WETH,18,0.0,0.0,0.0,0.0,,,199440,201420,2026-03-16T11:32:23+00:00
burn,0xe1cdb20ba9a37412619feef9427fbdd7b7677f658af414e36e2e2d91078eb898#1111166,1773660767,24669784,0xe1cdb20ba9a37412619feef9427fbdd7b7677f658af414e36e2e2d91078eb898,77,0x8ad599c3a0ff1de082011efddc58f1908eb6e6d8,3000.0,0.0,2242489269.0,,,0xf3ff408e735bbee4ed26f9a6112988069f033572,0xc36442b4a4522e871399cd717abdd847ab11fe88,0xa0b86991c6218b36c1d19d4a2e9eb0ce3606eb48,USDC,6,0xc02aaa39b223fe8d0a0e5c4f27ead9083c756cc2,WETH,18,20811.966688,0.0,20811.966688,4727013790581043.0,,,199440,201420,2026-03-16T11:32:47+00:00
burn,0xe36532bacab3e90aae2dbdf9b8390bcd3dd5dd4d24e67e4a7d4e6657e510f64e#1111175,1773661835,24669872,0xe36532bacab3e90aae2dbdf9b8390bcd3dd5dd4d24e67e4a7d4e6657e510f64e,39,0x8ad599c3a0ff1de082011efddc58f1908eb6e6d8,3000.0,0.0,2151967662.0,,,0xb6fce87a43786236bd64555abb49d60306ff1662,0xc36442b4a4522e871399cd717abdd847ab11fe88,0xa0b86991c6218b36c1d19d4a2e9eb0ce3606eb48,USDC,6,0xc02aaa39b223fe8d0a0e5c4f27ead9083c756cc2,WETH,18,0.0,0.0,0.0,0.0,,,199380,201120,2026-03-16T11:50:35+00:00
burn,0x31b8175ebed63d16503bf2d3753f41a01967705081a3f581303575a42ca53291#1111179,1773661895,24669876,0x31b8175ebed63d16503bf2d3753f41a01967705081a3f581303575a42ca53291,147,0x8ad599c3a0ff1de082011efddc58f1908eb6e6d8,3000.0,0.0,2139324110.0,,,0xb6fce87a43786236bd64555abb49d60306ff1662,0xc36442b4a4522e871399cd717abdd847ab11fe88,0xa0b86991c6218b36c1d19d4a2e9eb0ce3606eb48,USDC,6,0xc02aaa39b223fe8d0a0e5c4f27ead9083c756cc2,WETH,18,4817.137338,0.0,4817.137338,1233987164017255.0,,,199380,201120,2026-03-16T11:51:35+00:00
burn,0xfae16b913f71c5073767aad3b43994c862b0e332b22328b2b72ab81ccd4b554d#1111183,1773663311,24669994,0xfae16b913f71c5073767aad3b43994c862b0e332b22328b2b72ab81ccd4b554d,379,0x8ad599c3a0ff1de082011efddc58f1908eb6e6d8,3000.0,0.0,723808409.0,,,0x324c35bb330eda274584992a128ebef89c963420,0xc36442b4a4522e871399cd717abdd847ab11fe88,0xa0b86991c6218b36c1d19d4a2e9eb0ce3606eb48,USDC,6,0xc02aaa39b223fe8d0a0e5c4f27ead9083c756cc2,WETH,18,216.691828,0.10578951761466386,457.7269579281298,293010682382953.0,,,198660,199320,2026-03-16T12:15:11+00:00
burn,0xfae16b913f71c5073767aad3b43994c862b0e332b22328b2b72ab81ccd4b554d#1111184,1773663311,24669994,0xfae16b913f71c5073767aad3b43994c862b0e332b22328b2b72ab81ccd4b554d,381,0x8ad599c3a0ff1de082011efddc58f1908eb6e6d8,3000.0,0.0,723808409.0,,,0x324c35bb330eda274584992a128ebef89c963420,0xc36442b4a4522e871399cd717abdd847ab11fe88,0xa0b86991c6218b36c1d19d4a2e9eb0ce3606eb48,USDC,6,0xc02aaa39b223fe8d0a0e5c4f27ead9083c756cc2,WETH,18,0.0,0.0,0.0,0.0,,,198660,199320,2026-03-16T12:15:11+00:00
burn,0x055f1e406bcb2403626e798764b2d94ecd5db0d191e43d280d29b8196132cde1#1111187,1773663359,24669998,0x055f1e406bcb2403626e798764b2d94ecd5db0d191e43d280d29b8196132cde1,261,0x8ad599c3a0ff1de082011efddc58f1908eb6e6d8,3000.0,0.0,721140142.0,,,0x324c35bb330eda274584992a128ebef89c963420,0xc36442b4a4522e871399cd717abdd847ab11fe88,0xa0b86991c6218b36c1d19d4a2e9eb0ce3606eb48,USDC,6,0xc02aaa39b223fe8d0a0e5c4f27ead9083c756cc2,WETH,18,77.250622,0.037713956116455755,163.17963006812687,104458289121754.0,,,198660,199320,2026-03-16T12:15:59+00:00
burn,0x055f1e406bcb2403626e798764b2d94ecd5db0d191e43d280d29b8196132cde1#1111188,1773663359,24669998,0x055f1e406bcb2403626e798764b2d94ecd5db0d191e43d280d29b8196132cde1,263,0x8ad599c3a0ff1de082011efddc58f1908eb6e6d8,3000.0,0.0,721140142.0,,,0x324c35bb330eda274584992a128ebef89c963420,0xc36442b4a4522e871399cd717abdd847ab11fe88,0xa0b86991c6218b36c1d19d4a2e9eb0ce3606eb48,USDC,6,0xc02aaa39b223fe8d0a0e5c4f27ead9083c756cc2,WETH,18,0.0,0.0,0.0,0.0,,,198660,199320,2026-03-16T12:15:59+00:00
burn,0xe3cc4a8b7ce0d27e866c934d98d6a04bbb791f27475663e388146b9ae275c2de#1111193,1773663731,24670029,0xe3cc4a8b7ce0d27e866c934d98d6a04bbb791f27475663e388146b9ae275c2de,570,0x8ad599c3a0ff1de082011efddc58f1908eb6e6d8,3000.0,0.0,1241731535.0,,,0x324c35bb330eda274584992a128ebef89c963420,0xc36442b4a4522e871399cd717abdd847ab11fe88,0xa0b86991c6218b36c1d19d4a2e9eb0ce3606eb48,USDC,6,0xc02aaa39b223fe8d0a0e5c4f27ead9083c756cc2,WETH,18,195.738496,0.07389070634602823,364.8030277608818,233040820895908.0,,,198660,199320,2026-03-16T12:22:11+00:00
burn,0xc205a821b905a9dbb328c78d004c89b5d7ab7604c0c0ce9c4e38c6568669c9bf#1111194,1773663851,24670039,0xc205a821b905a9dbb328c78d004c89b5d7ab7604c0c0ce9c4e38c6568669c9bf,179,0x8ad599c3a0ff1de082011efddc58f1908eb6e6d8,3000.0,0.0,741284486.0,,,0x2dd16282637471aed8b983637f7b92f2772cb9b0,0xc36442b4a4522e871399cd717abdd847ab11fe88,0xa0b86991c6218b36c1d19d4a2e9eb0ce3606eb48,USDC,6,0xc02aaa39b223fe8d0a0e5c4f27ead9083c756cc2,WETH,18,0.0,0.0,0.0,0.0,,,198660,199560,2026-03-16T12:24:11+00:00
burn,0xe94ada948aaa49e49747ad6f0d78c13f3e7f93d664da4dd17d05908034068653#1111195,1773663971,24670049,0xe94ada948aaa49e49747ad6f0d78c13f3e7f93d664da4dd17d05908034068653,996,0x8ad599c3a0ff1de082011efddc58f1908eb6e6d8,3000.0,0.0,268158593.0,,,0xffa8b87b2c93350bb2195ff8a3814be185f2126f,0xc36442b4a4522e871399cd717abdd847ab11fe88,0xa0b86991c6218b36c1d19d4a2e9eb0ce3606eb48,USDC,6,0xc02aaa39b223fe8d0a0e5c4f27ead9083c756cc2,WETH,18,79.753081,0.00724113296683567,96.32104759546564,14438063144065.0,,,198480,201420,2026-03-16T12:26:11+00:00
burn,0xb79aebd86093ff1dc032de356d2fc6394471ae7921903fe66647ffa559b4cf15#1111203,1773664979,24670133,0xb79aebd86093ff1dc032de356d2fc6394471ae7921903fe66647ffa559b4cf15,214,0x8ad599c3a0ff1de082011efddc58f1908eb6e6d8,3000.0,0.0,884914619.0,,,0xdaad113dca4f85138ab08b2331459bacf2e86224,0xc36442b4a4522e871399cd717abdd847ab11fe88,0xa0b86991c6218b36c1d19d4a2e9eb0ce3606eb48,USDC,6,0xc02aaa39b223fe8d0a0e5c4f27ead9083c756cc2,WETH,18,0.0,0.0,0.0,0.0,,,196560,198060,2026-03-16T12:42:59+00:00
burn,0xd55d30096bab265e7b95c4b980b9f281d15fd71e1e01837d9fda7a98e44a1a26#1111205,1773665027,24670137,0xd55d30096bab265e7b95c4b980b9f281d15fd71e1e01837d9fda7a98e44a1a26,470,0x8ad599c3a0ff1de082011efddc58f1908eb6e6d8,3000.0,0.0,856784014.0,,,0xdaad113dca4f85138ab08b2331459bacf2e86224,0xc36442b4a4522e871399cd717abdd847ab11fe88,0xa0b86991c6218b36c1d19d4a2e9eb0ce3606eb48,USDC,6,0xc02aaa39b223fe8d0a0e5c4f27ead9083c756cc2,WETH,18,0.0,1.853369059024818,4241.281491310012,1283815418332901.0,,,196560,198060,2026-03-16T12:43:47+00:00
burn,0xc87d5c85e8b621b276927c44b56747a0136be64a826680557cdc729b73fd0a7a#1111208,1773665039,24670138,0xc87d5c85e8b621b276927c44b56747a0136be64a826680557cdc729b73fd0a7a,220,0x8ad599c3a0ff1de082011efddc58f1908eb6e6d8,3000.0,0.0,2401379417.0,,,0x0e68a64538464342601b4dea73bf4b6be6e8e603,0xc36442b4a4522e871399cd717abdd847ab11fe88,0xa0b86991c6218b36c1d19d4a2e9eb0ce3606eb48,USDC,6,0xc02aaa39b223fe8d0a0e5c4f27ead9083c756cc2,WETH,18,1452.344163,0.4247967369562118,2424.445423447458,116216663655474.0,,,195120,205020,2026-03-16T12:43:59+00:00
burn,0x396fac98a5dee8e0882cf5f53ad5b7bfe9cd344d7c7db46934e5a83869f0c1bd#1111215,1773665279,24670158,0x396fac98a5dee8e0882cf5f53ad5b7bfe9cd344d7c7db46934e5a83869f0c1bd,406,0x8ad599c3a0ff1de082011efddc58f1908eb6e6d8,3000.0,0.0,1064419391.0,,,0x906bd71eb466cd75211dee5ed8092eefb2ca3322,0xc36442b4a4522e871399cd717abdd847ab11fe88,0xa0b86991c6218b36c1d19d4a2e9eb0ce3606eb48,USDC,6,0xc02aaa39b223fe8d0a0e5c4f27ead9083c756cc2,WETH,18,0.0,0.0,0.0,0.0,,,196560,198480,2026-03-16T12:47:59+00:00
burn,0x5f01b8acd203785ef0424a4227872cec3f62854cd9683ea25e9447ecd2eca29e#1111218,1773665363,24670165,0x5f01b8acd203785ef0424a4227872cec3f62854cd9683ea25e9447ecd2eca29e,449,0x8ad599c3a0ff1de082011efddc58f1908eb6e6d8,3000.0,0.0,1077978964.0,,,0x906bd71eb466cd75211dee5ed8092eefb2ca3322,0xc36442b4a4522e871399cd717abdd847ab11fe88,0xa0b86991c6218b36c1d19d4a2e9eb0ce3606eb48,USDC,6,0xc02aaa39b223fe8d0a0e5c4f27ead9083c756cc2,WETH,18,0.0,4.918627762692441,11237.985387131253,2633600130237519.0,,,196560,198480,2026-03-16T12:49:23+00:00
burn,0x43e3b69b3bd7b8dd6b1d7f036c1dcec5418df6476559e2fdc663934a228bcb90#1111220,1773665507,24670177,0x43e3b69b3bd7b8dd6b1d7f036c1dcec5418df6476559e2fdc663934a228bcb90,766,0x8ad599c3a0ff1de082011efddc58f1908eb6e6d8,3000.0,0.0,279127089.0,,,0x94223f3b247a0a870ae817998ec790903501a361,0xc36442b4a4522e871399cd717abdd847ab11fe88,0xa0b86991c6218b36c1d19d4a2e9eb0ce3606eb48,USDC,6,0xc02aaa39b223fe8d0a0e5c4f27ead9083c756cc2,WETH,18,1812.791179,0.1603846071378038,2179.2002019388465,250813835795204.0,,,198360,202260,2026-03-16T12:51:47+00:00
burn,0x6af0e9c8dc65fb45a3a713bae999ace65eb82a1aec0252d47b49fe17b302c2a1#1111249,1773668627,24670436,0x6af0e9c8dc65fb45a3a713bae999ace65eb82a1aec0252d47b49fe17b302c2a1,337,0x8ad599c3a0ff1de082011efddc58f1908eb6e6d8,3000.0,0.0,1437542721.0,,,0x793f2f5b18302994ea57f2be65895b38463223b6,0xc36442b4a4522e871399cd717abdd847ab11fe88,0xa0b86991c6218b36c1d19d4a2e9eb0ce3606eb48,USDC,6,0xc02aaa39b223fe8d0a0e5c4f27ead9083c756cc2,WETH,18,71842.497077,0.0,71842.497077,1.3278934717081204e+16,,,198960,201360,2026-03-16T13:43:47+00:00
burn,0x0a097e442ebf782a75ba800fc532fae278f78d7ab6a8f98bf1476eef26f0117c#1111278,1773670583,24670598,0x0a097e442ebf782a75ba800fc532fae278f78d7ab6a8f98bf1476eef26f0117c,447,0x8ad599c3a0ff1de082011efddc58f1908eb6e6d8,3000.0,0.0,825874048.0,,,0xfe915f24bd818552b50c628e4b82d1870b5291b5,0xc36442b4a4522e871399cd717abdd847ab11fe88,0xa0b86991c6218b36c1d19d4a2e9eb0ce3606eb48,USDC,6,0xc02aaa39b223fe8d0a0e5c4f27ead9083c756cc2,WETH,18,0.0,0.0,0.0,0.0,,,199440,200520,2026-03-16T14:16:23+00:00
burn,0x5b29d479adf5aaf499679a8234bda55eb34576f77e185370ea1654f43c613748#1111279,1773670667,24670605,0x5b29d479adf5aaf499679a8234bda55eb34576f77e185370ea1654f43c613748,37,0x8ad599c3a0ff1de082011efddc58f1908eb6e6d8,3000.0,0.0,2720348578.0,,,0xe5661c3ad2a9716415aebf37a8e6ec263451ca8d,0xc36442b4a4522e871399cd717abdd847ab11fe88,0xa0b86991c6218b36c1d19d4a2e9eb0ce3606eb48,USDC,6,0xc02aaa39b223fe8d0a0e5c4f27ead9083c756cc2,WETH,18,18035.258743,0.0,18035.258743,2247757717134791.0,,,199200,202920,2026-03-16T14:17:47+00:00
burn,0x3fe44d294752c2c84d4ff5fc1f1100987335cbdff38f74f2657e6d1e886830f8#1111282,1773670691,24670607,0x3fe44d294752c2c84d4ff5fc1f1100987335cbdff38f74f2657e6d1e886830f8,78,0x8ad599c3a0ff1de082011efddc58f1908eb6e6d8,3000.0,0.0,772906288.0,,,0xfe915f24bd818552b50c628e4b82d1870b5291b5,0xc36442b4a4522e871399cd717abdd847ab11fe88,0xa0b86991c6218b36c1d19d4a2e9eb0ce3606eb48,USDC,6,0xc02aaa39b223fe8d0a0e5c4f27ead9083c756cc2,WETH,18,0.0,0.0,0.0,0.0,,,199440,200520,2026-03-16T14:18:11+00:00
burn,0x3fe44d294752c2c84d4ff5fc1f1100987335cbdff38f74f2657e6d1e886830f8#1111283,1773670691,24670607,0x3fe44d294752c2c84d4ff5fc1f1100987335cbdff38f74f2657e6d1e886830f8,83,0x8ad599c3a0ff1de082011efddc58f1908eb6e6d8,3000.0,0.0,772906288.0,,,0xfe915f24bd818552b50c628e4b82d1870b5291b5,0xc36442b4a4522e871399cd717abdd847ab11fe88,0xa0b86991c6218b36c1d19d4a2e9eb0ce3606eb48,USDC,6,0xc02aaa39b223fe8d0a0e5c4f27ead9083c756cc2,WETH,18,6677.208057,0.0,6677.208057,2719340031720115.0,,,199440,200520,2026-03-16T14:18:11+00:00
burn,0x959c60f10832e2e1ef7871ad198b12ac7bd19987661a2830b26950bcf2a550e1#1111286,1773670751,24670612,0x959c60f10832e2e1ef7871ad198b12ac7bd19987661a2830b26950bcf2a550e1,11,0x8ad599c3a0ff1de082011efddc58f1908eb6e6d8,3000.0,0.0,11497516704.0,,,0xae2fc483527b8ef99eb5d9b44875f005ba1fae13,0x1f2f10d1c40777ae1da742455c65828ff36df387,0xa0b86991c6218b36c1d19d4a2e9eb0ce3606eb48,USDC,6,0xc02aaa39b223fe8d0a0e5c4f27ead9083c756cc2,WETH,18,1528409.433936,406.992328460849,2463625.485048129,1.7145764025523503e+19,,,198900,198960,2026-03-16T14:19:11+00:00
burn,0x61ffb9b8986f184255e62d763ab3a6a8b6b95171825d3bec1a353aaea7ad9dc4#1111289,1773670823,24670618,0x61ffb9b8986f184255e62d763ab3a6a8b6b95171825d3bec1a353aaea7ad9dc4,561,0x8ad599c3a0ff1de082011efddc58f1908eb6e6d8,3000.0,0.0,1177706375.0,,,0x660179c6463de15e20e00cbb2d247fdfb54c9ae3,0xc36442b4a4522e871399cd717abdd847ab11fe88,0xa0b86991c6218b36c1d19d4a2e9eb0ce3606eb48,USDC,6,0xc02aaa39b223fe8d0a0e5c4f27ead9083c756cc2,WETH,18,0.0,0.0,0.0,0.0,,,193860,197580,2026-03-16T14:20:23+00:00
burn,0x1cf3651ec713bfc6174be00eb1203ef47c15711fc38521d16c83262e6f304713#1111290,1773671111,24670641,0x1cf3651ec713bfc6174be00eb1203ef47c15711fc38521d16c83262e6f304713,153,0x8ad599c3a0ff1de082011efddc58f1908eb6e6d8,3000.0,0.0,2651061283.0,,,0xb81eda98616ea6eb8cacaca408ac0abac1f5ee81,0xc36442b4a4522e871399cd717abdd847ab11fe88,0xa0b86991c6218b36c1d19d4a2e9eb0ce3606eb48,USDC,6,0xc02aaa39b223fe8d0a0e5c4f27ead9083c756cc2,WETH,18,0.0,0.0,0.0,0.0,,,194760,201600,2026-03-16T14:25:11+00:00
burn,0x9bf9c438a661ea60199fe1792338087a2fcede1c12e1b4bfcb95f01ed85d7f3a#1111309,1773671819,24670699,0x9bf9c438a661ea60199fe1792338087a2fcede1c12e1b4bfcb95f01ed85d7f3a,7,0x8ad599c3a0ff1de082011efddc58f1908eb6e6d8,3000.0,0.0,28452129618.0,,,0xae2fc483527b8ef99eb5d9b44875f005ba1fae13,0x1f2f10d1c40777ae1da742455c65828ff36df387,0xa0b86991c6218b36c1d19d4a2e9eb0ce3606eb48,USDC,6,0xc02aaa39b223fe8d0a0e5c4f27ead9083c756cc2,WETH,18,1527174.535453,785.2689689154347,3308399.851173177,2.3173723781913903e+19,,,199020,199080,2026-03-16T14:36:59+00:00
burn,0xde9c46c940ff6270780a1bdf1ff566d72704c909471ae21aca196d1fdc090957#1111333,1773673319,24670824,0xde9c46c940ff6270780a1bdf1ff566d72704c909471ae21aca196d1fdc090957,42,0x8ad599c3a0ff1de082011efddc58f1908eb6e6d8,3000.0,0.0,3460144101.0,,,0xae2fc483527b8ef99eb5d9b44875f005ba1fae13,0x1f2f10d1c40777ae1da742455c65828ff36df387,0xa0b86991c6218b36c1d19d4a2e9eb0ce3606eb48,USDC,6,0xc02aaa39b223fe8d0a0e5c4f27ead9083c756cc2,WETH,18,1450992.63449,903.1048712571221,3511234.176885569,2.4524815764752957e+19,,,198960,199020,2026-03-16T15:01:59+00:00
burn,0xaf9ee41d19261994747ebcadea9e4a6767d6793350c658cde8ad473789719f91#1111360,1773676523,24671091,0xaf9ee41d19261994747ebcadea9e4a6767d6793350c658cde8ad473789719f91,253,0x8ad599c3a0ff1de082011efddc58f1908eb6e6d8,3000.0,0.0,856734112.0,,,0x6f9194ee4c92929f9b99914c02e3789a55dfa81d,0xc36442b4a4522e871399cd717abdd847ab11fe88,0xa0b86991c6218b36c1d19d4a2e9eb0ce3606eb48,USDC,6,0xc02aaa39b223fe8d0a0e5c4f27ead9083c756cc2,WETH,18,0.0,0.0,0.0,0.0,,,199260,200640,2026-03-16T15:55:23+00:00
burn,0xdf86e0b2b524c32ddcad3561134566ec6ece9b6b23a10bb03c32b449ce3c68e6#1111362,1773676571,24671095,0xdf86e0b2b524c32ddcad3561134566ec6ece9b6b23a10bb03c32b449ce3c68e6,396,0x8ad599c3a0ff1de082011efddc58f1908eb6e6d8,3000.0,0.0,837777397.0,,,0x6f9194ee4c92929f9b99914c02e3789a55dfa81d,0xc36442b4a4522e871399cd717abdd847ab11fe88,0xa0b86991c6218b36c1d19d4a2e9eb0ce3606eb48,USDC,6,0xc02aaa39b223fe8d0a0e5c4f27ead9083c756cc2,WETH,18,6531.81204,0.0,6531.81204,2078558084694491.0,,,199260,200640,2026-03-16T15:56:11+00:00
burn,0x7fb788209918337e3c8aa80e6d977691ad254f4d32af211b8ec4653019de2fe8#1111372,1773677111,24671140,0x7fb788209918337e3c8aa80e6d977691ad254f4d32af211b8ec4653019de2fe8,50,0x8ad599c3a0ff1de082011efddc58f1908eb6e6d8,3000.0,0.0,803487761.0,,,0x55cd54473f7b0302d44f8cd2b19a0e21082579ed,0xc36442b4a4522e871399cd717abdd847ab11fe88,0xa0b86991c6218b36c1d19d4a2e9eb0ce3606eb48,USDC,6,0xc02aaa39b223fe8d0a0e5c4f27ead9083c756cc2,WETH,18,5.377305,0.000729819698291209,7.0393613499657155,265503672704.0,,,196200,210060,2026-03-16T16:05:11+00:00
burn,0xdb7841658b54d9aa839fdbb32519dbc7ce6595bfca77cf3d4f2d71994f3aeb45#1111376,1773677567,24671178,0xdb7841658b54d9aa839fdbb32519dbc7ce6595bfca77cf3d4f2d71994f3aeb45,547,0x8ad599c3a0ff1de082011efddc58f1908eb6e6d8,3000.0,0.0,7946485085.0,,,0xae2fc483527b8ef99eb5d9b44875f005ba1fae13,0x1f2f10d1c40777ae1da742455c65828ff36df387,0xa0b86991c6218b36c1d19d4a2e9eb0ce3606eb48,USDC,6,0xc02aaa39b223fe8d0a0e5c4f27ead9083c756cc2,WETH,18,413723.164011,903.6377850861502,2472140.558657887,1.7285181721968378e+19,,,198960,199020,2026-03-16T16:12:47+00:00
burn,0x1f18c5a18d038a1155c685b526c842ada1026aabd6fa9768583f0f0657fb05bb#1111387,1773678803,24671281,0x1f18c5a18d038a1155c685b526c842ada1026aabd6fa9768583f0f0657fb05bb,15,0x8ad599c3a0ff1de082011efddc58f1908eb6e6d8,3000.0,0.0,9520537434.0,,,0xae2fc483527b8ef99eb5d9b44875f005ba1fae13,0x1f2f10d1c40777ae1da742455c65828ff36df387,0xa0b86991c6218b36c1d19d4a2e9eb0ce3606eb48,USDC,6,0xc02aaa39b223fe8d0a0e5c4f27ead9083c756cc2,WETH,18,727804.737564,903.5612318317135,2787206.025548319,1.9479503251051643e+19,,,198960,199020,2026-03-16T16:33:23+00:00
burn,0xfe79dfd4a519865b7668e96d3dde5109991a8abd63ba025a167353a0daf1971a#1111387,1773679379,24671329,0xfe79dfd4a519865b7668e96d3dde5109991a8abd63ba025a167353a0daf1971a,124,0x8ad599c3a0ff1de082011efddc58f1908eb6e6d8,3000.0,0.0,2365286416.0,,,0x490043660c077ae1c927b8fa3bd7cf7a5993e58d,0xc36442b4a4522e871399cd717abdd847ab11fe88,0xa0b86991c6218b36c1d19d4a2e9eb0ce3606eb48,USDC,6,0xc02aaa39b223fe8d0a0e5c4f27ead9083c756cc2,WETH,18,0.0,0.0,0.0,0.0,,,198480,202560,2026-03-16T16:42:59+00:00
burn,0x7dec0f7644974835a3b65eccb06dbcf1778dab11ebac1d28dff12bfe6dbdf267#1111395,1773679895,24671372,0x7dec0f7644974835a3b65eccb06dbcf1778dab11ebac1d28dff12bfe6dbdf267,132,0x8ad599c3a0ff1de082011efddc58f1908eb6e6d8,3000.0,0.0,2249092140.0,,,0xac5d62acc9a2529205729d8d26565155cccd4753,0xc36442b4a4522e871399cd717abdd847ab11fe88,0xa0b86991c6218b36c1d19d4a2e9eb0ce3606eb48,USDC,6,0xc02aaa39b223fe8d0a0e5c4f27ead9083c756cc2,WETH,18,62.751519,0.0,62.751519,18011571520434.0,,,199560,201120,2026-03-16T16:51:35+00:00
burn,0x9c14843c304339517c598a2eafa55c83321922c58f784c8c3960cfa05d74818e#1111424,1773683507,24671669,0x9c14843c304339517c598a2eafa55c83321922c58f784c8c3960cfa05d74818e,63,0x8ad599c3a0ff1de082011efddc58f1908eb6e6d8,3000.0,0.0,1691460736.0,,,0x6aa95c45aed3f6a04485e63016b101bd3d568f17,0xc36442b4a4522e871399cd717abdd847ab11fe88,0xa0b86991c6218b36c1d19d4a2e9eb0ce3606eb48,USDC,6,0xc02aaa39b223fe8d0a0e5c4f27ead9083c756cc2,WETH,18,0.0,0.0,0.0,0.0,,,198900,200820,2026-03-16T17:51:47+00:00
burn,0xb01ca3a5e6cf5fea9f791ed2172533a7966b4c8ca4b35f8b719d739bdad8ec4b#1111425,1773683627,24671679,0xb01ca3a5e6cf5fea9f791ed2172533a7966b4c8ca4b35f8b719d739bdad8ec4b,97,0x8ad599c3a0ff1de082011efddc58f1908eb6e6d8,3000.0,0.0,1012963160.0,,,0x6aa95c45aed3f6a04485e63016b101bd3d568f17,0xc36442b4a4522e871399cd717abdd847ab11fe88,0xa0b86991c6218b36c1d19d4a2e9eb0ce3606eb48,USDC,6,0xc02aaa39b223fe8d0a0e5c4f27ead9083c756cc2,WETH,18,3351.408651,0.0,3351.408651,762954966549968.0,,,198900,200820,2026-03-16T17:53:47+00:00
burn,0x8945ce2b89499d72fa45fc88ade098511908e6e604d401341a1305d51e139a0d#1111428,1773683651,24671681,0x8945ce2b89499d72fa45fc88ade098511908e6e604d401341a1305d51e139a0d,289,0x8ad599c3a0ff1de082011efddc58f1908eb6e6d8,3000.0,0.0,2356661894.0,,,0x77c73643375b699c2a9076f3c57e1d44f6865ad5,0xc36442b4a4522e871399cd717abdd847ab11fe88,0xa0b86991c6218b36c1d19d4a2e9eb0ce3606eb48,USDC,6,0xc02aaa39b223fe8d0a0e5c4f27ead9083c756cc2,WETH,18,0.0,0.0,0.0,0.0,,,-887220,887220,2026-03-16T17:54:11+00:00
burn,0x4ad481f8bd8edb254934862e1d14d807dd6a3352458e5bbd759e14e507d6c6c0#1111430,1773683951,24671706,0x4ad481f8bd8edb254934862e1d14d807dd6a3352458e5bbd759e14e507d6c6c0,14,0x8ad599c3a0ff1de082011efddc58f1908eb6e6d8,3000.0,0.0,378797081.0,,,0xfe915f24bd818552b50c628e4b82d1870b5291b5,0xc36442b4a4522e871399cd717abdd847ab11fe88,0xa0b86991c6218b36c1d19d4a2e9eb0ce3606eb48,USDC,6,0xc02aaa39b223fe8d0a0e5c4f27ead9083c756cc2,WETH,18,0.0,0.0,0.0,0.0,,,198420,199440,2026-03-16T17:59:11+00:00
burn,0x4ad481f8bd8edb254934862e1d14d807dd6a3352458e5bbd759e14e507d6c6c0#1111431,1773683951,24671706,0x4ad481f8bd8edb254934862e1d14d807dd6a3352458e5bbd759e14e507d6c6c0,35,0x8ad599c3a0ff1de082011efddc58f1908eb6e6d8,3000.0,0.0,378797081.0,,,0xfe915f24bd818552b50c628e4b82d1870b5291b5,0xc36442b4a4522e871399cd717abdd847ab11fe88,0xa0b86991c6218b36c1d19d4a2e9eb0ce3606eb48,USDC,6,0xc02aaa39b223fe8d0a0e5c4f27ead9083c756cc2,WETH,18,3823.861429,1.2332052419742163,6676.902273769249,2757617144356748.0,,,198420,199440,2026-03-16T17:59:11+00:00
burn,0x9f88fa5c1fa63272ed67c59cdefe3b804dced584fd2a15e394860107109744bb#1111430,1773684191,24671726,0x9f88fa5c1fa63272ed67c59cdefe3b804dced584fd2a15e394860107109744bb,765,0x8ad599c3a0ff1de082011efddc58f1908eb6e6d8,3000.0,0.0,353902212.0,,,0x5370eb8a0d876b723c716b96eb34caf64f69b505,0xc36442b4a4522e871399cd717abdd847ab11fe88,0xa0b86991c6218b36c1d19d4a2e9eb0ce3606eb48,USDC,6,0xc02aaa39b223fe8d0a0e5c4f27ead9083c756cc2,WETH,18,1772.535179,0.0,1772.535179,553995758594637.0,,,198900,200280,2026-03-16T18:03:11+00:00
burn,0x0f4ce249e33cffc5cf3c9680bef9a674636f205475eb9ead0d5b62733eaa40fd#1111434,1773684191,24671726,0x0f4ce249e33cffc5cf3c9680bef9a674636f205475eb9ead0d5b62733eaa40fd,819,0x8ad599c3a0ff1de082011efddc58f1908eb6e6d8,3000.0,0.0,353902212.0,,,0xf148f45b042c7fd459623ac7a7ebe271754bd9aa,0xc36442b4a4522e871399cd717abdd847ab11fe88,0xa0b86991c6218b36c1d19d4a2e9eb0ce3606eb48,USDC,6,0xc02aaa39b223fe8d0a0e5c4f27ead9083c756cc2,WETH,18,658.159559,0.0,658.159559,205704015851833.0,,,198900,200280,2026-03-16T18:03:11+00:00
burn,0x3287995207c9b4b4807825deebb3023189818f607d4f5f0c476cbfb8e96d51aa#1111436,1773684287,24671734,0x3287995207c9b4b4807825deebb3023189818f607d4f5f0c476cbfb8e96d51aa,822,0x8ad599c3a0ff1de082011efddc58f1908eb6e6d8,3000.0,0.0,349404727.0,,,0xc86242e880ed2eaf46dd2a48c6425942a4b6f3c2,0xc36442b4a4522e871399cd717abdd847ab11fe88,0xa0b86991c6218b36c1d19d4a2e9eb0ce3606eb48,USDC,6,0xc02aaa39b223fe8d0a0e5c4f27ead9083c756cc2,WETH,18,0.0,0.0,0.0,0.0,,,196260,200340,2026-03-16T18:04:47+00:00
burn,0xf0b4b27f8bf4c992ae9cee2875cfe5c43c25a13fd67b717a4eb08cc653963481#1111444,1773684731,24671770,0xf0b4b27f8bf4c992ae9cee2875cfe5c43c25a13fd67b717a4eb08cc653963481,95,0x8ad599c3a0ff1de082011efddc58f1908eb6e6d8,3000.0,0.0,1695728958.0,,,0x46fb459c8af259fbefcb65f11f7a4fec846e0a93,0xc36442b4a4522e871399cd717abdd847ab11fe88,0xa0b86991c6218b36c1d19d4a2e9eb0ce3606eb48,USDC,6,0xc02aaa39b223fe8d0a0e5c4f27ead9083c756cc2,WETH,18,1907.299377,0.0,1907.299377,509289553405603.0,,,198840,200460,2026-03-16T18:12:11+00:00
burn,0x070634ac4f1aab845ae272d3ca909058d031e95bd8bacefa580f339eb2710be8#1111494,1773688259,24672063,0x070634ac4f1aab845ae272d3ca909058d031e95bd8bacefa580f339eb2710be8,309,0x8ad599c3a0ff1de082011efddc58f1908eb6e6d8,3000.0,0.0,2209009463.0,,,0x7366fbbc239f10eeaa9a65433244c8b80b0dab49,0xc36442b4a4522e871399cd717abdd847ab11fe88,0xa0b86991c6218b36c1d19d4a2e9eb0ce3606eb48,USDC,6,0xc02aaa39b223fe8d0a0e5c4f27ead9083c756cc2,WETH,18,0.0,0.0,0.0,0.0,,,197640,202080,2026-03-16T19:10:59+00:00
burn,0x3f8c53d5b18395bcc7354b2b1121b7483a21c63b8e19c8048ca0346a1c7c5056#1111499,1773688835,24672111,0x3f8c53d5b18395bcc7354b2b1121b7483a21c63b8e19c8048ca0346a1c7c5056,112,0x8ad599c3a0ff1de082011efddc58f1908eb6e6d8,3000.0,0.0,691417073.0,,,0xc42ceb5dcf04a3c22ba4cdc21b1afb1379182da3,0xc36442b4a4522e871399cd717abdd847ab11fe88,0xa0b86991c6218b36c1d19d4a2e9eb0ce3606eb48,USDC,6,0xc02aaa39b223fe8d0a0e5c4f27ead9083c756cc2,WETH,18,544.372949,0.0,544.372949,113126891273862.0,,,198780,200880,2026-03-16T19:20:35+00:00
burn,0x0252d6859dd081c71b702901cf6296b1ba39122f2c5e0e65c4ed59db2ddff646#1111504,1773689483,24672165,0x0252d6859dd081c71b702901cf6296b1ba39122f2c5e0e65c4ed59db2ddff646,750,0x8ad599c3a0ff1de082011efddc58f1908eb6e6d8,3000.0,0.0,205069302.0,,,0xb217b0e9ce85ab98d684cbd0a28b16a069d5f126,0xc36442b4a4522e871399cd717abdd847ab11fe88,0xa0b86991c6218b36c1d19d4a2e9eb0ce3606eb48,USDC,6,0xc02aaa39b223fe8d0a0e5c4f27ead9083c756cc2,WETH,18,9999.999998,0.0,9999.999998,1056167469635218.0,,,199080,203520,2026-03-16T19:31:23+00:00
burn,0x4f3644fa9d2c6b438b23f358804edc35e5ab4894a3eda200f060f20330898d4d#1111506,1773689867,24672197,0x4f3644fa9d2c6b438b23f358804edc35e5ab4894a3eda200f060f20330898d4d,348,0x8ad599c3a0ff1de082011efddc58f1908eb6e6d8,3000.0,0.0,2181043880.0,,,0x56410f565aa74c6408c03097807ae86690b5d0c1,0xc36442b4a4522e871399cd717abdd847ab11fe88,0xa0b86991c6218b36c1d19d4a2e9eb0ce3606eb48,USDC,6,0xc02aaa39b223fe8d0a0e5c4f27ead9083c756cc2,WETH,18,0.0,0.0,0.0,0.0,,,198960,201660,2026-03-16T19:37:47+00:00
burn,0xef55d543ff01c636f4bdcfcf459157b44551cdcfa65ed8620cf37d819018d944#1111506,1773689951,24672204,0xef55d543ff01c636f4bdcfcf459157b44551cdcfa65ed8620cf37d819018d944,520,0x8ad599c3a0ff1de082011efddc58f1908eb6e6d8,3000.0,0.0,2172566962.0,,,0x56410f565aa74c6408c03097807ae86690b5d0c1,0xc36442b4a4522e871399cd717abdd847ab11fe88,0xa0b86991c6218b36c1d19d4a2e9eb0ce3606eb48,USDC,6,0xc02aaa39b223fe8d0a0e5c4f27ead9083c756cc2,WETH,18,193.136449,0.0,193.136449,31965492054628.0,,,198960,201660,2026-03-16T19:39:11+00:00
burn,0x0660a61ac952268891be86e41c22825d5f30216283da09b3d318adbc863d3cc4#1111510,1773690059,24672213,0x0660a61ac952268891be86e41c22825d5f30216283da09b3d318adbc863d3cc4,345,0x8ad599c3a0ff1de082011efddc58f1908eb6e6d8,3000.0,0.0,165740534.0,,,0x9e0c163c5d07ae90c8f805165864d583bbae6b17,0xc36442b4a4522e871399cd717abdd847ab11fe88,0xa0b86991c6218b36c1d19d4a2e9eb0ce3606eb48,USDC,6,0xc02aaa39b223fe8d0a0e5c4f27ead9083c756cc2,WETH,18,0.0,0.0,0.0,0.0,,,193380,205440,2026-03-16T19:40:59+00:00
burn,0xffcac65184a6d24e8c8008a333957bf559995a77c50705f993430bc9690be161#1111509,1773690179,24672223,0xffcac65184a6d24e8c8008a333957bf559995a77c50705f993430bc9690be161,356,0x8ad599c3a0ff1de082011efddc58f1908eb6e6d8,3000.0,0.0,171689762.0,,,0x6c3c0d33de260dcd8cd6589475903de129705835,0xc36442b4a4522e871399cd717abdd847ab11fe88,0xa0b86991c6218b36c1d19d4a2e9eb0ce3606eb48,USDC,6,0xc02aaa39b223fe8d0a0e5c4f27ead9083c756cc2,WETH,18,0.0,0.0,0.0,0.0,,,199500,201420,2026-03-16T19:42:59+00:00
burn,0xc55113b2c5e276d092d75f4da1ed632ad2cd26e7975c6c83c97effeba50baf6e#1111510,1773690191,24672224,0xc55113b2c5e276d092d75f4da1ed632ad2cd26e7975c6c83c97effeba50baf6e,162,0x8ad599c3a0ff1de082011efddc58f1908eb6e6d8,3000.0,0.0,2167853718.0,,,0x0e537578296f92a8cbfe9af9f94d379fa272ae73,0xc36442b4a4522e871399cd717abdd847ab11fe88,0xa0b86991c6218b36c1d19d4a2e9eb0ce3606eb48,USDC,6,0xc02aaa39b223fe8d0a0e5c4f27ead9083c756cc2,WETH,18,53655.713642,0.0,53655.713642,1.1599666895341064e+16,,,199020,201060,2026-03-16T19:43:11+00:00
burn,0x833a837eb5c4a564b3c49bf7e4271f6408b9fb9265a280e41623323576d15b58#1111513,1773690239,24672228,0x833a837eb5c4a564b3c49bf7e4271f6408b9fb9265a280e41623323576d15b58,416,0x8ad599c3a0ff1de082011efddc58f1908eb6e6d8,3000.0,0.0,257150805.0,,,0xa29e758fb79cbe45bd5fcac7db3092e76162a578,0xc36442b4a4522e871399cd717abdd847ab11fe88,0xa0b86991c6218b36c1d19d4a2e9eb0ce3606eb48,USDC,6,0xc02aaa39b223fe8d0a0e5c4f27ead9083c756cc2,WETH,18,449.382693,0.18284561933358598,875.859536352654,30970379246064.0,,,192060,205920,2026-03-16T19:43:59+00:00
burn,0x833a837eb5c4a564b3c49bf7e4271f6408b9fb9265a280e41623323576d15b58#1111514,1773690239,24672228,0x833a837eb5c4a564b3c49bf7e4271f6408b9fb9265a280e41623323576d15b58,418,0x8ad599c3a0ff1de082011efddc58f1908eb6e6d8,3000.0,0.0,257150805.0,,,0xa29e758fb79cbe45bd5fcac7db3092e76162a578,0xc36442b4a4522e871399cd717abdd847ab11fe88,0xa0b86991c6218b36c1d19d4a2e9eb0ce3606eb48,USDC,6,0xc02aaa39b223fe8d0a0e5c4f27ead9083c756cc2,WETH,18,0.0,0.0,0.0,0.0,,,192060,205920,2026-03-16T19:43:59+00:00
burn,0xc728ef058f625ba5d6bcec7d275f43ed2e54294c8477051891ac06ee832b2daf#1111513,1773690275,24672231,0xc728ef058f625ba5d6bcec7d275f43ed2e54294c8477051891ac06ee832b2daf,454,0x8ad599c3a0ff1de082011efddc58f1908eb6e6d8,3000.0,0.0,2167122967.0,,,0x8a9d4baa7cafcca892066d08e5d6619a69a3cd8a,0xc36442b4a4522e871399cd717abdd847ab11fe88,0xa0b86991c6218b36c1d19d4a2e9eb0ce3606eb48,USDC,6,0xc02aaa39b223fe8d0a0e5c4f27ead9083c756cc2,WETH,18,0.0,0.0,0.0,0.0,,,199560,201840,2026-03-16T19:44:35+00:00
burn,0x498a25138e941fbb57c60ca74f7e6f89d025f590e4a861bb3f3ecdf80852650f#1111517,1773690323,24672235,0x498a25138e941fbb57c60ca74f7e6f89d025f590e4a861bb3f3ecdf80852650f,442,0x8ad599c3a0ff1de082011efddc58f1908eb6e6d8,3000.0,0.0,2168500404.0,,,0xd9602696e645759506a6afd695ba820c169393af,0xc36442b4a4522e871399cd717abdd847ab11fe88,0xa0b86991c6218b36c1d19d4a2e9eb0ce3606eb48,USDC,6,0xc02aaa39b223fe8d0a0e5c4f27ead9083c756cc2,WETH,18,43522.66228,0.0,43522.66228,9181187601810968.0,,,199080,201180,2026-03-16T19:45:23+00:00
burn,0xfa61a5df6132550d8a4030e225d44310807e1c1c3c33d76c264f3ec1046e2f50#1111516,1773690443,24672245,0xfa61a5df6132550d8a4030e225d44310807e1c1c3c33d76c264f3ec1046e2f50,657,0x8ad599c3a0ff1de082011efddc58f1908eb6e6d8,3000.0,0.0,2176109608.0,,,0x651c1fef07237faebb7128dfe632f6a52532f5a1,0xc36442b4a4522e871399cd717abdd847ab11fe88,0xa0b86991c6218b36c1d19d4a2e9eb0ce3606eb48,USDC,6,0xc02aaa39b223fe8d0a0e5c4f27ead9083c756cc2,WETH,18,46376.094914,0.0,46376.094914,9783124591601854.0,,,199080,201180,2026-03-16T19:47:23+00:00
burn,0x4076ca726b551c90a788fa7f4a9109848d30ada539f7b829ae7968b27d871bae#1111519,1773690539,24672253,0x4076ca726b551c90a788fa7f4a9109848d30ada539f7b829ae7968b27d871bae,200,0x8ad599c3a0ff1de082011efddc58f1908eb6e6d8,3000.0,0.0,2167666634.0,,,0xf1f67ce3a384e6995449ead5cdf28eb049fc816a,0xc36442b4a4522e871399cd717abdd847ab11fe88,0xa0b86991c6218b36c1d19d4a2e9eb0ce3606eb48,USDC,6,0xc02aaa39b223fe8d0a0e5c4f27ead9083c756cc2,WETH,18,91845.310239,0.0,91845.310239,1.8808015256903404e+16,,,199020,201180,2026-03-16T19:48:59+00:00
burn,0xed93be80c0ae6807952db7594f15095308b0bc2dd312ec10f87da384f83f670f#1111519,1773690599,24672258,0xed93be80c0ae6807952db7594f15095308b0bc2dd312ec10f87da384f83f670f,366,0x8ad599c3a0ff1de082011efddc58f1908eb6e6d8,3000.0,0.0,167082246.0,,,0xf17c01c96c2adcab03ad778db9d3b3b783dcfdbc,0xc36442b4a4522e871399cd717abdd847ab11fe88,0xa0b86991c6218b36c1d19d4a2e9eb0ce3606eb48,USDC,6,0xc02aaa39b223fe8d0a0e5c4f27ead9083c756cc2,WETH,18,1160.740646,0.36401599228574477,2009.786917306498,254195863513503.0,,,197340,200760,2026-03-16T19:49:59+00:00
burn,0x237c9510c8933af2f3780c69729bb4b05ae759fde8ce89b3a65d2d38b8c43356#1111523,1773690815,24672276,0x237c9510c8933af2f3780c69729bb4b05ae759fde8ce89b3a65d2d38b8c43356,332,0x8ad599c3a0ff1de082011efddc58f1908eb6e6d8,3000.0,0.0,174121822.0,,,0x2497361c4e93571f818493063ac0baabe0cd0462,0xc36442b4a4522e871399cd717abdd847ab11fe88,0xa0b86991c6218b36c1d19d4a2e9eb0ce3606eb48,USDC,6,0xc02aaa39b223fe8d0a0e5c4f27ead9083c756cc2,WETH,18,0.0,0.0,0.0,0.0,,,199260,201720,2026-03-16T19:53:35+00:00
burn,0xcc84f4248db2afc5742d2549b4375aab884d622b8944d65505bb987644d225f1#1111522,1773691259,24672313,0xcc84f4248db2afc5742d2549b4375aab884d622b8944d65505bb987644d225f1,991,0x8ad599c3a0ff1de082011efddc58f1908eb6e6d8,3000.0,0.0,156009753.0,,,0xbd6edb6416caa13d9e2f15e41b14a7b9a6daebf0,0xc36442b4a4522e871399cd717abdd847ab11fe88,0xa0b86991c6218b36c1d19d4a2e9eb0ce3606eb48,USDC,6,0xc02aaa39b223fe8d0a0e5c4f27ead9083c756cc2,WETH,18,3009.598024,0.0,3009.598024,897376688240263.0,,,198780,200220,2026-03-16T20:00:59+00:00
burn,0x53d68ba9092c313e1ff6e4b02fc7683034e3f75a621e093b7a24d796f4f894d6#1111526,1773691259,24672313,0x53d68ba9092c313e1ff6e4b02fc7683034e3f75a621e093b7a24d796f4f894d6,1038,0x8ad599c3a0ff1de082011efddc58f1908eb6e6d8,3000.0,0.0,156009753.0,,,0x158d8a91eeb479dc3f578aba68a55d78a7ee4b03,0xc36442b4a4522e871399cd717abdd847ab11fe88,0xa0b86991c6218b36c1d19d4a2e9eb0ce3606eb48,USDC,6,0xc02aaa39b223fe8d0a0e5c4f27ead9083c756cc2,WETH,18,0.0,0.0,0.0,0.0,,,199320,200520,2026-03-16T20:00:59+00:00
burn,0x53c55beeb5a38774e21b80ae296af1f6fe7ed73246669de77e973394d2ca527b#1111527,1773691331,24672319,0x53c55beeb5a38774e21b80ae296af1f6fe7ed73246669de77e973394d2ca527b,689,0x8ad599c3a0ff1de082011efddc58f1908eb6e6d8,3000.0,0.0,181243822.0,,,0xd8f3d8e1fd123d69dec6d96ad6708bdb378c7fa2,0xc36442b4a4522e871399cd717abdd847ab11fe88,0xa0b86991c6218b36c1d19d4a2e9eb0ce3606eb48,USDC,6,0xc02aaa39b223fe8d0a0e5c4f27ead9083c756cc2,WETH,18,663.341047,0.0,663.341047,197789468224931.0,,,198780,200220,2026-03-16T20:02:11+00:00
burn,0xe687e0e7675d8f0038d86f220c4759b76faf7dd6c27455809a06a9d4b9308396#1111527,1773691463,24672330,0xe687e0e7675d8f0038d86f220c4759b76faf7dd6c27455809a06a9d4b9308396,976,0x8ad599c3a0ff1de082011efddc58f1908eb6e6d8,3000.0,0.0,183638178.0,,,0xbd6edb6416caa13d9e2f15e41b14a7b9a6daebf0,0xc36442b4a4522e871399cd717abdd847ab11fe88,0xa0b86991c6218b36c1d19d4a2e9eb0ce3606eb48,USDC,6,0xc02aaa39b223fe8d0a0e5c4f27ead9083c756cc2,WETH,18,3268.117369,0.0,3268.117369,974459817693419.0,,,198780,200220,2026-03-16T20:04:23+00:00
burn,0xcdb98f5f8fae99cd1d5beedcb9bbf7a5d0a862bd712647d40c2291d5d74a49e7#1111529,1773691535,24672336,0xcdb98f5f8fae99cd1d5beedcb9bbf7a5d0a862bd712647d40c2291d5d74a49e7,824,0x8ad599c3a0ff1de082011efddc58f1908eb6e6d8,3000.0,0.0,183490236.0,,,0xc74ece8ed49f2f6d2e4164de632c900a0150296f,0xc36442b4a4522e871399cd717abdd847ab11fe88,0xa0b86991c6218b36c1d19d4a2e9eb0ce3606eb48,USDC,6,0xc02aaa39b223fe8d0a0e5c4f27ead9083c756cc2,WETH,18,8767.049516,0.0,8767.049516,2614085268739762.0,,,198780,200220,2026-03-16T20:05:35+00:00
burn,0x9db687cf140b650cbc66838ab66152fd20d987b15d179d23dcd6d785825f3353#1111548,1773693899,24672531,0x9db687cf140b650cbc66838ab66152fd20d987b15d179d23dcd6d785825f3353,107,0x8ad599c3a0ff1de082011efddc58f1908eb6e6d8,3000.0,0.0,2195703157.0,,,0x76ff69b22a562b21ca6b886c031f6197f41739b8,0xc36442b4a4522e871399cd717abdd847ab11fe88,0xa0b86991c6218b36c1d19d4a2e9eb0ce3606eb48,USDC,6,0xc02aaa39b223fe8d0a0e5c4f27ead9083c756cc2,WETH,18,0.0,0.0,0.0,0.0,,,199080,201000,2026-03-16T20:44:59+00:00
burn,0xf10a04ee119b30aa759c40ccdf1b212f63c2f052deddfb581570ba34d18a8b72#1111560,1773694931,24672614,0xf10a04ee119b30aa759c40ccdf1b212f63c2f052deddfb581570ba34d18a8b72,980,0x8ad599c3a0ff1de082011efddc58f1908eb6e6d8,3000.0,0.0,279087654.0,,,0x6e0eef8a3e8cd3056ca76edcf8f40684d62dec52,0xc36442b4a4522e871399cd717abdd847ab11fe88,0xa0b86991c6218b36c1d19d4a2e9eb0ce3606eb48,USDC,6,0xc02aaa39b223fe8d0a0e5c4f27ead9083c756cc2,WETH,18,475191.326675,0.0,475191.326675,7.130301364282736e+16,,,198960,201960,2026-03-16T21:02:11+00:00
burn,0x0671dec7ad7d93cdb37e2a7c10becb19e1aee1715f7c6c5e70c60ca31e184169#1111574,1773696851,24672774,0x0671dec7ad7d93cdb37e2a7c10becb19e1aee1715f7c6c5e70c60ca31e184169,1544,0x8ad599c3a0ff1de082011efddc58f1908eb6e6d8,3000.0,0.0,128125380.0,,,0x83681c14770b44361e21faf91d8325423365ea5c,0xc36442b4a4522e871399cd717abdd847ab11fe88,0xa0b86991c6218b36c1d19d4a2e9eb0ce3606eb48,USDC,6,0xc02aaa39b223fe8d0a0e5c4f27ead9083c756cc2,WETH,18,0.0,0.0,0.0,0.0,,,196260,200400,2026-03-16T21:34:11+00:00
burn,0x2b8f9aba38ebf7a98ad6c4f91d134bec09b9738cad4ae48b60bf0adbb9b8f748#1111593,1773698351,24672897,0x2b8f9aba38ebf7a98ad6c4f91d134bec09b9738cad4ae48b60bf0adbb9b8f748,231,0x8ad599c3a0ff1de082011efddc58f1908eb6e6d8,3000.0,0.0,309558472.0,,,0xa4ddaff0c5bcc41b11386af4488a6ac5f2c3ab03,0xc36442b4a4522e871399cd717abdd847ab11fe88,0xa0b86991c6218b36c1d19d4a2e9eb0ce3606eb48,USDC,6,0xc02aaa39b223fe8d0a0e5c4f27ead9083c756cc2,WETH,18,29539.669058,0.0,29539.669058,7.143596464888372e+16,,,199680,199860,2026-03-16T21:59:11+00:00
burn,0xa8c2b8fd546bbab220f082e83ccbe284cf84771de7d3639dcc2f2a7fb755aa50#1111594,1773698387,24672900,0xa8c2b8fd546bbab220f082e83ccbe284cf84771de7d3639dcc2f2a7fb755aa50,230,0x8ad599c3a0ff1de082011efddc58f1908eb6e6d8,3000.0,0.0,290112798.0,,,0xa4ddaff0c5bcc41b11386af4488a6ac5f2c3ab03,0xc36442b4a4522e871399cd717abdd847ab11fe88,0xa0b86991c6218b36c1d19d4a2e9eb0ce3606eb48,USDC,6,0xc02aaa39b223fe8d0a0e5c4f27ead9083c756cc2,WETH,18,49999.999999,0.0,49999.999999,1.8273864974501427e+17,,,199860,199980,2026-03-16T21:59:47+00:00
burn,0x98f6fe90e0d0ace471e9cef468ee336307c4ed0502102293a5431b6c3b1d4c7b#1111595,1773698435,24672904,0x98f6fe90e0d0ace471e9cef468ee336307c4ed0502102293a5431b6c3b1d4c7b,289,0x8ad599c3a0ff1de082011efddc58f1908eb6e6d8,3000.0,0.0,304679346.0,,,0xe3b5d6846d2b6847e5ce24850ebfdc0137a2576a,0xc36442b4a4522e871399cd717abdd847ab11fe88,0xa0b86991c6218b36c1d19d4a2e9eb0ce3606eb48,USDC,6,0xc02aaa39b223fe8d0a0e5c4f27ead9083c756cc2,WETH,18,158.307083,0.0,158.307083,68572892037177.0,,,199560,200580,2026-03-16T22:00:35+00:00
burn,0x99cc9097743da9b2f87a7221d8e70a2a422066d492bc6f7174f841e07c30bb5c#1111596,1773698435,24672904,0x99cc9097743da9b2f87a7221d8e70a2a422066d492bc6f7174f841e07c30bb5c,369,0x8ad599c3a0ff1de082011efddc58f1908eb6e6d8,3000.0,0.0,304679346.0,,,0xa4ddaff0c5bcc41b11386af4488a6ac5f2c3ab03,0xc36442b4a4522e871399cd717abdd847ab11fe88,0xa0b86991c6218b36c1d19d4a2e9eb0ce3606eb48,USDC,6,0xc02aaa39b223fe8d0a0e5c4f27ead9083c756cc2,WETH,18,49999.999999,0.0,49999.999999,1.1983200823993805e+17,,,199500,199680,2026-03-16T22:00:35+00:00
burn,0xe9f3d399471294d6ef8fb8a117682bf13cf649ea9ad13d69ec1e6e0e85e967d6#1111634,1773701003,24673117,0xe9f3d399471294d6ef8fb8a117682bf13cf649ea9ad13d69ec1e6e0e85e967d6,27,0x8ad599c3a0ff1de082011efddc58f1908eb6e6d8,3000.0,0.0,14314671617.0,,,0xae2fc483527b8ef99eb5d9b44875f005ba1fae13,0x1f2f10d1c40777ae1da742455c65828ff36df387,0xa0b86991c6218b36c1d19d4a2e9eb0ce3606eb48,USDC,6,0xc02aaa39b223fe8d0a0e5c4f27ead9083c756cc2,WETH,18,16177.843882,909.5142220158631,2161863.7230567103,1.48590838289447e+19,,,198600,198660,2026-03-16T22:43:23+00:00
burn,0x59d2d82c51cc2d214b26d182ced526f169563d2bc4305c91a656444ce480470b#1111643,1773701603,24673167,0x59d2d82c51cc2d214b26d182ced526f169563d2bc4305c91a656444ce480470b,380,0x8ad599c3a0ff1de082011efddc58f1908eb6e6d8,3000.0,0.0,2103125954.0,,,0x1f1202800ba7f57312374ea512fbea30e7862bc6,0xc36442b4a4522e871399cd717abdd847ab11fe88,0xa0b86991c6218b36c1d19d4a2e9eb0ce3606eb48,USDC,6,0xc02aaa39b223fe8d0a0e5c4f27ead9083c756cc2,WETH,18,0.0,0.0,0.0,0.0,,,200160,204840,2026-03-16T22:53:23+00:00
burn,0x59b4f63a8bbad2ba63d29ee8235b5967c6b040e44bb1a1fb0920c16064ebaceb#1111645,1773701651,24673171,0x59b4f63a8bbad2ba63d29ee8235b5967c6b040e44bb1a1fb0920c16064ebaceb,138,0x8ad599c3a0ff1de082011efddc58f1908eb6e6d8,3000.0,0.0,2100029998.0,,,0x1f1202800ba7f57312374ea512fbea30e7862bc6,0xc36442b4a4522e871399cd717abdd847ab11fe88,0xa0b86991c6218b36c1d19d4a2e9eb0ce3606eb48,USDC,6,0xc02aaa39b223fe8d0a0e5c4f27ead9083c756cc2,WETH,18,20026.676442,0.0,20026.676442,2130277733090793.0,,,200160,204840,2026-03-16T22:54:11+00:00
burn,0xdf017df587b9ee4a88c7f3fccc616d17d676303690d8283086e862c6d311a516#1111651,1773702119,24673210,0xdf017df587b9ee4a88c7f3fccc616d17d676303690d8283086e862c6d311a516,609,0x8ad599c3a0ff1de082011efddc58f1908eb6e6d8,3000.0,0.0,116425976.0,,,0x508a312cf7334b44b9ff22ac0bac1b3db9eed4e1,0xc36442b4a4522e871399cd717abdd847ab11fe88,0xa0b86991c6218b36c1d19d4a2e9eb0ce3606eb48,USDC,6,0xc02aaa39b223fe8d0a0e5c4f27ead9083c756cc2,WETH,18,0.0,0.0,0.0,0.0,,,198480,201360,2026-03-16T23:01:59+00:00
burn,0xb4cc7492afd88f0c1aa4608b25e9112bb614d9be2db02946b9c10193bc3700e0#1111657,1773702203,24673217,0xb4cc7492afd88f0c1aa4608b25e9112bb614d9be2db02946b9c10193bc3700e0,1274,0x8ad599c3a0ff1de082011efddc58f1908eb6e6d8,3000.0,0.0,119785959.0,,,0x508a312cf7334b44b9ff22ac0bac1b3db9eed4e1,0xc36442b4a4522e871399cd717abdd847ab11fe88,0xa0b86991c6218b36c1d19d4a2e9eb0ce3606eb48,USDC,6,0xc02aaa39b223fe8d0a0e5c4f27ead9083c756cc2,WETH,18,952.474715,0.03140263538276973,1026.4366989400778,156284144565149.0,,,198480,201360,2026-03-16T23:03:23+00:00
burn,0xb4cc7492afd88f0c1aa4608b25e9112bb614d9be2db02946b9c10193bc3700e0#1111658,1773702203,24673217,0xb4cc7492afd88f0c1aa4608b25e9112bb614d9be2db02946b9c10193bc3700e0,1276,0x8ad599c3a0ff1de082011efddc58f1908eb6e6d8,3000.0,0.0,119785959.0,,,0x508a312cf7334b44b9ff22ac0bac1b3db9eed4e1,0xc36442b4a4522e871399cd717abdd847ab11fe88,0xa0b86991c6218b36c1d19d4a2e9eb0ce3606eb48,USDC,6,0xc02aaa39b223fe8d0a0e5c4f27ead9083c756cc2,WETH,18,0.0,0.0,0.0,0.0,,,198480,201360,2026-03-16T23:03:23+00:00
burn,0xab9b134e07b818dd4a18a9f0517ffe610c1d48fac1b8943d5d48b1b335b947bc#1111709,1773705743,24673508,0xab9b134e07b818dd4a18a9f0517ffe610c1d48fac1b8943d5d48b1b335b947bc,148,0x8ad599c3a0ff1de082011efddc58f1908eb6e6d8,3000.0,0.0,126457231.0,,,0x641169964b55211a1c3559245379f11f765b083c,0xc36442b4a4522e871399cd717abdd847ab11fe88,0xa0b86991c6218b36c1d19d4a2e9eb0ce3606eb48,USDC,6,0xc02aaa39b223fe8d0a0e5c4f27ead9083c756cc2,WETH,18,0.0,0.0,0.0,0.0,,,198900,200040,2026-03-17T00:02:23+00:00
burn,0xf02aabf4a47e24fd27fa5837c29318511c2608e912a7c797f0a94c9fc4a02080#1111712,1773705863,24673518,0xf02aabf4a47e24fd27fa5837c29318511c2608e912a7c797f0a94c9fc4a02080,459,0x8ad599c3a0ff1de082011efddc58f1908eb6e6d8,3000.0,0.0,151160006.0,,,0xff98fbaff98a2f3c4a88da4ac870b9693d804b66,0xc36442b4a4522e871399cd717abdd847ab11fe88,0xa0b86991c6218b36c1d19d4a2e9eb0ce3606eb48,USDC,6,0xc02aaa39b223fe8d0a0e5c4f27ead9083c756cc2,WETH,18,0.0,0.0,0.0,0.0,,,198600,199980,2026-03-17T00:04:23+00:00
burn,0x19b58cd51b8b6c9944081f95555c456e2db48f42d85653ff13ca900b5b488b5c#1111715,1773705923,24673523,0x19b58cd51b8b6c9944081f95555c456e2db48f42d85653ff13ca900b5b488b5c,1689,0x8ad599c3a0ff1de082011efddc58f1908eb6e6d8,3000.0,0.0,140550885.0,,,0x143b67cf0b87c59b9eb3bbfd5a8d4c74dec426d1,0xc36442b4a4522e871399cd717abdd847ab11fe88,0xa0b86991c6218b36c1d19d4a2e9eb0ce3606eb48,USDC,6,0xc02aaa39b223fe8d0a0e5c4f27ead9083c756cc2,WETH,18,0.0,0.0,0.0,0.0,,,198120,199740,2026-03-17T00:05:23+00:00
burn,0x747f7284daa884edf2d3581a213c9e52bd6ad6f4ab25d0c581ee3df9f0be77d8#1111716,1773705959,24673526,0x747f7284daa884edf2d3581a213c9e52bd6ad6f4ab25d0c581ee3df9f0be77d8,648,0x8ad599c3a0ff1de082011efddc58f1908eb6e6d8,3000.0,0.0,153008431.0,,,0xdc7b1ebbc9f79c082b2e0f02ee3077a8d974fa8e,0xc36442b4a4522e871399cd717abdd847ab11fe88,0xa0b86991c6218b36c1d19d4a2e9eb0ce3606eb48,USDC,6,0xc02aaa39b223fe8d0a0e5c4f27ead9083c756cc2,WETH,18,0.0,0.0,0.0,0.0,,,197940,199380,2026-03-17T00:05:59+00:00
burn,0xa6a6098a5baa69169c09480380e59c5f8779822f6baeef280a35063525e370ee#1111715,1773705971,24673527,0xa6a6098a5baa69169c09480380e59c5f8779822f6baeef280a35063525e370ee,534,0x8ad599c3a0ff1de082011efddc58f1908eb6e6d8,3000.0,0.0,154861911.0,,,0xdc7b1ebbc9f79c082b2e0f02ee3077a8d974fa8e,0xc36442b4a4522e871399cd717abdd847ab11fe88,0xa0b86991c6218b36c1d19d4a2e9eb0ce3606eb48,USDC,6,0xc02aaa39b223fe8d0a0e5c4f27ead9083c756cc2,WETH,18,0.0,0.0,0.0,0.0,,,197940,199380,2026-03-17T00:06:11+00:00
burn,0x25bdd7aed870e6d6e558de7b01f1d7491d17ec888653aaae83811489d038a072#1111718,1773705971,24673527,0x25bdd7aed870e6d6e558de7b01f1d7491d17ec888653aaae83811489d038a072,760,0x8ad599c3a0ff1de082011efddc58f1908eb6e6d8,3000.0,0.0,154861911.0,,,0xa1e0b6edbf434be1322e2d1e2d438bbfcbe81546,0xc36442b4a4522e871399cd717abdd847ab11fe88,0xa0b86991c6218b36c1d19d4a2e9eb0ce3606eb48,USDC,6,0xc02aaa39b223fe8d0a0e5c4f27ead9083c756cc2,WETH,18,0.0,0.0,0.0,0.0,,,198600,199980,2026-03-17T00:06:11+00:00
burn,0x5dcd91da9aa0231cbb8de7e7ff29341cb9b983b94a907aa9976172fb050804a8#1111721,1773706079,24673536,0x5dcd91da9aa0231cbb8de7e7ff29341cb9b983b94a907aa9976172fb050804a8,21,0x8ad599c3a0ff1de082011efddc58f1908eb6e6d8,3000.0,0.0,13321169047.0,,,0xae2fc483527b8ef99eb5d9b44875f005ba1fae13,0x1f2f10d1c40777ae1da742455c65828ff36df387,0xa0b86991c6218b36c1d19d4a2e9eb0ce3606eb48,USDC,6,0xc02aaa39b223fe8d0a0e5c4f27ead9083c756cc2,WETH,18,721412.779906,909.8845831341841,2858268.1714612306,1.9679524207353397e+19,,,198660,198720,2026-03-17T00:07:59+00:00
burn,0xac8c9aed2a71b266d50f67997db080f4de68b35217e72073710130a6563b959c#1111720,1773706091,24673537,0xac8c9aed2a71b266d50f67997db080f4de68b35217e72073710130a6563b959c,783,0x8ad599c3a0ff1de082011efddc58f1908eb6e6d8,3000.0,0.0,163325859.0,,,0x55d1cdf31f4692378637cb28d5fd4a83cd4c26bf,0xc36442b4a4522e871399cd717abdd847ab11fe88,0xa0b86991c6218b36c1d19d4a2e9eb0ce3606eb48,USDC,6,0xc02aaa39b223fe8d0a0e5c4f27ead9083c756cc2,WETH,18,0.0,0.0,0.0,0.0,,,198360,199740,2026-03-17T00:08:11+00:00
burn,0x6e78e055b69fe406891d17015df5dba0458a5cdbaf65d7749b1e96e3bf4be04c#1111729,1773706343,24673558,0x6e78e055b69fe406891d17015df5dba0458a5cdbaf65d7749b1e96e3bf4be04c,1192,0x8ad599c3a0ff1de082011efddc58f1908eb6e6d8,3000.0,0.0,174487830.0,,,0x143b67cf0b87c59b9eb3bbfd5a8d4c74dec426d1,0xc36442b4a4522e871399cd717abdd847ab11fe88,0xa0b86991c6218b36c1d19d4a2e9eb0ce3606eb48,USDC,6,0xc02aaa39b223fe8d0a0e5c4f27ead9083c756cc2,WETH,18,0.0,0.0,0.0,0.0,,,198360,199740,2026-03-17T00:12:23+00:00
burn,0x76220ab0a8604adc1faed18fc69e7bbc041f9a7e77db990781fe2c2e0a51679b#1111738,1773706487,24673570,0x76220ab0a8604adc1faed18fc69e7bbc041f9a7e77db990781fe2c2e0a51679b,1236,0x8ad599c3a0ff1de082011efddc58f1908eb6e6d8,3000.0,0.0,196240055.0,,,0xff98fbaff98a2f3c4a88da4ac870b9693d804b66,0xc36442b4a4522e871399cd717abdd847ab11fe88,0xa0b86991c6218b36c1d19d4a2e9eb0ce3606eb48,USDC,6,0xc02aaa39b223fe8d0a0e5c4f27ead9083c756cc2,WETH,18,0.0,0.0,0.0,0.0,,,198360,199740,2026-03-17T00:14:47+00:00
burn,0xf082735b62df2dbba2d2cba9234ba33d6505fb87c5a4008bbe772c2de18439b3#1111739,1773706727,24673590,0xf082735b62df2dbba2d2cba9234ba33d6505fb87c5a4008bbe772c2de18439b3,1393,0x8ad599c3a0ff1de082011efddc58f1908eb6e6d8,3000.0,0.0,206388182.0,,,0xa1e0b6edbf434be1322e2d1e2d438bbfcbe81546,0xc36442b4a4522e871399cd717abdd847ab11fe88,0xa0b86991c6218b36c1d19d4a2e9eb0ce3606eb48,USDC,6,0xc02aaa39b223fe8d0a0e5c4f27ead9083c756cc2,WETH,18,0.0,0.0,0.0,0.0,,,197940,199380,2026-03-17T00:18:47+00:00
burn,0xf620e9924e2329ab52a535f22b9f96c8af5cc1089d6b7ec7c75401015549be91#1111756,1773707183,24673628,0xf620e9924e2329ab52a535f22b9f96c8af5cc1089d6b7ec7c75401015549be91,108,0x8ad599c3a0ff1de082011efddc58f1908eb6e6d8,3000.0,0.0,14936268880.0,,,0xae2fc483527b8ef99eb5d9b44875f005ba1fae13,0x1f2f10d1c40777ae1da742455c65828ff36df387,0xa0b86991c6218b36c1d19d4a2e9eb0ce3606eb48,USDC,6,0xc02aaa39b223fe8d0a0e5c4f27ead9083c756cc2,WETH,18,0.14408,0.00012369410905696,0.4347122979163076,2992047259648.0,,,198660,198720,2026-03-17T00:26:23+00:00
burn,0xfe3d9978689a32c0a8430d8afb9bb58740effc647e0bdf0759ac9c167cdad7a4#1111771,1773708371,24673727,0xfe3d9978689a32c0a8430d8afb9bb58740effc647e0bdf0759ac9c167cdad7a4,268,0x8ad599c3a0ff1de082011efddc58f1908eb6e6d8,3000.0,0.0,200000000.0,,,0x801ef3bf0883b1fdc72669c7d2f368d8c3845d6e,0xc36442b4a4522e871399cd717abdd847ab11fe88,0xa0b86991c6218b36c1d19d4a2e9eb0ce3606eb48,USDC,6,0xc02aaa39b223fe8d0a0e5c4f27ead9083c756cc2,WETH,18,29999.999999,0.0,29999.999999,3784074237705852.0,,,199440,203160,2026-03-17T00:46:11+00:00
burn,0xb00e291e2de1f8c6cabf5a4119603ea60facb5d0750002284eb12bd788f46e93#1111773,1773708443,24673733,0xb00e291e2de1f8c6cabf5a4119603ea60facb5d0750002284eb12bd788f46e93,33,0x8ad599c3a0ff1de082011efddc58f1908eb6e6d8,3000.0,0.0,2160030836.0,,,0x1860d82e0a0c8b237929fac05e709aeecf9e4e2c,0xc36442b4a4522e871399cd717abdd847ab11fe88,0xa0b86991c6218b36c1d19d4a2e9eb0ce3606eb48,USDC,6,0xc02aaa39b223fe8d0a0e5c4f27ead9083c756cc2,WETH,18,10314.501622,0.0,10314.501622,2250019312364767.0,,,199200,201240,2026-03-17T00:47:23+00:00
burn,0xc5e05e0b0a77a4f8875f91a719f471fb16fe4c24c559dfc83fc2effe9e13c8be#1111799,1773711155,24673956,0xc5e05e0b0a77a4f8875f91a719f471fb16fe4c24c559dfc83fc2effe9e13c8be,280,0x8ad599c3a0ff1de082011efddc58f1908eb6e6d8,3000.0,0.0,261995523.0,,,0xabc55860838c9338646fe77f4cd9137342b45cc1,0xc36442b4a4522e871399cd717abdd847ab11fe88,0xa0b86991c6218b36c1d19d4a2e9eb0ce3606eb48,USDC,6,0xc02aaa39b223fe8d0a0e5c4f27ead9083c756cc2,WETH,18,0.0,0.0,0.0,0.0,,,199560,200940,2026-03-17T01:32:35+00:00
burn,0x42511d85b342cbebe2a2c2b7299e506ba80db206dbbd5ab5a79639dcea905345#1111804,1773711359,24673973,0x42511d85b342cbebe2a2c2b7299e506ba80db206dbbd5ab5a79639dcea905345,833,0x8ad599c3a0ff1de082011efddc58f1908eb6e6d8,3000.0,0.0,203448179.0,,,0xabc55860838c9338646fe77f4cd9137342b45cc1,0xc36442b4a4522e871399cd717abdd847ab11fe88,0xa0b86991c6218b36c1d19d4a2e9eb0ce3606eb48,USDC,6,0xc02aaa39b223fe8d0a0e5c4f27ead9083c756cc2,WETH,18,9068.000018,0.0,9068.000018,2929234160256867.0,,,199560,200940,2026-03-17T01:35:59+00:00
burn,0xc8c6c8eda50a21c35b362e365893cfb26792ef3309372e27a265681762814985#1111816,1773711803,24674010,0xc8c6c8eda50a21c35b362e365893cfb26792ef3309372e27a265681762814985,469,0x8ad599c3a0ff1de082011efddc58f1908eb6e6d8,3000.0,0.0,2509839516.0,,,0x635799ae0d8efb34dccda80d74570a6a824d74b0,0xc36442b4a4522e871399cd717abdd847ab11fe88,0xa0b86991c6218b36c1d19d4a2e9eb0ce3606eb48,USDC,6,0xc02aaa39b223fe8d0a0e5c4f27ead9083c756cc2,WETH,18,0.0,0.0,0.0,0.0,,,199440,200460,2026-03-17T01:43:23+00:00
burn,0xcaeadcff54c4643c44c09b81ebe5f551428830379765a94900f04ffa52896e9d#1111817,1773711827,24674012,0xcaeadcff54c4643c44c09b81ebe5f551428830379765a94900f04ffa52896e9d,246,0x8ad599c3a0ff1de082011efddc58f1908eb6e6d8,3000.0,0.0,2110880626.0,,,0x635799ae0d8efb34dccda80d74570a6a824d74b0,0xc36442b4a4522e871399cd717abdd847ab11fe88,0xa0b86991c6218b36c1d19d4a2e9eb0ce3606eb48,USDC,6,0xc02aaa39b223fe8d0a0e5c4f27ead9083c756cc2,WETH,18,84.493228,0.0,84.493228,36380476630821.0,,,199440,200460,2026-03-17T01:43:47+00:00
burn,0x50895c6a97c72c83d0392f25cbf11cda6dbb40dd1f96bd231f59ec0eb1ff75ed#1111821,1773711983,24674025,0x50895c6a97c72c83d0392f25cbf11cda6dbb40dd1f96bd231f59ec0eb1ff75ed,118,0x8ad599c3a0ff1de082011efddc58f1908eb6e6d8,3000.0,0.0,2108815415.0,,,0x4daf983c4a18a8dc204b41f8329c880fe5c9a26d,0xc36442b4a4522e871399cd717abdd847ab11fe88,0xa0b86991c6218b36c1d19d4a2e9eb0ce3606eb48,USDC,6,0xc02aaa39b223fe8d0a0e5c4f27ead9083c756cc2,WETH,18,522.573744,0.0,522.573744,94089452476711.0,,,198900,201360,2026-03-17T01:46:23+00:00
burn,0x2af60bbf5a30f508bd17a18b79a08ece3575f87145ebe88d7ad3359f48d6d64e#1111827,1773713063,24674115,0x2af60bbf5a30f508bd17a18b79a08ece3575f87145ebe88d7ad3359f48d6d64e,479,0x8ad599c3a0ff1de082011efddc58f1908eb6e6d8,3000.0,0.0,2094187684.0,,,0x4dcd2ea95af2077a892ea00076d50b2b274342fb,0xc36442b4a4522e871399cd717abdd847ab11fe88,0xa0b86991c6218b36c1d19d4a2e9eb0ce3606eb48,USDC,6,0xc02aaa39b223fe8d0a0e5c4f27ead9083c756cc2,WETH,18,0.0,0.0,0.0,0.0,,,198960,206580,2026-03-17T02:04:23+00:00
burn,0x2af60bbf5a30f508bd17a18b79a08ece3575f87145ebe88d7ad3359f48d6d64e#1111828,1773713063,24674115,0x2af60bbf5a30f508bd17a18b79a08ece3575f87145ebe88d7ad3359f48d6d64e,492,0x8ad599c3a0ff1de082011efddc58f1908eb6e6d8,3000.0,0.0,2094187684.0,,,0x4dcd2ea95af2077a892ea00076d50b2b274342fb,0xc36442b4a4522e871399cd717abdd847ab11fe88,0xa0b86991c6218b36c1d19d4a2e9eb0ce3606eb48,USDC,6,0xc02aaa39b223fe8d0a0e5c4f27ead9083c756cc2,WETH,18,528.584353,0.0,528.584353,34870820224324.0,,,198960,206580,2026-03-17T02:04:23+00:00
burn,0x14576330d01d03996e07755ef14c898146829ff6efb01cb331f5dacf40979034#1111847,1773715667,24674331,0x14576330d01d03996e07755ef14c898146829ff6efb01cb331f5dacf40979034,293,0x8ad599c3a0ff1de082011efddc58f1908eb6e6d8,3000.0,0.0,180367170.0,,,0x2dd16282637471aed8b983637f7b92f2772cb9b0,0xc36442b4a4522e871399cd717abdd847ab11fe88,0xa0b86991c6218b36c1d19d4a2e9eb0ce3606eb48,USDC,6,0xc02aaa39b223fe8d0a0e5c4f27ead9083c756cc2,WETH,18,0.0,0.0,0.0,0.0,,,198660,199560,2026-03-17T02:47:47+00:00
burn,0x08db76a62b7a970aa238405ade6dcca0872fcd6046d09852e72cc91782902d59#1111848,1773716279,24674382,0x08db76a62b7a970aa238405ade6dcca0872fcd6046d09852e72cc91782902d59,245,0x8ad599c3a0ff1de082011efddc58f1908eb6e6d8,3000.0,0.0,216609370.0,,,0x2dd16282637471aed8b983637f7b92f2772cb9b0,0xc36442b4a4522e871399cd717abdd847ab11fe88,0xa0b86991c6218b36c1d19d4a2e9eb0ce3606eb48,USDC,6,0xc02aaa39b223fe8d0a0e5c4f27ead9083c756cc2,WETH,18,0.0,0.0,0.0,0.0,,,198660,199560,2026-03-17T02:57:59+00:00
burn,0x08db76a62b7a970aa238405ade6dcca0872fcd6046d09852e72cc91782902d59#1111849,1773716279,24674382,0x08db76a62b7a970aa238405ade6dcca0872fcd6046d09852e72cc91782902d59,250,0x8ad599c3a0ff1de082011efddc58f1908eb6e6d8,3000.0,0.0,216609370.0,,,0x2dd16282637471aed8b983637f7b92f2772cb9b0,0xc36442b4a4522e871399cd717abdd847ab11fe88,0xa0b86991c6218b36c1d19d4a2e9eb0ce3606eb48,USDC,6,0xc02aaa39b223fe8d0a0e5c4f27ead9083c756cc2,WETH,18,5532.27341,0.05183369244797521,5654.319323425785,2645844762587459.0,,,198660,199560,2026-03-17T02:57:59+00:00
burn,0xe46ad6f8708cc4cf167672cef6cbc478b7fbd4a8d668ecf1238f9489b9345f10#1111862,1773717887,24674515,0xe46ad6f8708cc4cf167672cef6cbc478b7fbd4a8d668ecf1238f9489b9345f10,353,0x8ad599c3a0ff1de082011efddc58f1908eb6e6d8,3000.0,0.0,1557757506.0,,,0x83681c14770b44361e21faf91d8325423365ea5c,0xc36442b4a4522e871399cd717abdd847ab11fe88,0xa0b86991c6218b36c1d19d4a2e9eb0ce3606eb48,USDC,6,0xc02aaa39b223fe8d0a0e5c4f27ead9083c756cc2,WETH,18,0.0,0.0,0.0,0.0,,,196260,200400,2026-03-17T03:24:47+00:00
burn,0xe987efc29a34f25d4d008448799fad860d02079eb507309c3716525fb375aa4f#1111866,1773718019,24674526,0xe987efc29a34f25d4d008448799fad860d02079eb507309c3716525fb375aa4f,399,0x8ad599c3a0ff1de082011efddc58f1908eb6e6d8,3000.0,0.0,83224883.0,,,0x9f168c1959ef48a8a7fa4af2c28a7272b5061791,0xc36442b4a4522e871399cd717abdd847ab11fe88,0xa0b86991c6218b36c1d19d4a2e9eb0ce3606eb48,USDC,6,0xc02aaa39b223fe8d0a0e5c4f27ead9083c756cc2,WETH,18,0.0,0.0,0.0,0.0,,,204060,210240,2026-03-17T03:26:59+00:00
burn,0x4deccdd739c714653323a3907a41601ebe598749def51daef62935d925d565cc#1111869,1773718067,24674530,0x4deccdd739c714653323a3907a41601ebe598749def51daef62935d925d565cc,518,0x8ad599c3a0ff1de082011efddc58f1908eb6e6d8,3000.0,0.0,91020542.0,,,0x9f168c1959ef48a8a7fa4af2c28a7272b5061791,0xc36442b4a4522e871399cd717abdd847ab11fe88,0xa0b86991c6218b36c1d19d4a2e9eb0ce3606eb48,USDC,6,0xc02aaa39b223fe8d0a0e5c4f27ead9083c756cc2,WETH,18,1.994338,0.0,1.994338,202356014182.0,,,204060,210240,2026-03-17T03:27:47+00:00
burn,0xc73e1579a85efca235ae2c5dcabfa4848f246e17f71754c242665e87cfa8bb8e#1111868,1773718127,24674535,0xc73e1579a85efca235ae2c5dcabfa4848f246e17f71754c242665e87cfa8bb8e,116,0x8ad599c3a0ff1de082011efddc58f1908eb6e6d8,3000.0,0.0,91678092.0,,,0xa35052158dfcad805b7faa4ea63225eb39f07678,0xc36442b4a4522e871399cd717abdd847ab11fe88,0xa0b86991c6218b36c1d19d4a2e9eb0ce3606eb48,USDC,6,0xc02aaa39b223fe8d0a0e5c4f27ead9083c756cc2,WETH,18,2.412099,0.0,2.412099,104854325877.0,,,199740,213600,2026-03-17T03:28:47+00:00
burn,0xa16a67f17a9e95e738a7d3364348f6d7a5f35ab642c9319d87bcece20e018c5d#1111881,1773718523,24674568,0xa16a67f17a9e95e738a7d3364348f6d7a5f35ab642c9319d87bcece20e018c5d,284,0x8ad599c3a0ff1de082011efddc58f1908eb6e6d8,3000.0,0.0,128129628.0,,,0xae2fc483527b8ef99eb5d9b44875f005ba1fae13,0x1f2f10d1c40777ae1da742455c65828ff36df387,0xa0b86991c6218b36c1d19d4a2e9eb0ce3606eb48,USDC,6,0xc02aaa39b223fe8d0a0e5c4f27ead9083c756cc2,WETH,18,1520069.180184,45.12259180582677,1625205.213424757,1.1238346177017545e+19,,,198780,198840,2026-03-17T03:35:23+00:00
burn,0x6e0faaf51c9679bcb1fd1d29aec276ebc168f6dc675e9892526d0417290fb8b7#1111906,1773719543,24674653,0x6e0faaf51c9679bcb1fd1d29aec276ebc168f6dc675e9892526d0417290fb8b7,252,0x8ad599c3a0ff1de082011efddc58f1908eb6e6d8,3000.0,0.0,2095567613.0,,,0x32e343673ad567400e5e26b0c7294e7c9725cb91,0xc36442b4a4522e871399cd717abdd847ab11fe88,0xa0b86991c6218b36c1d19d4a2e9eb0ce3606eb48,USDC,6,0xc02aaa39b223fe8d0a0e5c4f27ead9083c756cc2,WETH,18,5256.651745,0.0,5256.651745,2055669890205591.0,,,199680,200820,2026-03-17T03:52:23+00:00
burn,0xc00ee6df0e0ae460eb45d4beeb9bbddba649f1cf8812fc69f55ade0418351425#1111958,1773724259,24675044,0xc00ee6df0e0ae460eb45d4beeb9bbddba649f1cf8812fc69f55ade0418351425,288,0x8ad599c3a0ff1de082011efddc58f1908eb6e6d8,3000.0,0.0,52357352.0,,,0x903f1012222582ab48e32f1f5f9337cc919bd12f,0xc36442b4a4522e871399cd717abdd847ab11fe88,0xa0b86991c6218b36c1d19d4a2e9eb0ce3606eb48,USDC,6,0xc02aaa39b223fe8d0a0e5c4f27ead9083c756cc2,WETH,18,16640.647009,0.0,16640.647009,1711720952491784.0,,,199260,203880,2026-03-17T05:10:59+00:00
burn,0x9c4cd49491bba27cb464e27a70ce639c79ca27be64f4e93fc06b2e3f26ed606e#1111960,1773724595,24675072,0x9c4cd49491bba27cb464e27a70ce639c79ca27be64f4e93fc06b2e3f26ed606e,173,0x8ad599c3a0ff1de082011efddc58f1908eb6e6d8,3000.0,0.0,1547278208.0,,,0x83681c14770b44361e21faf91d8325423365ea5c,0xc36442b4a4522e871399cd717abdd847ab11fe88,0xa0b86991c6218b36c1d19d4a2e9eb0ce3606eb48,USDC,6,0xc02aaa39b223fe8d0a0e5c4f27ead9083c756cc2,WETH,18,0.0,0.0,0.0,0.0,,,196320,199140,2026-03-17T05:16:35+00:00
burn,0x1c8c64785217151b0d29bdfe9c6626a6930980da41316a14c5a50dd5b1264c8c#1111987,1773725699,24675163,0x1c8c64785217151b0d29bdfe9c6626a6930980da41316a14c5a50dd5b1264c8c,7,0x8ad599c3a0ff1de082011efddc58f1908eb6e6d8,3000.0,0.0,2043541538.0,,,0xb7e7e158e1ceb4a5d54dc0a2b7192e845c771151,0xc36442b4a4522e871399cd717abdd847ab11fe88,0xa0b86991c6218b36c1d19d4a2e9eb0ce3606eb48,USDC,6,0xc02aaa39b223fe8d0a0e5c4f27ead9083c756cc2,WETH,18,3999.999999,0.0,3999.999999,814217322279203.0,,,198900,201060,2026-03-17T05:34:59+00:00
burn,0x1353b4d994813f0c85cd738040234e2b19789812e9f791bc52cd5b105028ec10#1112022,1773728183,24675370,0x1353b4d994813f0c85cd738040234e2b19789812e9f791bc52cd5b105028ec10,601,0x8ad599c3a0ff1de082011efddc58f1908eb6e6d8,3000.0,0.0,42985351.0,,,0x24e5ccdd00f2d29fadb2e4e8785001af4bd95b47,0xc36442b4a4522e871399cd717abdd847ab11fe88,0xa0b86991c6218b36c1d19d4a2e9eb0ce3606eb48,USDC,6,0xc02aaa39b223fe8d0a0e5c4f27ead9083c756cc2,WETH,18,1003.253039,0.0,1003.253039,96731821958313.0,,,199080,204000,2026-03-17T06:16:23+00:00
burn,0x1b597d1c58272303b4a60d2632597afedc099717d2a4ad0ab38750233b0567c9#1112032,1773729491,24675479,0x1b597d1c58272303b4a60d2632597afedc099717d2a4ad0ab38750233b0567c9,499,0x8ad599c3a0ff1de082011efddc58f1908eb6e6d8,3000.0,0.0,61420688.0,,,0x34d47cdf4eb5d989739c7daac2639d0c1dba7bb7,0xc36442b4a4522e871399cd717abdd847ab11fe88,0xa0b86991c6218b36c1d19d4a2e9eb0ce3606eb48,USDC,6,0xc02aaa39b223fe8d0a0e5c4f27ead9083c756cc2,WETH,18,4844.445633,0.0,4844.445633,1822013612656486.0,,,198900,200040,2026-03-17T06:38:11+00:00
burn,0x9e97ab029ac394c795d67c6242e1ebe2dfc904ae61df03ec4aab60214a90f5ab#1112034,1773729791,24675504,0x9e97ab029ac394c795d67c6242e1ebe2dfc904ae61df03ec4aab60214a90f5ab,242,0x8ad599c3a0ff1de082011efddc58f1908eb6e6d8,3000.0,0.0,156104301.0,,,0xae2fc483527b8ef99eb5d9b44875f005ba1fae13,0x1f2f10d1c40777ae1da742455c65828ff36df387,0xa0b86991c6218b36c1d19d4a2e9eb0ce3606eb48,USDC,6,0xc02aaa39b223fe8d0a0e5c4f27ead9083c756cc2,WETH,18,760219.968208,34.878697383190776,840986.3374816852,5.833007248044982e+18,,,198840,198900,2026-03-17T06:43:11+00:00
burn,0xa35ac010a503657d69514e9e7f5680b27dc045502aaf1a5e9e0ef9629104e094#1112070,1773734051,24675856,0xa35ac010a503657d69514e9e7f5680b27dc045502aaf1a5e9e0ef9629104e094,16,0x8ad599c3a0ff1de082011efddc58f1908eb6e6d8,3000.0,0.0,2059479090.0,,,0x95c2ad1de61b27c5f342b1fa36de823fac3c4ce1,0xc36442b4a4522e871399cd717abdd847ab11fe88,0xa0b86991c6218b36c1d19d4a2e9eb0ce3606eb48,USDC,6,0xc02aaa39b223fe8d0a0e5c4f27ead9083c756cc2,WETH,18,397875.509069,576.3187372967511,1742072.4171493994,1.0937396030999267e+17,,,192900,200340,2026-03-17T07:54:11+00:00
burn,0xca45de0118a3458aa8ea0fba132c1c8d2ce216b82c4e02bf8fe7aab11a597366#1112079,1773736031,24676019,0xca45de0118a3458aa8ea0fba132c1c8d2ce216b82c4e02bf8fe7aab11a597366,252,0x8ad599c3a0ff1de082011efddc58f1908eb6e6d8,3000.0,0.0,2082023954.0,,,0xc398f741666a1dbe867a14d120793d4c62217592,0xc36442b4a4522e871399cd717abdd847ab11fe88,0xa0b86991c6218b36c1d19d4a2e9eb0ce3606eb48,USDC,6,0xc02aaa39b223fe8d0a0e5c4f27ead9083c756cc2,WETH,18,0.0,0.4278426175522465,994.8193292502704,636356619226887.0,,,198120,198780,2026-03-17T08:27:11+00:00
burn,0xeeb52bd6156b96647ece40e00e89c13b89ac1f8887e8027885969ae35fbdb936#1112085,1773737015,24676100,0xeeb52bd6156b96647ece40e00e89c13b89ac1f8887e8027885969ae35fbdb936,51,0x8ad599c3a0ff1de082011efddc58f1908eb6e6d8,3000.0,0.0,925717581.0,,,0x96cbed74766e0f0c16540f96c7f6c29559c28b9a,0xc36442b4a4522e871399cd717abdd847ab11fe88,0xa0b86991c6218b36c1d19d4a2e9eb0ce3606eb48,USDC,6,0xc02aaa39b223fe8d0a0e5c4f27ead9083c756cc2,WETH,18,0.0,0.0,0.0,0.0,,,198060,206700,2026-03-17T08:43:35+00:00
burn,0x161a06aa87d11a4a400743d7b0ef38cf5b8bf962b3f912a74df36911477626ae#1112118,1773740207,24676365,0x161a06aa87d11a4a400743d7b0ef38cf5b8bf962b3f912a74df36911477626ae,82,0x8ad599c3a0ff1de082011efddc58f1908eb6e6d8,3000.0,0.0,189883876.0,,,0x89f314f2ce7ee6b849452c81e0dc8c6a60e4270e,0xc36442b4a4522e871399cd717abdd847ab11fe88,0xa0b86991c6218b36c1d19d4a2e9eb0ce3606eb48,USDC,6,0xc02aaa39b223fe8d0a0e5c4f27ead9083c756cc2,WETH,18,0.0,0.0,0.0,0.0,,,192180,200280,2026-03-17T09:36:47+00:00
burn,0x63c6700e9072656f369f62fcda213586b8831af077171e7c6a9981a6a1369c56#1112216,1773752723,24677402,0x63c6700e9072656f369f62fcda213586b8831af077171e7c6a9981a6a1369c56,381,0x8ad599c3a0ff1de082011efddc58f1908eb6e6d8,3000.0,0.0,120983755.0,,,0xe66fdc57df48c45e1adde5d67d47ad4b4ed55570,0xc36442b4a4522e871399cd717abdd847ab11fe88,0xa0b86991c6218b36c1d19d4a2e9eb0ce3606eb48,USDC,6,0xc02aaa39b223fe8d0a0e5c4f27ead9083c756cc2,WETH,18,0.0,0.0,0.0,0.0,,,195540,203520,2026-03-17T13:05:23+00:00
burn,0x8a541217582cc8f3259f5a143867f133653415e74c0cddc5b8c01af5a24b9438#1112232,1773754727,24677567,0x8a541217582cc8f3259f5a143867f133653415e74c0cddc5b8c01af5a24b9438,186,0x8ad599c3a0ff1de082011efddc58f1908eb6e6d8,3000.0,0.0,443934789.0,,,0x8c7ac867ddb2a1b405ce89a1cc838226eafe5f03,0xc36442b4a4522e871399cd717abdd847ab11fe88,0xa0b86991c6218b36c1d19d4a2e9eb0ce3606eb48,USDC,6,0xc02aaa39b223fe8d0a0e5c4f27ead9083c756cc2,WETH,18,0.0,0.0,0.0,0.0,,,198780,199920,2026-03-17T13:38:47+00:00
burn,0x3858683a3175b383695beba02cf3df070b7b994a51eb1b6c0291885b55cf6dc6#1112234,1773754799,24677573,0x3858683a3175b383695beba02cf3df070b7b994a51eb1b6c0291885b55cf6dc6,277,0x8ad599c3a0ff1de082011efddc58f1908eb6e6d8,3000.0,0.0,960546931.0,,,0x8c7ac867ddb2a1b405ce89a1cc838226eafe5f03,0xc36442b4a4522e871399cd717abdd847ab11fe88,0xa0b86991c6218b36c1d19d4a2e9eb0ce3606eb48,USDC,6,0xc02aaa39b223fe8d0a0e5c4f27ead9083c756cc2,WETH,18,56339.613923,0.0,56339.613923,2.1062783360468024e+16,,,198780,199920,2026-03-17T13:39:59+00:00
burn,0xe54b9b80d2edd3a2657f0ed42f831799e66a156f62f452d348aecd7cc2143c42#1112243,1773757547,24677800,0xe54b9b80d2edd3a2657f0ed42f831799e66a156f62f452d348aecd7cc2143c42,430,0x8ad599c3a0ff1de082011efddc58f1908eb6e6d8,3000.0,0.0,190320637.0,,,0x6c3c0d33de260dcd8cd6589475903de129705835,0xc36442b4a4522e871399cd717abdd847ab11fe88,0xa0b86991c6218b36c1d19d4a2e9eb0ce3606eb48,USDC,6,0xc02aaa39b223fe8d0a0e5c4f27ead9083c756cc2,WETH,18,1031534.798241,0.0,1031534.798241,2.4198229111415232e+17,,,199500,201420,2026-03-17T14:25:47+00:00
burn,0x7f0dc1c2963cef823023d47ad5f58176268405f14bd88d7318ad253c1dcc344e#1112261,1773758471,24677876,0x7f0dc1c2963cef823023d47ad5f58176268405f14bd88d7318ad253c1dcc344e,383,0x8ad599c3a0ff1de082011efddc58f1908eb6e6d8,3000.0,0.0,2188249023.0,,,0x389de9ac94edff38127749c6ccb255c5b8fe09e9,0xc36442b4a4522e871399cd717abdd847ab11fe88,0xa0b86991c6218b36c1d19d4a2e9eb0ce3606eb48,USDC,6,0xc02aaa39b223fe8d0a0e5c4f27ead9083c756cc2,WETH,18,13086.315479,0.0,13086.315479,3877299427552435.0,,,199440,200940,2026-03-17T14:41:11+00:00
burn,0x2ffe02a199f1780ffc6667e02a3838b43c84e83995c17eab63482d513d4a7819#1112263,1773759551,24677965,0x2ffe02a199f1780ffc6667e02a3838b43c84e83995c17eab63482d513d4a7819,463,0x8ad599c3a0ff1de082011efddc58f1908eb6e6d8,3000.0,0.0,169666655.0,,,0x95170fb8d44549a95ecec51cac179ad8096aaf35,0xc36442b4a4522e871399cd717abdd847ab11fe88,0xa0b86991c6218b36c1d19d4a2e9eb0ce3606eb48,USDC,6,0xc02aaa39b223fe8d0a0e5c4f27ead9083c756cc2,WETH,18,1003.022208,0.0,1003.022208,220778613428713.0,,,199380,201420,2026-03-17T14:59:11+00:00
burn,0xfcb278962b62cee93c5508975ccb71996b7ff58a458c99cfe47eb98c0ebfe482#1112274,1773759947,24677998,0xfcb278962b62cee93c5508975ccb71996b7ff58a458c99cfe47eb98c0ebfe482,158,0x8ad599c3a0ff1de082011efddc58f1908eb6e6d8,3000.0,0.0,311719174.0,,,0xa29e758fb79cbe45bd5fcac7db3092e76162a578,0xc36442b4a4522e871399cd717abdd847ab11fe88,0xa0b86991c6218b36c1d19d4a2e9eb0ce3606eb48,USDC,6,0xc02aaa39b223fe8d0a0e5c4f27ead9083c756cc2,WETH,18,1062.416034,0.42072253863078196,2051.534694634666,72264218240819.0,,,192060,205920,2026-03-17T15:05:47+00:00
burn,0xd449a9d18039a3e11012b2b46b91462c21e466ebda314f9bf8b2a5785a6d74ae#1112296,1773761099,24678091,0xd449a9d18039a3e11012b2b46b91462c21e466ebda314f9bf8b2a5785a6d74ae,871,0x8ad599c3a0ff1de082011efddc58f1908eb6e6d8,3000.0,0.0,2168778312.0,,,0x07c74d8a5fb752303a99936151eedc39c6529d97,0xc36442b4a4522e871399cd717abdd847ab11fe88,0xa0b86991c6218b36c1d19d4a2e9eb0ce3606eb48,USDC,6,0xc02aaa39b223fe8d0a0e5c4f27ead9083c756cc2,WETH,18,0.0,0.0,0.0,0.0,,,198660,200700,2026-03-17T15:24:59+00:00
burn,0xc0ca6c15d8452cad5d5d97f1dd7738b8dbf71fb1c47ab4a6b69f8a3ea49bc3e2#1112316,1773762695,24678221,0xc0ca6c15d8452cad5d5d97f1dd7738b8dbf71fb1c47ab4a6b69f8a3ea49bc3e2,30,0x8ad599c3a0ff1de082011efddc58f1908eb6e6d8,3000.0,0.0,412410468.0,,,0x05854d0c70d2f696fb3d9c0863100956b795e2ff,0xc36442b4a4522e871399cd717abdd847ab11fe88,0xa0b86991c6218b36c1d19d4a2e9eb0ce3606eb48,USDC,6,0xc02aaa39b223fe8d0a0e5c4f27ead9083c756cc2,WETH,18,2334.990908,0.8350935533989529,4264.212754232139,743947107433740.0,,,197760,200220,2026-03-17T15:51:35+00:00
burn,0x1cc6b0a1084d0f6d3130fc0ba58fe6947bb4ce3e07571e7ec717a7a63e246869#1112327,1773763283,24678269,0x1cc6b0a1084d0f6d3130fc0ba58fe6947bb4ce3e07571e7ec717a7a63e246869,15,0x8ad599c3a0ff1de082011efddc58f1908eb6e6d8,3000.0,0.0,3502024717.0,,,0xae2fc483527b8ef99eb5d9b44875f005ba1fae13,0x1f2f10d1c40777ae1da742455c65828ff36df387,0xa0b86991c6218b36c1d19d4a2e9eb0ce3606eb48,USDC,6,0xc02aaa39b223fe8d0a0e5c4f27ead9083c756cc2,WETH,18,1520770.27283,156.0960324319943,1882024.0159520493,1.3054634266778927e+19,,,198840,198900,2026-03-17T16:01:23+00:00
burn,0x856d5284155cfe3529222718d378471e51192d85834f4259b7eb7edca40530e2#1112354,1773766571,24678541,0x856d5284155cfe3529222718d378471e51192d85834f4259b7eb7edca40530e2,358,0x8ad599c3a0ff1de082011efddc58f1908eb6e6d8,3000.0,0.0,1602034751.0,,,0x83681c14770b44361e21faf91d8325423365ea5c,0xc36442b4a4522e871399cd717abdd847ab11fe88,0xa0b86991c6218b36c1d19d4a2e9eb0ce3606eb48,USDC,6,0xc02aaa39b223fe8d0a0e5c4f27ead9083c756cc2,WETH,18,0.0,0.0,0.0,0.0,,,196260,200400,2026-03-17T16:56:11+00:00
burn,0x38e706d29dfde43232d60dfdbf2739d2290461430d3960fc8b19e5604324eaf1#1112361,1773768767,24678722,0x38e706d29dfde43232d60dfdbf2739d2290461430d3960fc8b19e5604324eaf1,339,0x8ad599c3a0ff1de082011efddc58f1908eb6e6d8,3000.0,0.0,175259195.0,,,0xe3b5d6846d2b6847e5ce24850ebfdc0137a2576a,0xc36442b4a4522e871399cd717abdd847ab11fe88,0xa0b86991c6218b36c1d19d4a2e9eb0ce3606eb48,USDC,6,0xc02aaa39b223fe8d0a0e5c4f27ead9083c756cc2,WETH,18,0.0,0.0,0.0,0.0,,,199560,201420,2026-03-17T17:32:47+00:00
burn,0x95b770e8ed7784099f1712c4327a7b1ad2ca4065ff33b98ebfa66d5bf3e6affb#1112360,1773768839,24678728,0x95b770e8ed7784099f1712c4327a7b1ad2ca4065ff33b98ebfa66d5bf3e6affb,692,0x8ad599c3a0ff1de082011efddc58f1908eb6e6d8,3000.0,0.0,172029138.0,,,0xe3b5d6846d2b6847e5ce24850ebfdc0137a2576a,0xc36442b4a4522e871399cd717abdd847ab11fe88,0xa0b86991c6218b36c1d19d4a2e9eb0ce3606eb48,USDC,6,0xc02aaa39b223fe8d0a0e5c4f27ead9083c756cc2,WETH,18,28831.413362,0.0,28831.413362,6992228063851893.0,,,199560,201420,2026-03-17T17:33:59+00:00
burn,0xa01f21df242aed6ee409afa4f94c831a335a0ed6dea90d39e15df7d384d1455b#1112382,1773770735,24678886,0xa01f21df242aed6ee409afa4f94c831a335a0ed6dea90d39e15df7d384d1455b,285,0x8ad599c3a0ff1de082011efddc58f1908eb6e6d8,3000.0,0.0,152359437.0,,,0x0f90a051967a1b5c8363052ef1b668aed46be8e7,0xc36442b4a4522e871399cd717abdd847ab11fe88,0xa0b86991c6218b36c1d19d4a2e9eb0ce3606eb48,USDC,6,0xc02aaa39b223fe8d0a0e5c4f27ead9083c756cc2,WETH,18,0.848215,0.000449071238308785,1.8972008785070087,66939305773.0,,,190920,204840,2026-03-17T18:05:35+00:00
burn,0xb10cbee12d77bfe78a8496aaaae2c06aab6ff0ae911ec9bfb82adecde44f3f86#1112391,1773772571,24679037,0xb10cbee12d77bfe78a8496aaaae2c06aab6ff0ae911ec9bfb82adecde44f3f86,131,0x8ad599c3a0ff1de082011efddc58f1908eb6e6d8,3000.0,0.0,430495857.0,,,0xe7ef3e0cf0c53e0e33e344007f7ea63944744461,0xc36442b4a4522e871399cd717abdd847ab11fe88,0xa0b86991c6218b36c1d19d4a2e9eb0ce3606eb48,USDC,6,0xc02aaa39b223fe8d0a0e5c4f27ead9083c756cc2,WETH,18,1407.061307,0.3130111491963373,2138.272004151478,128855780709864.0,,,196260,203880,2026-03-17T18:36:11+00:00
burn,0xb10cbee12d77bfe78a8496aaaae2c06aab6ff0ae911ec9bfb82adecde44f3f86#1112392,1773772571,24679037,0xb10cbee12d77bfe78a8496aaaae2c06aab6ff0ae911ec9bfb82adecde44f3f86,133,0x8ad599c3a0ff1de082011efddc58f1908eb6e6d8,3000.0,0.0,430495857.0,,,0xe7ef3e0cf0c53e0e33e344007f7ea63944744461,0xc36442b4a4522e871399cd717abdd847ab11fe88,0xa0b86991c6218b36c1d19d4a2e9eb0ce3606eb48,USDC,6,0xc02aaa39b223fe8d0a0e5c4f27ead9083c756cc2,WETH,18,0.0,0.0,0.0,0.0,,,196260,203880,2026-03-17T18:36:11+00:00
burn,0x1bc1a9fabf2edae157a4982f983b76d6a2c0c0d64df3689a3be96fc8d9d48010#1112396,1773773243,24679093,0x1bc1a9fabf2edae157a4982f983b76d6a2c0c0d64df3689a3be96fc8d9d48010,54,0x8ad599c3a0ff1de082011efddc58f1908eb6e6d8,3000.0,0.0,92826806.0,,,0x2389790c31e3187a80ac7b312f734011b43614e0,0xc36442b4a4522e871399cd717abdd847ab11fe88,0xa0b86991c6218b36c1d19d4a2e9eb0ce3606eb48,USDC,6,0xc02aaa39b223fe8d0a0e5c4f27ead9083c756cc2,WETH,18,0.0,0.0,0.0,0.0,,,193320,200520,2026-03-17T18:47:23+00:00
burn,0x7cd920adf8bd12540e82021189ab5068f7580b86dcc1251349fcfff5086df001#1112408,1773775799,24679305,0x7cd920adf8bd12540e82021189ab5068f7580b86dcc1251349fcfff5086df001,78,0x8ad599c3a0ff1de082011efddc58f1908eb6e6d8,3000.0,0.0,87521940.0,,,0xae2fc483527b8ef99eb5d9b44875f005ba1fae13,0x1f2f10d1c40777ae1da742455c65828ff36df387,0xa0b86991c6218b36c1d19d4a2e9eb0ce3606eb48,USDC,6,0xc02aaa39b223fe8d0a0e5c4f27ead9083c756cc2,WETH,18,1073947.738095,912.4536600517225,3205075.6877770405,2.2125878205527097e+19,,,198720,198780,2026-03-17T19:29:59+00:00
burn,0x119a027a57e956110039b972cf751583c2bd97a3a62702bc6257e1abe04f1463#1112420,1773777179,24679418,0x119a027a57e956110039b972cf751583c2bd97a3a62702bc6257e1abe04f1463,82,0x8ad599c3a0ff1de082011efddc58f1908eb6e6d8,3000.0,0.0,2052448898.0,,,0x371d98623613ef5e9bb04014b999e2b7da4d3739,0xc36442b4a4522e871399cd717abdd847ab11fe88,0xa0b86991c6218b36c1d19d4a2e9eb0ce3606eb48,USDC,6,0xc02aaa39b223fe8d0a0e5c4f27ead9083c756cc2,WETH,18,0.0,0.49999999999999906,1163.3337382256123,82984878914602.0,,,191820,198720,2026-03-17T19:52:59+00:00
burn,0x7933e41affa9a989da6d5df655afeac0b77c927ad06871eb3f36aaefb080aba2#1112425,1773777827,24679472,0x7933e41affa9a989da6d5df655afeac0b77c927ad06871eb3f36aaefb080aba2,590,0x8ad599c3a0ff1de082011efddc58f1908eb6e6d8,3000.0,0.0,49398783.0,,,0xc0ac20d012266b1b74932854136cee58b096fea8,0xc36442b4a4522e871399cd717abdd847ab11fe88,0xa0b86991c6218b36c1d19d4a2e9eb0ce3606eb48,USDC,6,0xc02aaa39b223fe8d0a0e5c4f27ead9083c756cc2,WETH,18,0.0,0.0,0.0,0.0,,,198120,199560,2026-03-17T20:03:47+00:00
burn,0xdbfd404625b9f97cce27d4b11ac70c5da4c8f6eae42d500e12f4acafba100390#1112428,1773778343,24679515,0xdbfd404625b9f97cce27d4b11ac70c5da4c8f6eae42d500e12f4acafba100390,342,0x8ad599c3a0ff1de082011efddc58f1908eb6e6d8,3000.0,0.0,46418839.0,,,0x5683ec2698234e57821468fbf629ca9f25ebdbb4,0xc36442b4a4522e871399cd717abdd847ab11fe88,0xa0b86991c6218b36c1d19d4a2e9eb0ce3606eb48,USDC,6,0xc02aaa39b223fe8d0a0e5c4f27ead9083c756cc2,WETH,18,124.227087,0.03387667766932103,203.00511255115703,19356580959150.0,,,197040,201660,2026-03-17T20:12:23+00:00
burn,0x5016a1d658f8a5ee02b526d0436f3e1ce09f6a75775ec0862e9fb7e4892e74f0#1112433,1773778511,24679529,0x5016a1d658f8a5ee02b526d0436f3e1ce09f6a75775ec0862e9fb7e4892e74f0,267,0x8ad599c3a0ff1de082011efddc58f1908eb6e6d8,3000.0,0.0,2043698119.0,,,0xd9602696e645759506a6afd695ba820c169393af,0xc36442b4a4522e871399cd717abdd847ab11fe88,0xa0b86991c6218b36c1d19d4a2e9eb0ce3606eb48,USDC,6,0xc02aaa39b223fe8d0a0e5c4f27ead9083c756cc2,WETH,18,0.0,0.0,0.0,0.0,,,198120,199560,2026-03-17T20:15:11+00:00
burn,0xe79de015f842415663d72cf4a0a5e4c7c02c2f8b1c71c53c5c6c12a3635cd7d9#1112432,1773778583,24679535,0xe79de015f842415663d72cf4a0a5e4c7c02c2f8b1c71c53c5c6c12a3635cd7d9,456,0x8ad599c3a0ff1de082011efddc58f1908eb6e6d8,3000.0,0.0,2050312428.0,,,0x0e537578296f92a8cbfe9af9f94d379fa272ae73,0xc36442b4a4522e871399cd717abdd847ab11fe88,0xa0b86991c6218b36c1d19d4a2e9eb0ce3606eb48,USDC,6,0xc02aaa39b223fe8d0a0e5c4f27ead9083c756cc2,WETH,18,0.0,0.0,0.0,0.0,,,198120,199560,2026-03-17T20:16:23+00:00
burn,0x0e00c5e718b52bb9c9d0d0aa8b4b8ed9c367f1ab1dfee9b506c421bf923cdf9a#1112435,1773778667,24679542,0x0e00c5e718b52bb9c9d0d0aa8b4b8ed9c367f1ab1dfee9b506c421bf923cdf9a,135,0x8ad599c3a0ff1de082011efddc58f1908eb6e6d8,3000.0,0.0,2046137970.0,,,0x651c1fef07237faebb7128dfe632f6a52532f5a1,0xc36442b4a4522e871399cd717abdd847ab11fe88,0xa0b86991c6218b36c1d19d4a2e9eb0ce3606eb48,USDC,6,0xc02aaa39b223fe8d0a0e5c4f27ead9083c756cc2,WETH,18,0.0,0.0,0.0,0.0,,,198120,199560,2026-03-17T20:17:47+00:00
burn,0x3f12fbcb85361ee10ddd84c674266013a10dd2d1c19f955fdf578f5e3a365881#1112437,1773778739,24679548,0x3f12fbcb85361ee10ddd84c674266013a10dd2d1c19f955fdf578f5e3a365881,346,0x8ad599c3a0ff1de082011efddc58f1908eb6e6d8,3000.0,0.0,2042319015.0,,,0xf1f67ce3a384e6995449ead5cdf28eb049fc816a,0xc36442b4a4522e871399cd717abdd847ab11fe88,0xa0b86991c6218b36c1d19d4a2e9eb0ce3606eb48,USDC,6,0xc02aaa39b223fe8d0a0e5c4f27ead9083c756cc2,WETH,18,0.0,0.0,0.0,0.0,,,198120,199560,2026-03-17T20:18:59+00:00
burn,0x3d4e1db2c9ae425d9669cdf5d3d762ad7d10075107394b04b6786036b9d978c2#1112441,1773779303,24679595,0x3d4e1db2c9ae425d9669cdf5d3d762ad7d10075107394b04b6786036b9d978c2,50,0x8ad599c3a0ff1de082011efddc58f1908eb6e6d8,3000.0,0.0,2037267025.0,,,0x9ab43604781453e7ff49a0fd4738494e6c66587c,0xc36442b4a4522e871399cd717abdd847ab11fe88,0xa0b86991c6218b36c1d19d4a2e9eb0ce3606eb48,USDC,6,0xc02aaa39b223fe8d0a0e5c4f27ead9083c756cc2,WETH,18,15315.742758,6.507535988819504,30448.59764880043,6173021338352172.0,,,197760,199860,2026-03-17T20:28:23+00:00
burn,0xb2f71e2d1985a147788cfb7fbfe97df53af201021e52a4fa88206420a48456c3#1112448,1773781307,24679762,0xb2f71e2d1985a147788cfb7fbfe97df53af201021e52a4fa88206420a48456c3,701,0x8ad599c3a0ff1de082011efddc58f1908eb6e6d8,3000.0,0.0,51805442.0,,,0x865735693a4b082d63efd967def8183c1001f25b,0xc36442b4a4522e871399cd717abdd847ab11fe88,0xa0b86991c6218b36c1d19d4a2e9eb0ce3606eb48,USDC,6,0xc02aaa39b223fe8d0a0e5c4f27ead9083c756cc2,WETH,18,1055.057303,0.0,1055.057303,99744005483003.0,,,198900,203880,2026-03-17T21:01:47+00:00
burn,0x6ad04527b693fad584959c1c41517fa97de5c35c661e5a24be254a30b38f962c#1112508,1773788507,24680358,0x6ad04527b693fad584959c1c41517fa97de5c35c661e5a24be254a30b38f962c,778,0x8ad599c3a0ff1de082011efddc58f1908eb6e6d8,3000.0,0.0,51549191.0,,,0x4dcff7a73fd1910cf937b6b40c434ecdbea95483,0xc36442b4a4522e871399cd717abdd847ab11fe88,0xa0b86991c6218b36c1d19d4a2e9eb0ce3606eb48,USDC,6,0xc02aaa39b223fe8d0a0e5c4f27ead9083c756cc2,WETH,18,0.0,0.0,0.0,0.0,,,198120,199560,2026-03-17T23:01:47+00:00
burn,0x1098497bfce2de40664b89ee267358e1adfc5bc75379e308eebcf5f52bec1f95#1112509,1773788591,24680365,0x1098497bfce2de40664b89ee267358e1adfc5bc75379e308eebcf5f52bec1f95,418,0x8ad599c3a0ff1de082011efddc58f1908eb6e6d8,3000.0,0.0,58556059.0,,,0x508a312cf7334b44b9ff22ac0bac1b3db9eed4e1,0xc36442b4a4522e871399cd717abdd847ab11fe88,0xa0b86991c6218b36c1d19d4a2e9eb0ce3606eb48,USDC,6,0xc02aaa39b223fe8d0a0e5c4f27ead9083c756cc2,WETH,18,0.0,0.0,0.0,0.0,,,198480,201360,2026-03-17T23:03:11+00:00
burn,0x0383048acd910593f63c32f363ea65dd42c254d92d0e033b3e0a03c0a7eee9a1#1112519,1773789635,24680451,0x0383048acd910593f63c32f363ea65dd42c254d92d0e033b3e0a03c0a7eee9a1,162,0x8ad599c3a0ff1de082011efddc58f1908eb6e6d8,3000.0,0.0,276803603.0,,,0x68ed2462de04a0fb3c0f822f95f3736f921c9159,0xc36442b4a4522e871399cd717abdd847ab11fe88,0xa0b86991c6218b36c1d19d4a2e9eb0ce3606eb48,USDC,6,0xc02aaa39b223fe8d0a0e5c4f27ead9083c756cc2,WETH,18,1721.75853,0.0,1721.75853,603687985640350.0,,,200340,201660,2026-03-17T23:20:35+00:00
burn,0x660a246a59c1f4c875bcc10d356739fda8537fec138c06dbee41f4d46c29b535#1112523,1773790343,24680509,0x660a246a59c1f4c875bcc10d356739fda8537fec138c06dbee41f4d46c29b535,154,0x8ad599c3a0ff1de082011efddc58f1908eb6e6d8,3000.0,0.0,158036801.0,,,0xae2fc483527b8ef99eb5d9b44875f005ba1fae13,0x1f2f10d1c40777ae1da742455c65828ff36df387,0xa0b86991c6218b36c1d19d4a2e9eb0ce3606eb48,USDC,6,0xc02aaa39b223fe8d0a0e5c4f27ead9083c756cc2,WETH,18,761290.386955,130.92138510234378,1065934.0496281828,7.37268175726864e+18,,,198780,198840,2026-03-17T23:32:23+00:00
burn,0xbdec408a48f75ce064cbecd31ed2fa209d09b622da0e03facd63e81e92947bb0#1112532,1773792155,24680657,0xbdec408a48f75ce064cbecd31ed2fa209d09b622da0e03facd63e81e92947bb0,551,0x8ad599c3a0ff1de082011efddc58f1908eb6e6d8,3000.0,0.0,49028737.0,,,0x641169964b55211a1c3559245379f11f765b083c,0xc36442b4a4522e871399cd717abdd847ab11fe88,0xa0b86991c6218b36c1d19d4a2e9eb0ce3606eb48,USDC,6,0xc02aaa39b223fe8d0a0e5c4f27ead9083c756cc2,WETH,18,0.0,0.0,0.0,0.0,,,198120,199560,2026-03-18T00:02:35+00:00
burn,0x5d34549d92b4d2e0487c211ef1f73a0cc96590c7383dd5f82a86d8c1bc980b10#1112536,1773792227,24680663,0x5d34549d92b4d2e0487c211ef1f73a0cc96590c7383dd5f82a86d8c1bc980b10,1203,0x8ad599c3a0ff1de082011efddc58f1908eb6e6d8,3000.0,0.0,43588943.0,,,0x143b67cf0b87c59b9eb3bbfd5a8d4c74dec426d1,0xc36442b4a4522e871399cd717abdd847ab11fe88,0xa0b86991c6218b36c1d19d4a2e9eb0ce3606eb48,USDC,6,0xc02aaa39b223fe8d0a0e5c4f27ead9083c756cc2,WETH,18,0.0,0.0,0.0,0.0,,,198120,199740,2026-03-18T00:03:47+00:00
burn,0xc950b45c86102d93c6b07f5999cc73ccb8eb32d14128c13f407810980cea9582#1112536,1773792347,24680673,0xc950b45c86102d93c6b07f5999cc73ccb8eb32d14128c13f407810980cea9582,592,0x8ad599c3a0ff1de082011efddc58f1908eb6e6d8,3000.0,0.0,47944202.0,,,0x143b67cf0b87c59b9eb3bbfd5a8d4c74dec426d1,0xc36442b4a4522e871399cd717abdd847ab11fe88,0xa0b86991c6218b36c1d19d4a2e9eb0ce3606eb48,USDC,6,0xc02aaa39b223fe8d0a0e5c4f27ead9083c756cc2,WETH,18,0.0,0.0,0.0,0.0,,,198360,199740,2026-03-18T00:05:47+00:00
burn,0xf772695e2f9fe1ee6784efc69c9ab6949334c74a936848645fe782058f7937cf#1112537,1773792443,24680681,0xf772695e2f9fe1ee6784efc69c9ab6949334c74a936848645fe782058f7937cf,642,0x8ad599c3a0ff1de082011efddc58f1908eb6e6d8,3000.0,0.0,49104908.0,,,0xa1e0b6edbf434be1322e2d1e2d438bbfcbe81546,0xc36442b4a4522e871399cd717abdd847ab11fe88,0xa0b86991c6218b36c1d19d4a2e9eb0ce3606eb48,USDC,6,0xc02aaa39b223fe8d0a0e5c4f27ead9083c756cc2,WETH,18,0.0,0.0,0.0,0.0,,,197940,199380,2026-03-18T00:07:23+00:00
burn,0x81753c9ab9e21a43df6daee9c053f9f32d36bd44d48c38582e622b7c01aaec06#1112540,1773792659,24680699,0x81753c9ab9e21a43df6daee9c053f9f32d36bd44d48c38582e622b7c01aaec06,580,0x8ad599c3a0ff1de082011efddc58f1908eb6e6d8,3000.0,0.0,58724081.0,,,0xdc7b1ebbc9f79c082b2e0f02ee3077a8d974fa8e,0xc36442b4a4522e871399cd717abdd847ab11fe88,0xa0b86991c6218b36c1d19d4a2e9eb0ce3606eb48,USDC,6,0xc02aaa39b223fe8d0a0e5c4f27ead9083c756cc2,WETH,18,0.0,0.0,0.0,0.0,,,197940,199380,2026-03-18T00:10:59+00:00
burn,0x44c5665926c1668f5a29feddd0434cf7e6b62db9f9ea45de208e6e43ffb6e43d#1112541,1773792683,24680701,0x44c5665926c1668f5a29feddd0434cf7e6b62db9f9ea45de208e6e43ffb6e43d,601,0x8ad599c3a0ff1de082011efddc58f1908eb6e6d8,3000.0,0.0,57873594.0,,,0xdc7b1ebbc9f79c082b2e0f02ee3077a8d974fa8e,0xc36442b4a4522e871399cd717abdd847ab11fe88,0xa0b86991c6218b36c1d19d4a2e9eb0ce3606eb48,USDC,6,0xc02aaa39b223fe8d0a0e5c4f27ead9083c756cc2,WETH,18,0.0,0.0,0.0,0.0,,,197940,199380,2026-03-18T00:11:23+00:00
burn,0xa3ff39922dc15e45e150d176a041ed2b15d8a83805b2a00a700e3f46eae93c50#1112540,1773792707,24680703,0xa3ff39922dc15e45e150d176a041ed2b15d8a83805b2a00a700e3f46eae93c50,568,0x8ad599c3a0ff1de082011efddc58f1908eb6e6d8,3000.0,0.0,53553494.0,,,0xa1e0b6edbf434be1322e2d1e2d438bbfcbe81546,0xc36442b4a4522e871399cd717abdd847ab11fe88,0xa0b86991c6218b36c1d19d4a2e9eb0ce3606eb48,USDC,6,0xc02aaa39b223fe8d0a0e5c4f27ead9083c756cc2,WETH,18,0.0,0.0,0.0,0.0,,,198600,199980,2026-03-18T00:11:47+00:00
burn,0x7f8459db343a4fe51777b8215f7f70f648b6e6abed8e65e0cecdd1b7171a4e1b#1112543,1773792719,24680704,0x7f8459db343a4fe51777b8215f7f70f648b6e6abed8e65e0cecdd1b7171a4e1b,451,0x8ad599c3a0ff1de082011efddc58f1908eb6e6d8,3000.0,0.0,58061287.0,,,0x55d1cdf31f4692378637cb28d5fd4a83cd4c26bf,0xc36442b4a4522e871399cd717abdd847ab11fe88,0xa0b86991c6218b36c1d19d4a2e9eb0ce3606eb48,USDC,6,0xc02aaa39b223fe8d0a0e5c4f27ead9083c756cc2,WETH,18,0.0,0.0,0.0,0.0,,,197940,199380,2026-03-18T00:11:59+00:00
burn,0x3b3cb432eeccf04862c39b030fb1ff1e5fc30f92b375f8d3be6541d450ac96dd#1112544,1773792743,24680706,0x3b3cb432eeccf04862c39b030fb1ff1e5fc30f92b375f8d3be6541d450ac96dd,658,0x8ad599c3a0ff1de082011efddc58f1908eb6e6d8,3000.0,0.0,56018876.0,,,0x55d1cdf31f4692378637cb28d5fd4a83cd4c26bf,0xc36442b4a4522e871399cd717abdd847ab11fe88,0xa0b86991c6218b36c1d19d4a2e9eb0ce3606eb48,USDC,6,0xc02aaa39b223fe8d0a0e5c4f27ead9083c756cc2,WETH,18,0.0,0.0,0.0,0.0,,,198360,199740,2026-03-18T00:12:23+00:00
burn,0x1b39968d3bc932b258baf518142fb5bf0b1ff594932779888680eeb6678b2795#1112565,1773794315,24680837,0x1b39968d3bc932b258baf518142fb5bf0b1ff594932779888680eeb6678b2795,349,0x8ad599c3a0ff1de082011efddc58f1908eb6e6d8,3000.0,0.0,46718313.0,,,0x377abbf0c98feee70e74d1176acd32ba5aa09dcc,0xc36442b4a4522e871399cd717abdd847ab11fe88,0xa0b86991c6218b36c1d19d4a2e9eb0ce3606eb48,USDC,6,0xc02aaa39b223fe8d0a0e5c4f27ead9083c756cc2,WETH,18,992.750488,0.0,992.750488,276455647672511.0,,,199680,201300,2026-03-18T00:38:35+00:00
burn,0x6891869ef2d731173467002ee8f2782e0e804f4eb0c7472f84ef17aa5e1591b9#1112567,1773794399,24680844,0x6891869ef2d731173467002ee8f2782e0e804f4eb0c7472f84ef17aa5e1591b9,531,0x8ad599c3a0ff1de082011efddc58f1908eb6e6d8,3000.0,0.0,58261875.0,,,0x377abbf0c98feee70e74d1176acd32ba5aa09dcc,0xc36442b4a4522e871399cd717abdd847ab11fe88,0xa0b86991c6218b36c1d19d4a2e9eb0ce3606eb48,USDC,6,0xc02aaa39b223fe8d0a0e5c4f27ead9083c756cc2,WETH,18,1990.104113,0.0,1990.104113,554193151459949.0,,,199680,201300,2026-03-18T00:39:59+00:00
burn,0xced6962a8f5b94b12f08a3a94b68e2a8dc3c026237270cbb879a733140077bae#1112569,1773794699,24680869,0xced6962a8f5b94b12f08a3a94b68e2a8dc3c026237270cbb879a733140077bae,259,0x8ad599c3a0ff1de082011efddc58f1908eb6e6d8,3000.0,0.0,375182965.0,,,0x476119758fb93bfd1537672aa61ee367caa4a89c,0xc36442b4a4522e871399cd717abdd847ab11fe88,0xa0b86991c6218b36c1d19d4a2e9eb0ce3606eb48,USDC,6,0xc02aaa39b223fe8d0a0e5c4f27ead9083c756cc2,WETH,18,0.0,0.0,0.0,0.0,,,198720,199560,2026-03-18T00:44:59+00:00
burn,0xf5fcaf83d6b416c21e7061b4e81580d283731bd386de0cd4a3bb92d41ff178e3#1112572,1773794831,24680880,0xf5fcaf83d6b416c21e7061b4e81580d283731bd386de0cd4a3bb92d41ff178e3,50,0x8ad599c3a0ff1de082011efddc58f1908eb6e6d8,3000.0,0.0,24598379590.0,,,0xae2fc483527b8ef99eb5d9b44875f005ba1fae13,0x1f2f10d1c40777ae1da742455c65828ff36df387,0xa0b86991c6218b36c1d19d4a2e9eb0ce3606eb48,USDC,6,0xc02aaa39b223fe8d0a0e5c4f27ead9083c756cc2,WETH,18,758049.192249,43.391993853312606,858516.6148565434,5.954675532577636e+18,,,198840,198900,2026-03-18T00:47:11+00:00
burn,0xf34582546dc90d174b696bd08159a79fac11760e5a96da58ffa15703866c0409#1112591,1773796403,24681010,0xf34582546dc90d174b696bd08159a79fac11760e5a96da58ffa15703866c0409,90,0x8ad599c3a0ff1de082011efddc58f1908eb6e6d8,3000.0,0.0,1148212042.0,,,0xae2fc483527b8ef99eb5d9b44875f005ba1fae13,0x1f2f10d1c40777ae1da742455c65828ff36df387,0xa0b86991c6218b36c1d19d4a2e9eb0ce3606eb48,USDC,6,0xc02aaa39b223fe8d0a0e5c4f27ead9083c756cc2,WETH,18,761335.00439,367.2318895566442,1614610.4192497307,1.1174304658401264e+19,,,198780,198840,2026-03-18T01:13:23+00:00
burn,0xd31f41bc5f27fed0dc6e862bc9ef6e962b99bd98d903275a4ea8aa29ca1bb775#1112674,1773809327,24682080,0xd31f41bc5f27fed0dc6e862bc9ef6e962b99bd98d903275a4ea8aa29ca1bb775,337,0x8ad599c3a0ff1de082011efddc58f1908eb6e6d8,3000.0,0.0,141961347.0,,,0x0320618babfa9d52f72b0565bfad3f22b3fc0c78,0xc36442b4a4522e871399cd717abdd847ab11fe88,0xa0b86991c6218b36c1d19d4a2e9eb0ce3606eb48,USDC,6,0xc02aaa39b223fe8d0a0e5c4f27ead9083c756cc2,WETH,18,0.0,0.0,0.0,0.0,,,198480,201960,2026-03-18T04:48:47+00:00
burn,0xa0e613a7a472619e373af425b7732bfaee2e4ee7a0bf7bfc5d343bce92c904aa#1112676,1773809459,24682091,0xa0e613a7a472619e373af425b7732bfaee2e4ee7a0bf7bfc5d343bce92c904aa,136,0x8ad599c3a0ff1de082011efddc58f1908eb6e6d8,3000.0,0.0,77504265.0,,,0x3d32a8bcff1f715b54eea0c58bb06b266822eb21,0xc36442b4a4522e871399cd717abdd847ab11fe88,0xa0b86991c6218b36c1d19d4a2e9eb0ce3606eb48,USDC,6,0xc02aaa39b223fe8d0a0e5c4f27ead9083c756cc2,WETH,18,0.0,0.0,0.0,0.0,,,195540,203160,2026-03-18T04:50:59+00:00
burn,0x0d8eaa262886d2bd81df418de51820b2855e427f8254b6d47da87164956f415d#1112723,1773816647,24682687,0x0d8eaa262886d2bd81df418de51820b2855e427f8254b6d47da87164956f415d,111,0x8ad599c3a0ff1de082011efddc58f1908eb6e6d8,3000.0,0.0,2039279152.0,,,0xbc40022f523d41160763147cdb77a16fd6a23ad8,0xc36442b4a4522e871399cd717abdd847ab11fe88,0xa0b86991c6218b36c1d19d4a2e9eb0ce3606eb48,USDC,6,0xc02aaa39b223fe8d0a0e5c4f27ead9083c756cc2,WETH,18,0.0,0.0,0.0,0.0,,,199320,201900,2026-03-18T06:50:47+00:00
burn,0x1ef278300166c7d3a328170690db4203f6f4df1919997e68659e7cc2c9a7436d#1112727,1773817559,24682763,0x1ef278300166c7d3a328170690db4203f6f4df1919997e68659e7cc2c9a7436d,33,0x8ad599c3a0ff1de082011efddc58f1908eb6e6d8,3000.0,0.0,2042418254.0,,,0xbc40022f523d41160763147cdb77a16fd6a23ad8,0xc36442b4a4522e871399cd717abdd847ab11fe88,0xa0b86991c6218b36c1d19d4a2e9eb0ce3606eb48,USDC,6,0xc02aaa39b223fe8d0a0e5c4f27ead9083c756cc2,WETH,18,2295.469815,0.0,2295.469815,403622658472689.0,,,199320,201900,2026-03-18T07:05:59+00:00
burn,0x0921c4144d87f975351ac6e1f186f557158ec1866409ae19ed7624806ce75270#1112763,1773820739,24683027,0x0921c4144d87f975351ac6e1f186f557158ec1866409ae19ed7624806ce75270,408,0x8ad599c3a0ff1de082011efddc58f1908eb6e6d8,3000.0,0.0,57376534.0,,,0x40b6a9015a576dfbe54bb49103e297a9b304e38a,0xc36442b4a4522e871399cd717abdd847ab11fe88,0xa0b86991c6218b36c1d19d4a2e9eb0ce3606eb48,USDC,6,0xc02aaa39b223fe8d0a0e5c4f27ead9083c756cc2,WETH,18,0.0,0.0,0.0,0.0,,,199440,203160,2026-03-18T07:58:59+00:00
burn,0x266e9b2eb5b5000107a7fe9661e176bead5dbf77607d72403b9968bc07d7531c#1112766,1773822671,24683188,0x266e9b2eb5b5000107a7fe9661e176bead5dbf77607d72403b9968bc07d7531c,141,0x8ad599c3a0ff1de082011efddc58f1908eb6e6d8,3000.0,0.0,155910210.0,,,0xcc0e2d9285e5790ea204164d982bd910cf84dd8b,0xc36442b4a4522e871399cd717abdd847ab11fe88,0xa0b86991c6218b36c1d19d4a2e9eb0ce3606eb48,USDC,6,0xc02aaa39b223fe8d0a0e5c4f27ead9083c756cc2,WETH,18,1.489405,0.000918755080514822,3.620757259209293,129188339560.0,,,190440,204300,2026-03-18T08:31:11+00:00
burn,0xc0e949ca1b0eaf4483710786525ae03db7145ab2803efc245357db52aac3b4a8#1112765,1773822815,24683200,0xc0e949ca1b0eaf4483710786525ae03db7145ab2803efc245357db52aac3b4a8,79,0x8ad599c3a0ff1de082011efddc58f1908eb6e6d8,3000.0,0.0,162138704.0,,,0x1a4204cb46137f0acb9816a67f295dcabbac3250,0xc36442b4a4522e871399cd717abdd847ab11fe88,0xa0b86991c6218b36c1d19d4a2e9eb0ce3606eb48,USDC,6,0xc02aaa39b223fe8d0a0e5c4f27ead9083c756cc2,WETH,18,0.759741,0.000468654351469771,1.846937720842784,65898604294.0,,,190440,204300,2026-03-18T08:33:35+00:00
burn,0x1b25248a1030cc56152ce367f5a2e90d0d98b3f6ff6a5d878b32036a472ef159#1112773,1773824591,24683348,0x1b25248a1030cc56152ce367f5a2e90d0d98b3f6ff6a5d878b32036a472ef159,105,0x8ad599c3a0ff1de082011efddc58f1908eb6e6d8,3000.0,0.0,1679718420.0,,,0xae2fc483527b8ef99eb5d9b44875f005ba1fae13,0x1f2f10d1c40777ae1da742455c65828ff36df387,0xa0b86991c6218b36c1d19d4a2e9eb0ce3606eb48,USDC,6,0xc02aaa39b223fe8d0a0e5c4f27ead9083c756cc2,WETH,18,547789.44388,913.1535342682089,2666145.966114067,1.847121590400896e+19,,,198780,198840,2026-03-18T09:03:11+00:00
burn,0xce4f642b76b5203327f45f5af6369cbae3bf26f08fba9d8f6dead8428e914764#1112787,1773826427,24683500,0xce4f642b76b5203327f45f5af6369cbae3bf26f08fba9d8f6dead8428e914764,528,0x8ad599c3a0ff1de082011efddc58f1908eb6e6d8,3000.0,0.0,151505381.0,,,0x119030ad7e6fea8f694782898038da2e768cf6bf,0xc36442b4a4522e871399cd717abdd847ab11fe88,0xa0b86991c6218b36c1d19d4a2e9eb0ce3606eb48,USDC,6,0xc02aaa39b223fe8d0a0e5c4f27ead9083c756cc2,WETH,18,0.0,0.0,0.0,0.0,,,190680,201960,2026-03-18T09:33:47+00:00
burn,0xdb4830102dac0a5bfd274ede355af27e6c61ea930c14e88a9ed3b656260bcde6#1112834,1773833267,24684067,0xdb4830102dac0a5bfd274ede355af27e6c61ea930c14e88a9ed3b656260bcde6,166,0x8ad599c3a0ff1de082011efddc58f1908eb6e6d8,3000.0,0.0,2048519964.0,,,0xa0b4c8508ad1cfdca91ddf33a97817f996405a28,0xc36442b4a4522e871399cd717abdd847ab11fe88,0xa0b86991c6218b36c1d19d4a2e9eb0ce3606eb48,USDC,6,0xc02aaa39b223fe8d0a0e5c4f27ead9083c756cc2,WETH,18,0.0,0.0,0.0,0.0,,,198900,201480,2026-03-18T11:27:47+00:00
burn,0x03943965af204cc87b4f3c515e1dfb04b222f71a3a9680baabfdfcb286af5736#1112855,1773833819,24684113,0x03943965af204cc87b4f3c515e1dfb04b222f71a3a9680baabfdfcb286af5736,49,0x8ad599c3a0ff1de082011efddc58f1908eb6e6d8,3000.0,0.0,9411302709.0,,,0xae2fc483527b8ef99eb5d9b44875f005ba1fae13,0x1f2f10d1c40777ae1da742455c65828ff36df387,0xa0b86991c6218b36c1d19d4a2e9eb0ce3606eb48,USDC,6,0xc02aaa39b223fe8d0a0e5c4f27ead9083c756cc2,WETH,18,307926.196287,915.0187659423507,2391785.9757114043,1.6726642897528553e+19,,,198960,199020,2026-03-18T11:36:59+00:00
burn,0xa6f905624669fd8ddc3120ff22980932120f9b02ca7bbcdcf329c3439378a6ba#1112862,1773834011,24684129,0xa6f905624669fd8ddc3120ff22980932120f9b02ca7bbcdcf329c3439378a6ba,198,0x8ad599c3a0ff1de082011efddc58f1908eb6e6d8,3000.0,0.0,2201634144.0,,,0xa0b4c8508ad1cfdca91ddf33a97817f996405a28,0xc36442b4a4522e871399cd717abdd847ab11fe88,0xa0b86991c6218b36c1d19d4a2e9eb0ce3606eb48,USDC,6,0xc02aaa39b223fe8d0a0e5c4f27ead9083c756cc2,WETH,18,4352.774588,0.11356735861311532,4610.77938540583,794191632104551.0,,,198900,201480,2026-03-18T11:40:11+00:00
burn,0xefd973601a483a86a68eac645deb732a0ea89d3a1ffb65fb41690ca9c92d9e35#1112883,1773836447,24684331,0xefd973601a483a86a68eac645deb732a0ea89d3a1ffb65fb41690ca9c92d9e35,810,0x8ad599c3a0ff1de082011efddc58f1908eb6e6d8,3000.0,0.0,527662915.0,,,0xb3299e1d9cad68a638fcfd2b26841be843fb8ec4,0xc36442b4a4522e871399cd717abdd847ab11fe88,0xa0b86991c6218b36c1d19d4a2e9eb0ce3606eb48,USDC,6,0xc02aaa39b223fe8d0a0e5c4f27ead9083c756cc2,WETH,18,2.411686,0.0,2.411686,104209280665.0,,,199620,213480,2026-03-18T12:20:47+00:00
burn,0x15466511565aeca0047c4560903844108303fd288d3504519945ed02b9695346#1112886,1773836639,24684347,0x15466511565aeca0047c4560903844108303fd288d3504519945ed02b9695346,735,0x8ad599c3a0ff1de082011efddc58f1908eb6e6d8,3000.0,0.0,1223940635.0,,,0x6e0eef8a3e8cd3056ca76edcf8f40684d62dec52,0xc36442b4a4522e871399cd717abdd847ab11fe88,0xa0b86991c6218b36c1d19d4a2e9eb0ce3606eb48,USDC,6,0xc02aaa39b223fe8d0a0e5c4f27ead9083c756cc2,WETH,18,0.0,0.0,0.0,0.0,,,198720,201900,2026-03-18T12:23:59+00:00
burn,0xd465b4025b7713b890963df8403a7b259fcd14417b03e1733ffc275655fb43ed#1112909,1773838751,24684522,0xd465b4025b7713b890963df8403a7b259fcd14417b03e1733ffc275655fb43ed,125,0x8ad599c3a0ff1de082011efddc58f1908eb6e6d8,3000.0,0.0,1365046039.0,,,0x35b94e2478afb39098ece2cd448546324adea17f,0xc36442b4a4522e871399cd717abdd847ab11fe88,0xa0b86991c6218b36c1d19d4a2e9eb0ce3606eb48,USDC,6,0xc02aaa39b223fe8d0a0e5c4f27ead9083c756cc2,WETH,18,0.0,0.0,0.0,0.0,,,188400,201660,2026-03-18T12:59:11+00:00
burn,0xa519a048a84fe74aa6e5903f0425cad7fd6f950f8fb62696310d7ce8afad55ae#1112926,1773840191,24684642,0xa519a048a84fe74aa6e5903f0425cad7fd6f950f8fb62696310d7ce8afad55ae,679,0x8ad599c3a0ff1de082011efddc58f1908eb6e6d8,3000.0,0.0,750137808.0,,,0x070dd7b81dee74e311ad5510a73baf8eb229b508,0xc36442b4a4522e871399cd717abdd847ab11fe88,0xa0b86991c6218b36c1d19d4a2e9eb0ce3606eb48,USDC,6,0xc02aaa39b223fe8d0a0e5c4f27ead9083c756cc2,WETH,18,0.594301,0.000206026256629812,1.0546748657274074,38222791387.0,,,193320,207180,2026-03-18T13:23:11+00:00
burn,0x5e6fe750e0ce6dcf7ef22faed04c43c058dbdd981f767e1b248d35c027a757ed#1113009,1773846455,24685162,0x5e6fe750e0ce6dcf7ef22faed04c43c058dbdd981f767e1b248d35c027a757ed,426,0x8ad599c3a0ff1de082011efddc58f1908eb6e6d8,3000.0,0.0,722159593.0,,,0xd8f3d8e1fd123d69dec6d96ad6708bdb378c7fa2,0xc36442b4a4522e871399cd717abdd847ab11fe88,0xa0b86991c6218b36c1d19d4a2e9eb0ce3606eb48,USDC,6,0xc02aaa39b223fe8d0a0e5c4f27ead9083c756cc2,WETH,18,0.0,0.282000411105965,617.566125348699,190201419531122.0,,,197940,199380,2026-03-18T15:07:35+00:00
burn,0x2f01f3e5a56ac063a33f0337286d873882a42d8faced2e24bdf16596c9b8861e#1113019,1773847475,24685247,0x2f01f3e5a56ac063a33f0337286d873882a42d8faced2e24bdf16596c9b8861e,654,0x8ad599c3a0ff1de082011efddc58f1908eb6e6d8,3000.0,0.0,2376355168.0,,,0xc20dd1afce5cc9a9a763b5a0c6cd9414ea752967,0xc36442b4a4522e871399cd717abdd847ab11fe88,0xa0b86991c6218b36c1d19d4a2e9eb0ce3606eb48,USDC,6,0xc02aaa39b223fe8d0a0e5c4f27ead9083c756cc2,WETH,18,0.0,12.858077611066573,28076.53598845741,3.397568724889066e+16,,,198900,199260,2026-03-18T15:24:35+00:00
burn,0x2797809b0784a86ea834343dea91d9eab258de3cca93ddb9840577d75889fd33#1113027,1773849455,24685410,0x2797809b0784a86ea834343dea91d9eab258de3cca93ddb9840577d75889fd33,582,0x8ad599c3a0ff1de082011efddc58f1908eb6e6d8,3000.0,0.0,267501219.0,,,0xfe10364671c215c178ca5974c56cdf6e090b9bd2,0xc36442b4a4522e871399cd717abdd847ab11fe88,0xa0b86991c6218b36c1d19d4a2e9eb0ce3606eb48,USDC,6,0xc02aaa39b223fe8d0a0e5c4f27ead9083c756cc2,WETH,18,0.0,0.0,0.0,0.0,,,193920,200580,2026-03-18T15:57:35+00:00
burn,0xe562f31047d71ec0c65dc467e53170e5ad57e6daafe1a6d818bf80554fc31c14#1113027,1773849647,24685426,0xe562f31047d71ec0c65dc467e53170e5ad57e6daafe1a6d818bf80554fc31c14,919,0x8ad599c3a0ff1de082011efddc58f1908eb6e6d8,3000.0,0.0,218959114.0,,,0xc74ece8ed49f2f6d2e4164de632c900a0150296f,0xc36442b4a4522e871399cd717abdd847ab11fe88,0xa0b86991c6218b36c1d19d4a2e9eb0ce3606eb48,USDC,6,0xc02aaa39b223fe8d0a0e5c4f27ead9083c756cc2,WETH,18,0.0,3.7677743593070576,8231.334693797555,2541258818746479.0,,,197940,199380,2026-03-18T16:00:47+00:00
burn,0x4c59eefb0d8486b316f34b012ea80683fec1474ca77ccbff3ed35224d8122056#1113031,1773849647,24685426,0x4c59eefb0d8486b316f34b012ea80683fec1474ca77ccbff3ed35224d8122056,1100,0x8ad599c3a0ff1de082011efddc58f1908eb6e6d8,3000.0,0.0,218959114.0,,,0xbd6edb6416caa13d9e2f15e41b14a7b9a6daebf0,0xc36442b4a4522e871399cd717abdd847ab11fe88,0xa0b86991c6218b36c1d19d4a2e9eb0ce3606eb48,USDC,6,0xc02aaa39b223fe8d0a0e5c4f27ead9083c756cc2,WETH,18,0.0,1.2790608255427747,2794.322787074725,862690886622394.0,,,197940,199380,2026-03-18T16:00:47+00:00
burn,0xe59dbfc42615908ab3241953862643b7c0e65bf7f23a0fbca8f551c40b792974#1113031,1773849683,24685429,0xe59dbfc42615908ab3241953862643b7c0e65bf7f23a0fbca8f551c40b792974,850,0x8ad599c3a0ff1de082011efddc58f1908eb6e6d8,3000.0,0.0,256086588.0,,,0xbd6edb6416caa13d9e2f15e41b14a7b9a6daebf0,0xc36442b4a4522e871399cd717abdd847ab11fe88,0xa0b86991c6218b36c1d19d4a2e9eb0ce3606eb48,USDC,6,0xc02aaa39b223fe8d0a0e5c4f27ead9083c756cc2,WETH,18,0.0,1.404209093404154,3067.7301572829283,947099906119004.0,,,197940,199380,2026-03-18T16:01:23+00:00
burn,0xb8a68bcf480e1d1067b75ddcce1faa7be53971f470471260350f3ad0eefae8ea#1113036,1773850571,24685503,0xb8a68bcf480e1d1067b75ddcce1faa7be53971f470471260350f3ad0eefae8ea,408,0x8ad599c3a0ff1de082011efddc58f1908eb6e6d8,3000.0,0.0,803860111.0,,,0x95582b73b3753b66c394163c7d7d7008a4142eb3,0xc36442b4a4522e871399cd717abdd847ab11fe88,0xa0b86991c6218b36c1d19d4a2e9eb0ce3606eb48,USDC,6,0xc02aaa39b223fe8d0a0e5c4f27ead9083c756cc2,WETH,18,0.0,0.0,0.0,0.0,,,199380,201180,2026-03-18T16:16:11+00:00
burn,0x323b641a537ca5360256cb94c32e9f896046733794a034372ed3d9fbdf1701fc#1113041,1773850751,24685518,0x323b641a537ca5360256cb94c32e9f896046733794a034372ed3d9fbdf1701fc,363,0x8ad599c3a0ff1de082011efddc58f1908eb6e6d8,3000.0,0.0,340811230.0,,,0x95582b73b3753b66c394163c7d7d7008a4142eb3,0xc36442b4a4522e871399cd717abdd847ab11fe88,0xa0b86991c6218b36c1d19d4a2e9eb0ce3606eb48,USDC,6,0xc02aaa39b223fe8d0a0e5c4f27ead9083c756cc2,WETH,18,20115.51509,0.3196999232767093,20813.257824233242,5162053109767224.0,,,199380,201180,2026-03-18T16:19:11+00:00
burn,0x04f161638a766b2f52e9c06cc31715ff3ce89df43d89d86df53328603281b4cd#1113061,1773853259,24685726,0x04f161638a766b2f52e9c06cc31715ff3ce89df43d89d86df53328603281b4cd,59,0x8ad599c3a0ff1de082011efddc58f1908eb6e6d8,3000.0,0.0,2221147739.0,,,0x07c74d8a5fb752303a99936151eedc39c6529d97,0xc36442b4a4522e871399cd717abdd847ab11fe88,0xa0b86991c6218b36c1d19d4a2e9eb0ce3606eb48,USDC,6,0xc02aaa39b223fe8d0a0e5c4f27ead9083c756cc2,WETH,18,2618.334759,3.8052499550479606,10915.127682294371,1206042540240296.0,,,196260,200400,2026-03-18T17:00:59+00:00
burn,0xa9795dfbcaaddc5875c99f339991bf1424498645e4c691772f58413c8522f5f3#1113060,1773853295,24685729,0xa9795dfbcaaddc5875c99f339991bf1424498645e4c691772f58413c8522f5f3,159,0x8ad599c3a0ff1de082011efddc58f1908eb6e6d8,3000.0,0.0,2239316854.0,,,0x07c74d8a5fb752303a99936151eedc39c6529d97,0xc36442b4a4522e871399cd717abdd847ab11fe88,0xa0b86991c6218b36c1d19d4a2e9eb0ce3606eb48,USDC,6,0xc02aaa39b223fe8d0a0e5c4f27ead9083c756cc2,WETH,18,12928.418199,3.7733012619670414,21155.551653456947,4562146383525541.0,,,198660,200700,2026-03-18T17:01:35+00:00
burn,0x19197cf9ad5da2090ad8161815c55d3d14848c2e6b658ef6a5e29f65550edc42#1113080,1773854819,24685856,0x19197cf9ad5da2090ad8161815c55d3d14848c2e6b658ef6a5e29f65550edc42,125,0x8ad599c3a0ff1de082011efddc58f1908eb6e6d8,3000.0,0.0,2248396691.0,,,0x08af3115dc6442ea3dd1d38fd3b2ae236e6f156a,0xc36442b4a4522e871399cd717abdd847ab11fe88,0xa0b86991c6218b36c1d19d4a2e9eb0ce3606eb48,USDC,6,0xc02aaa39b223fe8d0a0e5c4f27ead9083c756cc2,WETH,18,141.158066,0.16239240786959536,496.57244870895175,66408044079630.0,,,196980,200340,2026-03-18T17:26:59+00:00
burn,0x0240e6fe315883db77b44021f3fcc4fb54a74ec7bcb368ac68bad004d4959481#1113104,1773856379,24685986,0x0240e6fe315883db77b44021f3fcc4fb54a74ec7bcb368ac68bad004d4959481,563,0x8ad599c3a0ff1de082011efddc58f1908eb6e6d8,3000.0,0.0,2162331540.0,,,0x32e343673ad567400e5e26b0c7294e7c9725cb91,0xc36442b4a4522e871399cd717abdd847ab11fe88,0xa0b86991c6218b36c1d19d4a2e9eb0ce3606eb48,USDC,6,0xc02aaa39b223fe8d0a0e5c4f27ead9083c756cc2,WETH,18,0.0,0.0,0.0,0.0,,,198300,199560,2026-03-18T17:52:59+00:00
burn,0xfc56ad998bdd4baa627d41180bf8ce1e6d6f94d8b3f3272b27df1ee40a46cbfc#1113188,1773863639,24686587,0xfc56ad998bdd4baa627d41180bf8ce1e6d6f94d8b3f3272b27df1ee40a46cbfc,444,0x8ad599c3a0ff1de082011efddc58f1908eb6e6d8,3000.0,0.0,212723734.0,,,0x1bcd2eeb14e7eb43cc6118a29dfb7c43491a9292,0xc36442b4a4522e871399cd717abdd847ab11fe88,0xa0b86991c6218b36c1d19d4a2e9eb0ce3606eb48,USDC,6,0xc02aaa39b223fe8d0a0e5c4f27ead9083c756cc2,WETH,18,824.528023,0.0,824.528023,83906410729936.0,,,199500,204240,2026-03-18T19:53:59+00:00
burn,0xe992cf79375227437dd9760d473a12de0a33e394caeff47641523f1bd3294807#1113190,1773864059,24686620,0xe992cf79375227437dd9760d473a12de0a33e394caeff47641523f1bd3294807,647,0x8ad599c3a0ff1de082011efddc58f1908eb6e6d8,3000.0,0.0,201015641.0,,,0xc0ac20d012266b1b74932854136cee58b096fea8,0xc36442b4a4522e871399cd717abdd847ab11fe88,0xa0b86991c6218b36c1d19d4a2e9eb0ce3606eb48,USDC,6,0xc02aaa39b223fe8d0a0e5c4f27ead9083c756cc2,WETH,18,0.0,0.0,0.0,0.0,,,198120,199560,2026-03-18T20:00:59+00:00
burn,0x0774ed7c597e352ea5ff06e8ba267733ff1d06675422de28a79b925f2edd61ca#1113193,1773864059,24686620,0x0774ed7c597e352ea5ff06e8ba267733ff1d06675422de28a79b925f2edd61ca,677,0x8ad599c3a0ff1de082011efddc58f1908eb6e6d8,3000.0,0.0,201015641.0,,,0x158d8a91eeb479dc3f578aba68a55d78a7ee4b03,0xc36442b4a4522e871399cd717abdd847ab11fe88,0xa0b86991c6218b36c1d19d4a2e9eb0ce3606eb48,USDC,6,0xc02aaa39b223fe8d0a0e5c4f27ead9083c756cc2,WETH,18,0.0,0.0,0.0,0.0,,,199320,200520,2026-03-18T20:00:59+00:00
burn,0x60832fcb8d22ca572146e2f9940873d7b1765f4364c30a37eac02bbd72a15218#1113241,1773867215,24686882,0x60832fcb8d22ca572146e2f9940873d7b1765f4364c30a37eac02bbd72a15218,192,0x8ad599c3a0ff1de082011efddc58f1908eb6e6d8,3000.0,0.0,1074440432.0,,,0x40db66bbb62da0b7d49bb9a5d6572b6e85fde08e,0xc36442b4a4522e871399cd717abdd847ab11fe88,0xa0b86991c6218b36c1d19d4a2e9eb0ce3606eb48,USDC,6,0xc02aaa39b223fe8d0a0e5c4f27ead9083c756cc2,WETH,18,0.0,0.0,0.0,0.0,,,197160,200700,2026-03-18T20:53:35+00:00
burn,0x1b15decb8e2bcb757759be66536679a5c90c597cfa090d9f29862c4f6355b66b#1113243,1773867323,24686891,0x1b15decb8e2bcb757759be66536679a5c90c597cfa090d9f29862c4f6355b66b,494,0x8ad599c3a0ff1de082011efddc58f1908eb6e6d8,3000.0,0.0,1054191272.0,,,0x40db66bbb62da0b7d49bb9a5d6572b6e85fde08e,0xc36442b4a4522e871399cd717abdd847ab11fe88,0xa0b86991c6218b36c1d19d4a2e9eb0ce3606eb48,USDC,6,0xc02aaa39b223fe8d0a0e5c4f27ead9083c756cc2,WETH,18,778.775995,0.6201210760702339,2133.5463135559244,270388142153791.0,,,197160,200700,2026-03-18T20:55:23+00:00
burn,0x93434593860c63bb58fbc159e53d75cc9876bba98208f97760552a284727b407#1113277,1773870263,24687134,0x93434593860c63bb58fbc159e53d75cc9876bba98208f97760552a284727b407,191,0x8ad599c3a0ff1de082011efddc58f1908eb6e6d8,3000.0,0.0,2140050450.0,,,0xcbf391ea4069a79684865319393b46b58e0e9144,0xc36442b4a4522e871399cd717abdd847ab11fe88,0xa0b86991c6218b36c1d19d4a2e9eb0ce3606eb48,USDC,6,0xc02aaa39b223fe8d0a0e5c4f27ead9083c756cc2,WETH,18,0.0,0.0,0.0,0.0,,,199500,202860,2026-03-18T21:44:23+00:00
burn,0x273294eb5b4926336357c6a1cd54ccbfca8640ca8e876d875c22af4013625820#1113301,1773874895,24687516,0x273294eb5b4926336357c6a1cd54ccbfca8640ca8e876d875c22af4013625820,670,0x8ad599c3a0ff1de082011efddc58f1908eb6e6d8,3000.0,0.0,109114375.0,,,0x4dcff7a73fd1910cf937b6b40c434ecdbea95483,0xc36442b4a4522e871399cd717abdd847ab11fe88,0xa0b86991c6218b36c1d19d4a2e9eb0ce3606eb48,USDC,6,0xc02aaa39b223fe8d0a0e5c4f27ead9083c756cc2,WETH,18,0.0,0.0,0.0,0.0,,,198120,199560,2026-03-18T23:01:35+00:00
burn,0x12139d518aef5e8bccaedeed2819a67876176f323da08f5562282b11de519b55#1113314,1773877271,24687714,0x12139d518aef5e8bccaedeed2819a67876176f323da08f5562282b11de519b55,503,0x8ad599c3a0ff1de082011efddc58f1908eb6e6d8,3000.0,0.0,110110341.0,,,0xfe305d4b9221b330ce0afa2d28b843d0abc9aa77,0xc36442b4a4522e871399cd717abdd847ab11fe88,0xa0b86991c6218b36c1d19d4a2e9eb0ce3606eb48,USDC,6,0xc02aaa39b223fe8d0a0e5c4f27ead9083c756cc2,WETH,18,3213.747215,0.0,3213.747215,774739553805949.0,,,199440,201300,2026-03-18T23:41:11+00:00
burn,0x01c0b5a6afa99a5c104c7eb98e7a46dc9913dbe7accd7c7f0eb1d7fce641ebc0#1113320,1773878267,24687796,0x01c0b5a6afa99a5c104c7eb98e7a46dc9913dbe7accd7c7f0eb1d7fce641ebc0,604,0x8ad599c3a0ff1de082011efddc58f1908eb6e6d8,3000.0,0.0,106009821.0,,,0x508a312cf7334b44b9ff22ac0bac1b3db9eed4e1,0xc36442b4a4522e871399cd717abdd847ab11fe88,0xa0b86991c6218b36c1d19d4a2e9eb0ce3606eb48,USDC,6,0xc02aaa39b223fe8d0a0e5c4f27ead9083c756cc2,WETH,18,0.0,0.0,0.0,0.0,,,198480,201360,2026-03-18T23:57:47+00:00
burn,0x3c5c5f307f130b21fbf5037702fe13fb8d16b755c1da86cdb74eb92e053209d7#1113321,1773878567,24687821,0x3c5c5f307f130b21fbf5037702fe13fb8d16b755c1da86cdb74eb92e053209d7,961,0x8ad599c3a0ff1de082011efddc58f1908eb6e6d8,3000.0,0.0,114167038.0,,,0x641169964b55211a1c3559245379f11f765b083c,0xc36442b4a4522e871399cd717abdd847ab11fe88,0xa0b86991c6218b36c1d19d4a2e9eb0ce3606eb48,USDC,6,0xc02aaa39b223fe8d0a0e5c4f27ead9083c756cc2,WETH,18,0.0,0.0,0.0,0.0,,,198120,199560,2026-03-19T00:02:47+00:00
burn,0xf71668800371add035e7c168ff7c87c30f4b8141031f3c481086cad1745de7ca#1113321,1773878603,24687824,0xf71668800371add035e7c168ff7c87c30f4b8141031f3c481086cad1745de7ca,755,0x8ad599c3a0ff1de082011efddc58f1908eb6e6d8,3000.0,0.0,127225179.0,,,0x143b67cf0b87c59b9eb3bbfd5a8d4c74dec426d1,0xc36442b4a4522e871399cd717abdd847ab11fe88,0xa0b86991c6218b36c1d19d4a2e9eb0ce3606eb48,USDC,6,0xc02aaa39b223fe8d0a0e5c4f27ead9083c756cc2,WETH,18,0.0,0.0,0.0,0.0,,,198120,199740,2026-03-19T00:03:23+00:00
burn,0x9990b23f0811f9d7d934bb9cbe4284117c0120adac1d2ff8a9fe59d3e01ad2bf#1113322,1773878639,24687827,0x9990b23f0811f9d7d934bb9cbe4284117c0120adac1d2ff8a9fe59d3e01ad2bf,741,0x8ad599c3a0ff1de082011efddc58f1908eb6e6d8,3000.0,0.0,124566038.0,,,0x143b67cf0b87c59b9eb3bbfd5a8d4c74dec426d1,0xc36442b4a4522e871399cd717abdd847ab11fe88,0xa0b86991c6218b36c1d19d4a2e9eb0ce3606eb48,USDC,6,0xc02aaa39b223fe8d0a0e5c4f27ead9083c756cc2,WETH,18,0.0,0.0,0.0,0.0,,,198360,199740,2026-03-19T00:03:59+00:00
burn,0xdab4780891b35bf00754d1c8a5014b44c83a7f3159d91909df574d0c3487b256#1113323,1773878699,24687831,0xdab4780891b35bf00754d1c8a5014b44c83a7f3159d91909df574d0c3487b256,868,0x8ad599c3a0ff1de082011efddc58f1908eb6e6d8,3000.0,0.0,141885116.0,,,0xda615787f81bf9a7ddbd7d36bffd868491f26220,0xc36442b4a4522e871399cd717abdd847ab11fe88,0xa0b86991c6218b36c1d19d4a2e9eb0ce3606eb48,USDC,6,0xc02aaa39b223fe8d0a0e5c4f27ead9083c756cc2,WETH,18,0.0,0.0,0.0,0.0,,,198240,199620,2026-03-19T00:04:59+00:00
burn,0xdd7a4396030dd8aa34f3ff434c2464de1b7dfb77609e1165ee5a8e30a113bd53#1113324,1773878699,24687831,0xdd7a4396030dd8aa34f3ff434c2464de1b7dfb77609e1165ee5a8e30a113bd53,931,0x8ad599c3a0ff1de082011efddc58f1908eb6e6d8,3000.0,0.0,141885116.0,,,0xa1e0b6edbf434be1322e2d1e2d438bbfcbe81546,0xc36442b4a4522e871399cd717abdd847ab11fe88,0xa0b86991c6218b36c1d19d4a2e9eb0ce3606eb48,USDC,6,0xc02aaa39b223fe8d0a0e5c4f27ead9083c756cc2,WETH,18,0.0,0.0,0.0,0.0,,,198600,200040,2026-03-19T00:04:59+00:00
burn,0xc04077d8178b1aa8ef559f0279e684c454a25fa250e04a3928a01f4d6512d1c5#1113326,1773878771,24687837,0xc04077d8178b1aa8ef559f0279e684c454a25fa250e04a3928a01f4d6512d1c5,1145,0x8ad599c3a0ff1de082011efddc58f1908eb6e6d8,3000.0,0.0,120560118.0,,,0xdc7b1ebbc9f79c082b2e0f02ee3077a8d974fa8e,0xc36442b4a4522e871399cd717abdd847ab11fe88,0xa0b86991c6218b36c1d19d4a2e9eb0ce3606eb48,USDC,6,0xc02aaa39b223fe8d0a0e5c4f27ead9083c756cc2,WETH,18,0.0,0.0,0.0,0.0,,,198600,200040,2026-03-19T00:06:11+00:00
burn,0x6705d974ab3ab1d9008545f4a7c7a14772a734542a86dfe58d9ac9bc8b1687a8#1113329,1773878795,24687839,0x6705d974ab3ab1d9008545f4a7c7a14772a734542a86dfe58d9ac9bc8b1687a8,902,0x8ad599c3a0ff1de082011efddc58f1908eb6e6d8,3000.0,0.0,136856398.0,,,0xff98fbaff98a2f3c4a88da4ac870b9693d804b66,0xc36442b4a4522e871399cd717abdd847ab11fe88,0xa0b86991c6218b36c1d19d4a2e9eb0ce3606eb48,USDC,6,0xc02aaa39b223fe8d0a0e5c4f27ead9083c756cc2,WETH,18,0.0,0.0,0.0,0.0,,,198600,199980,2026-03-19T00:06:35+00:00
burn,0xbcabfc87b7fb959d6c2a8cc5bddaa683eac4e35d04876d8979e8f38827698cbc#1113328,1773878795,24687839,0xbcabfc87b7fb959d6c2a8cc5bddaa683eac4e35d04876d8979e8f38827698cbc,998,0x8ad599c3a0ff1de082011efddc58f1908eb6e6d8,3000.0,0.0,136856398.0,,,0xdc7b1ebbc9f79c082b2e0f02ee3077a8d974fa8e,0xc36442b4a4522e871399cd717abdd847ab11fe88,0xa0b86991c6218b36c1d19d4a2e9eb0ce3606eb48,USDC,6,0xc02aaa39b223fe8d0a0e5c4f27ead9083c756cc2,WETH,18,0.0,0.0,0.0,0.0,,,198600,200040,2026-03-19T00:06:35+00:00
burn,0x949e61b78a9f5e52d54c6271ed2a3285b6ed23fa33e634d9a80fcb5b93d66856#1113330,1773879107,24687864,0x949e61b78a9f5e52d54c6271ed2a3285b6ed23fa33e634d9a80fcb5b93d66856,1080,0x8ad599c3a0ff1de082011efddc58f1908eb6e6d8,3000.0,0.0,140872851.0,,,0xda615787f81bf9a7ddbd7d36bffd868491f26220,0xc36442b4a4522e871399cd717abdd847ab11fe88,0xa0b86991c6218b36c1d19d4a2e9eb0ce3606eb48,USDC,6,0xc02aaa39b223fe8d0a0e5c4f27ead9083c756cc2,WETH,18,0.0,0.0,0.0,0.0,,,198240,199860,2026-03-19T00:11:47+00:00
burn,0xc6216ab3022f7a6ae020e8e6ee1931f10421f5c0e2fb063c3e60a60c0dc17981#1113331,1773879179,24687870,0xc6216ab3022f7a6ae020e8e6ee1931f10421f5c0e2fb063c3e60a60c0dc17981,1075,0x8ad599c3a0ff1de082011efddc58f1908eb6e6d8,3000.0,0.0,132283952.0,,,0xff98fbaff98a2f3c4a88da4ac870b9693d804b66,0xc36442b4a4522e871399cd717abdd847ab11fe88,0xa0b86991c6218b36c1d19d4a2e9eb0ce3606eb48,USDC,6,0xc02aaa39b223fe8d0a0e5c4f27ead9083c756cc2,WETH,18,0.0,0.0,0.0,0.0,,,198360,199740,2026-03-19T00:12:59+00:00
burn,0x03cda3a94652c12fbb4a8895095c214119d838ab9dbf7f86a29531149d8e7f2c#1113334,1773879179,24687870,0x03cda3a94652c12fbb4a8895095c214119d838ab9dbf7f86a29531149d8e7f2c,1100,0x8ad599c3a0ff1de082011efddc58f1908eb6e6d8,3000.0,0.0,132283952.0,,,0xa1e0b6edbf434be1322e2d1e2d438bbfcbe81546,0xc36442b4a4522e871399cd717abdd847ab11fe88,0xa0b86991c6218b36c1d19d4a2e9eb0ce3606eb48,USDC,6,0xc02aaa39b223fe8d0a0e5c4f27ead9083c756cc2,WETH,18,0.0,0.0,0.0,0.0,,,198600,199980,2026-03-19T00:12:59+00:00
burn,0x7926221d0b7337b6f7943939285937494c0c027b5ea3ac456b567f0d81cf6db3#1113335,1773879191,24687871,0x7926221d0b7337b6f7943939285937494c0c027b5ea3ac456b567f0d81cf6db3,770,0x8ad599c3a0ff1de082011efddc58f1908eb6e6d8,3000.0,0.0,148769368.0,,,0x55d1cdf31f4692378637cb28d5fd4a83cd4c26bf,0xc36442b4a4522e871399cd717abdd847ab11fe88,0xa0b86991c6218b36c1d19d4a2e9eb0ce3606eb48,USDC,6,0xc02aaa39b223fe8d0a0e5c4f27ead9083c756cc2,WETH,18,0.0,0.0,0.0,0.0,,,198360,199740,2026-03-19T00:13:11+00:00
burn,0x4a46c2bf9873c8e956424b0e3bcf8ce5ad6506c427f49754f3cf8dfb48e29323#1113336,1773879539,24687900,0x4a46c2bf9873c8e956424b0e3bcf8ce5ad6506c427f49754f3cf8dfb48e29323,80,0x8ad599c3a0ff1de082011efddc58f1908eb6e6d8,3000.0,0.0,2121106705.0,,,0x8a9d4baa7cafcca892066d08e5d6619a69a3cd8a,0xc36442b4a4522e871399cd717abdd847ab11fe88,0xa0b86991c6218b36c1d19d4a2e9eb0ce3606eb48,USDC,6,0xc02aaa39b223fe8d0a0e5c4f27ead9083c756cc2,WETH,18,14518.954599,0.0,14518.954599,2902313496312701.0,,,199560,201840,2026-03-19T00:18:59+00:00
burn,0xd251e3bfd555d47b619a8944f2368dd1f98dcf071c83c381a98654b8b5f45260#1113345,1773882239,24688125,0xd251e3bfd555d47b619a8944f2368dd1f98dcf071c83c381a98654b8b5f45260,688,0x8ad599c3a0ff1de082011efddc58f1908eb6e6d8,3000.0,0.0,120161591.0,,,0x6241e0edcb939c94c7db830abd0b24648517c634,0xc36442b4a4522e871399cd717abdd847ab11fe88,0xa0b86991c6218b36c1d19d4a2e9eb0ce3606eb48,USDC,6,0xc02aaa39b223fe8d0a0e5c4f27ead9083c756cc2,WETH,18,0.0,0.0,0.0,0.0,,,192180,203160,2026-03-19T01:03:59+00:00
burn,0x1d645c28434a9ef612e18e22dd6bca261193c3c7e27a4c6ac2c94b615c8e7552#1113350,1773882935,24688182,0x1d645c28434a9ef612e18e22dd6bca261193c3c7e27a4c6ac2c94b615c8e7552,29,0x8ad599c3a0ff1de082011efddc58f1908eb6e6d8,3000.0,0.0,201901456.0,,,0xf2ca76d94060e8b0428a43eba213cb910c24dd15,0xc36442b4a4522e871399cd717abdd847ab11fe88,0xa0b86991c6218b36c1d19d4a2e9eb0ce3606eb48,USDC,6,0xc02aaa39b223fe8d0a0e5c4f27ead9083c756cc2,WETH,18,0.0,0.0,0.0,0.0,,,196140,202140,2026-03-19T01:15:35+00:00
burn,0xd81bfaf99d51378ad458411326da3371b7d6f17113fa201dcc47544b67623425#1113362,1773885227,24688372,0xd81bfaf99d51378ad458411326da3371b7d6f17113fa201dcc47544b67623425,103,0x8ad599c3a0ff1de082011efddc58f1908eb6e6d8,3000.0,0.0,1128722761.0,,,0xae2fc483527b8ef99eb5d9b44875f005ba1fae13,0x1f2f10d1c40777ae1da742455c65828ff36df387,0xa0b86991c6218b36c1d19d4a2e9eb0ce3606eb48,USDC,6,0xc02aaa39b223fe8d0a0e5c4f27ead9083c756cc2,WETH,18,46413.474157,914.2592593266252,2053646.125374711,1.4631350163101188e+19,,,199320,199380,2026-03-19T01:53:47+00:00
burn,0x2f6a16dc643b5de29a2459d92f5ebdc85c65f509cd68a09d58aed8cfa025f4f5#1113376,1773887339,24688546,0x2f6a16dc643b5de29a2459d92f5ebdc85c65f509cd68a09d58aed8cfa025f4f5,41,0x8ad599c3a0ff1de082011efddc58f1908eb6e6d8,3000.0,0.0,312659287.0,,,0x621e9bcf21f8f4d48d1675d8fc5cdf7d0c29abce,0xc36442b4a4522e871399cd717abdd847ab11fe88,0xa0b86991c6218b36c1d19d4a2e9eb0ce3606eb48,USDC,6,0xc02aaa39b223fe8d0a0e5c4f27ead9083c756cc2,WETH,18,39605.501968,0.0,39605.501968,6593481014251881.0,,,200280,203160,2026-03-19T02:28:59+00:00
burn,0x5a0869bb7ee669eb38cf3da3dcb3fc3282ee97d30d3a1b299d956404d2abec39#1113388,1773888563,24688648,0x5a0869bb7ee669eb38cf3da3dcb3fc3282ee97d30d3a1b299d956404d2abec39,581,0x8ad599c3a0ff1de082011efddc58f1908eb6e6d8,3000.0,0.0,79016568.0,,,0x40b6a9015a576dfbe54bb49103e297a9b304e38a,0xc36442b4a4522e871399cd717abdd847ab11fe88,0xa0b86991c6218b36c1d19d4a2e9eb0ce3606eb48,USDC,6,0xc02aaa39b223fe8d0a0e5c4f27ead9083c756cc2,WETH,18,198.736494,0.0,198.736494,25067788244220.0,,,199440,203160,2026-03-19T02:49:23+00:00
burn,0x9c939ccf9bf2be2c89d7b13d2a3216125fc60aa509ac890a4cd0d6d0ebe2dae0#1113447,1773894179,24689115,0x9c939ccf9bf2be2c89d7b13d2a3216125fc60aa509ac890a4cd0d6d0ebe2dae0,186,0x8ad599c3a0ff1de082011efddc58f1908eb6e6d8,3000.0,0.0,92425708.0,,,0x4eb166aa490547e12dd3a9eded8d2b5e8e5de0b5,0xc36442b4a4522e871399cd717abdd847ab11fe88,0xa0b86991c6218b36c1d19d4a2e9eb0ce3606eb48,USDC,6,0xc02aaa39b223fe8d0a0e5c4f27ead9083c756cc2,WETH,18,0.0,0.0,0.0,0.0,,,196020,202200,2026-03-19T04:22:59+00:00
burn,0x4a123eb79c914103bcf147b32279b88b57680b07b7846ccdd7b13980707e7b78#1113450,1773894263,24689122,0x4a123eb79c914103bcf147b32279b88b57680b07b7846ccdd7b13980707e7b78,218,0x8ad599c3a0ff1de082011efddc58f1908eb6e6d8,3000.0,0.0,88204329.0,,,0x4eb166aa490547e12dd3a9eded8d2b5e8e5de0b5,0xc36442b4a4522e871399cd717abdd847ab11fe88,0xa0b86991c6218b36c1d19d4a2e9eb0ce3606eb48,USDC,6,0xc02aaa39b223fe8d0a0e5c4f27ead9083c756cc2,WETH,18,10.603961,0.005523770107177823,22.777941241437166,1695380592094.0,,,196020,202200,2026-03-19T04:24:23+00:00
burn,0x8d8699da7abda5a8cf7754351aa5f1afb4babdb841c5beceec37d163ee5fe9e4#1113470,1773899843,24689584,0x8d8699da7abda5a8cf7754351aa5f1afb4babdb841c5beceec37d163ee5fe9e4,139,0x8ad599c3a0ff1de082011efddc58f1908eb6e6d8,3000.0,0.0,111054413.0,,,0xf2f3e73be57031114dd1f4e75c1dd87658be7f0e,0xc36442b4a4522e871399cd717abdd847ab11fe88,0xa0b86991c6218b36c1d19d4a2e9eb0ce3606eb48,USDC,6,0xc02aaa39b223fe8d0a0e5c4f27ead9083c756cc2,WETH,18,0.0,0.0,0.0,0.0,,,199320,202380,2026-03-19T05:57:23+00:00
burn,0x44b5b57eda5bb1f901267e5822f10d9446d69802d394c5e0357dea060090ebf6#1113532,1773904991,24690011,0x44b5b57eda5bb1f901267e5822f10d9446d69802d394c5e0357dea060090ebf6,171,0x8ad599c3a0ff1de082011efddc58f1908eb6e6d8,3000.0,0.0,3375715268.0,,,0x543009285dc2aa291bca060df6f9d06c81b08429,0xc36442b4a4522e871399cd717abdd847ab11fe88,0xa0b86991c6218b36c1d19d4a2e9eb0ce3606eb48,USDC,6,0xc02aaa39b223fe8d0a0e5c4f27ead9083c756cc2,WETH,18,0.814858,0.000378225964747022,1.6297161909614548,17555640843.0,,,-887220,887220,2026-03-19T07:23:11+00:00
burn,0x8c75bb47d69e934f8634abdfe47ca14ceb5ca478c462796d444e71aeb2396122#1113561,1773907631,24690231,0x8c75bb47d69e934f8634abdfe47ca14ceb5ca478c462796d444e71aeb2396122,1204,0x8ad599c3a0ff1de082011efddc58f1908eb6e6d8,3000.0,0.0,110644698.0,,,0x9ed5411be7e0113260d44799a4a33bab5c2feac4,0xc36442b4a4522e871399cd717abdd847ab11fe88,0xa0b86991c6218b36c1d19d4a2e9eb0ce3606eb48,USDC,6,0xc02aaa39b223fe8d0a0e5c4f27ead9083c756cc2,WETH,18,0.0,0.0,0.0,0.0,,,196080,209940,2026-03-19T08:07:11+00:00
burn,0x5b026e24c2ad36e98702562cf67a0bce48e8bf6bae92f29041c55f4b75af8c48#1113562,1773907787,24690244,0x5b026e24c2ad36e98702562cf67a0bce48e8bf6bae92f29041c55f4b75af8c48,339,0x8ad599c3a0ff1de082011efddc58f1908eb6e6d8,3000.0,0.0,127404917.0,,,0x08e8cf9b65d1b74936598a6d97d7dd592b289f54,0xc36442b4a4522e871399cd717abdd847ab11fe88,0xa0b86991c6218b36c1d19d4a2e9eb0ce3606eb48,USDC,6,0xc02aaa39b223fe8d0a0e5c4f27ead9083c756cc2,WETH,18,0.0,0.0,0.0,0.0,,,196500,210360,2026-03-19T08:09:47+00:00
burn,0xfbfaf915774b3a4de823587618a36c9a4f4fec2e87e2c118e29374b4a4b1e059#1113593,1773912467,24690633,0xfbfaf915774b3a4de823587618a36c9a4f4fec2e87e2c118e29374b4a4b1e059,251,0x8ad599c3a0ff1de082011efddc58f1908eb6e6d8,3000.0,0.0,2172306440.0,,,0x6308a7922773e7a1d0d1b60169ce850afaeab918,0xc36442b4a4522e871399cd717abdd847ab11fe88,0xa0b86991c6218b36c1d19d4a2e9eb0ce3606eb48,USDC,6,0xc02aaa39b223fe8d0a0e5c4f27ead9083c756cc2,WETH,18,0.0,0.0,0.0,0.0,,,194040,201600,2026-03-19T09:27:47+00:00
burn,0x79d6641654e8167f1f1dfb857a3d92190648a672c1bd4f624a94edc72cffe0b8#1113671,1773919787,24691242,0x79d6641654e8167f1f1dfb857a3d92190648a672c1bd4f624a94edc72cffe0b8,105,0x8ad599c3a0ff1de082011efddc58f1908eb6e6d8,3000.0,0.0,183606759.0,,,0xf9ad18cb6a1fd344d3bdbc7572f7d9677218e02b,0xc36442b4a4522e871399cd717abdd847ab11fe88,0xa0b86991c6218b36c1d19d4a2e9eb0ce3606eb48,USDC,6,0xc02aaa39b223fe8d0a0e5c4f27ead9083c756cc2,WETH,18,0.0,0.7276298714658217,1581.9270554716966,680173512539999.0,,,195180,196380,2026-03-19T11:29:47+00:00
burn,0xd2af8335821cfd34ec5d7550b538ce45b43d59bc0302bea270bddac06541c0aa#1113710,1773922739,24691488,0xd2af8335821cfd34ec5d7550b538ce45b43d59bc0302bea270bddac06541c0aa,424,0x8ad599c3a0ff1de082011efddc58f1908eb6e6d8,3000.0,0.0,362476553.0,,,0x660179c6463de15e20e00cbb2d247fdfb54c9ae3,0xc36442b4a4522e871399cd717abdd847ab11fe88,0xa0b86991c6218b36c1d19d4a2e9eb0ce3606eb48,USDC,6,0xc02aaa39b223fe8d0a0e5c4f27ead9083c756cc2,WETH,18,0.0,0.7618706852044763,1647.8344266536847,230128775516111.0,,,193860,197580,2026-03-19T12:18:59+00:00
burn,0x96c5b7222a2055adaee65c74dd29b848fbc334c769adf36580b72ad2a61d47d6#1113762,1773925907,24691750,0x96c5b7222a2055adaee65c74dd29b848fbc334c769adf36580b72ad2a61d47d6,700,0x8ad599c3a0ff1de082011efddc58f1908eb6e6d8,3000.0,0.0,519393766.0,,,0xf148f45b042c7fd459623ac7a7ebe271754bd9aa,0xc36442b4a4522e871399cd717abdd847ab11fe88,0xa0b86991c6218b36c1d19d4a2e9eb0ce3606eb48,USDC,6,0xc02aaa39b223fe8d0a0e5c4f27ead9083c756cc2,WETH,18,0.0,0.286572248295164,610.0096167232205,191553322161220.0,,,198120,199560,2026-03-19T13:11:47+00:00
burn,0x5802ea0793ea40a8085c37d9f964975fe2c02797b4a9561d1c1dc98d9f2aef8d#1113766,1773925907,24691750,0x5802ea0793ea40a8085c37d9f964975fe2c02797b4a9561d1c1dc98d9f2aef8d,752,0x8ad599c3a0ff1de082011efddc58f1908eb6e6d8,3000.0,0.0,519393766.0,,,0x5370eb8a0d876b723c716b96eb34caf64f69b505,0xc36442b4a4522e871399cd717abdd847ab11fe88,0xa0b86991c6218b36c1d19d4a2e9eb0ce3606eb48,USDC,6,0xc02aaa39b223fe8d0a0e5c4f27ead9083c756cc2,WETH,18,0.0,0.7717089009174429,1642.6916900400056,515832934247927.0,,,198120,199560,2026-03-19T13:11:47+00:00
burn,0xa4729f96eae8fead5a465f4e1f01ea903c6237ea1e7e0a883ced6b2e6bb94482#1113769,1773926147,24691770,0xa4729f96eae8fead5a465f4e1f01ea903c6237ea1e7e0a883ced6b2e6bb94482,722,0x8ad599c3a0ff1de082011efddc58f1908eb6e6d8,3000.0,0.0,480756677.0,,,0xc1bc317cd1f62fa13dd85eba2a6bf0bda13cd27d,0xc36442b4a4522e871399cd717abdd847ab11fe88,0xa0b86991c6218b36c1d19d4a2e9eb0ce3606eb48,USDC,6,0xc02aaa39b223fe8d0a0e5c4f27ead9083c756cc2,WETH,18,0.0,0.8681868538760708,1844.8198383424851,602844904255699.0,,,198240,199620,2026-03-19T13:15:47+00:00
burn,0x104161df86ba877d064bce7e2809866b3a47730d6bcacc5475b66883388a317b#1113775,1773926267,24691780,0x104161df86ba877d064bce7e2809866b3a47730d6bcacc5475b66883388a317b,266,0x8ad599c3a0ff1de082011efddc58f1908eb6e6d8,3000.0,0.0,759219876.0,,,0xae2fc483527b8ef99eb5d9b44875f005ba1fae13,0x1f2f10d1c40777ae1da742455c65828ff36df387,0xa0b86991c6218b36c1d19d4a2e9eb0ce3606eb48,USDC,6,0xc02aaa39b223fe8d0a0e5c4f27ead9083c756cc2,WETH,18,764679.012538,263.2979179668514,1324163.4328405256,9.583083098447282e+18,,,199680,199740,2026-03-19T13:17:47+00:00
burn,0x94cae72036677f58bf82d45b134e49f40b97ac65746dd5e8acde07a91cd7958a#1113783,1773927047,24691844,0x94cae72036677f58bf82d45b134e49f40b97ac65746dd5e8acde07a91cd7958a,942,0x8ad599c3a0ff1de082011efddc58f1908eb6e6d8,3000.0,0.0,2296876513.0,,,0xc499bc6cd52796e1a4c580e7e61e3fdfe0e1c5b2,0xc36442b4a4522e871399cd717abdd847ab11fe88,0xa0b86991c6218b36c1d19d4a2e9eb0ce3606eb48,USDC,6,0xc02aaa39b223fe8d0a0e5c4f27ead9083c756cc2,WETH,18,0.0,0.00963858769267088,20.510753997108427,2749784553096.0,,,195720,199320,2026-03-19T13:30:47+00:00
burn,0x984427fd816a7ec3a29fd2f0b96cff18888fcd96f9354f9f2eea98ac5694fbd7#1113882,1773932159,24692268,0x984427fd816a7ec3a29fd2f0b96cff18888fcd96f9354f9f2eea98ac5694fbd7,388,0x8ad599c3a0ff1de082011efddc58f1908eb6e6d8,3000.0,0.0,1180438281.0,,,0x07c74d8a5fb752303a99936151eedc39c6529d97,0xc36442b4a4522e871399cd717abdd847ab11fe88,0xa0b86991c6218b36c1d19d4a2e9eb0ce3606eb48,USDC,6,0xc02aaa39b223fe8d0a0e5c4f27ead9083c756cc2,WETH,18,0.0,7.8,16570.77962395036,1.0304791939854718e+16,,,198720,199440,2026-03-19T14:55:59+00:00
burn,0x1f6f30789905b49564f73e62a7228a4d037aaf76f9e617ae5a2ce79f04f7f0cf#1113886,1773932315,24692281,0x1f6f30789905b49564f73e62a7228a4d037aaf76f9e617ae5a2ce79f04f7f0cf,225,0x8ad599c3a0ff1de082011efddc58f1908eb6e6d8,3000.0,0.0,2231527805.0,,,0x07c74d8a5fb752303a99936151eedc39c6529d97,0xc36442b4a4522e871399cd717abdd847ab11fe88,0xa0b86991c6218b36c1d19d4a2e9eb0ce3606eb48,USDC,6,0xc02aaa39b223fe8d0a0e5c4f27ead9083c756cc2,WETH,18,0.0,0.0,0.0,0.0,,,198900,199980,2026-03-19T14:58:35+00:00
burn,0x771ba7269a9f4ee612d1d31f1020c8a78d5ab6963443b1c599f694df954b45c6#1113887,1773932495,24692296,0x771ba7269a9f4ee612d1d31f1020c8a78d5ab6963443b1c599f694df954b45c6,310,0x8ad599c3a0ff1de082011efddc58f1908eb6e6d8,3000.0,0.0,2240310104.0,,,0x389de9ac94edff38127749c6ccb255c5b8fe09e9,0xc36442b4a4522e871399cd717abdd847ab11fe88,0xa0b86991c6218b36c1d19d4a2e9eb0ce3606eb48,USDC,6,0xc02aaa39b223fe8d0a0e5c4f27ead9083c756cc2,WETH,18,0.0,0.0,0.0,0.0,,,198900,199920,2026-03-19T15:01:35+00:00
burn,0xd35cc78a1ac59f974e5605ea6cd3a4e305b089ca88f5abf5e4c7c91b00c3af0b#1113907,1773934259,24692443,0xd35cc78a1ac59f974e5605ea6cd3a4e305b089ca88f5abf5e4c7c91b00c3af0b,434,0x8ad599c3a0ff1de082011efddc58f1908eb6e6d8,3000.0,0.0,685769289.0,,,0x1b87ee8c009db3a3dd95fdfc3f4e65727e87bf1b,0xc36442b4a4522e871399cd717abdd847ab11fe88,0xa0b86991c6218b36c1d19d4a2e9eb0ce3606eb48,USDC,6,0xc02aaa39b223fe8d0a0e5c4f27ead9083c756cc2,WETH,18,0.0,0.027999999999999834,59.296026419335625,27561253194970.0,,,192180,193500,2026-03-19T15:30:59+00:00
burn,0x78542f760d167306486297c5049a04c9a71ba8629a6699d9ddd88ef305dea484#1113920,1773935267,24692527,0x78542f760d167306486297c5049a04c9a71ba8629a6699d9ddd88ef305dea484,481,0x8ad599c3a0ff1de082011efddc58f1908eb6e6d8,3000.0,0.0,2276868718.0,,,0x371d98623613ef5e9bb04014b999e2b7da4d3739,0xc36442b4a4522e871399cd717abdd847ab11fe88,0xa0b86991c6218b36c1d19d4a2e9eb0ce3606eb48,USDC,6,0xc02aaa39b223fe8d0a0e5c4f27ead9083c756cc2,WETH,18,0.0,0.0,0.0,0.0,,,197640,199740,2026-03-19T15:47:47+00:00
burn,0x0ddef6bf926e013e5676901781499fd27fa79abf558bd41c03b31e9bd136574b#1113921,1773935291,24692529,0x0ddef6bf926e013e5676901781499fd27fa79abf558bd41c03b31e9bd136574b,375,0x8ad599c3a0ff1de082011efddc58f1908eb6e6d8,3000.0,0.0,2300020966.0,,,0x371d98623613ef5e9bb04014b999e2b7da4d3739,0xc36442b4a4522e871399cd717abdd847ab11fe88,0xa0b86991c6218b36c1d19d4a2e9eb0ce3606eb48,USDC,6,0xc02aaa39b223fe8d0a0e5c4f27ead9083c756cc2,WETH,18,0.0,1.9223070658637968,4048.4837293192745,887509256558102.0,,,197640,199740,2026-03-19T15:48:11+00:00
burn,0x34710b4b829c255210d85c85a45d164a4ba637201899308274972fd14e169854#1113940,1773936671,24692644,0x34710b4b829c255210d85c85a45d164a4ba637201899308274972fd14e169854,1272,0x8ad599c3a0ff1de082011efddc58f1908eb6e6d8,3000.0,0.0,158465079.0,,,0x97f1b8264e183a78417965dfdf52d47b8bc59a92,0xc36442b4a4522e871399cd717abdd847ab11fe88,0xa0b86991c6218b36c1d19d4a2e9eb0ce3606eb48,USDC,6,0xc02aaa39b223fe8d0a0e5c4f27ead9083c756cc2,WETH,18,0.0,0.0,0.0,0.0,,,196620,203160,2026-03-19T16:11:11+00:00
burn,0x30987481a85965feb02fbff29ea3b693a88226e109bc49cc3d7b9ec50b4768bb#1113954,1773937703,24692730,0x30987481a85965feb02fbff29ea3b693a88226e109bc49cc3d7b9ec50b4768bb,268,0x8ad599c3a0ff1de082011efddc58f1908eb6e6d8,3000.0,0.0,752563105.0,,,0x6e0eef8a3e8cd3056ca76edcf8f40684d62dec52,0xc36442b4a4522e871399cd717abdd847ab11fe88,0xa0b86991c6218b36c1d19d4a2e9eb0ce3606eb48,USDC,6,0xc02aaa39b223fe8d0a0e5c4f27ead9083c756cc2,WETH,18,0.0,0.0,0.0,0.0,,,198720,201900,2026-03-19T16:28:23+00:00
burn,0x8024cbcc108c890b04e50ba7ad065f409182eade4fdf766528d3449ba0050b9f#1113961,1773939731,24692897,0x8024cbcc108c890b04e50ba7ad065f409182eade4fdf766528d3449ba0050b9f,404,0x8ad599c3a0ff1de082011efddc58f1908eb6e6d8,3000.0,0.0,718629220.0,,,0xa8bb2e8898192852a08e52f504aee6e1378d4151,0xc36442b4a4522e871399cd717abdd847ab11fe88,0xa0b86991c6218b36c1d19d4a2e9eb0ce3606eb48,USDC,6,0xc02aaa39b223fe8d0a0e5c4f27ead9083c756cc2,WETH,18,0.0,0.0,0.0,0.0,,,-887220,887220,2026-03-19T17:02:11+00:00
burn,0xfff334c272bdfe0e9be67eebcf2f591b83e049dc7f35ff4d366afc6d21e64971#1113961,1773939743,24692898,0xfff334c272bdfe0e9be67eebcf2f591b83e049dc7f35ff4d366afc6d21e64971,369,0x8ad599c3a0ff1de082011efddc58f1908eb6e6d8,3000.0,0.0,715002410.0,,,0xa8bb2e8898192852a08e52f504aee6e1378d4151,0xc36442b4a4522e871399cd717abdd847ab11fe88,0xa0b86991c6218b36c1d19d4a2e9eb0ce3606eb48,USDC,6,0xc02aaa39b223fe8d0a0e5c4f27ead9083c756cc2,WETH,18,0.0,0.0,0.0,0.0,,,198300,212160,2026-03-19T17:02:23+00:00
burn,0x112c1e223a5cce38884df8982ca11ea3b3db6403a7f89fbc42d3b3713976d522#1113965,1773939755,24692899,0x112c1e223a5cce38884df8982ca11ea3b3db6403a7f89fbc42d3b3713976d522,526,0x8ad599c3a0ff1de082011efddc58f1908eb6e6d8,3000.0,0.0,703879874.0,,,0xa8bb2e8898192852a08e52f504aee6e1378d4151,0xc36442b4a4522e871399cd717abdd847ab11fe88,0xa0b86991c6218b36c1d19d4a2e9eb0ce3606eb48,USDC,6,0xc02aaa39b223fe8d0a0e5c4f27ead9083c756cc2,WETH,18,5.324339,0.002517655696064234,10.648678036365698,115779326750.0,,,-887220,887220,2026-03-19T17:02:35+00:00
burn,0x8903d2cce9ebcba5f052b6ac7aa29d2a67c262f089df078e1627e47fcb5be14e#1113967,1773939863,24692908,0x8903d2cce9ebcba5f052b6ac7aa29d2a67c262f089df078e1627e47fcb5be14e,472,0x8ad599c3a0ff1de082011efddc58f1908eb6e6d8,3000.0,0.0,212804007.0,,,0x5aab047825f77018ac38a81d70014d4aede5e9ad,0xc36442b4a4522e871399cd717abdd847ab11fe88,0xa0b86991c6218b36c1d19d4a2e9eb0ce3606eb48,USDC,6,0xc02aaa39b223fe8d0a0e5c4f27ead9083c756cc2,WETH,18,0.0,0.8619173449973916,1822.783116868798,509787890856002.0,,,198120,199740,2026-03-19T17:04:23+00:00
burn,0x339e0f72d40e9b4b5bb84fe675c93af66a0cc707b8885166c4fd0be2d18af637#1113969,1773939887,24692910,0x339e0f72d40e9b4b5bb84fe675c93af66a0cc707b8885166c4fd0be2d18af637,289,0x8ad599c3a0ff1de082011efddc58f1908eb6e6d8,3000.0,0.0,213804215.0,,,0x5aab047825f77018ac38a81d70014d4aede5e9ad,0xc36442b4a4522e871399cd717abdd847ab11fe88,0xa0b86991c6218b36c1d19d4a2e9eb0ce3606eb48,USDC,6,0xc02aaa39b223fe8d0a0e5c4f27ead9083c756cc2,WETH,18,0.0,0.9352779468416139,1977.9261445165212,645546374379852.0,,,198360,199740,2026-03-19T17:04:47+00:00
burn,0xb6df87558bc6bcd5d4bfabd1b6f7334b678f9e994b7ca61bcc1936ac986d06ca#1113969,1773939911,24692912,0xb6df87558bc6bcd5d4bfabd1b6f7334b678f9e994b7ca61bcc1936ac986d06ca,234,0x8ad599c3a0ff1de082011efddc58f1908eb6e6d8,3000.0,0.0,1707224578.0,,,0x89f314f2ce7ee6b849452c81e0dc8c6a60e4270e,0xc36442b4a4522e871399cd717abdd847ab11fe88,0xa0b86991c6218b36c1d19d4a2e9eb0ce3606eb48,USDC,6,0xc02aaa39b223fe8d0a0e5c4f27ead9083c756cc2,WETH,18,0.0,0.0,0.0,0.0,,,192180,200280,2026-03-19T17:05:11+00:00
burn,0x9ece4e450203e318e136e543403caaa0af8149c7818bc2ac16b13bc3fc2d5622#1113974,1773940199,24692936,0x9ece4e450203e318e136e543403caaa0af8149c7818bc2ac16b13bc3fc2d5622,1086,0x8ad599c3a0ff1de082011efddc58f1908eb6e6d8,3000.0,0.0,188217079.0,,,0xd8f3d8e1fd123d69dec6d96ad6708bdb378c7fa2,0xc36442b4a4522e871399cd717abdd847ab11fe88,0xa0b86991c6218b36c1d19d4a2e9eb0ce3606eb48,USDC,6,0xc02aaa39b223fe8d0a0e5c4f27ead9083c756cc2,WETH,18,0.0,0.24428264822995902,515.7629168560726,168608463848944.0,,,198360,199740,2026-03-19T17:09:59+00:00
burn,0xf9ee910f4c4e3c89de3f731a3cea5ed491987410a4b6ed22d366d8d5c77396a0#1113979,1773940451,24692957,0xf9ee910f4c4e3c89de3f731a3cea5ed491987410a4b6ed22d366d8d5c77396a0,1061,0x8ad599c3a0ff1de082011efddc58f1908eb6e6d8,3000.0,0.0,153743664.0,,,0x846abee8d773693cb30bcc2b6846eabf155bd50b,0xc36442b4a4522e871399cd717abdd847ab11fe88,0xa0b86991c6218b36c1d19d4a2e9eb0ce3606eb48,USDC,6,0xc02aaa39b223fe8d0a0e5c4f27ead9083c756cc2,WETH,18,0.0,0.23587178138390252,498.0047575153298,162803125856961.0,,,198360,199740,2026-03-19T17:14:11+00:00
burn,0x373afe3e743140d4e46ff66ea8e231100ec92703fca509a7dde4e02bd3fd81d8#1114001,1773942467,24693125,0x373afe3e743140d4e46ff66ea8e231100ec92703fca509a7dde4e02bd3fd81d8,204,0x8ad599c3a0ff1de082011efddc58f1908eb6e6d8,3000.0,0.0,611467816.0,,,0xdc446a710de29971c88760fa0899556b906a6716,0xc36442b4a4522e871399cd717abdd847ab11fe88,0xa0b86991c6218b36c1d19d4a2e9eb0ce3606eb48,USDC,6,0xc02aaa39b223fe8d0a0e5c4f27ead9083c756cc2,WETH,18,123.922746,0.6670057980512987,1539.0814925504678,88235505036849.0,,,191160,200340,2026-03-19T17:47:47+00:00
burn,0xe0234cab327a332bfc5ba98c397d0e635543d798b291f692f3eabb35fb750cae#1114011,1773943607,24693220,0xe0234cab327a332bfc5ba98c397d0e635543d798b291f692f3eabb35fb750cae,149,0x8ad599c3a0ff1de082011efddc58f1908eb6e6d8,3000.0,0.0,2186766260.0,,,0xa1c48c8ca85e8942793f24f3675d50d11c642cb3,0xc36442b4a4522e871399cd717abdd847ab11fe88,0xa0b86991c6218b36c1d19d4a2e9eb0ce3606eb48,USDC,6,0xc02aaa39b223fe8d0a0e5c4f27ead9083c756cc2,WETH,18,0.0,0.0,0.0,0.0,,,196920,200340,2026-03-19T18:06:47+00:00
burn,0x936c2821bc6cfe59716c411097fc5f73c1a3b17266fe59d8b6309fac007cf6b7#1114012,1773943643,24693223,0x936c2821bc6cfe59716c411097fc5f73c1a3b17266fe59d8b6309fac007cf6b7,276,0x8ad599c3a0ff1de082011efddc58f1908eb6e6d8,3000.0,0.0,2186954661.0,,,0xa1c48c8ca85e8942793f24f3675d50d11c642cb3,0xc36442b4a4522e871399cd717abdd847ab11fe88,0xa0b86991c6218b36c1d19d4a2e9eb0ce3606eb48,USDC,6,0xc02aaa39b223fe8d0a0e5c4f27ead9083c756cc2,WETH,18,3897.614606,7.653783988869357,20159.161260468994,2712668386023836.0,,,196920,200340,2026-03-19T18:07:23+00:00
burn,0x363fef297ab5a923ebfec43672a27098b851da8cf1670307cc188a44c63287f9#1114065,1773947747,24693564,0x363fef297ab5a923ebfec43672a27098b851da8cf1670307cc188a44c63287f9,343,0x8ad599c3a0ff1de082011efddc58f1908eb6e6d8,3000.0,0.0,242379369.0,,,0x03be09f9dfa70231020dfe36a1a12b5e5ea117b5,0xc36442b4a4522e871399cd717abdd847ab11fe88,0xa0b86991c6218b36c1d19d4a2e9eb0ce3606eb48,USDC,6,0xc02aaa39b223fe8d0a0e5c4f27ead9083c756cc2,WETH,18,0.0,0.0,0.0,0.0,,,196260,201360,2026-03-19T19:15:47+00:00
burn,0x2736ededbf871266013bc582dbb754504abf13851007fd35821d72c847bb13ef#1114074,1773948599,24693635,0x2736ededbf871266013bc582dbb754504abf13851007fd35821d72c847bb13ef,375,0x8ad599c3a0ff1de082011efddc58f1908eb6e6d8,3000.0,0.0,213710602.0,,,0x57bd1b954fc41a3fec9dc78a94cf53178f1628eb,0xc36442b4a4522e871399cd717abdd847ab11fe88,0xa0b86991c6218b36c1d19d4a2e9eb0ce3606eb48,USDC,6,0xc02aaa39b223fe8d0a0e5c4f27ead9083c756cc2,WETH,18,43.798246,0.018858785732955553,84.28505893839899,16008375668500.0,,,198480,200820,2026-03-19T19:29:59+00:00
burn,0x48a4a7e85660c4a443d20aa5bf202fc530e78537452158868aae4cab1ff00e7f#1114079,1773950087,24693759,0x48a4a7e85660c4a443d20aa5bf202fc530e78537452158868aae4cab1ff00e7f,137,0x8ad599c3a0ff1de082011efddc58f1908eb6e6d8,3000.0,0.0,2089892741.0,,,0x754bd8b22a1e44cf928e8b55adb61a1af3d627af,0xc36442b4a4522e871399cd717abdd847ab11fe88,0xa0b86991c6218b36c1d19d4a2e9eb0ce3606eb48,USDC,6,0xc02aaa39b223fe8d0a0e5c4f27ead9083c756cc2,WETH,18,0.0,0.0,0.0,0.0,,,192240,201420,2026-03-19T19:54:47+00:00
burn,0xda01d44858879da2855e40e1b2712ac6750f7fe14e0f6da99525a278aaf65ab8#1114080,1773950471,24693791,0xda01d44858879da2855e40e1b2712ac6750f7fe14e0f6da99525a278aaf65ab8,647,0x8ad599c3a0ff1de082011efddc58f1908eb6e6d8,3000.0,0.0,87569986.0,,,0x158d8a91eeb479dc3f578aba68a55d78a7ee4b03,0xc36442b4a4522e871399cd717abdd847ab11fe88,0xa0b86991c6218b36c1d19d4a2e9eb0ce3606eb48,USDC,6,0xc02aaa39b223fe8d0a0e5c4f27ead9083c756cc2,WETH,18,0.0,0.0,0.0,0.0,,,199320,200520,2026-03-19T20:01:11+00:00
burn,0xf039e4574038e42ed5e6040d6a6c1a9f4a92ff2804ff80240d59cc602b7eecc6#1114108,1773959207,24694518,0xf039e4574038e42ed5e6040d6a6c1a9f4a92ff2804ff80240d59cc602b7eecc6,504,0x8ad599c3a0ff1de082011efddc58f1908eb6e6d8,3000.0,0.0,160807824.0,,,0x07de9f19149a86da212b97d30131f4ce1c3f6c79,0xc36442b4a4522e871399cd717abdd847ab11fe88,0xa0b86991c6218b36c1d19d4a2e9eb0ce3606eb48,USDC,6,0xc02aaa39b223fe8d0a0e5c4f27ead9083c756cc2,WETH,18,3.044408,0.00067043712157489,4.485151840345266,169444648527.0,,,195540,209400,2026-03-19T22:26:47+00:00
burn,0xb9537748e8fb46c47cf7fd90b9dd3aa347a2ba44dbee35e1c667eb7f8bc06846#1114123,1773961439,24694704,0xb9537748e8fb46c47cf7fd90b9dd3aa347a2ba44dbee35e1c667eb7f8bc06846,1101,0x8ad599c3a0ff1de082011efddc58f1908eb6e6d8,3000.0,0.0,47165841.0,,,0x4dcff7a73fd1910cf937b6b40c434ecdbea95483,0xc36442b4a4522e871399cd717abdd847ab11fe88,0xa0b86991c6218b36c1d19d4a2e9eb0ce3606eb48,USDC,6,0xc02aaa39b223fe8d0a0e5c4f27ead9083c756cc2,WETH,18,0.0,0.0,0.0,0.0,,,198900,200340,2026-03-19T23:03:59+00:00
burn,0x4ad1a95015da4ed4f9d57f564e3c9050ac2948d453a920ca8939bdf235684c10#1114133,1773963959,24694912,0x4ad1a95015da4ed4f9d57f564e3c9050ac2948d453a920ca8939bdf235684c10,465,0x8ad599c3a0ff1de082011efddc58f1908eb6e6d8,3000.0,0.0,53806316.0,,,0x1f870261d8dc21c5335c4a5ecd0d403112cf7328,0xc36442b4a4522e871399cd717abdd847ab11fe88,0xa0b86991c6218b36c1d19d4a2e9eb0ce3606eb48,USDC,6,0xc02aaa39b223fe8d0a0e5c4f27ead9083c756cc2,WETH,18,495.613114,0.25554524688884905,1042.0432795166935,220324282723616.0,,,198540,200640,2026-03-19T23:45:59+00:00
burn,0xe5360426626aeb127f18b9f4b6eaecb176c6fb0821d8dbe81ae5ba19e140fba4#1114133,1773964967,24694994,0xe5360426626aeb127f18b9f4b6eaecb176c6fb0821d8dbe81ae5ba19e140fba4,627,0x8ad599c3a0ff1de082011efddc58f1908eb6e6d8,3000.0,0.0,55158261.0,,,0xdc7b1ebbc9f79c082b2e0f02ee3077a8d974fa8e,0xc36442b4a4522e871399cd717abdd847ab11fe88,0xa0b86991c6218b36c1d19d4a2e9eb0ce3606eb48,USDC,6,0xc02aaa39b223fe8d0a0e5c4f27ead9083c756cc2,WETH,18,0.0,0.0,0.0,0.0,,,198600,200040,2026-03-20T00:02:47+00:00
burn,0x79c15d249086d35de0a6aef9222748c8a8d57be3da1a998941b62fb540f9995f#1114136,1773965003,24694997,0x79c15d249086d35de0a6aef9222748c8a8d57be3da1a998941b62fb540f9995f,1342,0x8ad599c3a0ff1de082011efddc58f1908eb6e6d8,3000.0,0.0,55325844.0,,,0x641169964b55211a1c3559245379f11f765b083c,0xc36442b4a4522e871399cd717abdd847ab11fe88,0xa0b86991c6218b36c1d19d4a2e9eb0ce3606eb48,USDC,6,0xc02aaa39b223fe8d0a0e5c4f27ead9083c756cc2,WETH,18,0.0,0.0,0.0,0.0,,,198120,199560,2026-03-20T00:03:23+00:00
burn,0x6f2853c1c106c10b3791a582d0d6dbd83db528dab45672bd835a5c2c5cbaac11#1114138,1773965003,24694997,0x6f2853c1c106c10b3791a582d0d6dbd83db528dab45672bd835a5c2c5cbaac11,1426,0x8ad599c3a0ff1de082011efddc58f1908eb6e6d8,3000.0,0.0,55325844.0,,,0xdc7b1ebbc9f79c082b2e0f02ee3077a8d974fa8e,0xc36442b4a4522e871399cd717abdd847ab11fe88,0xa0b86991c6218b36c1d19d4a2e9eb0ce3606eb48,USDC,6,0xc02aaa39b223fe8d0a0e5c4f27ead9083c756cc2,WETH,18,0.0,0.0,0.0,0.0,,,198600,200040,2026-03-20T00:03:23+00:00
burn,0x5c2fe31a1e9f5147d4785948f167faa4f449f69f1d157ea8c03c893aba80dac5#1114139,1773965051,24695001,0x5c2fe31a1e9f5147d4785948f167faa4f449f69f1d157ea8c03c893aba80dac5,482,0x8ad599c3a0ff1de082011efddc58f1908eb6e6d8,3000.0,0.0,65571326.0,,,0xda615787f81bf9a7ddbd7d36bffd868491f26220,0xc36442b4a4522e871399cd717abdd847ab11fe88,0xa0b86991c6218b36c1d19d4a2e9eb0ce3606eb48,USDC,6,0xc02aaa39b223fe8d0a0e5c4f27ead9083c756cc2,WETH,18,0.0,0.0,0.0,0.0,,,198840,200220,2026-03-20T00:04:11+00:00
burn,0xdb063cad82480f562664ec32560d25fefca8675d2bc99ba6dfff5ccb891fc356#1114138,1773965063,24695002,0xdb063cad82480f562664ec32560d25fefca8675d2bc99ba6dfff5ccb891fc356,469,0x8ad599c3a0ff1de082011efddc58f1908eb6e6d8,3000.0,0.0,72220963.0,,,0xda615787f81bf9a7ddbd7d36bffd868491f26220,0xc36442b4a4522e871399cd717abdd847ab11fe88,0xa0b86991c6218b36c1d19d4a2e9eb0ce3606eb48,USDC,6,0xc02aaa39b223fe8d0a0e5c4f27ead9083c756cc2,WETH,18,0.0,0.0,0.0,0.0,,,198240,199860,2026-03-20T00:04:23+00:00
burn,0x4e59363befc086a9b08a3e612034f97724134db53199655cb83f2910bbb8d6b5#1114141,1773965243,24695017,0x4e59363befc086a9b08a3e612034f97724134db53199655cb83f2910bbb8d6b5,1022,0x8ad599c3a0ff1de082011efddc58f1908eb6e6d8,3000.0,0.0,62564650.0,,,0x55d1cdf31f4692378637cb28d5fd4a83cd4c26bf,0xc36442b4a4522e871399cd717abdd847ab11fe88,0xa0b86991c6218b36c1d19d4a2e9eb0ce3606eb48,USDC,6,0xc02aaa39b223fe8d0a0e5c4f27ead9083c756cc2,WETH,18,0.0,0.0,0.0,0.0,,,198540,199980,2026-03-20T00:07:23+00:00
burn,0xf311a0641b793a2f7280982ceda84c70ca13dd468d1c16dd0a897d8cc451e977#1114144,1773965555,24695043,0xf311a0641b793a2f7280982ceda84c70ca13dd468d1c16dd0a897d8cc451e977,230,0x8ad599c3a0ff1de082011efddc58f1908eb6e6d8,3000.0,0.0,121589235.0,,,0x476119758fb93bfd1537672aa61ee367caa4a89c,0xc36442b4a4522e871399cd717abdd847ab11fe88,0xa0b86991c6218b36c1d19d4a2e9eb0ce3606eb48,USDC,6,0xc02aaa39b223fe8d0a0e5c4f27ead9083c756cc2,WETH,18,0.0,0.0,0.0,0.0,,,198720,199560,2026-03-20T00:12:35+00:00
burn,0x7dbf392ed1efbc7d30d536e62dc90c5b2fa49c98a27f397d93f8ad3b164953d3#1114147,1773965627,24695049,0x7dbf392ed1efbc7d30d536e62dc90c5b2fa49c98a27f397d93f8ad3b164953d3,606,0x8ad599c3a0ff1de082011efddc58f1908eb6e6d8,3000.0,0.0,58222199.0,,,0xa1e0b6edbf434be1322e2d1e2d438bbfcbe81546,0xc36442b4a4522e871399cd717abdd847ab11fe88,0xa0b86991c6218b36c1d19d4a2e9eb0ce3606eb48,USDC,6,0xc02aaa39b223fe8d0a0e5c4f27ead9083c756cc2,WETH,18,0.0,0.0,0.0,0.0,,,198600,200040,2026-03-20T00:13:47+00:00
burn,0x22a988ccbbf249bc0115a6cc21099a0cfae508c78241d124c4aa52adef2b355b#1114148,1773965651,24695051,0x22a988ccbbf249bc0115a6cc21099a0cfae508c78241d124c4aa52adef2b355b,405,0x8ad599c3a0ff1de082011efddc58f1908eb6e6d8,3000.0,0.0,57737058.0,,,0xa1e0b6edbf434be1322e2d1e2d438bbfcbe81546,0xc36442b4a4522e871399cd717abdd847ab11fe88,0xa0b86991c6218b36c1d19d4a2e9eb0ce3606eb48,USDC,6,0xc02aaa39b223fe8d0a0e5c4f27ead9083c756cc2,WETH,18,0.0,0.0,0.0,0.0,,,198600,199980,2026-03-20T00:14:11+00:00
burn,0xd3446a5cb4ed7c96fd96d6eadc99c9c10cf9b68e3cfe21265a661c09b296d046#1114151,1773966371,24695111,0xd3446a5cb4ed7c96fd96d6eadc99c9c10cf9b68e3cfe21265a661c09b296d046,23,0x8ad599c3a0ff1de082011efddc58f1908eb6e6d8,3000.0,0.0,297873722.0,,,0x476119758fb93bfd1537672aa61ee367caa4a89c,0xc36442b4a4522e871399cd717abdd847ab11fe88,0xa0b86991c6218b36c1d19d4a2e9eb0ce3606eb48,USDC,6,0xc02aaa39b223fe8d0a0e5c4f27ead9083c756cc2,WETH,18,0.0,0.44574790148459936,954.6714761923664,503240814373094.0,,,198720,199560,2026-03-20T00:26:11+00:00
burn,0xc06149a2b9d25c54acfbf7c0eca51ad90227cdc2056c0cf2d2fb36c163cc3f3d#1114188,1773971123,24695505,0xc06149a2b9d25c54acfbf7c0eca51ad90227cdc2056c0cf2d2fb36c163cc3f3d,737,0x8ad599c3a0ff1de082011efddc58f1908eb6e6d8,3000.0,0.0,54974686.0,,,0x3fa2a76a03a48b8cb33a96621241adf22ffa3d9c,0xc36442b4a4522e871399cd717abdd847ab11fe88,0xa0b86991c6218b36c1d19d4a2e9eb0ce3606eb48,USDC,6,0xc02aaa39b223fe8d0a0e5c4f27ead9083c756cc2,WETH,18,0.0,0.0,0.0,0.0,,,198480,201360,2026-03-20T01:45:23+00:00
burn,0xc813ad3ee1c85b16aeb1b3ac6781b04f6d77fec25d98b6d032c5f49d2812c37f#1114225,1773974879,24695818,0xc813ad3ee1c85b16aeb1b3ac6781b04f6d77fec25d98b6d032c5f49d2812c37f,1162,0x8ad599c3a0ff1de082011efddc58f1908eb6e6d8,3000.0,0.0,158918771.0,,,0x3418d7d519442a8890b7ce75d6d206be62a564af,0xc36442b4a4522e871399cd717abdd847ab11fe88,0xa0b86991c6218b36c1d19d4a2e9eb0ce3606eb48,USDC,6,0xc02aaa39b223fe8d0a0e5c4f27ead9083c756cc2,WETH,18,0.0,0.0,0.0,0.0,,,188640,202500,2026-03-20T02:47:59+00:00
burn,0xb17a990da0e3fbcd3a52a13c59de395363a1b6eb9a28577a09de30a83e73e493#1114233,1773975887,24695902,0xb17a990da0e3fbcd3a52a13c59de395363a1b6eb9a28577a09de30a83e73e493,69,0x8ad599c3a0ff1de082011efddc58f1908eb6e6d8,3000.0,0.0,2075248595.0,,,0x94e6d3a73492a0da36602645b100cf416c6b40d4,0xc36442b4a4522e871399cd717abdd847ab11fe88,0xa0b86991c6218b36c1d19d4a2e9eb0ce3606eb48,USDC,6,0xc02aaa39b223fe8d0a0e5c4f27ead9083c756cc2,WETH,18,0.0,0.0,0.0,0.0,,,195120,202140,2026-03-20T03:04:47+00:00
burn,0x8a2e728554d3b30a85fe210645e6cc0123c5819f5a7769a7aefd43265de9a997#1114236,1773975983,24695910,0x8a2e728554d3b30a85fe210645e6cc0123c5819f5a7769a7aefd43265de9a997,83,0x8ad599c3a0ff1de082011efddc58f1908eb6e6d8,3000.0,0.0,2096143834.0,,,0x94e6d3a73492a0da36602645b100cf416c6b40d4,0xc36442b4a4522e871399cd717abdd847ab11fe88,0xa0b86991c6218b36c1d19d4a2e9eb0ce3606eb48,USDC,6,0xc02aaa39b223fe8d0a0e5c4f27ead9083c756cc2,WETH,18,0.0,0.0,0.0,0.0,,,195060,202260,2026-03-20T03:06:23+00:00
burn,0x456b9633a6b20fefc944dd2a489134cf2a996a569efc996d69ec31edb01ac639#1114255,1773979379,24696192,0x456b9633a6b20fefc944dd2a489134cf2a996a569efc996d69ec31edb01ac639,180,0x8ad599c3a0ff1de082011efddc58f1908eb6e6d8,3000.0,0.0,60400517.0,,,0xd9275f3efd08551193f7d37132578770eaece2fa,0xc36442b4a4522e871399cd717abdd847ab11fe88,0xa0b86991c6218b36c1d19d4a2e9eb0ce3606eb48,USDC,6,0xc02aaa39b223fe8d0a0e5c4f27ead9083c756cc2,WETH,18,494.531248,0.15517559190723007,828.2464369880539,196729227012461.0,,,198840,200700,2026-03-20T04:02:59+00:00
burn,0x98563b004682d4ea551cb85cf7769c5a4b2e80bc1b0420ec424893c63acdc527#1114286,1773982127,24696420,0x98563b004682d4ea551cb85cf7769c5a4b2e80bc1b0420ec424893c63acdc527,318,0x8ad599c3a0ff1de082011efddc58f1908eb6e6d8,3000.0,0.0,142535202.0,,,0xc410e197bc957183616ca4c6b32771dce938c096,0xc36442b4a4522e871399cd717abdd847ab11fe88,0xa0b86991c6218b36c1d19d4a2e9eb0ce3606eb48,USDC,6,0xc02aaa39b223fe8d0a0e5c4f27ead9083c756cc2,WETH,18,0.0,28.11,60336.074605328904,4.396907412288999e+17,,,199320,199380,2026-03-20T04:48:47+00:00
burn,0xeeb61a17ed5f1c789cee8fefb79ccb6c94e40e2f89df1363a339084bc1ebd6c0#1114299,1773983987,24696575,0xeeb61a17ed5f1c789cee8fefb79ccb6c94e40e2f89df1363a339084bc1ebd6c0,281,0x8ad599c3a0ff1de082011efddc58f1908eb6e6d8,3000.0,0.0,149621770.0,,,0x0320618babfa9d52f72b0565bfad3f22b3fc0c78,0xc36442b4a4522e871399cd717abdd847ab11fe88,0xa0b86991c6218b36c1d19d4a2e9eb0ce3606eb48,USDC,6,0xc02aaa39b223fe8d0a0e5c4f27ead9083c756cc2,WETH,18,0.0,0.0,0.0,0.0,,,198480,201960,2026-03-20T05:19:47+00:00
burn,0xfaaf05093ea067dc76d771830a879ddd2dc0af4b85aec2f90d0bcad7faad643c#1114341,1773990371,24697104,0xfaaf05093ea067dc76d771830a879ddd2dc0af4b85aec2f90d0bcad7faad643c,303,0x8ad599c3a0ff1de082011efddc58f1908eb6e6d8,3000.0,0.0,2064004922.0,,,0x95624f98185050d57b93abe69a5aa6f1f50ad426,0xc36442b4a4522e871399cd717abdd847ab11fe88,0xa0b86991c6218b36c1d19d4a2e9eb0ce3606eb48,USDC,6,0xc02aaa39b223fe8d0a0e5c4f27ead9083c756cc2,WETH,18,15.534331,0.014762918782720902,46.960043389652405,14423255629191.0,,,198720,200160,2026-03-20T07:06:11+00:00
burn,0x85e481809d290fcbaea81eb1d3854e8238961577a8a5bf37bf34bfa2373a0a4d#1114371,1773992819,24697307,0x85e481809d290fcbaea81eb1d3854e8238961577a8a5bf37bf34bfa2373a0a4d,479,0x8ad599c3a0ff1de082011efddc58f1908eb6e6d8,3000.0,0.0,83815290.0,,,0xe941cbdabb8e25cb9457b212196af7b5c0b42dd2,0xc36442b4a4522e871399cd717abdd847ab11fe88,0xa0b86991c6218b36c1d19d4a2e9eb0ce3606eb48,USDC,6,0xc02aaa39b223fe8d0a0e5c4f27ead9083c756cc2,WETH,18,0.0,0.7068173161250897,1517.351821005636,472457489761485.0,,,198120,199560,2026-03-20T07:46:59+00:00
burn,0x2fc257cdbc2a502a2f4352557fdaaa41d6b7e6c0a44e415d342d85fe20bfe657#1114374,1773993227,24697341,0x2fc257cdbc2a502a2f4352557fdaaa41d6b7e6c0a44e415d342d85fe20bfe657,8,0x8ad599c3a0ff1de082011efddc58f1908eb6e6d8,3000.0,0.0,16593395659.0,,,0xae2fc483527b8ef99eb5d9b44875f005ba1fae13,0x1f2f10d1c40777ae1da742455c65828ff36df387,0xa0b86991c6218b36c1d19d4a2e9eb0ce3606eb48,USDC,6,0xc02aaa39b223fe8d0a0e5c4f27ead9083c756cc2,WETH,18,768376.314167,918.5164704405835,2740182.581834322,1.973239642299826e+19,,,199560,199620,2026-03-20T07:53:47+00:00
burn,0x5242ca9c971af4e9bff4322c24190fe78a6e62fd45613fc786959a6c86d77002#1114415,1773997511,24697697,0x5242ca9c971af4e9bff4322c24190fe78a6e62fd45613fc786959a6c86d77002,91,0x8ad599c3a0ff1de082011efddc58f1908eb6e6d8,3000.0,0.0,552235335.0,,,0xae2fc483527b8ef99eb5d9b44875f005ba1fae13,0x1f2f10d1c40777ae1da742455c65828ff36df387,0xa0b86991c6218b36c1d19d4a2e9eb0ce3606eb48,USDC,6,0xc02aaa39b223fe8d0a0e5c4f27ead9083c756cc2,WETH,18,764941.16212,269.39079620575046,1347734.2721657706,9.66652818409023e+18,,,199500,199560,2026-03-20T09:05:11+00:00
burn,0x54f21aafbefde9fa3661cfdf25863aa816862156ec1fef1b01f18d6f38c45515#1114467,1774001639,24698041,0x54f21aafbefde9fa3661cfdf25863aa816862156ec1fef1b01f18d6f38c45515,386,0x8ad599c3a0ff1de082011efddc58f1908eb6e6d8,3000.0,0.0,2105968361.0,,,0x32e343673ad567400e5e26b0c7294e7c9725cb91,0xc36442b4a4522e871399cd717abdd847ab11fe88,0xa0b86991c6218b36c1d19d4a2e9eb0ce3606eb48,USDC,6,0xc02aaa39b223fe8d0a0e5c4f27ead9083c756cc2,WETH,18,0.0,0.0,0.0,0.0,,,198300,199560,2026-03-20T10:13:59+00:00
burn,0x93939bb7549dc4bc2a89f5eaac0a1e4015c83bcde805a32b338768ffd995a105#1114471,1774003535,24698199,0x93939bb7549dc4bc2a89f5eaac0a1e4015c83bcde805a32b338768ffd995a105,702,0x8ad599c3a0ff1de082011efddc58f1908eb6e6d8,3000.0,0.0,63698729.0,,,0x541e0fa1d301e1e313fef12441dabd2c006d198d,0xc36442b4a4522e871399cd717abdd847ab11fe88,0xa0b86991c6218b36c1d19d4a2e9eb0ce3606eb48,USDC,6,0xc02aaa39b223fe8d0a0e5c4f27ead9083c756cc2,WETH,18,0.0,0.0,0.0,0.0,,,198780,201840,2026-03-20T10:45:35+00:00
burn,0x33334274bc3705ae80128ed59d359366f7bf8a7c0e27d449bd94bf5f7b5bf9bc#1114592,1774016303,24699261,0x33334274bc3705ae80128ed59d359366f7bf8a7c0e27d449bd94bf5f7b5bf9bc,703,0x8ad599c3a0ff1de082011efddc58f1908eb6e6d8,3000.0,0.0,295915592.0,,,0x447dc65dcda3c9543a3e5a25509e5b75fd138e3b,0xc36442b4a4522e871399cd717abdd847ab11fe88,0xa0b86991c6218b36c1d19d4a2e9eb0ce3606eb48,USDC,6,0xc02aaa39b223fe8d0a0e5c4f27ead9083c756cc2,WETH,18,0.0,0.0,0.0,0.0,,,192180,203160,2026-03-20T14:18:23+00:00
burn,0xcc80d74ffbc41d916b015e7cdec5501bc7cdd9efdb06871210885f0e165f4e2d#1114631,1774018439,24699439,0xcc80d74ffbc41d916b015e7cdec5501bc7cdd9efdb06871210885f0e165f4e2d,212,0x8ad599c3a0ff1de082011efddc58f1908eb6e6d8,3000.0,0.0,1108000000.0,,,0xd34fa4d0802d1a36d3e0677ad36117abc185ab3c,0xc36442b4a4522e871399cd717abdd847ab11fe88,0xa0b86991c6218b36c1d19d4a2e9eb0ce3606eb48,USDC,6,0xc02aaa39b223fe8d0a0e5c4f27ead9083c756cc2,WETH,18,0.0,0.0,0.0,0.0,,,197100,201660,2026-03-20T14:53:59+00:00
burn,0xcd1008874819b9fc01c0966175596a421f1572dd5575367b96f044fc1ee767e9#1114651,1774023335,24699845,0xcd1008874819b9fc01c0966175596a421f1572dd5575367b96f044fc1ee767e9,427,0x8ad599c3a0ff1de082011efddc58f1908eb6e6d8,3000.0,0.0,2209384407.0,,,0x70801f4fd5daf2a5dc64167386ad7b1e91e993c0,0xc36442b4a4522e871399cd717abdd847ab11fe88,0xa0b86991c6218b36c1d19d4a2e9eb0ce3606eb48,USDC,6,0xc02aaa39b223fe8d0a0e5c4f27ead9083c756cc2,WETH,18,21509.923317,66.22404472871884,162929.26161347612,1.100700987812404e+16,,,193140,200520,2026-03-20T16:15:35+00:00
burn,0x9c97167bb807de2457d1795600368bd815a4bd668d28c869c5f7c477a0be7d21#1114662,1774024271,24699922,0x9c97167bb807de2457d1795600368bd815a4bd668d28c869c5f7c477a0be7d21,231,0x8ad599c3a0ff1de082011efddc58f1908eb6e6d8,3000.0,0.0,290210219.0,,,0x35b94e2478afb39098ece2cd448546324adea17f,0xc36442b4a4522e871399cd717abdd847ab11fe88,0xa0b86991c6218b36c1d19d4a2e9eb0ce3606eb48,USDC,6,0xc02aaa39b223fe8d0a0e5c4f27ead9083c756cc2,WETH,18,0.0,0.0,0.0,0.0,,,188400,201660,2026-03-20T16:31:11+00:00
burn,0x5f8aa50eabc9ed363df1617fd67b269653c89874de1b3a51b5eb026a99c47dc0#1114669,1774025567,24700030,0x5f8aa50eabc9ed363df1617fd67b269653c89874de1b3a51b5eb026a99c47dc0,537,0x8ad599c3a0ff1de082011efddc58f1908eb6e6d8,3000.0,0.0,265197656.0,,,0xd58fad7274ea78520db25096717b7e85f34a5699,0xc36442b4a4522e871399cd717abdd847ab11fe88,0xa0b86991c6218b36c1d19d4a2e9eb0ce3606eb48,USDC,6,0xc02aaa39b223fe8d0a0e5c4f27ead9083c756cc2,WETH,18,0.0,0.0,0.0,0.0,,,199800,201120,2026-03-20T16:52:47+00:00
burn,0x8753424a7766274532c2763d12bf8ef79c6adf8b669da6cc7ff432b0e1f844fa#1114670,1774025723,24700043,0x8753424a7766274532c2763d12bf8ef79c6adf8b669da6cc7ff432b0e1f844fa,305,0x8ad599c3a0ff1de082011efddc58f1908eb6e6d8,3000.0,0.0,245046343.0,,,0xd58fad7274ea78520db25096717b7e85f34a5699,0xc36442b4a4522e871399cd717abdd847ab11fe88,0xa0b86991c6218b36c1d19d4a2e9eb0ce3606eb48,USDC,6,0xc02aaa39b223fe8d0a0e5c4f27ead9083c756cc2,WETH,18,192.0208,0.0,192.0208,65533475462337.0,,,199800,201120,2026-03-20T16:55:23+00:00
burn,0x951033724802a7af01c8313c6b465089bcc975de4fbb6590457fc1d330fcfc1c#1114733,1774036835,24700965,0x951033724802a7af01c8313c6b465089bcc975de4fbb6590457fc1d330fcfc1c,634,0x8ad599c3a0ff1de082011efddc58f1908eb6e6d8,3000.0,0.0,122307371.0,,,0xc0ac20d012266b1b74932854136cee58b096fea8,0xc36442b4a4522e871399cd717abdd847ab11fe88,0xa0b86991c6218b36c1d19d4a2e9eb0ce3606eb48,USDC,6,0xc02aaa39b223fe8d0a0e5c4f27ead9083c756cc2,WETH,18,0.0,0.0,0.0,0.0,,,198900,200340,2026-03-20T20:00:35+00:00
burn,0x4b4edb11dff78657a14ccdbbf4e96e6e35e2d751c6137d41bba30ea2c336ba2e#1114737,1774036859,24700967,0x4b4edb11dff78657a14ccdbbf4e96e6e35e2d751c6137d41bba30ea2c336ba2e,1088,0x8ad599c3a0ff1de082011efddc58f1908eb6e6d8,3000.0,0.0,116678326.0,,,0x158d8a91eeb479dc3f578aba68a55d78a7ee4b03,0xc36442b4a4522e871399cd717abdd847ab11fe88,0xa0b86991c6218b36c1d19d4a2e9eb0ce3606eb48,USDC,6,0xc02aaa39b223fe8d0a0e5c4f27ead9083c756cc2,WETH,18,0.0,0.0,0.0,0.0,,,199320,200520,2026-03-20T20:00:59+00:00
burn,0x7d2b660465bf72fc88de0206e3a65011ca2a98500f2d2303a443f5cdb15c1a30#1114755,1774041011,24701313,0x7d2b660465bf72fc88de0206e3a65011ca2a98500f2d2303a443f5cdb15c1a30,632,0x8ad599c3a0ff1de082011efddc58f1908eb6e6d8,3000.0,0.0,62150655.0,,,0x508a312cf7334b44b9ff22ac0bac1b3db9eed4e1,0xc36442b4a4522e871399cd717abdd847ab11fe88,0xa0b86991c6218b36c1d19d4a2e9eb0ce3606eb48,USDC,6,0xc02aaa39b223fe8d0a0e5c4f27ead9083c756cc2,WETH,18,0.0,0.0,0.0,0.0,,,198480,201360,2026-03-20T21:10:11+00:00
burn,0x615520c8691699280f5985887967f7ca09ee7ca68bfac467b4e8964f44975ed1#1114759,1774041407,24701346,0x615520c8691699280f5985887967f7ca09ee7ca68bfac467b4e8964f44975ed1,255,0x8ad599c3a0ff1de082011efddc58f1908eb6e6d8,3000.0,0.0,150106943.0,,,0xae2fc483527b8ef99eb5d9b44875f005ba1fae13,0x1f2f10d1c40777ae1da742455c65828ff36df387,0xa0b86991c6218b36c1d19d4a2e9eb0ce3606eb48,USDC,6,0xc02aaa39b223fe8d0a0e5c4f27ead9083c756cc2,WETH,18,765452.898298,13.076666495097086,793304.2994011035,5.738157164510314e+18,,,199680,199740,2026-03-20T21:16:47+00:00
burn,0x6cf97cdb0ad0a7105ff8a8440884d5a34b50f9b8e0624309e77edc037e5fa273#1114813,1774047659,24701862,0x6cf97cdb0ad0a7105ff8a8440884d5a34b50f9b8e0624309e77edc037e5fa273,1830,0x8ad599c3a0ff1de082011efddc58f1908eb6e6d8,3000.0,0.0,46908021.0,,,0x4dcff7a73fd1910cf937b6b40c434ecdbea95483,0xc36442b4a4522e871399cd717abdd847ab11fe88,0xa0b86991c6218b36c1d19d4a2e9eb0ce3606eb48,USDC,6,0xc02aaa39b223fe8d0a0e5c4f27ead9083c756cc2,WETH,18,0.0,0.0,0.0,0.0,,,198900,200340,2026-03-20T23:00:59+00:00
burn,0x9289392b89d9930638f87443982c8a4681aee9c82436381793655ee27c9cdd06#1114842,1774049495,24702014,0x9289392b89d9930638f87443982c8a4681aee9c82436381793655ee27c9cdd06,454,0x8ad599c3a0ff1de082011efddc58f1908eb6e6d8,3000.0,0.0,90031596.0,,,0x47c0b4d903d51fc17fb9d858010926c0fd80282a,0xc36442b4a4522e871399cd717abdd847ab11fe88,0xa0b86991c6218b36c1d19d4a2e9eb0ce3606eb48,USDC,6,0xc02aaa39b223fe8d0a0e5c4f27ead9083c756cc2,WETH,18,0.0,0.0,0.0,0.0,,,191160,196260,2026-03-20T23:31:35+00:00
burn,0x331ccf39eb4fbeee4d38121207f075f9fc342a7b1f0dfd2bab67071363041216#1114847,1774051379,24702171,0x331ccf39eb4fbeee4d38121207f075f9fc342a7b1f0dfd2bab67071363041216,853,0x8ad599c3a0ff1de082011efddc58f1908eb6e6d8,3000.0,0.0,50074986.0,,,0xdc7b1ebbc9f79c082b2e0f02ee3077a8d974fa8e,0xc36442b4a4522e871399cd717abdd847ab11fe88,0xa0b86991c6218b36c1d19d4a2e9eb0ce3606eb48,USDC,6,0xc02aaa39b223fe8d0a0e5c4f27ead9083c756cc2,WETH,18,0.0,0.0,0.0,0.0,,,198600,200040,2026-03-21T00:02:59+00:00
burn,0xdb8bd69f9506419322f62a73ff88eb3e23d53f90c6a46a0abae88b14c3acdff7#1114846,1774051415,24702174,0xdb8bd69f9506419322f62a73ff88eb3e23d53f90c6a46a0abae88b14c3acdff7,1075,0x8ad599c3a0ff1de082011efddc58f1908eb6e6d8,3000.0,0.0,46933283.0,,,0xda615787f81bf9a7ddbd7d36bffd868491f26220,0xc36442b4a4522e871399cd717abdd847ab11fe88,0xa0b86991c6218b36c1d19d4a2e9eb0ce3606eb48,USDC,6,0xc02aaa39b223fe8d0a0e5c4f27ead9083c756cc2,WETH,18,0.0,0.0,0.0,0.0,,,198840,200220,2026-03-21T00:03:35+00:00
burn,0x6c07d8ff952c939b0c9cec4e7c0c6316ab1a181754a802ef2aa55e6b84c3cf2e#1114849,1774051463,24702178,0x6c07d8ff952c939b0c9cec4e7c0c6316ab1a181754a802ef2aa55e6b84c3cf2e,1263,0x8ad599c3a0ff1de082011efddc58f1908eb6e6d8,3000.0,0.0,46037406.0,,,0x143b67cf0b87c59b9eb3bbfd5a8d4c74dec426d1,0xc36442b4a4522e871399cd717abdd847ab11fe88,0xa0b86991c6218b36c1d19d4a2e9eb0ce3606eb48,USDC,6,0xc02aaa39b223fe8d0a0e5c4f27ead9083c756cc2,WETH,18,0.0,0.0,0.0,0.0,,,198720,200340,2026-03-21T00:04:23+00:00
burn,0x2791c0ffb6f4b818d669fa9829709f4c20c1f71ec099c99a4b2a5c760e3470c9#1114850,1774051499,24702181,0x2791c0ffb6f4b818d669fa9829709f4c20c1f71ec099c99a4b2a5c760e3470c9,269,0x8ad599c3a0ff1de082011efddc58f1908eb6e6d8,3000.0,0.0,45313944.0,,,0xa1e0b6edbf434be1322e2d1e2d438bbfcbe81546,0xc36442b4a4522e871399cd717abdd847ab11fe88,0xa0b86991c6218b36c1d19d4a2e9eb0ce3606eb48,USDC,6,0xc02aaa39b223fe8d0a0e5c4f27ead9083c756cc2,WETH,18,0.0,0.0,0.0,0.0,,,198600,200040,2026-03-21T00:04:59+00:00
burn,0xbf8d02efd87ee4c7de5a05cada424f01b92993b28314cd7e5607217781149a2b#1114849,1774051523,24702183,0xbf8d02efd87ee4c7de5a05cada424f01b92993b28314cd7e5607217781149a2b,868,0x8ad599c3a0ff1de082011efddc58f1908eb6e6d8,3000.0,0.0,42573575.0,,,0xa1e0b6edbf434be1322e2d1e2d438bbfcbe81546,0xc36442b4a4522e871399cd717abdd847ab11fe88,0xa0b86991c6218b36c1d19d4a2e9eb0ce3606eb48,USDC,6,0xc02aaa39b223fe8d0a0e5c4f27ead9083c756cc2,WETH,18,0.0,0.0,0.0,0.0,,,198600,199980,2026-03-21T00:05:23+00:00
burn,0x0f67210d61995b60bd1c055cde33ec1345ccb0306cbc0d2aa042997d1d512443#1114852,1774051571,24702187,0x0f67210d61995b60bd1c055cde33ec1345ccb0306cbc0d2aa042997d1d512443,594,0x8ad599c3a0ff1de082011efddc58f1908eb6e6d8,3000.0,0.0,46319605.0,,,0xff98fbaff98a2f3c4a88da4ac870b9693d804b66,0xc36442b4a4522e871399cd717abdd847ab11fe88,0xa0b86991c6218b36c1d19d4a2e9eb0ce3606eb48,USDC,6,0xc02aaa39b223fe8d0a0e5c4f27ead9083c756cc2,WETH,18,0.0,0.0,0.0,0.0,,,198600,199980,2026-03-21T00:06:11+00:00
burn,0x9c83263c9496367b3f3727e78852a922344bc8b433a18ccdac1fc4b91778a5c3#1114851,1774051799,24702206,0x9c83263c9496367b3f3727e78852a922344bc8b433a18ccdac1fc4b91778a5c3,706,0x8ad599c3a0ff1de082011efddc58f1908eb6e6d8,3000.0,0.0,44738147.0,,,0xda615787f81bf9a7ddbd7d36bffd868491f26220,0xc36442b4a4522e871399cd717abdd847ab11fe88,0xa0b86991c6218b36c1d19d4a2e9eb0ce3606eb48,USDC,6,0xc02aaa39b223fe8d0a0e5c4f27ead9083c756cc2,WETH,18,0.0,0.0,0.0,0.0,,,198240,199860,2026-03-21T00:09:59+00:00
burn,0xfb9f1ae9b839d470ce4c300672695d3dcca97d2bd0ef5371152d23a23b5cd80b#1114852,1774051799,24702206,0xfb9f1ae9b839d470ce4c300672695d3dcca97d2bd0ef5371152d23a23b5cd80b,737,0x8ad599c3a0ff1de082011efddc58f1908eb6e6d8,3000.0,0.0,44738147.0,,,0xdc7b1ebbc9f79c082b2e0f02ee3077a8d974fa8e,0xc36442b4a4522e871399cd717abdd847ab11fe88,0xa0b86991c6218b36c1d19d4a2e9eb0ce3606eb48,USDC,6,0xc02aaa39b223fe8d0a0e5c4f27ead9083c756cc2,WETH,18,0.0,0.0,0.0,0.0,,,198600,200040,2026-03-21T00:09:59+00:00
burn,0x33549b02d816813bb991fecf817dc4d9ea2dc0b676a96c44f33929899c5bd4f0#1114855,1774051799,24702206,0x33549b02d816813bb991fecf817dc4d9ea2dc0b676a96c44f33929899c5bd4f0,765,0x8ad599c3a0ff1de082011efddc58f1908eb6e6d8,3000.0,0.0,44738147.0,,,0x143b67cf0b87c59b9eb3bbfd5a8d4c74dec426d1,0xc36442b4a4522e871399cd717abdd847ab11fe88,0xa0b86991c6218b36c1d19d4a2e9eb0ce3606eb48,USDC,6,0xc02aaa39b223fe8d0a0e5c4f27ead9083c756cc2,WETH,18,0.0,0.0,0.0,0.0,,,198900,200340,2026-03-21T00:09:59+00:00
burn,0xa11a8d62decb587ceab4f3a82b4dd9bb93103e152f5fd2e103c83ac402eb48e3#1114855,1774053299,24702330,0xa11a8d62decb587ceab4f3a82b4dd9bb93103e152f5fd2e103c83ac402eb48e3,121,0x8ad599c3a0ff1de082011efddc58f1908eb6e6d8,3000.0,0.0,66190495.0,,,0x476119758fb93bfd1537672aa61ee367caa4a89c,0xc36442b4a4522e871399cd717abdd847ab11fe88,0xa0b86991c6218b36c1d19d4a2e9eb0ce3606eb48,USDC,6,0xc02aaa39b223fe8d0a0e5c4f27ead9083c756cc2,WETH,18,0.0,0.0,0.0,0.0,,,198780,199680,2026-03-21T00:34:59+00:00
burn,0xb3ba5b2dbab97dcda06786068d2ea43c4fe027892d18b760c2fb88b3c7fe4ce8#1114857,1774054055,24702393,0xb3ba5b2dbab97dcda06786068d2ea43c4fe027892d18b760c2fb88b3c7fe4ce8,934,0x8ad599c3a0ff1de082011efddc58f1908eb6e6d8,3000.0,0.0,52544142.0,,,0x476119758fb93bfd1537672aa61ee367caa4a89c,0xc36442b4a4522e871399cd717abdd847ab11fe88,0xa0b86991c6218b36c1d19d4a2e9eb0ce3606eb48,USDC,6,0xc02aaa39b223fe8d0a0e5c4f27ead9083c756cc2,WETH,18,99.868381,0.3920516650932809,942.9294040881908,460197296627046.0,,,198780,199680,2026-03-21T00:47:35+00:00
burn,0x3884aaa22e3e1d0f01794dc5a81394c1b94e00e681514aed9878c0ae925dfc1c#1114866,1774056239,24702575,0x3884aaa22e3e1d0f01794dc5a81394c1b94e00e681514aed9878c0ae925dfc1c,358,0x8ad599c3a0ff1de082011efddc58f1908eb6e6d8,3000.0,0.0,40967312.0,,,0x41443f0f6cb365fafff4d10f17d45db34f9f5fc6,0xc36442b4a4522e871399cd717abdd847ab11fe88,0xa0b86991c6218b36c1d19d4a2e9eb0ce3606eb48,USDC,6,0xc02aaa39b223fe8d0a0e5c4f27ead9083c756cc2,WETH,18,2.660886,0.0,2.660886,221491737119.0,,,200100,206280,2026-03-21T01:23:59+00:00
burn,0xc75094d9f50686b07b6c0b77a3ec3c8319b84c5e716ec637a35978e6756d3270#1114874,1774058879,24702792,0xc75094d9f50686b07b6c0b77a3ec3c8319b84c5e716ec637a35978e6756d3270,124,0x8ad599c3a0ff1de082011efddc58f1908eb6e6d8,3000.0,0.0,60700809.0,,,0x79abcdfe82ca161d38ad9252a3d64128e97c005f,0xc36442b4a4522e871399cd717abdd847ab11fe88,0xa0b86991c6218b36c1d19d4a2e9eb0ce3606eb48,USDC,6,0xc02aaa39b223fe8d0a0e5c4f27ead9083c756cc2,WETH,18,0.0,0.6272252122022633,1349.5713673781593,229472722164830.0,,,194700,197700,2026-03-21T02:07:59+00:00
burn,0x8babbc272ee3fb34516929c865abdd15f99d1ba85c1f9c8a51e2fde28b73371a#1114889,1774063487,24703172,0x8babbc272ee3fb34516929c865abdd15f99d1ba85c1f9c8a51e2fde28b73371a,146,0x8ad599c3a0ff1de082011efddc58f1908eb6e6d8,3000.0,0.0,77378881.0,,,0x990d285522c6e12c5e806f1e382dd5d5caf78627,0xc36442b4a4522e871399cd717abdd847ab11fe88,0xa0b86991c6218b36c1d19d4a2e9eb0ce3606eb48,USDC,6,0xc02aaa39b223fe8d0a0e5c4f27ead9083c756cc2,WETH,18,0.642024,0.000520700739100404,1.762395407662504,65846208708.0,,,190440,204300,2026-03-21T03:24:47+00:00
burn,0x85030855588a2ee7d841e6fe7a023515b3ada1c1a5253e96a07f8f80555d28fd#1114893,1774064315,24703241,0x85030855588a2ee7d841e6fe7a023515b3ada1c1a5253e96a07f8f80555d28fd,38,0x8ad599c3a0ff1de082011efddc58f1908eb6e6d8,3000.0,0.0,262841455.0,,,0xae2fc483527b8ef99eb5d9b44875f005ba1fae13,0x1f2f10d1c40777ae1da742455c65828ff36df387,0xa0b86991c6218b36c1d19d4a2e9eb0ce3606eb48,USDC,6,0xc02aaa39b223fe8d0a0e5c4f27ead9083c756cc2,WETH,18,765491.639224,181.18250544003186,1155334.8342015462,8.30962828448052e+18,,,199560,199620,2026-03-21T03:38:35+00:00
burn,0xaa278949e2d7a2b41cd355b9c92375f683edc92932e4569c1da0ab2006de390a#1114901,1774070039,24703716,0xaa278949e2d7a2b41cd355b9c92375f683edc92932e4569c1da0ab2006de390a,277,0x8ad599c3a0ff1de082011efddc58f1908eb6e6d8,3000.0,0.0,143825286.0,,,0x60318b16c32edf4c1a88395656209700cc093872,0xc36442b4a4522e871399cd717abdd847ab11fe88,0xa0b86991c6218b36c1d19d4a2e9eb0ce3606eb48,USDC,6,0xc02aaa39b223fe8d0a0e5c4f27ead9083c756cc2,WETH,18,0.0,0.0,0.0,0.0,,,198480,203160,2026-03-21T05:13:59+00:00
burn,0x09ab2c91624d8ca03b8201dd14e7e4f0ee970ad6a95fda0b03dfb64bfced20d5#1114907,1774075235,24704149,0x09ab2c91624d8ca03b8201dd14e7e4f0ee970ad6a95fda0b03dfb64bfced20d5,307,0x8ad599c3a0ff1de082011efddc58f1908eb6e6d8,3000.0,0.0,61649269.0,,,0x60c8b96df42b149026dafcae4aa618d22f4b1385,0xc36442b4a4522e871399cd717abdd847ab11fe88,0xa0b86991c6218b36c1d19d4a2e9eb0ce3606eb48,USDC,6,0xc02aaa39b223fe8d0a0e5c4f27ead9083c756cc2,WETH,18,0.0,0.0,0.0,0.0,,,198420,201000,2026-03-21T06:40:35+00:00
burn,0x626b9a34a8ecc49bd166e4147928a85e919c5e81edb3cb70fa2ca277a84123c9#1114924,1774079483,24704502,0x626b9a34a8ecc49bd166e4147928a85e919c5e81edb3cb70fa2ca277a84123c9,594,0x8ad599c3a0ff1de082011efddc58f1908eb6e6d8,3000.0,0.0,40325818.0,,,0x508a312cf7334b44b9ff22ac0bac1b3db9eed4e1,0xc36442b4a4522e871399cd717abdd847ab11fe88,0xa0b86991c6218b36c1d19d4a2e9eb0ce3606eb48,USDC,6,0xc02aaa39b223fe8d0a0e5c4f27ead9083c756cc2,WETH,18,0.0,0.0,0.0,0.0,,,198480,201360,2026-03-21T07:51:23+00:00
burn,0x7b1b05404c06348442d19390232c5596bed9cf9cef924ff20f4f322d70e249dc#1114925,1774079519,24704505,0x7b1b05404c06348442d19390232c5596bed9cf9cef924ff20f4f322d70e249dc,467,0x8ad599c3a0ff1de082011efddc58f1908eb6e6d8,3000.0,0.0,36921591.0,,,0x508a312cf7334b44b9ff22ac0bac1b3db9eed4e1,0xc36442b4a4522e871399cd717abdd847ab11fe88,0xa0b86991c6218b36c1d19d4a2e9eb0ce3606eb48,USDC,6,0xc02aaa39b223fe8d0a0e5c4f27ead9083c756cc2,WETH,18,546.699527,0.15649159784900585,883.8690020916998,137346183517842.0,,,198480,201360,2026-03-21T07:51:59+00:00
burn,0x7b1b05404c06348442d19390232c5596bed9cf9cef924ff20f4f322d70e249dc#1114926,1774079519,24704505,0x7b1b05404c06348442d19390232c5596bed9cf9cef924ff20f4f322d70e249dc,469,0x8ad599c3a0ff1de082011efddc58f1908eb6e6d8,3000.0,0.0,36921591.0,,,0x508a312cf7334b44b9ff22ac0bac1b3db9eed4e1,0xc36442b4a4522e871399cd717abdd847ab11fe88,0xa0b86991c6218b36c1d19d4a2e9eb0ce3606eb48,USDC,6,0xc02aaa39b223fe8d0a0e5c4f27ead9083c756cc2,WETH,18,0.0,0.0,0.0,0.0,,,198480,201360,2026-03-21T07:51:59+00:00
burn,0xb6b798cdc9d4c70aea9c126a8a0fd7c6b352e0bcf89d189c6fb50a7cb852232a#1114935,1774083599,24704844,0xb6b798cdc9d4c70aea9c126a8a0fd7c6b352e0bcf89d189c6fb50a7cb852232a,23,0x8ad599c3a0ff1de082011efddc58f1908eb6e6d8,3000.0,0.0,1459880494.0,,,0xae2fc483527b8ef99eb5d9b44875f005ba1fae13,0x1f2f10d1c40777ae1da742455c65828ff36df387,0xa0b86991c6218b36c1d19d4a2e9eb0ce3606eb48,USDC,6,0xc02aaa39b223fe8d0a0e5c4f27ead9083c756cc2,WETH,18,765652.77797,61.21848464661298,897524.8128986756,6.453569029486412e+18,,,199560,199620,2026-03-21T08:59:59+00:00
burn,0xb012fe72258a15f20a993cb394775abd5a7365fbd7f7c11f5a975fd69f47333e#1114942,1774089959,24705372,0xb012fe72258a15f20a993cb394775abd5a7365fbd7f7c11f5a975fd69f47333e,189,0x8ad599c3a0ff1de082011efddc58f1908eb6e6d8,3000.0,0.0,131917210.0,,,0xd2bfbea3b6364a0a714e6d55d341281eb64ee200,0xc36442b4a4522e871399cd717abdd847ab11fe88,0xa0b86991c6218b36c1d19d4a2e9eb0ce3606eb48,USDC,6,0xc02aaa39b223fe8d0a0e5c4f27ead9083c756cc2,WETH,18,0.0,0.0,0.0,0.0,,,193440,207300,2026-03-21T10:45:59+00:00
burn,0x63365c19788e301851743015e340b6cf8770dbc8fa61ca91e02dfd7c1337c987#1114965,1774098983,24706120,0x63365c19788e301851743015e340b6cf8770dbc8fa61ca91e02dfd7c1337c987,112,0x8ad599c3a0ff1de082011efddc58f1908eb6e6d8,3000.0,0.0,2041268331.0,,,0x1f1202800ba7f57312374ea512fbea30e7862bc6,0xc36442b4a4522e871399cd717abdd847ab11fe88,0xa0b86991c6218b36c1d19d4a2e9eb0ce3606eb48,USDC,6,0xc02aaa39b223fe8d0a0e5c4f27ead9083c756cc2,WETH,18,0.0,0.0,0.0,0.0,,,198660,202680,2026-03-21T13:16:23+00:00
burn,0xfe3ad288d5eb52dd39e84382abe9fe841bb3754df2a00728e6c10d552ad756b9#1114964,1774099127,24706132,0xfe3ad288d5eb52dd39e84382abe9fe841bb3754df2a00728e6c10d552ad756b9,327,0x8ad599c3a0ff1de082011efddc58f1908eb6e6d8,3000.0,0.0,142267395.0,,,0xb1a8721bfa303f9313de43d2481efe940c209ad1,0xc36442b4a4522e871399cd717abdd847ab11fe88,0xa0b86991c6218b36c1d19d4a2e9eb0ce3606eb48,USDC,6,0xc02aaa39b223fe8d0a0e5c4f27ead9083c756cc2,WETH,18,0.0,0.0,0.0,0.0,,,198060,202920,2026-03-21T13:18:47+00:00
burn,0xe180f195afcb4ad8b4a615d23b193865f749d7f924e2a77345ce0ff63485fed5#1114966,1774100039,24706208,0xe180f195afcb4ad8b4a615d23b193865f749d7f924e2a77345ce0ff63485fed5,207,0x8ad599c3a0ff1de082011efddc58f1908eb6e6d8,3000.0,0.0,2029798077.0,,,0x95624f98185050d57b93abe69a5aa6f1f50ad426,0xc36442b4a4522e871399cd717abdd847ab11fe88,0xa0b86991c6218b36c1d19d4a2e9eb0ce3606eb48,USDC,6,0xc02aaa39b223fe8d0a0e5c4f27ead9083c756cc2,WETH,18,22.13858,0.011755060847115289,47.4604782978659,18198903225057.0,,,198960,200100,2026-03-21T13:33:59+00:00
burn,0x82159c1bc30dae41dc7f4d3f9050ef52ca6e78f426c2cbc1c34873f3d56d42cf#1114969,1774100183,24706220,0x82159c1bc30dae41dc7f4d3f9050ef52ca6e78f426c2cbc1c34873f3d56d42cf,293,0x8ad599c3a0ff1de082011efddc58f1908eb6e6d8,3000.0,0.0,130782150.0,,,0x7c992940b26762a5539255efdb388e5006752fe6,0xc36442b4a4522e871399cd717abdd847ab11fe88,0xa0b86991c6218b36c1d19d4a2e9eb0ce3606eb48,USDC,6,0xc02aaa39b223fe8d0a0e5c4f27ead9083c756cc2,WETH,18,0.515574,0.000698607120427916,2.02046271846051,34003780263.0,,,138180,207480,2026-03-21T13:36:23+00:00
burn,0x1262c643a58763c21c54d1e913f15e55b5545da8866ce67d71b1576af3af0556#1114976,1774103051,24706458,0x1262c643a58763c21c54d1e913f15e55b5545da8866ce67d71b1576af3af0556,185,0x8ad599c3a0ff1de082011efddc58f1908eb6e6d8,3000.0,0.0,2036511940.0,,,0x371d98623613ef5e9bb04014b999e2b7da4d3739,0xc36442b4a4522e871399cd717abdd847ab11fe88,0xa0b86991c6218b36c1d19d4a2e9eb0ce3606eb48,USDC,6,0xc02aaa39b223fe8d0a0e5c4f27ead9083c756cc2,WETH,18,0.0,0.0,0.0,0.0,,,196920,200340,2026-03-21T14:24:11+00:00
burn,0xe92988d376c1d7dae8aec394e6d7f0d3300b0ac230e9ff8a970e5300ff7c5c4f#1114975,1774103075,24706460,0xe92988d376c1d7dae8aec394e6d7f0d3300b0ac230e9ff8a970e5300ff7c5c4f,53,0x8ad599c3a0ff1de082011efddc58f1908eb6e6d8,3000.0,0.0,2037108515.0,,,0x371d98623613ef5e9bb04014b999e2b7da4d3739,0xc36442b4a4522e871399cd717abdd847ab11fe88,0xa0b86991c6218b36c1d19d4a2e9eb0ce3606eb48,USDC,6,0xc02aaa39b223fe8d0a0e5c4f27ead9083c756cc2,WETH,18,753.982719,1.088303799561097,3105.67132486344,412417979146478.0,,,196920,200340,2026-03-21T14:24:35+00:00
burn,0x596706fdae366214609bc0c63cf7b7989bb242da143df2ee704adefd47735c10#1114978,1774103111,24706463,0x596706fdae366214609bc0c63cf7b7989bb242da143df2ee704adefd47735c10,162,0x8ad599c3a0ff1de082011efddc58f1908eb6e6d8,3000.0,0.0,2036213079.0,,,0x371d98623613ef5e9bb04014b999e2b7da4d3739,0xc36442b4a4522e871399cd717abdd847ab11fe88,0xa0b86991c6218b36c1d19d4a2e9eb0ce3606eb48,USDC,6,0xc02aaa39b223fe8d0a0e5c4f27ead9083c756cc2,WETH,18,0.0,0.0,0.0,0.0,,,197880,200520,2026-03-21T14:25:11+00:00
burn,0x55d9ba0ff23a44bd70636ed2fab57619c60f2eded8523191f3e7bff36ab35980#1114979,1774103135,24706465,0x55d9ba0ff23a44bd70636ed2fab57619c60f2eded8523191f3e7bff36ab35980,117,0x8ad599c3a0ff1de082011efddc58f1908eb6e6d8,3000.0,0.0,2037202005.0,,,0x371d98623613ef5e9bb04014b999e2b7da4d3739,0xc36442b4a4522e871399cd717abdd847ab11fe88,0xa0b86991c6218b36c1d19d4a2e9eb0ce3606eb48,USDC,6,0xc02aaa39b223fe8d0a0e5c4f27ead9083c756cc2,WETH,18,1071.292155,0.8225316849412027,2848.6804102077685,480768639155690.0,,,197880,200520,2026-03-21T14:25:35+00:00
burn,0xde2a7bcd9e4b3de6b8aacaf789018b2e6b77b4c29fab5b8fc58fc827b92dc6de#1114978,1774103159,24706467,0xde2a7bcd9e4b3de6b8aacaf789018b2e6b77b4c29fab5b8fc58fc827b92dc6de,121,0x8ad599c3a0ff1de082011efddc58f1908eb6e6d8,3000.0,0.0,2040458500.0,,,0x371d98623613ef5e9bb04014b999e2b7da4d3739,0xc36442b4a4522e871399cd717abdd847ab11fe88,0xa0b86991c6218b36c1d19d4a2e9eb0ce3606eb48,USDC,6,0xc02aaa39b223fe8d0a0e5c4f27ead9083c756cc2,WETH,18,0.0,0.0,0.0,0.0,,,198720,200640,2026-03-21T14:25:59+00:00
burn,0x7bd64d880abca79e4d453c4c0a03a413d8714d1ca3df45e38e59053680ea181a#1114981,1774103183,24706469,0x7bd64d880abca79e4d453c4c0a03a413d8714d1ca3df45e38e59053680ea181a,147,0x8ad599c3a0ff1de082011efddc58f1908eb6e6d8,3000.0,0.0,2037977672.0,,,0x371d98623613ef5e9bb04014b999e2b7da4d3739,0xc36442b4a4522e871399cd717abdd847ab11fe88,0xa0b86991c6218b36c1d19d4a2e9eb0ce3606eb48,USDC,6,0xc02aaa39b223fe8d0a0e5c4f27ead9083c756cc2,WETH,18,1708.132248,0.5902988758661011,2983.694403519585,685164855607576.0,,,198720,200640,2026-03-21T14:26:23+00:00
burn,0x75b6de92c9d03c2f5b738a6c337e0e04aa9074bea13f5a9fe84795f5604406f1#1114997,1774105391,24706653,0x75b6de92c9d03c2f5b738a6c337e0e04aa9074bea13f5a9fe84795f5604406f1,181,0x8ad599c3a0ff1de082011efddc58f1908eb6e6d8,3000.0,0.0,119013437.0,,,0xffa8b87b2c93350bb2195ff8a3814be185f2126f,0xc36442b4a4522e871399cd717abdd847ab11fe88,0xa0b86991c6218b36c1d19d4a2e9eb0ce3606eb48,USDC,6,0xc02aaa39b223fe8d0a0e5c4f27ead9083c756cc2,WETH,18,0.0,0.0,0.0,0.0,,,197820,200100,2026-03-21T15:03:11+00:00
burn,0xd96eaa80398b0e5dc1842e645da6e326cdae6128294d1f120bf07cb44dad7d46#1114996,1774105643,24706674,0xd96eaa80398b0e5dc1842e645da6e326cdae6128294d1f120bf07cb44dad7d46,741,0x8ad599c3a0ff1de082011efddc58f1908eb6e6d8,3000.0,0.0,139731488.0,,,0xfaf7bd1721491a6bdbe67b19f6d8702872d327f8,0xc36442b4a4522e871399cd717abdd847ab11fe88,0xa0b86991c6218b36c1d19d4a2e9eb0ce3606eb48,USDC,6,0xc02aaa39b223fe8d0a0e5c4f27ead9083c756cc2,WETH,18,2.097652,1.1425495889904e-05,2.122294565089157,45167711424.0,,,199320,887220,2026-03-21T15:07:23+00:00
burn,0x245695ff4a722e0fc0a11c230fbbc7488fba6d5f5f0d53376b24ade1b1fc3cba#1115025,1774117007,24707618,0x245695ff4a722e0fc0a11c230fbbc7488fba6d5f5f0d53376b24ade1b1fc3cba,384,0x8ad599c3a0ff1de082011efddc58f1908eb6e6d8,3000.0,0.0,142295301.0,,,0x6f9194ee4c92929f9b99914c02e3789a55dfa81d,0xc36442b4a4522e871399cd717abdd847ab11fe88,0xa0b86991c6218b36c1d19d4a2e9eb0ce3606eb48,USDC,6,0xc02aaa39b223fe8d0a0e5c4f27ead9083c756cc2,WETH,18,0.0,0.0,0.0,0.0,,,198480,200280,2026-03-21T18:16:47+00:00
burn,0xfa53acb472b26fbb6b9a74253f1524fc7ad863855506367c269867971a6c2126#1115024,1774117103,24707626,0xfa53acb472b26fbb6b9a74253f1524fc7ad863855506367c269867971a6c2126,240,0x8ad599c3a0ff1de082011efddc58f1908eb6e6d8,3000.0,0.0,52335048.0,,,0xf00c2f34ed1c37f4eb6b5f652e32a5d0e4145455,0xc36442b4a4522e871399cd717abdd847ab11fe88,0xa0b86991c6218b36c1d19d4a2e9eb0ce3606eb48,USDC,6,0xc02aaa39b223fe8d0a0e5c4f27ead9083c756cc2,WETH,18,0.0,0.0,0.0,0.0,,,191220,205140,2026-03-21T18:18:23+00:00
burn,0xca1b19817d4516fce4c3d721f1d7c1a4761632d4b12f8f68c6c96e00f7933b20#1115025,1774117139,24707629,0xca1b19817d4516fce4c3d721f1d7c1a4761632d4b12f8f68c6c96e00f7933b20,75,0x8ad599c3a0ff1de082011efddc58f1908eb6e6d8,3000.0,0.0,56312799.0,,,0xf00c2f34ed1c37f4eb6b5f652e32a5d0e4145455,0xc36442b4a4522e871399cd717abdd847ab11fe88,0xa0b86991c6218b36c1d19d4a2e9eb0ce3606eb48,USDC,6,0xc02aaa39b223fe8d0a0e5c4f27ead9083c756cc2,WETH,18,19.019724,0.012485834815023017,45.85922817434909,1692919524186.0,,,191220,205140,2026-03-21T18:18:59+00:00
burn,0xa0da7ff3e748bb919e9fab4d6499be49faa0ced4bbb8563a1e37b5bf47bb3571#1115027,1774118087,24707707,0xa0da7ff3e748bb919e9fab4d6499be49faa0ced4bbb8563a1e37b5bf47bb3571,269,0x8ad599c3a0ff1de082011efddc58f1908eb6e6d8,3000.0,0.0,140799450.0,,,0x6e0eef8a3e8cd3056ca76edcf8f40684d62dec52,0xc36442b4a4522e871399cd717abdd847ab11fe88,0xa0b86991c6218b36c1d19d4a2e9eb0ce3606eb48,USDC,6,0xc02aaa39b223fe8d0a0e5c4f27ead9083c756cc2,WETH,18,0.0,0.0,0.0,0.0,,,198720,201900,2026-03-21T18:34:47+00:00
burn,0xcf31d1bf789daed79a4bc484ee6d44ee9cf4b1b81eb225447094a87fcca79ac2#1115029,1774118879,24707772,0xcf31d1bf789daed79a4bc484ee6d44ee9cf4b1b81eb225447094a87fcca79ac2,283,0x8ad599c3a0ff1de082011efddc58f1908eb6e6d8,3000.0,0.0,66286622.0,,,0x4298a4740b0834086f3d0d44aeefa63f6b6c51d0,0xc36442b4a4522e871399cd717abdd847ab11fe88,0xa0b86991c6218b36c1d19d4a2e9eb0ce3606eb48,USDC,6,0xc02aaa39b223fe8d0a0e5c4f27ead9083c756cc2,WETH,18,0.0,0.0,0.0,0.0,,,190740,204600,2026-03-21T18:47:59+00:00
burn,0x1ae82a7bdf15e5edd9115adac1f330234f5fe1f5b5d31da2aca5332ab590e0d5#1115032,1774118903,24707774,0x1ae82a7bdf15e5edd9115adac1f330234f5fe1f5b5d31da2aca5332ab590e0d5,191,0x8ad599c3a0ff1de082011efddc58f1908eb6e6d8,3000.0,0.0,65937646.0,,,0x4298a4740b0834086f3d0d44aeefa63f6b6c51d0,0xc36442b4a4522e871399cd717abdd847ab11fe88,0xa0b86991c6218b36c1d19d4a2e9eb0ce3606eb48,USDC,6,0xc02aaa39b223fe8d0a0e5c4f27ead9083c756cc2,WETH,18,17.935248,0.013463003960008617,46.875405779499154,1745756998607.0,,,190740,204600,2026-03-21T18:48:23+00:00
burn,0x1d8726c6b4269948cd77aee7cb4bcb669c08f335bbad492b35e97792ba0b2ee8#1115035,1774122023,24708033,0x1d8726c6b4269948cd77aee7cb4bcb669c08f335bbad492b35e97792ba0b2ee8,456,0x8ad599c3a0ff1de082011efddc58f1908eb6e6d8,3000.0,0.0,41650621.0,,,0x1c07e8dee041b690d2067f23946e25afd992e845,0xc36442b4a4522e871399cd717abdd847ab11fe88,0xa0b86991c6218b36c1d19d4a2e9eb0ce3606eb48,USDC,6,0xc02aaa39b223fe8d0a0e5c4f27ead9083c756cc2,WETH,18,0.0,0.0,0.0,0.0,,,189240,202920,2026-03-21T19:40:23+00:00
burn,0x0c9c1b93ab5ace5654262d92004a4c8dde6d2cc5eaafea9e0dda8dbf1c29f988#1115036,1774122371,24708061,0x0c9c1b93ab5ace5654262d92004a4c8dde6d2cc5eaafea9e0dda8dbf1c29f988,954,0x8ad599c3a0ff1de082011efddc58f1908eb6e6d8,3000.0,0.0,39854841.0,,,0xf17c01c96c2adcab03ad778db9d3b3b783dcfdbc,0xc36442b4a4522e871399cd717abdd847ab11fe88,0xa0b86991c6218b36c1d19d4a2e9eb0ce3606eb48,USDC,6,0xc02aaa39b223fe8d0a0e5c4f27ead9083c756cc2,WETH,18,0.0,0.0,0.0,0.0,,,198660,200640,2026-03-21T19:46:11+00:00
burn,0x8ef39b4b7ca5796dfffeba5ad84fcc5e3f382d157d6d2cc3c6da3a5707591a63#1115037,1774124435,24708232,0x8ef39b4b7ca5796dfffeba5ad84fcc5e3f382d157d6d2cc3c6da3a5707591a63,574,0x8ad599c3a0ff1de082011efddc58f1908eb6e6d8,3000.0,0.0,37840682.0,,,0x447dc65dcda3c9543a3e5a25509e5b75fd138e3b,0xc36442b4a4522e871399cd717abdd847ab11fe88,0xa0b86991c6218b36c1d19d4a2e9eb0ce3606eb48,USDC,6,0xc02aaa39b223fe8d0a0e5c4f27ead9083c756cc2,WETH,18,0.0,0.0,0.0,0.0,,,192180,203160,2026-03-21T20:20:35+00:00
burn,0x9ec7fadf39a1dddd278ce0f959fbfbfe38d2a9597bef2b16c7701175caa21a61#1115040,1774126835,24708431,0x9ec7fadf39a1dddd278ce0f959fbfbfe38d2a9597bef2b16c7701175caa21a61,518,0x8ad599c3a0ff1de082011efddc58f1908eb6e6d8,3000.0,0.0,41393607.0,,,0x508a312cf7334b44b9ff22ac0bac1b3db9eed4e1,0xc36442b4a4522e871399cd717abdd847ab11fe88,0xa0b86991c6218b36c1d19d4a2e9eb0ce3606eb48,USDC,6,0xc02aaa39b223fe8d0a0e5c4f27ead9083c756cc2,WETH,18,1106.368549,0.3274826118760749,1810.396991078023,281559676211578.0,,,198480,201360,2026-03-21T21:00:35+00:00
burn,0x9ec7fadf39a1dddd278ce0f959fbfbfe38d2a9597bef2b16c7701175caa21a61#1115041,1774126835,24708431,0x9ec7fadf39a1dddd278ce0f959fbfbfe38d2a9597bef2b16c7701175caa21a61,520,0x8ad599c3a0ff1de082011efddc58f1908eb6e6d8,3000.0,0.0,41393607.0,,,0x508a312cf7334b44b9ff22ac0bac1b3db9eed4e1,0xc36442b4a4522e871399cd717abdd847ab11fe88,0xa0b86991c6218b36c1d19d4a2e9eb0ce3606eb48,USDC,6,0xc02aaa39b223fe8d0a0e5c4f27ead9083c756cc2,WETH,18,0.0,0.0,0.0,0.0,,,198480,201360,2026-03-21T21:00:35+00:00
burn,0x04a28ff6320e8aff9a982e8ed8a1dfd4ac7328f48bd049e55c05edf7f7e93a09#1115045,1774127315,24708471,0x04a28ff6320e8aff9a982e8ed8a1dfd4ac7328f48bd049e55c05edf7f7e93a09,584,0x8ad599c3a0ff1de082011efddc58f1908eb6e6d8,3000.0,0.0,33884678.0,,,0x508a312cf7334b44b9ff22ac0bac1b3db9eed4e1,0xc36442b4a4522e871399cd717abdd847ab11fe88,0xa0b86991c6218b36c1d19d4a2e9eb0ce3606eb48,USDC,6,0xc02aaa39b223fe8d0a0e5c4f27ead9083c756cc2,WETH,18,1129.069548,0.3342020569201743,1847.543582773541,287336852471715.0,,,198480,201360,2026-03-21T21:08:35+00:00
burn,0x04a28ff6320e8aff9a982e8ed8a1dfd4ac7328f48bd049e55c05edf7f7e93a09#1115046,1774127315,24708471,0x04a28ff6320e8aff9a982e8ed8a1dfd4ac7328f48bd049e55c05edf7f7e93a09,586,0x8ad599c3a0ff1de082011efddc58f1908eb6e6d8,3000.0,0.0,33884678.0,,,0x508a312cf7334b44b9ff22ac0bac1b3db9eed4e1,0xc36442b4a4522e871399cd717abdd847ab11fe88,0xa0b86991c6218b36c1d19d4a2e9eb0ce3606eb48,USDC,6,0xc02aaa39b223fe8d0a0e5c4f27ead9083c756cc2,WETH,18,0.0,0.0,0.0,0.0,,,198480,201360,2026-03-21T21:08:35+00:00
burn,0xee67c33aed768d950baa625669e082f4d4fff8edfae8513e240e5d0abeeb3614#1115057,1774133015,24708945,0xee67c33aed768d950baa625669e082f4d4fff8edfae8513e240e5d0abeeb3614,405,0x8ad599c3a0ff1de082011efddc58f1908eb6e6d8,3000.0,0.0,34750126.0,,,0x75b4927fef51c1cfb950c51695d732b05c3bcc93,0xc36442b4a4522e871399cd717abdd847ab11fe88,0xa0b86991c6218b36c1d19d4a2e9eb0ce3606eb48,USDC,6,0xc02aaa39b223fe8d0a0e5c4f27ead9083c756cc2,WETH,18,6098.932338,1.696773772410181,9748.812957689113,802995503663586.0,,,197520,203160,2026-03-21T22:43:35+00:00
burn,0x4993e567c6003e650ac5b4860a147116a95be64883078d6e60516e193cc74e0f#1115112,1774138055,24709363,0x4993e567c6003e650ac5b4860a147116a95be64883078d6e60516e193cc74e0f,409,0x8ad599c3a0ff1de082011efddc58f1908eb6e6d8,3000.0,0.0,477406568.0,,,0x55d1cdf31f4692378637cb28d5fd4a83cd4c26bf,0xc36442b4a4522e871399cd717abdd847ab11fe88,0xa0b86991c6218b36c1d19d4a2e9eb0ce3606eb48,USDC,6,0xc02aaa39b223fe8d0a0e5c4f27ead9083c756cc2,WETH,18,0.0,0.0,0.0,0.0,,,198540,199980,2026-03-22T00:07:35+00:00
burn,0x54a9efd398b4fa0e0588e64e3dab4c26630a6eec2797d155b82bec7c36e149c7#1115119,1774138223,24709377,0x54a9efd398b4fa0e0588e64e3dab4c26630a6eec2797d155b82bec7c36e149c7,745,0x8ad599c3a0ff1de082011efddc58f1908eb6e6d8,3000.0,0.0,442067224.0,,,0xff98fbaff98a2f3c4a88da4ac870b9693d804b66,0xc36442b4a4522e871399cd717abdd847ab11fe88,0xa0b86991c6218b36c1d19d4a2e9eb0ce3606eb48,USDC,6,0xc02aaa39b223fe8d0a0e5c4f27ead9083c756cc2,WETH,18,0.0,0.0,0.0,0.0,,,198900,200340,2026-03-22T00:10:23+00:00
burn,0x3642df7062e65cba096903b1db87438edcd61631e5e5ece4a6f0a81edb6720a0#1115120,1774138295,24709383,0x3642df7062e65cba096903b1db87438edcd61631e5e5ece4a6f0a81edb6720a0,491,0x8ad599c3a0ff1de082011efddc58f1908eb6e6d8,3000.0,0.0,399687049.0,,,0xa1e0b6edbf434be1322e2d1e2d438bbfcbe81546,0xc36442b4a4522e871399cd717abdd847ab11fe88,0xa0b86991c6218b36c1d19d4a2e9eb0ce3606eb48,USDC,6,0xc02aaa39b223fe8d0a0e5c4f27ead9083c756cc2,WETH,18,0.0,0.0,0.0,0.0,,,198600,200040,2026-03-22T00:11:35+00:00
burn,0xc487c2d4047776c8f3903efd58130b8a0cb66d21084532b80da7feaf636c6668#1115119,1774138307,24709384,0xc487c2d4047776c8f3903efd58130b8a0cb66d21084532b80da7feaf636c6668,1134,0x8ad599c3a0ff1de082011efddc58f1908eb6e6d8,3000.0,0.0,392918080.0,,,0xdc7b1ebbc9f79c082b2e0f02ee3077a8d974fa8e,0xc36442b4a4522e871399cd717abdd847ab11fe88,0xa0b86991c6218b36c1d19d4a2e9eb0ce3606eb48,USDC,6,0xc02aaa39b223fe8d0a0e5c4f27ead9083c756cc2,WETH,18,0.0,0.0,0.0,0.0,,,198600,200040,2026-03-22T00:11:47+00:00
burn,0x86689a13a24b8c1fd119541c7283063e4f613305c1623dde7851668e49c97bba#1115124,1774138475,24709398,0x86689a13a24b8c1fd119541c7283063e4f613305c1623dde7851668e49c97bba,642,0x8ad599c3a0ff1de082011efddc58f1908eb6e6d8,3000.0,0.0,333574363.0,,,0xa1e0b6edbf434be1322e2d1e2d438bbfcbe81546,0xc36442b4a4522e871399cd717abdd847ab11fe88,0xa0b86991c6218b36c1d19d4a2e9eb0ce3606eb48,USDC,6,0xc02aaa39b223fe8d0a0e5c4f27ead9083c756cc2,WETH,18,0.0,0.0,0.0,0.0,,,198600,199980,2026-03-22T00:14:35+00:00
burn,0x2e5a3d0a600f70d8f56fa3ca6abe6875c23bcaec34137941a225ad2c57f8a7c8#1115125,1774138475,24709398,0x2e5a3d0a600f70d8f56fa3ca6abe6875c23bcaec34137941a225ad2c57f8a7c8,673,0x8ad599c3a0ff1de082011efddc58f1908eb6e6d8,3000.0,0.0,333574363.0,,,0x55d1cdf31f4692378637cb28d5fd4a83cd4c26bf,0xc36442b4a4522e871399cd717abdd847ab11fe88,0xa0b86991c6218b36c1d19d4a2e9eb0ce3606eb48,USDC,6,0xc02aaa39b223fe8d0a0e5c4f27ead9083c756cc2,WETH,18,0.0,0.0,0.0,0.0,,,198900,200340,2026-03-22T00:14:35+00:00
burn,0x5904c3f0aca8b402b50de1b9c143cc047a4ff406e1c51b22633d489bc71e3be5#1115126,1774138547,24709404,0x5904c3f0aca8b402b50de1b9c143cc047a4ff406e1c51b22633d489bc71e3be5,933,0x8ad599c3a0ff1de082011efddc58f1908eb6e6d8,3000.0,0.0,301053381.0,,,0xc1bc317cd1f62fa13dd85eba2a6bf0bda13cd27d,0xc36442b4a4522e871399cd717abdd847ab11fe88,0xa0b86991c6218b36c1d19d4a2e9eb0ce3606eb48,USDC,6,0xc02aaa39b223fe8d0a0e5c4f27ead9083c756cc2,WETH,18,0.0,1.0977919546205035,2275.014220929264,645413881506567.0,,,198240,199860,2026-03-22T00:15:47+00:00
burn,0xa06f7e473394da38367a87fe1d399902c3456a9fd6693796c854c4508a67394c#1115128,1774138691,24709415,0xa06f7e473394da38367a87fe1d399902c3456a9fd6693796c854c4508a67394c,946,0x8ad599c3a0ff1de082011efddc58f1908eb6e6d8,3000.0,0.0,298723446.0,,,0xdc7b1ebbc9f79c082b2e0f02ee3077a8d974fa8e,0xc36442b4a4522e871399cd717abdd847ab11fe88,0xa0b86991c6218b36c1d19d4a2e9eb0ce3606eb48,USDC,6,0xc02aaa39b223fe8d0a0e5c4f27ead9083c756cc2,WETH,18,0.0,0.0,0.0,0.0,,,198600,200040,2026-03-22T00:18:11+00:00
burn,0x5270b7bfcee59275367be92df730a5ab42873cf5adc1a6122035e9deccb9c1c6#1115141,1774140299,24709549,0x5270b7bfcee59275367be92df730a5ab42873cf5adc1a6122035e9deccb9c1c6,72,0x8ad599c3a0ff1de082011efddc58f1908eb6e6d8,3000.0,0.0,98870039.0,,,0x05854d0c70d2f696fb3d9c0863100956b795e2ff,0xc36442b4a4522e871399cd717abdd847ab11fe88,0xa0b86991c6218b36c1d19d4a2e9eb0ce3606eb48,USDC,6,0xc02aaa39b223fe8d0a0e5c4f27ead9083c756cc2,WETH,18,0.0,0.08696626683849762,181.49152371364605,41271467282214.0,,,197700,199740,2026-03-22T00:44:59+00:00
burn,0xe215b6fd2492b623e95ae2a908252beaf19d10db95f0156a87729054310c0a4e#1115145,1774140791,24709590,0xe215b6fd2492b623e95ae2a908252beaf19d10db95f0156a87729054310c0a4e,122,0x8ad599c3a0ff1de082011efddc58f1908eb6e6d8,3000.0,0.0,85789203.0,,,0x4b82847c82087ea19418bed079966810f64f39f4,0xc36442b4a4522e871399cd717abdd847ab11fe88,0xa0b86991c6218b36c1d19d4a2e9eb0ce3606eb48,USDC,6,0xc02aaa39b223fe8d0a0e5c4f27ead9083c756cc2,WETH,18,0.0,1.0797151702790304,2253.3616876848027,1.663725169359683e+16,,,199620,199680,2026-03-22T00:53:11+00:00
burn,0x12fa7eb9955b62788f4a5c57f9c7b3e244d705ee087c4886aadafd7eace25f23#1115156,1774144355,24709887,0x12fa7eb9955b62788f4a5c57f9c7b3e244d705ee087c4886aadafd7eace25f23,115,0x8ad599c3a0ff1de082011efddc58f1908eb6e6d8,3000.0,0.0,2028825853.0,,,0x1860d82e0a0c8b237929fac05e709aeecf9e4e2c,0xc36442b4a4522e871399cd717abdd847ab11fe88,0xa0b86991c6218b36c1d19d4a2e9eb0ce3606eb48,USDC,6,0xc02aaa39b223fe8d0a0e5c4f27ead9083c756cc2,WETH,18,0.0,4.6122822791036056,9626.191683532294,2188844756690126.0,,,197700,199740,2026-03-22T01:52:35+00:00
burn,0x30ac99c9a5ac55d50b0005b2ad327d78cd8455afa75cd663c81f381006eac2e8#1115359,1774152791,24710585,0x30ac99c9a5ac55d50b0005b2ad327d78cd8455afa75cd663c81f381006eac2e8,365,0x8ad599c3a0ff1de082011efddc58f1908eb6e6d8,3000.0,0.0,6112000000.0,,,0xb1a8721bfa303f9313de43d2481efe940c209ad1,0xc36442b4a4522e871399cd717abdd847ab11fe88,0xa0b86991c6218b36c1d19d4a2e9eb0ce3606eb48,USDC,6,0xc02aaa39b223fe8d0a0e5c4f27ead9083c756cc2,WETH,18,0.0,0.0,0.0,0.0,,,198060,202920,2026-03-22T04:13:11+00:00
burn,0xf48f191e7c9a1b9fbf6ca4097b78e422ca8ea05c4daf04caaaa7458dea4218b4#1115458,1774155395,24710802,0xf48f191e7c9a1b9fbf6ca4097b78e422ca8ea05c4daf04caaaa7458dea4218b4,456,0x8ad599c3a0ff1de082011efddc58f1908eb6e6d8,3000.0,0.0,1407566372.0,,,0x2c6ecad17b84cb11bf86dd212cb31c68f6d4ca10,0xc36442b4a4522e871399cd717abdd847ab11fe88,0xa0b86991c6218b36c1d19d4a2e9eb0ce3606eb48,USDC,6,0xc02aaa39b223fe8d0a0e5c4f27ead9083c756cc2,WETH,18,0.0,0.0,0.0,0.0,,,191700,200340,2026-03-22T04:56:35+00:00
burn,0xe2d6f7096ee53cf315c076e3337412017ed4a8fb0674ce36823cd9af3a83cb92#1115571,1774157147,24710946,0xe2d6f7096ee53cf315c076e3337412017ed4a8fb0674ce36823cd9af3a83cb92,1244,0x8ad599c3a0ff1de082011efddc58f1908eb6e6d8,3000.0,0.0,340000000.0,,,0xffa8b87b2c93350bb2195ff8a3814be185f2126f,0xc36442b4a4522e871399cd717abdd847ab11fe88,0xa0b86991c6218b36c1d19d4a2e9eb0ce3606eb48,USDC,6,0xc02aaa39b223fe8d0a0e5c4f27ead9083c756cc2,WETH,18,0.0,0.0,0.0,0.0,,,197820,200100,2026-03-22T05:25:47+00:00
burn,0xb2ae0a02285cc8ac7dc76c3264082f55adf45dd808f824db35de508d9faaa9bc#1115839,1774164371,24711546,0xb2ae0a02285cc8ac7dc76c3264082f55adf45dd808f824db35de508d9faaa9bc,156,0x8ad599c3a0ff1de082011efddc58f1908eb6e6d8,3000.0,0.0,450097770.0,,,0xf11a3703226a02825f23a02c1b3663be8fc46060,0xc36442b4a4522e871399cd717abdd847ab11fe88,0xa0b86991c6218b36c1d19d4a2e9eb0ce3606eb48,USDC,6,0xc02aaa39b223fe8d0a0e5c4f27ead9083c756cc2,WETH,18,3.695844,0.003207909988356,10.475127591254264,395911008420.0,,,190440,204300,2026-03-22T07:26:11+00:00
burn,0x3633983514e95fb550006f4215632a2da6b4305e4009aea9bc3e16195b420c63#1116009,1774167131,24711775,0x3633983514e95fb550006f4215632a2da6b4305e4009aea9bc3e16195b420c63,1748,0x8ad599c3a0ff1de082011efddc58f1908eb6e6d8,3000.0,0.0,79729231.0,,,0x3fcb5cfc7543e5a593fb927ec5b0ef88f4394780,0xc36442b4a4522e871399cd717abdd847ab11fe88,0xa0b86991c6218b36c1d19d4a2e9eb0ce3606eb48,USDC,6,0xc02aaa39b223fe8d0a0e5c4f27ead9083c756cc2,WETH,18,0.0,0.0,0.0,0.0,,,199380,203520,2026-03-22T08:12:11+00:00
burn,0xa8be6ddb9edbbd4000ccc2fe6e09a9c95dbbd18f2bcf2d997ddf6a25acd4e63b#1116023,1774167551,24711810,0xa8be6ddb9edbbd4000ccc2fe6e09a9c95dbbd18f2bcf2d997ddf6a25acd4e63b,131,0x8ad599c3a0ff1de082011efddc58f1908eb6e6d8,3000.0,0.0,2506083030.0,,,0x61e61f3c8de093d806c2dd1bb343afc9dfa02984,0xc36442b4a4522e871399cd717abdd847ab11fe88,0xa0b86991c6218b36c1d19d4a2e9eb0ce3606eb48,USDC,6,0xc02aaa39b223fe8d0a0e5c4f27ead9083c756cc2,WETH,18,0.0,0.0,0.0,0.0,,,198060,199860,2026-03-22T08:19:11+00:00
burn,0x9165fade302b5e2dcb25254bba6a6ba318eebf1eed463922436acd42513e5b38#1116024,1774167587,24711813,0x9165fade302b5e2dcb25254bba6a6ba318eebf1eed463922436acd42513e5b38,38,0x8ad599c3a0ff1de082011efddc58f1908eb6e6d8,3000.0,0.0,1687477746.0,,,0x61e61f3c8de093d806c2dd1bb343afc9dfa02984,0xc36442b4a4522e871399cd717abdd847ab11fe88,0xa0b86991c6218b36c1d19d4a2e9eb0ce3606eb48,USDC,6,0xc02aaa39b223fe8d0a0e5c4f27ead9083c756cc2,WETH,18,0.0,9.86048259833367,20618.587358130724,5240652017407303.0,,,198060,199860,2026-03-22T08:19:47+00:00
burn,0x7f25553f33cdb16ee2b4bdd53fa9454708ea8c05ee7e3adf86b0268f2dff7984#1116083,1774169135,24711941,0x7f25553f33cdb16ee2b4bdd53fa9454708ea8c05ee7e3adf86b0268f2dff7984,562,0x8ad599c3a0ff1de082011efddc58f1908eb6e6d8,3000.0,0.0,63579523.0,,,0x3bb666008e4400d4406810389ba68fc194df8120,0xc36442b4a4522e871399cd717abdd847ab11fe88,0xa0b86991c6218b36c1d19d4a2e9eb0ce3606eb48,USDC,6,0xc02aaa39b223fe8d0a0e5c4f27ead9083c756cc2,WETH,18,0.0,0.0,0.0,0.0,,,192240,201240,2026-03-22T08:45:35+00:00
burn,0x56ef172082610bef8ac077db1201497d05604a11ff69a20b36369447ad5714f8#1116116,1774170131,24712024,0x56ef172082610bef8ac077db1201497d05604a11ff69a20b36369447ad5714f8,124,0x8ad599c3a0ff1de082011efddc58f1908eb6e6d8,3000.0,0.0,2052333492.0,,,0x9242e20dab63f7847ddf8fd06001175635695f3f,0xc36442b4a4522e871399cd717abdd847ab11fe88,0xa0b86991c6218b36c1d19d4a2e9eb0ce3606eb48,USDC,6,0xc02aaa39b223fe8d0a0e5c4f27ead9083c756cc2,WETH,18,0.0,0.0,0.0,0.0,,,197880,199560,2026-03-22T09:02:11+00:00
burn,0x51708ed7b0af2cf8fa0f62eedc798d33937753b177b2938d5fc71d039d6c116e#1116117,1774170155,24712026,0x51708ed7b0af2cf8fa0f62eedc798d33937753b177b2938d5fc71d039d6c116e,214,0x8ad599c3a0ff1de082011efddc58f1908eb6e6d8,3000.0,0.0,2050027864.0,,,0x9242e20dab63f7847ddf8fd06001175635695f3f,0xc36442b4a4522e871399cd717abdd847ab11fe88,0xa0b86991c6218b36c1d19d4a2e9eb0ce3606eb48,USDC,6,0xc02aaa39b223fe8d0a0e5c4f27ead9083c756cc2,WETH,18,0.0,0.2421912483588224,504.21161701508413,139585074318333.0,,,197880,199560,2026-03-22T09:02:35+00:00
burn,0x4185a7226aa83a2a92280b4763b180869adee07b05514e2d1de3c934abd761d1#1116216,1774172039,24712183,0x4185a7226aa83a2a92280b4763b180869adee07b05514e2d1de3c934abd761d1,62,0x8ad599c3a0ff1de082011efddc58f1908eb6e6d8,3000.0,0.0,689441917.0,,,0xae2fc483527b8ef99eb5d9b44875f005ba1fae13,0x1f2f10d1c40777ae1da742455c65828ff36df387,0xa0b86991c6218b36c1d19d4a2e9eb0ce3606eb48,USDC,6,0xc02aaa39b223fe8d0a0e5c4f27ead9083c756cc2,WETH,18,765481.309973,368.491187495564,1534162.0773177936,1.1205672183248454e+19,,,199860,199920,2026-03-22T09:33:59+00:00
burn,0xd96a86b5761886fc76c0323ecc3f506135a5fd284da93a0296a50bfbe5aa77bc#1116285,1774174259,24712368,0xd96a86b5761886fc76c0323ecc3f506135a5fd284da93a0296a50bfbe5aa77bc,494,0x8ad599c3a0ff1de082011efddc58f1908eb6e6d8,3000.0,0.0,43206403.0,,,0x128f8116450182c1c501c230963f11aa5fd6a93c,0xc36442b4a4522e871399cd717abdd847ab11fe88,0xa0b86991c6218b36c1d19d4a2e9eb0ce3606eb48,USDC,6,0xc02aaa39b223fe8d0a0e5c4f27ead9083c756cc2,WETH,18,0.0,0.0,0.0,0.0,,,198900,203880,2026-03-22T10:10:59+00:00
burn,0xb663e12a1d78b730751f32a6a7db2553d1b22515b4976b53e20cf1b835d8c521#1116427,1774177703,24712654,0xb663e12a1d78b730751f32a6a7db2553d1b22515b4976b53e20cf1b835d8c521,685,0x8ad599c3a0ff1de082011efddc58f1908eb6e6d8,3000.0,0.0,44911104.0,,,0x34d47cdf4eb5d989739c7daac2639d0c1dba7bb7,0xc36442b4a4522e871399cd717abdd847ab11fe88,0xa0b86991c6218b36c1d19d4a2e9eb0ce3606eb48,USDC,6,0xc02aaa39b223fe8d0a0e5c4f27ead9083c756cc2,WETH,18,0.0,2.1171305404322833,4411.230580940102,1415152342494382.0,,,198120,199560,2026-03-22T11:08:23+00:00
burn,0x74ec5fc1bd9d5b75438a98528bd3b1683dfd21856c2aa9d303ee60d918b77ca2#1116574,1774178879,24712751,0x74ec5fc1bd9d5b75438a98528bd3b1683dfd21856c2aa9d303ee60d918b77ca2,758,0x8ad599c3a0ff1de082011efddc58f1908eb6e6d8,3000.0,0.0,230179119.0,,,0x95624f98185050d57b93abe69a5aa6f1f50ad426,0xc36442b4a4522e871399cd717abdd847ab11fe88,0xa0b86991c6218b36c1d19d4a2e9eb0ce3606eb48,USDC,6,0xc02aaa39b223fe8d0a0e5c4f27ead9083c756cc2,WETH,18,0.776009,0.021959600115825397,46.496845093468515,31376222601504.0,,,199260,199920,2026-03-22T11:27:59+00:00
burn,0xc4d30c71af7fc1d110a2a4824468664b606f06e0eca85522429eb6aec13a429e#1116916,1774185371,24713291,0xc4d30c71af7fc1d110a2a4824468664b606f06e0eca85522429eb6aec13a429e,206,0x8ad599c3a0ff1de082011efddc58f1908eb6e6d8,3000.0,0.0,2083500744.0,,,0xf7cd8a14e23fef30f62f4ad408c00fb420c9c452,0xc36442b4a4522e871399cd717abdd847ab11fe88,0xa0b86991c6218b36c1d19d4a2e9eb0ce3606eb48,USDC,6,0xc02aaa39b223fe8d0a0e5c4f27ead9083c756cc2,WETH,18,0.0,0.0,0.0,0.0,,,-887220,887220,2026-03-22T13:16:11+00:00
burn,0xe1d338f8c86d31d3519746b78330622dda251c3d2c2bb891efc11beeb9d79e0e#1116940,1774186151,24713355,0xe1d338f8c86d31d3519746b78330622dda251c3d2c2bb891efc11beeb9d79e0e,495,0x8ad599c3a0ff1de082011efddc58f1908eb6e6d8,3000.0,0.0,103383183.0,,,0xb217b0e9ce85ab98d684cbd0a28b16a069d5f126,0xc36442b4a4522e871399cd717abdd847ab11fe88,0xa0b86991c6218b36c1d19d4a2e9eb0ce3606eb48,USDC,6,0xc02aaa39b223fe8d0a0e5c4f27ead9083c756cc2,WETH,18,0.0,0.0,0.0,0.0,,,198780,203520,2026-03-22T13:29:11+00:00
burn,0x8f3bf646cf26d78568dd4c1f022d0a2d973d2f787e504dde6ca9c9ec5d95e488#1116980,1774186979,24713424,0x8f3bf646cf26d78568dd4c1f022d0a2d973d2f787e504dde6ca9c9ec5d95e488,1023,0x8ad599c3a0ff1de082011efddc58f1908eb6e6d8,3000.0,0.0,1000873775.0,,,0x82548e6904d3d95e0f58c0630e5af70b02f69b8f,0xc36442b4a4522e871399cd717abdd847ab11fe88,0xa0b86991c6218b36c1d19d4a2e9eb0ce3606eb48,USDC,6,0xc02aaa39b223fe8d0a0e5c4f27ead9083c756cc2,WETH,18,3.550242,2.9849693235157e-05,3.612359207811139,157053425800.0,,,199740,213600,2026-03-22T13:42:59+00:00
burn,0x4500b7ddeb03ca99e3b3f3bed4b4fa179f373b5555e0416f243bb8fdf06455e2#1116996,1774187243,24713446,0x4500b7ddeb03ca99e3b3f3bed4b4fa179f373b5555e0416f243bb8fdf06455e2,60,0x8ad599c3a0ff1de082011efddc58f1908eb6e6d8,3000.0,0.0,1612122069.0,,,0x621e9bcf21f8f4d48d1675d8fc5cdf7d0c29abce,0xc36442b4a4522e871399cd717abdd847ab11fe88,0xa0b86991c6218b36c1d19d4a2e9eb0ce3606eb48,USDC,6,0xc02aaa39b223fe8d0a0e5c4f27ead9083c756cc2,WETH,18,0.0,0.0,0.0,0.0,,,198060,200340,2026-03-22T13:47:23+00:00
burn,0x56a2d062405fedc3afa16a86ee1881a84acd8210deb5947175dcf47ee67e50a8#1117052,1774189763,24713653,0x56a2d062405fedc3afa16a86ee1881a84acd8210deb5947175dcf47ee67e50a8,466,0x8ad599c3a0ff1de082011efddc58f1908eb6e6d8,3000.0,0.0,163358848.0,,,0x95624f98185050d57b93abe69a5aa6f1f50ad426,0xc36442b4a4522e871399cd717abdd847ab11fe88,0xa0b86991c6218b36c1d19d4a2e9eb0ce3606eb48,USDC,6,0xc02aaa39b223fe8d0a0e5c4f27ead9083c756cc2,WETH,18,24.433937,0.010837873710994839,46.96522707598855,16610008527076.0,,,199320,200580,2026-03-22T14:29:23+00:00
burn,0x6503c6bbc59d568aaf7fea62a656a720bcda260929f13a9e6ddafee2b9fe10f4#1117082,1774190687,24713729,0x6503c6bbc59d568aaf7fea62a656a720bcda260929f13a9e6ddafee2b9fe10f4,1285,0x8ad599c3a0ff1de082011efddc58f1908eb6e6d8,3000.0,0.0,46576705.0,,,0x508a312cf7334b44b9ff22ac0bac1b3db9eed4e1,0xc36442b4a4522e871399cd717abdd847ab11fe88,0xa0b86991c6218b36c1d19d4a2e9eb0ce3606eb48,USDC,6,0xc02aaa39b223fe8d0a0e5c4f27ead9083c756cc2,WETH,18,0.0,0.0,0.0,0.0,,,198480,201360,2026-03-22T14:44:47+00:00
burn,0x01149237991679daf3d997b1026907bebb045835b21a90548f7b180f15e8d98f#1117084,1774190999,24713755,0x01149237991679daf3d997b1026907bebb045835b21a90548f7b180f15e8d98f,37,0x8ad599c3a0ff1de082011efddc58f1908eb6e6d8,3000.0,0.0,122132099.0,,,0x89f314f2ce7ee6b849452c81e0dc8c6a60e4270e,0xc36442b4a4522e871399cd717abdd847ab11fe88,0xa0b86991c6218b36c1d19d4a2e9eb0ce3606eb48,USDC,6,0xc02aaa39b223fe8d0a0e5c4f27ead9083c756cc2,WETH,18,0.0,0.0,0.0,0.0,,,192180,200280,2026-03-22T14:49:59+00:00
burn,0xae89ef5cb9685e13143f1cc7a74b5bef137bdf11bfd8c34e8dec3c4bbe2a2e61#1117168,1774195787,24714151,0xae89ef5cb9685e13143f1cc7a74b5bef137bdf11bfd8c34e8dec3c4bbe2a2e61,82,0x8ad599c3a0ff1de082011efddc58f1908eb6e6d8,3000.0,0.0,2048257986.0,,,0xcbf39bddc4988169d5a854139a7467113d5d2f36,0xc36442b4a4522e871399cd717abdd847ab11fe88,0xa0b86991c6218b36c1d19d4a2e9eb0ce3606eb48,USDC,6,0xc02aaa39b223fe8d0a0e5c4f27ead9083c756cc2,WETH,18,0.0,0.0,0.0,0.0,,,191940,205800,2026-03-22T16:09:47+00:00
burn,0xde38e6d284894ac1b321f7e333bac9e24b12569c16357bbe3ba006d6416b535d#1117169,1774195871,24714158,0xde38e6d284894ac1b321f7e333bac9e24b12569c16357bbe3ba006d6416b535d,238,0x8ad599c3a0ff1de082011efddc58f1908eb6e6d8,3000.0,0.0,2047361905.0,,,0xcbf39bddc4988169d5a854139a7467113d5d2f36,0xc36442b4a4522e871399cd717abdd847ab11fe88,0xa0b86991c6218b36c1d19d4a2e9eb0ce3606eb48,USDC,6,0xc02aaa39b223fe8d0a0e5c4f27ead9083c756cc2,WETH,18,0.0,0.0,0.0,0.0,,,189240,203580,2026-03-22T16:11:11+00:00
burn,0x56bf53b6a2510a5e4ac7d1a574d76dd3136f0142cfea6f22ed6f37b684442e97#1117195,1774199063,24714423,0x56bf53b6a2510a5e4ac7d1a574d76dd3136f0142cfea6f22ed6f37b684442e97,450,0x8ad599c3a0ff1de082011efddc58f1908eb6e6d8,3000.0,0.0,43381006.0,,,0xa1e4fd2d0bad3832b8d86238c5bc41555909b406,0xc36442b4a4522e871399cd717abdd847ab11fe88,0xa0b86991c6218b36c1d19d4a2e9eb0ce3606eb48,USDC,6,0xc02aaa39b223fe8d0a0e5c4f27ead9083c756cc2,WETH,18,0.0,0.48999999999999744,1018.6905496288459,129856425004061.0,,,195780,199620,2026-03-22T17:04:23+00:00
burn,0x75c7591eb864739670b1a91247d23282f520e27a9571d1a2cf30b1f1bc5e21f5#1117260,1774203359,24714780,0x75c7591eb864739670b1a91247d23282f520e27a9571d1a2cf30b1f1bc5e21f5,183,0x8ad599c3a0ff1de082011efddc58f1908eb6e6d8,3000.0,0.0,153926174.0,,,0x92c31aa9fda1f7066a9ae58b6f1743126bd64728,0xc36442b4a4522e871399cd717abdd847ab11fe88,0xa0b86991c6218b36c1d19d4a2e9eb0ce3606eb48,USDC,6,0xc02aaa39b223fe8d0a0e5c4f27ead9083c756cc2,WETH,18,0.0,0.0,0.0,0.0,,,192120,203160,2026-03-22T18:15:59+00:00
burn,0x0755681ec7b5c06900ada0f273632bb500627a8f56bc20b21b836fdbb95554bd#1117268,1774204427,24714869,0x0755681ec7b5c06900ada0f273632bb500627a8f56bc20b21b836fdbb95554bd,645,0x8ad599c3a0ff1de082011efddc58f1908eb6e6d8,3000.0,0.0,143899813.0,,,0xb1a8721bfa303f9313de43d2481efe940c209ad1,0xc36442b4a4522e871399cd717abdd847ab11fe88,0xa0b86991c6218b36c1d19d4a2e9eb0ce3606eb48,USDC,6,0xc02aaa39b223fe8d0a0e5c4f27ead9083c756cc2,WETH,18,0.0,0.0,0.0,0.0,,,198060,202920,2026-03-22T18:33:47+00:00
burn,0x07aeb479baced3d1df68e96ded393f1e52e79a9de8eb6983bb4504173b5bd45d#1117286,1774206131,24715011,0x07aeb479baced3d1df68e96ded393f1e52e79a9de8eb6983bb4504173b5bd45d,956,0x8ad599c3a0ff1de082011efddc58f1908eb6e6d8,3000.0,0.0,47738335.0,,,0xc74ece8ed49f2f6d2e4164de632c900a0150296f,0xc36442b4a4522e871399cd717abdd847ab11fe88,0xa0b86991c6218b36c1d19d4a2e9eb0ce3606eb48,USDC,6,0xc02aaa39b223fe8d0a0e5c4f27ead9083c756cc2,WETH,18,0.0,2.5374147171880925,5242.942440821645,1730481391160126.0,,,198600,199980,2026-03-22T19:02:11+00:00
burn,0xb495eb49bfc5fb5d3b28255b967eeaff26c0aec077a1557f6b0c257347bcfc36#1117286,1774206371,24715031,0xb495eb49bfc5fb5d3b28255b967eeaff26c0aec077a1557f6b0c257347bcfc36,352,0x8ad599c3a0ff1de082011efddc58f1908eb6e6d8,3000.0,0.0,51551209.0,,,0xd8f3d8e1fd123d69dec6d96ad6708bdb378c7fa2,0xc36442b4a4522e871399cd717abdd847ab11fe88,0xa0b86991c6218b36c1d19d4a2e9eb0ce3606eb48,USDC,6,0xc02aaa39b223fe8d0a0e5c4f27ead9083c756cc2,WETH,18,0.0,0.27601090781266596,570.308547868908,180660028699467.0,,,198540,199980,2026-03-22T19:06:11+00:00
burn,0x533da08e63caffc22deacbabf4cfcef7561a9c6b9248e64b3104a8753993fef1#1117290,1774206383,24715032,0x533da08e63caffc22deacbabf4cfcef7561a9c6b9248e64b3104a8753993fef1,422,0x8ad599c3a0ff1de082011efddc58f1908eb6e6d8,3000.0,0.0,50754692.0,,,0x846abee8d773693cb30bcc2b6846eabf155bd50b,0xc36442b4a4522e871399cd717abdd847ab11fe88,0xa0b86991c6218b36c1d19d4a2e9eb0ce3606eb48,USDC,6,0xc02aaa39b223fe8d0a0e5c4f27ead9083c756cc2,WETH,18,0.0,0.2579833075158059,533.0589528136231,175941011873996.0,,,198600,199980,2026-03-22T19:06:23+00:00
burn,0x2be2ca32790d37e08eac2bdea2d1b1802a34940b82a3b899970065d594bb139c#1117307,1774207571,24715131,0x2be2ca32790d37e08eac2bdea2d1b1802a34940b82a3b899970065d594bb139c,9,0x8ad599c3a0ff1de082011efddc58f1908eb6e6d8,3000.0,0.0,142196608.0,,,0x774d478cb54da2b9d36c1e1a9c4bbb95515eaf75,0xc36442b4a4522e871399cd717abdd847ab11fe88,0xa0b86991c6218b36c1d19d4a2e9eb0ce3606eb48,USDC,6,0xc02aaa39b223fe8d0a0e5c4f27ead9083c756cc2,WETH,18,0.0,0.0,0.0,0.0,,,193320,206280,2026-03-22T19:26:11+00:00
burn,0xdfc49fbda16603568a2707e7bf21c8f8896efe75f16deca39a017218bbd869af#1117326,1774208963,24715247,0xdfc49fbda16603568a2707e7bf21c8f8896efe75f16deca39a017218bbd869af,275,0x8ad599c3a0ff1de082011efddc58f1908eb6e6d8,3000.0,0.0,2045974028.0,,,0x371d98623613ef5e9bb04014b999e2b7da4d3739,0xc36442b4a4522e871399cd717abdd847ab11fe88,0xa0b86991c6218b36c1d19d4a2e9eb0ce3606eb48,USDC,6,0xc02aaa39b223fe8d0a0e5c4f27ead9083c756cc2,WETH,18,0.0,0.0,0.0,0.0,,,198180,200460,2026-03-22T19:49:23+00:00
burn,0x35c6e780bb30021a0d1ec5478f4cd4655b742f7a92ce40fe69212fe0e0aeebce#1117329,1774208987,24715249,0x35c6e780bb30021a0d1ec5478f4cd4655b742f7a92ce40fe69212fe0e0aeebce,6,0x8ad599c3a0ff1de082011efddc58f1908eb6e6d8,3000.0,0.0,2043299827.0,,,0x371d98623613ef5e9bb04014b999e2b7da4d3739,0xc36442b4a4522e871399cd717abdd847ab11fe88,0xa0b86991c6218b36c1d19d4a2e9eb0ce3606eb48,USDC,6,0xc02aaa39b223fe8d0a0e5c4f27ead9083c756cc2,WETH,18,1038.028412,1.9781659078718856,5115.410324824923,1027265305186246.0,,,198180,200460,2026-03-22T19:49:47+00:00
burn,0x0489903ec6309081c46babc3a89a269ee53eae6401525c5027f00be807b22345#1117330,1774208987,24715249,0x0489903ec6309081c46babc3a89a269ee53eae6401525c5027f00be807b22345,14,0x8ad599c3a0ff1de082011efddc58f1908eb6e6d8,3000.0,0.0,2043299827.0,,,0x371d98623613ef5e9bb04014b999e2b7da4d3739,0xc36442b4a4522e871399cd717abdd847ab11fe88,0xa0b86991c6218b36c1d19d4a2e9eb0ce3606eb48,USDC,6,0xc02aaa39b223fe8d0a0e5c4f27ead9083c756cc2,WETH,18,0.0,1.2137870814742358,2501.8495528253356,444977093653900.0,,,196920,199620,2026-03-22T19:49:47+00:00
burn,0x36f14932c367ab45771b57e7797f36113d4d1d4f464cbf7843b5c628b395961b#1117342,1774209599,24715299,0x36f14932c367ab45771b57e7797f36113d4d1d4f464cbf7843b5c628b395961b,116,0x8ad599c3a0ff1de082011efddc58f1908eb6e6d8,3000.0,0.0,2069404818.0,,,0x07c74d8a5fb752303a99936151eedc39c6529d97,0xc36442b4a4522e871399cd717abdd847ab11fe88,0xa0b86991c6218b36c1d19d4a2e9eb0ce3606eb48,USDC,6,0xc02aaa39b223fe8d0a0e5c4f27ead9083c756cc2,WETH,18,0.0,7.812528367283212,16103.132675472758,1.0198233675827352e+16,,,198960,199680,2026-03-22T19:59:59+00:00
burn,0x410fad62aae3017b5b99d2b54d815cc4e5cb3ce3b71dce4ad92e7c9079882c87#1117343,1774209635,24715302,0x410fad62aae3017b5b99d2b54d815cc4e5cb3ce3b71dce4ad92e7c9079882c87,266,0x8ad599c3a0ff1de082011efddc58f1908eb6e6d8,3000.0,0.0,2066192859.0,,,0x07c74d8a5fb752303a99936151eedc39c6529d97,0xc36442b4a4522e871399cd717abdd847ab11fe88,0xa0b86991c6218b36c1d19d4a2e9eb0ce3606eb48,USDC,6,0xc02aaa39b223fe8d0a0e5c4f27ead9083c756cc2,WETH,18,0.0,7.238242433524615,14919.418242677892,6260950497871129.0,,,198900,199980,2026-03-22T20:00:35+00:00
burn,0x5f9cec984bb85e800684ffe25c89d05b2e5790bd3cf3ab7f27f00f740b0f184f#1117344,1774209647,24715303,0x5f9cec984bb85e800684ffe25c89d05b2e5790bd3cf3ab7f27f00f740b0f184f,583,0x8ad599c3a0ff1de082011efddc58f1908eb6e6d8,3000.0,0.0,60994598.0,,,0x158d8a91eeb479dc3f578aba68a55d78a7ee4b03,0xc36442b4a4522e871399cd717abdd847ab11fe88,0xa0b86991c6218b36c1d19d4a2e9eb0ce3606eb48,USDC,6,0xc02aaa39b223fe8d0a0e5c4f27ead9083c756cc2,WETH,18,0.0,0.0,0.0,0.0,,,199320,200520,2026-03-22T20:00:47+00:00
burn,0xae860df2987eb3b804fe31a9ade992321d707223070dce35d10c1de72206a3b0#1117343,1774209731,24715310,0xae860df2987eb3b804fe31a9ade992321d707223070dce35d10c1de72206a3b0,46,0x8ad599c3a0ff1de082011efddc58f1908eb6e6d8,3000.0,0.0,153487241.0,,,0xffa8b87b2c93350bb2195ff8a3814be185f2126f,0xc36442b4a4522e871399cd717abdd847ab11fe88,0xa0b86991c6218b36c1d19d4a2e9eb0ce3606eb48,USDC,6,0xc02aaa39b223fe8d0a0e5c4f27ead9083c756cc2,WETH,18,0.0,0.0,0.0,0.0,,,197820,200100,2026-03-22T20:02:11+00:00
burn,0x0e0bb25e62177068931a391876185d9384763f2912464c257727ad96c4eccd94#1117349,1774209923,24715326,0x0e0bb25e62177068931a391876185d9384763f2912464c257727ad96c4eccd94,126,0x8ad599c3a0ff1de082011efddc58f1908eb6e6d8,3000.0,0.0,2088785116.0,,,0x389de9ac94edff38127749c6ccb255c5b8fe09e9,0xc36442b4a4522e871399cd717abdd847ab11fe88,0xa0b86991c6218b36c1d19d4a2e9eb0ce3606eb48,USDC,6,0xc02aaa39b223fe8d0a0e5c4f27ead9083c756cc2,WETH,18,0.0,11.871723655347356,24482.21574527353,1.0889341450531168e+16,,,198900,199920,2026-03-22T20:05:23+00:00
burn,0x3d0e36fa18450dcb4043565048f387b7e1fcb4867d28bc05a06b915ee241fb05#1117370,1774211627,24715466,0x3d0e36fa18450dcb4043565048f387b7e1fcb4867d28bc05a06b915ee241fb05,322,0x8ad599c3a0ff1de082011efddc58f1908eb6e6d8,3000.0,0.0,44750100.0,,,0x508a312cf7334b44b9ff22ac0bac1b3db9eed4e1,0xc36442b4a4522e871399cd717abdd847ab11fe88,0xa0b86991c6218b36c1d19d4a2e9eb0ce3606eb48,USDC,6,0xc02aaa39b223fe8d0a0e5c4f27ead9083c756cc2,WETH,18,458.508393,0.24424894082662824,962.893678211195,152527979187069.0,,,198480,201360,2026-03-22T20:33:47+00:00
burn,0x3d0e36fa18450dcb4043565048f387b7e1fcb4867d28bc05a06b915ee241fb05#1117371,1774211627,24715466,0x3d0e36fa18450dcb4043565048f387b7e1fcb4867d28bc05a06b915ee241fb05,324,0x8ad599c3a0ff1de082011efddc58f1908eb6e6d8,3000.0,0.0,44750100.0,,,0x508a312cf7334b44b9ff22ac0bac1b3db9eed4e1,0xc36442b4a4522e871399cd717abdd847ab11fe88,0xa0b86991c6218b36c1d19d4a2e9eb0ce3606eb48,USDC,6,0xc02aaa39b223fe8d0a0e5c4f27ead9083c756cc2,WETH,18,0.0,0.0,0.0,0.0,,,198480,201360,2026-03-22T20:33:47+00:00
burn,0xcf982a95a6b69c841dd07bef7ab61278ad2028e0d05746d5f195d6a637f1a200#1117370,1774212035,24715500,0xcf982a95a6b69c841dd07bef7ab61278ad2028e0d05746d5f195d6a637f1a200,1102,0x8ad599c3a0ff1de082011efddc58f1908eb6e6d8,3000.0,0.0,40281730.0,,,0xf7919eb00397253bbc5f7c5a6619c411238c2eb9,0xc36442b4a4522e871399cd717abdd847ab11fe88,0xa0b86991c6218b36c1d19d4a2e9eb0ce3606eb48,USDC,6,0xc02aaa39b223fe8d0a0e5c4f27ead9083c756cc2,WETH,18,0.0,0.9160011150741724,1891.5843897493355,2363010564831392.0,,,199380,199740,2026-03-22T20:40:35+00:00
burn,0x33d9b5cea2870020947901e1f60e5f09b124a374059c5c96613e164a19f69776#1117375,1774212119,24715507,0x33d9b5cea2870020947901e1f60e5f09b124a374059c5c96613e164a19f69776,306,0x8ad599c3a0ff1de082011efddc58f1908eb6e6d8,3000.0,0.0,104690818.0,,,0x788150e449486054c1018f64c778468180927dad,0xc36442b4a4522e871399cd717abdd847ab11fe88,0xa0b86991c6218b36c1d19d4a2e9eb0ce3606eb48,USDC,6,0xc02aaa39b223fe8d0a0e5c4f27ead9083c756cc2,WETH,18,0.0,0.0,0.0,0.0,,,197280,203520,2026-03-22T20:41:59+00:00
burn,0x32f561fc2ac862ce297eda03221d04c4acf4590d879af8ba4e026ad5965f5750#1117378,1774212491,24715537,0x32f561fc2ac862ce297eda03221d04c4acf4590d879af8ba4e026ad5965f5750,786,0x8ad599c3a0ff1de082011efddc58f1908eb6e6d8,3000.0,0.0,40505028.0,,,0x2497361c4e93571f818493063ac0baabe0cd0462,0xc36442b4a4522e871399cd717abdd847ab11fe88,0xa0b86991c6218b36c1d19d4a2e9eb0ce3606eb48,USDC,6,0xc02aaa39b223fe8d0a0e5c4f27ead9083c756cc2,WETH,18,0.0,0.0,0.0,0.0,,,199260,201720,2026-03-22T20:48:11+00:00
burn,0xfccc0e253ec2a8013449b4a7513326a016b12aba0af60de4d130df8546cee8d8#1117401,1774213667,24715635,0xfccc0e253ec2a8013449b4a7513326a016b12aba0af60de4d130df8546cee8d8,85,0x8ad599c3a0ff1de082011efddc58f1908eb6e6d8,3000.0,0.0,9070399841.0,,,0x371d98623613ef5e9bb04014b999e2b7da4d3739,0xc36442b4a4522e871399cd717abdd847ab11fe88,0xa0b86991c6218b36c1d19d4a2e9eb0ce3606eb48,USDC,6,0xc02aaa39b223fe8d0a0e5c4f27ead9083c756cc2,WETH,18,3950.20667,0.0,3950.20667,1596595821495859.0,,,200340,201480,2026-03-22T21:07:47+00:00
burn,0x2751f6b6f977a91f926899f0261af67a6d300aa5bd8789bf9d5cf221bc255aea#1117422,1774214483,24715703,0x2751f6b6f977a91f926899f0261af67a6d300aa5bd8789bf9d5cf221bc255aea,1171,0x8ad599c3a0ff1de082011efddc58f1908eb6e6d8,3000.0,0.0,97333721.0,,,0x431bfd88ba89a56206231ff3be504eccc59319fe,0xc36442b4a4522e871399cd717abdd847ab11fe88,0xa0b86991c6218b36c1d19d4a2e9eb0ce3606eb48,USDC,6,0xc02aaa39b223fe8d0a0e5c4f27ead9083c756cc2,WETH,18,1363.555584,46.590884135577085,96136.65485194439,3.33456020263847e+16,,,198840,200160,2026-03-22T21:21:23+00:00
burn,0x0f7b8eae217179141e548f4891958347868bfa0bfd38caa2518b3c6d97f9a6f1#1117423,1774214483,24715703,0x0f7b8eae217179141e548f4891958347868bfa0bfd38caa2518b3c6d97f9a6f1,1181,0x8ad599c3a0ff1de082011efddc58f1908eb6e6d8,3000.0,0.0,97333721.0,,,0x11ab22c95994a946a5430360bc230b8a65bb5a6f,0xc36442b4a4522e871399cd717abdd847ab11fe88,0xa0b86991c6218b36c1d19d4a2e9eb0ce3606eb48,USDC,6,0xc02aaa39b223fe8d0a0e5c4f27ead9083c756cc2,WETH,18,1385.383941,47.33673011743641,97675.64985192241,3.3879412099867892e+16,,,198840,200160,2026-03-22T21:21:23+00:00
burn,0xd8fc61d8469dc4726d6a88c3b405de3eb320acaa83a3f985c89cf5a4793647ec#1117491,1774216931,24715906,0xd8fc61d8469dc4726d6a88c3b405de3eb320acaa83a3f985c89cf5a4793647ec,244,0x8ad599c3a0ff1de082011efddc58f1908eb6e6d8,3000.0,0.0,62139315.0,,,0xc74ece8ed49f2f6d2e4164de632c900a0150296f,0xc36442b4a4522e871399cd717abdd847ab11fe88,0xa0b86991c6218b36c1d19d4a2e9eb0ce3606eb48,USDC,6,0xc02aaa39b223fe8d0a0e5c4f27ead9083c756cc2,WETH,18,0.0,3.906523732232428,7978.650384627861,2549314863459857.0,,,198600,200040,2026-03-22T22:02:11+00:00
burn,0xf14d4e898dfc1b827d479fa8bbd8a4497908021e6d5a668a191fcae104ff79d2#1117600,1774220531,24716206,0xf14d4e898dfc1b827d479fa8bbd8a4497908021e6d5a668a191fcae104ff79d2,1108,0x8ad599c3a0ff1de082011efddc58f1908eb6e6d8,3000.0,0.0,143091700.0,,,0xb1a8721bfa303f9313de43d2481efe940c209ad1,0xc36442b4a4522e871399cd717abdd847ab11fe88,0xa0b86991c6218b36c1d19d4a2e9eb0ce3606eb48,USDC,6,0xc02aaa39b223fe8d0a0e5c4f27ead9083c756cc2,WETH,18,0.0,0.0,0.0,0.0,,,198060,202920,2026-03-22T23:02:11+00:00
burn,0x6677455bfb41dc3f0d67bb14990f93b088d61daad4ed8c73046353d9fe2c875e#1117603,1774220531,24716206,0x6677455bfb41dc3f0d67bb14990f93b088d61daad4ed8c73046353d9fe2c875e,1401,0x8ad599c3a0ff1de082011efddc58f1908eb6e6d8,3000.0,0.0,43091715.0,,,0x4dcff7a73fd1910cf937b6b40c434ecdbea95483,0xc36442b4a4522e871399cd717abdd847ab11fe88,0xa0b86991c6218b36c1d19d4a2e9eb0ce3606eb48,USDC,6,0xc02aaa39b223fe8d0a0e5c4f27ead9083c756cc2,WETH,18,0.0,0.0,0.0,0.0,,,198900,200340,2026-03-22T23:02:11+00:00
burn,0x64953e607b90a79e01f78b607189a48db3e9a20c0ff91723eb69faa25ea26358#1117612,1774220915,24716238,0x64953e607b90a79e01f78b607189a48db3e9a20c0ff91723eb69faa25ea26358,467,0x8ad599c3a0ff1de082011efddc58f1908eb6e6d8,3000.0,0.0,44753791.0,,,0x508a312cf7334b44b9ff22ac0bac1b3db9eed4e1,0xc36442b4a4522e871399cd717abdd847ab11fe88,0xa0b86991c6218b36c1d19d4a2e9eb0ce3606eb48,USDC,6,0xc02aaa39b223fe8d0a0e5c4f27ead9083c756cc2,WETH,18,0.0,0.0,0.0,0.0,,,198480,201360,2026-03-22T23:08:35+00:00
burn,0xa638b85428afd42c071cc7c0986cc6d633f9dd6a50775565bcef6d2aa2458a47#1117629,1774221683,24716301,0xa638b85428afd42c071cc7c0986cc6d633f9dd6a50775565bcef6d2aa2458a47,1056,0x8ad599c3a0ff1de082011efddc58f1908eb6e6d8,3000.0,0.0,2547125603.0,,,0x389de9ac94edff38127749c6ccb255c5b8fe09e9,0xc36442b4a4522e871399cd717abdd847ab11fe88,0xa0b86991c6218b36c1d19d4a2e9eb0ce3606eb48,USDC,6,0xc02aaa39b223fe8d0a0e5c4f27ead9083c756cc2,WETH,18,0.0,11.0,22735.989641289085,1.8832567456376868e+16,,,199380,199920,2026-03-22T23:21:23+00:00
burn,0xb45898db183a4939a90e820784bdcfcaf703788382edae6e0715289eb8ce23c2#1117634,1774221911,24716320,0xb45898db183a4939a90e820784bdcfcaf703788382edae6e0715289eb8ce23c2,337,0x8ad599c3a0ff1de082011efddc58f1908eb6e6d8,3000.0,0.0,2040079762.0,,,0x07c74d8a5fb752303a99936151eedc39c6529d97,0xc36442b4a4522e871399cd717abdd847ab11fe88,0xa0b86991c6218b36c1d19d4a2e9eb0ce3606eb48,USDC,6,0xc02aaa39b223fe8d0a0e5c4f27ead9083c756cc2,WETH,18,0.0,15.0,30994.93753745916,2.568077380415027e+16,,,199380,199920,2026-03-22T23:25:11+00:00
burn,0xd4eae1b3cff9e95305df92b9fe68bbba9bcaf4093f9c9c41581c30bbdd4e2728#1117664,1774223483,24716451,0xd4eae1b3cff9e95305df92b9fe68bbba9bcaf4093f9c9c41581c30bbdd4e2728,121,0x8ad599c3a0ff1de082011efddc58f1908eb6e6d8,3000.0,0.0,2036161270.0,,,0x7366fbbc239f10eeaa9a65433244c8b80b0dab49,0xc36442b4a4522e871399cd717abdd847ab11fe88,0xa0b86991c6218b36c1d19d4a2e9eb0ce3606eb48,USDC,6,0xc02aaa39b223fe8d0a0e5c4f27ead9083c756cc2,WETH,18,0.0,0.0,0.0,0.0,,,197640,202080,2026-03-22T23:51:23+00:00
burn,0xfc552f43d78025f4e3aedcffc516f53db704939f2d64c2d55e27c3c76499f841#1117683,1774224191,24716509,0xfc552f43d78025f4e3aedcffc516f53db704939f2d64c2d55e27c3c76499f841,818,0x8ad599c3a0ff1de082011efddc58f1908eb6e6d8,3000.0,0.0,38868998.0,,,0xda615787f81bf9a7ddbd7d36bffd868491f26220,0xc36442b4a4522e871399cd717abdd847ab11fe88,0xa0b86991c6218b36c1d19d4a2e9eb0ce3606eb48,USDC,6,0xc02aaa39b223fe8d0a0e5c4f27ead9083c756cc2,WETH,18,0.0,0.0,0.0,0.0,,,198840,200520,2026-03-23T00:03:11+00:00
burn,0x477d44ac4e765bd73bd75f3a77a6dc3e82ebbc73753887dc9ccc833e425266b3#1117686,1774224191,24716509,0x477d44ac4e765bd73bd75f3a77a6dc3e82ebbc73753887dc9ccc833e425266b3,847,0x8ad599c3a0ff1de082011efddc58f1908eb6e6d8,3000.0,0.0,38868998.0,,,0x143b67cf0b87c59b9eb3bbfd5a8d4c74dec426d1,0xc36442b4a4522e871399cd717abdd847ab11fe88,0xa0b86991c6218b36c1d19d4a2e9eb0ce3606eb48,USDC,6,0xc02aaa39b223fe8d0a0e5c4f27ead9083c756cc2,WETH,18,0.0,0.0,0.0,0.0,,,198720,200340,2026-03-23T00:03:11+00:00
burn,0x7fd7d2602400707180fcb8c95a6db14f83bd09d5f01f220ca658efb60da8f976#1117688,1774224311,24716519,0x7fd7d2602400707180fcb8c95a6db14f83bd09d5f01f220ca658efb60da8f976,686,0x8ad599c3a0ff1de082011efddc58f1908eb6e6d8,3000.0,0.0,35940228.0,,,0xdc7b1ebbc9f79c082b2e0f02ee3077a8d974fa8e,0xc36442b4a4522e871399cd717abdd847ab11fe88,0xa0b86991c6218b36c1d19d4a2e9eb0ce3606eb48,USDC,6,0xc02aaa39b223fe8d0a0e5c4f27ead9083c756cc2,WETH,18,0.0,0.0,0.0,0.0,,,198600,200040,2026-03-23T00:05:11+00:00
burn,0xdf59feb58ecc583c7e7790cf86b79582cd2bdc0e056e9d286c52464915d05b45#1117696,1774224623,24716545,0xdf59feb58ecc583c7e7790cf86b79582cd2bdc0e056e9d286c52464915d05b45,1204,0x8ad599c3a0ff1de082011efddc58f1908eb6e6d8,3000.0,0.0,39828911.0,,,0x641169964b55211a1c3559245379f11f765b083c,0xc36442b4a4522e871399cd717abdd847ab11fe88,0xa0b86991c6218b36c1d19d4a2e9eb0ce3606eb48,USDC,6,0xc02aaa39b223fe8d0a0e5c4f27ead9083c756cc2,WETH,18,0.0,0.0,0.0,0.0,,,198960,200220,2026-03-23T00:10:23+00:00
burn,0xc464f42dcc36b13a4efb5f358549e79c634ba5ad204020898be6e1c80eb1fe64#1117698,1774224635,24716546,0xc464f42dcc36b13a4efb5f358549e79c634ba5ad204020898be6e1c80eb1fe64,618,0x8ad599c3a0ff1de082011efddc58f1908eb6e6d8,3000.0,0.0,44776052.0,,,0x143b67cf0b87c59b9eb3bbfd5a8d4c74dec426d1,0xc36442b4a4522e871399cd717abdd847ab11fe88,0xa0b86991c6218b36c1d19d4a2e9eb0ce3606eb48,USDC,6,0xc02aaa39b223fe8d0a0e5c4f27ead9083c756cc2,WETH,18,0.0,0.0,0.0,0.0,,,198900,200340,2026-03-23T00:10:35+00:00
burn,0xd6b0350ad858f82fc591f1830021501f89859d67b1688b5fb1db10d4b761284e#1117699,1774224659,24716548,0xd6b0350ad858f82fc591f1830021501f89859d67b1688b5fb1db10d4b761284e,1188,0x8ad599c3a0ff1de082011efddc58f1908eb6e6d8,3000.0,0.0,42837587.0,,,0xda615787f81bf9a7ddbd7d36bffd868491f26220,0xc36442b4a4522e871399cd717abdd847ab11fe88,0xa0b86991c6218b36c1d19d4a2e9eb0ce3606eb48,USDC,6,0xc02aaa39b223fe8d0a0e5c4f27ead9083c756cc2,WETH,18,0.0,0.0,0.0,0.0,,,198840,200220,2026-03-23T00:10:59+00:00
burn,0x025a5a6a3b482535208d79aa52dbd85580b2f985a4ffc54f67a8d8d3928b430a#1117702,1774224671,24716549,0x025a5a6a3b482535208d79aa52dbd85580b2f985a4ffc54f67a8d8d3928b430a,544,0x8ad599c3a0ff1de082011efddc58f1908eb6e6d8,3000.0,0.0,47973176.0,,,0xdc7b1ebbc9f79c082b2e0f02ee3077a8d974fa8e,0xc36442b4a4522e871399cd717abdd847ab11fe88,0xa0b86991c6218b36c1d19d4a2e9eb0ce3606eb48,USDC,6,0xc02aaa39b223fe8d0a0e5c4f27ead9083c756cc2,WETH,18,0.0,0.0,0.0,0.0,,,198600,200040,2026-03-23T00:11:11+00:00
burn,0xad821f629056e81a2c1bdbe0522a7a34c9ecf80f1adf9d75f88ee1d817aee508#1117704,1774224863,24716565,0xad821f629056e81a2c1bdbe0522a7a34c9ecf80f1adf9d75f88ee1d817aee508,138,0x8ad599c3a0ff1de082011efddc58f1908eb6e6d8,3000.0,0.0,2137607335.0,,,0xaa5164719a365c3c7ab63322f68dd376dc67bc7e,0xc36442b4a4522e871399cd717abdd847ab11fe88,0xa0b86991c6218b36c1d19d4a2e9eb0ce3606eb48,USDC,6,0xc02aaa39b223fe8d0a0e5c4f27ead9083c756cc2,WETH,18,0.0,0.0,0.0,0.0,,,189000,202860,2026-03-23T00:14:23+00:00
burn,0x2f1a6c26121121d8fd89917148bb167fe8717ac4f7073c107dd0e51fb40140e2#1117712,1774225223,24716595,0x2f1a6c26121121d8fd89917148bb167fe8717ac4f7073c107dd0e51fb40140e2,759,0x8ad599c3a0ff1de082011efddc58f1908eb6e6d8,3000.0,0.0,43641495.0,,,0xa1e0b6edbf434be1322e2d1e2d438bbfcbe81546,0xc36442b4a4522e871399cd717abdd847ab11fe88,0xa0b86991c6218b36c1d19d4a2e9eb0ce3606eb48,USDC,6,0xc02aaa39b223fe8d0a0e5c4f27ead9083c756cc2,WETH,18,0.0,0.0,0.0,0.0,,,199140,200580,2026-03-23T00:20:23+00:00
burn,0xb260d36753cb4bf572483d533863f65a29c6be16a7e05c884854adbb388ee5f2#1117713,1774225415,24716611,0xb260d36753cb4bf572483d533863f65a29c6be16a7e05c884854adbb388ee5f2,615,0x8ad599c3a0ff1de082011efddc58f1908eb6e6d8,3000.0,0.0,53425212.0,,,0xa1e0b6edbf434be1322e2d1e2d438bbfcbe81546,0xc36442b4a4522e871399cd717abdd847ab11fe88,0xa0b86991c6218b36c1d19d4a2e9eb0ce3606eb48,USDC,6,0xc02aaa39b223fe8d0a0e5c4f27ead9083c756cc2,WETH,18,0.0,0.0,0.0,0.0,,,199260,200700,2026-03-23T00:23:35+00:00
burn,0x99159c4dd70761612c0f176eec405f1ada185e62b22ea17f5a386f11ea36df63#1117809,1774227383,24716774,0x99159c4dd70761612c0f176eec405f1ada185e62b22ea17f5a386f11ea36df63,625,0x8ad599c3a0ff1de082011efddc58f1908eb6e6d8,3000.0,0.0,69236237.0,,,0x377abbf0c98feee70e74d1176acd32ba5aa09dcc,0xc36442b4a4522e871399cd717abdd847ab11fe88,0xa0b86991c6218b36c1d19d4a2e9eb0ce3606eb48,USDC,6,0xc02aaa39b223fe8d0a0e5c4f27ead9083c756cc2,WETH,18,0.0,0.8736667217916868,1788.294085393351,519846740384796.0,,,198000,199620,2026-03-23T00:56:23+00:00
burn,0x52ee1be40b25a68296ed712716e0ea7c51fef1abfd71f8d772da54c1e0c39762#1117814,1774227647,24716796,0x52ee1be40b25a68296ed712716e0ea7c51fef1abfd71f8d772da54c1e0c39762,740,0x8ad599c3a0ff1de082011efddc58f1908eb6e6d8,3000.0,0.0,91455440.0,,,0xbd6edb6416caa13d9e2f15e41b14a7b9a6daebf0,0xc36442b4a4522e871399cd717abdd847ab11fe88,0xa0b86991c6218b36c1d19d4a2e9eb0ce3606eb48,USDC,6,0xc02aaa39b223fe8d0a0e5c4f27ead9083c756cc2,WETH,18,0.0,1.4029504795386438,2871.676353575442,915535846019840.0,,,198600,200040,2026-03-23T01:00:47+00:00
burn,0x04adf20bc8ae3c184eb376fd329cc80616c7ce5cbd9ed9deb80bc03089eef1a9#1117821,1774227815,24716810,0x04adf20bc8ae3c184eb376fd329cc80616c7ce5cbd9ed9deb80bc03089eef1a9,426,0x8ad599c3a0ff1de082011efddc58f1908eb6e6d8,3000.0,0.0,99672551.0,,,0x377abbf0c98feee70e74d1176acd32ba5aa09dcc,0xc36442b4a4522e871399cd717abdd847ab11fe88,0xa0b86991c6218b36c1d19d4a2e9eb0ce3606eb48,USDC,6,0xc02aaa39b223fe8d0a0e5c4f27ead9083c756cc2,WETH,18,0.0,0.4343417887210784,886.7977356040484,258440841853870.0,,,198000,199620,2026-03-23T01:03:35+00:00
burn,0xc91839c039f65fa51b4c42dadd18105d213253fca7f01bff65d078f8cff76a74#1117826,1774228067,24716831,0xc91839c039f65fa51b4c42dadd18105d213253fca7f01bff65d078f8cff76a74,308,0x8ad599c3a0ff1de082011efddc58f1908eb6e6d8,3000.0,0.0,82094393.0,,,0xbd6edb6416caa13d9e2f15e41b14a7b9a6daebf0,0xc36442b4a4522e871399cd717abdd847ab11fe88,0xa0b86991c6218b36c1d19d4a2e9eb0ce3606eb48,USDC,6,0xc02aaa39b223fe8d0a0e5c4f27ead9083c756cc2,WETH,18,0.0,1.4194689965949479,2902.491658877171,926315481301842.0,,,198600,200040,2026-03-23T01:07:47+00:00
burn,0xea9ee6395d62910cecc16b88f7d42d17ea5db07c6e3288e54c8ada8c69bfc48b#1117905,1774232987,24717240,0xea9ee6395d62910cecc16b88f7d42d17ea5db07c6e3288e54c8ada8c69bfc48b,838,0x8ad599c3a0ff1de082011efddc58f1908eb6e6d8,3000.0,0.0,135419410.0,,,0xffa8b87b2c93350bb2195ff8a3814be185f2126f,0xc36442b4a4522e871399cd717abdd847ab11fe88,0xa0b86991c6218b36c1d19d4a2e9eb0ce3606eb48,USDC,6,0xc02aaa39b223fe8d0a0e5c4f27ead9083c756cc2,WETH,18,0.0,0.0,0.0,0.0,,,197820,200100,2026-03-23T02:29:47+00:00
burn,0x68e7c21ff0ae2e66fa0da893e3be0a95f280ff6a71e6ce6a4feb61913a9428be#1117931,1774235171,24717421,0x68e7c21ff0ae2e66fa0da893e3be0a95f280ff6a71e6ce6a4feb61913a9428be,330,0x8ad599c3a0ff1de082011efddc58f1908eb6e6d8,3000.0,0.0,144869708.0,,,0xb1a8721bfa303f9313de43d2481efe940c209ad1,0xc36442b4a4522e871399cd717abdd847ab11fe88,0xa0b86991c6218b36c1d19d4a2e9eb0ce3606eb48,USDC,6,0xc02aaa39b223fe8d0a0e5c4f27ead9083c756cc2,WETH,18,0.0,0.0,0.0,0.0,,,198060,202920,2026-03-23T03:06:11+00:00
burn,0x2e4df3992e619f8dda7dde2c195b076633631da6c99b024dffd7df5f467eac66#1117938,1774235699,24717465,0x2e4df3992e619f8dda7dde2c195b076633631da6c99b024dffd7df5f467eac66,356,0x8ad599c3a0ff1de082011efddc58f1908eb6e6d8,3000.0,0.0,45226330.0,,,0xe941cbdabb8e25cb9457b212196af7b5c0b42dd2,0xc36442b4a4522e871399cd717abdd847ab11fe88,0xa0b86991c6218b36c1d19d4a2e9eb0ce3606eb48,USDC,6,0xc02aaa39b223fe8d0a0e5c4f27ead9083c756cc2,WETH,18,0.0,0.6947867792613582,1434.3691767371974,408479065760266.0,,,198240,199860,2026-03-23T03:14:59+00:00
burn,0x196e693a396b9122e2e9b874819e2ba0eea29f0af770a713c5c1909761eeed1d#1118055,1774242395,24718020,0x196e693a396b9122e2e9b874819e2ba0eea29f0af770a713c5c1909761eeed1d,356,0x8ad599c3a0ff1de082011efddc58f1908eb6e6d8,3000.0,0.0,129772341.0,,,0xe5e07cedb878f7480f95a2f04dc890949ba8d98d,0xc36442b4a4522e871399cd717abdd847ab11fe88,0xa0b86991c6218b36c1d19d4a2e9eb0ce3606eb48,USDC,6,0xc02aaa39b223fe8d0a0e5c4f27ead9083c756cc2,WETH,18,0.0,0.0,0.0,0.0,,,193380,200340,2026-03-23T05:06:35+00:00
burn,0x88f8e369ed7ce87cb06c48350fe49e3a83b34b7495fb5c7b18974a5fd0b75af7#1118107,1774244327,24718181,0x88f8e369ed7ce87cb06c48350fe49e3a83b34b7495fb5c7b18974a5fd0b75af7,322,0x8ad599c3a0ff1de082011efddc58f1908eb6e6d8,3000.0,0.0,171153028.0,,,0xe3fcae944985975bfe0932336746362ae6d639bd,0xc36442b4a4522e871399cd717abdd847ab11fe88,0xa0b86991c6218b36c1d19d4a2e9eb0ce3606eb48,USDC,6,0xc02aaa39b223fe8d0a0e5c4f27ead9083c756cc2,WETH,18,815.581777,0.4637488798784792,1772.9261878839802,2177772502204942.0,,,199800,200160,2026-03-23T05:38:47+00:00
burn,0xef3997ddda9d9328c3d9a587b5b1f5f808e7de5ec3bbf70600f522b9d2111112#1118109,1774245119,24718246,0xef3997ddda9d9328c3d9a587b5b1f5f808e7de5ec3bbf70600f522b9d2111112,600,0x8ad599c3a0ff1de082011efddc58f1908eb6e6d8,3000.0,0.0,543876049.0,,,0xb1a8721bfa303f9313de43d2481efe940c209ad1,0xc36442b4a4522e871399cd717abdd847ab11fe88,0xa0b86991c6218b36c1d19d4a2e9eb0ce3606eb48,USDC,6,0xc02aaa39b223fe8d0a0e5c4f27ead9083c756cc2,WETH,18,0.0,0.0,0.0,0.0,,,198060,202920,2026-03-23T05:51:59+00:00
burn,0x13ffe7c5dbc10f6563cc856277318057d25bba89c6247c9c829b53ebd26b5c2f#1118193,1774249031,24718571,0x13ffe7c5dbc10f6563cc856277318057d25bba89c6247c9c829b53ebd26b5c2f,120,0x8ad599c3a0ff1de082011efddc58f1908eb6e6d8,3000.0,0.0,2240826236.0,,,0x08af3115dc6442ea3dd1d38fd3b2ae236e6f156a,0xc36442b4a4522e871399cd717abdd847ab11fe88,0xa0b86991c6218b36c1d19d4a2e9eb0ce3606eb48,USDC,6,0xc02aaa39b223fe8d0a0e5c4f27ead9083c756cc2,WETH,18,0.0,0.0,0.0,0.0,,,198180,200580,2026-03-23T06:57:11+00:00
burn,0xdd5093a3b69b1ea8717001a841fd64fa02527f3674daec0f7c77ed70bfdc4bbf#1118192,1774249055,24718573,0xdd5093a3b69b1ea8717001a841fd64fa02527f3674daec0f7c77ed70bfdc4bbf,113,0x8ad599c3a0ff1de082011efddc58f1908eb6e6d8,3000.0,0.0,2143701455.0,,,0x08af3115dc6442ea3dd1d38fd3b2ae236e6f156a,0xc36442b4a4522e871399cd717abdd847ab11fe88,0xa0b86991c6218b36c1d19d4a2e9eb0ce3606eb48,USDC,6,0xc02aaa39b223fe8d0a0e5c4f27ead9083c756cc2,WETH,18,225.509462,0.4776062674350749,1197.0651990598797,230592065725090.0,,,198180,200580,2026-03-23T06:57:35+00:00
burn,0xd67a7bd06210124673ea7a29b132ecd99503f5f619a6cf6e589720a965bc093c#1118193,1774249079,24718575,0xd67a7bd06210124673ea7a29b132ecd99503f5f619a6cf6e589720a965bc093c,132,0x8ad599c3a0ff1de082011efddc58f1908eb6e6d8,3000.0,0.0,2146295811.0,,,0x08af3115dc6442ea3dd1d38fd3b2ae236e6f156a,0xc36442b4a4522e871399cd717abdd847ab11fe88,0xa0b86991c6218b36c1d19d4a2e9eb0ce3606eb48,USDC,6,0xc02aaa39b223fe8d0a0e5c4f27ead9083c756cc2,WETH,18,0.0,0.0,0.0,0.0,,,197940,200520,2026-03-23T06:57:59+00:00
burn,0x4ae9a21541148021d2133a575169a81657d41824ce18812342a2de5e090bfa9e#1118196,1774249115,24718578,0x4ae9a21541148021d2133a575169a81657d41824ce18812342a2de5e090bfa9e,74,0x8ad599c3a0ff1de082011efddc58f1908eb6e6d8,3000.0,0.0,2137134306.0,,,0x08af3115dc6442ea3dd1d38fd3b2ae236e6f156a,0xc36442b4a4522e871399cd717abdd847ab11fe88,0xa0b86991c6218b36c1d19d4a2e9eb0ce3606eb48,USDC,6,0xc02aaa39b223fe8d0a0e5c4f27ead9083c756cc2,WETH,18,188.351803,0.5148793696364684,1235.7291922259199,222797850719424.0,,,197940,200520,2026-03-23T06:58:35+00:00
burn,0x992e5d39fdc369eb5211daf9a1d73e6ffe47724d73b42f65b102b0c9f44622ec#1118217,1774250423,24718686,0x992e5d39fdc369eb5211daf9a1d73e6ffe47724d73b42f65b102b0c9f44622ec,499,0x8ad599c3a0ff1de082011efddc58f1908eb6e6d8,3000.0,0.0,747179668.0,,,0x6e0eef8a3e8cd3056ca76edcf8f40684d62dec52,0xc36442b4a4522e871399cd717abdd847ab11fe88,0xa0b86991c6218b36c1d19d4a2e9eb0ce3606eb48,USDC,6,0xc02aaa39b223fe8d0a0e5c4f27ead9083c756cc2,WETH,18,0.0,0.0,0.0,0.0,,,198720,201900,2026-03-23T07:20:23+00:00
burn,0x5ef4b69fd9978f8d345c163e8e959853dd38894d51a7b47606c541e97d36449f#1118250,1774252763,24718880,0x5ef4b69fd9978f8d345c163e8e959853dd38894d51a7b47606c541e97d36449f,847,0x8ad599c3a0ff1de082011efddc58f1908eb6e6d8,3000.0,0.0,105169935.0,,,0x5933ea3ee3fc7c6eaee0ba505ed3c3f9fb80a6dc,0xc36442b4a4522e871399cd717abdd847ab11fe88,0xa0b86991c6218b36c1d19d4a2e9eb0ce3606eb48,USDC,6,0xc02aaa39b223fe8d0a0e5c4f27ead9083c756cc2,WETH,18,0.0,0.0,0.0,0.0,,,199140,206280,2026-03-23T07:59:23+00:00
burn,0x027b225513df29f04901b12cd3b7e08f8d12320255ed5a8f3791af252738c081#1118479,1774267151,24720075,0x027b225513df29f04901b12cd3b7e08f8d12320255ed5a8f3791af252738c081,358,0x8ad599c3a0ff1de082011efddc58f1908eb6e6d8,3000.0,0.0,1390203114.0,,,0xa97f23e1edfec89f834fa6a2a7fe3de7520b1458,0xc36442b4a4522e871399cd717abdd847ab11fe88,0xa0b86991c6218b36c1d19d4a2e9eb0ce3606eb48,USDC,6,0xc02aaa39b223fe8d0a0e5c4f27ead9083c756cc2,WETH,18,0.0,0.0,0.0,0.0,,,193380,207240,2026-03-23T11:59:11+00:00
burn,0x4678b569f4e04f2ecb5251a686cb894a63c5f5827147b98e390a45a768f5dd49#1118559,1774273595,24720607,0x4678b569f4e04f2ecb5251a686cb894a63c5f5827147b98e390a45a768f5dd49,1330,0x8ad599c3a0ff1de082011efddc58f1908eb6e6d8,3000.0,0.0,1416343308.0,,,0x05f3c3840160ed96722d2ae790ccf369d357363e,0xc36442b4a4522e871399cd717abdd847ab11fe88,0xa0b86991c6218b36c1d19d4a2e9eb0ce3606eb48,USDC,6,0xc02aaa39b223fe8d0a0e5c4f27ead9083c756cc2,WETH,18,0.790538,0.00036433612655569,1.5810765008871173,16971203119.0,,,-887220,887220,2026-03-23T13:46:35+00:00
burn,0x1b16577ea690e179602d753749465bc181ec607d5cb39a8bfe5538a28bf48f24#1118582,1774275071,24720726,0x1b16577ea690e179602d753749465bc181ec607d5cb39a8bfe5538a28bf48f24,8,0x8ad599c3a0ff1de082011efddc58f1908eb6e6d8,3000.0,0.0,2282287302.0,,,0xe5661c3ad2a9716415aebf37a8e6ec263451ca8d,0xc36442b4a4522e871399cd717abdd847ab11fe88,0xa0b86991c6218b36c1d19d4a2e9eb0ce3606eb48,USDC,6,0xc02aaa39b223fe8d0a0e5c4f27ead9083c756cc2,WETH,18,0.0,0.0,0.0,0.0,,,197880,199860,2026-03-23T14:11:11+00:00
burn,0xc94d8c19ff33468f85f77c40658addb4e6d3b2d4f21f0438a20364c0c25867d3#1118585,1774275767,24720784,0xc94d8c19ff33468f85f77c40658addb4e6d3b2d4f21f0438a20364c0c25867d3,1102,0x8ad599c3a0ff1de082011efddc58f1908eb6e6d8,3000.0,0.0,706861856.0,,,0x793f2f5b18302994ea57f2be65895b38463223b6,0xc36442b4a4522e871399cd717abdd847ab11fe88,0xa0b86991c6218b36c1d19d4a2e9eb0ce3606eb48,USDC,6,0xc02aaa39b223fe8d0a0e5c4f27ead9083c756cc2,WETH,18,0.0,0.0,0.0,0.0,,,198060,200820,2026-03-23T14:22:47+00:00
burn,0x0221e27c22e1357119ea76aab0c6f7ebcb16d8241579538c6ff05681e3a9fc27#1118598,1774276451,24720841,0x0221e27c22e1357119ea76aab0c6f7ebcb16d8241579538c6ff05681e3a9fc27,350,0x8ad599c3a0ff1de082011efddc58f1908eb6e6d8,3000.0,0.0,792635394.0,,,0xb1a8721bfa303f9313de43d2481efe940c209ad1,0xc36442b4a4522e871399cd717abdd847ab11fe88,0xa0b86991c6218b36c1d19d4a2e9eb0ce3606eb48,USDC,6,0xc02aaa39b223fe8d0a0e5c4f27ead9083c756cc2,WETH,18,0.0,0.0,0.0,0.0,,,198060,202920,2026-03-23T14:34:11+00:00
burn,0x404d66acc19561266b08834817e1fe77efb3694e11fc4ca1dce0dc6f0b2a9e4a#1118643,1774278671,24721024,0x404d66acc19561266b08834817e1fe77efb3694e11fc4ca1dce0dc6f0b2a9e4a,33,0x8ad599c3a0ff1de082011efddc58f1908eb6e6d8,3000.0,0.0,753798062.0,,,0x89f314f2ce7ee6b849452c81e0dc8c6a60e4270e,0xc36442b4a4522e871399cd717abdd847ab11fe88,0xa0b86991c6218b36c1d19d4a2e9eb0ce3606eb48,USDC,6,0xc02aaa39b223fe8d0a0e5c4f27ead9083c756cc2,WETH,18,0.0,0.0,0.0,0.0,,,192180,200280,2026-03-23T15:11:11+00:00
burn,0x7b450de9acf7f22ff21a1e8bd3a49cfe8212b24d3aae5a4f52ec622de613cc09#1118705,1774281155,24721231,0x7b450de9acf7f22ff21a1e8bd3a49cfe8212b24d3aae5a4f52ec622de613cc09,179,0x8ad599c3a0ff1de082011efddc58f1908eb6e6d8,3000.0,0.0,340000000.0,,,0xffa8b87b2c93350bb2195ff8a3814be185f2126f,0xc36442b4a4522e871399cd717abdd847ab11fe88,0xa0b86991c6218b36c1d19d4a2e9eb0ce3606eb48,USDC,6,0xc02aaa39b223fe8d0a0e5c4f27ead9083c756cc2,WETH,18,0.0,0.0,0.0,0.0,,,197820,200100,2026-03-23T15:52:35+00:00
burn,0x119ff34c0b2667ccbdf64a17ab045eb9edbc27356b81147eaf5519dbf66326cb#1118737,1774283171,24721399,0x119ff34c0b2667ccbdf64a17ab045eb9edbc27356b81147eaf5519dbf66326cb,387,0x8ad599c3a0ff1de082011efddc58f1908eb6e6d8,3000.0,0.0,2242801255.0,,,0xcc53794c9616b6148b28a50e918e517535fc4aa9,0xc36442b4a4522e871399cd717abdd847ab11fe88,0xa0b86991c6218b36c1d19d4a2e9eb0ce3606eb48,USDC,6,0xc02aaa39b223fe8d0a0e5c4f27ead9083c756cc2,WETH,18,0.0,0.0,0.0,0.0,,,192300,202080,2026-03-23T16:26:11+00:00
burn,0x7536cbba8333915a80d84b1b8a4e1e9e1fec7ae5b51e720c8dc71abbab9b5210#1118808,1774287875,24721789,0x7536cbba8333915a80d84b1b8a4e1e9e1fec7ae5b51e720c8dc71abbab9b5210,527,0x8ad599c3a0ff1de082011efddc58f1908eb6e6d8,3000.0,0.0,212892171.0,,,0x508a312cf7334b44b9ff22ac0bac1b3db9eed4e1,0xc36442b4a4522e871399cd717abdd847ab11fe88,0xa0b86991c6218b36c1d19d4a2e9eb0ce3606eb48,USDC,6,0xc02aaa39b223fe8d0a0e5c4f27ead9083c756cc2,WETH,18,0.0,0.0,0.0,0.0,,,198480,201360,2026-03-23T17:44:35+00:00
burn,0x3eff6e889186a6c7c0582e04ded376d16e7cd88d4125b391881b6ab6e3f52763#1118810,1774287923,24721793,0x3eff6e889186a6c7c0582e04ded376d16e7cd88d4125b391881b6ab6e3f52763,1024,0x8ad599c3a0ff1de082011efddc58f1908eb6e6d8,3000.0,0.0,198769638.0,,,0x508a312cf7334b44b9ff22ac0bac1b3db9eed4e1,0xc36442b4a4522e871399cd717abdd847ab11fe88,0xa0b86991c6218b36c1d19d4a2e9eb0ce3606eb48,USDC,6,0xc02aaa39b223fe8d0a0e5c4f27ead9083c756cc2,WETH,18,0.0,0.0,0.0,0.0,,,198900,200340,2026-03-23T17:45:23+00:00
burn,0x6c23c0fb2a047ddde9bdcbf1d4871b0f92b906732b6ce6014b6c443b64f6b55e#1118814,1774288247,24721820,0x6c23c0fb2a047ddde9bdcbf1d4871b0f92b906732b6ce6014b6c443b64f6b55e,334,0x8ad599c3a0ff1de082011efddc58f1908eb6e6d8,3000.0,0.0,688419603.0,,,0xb1a8721bfa303f9313de43d2481efe940c209ad1,0xc36442b4a4522e871399cd717abdd847ab11fe88,0xa0b86991c6218b36c1d19d4a2e9eb0ce3606eb48,USDC,6,0xc02aaa39b223fe8d0a0e5c4f27ead9083c756cc2,WETH,18,0.0,0.0,0.0,0.0,,,198060,202920,2026-03-23T17:50:47+00:00
burn,0x18f5048770647aad1822ee9607152c602014852c9177963424e98d303fff9a46#1118815,1774288451,24721837,0x18f5048770647aad1822ee9607152c602014852c9177963424e98d303fff9a46,458,0x8ad599c3a0ff1de082011efddc58f1908eb6e6d8,3000.0,0.0,171162305.0,,,0x508a312cf7334b44b9ff22ac0bac1b3db9eed4e1,0xc36442b4a4522e871399cd717abdd847ab11fe88,0xa0b86991c6218b36c1d19d4a2e9eb0ce3606eb48,USDC,6,0xc02aaa39b223fe8d0a0e5c4f27ead9083c756cc2,WETH,18,622.784051,0.18512435916037792,1020.6569382346539,158753610990624.0,,,198480,201360,2026-03-23T17:54:11+00:00
burn,0x78534c1039cefe7b1a6db998191e8f1bf11dcfc335b854d0bbf0ba3779c6b514#1118887,1774295399,24722415,0x78534c1039cefe7b1a6db998191e8f1bf11dcfc335b854d0bbf0ba3779c6b514,234,0x8ad599c3a0ff1de082011efddc58f1908eb6e6d8,3000.0,0.0,142309309.0,,,0x2389790c31e3187a80ac7b312f734011b43614e0,0xc36442b4a4522e871399cd717abdd847ab11fe88,0xa0b86991c6218b36c1d19d4a2e9eb0ce3606eb48,USDC,6,0xc02aaa39b223fe8d0a0e5c4f27ead9083c756cc2,WETH,18,0.0,0.0,0.0,0.0,,,193320,200520,2026-03-23T19:49:59+00:00
burn,0x35cc13e9ce4e81f597978076a3196a72e67de44bbc07f0764fa499d31bf5570d#1118900,1774296071,24722471,0x35cc13e9ce4e81f597978076a3196a72e67de44bbc07f0764fa499d31bf5570d,280,0x8ad599c3a0ff1de082011efddc58f1908eb6e6d8,3000.0,0.0,109545094.0,,,0x158d8a91eeb479dc3f578aba68a55d78a7ee4b03,0xc36442b4a4522e871399cd717abdd847ab11fe88,0xa0b86991c6218b36c1d19d4a2e9eb0ce3606eb48,USDC,6,0xc02aaa39b223fe8d0a0e5c4f27ead9083c756cc2,WETH,18,0.0,0.0,0.0,0.0,,,199320,200520,2026-03-23T20:01:11+00:00
burn,0x58d7f9e6ae6b7ae897496551a363360056bb11f42cd2eed74261b10613f7651d#1118905,1774296143,24722477,0x58d7f9e6ae6b7ae897496551a363360056bb11f42cd2eed74261b10613f7651d,580,0x8ad599c3a0ff1de082011efddc58f1908eb6e6d8,3000.0,0.0,112099353.0,,,0xc0ac20d012266b1b74932854136cee58b096fea8,0xc36442b4a4522e871399cd717abdd847ab11fe88,0xa0b86991c6218b36c1d19d4a2e9eb0ce3606eb48,USDC,6,0xc02aaa39b223fe8d0a0e5c4f27ead9083c756cc2,WETH,18,0.0,0.0,0.0,0.0,,,198900,200340,2026-03-23T20:02:23+00:00
burn,0x163b9943e1a1d80ca0eb22880d62677a9929fbb0381599e9bada2feeec4052b4#1118910,1774296995,24722548,0x163b9943e1a1d80ca0eb22880d62677a9929fbb0381599e9bada2feeec4052b4,21,0x8ad599c3a0ff1de082011efddc58f1908eb6e6d8,3000.0,0.0,8466018814.0,,,0xae2fc483527b8ef99eb5d9b44875f005ba1fae13,0x1f2f10d1c40777ae1da742455c65828ff36df387,0xa0b86991c6218b36c1d19d4a2e9eb0ce3606eb48,USDC,6,0xc02aaa39b223fe8d0a0e5c4f27ead9083c756cc2,WETH,18,176361.420623,905.0977047226795,2128738.572599278,1.529822449099604e+19,,,199500,199560,2026-03-23T20:16:35+00:00
burn,0xe4842a18dedf8bf52c862d591a7d2adf47d07c6b46ef9a0b930a32699a4f6dc8#1118921,1774300691,24722854,0xe4842a18dedf8bf52c862d591a7d2adf47d07c6b46ef9a0b930a32699a4f6dc8,390,0x8ad599c3a0ff1de082011efddc58f1908eb6e6d8,3000.0,0.0,599547368.0,,,0xb1a8721bfa303f9313de43d2481efe940c209ad1,0xc36442b4a4522e871399cd717abdd847ab11fe88,0xa0b86991c6218b36c1d19d4a2e9eb0ce3606eb48,USDC,6,0xc02aaa39b223fe8d0a0e5c4f27ead9083c756cc2,WETH,18,0.0,0.0,0.0,0.0,,,198060,202920,2026-03-23T21:18:11+00:00
burn,0xf088b4322731914d2ea80b9af042fd4cd37807010fd0061012946b273dc9ebb8#1118948,1774306871,24723366,0xf088b4322731914d2ea80b9af042fd4cd37807010fd0061012946b273dc9ebb8,580,0x8ad599c3a0ff1de082011efddc58f1908eb6e6d8,3000.0,0.0,72754438.0,,,0x4dcff7a73fd1910cf937b6b40c434ecdbea95483,0xc36442b4a4522e871399cd717abdd847ab11fe88,0xa0b86991c6218b36c1d19d4a2e9eb0ce3606eb48,USDC,6,0xc02aaa39b223fe8d0a0e5c4f27ead9083c756cc2,WETH,18,0.0,0.0,0.0,0.0,,,198900,200340,2026-03-23T23:01:11+00:00
burn,0xf02eaf15a4590a85733ba6e1e541d5af2b25ff9d0ee715737b7ef4376740f54f#1118950,1774307327,24723404,0xf02eaf15a4590a85733ba6e1e541d5af2b25ff9d0ee715737b7ef4376740f54f,648,0x8ad599c3a0ff1de082011efddc58f1908eb6e6d8,3000.0,0.0,54090121.0,,,0xd0dc5007ee8dfdba75e8832558297807557815de,0xc36442b4a4522e871399cd717abdd847ab11fe88,0xa0b86991c6218b36c1d19d4a2e9eb0ce3606eb48,USDC,6,0xc02aaa39b223fe8d0a0e5c4f27ead9083c756cc2,WETH,18,0.0,0.0,0.0,0.0,,,199200,200820,2026-03-23T23:08:47+00:00
burn,0xf529ceeb4307b6ec4374a58cbe4338b2aad832f20fb551cd078c923cc0660c98#1118966,1774309775,24723607,0xf529ceeb4307b6ec4374a58cbe4338b2aad832f20fb551cd078c923cc0660c98,325,0x8ad599c3a0ff1de082011efddc58f1908eb6e6d8,3000.0,0.0,560867656.0,,,0x74ab50ccc269d45e50955d23ecae995ceceead13,0xc36442b4a4522e871399cd717abdd847ab11fe88,0xa0b86991c6218b36c1d19d4a2e9eb0ce3606eb48,USDC,6,0xc02aaa39b223fe8d0a0e5c4f27ead9083c756cc2,WETH,18,0.0,0.0,0.0,0.0,,,194520,198780,2026-03-23T23:49:35+00:00
burn,0x0ab81d9b6b1ffb496ea77cb50cbf2bdea909b93957a37795182b0e4696c6cf17#1118969,1774309835,24723612,0x0ab81d9b6b1ffb496ea77cb50cbf2bdea909b93957a37795182b0e4696c6cf17,380,0x8ad599c3a0ff1de082011efddc58f1908eb6e6d8,3000.0,0.0,561058770.0,,,0x74ab50ccc269d45e50955d23ecae995ceceead13,0xc36442b4a4522e871399cd717abdd847ab11fe88,0xa0b86991c6218b36c1d19d4a2e9eb0ce3606eb48,USDC,6,0xc02aaa39b223fe8d0a0e5c4f27ead9083c756cc2,WETH,18,0.0,0.2006305469673547,430.88756461778627,50493047442797.0,,,194520,198780,2026-03-23T23:50:35+00:00
burn,0x274f79b4e483ad59bf0f9b806d396ef212fefeed35ded3de4082b5d77c36cf3b#1118970,1774309919,24723619,0x274f79b4e483ad59bf0f9b806d396ef212fefeed35ded3de4082b5d77c36cf3b,362,0x8ad599c3a0ff1de082011efddc58f1908eb6e6d8,3000.0,0.0,558567408.0,,,0x74ab50ccc269d45e50955d23ecae995ceceead13,0xc36442b4a4522e871399cd717abdd847ab11fe88,0xa0b86991c6218b36c1d19d4a2e9eb0ce3606eb48,USDC,6,0xc02aaa39b223fe8d0a0e5c4f27ead9083c756cc2,WETH,18,0.0,0.0,0.0,0.0,,,194520,198780,2026-03-23T23:51:59+00:00
burn,0x7344b2403b9b754d6ddf228c8eb89a5dee51479f9002909753af0b2086861e40#1118971,1774309979,24723624,0x7344b2403b9b754d6ddf228c8eb89a5dee51479f9002909753af0b2086861e40,344,0x8ad599c3a0ff1de082011efddc58f1908eb6e6d8,3000.0,0.0,551977128.0,,,0x74ab50ccc269d45e50955d23ecae995ceceead13,0xc36442b4a4522e871399cd717abdd847ab11fe88,0xa0b86991c6218b36c1d19d4a2e9eb0ce3606eb48,USDC,6,0xc02aaa39b223fe8d0a0e5c4f27ead9083c756cc2,WETH,18,0.0,0.2006305469673547,430.88756461778627,50493047442797.0,,,194520,198780,2026-03-23T23:52:59+00:00
burn,0xd9da2e7006fba0d3500a255908f7b2b2959b90c42f15e1ec63c14018c4b79e46#1118975,1774310591,24723675,0xd9da2e7006fba0d3500a255908f7b2b2959b90c42f15e1ec63c14018c4b79e46,1289,0x8ad599c3a0ff1de082011efddc58f1908eb6e6d8,3000.0,0.0,96854301.0,,,0xdc7b1ebbc9f79c082b2e0f02ee3077a8d974fa8e,0xc36442b4a4522e871399cd717abdd847ab11fe88,0xa0b86991c6218b36c1d19d4a2e9eb0ce3606eb48,USDC,6,0xc02aaa39b223fe8d0a0e5c4f27ead9083c756cc2,WETH,18,0.0,0.0,0.0,0.0,,,199260,200640,2026-03-24T00:03:11+00:00
burn,0xde298fcdf576dd1f9f01d877ef7bd1efcb2701f777d9744af21fb92b20c791c1#1118976,1774310675,24723682,0xde298fcdf576dd1f9f01d877ef7bd1efcb2701f777d9744af21fb92b20c791c1,586,0x8ad599c3a0ff1de082011efddc58f1908eb6e6d8,3000.0,0.0,94679277.0,,,0x55d1cdf31f4692378637cb28d5fd4a83cd4c26bf,0xc36442b4a4522e871399cd717abdd847ab11fe88,0xa0b86991c6218b36c1d19d4a2e9eb0ce3606eb48,USDC,6,0xc02aaa39b223fe8d0a0e5c4f27ead9083c756cc2,WETH,18,0.0,0.0,0.0,0.0,,,199140,200580,2026-03-24T00:04:35+00:00
burn,0x1571eb3962670c73ce7953123bb2ac9558f6bab98de3654fe5a4e75ed642f16f#1118979,1774310687,24723683,0x1571eb3962670c73ce7953123bb2ac9558f6bab98de3654fe5a4e75ed642f16f,777,0x8ad599c3a0ff1de082011efddc58f1908eb6e6d8,3000.0,0.0,103335683.0,,,0xff98fbaff98a2f3c4a88da4ac870b9693d804b66,0xc36442b4a4522e871399cd717abdd847ab11fe88,0xa0b86991c6218b36c1d19d4a2e9eb0ce3606eb48,USDC,6,0xc02aaa39b223fe8d0a0e5c4f27ead9083c756cc2,WETH,18,0.0,0.0,0.0,0.0,,,198900,200340,2026-03-24T00:04:47+00:00
burn,0xb3d31b4bd715556a12be295d6ce9bbf094f3a4d22c531938435639aebdfef0e6#1118978,1774310699,24723684,0xb3d31b4bd715556a12be295d6ce9bbf094f3a4d22c531938435639aebdfef0e6,490,0x8ad599c3a0ff1de082011efddc58f1908eb6e6d8,3000.0,0.0,116229809.0,,,0x55d1cdf31f4692378637cb28d5fd4a83cd4c26bf,0xc36442b4a4522e871399cd717abdd847ab11fe88,0xa0b86991c6218b36c1d19d4a2e9eb0ce3606eb48,USDC,6,0xc02aaa39b223fe8d0a0e5c4f27ead9083c756cc2,WETH,18,0.0,0.0,0.0,0.0,,,198900,200340,2026-03-24T00:04:59+00:00
burn,0x37804ba4f53b1e05c6ab83a2c848138c2081f683ce322fda4ebc19b64e6761a2#1118981,1774311059,24723714,0x37804ba4f53b1e05c6ab83a2c848138c2081f683ce322fda4ebc19b64e6761a2,1023,0x8ad599c3a0ff1de082011efddc58f1908eb6e6d8,3000.0,0.0,126839311.0,,,0x143b67cf0b87c59b9eb3bbfd5a8d4c74dec426d1,0xc36442b4a4522e871399cd717abdd847ab11fe88,0xa0b86991c6218b36c1d19d4a2e9eb0ce3606eb48,USDC,6,0xc02aaa39b223fe8d0a0e5c4f27ead9083c756cc2,WETH,18,0.0,0.0,0.0,0.0,,,198720,200340,2026-03-24T00:10:59+00:00
burn,0x2136a2ea7cfb7eefaacf7331fc0cb54307110ec37f9212645892570f63b2199c#1118982,1774311119,24723719,0x2136a2ea7cfb7eefaacf7331fc0cb54307110ec37f9212645892570f63b2199c,792,0x8ad599c3a0ff1de082011efddc58f1908eb6e6d8,3000.0,0.0,125888406.0,,,0x641169964b55211a1c3559245379f11f765b083c,0xc36442b4a4522e871399cd717abdd847ab11fe88,0xa0b86991c6218b36c1d19d4a2e9eb0ce3606eb48,USDC,6,0xc02aaa39b223fe8d0a0e5c4f27ead9083c756cc2,WETH,18,0.0,0.0,0.0,0.0,,,198960,200220,2026-03-24T00:11:59+00:00
burn,0xde6ab83ec65c127498057b391a06362cec21bd0524f8637701aef2b4d7fc5b08#1118983,1774311179,24723724,0xde6ab83ec65c127498057b391a06362cec21bd0524f8637701aef2b4d7fc5b08,802,0x8ad599c3a0ff1de082011efddc58f1908eb6e6d8,3000.0,0.0,127511466.0,,,0xda615787f81bf9a7ddbd7d36bffd868491f26220,0xc36442b4a4522e871399cd717abdd847ab11fe88,0xa0b86991c6218b36c1d19d4a2e9eb0ce3606eb48,USDC,6,0xc02aaa39b223fe8d0a0e5c4f27ead9083c756cc2,WETH,18,0.0,0.0,0.0,0.0,,,198840,200520,2026-03-24T00:12:59+00:00
burn,0x54b65d87a1f38510e169b13c85955dd2e903ff5e605fe86829b9d300051c2f2f#1118986,1774311227,24723728,0x54b65d87a1f38510e169b13c85955dd2e903ff5e605fe86829b9d300051c2f2f,587,0x8ad599c3a0ff1de082011efddc58f1908eb6e6d8,3000.0,0.0,128894292.0,,,0xff98fbaff98a2f3c4a88da4ac870b9693d804b66,0xc36442b4a4522e871399cd717abdd847ab11fe88,0xa0b86991c6218b36c1d19d4a2e9eb0ce3606eb48,USDC,6,0xc02aaa39b223fe8d0a0e5c4f27ead9083c756cc2,WETH,18,0.0,0.0,0.0,0.0,,,199140,200580,2026-03-24T00:13:47+00:00
burn,0xaf661c2a5bb18d25f0d2f528447239b00431e0d39b442b1a59326763bedc2b43#1118985,1774311227,24723728,0xaf661c2a5bb18d25f0d2f528447239b00431e0d39b442b1a59326763bedc2b43,609,0x8ad599c3a0ff1de082011efddc58f1908eb6e6d8,3000.0,0.0,128894292.0,,,0x143b67cf0b87c59b9eb3bbfd5a8d4c74dec426d1,0xc36442b4a4522e871399cd717abdd847ab11fe88,0xa0b86991c6218b36c1d19d4a2e9eb0ce3606eb48,USDC,6,0xc02aaa39b223fe8d0a0e5c4f27ead9083c756cc2,WETH,18,0.0,0.0,0.0,0.0,,,198900,200340,2026-03-24T00:13:47+00:00
burn,0x854b738151497659a0e7e3325c627fcfe36370faa95ca93c824de35f1263ff85#1118989,1774311263,24723731,0x854b738151497659a0e7e3325c627fcfe36370faa95ca93c824de35f1263ff85,457,0x8ad599c3a0ff1de082011efddc58f1908eb6e6d8,3000.0,0.0,129160299.0,,,0xdc7b1ebbc9f79c082b2e0f02ee3077a8d974fa8e,0xc36442b4a4522e871399cd717abdd847ab11fe88,0xa0b86991c6218b36c1d19d4a2e9eb0ce3606eb48,USDC,6,0xc02aaa39b223fe8d0a0e5c4f27ead9083c756cc2,WETH,18,0.0,0.0,0.0,0.0,,,199260,200640,2026-03-24T00:14:23+00:00
burn,0xdbaa742d453bbe19845f183fe7ae5dff2ef2b31b7c3fcb9e898d01f6628c1e0d#1118989,1774311371,24723740,0xdbaa742d453bbe19845f183fe7ae5dff2ef2b31b7c3fcb9e898d01f6628c1e0d,543,0x8ad599c3a0ff1de082011efddc58f1908eb6e6d8,3000.0,0.0,116518841.0,,,0xda615787f81bf9a7ddbd7d36bffd868491f26220,0xc36442b4a4522e871399cd717abdd847ab11fe88,0xa0b86991c6218b36c1d19d4a2e9eb0ce3606eb48,USDC,6,0xc02aaa39b223fe8d0a0e5c4f27ead9083c756cc2,WETH,18,0.0,0.0,0.0,0.0,,,198840,200220,2026-03-24T00:16:11+00:00
burn,0x73ed985d772e23757cd0b19fafee814107e56b3784d7a091b78a827d72573e03#1119001,1774311863,24723780,0x73ed985d772e23757cd0b19fafee814107e56b3784d7a091b78a827d72573e03,962,0x8ad599c3a0ff1de082011efddc58f1908eb6e6d8,3000.0,0.0,149941681.0,,,0xa1e0b6edbf434be1322e2d1e2d438bbfcbe81546,0xc36442b4a4522e871399cd717abdd847ab11fe88,0xa0b86991c6218b36c1d19d4a2e9eb0ce3606eb48,USDC,6,0xc02aaa39b223fe8d0a0e5c4f27ead9083c756cc2,WETH,18,0.0,0.0,0.0,0.0,,,199140,200580,2026-03-24T00:24:23+00:00
burn,0x736f6e05a1d819b1348c6336c8ff879ee7e64536aa6b51251d6a49a7c6c1ebae#1119002,1774311899,24723783,0x736f6e05a1d819b1348c6336c8ff879ee7e64536aa6b51251d6a49a7c6c1ebae,260,0x8ad599c3a0ff1de082011efddc58f1908eb6e6d8,3000.0,0.0,150459625.0,,,0xa1e0b6edbf434be1322e2d1e2d438bbfcbe81546,0xc36442b4a4522e871399cd717abdd847ab11fe88,0xa0b86991c6218b36c1d19d4a2e9eb0ce3606eb48,USDC,6,0xc02aaa39b223fe8d0a0e5c4f27ead9083c756cc2,WETH,18,0.0,0.0,0.0,0.0,,,199260,200700,2026-03-24T00:24:59+00:00
burn,0xcad3054ab02987de4fb58fbb14b9cb8bcdfe85a7fa826393bd6ba91001502a1d#1119046,1774316447,24724161,0xcad3054ab02987de4fb58fbb14b9cb8bcdfe85a7fa826393bd6ba91001502a1d,260,0x8ad599c3a0ff1de082011efddc58f1908eb6e6d8,3000.0,0.0,7121318881.0,,,0x90ae7dfcf322167cb7e3ff04d71ed393a5d5a618,0xc36442b4a4522e871399cd717abdd847ab11fe88,0xa0b86991c6218b36c1d19d4a2e9eb0ce3606eb48,USDC,6,0xc02aaa39b223fe8d0a0e5c4f27ead9083c756cc2,WETH,18,0.0,0.0,0.0,0.0,,,197340,201960,2026-03-24T01:40:47+00:00
burn,0xee7c0e8f227e29dfa7d23038296332f5db0d7aa180049603b8fc56c0a6ba3a9c#1119070,1774318415,24724325,0xee7c0e8f227e29dfa7d23038296332f5db0d7aa180049603b8fc56c0a6ba3a9c,273,0x8ad599c3a0ff1de082011efddc58f1908eb6e6d8,3000.0,0.0,564529663.0,,,0xb1a8721bfa303f9313de43d2481efe940c209ad1,0xc36442b4a4522e871399cd717abdd847ab11fe88,0xa0b86991c6218b36c1d19d4a2e9eb0ce3606eb48,USDC,6,0xc02aaa39b223fe8d0a0e5c4f27ead9083c756cc2,WETH,18,0.0,0.0,0.0,0.0,,,198060,202920,2026-03-24T02:13:35+00:00
burn,0xcdd9aab40aa176fd2a8b8a67a87c378b878ed2b98422fe5e63c841ab792dadce#1119148,1774332671,24725510,0xcdd9aab40aa176fd2a8b8a67a87c378b878ed2b98422fe5e63c841ab792dadce,417,0x8ad599c3a0ff1de082011efddc58f1908eb6e6d8,3000.0,0.0,541601629.0,,,0xb1a8721bfa303f9313de43d2481efe940c209ad1,0xc36442b4a4522e871399cd717abdd847ab11fe88,0xa0b86991c6218b36c1d19d4a2e9eb0ce3606eb48,USDC,6,0xc02aaa39b223fe8d0a0e5c4f27ead9083c756cc2,WETH,18,0.0,0.0,0.0,0.0,,,198060,202920,2026-03-24T06:11:11+00:00
burn,0x2f85291febdea7e7263495c99149caae89888756284429322a64dc8b59df82b3#1119172,1774335419,24725739,0x2f85291febdea7e7263495c99149caae89888756284429322a64dc8b59df82b3,252,0x8ad599c3a0ff1de082011efddc58f1908eb6e6d8,3000.0,0.0,2039669578.0,,,0x371d98623613ef5e9bb04014b999e2b7da4d3739,0xc36442b4a4522e871399cd717abdd847ab11fe88,0xa0b86991c6218b36c1d19d4a2e9eb0ce3606eb48,USDC,6,0xc02aaa39b223fe8d0a0e5c4f27ead9083c756cc2,WETH,18,3949.999999,0.008908343323679674,3969.03780661472,291730335871369.0,,,199620,206580,2026-03-24T06:56:59+00:00
burn,0x51aa86a0f4a803c8346e6d94de22c0c26cb9753582b30bca9047e50e8ad943bc#1119205,1774337615,24725922,0x51aa86a0f4a803c8346e6d94de22c0c26cb9753582b30bca9047e50e8ad943bc,445,0x8ad599c3a0ff1de082011efddc58f1908eb6e6d8,3000.0,0.0,542437709.0,,,0x6e0eef8a3e8cd3056ca76edcf8f40684d62dec52,0xc36442b4a4522e871399cd717abdd847ab11fe88,0xa0b86991c6218b36c1d19d4a2e9eb0ce3606eb48,USDC,6,0xc02aaa39b223fe8d0a0e5c4f27ead9083c756cc2,WETH,18,0.0,0.0,0.0,0.0,,,198720,201900,2026-03-24T07:33:35+00:00
burn,0x6a28e9ff8a520090ad35e4cbc9312cbcae58570772c9160a056cfb2b324a5e99#1119221,1774340003,24726121,0x6a28e9ff8a520090ad35e4cbc9312cbcae58570772c9160a056cfb2b324a5e99,121,0x8ad599c3a0ff1de082011efddc58f1908eb6e6d8,3000.0,0.0,8569498777.0,,,0xae2fc483527b8ef99eb5d9b44875f005ba1fae13,0x1f2f10d1c40777ae1da742455c65828ff36df387,0xa0b86991c6218b36c1d19d4a2e9eb0ce3606eb48,USDC,6,0xc02aaa39b223fe8d0a0e5c4f27ead9083c756cc2,WETH,18,1530214.625754,789.6219913894929,3237489.219797711,2.3227012712465695e+19,,,199500,199560,2026-03-24T08:13:23+00:00
burn,0xedeba8b34c92eeabeb3e7dade28a7c771e3a8cab4fde5ab2517bc180055249c6#1119281,1774348187,24726801,0xedeba8b34c92eeabeb3e7dade28a7c771e3a8cab4fde5ab2517bc180055249c6,27,0x8ad599c3a0ff1de082011efddc58f1908eb6e6d8,3000.0,0.0,2142627922.0,,,0x7251e4ac90d9f2622c64c78b984a81c6be777411,0xc36442b4a4522e871399cd717abdd847ab11fe88,0xa0b86991c6218b36c1d19d4a2e9eb0ce3606eb48,USDC,6,0xc02aaa39b223fe8d0a0e5c4f27ead9083c756cc2,WETH,18,0.0,0.0,0.0,0.0,,,197760,203820,2026-03-24T10:29:47+00:00
burn,0xdf7a0a8d704e871707edda6580c02171d6ba103b8fff75c17cbfe2b3f28a7f99#1119324,1774352387,24727150,0xdf7a0a8d704e871707edda6580c02171d6ba103b8fff75c17cbfe2b3f28a7f99,214,0x8ad599c3a0ff1de082011efddc58f1908eb6e6d8,3000.0,0.0,556824314.0,,,0xec9cda50cfac87b16a777e758b24a3179c5146ed,0xc36442b4a4522e871399cd717abdd847ab11fe88,0xa0b86991c6218b36c1d19d4a2e9eb0ce3606eb48,USDC,6,0xc02aaa39b223fe8d0a0e5c4f27ead9083c756cc2,WETH,18,0.0,0.0,0.0,0.0,,,190920,204780,2026-03-24T11:39:47+00:00
burn,0x88060dfca00ccb3d0b77b94bf0976e0df0320d8334bebe50046f034877915273#1119344,1774353227,24727220,0x88060dfca00ccb3d0b77b94bf0976e0df0320d8334bebe50046f034877915273,154,0x8ad599c3a0ff1de082011efddc58f1908eb6e6d8,3000.0,0.0,7298282220.0,,,0xae2fc483527b8ef99eb5d9b44875f005ba1fae13,0x1f2f10d1c40777ae1da742455c65828ff36df387,0xa0b86991c6218b36c1d19d4a2e9eb0ce3606eb48,USDC,6,0xc02aaa39b223fe8d0a0e5c4f27ead9083c756cc2,WETH,18,765449.559752,47.64912616360178,868726.5925266475,6.227648406777496e+18,,,199500,199560,2026-03-24T11:53:47+00:00
burn,0xc34fbd07b95cd409328e00ab4c279d5e809007af5da1669ba96006c7dfaec230#1119344,1774353671,24727257,0xc34fbd07b95cd409328e00ab4c279d5e809007af5da1669ba96006c7dfaec230,329,0x8ad599c3a0ff1de082011efddc58f1908eb6e6d8,3000.0,0.0,187866309.0,,,0x95624f98185050d57b93abe69a5aa6f1f50ad426,0xc36442b4a4522e871399cd717abdd847ab11fe88,0xa0b86991c6218b36c1d19d4a2e9eb0ce3606eb48,USDC,6,0xc02aaa39b223fe8d0a0e5c4f27ead9083c756cc2,WETH,18,44.204933,0.002802106376819052,50.27775373493239,20430481979060.0,,,199380,200460,2026-03-24T12:01:11+00:00
burn,0x38ce96ef015a05853648c65586fc3c6cabfc3e53784912194960ef00b0039e27#1119372,1774357835,24727603,0x38ce96ef015a05853648c65586fc3c6cabfc3e53784912194960ef00b0039e27,675,0x8ad599c3a0ff1de082011efddc58f1908eb6e6d8,3000.0,0.0,67960198.0,,,0x508a312cf7334b44b9ff22ac0bac1b3db9eed4e1,0xc36442b4a4522e871399cd717abdd847ab11fe88,0xa0b86991c6218b36c1d19d4a2e9eb0ce3606eb48,USDC,6,0xc02aaa39b223fe8d0a0e5c4f27ead9083c756cc2,WETH,18,0.0,0.0,0.0,0.0,,,198900,200340,2026-03-24T13:10:35+00:00
burn,0xddd366e9a2d04c1dc700cdbce382bc2aceed2471f844a71c972f6654bffb5d42#1119449,1774366175,24728297,0xddd366e9a2d04c1dc700cdbce382bc2aceed2471f844a71c972f6654bffb5d42,88,0x8ad599c3a0ff1de082011efddc58f1908eb6e6d8,3000.0,0.0,666264782.0,,,0xb1a8721bfa303f9313de43d2481efe940c209ad1,0xc36442b4a4522e871399cd717abdd847ab11fe88,0xa0b86991c6218b36c1d19d4a2e9eb0ce3606eb48,USDC,6,0xc02aaa39b223fe8d0a0e5c4f27ead9083c756cc2,WETH,18,0.0,0.0,0.0,0.0,,,198060,202920,2026-03-24T15:29:35+00:00
burn,0xafaf353e0369762bff41ab0d8572353b23d4b77d052e22dbaf69b19c6ed5d35e#1119464,1774367687,24728422,0xafaf353e0369762bff41ab0d8572353b23d4b77d052e22dbaf69b19c6ed5d35e,96,0x8ad599c3a0ff1de082011efddc58f1908eb6e6d8,3000.0,0.0,2156602972.0,,,0x8833a3b3b1506b42b03a231a78f4b7b774908c6b,0xc36442b4a4522e871399cd717abdd847ab11fe88,0xa0b86991c6218b36c1d19d4a2e9eb0ce3606eb48,USDC,6,0xc02aaa39b223fe8d0a0e5c4f27ead9083c756cc2,WETH,18,9999.999999,0.0,9999.999999,2447136007444651.0,,,199740,201600,2026-03-24T15:54:47+00:00
burn,0xde392394b4b488e9c58f53baff3d7c23d6d91d5c42d2db8cb4caedc61a1374c2#1119556,1774382447,24729647,0xde392394b4b488e9c58f53baff3d7c23d6d91d5c42d2db8cb4caedc61a1374c2,846,0x8ad599c3a0ff1de082011efddc58f1908eb6e6d8,3000.0,0.0,57593132.0,,,0x158d8a91eeb479dc3f578aba68a55d78a7ee4b03,0xc36442b4a4522e871399cd717abdd847ab11fe88,0xa0b86991c6218b36c1d19d4a2e9eb0ce3606eb48,USDC,6,0xc02aaa39b223fe8d0a0e5c4f27ead9083c756cc2,WETH,18,0.0,0.0,0.0,0.0,,,199320,200520,2026-03-24T20:00:47+00:00
burn,0xd84d4cdb3d1e34fefb76ad53630b4a0e95f6cb37ac5c2a776aea23e30fb7cca0#1119589,1774384907,24729852,0xd84d4cdb3d1e34fefb76ad53630b4a0e95f6cb37ac5c2a776aea23e30fb7cca0,384,0x8ad599c3a0ff1de082011efddc58f1908eb6e6d8,3000.0,0.0,104677739.0,,,0x73ca7d239b5dd986309c1105e893d8d60ac5a0ec,0xc36442b4a4522e871399cd717abdd847ab11fe88,0xa0b86991c6218b36c1d19d4a2e9eb0ce3606eb48,USDC,6,0xc02aaa39b223fe8d0a0e5c4f27ead9083c756cc2,WETH,18,0.0,0.0,0.0,0.0,,,-887220,887220,2026-03-24T20:41:47+00:00
burn,0x57ffd4c0a478b61c3f40eec89f8469b1c7aebef857d7a40964d692909abbf100#1119619,1774387355,24730055,0x57ffd4c0a478b61c3f40eec89f8469b1c7aebef857d7a40964d692909abbf100,93,0x8ad599c3a0ff1de082011efddc58f1908eb6e6d8,3000.0,0.0,112440735.0,,,0xae2fc483527b8ef99eb5d9b44875f005ba1fae13,0x1f2f10d1c40777ae1da742455c65828ff36df387,0xa0b86991c6218b36c1d19d4a2e9eb0ce3606eb48,USDC,6,0xc02aaa39b223fe8d0a0e5c4f27ead9083c756cc2,WETH,18,563548.414901,913.531002458162,2523979.989534045,1.8180157253238129e+19,,,199560,199620,2026-03-24T21:22:35+00:00
burn,0x071471a93de368a1575366d4228cbcb380fb6efd211f01f24ef082fb6a7ed643#1119660,1774393259,24730546,0x071471a93de368a1575366d4228cbcb380fb6efd211f01f24ef082fb6a7ed643,408,0x8ad599c3a0ff1de082011efddc58f1908eb6e6d8,3000.0,0.0,39320899.0,,,0x4dcff7a73fd1910cf937b6b40c434ecdbea95483,0xc36442b4a4522e871399cd717abdd847ab11fe88,0xa0b86991c6218b36c1d19d4a2e9eb0ce3606eb48,USDC,6,0xc02aaa39b223fe8d0a0e5c4f27ead9083c756cc2,WETH,18,0.0,0.0,0.0,0.0,,,198900,200340,2026-03-24T23:00:59+00:00
burn,0x87b42e8f7eac26e8e638f621ea59ee3a5ca3bbd3dc93c58778644310382877a7#1119703,1774395851,24730761,0x87b42e8f7eac26e8e638f621ea59ee3a5ca3bbd3dc93c58778644310382877a7,227,0x8ad599c3a0ff1de082011efddc58f1908eb6e6d8,3000.0,0.0,102165627.0,,,0x18739f763edbc2d488ef37c876e8b644c57ed780,0xc36442b4a4522e871399cd717abdd847ab11fe88,0xa0b86991c6218b36c1d19d4a2e9eb0ce3606eb48,USDC,6,0xc02aaa39b223fe8d0a0e5c4f27ead9083c756cc2,WETH,18,15.883963,0.0,15.883963,1290825473778.0,,,199620,205800,2026-03-24T23:44:11+00:00
burn,0x826821600185a04c098dc9fb6163f268a3e05e712e3eb03b534ee4e3b8bb1ab8#1119706,1774396523,24730817,0x826821600185a04c098dc9fb6163f268a3e05e712e3eb03b534ee4e3b8bb1ab8,248,0x8ad599c3a0ff1de082011efddc58f1908eb6e6d8,3000.0,0.0,538961502.0,,,0x8b137283471e9a8147c4c123fe51205864ac616d,0xc36442b4a4522e871399cd717abdd847ab11fe88,0xa0b86991c6218b36c1d19d4a2e9eb0ce3606eb48,USDC,6,0xc02aaa39b223fe8d0a0e5c4f27ead9083c756cc2,WETH,18,0.0,45.877077040465906,98942.15992199657,7.133071516959476e+17,,,199440,199500,2026-03-24T23:55:23+00:00
burn,0x9c225d389dda11082a2966c170bf49a9470ac5340990215be97e4397ff5faf08#1119705,1774396883,24730846,0x9c225d389dda11082a2966c170bf49a9470ac5340990215be97e4397ff5faf08,788,0x8ad599c3a0ff1de082011efddc58f1908eb6e6d8,3000.0,0.0,44059871.0,,,0x508a312cf7334b44b9ff22ac0bac1b3db9eed4e1,0xc36442b4a4522e871399cd717abdd847ab11fe88,0xa0b86991c6218b36c1d19d4a2e9eb0ce3606eb48,USDC,6,0xc02aaa39b223fe8d0a0e5c4f27ead9083c756cc2,WETH,18,0.0,0.0,0.0,0.0,,,198900,200340,2026-03-25T00:01:23+00:00
burn,0x593c514e132f1ba5fabee07aab09a7bc5a89432f7e4b5cc4715120043ca624cd#1119708,1774396931,24730850,0x593c514e132f1ba5fabee07aab09a7bc5a89432f7e4b5cc4715120043ca624cd,583,0x8ad599c3a0ff1de082011efddc58f1908eb6e6d8,3000.0,0.0,53091532.0,,,0x641169964b55211a1c3559245379f11f765b083c,0xc36442b4a4522e871399cd717abdd847ab11fe88,0xa0b86991c6218b36c1d19d4a2e9eb0ce3606eb48,USDC,6,0xc02aaa39b223fe8d0a0e5c4f27ead9083c756cc2,WETH,18,0.0,0.0,0.0,0.0,,,198960,200220,2026-03-25T00:02:11+00:00
burn,0x886db0f8752c202a3a379f0f75c24289e4eb54a651bd47af578ce1c42c69f17e#1119710,1774397003,24730856,0x886db0f8752c202a3a379f0f75c24289e4eb54a651bd47af578ce1c42c69f17e,919,0x8ad599c3a0ff1de082011efddc58f1908eb6e6d8,3000.0,0.0,50382008.0,,,0xda615787f81bf9a7ddbd7d36bffd868491f26220,0xc36442b4a4522e871399cd717abdd847ab11fe88,0xa0b86991c6218b36c1d19d4a2e9eb0ce3606eb48,USDC,6,0xc02aaa39b223fe8d0a0e5c4f27ead9083c756cc2,WETH,18,0.0,0.0,0.0,0.0,,,198840,200520,2026-03-25T00:03:23+00:00
burn,0x79f295425d34541abe85dd66923452730cf9b0386a4dbed2ded2f55c9ebd75ff#1119711,1774397003,24730856,0x79f295425d34541abe85dd66923452730cf9b0386a4dbed2ded2f55c9ebd75ff,942,0x8ad599c3a0ff1de082011efddc58f1908eb6e6d8,3000.0,0.0,50382008.0,,,0xa1e0b6edbf434be1322e2d1e2d438bbfcbe81546,0xc36442b4a4522e871399cd717abdd847ab11fe88,0xa0b86991c6218b36c1d19d4a2e9eb0ce3606eb48,USDC,6,0xc02aaa39b223fe8d0a0e5c4f27ead9083c756cc2,WETH,18,0.0,0.0,0.0,0.0,,,199140,200580,2026-03-25T00:03:23+00:00
burn,0x0cba1f3c991c29766a637aed1210acfc10babf8946c24e70e46431f6fc5e958e#1119712,1774397051,24730860,0x0cba1f3c991c29766a637aed1210acfc10babf8946c24e70e46431f6fc5e958e,549,0x8ad599c3a0ff1de082011efddc58f1908eb6e6d8,3000.0,0.0,50203083.0,,,0xa1e0b6edbf434be1322e2d1e2d438bbfcbe81546,0xc36442b4a4522e871399cd717abdd847ab11fe88,0xa0b86991c6218b36c1d19d4a2e9eb0ce3606eb48,USDC,6,0xc02aaa39b223fe8d0a0e5c4f27ead9083c756cc2,WETH,18,0.0,0.0,0.0,0.0,,,199260,200700,2026-03-25T00:04:11+00:00
burn,0x6224bcc3580ceb4be34241f394cd0d91c0804521f46285753c0c9d198d22f9d5#1119713,1774397051,24730860,0x6224bcc3580ceb4be34241f394cd0d91c0804521f46285753c0c9d198d22f9d5,653,0x8ad599c3a0ff1de082011efddc58f1908eb6e6d8,3000.0,0.0,50203083.0,,,0xda615787f81bf9a7ddbd7d36bffd868491f26220,0xc36442b4a4522e871399cd717abdd847ab11fe88,0xa0b86991c6218b36c1d19d4a2e9eb0ce3606eb48,USDC,6,0xc02aaa39b223fe8d0a0e5c4f27ead9083c756cc2,WETH,18,0.0,0.0,0.0,0.0,,,198840,200220,2026-03-25T00:04:11+00:00
burn,0x13e046f006a4c6adc7ebe0487cdd8f2988c3a3f95ea71777f3ac4dfec71d92ef#1119714,1774397087,24730863,0x13e046f006a4c6adc7ebe0487cdd8f2988c3a3f95ea71777f3ac4dfec71d92ef,586,0x8ad599c3a0ff1de082011efddc58f1908eb6e6d8,3000.0,0.0,50543555.0,,,0x143b67cf0b87c59b9eb3bbfd5a8d4c74dec426d1,0xc36442b4a4522e871399cd717abdd847ab11fe88,0xa0b86991c6218b36c1d19d4a2e9eb0ce3606eb48,USDC,6,0xc02aaa39b223fe8d0a0e5c4f27ead9083c756cc2,WETH,18,0.0,0.0,0.0,0.0,,,198720,200340,2026-03-25T00:04:47+00:00
burn,0xc3b4d8b4464bdedb0b72410bbef83fd9aea591bb51cf6ce6849ba233f51fde67#1119713,1774397099,24730864,0xc3b4d8b4464bdedb0b72410bbef83fd9aea591bb51cf6ce6849ba233f51fde67,589,0x8ad599c3a0ff1de082011efddc58f1908eb6e6d8,3000.0,0.0,50172537.0,,,0xdc7b1ebbc9f79c082b2e0f02ee3077a8d974fa8e,0xc36442b4a4522e871399cd717abdd847ab11fe88,0xa0b86991c6218b36c1d19d4a2e9eb0ce3606eb48,USDC,6,0xc02aaa39b223fe8d0a0e5c4f27ead9083c756cc2,WETH,18,0.0,0.0,0.0,0.0,,,199260,200640,2026-03-25T00:04:59+00:00
burn,0xebc40c3448842ebbc0db107249f9a76fbf875378e28f4a952a0da1d40a4d0f43#1119714,1774397099,24730864,0xebc40c3448842ebbc0db107249f9a76fbf875378e28f4a952a0da1d40a4d0f43,626,0x8ad599c3a0ff1de082011efddc58f1908eb6e6d8,3000.0,0.0,50172537.0,,,0x143b67cf0b87c59b9eb3bbfd5a8d4c74dec426d1,0xc36442b4a4522e871399cd717abdd847ab11fe88,0xa0b86991c6218b36c1d19d4a2e9eb0ce3606eb48,USDC,6,0xc02aaa39b223fe8d0a0e5c4f27ead9083c756cc2,WETH,18,0.0,0.0,0.0,0.0,,,198900,200340,2026-03-25T00:04:59+00:00
burn,0xa1e542bf3c048b49b45fd7dd3b5de7896b23d26c782d5f93a106342acdebb215#1119716,1774397555,24730902,0xa1e542bf3c048b49b45fd7dd3b5de7896b23d26c782d5f93a106342acdebb215,551,0x8ad599c3a0ff1de082011efddc58f1908eb6e6d8,3000.0,0.0,39680279.0,,,0xdc7b1ebbc9f79c082b2e0f02ee3077a8d974fa8e,0xc36442b4a4522e871399cd717abdd847ab11fe88,0xa0b86991c6218b36c1d19d4a2e9eb0ce3606eb48,USDC,6,0xc02aaa39b223fe8d0a0e5c4f27ead9083c756cc2,WETH,18,0.0,0.0,0.0,0.0,,,199260,200640,2026-03-25T00:12:35+00:00
burn,0xedb51de8625de5e27f22d63998be0cad69beee81f12c38a380871d559fae3acb#1119737,1774401263,24731210,0xedb51de8625de5e27f22d63998be0cad69beee81f12c38a380871d559fae3acb,1424,0x8ad599c3a0ff1de082011efddc58f1908eb6e6d8,3000.0,0.0,2039873945.0,,,0x0fd4e7b32b8f670c01a8c491cee0c11831598298,0xc36442b4a4522e871399cd717abdd847ab11fe88,0xa0b86991c6218b36c1d19d4a2e9eb0ce3606eb48,USDC,6,0xc02aaa39b223fe8d0a0e5c4f27ead9083c756cc2,WETH,18,39.15722,0.016192665968302995,74.15087361421408,17555365510814.0,,,198660,200520,2026-03-25T01:14:23+00:00
burn,0x757afd3051265e26cdfcd1158a8bf56a40edf35be7401ba36e4f9c6b1f8df4b3#1119743,1774401647,24731242,0x757afd3051265e26cdfcd1158a8bf56a40edf35be7401ba36e4f9c6b1f8df4b3,2965,0x8ad599c3a0ff1de082011efddc58f1908eb6e6d8,3000.0,0.0,52196406.0,,,0x377abbf0c98feee70e74d1176acd32ba5aa09dcc,0xc36442b4a4522e871399cd717abdd847ab11fe88,0xa0b86991c6218b36c1d19d4a2e9eb0ce3606eb48,USDC,6,0xc02aaa39b223fe8d0a0e5c4f27ead9083c756cc2,WETH,18,739.605972,0.07234150094174614,895.9417905131565,244905895116096.0,,,199260,200880,2026-03-25T01:20:47+00:00
burn,0x2465e1248ea979248bf4fab115e6c2371e37763a238793bfa9a4c0e15228341c#1119744,1774401707,24731247,0x2465e1248ea979248bf4fab115e6c2371e37763a238793bfa9a4c0e15228341c,541,0x8ad599c3a0ff1de082011efddc58f1908eb6e6d8,3000.0,0.0,50655928.0,,,0x377abbf0c98feee70e74d1176acd32ba5aa09dcc,0xc36442b4a4522e871399cd717abdd847ab11fe88,0xa0b86991c6218b36c1d19d4a2e9eb0ce3606eb48,USDC,6,0xc02aaa39b223fe8d0a0e5c4f27ead9083c756cc2,WETH,18,1476.990751,0.1509952074365417,1803.3035733613247,511181216232507.0,,,199260,200820,2026-03-25T01:21:47+00:00
burn,0x110f343f61ffe097997e7e7723db8dc456ed32ed33fcc71b81f9ce2f5080a19e#1119745,1774401779,24731253,0x110f343f61ffe097997e7e7723db8dc456ed32ed33fcc71b81f9ce2f5080a19e,1373,0x8ad599c3a0ff1de082011efddc58f1908eb6e6d8,3000.0,0.0,48219244.0,,,0x377abbf0c98feee70e74d1176acd32ba5aa09dcc,0xc36442b4a4522e871399cd717abdd847ab11fe88,0xa0b86991c6218b36c1d19d4a2e9eb0ce3606eb48,USDC,6,0xc02aaa39b223fe8d0a0e5c4f27ead9083c756cc2,WETH,18,212.525144,1.7465979806756171,3987.064258722411,1098015743159875.0,,,198000,199620,2026-03-25T01:22:59+00:00
burn,0x82b36998a52ffc9ac8d932bf852fa33e02b8bad1e2c12367941615ac96520728#1119793,1774414763,24732332,0x82b36998a52ffc9ac8d932bf852fa33e02b8bad1e2c12367941615ac96520728,19,0x8ad599c3a0ff1de082011efddc58f1908eb6e6d8,3000.0,0.0,539497533.0,,,0x0320618babfa9d52f72b0565bfad3f22b3fc0c78,0xc36442b4a4522e871399cd717abdd847ab11fe88,0xa0b86991c6218b36c1d19d4a2e9eb0ce3606eb48,USDC,6,0xc02aaa39b223fe8d0a0e5c4f27ead9083c756cc2,WETH,18,0.0,0.0,0.0,0.0,,,198480,201960,2026-03-25T04:59:23+00:00
burn,0x7d66030dae1816fbc8b7c31c0ae9848d30966cf33f39d1f91e8e230ccb112be3#1119869,1774430627,24733651,0x7d66030dae1816fbc8b7c31c0ae9848d30966cf33f39d1f91e8e230ccb112be3,685,0x8ad599c3a0ff1de082011efddc58f1908eb6e6d8,3000.0,0.0,38740862.0,,,0x2f4087a92f4c8362f172572164b6db31a55f35e8,0xc36442b4a4522e871399cd717abdd847ab11fe88,0xa0b86991c6218b36c1d19d4a2e9eb0ce3606eb48,USDC,6,0xc02aaa39b223fe8d0a0e5c4f27ead9083c756cc2,WETH,18,0.0,1.134702607453284,2474.2585763441843,254251792546413.0,,,193620,198540,2026-03-25T09:23:47+00:00
burn,0x1ecd3ec9ab9cf909c096451fb5ae1e0141dab75421e76a4a1c7fdeedc2012ca1#1119919,1774438667,24734319,0x1ecd3ec9ab9cf909c096451fb5ae1e0141dab75421e76a4a1c7fdeedc2012ca1,362,0x8ad599c3a0ff1de082011efddc58f1908eb6e6d8,3000.0,0.0,2086476254.0,,,0x32e343673ad567400e5e26b0c7294e7c9725cb91,0xc36442b4a4522e871399cd717abdd847ab11fe88,0xa0b86991c6218b36c1d19d4a2e9eb0ce3606eb48,USDC,6,0xc02aaa39b223fe8d0a0e5c4f27ead9083c756cc2,WETH,18,0.0,0.0,0.0,0.0,,,198300,199560,2026-03-25T11:37:47+00:00
burn,0xcc9c6c4a8596d0261c60d7b729f4deeff57f410fbe912665048dec25e6b61cab#1119918,1774438811,24734331,0xcc9c6c4a8596d0261c60d7b729f4deeff57f410fbe912665048dec25e6b61cab,255,0x8ad599c3a0ff1de082011efddc58f1908eb6e6d8,3000.0,0.0,585748405.0,,,0x80d0d54050c15971b21e877d95441800f5aa9ee8,0xc36442b4a4522e871399cd717abdd847ab11fe88,0xa0b86991c6218b36c1d19d4a2e9eb0ce3606eb48,USDC,6,0xc02aaa39b223fe8d0a0e5c4f27ead9083c756cc2,WETH,18,0.0,0.0,0.0,0.0,,,198540,199920,2026-03-25T11:40:11+00:00
burn,0xda3c821944dc0f4fb33b6f1aebba1126788b5f0d32d072c4f456abec87f3b195#1119971,1774445867,24734911,0xda3c821944dc0f4fb33b6f1aebba1126788b5f0d32d072c4f456abec87f3b195,368,0x8ad599c3a0ff1de082011efddc58f1908eb6e6d8,3000.0,0.0,1094138161.0,,,0xa54c11dc5c04ed8b95481d1cd8ec07695b1d5583,0xc36442b4a4522e871399cd717abdd847ab11fe88,0xa0b86991c6218b36c1d19d4a2e9eb0ce3606eb48,USDC,6,0xc02aaa39b223fe8d0a0e5c4f27ead9083c756cc2,WETH,18,0.0,0.0,0.0,0.0,,,188880,202680,2026-03-25T13:37:47+00:00
burn,0x44925ac16cee5811946100ecd31a401dd3ae1f8f28b4f09a534309bc94a27d19#1119982,1774447295,24735029,0x44925ac16cee5811946100ecd31a401dd3ae1f8f28b4f09a534309bc94a27d19,371,0x8ad599c3a0ff1de082011efddc58f1908eb6e6d8,3000.0,0.0,679562260.0,,,0x4db589779c82611eac9a7c5c6e9204b57ac67631,0xc36442b4a4522e871399cd717abdd847ab11fe88,0xa0b86991c6218b36c1d19d4a2e9eb0ce3606eb48,USDC,6,0xc02aaa39b223fe8d0a0e5c4f27ead9083c756cc2,WETH,18,0.0,0.0,0.0,0.0,,,195240,209100,2026-03-25T14:01:35+00:00
burn,0x6f3df768d881c7a66587385ff3d17eca3bc623d0856a9d89f58a1a6c3a05d657#1119983,1774447319,24735031,0x6f3df768d881c7a66587385ff3d17eca3bc623d0856a9d89f58a1a6c3a05d657,474,0x8ad599c3a0ff1de082011efddc58f1908eb6e6d8,3000.0,0.0,667386493.0,,,0x4db589779c82611eac9a7c5c6e9204b57ac67631,0xc36442b4a4522e871399cd717abdd847ab11fe88,0xa0b86991c6218b36c1d19d4a2e9eb0ce3606eb48,USDC,6,0xc02aaa39b223fe8d0a0e5c4f27ead9083c756cc2,WETH,18,4.513557,0.001017532918213441,6.736765415854879,251816882313.0,,,195240,209100,2026-03-25T14:01:59+00:00
burn,0x66201b64c691af31038bc3b4b7a1177c142fc0f776734d7c5212efd7803bac98#1120063,1774455827,24735734,0x66201b64c691af31038bc3b4b7a1177c142fc0f776734d7c5212efd7803bac98,433,0x8ad599c3a0ff1de082011efddc58f1908eb6e6d8,3000.0,0.0,98793818.0,,,0xf8bbde27e8ebd26d652ab5db662e96f00af61316,0xc36442b4a4522e871399cd717abdd847ab11fe88,0xa0b86991c6218b36c1d19d4a2e9eb0ce3606eb48,USDC,6,0xc02aaa39b223fe8d0a0e5c4f27ead9083c756cc2,WETH,18,0.0,0.0,0.0,0.0,,,191160,196920,2026-03-25T16:23:47+00:00
burn,0x1a5843cbc25d1726fb7609410eb093ff95cb25aed3afb6ee23d232aa0c9f6c48#1120075,1774457099,24735840,0x1a5843cbc25d1726fb7609410eb093ff95cb25aed3afb6ee23d232aa0c9f6c48,131,0x8ad599c3a0ff1de082011efddc58f1908eb6e6d8,3000.0,0.0,224530997.0,,,0x89f314f2ce7ee6b849452c81e0dc8c6a60e4270e,0xc36442b4a4522e871399cd717abdd847ab11fe88,0xa0b86991c6218b36c1d19d4a2e9eb0ce3606eb48,USDC,6,0xc02aaa39b223fe8d0a0e5c4f27ead9083c756cc2,WETH,18,0.0,0.0,0.0,0.0,,,192180,200280,2026-03-25T16:44:59+00:00
burn,0xe1917bc96ddf8fc8c0e5b34faa7caf1c967f996c39bc17148bfe9a1d7f16cf54#1120124,1774462151,24736259,0xe1917bc96ddf8fc8c0e5b34faa7caf1c967f996c39bc17148bfe9a1d7f16cf54,238,0x8ad599c3a0ff1de082011efddc58f1908eb6e6d8,3000.0,0.0,629524009.0,,,0xf9c991e5e84954561a4625a0dc0d879fd7fbbebc,0xc36442b4a4522e871399cd717abdd847ab11fe88,0xa0b86991c6218b36c1d19d4a2e9eb0ce3606eb48,USDC,6,0xc02aaa39b223fe8d0a0e5c4f27ead9083c756cc2,WETH,18,0.0,0.0,0.0,0.0,,,193260,207120,2026-03-25T18:09:11+00:00
burn,0x0826156c3b5634f6315244923cdffd4a128b6ac35921695ed9b1b168e0de47b6#1120127,1774462163,24736260,0x0826156c3b5634f6315244923cdffd4a128b6ac35921695ed9b1b168e0de47b6,63,0x8ad599c3a0ff1de082011efddc58f1908eb6e6d8,3000.0,0.0,631241704.0,,,0xf9c991e5e84954561a4625a0dc0d879fd7fbbebc,0xc36442b4a4522e871399cd717abdd847ab11fe88,0xa0b86991c6218b36c1d19d4a2e9eb0ce3606eb48,USDC,6,0xc02aaa39b223fe8d0a0e5c4f27ead9083c756cc2,WETH,18,12.254433,0.004791001647796032,22.638841621421193,831466115959.0,,,193260,207120,2026-03-25T18:09:23+00:00
burn,0x8c30067e46d25d40b929b2e21ce71c173dcf7d025858f4629c9732c1b48fc38f#1120161,1774467611,24736712,0x8c30067e46d25d40b929b2e21ce71c173dcf7d025858f4629c9732c1b48fc38f,121,0x8ad599c3a0ff1de082011efddc58f1908eb6e6d8,3000.0,0.0,2295259337.0,,,0x32e343673ad567400e5e26b0c7294e7c9725cb91,0xc36442b4a4522e871399cd717abdd847ab11fe88,0xa0b86991c6218b36c1d19d4a2e9eb0ce3606eb48,USDC,6,0xc02aaa39b223fe8d0a0e5c4f27ead9083c756cc2,WETH,18,0.0,0.0,0.0,0.0,,,198300,199560,2026-03-25T19:40:11+00:00
burn,0x9546f441b0be4947eecdddff38af47e3ab1244f61e7571ea98dd07d2bb65d13d#1120166,1774468547,24736790,0x9546f441b0be4947eecdddff38af47e3ab1244f61e7571ea98dd07d2bb65d13d,66,0x8ad599c3a0ff1de082011efddc58f1908eb6e6d8,3000.0,0.0,231154876.0,,,0x05854d0c70d2f696fb3d9c0863100956b795e2ff,0xc36442b4a4522e871399cd717abdd847ab11fe88,0xa0b86991c6218b36c1d19d4a2e9eb0ce3606eb48,USDC,6,0xc02aaa39b223fe8d0a0e5c4f27ead9083c756cc2,WETH,18,214.102877,0.13036882073439737,496.8822141085949,87426865779837.0,,,198060,200580,2026-03-25T19:55:47+00:00
burn,0xf16358a6b5ab35f455f817ba1970050481e1b097ff6f6a42eae220863946e76d#1120167,1774468763,24736808,0xf16358a6b5ab35f455f817ba1970050481e1b097ff6f6a42eae220863946e76d,10,0x8ad599c3a0ff1de082011efddc58f1908eb6e6d8,3000.0,0.0,2203467182.0,,,0xfff0971d9cff7e47d894533fc0a297c6c7aaf348,0xc36442b4a4522e871399cd717abdd847ab11fe88,0xa0b86991c6218b36c1d19d4a2e9eb0ce3606eb48,USDC,6,0xc02aaa39b223fe8d0a0e5c4f27ead9083c756cc2,WETH,18,1571.464663,0.6477984141634511,2976.585957380223,201757387976300.0,,,196260,203160,2026-03-25T19:59:23+00:00
burn,0xa5baff8c7988654206fe7f6c865679c5f793a3ebb5e9dc54fc4f9cd419bac5b1#1120168,1774468871,24736817,0xa5baff8c7988654206fe7f6c865679c5f793a3ebb5e9dc54fc4f9cd419bac5b1,703,0x8ad599c3a0ff1de082011efddc58f1908eb6e6d8,3000.0,0.0,179606061.0,,,0x158d8a91eeb479dc3f578aba68a55d78a7ee4b03,0xc36442b4a4522e871399cd717abdd847ab11fe88,0xa0b86991c6218b36c1d19d4a2e9eb0ce3606eb48,USDC,6,0xc02aaa39b223fe8d0a0e5c4f27ead9083c756cc2,WETH,18,0.0,0.0,0.0,0.0,,,199320,200520,2026-03-25T20:01:11+00:00
burn,0x0914636ffa755506c6631574650bfca89bfd885b037eb12628407457f6594546#1120172,1774469195,24736844,0x0914636ffa755506c6631574650bfca89bfd885b037eb12628407457f6594546,560,0x8ad599c3a0ff1de082011efddc58f1908eb6e6d8,3000.0,0.0,715607456.0,,,0x6f9194ee4c92929f9b99914c02e3789a55dfa81d,0xc36442b4a4522e871399cd717abdd847ab11fe88,0xa0b86991c6218b36c1d19d4a2e9eb0ce3606eb48,USDC,6,0xc02aaa39b223fe8d0a0e5c4f27ead9083c756cc2,WETH,18,2797.450802,1.6751791877263011,6431.034795280474,1569735347927912.0,,,198480,200280,2026-03-25T20:06:35+00:00
burn,0x2ddcba63fa4ffa8397054b1b3bbe3ff1f816287413df80b1e9212bb8dba952f6#1120173,1774469255,24736849,0x2ddcba63fa4ffa8397054b1b3bbe3ff1f816287413df80b1e9212bb8dba952f6,360,0x8ad599c3a0ff1de082011efddc58f1908eb6e6d8,3000.0,0.0,213531456.0,,,0xc0ac20d012266b1b74932854136cee58b096fea8,0xc36442b4a4522e871399cd717abdd847ab11fe88,0xa0b86991c6218b36c1d19d4a2e9eb0ce3606eb48,USDC,6,0xc02aaa39b223fe8d0a0e5c4f27ead9083c756cc2,WETH,18,0.0,0.0,0.0,0.0,,,198900,200340,2026-03-25T20:07:35+00:00
burn,0x87c4b336b99200ad0225e2292e488451fb7158c38b288d4b12fedd115b5e8a25#1120213,1774479803,24737727,0x87c4b336b99200ad0225e2292e488451fb7158c38b288d4b12fedd115b5e8a25,851,0x8ad599c3a0ff1de082011efddc58f1908eb6e6d8,3000.0,0.0,122284697.0,,,0x4dcff7a73fd1910cf937b6b40c434ecdbea95483,0xc36442b4a4522e871399cd717abdd847ab11fe88,0xa0b86991c6218b36c1d19d4a2e9eb0ce3606eb48,USDC,6,0xc02aaa39b223fe8d0a0e5c4f27ead9083c756cc2,WETH,18,0.0,0.0,0.0,0.0,,,198900,200340,2026-03-25T23:03:23+00:00
burn,0xf102850114f77e40f2674ab5d5f7d2f9aeb24c136dabf8921e4026a316ff0578#1120239,1774483271,24738015,0xf102850114f77e40f2674ab5d5f7d2f9aeb24c136dabf8921e4026a316ff0578,1316,0x8ad599c3a0ff1de082011efddc58f1908eb6e6d8,3000.0,0.0,36362980.0,,,0x508a312cf7334b44b9ff22ac0bac1b3db9eed4e1,0xc36442b4a4522e871399cd717abdd847ab11fe88,0xa0b86991c6218b36c1d19d4a2e9eb0ce3606eb48,USDC,6,0xc02aaa39b223fe8d0a0e5c4f27ead9083c756cc2,WETH,18,0.0,0.0,0.0,0.0,,,198900,200340,2026-03-26T00:01:11+00:00
burn,0xd1e5f1a81ba5d5cd4fe62065bce61029eefdbb28f3aa1a3e2741a4bd8967daa9#1120242,1774483355,24738022,0xd1e5f1a81ba5d5cd4fe62065bce61029eefdbb28f3aa1a3e2741a4bd8967daa9,807,0x8ad599c3a0ff1de082011efddc58f1908eb6e6d8,3000.0,0.0,43460704.0,,,0x508a312cf7334b44b9ff22ac0bac1b3db9eed4e1,0xc36442b4a4522e871399cd717abdd847ab11fe88,0xa0b86991c6218b36c1d19d4a2e9eb0ce3606eb48,USDC,6,0xc02aaa39b223fe8d0a0e5c4f27ead9083c756cc2,WETH,18,30.309314,0.009769476719390047,51.51919389970845,15644668616249.0,,,198900,200340,2026-03-26T00:02:35+00:00
burn,0xd1e5f1a81ba5d5cd4fe62065bce61029eefdbb28f3aa1a3e2741a4bd8967daa9#1120243,1774483355,24738022,0xd1e5f1a81ba5d5cd4fe62065bce61029eefdbb28f3aa1a3e2741a4bd8967daa9,809,0x8ad599c3a0ff1de082011efddc58f1908eb6e6d8,3000.0,0.0,43460704.0,,,0x508a312cf7334b44b9ff22ac0bac1b3db9eed4e1,0xc36442b4a4522e871399cd717abdd847ab11fe88,0xa0b86991c6218b36c1d19d4a2e9eb0ce3606eb48,USDC,6,0xc02aaa39b223fe8d0a0e5c4f27ead9083c756cc2,WETH,18,0.0,0.0,0.0,0.0,,,198900,200340,2026-03-26T00:02:35+00:00
burn,0x7720be0a541c8ff60cd42809629c24e09e03c9e02ed779c9eb689178368f463e#1120246,1774483391,24738025,0x7720be0a541c8ff60cd42809629c24e09e03c9e02ed779c9eb689178368f463e,604,0x8ad599c3a0ff1de082011efddc58f1908eb6e6d8,3000.0,0.0,47315809.0,,,0xdc7b1ebbc9f79c082b2e0f02ee3077a8d974fa8e,0xc36442b4a4522e871399cd717abdd847ab11fe88,0xa0b86991c6218b36c1d19d4a2e9eb0ce3606eb48,USDC,6,0xc02aaa39b223fe8d0a0e5c4f27ead9083c756cc2,WETH,18,0.0,0.0,0.0,0.0,,,199260,200640,2026-03-26T00:03:11+00:00
burn,0x1d00c976ee637e4e5739efb9349ddb332a2fe60624bfa8a16a87053e86bc8b3e#1120247,1774483439,24738029,0x1d00c976ee637e4e5739efb9349ddb332a2fe60624bfa8a16a87053e86bc8b3e,536,0x8ad599c3a0ff1de082011efddc58f1908eb6e6d8,3000.0,0.0,55229287.0,,,0xda615787f81bf9a7ddbd7d36bffd868491f26220,0xc36442b4a4522e871399cd717abdd847ab11fe88,0xa0b86991c6218b36c1d19d4a2e9eb0ce3606eb48,USDC,6,0xc02aaa39b223fe8d0a0e5c4f27ead9083c756cc2,WETH,18,0.0,0.0,0.0,0.0,,,198840,200520,2026-03-26T00:03:59+00:00
burn,0x0a986baf91716165b8c8a77f1ce2316ba729855a4260a795a042aaf66a6fd731#1120248,1774483475,24738032,0x0a986baf91716165b8c8a77f1ce2316ba729855a4260a795a042aaf66a6fd731,797,0x8ad599c3a0ff1de082011efddc58f1908eb6e6d8,3000.0,0.0,55089112.0,,,0xda615787f81bf9a7ddbd7d36bffd868491f26220,0xc36442b4a4522e871399cd717abdd847ab11fe88,0xa0b86991c6218b36c1d19d4a2e9eb0ce3606eb48,USDC,6,0xc02aaa39b223fe8d0a0e5c4f27ead9083c756cc2,WETH,18,0.0,0.0,0.0,0.0,,,198840,200220,2026-03-26T00:04:35+00:00
burn,0x300ab0aa2f002cf08e6b70422187659366406122b0bb8aedd7bb59b9efbbad09#1120249,1774483499,24738034,0x300ab0aa2f002cf08e6b70422187659366406122b0bb8aedd7bb59b9efbbad09,671,0x8ad599c3a0ff1de082011efddc58f1908eb6e6d8,3000.0,0.0,59874285.0,,,0x143b67cf0b87c59b9eb3bbfd5a8d4c74dec426d1,0xc36442b4a4522e871399cd717abdd847ab11fe88,0xa0b86991c6218b36c1d19d4a2e9eb0ce3606eb48,USDC,6,0xc02aaa39b223fe8d0a0e5c4f27ead9083c756cc2,WETH,18,0.0,0.0,0.0,0.0,,,198720,200340,2026-03-26T00:04:59+00:00
burn,0x22821ade48fefb89b18f3618891c83d7e61869e8f6d4973e1bb73e66f43fcc32#1120250,1774483499,24738034,0x22821ade48fefb89b18f3618891c83d7e61869e8f6d4973e1bb73e66f43fcc32,704,0x8ad599c3a0ff1de082011efddc58f1908eb6e6d8,3000.0,0.0,59874285.0,,,0x55d1cdf31f4692378637cb28d5fd4a83cd4c26bf,0xc36442b4a4522e871399cd717abdd847ab11fe88,0xa0b86991c6218b36c1d19d4a2e9eb0ce3606eb48,USDC,6,0xc02aaa39b223fe8d0a0e5c4f27ead9083c756cc2,WETH,18,0.0,0.0,0.0,0.0,,,199140,200580,2026-03-26T00:04:59+00:00
burn,0x0e1e5d7a78df3573475b9a32a220e80a0643a3977b905f6c295d33aed12abf87#1120251,1774483511,24738035,0x0e1e5d7a78df3573475b9a32a220e80a0643a3977b905f6c295d33aed12abf87,928,0x8ad599c3a0ff1de082011efddc58f1908eb6e6d8,3000.0,0.0,61413931.0,,,0x55d1cdf31f4692378637cb28d5fd4a83cd4c26bf,0xc36442b4a4522e871399cd717abdd847ab11fe88,0xa0b86991c6218b36c1d19d4a2e9eb0ce3606eb48,USDC,6,0xc02aaa39b223fe8d0a0e5c4f27ead9083c756cc2,WETH,18,0.0,0.0,0.0,0.0,,,198900,200340,2026-03-26T00:05:11+00:00
burn,0xda42a7f6e1b20da9554f1e9fbec7bd7d0b620efbef6d52c253929a99f0811e89#1120250,1774483511,24738035,0xda42a7f6e1b20da9554f1e9fbec7bd7d0b620efbef6d52c253929a99f0811e89,958,0x8ad599c3a0ff1de082011efddc58f1908eb6e6d8,3000.0,0.0,61413931.0,,,0x143b67cf0b87c59b9eb3bbfd5a8d4c74dec426d1,0xc36442b4a4522e871399cd717abdd847ab11fe88,0xa0b86991c6218b36c1d19d4a2e9eb0ce3606eb48,USDC,6,0xc02aaa39b223fe8d0a0e5c4f27ead9083c756cc2,WETH,18,0.0,0.0,0.0,0.0,,,198900,200340,2026-03-26T00:05:11+00:00
burn,0x9d002c4c0df9d8d93f0b70e99363934120d0cf12ec910998be3cb30cede5b7b4#1120251,1774483619,24738044,0x9d002c4c0df9d8d93f0b70e99363934120d0cf12ec910998be3cb30cede5b7b4,459,0x8ad599c3a0ff1de082011efddc58f1908eb6e6d8,3000.0,0.0,65973530.0,,,0xff98fbaff98a2f3c4a88da4ac870b9693d804b66,0xc36442b4a4522e871399cd717abdd847ab11fe88,0xa0b86991c6218b36c1d19d4a2e9eb0ce3606eb48,USDC,6,0xc02aaa39b223fe8d0a0e5c4f27ead9083c756cc2,WETH,18,0.0,0.0,0.0,0.0,,,199140,200580,2026-03-26T00:06:59+00:00
burn,0x01ace8688ed1037150411770fd6e3b3b67415a5042f625dd48db9741610bdf68#1120254,1774483727,24738053,0x01ace8688ed1037150411770fd6e3b3b67415a5042f625dd48db9741610bdf68,534,0x8ad599c3a0ff1de082011efddc58f1908eb6e6d8,3000.0,0.0,64004185.0,,,0xa1e0b6edbf434be1322e2d1e2d438bbfcbe81546,0xc36442b4a4522e871399cd717abdd847ab11fe88,0xa0b86991c6218b36c1d19d4a2e9eb0ce3606eb48,USDC,6,0xc02aaa39b223fe8d0a0e5c4f27ead9083c756cc2,WETH,18,0.0,0.0,0.0,0.0,,,199260,200700,2026-03-26T00:08:47+00:00
burn,0x451a1fe71574c38b14289b8242cedf4cc99c9933ae52e43b3ef66e5059dd43ba#1120255,1774483823,24738061,0x451a1fe71574c38b14289b8242cedf4cc99c9933ae52e43b3ef66e5059dd43ba,692,0x8ad599c3a0ff1de082011efddc58f1908eb6e6d8,3000.0,0.0,69709184.0,,,0xdc7b1ebbc9f79c082b2e0f02ee3077a8d974fa8e,0xc36442b4a4522e871399cd717abdd847ab11fe88,0xa0b86991c6218b36c1d19d4a2e9eb0ce3606eb48,USDC,6,0xc02aaa39b223fe8d0a0e5c4f27ead9083c756cc2,WETH,18,0.0,0.0,0.0,0.0,,,199260,200640,2026-03-26T00:10:23+00:00
burn,0x1943eb180cf2d2aef295e3abb328ac59e2af84de9ad762812188958aa1c012c4#1120256,1774483823,24738061,0x1943eb180cf2d2aef295e3abb328ac59e2af84de9ad762812188958aa1c012c4,734,0x8ad599c3a0ff1de082011efddc58f1908eb6e6d8,3000.0,0.0,69709184.0,,,0x641169964b55211a1c3559245379f11f765b083c,0xc36442b4a4522e871399cd717abdd847ab11fe88,0xa0b86991c6218b36c1d19d4a2e9eb0ce3606eb48,USDC,6,0xc02aaa39b223fe8d0a0e5c4f27ead9083c756cc2,WETH,18,0.0,0.0,0.0,0.0,,,198960,200220,2026-03-26T00:10:23+00:00
burn,0x814bf02f0e67ff11e0d922b66df38c8620a7f33a0e6db74868313280b7386eed#1120258,1774484267,24738098,0x814bf02f0e67ff11e0d922b66df38c8620a7f33a0e6db74868313280b7386eed,363,0x8ad599c3a0ff1de082011efddc58f1908eb6e6d8,3000.0,0.0,180025110.0,,,0xf2ca76d94060e8b0428a43eba213cb910c24dd15,0xc36442b4a4522e871399cd717abdd847ab11fe88,0xa0b86991c6218b36c1d19d4a2e9eb0ce3606eb48,USDC,6,0xc02aaa39b223fe8d0a0e5c4f27ead9083c756cc2,WETH,18,0.0,0.0,0.0,0.0,,,196140,202140,2026-03-26T00:17:47+00:00
burn,0x930a0bb0ff39c7cedb92cb622040601c2816abee0d85ebc1674eb0c21bd414d7#1120297,1774490159,24738587,0x930a0bb0ff39c7cedb92cb622040601c2816abee0d85ebc1674eb0c21bd414d7,85,0x8ad599c3a0ff1de082011efddc58f1908eb6e6d8,3000.0,0.0,45609606.0,,,0x05854d0c70d2f696fb3d9c0863100956b795e2ff,0xc36442b4a4522e871399cd717abdd847ab11fe88,0xa0b86991c6218b36c1d19d4a2e9eb0ce3606eb48,USDC,6,0xc02aaa39b223fe8d0a0e5c4f27ead9083c756cc2,WETH,18,92.811914,0.046848826718466956,194.27258984849013,43223933672258.0,,,198480,200460,2026-03-26T01:55:59+00:00
burn,0x93937f707d6d41aa099a44ec1577881737ece98ececb5e89a776325983f0b243#1120443,1774504979,24739818,0x93937f707d6d41aa099a44ec1577881737ece98ececb5e89a776325983f0b243,1097,0x8ad599c3a0ff1de082011efddc58f1908eb6e6d8,3000.0,0.0,45749740.0,,,0xbe042ef3fab06b43a1874a79d18d20b7f1468dec,0xc36442b4a4522e871399cd717abdd847ab11fe88,0xa0b86991c6218b36c1d19d4a2e9eb0ce3606eb48,USDC,6,0xc02aaa39b223fe8d0a0e5c4f27ead9083c756cc2,WETH,18,0.0,0.0,0.0,0.0,,,190500,204360,2026-03-26T06:02:59+00:00
burn,0x883bec8b7b2458fe2e8ea832d6bb3ebdff3f5e5554c999e51df29e309c5b11a8#1120559,1774520027,24741065,0x883bec8b7b2458fe2e8ea832d6bb3ebdff3f5e5554c999e51df29e309c5b11a8,416,0x8ad599c3a0ff1de082011efddc58f1908eb6e6d8,3000.0,0.0,637488537.0,,,0x6e0eef8a3e8cd3056ca76edcf8f40684d62dec52,0xc36442b4a4522e871399cd717abdd847ab11fe88,0xa0b86991c6218b36c1d19d4a2e9eb0ce3606eb48,USDC,6,0xc02aaa39b223fe8d0a0e5c4f27ead9083c756cc2,WETH,18,0.0,0.0,0.0,0.0,,,198720,201900,2026-03-26T10:13:47+00:00
burn,0xf97daf09e44bcf1873be44a5da1afd8ade56b64fd3d66fad5a5c18a115709879#1120558,1774520255,24741084,0xf97daf09e44bcf1873be44a5da1afd8ade56b64fd3d66fad5a5c18a115709879,315,0x8ad599c3a0ff1de082011efddc58f1908eb6e6d8,3000.0,0.0,609386679.0,,,0x20eadfcaf91bd98674ff8fc341d148e1731576a4,0xc36442b4a4522e871399cd717abdd847ab11fe88,0xa0b86991c6218b36c1d19d4a2e9eb0ce3606eb48,USDC,6,0xc02aaa39b223fe8d0a0e5c4f27ead9083c756cc2,WETH,18,0.0,0.0,0.0,0.0,,,193440,207300,2026-03-26T10:17:35+00:00
burn,0x24455df076a5b945e944b74fb8c6015f1ecb60292239e4d805fa46e88b8f9443#1120592,1774523783,24741377,0x24455df076a5b945e944b74fb8c6015f1ecb60292239e4d805fa46e88b8f9443,400,0x8ad599c3a0ff1de082011efddc58f1908eb6e6d8,3000.0,0.0,97147056.0,,,0x6200577d137fa107d6f2eb3f164234cc9a2abd02,0xc36442b4a4522e871399cd717abdd847ab11fe88,0xa0b86991c6218b36c1d19d4a2e9eb0ce3606eb48,USDC,6,0xc02aaa39b223fe8d0a0e5c4f27ead9083c756cc2,WETH,18,0.0,9.043399943943367,18769.969363355078,6186001702464179.0,,,198540,199920,2026-03-26T11:16:23+00:00
burn,0x8d8ef8339998e8a55c94eec648da24197a658a021043e99fe36298cbc0ff6244#1120611,1774525871,24741550,0x8d8ef8339998e8a55c94eec648da24197a658a021043e99fe36298cbc0ff6244,380,0x8ad599c3a0ff1de082011efddc58f1908eb6e6d8,3000.0,0.0,75672969.0,,,0x7c225c01fa909e832440f9bc90fbcb8f5cd423a2,0xc36442b4a4522e871399cd717abdd847ab11fe88,0xa0b86991c6218b36c1d19d4a2e9eb0ce3606eb48,USDC,6,0xc02aaa39b223fe8d0a0e5c4f27ead9083c756cc2,WETH,18,754.847746,0.3645754645788529,1509.6954920195474,16589121968669.0,,,-887220,887220,2026-03-26T11:51:11+00:00
burn,0xf801aecf0997ca55d96c5ca39714941cdf79a55cfa41a51e9fbbd7037c809767#1120616,1774527515,24741684,0xf801aecf0997ca55d96c5ca39714941cdf79a55cfa41a51e9fbbd7037c809767,377,0x8ad599c3a0ff1de082011efddc58f1908eb6e6d8,3000.0,0.0,585931013.0,,,0x60318b16c32edf4c1a88395656209700cc093872,0xc36442b4a4522e871399cd717abdd847ab11fe88,0xa0b86991c6218b36c1d19d4a2e9eb0ce3606eb48,USDC,6,0xc02aaa39b223fe8d0a0e5c4f27ead9083c756cc2,WETH,18,0.0,0.0,0.0,0.0,,,198480,203160,2026-03-26T12:18:35+00:00
burn,0x7d6553e4009d4c06584d78ec3e2bc66711652cce376248858256e76f047cc6c2#1120714,1774538399,24742589,0x7d6553e4009d4c06584d78ec3e2bc66711652cce376248858256e76f047cc6c2,495,0x8ad599c3a0ff1de082011efddc58f1908eb6e6d8,3000.0,0.0,1836989100.0,,,0xbb1a1a2773a799d83078ae4d59d9f4b2b6ac50ff,0xc36442b4a4522e871399cd717abdd847ab11fe88,0xa0b86991c6218b36c1d19d4a2e9eb0ce3606eb48,USDC,6,0xc02aaa39b223fe8d0a0e5c4f27ead9083c756cc2,WETH,18,0.0,11.0,22669.9263909388,9514803643160980.0,,,198900,199980,2026-03-26T15:19:59+00:00
burn,0x7eac1d296e7872a7f0880845eac41ab5b2ed4db79cde81387c5053cb59a75543#1120718,1774538771,24742619,0x7eac1d296e7872a7f0880845eac41ab5b2ed4db79cde81387c5053cb59a75543,452,0x8ad599c3a0ff1de082011efddc58f1908eb6e6d8,3000.0,0.0,357938125.0,,,0x7c45c0968b9eb0c542638fcd26e7e3809f35da2f,0xc36442b4a4522e871399cd717abdd847ab11fe88,0xa0b86991c6218b36c1d19d4a2e9eb0ce3606eb48,USDC,6,0xc02aaa39b223fe8d0a0e5c4f27ead9083c756cc2,WETH,18,1867.500574,23.353777242978396,49971.098833440294,2566078593605878.0,,,189360,200340,2026-03-26T15:26:11+00:00
burn,0x7eac1d296e7872a7f0880845eac41ab5b2ed4db79cde81387c5053cb59a75543#1120719,1774538771,24742619,0x7eac1d296e7872a7f0880845eac41ab5b2ed4db79cde81387c5053cb59a75543,454,0x8ad599c3a0ff1de082011efddc58f1908eb6e6d8,3000.0,0.0,357938125.0,,,0x7c45c0968b9eb0c542638fcd26e7e3809f35da2f,0xc36442b4a4522e871399cd717abdd847ab11fe88,0xa0b86991c6218b36c1d19d4a2e9eb0ce3606eb48,USDC,6,0xc02aaa39b223fe8d0a0e5c4f27ead9083c756cc2,WETH,18,0.0,0.0,0.0,0.0,,,189360,200340,2026-03-26T15:26:11+00:00
burn,0xa2df7537d4c9b14819f9d245f0f2d049d3d9d4722511ba28c55325e4e1cb4775#1120764,1774544063,24743058,0xa2df7537d4c9b14819f9d245f0f2d049d3d9d4722511ba28c55325e4e1cb4775,22,0x8ad599c3a0ff1de082011efddc58f1908eb6e6d8,3000.0,0.0,2195494003.0,,,0xe5661c3ad2a9716415aebf37a8e6ec263451ca8d,0xc36442b4a4522e871399cd717abdd847ab11fe88,0xa0b86991c6218b36c1d19d4a2e9eb0ce3606eb48,USDC,6,0xc02aaa39b223fe8d0a0e5c4f27ead9083c756cc2,WETH,18,0.0,8.14415093120305,16817.022483886318,3952425887859982.0,,,197880,199860,2026-03-26T16:54:23+00:00
burn,0xc3dccc6cfa33da64a24924073fbd0c478582b9e15905a240f5958e2eca159390#1120768,1774545275,24743158,0xc3dccc6cfa33da64a24924073fbd0c478582b9e15905a240f5958e2eca159390,407,0x8ad599c3a0ff1de082011efddc58f1908eb6e6d8,3000.0,0.0,151124601.0,,,0xeab298ee632e83766d7df5a0189cd6a7d82e2b2d,0xc36442b4a4522e871399cd717abdd847ab11fe88,0xa0b86991c6218b36c1d19d4a2e9eb0ce3606eb48,USDC,6,0xc02aaa39b223fe8d0a0e5c4f27ead9083c756cc2,WETH,18,0.0,0.0,0.0,0.0,,,196140,203940,2026-03-26T17:14:35+00:00
burn,0x776b27d8d6dd72e60f029466709a31ca3f6b3580390e7ed4902c2761ce95beca#1120802,1774549295,24743490,0x776b27d8d6dd72e60f029466709a31ca3f6b3580390e7ed4902c2761ce95beca,1385,0x8ad599c3a0ff1de082011efddc58f1908eb6e6d8,3000.0,0.0,136078987.0,,,0x431bfd88ba89a56206231ff3be504eccc59319fe,0xc36442b4a4522e871399cd717abdd847ab11fe88,0xa0b86991c6218b36c1d19d4a2e9eb0ce3606eb48,USDC,6,0xc02aaa39b223fe8d0a0e5c4f27ead9083c756cc2,WETH,18,1447.534157,55.58000247099795,115146.6298270974,4.368690174686126e+16,,,198900,200100,2026-03-26T18:21:35+00:00
burn,0x97f360b9ef907ce411c6c88863907199416ea6daac9e6a313293ec97d29fed3b#1120811,1774550843,24743619,0x97f360b9ef907ce411c6c88863907199416ea6daac9e6a313293ec97d29fed3b,421,0x8ad599c3a0ff1de082011efddc58f1908eb6e6d8,3000.0,0.0,606109883.0,,,0x35b94e2478afb39098ece2cd448546324adea17f,0xc36442b4a4522e871399cd717abdd847ab11fe88,0xa0b86991c6218b36c1d19d4a2e9eb0ce3606eb48,USDC,6,0xc02aaa39b223fe8d0a0e5c4f27ead9083c756cc2,WETH,18,0.0,0.0,0.0,0.0,,,188400,201660,2026-03-26T18:47:23+00:00
burn,0x24daed94429b5b9e107adbf61fcd71b10aeb830b8eb4ff07ece7b5ebcd53d78c#1120817,1774551311,24743658,0x24daed94429b5b9e107adbf61fcd71b10aeb830b8eb4ff07ece7b5ebcd53d78c,398,0x8ad599c3a0ff1de082011efddc58f1908eb6e6d8,3000.0,0.0,160420671.0,,,0x6315292abfe7c8884b70e14e0ac4f78e304cd8e9,0xc36442b4a4522e871399cd717abdd847ab11fe88,0xa0b86991c6218b36c1d19d4a2e9eb0ce3606eb48,USDC,6,0xc02aaa39b223fe8d0a0e5c4f27ead9083c756cc2,WETH,18,0.0,0.0,0.0,0.0,,,198600,200520,2026-03-26T18:55:11+00:00
burn,0xde8db4cfae88048f8d81d50d3b03c81801d70b0d40022b157c2dba21bf642ebb#1120818,1774551371,24743663,0xde8db4cfae88048f8d81d50d3b03c81801d70b0d40022b157c2dba21bf642ebb,263,0x8ad599c3a0ff1de082011efddc58f1908eb6e6d8,3000.0,0.0,141707404.0,,,0x3d406bf77a3a97c41650997aeb8f5b8aba845db8,0xc36442b4a4522e871399cd717abdd847ab11fe88,0xa0b86991c6218b36c1d19d4a2e9eb0ce3606eb48,USDC,6,0xc02aaa39b223fe8d0a0e5c4f27ead9083c756cc2,WETH,18,135.064494,0.23903525427239689,622.7319441639311,148246405736563.0,,,198600,200520,2026-03-26T18:56:11+00:00
burn,0xd54d5da417a268b312e6b46ce32761ab8946db4171508c1b1643192f366a1224#1120850,1774555271,24743987,0xd54d5da417a268b312e6b46ce32761ab8946db4171508c1b1643192f366a1224,597,0x8ad599c3a0ff1de082011efddc58f1908eb6e6d8,3000.0,0.0,114710631.0,,,0x158d8a91eeb479dc3f578aba68a55d78a7ee4b03,0xc36442b4a4522e871399cd717abdd847ab11fe88,0xa0b86991c6218b36c1d19d4a2e9eb0ce3606eb48,USDC,6,0xc02aaa39b223fe8d0a0e5c4f27ead9083c756cc2,WETH,18,0.0,0.0,0.0,0.0,,,199320,200520,2026-03-26T20:01:11+00:00
burn,0x24b5a667b66c8f88c47eb4d229f4e57049a4a900e27bb5f4654ebbeb1481b571#1120880,1774557491,24744172,0x24b5a667b66c8f88c47eb4d229f4e57049a4a900e27bb5f4654ebbeb1481b571,387,0x8ad599c3a0ff1de082011efddc58f1908eb6e6d8,3000.0,0.0,258755027.0,,,0xcd2b183bf3a7af5fb3a929091dc9c9b1173d2f41,0xc36442b4a4522e871399cd717abdd847ab11fe88,0xa0b86991c6218b36c1d19d4a2e9eb0ce3606eb48,USDC,6,0xc02aaa39b223fe8d0a0e5c4f27ead9083c756cc2,WETH,18,0.0,0.0,0.0,0.0,,,196020,202860,2026-03-26T20:38:11+00:00
burn,0x3d76010cf6afe13c4458787ceda1085b42a47f5e672148fec0da9b7bd446bcdb#1120895,1774558907,24744289,0x3d76010cf6afe13c4458787ceda1085b42a47f5e672148fec0da9b7bd446bcdb,658,0x8ad599c3a0ff1de082011efddc58f1908eb6e6d8,3000.0,0.0,70742119.0,,,0x508a312cf7334b44b9ff22ac0bac1b3db9eed4e1,0xc36442b4a4522e871399cd717abdd847ab11fe88,0xa0b86991c6218b36c1d19d4a2e9eb0ce3606eb48,USDC,6,0xc02aaa39b223fe8d0a0e5c4f27ead9083c756cc2,WETH,18,0.0,0.0,0.0,0.0,,,198900,200340,2026-03-26T21:01:47+00:00
burn,0xcd129aedcfed9ce517c9378b4015a7c33edbfd91c2f26389a1edd60016ab80ad#1120894,1774558955,24744293,0xcd129aedcfed9ce517c9378b4015a7c33edbfd91c2f26389a1edd60016ab80ad,433,0x8ad599c3a0ff1de082011efddc58f1908eb6e6d8,3000.0,0.0,74132749.0,,,0x508a312cf7334b44b9ff22ac0bac1b3db9eed4e1,0xc36442b4a4522e871399cd717abdd847ab11fe88,0xa0b86991c6218b36c1d19d4a2e9eb0ce3606eb48,USDC,6,0xc02aaa39b223fe8d0a0e5c4f27ead9083c756cc2,WETH,18,607.365506,0.8932098939641028,2452.4153936496564,766588762196225.0,,,198900,200340,2026-03-26T21:02:35+00:00
burn,0x5f8d28ae9ca2fdebcd49d067e88c53db6716f198b69229f9779eb757703f92e3#1120917,1774561739,24744523,0x5f8d28ae9ca2fdebcd49d067e88c53db6716f198b69229f9779eb757703f92e3,544,0x8ad599c3a0ff1de082011efddc58f1908eb6e6d8,3000.0,0.0,538596151.0,,,0x2d943fa0c88f333aa825d45f903ed8dd20c16d72,0xc36442b4a4522e871399cd717abdd847ab11fe88,0xa0b86991c6218b36c1d19d4a2e9eb0ce3606eb48,USDC,6,0xc02aaa39b223fe8d0a0e5c4f27ead9083c756cc2,WETH,18,0.0,0.0,0.0,0.0,,,199620,201120,2026-03-26T21:48:59+00:00
burn,0x13632a03e4e66e76ee77d93ff26c1dc87258c9c5414541113ff8d3c41e8ca9b8#1120926,1774562195,24744561,0x13632a03e4e66e76ee77d93ff26c1dc87258c9c5414541113ff8d3c41e8ca9b8,18,0x8ad599c3a0ff1de082011efddc58f1908eb6e6d8,3000.0,0.0,48943865.0,,,0x05854d0c70d2f696fb3d9c0863100956b795e2ff,0xc36442b4a4522e871399cd717abdd847ab11fe88,0xa0b86991c6218b36c1d19d4a2e9eb0ce3606eb48,USDC,6,0xc02aaa39b223fe8d0a0e5c4f27ead9083c756cc2,WETH,18,2.1643,0.000918705825934437,4.065070846112152,898851012396.0,,,199020,201060,2026-03-26T21:56:35+00:00
burn,0x08d43a7a874a47ddd7faac2a52cb83963e42900ac8eb67d520e72a59676cae89#1120946,1774565243,24744813,0x08d43a7a874a47ddd7faac2a52cb83963e42900ac8eb67d520e72a59676cae89,42,0x8ad599c3a0ff1de082011efddc58f1908eb6e6d8,3000.0,0.0,170212587.0,,,0x8a271ec3bac17f56797087626d627ec11aa91b0a,0xc36442b4a4522e871399cd717abdd847ab11fe88,0xa0b86991c6218b36c1d19d4a2e9eb0ce3606eb48,USDC,6,0xc02aaa39b223fe8d0a0e5c4f27ead9083c756cc2,WETH,18,0.0,1.1137798906832796,2297.100122984492,2881853182740206.0,,,199320,199680,2026-03-26T22:47:23+00:00
burn,0x3cba25a065b8143d91930a029070166db11c99b8c87d048fe9cd702f063d23b8#1120947,1774566083,24744882,0x3cba25a065b8143d91930a029070166db11c99b8c87d048fe9cd702f063d23b8,521,0x8ad599c3a0ff1de082011efddc58f1908eb6e6d8,3000.0,0.0,43325192.0,,,0x4dcff7a73fd1910cf937b6b40c434ecdbea95483,0xc36442b4a4522e871399cd717abdd847ab11fe88,0xa0b86991c6218b36c1d19d4a2e9eb0ce3606eb48,USDC,6,0xc02aaa39b223fe8d0a0e5c4f27ead9083c756cc2,WETH,18,0.0,0.0,0.0,0.0,,,198900,200340,2026-03-26T23:01:23+00:00
burn,0xf7cc515c908dec5f8f6fed8e2facdf623774b4ff208fa74534c86ce7a0839875#1120949,1774567103,24744967,0xf7cc515c908dec5f8f6fed8e2facdf623774b4ff208fa74534c86ce7a0839875,69,0x8ad599c3a0ff1de082011efddc58f1908eb6e6d8,3000.0,0.0,328701182.0,,,0xe272ea5d1845a8345594787b0e1906fb87d99fd1,0xc36442b4a4522e871399cd717abdd847ab11fe88,0xa0b86991c6218b36c1d19d4a2e9eb0ce3606eb48,USDC,6,0xc02aaa39b223fe8d0a0e5c4f27ead9083c756cc2,WETH,18,0.0,0.015377274881239912,31.7146512351082,39907514066609.0,,,199260,199620,2026-03-26T23:18:23+00:00
burn,0x743f07db9f4ab99c7518deae143bbe129ed97e21e58a0f283ef82f0a4af4da58#1120963,1774569059,24745130,0x743f07db9f4ab99c7518deae143bbe129ed97e21e58a0f283ef82f0a4af4da58,334,0x8ad599c3a0ff1de082011efddc58f1908eb6e6d8,3000.0,0.0,2038572185.0,,,0x982a6bb6e62832960db516eda81cbe0a946a1abb,0xc36442b4a4522e871399cd717abdd847ab11fe88,0xa0b86991c6218b36c1d19d4a2e9eb0ce3606eb48,USDC,6,0xc02aaa39b223fe8d0a0e5c4f27ead9083c756cc2,WETH,18,0.0,0.0,0.0,0.0,,,196560,196860,2026-03-26T23:50:59+00:00
burn,0x518d8996c98063e93a2bd9f95345cc492976093b5a198002309d2f257e846f1a#1120969,1774569743,24745187,0x518d8996c98063e93a2bd9f95345cc492976093b5a198002309d2f257e846f1a,639,0x8ad599c3a0ff1de082011efddc58f1908eb6e6d8,3000.0,0.0,40405388.0,,,0xda615787f81bf9a7ddbd7d36bffd868491f26220,0xc36442b4a4522e871399cd717abdd847ab11fe88,0xa0b86991c6218b36c1d19d4a2e9eb0ce3606eb48,USDC,6,0xc02aaa39b223fe8d0a0e5c4f27ead9083c756cc2,WETH,18,0.0,0.0,0.0,0.0,,,198840,200220,2026-03-27T00:02:23+00:00
burn,0xab7f58150358d35965cbe95f0cd02dea22c0bb5704528739a41d0952fb189eef#1120968,1774569827,24745194,0xab7f58150358d35965cbe95f0cd02dea22c0bb5704528739a41d0952fb189eef,223,0x8ad599c3a0ff1de082011efddc58f1908eb6e6d8,3000.0,0.0,47967967.0,,,0x143b67cf0b87c59b9eb3bbfd5a8d4c74dec426d1,0xc36442b4a4522e871399cd717abdd847ab11fe88,0xa0b86991c6218b36c1d19d4a2e9eb0ce3606eb48,USDC,6,0xc02aaa39b223fe8d0a0e5c4f27ead9083c756cc2,WETH,18,0.0,0.0,0.0,0.0,,,198900,200340,2026-03-27T00:03:47+00:00
burn,0x39713061f2e8280317fcdb92068daeecd1d30f03c73f0b07617a046440f1ad82#1120973,1774570031,24745211,0x39713061f2e8280317fcdb92068daeecd1d30f03c73f0b07617a046440f1ad82,1048,0x8ad599c3a0ff1de082011efddc58f1908eb6e6d8,3000.0,0.0,42174589.0,,,0xa1e0b6edbf434be1322e2d1e2d438bbfcbe81546,0xc36442b4a4522e871399cd717abdd847ab11fe88,0xa0b86991c6218b36c1d19d4a2e9eb0ce3606eb48,USDC,6,0xc02aaa39b223fe8d0a0e5c4f27ead9083c756cc2,WETH,18,0.0,0.0,0.0,0.0,,,199140,200580,2026-03-27T00:07:11+00:00
burn,0x9043f57c6949d47c212f6c8b9b4cb6ad5a0fb284477935b316fb8e6e0b8e482d#1120972,1774570055,24745213,0x9043f57c6949d47c212f6c8b9b4cb6ad5a0fb284477935b316fb8e6e0b8e482d,549,0x8ad599c3a0ff1de082011efddc58f1908eb6e6d8,3000.0,0.0,44504914.0,,,0xa1e0b6edbf434be1322e2d1e2d438bbfcbe81546,0xc36442b4a4522e871399cd717abdd847ab11fe88,0xa0b86991c6218b36c1d19d4a2e9eb0ce3606eb48,USDC,6,0xc02aaa39b223fe8d0a0e5c4f27ead9083c756cc2,WETH,18,0.0,0.0,0.0,0.0,,,199260,200700,2026-03-27T00:07:35+00:00
burn,0x7de5a7ee04a6efb7a5ed02928e4c24f63aa68307c9164f3e2752929370a3b512#1120975,1774570175,24745223,0x7de5a7ee04a6efb7a5ed02928e4c24f63aa68307c9164f3e2752929370a3b512,1000,0x8ad599c3a0ff1de082011efddc58f1908eb6e6d8,3000.0,0.0,39357668.0,,,0xff98fbaff98a2f3c4a88da4ac870b9693d804b66,0xc36442b4a4522e871399cd717abdd847ab11fe88,0xa0b86991c6218b36c1d19d4a2e9eb0ce3606eb48,USDC,6,0xc02aaa39b223fe8d0a0e5c4f27ead9083c756cc2,WETH,18,0.0,0.0,0.0,0.0,,,198900,200340,2026-03-27T00:09:35+00:00
burn,0x0501a8fea9e63f65427164c6bf8e08f0fba50a5a16f70fff0fc6daddf3c6508d#1120977,1774570295,24745233,0x0501a8fea9e63f65427164c6bf8e08f0fba50a5a16f70fff0fc6daddf3c6508d,684,0x8ad599c3a0ff1de082011efddc58f1908eb6e6d8,3000.0,0.0,36045102.0,,,0x143b67cf0b87c59b9eb3bbfd5a8d4c74dec426d1,0xc36442b4a4522e871399cd717abdd847ab11fe88,0xa0b86991c6218b36c1d19d4a2e9eb0ce3606eb48,USDC,6,0xc02aaa39b223fe8d0a0e5c4f27ead9083c756cc2,WETH,18,0.0,0.0,0.0,0.0,,,198720,200340,2026-03-27T00:11:35+00:00
burn,0x0e1691b7c6c83e96879d3f60739028e08634d7a81cd2eca80ab47b2f1fbd40ce#1120978,1774570295,24745233,0x0e1691b7c6c83e96879d3f60739028e08634d7a81cd2eca80ab47b2f1fbd40ce,710,0x8ad599c3a0ff1de082011efddc58f1908eb6e6d8,3000.0,0.0,36045102.0,,,0xda615787f81bf9a7ddbd7d36bffd868491f26220,0xc36442b4a4522e871399cd717abdd847ab11fe88,0xa0b86991c6218b36c1d19d4a2e9eb0ce3606eb48,USDC,6,0xc02aaa39b223fe8d0a0e5c4f27ead9083c756cc2,WETH,18,0.0,0.0,0.0,0.0,,,198840,200520,2026-03-27T00:11:35+00:00
burn,0x8382508a3e606ee3be3cf72edba7c94c39dd9b3bd3bd9314f28a4ab42a38f271#1120979,1774570295,24745233,0x8382508a3e606ee3be3cf72edba7c94c39dd9b3bd3bd9314f28a4ab42a38f271,738,0x8ad599c3a0ff1de082011efddc58f1908eb6e6d8,3000.0,0.0,36045102.0,,,0xdc7b1ebbc9f79c082b2e0f02ee3077a8d974fa8e,0xc36442b4a4522e871399cd717abdd847ab11fe88,0xa0b86991c6218b36c1d19d4a2e9eb0ce3606eb48,USDC,6,0xc02aaa39b223fe8d0a0e5c4f27ead9083c756cc2,WETH,18,0.0,0.0,0.0,0.0,,,199260,200640,2026-03-27T00:11:35+00:00
burn,0x869e5d9203a3710427fec84d792c32014f2f1f505380950dbeb8ed2b3a597928#1120980,1774570439,24745244,0x869e5d9203a3710427fec84d792c32014f2f1f505380950dbeb8ed2b3a597928,431,0x8ad599c3a0ff1de082011efddc58f1908eb6e6d8,3000.0,0.0,39099551.0,,,0xdc7b1ebbc9f79c082b2e0f02ee3077a8d974fa8e,0xc36442b4a4522e871399cd717abdd847ab11fe88,0xa0b86991c6218b36c1d19d4a2e9eb0ce3606eb48,USDC,6,0xc02aaa39b223fe8d0a0e5c4f27ead9083c756cc2,WETH,18,0.0,0.0,0.0,0.0,,,199260,200640,2026-03-27T00:13:59+00:00
burn,0x85117292b88be343fe0b3b99ff8636ac30c74d77a1efd5e6f09d7a5737c7a94c#1120981,1774570499,24745249,0x85117292b88be343fe0b3b99ff8636ac30c74d77a1efd5e6f09d7a5737c7a94c,320,0x8ad599c3a0ff1de082011efddc58f1908eb6e6d8,3000.0,0.0,31156081.0,,,0x641169964b55211a1c3559245379f11f765b083c,0xc36442b4a4522e871399cd717abdd847ab11fe88,0xa0b86991c6218b36c1d19d4a2e9eb0ce3606eb48,USDC,6,0xc02aaa39b223fe8d0a0e5c4f27ead9083c756cc2,WETH,18,0.0,0.0,0.0,0.0,,,198960,200220,2026-03-27T00:14:59+00:00
burn,0x66f3857bb9a241c3b259cfa6245c2ea5049acbd22b9ba6397fb4f33c529264f2#1120993,1774572431,24745409,0x66f3857bb9a241c3b259cfa6245c2ea5049acbd22b9ba6397fb4f33c529264f2,23,0x8ad599c3a0ff1de082011efddc58f1908eb6e6d8,3000.0,0.0,2135096051.0,,,0x0425495a89fd2ee9edb9aba51317a15d7c66e720,0xc36442b4a4522e871399cd717abdd847ab11fe88,0xa0b86991c6218b36c1d19d4a2e9eb0ce3606eb48,USDC,6,0xc02aaa39b223fe8d0a0e5c4f27ead9083c756cc2,WETH,18,0.0,0.0,0.0,0.0,,,192180,197340,2026-03-27T00:47:11+00:00
burn,0xc7d27b7f5db969fab755c8acdf0e2c10c1ed96e139364f49f662b1580f30d444#1120992,1774572455,24745411,0xc7d27b7f5db969fab755c8acdf0e2c10c1ed96e139364f49f662b1580f30d444,126,0x8ad599c3a0ff1de082011efddc58f1908eb6e6d8,3000.0,0.0,2031556486.0,,,0x0425495a89fd2ee9edb9aba51317a15d7c66e720,0xc36442b4a4522e871399cd717abdd847ab11fe88,0xa0b86991c6218b36c1d19d4a2e9eb0ce3606eb48,USDC,6,0xc02aaa39b223fe8d0a0e5c4f27ead9083c756cc2,WETH,18,0.0,0.6635612640032601,1368.339262226357,151401816123057.0,,,192180,197340,2026-03-27T00:47:35+00:00
burn,0x78d5d37ceed05bc808ee3b0a55227d0e73f9857e20fd55f4c6697827d3ed1766#1120997,1774572527,24745417,0x78d5d37ceed05bc808ee3b0a55227d0e73f9857e20fd55f4c6697827d3ed1766,138,0x8ad599c3a0ff1de082011efddc58f1908eb6e6d8,3000.0,0.0,2029066770.0,,,0x0425495a89fd2ee9edb9aba51317a15d7c66e720,0xc36442b4a4522e871399cd717abdd847ab11fe88,0xa0b86991c6218b36c1d19d4a2e9eb0ce3606eb48,USDC,6,0xc02aaa39b223fe8d0a0e5c4f27ead9083c756cc2,WETH,18,0.0,0.0,0.0,0.0,,,191160,197700,2026-03-27T00:48:47+00:00
burn,0xad8a8b5860f7c9bb77eee8c53b156f15a4a025674960b3de1fea0bb0f4670d57#1121034,1774578047,24745877,0xad8a8b5860f7c9bb77eee8c53b156f15a4a025674960b3de1fea0bb0f4670d57,194,0x8ad599c3a0ff1de082011efddc58f1908eb6e6d8,3000.0,0.0,2041108912.0,,,0x6bcc98231367f0d930ef36fc35c05f20a06b22f3,0xc36442b4a4522e871399cd717abdd847ab11fe88,0xa0b86991c6218b36c1d19d4a2e9eb0ce3606eb48,USDC,6,0xc02aaa39b223fe8d0a0e5c4f27ead9083c756cc2,WETH,18,0.0,1.0715151684058994,2217.5218078645744,174979256988015.0,,,190740,198060,2026-03-27T02:20:47+00:00
burn,0xad8a8b5860f7c9bb77eee8c53b156f15a4a025674960b3de1fea0bb0f4670d57#1121035,1774578047,24745877,0xad8a8b5860f7c9bb77eee8c53b156f15a4a025674960b3de1fea0bb0f4670d57,196,0x8ad599c3a0ff1de082011efddc58f1908eb6e6d8,3000.0,0.0,2041108912.0,,,0x6bcc98231367f0d930ef36fc35c05f20a06b22f3,0xc36442b4a4522e871399cd717abdd847ab11fe88,0xa0b86991c6218b36c1d19d4a2e9eb0ce3606eb48,USDC,6,0xc02aaa39b223fe8d0a0e5c4f27ead9083c756cc2,WETH,18,0.0,0.0,0.0,0.0,,,190740,198060,2026-03-27T02:20:47+00:00
burn,0x499741572eee48350f1125ea56d008d0eba455409eda0f43bf2a74d2fff826e8#1121039,1774579043,24745959,0x499741572eee48350f1125ea56d008d0eba455409eda0f43bf2a74d2fff826e8,78,0x8ad599c3a0ff1de082011efddc58f1908eb6e6d8,3000.0,0.0,2036760559.0,,,0x2b7780781356cf8a9a531bffa1dd62f1e690c513,0xc36442b4a4522e871399cd717abdd847ab11fe88,0xa0b86991c6218b36c1d19d4a2e9eb0ce3606eb48,USDC,6,0xc02aaa39b223fe8d0a0e5c4f27ead9083c756cc2,WETH,18,79.999999,0.0,79.999999,6.832342047431538e+16,,,351300,352320,2026-03-27T02:37:23+00:00
burn,0xb97ad064d4a743782db72d047909a4b843766c992baba78df2d2d3a4fb0accba#1121038,1774579103,24745964,0xb97ad064d4a743782db72d047909a4b843766c992baba78df2d2d3a4fb0accba,58,0x8ad599c3a0ff1de082011efddc58f1908eb6e6d8,3000.0,0.0,2042212832.0,,,0x2b7780781356cf8a9a531bffa1dd62f1e690c513,0xc36442b4a4522e871399cd717abdd847ab11fe88,0xa0b86991c6218b36c1d19d4a2e9eb0ce3606eb48,USDC,6,0xc02aaa39b223fe8d0a0e5c4f27ead9083c756cc2,WETH,18,10.662808,0.028530544242657142,69.70733299052452,11007058441567.0,,,197460,200400,2026-03-27T02:38:23+00:00
burn,0xc3d9b429be58e0efaecdaa2f85b03da82e87f5d913098ee6d9092bb822d2a02e#1121099,1774586843,24746602,0xc3d9b429be58e0efaecdaa2f85b03da82e87f5d913098ee6d9092bb822d2a02e,439,0x8ad599c3a0ff1de082011efddc58f1908eb6e6d8,3000.0,0.0,126139508.0,,,0x804a341274b14f15cf65f3f90d6941810cab05ca,0xc36442b4a4522e871399cd717abdd847ab11fe88,0xa0b86991c6218b36c1d19d4a2e9eb0ce3606eb48,USDC,6,0xc02aaa39b223fe8d0a0e5c4f27ead9083c756cc2,WETH,18,990.721579,0.004523647924700363,999.9824490091122,108205668767905.0,,,200040,204600,2026-03-27T04:47:23+00:00
burn,0xfb6ab5bccfad92063545767ae240d8e57f5328dfe2b84f3db7996ac3514eb421#1121125,1774590995,24746947,0xfb6ab5bccfad92063545767ae240d8e57f5328dfe2b84f3db7996ac3514eb421,648,0x8ad599c3a0ff1de082011efddc58f1908eb6e6d8,3000.0,0.0,42626538.0,,,0x05854d0c70d2f696fb3d9c0863100956b795e2ff,0xc36442b4a4522e871399cd717abdd847ab11fe88,0xa0b86991c6218b36c1d19d4a2e9eb0ce3606eb48,USDC,6,0xc02aaa39b223fe8d0a0e5c4f27ead9083c756cc2,WETH,18,0.626244,0.000350746772056156,1.3483114102454579,307712023401.0,,,198960,200940,2026-03-27T05:56:35+00:00
burn,0x991262d86dab00cb9d99f12626b19698d4bf1154bc706ca8c1e990343d68507d#1121126,1774591463,24746986,0x991262d86dab00cb9d99f12626b19698d4bf1154bc706ca8c1e990343d68507d,659,0x8ad599c3a0ff1de082011efddc58f1908eb6e6d8,3000.0,0.0,541010092.0,,,0x0320618babfa9d52f72b0565bfad3f22b3fc0c78,0xc36442b4a4522e871399cd717abdd847ab11fe88,0xa0b86991c6218b36c1d19d4a2e9eb0ce3606eb48,USDC,6,0xc02aaa39b223fe8d0a0e5c4f27ead9083c756cc2,WETH,18,0.0,0.0,0.0,0.0,,,198480,201960,2026-03-27T06:04:23+00:00
burn,0xfb0a513d9c2caf36ba85c1143635ddb24ea622b56c8e9e2969bc67c751417dfb#1121129,1774591727,24747008,0xfb0a513d9c2caf36ba85c1143635ddb24ea622b56c8e9e2969bc67c751417dfb,98,0x8ad599c3a0ff1de082011efddc58f1908eb6e6d8,3000.0,0.0,48125605.0,,,0x774d478cb54da2b9d36c1e1a9c4bbb95515eaf75,0xc36442b4a4522e871399cd717abdd847ab11fe88,0xa0b86991c6218b36c1d19d4a2e9eb0ce3606eb48,USDC,6,0xc02aaa39b223fe8d0a0e5c4f27ead9083c756cc2,WETH,18,0.0,0.0,0.0,0.0,,,193320,206280,2026-03-27T06:08:47+00:00
burn,0x6b4ed795c428fce2b4c2718836bbf8d9a13d165b528ff9ff7557d0384cf11ffd#1121142,1774594019,24747199,0x6b4ed795c428fce2b4c2718836bbf8d9a13d165b528ff9ff7557d0384cf11ffd,413,0x8ad599c3a0ff1de082011efddc58f1908eb6e6d8,3000.0,0.0,41879962.0,,,0x541e0fa1d301e1e313fef12441dabd2c006d198d,0xc36442b4a4522e871399cd717abdd847ab11fe88,0xa0b86991c6218b36c1d19d4a2e9eb0ce3606eb48,USDC,6,0xc02aaa39b223fe8d0a0e5c4f27ead9083c756cc2,WETH,18,0.0,0.0,0.0,0.0,,,198780,201840,2026-03-27T06:46:59+00:00
burn,0xe48f1fee95932b937c2d9f9f0e5a0b2a5c1616700f5ee72cda505ae4daaaee77#1121146,1774595855,24747350,0xe48f1fee95932b937c2d9f9f0e5a0b2a5c1616700f5ee72cda505ae4daaaee77,1117,0x8ad599c3a0ff1de082011efddc58f1908eb6e6d8,3000.0,0.0,38291733.0,,,0xb282c9598344c029aaa83164cd81aeeae1ba73cb,0xc36442b4a4522e871399cd717abdd847ab11fe88,0xa0b86991c6218b36c1d19d4a2e9eb0ce3606eb48,USDC,6,0xc02aaa39b223fe8d0a0e5c4f27ead9083c756cc2,WETH,18,0.0,0.0,0.0,0.0,,,198900,200940,2026-03-27T07:17:35+00:00
burn,0x78c240be5932158bf9192f4527dcc19fe869c2de2f5fd2563feaa9d69238a087#1121174,1774599731,24747673,0x78c240be5932158bf9192f4527dcc19fe869c2de2f5fd2563feaa9d69238a087,80,0x8ad599c3a0ff1de082011efddc58f1908eb6e6d8,3000.0,0.0,197719673.0,,,0x89f314f2ce7ee6b849452c81e0dc8c6a60e4270e,0xc36442b4a4522e871399cd717abdd847ab11fe88,0xa0b86991c6218b36c1d19d4a2e9eb0ce3606eb48,USDC,6,0xc02aaa39b223fe8d0a0e5c4f27ead9083c756cc2,WETH,18,0.0,0.0,0.0,0.0,,,192180,200280,2026-03-27T08:22:11+00:00
burn,0x5f3b348f3cec260e6d7a778a8cf08bede9d14269546db842640ad7ef78651c58#1121208,1774602023,24747863,0x5f3b348f3cec260e6d7a778a8cf08bede9d14269546db842640ad7ef78651c58,12,0x8ad599c3a0ff1de082011efddc58f1908eb6e6d8,3000.0,0.0,2250683789.0,,,0x8cdc49e7dfd70b9f346ecef3cac64034da128490,0xc36442b4a4522e871399cd717abdd847ab11fe88,0xa0b86991c6218b36c1d19d4a2e9eb0ce3606eb48,USDC,6,0xc02aaa39b223fe8d0a0e5c4f27ead9083c756cc2,WETH,18,0.0,0.0,0.0,0.0,,,198300,201960,2026-03-27T09:00:23+00:00
burn,0x4cce3239e557d71bea602470be753a666c1e3de0167b9633d2ed9440c596c553#1121209,1774602107,24747870,0x4cce3239e557d71bea602470be753a666c1e3de0167b9633d2ed9440c596c553,122,0x8ad599c3a0ff1de082011efddc58f1908eb6e6d8,3000.0,0.0,2154674703.0,,,0x8cdc49e7dfd70b9f346ecef3cac64034da128490,0xc36442b4a4522e871399cd717abdd847ab11fe88,0xa0b86991c6218b36c1d19d4a2e9eb0ce3606eb48,USDC,6,0xc02aaa39b223fe8d0a0e5c4f27ead9083c756cc2,WETH,18,4005.405678,1.866587867683438,7824.248650649012,989236013918048.0,,,198300,201960,2026-03-27T09:01:47+00:00
burn,0xffdf6642c864e5fb1c722f448c25fad9355f99fc1e5772b8a5435c4d245125b9#1121213,1774602659,24747916,0xffdf6642c864e5fb1c722f448c25fad9355f99fc1e5772b8a5435c4d245125b9,101,0x8ad599c3a0ff1de082011efddc58f1908eb6e6d8,3000.0,0.0,703032463.0,,,0xae2fc483527b8ef99eb5d9b44875f005ba1fae13,0x1f2f10d1c40777ae1da742455c65828ff36df387,0xa0b86991c6218b36c1d19d4a2e9eb0ce3606eb48,USDC,6,0xc02aaa39b223fe8d0a0e5c4f27ead9083c756cc2,WETH,18,685471.624936,945.2077015677304,2619267.794892737,1.9321387981419315e+19,,,200040,200100,2026-03-27T09:10:59+00:00
burn,0xa254b0b7d26efc722fe08119b5096390bbd2dd12a556bf6da5d18e71e10ae816#1121261,1774610411,24748560,0xa254b0b7d26efc722fe08119b5096390bbd2dd12a556bf6da5d18e71e10ae816,726,0x8ad599c3a0ff1de082011efddc58f1908eb6e6d8,3000.0,0.0,231303527.0,,,0x5aab047825f77018ac38a81d70014d4aede5e9ad,0xc36442b4a4522e871399cd717abdd847ab11fe88,0xa0b86991c6218b36c1d19d4a2e9eb0ce3606eb48,USDC,6,0xc02aaa39b223fe8d0a0e5c4f27ead9083c756cc2,WETH,18,0.0,0.9551016868338585,1900.8521598292514,548207943221750.0,,,198720,200340,2026-03-27T11:20:11+00:00
burn,0x6750b14d9680d2523fb379a70521bdc73b13c116b4d6b6f1b60c05c5ccae281b#1121265,1774610507,24748568,0x6750b14d9680d2523fb379a70521bdc73b13c116b4d6b6f1b60c05c5ccae281b,623,0x8ad599c3a0ff1de082011efddc58f1908eb6e6d8,3000.0,0.0,228420430.0,,,0x846abee8d773693cb30bcc2b6846eabf155bd50b,0xc36442b4a4522e871399cd717abdd847ab11fe88,0xa0b86991c6218b36c1d19d4a2e9eb0ce3606eb48,USDC,6,0xc02aaa39b223fe8d0a0e5c4f27ead9083c756cc2,WETH,18,0.0,0.23045971116540118,458.6630363669133,148154188080966.0,,,198900,200340,2026-03-27T11:21:47+00:00
burn,0x38f3ff3ee36b92205cd91c715c730681d83cca82a8441a2d158fec99d4d671ee#1121267,1774610591,24748575,0x38f3ff3ee36b92205cd91c715c730681d83cca82a8441a2d158fec99d4d671ee,993,0x8ad599c3a0ff1de082011efddc58f1908eb6e6d8,3000.0,0.0,213413215.0,,,0xc1bc317cd1f62fa13dd85eba2a6bf0bda13cd27d,0xc36442b4a4522e871399cd717abdd847ab11fe88,0xa0b86991c6218b36c1d19d4a2e9eb0ce3606eb48,USDC,6,0xc02aaa39b223fe8d0a0e5c4f27ead9083c756cc2,WETH,18,0.0,1.1653137676404288,2319.21817606777,785248441673480.0,,,198840,200220,2026-03-27T11:23:11+00:00
burn,0x4975101f9260e802c4c86f1df9aff26adaf3ab7b56d37ae15cc44a0de024ed3f#1121269,1774610687,24748583,0x4975101f9260e802c4c86f1df9aff26adaf3ab7b56d37ae15cc44a0de024ed3f,265,0x8ad599c3a0ff1de082011efddc58f1908eb6e6d8,3000.0,0.0,216072031.0,,,0xd8f3d8e1fd123d69dec6d96ad6708bdb378c7fa2,0xc36442b4a4522e871399cd717abdd847ab11fe88,0xa0b86991c6218b36c1d19d4a2e9eb0ce3606eb48,USDC,6,0xc02aaa39b223fe8d0a0e5c4f27ead9083c756cc2,WETH,18,0.0,0.3327719997718062,662.2858939699163,213927046914016.0,,,198900,200340,2026-03-27T11:24:47+00:00
burn,0x816bd19830eb95228e9506d362e0759f74ad019ac4de52e5baa8d4033d3af38a#1121271,1774610771,24748590,0x816bd19830eb95228e9506d362e0759f74ad019ac4de52e5baa8d4033d3af38a,450,0x8ad599c3a0ff1de082011efddc58f1908eb6e6d8,3000.0,0.0,185907578.0,,,0x5370eb8a0d876b723c716b96eb34caf64f69b505,0xc36442b4a4522e871399cd717abdd847ab11fe88,0xa0b86991c6218b36c1d19d4a2e9eb0ce3606eb48,USDC,6,0xc02aaa39b223fe8d0a0e5c4f27ead9083c756cc2,WETH,18,0.0,0.7347223317757932,1462.2511408816522,472326334085672.0,,,198900,200340,2026-03-27T11:26:11+00:00
burn,0xa9bf4fce8e9f3531ba715baacc1cc03fae14ffda776a26c9781d2ea12810d4f9#1121272,1774610831,24748595,0xa9bf4fce8e9f3531ba715baacc1cc03fae14ffda776a26c9781d2ea12810d4f9,597,0x8ad599c3a0ff1de082011efddc58f1908eb6e6d8,3000.0,0.0,202048574.0,,,0xf148f45b042c7fd459623ac7a7ebe271754bd9aa,0xc36442b4a4522e871399cd717abdd847ab11fe88,0xa0b86991c6218b36c1d19d4a2e9eb0ce3606eb48,USDC,6,0xc02aaa39b223fe8d0a0e5c4f27ead9083c756cc2,WETH,18,0.0,0.3131788274269606,623.4114370576973,201331307181453.0,,,198900,200340,2026-03-27T11:27:11+00:00
burn,0x8a42c5a2a153c5e4b634114ac75e020e3ba0cd1f10535b1e6996e19347a58584#1121279,1774611371,24748639,0x8a42c5a2a153c5e4b634114ac75e020e3ba0cd1f10535b1e6996e19347a58584,503,0x8ad599c3a0ff1de082011efddc58f1908eb6e6d8,3000.0,0.0,237191195.0,,,0x5aab047825f77018ac38a81d70014d4aede5e9ad,0xc36442b4a4522e871399cd717abdd847ab11fe88,0xa0b86991c6218b36c1d19d4a2e9eb0ce3606eb48,USDC,6,0xc02aaa39b223fe8d0a0e5c4f27ead9083c756cc2,WETH,18,0.0,1.2549189676863675,2499.291967258591,806741880499632.0,,,198900,200340,2026-03-27T11:36:11+00:00
burn,0x0f4f58f163b6b3b3ce985501da89aa3f85c57b6d60f70b411edc9a4aec070033#1121288,1774613303,24748800,0x0f4f58f163b6b3b3ce985501da89aa3f85c57b6d60f70b411edc9a4aec070033,148,0x8ad599c3a0ff1de082011efddc58f1908eb6e6d8,3000.0,0.0,365858528.0,,,0x1d6b2708e1d14878279fc6cb287136b61e770c9b,0xc36442b4a4522e871399cd717abdd847ab11fe88,0xa0b86991c6218b36c1d19d4a2e9eb0ce3606eb48,USDC,6,0xc02aaa39b223fe8d0a0e5c4f27ead9083c756cc2,WETH,18,0.0,0.0,0.0,0.0,,,191040,204900,2026-03-27T12:08:23+00:00
burn,0x6d994debd5464a179695c4d50390c11cb9f8526d231af081b12d5513053f4e7c#1121289,1774613351,24748804,0x6d994debd5464a179695c4d50390c11cb9f8526d231af081b12d5513053f4e7c,123,0x8ad599c3a0ff1de082011efddc58f1908eb6e6d8,3000.0,0.0,364826027.0,,,0x1d6b2708e1d14878279fc6cb287136b61e770c9b,0xc36442b4a4522e871399cd717abdd847ab11fe88,0xa0b86991c6218b36c1d19d4a2e9eb0ce3606eb48,USDC,6,0xc02aaa39b223fe8d0a0e5c4f27ead9083c756cc2,WETH,18,7.952725,0.007310523324341243,22.51239283290447,876386080252.0,,,191040,204900,2026-03-27T12:09:11+00:00
burn,0xedc5cb8c8b629a35999f27d18be3722b2a44aa27c4aa979dd556223c3c9fcc03#1121305,1774618331,24749215,0xedc5cb8c8b629a35999f27d18be3722b2a44aa27c4aa979dd556223c3c9fcc03,184,0x8ad599c3a0ff1de082011efddc58f1908eb6e6d8,3000.0,0.0,2251734026.0,,,0x07c74d8a5fb752303a99936151eedc39c6529d97,0xc36442b4a4522e871399cd717abdd847ab11fe88,0xa0b86991c6218b36c1d19d4a2e9eb0ce3606eb48,USDC,6,0xc02aaa39b223fe8d0a0e5c4f27ead9083c756cc2,WETH,18,0.0,0.0,0.0,0.0,,,198900,199920,2026-03-27T13:32:11+00:00
burn,0xcc32e031d5be0cb7bba606ea943430e230096fbbb6168d948bd7617dfea05579#1121306,1774618391,24749220,0xcc32e031d5be0cb7bba606ea943430e230096fbbb6168d948bd7617dfea05579,39,0x8ad599c3a0ff1de082011efddc58f1908eb6e6d8,3000.0,0.0,1293651509.0,,,0x07c74d8a5fb752303a99936151eedc39c6529d97,0xc36442b4a4522e871399cd717abdd847ab11fe88,0xa0b86991c6218b36c1d19d4a2e9eb0ce3606eb48,USDC,6,0xc02aaa39b223fe8d0a0e5c4f27ead9083c756cc2,WETH,18,0.0,15.0,29864.543278248508,1.3758753699122246e+16,,,198900,199920,2026-03-27T13:33:11+00:00
burn,0x4b673f0c16e379f2eaba813bf327e6ffaf788f5a9cf9a92a46754e633abcc693#1121321,1774619495,24749312,0x4b673f0c16e379f2eaba813bf327e6ffaf788f5a9cf9a92a46754e633abcc693,457,0x8ad599c3a0ff1de082011efddc58f1908eb6e6d8,3000.0,0.0,2338796356.0,,,0x389de9ac94edff38127749c6ccb255c5b8fe09e9,0xc36442b4a4522e871399cd717abdd847ab11fe88,0xa0b86991c6218b36c1d19d4a2e9eb0ce3606eb48,USDC,6,0xc02aaa39b223fe8d0a0e5c4f27ead9083c756cc2,WETH,18,0.0,0.0,0.0,0.0,,,199440,200520,2026-03-27T13:51:35+00:00
burn,0xa55cda40736b7bdd0c6a361d87b0d3baaa68f7cf205d5a7f4f7290c5162bf4a6#1121338,1774622267,24749541,0xa55cda40736b7bdd0c6a361d87b0d3baaa68f7cf205d5a7f4f7290c5162bf4a6,785,0x8ad599c3a0ff1de082011efddc58f1908eb6e6d8,3000.0,0.0,303274117.0,,,0x508a312cf7334b44b9ff22ac0bac1b3db9eed4e1,0xc36442b4a4522e871399cd717abdd847ab11fe88,0xa0b86991c6218b36c1d19d4a2e9eb0ce3606eb48,USDC,6,0xc02aaa39b223fe8d0a0e5c4f27ead9083c756cc2,WETH,18,0.0,0.0,0.0,0.0,,,199320,200820,2026-03-27T14:37:47+00:00
burn,0xda251c18c90954ac9a072eade07c9d97c7a5e8332f67a1217edbe948a59071b9#1121339,1774622867,24749588,0xda251c18c90954ac9a072eade07c9d97c7a5e8332f67a1217edbe948a59071b9,304,0x8ad599c3a0ff1de082011efddc58f1908eb6e6d8,3000.0,0.0,869817314.0,,,0x6e0eef8a3e8cd3056ca76edcf8f40684d62dec52,0xc36442b4a4522e871399cd717abdd847ab11fe88,0xa0b86991c6218b36c1d19d4a2e9eb0ce3606eb48,USDC,6,0xc02aaa39b223fe8d0a0e5c4f27ead9083c756cc2,WETH,18,0.0,0.0,0.0,0.0,,,198720,201900,2026-03-27T14:47:47+00:00
burn,0x4c377bc4fce7ee616c46675bf945178d4b764bdaef51b137f56172f5cded2de5#1121416,1774627475,24749972,0x4c377bc4fce7ee616c46675bf945178d4b764bdaef51b137f56172f5cded2de5,248,0x8ad599c3a0ff1de082011efddc58f1908eb6e6d8,3000.0,0.0,2310219154.0,,,0xf1964f4042344e316f75a80f6a8c35dc598af810,0xc36442b4a4522e871399cd717abdd847ab11fe88,0xa0b86991c6218b36c1d19d4a2e9eb0ce3606eb48,USDC,6,0xc02aaa39b223fe8d0a0e5c4f27ead9083c756cc2,WETH,18,0.0,1.8255074661291493,3633.2820829948655,973136100823436.0,,,198000,199800,2026-03-27T16:04:35+00:00
burn,0x8ba892cba1443ebc8d2b13d0f0d52638f16c1fc2ce93527e0cbd6f8c2e2a7db3#1121420,1774627703,24749991,0x8ba892cba1443ebc8d2b13d0f0d52638f16c1fc2ce93527e0cbd6f8c2e2a7db3,720,0x8ad599c3a0ff1de082011efddc58f1908eb6e6d8,3000.0,0.0,308297012.0,,,0xd9275f3efd08551193f7d37132578770eaece2fa,0xc36442b4a4522e871399cd717abdd847ab11fe88,0xa0b86991c6218b36c1d19d4a2e9eb0ce3606eb48,USDC,6,0xc02aaa39b223fe8d0a0e5c4f27ead9083c756cc2,WETH,18,0.0,0.0,0.0,0.0,,,199140,200040,2026-03-27T16:08:23+00:00
burn,0x19f1d4e36a34fa9a0ab7cef3f2299c6c762fa1583984e905005c7b2570eb4944#1121423,1774628903,24750091,0x19f1d4e36a34fa9a0ab7cef3f2299c6c762fa1583984e905005c7b2570eb4944,125,0x8ad599c3a0ff1de082011efddc58f1908eb6e6d8,3000.0,0.0,257790997.0,,,0x05854d0c70d2f696fb3d9c0863100956b795e2ff,0xc36442b4a4522e871399cd717abdd847ab11fe88,0xa0b86991c6218b36c1d19d4a2e9eb0ce3606eb48,USDC,6,0xc02aaa39b223fe8d0a0e5c4f27ead9083c756cc2,WETH,18,0.0,0.0,0.0,0.0,,,198240,200700,2026-03-27T16:28:23+00:00
burn,0xfbad69dda264afc71aec67f053559e8f3453532132c0c0b9c5d91911a645ab21#1121431,1774630643,24750233,0xfbad69dda264afc71aec67f053559e8f3453532132c0c0b9c5d91911a645ab21,494,0x8ad599c3a0ff1de082011efddc58f1908eb6e6d8,3000.0,0.0,618557257.0,,,0x6f9194ee4c92929f9b99914c02e3789a55dfa81d,0xc36442b4a4522e871399cd717abdd847ab11fe88,0xa0b86991c6218b36c1d19d4a2e9eb0ce3606eb48,USDC,6,0xc02aaa39b223fe8d0a0e5c4f27ead9083c756cc2,WETH,18,0.0,2.9937581671495934,5944.50657628162,3569636764152374.0,,,199140,199920,2026-03-27T16:57:23+00:00
burn,0xdd01a7874cffc7cf6945af6049d440e7fe8433e67a0d2977ca082d7e84e04c4c#1121433,1774631111,24750271,0xdd01a7874cffc7cf6945af6049d440e7fe8433e67a0d2977ca082d7e84e04c4c,159,0x8ad599c3a0ff1de082011efddc58f1908eb6e6d8,3000.0,0.0,439196892.0,,,0xeca71300cf56e61963ec1598da2d302e8f6508ff,0xc36442b4a4522e871399cd717abdd847ab11fe88,0xa0b86991c6218b36c1d19d4a2e9eb0ce3606eb48,USDC,6,0xc02aaa39b223fe8d0a0e5c4f27ead9083c756cc2,WETH,18,0.0,0.0,0.0,0.0,,,198900,199740,2026-03-27T17:05:11+00:00
burn,0x249c05b57bf726c2fdcca9524482fb65d48bc898e8f140204b9bc7719f7ce0f3#1121440,1774631507,24750303,0x249c05b57bf726c2fdcca9524482fb65d48bc898e8f140204b9bc7719f7ce0f3,696,0x8ad599c3a0ff1de082011efddc58f1908eb6e6d8,3000.0,0.0,615714421.0,,,0x6f9194ee4c92929f9b99914c02e3789a55dfa81d,0xc36442b4a4522e871399cd717abdd847ab11fe88,0xa0b86991c6218b36c1d19d4a2e9eb0ce3606eb48,USDC,6,0xc02aaa39b223fe8d0a0e5c4f27ead9083c756cc2,WETH,18,0.0,2.990207748138729,5949.6735223077985,3565403387399236.0,,,199140,199920,2026-03-27T17:11:47+00:00
burn,0x132652a3fa5d41f0daccde02e7ba22a9c73f485e7b5d9111fbe1fc7a43314eb2#1121443,1774632059,24750349,0x132652a3fa5d41f0daccde02e7ba22a9c73f485e7b5d9111fbe1fc7a43314eb2,241,0x8ad599c3a0ff1de082011efddc58f1908eb6e6d8,3000.0,0.0,2097500779.0,,,0xec0bf162de9717fea48d62cab035a14e24742ce3,0xc36442b4a4522e871399cd717abdd847ab11fe88,0xa0b86991c6218b36c1d19d4a2e9eb0ce3606eb48,USDC,6,0xc02aaa39b223fe8d0a0e5c4f27ead9083c756cc2,WETH,18,0.0,0.0,0.0,0.0,,,196800,201960,2026-03-27T17:20:59+00:00
burn,0x3530339c81a4c0eb14e7fcee999038aa6b1ef8a801f0b0d89f2643e976945200#1121453,1774632923,24750420,0x3530339c81a4c0eb14e7fcee999038aa6b1ef8a801f0b0d89f2643e976945200,71,0x8ad599c3a0ff1de082011efddc58f1908eb6e6d8,3000.0,0.0,2096556962.0,,,0x371d98623613ef5e9bb04014b999e2b7da4d3739,0xc36442b4a4522e871399cd717abdd847ab11fe88,0xa0b86991c6218b36c1d19d4a2e9eb0ce3606eb48,USDC,6,0xc02aaa39b223fe8d0a0e5c4f27ead9083c756cc2,WETH,18,0.0,0.0,0.0,0.0,,,198720,200040,2026-03-27T17:35:23+00:00
burn,0x832f29b958e5e26e94ed3bafdecf53052b3b689d5a939e0de6415d4a463fef92#1121454,1774632983,24750425,0x832f29b958e5e26e94ed3bafdecf53052b3b689d5a939e0de6415d4a463fef92,301,0x8ad599c3a0ff1de082011efddc58f1908eb6e6d8,3000.0,0.0,2090571722.0,,,0x371d98623613ef5e9bb04014b999e2b7da4d3739,0xc36442b4a4522e871399cd717abdd847ab11fe88,0xa0b86991c6218b36c1d19d4a2e9eb0ce3606eb48,USDC,6,0xc02aaa39b223fe8d0a0e5c4f27ead9083c756cc2,WETH,18,0.0,1.0286102094078091,2043.7524838318861,730103725804064.0,,,198720,200040,2026-03-27T17:36:23+00:00
burn,0x832f29b958e5e26e94ed3bafdecf53052b3b689d5a939e0de6415d4a463fef92#1121455,1774632983,24750425,0x832f29b958e5e26e94ed3bafdecf53052b3b689d5a939e0de6415d4a463fef92,303,0x8ad599c3a0ff1de082011efddc58f1908eb6e6d8,3000.0,0.0,2090571722.0,,,0x371d98623613ef5e9bb04014b999e2b7da4d3739,0xc36442b4a4522e871399cd717abdd847ab11fe88,0xa0b86991c6218b36c1d19d4a2e9eb0ce3606eb48,USDC,6,0xc02aaa39b223fe8d0a0e5c4f27ead9083c756cc2,WETH,18,0.0,0.0,0.0,0.0,,,198720,200040,2026-03-27T17:36:23+00:00
burn,0x4e4891d3304e8908605df8664985deb19024e69d21dc5ab94aaa811ee5ba34ef#1121466,1774633607,24750477,0x4e4891d3304e8908605df8664985deb19024e69d21dc5ab94aaa811ee5ba34ef,237,0x8ad599c3a0ff1de082011efddc58f1908eb6e6d8,3000.0,0.0,2135658953.0,,,0x371d98623613ef5e9bb04014b999e2b7da4d3739,0xc36442b4a4522e871399cd717abdd847ab11fe88,0xa0b86991c6218b36c1d19d4a2e9eb0ce3606eb48,USDC,6,0xc02aaa39b223fe8d0a0e5c4f27ead9083c756cc2,WETH,18,0.0,1.0286102094078104,2039.176140690824,730103725804065.0,,,198720,200040,2026-03-27T17:46:47+00:00
burn,0xdadee3becce74aa6f3d5c9a315ae99e04fc31fe20f813b59e5e4d386009d30fd#1121472,1774634219,24750528,0xdadee3becce74aa6f3d5c9a315ae99e04fc31fe20f813b59e5e4d386009d30fd,264,0x8ad599c3a0ff1de082011efddc58f1908eb6e6d8,3000.0,0.0,133530491.0,,,0x05854d0c70d2f696fb3d9c0863100956b795e2ff,0xc36442b4a4522e871399cd717abdd847ab11fe88,0xa0b86991c6218b36c1d19d4a2e9eb0ce3606eb48,USDC,6,0xc02aaa39b223fe8d0a0e5c4f27ead9083c756cc2,WETH,18,43.210434,0.02790998250425794,98.4916071349811,22264316229177.0,,,199260,201300,2026-03-27T17:56:59+00:00
burn,0x949ca5ec1682b7e59df332f90b1e20c263fb27cd24050b04eb7e9e5832fde974#1121480,1774635323,24750620,0x949ca5ec1682b7e59df332f90b1e20c263fb27cd24050b04eb7e9e5832fde974,142,0x8ad599c3a0ff1de082011efddc58f1908eb6e6d8,3000.0,0.0,2097624026.0,,,0xe5661c3ad2a9716415aebf37a8e6ec263451ca8d,0xc36442b4a4522e871399cd717abdd847ab11fe88,0xa0b86991c6218b36c1d19d4a2e9eb0ce3606eb48,USDC,6,0xc02aaa39b223fe8d0a0e5c4f27ead9083c756cc2,WETH,18,0.0,0.0,0.0,0.0,,,196440,202620,2026-03-27T18:15:23+00:00
burn,0x5e71b822f9ea6a55a17af365909da36f733e1376fdb58821cd0232c3c6a9f311#1121523,1774641851,24751163,0x5e71b822f9ea6a55a17af365909da36f733e1376fdb58821cd0232c3c6a9f311,1062,0x8ad599c3a0ff1de082011efddc58f1908eb6e6d8,3000.0,0.0,100197524.0,,,0x158d8a91eeb479dc3f578aba68a55d78a7ee4b03,0xc36442b4a4522e871399cd717abdd847ab11fe88,0xa0b86991c6218b36c1d19d4a2e9eb0ce3606eb48,USDC,6,0xc02aaa39b223fe8d0a0e5c4f27ead9083c756cc2,WETH,18,0.0,0.0,0.0,0.0,,,199320,200520,2026-03-27T20:04:11+00:00
burn,0x795c21af300f1ca0e2b1080fd9cda2ed8dc87cff2b487f768626fa5d14f876b8#1121533,1774646807,24751574,0x795c21af300f1ca0e2b1080fd9cda2ed8dc87cff2b487f768626fa5d14f876b8,68,0x8ad599c3a0ff1de082011efddc58f1908eb6e6d8,3000.0,0.0,2105640028.0,,,0x71b44782a7b57bce810b02d2845544b91570d7e7,0xc36442b4a4522e871399cd717abdd847ab11fe88,0xa0b86991c6218b36c1d19d4a2e9eb0ce3606eb48,USDC,6,0xc02aaa39b223fe8d0a0e5c4f27ead9083c756cc2,WETH,18,0.0,9.8661087002393e-05,0.19583968997708914,765851982674.0,,,199440,199560,2026-03-27T21:26:47+00:00
burn,0x795c21af300f1ca0e2b1080fd9cda2ed8dc87cff2b487f768626fa5d14f876b8#1121534,1774646807,24751574,0x795c21af300f1ca0e2b1080fd9cda2ed8dc87cff2b487f768626fa5d14f876b8,70,0x8ad599c3a0ff1de082011efddc58f1908eb6e6d8,3000.0,0.0,2105640028.0,,,0x71b44782a7b57bce810b02d2845544b91570d7e7,0xc36442b4a4522e871399cd717abdd847ab11fe88,0xa0b86991c6218b36c1d19d4a2e9eb0ce3606eb48,USDC,6,0xc02aaa39b223fe8d0a0e5c4f27ead9083c756cc2,WETH,18,0.0,0.0,0.0,0.0,,,199440,199560,2026-03-27T21:26:47+00:00
burn,0x0de54fc96be2e0a8fbc2461fe8093105d6532d5d4586952f57f850b0a59a875c#1121535,1774647191,24751605,0x0de54fc96be2e0a8fbc2461fe8093105d6532d5d4586952f57f850b0a59a875c,124,0x8ad599c3a0ff1de082011efddc58f1908eb6e6d8,3000.0,0.0,2121572629.0,,,0xc3e0a21bd347fa80571d7a05955d26fca0859b8b,0xc36442b4a4522e871399cd717abdd847ab11fe88,0xa0b86991c6218b36c1d19d4a2e9eb0ce3606eb48,USDC,6,0xc02aaa39b223fe8d0a0e5c4f27ead9083c756cc2,WETH,18,78.623432,0.4364446780176402,944.9547590920278,140184587051562.0,,,197400,200640,2026-03-27T21:33:11+00:00
burn,0x6a7e1a24bdd8ba1276fdf313f2803861f3a1647afddf8451d12208c175d56555#1121539,1774649135,24751767,0x6a7e1a24bdd8ba1276fdf313f2803861f3a1647afddf8451d12208c175d56555,311,0x8ad599c3a0ff1de082011efddc58f1908eb6e6d8,3000.0,0.0,575122264.0,,,0xcc52d9365cf0fd1fb0542f6e7c0bc78d4f6dd30b,0xc36442b4a4522e871399cd717abdd847ab11fe88,0xa0b86991c6218b36c1d19d4a2e9eb0ce3606eb48,USDC,6,0xc02aaa39b223fe8d0a0e5c4f27ead9083c756cc2,WETH,18,0.0,0.0,0.0,0.0,,,195540,209400,2026-03-27T22:05:35+00:00
burn,0x72f875aa28ab1f86fd9dc1dc232c87a0e653b344138865f0b5fbb726d2a18199#1121564,1774654283,24752195,0x72f875aa28ab1f86fd9dc1dc232c87a0e653b344138865f0b5fbb726d2a18199,67,0x8ad599c3a0ff1de082011efddc58f1908eb6e6d8,3000.0,0.0,68037740.0,,,0xd9275f3efd08551193f7d37132578770eaece2fa,0xc36442b4a4522e871399cd717abdd847ab11fe88,0xa0b86991c6218b36c1d19d4a2e9eb0ce3606eb48,USDC,6,0xc02aaa39b223fe8d0a0e5c4f27ead9083c756cc2,WETH,18,0.0,0.13071967509151494,259.1008601006964,134675447084093.0,,,199140,200040,2026-03-27T23:31:23+00:00
burn,0x72f875aa28ab1f86fd9dc1dc232c87a0e653b344138865f0b5fbb726d2a18199#1121565,1774654283,24752195,0x72f875aa28ab1f86fd9dc1dc232c87a0e653b344138865f0b5fbb726d2a18199,69,0x8ad599c3a0ff1de082011efddc58f1908eb6e6d8,3000.0,0.0,68037740.0,,,0xd9275f3efd08551193f7d37132578770eaece2fa,0xc36442b4a4522e871399cd717abdd847ab11fe88,0xa0b86991c6218b36c1d19d4a2e9eb0ce3606eb48,USDC,6,0xc02aaa39b223fe8d0a0e5c4f27ead9083c756cc2,WETH,18,0.0,0.0,0.0,0.0,,,199140,200040,2026-03-27T23:31:23+00:00
burn,0x40bb65a7fe5cf46a261fd1a5b73fdc4ffd4ffb547d5c23b06aa1b7fb31f0514c#1121574,1774654727,24752232,0x40bb65a7fe5cf46a261fd1a5b73fdc4ffd4ffb547d5c23b06aa1b7fb31f0514c,121,0x8ad599c3a0ff1de082011efddc58f1908eb6e6d8,3000.0,0.0,67497530.0,,,0xd9275f3efd08551193f7d37132578770eaece2fa,0xc36442b4a4522e871399cd717abdd847ab11fe88,0xa0b86991c6218b36c1d19d4a2e9eb0ce3606eb48,USDC,6,0xc02aaa39b223fe8d0a0e5c4f27ead9083c756cc2,WETH,18,0.0,0.2618055887902321,519.3100209239698,269728215700923.0,,,199140,200040,2026-03-27T23:38:47+00:00
burn,0x513851236e08901c065b45b948b4d6e5eafa5bd594c90ec077567b49af9e35a4#1121585,1774656167,24752350,0x513851236e08901c065b45b948b4d6e5eafa5bd594c90ec077567b49af9e35a4,721,0x8ad599c3a0ff1de082011efddc58f1908eb6e6d8,3000.0,0.0,87176625.0,,,0x641169964b55211a1c3559245379f11f765b083c,0xc36442b4a4522e871399cd717abdd847ab11fe88,0xa0b86991c6218b36c1d19d4a2e9eb0ce3606eb48,USDC,6,0xc02aaa39b223fe8d0a0e5c4f27ead9083c756cc2,WETH,18,0.0,0.0,0.0,0.0,,,198960,200220,2026-03-28T00:02:47+00:00
burn,0x1027e54a06c9214522066a6c1536fafbf2c7de15f23174e69f10698a8fe9a331#1121587,1774656167,24752350,0x1027e54a06c9214522066a6c1536fafbf2c7de15f23174e69f10698a8fe9a331,1098,0x8ad599c3a0ff1de082011efddc58f1908eb6e6d8,3000.0,0.0,87176625.0,,,0xda615787f81bf9a7ddbd7d36bffd868491f26220,0xc36442b4a4522e871399cd717abdd847ab11fe88,0xa0b86991c6218b36c1d19d4a2e9eb0ce3606eb48,USDC,6,0xc02aaa39b223fe8d0a0e5c4f27ead9083c756cc2,WETH,18,0.0,0.0,0.0,0.0,,,199500,200940,2026-03-28T00:02:47+00:00
burn,0x39681b8cc6be752a07b57c20b1fc544f5371a796a8edcca4d5a39e50013b2a02#1121588,1774656215,24752354,0x39681b8cc6be752a07b57c20b1fc544f5371a796a8edcca4d5a39e50013b2a02,1160,0x8ad599c3a0ff1de082011efddc58f1908eb6e6d8,3000.0,0.0,81660622.0,,,0xda615787f81bf9a7ddbd7d36bffd868491f26220,0xc36442b4a4522e871399cd717abdd847ab11fe88,0xa0b86991c6218b36c1d19d4a2e9eb0ce3606eb48,USDC,6,0xc02aaa39b223fe8d0a0e5c4f27ead9083c756cc2,WETH,18,0.0,0.0,0.0,0.0,,,198840,200520,2026-03-28T00:03:35+00:00
burn,0xe9224e60dc7486965518ba5eedc165600ad27c4d11c47418c6c1fec30793a145#1121587,1774656215,24752354,0xe9224e60dc7486965518ba5eedc165600ad27c4d11c47418c6c1fec30793a145,1205,0x8ad599c3a0ff1de082011efddc58f1908eb6e6d8,3000.0,0.0,81660622.0,,,0xdc7b1ebbc9f79c082b2e0f02ee3077a8d974fa8e,0xc36442b4a4522e871399cd717abdd847ab11fe88,0xa0b86991c6218b36c1d19d4a2e9eb0ce3606eb48,USDC,6,0xc02aaa39b223fe8d0a0e5c4f27ead9083c756cc2,WETH,18,0.0,0.0,0.0,0.0,,,199260,200640,2026-03-28T00:03:35+00:00
burn,0x031b4e8cadaae49600b62ff2a76e02bee2b0d07a636e2bfc149badcd89f0f80a#1121590,1774656227,24752355,0x031b4e8cadaae49600b62ff2a76e02bee2b0d07a636e2bfc149badcd89f0f80a,838,0x8ad599c3a0ff1de082011efddc58f1908eb6e6d8,3000.0,0.0,90673668.0,,,0xdc7b1ebbc9f79c082b2e0f02ee3077a8d974fa8e,0xc36442b4a4522e871399cd717abdd847ab11fe88,0xa0b86991c6218b36c1d19d4a2e9eb0ce3606eb48,USDC,6,0xc02aaa39b223fe8d0a0e5c4f27ead9083c756cc2,WETH,18,0.0,0.0,0.0,0.0,,,199260,200640,2026-03-28T00:03:47+00:00
burn,0xd063aae85184bf2590975f69888ddda4fabc45109306095d594e4c6f603e3299#1121589,1774656275,24752359,0xd063aae85184bf2590975f69888ddda4fabc45109306095d594e4c6f603e3299,1091,0x8ad599c3a0ff1de082011efddc58f1908eb6e6d8,3000.0,0.0,97434863.0,,,0xa1e0b6edbf434be1322e2d1e2d438bbfcbe81546,0xc36442b4a4522e871399cd717abdd847ab11fe88,0xa0b86991c6218b36c1d19d4a2e9eb0ce3606eb48,USDC,6,0xc02aaa39b223fe8d0a0e5c4f27ead9083c756cc2,WETH,18,0.0,0.0,0.0,0.0,,,199260,200700,2026-03-28T00:04:35+00:00
burn,0x29ea9e9b5df5bf8b102c11491d7516fc2ea0564fbc4077be6d2f9ba48722e0d5#1121592,1774656299,24752361,0x29ea9e9b5df5bf8b102c11491d7516fc2ea0564fbc4077be6d2f9ba48722e0d5,795,0x8ad599c3a0ff1de082011efddc58f1908eb6e6d8,3000.0,0.0,101619254.0,,,0x55d1cdf31f4692378637cb28d5fd4a83cd4c26bf,0xc36442b4a4522e871399cd717abdd847ab11fe88,0xa0b86991c6218b36c1d19d4a2e9eb0ce3606eb48,USDC,6,0xc02aaa39b223fe8d0a0e5c4f27ead9083c756cc2,WETH,18,0.0,0.0,0.0,0.0,,,199140,200580,2026-03-28T00:04:59+00:00
burn,0x18b40e442a8f17ed318522163cedb446887f144cd309888c0376646fe92938d7#1121593,1774656347,24752365,0x18b40e442a8f17ed318522163cedb446887f144cd309888c0376646fe92938d7,335,0x8ad599c3a0ff1de082011efddc58f1908eb6e6d8,3000.0,0.0,87140176.0,,,0x143b67cf0b87c59b9eb3bbfd5a8d4c74dec426d1,0xc36442b4a4522e871399cd717abdd847ab11fe88,0xa0b86991c6218b36c1d19d4a2e9eb0ce3606eb48,USDC,6,0xc02aaa39b223fe8d0a0e5c4f27ead9083c756cc2,WETH,18,0.0,0.0,0.0,0.0,,,199500,200940,2026-03-28T00:05:47+00:00
burn,0x16cae7d802718ad6a71bf4e7ac1ca9bf0c23b4ecf9d8ea97b7e513dd03b7f659#1121594,1774656467,24752375,0x16cae7d802718ad6a71bf4e7ac1ca9bf0c23b4ecf9d8ea97b7e513dd03b7f659,580,0x8ad599c3a0ff1de082011efddc58f1908eb6e6d8,3000.0,0.0,108525436.0,,,0xff98fbaff98a2f3c4a88da4ac870b9693d804b66,0xc36442b4a4522e871399cd717abdd847ab11fe88,0xa0b86991c6218b36c1d19d4a2e9eb0ce3606eb48,USDC,6,0xc02aaa39b223fe8d0a0e5c4f27ead9083c756cc2,WETH,18,0.0,0.0,0.0,0.0,,,199140,200580,2026-03-28T00:07:47+00:00
burn,0x148306e6cd513442d54f5f6381883f54685b50f4c1bc5788be5457462b029257#1121604,1774658603,24752553,0x148306e6cd513442d54f5f6381883f54685b50f4c1bc5788be5457462b029257,125,0x8ad599c3a0ff1de082011efddc58f1908eb6e6d8,3000.0,0.0,2069079076.0,,,0xd6804f9fd269d39b063624a5074e845c06a9f817,0xc36442b4a4522e871399cd717abdd847ab11fe88,0xa0b86991c6218b36c1d19d4a2e9eb0ce3606eb48,USDC,6,0xc02aaa39b223fe8d0a0e5c4f27ead9083c756cc2,WETH,18,0.0,0.0186124001184716,37.01177835698889,15092547117556.0,,,199080,200220,2026-03-28T00:43:23+00:00
burn,0x846fc3badea611fcbcf279199ccade443d74a9c5d799ffee49a0443e2900c540#1121605,1774659323,24752611,0x846fc3badea611fcbcf279199ccade443d74a9c5d799ffee49a0443e2900c540,1897,0x8ad599c3a0ff1de082011efddc58f1908eb6e6d8,3000.0,0.0,50000000.0,,,0x7251e4ac90d9f2622c64c78b984a81c6be777411,0xc36442b4a4522e871399cd717abdd847ab11fe88,0xa0b86991c6218b36c1d19d4a2e9eb0ce3606eb48,USDC,6,0xc02aaa39b223fe8d0a0e5c4f27ead9083c756cc2,WETH,18,0.0,0.0,0.0,0.0,,,197760,203820,2026-03-28T00:55:23+00:00
burn,0x890b31144a7f1bf758b195199eba94bd8247161be982f878841439f4ebae255f#1121627,1774664327,24753026,0x890b31144a7f1bf758b195199eba94bd8247161be982f878841439f4ebae255f,129,0x8ad599c3a0ff1de082011efddc58f1908eb6e6d8,3000.0,0.0,5019259118.0,,,0xae2fc483527b8ef99eb5d9b44875f005ba1fae13,0x1f2f10d1c40777ae1da742455c65828ff36df387,0xa0b86991c6218b36c1d19d4a2e9eb0ce3606eb48,USDC,6,0xc02aaa39b223fe8d0a0e5c4f27ead9083c756cc2,WETH,18,1530571.341919,702.0819762717755,2926696.1772509846,2.1894560750252327e+19,,,200340,200400,2026-03-28T02:18:47+00:00
burn,0x029a2310823d3e5168ccc4ac6f3c4ac37686c09a1d0bb19d1be52e0b98c17989#1121630,1774667519,24753292,0x029a2310823d3e5168ccc4ac6f3c4ac37686c09a1d0bb19d1be52e0b98c17989,138,0x8ad599c3a0ff1de082011efddc58f1908eb6e6d8,3000.0,0.0,552874257.0,,,0xb17071628cc3d5704e0773b9011bbde3cfd44b84,0xc36442b4a4522e871399cd717abdd847ab11fe88,0xa0b86991c6218b36c1d19d4a2e9eb0ce3606eb48,USDC,6,0xc02aaa39b223fe8d0a0e5c4f27ead9083c756cc2,WETH,18,0.0,0.0,0.0,0.0,,,197400,211260,2026-03-28T03:11:59+00:00
burn,0xb3dd967e322699d64c123e62aa0e38c7665497c19c730ec2df4d16f4b932ab3c#1121629,1774667531,24753293,0xb3dd967e322699d64c123e62aa0e38c7665497c19c730ec2df4d16f4b932ab3c,214,0x8ad599c3a0ff1de082011efddc58f1908eb6e6d8,3000.0,0.0,554584610.0,,,0xb17071628cc3d5704e0773b9011bbde3cfd44b84,0xc36442b4a4522e871399cd717abdd847ab11fe88,0xa0b86991c6218b36c1d19d4a2e9eb0ce3606eb48,USDC,6,0xc02aaa39b223fe8d0a0e5c4f27ead9083c756cc2,WETH,18,8.74983,0.001446499476393188,11.62582398875916,467382918539.0,,,197400,211260,2026-03-28T03:12:11+00:00
burn,0xe7c5675305f550c30b6f07e7aab5f2977be793db79f8d6a5db3ecff78334249f#1121635,1774672499,24753707,0xe7c5675305f550c30b6f07e7aab5f2977be793db79f8d6a5db3ecff78334249f,23,0x8ad599c3a0ff1de082011efddc58f1908eb6e6d8,3000.0,0.0,7715712171.0,,,0xae2fc483527b8ef99eb5d9b44875f005ba1fae13,0x1f2f10d1c40777ae1da742455c65828ff36df387,0xa0b86991c6218b36c1d19d4a2e9eb0ce3606eb48,USDC,6,0xc02aaa39b223fe8d0a0e5c4f27ead9083c756cc2,WETH,18,1529718.690203,778.4484784558464,3077461.421435259,2.3024186902001484e+19,,,200340,200400,2026-03-28T04:34:59+00:00
burn,0x4a6db07344e14a49764d5c3111b01bb9883442f4835dc18c5bf8efa56a1607a2#1121645,1774675523,24753959,0x4a6db07344e14a49764d5c3111b01bb9883442f4835dc18c5bf8efa56a1607a2,111,0x8ad599c3a0ff1de082011efddc58f1908eb6e6d8,3000.0,0.0,2048009129.0,,,0xd6804f9fd269d39b063624a5074e845c06a9f817,0xc36442b4a4522e871399cd717abdd847ab11fe88,0xa0b86991c6218b36c1d19d4a2e9eb0ce3606eb48,USDC,6,0xc02aaa39b223fe8d0a0e5c4f27ead9083c756cc2,WETH,18,99.646164,0.050221839224493046,199.49514134700334,79620953645036.0,,,199800,200940,2026-03-28T05:25:23+00:00
burn,0x7199930c719c664ad175daa3a599da75815002a7b40096ba05c647c52ff7f220#1121646,1774675583,24753964,0x7199930c719c664ad175daa3a599da75815002a7b40096ba05c647c52ff7f220,1366,0x8ad599c3a0ff1de082011efddc58f1908eb6e6d8,3000.0,0.0,111336710.0,,,0x4a4185c1adf529776fdc55aedd8c942345acbc11,0xc36442b4a4522e871399cd717abdd847ab11fe88,0xa0b86991c6218b36c1d19d4a2e9eb0ce3606eb48,USDC,6,0xc02aaa39b223fe8d0a0e5c4f27ead9083c756cc2,WETH,18,0.0,0.6561981992749594,1304.6260381199963,236984136533639.0,,,197700,200340,2026-03-28T05:26:23+00:00
burn,0xf9bcdd663395e744f6ebec5801c8c1424d6797c33be6eb448fce045563d66a81#1121648,1774677767,24754146,0xf9bcdd663395e744f6ebec5801c8c1424d6797c33be6eb448fce045563d66a81,155,0x8ad599c3a0ff1de082011efddc58f1908eb6e6d8,3000.0,0.0,87515481.0,,,0xa4a8e8de0d3ca52db7c715b51a34b5e5c1b717fa,0xc36442b4a4522e871399cd717abdd847ab11fe88,0xa0b86991c6218b36c1d19d4a2e9eb0ce3606eb48,USDC,6,0xc02aaa39b223fe8d0a0e5c4f27ead9083c756cc2,WETH,18,0.0,0.0,0.0,0.0,,,198480,206880,2026-03-28T06:02:47+00:00
burn,0xc9054eb89b03008e7aeb8a500d35a025ae6ccdb5072c5b573fe29d193bc19aef#1121649,1774677803,24754149,0xc9054eb89b03008e7aeb8a500d35a025ae6ccdb5072c5b573fe29d193bc19aef,137,0x8ad599c3a0ff1de082011efddc58f1908eb6e6d8,3000.0,0.0,94948612.0,,,0xa4a8e8de0d3ca52db7c715b51a34b5e5c1b717fa,0xc36442b4a4522e871399cd717abdd847ab11fe88,0xa0b86991c6218b36c1d19d4a2e9eb0ce3606eb48,USDC,6,0xc02aaa39b223fe8d0a0e5c4f27ead9083c756cc2,WETH,18,0.0,0.0,0.0,0.0,,,195480,203160,2026-03-28T06:03:23+00:00
burn,0xcdbf10d3a80118d955233401e21fc52128be967ce3965f86a7a66642174724fe#1121661,1774681187,24754431,0xcdbf10d3a80118d955233401e21fc52128be967ce3965f86a7a66642174724fe,48,0x8ad599c3a0ff1de082011efddc58f1908eb6e6d8,3000.0,0.0,538181570.0,,,0x46fb459c8af259fbefcb65f11f7a4fec846e0a93,0xc36442b4a4522e871399cd717abdd847ab11fe88,0xa0b86991c6218b36c1d19d4a2e9eb0ce3606eb48,USDC,6,0xc02aaa39b223fe8d0a0e5c4f27ead9083c756cc2,WETH,18,0.0,0.724651807988595,1448.9353517844988,269816840009103.0,,,197580,200160,2026-03-28T06:59:47+00:00
burn,0x346ec9bffda664c2b8e166d59dada824f4856f69ba518122f99be6c4366f3b3c#1121669,1774684391,24754696,0x346ec9bffda664c2b8e166d59dada824f4856f69ba518122f99be6c4366f3b3c,37,0x8ad599c3a0ff1de082011efddc58f1908eb6e6d8,3000.0,0.0,1039579820.0,,,0xae2fc483527b8ef99eb5d9b44875f005ba1fae13,0x1f2f10d1c40777ae1da742455c65828ff36df387,0xa0b86991c6218b36c1d19d4a2e9eb0ce3606eb48,USDC,6,0xc02aaa39b223fe8d0a0e5c4f27ead9083c756cc2,WETH,18,1495194.405806,960.8277043231463,3416361.4375975486,2.5487967059963806e+19,,,200280,200340,2026-03-28T07:53:11+00:00
burn,0x8471ef6bc7585288740ccd53d5a3048ca0f78c318222a2689248cd65fe394b34#1121672,1774684643,24754717,0x8471ef6bc7585288740ccd53d5a3048ca0f78c318222a2689248cd65fe394b34,312,0x8ad599c3a0ff1de082011efddc58f1908eb6e6d8,3000.0,0.0,49640726.0,,,0x05854d0c70d2f696fb3d9c0863100956b795e2ff,0xc36442b4a4522e871399cd717abdd847ab11fe88,0xa0b86991c6218b36c1d19d4a2e9eb0ce3606eb48,USDC,6,0xc02aaa39b223fe8d0a0e5c4f27ead9083c756cc2,WETH,18,4.940069,0.002473763216343307,9.88780075312711,2289107424409.0,,,199320,201300,2026-03-28T07:57:23+00:00
burn,0xde88b93697cc8e42967944b7285992fe52d908709dab6d3ccd3978aa2d9fffd7#1121702,1774688519,24755038,0xde88b93697cc8e42967944b7285992fe52d908709dab6d3ccd3978aa2d9fffd7,62,0x8ad599c3a0ff1de082011efddc58f1908eb6e6d8,3000.0,0.0,590059123.0,,,0xae2fc483527b8ef99eb5d9b44875f005ba1fae13,0x1f2f10d1c40777ae1da742455c65828ff36df387,0xa0b86991c6218b36c1d19d4a2e9eb0ce3606eb48,USDC,6,0xc02aaa39b223fe8d0a0e5c4f27ead9083c756cc2,WETH,18,1530822.130614,519.038033273543,2569619.867766635,1.9162009372926673e+19,,,200280,200340,2026-03-28T09:01:59+00:00
burn,0x3274efbc36aa3fad1b33bc75d4d0885a4996a9dcb20dda1d66818e82d9956f37#1121726,1774694735,24755555,0x3274efbc36aa3fad1b33bc75d4d0885a4996a9dcb20dda1d66818e82d9956f37,1171,0x8ad599c3a0ff1de082011efddc58f1908eb6e6d8,3000.0,0.0,143075874.0,,,0x7c1049675f30450855d64d0153e3f1fd78f3f08f,0xc36442b4a4522e871399cd717abdd847ab11fe88,0xa0b86991c6218b36c1d19d4a2e9eb0ce3606eb48,USDC,6,0xc02aaa39b223fe8d0a0e5c4f27ead9083c756cc2,WETH,18,0.0,1.5,2996.39665138364,527850545162252.0,,,194220,197400,2026-03-28T10:45:35+00:00
burn,0x46441ca7fe1511f4f0a559c66a0e0b1eac375e5543de06dde5ead867e723da06#1121733,1774700003,24755994,0x46441ca7fe1511f4f0a559c66a0e0b1eac375e5543de06dde5ead867e723da06,1093,0x8ad599c3a0ff1de082011efddc58f1908eb6e6d8,3000.0,0.0,65016302.0,,,0x0a6dc0684f32c6a1b1e2b9612cc5c376ee948e5d,0xc36442b4a4522e871399cd717abdd847ab11fe88,0xa0b86991c6218b36c1d19d4a2e9eb0ce3606eb48,USDC,6,0xc02aaa39b223fe8d0a0e5c4f27ead9083c756cc2,WETH,18,632.417974,0.15676572929860422,945.5728540713981,48752833256187.0,,,197220,207180,2026-03-28T12:13:23+00:00
burn,0xae08f8c750301ca61a274697c51e4d9d6bd858d61d8f5a1d43dd014b5672debe#1121738,1774702379,24756191,0xae08f8c750301ca61a274697c51e4d9d6bd858d61d8f5a1d43dd014b5672debe,85,0x8ad599c3a0ff1de082011efddc58f1908eb6e6d8,3000.0,0.0,2097501843.0,,,0x9e9d22bf95102c5d0458a12dd99257bf5485af61,0xc36442b4a4522e871399cd717abdd847ab11fe88,0xa0b86991c6218b36c1d19d4a2e9eb0ce3606eb48,USDC,6,0xc02aaa39b223fe8d0a0e5c4f27ead9083c756cc2,WETH,18,0.0,0.0,0.0,0.0,,,196260,203820,2026-03-28T12:52:59+00:00
burn,0x4085e7f926ad393a0578a2a9b88a58526f99b0adc4975dfe9b03c6dec0a5ac9a#1121757,1774706051,24756496,0x4085e7f926ad393a0578a2a9b88a58526f99b0adc4975dfe9b03c6dec0a5ac9a,173,0x8ad599c3a0ff1de082011efddc58f1908eb6e6d8,3000.0,0.0,187828410.0,,,0xae2fc483527b8ef99eb5d9b44875f005ba1fae13,0x1f2f10d1c40777ae1da742455c65828ff36df387,0xa0b86991c6218b36c1d19d4a2e9eb0ce3606eb48,USDC,6,0xc02aaa39b223fe8d0a0e5c4f27ead9083c756cc2,WETH,18,1530823.598373,427.81307175465815,2397602.9875001414,1.777056073920807e+19,,,200160,200220,2026-03-28T13:54:11+00:00
burn,0xc12c77a114de3efc8aaa20b360823cb8a2812ad8f4fd1f8e35f2080c04919ae0#1121756,1774706135,24756503,0xc12c77a114de3efc8aaa20b360823cb8a2812ad8f4fd1f8e35f2080c04919ae0,695,0x8ad599c3a0ff1de082011efddc58f1908eb6e6d8,3000.0,0.0,2085622377.0,,,0xf629c4172793f1b720a1f07224f01f20bd35bd0f,0xc36442b4a4522e871399cd717abdd847ab11fe88,0xa0b86991c6218b36c1d19d4a2e9eb0ce3606eb48,USDC,6,0xc02aaa39b223fe8d0a0e5c4f27ead9083c756cc2,WETH,18,0.0,0.0,0.0,0.0,,,200220,200580,2026-03-28T13:55:35+00:00
burn,0x57879bfbac2f2848a7ff4fe018de57c957ebb5400442709708824d0f6f5bb1ec#1121759,1774706183,24756507,0x57879bfbac2f2848a7ff4fe018de57c957ebb5400442709708824d0f6f5bb1ec,198,0x8ad599c3a0ff1de082011efddc58f1908eb6e6d8,3000.0,0.0,2095578713.0,,,0xf629c4172793f1b720a1f07224f01f20bd35bd0f,0xc36442b4a4522e871399cd717abdd847ab11fe88,0xa0b86991c6218b36c1d19d4a2e9eb0ce3606eb48,USDC,6,0xc02aaa39b223fe8d0a0e5c4f27ead9083c756cc2,WETH,18,2483.567637,0.0,2483.567637,3099077807105323.0,,,200220,200580,2026-03-28T13:56:23+00:00
burn,0x5ffe5451b55082461986f8aac6667348176c421281c3a1439842b76676ab6000#1121782,1774710323,24756852,0x5ffe5451b55082461986f8aac6667348176c421281c3a1439842b76676ab6000,134,0x8ad599c3a0ff1de082011efddc58f1908eb6e6d8,3000.0,0.0,566108317.0,,,0x80d0d54050c15971b21e877d95441800f5aa9ee8,0xc36442b4a4522e871399cd717abdd847ab11fe88,0xa0b86991c6218b36c1d19d4a2e9eb0ce3606eb48,USDC,6,0xc02aaa39b223fe8d0a0e5c4f27ead9083c756cc2,WETH,18,31983.208667,14.074831372272387,60439.08897766992,6398648602251004.0,,,198120,202560,2026-03-28T15:05:23+00:00
burn,0xb91869934fd3b9c8668d15eb1b3c51dc5f8dc5ef87a3d7b04f1c653e5591bee0#1121781,1774711163,24756922,0xb91869934fd3b9c8668d15eb1b3c51dc5f8dc5ef87a3d7b04f1c653e5591bee0,346,0x8ad599c3a0ff1de082011efddc58f1908eb6e6d8,3000.0,0.0,51368574.0,,,0x65b9fca12d8e38b9e09a662c01d212b8433d3fe5,0xc36442b4a4522e871399cd717abdd847ab11fe88,0xa0b86991c6218b36c1d19d4a2e9eb0ce3606eb48,USDC,6,0xc02aaa39b223fe8d0a0e5c4f27ead9083c756cc2,WETH,18,0.0,0.0,0.0,0.0,,,195000,208320,2026-03-28T15:19:23+00:00
burn,0xfa0866529ac71265963cae5e1ec3889c7e51fa2ea12d798fc19a35a750a31607#1121801,1774714163,24757171,0xfa0866529ac71265963cae5e1ec3889c7e51fa2ea12d798fc19a35a750a31607,362,0x8ad599c3a0ff1de082011efddc58f1908eb6e6d8,3000.0,0.0,171557042.0,,,0x95624f98185050d57b93abe69a5aa6f1f50ad426,0xc36442b4a4522e871399cd717abdd847ab11fe88,0xa0b86991c6218b36c1d19d4a2e9eb0ce3606eb48,USDC,6,0xc02aaa39b223fe8d0a0e5c4f27ead9083c756cc2,WETH,18,24.937216,0.01125664756500431,47.78276737315251,18875896605588.0,,,199620,200760,2026-03-28T16:09:23+00:00
burn,0x354de2939da08bcdd755b008603779816b71e21eb84ff912ce687df814ad668f#1121806,1774715243,24757261,0x354de2939da08bcdd755b008603779816b71e21eb84ff912ce687df814ad668f,638,0x8ad599c3a0ff1de082011efddc58f1908eb6e6d8,3000.0,0.0,144541469.0,,,0x95624f98185050d57b93abe69a5aa6f1f50ad426,0xc36442b4a4522e871399cd717abdd847ab11fe88,0xa0b86991c6218b36c1d19d4a2e9eb0ce3606eb48,USDC,6,0xc02aaa39b223fe8d0a0e5c4f27ead9083c756cc2,WETH,18,24.630884,0.012324681406985397,49.64402842843289,18644012630262.0,,,199560,200760,2026-03-28T16:27:23+00:00
burn,0x610431f7e0455d38371cd6f153ca37b54288e20b7e82d96a5c23d358a9058579#1121821,1774716899,24757399,0x610431f7e0455d38371cd6f153ca37b54288e20b7e82d96a5c23d358a9058579,439,0x8ad599c3a0ff1de082011efddc58f1908eb6e6d8,3000.0,0.0,139601827.0,,,0x95624f98185050d57b93abe69a5aa6f1f50ad426,0xc36442b4a4522e871399cd717abdd847ab11fe88,0xa0b86991c6218b36c1d19d4a2e9eb0ce3606eb48,USDC,6,0xc02aaa39b223fe8d0a0e5c4f27ead9083c756cc2,WETH,18,24.581566,0.011682971906714277,48.2580763969866,19077022216872.0,,,199620,200760,2026-03-28T16:54:59+00:00
burn,0x40c27bb17f8b5db35eccf27218bc87aba092b18d7bccbfdc6017f1fca117a0d7#1121825,1774717319,24757434,0x40c27bb17f8b5db35eccf27218bc87aba092b18d7bccbfdc6017f1fca117a0d7,57,0x8ad599c3a0ff1de082011efddc58f1908eb6e6d8,3000.0,0.0,2045716632.0,,,0xe0de9d76a63b12baf96a0c14275b6345bd09440e,0xc36442b4a4522e871399cd717abdd847ab11fe88,0xa0b86991c6218b36c1d19d4a2e9eb0ce3606eb48,USDC,6,0xc02aaa39b223fe8d0a0e5c4f27ead9083c756cc2,WETH,18,0.0,0.0,0.0,0.0,,,191160,204900,2026-03-28T17:01:59+00:00
burn,0x974f93920391476f172ce12157a4ac9aa877928b6f5399e348d4ad21ff3506bb#1121824,1774717403,24757441,0x974f93920391476f172ce12157a4ac9aa877928b6f5399e348d4ad21ff3506bb,316,0x8ad599c3a0ff1de082011efddc58f1908eb6e6d8,3000.0,0.0,543250350.0,,,0x25f8921fdd133cfd34e9e0b2cbae3b7d3c1cae27,0xc36442b4a4522e871399cd717abdd847ab11fe88,0xa0b86991c6218b36c1d19d4a2e9eb0ce3606eb48,USDC,6,0xc02aaa39b223fe8d0a0e5c4f27ead9083c756cc2,WETH,18,0.0,0.0,0.0,0.0,,,200220,203040,2026-03-28T17:03:23+00:00
burn,0xec71cd424529f22bbee2bf9d86b8e97cc7506a5e561964c97ab710fa67909782#1121832,1774717823,24757476,0xec71cd424529f22bbee2bf9d86b8e97cc7506a5e561964c97ab710fa67909782,160,0x8ad599c3a0ff1de082011efddc58f1908eb6e6d8,3000.0,0.0,153706158.0,,,0x95624f98185050d57b93abe69a5aa6f1f50ad426,0xc36442b4a4522e871399cd717abdd847ab11fe88,0xa0b86991c6218b36c1d19d4a2e9eb0ce3606eb48,USDC,6,0xc02aaa39b223fe8d0a0e5c4f27ead9083c756cc2,WETH,18,25.000044,0.01188175102489013,49.0794031663137,19401700698466.0,,,199620,200760,2026-03-28T17:10:23+00:00
burn,0x92227f807aa8b1fa267d6b3ec4a09e637648a78e9c7b281e536f7478029a4a4b#1121838,1774718735,24757552,0x92227f807aa8b1fa267d6b3ec4a09e637648a78e9c7b281e536f7478029a4a4b,326,0x8ad599c3a0ff1de082011efddc58f1908eb6e6d8,3000.0,0.0,109505576.0,,,0x1c07e8dee041b690d2067f23946e25afd992e845,0xc36442b4a4522e871399cd717abdd847ab11fe88,0xa0b86991c6218b36c1d19d4a2e9eb0ce3606eb48,USDC,6,0xc02aaa39b223fe8d0a0e5c4f27ead9083c756cc2,WETH,18,0.0,0.0,0.0,0.0,,,189240,202920,2026-03-28T17:25:35+00:00
burn,0x7fb49eef1b8d73e3de642713175d341649ee88d78f087a2883581ebddb807f8d#1121854,1774724987,24758071,0x7fb49eef1b8d73e3de642713175d341649ee88d78f087a2883581ebddb807f8d,54,0x8ad599c3a0ff1de082011efddc58f1908eb6e6d8,3000.0,0.0,2096830032.0,,,0x1f1202800ba7f57312374ea512fbea30e7862bc6,0xc36442b4a4522e871399cd717abdd847ab11fe88,0xa0b86991c6218b36c1d19d4a2e9eb0ce3606eb48,USDC,6,0xc02aaa39b223fe8d0a0e5c4f27ead9083c756cc2,WETH,18,0.0,0.0,0.0,0.0,,,198660,202680,2026-03-28T19:09:47+00:00
burn,0xc9cfac85e2c74f88785da9a02c62a6d0270b01a6861186881f27c4c3da895987#1121860,1774727891,24758313,0xc9cfac85e2c74f88785da9a02c62a6d0270b01a6861186881f27c4c3da895987,104,0x8ad599c3a0ff1de082011efddc58f1908eb6e6d8,3000.0,0.0,123636611.0,,,0x05854d0c70d2f696fb3d9c0863100956b795e2ff,0xc36442b4a4522e871399cd717abdd847ab11fe88,0xa0b86991c6218b36c1d19d4a2e9eb0ce3606eb48,USDC,6,0xc02aaa39b223fe8d0a0e5c4f27ead9083c756cc2,WETH,18,37.167015,0.021095279106883216,79.829917649422,18381280863168.0,,,199140,201120,2026-03-28T19:58:11+00:00
burn,0xc2187953872e654a244c05fb8c7adbf70e41dfd1b3bb7fb2054532f530d1c295#1121865,1774732535,24758699,0xc2187953872e654a244c05fb8c7adbf70e41dfd1b3bb7fb2054532f530d1c295,302,0x8ad599c3a0ff1de082011efddc58f1908eb6e6d8,3000.0,0.0,121054411.0,,,0xf7919eb00397253bbc5f7c5a6619c411238c2eb9,0xc36442b4a4522e871399cd717abdd847ab11fe88,0xa0b86991c6218b36c1d19d4a2e9eb0ce3606eb48,USDC,6,0xc02aaa39b223fe8d0a0e5c4f27ead9083c756cc2,WETH,18,2569.49942,0.8910614487268704,4371.574157771168,636840201335591.0,,,198900,202080,2026-03-28T21:15:35+00:00
burn,0x06162e15aedef01fed7a763525db533eefa4fb39305758c077b4beec97b463fc#1121893,1774738871,24759225,0x06162e15aedef01fed7a763525db533eefa4fb39305758c077b4beec97b463fc,377,0x8ad599c3a0ff1de082011efddc58f1908eb6e6d8,3000.0,0.0,120069657.0,,,0x4dcff7a73fd1910cf937b6b40c434ecdbea95483,0xc36442b4a4522e871399cd717abdd847ab11fe88,0xa0b86991c6218b36c1d19d4a2e9eb0ce3606eb48,USDC,6,0xc02aaa39b223fe8d0a0e5c4f27ead9083c756cc2,WETH,18,0.0,0.0,0.0,0.0,,,199620,201000,2026-03-28T23:01:11+00:00
burn,0x7ec086bb6a26cd3dc5c6dddcf43e4f98a711b0345f3346ccc068543eae371899#1121913,1774742483,24759525,0x7ec086bb6a26cd3dc5c6dddcf43e4f98a711b0345f3346ccc068543eae371899,167,0x8ad599c3a0ff1de082011efddc58f1908eb6e6d8,3000.0,0.0,116861240.0,,,0x143b67cf0b87c59b9eb3bbfd5a8d4c74dec426d1,0xc36442b4a4522e871399cd717abdd847ab11fe88,0xa0b86991c6218b36c1d19d4a2e9eb0ce3606eb48,USDC,6,0xc02aaa39b223fe8d0a0e5c4f27ead9083c756cc2,WETH,18,0.0,0.0,0.0,0.0,,,199500,200940,2026-03-29T00:01:23+00:00
burn,0x35cfb5579b0607695e728ac694cc8c28e8f10e629a3a99236710c9fa25466f29#1121914,1774742567,24759532,0x35cfb5579b0607695e728ac694cc8c28e8f10e629a3a99236710c9fa25466f29,385,0x8ad599c3a0ff1de082011efddc58f1908eb6e6d8,3000.0,0.0,122579157.0,,,0xdc7b1ebbc9f79c082b2e0f02ee3077a8d974fa8e,0xc36442b4a4522e871399cd717abdd847ab11fe88,0xa0b86991c6218b36c1d19d4a2e9eb0ce3606eb48,USDC,6,0xc02aaa39b223fe8d0a0e5c4f27ead9083c756cc2,WETH,18,0.0,0.0,0.0,0.0,,,199260,200640,2026-03-29T00:02:47+00:00
burn,0x3a738802f0be875a67c53ccd2d47b16b1f1ba86091d0f98296133a2492fa13e6#1121915,1774742567,24759532,0x3a738802f0be875a67c53ccd2d47b16b1f1ba86091d0f98296133a2492fa13e6,415,0x8ad599c3a0ff1de082011efddc58f1908eb6e6d8,3000.0,0.0,122579164.0,,,0x508a312cf7334b44b9ff22ac0bac1b3db9eed4e1,0xc36442b4a4522e871399cd717abdd847ab11fe88,0xa0b86991c6218b36c1d19d4a2e9eb0ce3606eb48,USDC,6,0xc02aaa39b223fe8d0a0e5c4f27ead9083c756cc2,WETH,18,0.0,0.0,0.0,0.0,,,199320,200820,2026-03-29T00:02:47+00:00
burn,0x877b6e26540c93a833f9fe8fb3b6cf208e4c00b019f4538a27d3b1f3c3680dd1#1121916,1774742615,24759536,0x877b6e26540c93a833f9fe8fb3b6cf208e4c00b019f4538a27d3b1f3c3680dd1,608,0x8ad599c3a0ff1de082011efddc58f1908eb6e6d8,3000.0,0.0,108463089.0,,,0xdc7b1ebbc9f79c082b2e0f02ee3077a8d974fa8e,0xc36442b4a4522e871399cd717abdd847ab11fe88,0xa0b86991c6218b36c1d19d4a2e9eb0ce3606eb48,USDC,6,0xc02aaa39b223fe8d0a0e5c4f27ead9083c756cc2,WETH,18,0.0,0.0,0.0,0.0,,,199260,200640,2026-03-29T00:03:35+00:00
burn,0xee3ba86e1b54197ed4e1c40964482b49b25681a5e0322eb67b7193ad87dac2e9#1121916,1774742759,24759548,0xee3ba86e1b54197ed4e1c40964482b49b25681a5e0322eb67b7193ad87dac2e9,576,0x8ad599c3a0ff1de082011efddc58f1908eb6e6d8,3000.0,0.0,107429273.0,,,0xa1e0b6edbf434be1322e2d1e2d438bbfcbe81546,0xc36442b4a4522e871399cd717abdd847ab11fe88,0xa0b86991c6218b36c1d19d4a2e9eb0ce3606eb48,USDC,6,0xc02aaa39b223fe8d0a0e5c4f27ead9083c756cc2,WETH,18,0.0,0.0,0.0,0.0,,,199140,200580,2026-03-29T00:05:59+00:00
burn,0x7fff968d271276724d4956b8f6f2babc02552f130247bdd6ed2ab8f3496d9cee#1121919,1774742867,24759557,0x7fff968d271276724d4956b8f6f2babc02552f130247bdd6ed2ab8f3496d9cee,346,0x8ad599c3a0ff1de082011efddc58f1908eb6e6d8,3000.0,0.0,115231249.0,,,0x143b67cf0b87c59b9eb3bbfd5a8d4c74dec426d1,0xc36442b4a4522e871399cd717abdd847ab11fe88,0xa0b86991c6218b36c1d19d4a2e9eb0ce3606eb48,USDC,6,0xc02aaa39b223fe8d0a0e5c4f27ead9083c756cc2,WETH,18,0.0,0.0,0.0,0.0,,,199260,200940,2026-03-29T00:07:47+00:00
burn,0x59cba95d9043adaff311853645948061ece04318e309593bb9b62b1479d3b85f#1121920,1774742987,24759567,0x59cba95d9043adaff311853645948061ece04318e309593bb9b62b1479d3b85f,477,0x8ad599c3a0ff1de082011efddc58f1908eb6e6d8,3000.0,0.0,123475633.0,,,0xa1e0b6edbf434be1322e2d1e2d438bbfcbe81546,0xc36442b4a4522e871399cd717abdd847ab11fe88,0xa0b86991c6218b36c1d19d4a2e9eb0ce3606eb48,USDC,6,0xc02aaa39b223fe8d0a0e5c4f27ead9083c756cc2,WETH,18,0.0,0.0,0.0,0.0,,,199260,200700,2026-03-29T00:09:47+00:00
burn,0xfb7225b1f9947aedce18d6262b3abbb2684153cccb0ddc5c78b393a32d2f6769#1121919,1774743503,24759610,0xfb7225b1f9947aedce18d6262b3abbb2684153cccb0ddc5c78b393a32d2f6769,346,0x8ad599c3a0ff1de082011efddc58f1908eb6e6d8,3000.0,0.0,200139640.0,,,0xd5f7c0297be3757a9683092c79f929afd8c20736,0xc36442b4a4522e871399cd717abdd847ab11fe88,0xa0b86991c6218b36c1d19d4a2e9eb0ce3606eb48,USDC,6,0xc02aaa39b223fe8d0a0e5c4f27ead9083c756cc2,WETH,18,0.0,0.0,0.0,0.0,,,199980,201300,2026-03-29T00:18:23+00:00
burn,0xfe00ae473b175957fc35f51275574dc6bb5b70d3f5e4be30ce07758370f408d4#1121920,1774743551,24759614,0xfe00ae473b175957fc35f51275574dc6bb5b70d3f5e4be30ce07758370f408d4,112,0x8ad599c3a0ff1de082011efddc58f1908eb6e6d8,3000.0,0.0,189514432.0,,,0xd5f7c0297be3757a9683092c79f929afd8c20736,0xc36442b4a4522e871399cd717abdd847ab11fe88,0xa0b86991c6218b36c1d19d4a2e9eb0ce3606eb48,USDC,6,0xc02aaa39b223fe8d0a0e5c4f27ead9083c756cc2,WETH,18,1055.586183,0.19916690482674873,1452.8925931016797,502794632258463.0,,,199980,201300,2026-03-29T00:19:11+00:00
burn,0x0eca470609371ebe2be593804bce9f175cdde2e2f41300931ad65b75397f983e#1121923,1774743647,24759622,0x0eca470609371ebe2be593804bce9f175cdde2e2f41300931ad65b75397f983e,167,0x8ad599c3a0ff1de082011efddc58f1908eb6e6d8,3000.0,0.0,193576881.0,,,0xd5f7c0297be3757a9683092c79f929afd8c20736,0xc36442b4a4522e871399cd717abdd847ab11fe88,0xa0b86991c6218b36c1d19d4a2e9eb0ce3606eb48,USDC,6,0xc02aaa39b223fe8d0a0e5c4f27ead9083c756cc2,WETH,18,1134.159274,1.4243775871380027,3975.566817423792,1213513130657671.0,,,199260,200760,2026-03-29T00:20:47+00:00
burn,0x4691bae4915e7733ff3eec1ba01df713231dde738418b2e9881856bb497fc3ee#1121940,1774749371,24760097,0x4691bae4915e7733ff3eec1ba01df713231dde738418b2e9881856bb497fc3ee,17,0x8ad599c3a0ff1de082011efddc58f1908eb6e6d8,3000.0,0.0,380651483.0,,,0xae2fc483527b8ef99eb5d9b44875f005ba1fae13,0x1f2f10d1c40777ae1da742455c65828ff36df387,0xa0b86991c6218b36c1d19d4a2e9eb0ce3606eb48,USDC,6,0xc02aaa39b223fe8d0a0e5c4f27ead9083c756cc2,WETH,18,1058178.224551,912.5771214723887,2882096.450222695,2.150749087583332e+19,,,200280,200340,2026-03-29T01:56:11+00:00
burn,0xf34e5dd258e723df5661ac2101196ce953d138f421bfaf6da3a9adbd0738d61a#1121941,1774750703,24760208,0xf34e5dd258e723df5661ac2101196ce953d138f421bfaf6da3a9adbd0738d61a,147,0x8ad599c3a0ff1de082011efddc58f1908eb6e6d8,3000.0,0.0,192143920.0,,,0xd5f7c0297be3757a9683092c79f929afd8c20736,0xc36442b4a4522e871399cd717abdd847ab11fe88,0xa0b86991c6218b36c1d19d4a2e9eb0ce3606eb48,USDC,6,0xc02aaa39b223fe8d0a0e5c4f27ead9083c756cc2,WETH,18,0.0,0.0,0.0,0.0,,,199920,200820,2026-03-29T02:18:23+00:00
burn,0x03a9dd226c6014e509d569321a858c3fbb5393d6f69ce4790738eaa9860cea42#1121944,1774750727,24760210,0x03a9dd226c6014e509d569321a858c3fbb5393d6f69ce4790738eaa9860cea42,468,0x8ad599c3a0ff1de082011efddc58f1908eb6e6d8,3000.0,0.0,196733885.0,,,0xd5f7c0297be3757a9683092c79f929afd8c20736,0xc36442b4a4522e871399cd717abdd847ab11fe88,0xa0b86991c6218b36c1d19d4a2e9eb0ce3606eb48,USDC,6,0xc02aaa39b223fe8d0a0e5c4f27ead9083c756cc2,WETH,18,1164.012715,0.45958423523576547,2082.703303771299,1047079072512479.0,,,199920,200820,2026-03-29T02:18:47+00:00
burn,0xa8e5028c2382bb8dadc825414b0869f249ae36028b71edc2c49987e5e24782f4#1121943,1774750775,24760214,0xa8e5028c2382bb8dadc825414b0869f249ae36028b71edc2c49987e5e24782f4,118,0x8ad599c3a0ff1de082011efddc58f1908eb6e6d8,3000.0,0.0,194593875.0,,,0xd5f7c0297be3757a9683092c79f929afd8c20736,0xc36442b4a4522e871399cd717abdd847ab11fe88,0xa0b86991c6218b36c1d19d4a2e9eb0ce3606eb48,USDC,6,0xc02aaa39b223fe8d0a0e5c4f27ead9083c756cc2,WETH,18,0.0,0.0,0.0,0.0,,,199800,200580,2026-03-29T02:19:35+00:00
burn,0xb846da42e3a94bdc31b1e087f87c61e893f4ed7dd9d1aa08db2731ad0bf228a3#1121944,1774750811,24760217,0xb846da42e3a94bdc31b1e087f87c61e893f4ed7dd9d1aa08db2731ad0bf228a3,17,0x8ad599c3a0ff1de082011efddc58f1908eb6e6d8,3000.0,0.0,190066167.0,,,0xd5f7c0297be3757a9683092c79f929afd8c20736,0xc36442b4a4522e871399cd717abdd847ab11fe88,0xa0b86991c6218b36c1d19d4a2e9eb0ce3606eb48,USDC,6,0xc02aaa39b223fe8d0a0e5c4f27ead9083c756cc2,WETH,18,6086.403446,5.927437716914996,17935.11545254723,1.0397458003548324e+16,,,199800,200580,2026-03-29T02:20:11+00:00
burn,0xcc35717c440972fcbd9b84e8bb379dbea5c160e63c34c7fec2794e836385816b#1121951,1774751147,24760245,0xcc35717c440972fcbd9b84e8bb379dbea5c160e63c34c7fec2794e836385816b,394,0x8ad599c3a0ff1de082011efddc58f1908eb6e6d8,3000.0,0.0,203467190.0,,,0x95624f98185050d57b93abe69a5aa6f1f50ad426,0xc36442b4a4522e871399cd717abdd847ab11fe88,0xa0b86991c6218b36c1d19d4a2e9eb0ce3606eb48,USDC,6,0xc02aaa39b223fe8d0a0e5c4f27ead9083c756cc2,WETH,18,26.730935,0.011260558110202682,49.257026790890606,30871360876858.0,,,199980,200700,2026-03-29T02:25:47+00:00
burn,0x5c8760fe51804c8f3af92205f968e6756f90751765cfc5fe1daccc355b268be5#1121954,1774751147,24760245,0x5c8760fe51804c8f3af92205f968e6756f90751765cfc5fe1daccc355b268be5,442,0x8ad599c3a0ff1de082011efddc58f1908eb6e6d8,3000.0,0.0,104467190.0,,,0x508a312cf7334b44b9ff22ac0bac1b3db9eed4e1,0xc36442b4a4522e871399cd717abdd847ab11fe88,0xa0b86991c6218b36c1d19d4a2e9eb0ce3606eb48,USDC,6,0xc02aaa39b223fe8d0a0e5c4f27ead9083c756cc2,WETH,18,860.976963,0.8231407484497432,2507.6221714289773,763113146152353.0,,,199320,200820,2026-03-29T02:25:47+00:00
burn,0x57fc8c3a7ec492668eb70b98fd77595eadf3c333bd360019f9620b7744e907bf#1121956,1774751267,24760255,0x57fc8c3a7ec492668eb70b98fd77595eadf3c333bd360019f9620b7744e907bf,363,0x8ad599c3a0ff1de082011efddc58f1908eb6e6d8,3000.0,0.0,115095306.0,,,0x508a312cf7334b44b9ff22ac0bac1b3db9eed4e1,0xc36442b4a4522e871399cd717abdd847ab11fe88,0xa0b86991c6218b36c1d19d4a2e9eb0ce3606eb48,USDC,6,0xc02aaa39b223fe8d0a0e5c4f27ead9083c756cc2,WETH,18,0.0,0.0,0.0,0.0,,,199320,201360,2026-03-29T02:27:47+00:00
burn,0x005fd76bbc449bb6343e6f193094a7eefd428b718696aef1b7fa264355dc02af#1121957,1774751363,24760263,0x005fd76bbc449bb6343e6f193094a7eefd428b718696aef1b7fa264355dc02af,193,0x8ad599c3a0ff1de082011efddc58f1908eb6e6d8,3000.0,0.0,127483602.0,,,0x05854d0c70d2f696fb3d9c0863100956b795e2ff,0xc36442b4a4522e871399cd717abdd847ab11fe88,0xa0b86991c6218b36c1d19d4a2e9eb0ce3606eb48,USDC,6,0xc02aaa39b223fe8d0a0e5c4f27ead9083c756cc2,WETH,18,164.991701,0.41867676510736007,1002.5302269968951,190547703090847.0,,,198240,200700,2026-03-29T02:29:23+00:00
burn,0xc9e95ab8f6ad09493dd13be73466da8997b108ecbd7f2e84d61dcb0ffdab3250#1121973,1774754675,24760536,0xc9e95ab8f6ad09493dd13be73466da8997b108ecbd7f2e84d61dcb0ffdab3250,122,0x8ad599c3a0ff1de082011efddc58f1908eb6e6d8,3000.0,0.0,227687914.0,,,0x93205c8996a9afaedc18a7921430829adae9ae17,0xc36442b4a4522e871399cd717abdd847ab11fe88,0xa0b86991c6218b36c1d19d4a2e9eb0ce3606eb48,USDC,6,0xc02aaa39b223fe8d0a0e5c4f27ead9083c756cc2,WETH,18,23.280174,0.011813115092568355,47.04185622417608,27158946143402.0,,,199860,200640,2026-03-29T03:24:35+00:00
burn,0x5a0c794d20b63fca0d7ea4940eeba3b22504c9c082be653e1f6db97c4e5ab2b8#1121986,1774759835,24760965,0x5a0c794d20b63fca0d7ea4940eeba3b22504c9c082be653e1f6db97c4e5ab2b8,212,0x8ad599c3a0ff1de082011efddc58f1908eb6e6d8,3000.0,0.0,219308159.0,,,0x93205c8996a9afaedc18a7921430829adae9ae17,0xc36442b4a4522e871399cd717abdd847ab11fe88,0xa0b86991c6218b36c1d19d4a2e9eb0ce3606eb48,USDC,6,0xc02aaa39b223fe8d0a0e5c4f27ead9083c756cc2,WETH,18,1435.270423,0.7625793681712946,2967.8121654121005,1714201059880660.0,,,199860,200640,2026-03-29T04:50:35+00:00
burn,0xd15a2526b84c07152da291e58a38567322cd23e384345c26e48c2cdbb944e836#1122004,1774763627,24761280,0xd15a2526b84c07152da291e58a38567322cd23e384345c26e48c2cdbb944e836,215,0x8ad599c3a0ff1de082011efddc58f1908eb6e6d8,3000.0,0.0,122934208.0,,,0x9eab0820ac2b7ccbdcde990495b23ebb57a00951,0xc36442b4a4522e871399cd717abdd847ab11fe88,0xa0b86991c6218b36c1d19d4a2e9eb0ce3606eb48,USDC,6,0xc02aaa39b223fe8d0a0e5c4f27ead9083c756cc2,WETH,18,0.0,0.0,0.0,0.0,,,197640,203040,2026-03-29T05:53:47+00:00
burn,0xd15a2526b84c07152da291e58a38567322cd23e384345c26e48c2cdbb944e836#1122005,1774763627,24761280,0xd15a2526b84c07152da291e58a38567322cd23e384345c26e48c2cdbb944e836,241,0x8ad599c3a0ff1de082011efddc58f1908eb6e6d8,3000.0,0.0,122934208.0,,,0x9eab0820ac2b7ccbdcde990495b23ebb57a00951,0xc36442b4a4522e871399cd717abdd847ab11fe88,0xa0b86991c6218b36c1d19d4a2e9eb0ce3606eb48,USDC,6,0xc02aaa39b223fe8d0a0e5c4f27ead9083c756cc2,WETH,18,75.875686,0.03682715472566872,149.6210752285056,13239068620863.0,,,197640,203040,2026-03-29T05:53:47+00:00
burn,0xdf61d96413ca38b96e0823c4cd8f8e432993cba01ff50fe70e452be585217a39#1122007,1774765943,24761472,0xdf61d96413ca38b96e0823c4cd8f8e432993cba01ff50fe70e452be585217a39,341,0x8ad599c3a0ff1de082011efddc58f1908eb6e6d8,3000.0,0.0,2112765074.0,,,0xf17c01c96c2adcab03ad778db9d3b3b783dcfdbc,0xc36442b4a4522e871399cd717abdd847ab11fe88,0xa0b86991c6218b36c1d19d4a2e9eb0ce3606eb48,USDC,6,0xc02aaa39b223fe8d0a0e5c4f27ead9083c756cc2,WETH,18,0.0,0.0,0.0,0.0,,,198660,200640,2026-03-29T06:32:23+00:00
burn,0x2ad3d4aede38d04d3a2b8630e373bd94c5365cbe28e13f6aa101bf9647113299#1122015,1774770887,24761882,0x2ad3d4aede38d04d3a2b8630e373bd94c5365cbe28e13f6aa101bf9647113299,215,0x8ad599c3a0ff1de082011efddc58f1908eb6e6d8,3000.0,0.0,127173162.0,,,0xe53a59fcc1de0bfa522a0bf31f4fe5728f2e7180,0xc36442b4a4522e871399cd717abdd847ab11fe88,0xa0b86991c6218b36c1d19d4a2e9eb0ce3606eb48,USDC,6,0xc02aaa39b223fe8d0a0e5c4f27ead9083c756cc2,WETH,18,35497.63597,14.070410040766617,63673.213435876605,2705320164019048.0,,,195000,207240,2026-03-29T07:54:47+00:00
burn,0xe68e6d17fea1e1c12f111bae21ef9802f7668334e3c3509f45c14735d3db4b86#1122015,1774771379,24761923,0xe68e6d17fea1e1c12f111bae21ef9802f7668334e3c3509f45c14735d3db4b86,329,0x8ad599c3a0ff1de082011efddc58f1908eb6e6d8,3000.0,0.0,187878362.0,,,0x93205c8996a9afaedc18a7921430829adae9ae17,0xc36442b4a4522e871399cd717abdd847ab11fe88,0xa0b86991c6218b36c1d19d4a2e9eb0ce3606eb48,USDC,6,0xc02aaa39b223fe8d0a0e5c4f27ead9083c756cc2,WETH,18,1365.830951,0.7455847974432083,2858.838765990547,1537236087453415.0,,,199860,200700,2026-03-29T08:02:59+00:00
burn,0x071e94256f0ee65081653bedf1a2f8ee0b94fdde09c184ede8eeb3d7eac6450c#1122019,1774771643,24761945,0x071e94256f0ee65081653bedf1a2f8ee0b94fdde09c184ede8eeb3d7eac6450c,386,0x8ad599c3a0ff1de082011efddc58f1908eb6e6d8,3000.0,0.0,114593561.0,,,0xe53a59fcc1de0bfa522a0bf31f4fe5728f2e7180,0xc36442b4a4522e871399cd717abdd847ab11fe88,0xa0b86991c6218b36c1d19d4a2e9eb0ce3606eb48,USDC,6,0xc02aaa39b223fe8d0a0e5c4f27ead9083c756cc2,WETH,18,0.0,0.0,0.0,0.0,,,197220,203460,2026-03-29T08:07:23+00:00
burn,0x7a8890f6cfe723a58a982dcaaf9f3c2080d80b7a4cb1b9f739e512ff07a0046a#1122020,1774772159,24761988,0x7a8890f6cfe723a58a982dcaaf9f3c2080d80b7a4cb1b9f739e512ff07a0046a,154,0x8ad599c3a0ff1de082011efddc58f1908eb6e6d8,3000.0,0.0,620386975.0,,,0x5afa09ad4cdb278dbae2fc3b16d29b37f86f8a89,0xc36442b4a4522e871399cd717abdd847ab11fe88,0xa0b86991c6218b36c1d19d4a2e9eb0ce3606eb48,USDC,6,0xc02aaa39b223fe8d0a0e5c4f27ead9083c756cc2,WETH,18,0.662592,0.0,0.662592,71601637507.0,,,205320,211500,2026-03-29T08:15:59+00:00
burn,0xbace77c463725bb402b8a198649ec35ddcdbd4c141cd474e303366878b5b262a#1122020,1774772543,24762020,0xbace77c463725bb402b8a198649ec35ddcdbd4c141cd474e303366878b5b262a,377,0x8ad599c3a0ff1de082011efddc58f1908eb6e6d8,3000.0,0.0,119921840.0,,,0x3bb666008e4400d4406810389ba68fc194df8120,0xc36442b4a4522e871399cd717abdd847ab11fe88,0xa0b86991c6218b36c1d19d4a2e9eb0ce3606eb48,USDC,6,0xc02aaa39b223fe8d0a0e5c4f27ead9083c756cc2,WETH,18,0.0,0.0,0.0,0.0,,,192240,201240,2026-03-29T08:22:23+00:00
burn,0x81ef86aee5ea2846ad5b29a306fb966e4e227797ba95f5229e80cb5f393b0428#1122023,1774773119,24762067,0x81ef86aee5ea2846ad5b29a306fb966e4e227797ba95f5229e80cb5f393b0428,308,0x8ad599c3a0ff1de082011efddc58f1908eb6e6d8,3000.0,0.0,102577289.0,,,0x15b7ecf1f55d05dc8246c484230792e71bcb41a2,0xc36442b4a4522e871399cd717abdd847ab11fe88,0xa0b86991c6218b36c1d19d4a2e9eb0ce3606eb48,USDC,6,0xc02aaa39b223fe8d0a0e5c4f27ead9083c756cc2,WETH,18,0.0,0.0,0.0,0.0,,,190440,204300,2026-03-29T08:31:59+00:00
burn,0x5292a1484f73bef3d0106c62275e84f8fcfdfdf2806ebfad03db2a49de722c86#1122024,1774773191,24762073,0x5292a1484f73bef3d0106c62275e84f8fcfdfdf2806ebfad03db2a49de722c86,283,0x8ad599c3a0ff1de082011efddc58f1908eb6e6d8,3000.0,0.0,99149359.0,,,0x15b7ecf1f55d05dc8246c484230792e71bcb41a2,0xc36442b4a4522e871399cd717abdd847ab11fe88,0xa0b86991c6218b36c1d19d4a2e9eb0ce3606eb48,USDC,6,0xc02aaa39b223fe8d0a0e5c4f27ead9083c756cc2,WETH,18,0.534654,0.000573088031958929,1.6822429976919855,65898604295.0,,,190440,204300,2026-03-29T08:33:11+00:00
burn,0x710321e153f0f4fe9fa710df7209028e0250609ee6ee0160409105c2c596fbb1#1122047,1774780979,24762718,0x710321e153f0f4fe9fa710df7209028e0250609ee6ee0160409105c2c596fbb1,243,0x8ad599c3a0ff1de082011efddc58f1908eb6e6d8,3000.0,0.0,126298241.0,,,0x1a4bb2733a5357859cc2ede392671663fdcbcbff,0xc36442b4a4522e871399cd717abdd847ab11fe88,0xa0b86991c6218b36c1d19d4a2e9eb0ce3606eb48,USDC,6,0xc02aaa39b223fe8d0a0e5c4f27ead9083c756cc2,WETH,18,0.0,0.0,0.0,0.0,,,190020,200880,2026-03-29T10:42:59+00:00
burn,0x72759cd612cfb957f0d4c68823eb974ede0dd26ecc6077b9695f40c15aa43ecb#1122049,1774781447,24762757,0x72759cd612cfb957f0d4c68823eb974ede0dd26ecc6077b9695f40c15aa43ecb,356,0x8ad599c3a0ff1de082011efddc58f1908eb6e6d8,3000.0,0.0,126139114.0,,,0xb282c9598344c029aaa83164cd81aeeae1ba73cb,0xc36442b4a4522e871399cd717abdd847ab11fe88,0xa0b86991c6218b36c1d19d4a2e9eb0ce3606eb48,USDC,6,0xc02aaa39b223fe8d0a0e5c4f27ead9083c756cc2,WETH,18,0.0,0.0,0.0,0.0,,,198900,200940,2026-03-29T10:50:47+00:00
burn,0x6110052bc7d3de4b8bb91a5b049cd7a71b3a6bfb950d1143ece830a9e8b4ff5a#1122069,1774789979,24763463,0x6110052bc7d3de4b8bb91a5b049cd7a71b3a6bfb950d1143ece830a9e8b4ff5a,1091,0x8ad599c3a0ff1de082011efddc58f1908eb6e6d8,3000.0,0.0,167181785.0,,,0x508a312cf7334b44b9ff22ac0bac1b3db9eed4e1,0xc36442b4a4522e871399cd717abdd847ab11fe88,0xa0b86991c6218b36c1d19d4a2e9eb0ce3606eb48,USDC,6,0xc02aaa39b223fe8d0a0e5c4f27ead9083c756cc2,WETH,18,213.356506,0.11181103783576418,435.84709887610177,98259398049770.0,,,199320,201360,2026-03-29T13:12:59+00:00
burn,0x6110052bc7d3de4b8bb91a5b049cd7a71b3a6bfb950d1143ece830a9e8b4ff5a#1122070,1774789979,24763463,0x6110052bc7d3de4b8bb91a5b049cd7a71b3a6bfb950d1143ece830a9e8b4ff5a,1093,0x8ad599c3a0ff1de082011efddc58f1908eb6e6d8,3000.0,0.0,167181785.0,,,0x508a312cf7334b44b9ff22ac0bac1b3db9eed4e1,0xc36442b4a4522e871399cd717abdd847ab11fe88,0xa0b86991c6218b36c1d19d4a2e9eb0ce3606eb48,USDC,6,0xc02aaa39b223fe8d0a0e5c4f27ead9083c756cc2,WETH,18,0.0,0.0,0.0,0.0,,,199320,201360,2026-03-29T13:12:59+00:00
burn,0xad72353f9b7e34cee93b5a73b5726e6adc73f5b5b423c254a40118eeb9b90c4b#1122073,1774792847,24763702,0xad72353f9b7e34cee93b5a73b5726e6adc73f5b5b423c254a40118eeb9b90c4b,180,0x8ad599c3a0ff1de082011efddc58f1908eb6e6d8,3000.0,0.0,2147215734.0,,,0xc7746d9f547fb73e5f63a3e1d8ef8d7da0d9d51a,0xc36442b4a4522e871399cd717abdd847ab11fe88,0xa0b86991c6218b36c1d19d4a2e9eb0ce3606eb48,USDC,6,0xc02aaa39b223fe8d0a0e5c4f27ead9083c756cc2,WETH,18,0.0,0.11744395876711365,233.69880998461994,32295572539721.0,,,194700,198600,2026-03-29T14:00:47+00:00
burn,0xaf9820eab6911fd92533660cec950e9af7b7e27fb3b2b1dd6b1632fbd1eee141#1122074,1774792979,24763713,0xaf9820eab6911fd92533660cec950e9af7b7e27fb3b2b1dd6b1632fbd1eee141,716,0x8ad599c3a0ff1de082011efddc58f1908eb6e6d8,3000.0,0.0,137355816.0,,,0xb217b0e9ce85ab98d684cbd0a28b16a069d5f126,0xc36442b4a4522e871399cd717abdd847ab11fe88,0xa0b86991c6218b36c1d19d4a2e9eb0ce3606eb48,USDC,6,0xc02aaa39b223fe8d0a0e5c4f27ead9083c756cc2,WETH,18,0.0,0.0,0.0,0.0,,,198780,203520,2026-03-29T14:02:59+00:00
burn,0xaaa8bd4f863a0e5804282eed1ae7356ac789516ebfbc8e80e5ef2810e1bd8272#1122078,1774793819,24763782,0xaaa8bd4f863a0e5804282eed1ae7356ac789516ebfbc8e80e5ef2810e1bd8272,7,0x8ad599c3a0ff1de082011efddc58f1908eb6e6d8,3000.0,0.0,2213061403.0,,,0x738ad2708c2c7a6b76d8531d18d515aaa900286d,0xc36442b4a4522e871399cd717abdd847ab11fe88,0xa0b86991c6218b36c1d19d4a2e9eb0ce3606eb48,USDC,6,0xc02aaa39b223fe8d0a0e5c4f27ead9083c756cc2,WETH,18,6.56901,0.002128148040725459,10.810547603703576,417392135216.0,,,195180,209040,2026-03-29T14:16:59+00:00
burn,0xc1ffa550bd7264851c78392394987b07998ccdf439001af2e63ffd7793e8f3f8#1122079,1774793819,24763782,0xc1ffa550bd7264851c78392394987b07998ccdf439001af2e63ffd7793e8f3f8,256,0x8ad599c3a0ff1de082011efddc58f1908eb6e6d8,3000.0,0.0,2113061402.0,,,0x389de9ac94edff38127749c6ccb255c5b8fe09e9,0xc36442b4a4522e871399cd717abdd847ab11fe88,0xa0b86991c6218b36c1d19d4a2e9eb0ce3606eb48,USDC,6,0xc02aaa39b223fe8d0a0e5c4f27ead9083c756cc2,WETH,18,0.0,0.0,0.0,0.0,,,199440,200520,2026-03-29T14:16:59+00:00
burn,0xda65eead7a479efcc86fe3f61496be86670cac050205362f54ac70bc17098511#1122080,1774793915,24763790,0xda65eead7a479efcc86fe3f61496be86670cac050205362f54ac70bc17098511,87,0x8ad599c3a0ff1de082011efddc58f1908eb6e6d8,3000.0,0.0,2119955264.0,,,0x07c74d8a5fb752303a99936151eedc39c6529d97,0xc36442b4a4522e871399cd717abdd847ab11fe88,0xa0b86991c6218b36c1d19d4a2e9eb0ce3606eb48,USDC,6,0xc02aaa39b223fe8d0a0e5c4f27ead9083c756cc2,WETH,18,0.0,0.0,0.0,0.0,,,199440,200520,2026-03-29T14:18:35+00:00
burn,0x8fad73f80e0d72ba8492156862733898df317100060d7fb73c2e708afbea3937#1122101,1774805027,24764714,0x8fad73f80e0d72ba8492156862733898df317100060d7fb73c2e708afbea3937,239,0x8ad599c3a0ff1de082011efddc58f1908eb6e6d8,3000.0,0.0,628008518.0,,,0x92c31aa9fda1f7066a9ae58b6f1743126bd64728,0xc36442b4a4522e871399cd717abdd847ab11fe88,0xa0b86991c6218b36c1d19d4a2e9eb0ce3606eb48,USDC,6,0xc02aaa39b223fe8d0a0e5c4f27ead9083c756cc2,WETH,18,0.0,0.0,0.0,0.0,,,192120,203160,2026-03-29T17:23:47+00:00
burn,0x62cf03dacc17b99ec8a28e52f13e34a52d9e184925b4bf591f818c2a4eead39f#1122105,1774805147,24764724,0x62cf03dacc17b99ec8a28e52f13e34a52d9e184925b4bf591f818c2a4eead39f,150,0x8ad599c3a0ff1de082011efddc58f1908eb6e6d8,3000.0,0.0,634635593.0,,,0xd58fad7274ea78520db25096717b7e85f34a5699,0xc36442b4a4522e871399cd717abdd847ab11fe88,0xa0b86991c6218b36c1d19d4a2e9eb0ce3606eb48,USDC,6,0xc02aaa39b223fe8d0a0e5c4f27ead9083c756cc2,WETH,18,0.0,0.0,0.0,0.0,,,198720,200340,2026-03-29T17:25:47+00:00
burn,0x3ea8ee9559c2f301d52dc86825ceee75efb672bf5b34e572549702b3eeabc19f#1122106,1774805183,24764727,0x3ea8ee9559c2f301d52dc86825ceee75efb672bf5b34e572549702b3eeabc19f,192,0x8ad599c3a0ff1de082011efddc58f1908eb6e6d8,3000.0,0.0,619866462.0,,,0xd58fad7274ea78520db25096717b7e85f34a5699,0xc36442b4a4522e871399cd717abdd847ab11fe88,0xa0b86991c6218b36c1d19d4a2e9eb0ce3606eb48,USDC,6,0xc02aaa39b223fe8d0a0e5c4f27ead9083c756cc2,WETH,18,0.0,0.13691100382619315,272.8867102129913,78583988329861.0,,,198720,200340,2026-03-29T17:26:23+00:00
burn,0xe69c43b827eb711ceba7c7e4deb73eab4fdffe35fa6d11989c30ec9ad865d59d#1122107,1774811435,24765247,0xe69c43b827eb711ceba7c7e4deb73eab4fdffe35fa6d11989c30ec9ad865d59d,55,0x8ad599c3a0ff1de082011efddc58f1908eb6e6d8,3000.0,0.0,2119790066.0,,,0xf3cac0bde469b42a349ed0ce994a90e7c4a2c606,0xc36442b4a4522e871399cd717abdd847ab11fe88,0xa0b86991c6218b36c1d19d4a2e9eb0ce3606eb48,USDC,6,0xc02aaa39b223fe8d0a0e5c4f27ead9083c756cc2,WETH,18,0.0,421.0,839189.6661638828,3.641574848882521e+17,,,198900,199980,2026-03-29T19:10:35+00:00
burn,0xb5fc1a76fd3045a281e02de7cd18382d964f6f44479d169b03bd06537bf0a73b#1122109,1774812263,24765316,0xb5fc1a76fd3045a281e02de7cd18382d964f6f44479d169b03bd06537bf0a73b,1362,0x8ad599c3a0ff1de082011efddc58f1908eb6e6d8,3000.0,0.0,104949225.0,,,0x788150e449486054c1018f64c778468180927dad,0xc36442b4a4522e871399cd717abdd847ab11fe88,0xa0b86991c6218b36c1d19d4a2e9eb0ce3606eb48,USDC,6,0xc02aaa39b223fe8d0a0e5c4f27ead9083c756cc2,WETH,18,0.0,0.0,0.0,0.0,,,197280,203520,2026-03-29T19:24:23+00:00
burn,0xc32b007a6168b9e9153e8a553d1dae35be7e1de9f719e36e0e62daa463797a69#1122118,1774814423,24765496,0xc32b007a6168b9e9153e8a553d1dae35be7e1de9f719e36e0e62daa463797a69,1011,0x8ad599c3a0ff1de082011efddc58f1908eb6e6d8,3000.0,0.0,115592877.0,,,0x158d8a91eeb479dc3f578aba68a55d78a7ee4b03,0xc36442b4a4522e871399cd717abdd847ab11fe88,0xa0b86991c6218b36c1d19d4a2e9eb0ce3606eb48,USDC,6,0xc02aaa39b223fe8d0a0e5c4f27ead9083c756cc2,WETH,18,0.0,0.0,0.0,0.0,,,199320,200520,2026-03-29T20:00:23+00:00
burn,0xd98875ca275c02717c9564ccb93683c4dd9afe336a19c4703676b024fa6b9e9d#1122123,1774814519,24765504,0xd98875ca275c02717c9564ccb93683c4dd9afe336a19c4703676b024fa6b9e9d,345,0x8ad599c3a0ff1de082011efddc58f1908eb6e6d8,3000.0,0.0,132092775.0,,,0x788150e449486054c1018f64c778468180927dad,0xc36442b4a4522e871399cd717abdd847ab11fe88,0xa0b86991c6218b36c1d19d4a2e9eb0ce3606eb48,USDC,6,0xc02aaa39b223fe8d0a0e5c4f27ead9083c756cc2,WETH,18,0.0,0.0,0.0,0.0,,,197280,203520,2026-03-29T20:01:59+00:00
burn,0x95ed1bb695a18b583685a6cb8e985b219b67a4f9e5b80cdf857e4cd2a87988de#1122146,1774815959,24765624,0x95ed1bb695a18b583685a6cb8e985b219b67a4f9e5b80cdf857e4cd2a87988de,779,0x8ad599c3a0ff1de082011efddc58f1908eb6e6d8,3000.0,0.0,119211722.0,,,0x447dc65dcda3c9543a3e5a25509e5b75fd138e3b,0xc36442b4a4522e871399cd717abdd847ab11fe88,0xa0b86991c6218b36c1d19d4a2e9eb0ce3606eb48,USDC,6,0xc02aaa39b223fe8d0a0e5c4f27ead9083c756cc2,WETH,18,0.0,0.0,0.0,0.0,,,192180,203160,2026-03-29T20:25:59+00:00
burn,0x286a91e6271e8cc175feeeea98a02910f46e329094b2de1b815698a37a01110c#1122150,1774816595,24765677,0x286a91e6271e8cc175feeeea98a02910f46e329094b2de1b815698a37a01110c,99,0x8ad599c3a0ff1de082011efddc58f1908eb6e6d8,3000.0,0.0,203365103.0,,,0x93205c8996a9afaedc18a7921430829adae9ae17,0xc36442b4a4522e871399cd717abdd847ab11fe88,0xa0b86991c6218b36c1d19d4a2e9eb0ce3606eb48,USDC,6,0xc02aaa39b223fe8d0a0e5c4f27ead9083c756cc2,WETH,18,1501.901667,0.7258083126392432,2954.499014353326,2017942556668149.0,,,199980,200640,2026-03-29T20:36:35+00:00
burn,0x494db05e4f8e55e06806d1412c8c205b8a990b01510971b504ac5d5a6a9064f6#1122151,1774817351,24765740,0x494db05e4f8e55e06806d1412c8c205b8a990b01510971b504ac5d5a6a9064f6,750,0x8ad599c3a0ff1de082011efddc58f1908eb6e6d8,3000.0,0.0,608511487.0,,,0x9218f7bb316ba22572779cd0a47fe02d380ac721,0xc36442b4a4522e871399cd717abdd847ab11fe88,0xa0b86991c6218b36c1d19d4a2e9eb0ce3606eb48,USDC,6,0xc02aaa39b223fe8d0a0e5c4f27ead9083c756cc2,WETH,18,0.0,0.0,0.0,0.0,,,200940,202320,2026-03-29T20:49:11+00:00
burn,0xe186ff4c88792780499321ac0b19a4e455fb8ad231c684a82248ba4a4c590a4f#1122154,1774819055,24765881,0xe186ff4c88792780499321ac0b19a4e455fb8ad231c684a82248ba4a4c590a4f,185,0x8ad599c3a0ff1de082011efddc58f1908eb6e6d8,3000.0,0.0,2102681613.0,,,0xdb5f2ea7416d19b758ea0d50a3f3745d10e02d97,0xc36442b4a4522e871399cd717abdd847ab11fe88,0xa0b86991c6218b36c1d19d4a2e9eb0ce3606eb48,USDC,6,0xc02aaa39b223fe8d0a0e5c4f27ead9083c756cc2,WETH,18,4440.862426,2.7786935652877967,10002.006116705312,338766450399330.0,,,191160,207240,2026-03-29T21:17:35+00:00
burn,0x211d12dd7071b04d5cd8e1e6f392261d3e336b4bc10b9177762c77814383ee9b#1122160,1774821167,24766057,0x211d12dd7071b04d5cd8e1e6f392261d3e336b4bc10b9177762c77814383ee9b,212,0x8ad599c3a0ff1de082011efddc58f1908eb6e6d8,3000.0,0.0,631091701.0,,,0x6f6ea9c266b1709c61f278859ff708912e4aaeb0,0xc36442b4a4522e871399cd717abdd847ab11fe88,0xa0b86991c6218b36c1d19d4a2e9eb0ce3606eb48,USDC,6,0xc02aaa39b223fe8d0a0e5c4f27ead9083c756cc2,WETH,18,0.0,0.0,0.0,0.0,,,199500,200400,2026-03-29T21:52:47+00:00
burn,0xd43d96a0206a6e5af05f5861a46f5f5c92934ef51401ebe743141d64f8934459#1122159,1774821239,24766063,0xd43d96a0206a6e5af05f5861a46f5f5c92934ef51401ebe743141d64f8934459,731,0x8ad599c3a0ff1de082011efddc58f1908eb6e6d8,3000.0,0.0,624111000.0,,,0x6f6ea9c266b1709c61f278859ff708912e4aaeb0,0xc36442b4a4522e871399cd717abdd847ab11fe88,0xa0b86991c6218b36c1d19d4a2e9eb0ce3606eb48,USDC,6,0xc02aaa39b223fe8d0a0e5c4f27ead9083c756cc2,WETH,18,103.944386,0.42957088743658056,963.6671114063131,487481696890725.0,,,199500,200400,2026-03-29T21:53:59+00:00
burn,0x8046082f82e027be6937bd9be72f5a4d698874c64bc37281d19583eb653d195e#1122239,1774825511,24766419,0x8046082f82e027be6937bd9be72f5a4d698874c64bc37281d19583eb653d195e,609,0x8ad599c3a0ff1de082011efddc58f1908eb6e6d8,3000.0,0.0,177399532.0,,,0x4dcff7a73fd1910cf937b6b40c434ecdbea95483,0xc36442b4a4522e871399cd717abdd847ab11fe88,0xa0b86991c6218b36c1d19d4a2e9eb0ce3606eb48,USDC,6,0xc02aaa39b223fe8d0a0e5c4f27ead9083c756cc2,WETH,18,0.0,0.0,0.0,0.0,,,199620,201000,2026-03-29T23:05:11+00:00
burn,0x5a02b5fcd7a73c73c53e650c786bea0ba7a2376a0950488bf054cf0b6d673af1#1122246,1774826687,24766516,0x5a02b5fcd7a73c73c53e650c786bea0ba7a2376a0950488bf054cf0b6d673af1,162,0x8ad599c3a0ff1de082011efddc58f1908eb6e6d8,3000.0,0.0,217520539.0,,,0x93205c8996a9afaedc18a7921430829adae9ae17,0xc36442b4a4522e871399cd717abdd847ab11fe88,0xa0b86991c6218b36c1d19d4a2e9eb0ce3606eb48,USDC,6,0xc02aaa39b223fe8d0a0e5c4f27ead9083c756cc2,WETH,18,1206.601923,0.8951482811630195,2983.687168369559,1734551738958185.0,,,199920,200700,2026-03-29T23:24:47+00:00
burn,0x552894cf4a5cd6f7e0a0b895b71bcf8f80b4a7325648275141567604cba6ac48#1122260,1774828307,24766650,0x552894cf4a5cd6f7e0a0b895b71bcf8f80b4a7325648275141567604cba6ac48,247,0x8ad599c3a0ff1de082011efddc58f1908eb6e6d8,3000.0,0.0,2120145683.0,,,0x155c0821368bdd0be467a858050cc8597dcf3b37,0xc36442b4a4522e871399cd717abdd847ab11fe88,0xa0b86991c6218b36c1d19d4a2e9eb0ce3606eb48,USDC,6,0xc02aaa39b223fe8d0a0e5c4f27ead9083c756cc2,WETH,18,0.0,0.33606702811056466,666.2011788931886,101067357254126.0,,,196560,199860,2026-03-29T23:51:47+00:00
burn,0x2e4965b7f363b3996df43396cf97127cde0c992d0ddf774928d9991bae031892#1122262,1774828907,24766700,0x2e4965b7f363b3996df43396cf97127cde0c992d0ddf774928d9991bae031892,1007,0x8ad599c3a0ff1de082011efddc58f1908eb6e6d8,3000.0,0.0,127117623.0,,,0xdc7b1ebbc9f79c082b2e0f02ee3077a8d974fa8e,0xc36442b4a4522e871399cd717abdd847ab11fe88,0xa0b86991c6218b36c1d19d4a2e9eb0ce3606eb48,USDC,6,0xc02aaa39b223fe8d0a0e5c4f27ead9083c756cc2,WETH,18,0.0,0.0,0.0,0.0,,,199260,200640,2026-03-30T00:01:47+00:00
burn,0x6b9ac4294b2d6df217cec6e91a1c0da8b206f0a4b8b8ac0256bb3e42909c99c9#1122263,1774829027,24766710,0x6b9ac4294b2d6df217cec6e91a1c0da8b206f0a4b8b8ac0256bb3e42909c99c9,1347,0x8ad599c3a0ff1de082011efddc58f1908eb6e6d8,3000.0,0.0,126801754.0,,,0x143b67cf0b87c59b9eb3bbfd5a8d4c74dec426d1,0xc36442b4a4522e871399cd717abdd847ab11fe88,0xa0b86991c6218b36c1d19d4a2e9eb0ce3606eb48,USDC,6,0xc02aaa39b223fe8d0a0e5c4f27ead9083c756cc2,WETH,18,0.0,0.0,0.0,0.0,,,199260,200940,2026-03-30T00:03:47+00:00
burn,0x3a2c7e616915b467c93d539f07ce896a7ccfe83c6b9b3aa613ef6e902b11666f#1122264,1774829063,24766713,0x3a2c7e616915b467c93d539f07ce896a7ccfe83c6b9b3aa613ef6e902b11666f,631,0x8ad599c3a0ff1de082011efddc58f1908eb6e6d8,3000.0,0.0,131114117.0,,,0x55d1cdf31f4692378637cb28d5fd4a83cd4c26bf,0xc36442b4a4522e871399cd717abdd847ab11fe88,0xa0b86991c6218b36c1d19d4a2e9eb0ce3606eb48,USDC,6,0xc02aaa39b223fe8d0a0e5c4f27ead9083c756cc2,WETH,18,0.0,0.0,0.0,0.0,,,199500,200940,2026-03-30T00:04:23+00:00
burn,0x886f251d6185f5d242cfe476fac2ebc144aa5adf6eacf0b90084d115c430219b#1122266,1774829183,24766723,0x886f251d6185f5d242cfe476fac2ebc144aa5adf6eacf0b90084d115c430219b,991,0x8ad599c3a0ff1de082011efddc58f1908eb6e6d8,3000.0,0.0,116376932.0,,,0xa1e0b6edbf434be1322e2d1e2d438bbfcbe81546,0xc36442b4a4522e871399cd717abdd847ab11fe88,0xa0b86991c6218b36c1d19d4a2e9eb0ce3606eb48,USDC,6,0xc02aaa39b223fe8d0a0e5c4f27ead9083c756cc2,WETH,18,0.0,0.0,0.0,0.0,,,199140,200580,2026-03-30T00:06:23+00:00
burn,0x912ebfffe75b3c9f183430a06aa2f1360b1f594d338d4d028728ec7123d2cccc#1122265,1774829195,24766724,0x912ebfffe75b3c9f183430a06aa2f1360b1f594d338d4d028728ec7123d2cccc,796,0x8ad599c3a0ff1de082011efddc58f1908eb6e6d8,3000.0,0.0,130864501.0,,,0xa1e0b6edbf434be1322e2d1e2d438bbfcbe81546,0xc36442b4a4522e871399cd717abdd847ab11fe88,0xa0b86991c6218b36c1d19d4a2e9eb0ce3606eb48,USDC,6,0xc02aaa39b223fe8d0a0e5c4f27ead9083c756cc2,WETH,18,0.0,0.0,0.0,0.0,,,199260,200700,2026-03-30T00:06:35+00:00
burn,0xc0e4a8eb567a36cfeacff27537f99a51c3366e56338fac23a3a75d68829ed98d#1122268,1774829387,24766740,0xc0e4a8eb567a36cfeacff27537f99a51c3366e56338fac23a3a75d68829ed98d,687,0x8ad599c3a0ff1de082011efddc58f1908eb6e6d8,3000.0,0.0,137147013.0,,,0xda615787f81bf9a7ddbd7d36bffd868491f26220,0xc36442b4a4522e871399cd717abdd847ab11fe88,0xa0b86991c6218b36c1d19d4a2e9eb0ce3606eb48,USDC,6,0xc02aaa39b223fe8d0a0e5c4f27ead9083c756cc2,WETH,18,0.0,0.0,0.0,0.0,,,198840,200520,2026-03-30T00:09:47+00:00
burn,0xa9666f6e8134e295c95dfbc07812ddf7ec3d299ea66bfb7a60a7760db8ab8cf5#1122269,1774829411,24766742,0xa9666f6e8134e295c95dfbc07812ddf7ec3d299ea66bfb7a60a7760db8ab8cf5,1036,0x8ad599c3a0ff1de082011efddc58f1908eb6e6d8,3000.0,0.0,139261747.0,,,0xda615787f81bf9a7ddbd7d36bffd868491f26220,0xc36442b4a4522e871399cd717abdd847ab11fe88,0xa0b86991c6218b36c1d19d4a2e9eb0ce3606eb48,USDC,6,0xc02aaa39b223fe8d0a0e5c4f27ead9083c756cc2,WETH,18,0.0,0.0,0.0,0.0,,,199500,200940,2026-03-30T00:10:11+00:00
burn,0x5648ada64d7a1d866f5c74136525ce23a8f3b563cc333fa94f89c9686b819401#1122272,1774829639,24766761,0x5648ada64d7a1d866f5c74136525ce23a8f3b563cc333fa94f89c9686b819401,802,0x8ad599c3a0ff1de082011efddc58f1908eb6e6d8,3000.0,0.0,131892077.0,,,0xdc7b1ebbc9f79c082b2e0f02ee3077a8d974fa8e,0xc36442b4a4522e871399cd717abdd847ab11fe88,0xa0b86991c6218b36c1d19d4a2e9eb0ce3606eb48,USDC,6,0xc02aaa39b223fe8d0a0e5c4f27ead9083c756cc2,WETH,18,0.0,0.0,0.0,0.0,,,199260,200640,2026-03-30T00:13:59+00:00
burn,0x44bab640599e0595cf058c1cb96fdc85929c0cc458e1c8a4ecabafa7e40bbe01#1122308,1774832579,24767006,0x44bab640599e0595cf058c1cb96fdc85929c0cc458e1c8a4ecabafa7e40bbe01,84,0x8ad599c3a0ff1de082011efddc58f1908eb6e6d8,3000.0,0.0,511719146.0,,,0xae2fc483527b8ef99eb5d9b44875f005ba1fae13,0x1f2f10d1c40777ae1da742455c65828ff36df387,0xa0b86991c6218b36c1d19d4a2e9eb0ce3606eb48,USDC,6,0xc02aaa39b223fe8d0a0e5c4f27ead9083c756cc2,WETH,18,672040.033025,914.8679555577221,2499458.472641338,1.8659580937544663e+19,,,200280,200340,2026-03-30T01:02:59+00:00
burn,0x219b012f52b037272b0fd6f3eb0a9dc40260ae90b1514da63f11cf7d72be29ca#1122332,1774837187,24767387,0x219b012f52b037272b0fd6f3eb0a9dc40260ae90b1514da63f11cf7d72be29ca,365,0x8ad599c3a0ff1de082011efddc58f1908eb6e6d8,3000.0,0.0,120882229.0,,,0xd66b918557ef4fe7e969462e15c2d47388de5bde,0xc36442b4a4522e871399cd717abdd847ab11fe88,0xa0b86991c6218b36c1d19d4a2e9eb0ce3606eb48,USDC,6,0xc02aaa39b223fe8d0a0e5c4f27ead9083c756cc2,WETH,18,1290.109571,2.134788055917442,5584.897722296367,1770067610682071.0,,,199140,200580,2026-03-30T02:19:47+00:00
burn,0x1f00704f6acdeb5909430e0cd35041b8377640223d94326af1a7cad670966cb0#1122333,1774837235,24767391,0x1f00704f6acdeb5909430e0cd35041b8377640223d94326af1a7cad670966cb0,460,0x8ad599c3a0ff1de082011efddc58f1908eb6e6d8,3000.0,0.0,119309039.0,,,0xd66b918557ef4fe7e969462e15c2d47388de5bde,0xc36442b4a4522e871399cd717abdd847ab11fe88,0xa0b86991c6218b36c1d19d4a2e9eb0ce3606eb48,USDC,6,0xc02aaa39b223fe8d0a0e5c4f27ead9083c756cc2,WETH,18,2442.859262,2.6553411586075484,7784.901397764268,2460605235490770.0,,,199260,200700,2026-03-30T02:20:35+00:00
burn,0x5a39b48192ae656ca2cb9e8c78ab14e47eda578e7bcb1152ccd7e999df1113b8#1122359,1774840523,24767664,0x5a39b48192ae656ca2cb9e8c78ab14e47eda578e7bcb1152ccd7e999df1113b8,153,0x8ad599c3a0ff1de082011efddc58f1908eb6e6d8,3000.0,0.0,2117143880.0,,,0x0a2e59e0f821fa7ed4f32bfd111840d53e95a149,0xc36442b4a4522e871399cd717abdd847ab11fe88,0xa0b86991c6218b36c1d19d4a2e9eb0ce3606eb48,USDC,6,0xc02aaa39b223fe8d0a0e5c4f27ead9083c756cc2,WETH,18,552.910628,0.28299999972754886,1128.0372853555452,244636733085028.0,,,199080,201180,2026-03-30T03:15:23+00:00
burn,0x4beadecf063f2f80deaf18ab19d534500ec7041a86976512da2b9b112856abb9#1122362,1774840763,24767684,0x4beadecf063f2f80deaf18ab19d534500ec7041a86976512da2b9b112856abb9,426,0x8ad599c3a0ff1de082011efddc58f1908eb6e6d8,3000.0,0.0,272862289.0,,,0xc139971529fe84dfac8c91241506860ca8f5009d,0xc36442b4a4522e871399cd717abdd847ab11fe88,0xa0b86991c6218b36c1d19d4a2e9eb0ce3606eb48,USDC,6,0xc02aaa39b223fe8d0a0e5c4f27ead9083c756cc2,WETH,18,1.066615,0.00181565162770135,4.7564724664165094,190751068953.0,,,188940,202800,2026-03-30T03:19:23+00:00
burn,0xb056543a536d3d448a1ac5ea5aeda7392f2f2c6783e5aff85b5251b04cce59b1#1122382,1774847471,24768241,0xb056543a536d3d448a1ac5ea5aeda7392f2f2c6783e5aff85b5251b04cce59b1,1360,0x8ad599c3a0ff1de082011efddc58f1908eb6e6d8,3000.0,0.0,154316256.0,,,0x230893f3c4eb881197ad64876b6e8dae025a8d3e,0xc36442b4a4522e871399cd717abdd847ab11fe88,0xa0b86991c6218b36c1d19d4a2e9eb0ce3606eb48,USDC,6,0xc02aaa39b223fe8d0a0e5c4f27ead9083c756cc2,WETH,18,974.120777,0.4414654812458478,1878.7620251634494,504574074783083.0,,,199260,200940,2026-03-30T05:11:11+00:00
burn,0x82603de2fd2c99ecb7a3b1725788893ee04d0cd76a1ae26ac76d9e1ee0c5a661#1122385,1774847639,24768255,0x82603de2fd2c99ecb7a3b1725788893ee04d0cd76a1ae26ac76d9e1ee0c5a661,727,0x8ad599c3a0ff1de082011efddc58f1908eb6e6d8,3000.0,0.0,159704784.0,,,0x230893f3c4eb881197ad64876b6e8dae025a8d3e,0xc36442b4a4522e871399cd717abdd847ab11fe88,0xa0b86991c6218b36c1d19d4a2e9eb0ce3606eb48,USDC,6,0xc02aaa39b223fe8d0a0e5c4f27ead9083c756cc2,WETH,18,1491.508549,0.4780791066119128,2471.177624157924,772570058859804.0,,,199500,200940,2026-03-30T05:13:59+00:00
burn,0x5fcb96a1ab59eb9bb8bdc9de047aa32154b57c655950405c3300b6e8d47ac8ee#1122386,1774849427,24768403,0x5fcb96a1ab59eb9bb8bdc9de047aa32154b57c655950405c3300b6e8d47ac8ee,122,0x8ad599c3a0ff1de082011efddc58f1908eb6e6d8,3000.0,0.0,2120179661.0,,,0x3da603502c2480cedfe4061fa7afc1db5cf44e90,0xc36442b4a4522e871399cd717abdd847ab11fe88,0xa0b86991c6218b36c1d19d4a2e9eb0ce3606eb48,USDC,6,0xc02aaa39b223fe8d0a0e5c4f27ead9083c756cc2,WETH,18,0.0,0.0,0.0,0.0,,,194340,208200,2026-03-30T05:43:47+00:00
burn,0x322f84ec7960218f4ef76111cb57eb79f360dee277c2788772a741f7670c8a8f#1122387,1774849655,24768422,0x322f84ec7960218f4ef76111cb57eb79f360dee277c2788772a741f7670c8a8f,671,0x8ad599c3a0ff1de082011efddc58f1908eb6e6d8,3000.0,0.0,2126009005.0,,,0x3da603502c2480cedfe4061fa7afc1db5cf44e90,0xc36442b4a4522e871399cd717abdd847ab11fe88,0xa0b86991c6218b36c1d19d4a2e9eb0ce3606eb48,USDC,6,0xc02aaa39b223fe8d0a0e5c4f27ead9083c756cc2,WETH,18,5133.977143,1.8676931918864366,8961.212503568555,339492969183042.0,,,194340,208200,2026-03-30T05:47:35+00:00
burn,0x6277f21d8f50ec2c590554c6df95550aa0035ad9729175df6e58e7c279607336#1122396,1774854947,24768862,0x6277f21d8f50ec2c590554c6df95550aa0035ad9729175df6e58e7c279607336,184,0x8ad599c3a0ff1de082011efddc58f1908eb6e6d8,3000.0,0.0,237317210.0,,,0x3b62ba6cc56df179bfb7bbec0b4da86cbc0a6366,0xc36442b4a4522e871399cd717abdd847ab11fe88,0xa0b86991c6218b36c1d19d4a2e9eb0ce3606eb48,USDC,6,0xc02aaa39b223fe8d0a0e5c4f27ead9083c756cc2,WETH,18,8978.788729,0.12384358152483689,9232.274080888114,2818853950519710.0,,,200040,201540,2026-03-30T07:15:47+00:00
burn,0x91e99d812edcf082e440cd958850b47e13f4646ca1c7798431b684cd984b2456#1122398,1774856543,24768995,0x91e99d812edcf082e440cd958850b47e13f4646ca1c7798431b684cd984b2456,18,0x8ad599c3a0ff1de082011efddc58f1908eb6e6d8,3000.0,0.0,2163278820.0,,,0xeb907a73671e4cb8f78590b8cd56c7bfe4e09451,0xc36442b4a4522e871399cd717abdd847ab11fe88,0xa0b86991c6218b36c1d19d4a2e9eb0ce3606eb48,USDC,6,0xc02aaa39b223fe8d0a0e5c4f27ead9083c756cc2,WETH,18,0.985888,0.000144576161110167,1.2818094082294678,51094873025.0,,,197340,211200,2026-03-30T07:42:23+00:00
burn,0xaef5c8d35595c377b966d0bad07cf3a2f42cd71422bb6f8e6795ee66252016fb#1122407,1774857335,24769061,0xaef5c8d35595c377b966d0bad07cf3a2f42cd71422bb6f8e6795ee66252016fb,218,0x8ad599c3a0ff1de082011efddc58f1908eb6e6d8,3000.0,0.0,190004125.0,,,0xae2fc483527b8ef99eb5d9b44875f005ba1fae13,0x1f2f10d1c40777ae1da742455c65828ff36df387,0xa0b86991c6218b36c1d19d4a2e9eb0ce3606eb48,USDC,6,0xc02aaa39b223fe8d0a0e5c4f27ead9083c756cc2,WETH,18,729116.588508,915.1789818126534,2612940.4987528054,1.9215520404827275e+19,,,199980,200040,2026-03-30T07:55:35+00:00
burn,0x7663142e6fd3399e0f30f35f198d068e6a557f4af31df5bb33c21939b952e256#1122412,1774857671,24769089,0x7663142e6fd3399e0f30f35f198d068e6a557f4af31df5bb33c21939b952e256,59,0x8ad599c3a0ff1de082011efddc58f1908eb6e6d8,3000.0,0.0,18142301684.0,,,0xae2fc483527b8ef99eb5d9b44875f005ba1fae13,0x1f2f10d1c40777ae1da742455c65828ff36df387,0xa0b86991c6218b36c1d19d4a2e9eb0ce3606eb48,USDC,6,0xc02aaa39b223fe8d0a0e5c4f27ead9083c756cc2,WETH,18,729103.732093,915.2447152309529,2613062.7461743536,1.9216420904850424e+19,,,199980,200040,2026-03-30T08:01:11+00:00
burn,0x0e1890622e3a68e6bad7d7795938dd5c2945f2879b074a29b8f90d5e9d77bb70#1122433,1774862591,24769497,0x0e1890622e3a68e6bad7d7795938dd5c2945f2879b074a29b8f90d5e9d77bb70,276,0x8ad599c3a0ff1de082011efddc58f1908eb6e6d8,3000.0,0.0,637212609.0,,,0x6e0eef8a3e8cd3056ca76edcf8f40684d62dec52,0xc36442b4a4522e871399cd717abdd847ab11fe88,0xa0b86991c6218b36c1d19d4a2e9eb0ce3606eb48,USDC,6,0xc02aaa39b223fe8d0a0e5c4f27ead9083c756cc2,WETH,18,0.0,0.0,0.0,0.0,,,198720,201900,2026-03-30T09:23:11+00:00
burn,0x7696c91e3a9c05ae64de7e98b2a74615105023268cf7adb8ce12a0439c94f300#1122469,1774868567,24769994,0x7696c91e3a9c05ae64de7e98b2a74615105023268cf7adb8ce12a0439c94f300,661,0x8ad599c3a0ff1de082011efddc58f1908eb6e6d8,3000.0,0.0,164639081.0,,,0x94296f48b53ef618d58d5a2b5cf0dd2e64d1cf5b,0xc36442b4a4522e871399cd717abdd847ab11fe88,0xa0b86991c6218b36c1d19d4a2e9eb0ce3606eb48,USDC,6,0xc02aaa39b223fe8d0a0e5c4f27ead9083c756cc2,WETH,18,13.492812,0.006131971364257769,26.089389394261303,2575846154467.0,,,197760,202500,2026-03-30T11:02:47+00:00
burn,0x4eac1468f64837e76919c15423e84129a2bdfa2d04a7e81e8930b1f0a9bf2a02#1122510,1774873175,24770373,0x4eac1468f64837e76919c15423e84129a2bdfa2d04a7e81e8930b1f0a9bf2a02,969,0x8ad599c3a0ff1de082011efddc58f1908eb6e6d8,3000.0,0.0,230249219.0,,,0xb282c9598344c029aaa83164cd81aeeae1ba73cb,0xc36442b4a4522e871399cd717abdd847ab11fe88,0xa0b86991c6218b36c1d19d4a2e9eb0ce3606eb48,USDC,6,0xc02aaa39b223fe8d0a0e5c4f27ead9083c756cc2,WETH,18,0.0,0.0,0.0,0.0,,,198900,200940,2026-03-30T12:19:35+00:00
burn,0x97552c754f291db660c2ccdaab48fa242ba7c6345a94c73672eaea9d56e94c8b#1122512,1774874927,24770517,0x97552c754f291db660c2ccdaab48fa242ba7c6345a94c73672eaea9d56e94c8b,310,0x8ad599c3a0ff1de082011efddc58f1908eb6e6d8,3000.0,0.0,238993164.0,,,0xb282c9598344c029aaa83164cd81aeeae1ba73cb,0xc36442b4a4522e871399cd717abdd847ab11fe88,0xa0b86991c6218b36c1d19d4a2e9eb0ce3606eb48,USDC,6,0xc02aaa39b223fe8d0a0e5c4f27ead9083c756cc2,WETH,18,0.0,0.0,0.0,0.0,,,198900,200940,2026-03-30T12:48:47+00:00
burn,0xa386476d46dcb943750ca1715737ee91494d0a21d2704a8a7b0d606a4a9828c8#1122513,1774874987,24770522,0xa386476d46dcb943750ca1715737ee91494d0a21d2704a8a7b0d606a4a9828c8,277,0x8ad599c3a0ff1de082011efddc58f1908eb6e6d8,3000.0,0.0,235738782.0,,,0xb282c9598344c029aaa83164cd81aeeae1ba73cb,0xc36442b4a4522e871399cd717abdd847ab11fe88,0xa0b86991c6218b36c1d19d4a2e9eb0ce3606eb48,USDC,6,0xc02aaa39b223fe8d0a0e5c4f27ead9083c756cc2,WETH,18,1813.002603,0.9571410791669984,3794.42798001483,838718553763276.0,,,198900,200940,2026-03-30T12:49:47+00:00
burn,0xc7746d8b9516958b990d7d7d28190134c85624b10954fba7eb03ed144bcc994a#1122515,1774875335,24770551,0xc7746d8b9516958b990d7d7d28190134c85624b10954fba7eb03ed144bcc994a,496,0x8ad599c3a0ff1de082011efddc58f1908eb6e6d8,3000.0,0.0,2133943177.0,,,0xd0dc5007ee8dfdba75e8832558297807557815de,0xc36442b4a4522e871399cd717abdd847ab11fe88,0xa0b86991c6218b36c1d19d4a2e9eb0ce3606eb48,USDC,6,0xc02aaa39b223fe8d0a0e5c4f27ead9083c756cc2,WETH,18,224.577034,0.0827860464566762,395.9559885325417,163392236313604.0,,,199500,200580,2026-03-30T12:55:35+00:00
burn,0xdc774bd8c8fe9697680feb576dff3ff8f7e68ff0f3a635e430dd12b9beda1805#1122516,1774875335,24770551,0xdc774bd8c8fe9697680feb576dff3ff8f7e68ff0f3a635e430dd12b9beda1805,1713,0x8ad599c3a0ff1de082011efddc58f1908eb6e6d8,3000.0,0.0,134043177.0,,,0xd90d8162b32e949c1c3a87ae00323f3878d27793,0xc36442b4a4522e871399cd717abdd847ab11fe88,0xa0b86991c6218b36c1d19d4a2e9eb0ce3606eb48,USDC,6,0xc02aaa39b223fe8d0a0e5c4f27ead9083c756cc2,WETH,18,109.545665,0.17098830832647202,463.51591448659684,61897773170349.0,,,197280,200760,2026-03-30T12:55:35+00:00
burn,0xb498566e9b2a18cb5fc791be45e1d54e66afd9654a5bd8c06ec83ebf0a65b79b#1122517,1774875371,24770554,0xb498566e9b2a18cb5fc791be45e1d54e66afd9654a5bd8c06ec83ebf0a65b79b,592,0x8ad599c3a0ff1de082011efddc58f1908eb6e6d8,3000.0,0.0,2149074900.0,,,0xd0dc5007ee8dfdba75e8832558297807557815de,0xc36442b4a4522e871399cd717abdd847ab11fe88,0xa0b86991c6218b36c1d19d4a2e9eb0ce3606eb48,USDC,6,0xc02aaa39b223fe8d0a0e5c4f27ead9083c756cc2,WETH,18,230.630232,0.10026300778982346,438.1889956897271,121335312241047.0,,,199200,200820,2026-03-30T12:56:11+00:00
burn,0x09a1b073721a8f02b870658def0a940a96c0866ff887af4cffbedf19636f3bdf#1122547,1774879199,24770871,0x09a1b073721a8f02b870658def0a940a96c0866ff887af4cffbedf19636f3bdf,574,0x8ad599c3a0ff1de082011efddc58f1908eb6e6d8,3000.0,0.0,154038221.0,,,0x95170fb8d44549a95ecec51cac179ad8096aaf35,0xc36442b4a4522e871399cd717abdd847ab11fe88,0xa0b86991c6218b36c1d19d4a2e9eb0ce3606eb48,USDC,6,0xc02aaa39b223fe8d0a0e5c4f27ead9083c756cc2,WETH,18,0.0,0.0,0.0,0.0,,,197100,200160,2026-03-30T13:59:59+00:00
burn,0xda5dec804aa7bc1538ad22418df553626b701197f7ba39c7f0adc324f5b712d0#1122566,1774881911,24771095,0xda5dec804aa7bc1538ad22418df553626b701197f7ba39c7f0adc324f5b712d0,4,0x8ad599c3a0ff1de082011efddc58f1908eb6e6d8,3000.0,0.0,2292126012.0,,,0x7366fbbc239f10eeaa9a65433244c8b80b0dab49,0xc36442b4a4522e871399cd717abdd847ab11fe88,0xa0b86991c6218b36c1d19d4a2e9eb0ce3606eb48,USDC,6,0xc02aaa39b223fe8d0a0e5c4f27ead9083c756cc2,WETH,18,0.0,0.0,0.0,0.0,,,198540,200640,2026-03-30T14:45:11+00:00
burn,0xdd69e532d932693d866046418dbb79d26837e988a22a9fb3e0b5d9c24ca31f00#1122568,1774882019,24771104,0xdd69e532d932693d866046418dbb79d26837e988a22a9fb3e0b5d9c24ca31f00,254,0x8ad599c3a0ff1de082011efddc58f1908eb6e6d8,3000.0,0.0,2159803599.0,,,0x7366fbbc239f10eeaa9a65433244c8b80b0dab49,0xc36442b4a4522e871399cd717abdd847ab11fe88,0xa0b86991c6218b36c1d19d4a2e9eb0ce3606eb48,USDC,6,0xc02aaa39b223fe8d0a0e5c4f27ead9083c756cc2,WETH,18,0.0,0.0,0.0,0.0,,,197640,202080,2026-03-30T14:46:59+00:00
burn,0x2f675b292967c617db3b65f440fa0c3a507077548c16e7be7bea3694f1a14e8f#1122585,1774883255,24771207,0x2f675b292967c617db3b65f440fa0c3a507077548c16e7be7bea3694f1a14e8f,129,0x8ad599c3a0ff1de082011efddc58f1908eb6e6d8,3000.0,0.0,2656000000.0,,,0xd34fa4d0802d1a36d3e0677ad36117abc185ab3c,0xc36442b4a4522e871399cd717abdd847ab11fe88,0xa0b86991c6218b36c1d19d4a2e9eb0ce3606eb48,USDC,6,0xc02aaa39b223fe8d0a0e5c4f27ead9083c756cc2,WETH,18,0.0,0.0,0.0,0.0,,,197100,201660,2026-03-30T15:07:35+00:00
burn,0x711fa4664ea2167c4293e3a17d99bc12772fd7e7ef78cd2c35877f9cd3a8852f#1122591,1774883831,24771255,0x711fa4664ea2167c4293e3a17d99bc12772fd7e7ef78cd2c35877f9cd3a8852f,386,0x8ad599c3a0ff1de082011efddc58f1908eb6e6d8,3000.0,0.0,2174102391.0,,,0xf17c01c96c2adcab03ad778db9d3b3b783dcfdbc,0xc36442b4a4522e871399cd717abdd847ab11fe88,0xa0b86991c6218b36c1d19d4a2e9eb0ce3606eb48,USDC,6,0xc02aaa39b223fe8d0a0e5c4f27ead9083c756cc2,WETH,18,0.0,0.0,0.0,0.0,,,198660,200640,2026-03-30T15:17:11+00:00
burn,0xced43e88a53aa4376910d130c7765d44b0d3e29ebc1a9270f8c04295c9304c50#1122590,1774883891,24771260,0xced43e88a53aa4376910d130c7765d44b0d3e29ebc1a9270f8c04295c9304c50,162,0x8ad599c3a0ff1de082011efddc58f1908eb6e6d8,3000.0,0.0,2154450751.0,,,0xf17c01c96c2adcab03ad778db9d3b3b783dcfdbc,0xc36442b4a4522e871399cd717abdd847ab11fe88,0xa0b86991c6218b36c1d19d4a2e9eb0ce3606eb48,USDC,6,0xc02aaa39b223fe8d0a0e5c4f27ead9083c756cc2,WETH,18,515.765575,0.4911547929028856,1531.1267630012944,349597905628729.0,,,198660,200640,2026-03-30T15:18:11+00:00
burn,0xa3db90a2761bdc95eb151f4a01a880c97014b5d25d260d9873c9a5ffd9b9b53e#1122593,1774884863,24771341,0xa3db90a2761bdc95eb151f4a01a880c97014b5d25d260d9873c9a5ffd9b9b53e,33,0x8ad599c3a0ff1de082011efddc58f1908eb6e6d8,3000.0,0.0,2105960912.0,,,0x852d3699d0c159da48fb4632ce792cdbfd4801db,0xc36442b4a4522e871399cd717abdd847ab11fe88,0xa0b86991c6218b36c1d19d4a2e9eb0ce3606eb48,USDC,6,0xc02aaa39b223fe8d0a0e5c4f27ead9083c756cc2,WETH,18,0.0,0.0,0.0,0.0,,,199260,200340,2026-03-30T15:34:23+00:00
burn,0x1557fd57342b83292f6d8beb6c1f01a0f08455d73f321b9b522201011a10d804#1122632,1774890839,24771836,0x1557fd57342b83292f6d8beb6c1f01a0f08455d73f321b9b522201011a10d804,190,0x8ad599c3a0ff1de082011efddc58f1908eb6e6d8,3000.0,0.0,617341646.0,,,0x7c9b9435221fb37ef5c79acd8c6772328e179ba9,0xc36442b4a4522e871399cd717abdd847ab11fe88,0xa0b86991c6218b36c1d19d4a2e9eb0ce3606eb48,USDC,6,0xc02aaa39b223fe8d0a0e5c4f27ead9083c756cc2,WETH,18,0.0,0.0,0.0,0.0,,,196740,203400,2026-03-30T17:13:59+00:00
burn,0x1557fd57342b83292f6d8beb6c1f01a0f08455d73f321b9b522201011a10d804#1122633,1774890839,24771836,0x1557fd57342b83292f6d8beb6c1f01a0f08455d73f321b9b522201011a10d804,219,0x8ad599c3a0ff1de082011efddc58f1908eb6e6d8,3000.0,0.0,617341646.0,,,0x7c9b9435221fb37ef5c79acd8c6772328e179ba9,0xc36442b4a4522e871399cd717abdd847ab11fe88,0xa0b86991c6218b36c1d19d4a2e9eb0ce3606eb48,USDC,6,0xc02aaa39b223fe8d0a0e5c4f27ead9083c756cc2,WETH,18,2420.195175,1.1254215864798105,4743.172157913539,340368831236525.0,,,196740,203400,2026-03-30T17:13:59+00:00
burn,0x05cca2b8dc94c620796bcd57927d48dc0dd0c4d218deb2b9d2dbca087df7cafa#1122634,1774890887,24771840,0x05cca2b8dc94c620796bcd57927d48dc0dd0c4d218deb2b9d2dbca087df7cafa,172,0x8ad599c3a0ff1de082011efddc58f1908eb6e6d8,3000.0,0.0,611224354.0,,,0xa97f23e1edfec89f834fa6a2a7fe3de7520b1458,0xc36442b4a4522e871399cd717abdd847ab11fe88,0xa0b86991c6218b36c1d19d4a2e9eb0ce3606eb48,USDC,6,0xc02aaa39b223fe8d0a0e5c4f27ead9083c756cc2,WETH,18,0.0,0.0,0.0,0.0,,,193380,207240,2026-03-30T17:14:47+00:00
burn,0xed7c2ed737357bf57c17bc6881e09dde82364b4b4bfaca6c5dd5783518fde9c7#1122692,1774896887,24772339,0xed7c2ed737357bf57c17bc6881e09dde82364b4b4bfaca6c5dd5783518fde9c7,503,0x8ad599c3a0ff1de082011efddc58f1908eb6e6d8,3000.0,0.0,120152936.0,,,0x128f8116450182c1c501c230963f11aa5fd6a93c,0xc36442b4a4522e871399cd717abdd847ab11fe88,0xa0b86991c6218b36c1d19d4a2e9eb0ce3606eb48,USDC,6,0xc02aaa39b223fe8d0a0e5c4f27ead9083c756cc2,WETH,18,0.0,0.0,0.0,0.0,,,198900,203880,2026-03-30T18:54:47+00:00
burn,0x23d0fbfbdb2a5d7e27ba8f84cc3d608f9cb9a2a0027fbf7d625031c469c264c9#1122723,1774898711,24772489,0x23d0fbfbdb2a5d7e27ba8f84cc3d608f9cb9a2a0027fbf7d625031c469c264c9,1509,0x8ad599c3a0ff1de082011efddc58f1908eb6e6d8,3000.0,0.0,109070244.0,,,0x3fcb5cfc7543e5a593fb927ec5b0ef88f4394780,0xc36442b4a4522e871399cd717abdd847ab11fe88,0xa0b86991c6218b36c1d19d4a2e9eb0ce3606eb48,USDC,6,0xc02aaa39b223fe8d0a0e5c4f27ead9083c756cc2,WETH,18,0.0,0.0,0.0,0.0,,,199380,203520,2026-03-30T19:25:11+00:00
burn,0x2f0058552cfae6eaa2e0d8206b362b9c79662c8e5f6995b3bc37dae67e0d9448#1122730,1774900835,24772666,0x2f0058552cfae6eaa2e0d8206b362b9c79662c8e5f6995b3bc37dae67e0d9448,1157,0x8ad599c3a0ff1de082011efddc58f1908eb6e6d8,3000.0,0.0,116300194.0,,,0x158d8a91eeb479dc3f578aba68a55d78a7ee4b03,0xc36442b4a4522e871399cd717abdd847ab11fe88,0xa0b86991c6218b36c1d19d4a2e9eb0ce3606eb48,USDC,6,0xc02aaa39b223fe8d0a0e5c4f27ead9083c756cc2,WETH,18,0.0,0.0,0.0,0.0,,,199320,200520,2026-03-30T20:00:35+00:00
burn,0xe24aacbf8e5fdca9ba9bbf4914f2a7298af5663dd8d493ddd88c940cc2b9ee30#1122731,1774900991,24772679,0xe24aacbf8e5fdca9ba9bbf4914f2a7298af5663dd8d493ddd88c940cc2b9ee30,97,0x8ad599c3a0ff1de082011efddc58f1908eb6e6d8,3000.0,0.0,410846720.0,,,0xae2fc483527b8ef99eb5d9b44875f005ba1fae13,0x1f2f10d1c40777ae1da742455c65828ff36df387,0xa0b86991c6218b36c1d19d4a2e9eb0ce3606eb48,USDC,6,0xc02aaa39b223fe8d0a0e5c4f27ead9083c756cc2,WETH,18,189317.249932,917.8946860407241,2042954.1858739355,1.5173473270348382e+19,,,200160,200220,2026-03-30T20:03:11+00:00
burn,0xa66c9ff355d73eb2fccadf619b6b4d82f61e209486929fc880bd30e4b13d6fc7#1122732,1774901003,24772680,0xa66c9ff355d73eb2fccadf619b6b4d82f61e209486929fc880bd30e4b13d6fc7,749,0x8ad599c3a0ff1de082011efddc58f1908eb6e6d8,3000.0,0.0,121953695.0,,,0xc0ac20d012266b1b74932854136cee58b096fea8,0xc36442b4a4522e871399cd717abdd847ab11fe88,0xa0b86991c6218b36c1d19d4a2e9eb0ce3606eb48,USDC,6,0xc02aaa39b223fe8d0a0e5c4f27ead9083c756cc2,WETH,18,0.0,0.0,0.0,0.0,,,199500,201120,2026-03-30T20:03:23+00:00
burn,0xbbfb2896d335fc0c19ed1a8f36bfa6ef2ed4c0615c9479e0df0a1e203f9793ac#1122814,1774912079,24773600,0xbbfb2896d335fc0c19ed1a8f36bfa6ef2ed4c0615c9479e0df0a1e203f9793ac,293,0x8ad599c3a0ff1de082011efddc58f1908eb6e6d8,3000.0,0.0,115347705.0,,,0x4dcff7a73fd1910cf937b6b40c434ecdbea95483,0xc36442b4a4522e871399cd717abdd847ab11fe88,0xa0b86991c6218b36c1d19d4a2e9eb0ce3606eb48,USDC,6,0xc02aaa39b223fe8d0a0e5c4f27ead9083c756cc2,WETH,18,0.0,0.0,0.0,0.0,,,199620,201000,2026-03-30T23:07:59+00:00
burn,0x8a1146e893862a77ab48a2bb017e0b13db555026dc167accaeff29b5f07890ee#1122826,1774915211,24773861,0x8a1146e893862a77ab48a2bb017e0b13db555026dc167accaeff29b5f07890ee,78,0x8ad599c3a0ff1de082011efddc58f1908eb6e6d8,3000.0,0.0,201400716.0,,,0x508a312cf7334b44b9ff22ac0bac1b3db9eed4e1,0xc36442b4a4522e871399cd717abdd847ab11fe88,0xa0b86991c6218b36c1d19d4a2e9eb0ce3606eb48,USDC,6,0xc02aaa39b223fe8d0a0e5c4f27ead9083c756cc2,WETH,18,0.0,0.0,0.0,0.0,,,199320,201360,2026-03-31T00:00:11+00:00
burn,0xa4034b840c48207498b1a04d4d48e91054bc3317eda1a31f36f7061240de8b0a#1122826,1774915271,24773866,0xa4034b840c48207498b1a04d4d48e91054bc3317eda1a31f36f7061240de8b0a,326,0x8ad599c3a0ff1de082011efddc58f1908eb6e6d8,3000.0,0.0,186592051.0,,,0x508a312cf7334b44b9ff22ac0bac1b3db9eed4e1,0xc36442b4a4522e871399cd717abdd847ab11fe88,0xa0b86991c6218b36c1d19d4a2e9eb0ce3606eb48,USDC,6,0xc02aaa39b223fe8d0a0e5c4f27ead9083c756cc2,WETH,18,398.635123,0.1532489738995995,708.2938586319635,158525162186963.0,,,199320,201360,2026-03-31T00:01:11+00:00
burn,0xa4034b840c48207498b1a04d4d48e91054bc3317eda1a31f36f7061240de8b0a#1122827,1774915271,24773866,0xa4034b840c48207498b1a04d4d48e91054bc3317eda1a31f36f7061240de8b0a,328,0x8ad599c3a0ff1de082011efddc58f1908eb6e6d8,3000.0,0.0,186592051.0,,,0x508a312cf7334b44b9ff22ac0bac1b3db9eed4e1,0xc36442b4a4522e871399cd717abdd847ab11fe88,0xa0b86991c6218b36c1d19d4a2e9eb0ce3606eb48,USDC,6,0xc02aaa39b223fe8d0a0e5c4f27ead9083c756cc2,WETH,18,0.0,0.0,0.0,0.0,,,199320,201360,2026-03-31T00:01:11+00:00
burn,0x6b196385d46424fec8e661d9e260fe3856c1f789b0876fb0abaf9fff32c2d668#1122830,1774915415,24773878,0x6b196385d46424fec8e661d9e260fe3856c1f789b0876fb0abaf9fff32c2d668,1860,0x8ad599c3a0ff1de082011efddc58f1908eb6e6d8,3000.0,0.0,102904482.0,,,0xdc7b1ebbc9f79c082b2e0f02ee3077a8d974fa8e,0xc36442b4a4522e871399cd717abdd847ab11fe88,0xa0b86991c6218b36c1d19d4a2e9eb0ce3606eb48,USDC,6,0xc02aaa39b223fe8d0a0e5c4f27ead9083c756cc2,WETH,18,0.0,0.0,0.0,0.0,,,199260,200640,2026-03-31T00:03:35+00:00
burn,0x0f9cfb9c89a14b7f688bbfe4086973e7e6ac230f582be50cd854cb01b704e26c#1122831,1774915415,24773878,0x0f9cfb9c89a14b7f688bbfe4086973e7e6ac230f582be50cd854cb01b704e26c,1897,0x8ad599c3a0ff1de082011efddc58f1908eb6e6d8,3000.0,0.0,102904480.0,,,0xda615787f81bf9a7ddbd7d36bffd868491f26220,0xc36442b4a4522e871399cd717abdd847ab11fe88,0xa0b86991c6218b36c1d19d4a2e9eb0ce3606eb48,USDC,6,0xc02aaa39b223fe8d0a0e5c4f27ead9083c756cc2,WETH,18,0.0,0.0,0.0,0.0,,,199500,200940,2026-03-31T00:03:35+00:00
burn,0x8b0b90a9a340a1a2232f45d2b07d7706270cb02f8d7140865ac8f21400d10f98#1122832,1774915439,24773880,0x8b0b90a9a340a1a2232f45d2b07d7706270cb02f8d7140865ac8f21400d10f98,990,0x8ad599c3a0ff1de082011efddc58f1908eb6e6d8,3000.0,0.0,112614234.0,,,0xff98fbaff98a2f3c4a88da4ac870b9693d804b66,0xc36442b4a4522e871399cd717abdd847ab11fe88,0xa0b86991c6218b36c1d19d4a2e9eb0ce3606eb48,USDC,6,0xc02aaa39b223fe8d0a0e5c4f27ead9083c756cc2,WETH,18,0.0,0.0,0.0,0.0,,,199140,200580,2026-03-31T00:03:59+00:00
burn,0x73923b500c9f65756c04a34093fe19a6c1b664dcbe464e3a643b2cc43f1769d8#1122833,1774915487,24773884,0x73923b500c9f65756c04a34093fe19a6c1b664dcbe464e3a643b2cc43f1769d8,632,0x8ad599c3a0ff1de082011efddc58f1908eb6e6d8,3000.0,0.0,129604510.0,,,0xff98fbaff98a2f3c4a88da4ac870b9693d804b66,0xc36442b4a4522e871399cd717abdd847ab11fe88,0xa0b86991c6218b36c1d19d4a2e9eb0ce3606eb48,USDC,6,0xc02aaa39b223fe8d0a0e5c4f27ead9083c756cc2,WETH,18,0.0,0.0,0.0,0.0,,,199500,200940,2026-03-31T00:04:47+00:00
burn,0x8353ec7d28c3fb7844f18cf3adcebc16f702567eaa1e32be3a7fd780bd93bc59#1122834,1774915607,24773894,0x8353ec7d28c3fb7844f18cf3adcebc16f702567eaa1e32be3a7fd780bd93bc59,696,0x8ad599c3a0ff1de082011efddc58f1908eb6e6d8,3000.0,0.0,123961537.0,,,0x55d1cdf31f4692378637cb28d5fd4a83cd4c26bf,0xc36442b4a4522e871399cd717abdd847ab11fe88,0xa0b86991c6218b36c1d19d4a2e9eb0ce3606eb48,USDC,6,0xc02aaa39b223fe8d0a0e5c4f27ead9083c756cc2,WETH,18,0.0,0.0,0.0,0.0,,,199140,200580,2026-03-31T00:06:47+00:00
burn,0xb743db95a38bd657435db8217ad712dae5c27275c900bbf2d088173b392cc2db#1122834,1774915931,24773921,0xb743db95a38bd657435db8217ad712dae5c27275c900bbf2d088173b392cc2db,2139,0x8ad599c3a0ff1de082011efddc58f1908eb6e6d8,3000.0,0.0,96671871.0,,,0xdc7b1ebbc9f79c082b2e0f02ee3077a8d974fa8e,0xc36442b4a4522e871399cd717abdd847ab11fe88,0xa0b86991c6218b36c1d19d4a2e9eb0ce3606eb48,USDC,6,0xc02aaa39b223fe8d0a0e5c4f27ead9083c756cc2,WETH,18,0.0,0.0,0.0,0.0,,,199260,200640,2026-03-31T00:12:11+00:00
burn,0xffef72443d7b8a1f71d5c1728194f66c57007b3f1b4fad550063879c02730b96#1122835,1774915967,24773924,0xffef72443d7b8a1f71d5c1728194f66c57007b3f1b4fad550063879c02730b96,208,0x8ad599c3a0ff1de082011efddc58f1908eb6e6d8,3000.0,0.0,107974155.0,,,0xda615787f81bf9a7ddbd7d36bffd868491f26220,0xc36442b4a4522e871399cd717abdd847ab11fe88,0xa0b86991c6218b36c1d19d4a2e9eb0ce3606eb48,USDC,6,0xc02aaa39b223fe8d0a0e5c4f27ead9083c756cc2,WETH,18,0.0,0.0,0.0,0.0,,,198840,200520,2026-03-31T00:12:47+00:00
burn,0xfee5b6ef3eaf0fdde6ec9c98ee246a0ece721845f656c8a760886430c5f1df62#1122857,1774919231,24774196,0xfee5b6ef3eaf0fdde6ec9c98ee246a0ece721845f656c8a760886430c5f1df62,288,0x8ad599c3a0ff1de082011efddc58f1908eb6e6d8,3000.0,0.0,620496041.0,,,0xdc6657a6e3ee8ec7004dadd99a7a030b975556f8,0xc36442b4a4522e871399cd717abdd847ab11fe88,0xa0b86991c6218b36c1d19d4a2e9eb0ce3606eb48,USDC,6,0xc02aaa39b223fe8d0a0e5c4f27ead9083c756cc2,WETH,18,1.194541,0.000446689813466836,2.1027150558869954,79930404564.0,,,194340,208200,2026-03-31T01:07:11+00:00
burn,0x82b7537131fe0065d2c805cd29f4fa30719ade41373693cbbb8d742a2a06ccdf#1122918,1774923887,24774582,0x82b7537131fe0065d2c805cd29f4fa30719ade41373693cbbb8d742a2a06ccdf,387,0x8ad599c3a0ff1de082011efddc58f1908eb6e6d8,3000.0,0.0,127261692.0,,,0x694135602e736f9b8f0bc6755b40a9e5e6034a2e,0xc36442b4a4522e871399cd717abdd847ab11fe88,0xa0b86991c6218b36c1d19d4a2e9eb0ce3606eb48,USDC,6,0xc02aaa39b223fe8d0a0e5c4f27ead9083c756cc2,WETH,18,387.68687,1.3305931578134287,3148.1670024231894,795553680063621.0,,,198360,200160,2026-03-31T02:24:47+00:00
burn,0xf87d3795aac8ef3d28e40d0f49f746491032d8a17b966c2f452ab9b1b4cf7ec5#1122937,1774930427,24775124,0xf87d3795aac8ef3d28e40d0f49f746491032d8a17b966c2f452ab9b1b4cf7ec5,631,0x8ad599c3a0ff1de082011efddc58f1908eb6e6d8,3000.0,0.0,104061869.0,,,0x3fcb5cfc7543e5a593fb927ec5b0ef88f4394780,0xc36442b4a4522e871399cd717abdd847ab11fe88,0xa0b86991c6218b36c1d19d4a2e9eb0ce3606eb48,USDC,6,0xc02aaa39b223fe8d0a0e5c4f27ead9083c756cc2,WETH,18,60.563767,0.005339858891076446,71.60283171675636,8212097073203.0,,,199380,203520,2026-03-31T04:13:47+00:00
burn,0x4e957f98bdd854fe0a539457b2c543afe439b9b3642eb56bacf08123b3813b22#1122941,1774931219,24775190,0x4e957f98bdd854fe0a539457b2c543afe439b9b3642eb56bacf08123b3813b22,375,0x8ad599c3a0ff1de082011efddc58f1908eb6e6d8,3000.0,0.0,130059392.0,,,0x056ab8f3c0a796ba4e91cabb1c70338fbeb3769f,0xc36442b4a4522e871399cd717abdd847ab11fe88,0xa0b86991c6218b36c1d19d4a2e9eb0ce3606eb48,USDC,6,0xc02aaa39b223fe8d0a0e5c4f27ead9083c756cc2,WETH,18,0.0,0.0,0.0,0.0,,,198300,200760,2026-03-31T04:26:59+00:00
burn,0x415366904bfb6bd5751d923ba8660412267f55c822f52582b0884555517d570d#1122958,1774935275,24775526,0x415366904bfb6bd5751d923ba8660412267f55c822f52582b0884555517d570d,541,0x8ad599c3a0ff1de082011efddc58f1908eb6e6d8,3000.0,0.0,206184405.0,,,0x1bcd2eeb14e7eb43cc6118a29dfb7c43491a9292,0xc36442b4a4522e871399cd717abdd847ab11fe88,0xa0b86991c6218b36c1d19d4a2e9eb0ce3606eb48,USDC,6,0xc02aaa39b223fe8d0a0e5c4f27ead9083c756cc2,WETH,18,0.0,0.41404697520747025,853.2382087448086,113256372575750.0,,,196200,199860,2026-03-31T05:34:35+00:00
burn,0xf1f2a73fd78be379c4c70b83439922aeaa3a009d991f1753d73ff7bdf2781e44#1122957,1774935323,24775530,0xf1f2a73fd78be379c4c70b83439922aeaa3a009d991f1753d73ff7bdf2781e44,675,0x8ad599c3a0ff1de082011efddc58f1908eb6e6d8,3000.0,0.0,209086637.0,,,0x1bcd2eeb14e7eb43cc6118a29dfb7c43491a9292,0xc36442b4a4522e871399cd717abdd847ab11fe88,0xa0b86991c6218b36c1d19d4a2e9eb0ce3606eb48,USDC,6,0xc02aaa39b223fe8d0a0e5c4f27ead9083c756cc2,WETH,18,653.446786,0.07040482806876659,798.531988852357,62372614219773.0,,,198960,205260,2026-03-31T05:35:23+00:00
burn,0xdd5756adafa244bc2b1809faed5ac78311dfa1fabf45503d5853171155a0373e#1122967,1774937279,24775693,0xdd5756adafa244bc2b1809faed5ac78311dfa1fabf45503d5853171155a0373e,232,0x8ad599c3a0ff1de082011efddc58f1908eb6e6d8,3000.0,0.0,210775503.0,,,0xd74c79aabc7efe9e4c21c2b4f0a631d9992bb9db,0xc36442b4a4522e871399cd717abdd847ab11fe88,0xa0b86991c6218b36c1d19d4a2e9eb0ce3606eb48,USDC,6,0xc02aaa39b223fe8d0a0e5c4f27ead9083c756cc2,WETH,18,2.337138,3.7477791395978e-05,2.4143952627427154,104382492847.0,,,199680,213600,2026-03-31T06:07:59+00:00
burn,0x4c9329080aa10e999e76b581a790d3265c57a2ad39f0911af4909c1239595eb2#1122976,1774939043,24775840,0x4c9329080aa10e999e76b581a790d3265c57a2ad39f0911af4909c1239595eb2,84,0x8ad599c3a0ff1de082011efddc58f1908eb6e6d8,3000.0,0.0,2114574729.0,,,0xc27fbbb7324ce4861b690fe28852e49159ccf353,0xc36442b4a4522e871399cd717abdd847ab11fe88,0xa0b86991c6218b36c1d19d4a2e9eb0ce3606eb48,USDC,6,0xc02aaa39b223fe8d0a0e5c4f27ead9083c756cc2,WETH,18,74.80087,0.02630885884459774,129.01035268032086,32315138673634.0,,,199260,201060,2026-03-31T06:37:23+00:00
burn,0x907865088c03230cd2783f6f9a6f93c44f6d7ee221949873ee75a9d16d3dbe9f#1123023,1774944767,24776317,0x907865088c03230cd2783f6f9a6f93c44f6d7ee221949873ee75a9d16d3dbe9f,137,0x8ad599c3a0ff1de082011efddc58f1908eb6e6d8,3000.0,0.0,619344017.0,,,0xcf0fb4d249b8c2f17dd805ac2b6f28ffc3d0049c,0xc36442b4a4522e871399cd717abdd847ab11fe88,0xa0b86991c6218b36c1d19d4a2e9eb0ce3606eb48,USDC,6,0xc02aaa39b223fe8d0a0e5c4f27ead9083c756cc2,WETH,18,0.635974,0.00054680271314515,1.7576592730219436,67530951619.0,,,190920,204720,2026-03-31T08:12:47+00:00
burn,0xd72ee71f54bdd8d490a25391b90e4cdad129e47bddc6ae7bc4c87f2db9d94750#1123024,1774944767,24776317,0xd72ee71f54bdd8d490a25391b90e4cdad129e47bddc6ae7bc4c87f2db9d94750,531,0x8ad599c3a0ff1de082011efddc58f1908eb6e6d8,3000.0,0.0,619344017.0,,,0xcf0fb4d249b8c2f17dd805ac2b6f28ffc3d0049c,0xc36442b4a4522e871399cd717abdd847ab11fe88,0xa0b86991c6218b36c1d19d4a2e9eb0ce3606eb48,USDC,6,0xc02aaa39b223fe8d0a0e5c4f27ead9083c756cc2,WETH,18,0.499608,0.000330056381676723,1.1766700805157093,91737610147.0,,,196500,202620,2026-03-31T08:12:47+00:00
burn,0x5ef0fb462472c0aa6b129aac4991544e00fa258a99e7643d2f3ff14920df76b7#1123059,1774948991,24776669,0x5ef0fb462472c0aa6b129aac4991544e00fa258a99e7643d2f3ff14920df76b7,473,0x8ad599c3a0ff1de082011efddc58f1908eb6e6d8,3000.0,0.0,685308374.0,,,0x502bb5979a85d2721d5025569164516f45c6c01d,0xc36442b4a4522e871399cd717abdd847ab11fe88,0xa0b86991c6218b36c1d19d4a2e9eb0ce3606eb48,USDC,6,0xc02aaa39b223fe8d0a0e5c4f27ead9083c756cc2,WETH,18,1.363319,0.000404919748885837,2.1862106380149453,83837997848.0,,,195240,209100,2026-03-31T09:23:11+00:00
burn,0xa50cd53ec847220e3848354bdce720ef62276be369963ffd452c5709e15deba1#1123064,1774950731,24776814,0xa50cd53ec847220e3848354bdce720ef62276be369963ffd452c5709e15deba1,938,0x8ad599c3a0ff1de082011efddc58f1908eb6e6d8,3000.0,0.0,185128955.0,,,0xa5605ea2a01e0123802799497d5012fe94f86fd3,0xc36442b4a4522e871399cd717abdd847ab11fe88,0xa0b86991c6218b36c1d19d4a2e9eb0ce3606eb48,USDC,6,0xc02aaa39b223fe8d0a0e5c4f27ead9083c756cc2,WETH,18,544.018882,0.9774655394798345,2527.6974192013618,686847437755319.0,,,198840,200520,2026-03-31T09:52:11+00:00
burn,0x60f835436a9b90d9367417d7bf1e3df5e29e1060adcb4d91c9617abbab4a83cb#1123067,1774950827,24776822,0x60f835436a9b90d9367417d7bf1e3df5e29e1060adcb4d91c9617abbab4a83cb,560,0x8ad599c3a0ff1de082011efddc58f1908eb6e6d8,3000.0,0.0,166978105.0,,,0xa5605ea2a01e0123802799497d5012fe94f86fd3,0xc36442b4a4522e871399cd717abdd847ab11fe88,0xa0b86991c6218b36c1d19d4a2e9eb0ce3606eb48,USDC,6,0xc02aaa39b223fe8d0a0e5c4f27ead9083c756cc2,WETH,18,1216.617593,0.5161146390115164,2264.0259064300567,710761021354457.0,,,199500,200940,2026-03-31T09:53:47+00:00
burn,0xc5b75e78ec4d8005c853564acc8f3247c5f169d93cfc1145903bd5b0e4a7316e#1123083,1774952555,24776964,0xc5b75e78ec4d8005c853564acc8f3247c5f169d93cfc1145903bd5b0e4a7316e,207,0x8ad599c3a0ff1de082011efddc58f1908eb6e6d8,3000.0,0.0,2149711190.0,,,0x55b951a57205427ed4dfdb4dc66723692046e8dd,0xc36442b4a4522e871399cd717abdd847ab11fe88,0xa0b86991c6218b36c1d19d4a2e9eb0ce3606eb48,USDC,6,0xc02aaa39b223fe8d0a0e5c4f27ead9083c756cc2,WETH,18,0.0,0.0,0.0,0.0,,,198060,200820,2026-03-31T10:22:35+00:00
burn,0x79fa85e2f6f425658142d23c11180ed359eecb4b855f52bf693d16121932cdb8#1123090,1774953371,24777030,0x79fa85e2f6f425658142d23c11180ed359eecb4b855f52bf693d16121932cdb8,190,0x8ad599c3a0ff1de082011efddc58f1908eb6e6d8,3000.0,0.0,249046572.0,,,0x2497361c4e93571f818493063ac0baabe0cd0462,0xc36442b4a4522e871399cd717abdd847ab11fe88,0xa0b86991c6218b36c1d19d4a2e9eb0ce3606eb48,USDC,6,0xc02aaa39b223fe8d0a0e5c4f27ead9083c756cc2,WETH,18,0.0,0.0,0.0,0.0,,,199260,201720,2026-03-31T10:36:11+00:00
burn,0xffc978a68d5a6a8d9e4d92649641256e6a0a7e6022afe282cc11c7c53b45d098#1123119,1774957559,24777377,0xffc978a68d5a6a8d9e4d92649641256e6a0a7e6022afe282cc11c7c53b45d098,41,0x8ad599c3a0ff1de082011efddc58f1908eb6e6d8,3000.0,0.0,419224803.0,,,0x5e17c5b57cb73bd395352772c3eb75da39beb74f,0xc36442b4a4522e871399cd717abdd847ab11fe88,0xa0b86991c6218b36c1d19d4a2e9eb0ce3606eb48,USDC,6,0xc02aaa39b223fe8d0a0e5c4f27ead9083c756cc2,WETH,18,0.0,0.0,0.0,0.0,,,197940,199980,2026-03-31T11:45:59+00:00
burn,0x8b6100a86f6ddcc7da4935078dd08316f051a6ab9ef19e13d472abcba1870364#1123159,1774961459,24777702,0x8b6100a86f6ddcc7da4935078dd08316f051a6ab9ef19e13d472abcba1870364,90,0x8ad599c3a0ff1de082011efddc58f1908eb6e6d8,3000.0,0.0,1720129293.0,,,0x6c3c0d33de260dcd8cd6589475903de129705835,0xc36442b4a4522e871399cd717abdd847ab11fe88,0xa0b86991c6218b36c1d19d4a2e9eb0ce3606eb48,USDC,6,0xc02aaa39b223fe8d0a0e5c4f27ead9083c756cc2,WETH,18,0.0,0.0,0.0,0.0,,,197700,199860,2026-03-31T12:50:59+00:00
burn,0x5137d87406797ea020bd94cda18877308bd181bc0cd4701bbbecdb808b98fb43#1123246,1774968311,24778271,0x5137d87406797ea020bd94cda18877308bd181bc0cd4701bbbecdb808b98fb43,638,0x8ad599c3a0ff1de082011efddc58f1908eb6e6d8,3000.0,0.0,2569259378.0,,,0x07c74d8a5fb752303a99936151eedc39c6529d97,0xc36442b4a4522e871399cd717abdd847ab11fe88,0xa0b86991c6218b36c1d19d4a2e9eb0ce3606eb48,USDC,6,0xc02aaa39b223fe8d0a0e5c4f27ead9083c756cc2,WETH,18,0.0,0.0,0.0,0.0,,,199440,200520,2026-03-31T14:45:11+00:00
burn,0xe9ec77e8b1505b291fd56f3fd32cc42299f234bf0452bc5e192e15b97c33d662#1123247,1774968503,24778287,0xe9ec77e8b1505b291fd56f3fd32cc42299f234bf0452bc5e192e15b97c33d662,445,0x8ad599c3a0ff1de082011efddc58f1908eb6e6d8,3000.0,0.0,2641957962.0,,,0x389de9ac94edff38127749c6ccb255c5b8fe09e9,0xc36442b4a4522e871399cd717abdd847ab11fe88,0xa0b86991c6218b36c1d19d4a2e9eb0ce3606eb48,USDC,6,0xc02aaa39b223fe8d0a0e5c4f27ead9083c756cc2,WETH,18,0.0,0.0,0.0,0.0,,,199440,200520,2026-03-31T14:48:23+00:00
burn,0xb582f027703d94edf04dae55493c58982c34c50ccbded97389e95ed83aa77e4b#1123287,1774971287,24778518,0xb582f027703d94edf04dae55493c58982c34c50ccbded97389e95ed83aa77e4b,957,0x8ad599c3a0ff1de082011efddc58f1908eb6e6d8,3000.0,0.0,375199688.0,,,0x056ab8f3c0a796ba4e91cabb1c70338fbeb3769f,0xc36442b4a4522e871399cd717abdd847ab11fe88,0xa0b86991c6218b36c1d19d4a2e9eb0ce3606eb48,USDC,6,0xc02aaa39b223fe8d0a0e5c4f27ead9083c756cc2,WETH,18,833.139046,0.8880488144765343,2664.786914007308,494063422394174.0,,,198300,200760,2026-03-31T15:34:47+00:00
burn,0x31f2c2eafbf350fdcf72ca49a36eb0df09a00bf44d5ac42676412ae3ee326663#1123303,1774974803,24778809,0x31f2c2eafbf350fdcf72ca49a36eb0df09a00bf44d5ac42676412ae3ee326663,69,0x8ad599c3a0ff1de082011efddc58f1908eb6e6d8,3000.0,0.0,1946652137.0,,,0x89f314f2ce7ee6b849452c81e0dc8c6a60e4270e,0xc36442b4a4522e871399cd717abdd847ab11fe88,0xa0b86991c6218b36c1d19d4a2e9eb0ce3606eb48,USDC,6,0xc02aaa39b223fe8d0a0e5c4f27ead9083c756cc2,WETH,18,0.0,0.0,0.0,0.0,,,192180,200280,2026-03-31T16:33:23+00:00
burn,0x7e5a87b418fa266112c5855ceccbcbc5d13a4c7c699b14ad9e87ce5f0e9cc01c#1123304,1774974827,24778811,0x7e5a87b418fa266112c5855ceccbcbc5d13a4c7c699b14ad9e87ce5f0e9cc01c,260,0x8ad599c3a0ff1de082011efddc58f1908eb6e6d8,3000.0,0.0,1977961662.0,,,0x89f314f2ce7ee6b849452c81e0dc8c6a60e4270e,0xc36442b4a4522e871399cd717abdd847ab11fe88,0xa0b86991c6218b36c1d19d4a2e9eb0ce3606eb48,USDC,6,0xc02aaa39b223fe8d0a0e5c4f27ead9083c756cc2,WETH,18,0.0,0.0,0.0,0.0,,,192180,200280,2026-03-31T16:33:47+00:00
burn,0xc7919774e1c70c509ca087a66566ed368916ee2b1367c34ba51c72e6eae9c0ed#1123331,1774976819,24778976,0xc7919774e1c70c509ca087a66566ed368916ee2b1367c34ba51c72e6eae9c0ed,166,0x8ad599c3a0ff1de082011efddc58f1908eb6e6d8,3000.0,0.0,2527539452.0,,,0x80fd367ece47b597d67533cc680894942d56e41a,0xc36442b4a4522e871399cd717abdd847ab11fe88,0xa0b86991c6218b36c1d19d4a2e9eb0ce3606eb48,USDC,6,0xc02aaa39b223fe8d0a0e5c4f27ead9083c756cc2,WETH,18,0.0,0.0,0.0,0.0,,,189300,203460,2026-03-31T17:06:59+00:00
burn,0x39bff8d963d7e68e0a393aa5af68ce91901a7e555ecb13ac296a6b9dbb06dde4#1123408,1774987199,24779834,0x39bff8d963d7e68e0a393aa5af68ce91901a7e555ecb13ac296a6b9dbb06dde4,220,0x8ad599c3a0ff1de082011efddc58f1908eb6e6d8,3000.0,0.0,2136190762.0,,,0x07c74d8a5fb752303a99936151eedc39c6529d97,0xc36442b4a4522e871399cd717abdd847ab11fe88,0xa0b86991c6218b36c1d19d4a2e9eb0ce3606eb48,USDC,6,0xc02aaa39b223fe8d0a0e5c4f27ead9083c756cc2,WETH,18,649.130105,0.0,649.130105,534354890405450.0,,,199920,200460,2026-03-31T19:59:59+00:00
burn,0x61a204b5a47382d749a496e4cee6af6b811c4a5f344b21e2356769a48bd9a009#1123409,1774987235,24779837,0x61a204b5a47382d749a496e4cee6af6b811c4a5f344b21e2356769a48bd9a009,591,0x8ad599c3a0ff1de082011efddc58f1908eb6e6d8,3000.0,0.0,173898538.0,,,0x158d8a91eeb479dc3f578aba68a55d78a7ee4b03,0xc36442b4a4522e871399cd717abdd847ab11fe88,0xa0b86991c6218b36c1d19d4a2e9eb0ce3606eb48,USDC,6,0xc02aaa39b223fe8d0a0e5c4f27ead9083c756cc2,WETH,18,0.0,0.0,0.0,0.0,,,199320,200520,2026-03-31T20:00:35+00:00
burn,0x354e9def4c9e564a1534a003bfc8578f2c7a74280e505f69078f2c6c2be579c0#1123411,1774987439,24779854,0x354e9def4c9e564a1534a003bfc8578f2c7a74280e505f69078f2c6c2be579c0,313,0x8ad599c3a0ff1de082011efddc58f1908eb6e6d8,3000.0,0.0,188701848.0,,,0xc0ac20d012266b1b74932854136cee58b096fea8,0xc36442b4a4522e871399cd717abdd847ab11fe88,0xa0b86991c6218b36c1d19d4a2e9eb0ce3606eb48,USDC,6,0xc02aaa39b223fe8d0a0e5c4f27ead9083c756cc2,WETH,18,0.0,0.0,0.0,0.0,,,199500,201120,2026-03-31T20:03:59+00:00
burn,0xd23717b51bf98a0585037c2417af7c8b41fbfc2464ce58cf6267246b3dde1a2b#1123435,1774993043,24780318,0xd23717b51bf98a0585037c2417af7c8b41fbfc2464ce58cf6267246b3dde1a2b,26,0x8ad599c3a0ff1de082011efddc58f1908eb6e6d8,3000.0,0.0,2123733867.0,,,0xf3cac0bde469b42a349ed0ce994a90e7c4a2c606,0xc36442b4a4522e871399cd717abdd847ab11fe88,0xa0b86991c6218b36c1d19d4a2e9eb0ce3606eb48,USDC,6,0xc02aaa39b223fe8d0a0e5c4f27ead9083c756cc2,WETH,18,374345.913983,238.03776523110304,874023.4124917376,3.2285333973226586e+17,,,199140,200340,2026-03-31T21:37:23+00:00
burn,0x21892d69f475bd7190915c1d615377ab6f90d754a49c82b940f91b84d648d9fd#1123461,1774998179,24780743,0x21892d69f475bd7190915c1d615377ab6f90d754a49c82b940f91b84d648d9fd,547,0x8ad599c3a0ff1de082011efddc58f1908eb6e6d8,3000.0,0.0,116258565.0,,,0x4dcff7a73fd1910cf937b6b40c434ecdbea95483,0xc36442b4a4522e871399cd717abdd847ab11fe88,0xa0b86991c6218b36c1d19d4a2e9eb0ce3606eb48,USDC,6,0xc02aaa39b223fe8d0a0e5c4f27ead9083c756cc2,WETH,18,0.0,0.0,0.0,0.0,,,199620,201000,2026-03-31T23:02:59+00:00
burn,0x557feb4e8a5744a123c39ee3cf8a263a1df1a23b253a6927f71e087c889c01e1#1123472,1775000795,24780959,0x557feb4e8a5744a123c39ee3cf8a263a1df1a23b253a6927f71e087c889c01e1,279,0x8ad599c3a0ff1de082011efddc58f1908eb6e6d8,3000.0,0.0,622667684.0,,,0x2f3f70504954fcd460629f13334cbfb4dccfd338,0xc36442b4a4522e871399cd717abdd847ab11fe88,0xa0b86991c6218b36c1d19d4a2e9eb0ce3606eb48,USDC,6,0xc02aaa39b223fe8d0a0e5c4f27ead9083c756cc2,WETH,18,0.0,0.0,0.0,0.0,,,199200,200580,2026-03-31T23:46:35+00:00
