ts_close_iso,timeframe,symbol,btc_symbol,close_alt,close_btc,ratio,z,z_window,dp6h,dp12h,atr_ratio,qv_24h,vol_surge_mult,mom,breadth,universe_n,top_n,in_cands,pairs_signal
2025-08-12 12:48:00 UTC,1h,1000000BABYDOGE-USDT,BTC-USDT,0.0013313,118947.9,1.119229511e-08,,30,0.0153295,0.0055136,0.0126139,1.32178e+06,0,0,0.556818,465,4,0,HOLD
2025-08-12 12:48:00 UTC,1h,1000000BOB-USDT,BTC-USDT,0.07945,118947.9,6.679394928e-07,,30,-0.031688,-0.0479329,0.0310887,6.60677e+06,0,0,0.556818,465,4,0,HOLD
2025-08-12 12:48:00 UTC,1h,1000000MOG-USDT,BTC-USDT,1.4495,118947.9,1.218600749e-05,,30,0.0562559,0.0577976,0.0234022,1.60936e+06,0,0,0.556818,465,4,0,HOLD
2025-08-12 12:48:00 UTC,1h,10000SATS-USDT,BTC-USDT,0.000403,118947.9,3.388037956e-09,,30,0.0151134,0.00248756,0.016129,2.39319e+06,0,0,0.556818,465,4,0,HOLD
2025-08-12 12:48:00 UTC,1h,10000WHY-USDT,BTC-USDT,0.0003286,118947.9,2.762554026e-09,,30,0.0157651,-0.00544794,0.0147161,2.27294e+06,0,0,0.556818,465,4,0,HOLD
2025-08-12 12:48:00 UTC,1h,1000BONK-USDT,BTC-USDT,0.024853,118947.9,2.089402167e-07,,30,0.0201543,-0.00754732,0.0144737,6.26844e+06,0,0,0.556818,465,4,0,HOLD
2025-08-12 12:48:00 UTC,1h,1000CAT-USDT,BTC-USDT,0.009065,118947.9,7.620983641e-08,,30,0.0189973,0.00398715,0.015121,6.55123e+06,0,0,0.556818,465,4,0,HOLD
2025-08-12 12:48:00 UTC,1h,1000CHEEMS-USDT,BTC-USDT,0.0013101,118947.9,1.101406582e-08,,30,0.00321617,-0.018284,0.0129707,6.4649e+06,0,0,0.556818,465,4,0,HOLD
2025-08-12 12:48:00 UTC,1h,1000PEPE-USDT,BTC-USDT,0.0115957,118947.9,9.748553779e-08,,30,0.0309397,0.0294752,0.0129691,3.07729e+07,0,0,0.556818,465,4,0,HOLD
2025-08-12 12:48:00 UTC,1h,1INCH-USDT,BTC-USDT,0.2685,118947.9,2.257290797e-06,,30,0.0205245,0.0275545,0.0131152,5.9893e+06,0,0,0.556818,465,4,0,HOLD
2025-08-12 12:48:00 UTC,1h,A-USDT,BTC-USDT,0.53664,118947.9,4.511555059e-06,,30,0.00539568,0.012662,0.0148703,6.99e+06,0,0,0.556818,465,4,0,HOLD
2025-08-12 12:48:00 UTC,1h,A2Z-USDT,BTC-USDT,0.007364,118947.9,6.190945784e-08,,30,0.0119555,0.028348,0.0218243,6.92498e+06,0,0,0.556818,465,4,0,HOLD
2025-08-12 12:48:00 UTC,1h,AAPLX-USDT,BTC-USDT,227.74,118947.9,0.001914619762,,30,0.0029948,0.00534146,0.0042467,6.41901e+06,0,0,0.556818,465,4,0,HOLD
2025-08-12 12:48:00 UTC,1h,AAVE-USDT,BTC-USDT,304.94,118947.9,0.00256364341,,30,0.028743,0.0269415,0.0122694,6.756e+07,0,0,0.556818,465,4,0,HOLD
2025-08-12 12:48:00 UTC,1h,ACE-USDT,BTC-USDT,0.5683,118947.9,4.777722011e-06,,30,0.0381805,0.021204,0.0171564,2.05424e+06,0,0,0.556818,465,4,0,HOLD
2025-08-12 12:48:00 UTC,1h,ACH-USDT,BTC-USDT,0.022106,118947.9,1.858460721e-07,,30,0.0268488,0.0196024,0.0143141,1.00385e+06,0,0,0.556818,465,4,0,HOLD
2025-08-12 12:48:00 UTC,1h,ACT-USDT,BTC-USDT,0.04221,118947.9,3.54861246e-07,,30,0.0166185,0.0083612,0.0149931,6.614e+06,0,0,0.556818,465,4,0,HOLD
2025-08-12 12:48:00 UTC,1h,ADA-USDT,BTC-USDT,0.79133,118947.9,6.652744605e-06,,30,0.0146557,0.0150983,0.0110528,4.51556e+07,0,0,0.556818,465,4,0,HOLD
2025-08-12 12:48:00 UTC,1h,AERGO-USDT,BTC-USDT,0.11644,118947.9,9.789159792e-07,,30,0.00874989,0.00120378,0.00975978,2.00765e+06,0,0,0.556818,465,4,0,HOLD
2025-08-12 12:48:00 UTC,1h,AERO-USDT,BTC-USDT,1.1595,118947.9,9.747965286e-06,,30,0.0463857,0.0388854,0.0175075,3.29108e+06,0,0,0.556818,465,4,0,HOLD
2025-08-12 12:48:00 UTC,1h,AEVO-USDT,BTC-USDT,0.0984,118947.9,8.272529402e-07,,30,0.0347003,0.0282132,0.0172764,6.54774e+06,0,0,0.556818,465,4,0,HOLD
2025-08-12 12:48:00 UTC,1h,AGLD-USDT,BTC-USDT,0.7194,118947.9,6.048026069e-06,,30,0.0119567,0.00615385,0.011865,4.66334e+06,0,0,0.556818,465,4,0,HOLD
2025-08-12 12:48:00 UTC,1h,AGT-USDT,BTC-USDT,0.005803,118947.9,4.878606516e-08,,30,0.00799027,-0.0181049,0.0221806,6.56043e+06,0,0,0.556818,465,4,0,HOLD
2025-08-12 12:48:00 UTC,1h,AI16Z-USDT,BTC-USDT,0.1311,118947.9,1.102163216e-06,,30,0.0226209,0.00846154,0.0199956,8.92755e+06,0,0,0.556818,465,4,0,HOLD
2025-08-12 12:48:00 UTC,1h,AIN-USDT,BTC-USDT,0.13708,118947.9,1.152437328e-06,,30,0.0122582,-0.0155835,0.0185554,6.46334e+06,0,0,0.556818,465,4,0,HOLD
2025-08-12 12:48:00 UTC,1h,AIOT-USDT,BTC-USDT,0.51464,118947.9,4.326600133e-06,,30,0.0173767,0.0153494,0.0104137,6.51889e+06,0,0,0.556818,465,4,0,HOLD
2025-08-12 12:48:00 UTC,1h,AIXBT-USDT,BTC-USDT,0.13073,118947.9,1.09905261e-06,,30,0.0503776,0.0416733,0.0174897,7.27599e+06,0,0,0.556818,465,4,0,HOLD
2025-08-12 12:48:00 UTC,1h,AKT-USDT,BTC-USDT,1.254,118947.9,1.054243076e-05,,30,0.0195122,0.0153846,0.0124744,493120,0,0,0.556818,465,4,0,HOLD
2025-08-12 12:48:00 UTC,1h,ALCH-USDT,BTC-USDT,0.13931,118947.9,1.171185031e-06,,30,-0.0188055,-0.0387773,0.0111878,6.55685e+06,0,0,0.556818,465,4,0,HOLD
2025-08-12 12:48:00 UTC,1h,ALGO-USDT,BTC-USDT,0.2606,118947.9,2.190875165e-06,,30,0.0263883,0.0203602,0.0136498,4.40717e+06,0,0,0.556818,465,4,0,HOLD
2025-08-12 12:48:00 UTC,1h,ALPHA-USDT,BTC-USDT,0.01579,118947.9,1.327471944e-07,,30,0.0173969,0.00701531,0.015878,1.9624e+06,0,0,0.556818,465,4,0,HOLD
2025-08-12 12:48:00 UTC,1h,ALPINE-USDT,BTC-USDT,1.3988,118947.9,1.175977045e-05,,30,-0.145145,-0.0466194,0.0577434,8.74418e+06,0,0,0.556818,465,4,0,HOLD
2025-08-12 12:48:00 UTC,1h,ALT-USDT,BTC-USDT,0.03652,118947.9,3.070251766e-07,,30,0.0509353,0.0386803,0.0217885,5.70402e+06,0,0,0.556818,465,4,0,HOLD
2025-08-12 12:48:00 UTC,1h,ALTCOIN-USDT,BTC-USDT,239.1,118947.9,0.00201012376,,30,0.0161064,0.0139519,0.0079375,1.9275e+06,0,0,0.556818,465,4,0,HOLD
2025-08-12 12:48:00 UTC,1h,ANIME-USDT,BTC-USDT,0.01743,118947.9,1.465347434e-07,,30,0.0175131,0.00577034,0.0138103,6.58551e+06,0,0,0.556818,465,4,0,HOLD
2025-08-12 12:48:00 UTC,1h,ANKR-USDT,BTC-USDT,0.01608,118947.9,1.351852366e-07,,30,0.0157928,0.00562852,0.0118159,341606,0,0,0.556818,465,4,0,HOLD
2025-08-12 12:48:00 UTC,1h,APE-USDT,BTC-USDT,0.6197,118947.9,5.209843974e-06,,30,0.0159016,0.00911904,0.0111459,6.50847e+06,0,0,0.556818,465,4,0,HOLD
2025-08-12 12:48:00 UTC,1h,API3-USDT,BTC-USDT,0.737,118947.9,6.195990009e-06,,30,0.023469,0.0101425,0.0131808,6.63085e+06,0,0,0.556818,465,4,0,HOLD
2025-08-12 12:48:00 UTC,1h,APT-USDT,BTC-USDT,4.6448,118947.9,3.904902903e-05,,30,0.01757,0.0158119,0.0114644,1.11805e+07,0,0,0.556818,465,4,0,HOLD
2025-08-12 12:48:00 UTC,1h,AR-USDT,BTC-USDT,7.679,118947.9,6.455767609e-05,,30,0.0532163,0.0299088,0.0172642,2.54364e+06,0,0,0.556818,465,4,0,HOLD
2025-08-12 12:48:00 UTC,1h,ARB-USDT,BTC-USDT,0.4603,118947.9,3.869761467e-06,,30,0.0482806,0.0430546,0.0162472,1.50182e+07,0,0,0.556818,465,4,0,HOLD
2025-08-12 12:48:00 UTC,1h,ARC-USDT,BTC-USDT,0.02362,118947.9,1.985743338e-07,,30,0.0346036,0.0194217,0.023497,7.49372e+06,0,0,0.556818,465,4,0,HOLD
2025-08-12 12:48:00 UTC,1h,ARK-USDT,BTC-USDT,0.4476,118947.9,3.762992033e-06,,30,0.0133575,0.0099278,0.0135165,2.07034e+06,0,0,0.556818,465,4,0,HOLD
2025-08-12 12:48:00 UTC,1h,ARKM-USDT,BTC-USDT,0.5214,118947.9,4.383431738e-06,,30,0.0353455,0.022754,0.0155488,2.68224e+06,0,0,0.556818,465,4,0,HOLD
2025-08-12 12:48:00 UTC,1h,ARPA-USDT,BTC-USDT,0.02263,118947.9,1.902513622e-07,,30,0.0249094,0.00891663,0.0129411,8.11508e+06,0,0,0.556818,465,4,0,HOLD
2025-08-12 12:48:00 UTC,1h,ASP-USDT,BTC-USDT,0.1689,118947.9,1.419949406e-06,,30,-0.0242634,0.00475907,0.0426711,6.92297e+06,0,0,0.556818,465,4,0,HOLD
2025-08-12 12:48:00 UTC,1h,ASR-USDT,BTC-USDT,6.621,118947.9,5.566302558e-05,,30,-0.00794126,-0.0220089,0.0185988,8.0461e+06,0,0,0.556818,465,4,0,HOLD
2025-08-12 12:48:00 UTC,1h,ASTR-USDT,BTC-USDT,0.02501,118947.9,2.102601223e-07,,30,0.0208163,0.0129607,0.0110813,1.99004e+06,0,0,0.556818,465,4,0,HOLD
2025-08-12 12:48:00 UTC,1h,ATA-USDT,BTC-USDT,0.0498,118947.9,4.186706953e-07,,30,0.033195,0.0310559,0.0140562,308157,0,0,0.556818,465,4,0,HOLD
2025-08-12 12:48:00 UTC,1h,ATH-USDT,BTC-USDT,0.03389,118947.9,2.849146559e-07,,30,-0.00615836,-0.0196702,0.0120137,2.41269e+06,0,0,0.556818,465,4,0,HOLD
2025-08-12 12:48:00 UTC,1h,ATOM-USDT,BTC-USDT,4.595,118947.9,3.863035833e-05,,30,0.0242978,0.018847,0.00969998,8.31096e+06,0,0,0.556818,465,4,0,HOLD
2025-08-12 12:48:00 UTC,1h,AUCTION-USDT,BTC-USDT,10.254,118947.9,8.620580943e-05,,30,0.0126407,0.00637943,0.0115983,4.60548e+06,0,0,0.556818,465,4,0,HOLD
2025-08-12 12:48:00 UTC,1h,AVA-USDT,BTC-USDT,0.5916,118947.9,4.973606091e-06,,30,0.0205279,0.0121471,0.0136917,507828,0,0,0.556818,465,4,0,HOLD
2025-08-12 12:48:00 UTC,1h,AVAAI-USDT,BTC-USDT,0.0361,118947.9,3.034942189e-07,,30,-0.03759,-0.031912,0.0297586,9.47625e+06,0,0,0.556818,465,4,0,HOLD
2025-08-12 12:48:00 UTC,1h,AVAX-USDT,BTC-USDT,23.594,118947.9,0.0001983557507,,30,0.0273448,0.0247123,0.0114829,5.47165e+07,0,0,0.556818,465,4,0,HOLD
2025-08-12 12:48:00 UTC,1h,AWE-USDT,BTC-USDT,0.054063,118947.9,4.545099157e-07,,30,-0.00280365,-0.00158821,0.00974392,6.44968e+06,0,0,0.556818,465,4,0,HOLD
2025-08-12 12:48:00 UTC,1h,AXL-USDT,BTC-USDT,0.348,118947.9,2.925650642e-06,,30,0.0292813,0.0151692,0.0135673,2.12828e+06,0,0,0.556818,465,4,0,HOLD
2025-08-12 12:48:00 UTC,1h,AXS-USDT,BTC-USDT,2.422,118947.9,2.03618559e-05,,30,0.0215099,0.0116959,0.0126519,5.314e+06,0,0,0.556818,465,4,0,HOLD
2025-08-12 12:48:00 UTC,1h,B-USDT,BTC-USDT,0.63667,118947.9,5.352511478e-06,,30,-0.0351877,-0.0480697,0.0159188,6.9082e+06,0,0,0.556818,465,4,0,HOLD
2025-08-12 12:48:00 UTC,1h,B2-USDT,BTC-USDT,0.3883,118947.9,3.264454438e-06,,30,-0.0053791,-0.00842697,0.014385,6.44488e+06,0,0,0.556818,465,4,0,HOLD
2025-08-12 12:48:00 UTC,1h,B3-USDT,BTC-USDT,0.003133,118947.9,2.633926282e-08,,30,0.0333113,0.0158885,0.0160275,6.52432e+06,0,0,0.556818,465,4,0,HOLD
2025-08-12 12:48:00 UTC,1h,BABY-USDT,BTC-USDT,0.06058,118947.9,5.092986089e-07,,30,0.0149104,-0.000989446,0.0152337,6.6417e+06,0,0,0.556818,465,4,0,HOLD
2025-08-12 12:48:00 UTC,1h,BAKE-USDT,BTC-USDT,0.085,118947.9,7.145985764e-07,,30,0.022864,0.00472813,0.0154622,1.48085e+06,0,0,0.556818,465,4,0,HOLD
2025-08-12 12:48:00 UTC,1h,BANANA-USDT,BTC-USDT,25.4,118947.9,0.0002135388687,,30,0.0275081,0.0139721,0.0160011,9.52398e+06,0,0,0.556818,465,4,0,HOLD
2025-08-12 12:48:00 UTC,1h,BANANAS31-USDT,BTC-USDT,0.007106,118947.9,5.974044098e-08,,30,-0.00252667,-0.0197269,0.0187869,5.66514e+06,0,0,0.556818,465,4,0,HOLD
2025-08-12 12:48:00 UTC,1h,BANK-USDT,BTC-USDT,0.066811,118947.9,5.616828881e-07,,30,0.0562336,0.0703975,0.0289431,6.68619e+06,0,0,0.556818,465,4,0,HOLD
2025-08-12 12:48:00 UTC,1h,BAT-USDT,BTC-USDT,0.1489,118947.9,1.251808565e-06,,30,0.0143052,0,0.0118008,464673,0,0,0.556818,465,4,0,HOLD
2025-08-12 12:48:00 UTC,1h,BB-USDT,BTC-USDT,0.12538,118947.9,1.054074935e-06,,30,0.0424011,0.000558615,0.0221327,9.62797e+06,0,0,0.556818,465,4,0,HOLD
2025-08-12 12:48:00 UTC,1h,BCH-USDT,BTC-USDT,595.49,118947.9,0.005006309485,,30,0.0085017,0.00800664,0.0107115,3.21035e+07,0,0,0.556818,465,4,0,HOLD
2025-08-12 12:48:00 UTC,1h,BDXN-USDT,BTC-USDT,0.0402,118947.9,3.379630914e-07,,30,-0.012285,-0.0473934,0.021855,6.56762e+06,0,0,0.556818,465,4,0,HOLD
2025-08-12 12:48:00 UTC,1h,BEAM-USDT,BTC-USDT,0.008169,118947.9,6.867712671e-08,,30,0.0436949,0.0257408,0.0166483,2.10086e+06,0,0,0.556818,465,4,0,HOLD
2025-08-12 12:48:00 UTC,1h,BERA-USDT,BTC-USDT,1.953,118947.9,1.641895317e-05,,30,0.00878099,-0.00610687,0.0135689,6.84005e+06,0,0,0.556818,465,4,0,HOLD
2025-08-12 12:48:00 UTC,1h,BID-USDT,BTC-USDT,0.06786,118947.9,5.705018752e-07,,30,0.00548229,-0.0226127,0.0222412,2.54252e+06,0,0,0.556818,465,4,0,HOLD
2025-08-12 12:48:00 UTC,1h,BIGTIME-USDT,BTC-USDT,0.05876,118947.9,4.939977923e-07,,30,0.0228024,0.00789022,0.012861,2.07483e+06,0,0,0.556818,465,4,0,HOLD
2025-08-12 12:48:00 UTC,1h,BIO-USDT,BTC-USDT,0.1233,118947.9,1.036588288e-06,,30,-0.0369445,-0.0291339,0.0482447,2.04061e+07,0,0,0.556818,465,4,0,HOLD
2025-08-12 12:48:00 UTC,1h,BLAST-USDT,BTC-USDT,0.003063,118947.9,2.575076987e-08,,30,-0.00162973,-0.0144788,0.0160907,543984,0,0,0.556818,465,4,0,HOLD
2025-08-12 12:48:00 UTC,1h,BLUR-USDT,BTC-USDT,0.08397,118947.9,7.05939323e-07,,30,0.016586,0.00901226,0.0141462,4.61155e+06,0,0,0.556818,465,4,0,HOLD
2025-08-12 12:48:00 UTC,1h,BMT-USDT,BTC-USDT,0.08174,118947.9,6.871916192e-07,,30,-0.0019536,-0.00969227,0.0149953,2.05433e+06,0,0,0.556818,465,4,0,HOLD
2025-08-12 12:48:00 UTC,1h,BNB-USDT,BTC-USDT,810.85,118947.9,0.006816850066,,30,0.00497001,-0.00367394,0.00772998,3.47142e+07,0,0,0.556818,465,4,0,HOLD
2025-08-12 12:48:00 UTC,1h,BNT-USDT,BTC-USDT,0.80187,118947.9,6.741354828e-06,,30,0.0247147,0.0150896,0.0125777,1.97644e+06,0,0,0.556818,465,4,0,HOLD
2025-08-12 12:48:00 UTC,1h,BOME-USDT,BTC-USDT,0.00187,118947.9,1.572116868e-08,,30,0.0286029,0.0235359,0.0173797,9.29151e+06,0,0,0.556818,465,4,0,HOLD
2025-08-12 12:48:00 UTC,1h,BR-USDT,BTC-USDT,0.05008,118947.9,4.210246671e-07,,30,-0.000598683,0.00019972,0.00104119,1.93491e+06,0,0,0.556818,465,4,0,HOLD
2025-08-12 12:48:00 UTC,1h,BRETT-USDT,BTC-USDT,0.05643,118947.9,4.744093843e-07,,30,0.0430684,0.0354128,0.0179489,5.26854e+06,0,0,0.556818,465,4,0,HOLD
2025-08-12 12:48:00 UTC,1h,BROCCOLI-USDT,BTC-USDT,0.02791,118947.9,2.346405443e-07,,30,-0.0137809,-0.043523,0.0194247,6.47347e+06,0,0,0.556818,465,4,0,HOLD
2025-08-12 12:48:00 UTC,1h,BROCCOLIF3B-USDT,BTC-USDT,0.010109,118947.9,8.498678833e-08,,30,0.0284871,-0.0184484,0.0143578,6.44658e+06,0,0,0.556818,465,4,0,HOLD
2025-08-12 12:48:00 UTC,1h,BSV-USDT,BTC-USDT,28.89,118947.9,0.0002428794455,,30,-0.0123077,-0.018015,0.0149335,2.3384e+06,0,0,0.556818,465,4,0,HOLD
2025-08-12 12:48:00 UTC,1h,BSW-USDT,BTC-USDT,0.02697,118947.9,2.267379248e-07,,30,-0.01677,-0.00258876,0.0252397,2.21731e+06,0,0,0.556818,465,4,0,HOLD
2025-08-12 12:48:00 UTC,1h,BTC-USDT,BTC-USDT,119064.7,118947.9,1.000981943,,30,0.00214545,0.00116459,0.00383465,1.67737e+09,0,0,0.556818,465,4,0,HOLD
2025-08-12 12:48:00 UTC,1h,BULLA-USDT,BTC-USDT,0.08519,118947.9,7.161959143e-07,,30,0.00756949,-0.00362573,0.0253802,6.84114e+06,0,0,0.556818,465,4,0,HOLD
2025-08-12 12:48:00 UTC,1h,C-USDT,BTC-USDT,0.25789,118947.9,2.168092081e-06,,30,0.0199731,0.015995,0.0173219,6.65849e+06,0,0,0.556818,465,4,0,HOLD
2025-08-12 12:48:00 UTC,1h,CAKE-USDT,BTC-USDT,2.776,118947.9,2.33379488e-05,,30,0.0102995,0.000684907,0.0102331,2.66245e+06,0,0,0.556818,465,4,0,HOLD
2025-08-12 12:48:00 UTC,1h,CARV-USDT,BTC-USDT,0.3071,118947.9,2.581802621e-06,,30,-0.0210392,-0.00162549,0.0185607,2.3082e+06,0,0,0.556818,465,4,0,HOLD
2025-08-12 12:48:00 UTC,1h,CATI-USDT,BTC-USDT,0.09285,118947.9,7.805938566e-07,,30,-0.0274432,-0.0321067,0.0431495,7.0804e+06,0,0,0.556818,465,4,0,HOLD
2025-08-12 12:48:00 UTC,1h,CELO-USDT,BTC-USDT,0.3516,118947.9,2.955915993e-06,,30,0.0301787,0.022093,0.01611,2.46413e+06,0,0,0.556818,465,4,0,HOLD
2025-08-12 12:48:00 UTC,1h,CELR-USDT,BTC-USDT,0.00791,118947.9,6.649970281e-08,,30,0.0286086,0.0206452,0.013184,2.02641e+06,0,0,0.556818,465,4,0,HOLD
2025-08-12 12:48:00 UTC,1h,CETUS-USDT,BTC-USDT,0.10798,118947.9,9.077924032e-07,,30,0.0277936,0.0233131,0.0161406,899136,0,0,0.556818,465,4,0,HOLD
2025-08-12 12:48:00 UTC,1h,CFX-USDT,BTC-USDT,0.19919,118947.9,1.674598711e-06,,30,0.0300977,0.00433621,0.0139529,1.01368e+07,0,0,0.556818,465,4,0,HOLD
2025-08-12 12:48:00 UTC,1h,CGPT-USDT,BTC-USDT,0.09943,118947.9,8.359121935e-07,,30,0.0322882,0.0171867,0.0154021,700933,0,0,0.556818,465,4,0,HOLD
2025-08-12 12:48:00 UTC,1h,CHESS-USDT,BTC-USDT,0.074,118947.9,6.221211135e-07,,30,0.0496454,0.0205489,0.0180888,790819,0,0,0.556818,465,4,0,HOLD
2025-08-12 12:48:00 UTC,1h,CHILLGUY-USDT,BTC-USDT,0.05461,118947.9,4.591085677e-07,,30,0.0154332,0.0141133,0.0224318,1.66187e+06,0,0,0.556818,465,4,0,HOLD
2025-08-12 12:48:00 UTC,1h,CHR-USDT,BTC-USDT,0.0951,118947.9,7.995097013e-07,,30,0.0303359,0.0182013,0.0132192,1.98222e+06,0,0,0.556818,465,4,0,HOLD
2025-08-12 12:48:00 UTC,1h,CHZ-USDT,BTC-USDT,0.04201,118947.9,3.531798376e-07,,30,0.0196602,0.0196602,0.0103037,2.20057e+06,0,0,0.556818,465,4,0,HOLD
2025-08-12 12:48:00 UTC,1h,CKB-USDT,BTC-USDT,0.005502,118947.9,4.62555455e-08,,30,0.0153165,-0.000907935,0.0131511,718121,0,0,0.556818,465,4,0,HOLD
2025-08-12 12:48:00 UTC,1h,COINX-USDT,BTC-USDT,327.04,118947.9,0.00274943904,,30,0.0251395,0.0223514,0.00402091,6.44577e+06,0,0,0.556818,465,4,0,HOLD
2025-08-12 12:48:00 UTC,1h,COMP-USDT,BTC-USDT,52.09,118947.9,0.0004379228217,,30,0.0231782,0.0195733,0.0123413,5.36954e+06,0,0,0.556818,465,4,0,HOLD
2025-08-12 12:48:00 UTC,1h,COOKIE-USDT,BTC-USDT,0.1495,118947.9,1.25685279e-06,,30,0.0289057,0.011502,0.0205925,7.02628e+06,0,0,0.556818,465,4,0,HOLD
2025-08-12 12:48:00 UTC,1h,CORE-USDT,BTC-USDT,0.4882,118947.9,4.104317941e-06,,30,0.0215526,0.0168715,0.010271,2.08552e+06,0,0,0.556818,465,4,0,HOLD
2025-08-12 12:48:00 UTC,1h,COS-USDT,BTC-USDT,0.003421,118947.9,2.876049094e-08,,30,0.0175491,0.0115316,0.0111496,473427,0,0,0.556818,465,4,0,HOLD
2025-08-12 12:48:00 UTC,1h,COTI-USDT,BTC-USDT,0.05392,118947.9,4.533077087e-07,,30,0.028615,0.0156338,0.013724,496712,0,0,0.556818,465,4,0,HOLD
2025-08-12 12:48:00 UTC,1h,COW-USDT,BTC-USDT,0.4181,118947.9,3.514984291e-06,,30,0.0341331,0.0202538,0.0153586,6.98557e+06,0,0,0.556818,465,4,0,HOLD
2025-08-12 12:48:00 UTC,1h,CRCLX-USDT,BTC-USDT,178.6,118947.9,0.001501497715,,30,0.107597,0.107872,0.0142457,6.47021e+06,0,0,0.556818,465,4,0,HOLD
2025-08-12 12:48:00 UTC,1h,CROSS-USDT,BTC-USDT,0.32118,118947.9,2.700173774e-06,,30,0.0284671,0.00190286,0.0174379,6.59468e+06,0,0,0.556818,465,4,0,HOLD
2025-08-12 12:48:00 UTC,1h,CRV-USDT,BTC-USDT,0.9444,118947.9,7.939610535e-06,,30,0.0305543,0.0174531,0.0146578,1.45617e+07,0,0,0.556818,465,4,0,HOLD
2025-08-12 12:48:00 UTC,1h,CTC-USDT,BTC-USDT,0.7226,118947.9,6.074928603e-06,,30,0.00710801,0.0261289,0.0282314,1.71343e+06,0,0,0.556818,465,4,0,HOLD
2025-08-12 12:48:00 UTC,1h,CTK-USDT,BTC-USDT,0.3466,118947.9,2.913880783e-06,,30,0.0179148,0.00668022,0.0174141,6.56296e+06,0,0,0.556818,465,4,0,HOLD
2025-08-12 12:48:00 UTC,1h,CUDIS-USDT,BTC-USDT,0.06963,118947.9,5.853823397e-07,,30,0.0753668,0.1605,0.0332266,6.75799e+06,0,0,0.556818,465,4,0,HOLD
2025-08-12 12:48:00 UTC,1h,CVC-USDT,BTC-USDT,0.09485,118947.9,7.974079408e-07,,30,0.0170491,0.0109785,0.00903683,1.93768e+06,0,0,0.556818,465,4,0,HOLD
2025-08-12 12:48:00 UTC,1h,CYBER-USDT,BTC-USDT,3.1012,118947.9,2.607191888e-05,,30,0.65813,0.646072,0.135445,4.5941e+07,0,0,0.556818,465,4,0,HOLD
2025-08-12 12:48:00 UTC,1h,D-USDT,BTC-USDT,0.03571,118947.9,3.002154725e-07,,30,0.0173789,0.00961267,0.0135416,6.43967e+06,0,0,0.556818,465,4,0,HOLD
2025-08-12 12:48:00 UTC,1h,DBR-USDT,BTC-USDT,0.02434,118947.9,2.046274041e-07,,30,-0.00571895,-0.00774562,0.00962554,434088,0,0,0.556818,465,4,0,HOLD
2025-08-12 12:48:00 UTC,1h,DEEP-USDT,BTC-USDT,0.15251,118947.9,1.282157987e-06,,30,0.0157176,0.0134228,0.0112405,6.48607e+06,0,0,0.556818,465,4,0,HOLD
2025-08-12 12:48:00 UTC,1h,DEGEN-USDT,BTC-USDT,0.003853,118947.9,3.239233311e-08,,30,0.026919,0.0171595,0.014942,539061,0,0,0.556818,465,4,0,HOLD
2025-08-12 12:48:00 UTC,1h,DEGO-USDT,BTC-USDT,1.2093,118947.9,1.016663598e-05,,30,-0.0306212,-0.0588373,0.0253925,823069,0,0,0.556818,465,4,0,HOLD
2025-08-12 12:48:00 UTC,1h,DF-USDT,BTC-USDT,0.02921,118947.9,2.45569699e-07,,30,0.0121275,-0.00204988,0.0108818,286351,0,0,0.556818,465,4,0,HOLD
2025-08-12 12:48:00 UTC,1h,DIA-USDT,BTC-USDT,0.8303,118947.9,6.980367035e-06,,30,0.0305325,0.0129316,0.0209649,6.50118e+06,0,0,0.556818,465,4,0,HOLD
2025-08-12 12:48:00 UTC,1h,DMC-USDT,BTC-USDT,0.004745,118947.9,3.989141464e-08,,30,0.00317125,0.000843704,0.0145868,6.51346e+06,0,0,0.556818,465,4,0,HOLD
2025-08-12 12:48:00 UTC,1h,DOG-USDT,BTC-USDT,0.003458,118947.9,2.907155149e-08,,30,0.046927,0.0425083,0.0170412,810359,0,0,0.556818,465,4,0,HOLD
2025-08-12 12:48:00 UTC,1h,DOGE-USDT,BTC-USDT,0.22665,118947.9,1.905456086e-06,,30,0.0145933,0.00935204,0.01242,1.39358e+08,0,0,0.556818,465,4,0,HOLD
2025-08-12 12:48:00 UTC,1h,DOGS-USDT,BTC-USDT,0.0001437,118947.9,1.208091946e-09,,30,0.0301075,0.0177054,0.0166518,821509,0,0,0.556818,465,4,0,HOLD
2025-08-12 12:48:00 UTC,1h,DOLO-USDT,BTC-USDT,0.258944,118947.9,2.176953103e-06,,30,0.0348074,0.00984323,0.0369294,8.28447e+06,0,0,0.556818,465,4,0,HOLD
2025-08-12 12:48:00 UTC,1h,DOOD-USDT,BTC-USDT,0.0037208,118947.9,3.128092215e-08,,30,0.0150312,0.0112518,0.0159624,6.51643e+06,0,0,0.556818,465,4,0,HOLD
2025-08-12 12:48:00 UTC,1h,DOT-USDT,BTC-USDT,3.988,118947.9,3.352728379e-05,,30,0.0254564,0.0254564,0.0115346,1.54986e+07,0,0,0.556818,465,4,0,HOLD
2025-08-12 12:48:00 UTC,1h,DRIFT-USDT,BTC-USDT,0.5489,118947.9,4.614625395e-06,,30,0.00604839,-0.0182436,0.0156287,6.6321e+06,0,0,0.556818,465,4,0,HOLD
2025-08-12 12:48:00 UTC,1h,DUSK-USDT,BTC-USDT,0.06557,118947.9,5.512497488e-07,,30,0.0282264,0.0210215,0.0156104,290256,0,0,0.556818,465,4,0,HOLD
2025-08-12 12:48:00 UTC,1h,DYDX-USDT,BTC-USDT,0.6596,118947.9,5.545284952e-06,,30,0.0393949,0.0407068,0.0165468,5.88019e+06,0,0,0.556818,465,4,0,HOLD
2025-08-12 12:48:00 UTC,1h,DYM-USDT,BTC-USDT,0.254,118947.9,2.135388687e-06,,30,0.0258481,0.00833664,0.0198256,3.37891e+06,0,0,0.556818,465,4,0,HOLD
2025-08-12 12:48:00 UTC,1h,EDU-USDT,BTC-USDT,0.1469,118947.9,1.234994481e-06,,30,0.073046,0.0849335,0.0505203,5.65487e+06,0,0,0.556818,465,4,0,HOLD
2025-08-12 12:48:00 UTC,1h,EGLD-USDT,BTC-USDT,15.405,118947.9,0.0001295104832,,30,0.0242005,0.0170331,0.0116011,3.19777e+06,0,0,0.556818,465,4,0,HOLD
2025-08-12 12:48:00 UTC,1h,EIGEN-USDT,BTC-USDT,1.4214,118947.9,1.194976961e-05,,30,0.0637629,0.0644002,0.0196185,5.73618e+06,0,0,0.556818,465,4,0,HOLD
2025-08-12 12:48:00 UTC,1h,ELX-USDT,BTC-USDT,0.1709,118947.9,1.436763491e-06,,30,0.0190817,-0.00349854,0.0159659,476857,0,0,0.556818,465,4,0,HOLD
2025-08-12 12:48:00 UTC,1h,ENA-USDT,BTC-USDT,0.8382,118947.9,7.046782667e-06,,30,0.064381,0.0335388,0.0230852,1.02728e+08,0,0,0.556818,465,4,0,HOLD
2025-08-12 12:48:00 UTC,1h,ENJ-USDT,BTC-USDT,0.07114,118947.9,5.980769732e-07,,30,0.025959,0.0119488,0.0132937,2.08167e+06,0,0,0.556818,465,4,0,HOLD
2025-08-12 12:48:00 UTC,1h,ENS-USDT,BTC-USDT,29.069,118947.9,0.0002443843061,,30,0.037882,0.0311447,0.0145123,1.24108e+07,0,0,0.556818,465,4,0,HOLD
2025-08-12 12:48:00 UTC,1h,EPIC-USDT,BTC-USDT,2.1285,118947.9,1.789438906e-05,,30,0.00192996,-0.0205237,0.0136917,2.19816e+06,0,0,0.556818,465,4,0,HOLD
2025-08-12 12:48:00 UTC,1h,EPT-USDT,BTC-USDT,0.004293,118947.9,3.609143163e-08,,30,0.0228735,-0.024983,0.0205318,6.53203e+06,0,0,0.556818,465,4,0,HOLD
2025-08-12 12:48:00 UTC,1h,ERA-USDT,BTC-USDT,1.0117,118947.9,8.505404467e-06,,30,-0.0246795,-0.0350057,0.0196628,8.31263e+06,0,0,0.556818,465,4,0,HOLD
2025-08-12 12:48:00 UTC,1h,ES-USDT,BTC-USDT,0.2135,118947.9,1.794903483e-06,,30,-0.004662,-0.0268915,0.0220141,6.46849e+06,0,0,0.556818,465,4,0,HOLD
2025-08-12 12:48:00 UTC,1h,ESPORTS-USDT,BTC-USDT,0.1295,118947.9,1.088711949e-06,,30,-0.00154202,-0.0428677,0.019305,6.94108e+06,0,0,0.556818,465,4,0,HOLD
2025-08-12 12:48:00 UTC,1h,ETC-USDT,BTC-USDT,22.926,118947.9,0.0001927398466,,30,0.0273346,0.0193411,0.0134626,1.18377e+07,0,0,0.556818,465,4,0,HOLD
2025-08-12 12:48:00 UTC,1h,ETH-USDT,BTC-USDT,4402.63,118947.9,0.03701309565,,30,0.026412,0.0304793,0.0101113,2.64092e+09,0,0,0.556818,465,4,0,HOLD
2025-08-12 12:48:00 UTC,1h,ETHFI-USDT,BTC-USDT,1.2362,118947.9,1.039278541e-05,,30,0.0564006,0.0289662,0.0223034,1.4885e+07,0,0,0.556818,465,4,0,HOLD
2025-08-12 12:48:00 UTC,1h,ETHW-USDT,BTC-USDT,1.6863,118947.9,1.417679505e-05,,30,0.0385539,0.0218761,0.0142916,2.04185e+06,0,0,0.556818,465,4,0,HOLD
2025-08-12 12:48:00 UTC,1h,F-USDT,BTC-USDT,0.007856,118947.9,6.604572254e-08,,30,-0.00253936,0,0.0112016,6.45235e+06,0,0,0.556818,465,4,0,HOLD
2025-08-12 12:48:00 UTC,1h,FARTCOIN-USDT,BTC-USDT,0.8917,118947.9,7.496559418e-06,,30,0.0434121,0.00394055,0.0235585,5.86152e+07,0,0,0.556818,465,4,0,HOLD
2025-08-12 12:48:00 UTC,1h,FET-USDT,BTC-USDT,0.7068,118947.9,5.942097338e-06,,30,0.0233097,0.0171248,0.0142291,6.16257e+06,0,0,0.556818,465,4,0,HOLD
2025-08-12 12:48:00 UTC,1h,FHE-USDT,BTC-USDT,0.06333,118947.9,5.324179746e-07,,30,-0.00518379,-0.00267717,0.0193882,6.66539e+06,0,0,0.556818,465,4,0,HOLD
2025-08-12 12:48:00 UTC,1h,FIDA-USDT,BTC-USDT,0.10049,118947.9,8.448236581e-07,,30,0.0383344,0.0198924,0.0154955,764278,0,0,0.556818,465,4,0,HOLD
2025-08-12 12:48:00 UTC,1h,FIL-USDT,BTC-USDT,2.532,118947.9,2.128663053e-05,,30,0.0246864,0.0176849,0.0114252,1.0179e+07,0,0,0.556818,465,4,0,HOLD
2025-08-12 12:48:00 UTC,1h,FIO-USDT,BTC-USDT,0.02067,118947.9,1.737735597e-07,,30,-0.0194497,-0.0608814,0.0274034,6.68874e+06,0,0,0.556818,465,4,0,HOLD
2025-08-12 12:48:00 UTC,1h,FIS-USDT,BTC-USDT,0.11834,118947.9,9.948893591e-07,,30,0.0193815,0.0137925,0.0140757,6.49693e+06,0,0,0.556818,465,4,0,HOLD
2025-08-12 12:48:00 UTC,1h,FLM-USDT,BTC-USDT,0.02954,118947.9,2.483440229e-07,,30,0.0242718,0.0189721,0.0138311,656807,0,0,0.556818,465,4,0,HOLD
2025-08-12 12:48:00 UTC,1h,FLOCK-USDT,BTC-USDT,0.18111,118947.9,1.52259939e-06,,30,0.0549278,0.0731808,0.0241014,6.60601e+06,0,0,0.556818,465,4,0,HOLD
2025-08-12 12:48:00 UTC,1h,FLOKI-USDT,BTC-USDT,0.00011082,118947.9,9.316684027e-10,,30,0.019597,0.0153931,0.0148117,6.749e+06,0,0,0.556818,465,4,0,HOLD
2025-08-12 12:48:00 UTC,1h,FLOW-USDT,BTC-USDT,0.374,118947.9,3.144233736e-06,,30,0.0163043,0.00537634,0.00974026,2.68998e+06,0,0,0.556818,465,4,0,HOLD
2025-08-12 12:48:00 UTC,1h,FLUX-USDT,BTC-USDT,0.2232,118947.9,1.876451791e-06,,30,0.0271514,0.0182482,0.016225,441687,0,0,0.556818,465,4,0,HOLD
2025-08-12 12:48:00 UTC,1h,FORM-USDT,BTC-USDT,3.834,118947.9,3.223259931e-05,,30,-0.00412998,-0.00709587,0.0053767,2.01612e+06,0,0,0.556818,465,4,0,HOLD
2025-08-12 12:48:00 UTC,1h,FORTH-USDT,BTC-USDT,2.8275,118947.9,2.377091147e-05,,30,-0.0320096,-0.0552641,0.0279626,1.95548e+06,0,0,0.556818,465,4,0,HOLD
2025-08-12 12:48:00 UTC,1h,FRAG-USDT,BTC-USDT,0.04289,118947.9,3.605780346e-07,,30,0.000466527,-0.00348513,0.025164,6.47155e+06,0,0,0.556818,465,4,0,HOLD
2025-08-12 12:48:00 UTC,1h,FUEL-USDT,BTC-USDT,0.00758,118947.9,6.372537893e-08,,30,-0.0130208,-0.0130208,0.0144176,398441,0,0,0.556818,465,4,0,HOLD
2025-08-12 12:48:00 UTC,1h,FUNTOKEN-USDT,BTC-USDT,0.009232,118947.9,7.761381243e-08,,30,-0.0919642,0.00874126,0.0367278,1.32728e+07,0,0,0.556818,465,4,0,HOLD
2025-08-12 12:48:00 UTC,1h,FXS-USDT,BTC-USDT,3.0805,118947.9,2.589789311e-05,,30,0.0210136,0.00742364,0.0143785,2.16436e+06,0,0,0.556818,465,4,0,HOLD
2025-08-12 12:48:00 UTC,1h,G-USDT,BTC-USDT,0.01209,118947.9,1.016411387e-07,,30,0.0202532,0.0117155,0.0121115,6.42032e+06,0,0,0.556818,465,4,0,HOLD
2025-08-12 12:48:00 UTC,1h,GALA-USDT,BTC-USDT,0.01726,118947.9,1.451055462e-07,,30,0.0310633,0.0219065,0.0152707,9.94336e+06,0,0,0.556818,465,4,0,HOLD
2025-08-12 12:48:00 UTC,1h,GAS-USDT,BTC-USDT,3.257,118947.9,2.738173604e-05,,30,0.00742345,0.000921942,0.0100224,1.97968e+06,0,0,0.556818,465,4,0,HOLD
2025-08-12 12:48:00 UTC,1h,GHST-USDT,BTC-USDT,0.4859,118947.9,4.084981744e-06,,30,0.0389138,0.00830048,0.0227119,7.30666e+06,0,0,0.556818,465,4,0,HOLD
2025-08-12 12:48:00 UTC,1h,GLM-USDT,BTC-USDT,0.25752,118947.9,2.164981475e-06,,30,0.00640925,0.0118266,0.0101712,535591,0,0,0.556818,465,4,0,HOLD
2025-08-12 12:48:00 UTC,1h,GMT-USDT,BTC-USDT,0.04583,118947.9,3.852947383e-07,,30,0.0220785,0.00858275,0.0122191,717353,0,0,0.556818,465,4,0,HOLD
2025-08-12 12:48:00 UTC,1h,GMX-USDT,BTC-USDT,16.813,118947.9,0.0001413475984,,30,0.00646513,-0.00261019,0.0157319,2.80487e+06,0,0,0.556818,465,4,0,HOLD
2025-08-12 12:48:00 UTC,1h,GOAT-USDT,BTC-USDT,0.09989,118947.9,8.397794328e-07,,30,0.034915,0.0282038,0.0166969,6.84706e+06,0,0,0.556818,465,4,0,HOLD
2025-08-12 12:48:00 UTC,1h,GOR-USDT,BTC-USDT,0.01659,118947.9,1.39472828e-07,,30,0.00851064,0.085733,0.0316025,6.60499e+06,0,0,0.556818,465,4,0,HOLD
2025-08-12 12:48:00 UTC,1h,GORK-USDT,BTC-USDT,0.00792,118947.9,6.658377323e-08,,30,0.0517928,0.0503979,0.0159632,6.54905e+06,0,0,0.556818,465,4,0,HOLD
2025-08-12 12:48:00 UTC,1h,GPS-USDT,BTC-USDT,0.01569,118947.9,1.319064902e-07,,30,-0.0362408,-0.0599161,0.0246745,6.57646e+06,0,0,0.556818,465,4,0,HOLD
2025-08-12 12:48:00 UTC,1h,GRASS-USDT,BTC-USDT,0.7706,118947.9,6.478466623e-06,,30,0.0217449,0.00666231,0.0197434,7.61301e+06,0,0,0.556818,465,4,0,HOLD
2025-08-12 12:48:00 UTC,1h,GRIFFAIN-USDT,BTC-USDT,0.04323,118947.9,3.634364289e-07,,30,0.0186145,0.00628492,0.0216285,7.58543e+06,0,0,0.556818,465,4,0,HOLD
2025-08-12 12:48:00 UTC,1h,GRT-USDT,BTC-USDT,0.09558,118947.9,8.035450815e-07,,30,0.0269689,0.0143266,0.0129211,2.72557e+06,0,0,0.556818,465,4,0,HOLD
2025-08-12 12:48:00 UTC,1h,GTC-USDT,BTC-USDT,0.298,118947.9,2.505298538e-06,,30,0.0205479,0.0205479,0.0139022,1.9879e+06,0,0,0.556818,465,4,0,HOLD
2025-08-12 12:48:00 UTC,1h,GUN-USDT,BTC-USDT,0.03024,118947.9,2.542289523e-07,,30,0.0144247,0.00498504,0.0162273,6.49093e+06,0,0,0.556818,465,4,0,HOLD
2025-08-12 12:48:00 UTC,1h,H-USDT,BTC-USDT,0.03729,118947.9,3.13498599e-07,,30,0.0155229,0.0124898,0.0138681,6.6014e+06,0,0,0.556818,465,4,0,HOLD
2025-08-12 12:48:00 UTC,1h,HAEDAL-USDT,BTC-USDT,0.140136,118947.9,1.178129248e-06,,30,0.0201503,0.0150002,0.0147046,6.46322e+06,0,0,0.556818,465,4,0,HOLD
2025-08-12 12:48:00 UTC,1h,HBAR-USDT,BTC-USDT,0.25161,118947.9,2.115295856e-06,,30,0.0208545,0.0103196,0.0103306,1.40502e+07,0,0,0.556818,465,4,0,HOLD
2025-08-12 12:48:00 UTC,1h,HEI-USDT,BTC-USDT,0.5119,118947.9,4.303564838e-06,,30,0.0201275,0.0324728,0.0229677,853877,0,0,0.556818,465,4,0,HOLD
2025-08-12 12:48:00 UTC,1h,HFT-USDT,BTC-USDT,0.09843,118947.9,8.275051514e-07,,30,0.000406545,-0.0120446,0.0294118,6.66879e+06,0,0,0.556818,465,4,0,HOLD
2025-08-12 12:48:00 UTC,1h,HIFI-USDT,BTC-USDT,0.08714,118947.9,7.325896464e-07,,30,0.0589379,0.0487423,0.0178776,2.0882e+06,0,0,0.556818,465,4,0,HOLD
2025-08-12 12:48:00 UTC,1h,HIGH-USDT,BTC-USDT,0.5843,118947.9,4.912234684e-06,,30,0.027431,0.0238304,0.0142417,5.26226e+06,0,0,0.556818,465,4,0,HOLD
2025-08-12 12:48:00 UTC,1h,HIPPO-USDT,BTC-USDT,0.002352,118947.9,1.977336296e-08,,30,-0.02,-0.0220374,0.0419096,2.08145e+06,0,0,0.556818,465,4,0,HOLD
2025-08-12 12:48:00 UTC,1h,HIVE-USDT,BTC-USDT,0.22083,118947.9,1.856527101e-06,,30,0.0120068,0.00432054,0.00951928,423681,0,0,0.556818,465,4,0,HOLD
2025-08-12 12:48:00 UTC,1h,HMSTR-USDT,BTC-USDT,0.0007549,118947.9,6.346476062e-09,,30,0.0212392,0.0122017,0.014685,540210,0,0,0.556818,465,4,0,HOLD
2025-08-12 12:48:00 UTC,1h,HOME-USDT,BTC-USDT,0.039712,118947.9,3.338604549e-07,,30,0.010432,0.0110494,0.0128694,6.50026e+06,0,0,0.556818,465,4,0,HOLD
2025-08-12 12:48:00 UTC,1h,HOODX-USDT,BTC-USDT,115.59,118947.9,0.0009717699934,,30,0.0166227,0.0141253,0.00535761,6.43232e+06,0,0,0.556818,465,4,0,HOLD
2025-08-12 12:48:00 UTC,1h,HOOK-USDT,BTC-USDT,0.1087,118947.9,9.138454735e-07,,30,0.0543162,0.0543162,0.0230648,5.63205e+06,0,0,0.556818,465,4,0,HOLD
2025-08-12 12:48:00 UTC,1h,HOT-USDT,BTC-USDT,0.001004,118947.9,8.440670243e-09,,30,0.0224033,0.0141414,0.0124502,1.94772e+06,0,0,0.556818,465,4,0,HOLD
2025-08-12 12:48:00 UTC,1h,HOUSE-USDT,BTC-USDT,0.02123,118947.9,1.784815032e-07,,30,-0.0070159,-0.0462713,0.0482807,7.3627e+06,0,0,0.556818,465,4,0,HOLD
2025-08-12 12:48:00 UTC,1h,HUMA-USDT,BTC-USDT,0.034163,118947.9,2.872097784e-07,,30,0.0188482,0.012537,0.0133478,6.54052e+06,0,0,0.556818,465,4,0,HOLD
2025-08-12 12:48:00 UTC,1h,HYPE-USDT,BTC-USDT,44.247,118947.9,0.0003719863907,,30,0.0277333,0.0196101,0.0141349,2.11083e+07,0,0,0.556818,465,4,0,HOLD
2025-08-12 12:48:00 UTC,1h,HYPERLANE-USDT,BTC-USDT,0.3726,118947.9,3.132463877e-06,,30,-0.0194737,-0.0465711,0.01733,7.1963e+06,0,0,0.556818,465,4,0,HOLD
2025-08-12 12:48:00 UTC,1h,ICNT-USDT,BTC-USDT,0.3569,118947.9,3.000473316e-06,,30,-0.0725052,0.0991685,0.0738502,1.6807e+07,0,0,0.556818,465,4,0,HOLD
2025-08-12 12:48:00 UTC,1h,ICP-USDT,BTC-USDT,5.491,118947.9,4.616306803e-05,,30,0.022723,0.0132866,0.0122668,5.48902e+06,0,0,0.556818,465,4,0,HOLD
2025-08-12 12:48:00 UTC,1h,ICX-USDT,BTC-USDT,0.1326,118947.9,1.114773779e-06,,30,0.02,0.0184332,0.01142,330844,0,0,0.556818,465,4,0,HOLD
2025-08-12 12:48:00 UTC,1h,ID-USDT,BTC-USDT,0.17314,118947.9,1.455595265e-06,,30,0.0507981,0.0440813,0.0219682,2.53721e+06,0,0,0.556818,465,4,0,HOLD
2025-08-12 12:48:00 UTC,1h,IDOL-USDT,BTC-USDT,0.0166,118947.9,1.395568984e-07,,30,0.0440252,0.146409,0.0739243,7.11299e+06,0,0,0.556818,465,4,0,HOLD
2025-08-12 12:48:00 UTC,1h,ILV-USDT,BTC-USDT,17.472,118947.9,0.0001468878391,,30,0.02373,-0.00676482,0.0156904,6.69719e+06,0,0,0.556818,465,4,0,HOLD
2025-08-12 12:48:00 UTC,1h,IMX-USDT,BTC-USDT,0.5748,118947.9,4.832367785e-06,,30,0.027897,0.02533,0.01864,5.3141e+06,0,0,0.556818,465,4,0,HOLD
2025-08-12 12:48:00 UTC,1h,IN-USDT,BTC-USDT,0.09134,118947.9,7.678992231e-07,,30,-0.0217415,0.0169227,0.0367153,7.52934e+06,0,0,0.556818,465,4,0,HOLD
2025-08-12 12:48:00 UTC,1h,INIT-USDT,BTC-USDT,0.4371,118947.9,3.674718091e-06,,30,0.0414582,0.0362731,0.0175181,6.54147e+06,0,0,0.556818,465,4,0,HOLD
2025-08-12 12:48:00 UTC,1h,INJ-USDT,BTC-USDT,14.006,118947.9,0.0001177490313,,30,0.0263061,0.0136054,0.0142592,2.97356e+07,0,0,0.556818,465,4,0,HOLD
2025-08-12 12:48:00 UTC,1h,IO-USDT,BTC-USDT,0.6181,118947.9,5.196392706e-06,,30,0.0416245,0.0224979,0.0160515,9.22429e+06,0,0,0.556818,465,4,0,HOLD
2025-08-12 12:48:00 UTC,1h,IOST-USDT,BTC-USDT,0.003678,118947.9,3.092110075e-08,,30,0.0123865,0.00054407,0.010992,2.02837e+06,0,0,0.556818,465,4,0,HOLD
2025-08-12 12:48:00 UTC,1h,IOTA-USDT,BTC-USDT,0.2032,118947.9,1.70831095e-06,,30,0.0205927,0.017017,0.0130765,2.43273e+06,0,0,0.556818,465,4,0,HOLD
2025-08-12 12:48:00 UTC,1h,IP-USDT,BTC-USDT,5.72323,118947.9,4.811543541e-05,,30,0.030086,-0.0689045,0.0216839,1.24451e+07,0,0,0.556818,465,4,0,HOLD
2025-08-12 12:48:00 UTC,1h,JASMY-USDT,BTC-USDT,0.017119,118947.9,1.439201533e-07,,30,0.0261344,0.0311408,0.0208332,4.73597e+06,0,0,0.556818,465,4,0,HOLD
2025-08-12 12:48:00 UTC,1h,JOE-USDT,BTC-USDT,0.16062,118947.9,1.350339098e-06,,30,0.0275734,0.024689,0.0137058,1.98274e+06,0,0,0.556818,465,4,0,HOLD
2025-08-12 12:48:00 UTC,1h,JST-USDT,BTC-USDT,0.033545,118947.9,2.820142264e-07,,30,-0.000953033,-0.0145996,0.00631987,1.94803e+06,0,0,0.556818,465,4,0,HOLD
2025-08-12 12:48:00 UTC,1h,JTO-USDT,BTC-USDT,1.7979,118947.9,1.511502095e-05,,30,0.0164518,0.00362845,0.0109096,4.65663e+06,0,0,0.556818,465,4,0,HOLD
2025-08-12 12:48:00 UTC,1h,JUP-USDT,BTC-USDT,0.5055,118947.9,4.249759769e-06,,30,0.025355,0.0140421,0.0148651,1.35075e+07,0,0,0.556818,465,4,0,HOLD
2025-08-12 12:48:00 UTC,1h,KAIA-USDT,BTC-USDT,0.1479,118947.9,1.243401523e-06,,30,0.0102459,0.0144033,0.0105766,6.75424e+06,0,0,0.556818,465,4,0,HOLD
2025-08-12 12:48:00 UTC,1h,KAITO-USDT,BTC-USDT,1.1364,118947.9,9.553762614e-06,,30,0.0101333,-0.0160187,0.0127156,6.81152e+06,0,0,0.556818,465,4,0,HOLD
2025-08-12 12:48:00 UTC,1h,KAS-USDT,BTC-USDT,0.08965,118947.9,7.53691322e-07,,30,0.0117368,-0.00576688,0.0134412,7.52554e+06,0,0,0.556818,465,4,0,HOLD
2025-08-12 12:48:00 UTC,1h,KAVA-USDT,BTC-USDT,0.3801,118947.9,3.195516693e-06,,30,0.00768823,0.00902575,0.00625775,2.36188e+06,0,0,0.556818,465,4,0,HOLD
2025-08-12 12:48:00 UTC,1h,KDA-USDT,BTC-USDT,0.4174,118947.9,3.509099362e-06,,30,0.0298544,0.0121242,0.0148881,2.10639e+06,0,0,0.556818,465,4,0,HOLD
2025-08-12 12:48:00 UTC,1h,KERNEL-USDT,BTC-USDT,0.199,118947.9,1.673001373e-06,,30,0.0210364,-0.00698603,0.0183417,6.6827e+06,0,0,0.556818,465,4,0,HOLD
2025-08-12 12:48:00 UTC,1h,KMNO-USDT,BTC-USDT,0.05277,118947.9,4.436396103e-07,,30,0.0212889,0.00840818,0.0131298,378203,0,0,0.556818,465,4,0,HOLD
2025-08-12 12:48:00 UTC,1h,KNC-USDT,BTC-USDT,0.421,118947.9,3.539364713e-06,,30,0.0144578,0.000237586,0.0115372,2.27313e+06,0,0,0.556818,465,4,0,HOLD
2025-08-12 12:48:00 UTC,1h,KOMA-USDT,BTC-USDT,0.0241,118947.9,2.02609714e-07,,30,0.00500417,0.00794647,0.00939538,1.94155e+06,0,0,0.556818,465,4,0,HOLD
2025-08-12 12:48:00 UTC,1h,KSM-USDT,BTC-USDT,15.191,118947.9,0.0001277113762,,30,0.0234454,0.0119912,0.0127848,3.01414e+06,0,0,0.556818,465,4,0,HOLD
2025-08-12 12:48:00 UTC,1h,LA-USDT,BTC-USDT,0.3971,118947.9,3.338436408e-06,,30,0.117018,0.164516,0.0296255,8.27306e+06,0,0,0.556818,465,4,0,HOLD
2025-08-12 12:48:00 UTC,1h,LAUNCHCOIN-USDT,BTC-USDT,0.06982,118947.9,5.869796777e-07,,30,0.0403815,0.0320769,0.0191615,6.85052e+06,0,0,0.556818,465,4,0,HOLD
2025-08-12 12:48:00 UTC,1h,LAYER-USDT,BTC-USDT,0.6148,118947.9,5.168649468e-06,,30,0.00720839,-0.00291923,0.0103402,6.53891e+06,0,0,0.556818,465,4,0,HOLD
2025-08-12 12:48:00 UTC,1h,LDO-USDT,BTC-USDT,1.568,118947.9,1.318224197e-05,,30,0.0506567,0.0203683,0.0301749,3.83008e+07,0,0,0.556818,465,4,0,HOLD
2025-08-12 12:48:00 UTC,1h,LINK-USDT,BTC-USDT,22.405,118947.9,0.0001883597777,,30,0.0453506,0.056441,0.0157745,5.87991e+07,0,0,0.556818,465,4,0,HOLD
2025-08-12 12:48:00 UTC,1h,LISTA-USDT,BTC-USDT,0.3036,118947.9,2.552377974e-06,,30,0.0400822,0.0106525,0.0210804,5.181e+06,0,0,0.556818,465,4,0,HOLD
2025-08-12 12:48:00 UTC,1h,LPT-USDT,BTC-USDT,6.552,118947.9,5.508293967e-05,,30,0.0196078,0.00768994,0.0137799,2.38328e+06,0,0,0.556818,465,4,0,HOLD
2025-08-12 12:48:00 UTC,1h,LQTY-USDT,BTC-USDT,1.0269,118947.9,8.633191507e-06,,30,0.0170348,-0.00773022,0.0182658,1.21011e+06,0,0,0.556818,465,4,0,HOLD
2025-08-12 12:48:00 UTC,1h,LRC-USDT,BTC-USDT,0.08703,118947.9,7.316648718e-07,,30,0.0287234,0.0212391,0.0130087,481165,0,0,0.556818,465,4,0,HOLD
2025-08-12 12:48:00 UTC,1h,LTC-USDT,BTC-USDT,120.79,118947.9,0.001015486612,,30,0.0158103,0.00482489,0.0102184,4.48647e+07,0,0,0.556818,465,4,0,HOLD
2025-08-12 12:48:00 UTC,1h,LUMIA-USDT,BTC-USDT,0.3425,118947.9,2.879411911e-06,,30,0.0375644,0.0133136,0.019854,773179,0,0,0.556818,465,4,0,HOLD
2025-08-12 12:48:00 UTC,1h,LUNA-USDT,BTC-USDT,0.1615,118947.9,1.357737295e-06,,30,0.0195707,0.0112711,0.0107917,2.01955e+06,0,0,0.556818,465,4,0,HOLD
2025-08-12 12:48:00 UTC,1h,LUNC-USDT,BTC-USDT,6.117e-05,118947.9,5.142587637e-10,,30,0.00957254,0.00344488,0.0106144,1.09774e+06,0,0,0.556818,465,4,0,HOLD
2025-08-12 12:48:00 UTC,1h,M-USDT,BTC-USDT,0.4493,118947.9,3.777284004e-06,,30,-0.0202791,-0.00641309,0.0238148,7.55927e+06,0,0,0.556818,465,4,0,HOLD
2025-08-12 12:48:00 UTC,1h,MAGIC-USDT,BTC-USDT,0.2667,118947.9,2.242158121e-06,,30,0.0285384,0.0152265,0.0297552,1.28243e+07,0,0,0.556818,465,4,0,HOLD
2025-08-12 12:48:00 UTC,1h,MANA-USDT,BTC-USDT,0.2972,118947.9,2.498572905e-06,,30,0.0192044,0.0108844,0.0116804,2.4624e+06,0,0,0.556818,465,4,0,HOLD
2025-08-12 12:48:00 UTC,1h,MANTA-USDT,BTC-USDT,0.2287,118947.9,1.922690522e-06,,30,0.041439,0.0334388,0.0179274,1.04226e+06,0,0,0.556818,465,4,0,HOLD
2025-08-12 12:48:00 UTC,1h,MASK-USDT,BTC-USDT,1.2975,118947.9,1.090813709e-05,,30,0.0160532,0.00487918,0.0123589,2.22052e+06,0,0,0.556818,465,4,0,HOLD
2025-08-12 12:48:00 UTC,1h,MAV-USDT,BTC-USDT,0.0597,118947.9,5.019004119e-07,,30,0.125778,0.103308,0.0340871,3.07657e+06,0,0,0.556818,465,4,0,HOLD
2025-08-12 12:48:00 UTC,1h,MAVIA-USDT,BTC-USDT,0.1897,118947.9,1.594815882e-06,,30,0.0182501,0.0474876,0.0311394,1.10678e+07,0,0,0.556818,465,4,0,HOLD
2025-08-12 12:48:00 UTC,1h,MBOX-USDT,BTC-USDT,0.05865,118947.9,4.930730177e-07,,30,0.040447,0.0249913,0.0159177,851738,0,0,0.556818,465,4,0,HOLD
2025-08-12 12:48:00 UTC,1h,ME-USDT,BTC-USDT,0.7299,118947.9,6.13630001e-06,,30,0.0151599,0.00745342,0.0112833,628266,0,0,0.556818,465,4,0,HOLD
2025-08-12 12:48:00 UTC,1h,MELANIA-USDT,BTC-USDT,0.2188,118947.9,1.839460806e-06,,30,0.0233863,0.0200466,0.0138417,769527,0,0,0.556818,465,4,0,HOLD
2025-08-12 12:48:00 UTC,1h,MEME-USDT,BTC-USDT,0.001749,118947.9,1.470391659e-08,,30,0.0306423,0.0133256,0.0164992,2.49276e+06,0,0,0.556818,465,4,0,HOLD
2025-08-12 12:48:00 UTC,1h,MERL-USDT,BTC-USDT,0.11313,118947.9,9.510886699e-07,,30,0.00963855,0.0112631,0.0136379,6.43226e+06,0,0,0.556818,465,4,0,HOLD
2025-08-12 12:48:00 UTC,1h,METAX-USDT,BTC-USDT,774.53,118947.9,0.006511506298,,30,0.0085814,0.00894927,0.00496983,6.43632e+06,0,0,0.556818,465,4,0,HOLD
2025-08-12 12:48:00 UTC,1h,METIS-USDT,BTC-USDT,18.02,118947.9,0.0001514948982,,30,0.0285388,0.0297143,0.0188679,2.15846e+06,0,0,0.556818,465,4,0,HOLD
2025-08-12 12:48:00 UTC,1h,MEW-USDT,BTC-USDT,0.003155,118947.9,2.652421775e-08,,30,0.0280222,0.00605867,0.0151913,3.62192e+06,0,0,0.556818,465,4,0,HOLD
2025-08-12 12:48:00 UTC,1h,MILK-USDT,BTC-USDT,0.05201,118947.9,4.372502583e-07,,30,0.00911913,0.00231258,0.0157387,6.5203e+06,0,0,0.556818,465,4,0,HOLD
2025-08-12 12:48:00 UTC,1h,MINA-USDT,BTC-USDT,0.192,118947.9,1.614152078e-06,,30,0.0294906,0.015873,0.0139881,2.11861e+06,0,0,0.556818,465,4,0,HOLD
2025-08-12 12:48:00 UTC,1h,MKR-USDT,BTC-USDT,2002.5,118947.9,0.01683510175,,30,-0.00949696,-0.00930094,0.0121919,7.39614e+06,0,0,0.556818,465,4,0,HOLD
2025-08-12 12:48:00 UTC,1h,MLN-USDT,BTC-USDT,8.351,118947.9,7.020720837e-05,,30,0.01384,0.00348474,0.0133774,6.58883e+06,0,0,0.556818,465,4,0,HOLD
2025-08-12 12:48:00 UTC,1h,MNT-USDT,BTC-USDT,1.03356,118947.9,8.689182407e-06,,30,0.0160134,0.0784674,0.0236395,7.41675e+06,0,0,0.556818,465,4,0,HOLD
2025-08-12 12:48:00 UTC,1h,MOODENG-USDT,BTC-USDT,0.17741,118947.9,1.491493334e-06,,30,0.00606782,0.0520043,0.0228647,1.01236e+07,0,0,0.556818,465,4,0,HOLD
2025-08-12 12:48:00 UTC,1h,MORPHO-USDT,BTC-USDT,2.1128,118947.9,1.77623985e-05,,30,0.0130418,0.022603,0.0149734,581061,0,0,0.556818,465,4,0,HOLD
2025-08-12 12:48:00 UTC,1h,MOVE-USDT,BTC-USDT,0.1383,118947.9,1.162693919e-06,,30,0.0146735,0.00144823,0.0133767,7.09085e+06,0,0,0.556818,465,4,0,HOLD
2025-08-12 12:48:00 UTC,1h,MOVR-USDT,BTC-USDT,6.685,118947.9,5.620107627e-05,,30,0.0153402,0.00375375,0.0135591,2.01036e+06,0,0,0.556818,465,4,0,HOLD
2025-08-12 12:48:00 UTC,1h,MTL-USDT,BTC-USDT,0.7487,118947.9,6.294352401e-06,,30,0.016841,0.00699395,0.00998874,524603,0,0,0.556818,465,4,0,HOLD
2025-08-12 12:48:00 UTC,1h,MUBARAK-USDT,BTC-USDT,0.03626,118947.9,3.048393456e-07,,30,0.0301136,0.0139821,0.0172366,2.31607e+06,0,0,0.556818,465,4,0,HOLD
2025-08-12 12:48:00 UTC,1h,MYRO-USDT,BTC-USDT,0.02552,118947.9,2.145477137e-07,,30,0.0187625,-0.0116189,0.0332792,1.29343e+07,0,0,0.556818,465,4,0,HOLD
2025-08-12 12:48:00 UTC,1h,MYX-USDT,BTC-USDT,1.70708,118947.9,1.435149338e-05,,30,0.0442517,0.0261361,0.0296153,1.6247e+07,0,0,0.556818,465,4,0,HOLD
2025-08-12 12:48:00 UTC,1h,NAORIS-USDT,BTC-USDT,0.03052,118947.9,2.565829241e-07,,30,0.0099272,-0.0192802,0.0273591,6.757e+06,0,0,0.556818,465,4,0,HOLD
2025-08-12 12:48:00 UTC,1h,NEAR-USDT,BTC-USDT,2.6725,118947.9,2.246781994e-05,,30,0.0243388,0.0208564,0.0123266,1.22747e+07,0,0,0.556818,465,4,0,HOLD
2025-08-12 12:48:00 UTC,1h,NEIROCTO-USDT,BTC-USDT,0.0004059,118947.9,3.412418378e-09,,30,0.028376,0.0157658,0.0169113,6.92067e+06,0,0,0.556818,465,4,0,HOLD
2025-08-12 12:48:00 UTC,1h,NEIROETH-USDT,BTC-USDT,0.12487,118947.9,1.049787344e-06,,30,-0.00951852,-0.000560269,0.0165772,1.67277e+06,0,0,0.556818,465,4,0,HOLD
2025-08-12 12:48:00 UTC,1h,NEO-USDT,BTC-USDT,6.332,118947.9,5.323339042e-05,,30,0.0203029,0.012472,0.0119461,2.4849e+06,0,0,0.556818,465,4,0,HOLD
2025-08-12 12:48:00 UTC,1h,NEWT-USDT,BTC-USDT,0.3378,118947.9,2.839898813e-06,,30,0.00118554,-0.0262323,0.0139136,6.75206e+06,0,0,0.556818,465,4,0,HOLD
2025-08-12 12:48:00 UTC,1h,NFP-USDT,BTC-USDT,0.07133,118947.9,5.996743112e-07,,30,0.0367733,0.0226523,0.0178847,395098,0,0,0.556818,465,4,0,HOLD
2025-08-12 12:48:00 UTC,1h,NIL-USDT,BTC-USDT,0.3045,118947.9,2.559944312e-06,,30,0.0180542,0.0126372,0.0165376,6.4545e+06,0,0,0.556818,465,4,0,HOLD
2025-08-12 12:48:00 UTC,1h,NMR-USDT,BTC-USDT,8.733,118947.9,7.341869844e-05,,30,0.0259633,0.0214035,0.0143135,4.3073e+06,0,0,0.556818,465,4,0,HOLD
2025-08-12 12:48:00 UTC,1h,NOT-USDT,BTC-USDT,0.002177,118947.9,1.83021306e-08,,30,0.0120874,0.00787037,0.0152897,5.4883e+06,0,0,0.556818,465,4,0,HOLD
2025-08-12 12:48:00 UTC,1h,NTRN-USDT,BTC-USDT,0.08913,118947.9,7.493196601e-07,,30,0.0230716,0.0257797,0.0139123,1.96023e+06,0,0,0.556818,465,4,0,HOLD
2025-08-12 12:48:00 UTC,1h,NVDAX-USDT,BTC-USDT,183.3,118947.9,0.001541010812,,30,0.00952801,0.00736426,0.00407607,6.43295e+06,0,0,0.556818,465,4,0,HOLD
2025-08-12 12:48:00 UTC,1h,NXPC-USDT,BTC-USDT,0.90201,118947.9,7.583236022e-06,,30,0.00719095,-0.00199157,0.00899737,6.66806e+06,0,0,0.556818,465,4,0,HOLD
2025-08-12 12:48:00 UTC,1h,OBOL-USDT,BTC-USDT,0.13102,118947.9,1.101490653e-06,,30,0.0112689,-0.0280415,0.0217088,6.57041e+06,0,0,0.556818,465,4,0,HOLD
2025-08-12 12:48:00 UTC,1h,OG-USDT,BTC-USDT,13.229,118947.9,0.0001112167596,,30,0.000544555,0.0164738,0.0259592,8.77192e+06,0,0,0.556818,465,4,0,HOLD
2025-08-12 12:48:00 UTC,1h,OL-USDT,BTC-USDT,0.04109,118947.9,3.454453589e-07,,30,0.00390911,0.000243427,0.0258144,2.43382e+06,0,0,0.556818,465,4,0,HOLD
2025-08-12 12:48:00 UTC,1h,OM-USDT,BTC-USDT,0.26799,118947.9,2.253003206e-06,,30,0.0255635,0,0.0146967,8.91178e+06,0,0,0.556818,465,4,0,HOLD
2025-08-12 12:48:00 UTC,1h,OMNINETWORK-USDT,BTC-USDT,4.287,118947.9,3.604098937e-05,,30,0.000466744,-0.00579777,0.0184278,1.45801e+06,0,0,0.556818,465,4,0,HOLD
2025-08-12 12:48:00 UTC,1h,ONDO-USDT,BTC-USDT,1.0114,118947.9,8.502882354e-06,,30,0.028159,0.0151561,0.0127899,1.7182e+07,0,0,0.556818,465,4,0,HOLD
2025-08-12 12:48:00 UTC,1h,ONE-USDT,BTC-USDT,0.01085,118947.9,9.121640651e-08,,30,0.028436,0.0121269,0.0150757,1.99314e+06,0,0,0.556818,465,4,0,HOLD
2025-08-12 12:48:00 UTC,1h,ONG-USDT,BTC-USDT,0.17421,118947.9,1.4645908e-06,,30,0.0072271,-0.00326124,0.00933602,259000,0,0,0.556818,465,4,0,HOLD
2025-08-12 12:48:00 UTC,1h,ONT-USDT,BTC-USDT,0.1386,118947.9,1.165216032e-06,,30,0.0131579,0.00726744,0.0122655,1.96573e+06,0,0,0.556818,465,4,0,HOLD
2025-08-12 12:48:00 UTC,1h,OP-USDT,BTC-USDT,0.7755,118947.9,6.519661129e-06,,30,0.0360721,0.0255223,0.0153726,1.47787e+07,0,0,0.556818,465,4,0,HOLD
2025-08-12 12:48:00 UTC,1h,ORCA-USDT,BTC-USDT,2.522,118947.9,2.120256011e-05,,30,-0.0600075,-0.0055205,0.0272743,7.30304e+06,0,0,0.556818,465,4,0,HOLD
2025-08-12 12:48:00 UTC,1h,ORDER-USDT,BTC-USDT,0.1222,118947.9,1.027340542e-06,,30,0.0516351,0.0426621,0.0161913,494397,0,0,0.556818,465,4,0,HOLD
2025-08-12 12:48:00 UTC,1h,ORDI-USDT,BTC-USDT,9.814,118947.9,8.250671092e-05,,30,0.0275364,0.0109188,0.017002,7.55855e+06,0,0,0.556818,465,4,0,HOLD
2025-08-12 12:48:00 UTC,1h,OXT-USDT,BTC-USDT,0.05501,118947.9,4.624713845e-07,,30,0.00898753,0.0112132,0.00973849,1.9403e+06,0,0,0.556818,465,4,0,HOLD
2025-08-12 12:48:00 UTC,1h,PARTI-USDT,BTC-USDT,0.1897,118947.9,1.594815882e-06,,30,0.0394521,0.02596,0.0168311,6.50096e+06,0,0,0.556818,465,4,0,HOLD
2025-08-12 12:48:00 UTC,1h,PAXG-USDT,BTC-USDT,3349.8,118947.9,0.02816190954,,30,0.00226196,-0.00118374,0.00213062,7.47886e+06,0,0,0.556818,465,4,0,HOLD
2025-08-12 12:48:00 UTC,1h,PENDLE-USDT,BTC-USDT,5.4778,118947.9,4.605209508e-05,,30,0.0130754,0.00429011,0.0178356,1.51976e+07,0,0,0.556818,465,4,0,HOLD
2025-08-12 12:48:00 UTC,1h,PENGU-USDT,BTC-USDT,0.036212,118947.9,3.044358076e-07,,30,0.0178486,-0.0154432,0.0172102,2.87e+07,0,0,0.556818,465,4,0,HOLD
2025-08-12 12:48:00 UTC,1h,PEOPLE-USDT,BTC-USDT,0.01953,118947.9,1.641895317e-07,,30,0.0399361,0.0182482,0.016385,6.57473e+06,0,0,0.556818,465,4,0,HOLD
2025-08-12 12:48:00 UTC,1h,PERP-USDT,BTC-USDT,0.2829,118947.9,2.378352203e-06,,30,0.0168943,0.0154343,0.0151492,2.07624e+06,0,0,0.556818,465,4,0,HOLD
2025-08-12 12:48:00 UTC,1h,PHA-USDT,BTC-USDT,0.10793,118947.9,9.073720511e-07,,30,0.0239067,0.0190728,0.0134479,427017,0,0,0.556818,465,4,0,HOLD
2025-08-12 12:48:00 UTC,1h,PHB-USDT,BTC-USDT,0.5922,118947.9,4.978650317e-06,,30,0.0340492,0.0226213,0.0168259,2.10251e+06,0,0,0.556818,465,4,0,HOLD
2025-08-12 12:48:00 UTC,1h,PI-USDT,BTC-USDT,0.3849,118947.9,3.235870495e-06,,30,0.00365059,-0.0427754,0.0166277,9.49149e+06,0,0,0.556818,465,4,0,HOLD
2025-08-12 12:48:00 UTC,1h,PIXEL-USDT,BTC-USDT,0.03517,118947.9,2.956756698e-07,,30,0.0359352,0.0244684,0.0169381,443878,0,0,0.556818,465,4,0,HOLD
2025-08-12 12:48:00 UTC,1h,PLAYSOUT-USDT,BTC-USDT,0.04854,118947.9,4.080778223e-07,,30,0.00185759,0.0495135,0.0289158,6.84671e+06,0,0,0.556818,465,4,0,HOLD
2025-08-12 12:48:00 UTC,1h,PLUME-USDT,BTC-USDT,0.09508,118947.9,7.993415605e-07,,30,0.041516,0.0292271,0.0164598,6.6335e+06,0,0,0.556818,465,4,0,HOLD
2025-08-12 12:48:00 UTC,1h,PNUT-USDT,BTC-USDT,0.24319,118947.9,2.044508562e-06,,30,0.0272451,0.0149833,0.0145947,9.37637e+06,0,0,0.556818,465,4,0,HOLD
2025-08-12 12:48:00 UTC,1h,POL-USDT,BTC-USDT,0.24084,118947.9,2.024752013e-06,,30,0.0225449,0.00892296,0.012145,7.83621e+06,0,0,0.556818,465,4,0,HOLD
2025-08-12 12:48:00 UTC,1h,POLYX-USDT,BTC-USDT,0.14206,118947.9,1.194304397e-06,,30,0.0145693,0.0135559,0.0096589,1.95368e+06,0,0,0.556818,465,4,0,HOLD
2025-08-12 12:48:00 UTC,1h,PONKE-USDT,BTC-USDT,0.11606,118947.9,9.757213032e-07,,30,0.0375469,0.0233665,0.0160508,6.4907e+06,0,0,0.556818,465,4,0,HOLD
2025-08-12 12:48:00 UTC,1h,POPCAT-USDT,BTC-USDT,0.3115,118947.9,2.618793606e-06,,30,0.0216464,0.00809061,0.0173355,1.02294e+07,0,0,0.556818,465,4,0,HOLD
2025-08-12 12:48:00 UTC,1h,PORT3-USDT,BTC-USDT,0.04449,118947.9,3.740293019e-07,,30,-0.0338762,-0.221113,0.0918344,1.12673e+07,0,0,0.556818,465,4,0,HOLD
2025-08-12 12:48:00 UTC,1h,PORTAL-USDT,BTC-USDT,0.04954,118947.9,4.164848644e-07,,30,0.0162051,0.0104018,0.0207336,859444,0,0,0.556818,465,4,0,HOLD
2025-08-12 12:48:00 UTC,1h,POWR-USDT,BTC-USDT,0.173,118947.9,1.454418279e-06,,30,0.018246,0.0146628,0.0107349,1.9455e+06,0,0,0.556818,465,4,0,HOLD
2025-08-12 12:48:00 UTC,1h,PRCL-USDT,BTC-USDT,0.0887,118947.9,7.45704632e-07,,30,0.032596,0.00225989,0.0169109,6.44467e+06,0,0,0.556818,465,4,0,HOLD
2025-08-12 12:48:00 UTC,1h,PROM-USDT,BTC-USDT,10.212,118947.9,8.585271367e-05,,30,0.0208937,0.0604361,0.0293212,4.33237e+06,0,0,0.556818,465,4,0,HOLD
2025-08-12 12:48:00 UTC,1h,PROMPT-USDT,BTC-USDT,0.12285,118947.9,1.032805119e-06,,30,0.00738007,0.00187571,0.0171463,6.51341e+06,0,0,0.556818,465,4,0,HOLD
2025-08-12 12:48:00 UTC,1h,PROVE-USDT,BTC-USDT,1.529,118947.9,1.285436733e-05,,30,-0.0815162,-0.0489519,0.0425301,5.4447e+07,0,0,0.556818,465,4,0,HOLD
2025-08-12 12:48:00 UTC,1h,PUFFER-USDT,BTC-USDT,0.2297,118947.9,1.931097565e-06,,30,0.0658933,0.0531866,0.0195908,463118,0,0,0.556818,465,4,0,HOLD
2025-08-12 12:48:00 UTC,1h,PUMP-USDT,BTC-USDT,0.003692,118947.9,3.103879934e-08,,30,0.0281259,0.0676692,0.0255378,5.04264e+07,0,0,0.556818,465,4,0,HOLD
2025-08-12 12:48:00 UTC,1h,PUMPBTC-USDT,BTC-USDT,0.04156,118947.9,3.493966686e-07,,30,0.00217024,0.00678295,0.0173244,3.3343e+06,0,0,0.556818,465,4,0,HOLD
2025-08-12 12:48:00 UTC,1h,PUNDIX-USDT,BTC-USDT,0.3111,118947.9,2.615430789e-06,,30,0.0126953,-0.00256492,0.0121458,6.4327e+06,0,0,0.556818,465,4,0,HOLD
2025-08-12 12:48:00 UTC,1h,PYTH-USDT,BTC-USDT,0.12335,118947.9,1.03700864e-06,,30,0.0272318,0.0208557,0.0151659,2.39623e+06,0,0,0.556818,465,4,0,HOLD
2025-08-12 12:48:00 UTC,1h,QNT-USDT,BTC-USDT,112.35,118947.9,0.0009445311771,,30,0.0209924,0.0145386,0.00864645,2.5173e+06,0,0,0.556818,465,4,0,HOLD
2025-08-12 12:48:00 UTC,1h,QUICK-USDT,BTC-USDT,0.02376,118947.9,1.997513197e-07,,30,0.0175589,0.00806109,0.0127465,1.93237e+06,0,0,0.556818,465,4,0,HOLD
2025-08-12 12:48:00 UTC,1h,RARE-USDT,BTC-USDT,0.05929,118947.9,4.984535246e-07,,30,0.0208333,0.0129848,0.0129509,8.61135e+06,0,0,0.556818,465,4,0,HOLD
2025-08-12 12:48:00 UTC,1h,RATS-USDT,BTC-USDT,1.649e-05,118947.9,1.386321238e-10,,30,0.0135218,0.00733048,0.0158971,2.80149e+06,0,0,0.556818,465,4,0,HOLD
2025-08-12 12:48:00 UTC,1h,RAY-USDT,BTC-USDT,3.1277,118947.9,2.62947055e-05,,30,0.0168737,-0.043195,0.0196493,2.08385e+06,0,0,0.556818,465,4,0,HOLD
2025-08-12 12:48:00 UTC,1h,RDO-USDT,BTC-USDT,0.000804,118947.9,6.759261828e-09,,30,0.105915,0.105915,0.0421997,1.37911e+06,0,0,0.556818,465,4,0,HOLD
2025-08-12 12:48:00 UTC,1h,REDSTONE-USDT,BTC-USDT,0.4181,118947.9,3.514984291e-06,,30,0.0130846,-0.0192353,0.0178016,6.50218e+06,0,0,0.556818,465,4,0,HOLD
2025-08-12 12:48:00 UTC,1h,RENDER-USDT,BTC-USDT,3.848,118947.9,3.23502979e-05,,30,0.0283271,0.0220452,0.0133465,5.58503e+06,0,0,0.556818,465,4,0,HOLD
2025-08-12 12:48:00 UTC,1h,RESOLV-USDT,BTC-USDT,0.18637,118947.9,1.566820431e-06,,30,0.0198643,-0.0225008,0.0254524,7.71537e+06,0,0,0.556818,465,4,0,HOLD
2025-08-12 12:48:00 UTC,1h,REX-USDT,BTC-USDT,0.02034,118947.9,1.709992358e-07,,30,-0.00828864,-0.0239923,0.0378916,6.77997e+06,0,0,0.556818,465,4,0,HOLD
2025-08-12 12:48:00 UTC,1h,REZ-USDT,BTC-USDT,0.01461,118947.9,1.228268847e-07,,30,0.0594634,0.0420827,0.0240051,6.7537e+06,0,0,0.556818,465,4,0,HOLD
2025-08-12 12:48:00 UTC,1h,RFC-USDT,BTC-USDT,0.00812,118947.9,6.826518165e-08,,30,0.015,0.0162703,0.0133709,284363,0,0,0.556818,465,4,0,HOLD
2025-08-12 12:48:00 UTC,1h,RHEA-USDT,BTC-USDT,0.06597,118947.9,5.546125657e-07,,30,-0.0301382,-0.145245,0.0369107,6.58035e+06,0,0,0.556818,465,4,0,HOLD
2025-08-12 12:48:00 UTC,1h,RLC-USDT,BTC-USDT,0.9786,118947.9,8.227131374e-06,,30,0.0196937,0.023319,0.0127223,366150,0,0,0.556818,465,4,0,HOLD
2025-08-12 12:48:00 UTC,1h,ROAM-USDT,BTC-USDT,0.0809,118947.9,6.801297038e-07,,30,0,-0.00857843,0.00944729,416016,0,0,0.556818,465,4,0,HOLD
2025-08-12 12:48:00 UTC,1h,ROSE-USDT,BTC-USDT,0.02775,118947.9,2.332954176e-07,,30,0.0187225,0.0172287,0.0155985,2.39871e+06,0,0,0.556818,465,4,0,HOLD
2025-08-12 12:48:00 UTC,1h,RPL-USDT,BTC-USDT,8.612,118947.9,7.240144635e-05,,30,0.0659735,0.0413543,0.0209342,6.75974e+06,0,0,0.556818,465,4,0,HOLD
2025-08-12 12:48:00 UTC,1h,RSR-USDT,BTC-USDT,0.009272,118947.9,7.795009412e-08,,30,0.0279379,0.0134441,0.020176,2.56051e+06,0,0,0.556818,465,4,0,HOLD
2025-08-12 12:48:00 UTC,1h,RUNE-USDT,BTC-USDT,1.395,118947.9,1.172782369e-05,,30,0.0167638,0.0101376,0.0129032,5.87375e+06,0,0,0.556818,465,4,0,HOLD
2025-08-12 12:48:00 UTC,1h,RVN-USDT,BTC-USDT,0.01406,118947.9,1.182030116e-07,,30,0.0203193,0.00500357,0.0142756,883280,0,0,0.556818,465,4,0,HOLD
2025-08-12 12:48:00 UTC,1h,S-USDT,BTC-USDT,0.3047,118947.9,2.56162572e-06,,30,0.0180421,0.0066072,0.0150734,7.2476e+06,0,0,0.556818,465,4,0,HOLD
2025-08-12 12:48:00 UTC,1h,SAFE-USDT,BTC-USDT,0.4383,118947.9,3.684806541e-06,,30,0.0143485,0.00159963,0.0129559,6.46013e+06,0,0,0.556818,465,4,0,HOLD
2025-08-12 12:48:00 UTC,1h,SAGA-USDT,BTC-USDT,0.2675,118947.9,2.248883755e-06,,30,0.0380287,0.0249042,0.0189319,3.37149e+06,0,0,0.556818,465,4,0,HOLD
2025-08-12 12:48:00 UTC,1h,SAHARA-USDT,BTC-USDT,0.09325,118947.9,7.839566735e-07,,30,-0.00128521,-0.00596951,0.0201379,9.11187e+06,0,0,0.556818,465,4,0,HOLD
2025-08-12 12:48:00 UTC,1h,SAND-USDT,BTC-USDT,0.28743,118947.9,2.416436104e-06,,30,0.0181361,0.0117212,0.0114289,3.06363e+06,0,0,0.556818,465,4,0,HOLD
2025-08-12 12:48:00 UTC,1h,SANTOS-USDT,BTC-USDT,2.83,118947.9,2.379192907e-05,,30,-0.0541444,-0.00701754,0.0243564,6.70503e+06,0,0,0.556818,465,4,0,HOLD
2025-08-12 12:48:00 UTC,1h,SCR-USDT,BTC-USDT,0.349,118947.9,2.934057684e-06,,30,0.0964499,0.0950737,0.0245395,1.05192e+06,0,0,0.556818,465,4,0,HOLD
2025-08-12 12:48:00 UTC,1h,SEI-USDT,BTC-USDT,0.3113,118947.9,2.617112198e-06,,30,0.0233399,0.0126871,0.0148456,1.64328e+07,0,0,0.556818,465,4,0,HOLD
2025-08-12 12:48:00 UTC,1h,SERAPH-USDT,BTC-USDT,0.14945,118947.9,1.256432438e-06,,30,-0.0137917,-0.0143771,0.00880849,404430,0,0,0.556818,465,4,0,HOLD
2025-08-12 12:48:00 UTC,1h,SFP-USDT,BTC-USDT,0.4999,118947.9,4.202680333e-06,,30,0.00563267,-0.00517413,0.00957334,537333,0,0,0.556818,465,4,0,HOLD
2025-08-12 12:48:00 UTC,1h,SHELL-USDT,BTC-USDT,0.1724,118947.9,1.449374054e-06,,30,0.02558,0.0207223,0.0200116,6.46544e+06,0,0,0.556818,465,4,0,HOLD
2025-08-12 12:48:00 UTC,1h,SHIB-USDT,BTC-USDT,1.3117e-05,118947.9,1.102751709e-10,,30,0.0136785,0.00698603,0.0111742,9.01142e+06,0,0,0.556818,465,4,0,HOLD
2025-08-12 12:48:00 UTC,1h,SIDEKICK-USDT,BTC-USDT,0.2247,118947.9,1.889062354e-06,,30,0.0274348,-0.0144737,0.0438044,6.89305e+06,0,0,0.556818,465,4,0,HOLD
2025-08-12 12:48:00 UTC,1h,SIGN-USDT,BTC-USDT,0.06866,118947.9,5.772275089e-07,,30,0.00145858,-0.00203488,0.00949815,6.47509e+06,0,0,0.556818,465,4,0,HOLD
2025-08-12 12:48:00 UTC,1h,SIREN-USDT,BTC-USDT,0.09445,118947.9,7.94045124e-07,,30,-0.00693933,-0.0376974,0.023686,2.48078e+06,0,0,0.556818,465,4,0,HOLD
2025-08-12 12:48:00 UTC,1h,SKATE-USDT,BTC-USDT,0.04657,118947.9,3.915159494e-07,,30,-0.0120916,-0.0271569,0.0169637,6.60901e+06,0,0,0.556818,465,4,0,HOLD
2025-08-12 12:48:00 UTC,1h,SKL-USDT,BTC-USDT,0.02084,118947.9,1.752027568e-07,,30,0.0185728,0.0190709,0.0149095,1.96297e+06,0,0,0.556818,465,4,0,HOLD
2025-08-12 12:48:00 UTC,1h,SKYAI-USDT,BTC-USDT,0.0681,118947.9,5.725195653e-07,,30,0.000293772,0.01279,0.0124816,6.48264e+06,0,0,0.556818,465,4,0,HOLD
2025-08-12 12:48:00 UTC,1h,SLERF-USDT,BTC-USDT,0.07557,118947.9,6.353201696e-07,,30,0.0183264,0.00159046,0.0131571,2.0648e+06,0,0,0.556818,465,4,0,HOLD
2025-08-12 12:48:00 UTC,1h,SLP-USDT,BTC-USDT,0.001936,118947.9,1.627603346e-08,,30,0.0205588,0.00885878,0.0146842,1.96457e+06,0,0,0.556818,465,4,0,HOLD
2025-08-12 12:48:00 UTC,1h,SNT-USDT,BTC-USDT,0.02791,118947.9,2.346405443e-07,,30,0.00576577,-0.00640797,0.00793366,1.94168e+06,0,0,0.556818,465,4,0,HOLD
2025-08-12 12:48:00 UTC,1h,SNX-USDT,BTC-USDT,0.661,118947.9,5.557054811e-06,,30,0.0328125,0.029595,0.0132915,2.08155e+06,0,0,0.556818,465,4,0,HOLD
2025-08-12 12:48:00 UTC,1h,SOL-USDT,BTC-USDT,177.549,118947.9,0.001492661913,,30,0.017432,0.0111106,0.00862458,5.33306e+08,0,0,0.556818,465,4,0,HOLD
2025-08-12 12:48:00 UTC,1h,SOLV-USDT,BTC-USDT,0.04263,118947.9,3.583922036e-07,,30,-0.0398649,-0.0188723,0.0152642,6.50996e+06,0,0,0.556818,465,4,0,HOLD
2025-08-12 12:48:00 UTC,1h,SONIC-USDT,BTC-USDT,0.2109,118947.9,1.773045174e-06,,30,-0.000473934,-0.00939408,0.0120572,595042,0,0,0.556818,465,4,0,HOLD
2025-08-12 12:48:00 UTC,1h,SOON-USDT,BTC-USDT,0.42689,118947.9,3.588882191e-06,,30,-0.110924,-0.14155,0.0771577,7.66793e+07,0,0,0.556818,465,4,0,HOLD
2025-08-12 12:48:00 UTC,1h,SOPH-USDT,BTC-USDT,0.037874,118947.9,3.184083115e-07,,30,-0.00223926,-0.0224046,0.014288,7.16068e+06,0,0,0.556818,465,4,0,HOLD
2025-08-12 12:48:00 UTC,1h,SPK-USDT,BTC-USDT,0.1019,118947.9,8.566775874e-07,,30,0.0157496,-0.0123098,0.027527,1.15256e+07,0,0,0.556818,465,4,0,HOLD
2025-08-12 12:48:00 UTC,1h,SPX-USDT,BTC-USDT,1.7701,118947.9,1.488130518e-05,,30,0.00334429,0.00448303,0.0176221,9.331e+06,0,0,0.556818,465,4,0,HOLD
2025-08-12 12:48:00 UTC,1h,SQD-USDT,BTC-USDT,0.14293,118947.9,1.201618524e-06,,30,-0.0499202,-0.04433,0.017696,6.49651e+06,0,0,0.556818,465,4,0,HOLD
2025-08-12 12:48:00 UTC,1h,SSV-USDT,BTC-USDT,10.661,118947.9,8.962747556e-05,,30,0.0629113,0.031743,0.0201938,2.61028e+06,0,0,0.556818,465,4,0,HOLD
2025-08-12 12:48:00 UTC,1h,STG-USDT,BTC-USDT,0.1832,118947.9,1.540170108e-06,,30,0.00383562,-0.0208445,0.0161416,2.27761e+06,0,0,0.556818,465,4,0,HOLD
2025-08-12 12:48:00 UTC,1h,STO-USDT,BTC-USDT,0.09448,118947.9,7.942973352e-07,,30,0.0827412,0.045364,0.020284,6.4565e+06,0,0,0.556818,465,4,0,HOLD
2025-08-12 12:48:00 UTC,1h,STORJ-USDT,BTC-USDT,0.2723,118947.9,2.289237557e-06,,30,0.0202323,0.0118915,0.0119616,4.43807e+06,0,0,0.556818,465,4,0,HOLD
2025-08-12 12:48:00 UTC,1h,STRK-USDT,BTC-USDT,0.1311,118947.9,1.102163216e-06,,30,0.0290424,0.0139211,0.017108,7.4468e+06,0,0,0.556818,465,4,0,HOLD
2025-08-12 12:48:00 UTC,1h,STX-USDT,BTC-USDT,0.7258,118947.9,6.101831138e-06,,30,0.0139704,-0.00219962,0.013463,1.07358e+07,0,0,0.556818,465,4,0,HOLD
2025-08-12 12:48:00 UTC,1h,SUI-USDT,BTC-USDT,3.7301,118947.9,3.135910764e-05,,30,0.0181793,0.0105386,0.0105512,7.24537e+07,0,0,0.556818,465,4,0,HOLD
2025-08-12 12:48:00 UTC,1h,SUN-USDT,BTC-USDT,0.022539,118947.9,1.894863213e-07,,30,0.00266916,-0.00494459,0.00845835,2.23597e+06,0,0,0.556818,465,4,0,HOLD
2025-08-12 12:48:00 UTC,1h,SUPER-USDT,BTC-USDT,0.7632,118947.9,6.416254511e-06,,30,0.0233307,0.0188226,0.0139825,2.16482e+06,0,0,0.556818,465,4,0,HOLD
2025-08-12 12:48:00 UTC,1h,SUSHI-USDT,BTC-USDT,0.8354,118947.9,7.023242949e-06,,30,0.026416,0.0112577,0.0153733,4.25332e+06,0,0,0.556818,465,4,0,HOLD
2025-08-12 12:48:00 UTC,1h,SWARMS-USDT,BTC-USDT,0.02567,118947.9,2.158087701e-07,,30,0.000389712,0.0272109,0.0390395,1.01633e+07,0,0,0.556818,465,4,0,HOLD
2025-08-12 12:48:00 UTC,1h,SWELL-USDT,BTC-USDT,0.01062,118947.9,8.928278683e-08,,30,0.0401567,0.0330739,0.0203793,546076,0,0,0.556818,465,4,0,HOLD
2025-08-12 12:48:00 UTC,1h,SXP-USDT,BTC-USDT,0.1847,118947.9,1.552780671e-06,,30,0.0181918,0.00928962,0.010519,2.01495e+06,0,0,0.556818,465,4,0,HOLD
2025-08-12 12:48:00 UTC,1h,SXT-USDT,BTC-USDT,0.08661,118947.9,7.281339141e-07,,30,0.0294782,0.0296006,0.0150016,6.44288e+06,0,0,0.556818,465,4,0,HOLD
2025-08-12 12:48:00 UTC,1h,SYN-USDT,BTC-USDT,0.1404,118947.9,1.180348707e-06,,30,0.0323529,0.0173913,0.0189255,4.43584e+06,0,0,0.556818,465,4,0,HOLD
2025-08-12 12:48:00 UTC,1h,SYRUP-USDT,BTC-USDT,0.47482,118947.9,3.991831718e-06,,30,0.0071268,-0.0412325,0.0174743,6.92361e+06,0,0,0.556818,465,4,0,HOLD
2025-08-12 12:48:00 UTC,1h,TA-USDT,BTC-USDT,0.06319,118947.9,5.312409887e-07,,30,-0.0249961,-0.0631579,0.0237379,6.59177e+06,0,0,0.556818,465,4,0,HOLD
2025-08-12 12:48:00 UTC,1h,TAC-USDT,BTC-USDT,0.01516,118947.9,1.274507579e-07,,30,0.0498615,0.0397805,0.0389182,7.61509e+06,0,0,0.556818,465,4,0,HOLD
2025-08-12 12:48:00 UTC,1h,TAG-USDT,BTC-USDT,0.0011937,118947.9,1.003548612e-08,,30,0.0204308,-0.0142857,0.0316064,8.07079e+06,0,0,0.556818,465,4,0,HOLD
2025-08-12 12:48:00 UTC,1h,TAI-USDT,BTC-USDT,0.07217,118947.9,6.067362265e-07,,30,0.0183434,-0.00110727,0.0220412,6.51353e+06,0,0,0.556818,465,4,0,HOLD
2025-08-12 12:48:00 UTC,1h,TAIKO-USDT,BTC-USDT,0.4719,118947.9,3.967283155e-06,,30,0.0238663,0.00127307,0.0147277,6.46774e+06,0,0,0.556818,465,4,0,HOLD
2025-08-12 12:48:00 UTC,1h,TANSSI-USDT,BTC-USDT,0.05707,118947.9,4.797898912e-07,,30,-0.00244712,-0.0348385,0.029425,6.60383e+06,0,0,0.556818,465,4,0,HOLD
2025-08-12 12:48:00 UTC,1h,TAO-USDT,BTC-USDT,369.69,118947.9,0.003107999385,,30,0.0206228,0.0155761,0.0113473,1.4302e+07,0,0,0.556818,465,4,0,HOLD
2025-08-12 12:48:00 UTC,1h,THE-USDT,BTC-USDT,0.3721,118947.9,3.128260356e-06,,30,0.0130683,-0.0205317,0.0176028,6.55463e+06,0,0,0.556818,465,4,0,HOLD
2025-08-12 12:48:00 UTC,1h,THETA-USDT,BTC-USDT,0.8469,118947.9,7.119923933e-06,,30,0.0136445,0.00917541,0.0145236,3.09221e+06,0,0,0.556818,465,4,0,HOLD
2025-08-12 12:48:00 UTC,1h,TIA-USDT,BTC-USDT,1.7776,118947.9,1.494435799e-05,,30,0.0405666,0.0300151,0.0141965,1.11808e+07,0,0,0.556818,465,4,0,HOLD
2025-08-12 12:48:00 UTC,1h,TLM-USDT,BTC-USDT,0.004982,118947.9,4.188388362e-08,,30,0.0295516,0.0154912,0.0144807,3.69193e+06,0,0,0.556818,465,4,0,HOLD
2025-08-12 12:48:00 UTC,1h,TNSR-USDT,BTC-USDT,0.1354,118947.9,1.138313497e-06,,30,0.0296578,0.0157539,0.016934,6.5427e+06,0,0,0.556818,465,4,0,HOLD
2025-08-12 12:48:00 UTC,1h,TOKEN-USDT,BTC-USDT,0.01611,118947.9,1.354374478e-07,,30,0.0280791,0.0254615,0.0170701,6.01524e+06,0,0,0.556818,465,4,0,HOLD
2025-08-12 12:48:00 UTC,1h,TONCOIN-USDT,BTC-USDT,3.392,118947.9,2.851668672e-05,,30,-0.00586166,-0.00469484,0.00993935,1.01095e+07,0,0,0.556818,465,4,0,HOLD
2025-08-12 12:48:00 UTC,1h,TOSHI-USDT,BTC-USDT,0.000824,118947.9,6.92740267e-09,,30,0.0885073,0.0287141,0.0271325,6.82526e+06,0,0,0.556818,465,4,0,HOLD
2025-08-12 12:48:00 UTC,1h,TOWNS-USDT,BTC-USDT,0.03118,118947.9,2.621315719e-07,,30,-0.0265376,-0.0488103,0.0252451,8.49435e+06,0,0,0.556818,465,4,0,HOLD
2025-08-12 12:48:00 UTC,1h,TRB-USDT,BTC-USDT,37.656,118947.9,0.0003165755764,,30,0.021429,0.00816578,0.0121514,5.4279e+06,0,0,0.556818,465,4,0,HOLD
2025-08-12 12:48:00 UTC,1h,TREE-USDT,BTC-USDT,0.4094,118947.9,3.441843025e-06,,30,0.0270948,0.0242682,0.0161037,7.88508e+06,0,0,0.556818,465,4,0,HOLD
2025-08-12 12:48:00 UTC,1h,TRU-USDT,BTC-USDT,0.03313,118947.9,2.785253039e-07,,30,0.0544239,0.0388837,0.0180027,2.0326e+06,0,0,0.556818,465,4,0,HOLD
2025-08-12 12:48:00 UTC,1h,TRUMP-USDT,BTC-USDT,8.891,118947.9,7.474701109e-05,,30,0.00668025,0.00429233,0.00911034,8.06342e+06,0,0,0.556818,465,4,0,HOLD
2025-08-12 12:48:00 UTC,1h,TRX-USDT,BTC-USDT,0.34596,118947.9,2.908500276e-06,,30,-0.0031982,-0.00614766,0.00480857,1.31355e+07,0,0,0.556818,465,4,0,HOLD
2025-08-12 12:48:00 UTC,1h,TST-USDT,BTC-USDT,0.02609,118947.9,2.193397277e-07,,30,-0.0557365,-0.134373,0.0500465,9.63706e+06,0,0,0.556818,465,4,0,HOLD
2025-08-12 12:48:00 UTC,1h,TURBO-USDT,BTC-USDT,0.0047003,118947.9,3.951561986e-08,,30,0.0226269,-0.000361548,0.0154489,6.31958e+06,0,0,0.556818,465,4,0,HOLD
2025-08-12 12:48:00 UTC,1h,TUT-USDT,BTC-USDT,0.05994,118947.9,5.03918102e-07,,30,0.00317992,0,0.00463559,1.95418e+06,0,0,0.556818,465,4,0,HOLD
2025-08-12 12:48:00 UTC,1h,TWT-USDT,BTC-USDT,0.768,118947.9,6.456608313e-06,,30,0.006949,-0.00337399,0.0077567,2.0824e+06,0,0,0.556818,465,4,0,HOLD
2025-08-12 12:48:00 UTC,1h,UMA-USDT,BTC-USDT,1.301,118947.9,1.093756174e-05,,30,0.0227987,0.0172009,0.0178434,2.45945e+06,0,0,0.556818,465,4,0,HOLD
2025-08-12 12:48:00 UTC,1h,UNI-USDT,BTC-USDT,11.291,118947.9,9.492391207e-05,,30,0.00956724,0.00605899,0.0186495,5.88717e+07,0,0,0.556818,465,4,0,HOLD
2025-08-12 12:48:00 UTC,1h,USELESS-USDT,BTC-USDT,0.216,118947.9,1.815921088e-06,,30,0.0567515,0.0598626,0.0311839,7.28419e+06,0,0,0.556818,465,4,0,HOLD
2025-08-12 12:48:00 UTC,1h,USTC-USDT,BTC-USDT,0.014416,118947.9,1.211959185e-07,,30,0.0190146,0.0319256,0.0237484,2.3101e+06,0,0,0.556818,465,4,0,HOLD
2025-08-12 12:48:00 UTC,1h,USUAL-USDT,BTC-USDT,0.07633,118947.9,6.417095216e-07,,30,0.025803,0.0109934,0.019062,2.26093e+06,0,0,0.556818,465,4,0,HOLD
2025-08-12 12:48:00 UTC,1h,UXLINK-USDT,BTC-USDT,0.3457,118947.9,2.906314445e-06,,30,0.0131887,0.00787172,0.013203,6.80339e+06,0,0,0.556818,465,4,0,HOLD
2025-08-12 12:48:00 UTC,1h,VANA-USDT,BTC-USDT,4.361,118947.9,3.666311049e-05,,30,0.0125377,0,0.0118256,6.51921e+06,0,0,0.556818,465,4,0,HOLD
2025-08-12 12:48:00 UTC,1h,VANRY-USDT,BTC-USDT,0.03175,118947.9,2.669235859e-07,,30,0.0362272,0.0101814,0.0179753,496990,0,0,0.556818,465,4,0,HOLD
2025-08-12 12:48:00 UTC,1h,VELODROME-USDT,BTC-USDT,0.05943,118947.9,4.996305105e-07,,30,0.01816,-0.00916972,0.01393,584184,0,0,0.556818,465,4,0,HOLD
2025-08-12 12:48:00 UTC,1h,VELVET-USDT,BTC-USDT,0.0679,118947.9,5.708381569e-07,,30,-0.00832481,0.00354715,0.0244477,6.5251e+06,0,0,0.556818,465,4,0,HOLD
2025-08-12 12:48:00 UTC,1h,VET-USDT,BTC-USDT,0.024746,118947.9,2.080406632e-07,,30,0.0163463,0.00178123,0.0117912,3.75444e+06,0,0,0.556818,465,4,0,HOLD
2025-08-12 12:48:00 UTC,1h,VIC-USDT,BTC-USDT,0.2589,118947.9,2.176583193e-06,,30,0.0117233,0.00700117,0.0126911,6.61189e+06,0,0,0.556818,465,4,0,HOLD
2025-08-12 12:48:00 UTC,1h,VINE-USDT,BTC-USDT,0.06835,118947.9,5.746213258e-07,,30,0.03592,-0.103959,0.0499634,1.81406e+07,0,0,0.556818,465,4,0,HOLD
2025-08-12 12:48:00 UTC,1h,VIRTUAL-USDT,BTC-USDT,1.3283,118947.9,1.116707399e-05,,30,0.0139695,0.00128147,0.0147665,9.94524e+06,0,0,0.556818,465,4,0,HOLD
2025-08-12 12:48:00 UTC,1h,VOXEL-USDT,BTC-USDT,0.05909,118947.9,4.967721162e-07,,30,0.0193203,0.00715868,0.0155332,486753,0,0,0.556818,465,4,0,HOLD
2025-08-12 12:48:00 UTC,1h,VTHO-USDT,BTC-USDT,0.001914,118947.9,1.609107853e-08,,30,0.0153846,0.00683851,0.0114569,441417,0,0,0.556818,465,4,0,HOLD
2025-08-12 12:48:00 UTC,1h,VVV-USDT,BTC-USDT,2.885,118947.9,2.425431639e-05,,30,0.0344209,0.0187147,0.0157217,312611,0,0,0.556818,465,4,0,HOLD
2025-08-12 12:48:00 UTC,1h,W-USDT,BTC-USDT,0.08531,118947.9,7.172047594e-07,,30,0.0242526,0.00625147,0.0152637,7.0392e+06,0,0,0.556818,465,4,0,HOLD
2025-08-12 12:48:00 UTC,1h,WAL-USDT,BTC-USDT,0.4066,118947.9,3.418303308e-06,,30,0.0185371,0.00918342,0.012912,6.54294e+06,0,0,0.556818,465,4,0,HOLD
2025-08-12 12:48:00 UTC,1h,WCT-USDT,BTC-USDT,0.3153,118947.9,2.650740366e-06,,30,0.0154589,0.00446002,0.0129355,7.01547e+06,0,0,0.556818,465,4,0,HOLD
2025-08-12 12:48:00 UTC,1h,WIF-USDT,BTC-USDT,0.9206,118947.9,7.739522934e-06,,30,0.0155543,0.00272301,0.0152851,3.83676e+07,0,0,0.556818,465,4,0,HOLD
2025-08-12 12:48:00 UTC,1h,WLD-USDT,BTC-USDT,1.0052,118947.9,8.450758694e-06,,30,0.0190592,0.00640769,0.0127906,1.7002e+07,0,0,0.556818,465,4,0,HOLD
2025-08-12 12:48:00 UTC,1h,WOO-USDT,BTC-USDT,0.07695,118947.9,6.469218876e-07,,30,0.0190703,0.0125,0.0142857,2.08167e+06,0,0,0.556818,465,4,0,HOLD
2025-08-12 12:48:00 UTC,1h,X-USDT,BTC-USDT,5.504e-05,118947.9,4.627235958e-10,,30,0.0113929,0.0140015,0.0161441,6.69324e+06,0,0,0.556818,465,4,0,HOLD
2025-08-12 12:48:00 UTC,1h,XAI-USDT,BTC-USDT,0.0527,118947.9,4.430511173e-07,,30,0.0369933,0.0268901,0.0169287,2.11499e+06,0,0,0.556818,465,4,0,HOLD
2025-08-12 12:48:00 UTC,1h,XAUT-USDT,BTC-USDT,3351.4,118947.9,0.02817536081,,30,0.00203313,-0.000775194,0.00215049,7.48235e+06,0,0,0.556818,465,4,0,HOLD
2025-08-12 12:48:00 UTC,1h,XCN-USDT,BTC-USDT,0.01379,118947.9,1.159331102e-07,,30,0.0124816,0.00656934,0.0103595,1.97121e+06,0,0,0.556818,465,4,0,HOLD
2025-08-12 12:48:00 UTC,1h,XLM-USDT,BTC-USDT,0.44002,118947.9,3.699266654e-06,,30,0.0091276,0.00947487,0.0124394,1.73239e+07,0,0,0.556818,465,4,0,HOLD
2025-08-12 12:48:00 UTC,1h,XRP-USDT,BTC-USDT,3.1852,118947.9,2.677811042e-05,,30,0.0136524,0.0123637,0.00878169,2.16937e+08,0,0,0.556818,465,4,0,HOLD
2025-08-12 12:48:00 UTC,1h,YALA-USDT,BTC-USDT,0.2627,118947.9,2.208529953e-06,,30,-0.168934,-0.178035,0.0408124,8.1752e+06,0,0,0.556818,465,4,0,HOLD
2025-08-12 12:48:00 UTC,1h,YFI-USDT,BTC-USDT,5708,118947.9,0.04798739616,,30,0.0131345,0.0140345,0.0103739,9.52009e+06,0,0,0.556818,465,4,0,HOLD
2025-08-12 12:48:00 UTC,1h,YGG-USDT,BTC-USDT,0.1657,118947.9,1.393046872e-06,,30,0.0272784,0.0146969,0.0155186,3.96627e+06,0,0,0.556818,465,4,0,HOLD
2025-08-12 12:48:00 UTC,1h,ZBCN-USDT,BTC-USDT,0.005115,118947.9,4.300202021e-08,,30,-0.0160055,0.030087,0.026379,6.65166e+06,0,0,0.556818,465,4,0,HOLD
2025-08-12 12:48:00 UTC,1h,ZEREBRO-USDT,BTC-USDT,0.02814,118947.9,2.36574164e-07,,30,0.0046412,0.00824077,0.0165245,2.11911e+06,0,0,0.556818,465,4,0,HOLD
2025-08-12 12:48:00 UTC,1h,ZETA-USDT,BTC-USDT,0.1997,118947.9,1.678886302e-06,,30,0.0178389,0.00452716,0.0130911,4.40769e+06,0,0,0.556818,465,4,0,HOLD
2025-08-12 12:48:00 UTC,1h,ZIL-USDT,BTC-USDT,0.0115,118947.9,9.668098386e-08,,30,0.0204082,0.0132159,0.0121118,2.30005e+06,0,0,0.556818,465,4,0,HOLD
2025-08-12 12:48:00 UTC,1h,ZK-USDT,BTC-USDT,0.05792,118947.9,4.86935877e-07,,30,0.0374351,0.0267683,0.01581,6.99723e+06,0,0,0.556818,465,4,0,HOLD
2025-08-12 12:48:00 UTC,1h,ZKJ-USDT,BTC-USDT,0.2536,118947.9,2.13202587e-06,,30,0.0462046,-0.0523169,0.049769,9.08494e+06,0,0,0.556818,465,4,0,HOLD
2025-08-12 12:48:00 UTC,1h,ZORA-USDT,BTC-USDT,0.12517,118947.9,1.052309456e-06,,30,0.0547737,0.0193827,0.040134,3.8001e+07,0,0,0.556818,465,4,0,HOLD
2025-08-12 12:48:00 UTC,1h,ZRC-USDT,BTC-USDT,0.03398,118947.9,2.856712897e-07,,30,0.0116106,-0.00730353,0.0154292,6.58303e+06,0,0,0.556818,465,4,0,HOLD
2025-08-12 12:48:00 UTC,1h,ZRO-USDT,BTC-USDT,2.2481,118947.9,1.889987129e-05,,30,0.00988275,-0.0241774,0.0186221,1.56181e+07,0,0,0.556818,465,4,0,HOLD
2025-08-12 12:48:00 UTC,1h,ZRX-USDT,BTC-USDT,0.2536,118947.9,2.13202587e-06,,30,0.0184739,0.00955414,0.0123085,1.98526e+06,0,0,0.556818,465,4,0,HOLD
2025-08-12 13:02:54 UTC,1h,1000000BABYDOGE-USDT,BTC-USDT,0.0013345,119145.2,1.120061908e-08,,30,0.0138266,0.00716981,0.0121554,1.27566e+06,0,0,0.5,465,4,0,HOLD
2025-08-12 13:02:54 UTC,1h,1000000BOB-USDT,BTC-USDT,0.07991,119145.2,6.706942453e-07,,30,-0.0164923,-0.0256066,0.0295332,6.43169e+06,0,0,0.5,465,4,0,HOLD
2025-08-12 13:02:54 UTC,1h,1000000MOG-USDT,BTC-USDT,1.4502,119145.2,1.21717031e-05,,30,0.04859,0.0530061,0.0233367,1.6178e+06,0,0,0.5,465,4,0,HOLD
2025-08-12 13:02:54 UTC,1h,10000SATS-USDT,BTC-USDT,0.000404,119145.2,3.390820612e-09,,30,0.0125313,0.00248139,0.0155587,2.32201e+06,0,0,0.5,465,4,0,HOLD
2025-08-12 13:02:54 UTC,1h,10000WHY-USDT,BTC-USDT,0.0003327,119145.2,2.792391133e-09,,30,0.026535,0.0168093,0.013998,2.20611e+06,0,0,0.5,465,4,0,HOLD
2025-08-12 13:02:54 UTC,1h,1000BONK-USDT,BTC-USDT,0.024669,119145.2,2.070498853e-07,,30,0.00497006,-0.0130821,0.0141241,5.82049e+06,0,0,0.5,465,4,0,HOLD
2025-08-12 13:02:54 UTC,1h,1000CAT-USDT,BTC-USDT,0.009093,119145.2,7.631864313e-08,,30,0.0156372,0.00786965,0.0145716,6.34127e+06,0,0,0.5,465,4,0,HOLD
2025-08-12 13:02:54 UTC,1h,1000CHEEMS-USDT,BTC-USDT,0.0013033,119145.2,1.093875372e-08,,30,0.00015348,-0.0289099,0.0119422,6.26429e+06,0,0,0.5,465,4,0,HOLD
2025-08-12 13:02:54 UTC,1h,1000PEPE-USDT,BTC-USDT,0.011636,119145.2,9.766234813e-08,,30,0.0270895,0.0319537,0.0135718,2.89148e+07,0,0,0.5,465,4,0,HOLD
2025-08-12 13:02:54 UTC,1h,1INCH-USDT,BTC-USDT,0.2683,119145.2,2.251874184e-06,,30,0.00978547,0.0189897,0.012699,5.85941e+06,0,0,0.5,465,4,0,HOLD
2025-08-12 13:02:54 UTC,1h,A-USDT,BTC-USDT,0.53684,119145.2,4.505762716e-06,,30,-0.014864,0.0169736,0.0142434,6.78806e+06,0,0,0.5,465,4,0,HOLD
2025-08-12 13:02:54 UTC,1h,A2Z-USDT,BTC-USDT,0.007298,119145.2,6.125299215e-08,,30,-0.00950054,0.00717637,0.0218455,6.76078e+06,0,0,0.5,465,4,0,HOLD
2025-08-12 13:02:54 UTC,1h,AAPLX-USDT,BTC-USDT,227.96,119145.2,0.00191329571,,30,0.00365429,0.0070239,0.00431153,6.21976e+06,0,0,0.5,465,4,0,HOLD
2025-08-12 13:02:54 UTC,1h,AAVE-USDT,BTC-USDT,304.09,119145.2,0.00255226396,,30,0.0216361,0.0203678,0.0121886,6.51939e+07,0,0,0.5,465,4,0,HOLD
2025-08-12 13:02:54 UTC,1h,ACE-USDT,BTC-USDT,0.5673,119145.2,4.761417162e-06,,30,0.00282835,0.0188578,0.0166704,1.98908e+06,0,0,0.5,465,4,0,HOLD
2025-08-12 13:02:54 UTC,1h,ACH-USDT,BTC-USDT,0.022089,119145.2,1.853956349e-07,,30,0.00812377,0.0154928,0.0136946,931495,0,0,0.5,465,4,0,HOLD
2025-08-12 13:02:54 UTC,1h,ACT-USDT,BTC-USDT,0.04229,119145.2,3.549450586e-07,,30,0.0119646,0.0139055,0.0141202,6.39194e+06,0,0,0.5,465,4,0,HOLD
2025-08-12 13:02:54 UTC,1h,ADA-USDT,BTC-USDT,0.79144,119145.2,6.642651152e-06,,30,0.0121104,0.0113991,0.0110215,4.28501e+07,0,0,0.5,465,4,0,HOLD
2025-08-12 13:02:54 UTC,1h,AERGO-USDT,BTC-USDT,0.11621,119145.2,9.753645132e-07,,30,0.00077506,-0.00360113,0.00930581,1.93853e+06,0,0,0.5,465,4,0,HOLD
2025-08-12 13:02:54 UTC,1h,AERO-USDT,BTC-USDT,1.1717,119145.2,9.834219087e-06,,30,0.0542559,0.0452275,0.017941,3.1035e+06,0,0,0.5,465,4,0,HOLD
2025-08-12 13:02:54 UTC,1h,AEVO-USDT,BTC-USDT,0.0983,119145.2,8.250437282e-07,,30,0.0102775,0.0293194,0.016858,6.33917e+06,0,0,0.5,465,4,0,HOLD
2025-08-12 13:02:54 UTC,1h,AGLD-USDT,BTC-USDT,0.7195,119145.2,6.038850075e-06,,30,0.00334681,0.00362673,0.0114862,4.10998e+06,0,0,0.5,465,4,0,HOLD
2025-08-12 13:02:54 UTC,1h,AGT-USDT,BTC-USDT,0.005822,119145.2,4.886474654e-08,,30,0.0112906,-0.0228265,0.0212249,6.35915e+06,0,0,0.5,465,4,0,HOLD
2025-08-12 13:02:54 UTC,1h,AI16Z-USDT,BTC-USDT,0.1308,119145.2,1.097820139e-06,,30,0.00925926,-0.00380807,0.0191131,8.3216e+06,0,0,0.5,465,4,0,HOLD
2025-08-12 13:02:54 UTC,1h,AIN-USDT,BTC-USDT,0.13769,119145.2,1.155648738e-06,,30,0.00908758,-0.00556117,0.0178247,6.26765e+06,0,0,0.5,465,4,0,HOLD
2025-08-12 13:02:54 UTC,1h,AIOT-USDT,BTC-USDT,0.52274,119145.2,4.38741972e-06,,30,0.027822,0.0370179,0.0107155,6.31957e+06,0,0,0.5,465,4,0,HOLD
2025-08-12 13:02:54 UTC,1h,AIXBT-USDT,BTC-USDT,0.1307,119145.2,1.096980827e-06,,30,0.0259832,0.0379606,0.0169527,6.96691e+06,0,0,0.5,465,4,0,HOLD
2025-08-12 13:02:54 UTC,1h,AKT-USDT,BTC-USDT,1.251,119145.2,1.049979353e-05,,30,0.0129555,0.00481928,0.0122188,474165,0,0,0.5,465,4,0,HOLD
2025-08-12 13:02:54 UTC,1h,ALCH-USDT,BTC-USDT,0.13984,119145.2,1.173693947e-06,,30,-0.0165963,-0.0313777,0.0108134,6.35553e+06,0,0,0.5,465,4,0,HOLD
2025-08-12 13:02:54 UTC,1h,ALGO-USDT,BTC-USDT,0.26,119145.2,2.182211285e-06,,30,0.0148322,0.0140406,0.0133791,4.09076e+06,0,0,0.5,465,4,0,HOLD
2025-08-12 13:02:54 UTC,1h,ALPHA-USDT,BTC-USDT,0.01568,119145.2,1.316041267e-07,,30,0.00384123,-0.00190961,0.0155794,1.89885e+06,0,0,0.5,465,4,0,HOLD
2025-08-12 13:02:54 UTC,1h,ALPINE-USDT,BTC-USDT,1.3848,119145.2,1.162279303e-05,,30,-0.124043,-0.0536459,0.0567178,8.53623e+06,0,0,0.5,465,4,0,HOLD
2025-08-12 13:02:54 UTC,1h,ALT-USDT,BTC-USDT,0.03659,119145.2,3.071042728e-07,,30,0.0155426,0.0380142,0.0211416,5.44381e+06,0,0,0.5,465,4,0,HOLD
2025-08-12 13:02:54 UTC,1h,ALTCOIN-USDT,BTC-USDT,239.03,119145.2,0.002006207552,,30,0.0118529,0.012839,0.00787707,1.84136e+06,0,0,0.5,465,4,0,HOLD
2025-08-12 13:02:54 UTC,1h,ANIME-USDT,BTC-USDT,0.0174,119145.2,1.460402937e-07,,30,0.00519931,0.00172712,0.0131363,6.37569e+06,0,0,0.5,465,4,0,HOLD
2025-08-12 13:02:54 UTC,1h,ANKR-USDT,BTC-USDT,0.01602,119145.2,1.344577876e-07,,30,0.00628141,0.00187617,0.0113697,326278,0,0,0.5,465,4,0,HOLD
2025-08-12 13:02:54 UTC,1h,APE-USDT,BTC-USDT,0.6195,119145.2,5.199538043e-06,,30,0.0045403,0.00715331,0.0107114,6.42338e+06,0,0,0.5,465,4,0,HOLD
2025-08-12 13:02:54 UTC,1h,API3-USDT,BTC-USDT,0.7382,119145.2,6.195801425e-06,,30,0.0130369,0.012759,0.0126272,6.42197e+06,0,0,0.5,465,4,0,HOLD
2025-08-12 13:02:54 UTC,1h,APT-USDT,BTC-USDT,4.6387,119145.2,3.893316726e-05,,30,0.0077996,0.0133033,0.0111315,1.02246e+07,0,0,0.5,465,4,0,HOLD
2025-08-12 13:02:54 UTC,1h,AR-USDT,BTC-USDT,7.592,119145.2,6.372056952e-05,,30,0.0187869,0.021941,0.0168787,2.40524e+06,0,0,0.5,465,4,0,HOLD
2025-08-12 13:02:54 UTC,1h,ARB-USDT,BTC-USDT,0.4573,119145.2,3.838173926e-06,,30,0.0308837,0.0327462,0.0163381,1.39511e+07,0,0,0.5,465,4,0,HOLD
2025-08-12 13:02:54 UTC,1h,ARC-USDT,BTC-USDT,0.02359,119145.2,1.979937085e-07,,30,0.0194468,0.00898204,0.0219524,7.0941e+06,0,0,0.5,465,4,0,HOLD
2025-08-12 13:02:54 UTC,1h,ARK-USDT,BTC-USDT,0.4463,119145.2,3.745849602e-06,,30,0.00631342,0.00495384,0.0128197,2.00748e+06,0,0,0.5,465,4,0,HOLD
2025-08-12 13:02:54 UTC,1h,ARKM-USDT,BTC-USDT,0.5202,119145.2,4.366101194e-06,,30,0.0136399,0.021001,0.0151727,2.59796e+06,0,0,0.5,465,4,0,HOLD
2025-08-12 13:02:54 UTC,1h,ARPA-USDT,BTC-USDT,0.02264,119145.2,1.900202442e-07,,30,0.0129754,0.00936246,0.0125252,7.80077e+06,0,0,0.5,465,4,0,HOLD
2025-08-12 13:02:54 UTC,1h,ASP-USDT,BTC-USDT,0.1681,119145.2,1.410883527e-06,,30,-0.0388794,-0.0203963,0.0389224,6.71872e+06,0,0,0.5,465,4,0,HOLD
2025-08-12 13:02:54 UTC,1h,ASR-USDT,BTC-USDT,6.589,119145.2,5.530226984e-05,,30,0.00426764,-0.0313143,0.0176268,7.28148e+06,0,0,0.5,465,4,0,HOLD
2025-08-12 13:02:54 UTC,1h,ASTR-USDT,BTC-USDT,0.02502,119145.2,2.099958706e-07,,30,0.0113177,0.0154221,0.0108485,1.9289e+06,0,0,0.5,465,4,0,HOLD
2025-08-12 13:02:54 UTC,1h,ATA-USDT,BTC-USDT,0.0494,119145.2,4.146201442e-07,,30,0.00816327,0.0185567,0.0138809,299321,0,0,0.5,465,4,0,HOLD
2025-08-12 13:02:54 UTC,1h,ATH-USDT,BTC-USDT,0.03364,119145.2,2.823445678e-07,,30,-0.0172363,-0.0302681,0.0117632,2.23288e+06,0,0,0.5,465,4,0,HOLD
2025-08-12 13:02:54 UTC,1h,ATOM-USDT,BTC-USDT,4.563,119145.2,3.829780805e-05,,30,0.00684025,0.0106312,0.0095332,8.10062e+06,0,0,0.5,465,4,0,HOLD
2025-08-12 13:02:54 UTC,1h,AUCTION-USDT,BTC-USDT,10.245,119145.2,8.598751775e-05,,30,0.00156418,0.00127052,0.0110925,4.52261e+06,0,0,0.5,465,4,0,HOLD
2025-08-12 13:02:54 UTC,1h,AVA-USDT,BTC-USDT,0.592,119145.2,4.968727234e-06,,30,0.0138722,0.0114471,0.013043,543579,0,0,0.5,465,4,0,HOLD
2025-08-12 13:02:54 UTC,1h,AVAAI-USDT,BTC-USDT,0.03629,119145.2,3.045863367e-07,,30,-0.0412153,-0.0561769,0.0283431,8.8144e+06,0,0,0.5,465,4,0,HOLD
2025-08-12 13:02:54 UTC,1h,AVAX-USDT,BTC-USDT,23.574,119145.2,0.0001978594186,,30,0.0199014,0.0229107,0.01122,5.28894e+07,0,0,0.5,465,4,0,HOLD
2025-08-12 13:02:54 UTC,1h,AWE-USDT,BTC-USDT,0.054095,119145.2,4.540258441e-07,,30,-0.00461856,0.00445641,0.0096048,6.24998e+06,0,0,0.5,465,4,0,HOLD
2025-08-12 13:02:54 UTC,1h,AXL-USDT,BTC-USDT,0.3473,119145.2,2.91493069e-06,,30,0.0166862,0.0116516,0.0134918,2.0651e+06,0,0,0.5,465,4,0,HOLD
2025-08-12 13:02:54 UTC,1h,AXS-USDT,BTC-USDT,2.414,119145.2,2.026099247e-05,,30,0.00541441,0.00793319,0.01225,5.16564e+06,0,0,0.5,465,4,0,HOLD
2025-08-12 13:02:54 UTC,1h,B-USDT,BTC-USDT,0.63699,119145.2,5.346333717e-06,,30,-0.0324741,-0.0403164,0.0152974,6.68267e+06,0,0,0.5,465,4,0,HOLD
2025-08-12 13:02:54 UTC,1h,B2-USDT,BTC-USDT,0.3899,119145.2,3.272477616e-06,,30,-0.00914867,0.000513215,0.0138131,6.24563e+06,0,0,0.5,465,4,0,HOLD
2025-08-12 13:02:54 UTC,1h,B3-USDT,BTC-USDT,0.003124,119145.2,2.62201079e-08,,30,0.0182529,0.0179211,0.0154106,6.30122e+06,0,0,0.5,465,4,0,HOLD
2025-08-12 13:02:54 UTC,1h,BABY-USDT,BTC-USDT,0.06055,119145.2,5.082034358e-07,,30,0.0113579,-0.00672572,0.0147222,6.42064e+06,0,0,0.5,465,4,0,HOLD
2025-08-12 13:02:54 UTC,1h,BAKE-USDT,BTC-USDT,0.0851,119145.2,7.142545398e-07,,30,0.00948992,0.00353774,0.0147725,1.46101e+06,0,0,0.5,465,4,0,HOLD
2025-08-12 13:02:54 UTC,1h,BANANA-USDT,BTC-USDT,25.47,119145.2,0.0002137727747,,30,0.0183926,0.014741,0.0164059,9.24352e+06,0,0,0.5,465,4,0,HOLD
2025-08-12 13:02:54 UTC,1h,BANANAS31-USDT,BTC-USDT,0.007162,119145.2,6.011152778e-08,,30,0.00406561,-0.00830795,0.0177923,4.89417e+06,0,0,0.5,465,4,0,HOLD
2025-08-12 13:02:54 UTC,1h,BANK-USDT,BTC-USDT,0.067056,119145.2,5.628090767e-07,,30,0.0307111,0.075253,0.0285401,6.4875e+06,0,0,0.5,465,4,0,HOLD
2025-08-12 13:02:54 UTC,1h,BAT-USDT,BTC-USDT,0.1485,119145.2,1.246378369e-06,,30,0.00473613,0.00134862,0.011544,438120,0,0,0.5,465,4,0,HOLD
2025-08-12 13:02:54 UTC,1h,BB-USDT,BTC-USDT,0.12489,119145.2,1.048216798e-06,,30,0.0100283,0.0123207,0.0198174,9.28903e+06,0,0,0.5,465,4,0,HOLD
2025-08-12 13:02:54 UTC,1h,BCH-USDT,BTC-USDT,594.04,119145.2,0.004985849199,,30,0.00551813,-0.00204952,0.0103865,3.13327e+07,0,0,0.5,465,4,0,HOLD
2025-08-12 13:02:54 UTC,1h,BDXN-USDT,BTC-USDT,0.04015,119145.2,3.369837811e-07,,30,-0.0130285,-0.0348558,0.0202811,6.35109e+06,0,0,0.5,465,4,0,HOLD
2025-08-12 13:02:54 UTC,1h,BEAM-USDT,BTC-USDT,0.008215,119145.2,6.894948349e-08,,30,0.0334633,0.0392157,0.0173028,2.03531e+06,0,0,0.5,465,4,0,HOLD
2025-08-12 13:02:54 UTC,1h,BERA-USDT,BTC-USDT,1.953,119145.2,1.6391764e-05,,30,0.00359712,-0.00560081,0.01313,6.61598e+06,0,0,0.5,465,4,0,HOLD
2025-08-12 13:02:54 UTC,1h,BID-USDT,BTC-USDT,0.06863,119145.2,5.760198481e-07,,30,0.0171928,-0.00521815,0.0208468,2.48112e+06,0,0,0.5,465,4,0,HOLD
2025-08-12 13:02:54 UTC,1h,BIGTIME-USDT,BTC-USDT,0.05876,119145.2,4.931797504e-07,,30,0.0115338,0.00771737,0.0124599,2.00675e+06,0,0,0.5,465,4,0,HOLD
2025-08-12 13:02:54 UTC,1h,BIO-USDT,BTC-USDT,0.1236,119145.2,1.037389672e-06,,30,-0.0247751,-0.0277669,0.0470065,1.90027e+07,0,0,0.5,465,4,0,HOLD
2025-08-12 13:02:54 UTC,1h,BLAST-USDT,BTC-USDT,0.003043,119145.2,2.554026516e-08,,30,-0.0110497,-0.0129744,0.0156565,513097,0,0,0.5,465,4,0,HOLD
2025-08-12 13:02:54 UTC,1h,BLUR-USDT,BTC-USDT,0.08361,119145.2,7.017487906e-07,,30,-0.000239149,0.00275846,0.0137543,4.5625e+06,0,0,0.5,465,4,0,HOLD
2025-08-12 13:02:54 UTC,1h,BMT-USDT,BTC-USDT,0.08178,119145.2,6.863893804e-07,,30,0.00417485,-0.00848691,0.0135468,1.98147e+06,0,0,0.5,465,4,0,HOLD
2025-08-12 13:02:54 UTC,1h,BNB-USDT,BTC-USDT,811.78,119145.2,0.006813367219,,30,0.00507627,0.00269269,0.00752139,3.25837e+07,0,0,0.5,465,4,0,HOLD
2025-08-12 13:02:54 UTC,1h,BNT-USDT,BTC-USDT,0.80126,119145.2,6.725071593e-06,,30,0.0105181,0.0194148,0.0126675,1.91428e+06,0,0,0.5,465,4,0,HOLD
2025-08-12 13:02:54 UTC,1h,BOME-USDT,BTC-USDT,0.00187,119145.2,1.569513501e-08,,30,0.0163043,0.0201855,0.0166921,9.20419e+06,0,0,0.5,465,4,0,HOLD
2025-08-12 13:02:54 UTC,1h,BR-USDT,BTC-USDT,0.05008,119145.2,4.20327466e-07,,30,0.000399521,-0.000598683,0.000969877,1.88103e+06,0,0,0.5,465,4,0,HOLD
2025-08-12 13:02:54 UTC,1h,BRETT-USDT,BTC-USDT,0.05654,119145.2,4.745470233e-07,,30,0.0355311,0.0359106,0.0177624,5.13957e+06,0,0,0.5,465,4,0,HOLD
2025-08-12 13:02:54 UTC,1h,BROCCOLI-USDT,BTC-USDT,0.02783,119145.2,2.335805387e-07,,30,0,-0.0383552,0.0188132,6.2713e+06,0,0,0.5,465,4,0,HOLD
2025-08-12 13:02:54 UTC,1h,BROCCOLIF3B-USDT,BTC-USDT,0.010189,119145.2,8.551750301e-08,,30,0.0389518,0.00642039,0.0139857,6.24237e+06,0,0,0.5,465,4,0,HOLD
2025-08-12 13:02:54 UTC,1h,BSV-USDT,BTC-USDT,28.84,119145.2,0.0002420575902,,30,-0.0130048,-0.0243572,0.014464,2.27625e+06,0,0,0.5,465,4,0,HOLD
2025-08-12 13:02:54 UTC,1h,BSW-USDT,BTC-USDT,0.02699,119145.2,2.265303176e-07,,30,-0.00111029,0.00148423,0.0230509,2.13463e+06,0,0,0.5,465,4,0,HOLD
2025-08-12 13:02:54 UTC,1h,BTC-USDT,BTC-USDT,119212.4,119145.2,1.000564018,,30,0.00217817,0.00231635,0.00370144,1.50797e+09,0,0,0.5,465,4,0,HOLD
2025-08-12 13:02:54 UTC,1h,BULLA-USDT,BTC-USDT,0.08469,119145.2,7.108133605e-07,,30,-0.0139714,0.00343602,0.0245517,6.6359e+06,0,0,0.5,465,4,0,HOLD
2025-08-12 13:02:54 UTC,1h,C-USDT,BTC-USDT,0.26124,119145.2,2.192618754e-06,,30,0.0304919,0.028909,0.0173814,6.44207e+06,0,0,0.5,465,4,0,HOLD
2025-08-12 13:02:54 UTC,1h,CAKE-USDT,BTC-USDT,2.7682,119145.2,2.323383569e-05,,30,0.00610598,0.00268038,0.00979234,2.52726e+06,0,0,0.5,465,4,0,HOLD
2025-08-12 13:02:54 UTC,1h,CARV-USDT,BTC-USDT,0.3055,119145.2,2.56409826e-06,,30,-0.0289256,-0.00618087,0.0178396,2.19146e+06,0,0,0.5,465,4,0,HOLD
2025-08-12 13:02:54 UTC,1h,CATI-USDT,BTC-USDT,0.0938,119145.2,7.872746867e-07,,30,-0.0539586,-0.00159659,0.0437405,6.89036e+06,0,0,0.5,465,4,0,HOLD
2025-08-12 13:02:54 UTC,1h,CELO-USDT,BTC-USDT,0.3501,119145.2,2.938431427e-06,,30,0.00777202,0.0141947,0.015669,2.31415e+06,0,0,0.5,465,4,0,HOLD
2025-08-12 13:02:54 UTC,1h,CELR-USDT,BTC-USDT,0.00789,119145.2,6.622171938e-08,,30,0.0115385,0.0180645,0.0129459,1.96163e+06,0,0,0.5,465,4,0,HOLD
2025-08-12 13:02:54 UTC,1h,CETUS-USDT,BTC-USDT,0.10753,119145.2,9.025122288e-07,,30,0.0173132,0.0201119,0.0156368,876323,0,0,0.5,465,4,0,HOLD
2025-08-12 13:02:54 UTC,1h,CFX-USDT,BTC-USDT,0.19764,119145.2,1.658816301e-06,,30,0.00769898,-0.000657329,0.0137588,9.60526e+06,0,0,0.5,465,4,0,HOLD
2025-08-12 13:02:54 UTC,1h,CGPT-USDT,BTC-USDT,0.09973,119145.2,8.370458902e-07,,30,0.0193173,0.0158908,0.0147183,680967,0,0,0.5,465,4,0,HOLD
2025-08-12 13:02:54 UTC,1h,CHESS-USDT,BTC-USDT,0.07385,119145.2,6.198319362e-07,,30,0.0343137,0.0190424,0.0173808,776714,0,0,0.5,465,4,0,HOLD
2025-08-12 13:02:54 UTC,1h,CHILLGUY-USDT,BTC-USDT,0.05466,119145.2,4.587679571e-07,,30,0.0171195,0.00514895,0.0213528,1.56863e+06,0,0,0.5,465,4,0,HOLD
2025-08-12 13:02:54 UTC,1h,CHR-USDT,BTC-USDT,0.0951,119145.2,7.981857431e-07,,30,0.0127796,0.0149413,0.0129938,1.92036e+06,0,0,0.5,465,4,0,HOLD
2025-08-12 13:02:54 UTC,1h,CHZ-USDT,BTC-USDT,0.04193,119145.2,3.519235353e-07,,30,0.00963159,0.0162385,0.0102041,2.10654e+06,0,0,0.5,465,4,0,HOLD
2025-08-12 13:02:54 UTC,1h,CKB-USDT,BTC-USDT,0.005471,119145.2,4.591876131e-08,,30,0.00330094,-0.00454876,0.0126903,685338,0,0,0.5,465,4,0,HOLD
2025-08-12 13:02:54 UTC,1h,COINX-USDT,BTC-USDT,326.41,119145.2,0.002739598406,,30,0.0182811,0.020382,0.0041556,6.2404e+06,0,0,0.5,465,4,0,HOLD
2025-08-12 13:02:54 UTC,1h,COMP-USDT,BTC-USDT,51.77,119145.2,0.0004345118393,,30,0.00955538,0.0075905,0.012114,5.16955e+06,0,0,0.5,465,4,0,HOLD
2025-08-12 13:02:54 UTC,1h,COOKIE-USDT,BTC-USDT,0.1501,119145.2,1.259807361e-06,,30,0.0231766,0.0141892,0.0197012,6.74137e+06,0,0,0.5,465,4,0,HOLD
2025-08-12 13:02:54 UTC,1h,CORE-USDT,BTC-USDT,0.4865,119145.2,4.083253039e-06,,30,0.0158697,0.0112243,0.00996917,1.96927e+06,0,0,0.5,465,4,0,HOLD
2025-08-12 13:02:54 UTC,1h,COS-USDT,BTC-USDT,0.003417,119145.2,2.867929216e-08,,30,0.00648012,0.0124444,0.0108282,440141,0,0,0.5,465,4,0,HOLD
2025-08-12 13:02:54 UTC,1h,COTI-USDT,BTC-USDT,0.05388,119145.2,4.522213232e-07,,30,0.0143072,0.0189107,0.0132172,471580,0,0,0.5,465,4,0,HOLD
2025-08-12 13:02:54 UTC,1h,COW-USDT,BTC-USDT,0.417,119145.2,3.499931176e-06,,30,0.0230618,0.0215581,0.0156218,6.57436e+06,0,0,0.5,465,4,0,HOLD
2025-08-12 13:02:54 UTC,1h,CRCLX-USDT,BTC-USDT,178.84,119145.2,0.001501025639,,30,0.106546,0.10593,0.0142665,6.259e+06,0,0,0.5,465,4,0,HOLD
2025-08-12 13:02:54 UTC,1h,CROSS-USDT,BTC-USDT,0.32144,119145.2,2.697884598e-06,,30,0.0238899,-0.0112885,0.0167927,6.38839e+06,0,0,0.5,465,4,0,HOLD
2025-08-12 13:02:54 UTC,1h,CRV-USDT,BTC-USDT,0.9385,119145.2,7.876943427e-06,,30,0.0186693,0.0156926,0.0142248,1.39352e+07,0,0,0.5,465,4,0,HOLD
2025-08-12 13:02:54 UTC,1h,CTC-USDT,BTC-USDT,0.7217,119145.2,6.05731494e-06,,30,0.017769,0.00277894,0.0263564,1.71154e+06,0,0,0.5,465,4,0,HOLD
2025-08-12 13:02:54 UTC,1h,CTK-USDT,BTC-USDT,0.3452,119145.2,2.897305137e-06,,30,0.00965195,-0.000289603,0.0171329,6.35568e+06,0,0,0.5,465,4,0,HOLD
2025-08-12 13:02:54 UTC,1h,CUDIS-USDT,BTC-USDT,0.0672,119145.2,5.64017686e-07,,30,-0.0201225,0.120934,0.0358737,6.5603e+06,0,0,0.5,465,4,0,HOLD
2025-08-12 13:02:54 UTC,1h,CVC-USDT,BTC-USDT,0.0946,119145.2,7.939891829e-07,,30,0.00691857,0.00691857,0.00879644,1.8762e+06,0,0,0.5,465,4,0,HOLD
2025-08-12 13:02:54 UTC,1h,CYBER-USDT,BTC-USDT,2.9863,119145.2,2.506437523e-05,,30,-0.211684,0.5788,0.143745,4.70503e+07,0,0,0.5,465,4,0,HOLD
2025-08-12 13:02:54 UTC,1h,D-USDT,BTC-USDT,0.03567,119145.2,2.993826021e-07,,30,0.00791184,0.00962355,0.0128359,6.23353e+06,0,0,0.5,465,4,0,HOLD
2025-08-12 13:02:54 UTC,1h,DBR-USDT,BTC-USDT,0.02426,119145.2,2.036170991e-07,,30,-0.00695866,-0.0106036,0.00912731,421137,0,0,0.5,465,4,0,HOLD
2025-08-12 13:02:54 UTC,1h,DEEP-USDT,BTC-USDT,0.15396,119145.2,1.292204806e-06,,30,0.0204812,0.024965,0.0115429,6.27092e+06,0,0,0.5,465,4,0,HOLD
2025-08-12 13:02:54 UTC,1h,DEGEN-USDT,BTC-USDT,0.003851,119145.2,3.232190638e-08,,30,0.0187831,0.0190527,0.014486,512957,0,0,0.5,465,4,0,HOLD
2025-08-12 13:02:54 UTC,1h,DEGO-USDT,BTC-USDT,1.2146,119145.2,1.019428395e-05,,30,-0.0348061,-0.0230051,0.0223119,811243,0,0,0.5,465,4,0,HOLD
2025-08-12 13:02:54 UTC,1h,DF-USDT,BTC-USDT,0.0293,119145.2,2.459184256e-07,,30,0.00618132,0.0017094,0.0106046,276906,0,0,0.5,465,4,0,HOLD
2025-08-12 13:02:54 UTC,1h,DIA-USDT,BTC-USDT,0.8308,119145.2,6.973004368e-06,,30,0.0139126,0.0105827,0.0206342,6.29402e+06,0,0,0.5,465,4,0,HOLD
2025-08-12 13:02:54 UTC,1h,DMC-USDT,BTC-USDT,0.004784,119145.2,4.015268764e-08,,30,0.00715789,0.0033557,0.0137661,6.30649e+06,0,0,0.5,465,4,0,HOLD
2025-08-12 13:02:54 UTC,1h,DOG-USDT,BTC-USDT,0.003472,119145.2,2.914091378e-08,,30,0.0495768,0.0492596,0.0169108,766213,0,0,0.5,465,4,0,HOLD
2025-08-12 13:02:54 UTC,1h,DOGE-USDT,BTC-USDT,0.22624,119145.2,1.898859543e-06,,30,0.00524305,0.00515372,0.0121205,1.2885e+08,0,0,0.5,465,4,0,HOLD
2025-08-12 13:02:54 UTC,1h,DOGS-USDT,BTC-USDT,0.0001435,119145.2,1.204412767e-09,,30,0.0148515,0.0177305,0.0161772,771105,0,0,0.5,465,4,0,HOLD
2025-08-12 13:02:54 UTC,1h,DOLO-USDT,BTC-USDT,0.253053,119145.2,2.123904278e-06,,30,0.0113908,-0.014875,0.0317805,7.94262e+06,0,0,0.5,465,4,0,HOLD
2025-08-12 13:02:54 UTC,1h,DOOD-USDT,BTC-USDT,0.0037029,119145.2,3.107888526e-08,,30,0.0245421,-0.000782557,0.0154435,6.31374e+06,0,0,0.5,465,4,0,HOLD
2025-08-12 13:02:54 UTC,1h,DOT-USDT,BTC-USDT,3.982,119145.2,3.342140514e-05,,30,0.0155573,0.0220739,0.0114802,1.49353e+07,0,0,0.5,465,4,0,HOLD
2025-08-12 13:02:54 UTC,1h,DRIFT-USDT,BTC-USDT,0.5487,119145.2,4.605305123e-06,,30,0.00237486,-0.013839,0.0152829,6.42544e+06,0,0,0.5,465,4,0,HOLD
2025-08-12 13:02:54 UTC,1h,DUSK-USDT,BTC-USDT,0.06554,119145.2,5.500851062e-07,,30,0.00598619,0.012983,0.0152906,270185,0,0,0.5,465,4,0,HOLD
2025-08-12 13:02:54 UTC,1h,DYDX-USDT,BTC-USDT,0.6568,119145.2,5.512601431e-06,,30,0.01499,0.0325421,0.0161932,5.47574e+06,0,0,0.5,465,4,0,HOLD
2025-08-12 13:02:54 UTC,1h,DYM-USDT,BTC-USDT,0.2539,119145.2,2.131013251e-06,,30,0.000788333,0.00474871,0.0191301,3.23058e+06,0,0,0.5,465,4,0,HOLD
2025-08-12 13:02:54 UTC,1h,EDU-USDT,BTC-USDT,0.1477,119145.2,1.239663872e-06,,30,0.0228532,0.0633549,0.0500532,5.61693e+06,0,0,0.5,465,4,0,HOLD
2025-08-12 13:02:54 UTC,1h,EGLD-USDT,BTC-USDT,15.371,119145.2,0.0001290106525,,30,0.0109175,0.0107845,0.0114594,3.09396e+06,0,0,0.5,465,4,0,HOLD
2025-08-12 13:02:54 UTC,1h,EIGEN-USDT,BTC-USDT,1.4055,119145.2,1.179653062e-05,,30,0.0276376,0.0513127,0.0196066,5.60673e+06,0,0,0.5,465,4,0,HOLD
2025-08-12 13:02:54 UTC,1h,ELX-USDT,BTC-USDT,0.1704,119145.2,1.430187704e-06,,30,0.0070922,-0.00292569,0.0149229,455948,0,0,0.5,465,4,0,HOLD
2025-08-12 13:02:54 UTC,1h,ENA-USDT,BTC-USDT,0.8303,119145.2,6.968807808e-06,,30,0.0444025,0.0263288,0.0219886,9.52662e+07,0,0,0.5,465,4,0,HOLD
2025-08-12 13:02:54 UTC,1h,ENJ-USDT,BTC-USDT,0.07091,119145.2,5.951561624e-07,,30,0.00724432,0.00710126,0.0128332,1.982e+06,0,0,0.5,465,4,0,HOLD
2025-08-12 13:02:54 UTC,1h,ENS-USDT,BTC-USDT,28.805,119145.2,0.000241763831,,30,0.0192491,0.0231228,0.0143353,1.14458e+07,0,0,0.5,465,4,0,HOLD
2025-08-12 13:02:54 UTC,1h,EPIC-USDT,BTC-USDT,2.1256,119145.2,1.784041657e-05,,30,0.000659072,-0.024238,0.0131559,2.1356e+06,0,0,0.5,465,4,0,HOLD
2025-08-12 13:02:54 UTC,1h,EPT-USDT,BTC-USDT,0.00432,119145.2,3.625827981e-08,,30,0.0224852,-0.0121198,0.0194775,6.31919e+06,0,0,0.5,465,4,0,HOLD
2025-08-12 13:02:54 UTC,1h,ERA-USDT,BTC-USDT,1.0171,119145.2,8.536642685e-06,,30,-0.00896424,-0.0318865,0.0189404,8.14046e+06,0,0,0.5,465,4,0,HOLD
2025-08-12 13:02:54 UTC,1h,ES-USDT,BTC-USDT,0.213,119145.2,1.78773463e-06,,30,-0.00560224,-0.0273973,0.0203219,6.2689e+06,0,0,0.5,465,4,0,HOLD
2025-08-12 13:02:54 UTC,1h,ESPORTS-USDT,BTC-USDT,0.1293,119145.2,1.085230458e-06,,30,-0.0076746,-0.0422222,0.0181748,6.71223e+06,0,0,0.5,465,4,0,HOLD
2025-08-12 13:02:54 UTC,1h,ETC-USDT,BTC-USDT,22.745,119145.2,0.0001909015218,,30,0.0119233,0.0145865,0.0134441,1.13225e+07,0,0,0.5,465,4,0,HOLD
2025-08-12 13:02:54 UTC,1h,ETH-USDT,BTC-USDT,4396.03,119145.2,0.03689640875,,30,0.0189369,0.0297998,0.0101818,2.44015e+09,0,0,0.5,465,4,0,HOLD
2025-08-12 13:02:54 UTC,1h,ETHFI-USDT,BTC-USDT,1.2216,119145.2,1.025303579e-05,,30,0.0262959,0.0132714,0.0221489,1.41441e+07,0,0,0.5,465,4,0,HOLD
2025-08-12 13:02:54 UTC,1h,ETHW-USDT,BTC-USDT,1.6811,119145.2,1.410967458e-05,,30,0.0223803,0.0105194,0.0141574,1.96087e+06,0,0,0.5,465,4,0,HOLD
2025-08-12 13:02:54 UTC,1h,F-USDT,BTC-USDT,0.007819,119145.2,6.562580784e-08,,30,-0.0079929,-0.0100025,0.0109532,6.25214e+06,0,0,0.5,465,4,0,HOLD
2025-08-12 13:02:54 UTC,1h,FARTCOIN-USDT,BTC-USDT,0.8836,119145.2,7.416161121e-06,,30,0.0412444,-0.0164737,0.0216323,5.77819e+07,0,0,0.5,465,4,0,HOLD
2025-08-12 13:02:54 UTC,1h,FET-USDT,BTC-USDT,0.7043,119145.2,5.911274646e-06,,30,0.00657425,0.0106185,0.0138942,5.61215e+06,0,0,0.5,465,4,0,HOLD
2025-08-12 13:02:54 UTC,1h,FHE-USDT,BTC-USDT,0.06325,119145.2,5.308648607e-07,,30,-0.000632011,-0.00597203,0.0179898,6.45166e+06,0,0,0.5,465,4,0,HOLD
2025-08-12 13:02:54 UTC,1h,FIDA-USDT,BTC-USDT,0.09997,119145.2,8.390602391e-07,,30,0.0210397,0.0136889,0.0149545,733947,0,0,0.5,465,4,0,HOLD
2025-08-12 13:02:54 UTC,1h,FIL-USDT,BTC-USDT,2.522,119145.2,2.116744947e-05,,30,0.0108216,0.010012,0.0111589,9.54412e+06,0,0,0.5,465,4,0,HOLD
2025-08-12 13:02:54 UTC,1h,FIO-USDT,BTC-USDT,0.02075,119145.2,1.741572468e-07,,30,-0.00670177,-0.0695067,0.0254045,6.43527e+06,0,0,0.5,465,4,0,HOLD
2025-08-12 13:02:54 UTC,1h,FIS-USDT,BTC-USDT,0.11828,119145.2,9.927382723e-07,,30,0.0120647,0.00569679,0.0134185,6.29775e+06,0,0,0.5,465,4,0,HOLD
2025-08-12 13:02:54 UTC,1h,FLM-USDT,BTC-USDT,0.02976,119145.2,2.497792609e-07,,30,0.0233838,0.0258532,0.0133209,640762,0,0,0.5,465,4,0,HOLD
2025-08-12 13:02:54 UTC,1h,FLOCK-USDT,BTC-USDT,0.18185,119145.2,1.526288931e-06,,30,0.0356512,0.069077,0.0235712,6.40567e+06,0,0,0.5,465,4,0,HOLD
2025-08-12 13:02:54 UTC,1h,FLOKI-USDT,BTC-USDT,0.00011036,119145.2,9.262647593e-10,,30,0.00822218,0.00665876,0.0142068,6.49972e+06,0,0,0.5,465,4,0,HOLD
2025-08-12 13:02:54 UTC,1h,FLOW-USDT,BTC-USDT,0.374,119145.2,3.139027002e-06,,30,0.0135501,0.00808625,0.00954927,2.52963e+06,0,0,0.5,465,4,0,HOLD
2025-08-12 13:02:54 UTC,1h,FLUX-USDT,BTC-USDT,0.2222,119145.2,1.864951337e-06,,30,0.00816697,0.00908265,0.0156873,427649,0,0,0.5,465,4,0,HOLD
2025-08-12 13:02:54 UTC,1h,FORM-USDT,BTC-USDT,3.8414,119145.2,3.224133242e-05,,30,-0.0013778,-0.00295889,0.00501305,1.94899e+06,0,0,0.5,465,4,0,HOLD
2025-08-12 13:02:54 UTC,1h,FORTH-USDT,BTC-USDT,2.8122,119145.2,2.360313298e-05,,30,-0.0144044,-0.0318783,0.0241905,1.95736e+06,0,0,0.5,465,4,0,HOLD
2025-08-12 13:02:54 UTC,1h,FRAG-USDT,BTC-USDT,0.04253,119145.2,3.569594075e-07,,30,-0.0136827,-0.0276635,0.024806,6.26711e+06,0,0,0.5,465,4,0,HOLD
2025-08-12 13:02:54 UTC,1h,FUEL-USDT,BTC-USDT,0.00752,119145.2,6.311626486e-08,,30,-0.032175,-0.0182768,0.0143427,387361,0,0,0.5,465,4,0,HOLD
2025-08-12 13:02:54 UTC,1h,FUNTOKEN-USDT,BTC-USDT,0.009325,119145.2,7.826584705e-08,,30,-0.0257026,0.0210227,0.0351743,1.28445e+07,0,0,0.5,465,4,0,HOLD
2025-08-12 13:02:54 UTC,1h,FXS-USDT,BTC-USDT,3.085,119145.2,2.589277621e-05,,30,0.0211174,0.0095556,0.013649,2.0997e+06,0,0,0.5,465,4,0,HOLD
2025-08-12 13:02:54 UTC,1h,G-USDT,BTC-USDT,0.01206,119145.2,1.012210311e-07,,30,0.011745,0.0100503,0.0118455,6.21989e+06,0,0,0.5,465,4,0,HOLD
2025-08-12 13:02:54 UTC,1h,GALA-USDT,BTC-USDT,0.01716,119145.2,1.440259448e-07,,30,0.00941176,0.0153846,0.0149434,9.59969e+06,0,0,0.5,465,4,0,HOLD
2025-08-12 13:02:54 UTC,1h,GAS-USDT,BTC-USDT,3.258,119145.2,2.734478603e-05,,30,0.00184502,0.00462535,0.00960274,1.9137e+06,0,0,0.5,465,4,0,HOLD
2025-08-12 13:02:54 UTC,1h,GHST-USDT,BTC-USDT,0.489,119145.2,4.10423584e-06,,30,0.0219436,0.0185378,0.0217499,7.10786e+06,0,0,0.5,465,4,0,HOLD
2025-08-12 13:02:54 UTC,1h,GLM-USDT,BTC-USDT,0.25714,119145.2,2.158206961e-06,,30,0.000311211,0.00539568,0.0100584,481416,0,0,0.5,465,4,0,HOLD
2025-08-12 13:02:54 UTC,1h,GMT-USDT,BTC-USDT,0.04575,119145.2,3.83985255e-07,,30,0.00748734,0.00793126,0.0117096,660214,0,0,0.5,465,4,0,HOLD
2025-08-12 13:02:54 UTC,1h,GMX-USDT,BTC-USDT,16.856,119145.2,0.0001414744362,,30,0.00958313,-0.000177946,0.0137806,2.6355e+06,0,0,0.5,465,4,0,HOLD
2025-08-12 13:02:54 UTC,1h,GOAT-USDT,BTC-USDT,0.10021,119145.2,8.41074588e-07,,30,0.0330928,0.0280057,0.0160591,6.62788e+06,0,0,0.5,465,4,0,HOLD
2025-08-12 13:02:54 UTC,1h,GOR-USDT,BTC-USDT,0.01659,119145.2,1.392418662e-07,,30,0.0291563,0.0793754,0.0297942,6.3927e+06,0,0,0.5,465,4,0,HOLD
2025-08-12 13:02:54 UTC,1h,GORK-USDT,BTC-USDT,0.00789,119145.2,6.622171938e-08,,30,0.0492021,0.0436508,0.0141228,6.32182e+06,0,0,0.5,465,4,0,HOLD
2025-08-12 13:02:54 UTC,1h,GPS-USDT,BTC-USDT,0.01564,119145.2,1.312684019e-07,,30,-0.0410791,-0.0640335,0.0238856,6.36942e+06,0,0,0.5,465,4,0,HOLD
2025-08-12 13:02:54 UTC,1h,GRASS-USDT,BTC-USDT,0.7781,119145.2,6.530686927e-06,,30,0.00594699,0.0115705,0.0190482,7.35975e+06,0,0,0.5,465,4,0,HOLD
2025-08-12 13:02:54 UTC,1h,GRIFFAIN-USDT,BTC-USDT,0.04349,119145.2,3.65016803e-07,,30,0.0173099,0.000460087,0.020021,7.18144e+06,0,0,0.5,465,4,0,HOLD
2025-08-12 13:02:54 UTC,1h,GRT-USDT,BTC-USDT,0.09542,119145.2,8.008715416e-07,,30,0.0137045,0.0142432,0.0125835,2.68817e+06,0,0,0.5,465,4,0,HOLD
2025-08-12 13:02:54 UTC,1h,GTC-USDT,BTC-USDT,0.298,119145.2,2.501149857e-06,,30,0.00675676,0.0170648,0.0139022,1.9266e+06,0,0,0.5,465,4,0,HOLD
2025-08-12 13:02:54 UTC,1h,GUN-USDT,BTC-USDT,0.03029,119145.2,2.542276147e-07,,30,-0.00197694,0.00298013,0.0157525,6.28527e+06,0,0,0.5,465,4,0,HOLD
2025-08-12 13:02:54 UTC,1h,H-USDT,BTC-USDT,0.03737,119145.2,3.136509066e-07,,30,0.0119144,0.00295223,0.0133797,6.39684e+06,0,0,0.5,465,4,0,HOLD
2025-08-12 13:02:54 UTC,1h,HAEDAL-USDT,BTC-USDT,0.140334,119145.2,1.177840148e-06,,30,0.00985867,0.020366,0.014241,6.2578e+06,0,0,0.5,465,4,0,HOLD
2025-08-12 13:02:54 UTC,1h,HBAR-USDT,BTC-USDT,0.25115,119145.2,2.10793217e-06,,30,0.00968883,0.00484116,0.0101988,1.31451e+07,0,0,0.5,465,4,0,HOLD
2025-08-12 13:02:54 UTC,1h,HEI-USDT,BTC-USDT,0.5118,119145.2,4.295598983e-06,,30,0.0233953,0.0318548,0.0221348,804856,0,0,0.5,465,4,0,HOLD
2025-08-12 13:02:54 UTC,1h,HFT-USDT,BTC-USDT,0.09803,119145.2,8.227775857e-07,,30,0.0114527,-0.0167503,0.0281109,6.45597e+06,0,0,0.5,465,4,0,HOLD
2025-08-12 13:02:54 UTC,1h,HIFI-USDT,BTC-USDT,0.08744,119145.2,7.338944414e-07,,30,0.0623254,0.0465589,0.0171056,2.03785e+06,0,0,0.5,465,4,0,HOLD
2025-08-12 13:02:54 UTC,1h,HIGH-USDT,BTC-USDT,0.5824,119145.2,4.888153279e-06,,30,0.0105848,0.0102342,0.0135646,5.19271e+06,0,0,0.5,465,4,0,HOLD
2025-08-12 13:02:54 UTC,1h,HIPPO-USDT,BTC-USDT,0.002369,119145.2,1.988330205e-08,,30,0.00423908,-0.0531575,0.0381113,2.05907e+06,0,0,0.5,465,4,0,HOLD
2025-08-12 13:02:54 UTC,1h,HIVE-USDT,BTC-USDT,0.22026,119145.2,1.848668683e-06,,30,0.00465244,-0.00145072,0.00928124,411558,0,0,0.5,465,4,0,HOLD
2025-08-12 13:02:54 UTC,1h,HMSTR-USDT,BTC-USDT,0.000753,119145.2,6.320019606e-09,,30,0.00776231,0.010467,0.0142193,516716,0,0,0.5,465,4,0,HOLD
2025-08-12 13:02:54 UTC,1h,HOME-USDT,BTC-USDT,0.040232,119145.2,3.37672017e-07,,30,0.0244449,0.0221804,0.0130582,6.30587e+06,0,0,0.5,465,4,0,HOLD
2025-08-12 13:02:54 UTC,1h,HOODX-USDT,BTC-USDT,115.76,119145.2,0.0009715876091,,30,0.0176703,0.0166872,0.0053374,6.22795e+06,0,0,0.5,465,4,0,HOLD
2025-08-12 13:02:54 UTC,1h,HOOK-USDT,BTC-USDT,0.1083,119145.2,9.089749314e-07,,30,-0.00550964,0.0373563,0.0225564,5.62112e+06,0,0,0.5,465,4,0,HOLD
2025-08-12 13:02:54 UTC,1h,HOT-USDT,BTC-USDT,0.001002,119145.2,8.409906568e-09,,30,0.00804829,0.00804829,0.0126889,1.88305e+06,0,0,0.5,465,4,0,HOLD
2025-08-12 13:02:54 UTC,1h,HOUSE-USDT,BTC-USDT,0.02151,119145.2,1.805360182e-07,,30,-0.0110345,0.00985915,0.046324,6.99336e+06,0,0,0.5,465,4,0,HOLD
2025-08-12 13:02:54 UTC,1h,HUMA-USDT,BTC-USDT,0.034124,119145.2,2.86406838e-07,,30,0.0123413,0.011561,0.0124232,6.31054e+06,0,0,0.5,465,4,0,HOLD
2025-08-12 13:02:54 UTC,1h,HYPE-USDT,BTC-USDT,44.058,119145.2,0.0003697840954,,30,0.0166136,0.00886172,0.0139864,2.01404e+07,0,0,0.5,465,4,0,HOLD
2025-08-12 13:02:54 UTC,1h,HYPERLANE-USDT,BTC-USDT,0.3743,119145.2,3.141544938e-06,,30,-0.0178431,-0.0422211,0.016736,6.94963e+06,0,0,0.5,465,4,0,HOLD
2025-08-12 13:02:54 UTC,1h,ICNT-USDT,BTC-USDT,0.3568,119145.2,2.994665333e-06,,30,-0.103968,0.0763198,0.0711683,1.66163e+07,0,0,0.5,465,4,0,HOLD
2025-08-12 13:02:54 UTC,1h,ICP-USDT,BTC-USDT,5.481,119145.2,4.600269251e-05,,30,0.00957819,0.0131238,0.0121459,5.38436e+06,0,0,0.5,465,4,0,HOLD
2025-08-12 13:02:54 UTC,1h,ICX-USDT,BTC-USDT,0.1321,119145.2,1.108731195e-06,,30,0.00456274,0.0145929,0.0112469,316430,0,0,0.5,465,4,0,HOLD
2025-08-12 13:02:54 UTC,1h,ID-USDT,BTC-USDT,0.17445,119145.2,1.464179841e-06,,30,0.0261765,0.0482514,0.0224583,2.49453e+06,0,0,0.5,465,4,0,HOLD
2025-08-12 13:02:54 UTC,1h,IDOL-USDT,BTC-USDT,0.01679,119145.2,1.409204903e-07,,30,0.00178998,0.12836,0.0635157,6.94617e+06,0,0,0.5,465,4,0,HOLD
2025-08-12 13:02:54 UTC,1h,ILV-USDT,BTC-USDT,17.48,119145.2,0.0001467117433,,30,0.00627483,-5.7205e-05,0.0142612,6.48416e+06,0,0,0.5,465,4,0,HOLD
2025-08-12 13:02:54 UTC,1h,IMX-USDT,BTC-USDT,0.5737,119145.2,4.815133132e-06,,30,-0.00139252,0.0170183,0.0181528,5.19464e+06,0,0,0.5,465,4,0,HOLD
2025-08-12 13:02:54 UTC,1h,IN-USDT,BTC-USDT,0.09145,119145.2,7.675508539e-07,,30,-0.00716535,0.0205334,0.0354839,7.29177e+06,0,0,0.5,465,4,0,HOLD
2025-08-12 13:02:54 UTC,1h,INIT-USDT,BTC-USDT,0.4411,119145.2,3.702205376e-06,,30,0.0262913,0.0400849,0.0166953,6.33799e+06,0,0,0.5,465,4,0,HOLD
2025-08-12 13:02:54 UTC,1h,INJ-USDT,BTC-USDT,13.983,119145.2,0.0001173610015,,30,0.0136281,0.0128205,0.0137105,2.89256e+07,0,0,0.5,465,4,0,HOLD
2025-08-12 13:02:54 UTC,1h,IO-USDT,BTC-USDT,0.6171,119145.2,5.179394554e-06,,30,0.0211815,0.0213505,0.0158807,8.96246e+06,0,0,0.5,465,4,0,HOLD
2025-08-12 13:02:54 UTC,1h,IOST-USDT,BTC-USDT,0.003679,119145.2,3.087828968e-08,,30,0.00272554,0.000816104,0.0107949,1.97036e+06,0,0,0.5,465,4,0,HOLD
2025-08-12 13:02:54 UTC,1h,IOTA-USDT,BTC-USDT,0.2037,119145.2,1.709678611e-06,,30,0.0114201,0.017991,0.0127989,2.31779e+06,0,0,0.5,465,4,0,HOLD
2025-08-12 13:02:54 UTC,1h,IP-USDT,BTC-USDT,5.736,119145.2,4.81429382e-05,,30,0.0136263,-0.0649559,0.0211256,1.11587e+07,0,0,0.5,465,4,0,HOLD
2025-08-12 13:02:54 UTC,1h,JASMY-USDT,BTC-USDT,0.017055,119145.2,1.431446672e-07,,30,0.0149973,0.02028,0.0204213,4.63562e+06,0,0,0.5,465,4,0,HOLD
2025-08-12 13:02:54 UTC,1h,JOE-USDT,BTC-USDT,0.15965,119145.2,1.33996166e-06,,30,0.00757337,0.0157145,0.0135654,1.91018e+06,0,0,0.5,465,4,0,HOLD
2025-08-12 13:02:54 UTC,1h,JST-USDT,BTC-USDT,0.033554,119145.2,2.816227595e-07,,30,-0.00282326,-0.01044,0.00590732,1.8855e+06,0,0,0.5,465,4,0,HOLD
2025-08-12 13:02:54 UTC,1h,JTO-USDT,BTC-USDT,1.7987,119145.2,1.509670553e-05,,30,0.00795741,0.0080139,0.0106823,4.50151e+06,0,0,0.5,465,4,0,HOLD
2025-08-12 13:02:54 UTC,1h,JUP-USDT,BTC-USDT,0.5042,119145.2,4.231811269e-06,,30,0.00759392,0.0120434,0.0144925,1.30894e+07,0,0,0.5,465,4,0,HOLD
2025-08-12 13:02:54 UTC,1h,KAIA-USDT,BTC-USDT,0.1474,119145.2,1.237145936e-06,,30,0.010281,0.0068306,0.0106125,6.55088e+06,0,0,0.5,465,4,0,HOLD
2025-08-12 13:02:54 UTC,1h,KAITO-USDT,BTC-USDT,1.1383,119145.2,9.553888868e-06,,30,0.00521017,-0.0130917,0.0121924,6.58492e+06,0,0,0.5,465,4,0,HOLD
2025-08-12 13:02:54 UTC,1h,KAS-USDT,BTC-USDT,0.08928,119145.2,7.493377828e-07,,30,0.00011202,-0.0110767,0.0132808,7.2557e+06,0,0,0.5,465,4,0,HOLD
2025-08-12 13:02:54 UTC,1h,KAVA-USDT,BTC-USDT,0.3795,119145.2,3.185189164e-06,,30,0.00317209,0.0066313,0.00617354,2.09051e+06,0,0,0.5,465,4,0,HOLD
2025-08-12 13:02:54 UTC,1h,KDA-USDT,BTC-USDT,0.4175,119145.2,3.504127737e-06,,30,0.0126122,0.0140879,0.0141831,2.04084e+06,0,0,0.5,465,4,0,HOLD
2025-08-12 13:02:54 UTC,1h,KERNEL-USDT,BTC-USDT,0.1981,119145.2,1.662677137e-06,,30,0,-0.00301963,0.017776,6.47351e+06,0,0,0.5,465,4,0,HOLD
2025-08-12 13:02:54 UTC,1h,KMNO-USDT,BTC-USDT,0.05262,119145.2,4.416459916e-07,,30,0.0105627,0.00515759,0.0126649,366556,0,0,0.5,465,4,0,HOLD
2025-08-12 13:02:54 UTC,1h,KNC-USDT,BTC-USDT,0.42,119145.2,3.525110537e-06,,30,0.00598802,-0.00213828,0.0112585,2.20932e+06,0,0,0.5,465,4,0,HOLD
2025-08-12 13:02:54 UTC,1h,KOMA-USDT,BTC-USDT,0.02402,119145.2,2.016027503e-07,,30,0.00586265,0.00881982,0.00880219,1.88111e+06,0,0,0.5,465,4,0,HOLD
2025-08-12 13:02:54 UTC,1h,KSM-USDT,BTC-USDT,15.17,119145.2,0.0001273236354,,30,0.0105249,0.0093147,0.0123976,2.9207e+06,0,0,0.5,465,4,0,HOLD
2025-08-12 13:02:54 UTC,1h,LA-USDT,BTC-USDT,0.4072,119145.2,3.417678597e-06,,30,0.12362,0.1779,0.0315921,8.296e+06,0,0,0.5,465,4,0,HOLD
2025-08-12 13:02:54 UTC,1h,LAUNCHCOIN-USDT,BTC-USDT,0.0694,119145.2,5.824825507e-07,,30,0.027083,0.0177445,0.0178469,6.60961e+06,0,0,0.5,465,4,0,HOLD
2025-08-12 13:02:54 UTC,1h,LAYER-USDT,BTC-USDT,0.6144,119145.2,5.156733129e-06,,30,0.0027746,-0.00389105,0.00998651,6.31883e+06,0,0,0.5,465,4,0,HOLD
2025-08-12 13:02:54 UTC,1h,LDO-USDT,BTC-USDT,1.5228,119145.2,1.278104363e-05,,30,0.0123654,-0.00820633,0.029973,3.74219e+07,0,0,0.5,465,4,0,HOLD
2025-08-12 13:02:54 UTC,1h,LINK-USDT,BTC-USDT,22.172,119145.2,0.0001860922639,,30,0.0325525,0.0421132,0.0159596,5.54529e+07,0,0,0.5,465,4,0,HOLD
2025-08-12 13:02:54 UTC,1h,LISTA-USDT,BTC-USDT,0.3043,119145.2,2.554026516e-06,,30,0.0269997,0.0163661,0.0203042,4.7618e+06,0,0,0.5,465,4,0,HOLD
2025-08-12 13:02:54 UTC,1h,LPT-USDT,BTC-USDT,6.542,119145.2,5.490779318e-05,,30,0.0120668,0.00153092,0.0135826,2.32237e+06,0,0,0.5,465,4,0,HOLD
2025-08-12 13:02:54 UTC,1h,LQTY-USDT,BTC-USDT,1.0219,119145.2,8.576929662e-06,,30,0.0136891,-0.0034133,0.0170481,1.14105e+06,0,0,0.5,465,4,0,HOLD
2025-08-12 13:02:54 UTC,1h,LRC-USDT,BTC-USDT,0.08686,119145.2,7.290264316e-07,,30,0.0168579,0.0176919,0.0128285,450523,0,0,0.5,465,4,0,HOLD
2025-08-12 13:02:54 UTC,1h,LTC-USDT,BTC-USDT,120.9,119145.2,0.001014728248,,30,0.0137515,-0.00165153,0.00987239,4.27501e+07,0,0,0.5,465,4,0,HOLD
2025-08-12 13:02:54 UTC,1h,LUMIA-USDT,BTC-USDT,0.343,119145.2,2.878840272e-06,,30,0.0309588,0.0220501,0.0189088,732061,0,0,0.5,465,4,0,HOLD
2025-08-12 13:02:54 UTC,1h,LUNA-USDT,BTC-USDT,0.1613,119145.2,1.353810309e-06,,30,0.0100188,0.00373367,0.0102294,1.95628e+06,0,0,0.5,465,4,0,HOLD
2025-08-12 13:02:54 UTC,1h,LUNC-USDT,BTC-USDT,6.121e-05,119145.2,5.137428952e-10,,30,0.00641236,-0.000489876,0.0104325,1.06505e+06,0,0,0.5,465,4,0,HOLD
2025-08-12 13:02:54 UTC,1h,M-USDT,BTC-USDT,0.4524,119145.2,3.797047636e-06,,30,0.0015497,0.00132802,0.0218201,7.34434e+06,0,0,0.5,465,4,0,HOLD
2025-08-12 13:02:54 UTC,1h,MAGIC-USDT,BTC-USDT,0.2696,119145.2,2.26278524e-06,,30,-0.0326516,0.020053,0.0297266,1.21365e+07,0,0,0.5,465,4,0,HOLD
2025-08-12 13:02:54 UTC,1h,MANA-USDT,BTC-USDT,0.2967,119145.2,2.490238801e-06,,30,0.00747029,0.00884053,0.0114112,2.33638e+06,0,0,0.5,465,4,0,HOLD
2025-08-12 13:02:54 UTC,1h,MANTA-USDT,BTC-USDT,0.228,119145.2,1.913631435e-06,,30,0.0137839,0.0302756,0.0175439,1.00307e+06,0,0,0.5,465,4,0,HOLD
2025-08-12 13:02:54 UTC,1h,MASK-USDT,BTC-USDT,1.2994,119145.2,1.090602055e-05,,30,0.00744301,0.00557189,0.0120275,2.15376e+06,0,0,0.5,465,4,0,HOLD
2025-08-12 13:02:54 UTC,1h,MAV-USDT,BTC-USDT,0.06127,119145.2,5.142464824e-07,,30,0.106956,0.135471,0.0332253,3.10057e+06,0,0,0.5,465,4,0,HOLD
2025-08-12 13:02:54 UTC,1h,MAVIA-USDT,BTC-USDT,0.1908,119145.2,1.601407358e-06,,30,0.03865,0.0547264,0.0290132,1.08488e+07,0,0,0.5,465,4,0,HOLD
2025-08-12 13:02:54 UTC,1h,MBOX-USDT,BTC-USDT,0.05838,119145.2,4.899903647e-07,,30,0.0181374,0.019026,0.0160035,770775,0,0,0.5,465,4,0,HOLD
2025-08-12 13:02:54 UTC,1h,ME-USDT,BTC-USDT,0.7296,119145.2,6.123620591e-06,,30,0.00634483,0.00676142,0.010916,596970,0,0,0.5,465,4,0,HOLD
2025-08-12 13:02:54 UTC,1h,MELANIA-USDT,BTC-USDT,0.218,119145.2,1.829700231e-06,,30,0.00739372,0.0130112,0.0134666,689573,0,0,0.5,465,4,0,HOLD
2025-08-12 13:02:54 UTC,1h,MEME-USDT,BTC-USDT,0.001743,119145.2,1.462920873e-08,,30,0.00809717,0.0104348,0.0160643,2.40221e+06,0,0,0.5,465,4,0,HOLD
2025-08-12 13:02:54 UTC,1h,MERL-USDT,BTC-USDT,0.11319,119145.2,9.500172898e-07,,30,0.0033685,0.0096334,0.0134098,6.22496e+06,0,0,0.5,465,4,0,HOLD
2025-08-12 13:02:54 UTC,1h,METAX-USDT,BTC-USDT,773.5,119145.2,0.006492078573,,30,0.0077782,0.00717457,0.0047576,6.2337e+06,0,0,0.5,465,4,0,HOLD
2025-08-12 13:02:54 UTC,1h,METIS-USDT,BTC-USDT,18.08,119145.2,0.0001517476155,,30,0.0163013,0.0307868,0.0190424,2.09996e+06,0,0,0.5,465,4,0,HOLD
2025-08-12 13:02:54 UTC,1h,MEW-USDT,BTC-USDT,0.003149,119145.2,2.642993591e-08,,30,0.0197539,0.00478622,0.01488,3.50759e+06,0,0,0.5,465,4,0,HOLD
2025-08-12 13:02:54 UTC,1h,MILK-USDT,BTC-USDT,0.05227,119145.2,4.387083995e-07,,30,0.0147544,0.0121998,0.0147449,6.30506e+06,0,0,0.5,465,4,0,HOLD
2025-08-12 13:02:54 UTC,1h,MINA-USDT,BTC-USDT,0.1913,119145.2,1.605603919e-06,,30,0.00843437,0.0116341,0.0136286,2.05878e+06,0,0,0.5,465,4,0,HOLD
2025-08-12 13:02:54 UTC,1h,MKR-USDT,BTC-USDT,1986.6,119145.2,0.01667377284,,30,-0.0206557,-0.0192536,0.0117286,7.31975e+06,0,0,0.5,465,4,0,HOLD
2025-08-12 13:02:54 UTC,1h,MLN-USDT,BTC-USDT,8.318,119145.2,6.981397488e-05,,30,0.00580411,0.00665618,0.0126404,6.37331e+06,0,0,0.5,465,4,0,HOLD
2025-08-12 13:02:54 UTC,1h,MNT-USDT,BTC-USDT,1.02019,119145.2,8.562577427e-06,,30,-0.00647618,0.0670774,0.0237631,7.14142e+06,0,0,0.5,465,4,0,HOLD
2025-08-12 13:02:54 UTC,1h,MOODENG-USDT,BTC-USDT,0.17586,119145.2,1.476014141e-06,,30,-0.00514793,0.0323452,0.0227129,9.68098e+06,0,0,0.5,465,4,0,HOLD
2025-08-12 13:02:54 UTC,1h,MORPHO-USDT,BTC-USDT,2.1112,119145.2,1.771955563e-05,,30,0.0158791,0.0172007,0.0150016,572019,0,0,0.5,465,4,0,HOLD
2025-08-12 13:02:54 UTC,1h,MOVE-USDT,BTC-USDT,0.1384,119145.2,1.161607853e-06,,30,0.00581395,0.00144718,0.0129542,6.85371e+06,0,0,0.5,465,4,0,HOLD
2025-08-12 13:02:54 UTC,1h,MOVR-USDT,BTC-USDT,6.672,119145.2,5.599889882e-05,,30,0.00330827,0.00195225,0.0130075,1.94906e+06,0,0,0.5,465,4,0,HOLD
2025-08-12 13:02:54 UTC,1h,MTL-USDT,BTC-USDT,0.7472,119145.2,6.271339508e-06,,30,0.00700809,0.00416611,0.00988452,502469,0,0,0.5,465,4,0,HOLD
2025-08-12 13:02:54 UTC,1h,MUBARAK-USDT,BTC-USDT,0.03632,119145.2,3.048381303e-07,,30,0.0185081,0.017082,0.0166772,2.22662e+06,0,0,0.5,465,4,0,HOLD
2025-08-12 13:02:54 UTC,1h,MYRO-USDT,BTC-USDT,0.02525,119145.2,2.119262883e-07,,30,0.0185559,-0.0205586,0.0330693,1.28539e+07,0,0,0.5,465,4,0,HOLD
2025-08-12 13:02:54 UTC,1h,MYX-USDT,BTC-USDT,1.69789,119145.2,1.425059507e-05,,30,0.0446368,0.0174866,0.0280672,1.41927e+07,0,0,0.5,465,4,0,HOLD
2025-08-12 13:02:54 UTC,1h,NAORIS-USDT,BTC-USDT,0.03062,119145.2,2.569973444e-07,,30,0.00261952,-0.0195325,0.024867,6.54974e+06,0,0,0.5,465,4,0,HOLD
2025-08-12 13:02:54 UTC,1h,NEAR-USDT,BTC-USDT,2.6581,119145.2,2.230975314e-05,,30,0.0102619,0.0138068,0.0121569,1.16896e+07,0,0,0.5,465,4,0,HOLD
2025-08-12 13:02:54 UTC,1h,NEIROCTO-USDT,BTC-USDT,0.0004042,119145.2,3.392499236e-09,,30,0.0140492,0.0110055,0.0165583,6.65605e+06,0,0,0.5,465,4,0,HOLD
2025-08-12 13:02:54 UTC,1h,NEIROETH-USDT,BTC-USDT,0.12448,119145.2,1.044775618e-06,,30,-0.012612,0.000241061,0.0162734,1.60223e+06,0,0,0.5,465,4,0,HOLD
2025-08-12 13:02:54 UTC,1h,NEO-USDT,BTC-USDT,6.38,119145.2,5.354810769e-05,,30,0.0190065,0.0167331,0.0124944,2.59358e+06,0,0,0.5,465,4,0,HOLD
2025-08-12 13:02:54 UTC,1h,NEWT-USDT,BTC-USDT,0.3388,119145.2,2.843589167e-06,,30,0.00207039,-0.0344828,0.0138514,6.55014e+06,0,0,0.5,465,4,0,HOLD
2025-08-12 13:02:54 UTC,1h,NFP-USDT,BTC-USDT,0.07103,119145.2,5.961633368e-07,,30,0.000140805,0.0122559,0.0178697,365158,0,0,0.5,465,4,0,HOLD
2025-08-12 13:02:54 UTC,1h,NIL-USDT,BTC-USDT,0.3048,119145.2,2.558223076e-06,,30,0.0029615,0.0062727,0.0161699,6.24878e+06,0,0,0.5,465,4,0,HOLD
2025-08-12 13:02:54 UTC,1h,NMR-USDT,BTC-USDT,8.749,119145.2,7.343140974e-05,,30,0.0133194,0.0143768,0.0140669,4.14867e+06,0,0,0.5,465,4,0,HOLD
2025-08-12 13:02:54 UTC,1h,NOT-USDT,BTC-USDT,0.002167,119145.2,1.818789175e-08,,30,-0.00505051,0.00463607,0.0150636,5.28142e+06,0,0,0.5,465,4,0,HOLD
2025-08-12 13:02:54 UTC,1h,NTRN-USDT,BTC-USDT,0.08907,119145.2,7.475752275e-07,,30,0.0089488,0.0193408,0.013649,1.8992e+06,0,0,0.5,465,4,0,HOLD
2025-08-12 13:02:54 UTC,1h,NVDAX-USDT,BTC-USDT,183.11,119145.2,0.001536864263,,30,0.00787098,0.00648601,0.00392036,6.22791e+06,0,0,0.5,465,4,0,HOLD
2025-08-12 13:02:54 UTC,1h,NXPC-USDT,BTC-USDT,0.90185,119145.2,7.569335567e-06,,30,0.00261256,-0.00350269,0.00870908,6.46283e+06,0,0,0.5,465,4,0,HOLD
2025-08-12 13:02:54 UTC,1h,OBOL-USDT,BTC-USDT,0.13071,119145.2,1.097064758e-06,,30,0,-0.025207,0.0211701,6.35619e+06,0,0,0.5,465,4,0,HOLD
2025-08-12 13:02:54 UTC,1h,OG-USDT,BTC-USDT,13.3139,119145.2,0.0001117451647,,30,0.0238154,0.0158475,0.0243618,8.29389e+06,0,0,0.5,465,4,0,HOLD
2025-08-12 13:02:54 UTC,1h,OL-USDT,BTC-USDT,0.04138,119145.2,3.473073191e-07,,30,0.020217,-0.00385171,0.0249948,2.28017e+06,0,0,0.5,465,4,0,HOLD
2025-08-12 13:02:54 UTC,1h,OM-USDT,BTC-USDT,0.26691,119145.2,2.240207747e-06,,30,0.0105251,-0.00695736,0.0141433,8.56971e+06,0,0,0.5,465,4,0,HOLD
2025-08-12 13:02:54 UTC,1h,OMNINETWORK-USDT,BTC-USDT,4.288,119145.2,3.598969996e-05,,30,-0.00487352,-0.0142529,0.0174074,1.42281e+06,0,0,0.5,465,4,0,HOLD
2025-08-12 13:02:54 UTC,1h,ONDO-USDT,BTC-USDT,1.01,119145.2,8.47705153e-06,,30,0.0158922,0.01579,0.012645,1.62157e+07,0,0,0.5,465,4,0,HOLD
2025-08-12 13:02:54 UTC,1h,ONE-USDT,BTC-USDT,0.01082,119145.2,9.081356194e-08,,30,0.00557621,0.0121609,0.0147214,1.92855e+06,0,0,0.5,465,4,0,HOLD
2025-08-12 13:02:54 UTC,1h,ONG-USDT,BTC-USDT,0.17455,119145.2,1.465019153e-06,,30,0.00362236,-0.00245742,0.00914597,249838,0,0,0.5,465,4,0,HOLD
2025-08-12 13:02:54 UTC,1h,ONT-USDT,BTC-USDT,0.1385,119145.2,1.162447165e-06,,30,0.0065407,0.00580973,0.0120165,1.8931e+06,0,0,0.5,465,4,0,HOLD
2025-08-12 13:02:54 UTC,1h,OP-USDT,BTC-USDT,0.7678,119145.2,6.444237787e-06,,30,0.00999737,0.0103961,0.0153035,1.3983e+07,0,0,0.5,465,4,0,HOLD
2025-08-12 13:02:54 UTC,1h,ORCA-USDT,BTC-USDT,2.532,119145.2,2.125138067e-05,,30,-0.0216383,-0.00157729,0.0270537,7.10722e+06,0,0,0.5,465,4,0,HOLD
2025-08-12 13:02:54 UTC,1h,ORDER-USDT,BTC-USDT,0.1216,119145.2,1.020603432e-06,,30,0.0287648,0.0393162,0.0151551,481097,0,0,0.5,465,4,0,HOLD
2025-08-12 13:02:54 UTC,1h,ORDI-USDT,BTC-USDT,9.801,119145.2,8.226097233e-05,,30,0.0148064,0.00854085,0.0168423,7.21719e+06,0,0,0.5,465,4,0,HOLD
2025-08-12 13:02:54 UTC,1h,OXT-USDT,BTC-USDT,0.05466,119145.2,4.587679571e-07,,30,-0.00400875,0.00164926,0.00944802,1.87773e+06,0,0,0.5,465,4,0,HOLD
2025-08-12 13:02:54 UTC,1h,PARTI-USDT,BTC-USDT,0.1889,119145.2,1.58546043e-06,,30,0.019428,0.0221861,0.0164486,6.29983e+06,0,0,0.5,465,4,0,HOLD
2025-08-12 13:02:54 UTC,1h,PAXG-USDT,BTC-USDT,3349.84,119145.2,0.0281156102,,30,-0.000626503,-8.05944e-05,0.00219243,7.25929e+06,0,0,0.5,465,4,0,HOLD
2025-08-12 13:02:54 UTC,1h,PENDLE-USDT,BTC-USDT,5.4654,119145.2,4.587175984e-05,,30,0.000989011,0.00258654,0.0152701,1.39812e+07,0,0,0.5,465,4,0,HOLD
2025-08-12 13:02:54 UTC,1h,PENGU-USDT,BTC-USDT,0.036169,119145.2,3.035707691e-07,,30,0.0164971,-0.0168261,0.016182,2.66764e+07,0,0,0.5,465,4,0,HOLD
2025-08-12 13:02:54 UTC,1h,PEOPLE-USDT,BTC-USDT,0.01948,119145.2,1.63497984e-07,,30,0.0220357,0.0177638,0.0160604,6.23163e+06,0,0,0.5,465,4,0,HOLD
2025-08-12 13:02:54 UTC,1h,PERP-USDT,BTC-USDT,0.2823,119145.2,2.369377868e-06,,30,0.00570004,0.011828,0.0149537,2.01056e+06,0,0,0.5,465,4,0,HOLD
2025-08-12 13:02:54 UTC,1h,PHA-USDT,BTC-USDT,0.10761,119145.2,9.031836784e-07,,30,0.0118477,0.0163393,0.0131626,414377,0,0,0.5,465,4,0,HOLD
2025-08-12 13:02:54 UTC,1h,PHB-USDT,BTC-USDT,0.5912,119145.2,4.962012737e-06,,30,0.0125021,0.0247877,0.0163227,2.03201e+06,0,0,0.5,465,4,0,HOLD
2025-08-12 13:02:54 UTC,1h,PI-USDT,BTC-USDT,0.3841,119145.2,3.223797518e-06,,30,-0.000520427,-0.0373434,0.0159185,9.10343e+06,0,0,0.5,465,4,0,HOLD
2025-08-12 13:02:54 UTC,1h,PIXEL-USDT,BTC-USDT,0.03497,119145.2,2.935074178e-07,,30,0.00662061,0.0171611,0.0166673,425108,0,0,0.5,465,4,0,HOLD
2025-08-12 13:02:54 UTC,1h,PLAYSOUT-USDT,BTC-USDT,0.04891,119145.2,4.105075152e-07,,30,0.0174745,0.052507,0.0275871,6.60338e+06,0,0,0.5,465,4,0,HOLD
2025-08-12 13:02:54 UTC,1h,PLUME-USDT,BTC-USDT,0.09474,119145.2,7.951642198e-07,,30,0.0277718,0.0202455,0.0164661,6.4287e+06,0,0,0.5,465,4,0,HOLD
2025-08-12 13:02:54 UTC,1h,PNUT-USDT,BTC-USDT,0.24293,119145.2,2.038940721e-06,,30,0.0178063,0.0137289,0.0140458,8.58873e+06,0,0,0.5,465,4,0,HOLD
2025-08-12 13:02:54 UTC,1h,POL-USDT,BTC-USDT,0.2398,119145.2,2.012670254e-06,,30,0.0086225,0.00150351,0.0120994,7.55869e+06,0,0,0.5,465,4,0,HOLD
2025-08-12 13:02:54 UTC,1h,POLYX-USDT,BTC-USDT,0.14148,119145.2,1.187458664e-06,,30,0.00361779,0.00690342,0.00961771,1.8904e+06,0,0,0.5,465,4,0,HOLD
2025-08-12 13:02:54 UTC,1h,PONKE-USDT,BTC-USDT,0.11497,119145.2,9.64957044e-07,,30,0.017884,0.00753659,0.0159607,6.27152e+06,0,0,0.5,465,4,0,HOLD
2025-08-12 13:02:54 UTC,1h,POPCAT-USDT,BTC-USDT,0.3116,119145.2,2.615296294e-06,,30,0.0153144,0.0058102,0.017009,9.65614e+06,0,0,0.5,465,4,0,HOLD
2025-08-12 13:02:54 UTC,1h,PORT3-USDT,BTC-USDT,0.04423,119145.2,3.712277121e-07,,30,-0.021893,-0.312985,0.0896127,1.07721e+07,0,0,0.5,465,4,0,HOLD
2025-08-12 13:02:54 UTC,1h,PORTAL-USDT,BTC-USDT,0.0494,119145.2,4.146201442e-07,,30,-0.00603622,0.00836905,0.0200983,817877,0,0,0.5,465,4,0,HOLD
2025-08-12 13:02:54 UTC,1h,POWR-USDT,BTC-USDT,0.1724,119145.2,1.446973944e-06,,30,0.00583431,0.010551,0.0106066,1.88245e+06,0,0,0.5,465,4,0,HOLD
2025-08-12 13:02:54 UTC,1h,PRCL-USDT,BTC-USDT,0.0891,119145.2,7.478270211e-07,,30,0.0264977,0.00450958,0.0161937,6.24707e+06,0,0,0.5,465,4,0,HOLD
2025-08-12 13:02:54 UTC,1h,PROM-USDT,BTC-USDT,10.24,119145.2,8.594555215e-05,,30,0.0212426,0.057196,0.028132,4.38999e+06,0,0,0.5,465,4,0,HOLD
2025-08-12 13:02:54 UTC,1h,PROMPT-USDT,BTC-USDT,0.12362,119145.2,1.037557535e-06,,30,0.00708758,0.00316481,0.0164097,6.30829e+06,0,0,0.5,465,4,0,HOLD
2025-08-12 13:02:54 UTC,1h,PROVE-USDT,BTC-USDT,1.5373,119145.2,1.290274388e-05,,30,-0.0384663,-0.0447399,0.0410692,5.39676e+07,0,0,0.5,465,4,0,HOLD
2025-08-12 13:02:54 UTC,1h,PUFFER-USDT,BTC-USDT,0.228,119145.2,1.913631435e-06,,30,0.045392,0.0531178,0.0194236,436954,0,0,0.5,465,4,0,HOLD
2025-08-12 13:02:54 UTC,1h,PUMP-USDT,BTC-USDT,0.00369,119145.2,3.097061401e-08,,30,0.0394366,0.0321678,0.0246806,4.56996e+07,0,0,0.5,465,4,0,HOLD
2025-08-12 13:02:54 UTC,1h,PUMPBTC-USDT,BTC-USDT,0.04158,119145.2,3.489859432e-07,,30,0,0.0089784,0.0170583,3.21643e+06,0,0,0.5,465,4,0,HOLD
2025-08-12 13:02:54 UTC,1h,PUNDIX-USDT,BTC-USDT,0.3109,119145.2,2.60942111e-06,,30,0.00193361,-0.00543826,0.0119928,6.22519e+06,0,0,0.5,465,4,0,HOLD
2025-08-12 13:02:54 UTC,1h,PYTH-USDT,BTC-USDT,0.1232,119145.2,1.034032424e-06,,30,0.0118265,0.0168372,0.0147959,2.28865e+06,0,0,0.5,465,4,0,HOLD
2025-08-12 13:02:54 UTC,1h,QNT-USDT,BTC-USDT,112.1,119145.2,0.0009408687887,,30,0.0116415,0.0128298,0.00862113,2.42795e+06,0,0,0.5,465,4,0,HOLD
2025-08-12 13:02:54 UTC,1h,QUICK-USDT,BTC-USDT,0.02373,119145.2,1.991687454e-07,,30,0.00892857,0.00380711,0.0127024,1.8702e+06,0,0,0.5,465,4,0,HOLD
2025-08-12 13:02:54 UTC,1h,RARE-USDT,BTC-USDT,0.0591,119145.2,4.960334113e-07,,30,0.00715746,0.00922131,0.0124849,8.4115e+06,0,0,0.5,465,4,0,HOLD
2025-08-12 13:02:54 UTC,1h,RATS-USDT,BTC-USDT,1.656e-05,119145.2,1.389900726e-10,,30,0.0116066,0.0197044,0.015226,2.89349e+06,0,0,0.5,465,4,0,HOLD
2025-08-12 13:02:54 UTC,1h,RAY-USDT,BTC-USDT,3.1281,119145.2,2.62545197e-05,,30,0.0138065,-0.0159185,0.0193705,1.94616e+06,0,0,0.5,465,4,0,HOLD
2025-08-12 13:02:54 UTC,1h,RDO-USDT,BTC-USDT,0.00079,119145.2,6.630565058e-09,,30,0.0575636,0.0821918,0.0350814,1.33173e+06,0,0,0.5,465,4,0,HOLD
2025-08-12 13:02:54 UTC,1h,REDSTONE-USDT,BTC-USDT,0.4177,119145.2,3.505806361e-06,,30,0.0108906,-0.0204034,0.0172202,6.28754e+06,0,0,0.5,465,4,0,HOLD
2025-08-12 13:02:54 UTC,1h,RENDER-USDT,BTC-USDT,3.835,119145.2,3.218761645e-05,,30,0.0148187,0.015894,0.0132799,5.3431e+06,0,0,0.5,465,4,0,HOLD
2025-08-12 13:02:54 UTC,1h,RESOLV-USDT,BTC-USDT,0.18601,119145.2,1.561204312e-06,,30,0.0147291,-0.0169644,0.0249065,7.49748e+06,0,0,0.5,465,4,0,HOLD
2025-08-12 13:02:54 UTC,1h,REX-USDT,BTC-USDT,0.02021,119145.2,1.696249618e-07,,30,-0.0353222,-0.0131836,0.0344596,6.67251e+06,0,0,0.5,465,4,0,HOLD
2025-08-12 13:02:54 UTC,1h,REZ-USDT,BTC-USDT,0.01459,119145.2,1.224556256e-07,,30,0.0281889,0.0399145,0.0233526,6.53796e+06,0,0,0.5,465,4,0,HOLD
2025-08-12 13:02:54 UTC,1h,RFC-USDT,BTC-USDT,0.00811,119145.2,6.806820585e-08,,30,0.00996264,0.0150188,0.0130351,276608,0,0,0.5,465,4,0,HOLD
2025-08-12 13:02:54 UTC,1h,RHEA-USDT,BTC-USDT,0.06619,119145.2,5.555406345e-07,,30,0.00424822,-0.146376,0.0355794,6.37136e+06,0,0,0.5,465,4,0,HOLD
2025-08-12 13:02:54 UTC,1h,RLC-USDT,BTC-USDT,0.9766,119145.2,8.196721311e-06,,30,0.00556013,0.0178218,0.0121266,349081,0,0,0.5,465,4,0,HOLD
2025-08-12 13:02:54 UTC,1h,ROAM-USDT,BTC-USDT,0.0812,119145.2,6.815213706e-07,,30,-0.0157576,-0.00611995,0.00906052,402195,0,0,0.5,465,4,0,HOLD
2025-08-12 13:02:54 UTC,1h,ROSE-USDT,BTC-USDT,0.02784,119145.2,2.336644699e-07,,30,0.00796524,0.0116279,0.0152915,2.31275e+06,0,0,0.5,465,4,0,HOLD
2025-08-12 13:02:54 UTC,1h,RPL-USDT,BTC-USDT,8.513,119145.2,7.145063334e-05,,30,0.0352669,0.0338839,0.0209847,6.54594e+06,0,0,0.5,465,4,0,HOLD
2025-08-12 13:02:54 UTC,1h,RSR-USDT,BTC-USDT,0.009275,119145.2,7.784619103e-08,,30,0.020352,0.0127757,0.0202541,2.46319e+06,0,0,0.5,465,4,0,HOLD
2025-08-12 13:02:54 UTC,1h,RUNE-USDT,BTC-USDT,1.394,119145.2,1.170000974e-05,,30,0.0101449,0.00941347,0.0128612,5.52986e+06,0,0,0.5,465,4,0,HOLD
2025-08-12 13:02:54 UTC,1h,RVN-USDT,BTC-USDT,0.01405,119145.2,1.179233406e-07,,30,0.00933908,-0.000711238,0.0137773,709388,0,0,0.5,465,4,0,HOLD
2025-08-12 13:02:54 UTC,1h,S-USDT,BTC-USDT,0.3048,119145.2,2.558223076e-06,,30,0.00994036,0.00527704,0.0145294,6.888e+06,0,0,0.5,465,4,0,HOLD
2025-08-12 13:02:54 UTC,1h,SAFE-USDT,BTC-USDT,0.4383,119145.2,3.678704639e-06,,30,-0.0004561,0.00159963,0.0124833,6.2536e+06,0,0,0.5,465,4,0,HOLD
2025-08-12 13:02:54 UTC,1h,SAGA-USDT,BTC-USDT,0.2682,119145.2,2.251034872e-06,,30,0.00978916,0.0283742,0.0185096,3.22689e+06,0,0,0.5,465,4,0,HOLD
2025-08-12 13:02:54 UTC,1h,SAHARA-USDT,BTC-USDT,0.09463,119145.2,7.942409766e-07,,30,0.0101409,-0.02624,0.0191498,8.73647e+06,0,0,0.5,465,4,0,HOLD
2025-08-12 13:02:54 UTC,1h,SAND-USDT,BTC-USDT,0.2874,119145.2,2.412182782e-06,,30,0.0093773,0.0104064,0.0113381,2.92343e+06,0,0,0.5,465,4,0,HOLD
2025-08-12 13:02:54 UTC,1h,SANTOS-USDT,BTC-USDT,2.831,119145.2,2.376092365e-05,,30,-0.0142758,-0.0087535,0.0238684,6.50286e+06,0,0,0.5,465,4,0,HOLD
2025-08-12 13:02:54 UTC,1h,SCR-USDT,BTC-USDT,0.3499,119145.2,2.936752802e-06,,30,0.0472912,0.0920724,0.0245376,1.07043e+06,0,0,0.5,465,4,0,HOLD
2025-08-12 13:02:54 UTC,1h,SEI-USDT,BTC-USDT,0.3102,119145.2,2.603545925e-06,,30,0.00226171,0.00714286,0.014691,1.48445e+07,0,0,0.5,465,4,0,HOLD
2025-08-12 13:02:54 UTC,1h,SERAPH-USDT,BTC-USDT,0.14937,119145.2,1.253680383e-06,,30,-0.0135385,-0.0146448,0.00868887,391784,0,0,0.5,465,4,0,HOLD
2025-08-12 13:02:54 UTC,1h,SFP-USDT,BTC-USDT,0.5007,119145.2,4.202435348e-06,,30,0.00160032,-0.00556107,0.00931553,517586,0,0,0.5,465,4,0,HOLD
2025-08-12 13:02:54 UTC,1h,SHELL-USDT,BTC-USDT,0.1745,119145.2,1.464599497e-06,,30,0.0174927,0.0337678,0.0198936,6.27684e+06,0,0,0.5,465,4,0,HOLD
2025-08-12 13:02:54 UTC,1h,SHIB-USDT,BTC-USDT,1.311e-05,119145.2,1.100338075e-10,,30,0.00490572,0.00436681,0.0111256,8.53688e+06,0,0,0.5,465,4,0,HOLD
2025-08-12 13:02:54 UTC,1h,SIDEKICK-USDT,BTC-USDT,0.2231,119145.2,1.872505145e-06,,30,-0.00623608,-0.0441302,0.0433502,6.65126e+06,0,0,0.5,465,4,0,HOLD
2025-08-12 13:02:54 UTC,1h,SIGN-USDT,BTC-USDT,0.06861,119145.2,5.758519856e-07,,30,-0.00493111,-0.00014573,0.00925521,6.26632e+06,0,0,0.5,465,4,0,HOLD
2025-08-12 13:02:54 UTC,1h,SIREN-USDT,BTC-USDT,0.09459,119145.2,7.939052517e-07,,30,-0.00200464,-0.0456059,0.023213,2.3573e+06,0,0,0.5,465,4,0,HOLD
2025-08-12 13:02:54 UTC,1h,SKATE-USDT,BTC-USDT,0.04637,119145.2,3.891889896e-07,,30,-0.0165429,-0.0264539,0.0166056,6.39251e+06,0,0,0.5,465,4,0,HOLD
2025-08-12 13:02:54 UTC,1h,SKL-USDT,BTC-USDT,0.02078,119145.2,1.744090404e-07,,30,0.00386473,0.0111922,0.0146088,1.90068e+06,0,0,0.5,465,4,0,HOLD
2025-08-12 13:02:54 UTC,1h,SKYAI-USDT,BTC-USDT,0.0684,119145.2,5.740894304e-07,,30,0.000585138,0.0171004,0.0121554,6.27645e+06,0,0,0.5,465,4,0,HOLD
2025-08-12 13:02:54 UTC,1h,SLERF-USDT,BTC-USDT,0.07557,119145.2,6.342681031e-07,,30,0.00733138,-0.00513428,0.0130437,1.98463e+06,0,0,0.5,465,4,0,HOLD
2025-08-12 13:02:54 UTC,1h,SLP-USDT,BTC-USDT,0.001929,119145.2,1.619032911e-08,,30,0.00259875,0.00364204,0.0144412,1.90046e+06,0,0,0.5,465,4,0,HOLD
2025-08-12 13:02:54 UTC,1h,SNT-USDT,BTC-USDT,0.02792,119145.2,2.343359195e-07,,30,0.000716846,-0.00321314,0.00780291,1.87849e+06,0,0,0.5,465,4,0,HOLD
2025-08-12 13:02:54 UTC,1h,SNX-USDT,BTC-USDT,0.66,119145.2,5.539459416e-06,,30,0.00763359,0.0248447,0.0128788,2.01786e+06,0,0,0.5,465,4,0,HOLD
2025-08-12 13:02:54 UTC,1h,SOL-USDT,BTC-USDT,177.381,119145.2,0.001488780077,,30,0.00910798,0.00749168,0.00881798,5.0427e+08,0,0,0.5,465,4,0,HOLD
2025-08-12 13:02:54 UTC,1h,SOLV-USDT,BTC-USDT,0.04263,119145.2,3.577987195e-07,,30,-0.0309161,-0.0186464,0.0149124,6.3024e+06,0,0,0.5,465,4,0,HOLD
2025-08-12 13:02:54 UTC,1h,SONIC-USDT,BTC-USDT,0.211,119145.2,1.770948389e-06,,30,-0.00705882,-0.00752587,0.0118822,573921,0,0,0.5,465,4,0,HOLD
2025-08-12 13:02:54 UTC,1h,SOON-USDT,BTC-USDT,0.43241,119145.2,3.629269161e-06,,30,-0.069966,-0.0975477,0.0737362,7.37086e+07,0,0,0.5,465,4,0,HOLD
2025-08-12 13:02:54 UTC,1h,SOPH-USDT,BTC-USDT,0.037843,119145.2,3.176208525e-07,,30,-0.0023463,-0.0211076,0.0138467,6.87185e+06,0,0,0.5,465,4,0,HOLD
2025-08-12 13:02:54 UTC,1h,SPK-USDT,BTC-USDT,0.10302,119145.2,8.646592561e-07,,30,0.0255849,-0.0508568,0.026992,1.11526e+07,0,0,0.5,465,4,0,HOLD
2025-08-12 13:02:54 UTC,1h,SPX-USDT,BTC-USDT,1.7688,119145.2,1.484575123e-05,,30,-0.00276259,-0.00191852,0.0174129,9.12086e+06,0,0,0.5,465,4,0,HOLD
2025-08-12 13:02:54 UTC,1h,SQD-USDT,BTC-USDT,0.14242,119145.2,1.195348197e-06,,30,-0.0732691,-0.0435191,0.0175788,6.2906e+06,0,0,0.5,465,4,0,HOLD
2025-08-12 13:02:54 UTC,1h,SSV-USDT,BTC-USDT,10.53,119145.2,8.837955704e-05,,30,0.0392815,0.0264158,0.0203297,2.50773e+06,0,0,0.5,465,4,0,HOLD
2025-08-12 13:02:54 UTC,1h,STG-USDT,BTC-USDT,0.1842,119145.2,1.546012764e-06,,30,0.00986842,-0.0149733,0.0149682,1.79366e+06,0,0,0.5,465,4,0,HOLD
2025-08-12 13:02:54 UTC,1h,STO-USDT,BTC-USDT,0.09459,119145.2,7.939052517e-07,,30,0.0432337,0.0492512,0.0207588,6.25778e+06,0,0,0.5,465,4,0,HOLD
2025-08-12 13:02:54 UTC,1h,STORJ-USDT,BTC-USDT,0.2714,119145.2,2.277892857e-06,,30,0.00779799,0.00854701,0.0117907,4.31489e+06,0,0,0.5,465,4,0,HOLD
2025-08-12 13:02:54 UTC,1h,STRK-USDT,BTC-USDT,0.1311,119145.2,1.100338075e-06,,30,0.00846154,0.0154919,0.0165631,7.22546e+06,0,0,0.5,465,4,0,HOLD
2025-08-12 13:02:54 UTC,1h,STX-USDT,BTC-USDT,0.7225,119145.2,6.064029436e-06,,30,0.00055394,-0.00248516,0.0132575,1.02992e+07,0,0,0.5,465,4,0,HOLD
2025-08-12 13:02:54 UTC,1h,SUI-USDT,BTC-USDT,3.7309,119145.2,3.131389263e-05,,30,0.0139417,0.00996183,0.0106753,6.70477e+07,0,0,0.5,465,4,0,HOLD
2025-08-12 13:02:54 UTC,1h,SUN-USDT,BTC-USDT,0.022508,119145.2,1.889123523e-07,,30,0.00133464,-0.00133109,0.00775597,2.15561e+06,0,0,0.5,465,4,0,HOLD
2025-08-12 13:02:54 UTC,1h,SUPER-USDT,BTC-USDT,0.7652,119145.2,6.422415674e-06,,30,0.0151234,0.0217653,0.0142726,2.10165e+06,0,0,0.5,465,4,0,HOLD
2025-08-12 13:02:54 UTC,1h,SUSHI-USDT,BTC-USDT,0.8347,119145.2,7.005737537e-06,,30,0.0161919,0.00687575,0.0154375,4.15962e+06,0,0,0.5,465,4,0,HOLD
2025-08-12 13:02:54 UTC,1h,SWARMS-USDT,BTC-USDT,0.02559,119145.2,2.147799492e-07,,30,-0.0394144,-0.0165257,0.0379054,9.90072e+06,0,0,0.5,465,4,0,HOLD
2025-08-12 13:02:54 UTC,1h,SWELL-USDT,BTC-USDT,0.0107,119145.2,8.98063875e-08,,30,0.0308285,0.038835,0.0199599,532778,0,0,0.5,465,4,0,HOLD
2025-08-12 13:02:54 UTC,1h,SXP-USDT,BTC-USDT,0.1841,119145.2,1.545173452e-06,,30,0.00491266,0.00656096,0.0102817,1.95177e+06,0,0,0.5,465,4,0,HOLD
2025-08-12 13:02:54 UTC,1h,SXT-USDT,BTC-USDT,0.08707,119145.2,7.307889869e-07,,30,0.0258011,0.0301704,0.0141266,6.24179e+06,0,0,0.5,465,4,0,HOLD
2025-08-12 13:02:54 UTC,1h,SYN-USDT,BTC-USDT,0.1404,119145.2,1.178394094e-06,,30,0.00501074,0.0137184,0.0185694,4.34741e+06,0,0,0.5,465,4,0,HOLD
2025-08-12 13:02:54 UTC,1h,SYRUP-USDT,BTC-USDT,0.47605,119145.2,3.995544932e-06,,30,0.00651204,-0.0430771,0.0162018,6.68874e+06,0,0,0.5,465,4,0,HOLD
2025-08-12 13:02:54 UTC,1h,TA-USDT,BTC-USDT,0.06341,119145.2,5.322077599e-07,,30,-0.0188767,-0.0726821,0.0225629,6.38143e+06,0,0,0.5,465,4,0,HOLD
2025-08-12 13:02:54 UTC,1h,TAC-USDT,BTC-USDT,0.01539,119145.2,1.291701218e-07,,30,0.08,0.0555556,0.0391256,7.47658e+06,0,0,0.5,465,4,0,HOLD
2025-08-12 13:02:54 UTC,1h,TAG-USDT,BTC-USDT,0.0011974,119145.2,1.004992228e-08,,30,0.00377232,0.00410901,0.0308347,7.81563e+06,0,0,0.5,465,4,0,HOLD
2025-08-12 13:02:54 UTC,1h,TAI-USDT,BTC-USDT,0.07258,119145.2,6.091726733e-07,,30,0.0221096,0.0058204,0.0213065,6.29335e+06,0,0,0.5,465,4,0,HOLD
2025-08-12 13:02:54 UTC,1h,TAIKO-USDT,BTC-USDT,0.4697,119145.2,3.942248618e-06,,30,0.0142518,0.00427625,0.0145229,6.26042e+06,0,0,0.5,465,4,0,HOLD
2025-08-12 13:02:54 UTC,1h,TANSSI-USDT,BTC-USDT,0.05708,119145.2,4.790793083e-07,,30,0.0172875,-0.0432451,0.0251276,6.39196e+06,0,0,0.5,465,4,0,HOLD
2025-08-12 13:02:54 UTC,1h,TAO-USDT,BTC-USDT,369.72,119145.2,0.003103104447,,30,0.0149893,0.0163844,0.0113812,1.38887e+07,0,0,0.5,465,4,0,HOLD
2025-08-12 13:02:54 UTC,1h,THE-USDT,BTC-USDT,0.3717,119145.2,3.119722826e-06,,30,-0.00107498,-0.0215846,0.0171221,6.3335e+06,0,0,0.5,465,4,0,HOLD
2025-08-12 13:02:54 UTC,1h,THETA-USDT,BTC-USDT,0.8448,119145.2,7.090508052e-06,,30,-0.00118231,0.00296806,0.0143821,2.82558e+06,0,0,0.5,465,4,0,HOLD
2025-08-12 13:02:54 UTC,1h,TIA-USDT,BTC-USDT,1.7803,119145.2,1.494227212e-05,,30,0.0271752,0.0304451,0.0140667,1.03893e+07,0,0,0.5,465,4,0,HOLD
2025-08-12 13:02:54 UTC,1h,TLM-USDT,BTC-USDT,0.004957,119145.2,4.160469746e-08,,30,0.00670187,0.0095723,0.0144961,3.56069e+06,0,0,0.5,465,4,0,HOLD
2025-08-12 13:02:54 UTC,1h,TNSR-USDT,BTC-USDT,0.1352,119145.2,1.134749868e-06,,30,0.00520446,0.0142536,0.0164307,6.33842e+06,0,0,0.5,465,4,0,HOLD
2025-08-12 13:02:54 UTC,1h,TOKEN-USDT,BTC-USDT,0.01611,119145.2,1.352131685e-07,,30,0.00876644,0.0183312,0.0168041,5.90403e+06,0,0,0.5,465,4,0,HOLD
2025-08-12 13:02:54 UTC,1h,TONCOIN-USDT,BTC-USDT,3.39,119145.2,2.845267791e-05,,30,-0.00702988,-0.00235433,0.00986094,9.70345e+06,0,0,0.5,465,4,0,HOLD
2025-08-12 13:02:54 UTC,1h,TOSHI-USDT,BTC-USDT,0.000822,119145.2,6.899144909e-09,,30,0.0815789,0.0198511,0.0265902,6.61514e+06,0,0,0.5,465,4,0,HOLD
2025-08-12 13:02:54 UTC,1h,TOWNS-USDT,BTC-USDT,0.03147,119145.2,2.641314967e-07,,30,-0.0202366,-0.0325853,0.0244224,8.11088e+06,0,0,0.5,465,4,0,HOLD
2025-08-12 13:02:54 UTC,1h,TRB-USDT,BTC-USDT,37.627,119145.2,0.0003158079385,,30,0.0106634,0.00639243,0.0121854,5.12465e+06,0,0,0.5,465,4,0,HOLD
2025-08-12 13:02:54 UTC,1h,TREE-USDT,BTC-USDT,0.4195,119145.2,3.520913977e-06,,30,0.0497998,0.0419771,0.0167887,7.67846e+06,0,0,0.5,465,4,0,HOLD
2025-08-12 13:02:54 UTC,1h,TRU-USDT,BTC-USDT,0.03292,119145.2,2.763015212e-07,,30,0.0277865,0.0293934,0.0177053,1.94563e+06,0,0,0.5,465,4,0,HOLD
2025-08-12 13:02:54 UTC,1h,TRUMP-USDT,BTC-USDT,8.887,119145.2,7.458966035e-05,,30,-0.000224997,0.000901002,0.00902603,7.71008e+06,0,0,0.5,465,4,0,HOLD
2025-08-12 13:02:54 UTC,1h,TRX-USDT,BTC-USDT,0.34703,119145.2,2.912664547e-06,,30,-0.00143872,-0.00367489,0.00457145,1.28398e+07,0,0,0.5,465,4,0,HOLD
2025-08-12 13:02:54 UTC,1h,TST-USDT,BTC-USDT,0.02619,119145.2,2.198158214e-07,,30,-0.039604,-0.0742312,0.04751,9.44032e+06,0,0,0.5,465,4,0,HOLD
2025-08-12 13:02:54 UTC,1h,TURBO-USDT,BTC-USDT,0.0047113,119145.2,3.95425078e-08,,30,0.0168566,0.00315128,0.0149989,6.25764e+06,0,0,0.5,465,4,0,HOLD
2025-08-12 13:02:54 UTC,1h,TUT-USDT,BTC-USDT,0.06001,119145.2,5.036711508e-07,,30,0.00284091,0.001502,0.00409456,1.89015e+06,0,0,0.5,465,4,0,HOLD
2025-08-12 13:02:54 UTC,1h,TWT-USDT,BTC-USDT,0.7678,119145.2,6.444237787e-06,,30,0.00156535,-0.00440871,0.00748893,2.01347e+06,0,0,0.5,465,4,0,HOLD
2025-08-12 13:02:54 UTC,1h,UMA-USDT,BTC-USDT,1.304,119145.2,1.094462891e-05,,30,0.0100697,0.0211433,0.0174189,2.39111e+06,0,0,0.5,465,4,0,HOLD
2025-08-12 13:02:54 UTC,1h,UNI-USDT,BTC-USDT,11.237,119145.2,9.431349312e-05,,30,0.00160442,0.00312444,0.0181098,5.81554e+07,0,0,0.5,465,4,0,HOLD
2025-08-12 13:02:54 UTC,1h,USELESS-USDT,BTC-USDT,0.2186,119145.2,1.834736104e-06,,30,0.0474365,0.0752582,0.0294733,7.04217e+06,0,0,0.5,465,4,0,HOLD
2025-08-12 13:02:54 UTC,1h,USTC-USDT,BTC-USDT,0.014486,119145.2,1.215827411e-07,,30,0.0143547,0.00263012,0.0231011,2.2485e+06,0,0,0.5,465,4,0,HOLD
2025-08-12 13:02:54 UTC,1h,USUAL-USDT,BTC-USDT,0.0761,119145.2,6.387164569e-07,,30,0.00541683,0.00422275,0.0187535,2.11473e+06,0,0,0.5,465,4,0,HOLD
2025-08-12 13:02:54 UTC,1h,UXLINK-USDT,BTC-USDT,0.3452,119145.2,2.897305137e-06,,30,0.00553452,0.0052417,0.0134498,6.51743e+06,0,0,0.5,465,4,0,HOLD
2025-08-12 13:02:54 UTC,1h,VANA-USDT,BTC-USDT,4.359,119145.2,3.658561151e-05,,30,0.00414651,0.00391525,0.0116344,6.308e+06,0,0,0.5,465,4,0,HOLD
2025-08-12 13:02:54 UTC,1h,VANRY-USDT,BTC-USDT,0.03189,119145.2,2.676566072e-07,,30,0.0208067,0.0156051,0.017538,455107,0,0,0.5,465,4,0,HOLD
2025-08-12 13:02:54 UTC,1h,VELODROME-USDT,BTC-USDT,0.06013,119145.2,5.046783253e-07,,30,0.0224452,0.00923129,0.0149557,597584,0,0,0.5,465,4,0,HOLD
2025-08-12 13:02:54 UTC,1h,VELVET-USDT,BTC-USDT,0.0676,119145.2,5.673749341e-07,,30,-0.0192949,-0.018298,0.022929,6.32253e+06,0,0,0.5,465,4,0,HOLD
2025-08-12 13:02:54 UTC,1h,VET-USDT,BTC-USDT,0.024678,119145.2,2.071254234e-07,,30,0.0052548,0.00044594,0.0114417,3.61585e+06,0,0,0.5,465,4,0,HOLD
2025-08-12 13:02:54 UTC,1h,VIC-USDT,BTC-USDT,0.2574,119145.2,2.160389172e-06,,30,-0.000776398,-0.00193874,0.012432,6.40277e+06,0,0,0.5,465,4,0,HOLD
2025-08-12 13:02:54 UTC,1h,VINE-USDT,BTC-USDT,0.0692,119145.2,5.808039266e-07,,30,0.0467403,-0.0380873,0.0454686,1.80528e+07,0,0,0.5,465,4,0,HOLD
2025-08-12 13:02:54 UTC,1h,VIRTUAL-USDT,BTC-USDT,1.3256,119145.2,1.112592031e-05,,30,0.00105724,-0.000904432,0.0145271,8.97566e+06,0,0,0.5,465,4,0,HOLD
2025-08-12 13:02:54 UTC,1h,VOXEL-USDT,BTC-USDT,0.05926,119145.2,4.973763106e-07,,30,0.00833759,0.00321652,0.0147172,439093,0,0,0.5,465,4,0,HOLD
2025-08-12 13:02:54 UTC,1h,VTHO-USDT,BTC-USDT,0.001918,119145.2,1.609800479e-08,,30,0.00894266,0.00576822,0.0110979,428988,0,0,0.5,465,4,0,HOLD
2025-08-12 13:02:54 UTC,1h,VVV-USDT,BTC-USDT,2.887,119145.2,2.423093838e-05,,30,0.0201413,0.0223088,0.0161067,299630,0,0,0.5,465,4,0,HOLD
2025-08-12 13:02:54 UTC,1h,W-USDT,BTC-USDT,0.08504,119145.2,7.137509526e-07,,30,0.00710564,0.00710564,0.0150769,6.80667e+06,0,0,0.5,465,4,0,HOLD
2025-08-12 13:02:54 UTC,1h,WAL-USDT,BTC-USDT,0.4083,119145.2,3.42691103e-06,,30,0.0121468,0.0139061,0.0138554,6.36566e+06,0,0,0.5,465,4,0,HOLD
2025-08-12 13:02:54 UTC,1h,WCT-USDT,BTC-USDT,0.3155,119145.2,2.648029463e-06,,30,0.012516,0.00317965,0.0124519,6.71856e+06,0,0,0.5,465,4,0,HOLD
2025-08-12 13:02:54 UTC,1h,WIF-USDT,BTC-USDT,0.9257,119145.2,7.769511487e-06,,30,0.0134662,0.00423085,0.0150079,3.63119e+07,0,0,0.5,465,4,0,HOLD
2025-08-12 13:02:54 UTC,1h,WLD-USDT,BTC-USDT,1.0029,119145.2,8.417460376e-06,,30,0.00783841,0.00330132,0.0127274,1.61337e+07,0,0,0.5,465,4,0,HOLD
2025-08-12 13:02:54 UTC,1h,WOO-USDT,BTC-USDT,0.07689,119145.2,6.45347022e-07,,30,0.003262,0.0101156,0.0138324,2.01045e+06,0,0,0.5,465,4,0,HOLD
2025-08-12 13:02:54 UTC,1h,X-USDT,BTC-USDT,5.675e-05,119145.2,4.763095786e-10,,30,0.0388065,0.0466617,0.0235242,6.70442e+06,0,0,0.5,465,4,0,HOLD
2025-08-12 13:02:54 UTC,1h,XAI-USDT,BTC-USDT,0.05267,119145.2,4.420656476e-07,,30,0.0160108,0.0241104,0.0165586,2.01201e+06,0,0,0.5,465,4,0,HOLD
2025-08-12 13:02:54 UTC,1h,XAUT-USDT,BTC-USDT,3349.6,119145.2,0.02811359585,,30,-0.00104381,0.000149294,0.00223907,7.23431e+06,0,0,0.5,465,4,0,HOLD
2025-08-12 13:02:54 UTC,1h,XCN-USDT,BTC-USDT,0.01383,119145.2,1.160768541e-07,,30,0.0124451,0.00948905,0.00981304,1.90827e+06,0,0,0.5,465,4,0,HOLD
2025-08-12 13:02:54 UTC,1h,XLM-USDT,BTC-USDT,0.43788,119145.2,3.675179529e-06,,30,0.00208252,-0.0116022,0.0124284,1.55754e+07,0,0,0.5,465,4,0,HOLD
2025-08-12 13:02:54 UTC,1h,XRP-USDT,BTC-USDT,3.178,119145.2,2.66733364e-05,,30,0.00751355,0.00544166,0.00868695,2.03101e+08,0,0,0.5,465,4,0,HOLD
2025-08-12 13:02:54 UTC,1h,YALA-USDT,BTC-USDT,0.2615,119145.2,2.194800966e-06,,30,-0.148763,-0.182046,0.0411909,7.96342e+06,0,0,0.5,465,4,0,HOLD
2025-08-12 13:02:54 UTC,1h,YFI-USDT,BTC-USDT,5691,119145.2,0.04776524778,,30,0.00299612,0.00707839,0.0101288,9.20959e+06,0,0,0.5,465,4,0,HOLD
2025-08-12 13:02:54 UTC,1h,YGG-USDT,BTC-USDT,0.1657,119145.2,1.390740038e-06,,30,0.00975015,0.0128362,0.0150444,3.86907e+06,0,0,0.5,465,4,0,HOLD
2025-08-12 13:02:54 UTC,1h,ZBCN-USDT,BTC-USDT,0.0050035,119145.2,4.199497756e-08,,30,-0.0242785,0.0197073,0.0263287,6.43008e+06,0,0,0.5,465,4,0,HOLD
2025-08-12 13:02:54 UTC,1h,ZEREBRO-USDT,BTC-USDT,0.02816,119145.2,2.363502684e-07,,30,-0.00247963,-0.00141844,0.0158279,1.91627e+06,0,0,0.5,465,4,0,HOLD
2025-08-12 13:02:54 UTC,1h,ZETA-USDT,BTC-USDT,0.2,119145.2,1.678624065e-06,,30,0.00603622,0.010101,0.0125357,4.34365e+06,0,0,0.5,465,4,0,HOLD
2025-08-12 13:02:54 UTC,1h,ZIL-USDT,BTC-USDT,0.01149,119145.2,9.643695256e-08,,30,0.0114437,0.0105541,0.0117493,2.22854e+06,0,0,0.5,465,4,0,HOLD
2025-08-12 13:02:54 UTC,1h,ZK-USDT,BTC-USDT,0.05802,119145.2,4.869688414e-07,,30,0.018252,0.0231,0.0158566,6.47112e+06,0,0,0.5,465,4,0,HOLD
2025-08-12 13:02:54 UTC,1h,ZKJ-USDT,BTC-USDT,0.2493,119145.2,2.092404898e-06,,30,0.0444072,-0.0506474,0.0500544,8.59216e+06,0,0,0.5,465,4,0,HOLD
2025-08-12 13:02:54 UTC,1h,ZORA-USDT,BTC-USDT,0.12528,119145.2,1.051490115e-06,,30,0.0745347,0.0665759,0.0388558,3.41836e+07,0,0,0.5,465,4,0,HOLD
2025-08-12 13:02:54 UTC,1h,ZRC-USDT,BTC-USDT,0.03394,119145.2,2.848625039e-07,,30,0.00503405,-0.0142318,0.0150055,6.3625e+06,0,0,0.5,465,4,0,HOLD
2025-08-12 13:02:54 UTC,1h,ZRO-USDT,BTC-USDT,2.2736,119145.2,1.908259838e-05,,30,0.0102644,-0.00962669,0.0168832,1.4318e+07,0,0,0.5,465,4,0,HOLD
2025-08-12 13:02:54 UTC,1h,ZRX-USDT,BTC-USDT,0.2537,119145.2,2.129334627e-06,,30,0.00794597,0.00794597,0.0120502,1.92196e+06,0,0,0.5,465,4,0,HOLD
2025-08-12 14:02:06 UTC,1h,1000000BABYDOGE-USDT,BTC-USDT,0.0013334,118835.6,1.122054334e-08,,30,0.0222324,0.00527744,0.012444,1.27345e+06,0,0,0.666667,465,4,0,HOLD
2025-08-12 14:02:06 UTC,1h,1000000BOB-USDT,BTC-USDT,0.08002,118835.6,6.733672401e-07,,30,0.0285347,-0.0275854,0.0291088,6.41428e+06,0,0,0.666667,465,4,0,HOLD
2025-08-12 14:02:06 UTC,1h,1000000MOG-USDT,BTC-USDT,1.4115,118835.6,1.18777538e-05,,30,0.0298409,0.0149565,0.0247558,1.64061e+06,0,0,0.666667,465,4,0,HOLD
2025-08-12 14:02:06 UTC,1h,10000SATS-USDT,BTC-USDT,0.000403,118835.6,3.391239662e-09,,30,0.0176768,0.00248756,0.0159518,2.28034e+06,0,0,0.666667,465,4,0,HOLD
2025-08-12 14:02:06 UTC,1h,10000WHY-USDT,BTC-USDT,0.0003272,118835.6,2.753383666e-09,,30,0.0244208,-0.00243902,0.0145826,2.21017e+06,0,0,0.666667,465,4,0,HOLD
2025-08-12 14:02:06 UTC,1h,1000BONK-USDT,BTC-USDT,0.024268,118835.6,2.042148986e-07,,30,-0.00115245,-0.0289693,0.0153641,6.36121e+06,0,0,0.666667,465,4,0,HOLD
2025-08-12 14:02:06 UTC,1h,1000CAT-USDT,BTC-USDT,0.009113,118835.6,7.66857743e-08,,30,0.0290199,0.0107587,0.0149237,6.33587e+06,0,0,0.666667,465,4,0,HOLD
2025-08-12 14:02:06 UTC,1h,1000CHEEMS-USDT,BTC-USDT,0.0012951,118835.6,1.089824935e-08,,30,0.00115955,-0.0222709,0.0108265,6.26969e+06,0,0,0.666667,465,4,0,HOLD
2025-08-12 14:02:06 UTC,1h,1000PEPE-USDT,BTC-USDT,0.0114581,118835.6,9.641975974e-08,,30,0.017268,0.0120834,0.014914,3.0861e+07,0,0,0.666667,465,4,0,HOLD
2025-08-12 14:02:06 UTC,1h,1INCH-USDT,BTC-USDT,0.2652,118835.6,2.231654487e-06,,30,0.00340522,0.0060698,0.01344,6.09149e+06,0,0,0.666667,465,4,0,HOLD
2025-08-12 14:02:06 UTC,1h,A-USDT,BTC-USDT,0.53916,118835.6,4.537024259e-06,,30,0.00885055,0.0192639,0.0146286,6.79187e+06,0,0,0.666667,465,4,0,HOLD
2025-08-12 14:02:06 UTC,1h,A2Z-USDT,BTC-USDT,0.007274,118835.6,6.121061365e-08,,30,-0.0128918,-0.0108784,0.0208669,6.76481e+06,0,0,0.666667,465,4,0,HOLD
2025-08-12 14:02:06 UTC,1h,AAPLX-USDT,BTC-USDT,227.95,118835.6,0.001918196231,,30,0.00586886,0.00453904,0.00435559,6.21733e+06,0,0,0.666667,465,4,0,HOLD
2025-08-12 14:02:06 UTC,1h,AAVE-USDT,BTC-USDT,302.65,118835.6,0.002546795741,,30,0.0187149,0.009338,0.012256,6.56568e+07,0,0,0.666667,465,4,0,HOLD
2025-08-12 14:02:06 UTC,1h,ACE-USDT,BTC-USDT,0.5683,118835.6,4.782236973e-06,,30,0.0271101,0.0153654,0.0168673,1.99181e+06,0,0,0.666667,465,4,0,HOLD
2025-08-12 14:02:06 UTC,1h,ACH-USDT,BTC-USDT,0.021943,118835.6,1.846500544e-07,,30,0.017434,0.00554486,0.0141308,942593,0,0,0.666667,465,4,0,HOLD
2025-08-12 14:02:06 UTC,1h,ACT-USDT,BTC-USDT,0.04222,118835.6,3.552807408e-07,,30,0.0247573,0.00571701,0.0144312,6.38621e+06,0,0,0.666667,465,4,0,HOLD
2025-08-12 14:02:06 UTC,1h,ADA-USDT,BTC-USDT,0.79043,118835.6,6.651457981e-06,,30,0.014204,0.00839446,0.0112389,4.38697e+07,0,0,0.666667,465,4,0,HOLD
2025-08-12 14:02:06 UTC,1h,AERGO-USDT,BTC-USDT,0.11558,118835.6,9.726041691e-07,,30,0.00609331,-0.00730052,0.0093071,1.93197e+06,0,0,0.666667,465,4,0,HOLD
2025-08-12 14:02:06 UTC,1h,AERO-USDT,BTC-USDT,1.1525,118835.6,9.698272235e-06,,30,0.0536661,0.0233529,0.019498,3.31668e+06,0,0,0.666667,465,4,0,HOLD
2025-08-12 14:02:06 UTC,1h,AEVO-USDT,BTC-USDT,0.0991,118835.6,8.339251874e-07,,30,0.0344468,0.0322917,0.0174427,6.34143e+06,0,0,0.666667,465,4,0,HOLD
2025-08-12 14:02:06 UTC,1h,AGLD-USDT,BTC-USDT,0.7176,118835.6,6.038594495e-06,,30,0.0117017,-0.00194715,0.0116758,3.97035e+06,0,0,0.666667,465,4,0,HOLD
2025-08-12 14:02:06 UTC,1h,AGT-USDT,BTC-USDT,0.005788,118835.6,4.870594334e-08,,30,0.0304433,-0.0354941,0.0214236,6.35252e+06,0,0,0.666667,465,4,0,HOLD
2025-08-12 14:02:06 UTC,1h,AI16Z-USDT,BTC-USDT,0.1307,118835.6,1.099838769e-06,,30,0.0226917,0.00153257,0.019565,8.25248e+06,0,0,0.666667,465,4,0,HOLD
2025-08-12 14:02:06 UTC,1h,AIN-USDT,BTC-USDT,0.13765,118835.6,1.158322927e-06,,30,0.0179707,-0.00585007,0.0174148,6.28847e+06,0,0,0.666667,465,4,0,HOLD
2025-08-12 14:02:06 UTC,1h,AIOT-USDT,BTC-USDT,0.52452,118835.6,4.413828853e-06,,30,0.0314233,0.0371542,0.0108521,6.3508e+06,0,0,0.666667,465,4,0,HOLD
2025-08-12 14:02:06 UTC,1h,AIXBT-USDT,BTC-USDT,0.13174,118835.6,1.108590355e-06,,30,0.0316366,0.0396149,0.0180062,7.14955e+06,0,0,0.666667,465,4,0,HOLD
2025-08-12 14:02:06 UTC,1h,AKT-USDT,BTC-USDT,1.241,118835.6,1.044299856e-05,,30,0.00894309,-0.00401284,0.0124324,474972,0,0,0.666667,465,4,0,HOLD
2025-08-12 14:02:06 UTC,1h,ALCH-USDT,BTC-USDT,0.13878,118835.6,1.167831862e-06,,30,-0.0208142,-0.0363169,0.00948572,6.35071e+06,0,0,0.666667,465,4,0,HOLD
2025-08-12 14:02:06 UTC,1h,ALGO-USDT,BTC-USDT,0.2597,118835.6,2.18537206e-06,,30,0.0216365,0.0144531,0.0139722,4.21256e+06,0,0,0.666667,465,4,0,HOLD
2025-08-12 14:02:06 UTC,1h,ALPHA-USDT,BTC-USDT,0.01567,118835.6,1.318628424e-07,,30,0.0148964,-0.00191083,0.0154982,1.89549e+06,0,0,0.666667,465,4,0,HOLD
2025-08-12 14:02:06 UTC,1h,ALPINE-USDT,BTC-USDT,1.4038,118835.6,1.181295841e-05,,30,0.0357854,-0.0879085,0.0555279,8.43969e+06,0,0,0.666667,465,4,0,HOLD
2025-08-12 14:02:06 UTC,1h,ALT-USDT,BTC-USDT,0.03747,118835.6,3.153095537e-07,,30,0.0605718,0.0635822,0.0256967,5.76107e+06,0,0,0.666667,465,4,0,HOLD
2025-08-12 14:02:06 UTC,1h,ALTCOIN-USDT,BTC-USDT,237.92,118835.6,0.002002093649,,30,0.00881954,0.00600423,0.00797987,1.83295e+06,0,0,0.666667,465,4,0,HOLD
2025-08-12 14:02:06 UTC,1h,ANIME-USDT,BTC-USDT,0.01732,118835.6,1.457475706e-07,,30,0.0116822,-0.0040253,0.0129495,6.37475e+06,0,0,0.666667,465,4,0,HOLD
2025-08-12 14:02:06 UTC,1h,ANKR-USDT,BTC-USDT,0.01596,118835.6,1.343031886e-07,,30,0.0114068,0,0.0116362,338696,0,0,0.666667,465,4,0,HOLD
2025-08-12 14:02:06 UTC,1h,APE-USDT,BTC-USDT,0.617,118835.6,5.192046828e-06,,30,0.0136356,0.00472236,0.0110211,6.39514e+06,0,0,0.666667,465,4,0,HOLD
2025-08-12 14:02:06 UTC,1h,API3-USDT,BTC-USDT,0.7363,118835.6,6.195954748e-06,,30,0.0192414,0.00849199,0.0126792,6.41544e+06,0,0,0.666667,465,4,0,HOLD
2025-08-12 14:02:06 UTC,1h,APT-USDT,BTC-USDT,4.6306,118835.6,3.896643767e-05,,30,0.012485,0.00937309,0.0114795,1.01207e+07,0,0,0.666667,465,4,0,HOLD
2025-08-12 14:02:06 UTC,1h,AR-USDT,BTC-USDT,7.506,118835.6,6.316289058e-05,,30,0.0205303,0.00576176,0.0174242,2.44072e+06,0,0,0.666667,465,4,0,HOLD
2025-08-12 14:02:06 UTC,1h,ARB-USDT,BTC-USDT,0.4555,118835.6,3.833026467e-06,,30,0.0317101,0.0252082,0.0170456,1.4166e+07,0,0,0.666667,465,4,0,HOLD
2025-08-12 14:02:06 UTC,1h,ARC-USDT,BTC-USDT,0.02355,118835.6,1.981729381e-07,,30,0.0397351,-0.00632911,0.022384,7.02628e+06,0,0,0.666667,465,4,0,HOLD
2025-08-12 14:02:06 UTC,1h,ARK-USDT,BTC-USDT,0.4452,118835.6,3.746352103e-06,,30,0.0108992,0,0.0103645,2.00236e+06,0,0,0.666667,465,4,0,HOLD
2025-08-12 14:02:06 UTC,1h,ARKM-USDT,BTC-USDT,0.5175,118835.6,4.354755646e-06,,30,0.0205088,0.0141093,0.0157074,2.5673e+06,0,0,0.666667,465,4,0,HOLD
2025-08-12 14:02:06 UTC,1h,ARPA-USDT,BTC-USDT,0.0226,118835.6,1.901787007e-07,,30,0.0226244,0.0102816,0.0123578,7.92724e+06,0,0,0.666667,465,4,0,HOLD
2025-08-12 14:02:06 UTC,1h,ASP-USDT,BTC-USDT,0.1682,118835.6,1.415400772e-06,,30,-0.0186698,-0.00708383,0.0315101,6.71656e+06,0,0,0.666667,465,4,0,HOLD
2025-08-12 14:02:06 UTC,1h,ASR-USDT,BTC-USDT,6.533,118835.6,5.497510847e-05,,30,-0.00168093,-0.0419416,0.0177013,7.15105e+06,0,0,0.666667,465,4,0,HOLD
2025-08-12 14:02:06 UTC,1h,ASTR-USDT,BTC-USDT,0.02485,118835.6,2.091124209e-07,,30,0.0138719,0.009342,0.0112963,1.92392e+06,0,0,0.666667,465,4,0,HOLD
2025-08-12 14:02:06 UTC,1h,ATA-USDT,BTC-USDT,0.0494,118835.6,4.157003457e-07,,30,0.0227743,0.0102249,0.0146038,297987,0,0,0.666667,465,4,0,HOLD
2025-08-12 14:02:06 UTC,1h,ATH-USDT,BTC-USDT,0.03328,118835.6,2.800507592e-07,,30,-0.0208885,-0.0331203,0.0120407,2.16741e+06,0,0,0.666667,465,4,0,HOLD
2025-08-12 14:02:06 UTC,1h,ATOM-USDT,BTC-USDT,4.525,118835.6,3.807781507e-05,,30,0.00332594,0.000442184,0.00988161,7.91454e+06,0,0,0.666667,465,4,0,HOLD
2025-08-12 14:02:06 UTC,1h,AUCTION-USDT,BTC-USDT,10.177,118835.6,8.56393202e-05,,30,0.00424314,-0.00362248,0.0110614,4.62357e+06,0,0,0.666667,465,4,0,HOLD
2025-08-12 14:02:06 UTC,1h,AVA-USDT,BTC-USDT,0.5911,118835.6,4.974098671e-06,,30,0.0179094,0.00818694,0.0131353,542010,0,0,0.666667,465,4,0,HOLD
2025-08-12 14:02:06 UTC,1h,AVAAI-USDT,BTC-USDT,0.03566,118835.6,3.000784277e-07,,30,-0.00751461,-0.0563641,0.0300056,8.69815e+06,0,0,0.666667,465,4,0,HOLD
2025-08-12 14:02:06 UTC,1h,AVAX-USDT,BTC-USDT,23.471,118835.6,0.0001975081541,,30,0.0223006,0.0155331,0.0115279,5.28828e+07,0,0,0.666667,465,4,0,HOLD
2025-08-12 14:02:06 UTC,1h,AWE-USDT,BTC-USDT,0.053905,118835.6,4.53609861e-07,,30,0.00374274,0.00422892,0.00913644,6.2459e+06,0,0,0.666667,465,4,0,HOLD
2025-08-12 14:02:06 UTC,1h,AXL-USDT,BTC-USDT,0.3458,118835.6,2.90990242e-06,,30,0.0221697,0.00698893,0.0141081,2.06749e+06,0,0,0.666667,465,4,0,HOLD
2025-08-12 14:02:06 UTC,1h,AXS-USDT,BTC-USDT,2.403,118835.6,2.022121317e-05,,30,0.0117895,0.0037594,0.0127816,5.17635e+06,0,0,0.666667,465,4,0,HOLD
2025-08-12 14:02:06 UTC,1h,B-USDT,BTC-USDT,0.62462,118835.6,5.256169027e-06,,30,-0.0269352,-0.0708516,0.0160509,6.62007e+06,0,0,0.666667,465,4,0,HOLD
2025-08-12 14:02:06 UTC,1h,B2-USDT,BTC-USDT,0.3867,118835.6,3.254075378e-06,,30,-0.000516929,-0.0079528,0.0135579,6.23992e+06,0,0,0.666667,465,4,0,HOLD
2025-08-12 14:02:06 UTC,1h,B3-USDT,BTC-USDT,0.00312,118835.6,2.625475868e-08,,30,0.027668,0.013316,0.0152244,6.29967e+06,0,0,0.666667,465,4,0,HOLD
2025-08-12 14:02:06 UTC,1h,BABY-USDT,BTC-USDT,0.06036,118835.6,5.079286005e-07,,30,0.0170177,-0.00951756,0.014804,6.43888e+06,0,0,0.666667,465,4,0,HOLD
2025-08-12 14:02:06 UTC,1h,BAKE-USDT,BTC-USDT,0.0846,118835.6,7.119078795e-07,,30,0.0254545,-0.00470588,0.0148598,1.42903e+06,0,0,0.666667,465,4,0,HOLD
2025-08-12 14:02:06 UTC,1h,BANANA-USDT,BTC-USDT,25.37,118835.6,0.000213488214,,30,0.0296266,0.0103544,0.0168647,9.19437e+06,0,0,0.666667,465,4,0,HOLD
2025-08-12 14:02:06 UTC,1h,BANANAS31-USDT,BTC-USDT,0.007091,118835.6,5.967067108e-08,,30,0.0213164,-0.0175949,0.0175776,4.51978e+06,0,0,0.666667,465,4,0,HOLD
2025-08-12 14:02:06 UTC,1h,BANK-USDT,BTC-USDT,0.065611,118835.6,5.52115696e-07,,30,-0.0230934,0.0478982,0.0296803,6.50206e+06,0,0,0.666667,465,4,0,HOLD
2025-08-12 14:02:06 UTC,1h,BAT-USDT,BTC-USDT,0.1482,118835.6,1.247101037e-06,,30,0.00953678,-0.00403226,0.0116638,428637,0,0,0.666667,465,4,0,HOLD
2025-08-12 14:02:06 UTC,1h,BB-USDT,BTC-USDT,0.12523,118835.6,1.053808791e-06,,30,0.0360718,0.0119596,0.0202085,9.38292e+06,0,0,0.666667,465,4,0,HOLD
2025-08-12 14:02:06 UTC,1h,BCH-USDT,BTC-USDT,589.37,118835.6,0.004959540744,,30,-0.0010678,-0.0137553,0.00925201,3.44734e+07,0,0,0.666667,465,4,0,HOLD
2025-08-12 14:02:06 UTC,1h,BDXN-USDT,BTC-USDT,0.04057,118835.6,3.413960126e-07,,30,0.0341575,-0.0224096,0.0193493,6.33734e+06,0,0,0.666667,465,4,0,HOLD
2025-08-12 14:02:06 UTC,1h,BEAM-USDT,BTC-USDT,0.00818,118835.6,6.883459165e-08,,30,0.039258,0.0278965,0.0174205,2.0716e+06,0,0,0.666667,465,4,0,HOLD
2025-08-12 14:02:06 UTC,1h,BERA-USDT,BTC-USDT,1.946,118835.6,1.637556422e-05,,30,0.012487,-0.00916497,0.0134709,6.59854e+06,0,0,0.666667,465,4,0,HOLD
2025-08-12 14:02:06 UTC,1h,BID-USDT,BTC-USDT,0.06812,118835.6,5.732288977e-07,,30,0.0271411,-0.00800932,0.0199123,2.24752e+06,0,0,0.666667,465,4,0,HOLD
2025-08-12 14:02:06 UTC,1h,BIGTIME-USDT,BTC-USDT,0.05871,118835.6,4.940438724e-07,,30,0.0201564,0.00651466,0.0126773,2.0289e+06,0,0,0.666667,465,4,0,HOLD
2025-08-12 14:02:06 UTC,1h,BIO-USDT,BTC-USDT,0.12085,118835.6,1.016951149e-06,,30,-0.0314954,-0.0648456,0.0475087,1.8491e+07,0,0,0.666667,465,4,0,HOLD
2025-08-12 14:02:06 UTC,1h,BLAST-USDT,BTC-USDT,0.00304,118835.6,2.558155973e-08,,30,-0.00621118,-0.025016,0.0145207,518819,0,0,0.666667,465,4,0,HOLD
2025-08-12 14:02:06 UTC,1h,BLUR-USDT,BTC-USDT,0.08334,118835.6,7.013049961e-07,,30,0.00737338,-0.000839228,0.0139446,4.54553e+06,0,0,0.666667,465,4,0,HOLD
2025-08-12 14:02:06 UTC,1h,BMT-USDT,BTC-USDT,0.08156,118835.6,6.863263197e-07,,30,0.0134195,-0.0218278,0.0129966,1.97948e+06,0,0,0.666667,465,4,0,HOLD
2025-08-12 14:02:06 UTC,1h,BNB-USDT,BTC-USDT,810.6,118835.6,0.006821188263,,30,0.0066814,-0.00242441,0.00698601,3.35965e+07,0,0,0.666667,465,4,0,HOLD
2025-08-12 14:02:06 UTC,1h,BNT-USDT,BTC-USDT,0.79672,118835.6,6.704388247e-06,,30,0.0195928,0.00887668,0.0121184,1.91145e+06,0,0,0.666667,465,4,0,HOLD
2025-08-12 14:02:06 UTC,1h,BOME-USDT,BTC-USDT,0.00187,118835.6,1.573602523e-08,,30,0.0286029,0.01465,0.0173797,9.23501e+06,0,0,0.666667,465,4,0,HOLD
2025-08-12 14:02:06 UTC,1h,BR-USDT,BTC-USDT,0.05008,118835.6,4.214225367e-07,,30,-0.000199641,-0.000598683,0.000998403,1.88009e+06,0,0,0.666667,465,4,0,HOLD
2025-08-12 14:02:06 UTC,1h,BRETT-USDT,BTC-USDT,0.056,118835.6,4.712392583e-07,,30,0.0366531,0.0226443,0.0189031,5.18248e+06,0,0,0.666667,465,4,0,HOLD
2025-08-12 14:02:06 UTC,1h,BROCCOLI-USDT,BTC-USDT,0.02781,118835.6,2.340207817e-07,,30,0.00907112,-0.0320223,0.0170802,6.26989e+06,0,0,0.666667,465,4,0,HOLD
2025-08-12 14:02:06 UTC,1h,BROCCOLIF3B-USDT,BTC-USDT,0.010234,118835.6,8.611897445e-08,,30,0.0388793,0.0114647,0.013317,6.24461e+06,0,0,0.666667,465,4,0,HOLD
2025-08-12 14:02:06 UTC,1h,BSV-USDT,BTC-USDT,28.79,118835.6,0.0002422674687,,30,-0.0024255,-0.0237369,0.0130005,2.26641e+06,0,0,0.666667,465,4,0,HOLD
2025-08-12 14:02:06 UTC,1h,BSW-USDT,BTC-USDT,0.0268,118835.6,2.25521645e-07,,30,-0.00814212,0.00149477,0.0224147,2.12931e+06,0,0,0.666667,465,4,0,HOLD
2025-08-12 14:02:06 UTC,1h,BTC-USDT,BTC-USDT,118731.2,118835.6,0.9991214754,,30,-0.000415893,-0.00245749,0.00414682,1.57006e+09,0,0,0.666667,465,4,0,HOLD
2025-08-12 14:02:06 UTC,1h,BULLA-USDT,BTC-USDT,0.08424,118835.6,7.088784842e-07,,30,0.0328592,0.00357398,0.0245726,6.61597e+06,0,0,0.666667,465,4,0,HOLD
2025-08-12 14:02:06 UTC,1h,C-USDT,BTC-USDT,0.2581,118835.6,2.171908081e-06,,30,0.0398034,0.0131899,0.0173742,6.45685e+06,0,0,0.666667,465,4,0,HOLD
2025-08-12 14:02:06 UTC,1h,CAKE-USDT,BTC-USDT,2.7542,118835.6,2.317655652e-05,,30,0.00853199,-0.00300452,0.00984211,2.54014e+06,0,0,0.666667,465,4,0,HOLD
2025-08-12 14:02:06 UTC,1h,CARV-USDT,BTC-USDT,0.3033,118835.6,2.552265483e-06,,30,-0.0110858,-0.0178109,0.0182752,2.16759e+06,0,0,0.666667,465,4,0,HOLD
2025-08-12 14:02:06 UTC,1h,CATI-USDT,BTC-USDT,0.09349,118835.6,7.867171117e-07,,30,-0.00743179,-0.0130898,0.0402258,6.92123e+06,0,0,0.666667,465,4,0,HOLD
2025-08-12 14:02:06 UTC,1h,CELO-USDT,BTC-USDT,0.3485,118835.6,2.932622884e-06,,30,0.0213951,0.00316638,0.0157614,2.31514e+06,0,0,0.666667,465,4,0,HOLD
2025-08-12 14:02:06 UTC,1h,CELR-USDT,BTC-USDT,0.00787,118835.6,6.622594576e-08,,30,0.0194301,0.0102696,0.0133418,1.96006e+06,0,0,0.666667,465,4,0,HOLD
2025-08-12 14:02:06 UTC,1h,CETUS-USDT,BTC-USDT,0.10766,118835.6,9.05957474e-07,,30,0.0290575,0.0200872,0.0161155,906812,0,0,0.666667,465,4,0,HOLD
2025-08-12 14:02:06 UTC,1h,CFX-USDT,BTC-USDT,0.19631,118835.6,1.65194605e-06,,30,0.00630511,-0.00708108,0.0140157,9.56629e+06,0,0,0.666667,465,4,0,HOLD
2025-08-12 14:02:06 UTC,1h,CGPT-USDT,BTC-USDT,0.09924,118835.6,8.351032855e-07,,30,0.0240429,0.00577683,0.0154028,685544,0,0,0.666667,465,4,0,HOLD
2025-08-12 14:02:06 UTC,1h,CHESS-USDT,BTC-USDT,0.07339,118835.6,6.175758779e-07,,30,0.0432125,0.0142344,0.0177622,774856,0,0,0.666667,465,4,0,HOLD
2025-08-12 14:02:06 UTC,1h,CHILLGUY-USDT,BTC-USDT,0.05369,118835.6,4.518006389e-07,,30,0.0124458,-0.0154044,0.0230955,1.61755e+06,0,0,0.666667,465,4,0,HOLD
2025-08-12 14:02:06 UTC,1h,CHR-USDT,BTC-USDT,0.0948,118835.6,7.977407444e-07,,30,0.0215517,0.00743889,0.013487,1.91556e+06,0,0,0.666667,465,4,0,HOLD
2025-08-12 14:02:06 UTC,1h,CHZ-USDT,BTC-USDT,0.04169,118835.6,3.508207978e-07,,30,0.0131227,0.00724813,0.0106398,2.10221e+06,0,0,0.666667,465,4,0,HOLD
2025-08-12 14:02:06 UTC,1h,CKB-USDT,BTC-USDT,0.005451,118835.6,4.58700928e-08,,30,0.0101927,-0.00980926,0.0128417,685696,0,0,0.666667,465,4,0,HOLD
2025-08-12 14:02:06 UTC,1h,COINX-USDT,BTC-USDT,319.85,118835.6,0.002691533514,,30,-0.00342733,0.00093882,0.00609661,6.23308e+06,0,0,0.666667,465,4,0,HOLD
2025-08-12 14:02:06 UTC,1h,COMP-USDT,BTC-USDT,51.43,118835.6,0.0004327827688,,30,0.00744368,-0.00194062,0.0126385,5.51261e+06,0,0,0.666667,465,4,0,HOLD
2025-08-12 14:02:06 UTC,1h,COOKIE-USDT,BTC-USDT,0.1502,118835.6,1.263931011e-06,,30,0.0481507,0.0107672,0.0202587,6.68144e+06,0,0,0.666667,465,4,0,HOLD
2025-08-12 14:02:06 UTC,1h,CORE-USDT,BTC-USDT,0.486,118835.6,4.089683563e-06,,30,0.022082,0.00871731,0.0105967,1.95784e+06,0,0,0.666667,465,4,0,HOLD
2025-08-12 14:02:06 UTC,1h,COS-USDT,BTC-USDT,0.003412,118835.6,2.871193481e-08,,30,0.016081,0.00530348,0.0112628,441511,0,0,0.666667,465,4,0,HOLD
2025-08-12 14:02:06 UTC,1h,COTI-USDT,BTC-USDT,0.05365,118835.6,4.514640394e-07,,30,0.0191869,0.0130287,0.0130742,466004,0,0,0.666667,465,4,0,HOLD
2025-08-12 14:02:06 UTC,1h,COW-USDT,BTC-USDT,0.411,118835.6,3.458559556e-06,,30,0.0195981,0.00587372,0.0160063,6.53389e+06,0,0,0.666667,465,4,0,HOLD
2025-08-12 14:02:06 UTC,1h,CRCLX-USDT,BTC-USDT,172.01,118835.6,0.001447461872,,30,0.0550172,0.0631026,0.0212944,6.25226e+06,0,0,0.666667,465,4,0,HOLD
2025-08-12 14:02:06 UTC,1h,CROSS-USDT,BTC-USDT,0.31725,118835.6,2.669654548e-06,,30,0.0126724,-0.0189257,0.0164944,6.38986e+06,0,0,0.666667,465,4,0,HOLD
2025-08-12 14:02:06 UTC,1h,CRV-USDT,BTC-USDT,0.9342,118835.6,7.861280626e-06,,30,0.0121343,0.00722372,0.0146955,1.46786e+07,0,0,0.666667,465,4,0,HOLD
2025-08-12 14:02:06 UTC,1h,CTC-USDT,BTC-USDT,0.718,118835.6,6.04196049e-06,,30,0.0180065,-0.0616832,0.0249304,1.75716e+06,0,0,0.666667,465,4,0,HOLD
2025-08-12 14:02:06 UTC,1h,CTK-USDT,BTC-USDT,0.3544,118835.6,2.982271306e-06,,30,0.0506967,0.0266512,0.0189455,6.40917e+06,0,0,0.666667,465,4,0,HOLD
2025-08-12 14:02:06 UTC,1h,CUDIS-USDT,BTC-USDT,0.06812,118835.6,5.732288977e-07,,30,-0.00757576,0.118004,0.0371403,6.61269e+06,0,0,0.666667,465,4,0,HOLD
2025-08-12 14:02:06 UTC,1h,CVC-USDT,BTC-USDT,0.09444,118835.6,7.947113491e-07,,30,0.0139575,0.00489466,0.00897017,1.8752e+06,0,0,0.666667,465,4,0,HOLD
2025-08-12 14:02:06 UTC,1h,CYBER-USDT,BTC-USDT,3.0799,118835.6,2.591731771e-05,,30,-0.061092,0.610911,0.142015,5.01057e+07,0,0,0.666667,465,4,0,HOLD
2025-08-12 14:02:06 UTC,1h,D-USDT,BTC-USDT,0.03562,118835.6,2.997418282e-07,,30,0.0168427,0.00963719,0.0134555,6.22521e+06,0,0,0.666667,465,4,0,HOLD
2025-08-12 14:02:06 UTC,1h,DBR-USDT,BTC-USDT,0.02464,118835.6,2.073452736e-07,,30,0.00859599,0.00571429,0.00953734,420382,0,0,0.666667,465,4,0,HOLD
2025-08-12 14:02:06 UTC,1h,DEEP-USDT,BTC-USDT,0.15793,118835.6,1.328978858e-06,,30,0.0524457,0.050276,0.0129443,6.4045e+06,0,0,0.666667,465,4,0,HOLD
2025-08-12 14:02:06 UTC,1h,DEGEN-USDT,BTC-USDT,0.003845,118835.6,3.235562407e-08,,30,0.023968,0.0131752,0.0150845,513276,0,0,0.666667,465,4,0,HOLD
2025-08-12 14:02:06 UTC,1h,DEGO-USDT,BTC-USDT,1.225,118835.6,1.030835877e-05,,30,0.00106235,-0.0229702,0.0206647,826747,0,0,0.666667,465,4,0,HOLD
2025-08-12 14:02:06 UTC,1h,DF-USDT,BTC-USDT,0.02934,118835.6,2.468957114e-07,,30,0.016632,0.00136519,0.0106632,278357,0,0,0.666667,465,4,0,HOLD
2025-08-12 14:02:06 UTC,1h,DIA-USDT,BTC-USDT,0.8219,118835.6,6.916277614e-06,,30,0.0146914,0.00207267,0.0197886,6.28952e+06,0,0,0.666667,465,4,0,HOLD
2025-08-12 14:02:06 UTC,1h,DMC-USDT,BTC-USDT,0.004721,118835.6,3.972715247e-08,,30,0.00639522,-0.00881797,0.0141011,6.30142e+06,0,0,0.666667,465,4,0,HOLD
2025-08-12 14:02:06 UTC,1h,DOG-USDT,BTC-USDT,0.003422,118835.6,2.879608467e-08,,30,0.039174,0.0329007,0.0175336,766203,0,0,0.666667,465,4,0,HOLD
2025-08-12 14:02:06 UTC,1h,DOGE-USDT,BTC-USDT,0.22349,118835.6,1.88066539e-06,,30,-0.000715404,-0.00966012,0.0126883,1.29016e+08,0,0,0.666667,465,4,0,HOLD
2025-08-12 14:02:06 UTC,1h,DOGS-USDT,BTC-USDT,0.0001424,118835.6,1.198294114e-09,,30,0.018598,0.00849858,0.016252,787336,0,0,0.666667,465,4,0,HOLD
2025-08-12 14:02:06 UTC,1h,DOLO-USDT,BTC-USDT,0.24741,118835.6,2.081951873e-06,,30,0.00938354,-0.0219673,0.0318254,7.95205e+06,0,0,0.666667,465,4,0,HOLD
2025-08-12 14:02:06 UTC,1h,DOOD-USDT,BTC-USDT,0.0036971,118835.6,3.111104753e-08,,30,0.0207344,0.00760384,0.0150543,6.31078e+06,0,0,0.666667,465,4,0,HOLD
2025-08-12 14:02:06 UTC,1h,DOT-USDT,BTC-USDT,3.95,118835.6,3.323919768e-05,,30,0.0169928,0.00868233,0.0118445,1.53652e+07,0,0,0.666667,465,4,0,HOLD
2025-08-12 14:02:06 UTC,1h,DRIFT-USDT,BTC-USDT,0.5462,118835.6,4.596265765e-06,,30,0.00607847,-0.0158559,0.0138097,6.42985e+06,0,0,0.666667,465,4,0,HOLD
2025-08-12 14:02:06 UTC,1h,DUSK-USDT,BTC-USDT,0.06573,118835.6,5.531170794e-07,,30,0.0249493,0.0121651,0.0157897,269831,0,0,0.666667,465,4,0,HOLD
2025-08-12 14:02:06 UTC,1h,DYDX-USDT,BTC-USDT,0.6483,118835.6,5.455435913e-06,,30,0.018059,0.0172603,0.0169564,6.0255e+06,0,0,0.666667,465,4,0,HOLD
2025-08-12 14:02:06 UTC,1h,DYM-USDT,BTC-USDT,0.2513,118835.6,2.114686171e-06,,30,0.0116747,-0.00593354,0.0198965,3.40508e+06,0,0,0.666667,465,4,0,HOLD
2025-08-12 14:02:06 UTC,1h,EDU-USDT,BTC-USDT,0.1506,118835.6,1.267297005e-06,,30,-0.0150425,0.0889371,0.0504648,5.76793e+06,0,0,0.666667,465,4,0,HOLD
2025-08-12 14:02:06 UTC,1h,EGLD-USDT,BTC-USDT,15.308,118835.6,0.0001288166172,,30,0.0176162,0.00664168,0.0118099,3.08413e+06,0,0,0.666667,465,4,0,HOLD
2025-08-12 14:02:06 UTC,1h,EIGEN-USDT,BTC-USDT,1.3784,118835.6,1.159921774e-05,,30,0.0149474,0.0143498,0.021469,5.90183e+06,0,0,0.666667,465,4,0,HOLD
2025-08-12 14:02:06 UTC,1h,ELX-USDT,BTC-USDT,0.1692,118835.6,1.423815759e-06,,30,0.00714286,-0.00878735,0.0149865,459983,0,0,0.666667,465,4,0,HOLD
2025-08-12 14:02:06 UTC,1h,ENA-USDT,BTC-USDT,0.8068,118835.6,6.789211314e-06,,30,0.0216538,-0.00517879,0.0240987,9.83497e+07,0,0,0.666667,465,4,0,HOLD
2025-08-12 14:02:06 UTC,1h,ENJ-USDT,BTC-USDT,0.0706,118835.6,5.940980649e-07,,30,0.015389,0.00184476,0.0133347,2.00207e+06,0,0,0.666667,465,4,0,HOLD
2025-08-12 14:02:06 UTC,1h,ENS-USDT,BTC-USDT,28.545,118835.6,0.0002402057969,,30,0.0169944,0.00794492,0.0147987,1.16184e+07,0,0,0.666667,465,4,0,HOLD
2025-08-12 14:02:06 UTC,1h,EPIC-USDT,BTC-USDT,2.0923,118835.6,1.760667679e-05,,30,-0.00881141,-0.0399211,0.0135292,2.108e+06,0,0,0.666667,465,4,0,HOLD
2025-08-12 14:02:06 UTC,1h,EPT-USDT,BTC-USDT,0.004291,118835.6,3.610870816e-08,,30,0.0168246,-0.0212135,0.0180278,6.32026e+06,0,0,0.666667,465,4,0,HOLD
2025-08-12 14:02:06 UTC,1h,ERA-USDT,BTC-USDT,1.0109,118835.6,8.50671011e-06,,30,-0.0047258,-0.0323538,0.0170357,8.18055e+06,0,0,0.666667,465,4,0,HOLD
2025-08-12 14:02:06 UTC,1h,ES-USDT,BTC-USDT,0.2131,118835.6,1.793233677e-06,,30,0.00995261,-0.0260512,0.0201113,6.26565e+06,0,0,0.666667,465,4,0,HOLD
2025-08-12 14:02:06 UTC,1h,ESPORTS-USDT,BTC-USDT,0.1284,118835.6,1.080484299e-06,,30,0.00156006,-0.0432191,0.0174121,6.6551e+06,0,0,0.666667,465,4,0,HOLD
2025-08-12 14:02:06 UTC,1h,ETC-USDT,BTC-USDT,22.64,118835.6,0.0001905153001,,30,0.0142915,0.00756564,0.0135853,1.14592e+07,0,0,0.666667,465,4,0,HOLD
2025-08-12 14:02:06 UTC,1h,ETH-USDT,BTC-USDT,4378.55,118835.6,0.03684544026,,30,0.0160675,0.0205863,0.010401,2.53174e+09,0,0,0.666667,465,4,0,HOLD
2025-08-12 14:02:06 UTC,1h,ETHFI-USDT,BTC-USDT,1.1927,118835.6,1.00365547e-05,,30,0.00965039,-0.00748939,0.0244643,1.41167e+07,0,0,0.666667,465,4,0,HOLD
2025-08-12 14:02:06 UTC,1h,ETHW-USDT,BTC-USDT,1.67,118835.6,1.405302788e-05,,30,0.0212193,0.0031235,0.0148888,1.96838e+06,0,0,0.666667,465,4,0,HOLD
2025-08-12 14:02:06 UTC,1h,F-USDT,BTC-USDT,0.007813,118835.6,6.574629152e-08,,30,0.005793,-0.0123878,0.0107696,6.24909e+06,0,0,0.666667,465,4,0,HOLD
2025-08-12 14:02:06 UTC,1h,FARTCOIN-USDT,BTC-USDT,0.8661,118835.6,7.288220028e-06,,30,0.0298454,-0.0259784,0.0229601,6.02999e+07,0,0,0.666667,465,4,0,HOLD
2025-08-12 14:02:06 UTC,1h,FET-USDT,BTC-USDT,0.6994,118835.6,5.885441736e-06,,30,0.0106936,0.0047407,0.0144001,5.62976e+06,0,0,0.666667,465,4,0,HOLD
2025-08-12 14:02:06 UTC,1h,FHE-USDT,BTC-USDT,0.06308,118835.6,5.308173645e-07,,30,-0.00253004,-0.0148368,0.0180043,6.44476e+06,0,0,0.666667,465,4,0,HOLD
2025-08-12 14:02:06 UTC,1h,FIDA-USDT,BTC-USDT,0.09958,118835.6,8.37964381e-07,,30,0.0305288,0.0112725,0.0154004,746504,0,0,0.666667,465,4,0,HOLD
2025-08-12 14:02:06 UTC,1h,FIL-USDT,BTC-USDT,2.509,118835.6,2.111320177e-05,,30,0.0137374,0.00480577,0.011416,9.66645e+06,0,0,0.666667,465,4,0,HOLD
2025-08-12 14:02:06 UTC,1h,FIO-USDT,BTC-USDT,0.02053,118835.6,1.727596781e-07,,30,0.0198708,-0.0743913,0.024285,6.42747e+06,0,0,0.666667,465,4,0,HOLD
2025-08-12 14:02:06 UTC,1h,FIS-USDT,BTC-USDT,0.11919,118835.6,1.002982271e-06,,30,0.0320374,0.00709759,0.0139933,6.32442e+06,0,0,0.666667,465,4,0,HOLD
2025-08-12 14:02:06 UTC,1h,FLM-USDT,BTC-USDT,0.02967,118835.6,2.49672657e-07,,30,0.0277104,0.0181881,0.0135539,643678,0,0,0.666667,465,4,0,HOLD
2025-08-12 14:02:06 UTC,1h,FLOCK-USDT,BTC-USDT,0.18505,118835.6,1.557193299e-06,,30,0.0290274,0.0767485,0.0248852,6.46041e+06,0,0,0.666667,465,4,0,HOLD
2025-08-12 14:02:06 UTC,1h,FLOKI-USDT,BTC-USDT,0.00010921,118835.6,9.190007035e-10,,30,0.00672935,-0.00501093,0.0153047,6.50139e+06,0,0,0.666667,465,4,0,HOLD
2025-08-12 14:02:06 UTC,1h,FLOW-USDT,BTC-USDT,0.373,118835.6,3.13879006e-06,,30,0.013587,0.00268817,0.00938338,2.50305e+06,0,0,0.666667,465,4,0,HOLD
2025-08-12 14:02:06 UTC,1h,FLUX-USDT,BTC-USDT,0.2204,118835.6,1.854663081e-06,,30,0.0170743,0.00410023,0.0151996,428130,0,0,0.666667,465,4,0,HOLD
2025-08-12 14:02:06 UTC,1h,FORM-USDT,BTC-USDT,3.77,118835.6,3.172450007e-05,,30,-0.0168466,-0.0237207,0.00597575,2.0535e+06,0,0,0.666667,465,4,0,HOLD
2025-08-12 14:02:06 UTC,1h,FORTH-USDT,BTC-USDT,2.8068,118835.6,2.361918482e-05,,30,0.0153379,-0.0286545,0.0236517,1.9663e+06,0,0,0.666667,465,4,0,HOLD
2025-08-12 14:02:06 UTC,1h,FRAG-USDT,BTC-USDT,0.0427,118835.6,3.593199344e-07,,30,0.0140109,-0.0291041,0.0252258,6.26918e+06,0,0,0.666667,465,4,0,HOLD
2025-08-12 14:02:06 UTC,1h,FUEL-USDT,BTC-USDT,0.00741,118835.6,6.235505185e-08,,30,-0.0288336,-0.0376623,0.0148448,382810,0,0,0.666667,465,4,0,HOLD
2025-08-12 14:02:06 UTC,1h,FUNTOKEN-USDT,BTC-USDT,0.009158,118835.6,7.70644487e-08,,30,0.00859031,0.0039465,0.0356441,1.22614e+07,0,0,0.666667,465,4,0,HOLD
2025-08-12 14:02:06 UTC,1h,FXS-USDT,BTC-USDT,3.064,118835.6,2.578351942e-05,,30,0.0143008,-0.0070968,0.0137495,2.11482e+06,0,0,0.666667,465,4,0,HOLD
2025-08-12 14:02:06 UTC,1h,G-USDT,BTC-USDT,0.01196,118835.6,1.006432416e-07,,30,0.0058873,0,0.0122432,6.21798e+06,0,0,0.666667,465,4,0,HOLD
2025-08-12 14:02:06 UTC,1h,GALA-USDT,BTC-USDT,0.01705,118835.6,1.434755242e-07,,30,0.0130719,0.0041225,0.0153749,9.83275e+06,0,0,0.666667,465,4,0,HOLD
2025-08-12 14:02:06 UTC,1h,GAS-USDT,BTC-USDT,3.257,118835.6,2.740761186e-05,,30,0.0127488,0.00462677,0.0100662,1.91569e+06,0,0,0.666667,465,4,0,HOLD
2025-08-12 14:02:06 UTC,1h,GHST-USDT,BTC-USDT,0.5101,118835.6,4.292484744e-06,,30,0.095811,0.0649269,0.024519,7.29687e+06,0,0,0.666667,465,4,0,HOLD
2025-08-12 14:02:06 UTC,1h,GLM-USDT,BTC-USDT,0.25613,118835.6,2.155330558e-06,,30,0.00687947,-0.00171493,0.0106224,487471,0,0,0.666667,465,4,0,HOLD
2025-08-12 14:02:06 UTC,1h,GMT-USDT,BTC-USDT,0.04563,118835.6,3.839758456e-07,,30,0.014,0.00706246,0.0119126,678035,0,0,0.666667,465,4,0,HOLD
2025-08-12 14:02:06 UTC,1h,GMX-USDT,BTC-USDT,16.653,118835.6,0.0001401347744,,30,0.0060412,-0.00786416,0.0147678,2.62001e+06,0,0,0.666667,465,4,0,HOLD
2025-08-12 14:02:06 UTC,1h,GOAT-USDT,BTC-USDT,0.10023,118835.6,8.434341224e-07,,30,0.0462422,0.029584,0.0168327,6.63182e+06,0,0,0.666667,465,4,0,HOLD
2025-08-12 14:02:06 UTC,1h,GOR-USDT,BTC-USDT,0.01801,118835.6,1.515539115e-07,,30,0.0988408,0.177894,0.032006,6.39972e+06,0,0,0.666667,465,4,0,HOLD
2025-08-12 14:02:06 UTC,1h,GORK-USDT,BTC-USDT,0.00818,118835.6,6.883459165e-08,,30,0.0935829,0.0863214,0.0172896,6.34188e+06,0,0,0.666667,465,4,0,HOLD
2025-08-12 14:02:06 UTC,1h,GPS-USDT,BTC-USDT,0.01574,118835.6,1.324518915e-07,,30,0.00318674,-0.0466384,0.0233255,6.36352e+06,0,0,0.666667,465,4,0,HOLD
2025-08-12 14:02:06 UTC,1h,GRASS-USDT,BTC-USDT,0.7689,118835.6,6.470283316e-06,,30,0.0209799,-0.00194704,0.0204652,7.38578e+06,0,0,0.666667,465,4,0,HOLD
2025-08-12 14:02:06 UTC,1h,GRIFFAIN-USDT,BTC-USDT,0.04347,118835.6,3.657994742e-07,,30,0.0489865,-0.000919329,0.0210161,7.15744e+06,0,0,0.666667,465,4,0,HOLD
2025-08-12 14:02:06 UTC,1h,GRT-USDT,BTC-USDT,0.09507,118835.6,8.000127908e-07,,30,0.0199549,0.00870027,0.0128026,2.71695e+06,0,0,0.666667,465,4,0,HOLD
2025-08-12 14:02:06 UTC,1h,GTC-USDT,BTC-USDT,0.299,118835.6,2.51608104e-06,,30,0.0239726,0.0135593,0.0145724,1.92867e+06,0,0,0.666667,465,4,0,HOLD
2025-08-12 14:02:06 UTC,1h,GUN-USDT,BTC-USDT,0.03011,118835.6,2.533752512e-07,,30,0.00366667,0.00233023,0.0162499,6.28433e+06,0,0,0.666667,465,4,0,HOLD
2025-08-12 14:02:06 UTC,1h,H-USDT,BTC-USDT,0.03711,118835.6,3.122801585e-07,,30,0.011723,-0.0109275,0.0131847,6.39506e+06,0,0,0.666667,465,4,0,HOLD
2025-08-12 14:02:06 UTC,1h,HAEDAL-USDT,BTC-USDT,0.139354,118835.6,1.172662064e-06,,30,0.00605711,0.00866406,0.0148153,6.24489e+06,0,0,0.666667,465,4,0,HOLD
2025-08-12 14:02:06 UTC,1h,HBAR-USDT,BTC-USDT,0.25074,118835.6,2.109973779e-06,,30,0.0131318,0.00565516,0.0100132,1.31584e+07,0,0,0.666667,465,4,0,HOLD
2025-08-12 14:02:06 UTC,1h,HEI-USDT,BTC-USDT,0.5039,118835.6,4.240311826e-06,,30,0.0165423,-0.000198413,0.0232756,804228,0,0,0.666667,465,4,0,HOLD
2025-08-12 14:02:06 UTC,1h,HFT-USDT,BTC-USDT,0.09646,118835.6,8.117096224e-07,,30,0.0291262,-0.0523627,0.0279983,6.44945e+06,0,0,0.666667,465,4,0,HOLD
2025-08-12 14:02:06 UTC,1h,HIFI-USDT,BTC-USDT,0.08742,118835.6,7.356381421e-07,,30,0.0744838,0.0423274,0.0207373,2.25726e+06,0,0,0.666667,465,4,0,HOLD
2025-08-12 14:02:06 UTC,1h,HIGH-USDT,BTC-USDT,0.5803,118835.6,4.883216814e-06,,30,0.0130936,0.00746528,0.0140445,5.16081e+06,0,0,0.666667,465,4,0,HOLD
2025-08-12 14:02:06 UTC,1h,HIPPO-USDT,BTC-USDT,0.002366,118835.6,1.990985866e-08,,30,-0.0121086,-0.0573705,0.0380389,2.0835e+06,0,0,0.666667,465,4,0,HOLD
2025-08-12 14:02:06 UTC,1h,HIVE-USDT,BTC-USDT,0.21988,118835.6,1.850287288e-06,,30,0.00862385,-0.00538291,0.00968385,410759,0,0,0.666667,465,4,0,HOLD
2025-08-12 14:02:06 UTC,1h,HMSTR-USDT,BTC-USDT,0.0007476,118835.6,6.291044098e-09,,30,0.0120482,0.00133941,0.0145322,516258,0,0,0.666667,465,4,0,HOLD
2025-08-12 14:02:06 UTC,1h,HOME-USDT,BTC-USDT,0.040634,118835.6,3.419345718e-07,,30,0.0402171,0.0310581,0.013314,6.3067e+06,0,0,0.666667,465,4,0,HOLD
2025-08-12 14:02:06 UTC,1h,HOODX-USDT,BTC-USDT,114.5,118835.6,0.0009635159834,,30,0.00845517,0.00597435,0.00691204,6.22091e+06,0,0,0.666667,465,4,0,HOLD
2025-08-12 14:02:06 UTC,1h,HOOK-USDT,BTC-USDT,0.1093,118835.6,9.197580523e-07,,30,0.0370019,0.0409524,0.0231996,5.64992e+06,0,0,0.666667,465,4,0,HOLD
2025-08-12 14:02:06 UTC,1h,HOT-USDT,BTC-USDT,0.000998,118835.6,8.398156781e-09,,30,0.0162933,0.00503525,0.0130261,1.8825e+06,0,0,0.666667,465,4,0,HOLD
2025-08-12 14:02:06 UTC,1h,HOUSE-USDT,BTC-USDT,0.02129,118835.6,1.79155068e-07,,30,0.0508391,-0.0065329,0.0458968,6.97122e+06,0,0,0.666667,465,4,0,HOLD
2025-08-12 14:02:06 UTC,1h,HUMA-USDT,BTC-USDT,0.034197,118835.6,2.877673021e-07,,30,0.0257049,0.0133645,0.0130818,6.31062e+06,0,0,0.666667,465,4,0,HOLD
2025-08-12 14:02:06 UTC,1h,HYPE-USDT,BTC-USDT,43.154,118835.6,0.0003631403384,,30,-0.00157327,-0.0123135,0.0157608,2.20602e+07,0,0,0.666667,465,4,0,HOLD
2025-08-12 14:02:06 UTC,1h,HYPERLANE-USDT,BTC-USDT,0.3747,118835.6,3.153095537e-06,,30,0.0088853,-0.0360175,0.0168516,6.83861e+06,0,0,0.666667,465,4,0,HOLD
2025-08-12 14:02:06 UTC,1h,ICNT-USDT,BTC-USDT,0.3592,118835.6,3.022663242e-06,,30,-0.0887874,0.0658754,0.0710309,1.67298e+07,0,0,0.666667,465,4,0,HOLD
2025-08-12 14:02:06 UTC,1h,ICP-USDT,BTC-USDT,5.417,118835.6,4.558398325e-05,,30,0.00650316,-0.000922169,0.0125926,5.28328e+06,0,0,0.666667,465,4,0,HOLD
2025-08-12 14:02:06 UTC,1h,ICX-USDT,BTC-USDT,0.1317,118835.6,1.108253756e-06,,30,0.0122982,0.00996933,0.011498,311819,0,0,0.666667,465,4,0,HOLD
2025-08-12 14:02:06 UTC,1h,ID-USDT,BTC-USDT,0.17376,118835.6,1.462188099e-06,,30,0.0331787,0.0405413,0.02249,2.52018e+06,0,0,0.666667,465,4,0,HOLD
2025-08-12 14:02:06 UTC,1h,IDOL-USDT,BTC-USDT,0.01678,118835.6,1.412034777e-07,,30,0.0288167,0.108322,0.0602758,7.20173e+06,0,0,0.666667,465,4,0,HOLD
2025-08-12 14:02:06 UTC,1h,ILV-USDT,BTC-USDT,17.29,118835.6,0.000145495121,,30,0.0157443,-0.00184736,0.0145212,6.47962e+06,0,0,0.666667,465,4,0,HOLD
2025-08-12 14:02:06 UTC,1h,IMX-USDT,BTC-USDT,0.5734,118835.6,4.825153405e-06,,30,0.0277828,0.0155863,0.0191215,5.38272e+06,0,0,0.666667,465,4,0,HOLD
2025-08-12 14:02:06 UTC,1h,IN-USDT,BTC-USDT,0.09375,118835.6,7.889050083e-07,,30,0.0911313,0.049597,0.0379048,7.28671e+06,0,0,0.666667,465,4,0,HOLD
2025-08-12 14:02:06 UTC,1h,INIT-USDT,BTC-USDT,0.4463,118835.6,3.755608589e-06,,30,0.054335,0.0516023,0.017349,6.36303e+06,0,0,0.666667,465,4,0,HOLD
2025-08-12 14:02:06 UTC,1h,INJ-USDT,BTC-USDT,13.943,118835.6,0.0001173301603,,30,0.0190762,0.0108751,0.0142929,2.92089e+07,0,0,0.666667,465,4,0,HOLD
2025-08-12 14:02:06 UTC,1h,IO-USDT,BTC-USDT,0.6156,118835.6,5.180265846e-06,,30,0.0280561,0.0151715,0.0165228,9.50792e+06,0,0,0.666667,465,4,0,HOLD
2025-08-12 14:02:06 UTC,1h,IOST-USDT,BTC-USDT,0.003675,118835.6,3.092507632e-08,,30,0.0107261,-0.00162999,0.0109232,1.97325e+06,0,0,0.666667,465,4,0,HOLD
2025-08-12 14:02:06 UTC,1h,IOTA-USDT,BTC-USDT,0.2026,118835.6,1.704876317e-06,,30,0.0175791,0.0124938,0.01308,2.33581e+06,0,0,0.666667,465,4,0,HOLD
2025-08-12 14:02:06 UTC,1h,IP-USDT,BTC-USDT,5.75723,118835.6,4.844701419e-05,,30,0.00912329,-0.0574233,0.0214866,1.10373e+07,0,0,0.666667,465,4,0,HOLD
2025-08-12 14:02:06 UTC,1h,JASMY-USDT,BTC-USDT,0.01702,118835.6,1.432230746e-07,,30,0.0277157,0.0150286,0.0202325,4.73196e+06,0,0,0.666667,465,4,0,HOLD
2025-08-12 14:02:06 UTC,1h,JOE-USDT,BTC-USDT,0.15872,118835.6,1.335626698e-06,,30,0.0124386,0.00347727,0.0136314,1.90772e+06,0,0,0.666667,465,4,0,HOLD
2025-08-12 14:02:06 UTC,1h,JST-USDT,BTC-USDT,0.033441,118835.6,2.814055721e-07,,30,-0.000747027,-0.0131031,0.00596573,1.88475e+06,0,0,0.666667,465,4,0,HOLD
2025-08-12 14:02:06 UTC,1h,JTO-USDT,BTC-USDT,1.7889,118835.6,1.505356981e-05,,30,0.010678,0.003084,0.0114037,4.80874e+06,0,0,0.666667,465,4,0,HOLD
2025-08-12 14:02:06 UTC,1h,JUP-USDT,BTC-USDT,0.5021,118835.6,4.22516485e-06,,30,0.0102616,0.00440088,0.0148946,1.30193e+07,0,0,0.666667,465,4,0,HOLD
2025-08-12 14:02:06 UTC,1h,KAIA-USDT,BTC-USDT,0.1461,118835.6,1.229429565e-06,,30,0.00274537,-0.00204918,0.0108536,6.43856e+06,0,0,0.666667,465,4,0,HOLD
2025-08-12 14:02:06 UTC,1h,KAITO-USDT,BTC-USDT,1.1459,118835.6,9.642733322e-06,,30,0.0242224,-0.00356522,0.0127286,6.58717e+06,0,0,0.666667,465,4,0,HOLD
2025-08-12 14:02:06 UTC,1h,KAS-USDT,BTC-USDT,0.08888,118835.6,7.479240228e-07,,30,0.0045208,-0.0162701,0.0139353,7.54244e+06,0,0,0.666667,465,4,0,HOLD
2025-08-12 14:02:06 UTC,1h,KAVA-USDT,BTC-USDT,0.3798,118835.6,3.196011969e-06,,30,0.00769435,0.0071599,0.00590536,2.09371e+06,0,0,0.666667,465,4,0,HOLD
2025-08-12 14:02:06 UTC,1h,KDA-USDT,BTC-USDT,0.4147,118835.6,3.489695007e-06,,30,0.0191693,0.0136886,0.0147439,2.0415e+06,0,0,0.666667,465,4,0,HOLD
2025-08-12 14:02:06 UTC,1h,KERNEL-USDT,BTC-USDT,0.1979,118835.6,1.665325879e-06,,30,0.0153925,0.00101163,0.0173609,6.52415e+06,0,0,0.666667,465,4,0,HOLD
2025-08-12 14:02:06 UTC,1h,KMNO-USDT,BTC-USDT,0.05282,118835.6,4.444796004e-07,,30,0.0244375,0.00859271,0.0130632,380996,0,0,0.666667,465,4,0,HOLD
2025-08-12 14:02:06 UTC,1h,KNC-USDT,BTC-USDT,0.4196,118835.6,3.530928442e-06,,30,0.0142615,-0.00403513,0.0113884,2.12947e+06,0,0,0.666667,465,4,0,HOLD
2025-08-12 14:02:06 UTC,1h,KOMA-USDT,BTC-USDT,0.02392,118835.6,2.012864832e-07,,30,-0.000417885,-0.00166945,0.00839107,1.88202e+06,0,0,0.666667,465,4,0,HOLD
2025-08-12 14:02:06 UTC,1h,KSM-USDT,BTC-USDT,15.088,118835.6,0.0001269653202,,30,0.0156166,0.00259153,0.0127111,2.94707e+06,0,0,0.666667,465,4,0,HOLD
2025-08-12 14:02:06 UTC,1h,LA-USDT,BTC-USDT,0.4033,118835.6,3.393764158e-06,,30,0.0905895,0.168647,0.0334916,9.29916e+06,0,0,0.666667,465,4,0,HOLD
2025-08-12 14:02:06 UTC,1h,LAUNCHCOIN-USDT,BTC-USDT,0.06856,118835.6,5.769314919e-07,,30,0.0228256,0.00631146,0.0195449,6.48395e+06,0,0,0.666667,465,4,0,HOLD
2025-08-12 14:02:06 UTC,1h,LAYER-USDT,BTC-USDT,0.6121,118835.6,5.150813393e-06,,30,0.0077379,-0.00938663,0.010024,6.32263e+06,0,0,0.666667,465,4,0,HOLD
2025-08-12 14:02:06 UTC,1h,LDO-USDT,BTC-USDT,1.5065,118835.6,1.267717755e-05,,30,0.0112096,-0.0313766,0.0302356,3.70197e+07,0,0,0.666667,465,4,0,HOLD
2025-08-12 14:02:06 UTC,1h,LINK-USDT,BTC-USDT,22.591,118835.6,0.0001901029658,,30,0.0526537,0.0531935,0.0173141,6.07659e+07,0,0,0.666667,465,4,0,HOLD
2025-08-12 14:02:06 UTC,1h,LISTA-USDT,BTC-USDT,0.3035,118835.6,2.55394848e-06,,30,0.0368978,0.00563287,0.0209696,4.75279e+06,0,0,0.666667,465,4,0,HOLD
2025-08-12 14:02:06 UTC,1h,LPT-USDT,BTC-USDT,6.505,118835.6,5.473948884e-05,,30,0.016724,-0.00626337,0.0138026,2.34234e+06,0,0,0.666667,465,4,0,HOLD
2025-08-12 14:02:06 UTC,1h,LQTY-USDT,BTC-USDT,1.0121,118835.6,8.516808095e-06,,30,0.0149418,-0.0167104,0.0177142,1.13575e+06,0,0,0.666667,465,4,0,HOLD
2025-08-12 14:02:06 UTC,1h,LRC-USDT,BTC-USDT,0.08652,118835.6,7.28064654e-07,,30,0.0166863,0.0124035,0.0131596,445657,0,0,0.666667,465,4,0,HOLD
2025-08-12 14:02:06 UTC,1h,LTC-USDT,BTC-USDT,120.72,118835.6,0.001015857201,,30,0.00928016,0.00415904,0.0105498,4.23393e+07,0,0,0.666667,465,4,0,HOLD
2025-08-12 14:02:06 UTC,1h,LUMIA-USDT,BTC-USDT,0.3382,118835.6,2.84594852e-06,,30,0.0393362,0.00925097,0.0201276,709827,0,0,0.666667,465,4,0,HOLD
2025-08-12 14:02:06 UTC,1h,LUNA-USDT,BTC-USDT,0.1613,118835.6,1.357337364e-06,,30,0.0163831,0.0062383,0.0102294,1.95637e+06,0,0,0.666667,465,4,0,HOLD
2025-08-12 14:02:06 UTC,1h,LUNC-USDT,BTC-USDT,6.123e-05,118835.6,5.15249639e-10,,30,0.0167718,0.00147203,0.0103007,1.07107e+06,0,0,0.666667,465,4,0,HOLD
2025-08-12 14:02:06 UTC,1h,M-USDT,BTC-USDT,0.4462,118835.6,3.75476709e-06,,30,-0.00401786,-0.0387764,0.0224435,7.39577e+06,0,0,0.666667,465,4,0,HOLD
2025-08-12 14:02:06 UTC,1h,MAGIC-USDT,BTC-USDT,0.2647,118835.6,2.227446994e-06,,30,-0.0115758,0.00722983,0.0314102,1.19873e+07,0,0,0.666667,465,4,0,HOLD
2025-08-12 14:02:06 UTC,1h,MANA-USDT,BTC-USDT,0.2954,118835.6,2.485787087e-06,,30,0.0130316,0.00510378,0.0118,2.34306e+06,0,0,0.666667,465,4,0,HOLD
2025-08-12 14:02:06 UTC,1h,MANTA-USDT,BTC-USDT,0.2273,118835.6,1.912726489e-06,,30,0.0266486,0.0224921,0.0184464,1.00239e+06,0,0,0.666667,465,4,0,HOLD
2025-08-12 14:02:06 UTC,1h,MASK-USDT,BTC-USDT,1.2929,118835.6,1.087973638e-05,,30,0.0145166,-0.00308428,0.012751,2.21464e+06,0,0,0.666667,465,4,0,HOLD
2025-08-12 14:02:06 UTC,1h,MAV-USDT,BTC-USDT,0.0607,118835.6,5.10789696e-07,,30,0.0984437,0.12616,0.038409,3.73374e+06,0,0,0.666667,465,4,0,HOLD
2025-08-12 14:02:06 UTC,1h,MAVIA-USDT,BTC-USDT,0.1899,118835.6,1.598005985e-06,,30,0.0292683,0.0526608,0.0285865,1.09076e+07,0,0,0.666667,465,4,0,HOLD
2025-08-12 14:02:06 UTC,1h,MBOX-USDT,BTC-USDT,0.05835,118835.6,4.910144771e-07,,30,0.0311009,0.0142534,0.0161586,479970,0,0,0.666667,465,4,0,HOLD
2025-08-12 14:02:06 UTC,1h,ME-USDT,BTC-USDT,0.727,118835.6,6.117695371e-06,,30,0.0100028,0.0012395,0.0110533,603579,0,0,0.666667,465,4,0,HOLD
2025-08-12 14:02:06 UTC,1h,MELANIA-USDT,BTC-USDT,0.2173,118835.6,1.828576622e-06,,30,0.0182755,0.00695088,0.0137401,696968,0,0,0.666667,465,4,0,HOLD
2025-08-12 14:02:06 UTC,1h,MEME-USDT,BTC-USDT,0.00174,118835.6,1.464207695e-08,,30,0.0217264,0.0122164,0.016133,2.32412e+06,0,0,0.666667,465,4,0,HOLD
2025-08-12 14:02:06 UTC,1h,MERL-USDT,BTC-USDT,0.11305,118835.6,9.513142526e-07,,30,0.0158145,0.0100063,0.0127061,6.22236e+06,0,0,0.666667,465,4,0,HOLD
2025-08-12 14:02:06 UTC,1h,METAX-USDT,BTC-USDT,780.45,118835.6,0.006567476413,,30,0.0156819,0.0164492,0.00618691,6.23125e+06,0,0,0.666667,465,4,0,HOLD
2025-08-12 14:02:06 UTC,1h,METIS-USDT,BTC-USDT,17.95,118835.6,0.0001510490122,,30,0.0327963,0.0129797,0.0198965,2.10873e+06,0,0,0.666667,465,4,0,HOLD
2025-08-12 14:02:06 UTC,1h,MEW-USDT,BTC-USDT,0.003138,118835.6,2.640622844e-08,,30,0.0224829,0.00127632,0.0153647,3.29355e+06,0,0,0.666667,465,4,0,HOLD
2025-08-12 14:02:06 UTC,1h,MILK-USDT,BTC-USDT,0.05181,118835.6,4.359804638e-07,,30,0.0172786,0.00562888,0.0145311,6.28643e+06,0,0,0.666667,465,4,0,HOLD
2025-08-12 14:02:06 UTC,1h,MINA-USDT,BTC-USDT,0.1908,118835.6,1.605579473e-06,,30,0.0186866,0.00845666,0.0138515,2.06453e+06,0,0,0.666667,465,4,0,HOLD
2025-08-12 14:02:06 UTC,1h,MKR-USDT,BTC-USDT,1972.4,118835.6,0.01659771988,,30,-0.0227903,-0.0314756,0.0120375,7.41402e+06,0,0,0.666667,465,4,0,HOLD
2025-08-12 14:02:06 UTC,1h,MLN-USDT,BTC-USDT,8.369,118835.6,7.042502415e-05,,30,0.0155321,0.0103827,0.0125463,6.36983e+06,0,0,0.666667,465,4,0,HOLD
2025-08-12 14:02:06 UTC,1h,MNT-USDT,BTC-USDT,1.01357,118835.6,8.529178125e-06,,30,0.000898623,0.0482026,0.0217104,7.13417e+06,0,0,0.666667,465,4,0,HOLD
2025-08-12 14:02:06 UTC,1h,MOODENG-USDT,BTC-USDT,0.17457,118835.6,1.469004238e-06,,30,-0.00541249,0.000745242,0.0239977,9.87907e+06,0,0,0.666667,465,4,0,HOLD
2025-08-12 14:02:06 UTC,1h,MORPHO-USDT,BTC-USDT,2.0983,118835.6,1.765716671e-05,,30,0.0241105,0.00291559,0.0152607,593179,0,0,0.666667,465,4,0,HOLD
2025-08-12 14:02:06 UTC,1h,MOVE-USDT,BTC-USDT,0.1387,118835.6,1.167158663e-06,,30,0.0191036,-0.000720461,0.0129262,6.85782e+06,0,0,0.666667,465,4,0,HOLD
2025-08-12 14:02:06 UTC,1h,MOVR-USDT,BTC-USDT,6.606,118835.6,5.55894025e-05,,30,0.00181984,-0.00929814,0.0136672,1.95071e+06,0,0,0.666667,465,4,0,HOLD
2025-08-12 14:02:06 UTC,1h,MTL-USDT,BTC-USDT,0.744,118835.6,6.260750146e-06,,30,0.0123826,-0.00147631,0.010119,501396,0,0,0.666667,465,4,0,HOLD
2025-08-12 14:02:06 UTC,1h,MUBARAK-USDT,BTC-USDT,0.03726,118835.6,3.135424065e-07,,30,0.0543294,0.0393305,0.0169657,2.28482e+06,0,0,0.666667,465,4,0,HOLD
2025-08-12 14:02:06 UTC,1h,MYRO-USDT,BTC-USDT,0.02567,118835.6,2.1601271e-07,,30,0.0473276,0.011028,0.0335578,1.30606e+07,0,0,0.666667,465,4,0,HOLD
2025-08-12 14:02:06 UTC,1h,MYX-USDT,BTC-USDT,1.69906,118835.6,1.42975674e-05,,30,0.0506638,0.028904,0.0257592,1.36827e+07,0,0,0.666667,465,4,0,HOLD
2025-08-12 14:02:06 UTC,1h,NAORIS-USDT,BTC-USDT,0.03048,118835.6,2.564887963e-07,,30,0.0286871,-0.0164569,0.0244657,6.5716e+06,0,0,0.666667,465,4,0,HOLD
2025-08-12 14:02:06 UTC,1h,NEAR-USDT,BTC-USDT,2.6363,118835.6,2.218442958e-05,,30,0.00868534,0.00403702,0.0128427,1.21156e+07,0,0,0.666667,465,4,0,HOLD
2025-08-12 14:02:06 UTC,1h,NEIROCTO-USDT,BTC-USDT,0.0004049,118835.6,3.407228137e-09,,30,0.0248038,0.0117441,0.0167943,6.63216e+06,0,0,0.666667,465,4,0,HOLD
2025-08-12 14:02:06 UTC,1h,NEIROETH-USDT,BTC-USDT,0.12235,118835.6,1.029573629e-06,,30,-0.0204948,-0.0104335,0.0185066,1.39853e+06,0,0,0.666667,465,4,0,HOLD
2025-08-12 14:02:06 UTC,1h,NEO-USDT,BTC-USDT,6.302,118835.6,5.303124653e-05,,30,0.0156326,0.00270485,0.0133971,2.83917e+06,0,0,0.666667,465,4,0,HOLD
2025-08-12 14:02:06 UTC,1h,NEWT-USDT,BTC-USDT,0.3362,118835.6,2.829118547e-06,,30,0.00388176,-0.0383295,0.0147871,6.55173e+06,0,0,0.666667,465,4,0,HOLD
2025-08-12 14:02:06 UTC,1h,NFP-USDT,BTC-USDT,0.07085,118835.6,5.962018116e-07,,30,0.0175212,0.00354108,0.0183285,418581,0,0,0.666667,465,4,0,HOLD
2025-08-12 14:02:06 UTC,1h,NIL-USDT,BTC-USDT,0.3051,118835.6,2.567412459e-06,,30,0.0183578,0.00659848,0.0166456,6.25093e+06,0,0,0.666667,465,4,0,HOLD
2025-08-12 14:02:06 UTC,1h,NMR-USDT,BTC-USDT,8.763,118835.6,7.374052893e-05,,30,0.0270745,0.0101441,0.0141749,4.20748e+06,0,0,0.666667,465,4,0,HOLD
2025-08-12 14:02:06 UTC,1h,NOT-USDT,BTC-USDT,0.002162,118835.6,1.819320136e-08,,30,0.00371402,-0.00322729,0.0153297,5.59115e+06,0,0,0.666667,465,4,0,HOLD
2025-08-12 14:02:06 UTC,1h,NTRN-USDT,BTC-USDT,0.09017,118835.6,7.587793557e-07,,30,0.0315753,0.0268762,0.0134508,1.90055e+06,0,0,0.666667,465,4,0,HOLD
2025-08-12 14:02:06 UTC,1h,NVDAX-USDT,BTC-USDT,181.01,118835.6,0.001523196752,,30,-0.00341353,-0.00533026,0.0047669,6.22382e+06,0,0,0.666667,465,4,0,HOLD
2025-08-12 14:02:06 UTC,1h,NXPC-USDT,BTC-USDT,0.89847,118835.6,7.56061315e-06,,30,0.00654246,-0.00705089,0.0089247,6.43892e+06,0,0,0.666667,465,4,0,HOLD
2025-08-12 14:02:06 UTC,1h,OBOL-USDT,BTC-USDT,0.13061,118835.6,1.09908142e-06,,30,0.00927285,-0.0233306,0.0194417,6.35781e+06,0,0,0.666667,465,4,0,HOLD
2025-08-12 14:02:06 UTC,1h,OG-USDT,BTC-USDT,13.1926,118835.6,0.0001110155543,,30,0.0192531,-0.0117977,0.0246296,7.98789e+06,0,0,0.666667,465,4,0,HOLD
2025-08-12 14:02:06 UTC,1h,OL-USDT,BTC-USDT,0.04062,118835.6,3.41816762e-07,,30,0.0299189,-0.0303175,0.0253218,2.20213e+06,0,0,0.666667,465,4,0,HOLD
2025-08-12 14:02:06 UTC,1h,OM-USDT,BTC-USDT,0.26694,118835.6,2.246296564e-06,,30,0.0233075,-0.00518019,0.0142274,8.77377e+06,0,0,0.666667,465,4,0,HOLD
2025-08-12 14:02:06 UTC,1h,OMNINETWORK-USDT,BTC-USDT,4.274,118835.6,3.596565339e-05,,30,0.00541049,-0.0197248,0.0176315,1.41493e+06,0,0,0.666667,465,4,0,HOLD
2025-08-12 14:02:06 UTC,1h,ONDO-USDT,BTC-USDT,1.0071,118835.6,8.474733161e-06,,30,0.0194352,0.00962406,0.0130502,1.62246e+07,0,0,0.666667,465,4,0,HOLD
2025-08-12 14:02:06 UTC,1h,ONE-USDT,BTC-USDT,0.01079,118835.6,9.079770708e-08,,30,0.0112465,0.00372093,0.0151595,1.92639e+06,0,0,0.666667,465,4,0,HOLD
2025-08-12 14:02:06 UTC,1h,ONG-USDT,BTC-USDT,0.17463,118835.6,1.469509137e-06,,30,0.0134053,-0.00319653,0.00944855,251082,0,0,0.666667,465,4,0,HOLD
2025-08-12 14:02:06 UTC,1h,ONT-USDT,BTC-USDT,0.1382,118835.6,1.16295117e-06,,30,0.0139398,0.00144928,0.0124561,1.89203e+06,0,0,0.666667,465,4,0,HOLD
2025-08-12 14:02:06 UTC,1h,OP-USDT,BTC-USDT,0.7614,118835.6,6.407170915e-06,,30,0.0120962,-0.00131165,0.016267,1.44217e+07,0,0,0.666667,465,4,0,HOLD
2025-08-12 14:02:06 UTC,1h,ORCA-USDT,BTC-USDT,2.515,118835.6,2.116369169e-05,,30,-0.00317083,-0.0148844,0.0272366,7.1904e+06,0,0,0.666667,465,4,0,HOLD
2025-08-12 14:02:06 UTC,1h,ORDER-USDT,BTC-USDT,0.1202,118835.6,1.011481408e-06,,30,0.0177815,0.0134907,0.015807,473482,0,0,0.666667,465,4,0,HOLD
2025-08-12 14:02:06 UTC,1h,ORDI-USDT,BTC-USDT,9.71,118835.6,8.170952139e-05,,30,0.0168604,-0.00113157,0.0175077,7.47333e+06,0,0,0.666667,465,4,0,HOLD
2025-08-12 14:02:06 UTC,1h,OXT-USDT,BTC-USDT,0.05436,118835.6,4.5743868e-07,,30,-0.00220264,-0.00784815,0.00986808,1.87612e+06,0,0,0.666667,465,4,0,HOLD
2025-08-12 14:02:06 UTC,1h,PARTI-USDT,BTC-USDT,0.1882,118835.6,1.583700507e-06,,30,0.0334981,0.0178475,0.0160923,6.2947e+06,0,0,0.666667,465,4,0,HOLD
2025-08-12 14:02:06 UTC,1h,PAXG-USDT,BTC-USDT,3341.63,118835.6,0.02811977219,,30,-0.00209637,-0.00290032,0.00223928,7.27621e+06,0,0,0.666667,465,4,0,HOLD
2025-08-12 14:02:06 UTC,1h,PENDLE-USDT,BTC-USDT,5.4421,118835.6,4.579519942e-05,,30,-0.00014698,-0.012556,0.0168173,1.3935e+07,0,0,0.666667,465,4,0,HOLD
2025-08-12 14:02:06 UTC,1h,PENGU-USDT,BTC-USDT,0.035787,118835.6,3.01147131e-07,,30,0.0158681,-0.0266014,0.0173467,2.73099e+07,0,0,0.666667,465,4,0,HOLD
2025-08-12 14:02:06 UTC,1h,PEOPLE-USDT,BTC-USDT,0.01947,118835.6,1.638397921e-07,,30,0.0317965,0.0151199,0.0164355,6.24948e+06,0,0,0.666667,465,4,0,HOLD
2025-08-12 14:02:06 UTC,1h,PERP-USDT,BTC-USDT,0.2819,118835.6,2.372184766e-06,,30,0.0132998,0.00858676,0.0145188,1.99213e+06,0,0,0.666667,465,4,0,HOLD
2025-08-12 14:02:06 UTC,1h,PHA-USDT,BTC-USDT,0.10715,118835.6,9.016658308e-07,,30,0.0139099,0.00600883,0.0136724,415796,0,0,0.666667,465,4,0,HOLD
2025-08-12 14:02:06 UTC,1h,PHB-USDT,BTC-USDT,0.5858,118835.6,4.929499241e-06,,30,0.0189598,0.0131442,0.017156,2.01464e+06,0,0,0.666667,465,4,0,HOLD
2025-08-12 14:02:06 UTC,1h,PI-USDT,BTC-USDT,0.3812,118835.6,3.207792951e-06,,30,0.00500923,-0.0373737,0.0156836,9.07707e+06,0,0,0.666667,465,4,0,HOLD
2025-08-12 14:02:06 UTC,1h,PIXEL-USDT,BTC-USDT,0.03491,118835.6,2.937671876e-07,,30,0.0204619,0.0151207,0.0171257,427413,0,0,0.666667,465,4,0,HOLD
2025-08-12 14:02:06 UTC,1h,PLAYSOUT-USDT,BTC-USDT,0.04891,118835.6,4.115770022e-07,,30,0.0415247,0.0679039,0.0290037,6.63412e+06,0,0,0.666667,465,4,0,HOLD
2025-08-12 14:02:06 UTC,1h,PLUME-USDT,BTC-USDT,0.09435,118835.6,7.939540003e-07,,30,0.0275539,0.0144071,0.016519,6.43871e+06,0,0,0.666667,465,4,0,HOLD
2025-08-12 14:02:06 UTC,1h,PNUT-USDT,BTC-USDT,0.24225,118835.6,2.038530541e-06,,30,0.0225834,0.0089546,0.0148312,8.61449e+06,0,0,0.666667,465,4,0,HOLD
2025-08-12 14:02:06 UTC,1h,POL-USDT,BTC-USDT,0.23806,118835.6,2.003271747e-06,,30,0.0140137,-0.00180301,0.0126049,7.63115e+06,0,0,0.666667,465,4,0,HOLD
2025-08-12 14:02:06 UTC,1h,POLYX-USDT,BTC-USDT,0.1414,118835.6,1.189879127e-06,,30,0.0136201,0.000778541,0.00989594,1.89108e+06,0,0,0.666667,465,4,0,HOLD
2025-08-12 14:02:06 UTC,1h,PONKE-USDT,BTC-USDT,0.1135,118835.6,9.551009967e-07,,30,0.0151149,-0.00473518,0.0169037,6.29234e+06,0,0,0.666667,465,4,0,HOLD
2025-08-12 14:02:06 UTC,1h,POPCAT-USDT,BTC-USDT,0.3111,118835.6,2.617902379e-06,,30,0.0247036,0.00160979,0.0173348,9.65765e+06,0,0,0.666667,465,4,0,HOLD
2025-08-12 14:02:06 UTC,1h,PORT3-USDT,BTC-USDT,0.04455,118835.6,3.748876599e-07,,30,-0.01,-0.199749,0.0796697,1.04076e+07,0,0,0.666667,465,4,0,HOLD
2025-08-12 14:02:06 UTC,1h,PORTAL-USDT,BTC-USDT,0.04942,118835.6,4.158686454e-07,,30,0.0158273,0.00426743,0.0207261,823906,0,0,0.666667,465,4,0,HOLD
2025-08-12 14:02:06 UTC,1h,POWR-USDT,BTC-USDT,0.1723,118835.6,1.449902218e-06,,30,0.014126,0.00525088,0.0107785,1.88132e+06,0,0,0.666667,465,4,0,HOLD
2025-08-12 14:02:06 UTC,1h,PRCL-USDT,BTC-USDT,0.0889,118835.6,7.480923225e-07,,30,0.0337209,0.00565611,0.0174353,6.24339e+06,0,0,0.666667,465,4,0,HOLD
2025-08-12 14:02:06 UTC,1h,PROM-USDT,BTC-USDT,9.986,118835.6,8.403205773e-05,,30,-0.00070049,0.0379378,0.0284327,4.78527e+06,0,0,0.666667,465,4,0,HOLD
2025-08-12 14:02:06 UTC,1h,PROMPT-USDT,BTC-USDT,0.12313,118835.6,1.036137319e-06,,30,0.0277963,0.00752803,0.0166375,6.31261e+06,0,0,0.666667,465,4,0,HOLD
2025-08-12 14:02:06 UTC,1h,PROVE-USDT,BTC-USDT,1.4664,118835.6,1.233973658e-05,,30,-0.0371003,-0.0858995,0.0444626,5.54799e+07,0,0,0.666667,465,4,0,HOLD
2025-08-12 14:02:06 UTC,1h,PUFFER-USDT,BTC-USDT,0.227,118835.6,1.910201993e-06,,30,0.00398054,0.0460829,0.0190371,445215,0,0,0.666667,465,4,0,HOLD
2025-08-12 14:02:06 UTC,1h,PUMP-USDT,BTC-USDT,0.003635,118835.6,3.058847685e-08,,30,0.0364984,0.0179222,0.0254077,4.20787e+07,0,0,0.666667,465,4,0,HOLD
2025-08-12 14:02:06 UTC,1h,PUMPBTC-USDT,BTC-USDT,0.04093,118835.6,3.444254079e-07,,30,0.000488878,-0.00991776,0.0186032,3.20971e+06,0,0,0.666667,465,4,0,HOLD
2025-08-12 14:02:06 UTC,1h,PUNDIX-USDT,BTC-USDT,0.3102,118835.6,2.610328891e-06,,30,0.00910865,-0.00704225,0.0118127,6.21972e+06,0,0,0.666667,465,4,0,HOLD
2025-08-12 14:02:06 UTC,1h,PYTH-USDT,BTC-USDT,0.12259,118835.6,1.031593226e-06,,30,0.0243148,0.00830729,0.0153473,2.31383e+06,0,0,0.666667,465,4,0,HOLD
2025-08-12 14:02:06 UTC,1h,QNT-USDT,BTC-USDT,111.99,118835.6,0.0009423943667,,30,0.0194811,0.0143103,0.00855306,2.40428e+06,0,0,0.666667,465,4,0,HOLD
2025-08-12 14:02:06 UTC,1h,QUICK-USDT,BTC-USDT,0.02372,118835.6,1.996034858e-07,,30,0.020654,0.00338409,0.0128282,1.8755e+06,0,0,0.666667,465,4,0,HOLD
2025-08-12 14:02:06 UTC,1h,RARE-USDT,BTC-USDT,0.05918,118835.6,4.979989161e-07,,30,0.0198173,0.0097253,0.0129267,8.79003e+06,0,0,0.666667,465,4,0,HOLD
2025-08-12 14:02:06 UTC,1h,RATS-USDT,BTC-USDT,1.67e-05,118835.6,1.405302788e-10,,30,0.0353379,0.0151976,0.0152695,2.96835e+06,0,0,0.666667,465,4,0,HOLD
2025-08-12 14:02:06 UTC,1h,RAY-USDT,BTC-USDT,3.1239,118835.6,2.628757712e-05,,30,0.0239945,-0.00935498,0.0161886,1.93843e+06,0,0,0.666667,465,4,0,HOLD
2025-08-12 14:02:06 UTC,1h,RDO-USDT,BTC-USDT,0.000784,118835.6,6.597349616e-09,,30,0.0566038,0.0949721,0.0338921,1.32373e+06,0,0,0.666667,465,4,0,HOLD
2025-08-12 14:02:06 UTC,1h,REDSTONE-USDT,BTC-USDT,0.4178,118835.6,3.515781466e-06,,30,0.0222657,-0.0226901,0.0176776,6.28241e+06,0,0,0.666667,465,4,0,HOLD
2025-08-12 14:02:06 UTC,1h,RENDER-USDT,BTC-USDT,3.816,118835.6,3.211158946e-05,,30,0.0167866,0.00765778,0.0139076,5.43767e+06,0,0,0.666667,465,4,0,HOLD
2025-08-12 14:02:06 UTC,1h,RESOLV-USDT,BTC-USDT,0.18332,118835.6,1.542635372e-06,,30,0.0156795,-0.0395557,0.0240485,7.54642e+06,0,0,0.666667,465,4,0,HOLD
2025-08-12 14:02:06 UTC,1h,REX-USDT,BTC-USDT,0.02008,118835.6,1.68972934e-07,,30,0.00199601,-0.0049554,0.0332954,6.68333e+06,0,0,0.666667,465,4,0,HOLD
2025-08-12 14:02:06 UTC,1h,REZ-USDT,BTC-USDT,0.01469,118835.6,1.236161554e-07,,30,0.0411056,0.0433239,0.0248468,6.57062e+06,0,0,0.666667,465,4,0,HOLD
2025-08-12 14:02:06 UTC,1h,RFC-USDT,BTC-USDT,0.00797,118835.6,6.706744444e-08,,30,-0.00125313,-0.00375,0.0136225,274728,0,0,0.666667,465,4,0,HOLD
2025-08-12 14:02:06 UTC,1h,RHEA-USDT,BTC-USDT,0.06652,118835.6,5.597649189e-07,,30,0.0213419,-0.131479,0.0363586,6.3569e+06,0,0,0.666667,465,4,0,HOLD
2025-08-12 14:02:06 UTC,1h,RLC-USDT,BTC-USDT,0.9734,118835.6,8.191148107e-06,,30,0.0141696,0.00786912,0.0122399,341959,0,0,0.666667,465,4,0,HOLD
2025-08-12 14:02:06 UTC,1h,ROAM-USDT,BTC-USDT,0.0812,118835.6,6.832969245e-07,,30,0.00869565,-0.00854701,0.00914849,401553,0,0,0.666667,465,4,0,HOLD
2025-08-12 14:02:06 UTC,1h,ROSE-USDT,BTC-USDT,0.02769,118835.6,2.330109832e-07,,30,0.0168931,0.0028975,0.0159676,2.30287e+06,0,0,0.666667,465,4,0,HOLD
2025-08-12 14:02:06 UTC,1h,RPL-USDT,BTC-USDT,8.426,118835.6,7.09046784e-05,,30,0.0254351,0.0176329,0.0221339,6.52009e+06,0,0,0.666667,465,4,0,HOLD
2025-08-12 14:02:06 UTC,1h,RSR-USDT,BTC-USDT,0.009375,118835.6,7.889050083e-08,,30,0.0403951,0.0153796,0.0207543,2.46845e+06,0,0,0.666667,465,4,0,HOLD
2025-08-12 14:02:06 UTC,1h,RUNE-USDT,BTC-USDT,1.388,118835.6,1.168000162e-05,,30,0.0131387,0,0.0131227,5.70382e+06,0,0,0.666667,465,4,0,HOLD
2025-08-12 14:02:06 UTC,1h,RVN-USDT,BTC-USDT,0.01397,118835.6,1.17557365e-07,,30,0.0182216,-0.00710732,0.0136517,716648,0,0,0.666667,465,4,0,HOLD
2025-08-12 14:02:06 UTC,1h,S-USDT,BTC-USDT,0.303,118835.6,2.549740987e-06,,30,0.0130391,0.000330142,0.0149929,6.87482e+06,0,0,0.666667,465,4,0,HOLD
2025-08-12 14:02:06 UTC,1h,SAFE-USDT,BTC-USDT,0.436,118835.6,3.668934225e-06,,30,0.00160809,-0.00388394,0.0130079,6.25171e+06,0,0,0.666667,465,4,0,HOLD
2025-08-12 14:02:06 UTC,1h,SAGA-USDT,BTC-USDT,0.2674,118835.6,2.250167458e-06,,30,0.0272762,0.0221713,0.019313,3.42211e+06,0,0,0.666667,465,4,0,HOLD
2025-08-12 14:02:06 UTC,1h,SAHARA-USDT,BTC-USDT,0.09394,118835.6,7.905038557e-07,,30,0.0184302,-0.0254176,0.0193208,8.6603e+06,0,0,0.666667,465,4,0,HOLD
2025-08-12 14:02:06 UTC,1h,SAND-USDT,BTC-USDT,0.28542,118835.6,2.40180552e-06,,30,0.0103005,0.00242335,0.0117296,2.90296e+06,0,0,0.666667,465,4,0,HOLD
2025-08-12 14:02:06 UTC,1h,SANTOS-USDT,BTC-USDT,2.789,118835.6,2.346939806e-05,,30,-0.0165726,-0.0432247,0.0249449,6.48746e+06,0,0,0.666667,465,4,0,HOLD
2025-08-12 14:02:06 UTC,1h,SCR-USDT,BTC-USDT,0.3595,118835.6,3.025187738e-06,,30,0.0874168,0.113348,0.0259289,1.38803e+06,0,0,0.666667,465,4,0,HOLD
2025-08-12 14:02:06 UTC,1h,SEI-USDT,BTC-USDT,0.3084,118835.6,2.595181915e-06,,30,0.00883219,0.00390625,0.015101,1.49539e+07,0,0,0.666667,465,4,0,HOLD
2025-08-12 14:02:06 UTC,1h,SERAPH-USDT,BTC-USDT,0.14951,118835.6,1.25812467e-06,,30,-0.0119614,-0.0136562,0.00849442,391644,0,0,0.666667,465,4,0,HOLD
2025-08-12 14:02:06 UTC,1h,SFP-USDT,BTC-USDT,0.5002,118835.6,4.209176375e-06,,30,0.00907807,-0.00477517,0.00932484,514166,0,0,0.666667,465,4,0,HOLD
2025-08-12 14:02:06 UTC,1h,SHELL-USDT,BTC-USDT,0.1746,118835.6,1.469256687e-06,,30,0.0343602,0.0331361,0.0208231,6.30233e+06,0,0,0.666667,465,4,0,HOLD
2025-08-12 14:02:06 UTC,1h,SHIB-USDT,BTC-USDT,1.3024e-05,118835.6,1.095967875e-10,,30,0.00781552,-0.00580153,0.0115995,8.45823e+06,0,0,0.666667,465,4,0,HOLD
2025-08-12 14:02:06 UTC,1h,SIDEKICK-USDT,BTC-USDT,0.2219,118835.6,1.867285561e-06,,30,0.00909504,-0.0492716,0.0432627,6.64217e+06,0,0,0.666667,465,4,0,HOLD
2025-08-12 14:02:06 UTC,1h,SIGN-USDT,BTC-USDT,0.06866,118835.6,5.777729906e-07,,30,0.00424163,-0.00507173,0.00913404,6.25762e+06,0,0,0.666667,465,4,0,HOLD
2025-08-12 14:02:06 UTC,1h,SIREN-USDT,BTC-USDT,0.09469,118835.6,7.968150958e-07,,30,0.000739801,-0.0631246,0.0227736,2.29883e+06,0,0,0.666667,465,4,0,HOLD
2025-08-12 14:02:06 UTC,1h,SKATE-USDT,BTC-USDT,0.0461,118835.6,3.879308894e-07,,30,0.00479512,-0.0349592,0.0169352,6.36216e+06,0,0,0.666667,465,4,0,HOLD
2025-08-12 14:02:06 UTC,1h,SKL-USDT,BTC-USDT,0.02068,118835.6,1.740219261e-07,,30,0.0107527,0.00242365,0.0152321,1.9011e+06,0,0,0.666667,465,4,0,HOLD
2025-08-12 14:02:06 UTC,1h,SKYAI-USDT,BTC-USDT,0.06818,118835.6,5.737337969e-07,,30,-0.00379895,0.0102237,0.0110422,6.26993e+06,0,0,0.666667,465,4,0,HOLD
2025-08-12 14:02:06 UTC,1h,SLERF-USDT,BTC-USDT,0.07502,118835.6,6.312923063e-07,,30,0.00267308,-0.00976769,0.0132346,1.97987e+06,0,0,0.666667,465,4,0,HOLD
2025-08-12 14:02:06 UTC,1h,SLP-USDT,BTC-USDT,0.001913,118835.6,1.609786966e-08,,30,0.00790306,-0.0093216,0.0145994,1.8989e+06,0,0,0.666667,465,4,0,HOLD
2025-08-12 14:02:06 UTC,1h,SNT-USDT,BTC-USDT,0.02777,118835.6,2.336841822e-07,,30,0.00288913,-0.0106876,0.00797366,1.87734e+06,0,0,0.666667,465,4,0,HOLD
2025-08-12 14:02:06 UTC,1h,SNX-USDT,BTC-USDT,0.656,118835.6,5.520231311e-06,,30,0.0154799,0.0123457,0.013284,2.02574e+06,0,0,0.666667,465,4,0,HOLD
2025-08-12 14:02:06 UTC,1h,SOL-USDT,BTC-USDT,176.181,118835.6,0.001482560781,,30,0.00302306,0.000511099,0.0092709,5.10369e+08,0,0,0.666667,465,4,0,HOLD
2025-08-12 14:02:06 UTC,1h,SOLV-USDT,BTC-USDT,0.04229,118835.6,3.558697899e-07,,30,-0.0291552,-0.0289323,0.0154883,6.29331e+06,0,0,0.666667,465,4,0,HOLD
2025-08-12 14:02:06 UTC,1h,SONIC-USDT,BTC-USDT,0.2089,118835.6,1.757890733e-06,,30,-0.00571157,-0.0201689,0.0121042,581207,0,0,0.666667,465,4,0,HOLD
2025-08-12 14:02:06 UTC,1h,SOON-USDT,BTC-USDT,0.41827,118835.6,3.51973651e-06,,30,-0.0032647,-0.201211,0.0732849,7.32315e+07,0,0,0.666667,465,4,0,HOLD
2025-08-12 14:02:06 UTC,1h,SOPH-USDT,BTC-USDT,0.037611,118835.6,3.164960668e-07,,30,-0.000132922,-0.0278381,0.0140498,6.88704e+06,0,0,0.666667,465,4,0,HOLD
2025-08-12 14:02:06 UTC,1h,SPK-USDT,BTC-USDT,0.10182,118835.6,8.568139514e-07,,30,0.040785,-0.0426852,0.0266787,1.10985e+07,0,0,0.666667,465,4,0,HOLD
2025-08-12 14:02:06 UTC,1h,SPX-USDT,BTC-USDT,1.7522,118835.6,1.474473979e-05,,30,0.00706937,-0.0184853,0.0183891,9.1518e+06,0,0,0.666667,465,4,0,HOLD
2025-08-12 14:02:06 UTC,1h,SQD-USDT,BTC-USDT,0.14285,118835.6,1.202080858e-06,,30,-0.0512088,-0.0472856,0.0170559,6.27721e+06,0,0,0.666667,465,4,0,HOLD
2025-08-12 14:02:06 UTC,1h,SSV-USDT,BTC-USDT,10.281,118835.6,8.651447883e-05,,30,0.0210547,0.0083366,0.0221768,2.52536e+06,0,0,0.666667,465,4,0,HOLD
2025-08-12 14:02:06 UTC,1h,STG-USDT,BTC-USDT,0.1842,118835.6,1.55004056e-06,,30,0.0233333,-0.00378583,0.0129518,1.53712e+06,0,0,0.666667,465,4,0,HOLD
2025-08-12 14:02:06 UTC,1h,STO-USDT,BTC-USDT,0.09433,118835.6,7.937857006e-07,,30,0.029354,0.0484606,0.0202556,6.26055e+06,0,0,0.666667,465,4,0,HOLD
2025-08-12 14:02:06 UTC,1h,STORJ-USDT,BTC-USDT,0.2703,118835.6,2.27457092e-06,,30,0.0112233,0.00111111,0.0120765,4.48591e+06,0,0,0.666667,465,4,0,HOLD
2025-08-12 14:02:06 UTC,1h,STRK-USDT,BTC-USDT,0.1309,118835.6,1.101521766e-06,,30,0.0242567,0.00769823,0.0172433,7.45243e+06,0,0,0.666667,465,4,0,HOLD
2025-08-12 14:02:06 UTC,1h,STX-USDT,BTC-USDT,0.7213,118835.6,6.069729946e-06,,30,0.0106487,-0.00482892,0.0133093,1.03242e+07,0,0,0.666667,465,4,0,HOLD
2025-08-12 14:02:06 UTC,1h,SUI-USDT,BTC-USDT,3.7494,118835.6,3.155115134e-05,,30,0.0214122,0.016373,0.0110684,6.96181e+07,0,0,0.666667,465,4,0,HOLD
2025-08-12 14:02:06 UTC,1h,SUN-USDT,BTC-USDT,0.022598,118835.6,1.901618707e-07,,30,0.00177321,0.00368643,0.00711188,2.1778e+06,0,0,0.666667,465,4,0,HOLD
2025-08-12 14:02:06 UTC,1h,SUPER-USDT,BTC-USDT,0.7652,118835.6,6.439147865e-06,,30,0.0268384,0.016742,0.0148514,2.09922e+06,0,0,0.666667,465,4,0,HOLD
2025-08-12 14:02:06 UTC,1h,SUSHI-USDT,BTC-USDT,0.8276,118835.6,6.964243038e-06,,30,0.0192118,-0.00409146,0.0163381,4.35417e+06,0,0,0.666667,465,4,0,HOLD
2025-08-12 14:02:06 UTC,1h,SWARMS-USDT,BTC-USDT,0.02501,118835.6,2.104588187e-07,,30,0.00200321,-0.035108,0.0371566,9.84256e+06,0,0,0.666667,465,4,0,HOLD
2025-08-12 14:02:06 UTC,1h,SWELL-USDT,BTC-USDT,0.01053,118835.6,8.860981053e-08,,30,0.0364173,0.0183752,0.0208249,541910,0,0,0.666667,465,4,0,HOLD
2025-08-12 14:02:06 UTC,1h,SXP-USDT,BTC-USDT,0.1835,118835.6,1.54415007e-06,,30,0.00935094,0.0021846,0.0106267,1.95282e+06,0,0,0.666667,465,4,0,HOLD
2025-08-12 14:02:06 UTC,1h,SXT-USDT,BTC-USDT,0.08502,118835.6,7.154421739e-07,,30,0.0148007,0.00330422,0.0158282,6.2344e+06,0,0,0.666667,465,4,0,HOLD
2025-08-12 14:02:06 UTC,1h,SYN-USDT,BTC-USDT,0.1393,118835.6,1.172207655e-06,,30,0.0153061,0.00287977,0.0188699,4.32969e+06,0,0,0.666667,465,4,0,HOLD
2025-08-12 14:02:06 UTC,1h,SYRUP-USDT,BTC-USDT,0.47427,118835.6,3.990975768e-06,,30,0.0109996,-0.0345845,0.0162686,6.62934e+06,0,0,0.666667,465,4,0,HOLD
2025-08-12 14:02:06 UTC,1h,TA-USDT,BTC-USDT,0.06296,118835.6,5.298075661e-07,,30,0.00286716,-0.0791283,0.0226334,6.37537e+06,0,0,0.666667,465,4,0,HOLD
2025-08-12 14:02:06 UTC,1h,TAC-USDT,BTC-USDT,0.01438,118835.6,1.210075095e-07,,30,-0.00415512,0.0112518,0.0442082,7.6209e+06,0,0,0.666667,465,4,0,HOLD
2025-08-12 14:02:06 UTC,1h,TAG-USDT,BTC-USDT,0.0012082,118835.6,1.0166987e-08,,30,0.0272063,0.0087668,0.0298082,7.76087e+06,0,0,0.666667,465,4,0,HOLD
2025-08-12 14:02:06 UTC,1h,TAI-USDT,BTC-USDT,0.07205,118835.6,6.062997957e-07,,30,0.028551,-0.0115242,0.0223753,6.28466e+06,0,0,0.666667,465,4,0,HOLD
2025-08-12 14:02:06 UTC,1h,TAIKO-USDT,BTC-USDT,0.4692,118835.6,3.948311785e-06,,30,0.0226678,0.00342173,0.0132749,6.25532e+06,0,0,0.666667,465,4,0,HOLD
2025-08-12 14:02:06 UTC,1h,TANSSI-USDT,BTC-USDT,0.05645,118835.6,4.750260023e-07,,30,0.0217195,-0.0553882,0.0246742,6.38868e+06,0,0,0.666667,465,4,0,HOLD
2025-08-12 14:02:06 UTC,1h,TAO-USDT,BTC-USDT,369.5,118835.6,0.003109337606,,30,0.0173738,0.0136896,0.0115987,1.42163e+07,0,0,0.666667,465,4,0,HOLD
2025-08-12 14:02:06 UTC,1h,THE-USDT,BTC-USDT,0.3703,118835.6,3.116069595e-06,,30,0.0078933,-0.0219229,0.0167625,6.34887e+06,0,0,0.666667,465,4,0,HOLD
2025-08-12 14:02:06 UTC,1h,THETA-USDT,BTC-USDT,0.8414,118835.6,7.080369855e-06,,30,0.00875195,-0.00778302,0.0147289,2.72903e+06,0,0,0.666667,465,4,0,HOLD
2025-08-12 14:02:06 UTC,1h,TIA-USDT,BTC-USDT,1.7641,118835.6,1.484487813e-05,,30,0.0221334,0.0218965,0.0153053,1.05448e+07,0,0,0.666667,465,4,0,HOLD
2025-08-12 14:02:06 UTC,1h,TLM-USDT,BTC-USDT,0.004941,118835.6,4.157844956e-08,,30,0.018343,0.00447245,0.0145286,3.70499e+06,0,0,0.666667,465,4,0,HOLD
2025-08-12 14:02:06 UTC,1h,TNSR-USDT,BTC-USDT,0.1353,118835.6,1.138547708e-06,,30,0.0226757,0.00819672,0.0165241,6.33431e+06,0,0,0.666667,465,4,0,HOLD
2025-08-12 14:02:06 UTC,1h,TOKEN-USDT,BTC-USDT,0.0159,118835.6,1.337982894e-07,,30,0.00378788,-0.0031348,0.0166667,5.91352e+06,0,0,0.666667,465,4,0,HOLD
2025-08-12 14:02:06 UTC,1h,TONCOIN-USDT,BTC-USDT,3.391,118835.6,2.853522009e-05,,30,-0.00381904,-0.00673697,0.00971058,9.656e+06,0,0,0.666667,465,4,0,HOLD
2025-08-12 14:02:06 UTC,1h,TOSHI-USDT,BTC-USDT,0.000828,118835.6,6.967609033e-09,,30,0.104,0.037594,0.0254486,6.69002e+06,0,0,0.666667,465,4,0,HOLD
2025-08-12 14:02:06 UTC,1h,TOWNS-USDT,BTC-USDT,0.03166,118835.6,2.664184807e-07,,30,0.0265888,-0.011243,0.0238697,8.09154e+06,0,0,0.666667,465,4,0,HOLD
2025-08-12 14:02:06 UTC,1h,TRB-USDT,BTC-USDT,37.463,118835.6,0.0003152506488,,30,0.0171318,-0.000480243,0.0123722,5.22361e+06,0,0,0.666667,465,4,0,HOLD
2025-08-12 14:02:06 UTC,1h,TREE-USDT,BTC-USDT,0.4106,118835.6,3.455193562e-06,,30,0.0368687,0.0221558,0.0175701,7.74858e+06,0,0,0.666667,465,4,0,HOLD
2025-08-12 14:02:06 UTC,1h,TRU-USDT,BTC-USDT,0.03224,118835.6,2.71299173e-07,,30,0.0173556,0.00436137,0.0186547,1.95417e+06,0,0,0.666667,465,4,0,HOLD
2025-08-12 14:02:06 UTC,1h,TRUMP-USDT,BTC-USDT,8.865,118835.6,7.459885758e-05,,30,0.00715746,-0.00359672,0.0092982,7.66134e+06,0,0,0.666667,465,4,0,HOLD
2025-08-12 14:02:06 UTC,1h,TRX-USDT,BTC-USDT,0.34689,118835.6,2.919074755e-06,,30,0.00109665,0.000519166,0.00417588,1.26243e+07,0,0,0.666667,465,4,0,HOLD
2025-08-12 14:02:06 UTC,1h,TST-USDT,BTC-USDT,0.02639,118835.6,2.220715005e-07,,30,0.0193125,-0.0534433,0.0429546,9.44655e+06,0,0,0.666667,465,4,0,HOLD
2025-08-12 14:02:06 UTC,1h,TURBO-USDT,BTC-USDT,0.0046988,118835.6,3.954033976e-08,,30,0.0206573,0.00119322,0.0154842,6.40586e+06,0,0,0.666667,465,4,0,HOLD
2025-08-12 14:02:06 UTC,1h,TUT-USDT,BTC-USDT,0.06056,118835.6,5.096115979e-07,,30,0.0142355,0.0101751,0.00437583,1.89063e+06,0,0,0.666667,465,4,0,HOLD
2025-08-12 14:02:06 UTC,1h,TWT-USDT,BTC-USDT,0.767,118835.6,6.454294841e-06,,30,0.00722259,-0.00609045,0.00757124,2.01579e+06,0,0,0.666667,465,4,0,HOLD
2025-08-12 14:02:06 UTC,1h,UMA-USDT,BTC-USDT,1.358,118835.6,1.142755201e-05,,30,0.0642633,0.0592824,0.0193562,2.47787e+06,0,0,0.666667,465,4,0,HOLD
2025-08-12 14:02:06 UTC,1h,UNI-USDT,BTC-USDT,11.085,118835.6,9.328012818e-05,,30,-0.00117138,-0.027461,0.0185321,5.95059e+07,0,0,0.666667,465,4,0,HOLD
2025-08-12 14:02:06 UTC,1h,USELESS-USDT,BTC-USDT,0.2112,118835.6,1.777245203e-06,,30,0.0403941,0.0342801,0.0325014,7.05329e+06,0,0,0.666667,465,4,0,HOLD
2025-08-12 14:02:06 UTC,1h,USTC-USDT,BTC-USDT,0.014466,118835.6,1.217311984e-07,,30,0.0248672,0.0165132,0.0237996,2.31228e+06,0,0,0.666667,465,4,0,HOLD
2025-08-12 14:02:06 UTC,1h,USUAL-USDT,BTC-USDT,0.0755,118835.6,6.353315e-07,,30,0.0105742,-0.00684031,0.0194607,2.14441e+06,0,0,0.666667,465,4,0,HOLD
2025-08-12 14:02:06 UTC,1h,UXLINK-USDT,BTC-USDT,0.3435,118835.6,2.89054795e-06,,30,0.0120801,0.000874126,0.0138698,6.51677e+06,0,0,0.666667,465,4,0,HOLD
2025-08-12 14:02:06 UTC,1h,VANA-USDT,BTC-USDT,4.343,118835.6,3.654628748e-05,,30,0.00976517,0,0.0116608,6.27863e+06,0,0,0.666667,465,4,0,HOLD
2025-08-12 14:02:06 UTC,1h,VANRY-USDT,BTC-USDT,0.03179,118835.6,2.675124289e-07,,30,0.033485,0.00984752,0.0178852,461525,0,0,0.666667,465,4,0,HOLD
2025-08-12 14:02:06 UTC,1h,VELODROME-USDT,BTC-USDT,0.05954,118835.6,5.010283114e-07,,30,0.0279696,0.00881057,0.0158837,634964,0,0,0.666667,465,4,0,HOLD
2025-08-12 14:02:06 UTC,1h,VELVET-USDT,BTC-USDT,0.06707,118835.6,5.643931616e-07,,30,0.0160582,-0.0114959,0.0228865,6.3185e+06,0,0,0.666667,465,4,0,HOLD
2025-08-12 14:02:06 UTC,1h,VET-USDT,BTC-USDT,0.024555,118835.6,2.066299998e-07,,30,0.0103275,-0.00425791,0.0120662,3.7143e+06,0,0,0.666667,465,4,0,HOLD
2025-08-12 14:02:06 UTC,1h,VIC-USDT,BTC-USDT,0.2552,118835.6,2.14750462e-06,,30,-0.0039032,-0.00893204,0.0124832,6.39691e+06,0,0,0.666667,465,4,0,HOLD
2025-08-12 14:02:06 UTC,1h,VINE-USDT,BTC-USDT,0.06794,118835.6,5.717142001e-07,,30,0.0559528,-0.0136469,0.0377434,1.83078e+07,0,0,0.666667,465,4,0,HOLD
2025-08-12 14:02:06 UTC,1h,VIRTUAL-USDT,BTC-USDT,1.3163,118835.6,1.107664707e-05,,30,0.00858172,-0.00791378,0.0155305,8.94559e+06,0,0,0.666667,465,4,0,HOLD
2025-08-12 14:02:06 UTC,1h,VOXEL-USDT,BTC-USDT,0.05921,118835.6,4.982513658e-07,,30,0.0249264,0.00526316,0.0146814,411967,0,0,0.666667,465,4,0,HOLD
2025-08-12 14:02:06 UTC,1h,VTHO-USDT,BTC-USDT,0.001915,118835.6,1.611469964e-08,,30,0.0137639,0.00472193,0.0113018,428252,0,0,0.666667,465,4,0,HOLD
2025-08-12 14:02:06 UTC,1h,VVV-USDT,BTC-USDT,2.859,118835.6,2.405844713e-05,,30,0.0236305,0.0116773,0.0168391,298372,0,0,0.666667,465,4,0,HOLD
2025-08-12 14:02:06 UTC,1h,W-USDT,BTC-USDT,0.08493,118835.6,7.146848251e-07,,30,0.0211615,-0.00188036,0.0159459,6.79793e+06,0,0,0.666667,465,4,0,HOLD
2025-08-12 14:02:06 UTC,1h,WAL-USDT,BTC-USDT,0.413,118835.6,3.47538953e-06,,30,0.0291552,0.0265971,0.0137669,6.40855e+06,0,0,0.666667,465,4,0,HOLD
2025-08-12 14:02:06 UTC,1h,WCT-USDT,BTC-USDT,0.3143,118835.6,2.644830337e-06,,30,0.0132173,-0.00411914,0.012704,6.68522e+06,0,0,0.666667,465,4,0,HOLD
2025-08-12 14:02:06 UTC,1h,WIF-USDT,BTC-USDT,0.9187,118835.6,7.730848332e-06,,30,0.0144655,-0.00487435,0.0160009,3.9436e+07,0,0,0.666667,465,4,0,HOLD
2025-08-12 14:02:06 UTC,1h,WLD-USDT,BTC-USDT,1.0016,118835.6,8.428450734e-06,,30,0.016956,0.00360721,0.0130292,1.59036e+07,0,0,0.666667,465,4,0,HOLD
2025-08-12 14:02:06 UTC,1h,WOO-USDT,BTC-USDT,0.07682,118835.6,6.464392825e-07,,30,0.0134565,0.00576067,0.0140681,2.01899e+06,0,0,0.666667,465,4,0,HOLD
2025-08-12 14:02:06 UTC,1h,X-USDT,BTC-USDT,5.48e-05,118835.6,4.611412742e-10,,30,0.0136885,0.0023779,0.0300965,6.78103e+06,0,0,0.666667,465,4,0,HOLD
2025-08-12 14:02:06 UTC,1h,XAI-USDT,BTC-USDT,0.05254,118835.6,4.421234041e-07,,30,0.0314095,0.0196002,0.0168715,1.99103e+06,0,0,0.666667,465,4,0,HOLD
2025-08-12 14:02:06 UTC,1h,XAUT-USDT,BTC-USDT,3343.1,118835.6,0.02813214222,,30,-0.00131441,-0.00268488,0.00229898,7.27381e+06,0,0,0.666667,465,4,0,HOLD
2025-08-12 14:02:06 UTC,1h,XCN-USDT,BTC-USDT,0.01376,118835.6,1.157902177e-07,,30,0.00511322,0.0014556,0.00960341,1.90936e+06,0,0,0.666667,465,4,0,HOLD
2025-08-12 14:02:06 UTC,1h,XLM-USDT,BTC-USDT,0.43571,118835.6,3.666493879e-06,,30,0.00137896,-0.00819467,0.0120854,1.62718e+07,0,0,0.666667,465,4,0,HOLD
2025-08-12 14:02:06 UTC,1h,XRP-USDT,BTC-USDT,3.1727,118835.6,2.669822848e-05,,30,0.00746221,0.00392368,0.00897388,2.03856e+08,0,0,0.666667,465,4,0,HOLD
2025-08-12 14:02:06 UTC,1h,YALA-USDT,BTC-USDT,0.2667,118835.6,2.244276968e-06,,30,-0.026287,-0.165258,0.0410306,8.10128e+06,0,0,0.666667,465,4,0,HOLD
2025-08-12 14:02:06 UTC,1h,YFI-USDT,BTC-USDT,5666,118835.6,0.04767931495,,30,0.0056798,-0.000529194,0.0107408,9.20595e+06,0,0,0.666667,465,4,0,HOLD
2025-08-12 14:02:06 UTC,1h,YGG-USDT,BTC-USDT,0.1646,118835.6,1.38510682e-06,,30,0.0154226,0.00611247,0.0155789,3.96512e+06,0,0,0.666667,465,4,0,HOLD
2025-08-12 14:02:06 UTC,1h,ZBCN-USDT,BTC-USDT,0.0050103,118835.6,4.216160814e-08,,30,-0.0195491,0.00951019,0.0248845,6.42298e+06,0,0,0.666667,465,4,0,HOLD
2025-08-12 14:02:06 UTC,1h,ZEREBRO-USDT,BTC-USDT,0.02797,118835.6,2.353671795e-07,,30,0.00611511,-0.00674716,0.016676,1.78136e+06,0,0,0.666667,465,4,0,HOLD
2025-08-12 14:02:06 UTC,1h,ZETA-USDT,BTC-USDT,0.1998,118835.6,1.681314354e-06,,30,0.0183486,0.00705645,0.01287,4.66001e+06,0,0,0.666667,465,4,0,HOLD
2025-08-12 14:02:06 UTC,1h,ZIL-USDT,BTC-USDT,0.01138,118835.6,9.576254927e-08,,30,0.0106572,0,0.0121768,2.22263e+06,0,0,0.666667,465,4,0,HOLD
2025-08-12 14:02:06 UTC,1h,ZK-USDT,BTC-USDT,0.05753,118835.6,4.84114188e-07,,30,0.0254902,0.0137445,0.0167739,6.46508e+06,0,0,0.666667,465,4,0,HOLD
2025-08-12 14:02:06 UTC,1h,ZKJ-USDT,BTC-USDT,0.246,118835.6,2.070086742e-06,,30,0.0544363,-0.0457719,0.0500581,8.27474e+06,0,0,0.666667,465,4,0,HOLD
2025-08-12 14:02:06 UTC,1h,ZORA-USDT,BTC-USDT,0.11971,118835.6,1.007358064e-06,,30,0.0235123,-0.00357916,0.041165,3.03491e+07,0,0,0.666667,465,4,0,HOLD
2025-08-12 14:02:06 UTC,1h,ZRC-USDT,BTC-USDT,0.03377,118835.6,2.841741027e-07,,30,0.0153337,-0.0171711,0.0149541,6.35564e+06,0,0,0.666667,465,4,0,HOLD
2025-08-12 14:02:06 UTC,1h,ZRO-USDT,BTC-USDT,2.2833,118835.6,1.921393926e-05,,30,0.0312542,0.00386898,0.0158323,1.36479e+07,0,0,0.666667,465,4,0,HOLD
2025-08-12 14:02:06 UTC,1h,ZRX-USDT,BTC-USDT,0.2534,118835.6,2.132357644e-06,,30,0.0172621,0.00475813,0.0121209,1.92256e+06,0,0,0.666667,465,4,0,HOLD
2025-08-12 15:02:22 UTC,1h,1000000BABYDOGE-USDT,BTC-USDT,0.0013536,119433.6,1.133349409e-08,,30,0.0417116,0.026232,0.0130657,1.28001e+06,0,0,0.8,465,4,0,HOLD
2025-08-12 15:02:22 UTC,1h,1000000BOB-USDT,BTC-USDT,0.08117,119433.6,6.796244943e-07,,30,0.0597989,-0.0118091,0.0285292,6.41555e+06,0,0,0.8,465,4,0,HOLD
2025-08-12 15:02:22 UTC,1h,1000000MOG-USDT,BTC-USDT,1.4328,119433.6,1.199662407e-05,,30,0.0520596,0.0372086,0.0247119,1.63709e+06,0,0,0.8,465,4,0,HOLD
2025-08-12 15:02:22 UTC,1h,10000SATS-USDT,BTC-USDT,0.000408,119433.6,3.416124106e-09,,30,0.035533,0.0225564,0.0157563,2.28028e+06,0,0,0.8,465,4,0,HOLD
2025-08-12 15:02:22 UTC,1h,10000WHY-USDT,BTC-USDT,0.0003267,119433.6,2.735411141e-09,,30,0.0263902,-0.00305157,0.0153702,2.21175e+06,0,0,0.8,465,4,0,HOLD
2025-08-12 15:02:22 UTC,1h,1000BONK-USDT,BTC-USDT,0.024638,119433.6,2.062903572e-07,,30,0.0235128,-0.00246974,0.0160959,6.70675e+06,0,0,0.8,465,4,0,HOLD
2025-08-12 15:02:22 UTC,1h,1000CAT-USDT,BTC-USDT,0.009199,119433.6,7.702187659e-08,,30,0.0402578,0.0234757,0.0151492,6.31491e+06,0,0,0.8,465,4,0,HOLD
2025-08-12 15:02:22 UTC,1h,1000CHEEMS-USDT,BTC-USDT,0.0012985,119433.6,1.087214988e-08,,30,-0.000461858,-0.0155421,0.0101711,6.27108e+06,0,0,0.8,465,4,0,HOLD
2025-08-12 15:02:22 UTC,1h,1000PEPE-USDT,BTC-USDT,0.011606,119433.6,9.717533424e-08,,30,0.0356674,0.0346149,0.0153504,3.21409e+07,0,0,0.8,465,4,0,HOLD
2025-08-12 15:02:22 UTC,1h,1INCH-USDT,BTC-USDT,0.2669,119433.6,2.234714519e-06,,30,0.00527307,0.0148289,0.0133544,6.19361e+06,0,0,0.8,465,4,0,HOLD
2025-08-12 15:02:22 UTC,1h,A-USDT,BTC-USDT,0.5405,119433.6,4.525527155e-06,,30,0.0242368,0.024101,0.0146954,6.78792e+06,0,0,0.8,465,4,0,HOLD
2025-08-12 15:02:22 UTC,1h,A2Z-USDT,BTC-USDT,0.007343,119433.6,6.148186105e-08,,30,0.0143666,-0.000952381,0.0193381,6.7548e+06,0,0,0.8,465,4,0,HOLD
2025-08-12 15:02:22 UTC,1h,AAPLX-USDT,BTC-USDT,229.4,119433.6,0.001920732524,,30,0.0120886,0.010929,0.00482625,6.21791e+06,0,0,0.8,465,4,0,HOLD
2025-08-12 15:02:22 UTC,1h,AAVE-USDT,BTC-USDT,305.48,119433.6,0.002557739196,,30,0.0371075,0.0270652,0.0125376,6.5616e+07,0,0,0.8,465,4,0,HOLD
2025-08-12 15:02:22 UTC,1h,ACE-USDT,BTC-USDT,0.5789,119433.6,4.847044718e-06,,30,0.0494924,0.0409998,0.0173235,2.00113e+06,0,0,0.8,465,4,0,HOLD
2025-08-12 15:02:22 UTC,1h,ACH-USDT,BTC-USDT,0.022245,119433.6,1.862541194e-07,,30,0.0365797,0.0253987,0.014427,943145,0,0,0.8,465,4,0,HOLD
2025-08-12 15:02:22 UTC,1h,ACT-USDT,BTC-USDT,0.04305,119433.6,3.604513303e-07,,30,0.0471905,0.0331174,0.0152149,6.35278e+06,0,0,0.8,465,4,0,HOLD
2025-08-12 15:02:22 UTC,1h,ADA-USDT,BTC-USDT,0.80645,119433.6,6.752287463e-06,,30,0.043165,0.0322296,0.0120511,4.4824e+07,0,0,0.8,465,4,0,HOLD
2025-08-12 15:02:22 UTC,1h,AERGO-USDT,BTC-USDT,0.11655,119433.6,9.758560405e-07,,30,0.0179039,0.00327107,0.00933382,1.92959e+06,0,0,0.8,465,4,0,HOLD
2025-08-12 15:02:22 UTC,1h,AERO-USDT,BTC-USDT,1.1776,119433.6,9.859871929e-06,,30,0.0797726,0.0630078,0.0201863,3.36973e+06,0,0,0.8,465,4,0,HOLD
2025-08-12 15:02:22 UTC,1h,AEVO-USDT,BTC-USDT,0.1,119433.6,8.3728532e-07,,30,0.0471204,0.048218,0.0181429,6.33473e+06,0,0,0.8,465,4,0,HOLD
2025-08-12 15:02:22 UTC,1h,AGLD-USDT,BTC-USDT,0.7267,119433.6,6.084552421e-06,,30,0.030634,0.0159374,0.0119621,3.99016e+06,0,0,0.8,465,4,0,HOLD
2025-08-12 15:02:22 UTC,1h,AGT-USDT,BTC-USDT,0.005838,119433.6,4.888071698e-08,,30,0.0432452,-0.00899677,0.0212524,6.35553e+06,0,0,0.8,465,4,0,HOLD
2025-08-12 15:02:22 UTC,1h,AI16Z-USDT,BTC-USDT,0.1332,119433.6,1.115264046e-06,,30,0.0504732,0.0246154,0.0200021,8.28677e+06,0,0,0.8,465,4,0,HOLD
2025-08-12 15:02:22 UTC,1h,AIN-USDT,BTC-USDT,0.13812,119433.6,1.156458484e-06,,30,0.0197874,0.0106834,0.0175417,6.30678e+06,0,0,0.8,465,4,0,HOLD
2025-08-12 15:02:22 UTC,1h,AIOT-USDT,BTC-USDT,0.5328,119433.6,4.461056185e-06,,30,0.0551122,0.0565349,0.0115401,6.40073e+06,0,0,0.8,465,4,0,HOLD
2025-08-12 15:02:22 UTC,1h,AIXBT-USDT,BTC-USDT,0.13276,119433.6,1.111579991e-06,,30,0.0479122,0.0538181,0.018492,7.19026e+06,0,0,0.8,465,4,0,HOLD
2025-08-12 15:02:22 UTC,1h,AKT-USDT,BTC-USDT,1.271,119433.6,1.064189642e-05,,30,0.0392478,0.0241741,0.0130381,473280,0,0,0.8,465,4,0,HOLD
2025-08-12 15:02:22 UTC,1h,ALCH-USDT,BTC-USDT,0.13836,119433.6,1.158467969e-06,,30,-0.0229504,-0.0350792,0.00885371,6.33615e+06,0,0,0.8,465,4,0,HOLD
2025-08-12 15:02:22 UTC,1h,ALGO-USDT,BTC-USDT,0.2655,119433.6,2.222992525e-06,,30,0.0531535,0.0383262,0.0150928,4.27179e+06,0,0,0.8,465,4,0,HOLD
2025-08-12 15:02:22 UTC,1h,ALPHA-USDT,BTC-USDT,0.01583,119433.6,1.325422662e-07,,30,0.0265888,0.0186615,0.0158379,1.89591e+06,0,0,0.8,465,4,0,HOLD
2025-08-12 15:02:22 UTC,1h,ALPINE-USDT,BTC-USDT,1.3562,119433.6,1.135526351e-05,,30,7.37409e-05,-0.112435,0.0577454,8.40001e+06,0,0,0.8,465,4,0,HOLD
2025-08-12 15:02:22 UTC,1h,ALT-USDT,BTC-USDT,0.03786,119433.6,3.169962222e-07,,30,0.0540089,0.0786325,0.0268282,6.35831e+06,0,0,0.8,465,4,0,HOLD
2025-08-12 15:02:22 UTC,1h,ALTCOIN-USDT,BTC-USDT,240.2,119433.6,0.002011159339,,30,0.0241323,0.0190488,0.00840371,1.84487e+06,0,0,0.8,465,4,0,HOLD
2025-08-12 15:02:22 UTC,1h,ANIME-USDT,BTC-USDT,0.01763,119433.6,1.476134019e-07,,30,0.0346244,0.0167243,0.0136537,6.3767e+06,0,0,0.8,465,4,0,HOLD
2025-08-12 15:02:22 UTC,1h,ANKR-USDT,BTC-USDT,0.01614,119433.6,1.351378507e-07,,30,0.0280255,0.0150943,0.0120375,346554,0,0,0.8,465,4,0,HOLD
2025-08-12 15:02:22 UTC,1h,APE-USDT,BTC-USDT,0.6245,119433.6,5.228846824e-06,,30,0.0306981,0.0224296,0.0113805,6.47881e+06,0,0,0.8,465,4,0,HOLD
2025-08-12 15:02:22 UTC,1h,API3-USDT,BTC-USDT,0.755,119433.6,6.321504166e-06,,30,0.0489025,0.0400882,0.0140397,6.41184e+06,0,0,0.8,465,4,0,HOLD
2025-08-12 15:02:22 UTC,1h,APT-USDT,BTC-USDT,4.6988,119433.6,3.934236262e-05,,30,0.0363933,0.0303934,0.0118723,1.00064e+07,0,0,0.8,465,4,0,HOLD
2025-08-12 15:02:22 UTC,1h,AR-USDT,BTC-USDT,7.591,119433.6,6.355832864e-05,,30,0.0384405,0.0235976,0.0178313,2.46112e+06,0,0,0.8,465,4,0,HOLD
2025-08-12 15:02:22 UTC,1h,ARB-USDT,BTC-USDT,0.4594,119433.6,3.84648876e-06,,30,0.0502972,0.0410152,0.0169009,1.41305e+07,0,0,0.8,465,4,0,HOLD
2025-08-12 15:02:22 UTC,1h,ARC-USDT,BTC-USDT,0.02397,119433.6,2.006972912e-07,,30,0.0582781,0.0105396,0.0231539,6.99991e+06,0,0,0.8,465,4,0,HOLD
2025-08-12 15:02:22 UTC,1h,ARK-USDT,BTC-USDT,0.4507,119433.6,3.773644937e-06,,30,0.029936,0.0153188,0.0106659,2.00399e+06,0,0,0.8,465,4,0,HOLD
2025-08-12 15:02:22 UTC,1h,ARKM-USDT,BTC-USDT,0.5263,119433.6,4.406632639e-06,,30,0.044246,0.0374532,0.0162591,2.55626e+06,0,0,0.8,465,4,0,HOLD
2025-08-12 15:02:22 UTC,1h,ARPA-USDT,BTC-USDT,0.02292,119433.6,1.919057954e-07,,30,0.0441913,0.0278027,0.0129643,7.99946e+06,0,0,0.8,465,4,0,HOLD
2025-08-12 15:02:22 UTC,1h,ASP-USDT,BTC-USDT,0.1686,119433.6,1.41166305e-06,,30,0.00357143,0.00237812,0.0284274,6.69677e+06,0,0,0.8,465,4,0,HOLD
2025-08-12 15:02:22 UTC,1h,ASR-USDT,BTC-USDT,6.539,119433.6,5.475008708e-05,,30,0.00522675,-0.0325492,0.0181985,7.16267e+06,0,0,0.8,465,4,0,HOLD
2025-08-12 15:02:22 UTC,1h,ASTR-USDT,BTC-USDT,0.02519,119433.6,2.109121721e-07,,30,0.0269058,0.0210782,0.011711,1.921e+06,0,0,0.8,465,4,0,HOLD
2025-08-12 15:02:22 UTC,1h,ATA-USDT,BTC-USDT,0.0501,119433.6,4.194799453e-07,,30,0.04158,0.0308642,0.0149701,301463,0,0,0.8,465,4,0,HOLD
2025-08-12 15:02:22 UTC,1h,ATH-USDT,BTC-USDT,0.03359,119433.6,2.81244139e-07,,30,-0.00650695,-0.0226942,0.0121847,2.19676e+06,0,0,0.8,465,4,0,HOLD
2025-08-12 15:02:22 UTC,1h,ATOM-USDT,BTC-USDT,4.573,119433.6,3.828905769e-05,,30,0.0182587,0.013969,0.0104495,8.85863e+06,0,0,0.8,465,4,0,HOLD
2025-08-12 15:02:22 UTC,1h,AUCTION-USDT,BTC-USDT,10.271,119433.6,8.599757522e-05,,30,0.0186452,0.00864185,0.0112244,4.39835e+06,0,0,0.8,465,4,0,HOLD
2025-08-12 15:02:22 UTC,1h,AVA-USDT,BTC-USDT,0.6019,119433.6,5.039620341e-06,,30,0.0422511,0.0361508,0.0138609,541285,0,0,0.8,465,4,0,HOLD
2025-08-12 15:02:22 UTC,1h,AVAAI-USDT,BTC-USDT,0.03657,119433.6,3.061952415e-07,,30,0.0127389,-0.0446708,0.0292004,8.55716e+06,0,0,0.8,465,4,0,HOLD
2025-08-12 15:02:22 UTC,1h,AVAX-USDT,BTC-USDT,23.935,119433.6,0.0002004042414,,30,0.0419206,0.0408332,0.0123549,5.30056e+07,0,0,0.8,465,4,0,HOLD
2025-08-12 15:02:22 UTC,1h,AWE-USDT,BTC-USDT,0.054347,119433.6,4.550394529e-07,,30,0.0104866,0.00635138,0.00950374,6.24472e+06,0,0,0.8,465,4,0,HOLD
2025-08-12 15:02:22 UTC,1h,AXL-USDT,BTC-USDT,0.3532,119433.6,2.95729175e-06,,30,0.0486936,0.0345636,0.0145608,2.06666e+06,0,0,0.8,465,4,0,HOLD
2025-08-12 15:02:22 UTC,1h,AXS-USDT,BTC-USDT,2.441,119433.6,2.043813466e-05,,30,0.0325719,0.0256303,0.013285,5.15811e+06,0,0,0.8,465,4,0,HOLD
2025-08-12 15:02:22 UTC,1h,B-USDT,BTC-USDT,0.62859,119433.6,5.263091793e-06,,30,-0.0161371,-0.0701194,0.0160984,6.60851e+06,0,0,0.8,465,4,0,HOLD
2025-08-12 15:02:22 UTC,1h,B2-USDT,BTC-USDT,0.3927,119433.6,3.288019452e-06,,30,0.0160414,0.0152534,0.0140965,6.24425e+06,0,0,0.8,465,4,0,HOLD
2025-08-12 15:02:22 UTC,1h,B3-USDT,BTC-USDT,0.003169,119433.6,2.653357179e-08,,30,0.0542249,0.0356209,0.0159582,6.30071e+06,0,0,0.8,465,4,0,HOLD
2025-08-12 15:02:22 UTC,1h,BABY-USDT,BTC-USDT,0.06122,119433.6,5.125860729e-07,,30,0.0363975,0.0115664,0.0155528,6.44293e+06,0,0,0.8,465,4,0,HOLD
2025-08-12 15:02:22 UTC,1h,BAKE-USDT,BTC-USDT,0.0855,119433.6,7.158789486e-07,,30,0.0376214,0.0106383,0.0150376,1.56195e+06,0,0,0.8,465,4,0,HOLD
2025-08-12 15:02:22 UTC,1h,BANANA-USDT,BTC-USDT,25.7,119433.6,0.0002151823273,,30,0.0468432,0.0313002,0.0170928,9.0909e+06,0,0,0.8,465,4,0,HOLD
2025-08-12 15:02:22 UTC,1h,BANANAS31-USDT,BTC-USDT,0.007124,119433.6,5.96482062e-08,,30,0.0374254,-0.0025203,0.0168946,4.25243e+06,0,0,0.8,465,4,0,HOLD
2025-08-12 15:02:22 UTC,1h,BANK-USDT,BTC-USDT,0.066401,119433.6,5.559658254e-07,,30,0.0262113,0.0621271,0.0296456,6.50477e+06,0,0,0.8,465,4,0,HOLD
2025-08-12 15:02:22 UTC,1h,BAT-USDT,BTC-USDT,0.1495,119433.6,1.251741553e-06,,30,0.0303239,0.011502,0.0121357,425258,0,0,0.8,465,4,0,HOLD
2025-08-12 15:02:22 UTC,1h,BB-USDT,BTC-USDT,0.12662,119433.6,1.060170672e-06,,30,0.0476584,0.0373587,0.0196031,9.37183e+06,0,0,0.8,465,4,0,HOLD
2025-08-12 15:02:22 UTC,1h,BCH-USDT,BTC-USDT,593.99,119433.6,0.004973391073,,30,0.0049742,0.00175394,0.00901891,3.62397e+07,0,0,0.8,465,4,0,HOLD
2025-08-12 15:02:22 UTC,1h,BDXN-USDT,BTC-USDT,0.04045,119433.6,3.38681912e-07,,30,0.0318878,-0.0177271,0.0187886,6.34466e+06,0,0,0.8,465,4,0,HOLD
2025-08-12 15:02:22 UTC,1h,BEAM-USDT,BTC-USDT,0.008347,119433.6,6.988820566e-08,,30,0.0690318,0.0573854,0.0181074,2.06997e+06,0,0,0.8,465,4,0,HOLD
2025-08-12 15:02:22 UTC,1h,BERA-USDT,BTC-USDT,1.979,119433.6,1.656987648e-05,,30,0.031804,0.00866463,0.0139681,6.58863e+06,0,0,0.8,465,4,0,HOLD
2025-08-12 15:02:22 UTC,1h,BID-USDT,BTC-USDT,0.07082,119433.6,5.929654637e-07,,30,0.0630441,0.0609738,0.0222092,2.10527e+06,0,0,0.8,465,4,0,HOLD
2025-08-12 15:02:22 UTC,1h,BIGTIME-USDT,BTC-USDT,0.05946,119433.6,4.978498513e-07,,30,0.0349869,0.025526,0.013106,2.06052e+06,0,0,0.8,465,4,0,HOLD
2025-08-12 15:02:22 UTC,1h,BIO-USDT,BTC-USDT,0.12209,119433.6,1.022241647e-06,,30,0.0108462,-0.0963659,0.0482724,1.8061e+07,0,0,0.8,465,4,0,HOLD
2025-08-12 15:02:22 UTC,1h,BLAST-USDT,BTC-USDT,0.003089,119433.6,2.586374354e-08,,30,0.0310414,0.00227125,0.0148684,505990,0,0,0.8,465,4,0,HOLD
2025-08-12 15:02:22 UTC,1h,BLUR-USDT,BTC-USDT,0.08485,119433.6,7.104365941e-07,,30,0.0342516,0.0192192,0.0143867,4.50416e+06,0,0,0.8,465,4,0,HOLD
2025-08-12 15:02:22 UTC,1h,BMT-USDT,BTC-USDT,0.08272,119433.6,6.926024167e-07,,30,0.028472,0.00278822,0.0131165,1.97857e+06,0,0,0.8,465,4,0,HOLD
2025-08-12 15:02:22 UTC,1h,BNB-USDT,BTC-USDT,813.85,119433.6,0.006814246577,,30,0.0161947,0.00716531,0.00694933,3.3928e+07,0,0,0.8,465,4,0,HOLD
2025-08-12 15:02:22 UTC,1h,BNT-USDT,BTC-USDT,0.81027,119433.6,6.784271763e-06,,30,0.0417995,0.0317442,0.0125267,1.9103e+06,0,0,0.8,465,4,0,HOLD
2025-08-12 15:02:22 UTC,1h,BOME-USDT,BTC-USDT,0.001897,119433.6,1.588330252e-08,,30,0.0469095,0.0354803,0.0176218,9.17151e+06,0,0,0.8,465,4,0,HOLD
2025-08-12 15:02:22 UTC,1h,BR-USDT,BTC-USDT,0.05011,119433.6,4.195636739e-07,,30,0.000599042,0,0.00098355,1.87947e+06,0,0,0.8,465,4,0,HOLD
2025-08-12 15:02:22 UTC,1h,BRETT-USDT,BTC-USDT,0.05733,119433.6,4.80015674e-07,,30,0.0660097,0.0540541,0.0194239,5.60007e+06,0,0,0.8,465,4,0,HOLD
2025-08-12 15:02:22 UTC,1h,BROCCOLI-USDT,BTC-USDT,0.02814,119433.6,2.356120891e-07,,30,0.0251366,-0.0181438,0.0165753,6.26665e+06,0,0,0.8,465,4,0,HOLD
2025-08-12 15:02:22 UTC,1h,BROCCOLIF3B-USDT,BTC-USDT,0.010328,119433.6,8.647482785e-08,,30,0.0520526,0.0225743,0.012601,6.24773e+06,0,0,0.8,465,4,0,HOLD
2025-08-12 15:02:22 UTC,1h,BSV-USDT,BTC-USDT,28.99,119433.6,0.0002427290143,,30,0.0161234,-0.00990437,0.0126152,2.27005e+06,0,0,0.8,465,4,0,HOLD
2025-08-12 15:02:22 UTC,1h,BSW-USDT,BTC-USDT,0.02784,119433.6,2.331002331e-07,,30,0.0318755,0.0376444,0.0234503,2.0308e+06,0,0,0.8,465,4,0,HOLD
2025-08-12 15:02:22 UTC,1h,BTC-USDT,BTC-USDT,119372.2,119433.6,0.9994859068,,30,0.00842748,0.00451802,0.00430059,1.58765e+09,0,0,0.8,465,4,0,HOLD
2025-08-12 15:02:22 UTC,1h,BULLA-USDT,BTC-USDT,0.08405,119433.6,7.037383115e-07,,30,0.0181708,0.000476134,0.0239908,6.61434e+06,0,0,0.8,465,4,0,HOLD
2025-08-12 15:02:22 UTC,1h,C-USDT,BTC-USDT,0.25993,119433.6,2.176355732e-06,,30,0.0460381,0.0172589,0.0174333,6.46977e+06,0,0,0.8,465,4,0,HOLD
2025-08-12 15:02:22 UTC,1h,CAKE-USDT,BTC-USDT,2.7808,119433.6,2.328323018e-05,,30,0.0255956,0.0110162,0.00997144,2.53303e+06,0,0,0.8,465,4,0,HOLD
2025-08-12 15:02:22 UTC,1h,CARV-USDT,BTC-USDT,0.3073,119433.6,2.572977788e-06,,30,0.018224,0.00359242,0.0187811,2.1627e+06,0,0,0.8,465,4,0,HOLD
2025-08-12 15:02:22 UTC,1h,CATI-USDT,BTC-USDT,0.09521,119433.6,7.971793532e-07,,30,0.0408877,0.0028439,0.0383588,6.93614e+06,0,0,0.8,465,4,0,HOLD
2025-08-12 15:02:22 UTC,1h,CELO-USDT,BTC-USDT,0.3545,119433.6,2.96817646e-06,,30,0.046649,0.0302238,0.0161193,2.30567e+06,0,0,0.8,465,4,0,HOLD
2025-08-12 15:02:22 UTC,1h,CELR-USDT,BTC-USDT,0.00804,119433.6,6.731773973e-08,,30,0.0482399,0.0374194,0.014037,1.96174e+06,0,0,0.8,465,4,0,HOLD
2025-08-12 15:02:22 UTC,1h,CETUS-USDT,BTC-USDT,0.11003,119433.6,9.212650376e-07,,30,0.0540282,0.0424443,0.0168136,905413,0,0,0.8,465,4,0,HOLD
2025-08-12 15:02:22 UTC,1h,CFX-USDT,BTC-USDT,0.19745,119433.6,1.653219864e-06,,30,0.0194651,0.0153759,0.0137648,9.68216e+06,0,0,0.8,465,4,0,HOLD
2025-08-12 15:02:22 UTC,1h,CGPT-USDT,BTC-USDT,0.10108,119433.6,8.463280015e-07,,30,0.046052,0.0313233,0.015928,681928,0,0,0.8,465,4,0,HOLD
2025-08-12 15:02:22 UTC,1h,CHESS-USDT,BTC-USDT,0.07537,119433.6,6.310619457e-07,,30,0.0730353,0.049137,0.018594,766660,0,0,0.8,465,4,0,HOLD
2025-08-12 15:02:22 UTC,1h,CHILLGUY-USDT,BTC-USDT,0.0551,119433.6,4.613442113e-07,,30,0.047927,0.0124954,0.0237231,1.60202e+06,0,0,0.8,465,4,0,HOLD
2025-08-12 15:02:22 UTC,1h,CHR-USDT,BTC-USDT,0.0962,119433.6,8.054684779e-07,,30,0.0433839,0.0310825,0.0138848,1.91613e+06,0,0,0.8,465,4,0,HOLD
2025-08-12 15:02:22 UTC,1h,CHZ-USDT,BTC-USDT,0.04216,119433.6,3.529994909e-07,,30,0.0282927,0.0220606,0.0109108,2.10442e+06,0,0,0.8,465,4,0,HOLD
2025-08-12 15:02:22 UTC,1h,CKB-USDT,BTC-USDT,0.005536,119433.6,4.635211532e-08,,30,0.0330286,0.0116959,0.0132122,693847,0,0,0.8,465,4,0,HOLD
2025-08-12 15:02:22 UTC,1h,COINX-USDT,BTC-USDT,319.01,119433.6,0.002671023899,,30,-0.0056108,-0.000188047,0.00630298,6.23172e+06,0,0,0.8,465,4,0,HOLD
2025-08-12 15:02:22 UTC,1h,COMP-USDT,BTC-USDT,52.16,119433.6,0.0004367280229,,30,0.028594,0.0183522,0.0128588,5.53363e+06,0,0,0.8,465,4,0,HOLD
2025-08-12 15:02:22 UTC,1h,COOKIE-USDT,BTC-USDT,0.1529,119433.6,1.280209254e-06,,30,0.07223,0.0359079,0.020228,6.6735e+06,0,0,0.8,465,4,0,HOLD
2025-08-12 15:02:22 UTC,1h,CORE-USDT,BTC-USDT,0.493,119433.6,4.127816628e-06,,30,0.0352793,0.0277257,0.0110693,1.95768e+06,0,0,0.8,465,4,0,HOLD
2025-08-12 15:02:22 UTC,1h,COS-USDT,BTC-USDT,0.003442,119433.6,2.881936072e-08,,30,0.0289985,0.0183432,0.0114966,441292,0,0,0.8,465,4,0,HOLD
2025-08-12 15:02:22 UTC,1h,COTI-USDT,BTC-USDT,0.0545,119433.6,4.563204994e-07,,30,0.0331754,0.0353343,0.0135387,468316,0,0,0.8,465,4,0,HOLD
2025-08-12 15:02:22 UTC,1h,COW-USDT,BTC-USDT,0.4166,119433.6,3.488130643e-06,,30,0.0311881,0.0158498,0.0158768,6.53405e+06,0,0,0.8,465,4,0,HOLD
2025-08-12 15:02:22 UTC,1h,CRCLX-USDT,BTC-USDT,174.74,119433.6,0.001463072368,,30,0.0729461,0.0805763,0.0233244,6.25928e+06,0,0,0.8,465,4,0,HOLD
2025-08-12 15:02:22 UTC,1h,CROSS-USDT,BTC-USDT,0.31565,119433.6,2.642891113e-06,,30,0.00378427,-0.00598331,0.0154602,6.39035e+06,0,0,0.8,465,4,0,HOLD
2025-08-12 15:02:22 UTC,1h,CRV-USDT,BTC-USDT,0.9552,119433.6,7.997749377e-06,,30,0.0389384,0.0384866,0.0156512,1.47548e+07,0,0,0.8,465,4,0,HOLD
2025-08-12 15:02:22 UTC,1h,CTC-USDT,BTC-USDT,0.73,119433.6,6.112182836e-06,,30,0.0452463,-0.0148448,0.023728,1.57512e+06,0,0,0.8,465,4,0,HOLD
2025-08-12 15:02:22 UTC,1h,CTK-USDT,BTC-USDT,0.3589,119433.6,3.005017014e-06,,30,0.0691093,0.0662507,0.0194443,6.41338e+06,0,0,0.8,465,4,0,HOLD
2025-08-12 15:02:22 UTC,1h,CUDIS-USDT,BTC-USDT,0.07043,119433.6,5.897000509e-07,,30,0.0703647,0.162787,0.0388126,6.63078e+06,0,0,0.8,465,4,0,HOLD
2025-08-12 15:02:22 UTC,1h,CVC-USDT,BTC-USDT,0.09539,119433.6,7.986864668e-07,,30,0.0271347,0.0184711,0.00927021,1.87539e+06,0,0,0.8,465,4,0,HOLD
2025-08-12 15:02:22 UTC,1h,CYBER-USDT,BTC-USDT,2.8936,119433.6,2.422768802e-05,,30,-0.134093,0.523589,0.155819,5.26988e+07,0,0,0.8,465,4,0,HOLD
2025-08-12 15:02:22 UTC,1h,D-USDT,BTC-USDT,0.03597,119433.6,3.011715296e-07,,30,0.0348101,0.025663,0.0140196,6.22643e+06,0,0,0.8,465,4,0,HOLD
2025-08-12 15:02:22 UTC,1h,DBR-USDT,BTC-USDT,0.02468,119433.6,2.06642017e-07,,30,0.011061,0.00203004,0.00986918,420445,0,0,0.8,465,4,0,HOLD
2025-08-12 15:02:22 UTC,1h,DEEP-USDT,BTC-USDT,0.15992,119433.6,1.338986684e-06,,30,0.072353,0.0679132,0.0135246,6.42683e+06,0,0,0.8,465,4,0,HOLD
2025-08-12 15:02:22 UTC,1h,DEGEN-USDT,BTC-USDT,0.003985,119433.6,3.336582e-08,,30,0.0669344,0.0528402,0.0169744,567785,0,0,0.8,465,4,0,HOLD
2025-08-12 15:02:22 UTC,1h,DEGO-USDT,BTC-USDT,1.2324,119433.6,1.031870428e-05,,30,0.0200298,-0.028612,0.0189062,830400,0,0,0.8,465,4,0,HOLD
2025-08-12 15:02:22 UTC,1h,DF-USDT,BTC-USDT,0.0299,119433.6,2.503483107e-07,,30,0.037474,0.0250257,0.0112996,278607,0,0,0.8,465,4,0,HOLD
2025-08-12 15:02:22 UTC,1h,DIA-USDT,BTC-USDT,0.8337,119433.6,6.980447713e-06,,30,0.015098,0.0330855,0.0197485,6.28816e+06,0,0,0.8,465,4,0,HOLD
2025-08-12 15:02:22 UTC,1h,DMC-USDT,BTC-USDT,0.00477,119433.6,3.993850977e-08,,30,0.0203209,0.00803043,0.0137317,6.29502e+06,0,0,0.8,465,4,0,HOLD
2025-08-12 15:02:22 UTC,1h,DOG-USDT,BTC-USDT,0.003434,119433.6,2.875237789e-08,,30,0.0390318,0.0275284,0.0175971,756509,0,0,0.8,465,4,0,HOLD
2025-08-12 15:02:22 UTC,1h,DOGE-USDT,BTC-USDT,0.22708,119433.6,1.901307505e-06,,30,0.0228368,0.0117175,0.0131043,1.30343e+08,0,0,0.8,465,4,0,HOLD
2025-08-12 15:02:22 UTC,1h,DOGS-USDT,BTC-USDT,0.000145,119433.6,1.214063714e-09,,30,0.0416667,0.0334996,0.0169951,795882,0,0,0.8,465,4,0,HOLD
2025-08-12 15:02:22 UTC,1h,DOLO-USDT,BTC-USDT,0.244954,119433.6,2.050963883e-06,,30,-0.0256017,-0.0441789,0.0288827,7.74126e+06,0,0,0.8,465,4,0,HOLD
2025-08-12 15:02:22 UTC,1h,DOOD-USDT,BTC-USDT,0.0037471,119433.6,3.137391823e-08,,30,0.0337968,0.0183167,0.0150993,6.31564e+06,0,0,0.8,465,4,0,HOLD
2025-08-12 15:02:22 UTC,1h,DOT-USDT,BTC-USDT,4.02,119433.6,3.365886987e-05,,30,0.040642,0.0318275,0.01258,1.57103e+07,0,0,0.8,465,4,0,HOLD
2025-08-12 15:02:22 UTC,1h,DRIFT-USDT,BTC-USDT,0.5559,119433.6,4.654469094e-06,,30,0.0328874,0.00870985,0.014057,6.41636e+06,0,0,0.8,465,4,0,HOLD
2025-08-12 15:02:22 UTC,1h,DUSK-USDT,BTC-USDT,0.06698,119433.6,5.608137074e-07,,30,0.0480363,0.0455823,0.0161775,269667,0,0,0.8,465,4,0,HOLD
2025-08-12 15:02:22 UTC,1h,DYDX-USDT,BTC-USDT,0.6558,119433.6,5.490917129e-06,,30,0.0397971,0.0269339,0.0171982,6.42069e+06,0,0,0.8,465,4,0,HOLD
2025-08-12 15:02:22 UTC,1h,DYM-USDT,BTC-USDT,0.2557,119433.6,2.140938563e-06,,30,0.0298027,0.0228,0.0202525,3.40731e+06,0,0,0.8,465,4,0,HOLD
2025-08-12 15:02:22 UTC,1h,EDU-USDT,BTC-USDT,0.1485,119433.6,1.2433687e-06,,30,-0.0895156,0.0792151,0.0511785,5.87286e+06,0,0,0.8,465,4,0,HOLD
2025-08-12 15:02:22 UTC,1h,EGLD-USDT,BTC-USDT,15.563,119433.6,0.0001303067144,,30,0.0378793,0.0284827,0.0123094,3.07694e+06,0,0,0.8,465,4,0,HOLD
2025-08-12 15:02:22 UTC,1h,EIGEN-USDT,BTC-USDT,1.3931,119433.6,1.166422179e-05,,30,0.0315439,0.0353002,0.0218423,6.00473e+06,0,0,0.8,465,4,0,HOLD
2025-08-12 15:02:22 UTC,1h,ELX-USDT,BTC-USDT,0.1693,119433.6,1.417524047e-06,,30,0.0186522,0.00118273,0.0151042,462078,0,0,0.8,465,4,0,HOLD
2025-08-12 15:02:22 UTC,1h,ENA-USDT,BTC-USDT,0.7981,119433.6,6.682374139e-06,,30,0.0375715,-0.0208563,0.0256055,9.90079e+07,0,0,0.8,465,4,0,HOLD
2025-08-12 15:02:22 UTC,1h,ENJ-USDT,BTC-USDT,0.07182,119433.6,6.013383169e-07,,30,0.0383114,0.0252677,0.0138441,2.00774e+06,0,0,0.8,465,4,0,HOLD
2025-08-12 15:02:22 UTC,1h,ENS-USDT,BTC-USDT,28.815,119433.6,0.000241263765,,30,0.0372197,0.0220985,0.0149724,1.2304e+07,0,0,0.8,465,4,0,HOLD
2025-08-12 15:02:22 UTC,1h,EPIC-USDT,BTC-USDT,2.1178,119433.6,1.773202851e-05,,30,0.00886052,-0.0173078,0.0133326,2.0954e+06,0,0,0.8,465,4,0,HOLD
2025-08-12 15:02:22 UTC,1h,EPT-USDT,BTC-USDT,0.00433,119433.6,3.625445436e-08,,30,0.0289924,0.00370885,0.0177334,6.334e+06,0,0,0.8,465,4,0,HOLD
2025-08-12 15:02:22 UTC,1h,ERA-USDT,BTC-USDT,1.0186,119433.6,8.52858827e-06,,30,0.0154521,-0.0318411,0.0165844,8.25314e+06,0,0,0.8,465,4,0,HOLD
2025-08-12 15:02:22 UTC,1h,ES-USDT,BTC-USDT,0.2171,119433.6,1.81774643e-06,,30,0.0462651,0.00742459,0.0204646,6.26789e+06,0,0,0.8,465,4,0,HOLD
2025-08-12 15:02:22 UTC,1h,ESPORTS-USDT,BTC-USDT,0.131,119433.6,1.096843769e-06,,30,0.0323089,-0.0113208,0.0176118,6.61544e+06,0,0,0.8,465,4,0,HOLD
2025-08-12 15:02:22 UTC,1h,ETC-USDT,BTC-USDT,22.909,119433.6,0.000191813694,,30,0.0396642,0.0230429,0.013722,1.1976e+07,0,0,0.8,465,4,0,HOLD
2025-08-12 15:02:22 UTC,1h,ETH-USDT,BTC-USDT,4417.24,119433.6,0.03698490207,,30,0.0304571,0.0310055,0.0105341,2.52864e+09,0,0,0.8,465,4,0,HOLD
2025-08-12 15:02:22 UTC,1h,ETHFI-USDT,BTC-USDT,1.2061,119433.6,1.009849825e-05,,30,0.0309428,0.0131037,0.0238431,1.38259e+07,0,0,0.8,465,4,0,HOLD
2025-08-12 15:02:22 UTC,1h,ETHW-USDT,BTC-USDT,1.6908,119433.6,1.415682019e-05,,30,0.0394049,0.02878,0.0149422,1.96976e+06,0,0,0.8,465,4,0,HOLD
2025-08-12 15:02:22 UTC,1h,F-USDT,BTC-USDT,0.007847,119433.6,6.570177906e-08,,30,0.0113417,-0.00959233,0.0105773,6.24983e+06,0,0,0.8,465,4,0,HOLD
2025-08-12 15:02:22 UTC,1h,FARTCOIN-USDT,BTC-USDT,0.8778,119433.6,7.349690539e-06,,30,0.0416518,0.0021692,0.0225564,6.09377e+07,0,0,0.8,465,4,0,HOLD
2025-08-12 15:02:22 UTC,1h,FET-USDT,BTC-USDT,0.7073,119433.6,5.922119069e-06,,30,0.0310496,0.0213718,0.0144513,5.49852e+06,0,0,0.8,465,4,0,HOLD
2025-08-12 15:02:22 UTC,1h,FHE-USDT,BTC-USDT,0.06337,119433.6,5.305877073e-07,,30,0.0175016,-0.00767303,0.0182488,6.4515e+06,0,0,0.8,465,4,0,HOLD
2025-08-12 15:02:22 UTC,1h,FIDA-USDT,BTC-USDT,0.10142,119433.6,8.491747716e-07,,30,0.0517474,0.0424504,0.0157619,768976,0,0,0.8,465,4,0,HOLD
2025-08-12 15:02:22 UTC,1h,FIL-USDT,BTC-USDT,2.544,119433.6,2.130053854e-05,,30,0.0303767,0.0245671,0.0115959,9.602e+06,0,0,0.8,465,4,0,HOLD
2025-08-12 15:02:22 UTC,1h,FIO-USDT,BTC-USDT,0.02086,119433.6,1.746577178e-07,,30,0.0306324,-0.0123106,0.0231475,6.44334e+06,0,0,0.8,465,4,0,HOLD
2025-08-12 15:02:22 UTC,1h,FIS-USDT,BTC-USDT,0.11979,119433.6,1.002984085e-06,,30,0.0425587,0.0111421,0.014108,6.32563e+06,0,0,0.8,465,4,0,HOLD
2025-08-12 15:02:22 UTC,1h,FLM-USDT,BTC-USDT,0.03001,119433.6,2.512693245e-07,,30,0.042738,0.0434631,0.0139477,646853,0,0,0.8,465,4,0,HOLD
2025-08-12 15:02:22 UTC,1h,FLOCK-USDT,BTC-USDT,0.19487,119433.6,1.631617903e-06,,30,0.0550051,0.135606,0.0271866,6.47604e+06,0,0,0.8,465,4,0,HOLD
2025-08-12 15:02:22 UTC,1h,FLOKI-USDT,BTC-USDT,0.0001111,119433.6,9.302239906e-10,,30,0.0308991,0.0202957,0.0154815,6.55687e+06,0,0,0.8,465,4,0,HOLD
2025-08-12 15:02:22 UTC,1h,FLOW-USDT,BTC-USDT,0.378,119433.6,3.16493851e-06,,30,0.0327869,0.0216216,0.0102041,2.48323e+06,0,0,0.8,465,4,0,HOLD
2025-08-12 15:02:22 UTC,1h,FLUX-USDT,BTC-USDT,0.2256,119433.6,1.888915682e-06,,30,0.0415512,0.0358127,0.0159574,427569,0,0,0.8,465,4,0,HOLD
2025-08-12 15:02:22 UTC,1h,FORM-USDT,BTC-USDT,3.7837,119433.6,3.168036465e-05,,30,-0.0131709,-0.0156356,0.00628448,2.0907e+06,0,0,0.8,465,4,0,HOLD
2025-08-12 15:02:22 UTC,1h,FORTH-USDT,BTC-USDT,2.8292,119433.6,2.368847627e-05,,30,0.019752,-0.0289009,0.0219017,1.97712e+06,0,0,0.8,465,4,0,HOLD
2025-08-12 15:02:22 UTC,1h,FRAG-USDT,BTC-USDT,0.04334,119433.6,3.628794577e-07,,30,0.0348615,-0.00891836,0.0244578,6.26393e+06,0,0,0.8,465,4,0,HOLD
2025-08-12 15:02:22 UTC,1h,FUEL-USDT,BTC-USDT,0.00747,119433.6,6.254521341e-08,,30,-0.0119048,-0.0235294,0.0153949,362426,0,0,0.8,465,4,0,HOLD
2025-08-12 15:02:22 UTC,1h,FUNTOKEN-USDT,BTC-USDT,0.009466,119433.6,7.92574284e-08,,30,0.0357807,0.0346486,0.0364085,1.17113e+07,0,0,0.8,465,4,0,HOLD
2025-08-12 15:02:22 UTC,1h,FXS-USDT,BTC-USDT,3.0992,119433.6,2.594914664e-05,,30,0.0291217,0.0132409,0.0135196,2.11667e+06,0,0,0.8,465,4,0,HOLD
2025-08-12 15:02:22 UTC,1h,G-USDT,BTC-USDT,0.01212,119433.6,1.014789808e-07,,30,0.0245139,0.0167785,0.0126709,6.21766e+06,0,0,0.8,465,4,0,HOLD
2025-08-12 15:02:22 UTC,1h,GALA-USDT,BTC-USDT,0.01738,119433.6,1.455201886e-07,,30,0.0407186,0.0296209,0.0162338,9.74053e+06,0,0,0.8,465,4,0,HOLD
2025-08-12 15:02:22 UTC,1h,GAS-USDT,BTC-USDT,3.293,119433.6,2.757180559e-05,,30,0.0271366,0.0154178,0.0105202,1.91092e+06,0,0,0.8,465,4,0,HOLD
2025-08-12 15:02:22 UTC,1h,GHST-USDT,BTC-USDT,0.5143,119433.6,4.306158401e-06,,30,0.119991,0.0770681,0.026527,7.4485e+06,0,0,0.8,465,4,0,HOLD
2025-08-12 15:02:22 UTC,1h,GLM-USDT,BTC-USDT,0.259,119433.6,2.168568979e-06,,30,0.0212128,0.00633329,0.0106398,503300,0,0,0.8,465,4,0,HOLD
2025-08-12 15:02:22 UTC,1h,GMT-USDT,BTC-USDT,0.04636,119433.6,3.881654744e-07,,30,0.0345905,0.0281659,0.0124337,677195,0,0,0.8,465,4,0,HOLD
2025-08-12 15:02:22 UTC,1h,GMX-USDT,BTC-USDT,16.918,119433.6,0.0001416519304,,30,0.0199554,0.0128113,0.0148785,2.58497e+06,0,0,0.8,465,4,0,HOLD
2025-08-12 15:02:22 UTC,1h,GOAT-USDT,BTC-USDT,0.10245,119433.6,8.577988104e-07,,30,0.0701974,0.0540123,0.0174022,6.63772e+06,0,0,0.8,465,4,0,HOLD
2025-08-12 15:02:22 UTC,1h,GOR-USDT,BTC-USDT,0.0178,119433.6,1.49036787e-07,,30,0.0987654,0.146169,0.0321027,6.40318e+06,0,0,0.8,465,4,0,HOLD
2025-08-12 15:02:22 UTC,1h,GORK-USDT,BTC-USDT,0.00822,119433.6,6.882485331e-08,,30,0.0801577,0.0945406,0.0189433,6.34385e+06,0,0,0.8,465,4,0,HOLD
2025-08-12 15:02:22 UTC,1h,GPS-USDT,BTC-USDT,0.01588,119433.6,1.329609088e-07,,30,0.021879,-0.0340633,0.0232997,6.35344e+06,0,0,0.8,465,4,0,HOLD
2025-08-12 15:02:22 UTC,1h,GRASS-USDT,BTC-USDT,0.7907,119433.6,6.620415026e-06,,30,0.0453464,0.0344061,0.0222588,7.37209e+06,0,0,0.8,465,4,0,HOLD
2025-08-12 15:02:22 UTC,1h,GRIFFAIN-USDT,BTC-USDT,0.04449,119433.6,3.725082389e-07,,30,0.0705005,0.0272454,0.0210962,7.16303e+06,0,0,0.8,465,4,0,HOLD
2025-08-12 15:02:22 UTC,1h,GRT-USDT,BTC-USDT,0.09658,119433.6,8.086501621e-07,,30,0.038718,0.0307364,0.0132754,2.70712e+06,0,0,0.8,465,4,0,HOLD
2025-08-12 15:02:22 UTC,1h,GTC-USDT,BTC-USDT,0.303,119433.6,2.53697452e-06,,30,0.0412371,0.0341297,0.0150872,1.92756e+06,0,0,0.8,465,4,0,HOLD
2025-08-12 15:02:22 UTC,1h,GUN-USDT,BTC-USDT,0.03064,119433.6,2.565442221e-07,,30,0.025092,0.0199734,0.0162719,6.28382e+06,0,0,0.8,465,4,0,HOLD
2025-08-12 15:02:22 UTC,1h,H-USDT,BTC-USDT,0.03742,119433.6,3.133121668e-07,,30,0.0171242,0.00402468,0.012751,6.39072e+06,0,0,0.8,465,4,0,HOLD
2025-08-12 15:02:22 UTC,1h,HAEDAL-USDT,BTC-USDT,0.140875,119433.6,1.179525695e-06,,30,0.0178682,0.0189284,0.0148085,6.24513e+06,0,0,0.8,465,4,0,HOLD
2025-08-12 15:02:22 UTC,1h,HBAR-USDT,BTC-USDT,0.25436,119433.6,2.12971894e-06,,30,0.0338156,0.0238699,0.010452,1.30593e+07,0,0,0.8,465,4,0,HOLD
2025-08-12 15:02:22 UTC,1h,HEI-USDT,BTC-USDT,0.514,119433.6,4.303646545e-06,,30,0.0385937,0.0335813,0.0238883,805668,0,0,0.8,465,4,0,HOLD
2025-08-12 15:02:22 UTC,1h,HFT-USDT,BTC-USDT,0.09746,119433.6,8.160182729e-07,,30,0.0348269,-0.0207977,0.028224,6.44889e+06,0,0,0.8,465,4,0,HOLD
2025-08-12 15:02:22 UTC,1h,HIFI-USDT,BTC-USDT,0.0918,119433.6,7.686279238e-07,,30,0.127072,0.110305,0.0235839,2.43362e+06,0,0,0.8,465,4,0,HOLD
2025-08-12 15:02:22 UTC,1h,HIGH-USDT,BTC-USDT,0.5905,119433.6,4.944169815e-06,,30,0.0396127,0.0287456,0.014201,5.48334e+06,0,0,0.8,465,4,0,HOLD
2025-08-12 15:02:22 UTC,1h,HIPPO-USDT,BTC-USDT,0.002395,119433.6,2.005298342e-08,,30,0.000417711,0.00672551,0.0340591,2.10715e+06,0,0,0.8,465,4,0,HOLD
2025-08-12 15:02:22 UTC,1h,HIVE-USDT,BTC-USDT,0.22215,119433.6,1.860029338e-06,,30,0.0270933,0.0100023,0.00970387,410632,0,0,0.8,465,4,0,HOLD
2025-08-12 15:02:22 UTC,1h,HMSTR-USDT,BTC-USDT,0.0007613,119433.6,6.374253141e-09,,30,0.0342345,0.0235278,0.014965,519403,0,0,0.8,465,4,0,HOLD
2025-08-12 15:02:22 UTC,1h,HOME-USDT,BTC-USDT,0.041277,119433.6,3.456062616e-07,,30,0.0525282,0.0518845,0.0132969,6.33593e+06,0,0,0.8,465,4,0,HOLD
2025-08-12 15:02:22 UTC,1h,HOODX-USDT,BTC-USDT,114.32,119433.6,0.0009571845779,,30,0.00749097,0.0043929,0.00732905,6.22118e+06,0,0,0.8,465,4,0,HOLD
2025-08-12 15:02:22 UTC,1h,HOOK-USDT,BTC-USDT,0.1119,119433.6,9.369222731e-07,,30,0.0457944,0.0801158,0.0235542,5.84479e+06,0,0,0.8,465,4,0,HOLD
2025-08-12 15:02:22 UTC,1h,HOT-USDT,BTC-USDT,0.001013,119433.6,8.481700292e-09,,30,0.0336735,0.0253036,0.0136793,1.88099e+06,0,0,0.8,465,4,0,HOLD
2025-08-12 15:02:22 UTC,1h,HOUSE-USDT,BTC-USDT,0.02201,119433.6,1.842864989e-07,,30,0.112178,0.0689655,0.0425131,6.95519e+06,0,0,0.8,465,4,0,HOLD
2025-08-12 15:02:22 UTC,1h,HUMA-USDT,BTC-USDT,0.036144,119433.6,3.026284061e-07,,30,0.0861882,0.0765473,0.0160252,6.40841e+06,0,0,0.8,465,4,0,HOLD
2025-08-12 15:02:22 UTC,1h,HYPE-USDT,BTC-USDT,43.498,119433.6,0.0003642023685,,30,0.0175209,0.00489766,0.0156887,2.24285e+07,0,0,0.8,465,4,0,HOLD
2025-08-12 15:02:22 UTC,1h,HYPERLANE-USDT,BTC-USDT,0.3811,119433.6,3.190894355e-06,,30,0.0372891,-0.014991,0.0174495,6.88942e+06,0,0,0.8,465,4,0,HOLD
2025-08-12 15:02:22 UTC,1h,ICNT-USDT,BTC-USDT,0.3625,119433.6,3.035159285e-06,,30,-0.128396,0.0577765,0.0715074,1.67164e+07,0,0,0.8,465,4,0,HOLD
2025-08-12 15:02:22 UTC,1h,ICP-USDT,BTC-USDT,5.515,119433.6,4.61762854e-05,,30,0.0291099,0.0237609,0.0130164,5.35347e+06,0,0,0.8,465,4,0,HOLD
2025-08-12 15:02:22 UTC,1h,ICX-USDT,BTC-USDT,0.1334,119433.6,1.116938617e-06,,30,0.0301158,0.0269438,0.0118334,311594,0,0,0.8,465,4,0,HOLD
2025-08-12 15:02:22 UTC,1h,ID-USDT,BTC-USDT,0.17619,119433.6,1.475213005e-06,,30,0.0529493,0.0587705,0.0228568,2.52877e+06,0,0,0.8,465,4,0,HOLD
2025-08-12 15:02:22 UTC,1h,IDOL-USDT,BTC-USDT,0.01686,119433.6,1.41166305e-07,,30,0.0144404,0.0205811,0.0582528,7.25324e+06,0,0,0.8,465,4,0,HOLD
2025-08-12 15:02:22 UTC,1h,ILV-USDT,BTC-USDT,17.621,119433.6,0.0001475380462,,30,0.0379948,0.021448,0.0152416,6.48595e+06,0,0,0.8,465,4,0,HOLD
2025-08-12 15:02:22 UTC,1h,IMX-USDT,BTC-USDT,0.5796,119433.6,4.852905715e-06,,30,0.0471545,0.0309498,0.0188307,5.38427e+06,0,0,0.8,465,4,0,HOLD
2025-08-12 15:02:22 UTC,1h,IN-USDT,BTC-USDT,0.0925,119433.6,7.74488921e-07,,30,0.0792206,0.0451977,0.0394749,7.23916e+06,0,0,0.8,465,4,0,HOLD
2025-08-12 15:02:22 UTC,1h,INIT-USDT,BTC-USDT,0.458,119433.6,3.834766766e-06,,30,0.0812087,0.0824864,0.0184498,6.3904e+06,0,0,0.8,465,4,0,HOLD
2025-08-12 15:02:22 UTC,1h,INJ-USDT,BTC-USDT,14.247,119433.6,0.0001192880395,,30,0.048113,0.0373526,0.015116,2.9944e+07,0,0,0.8,465,4,0,HOLD
2025-08-12 15:02:22 UTC,1h,IO-USDT,BTC-USDT,0.6246,119433.6,5.229684109e-06,,30,0.0472837,0.0401332,0.016948,9.36474e+06,0,0,0.8,465,4,0,HOLD
2025-08-12 15:02:22 UTC,1h,IOST-USDT,BTC-USDT,0.003732,119433.6,3.124748814e-08,,30,0.0326508,0.0163399,0.011388,1.97373e+06,0,0,0.8,465,4,0,HOLD
2025-08-12 15:02:22 UTC,1h,IOTA-USDT,BTC-USDT,0.207,119433.6,1.733180612e-06,,30,0.047041,0.0381143,0.0138026,2.32385e+06,0,0,0.8,465,4,0,HOLD
2025-08-12 15:02:22 UTC,1h,IP-USDT,BTC-USDT,5.75411,119433.6,4.817831833e-05,,30,0.0243259,-0.0541712,0.0214758,1.10488e+07,0,0,0.8,465,4,0,HOLD
2025-08-12 15:02:22 UTC,1h,JASMY-USDT,BTC-USDT,0.017322,119433.6,1.450345631e-07,,30,0.0590609,0.0363147,0.0203581,4.70937e+06,0,0,0.8,465,4,0,HOLD
2025-08-12 15:02:22 UTC,1h,JOE-USDT,BTC-USDT,0.16158,119433.6,1.35288562e-06,,30,0.0308792,0.0267522,0.0141018,1.90834e+06,0,0,0.8,465,4,0,HOLD
2025-08-12 15:02:22 UTC,1h,JST-USDT,BTC-USDT,0.033724,119433.6,2.823661013e-07,,30,0.0109113,0.00109835,0.00606181,1.88351e+06,0,0,0.8,465,4,0,HOLD
2025-08-12 15:02:22 UTC,1h,JTO-USDT,BTC-USDT,1.8219,119433.6,1.525450125e-05,,30,0.0361124,0.0242298,0.0119812,5.04337e+06,0,0,0.8,465,4,0,HOLD
2025-08-12 15:02:22 UTC,1h,JUP-USDT,BTC-USDT,0.511,119433.6,4.278527985e-06,,30,0.0335761,0.0296192,0.0152921,1.34196e+07,0,0,0.8,465,4,0,HOLD
2025-08-12 15:02:22 UTC,1h,KAIA-USDT,BTC-USDT,0.147,119433.6,1.23080942e-06,,30,0.015895,0.00961538,0.0110787,6.44448e+06,0,0,0.8,465,4,0,HOLD
2025-08-12 15:02:22 UTC,1h,KAITO-USDT,BTC-USDT,1.1984,119433.6,1.003402728e-05,,30,0.0753769,0.0500307,0.0146266,6.64389e+06,0,0,0.8,465,4,0,HOLD
2025-08-12 15:02:22 UTC,1h,KAS-USDT,BTC-USDT,0.08997,119433.6,7.533056024e-07,,30,0.0295228,0.00379337,0.0143937,7.75104e+06,0,0,0.8,465,4,0,HOLD
2025-08-12 15:02:22 UTC,1h,KAVA-USDT,BTC-USDT,0.3825,119433.6,3.202616349e-06,,30,0.0178286,0.0156665,0.00612512,2.10124e+06,0,0,0.8,465,4,0,HOLD
2025-08-12 15:02:22 UTC,1h,KDA-USDT,BTC-USDT,0.42,119433.6,3.516598344e-06,,30,0.035503,0.034228,0.0148639,2.03095e+06,0,0,0.8,465,4,0,HOLD
2025-08-12 15:02:22 UTC,1h,KERNEL-USDT,BTC-USDT,0.2006,119433.6,1.679594352e-06,,30,0.0255624,0.0115986,0.0169848,6.51789e+06,0,0,0.8,465,4,0,HOLD
2025-08-12 15:02:22 UTC,1h,KMNO-USDT,BTC-USDT,0.05373,119433.6,4.498734025e-07,,30,0.0477769,0.033468,0.0134535,381211,0,0,0.8,465,4,0,HOLD
2025-08-12 15:02:22 UTC,1h,KNC-USDT,BTC-USDT,0.4238,119433.6,3.548415186e-06,,30,0.0323995,0.0109733,0.011916,2.11965e+06,0,0,0.8,465,4,0,HOLD
2025-08-12 15:02:22 UTC,1h,KOMA-USDT,BTC-USDT,0.02425,119433.6,2.030416901e-07,,30,0.0150691,0.00747819,0.00907216,1.88329e+06,0,0,0.8,465,4,0,HOLD
2025-08-12 15:02:22 UTC,1h,KSM-USDT,BTC-USDT,15.339,119433.6,0.0001284311952,,30,0.0356492,0.0261573,0.0131178,2.94616e+06,0,0,0.8,465,4,0,HOLD
2025-08-12 15:02:22 UTC,1h,LA-USDT,BTC-USDT,0.4011,119433.6,3.358351419e-06,,30,0.105873,0.113548,0.0367561,1.01146e+07,0,0,0.8,465,4,0,HOLD
2025-08-12 15:02:22 UTC,1h,LAUNCHCOIN-USDT,BTC-USDT,0.06978,119433.6,5.842576963e-07,,30,0.0330126,0.0336246,0.0195717,6.45297e+06,0,0,0.8,465,4,0,HOLD
2025-08-12 15:02:22 UTC,1h,LAYER-USDT,BTC-USDT,0.6212,119433.6,5.201216408e-06,,30,0.0257596,0.0113969,0.0104981,6.32521e+06,0,0,0.8,465,4,0,HOLD
2025-08-12 15:02:22 UTC,1h,LDO-USDT,BTC-USDT,1.5576,119433.6,1.304155615e-05,,30,0.050516,0.00574676,0.0304406,3.59026e+07,0,0,0.8,465,4,0,HOLD
2025-08-12 15:02:22 UTC,1h,LINK-USDT,BTC-USDT,23.373,119433.6,0.0001956986979,,30,0.103176,0.0898536,0.0185807,6.69693e+07,0,0,0.8,465,4,0,HOLD
2025-08-12 15:02:22 UTC,1h,LISTA-USDT,BTC-USDT,0.308,119433.6,2.578838786e-06,,30,0.0391363,0.0401891,0.0209879,4.6977e+06,0,0,0.8,465,4,0,HOLD
2025-08-12 15:02:22 UTC,1h,LPT-USDT,BTC-USDT,6.631,119433.6,5.552038957e-05,,30,0.0434304,0.0199969,0.0144344,2.3237e+06,0,0,0.8,465,4,0,HOLD
2025-08-12 15:02:22 UTC,1h,LQTY-USDT,BTC-USDT,1.0302,119433.6,8.625713367e-06,,30,0.0365228,0.00126349,0.0174585,1.12255e+06,0,0,0.8,465,4,0,HOLD
2025-08-12 15:02:22 UTC,1h,LRC-USDT,BTC-USDT,0.08848,119433.6,7.408300512e-07,,30,0.0430272,0.0442582,0.0138934,447304,0,0,0.8,465,4,0,HOLD
2025-08-12 15:02:22 UTC,1h,LTC-USDT,BTC-USDT,122.43,119433.6,0.001025088417,,30,0.0288235,0.0256346,0.010805,4.28344e+07,0,0,0.8,465,4,0,HOLD
2025-08-12 15:02:22 UTC,1h,LUMIA-USDT,BTC-USDT,0.3442,119433.6,2.881936072e-06,,30,0.060382,0.0253202,0.0204615,709011,0,0,0.8,465,4,0,HOLD
2025-08-12 15:02:22 UTC,1h,LUNA-USDT,BTC-USDT,0.1677,119433.6,1.404127482e-06,,30,0.0593809,0.0487805,0.0134168,1.97193e+06,0,0,0.8,465,4,0,HOLD
2025-08-12 15:02:22 UTC,1h,LUNC-USDT,BTC-USDT,6.246e-05,119433.6,5.229684109e-10,,30,0.0363365,0.0241023,0.0110699,1.09581e+06,0,0,0.8,465,4,0,HOLD
2025-08-12 15:02:22 UTC,1h,M-USDT,BTC-USDT,0.4426,119433.6,3.705824827e-06,,30,-0.0162258,-0.0512326,0.022626,7.39851e+06,0,0,0.8,465,4,0,HOLD
2025-08-12 15:02:22 UTC,1h,MAGIC-USDT,BTC-USDT,0.2709,119433.6,2.268205932e-06,,30,0.0119537,0.0253596,0.0316669,1.21109e+07,0,0,0.8,465,4,0,HOLD
2025-08-12 15:02:22 UTC,1h,MANA-USDT,BTC-USDT,0.3004,119433.6,2.515205101e-06,,30,0.0383685,0.0245566,0.0125309,2.3311e+06,0,0,0.8,465,4,0,HOLD
2025-08-12 15:02:22 UTC,1h,MANTA-USDT,BTC-USDT,0.2324,119433.6,1.945851084e-06,,30,0.0501582,0.0530131,0.0192095,1.02538e+06,0,0,0.8,465,4,0,HOLD
2025-08-12 15:02:22 UTC,1h,MASK-USDT,BTC-USDT,1.3182,119433.6,1.103709509e-05,,30,0.0370545,0.0244812,0.0133028,2.20882e+06,0,0,0.8,465,4,0,HOLD
2025-08-12 15:02:22 UTC,1h,MAV-USDT,BTC-USDT,0.06084,119433.6,5.094043887e-07,,30,0.0546022,0.143824,0.0403517,3.95954e+06,0,0,0.8,465,4,0,HOLD
2025-08-12 15:02:22 UTC,1h,MAVIA-USDT,BTC-USDT,0.1925,119433.6,1.611774241e-06,,30,0.0338346,0.0332797,0.0289425,1.087e+07,0,0,0.8,465,4,0,HOLD
2025-08-12 15:02:22 UTC,1h,MBOX-USDT,BTC-USDT,0.06019,119433.6,5.039620341e-07,,30,0.0744377,0.0526408,0.017777,499106,0,0,0.8,465,4,0,HOLD
2025-08-12 15:02:22 UTC,1h,ME-USDT,BTC-USDT,0.7359,119433.6,6.16158267e-06,,30,0.0292308,0.0178423,0.0112593,617060,0,0,0.8,465,4,0,HOLD
2025-08-12 15:02:22 UTC,1h,MELANIA-USDT,BTC-USDT,0.2218,119433.6,1.85709884e-06,,30,0.0427833,0.0292343,0.0143308,728544,0,0,0.8,465,4,0,HOLD
2025-08-12 15:02:22 UTC,1h,MEME-USDT,BTC-USDT,0.001769,119433.6,1.481157731e-08,,30,0.0424278,0.0345029,0.0164742,2.29007e+06,0,0,0.8,465,4,0,HOLD
2025-08-12 15:02:22 UTC,1h,MERL-USDT,BTC-USDT,0.11548,119433.6,9.668970876e-07,,30,0.0406416,0.0307953,0.0129769,6.24039e+06,0,0,0.8,465,4,0,HOLD
2025-08-12 15:02:22 UTC,1h,METAX-USDT,BTC-USDT,786.57,119433.6,0.006585835142,,30,0.0241263,0.0240463,0.00638759,6.23367e+06,0,0,0.8,465,4,0,HOLD
2025-08-12 15:02:22 UTC,1h,METIS-USDT,BTC-USDT,18.34,119433.6,0.0001535581277,,30,0.0570605,0.0438247,0.0200187,2.10816e+06,0,0,0.8,465,4,0,HOLD
2025-08-12 15:02:22 UTC,1h,MEW-USDT,BTC-USDT,0.003184,119433.6,2.665916459e-08,,30,0.0432503,0.0231362,0.0156587,3.48576e+06,0,0,0.8,465,4,0,HOLD
2025-08-12 15:02:22 UTC,1h,MILK-USDT,BTC-USDT,0.05228,119433.6,4.377327653e-07,,30,0.0242947,0.00596498,0.0147011,6.28301e+06,0,0,0.8,465,4,0,HOLD
2025-08-12 15:02:22 UTC,1h,MINA-USDT,BTC-USDT,0.1943,119433.6,1.626845377e-06,,30,0.042382,0.0335106,0.0144475,2.06784e+06,0,0,0.8,465,4,0,HOLD
2025-08-12 15:02:22 UTC,1h,MKR-USDT,BTC-USDT,1995.6,119433.6,0.01670886585,,30,0.00493504,-0.012177,0.0123522,7.2441e+06,0,0,0.8,465,4,0,HOLD
2025-08-12 15:02:22 UTC,1h,MLN-USDT,BTC-USDT,8.494,119433.6,7.111901508e-05,,30,0.0325796,0.0329563,0.0127317,6.34809e+06,0,0,0.8,465,4,0,HOLD
2025-08-12 15:02:22 UTC,1h,MNT-USDT,BTC-USDT,1.02511,119433.6,8.583095544e-06,,30,0.00172963,0.0382543,0.0212528,7.13192e+06,0,0,0.8,465,4,0,HOLD
2025-08-12 15:02:22 UTC,1h,MOODENG-USDT,BTC-USDT,0.17728,119433.6,1.484339415e-06,,30,0.00555871,0.0183824,0.0241466,9.9676e+06,0,0,0.8,465,4,0,HOLD
2025-08-12 15:02:22 UTC,1h,MORPHO-USDT,BTC-USDT,2.1421,119433.6,1.793548884e-05,,30,0.0535609,0.0252716,0.0157222,619560,0,0,0.8,465,4,0,HOLD
2025-08-12 15:02:22 UTC,1h,MOVE-USDT,BTC-USDT,0.1417,119433.6,1.186433299e-06,,30,0.0473023,0.0283019,0.0138623,6.86238e+06,0,0,0.8,465,4,0,HOLD
2025-08-12 15:02:22 UTC,1h,MOVR-USDT,BTC-USDT,6.694,119433.6,5.604787932e-05,,30,0.0204268,0.00965309,0.0139677,1.9502e+06,0,0,0.8,465,4,0,HOLD
2025-08-12 15:02:22 UTC,1h,MTL-USDT,BTC-USDT,0.7545,119433.6,6.31731774e-06,,30,0.0315833,0.0190438,0.0105557,501577,0,0,0.8,465,4,0,HOLD
2025-08-12 15:02:22 UTC,1h,MUBARAK-USDT,BTC-USDT,0.03802,119433.6,3.183358787e-07,,30,0.0819579,0.0709859,0.0176787,2.37549e+06,0,0,0.8,465,4,0,HOLD
2025-08-12 15:02:22 UTC,1h,MYRO-USDT,BTC-USDT,0.02721,119433.6,2.278253356e-07,,30,0.0888355,0.0291225,0.0374862,1.25177e+07,0,0,0.8,465,4,0,HOLD
2025-08-12 15:02:22 UTC,1h,MYX-USDT,BTC-USDT,1.70651,119433.6,1.428835772e-05,,30,0.0214036,0.0618766,0.0244245,1.34506e+07,0,0,0.8,465,4,0,HOLD
2025-08-12 15:02:22 UTC,1h,NAORIS-USDT,BTC-USDT,0.03094,119433.6,2.59056078e-07,,30,0.0275656,0.0114416,0.0256949,6.56663e+06,0,0,0.8,465,4,0,HOLD
2025-08-12 15:02:22 UTC,1h,NEAR-USDT,BTC-USDT,2.6903,119433.6,2.252548697e-05,,30,0.0372841,0.0285201,0.0135885,1.22331e+07,0,0,0.8,465,4,0,HOLD
2025-08-12 15:02:22 UTC,1h,NEIROCTO-USDT,BTC-USDT,0.0004166,119433.6,3.488130643e-09,,30,0.0554852,0.0462079,0.0178829,6.69944e+06,0,0,0.8,465,4,0,HOLD
2025-08-12 15:02:22 UTC,1h,NEIROETH-USDT,BTC-USDT,0.12211,119433.6,1.022409104e-06,,30,-0.0131728,-0.0237448,0.0191864,1.33873e+06,0,0,0.8,465,4,0,HOLD
2025-08-12 15:02:22 UTC,1h,NEO-USDT,BTC-USDT,6.393,119433.6,5.352765051e-05,,30,0.0348009,0.021246,0.0135081,2.87346e+06,0,0,0.8,465,4,0,HOLD
2025-08-12 15:02:22 UTC,1h,NEWT-USDT,BTC-USDT,0.3429,119433.6,2.871051362e-06,,30,0.0291116,-0.0121003,0.0148315,6.49821e+06,0,0,0.8,465,4,0,HOLD
2025-08-12 15:02:22 UTC,1h,NFP-USDT,BTC-USDT,0.07248,119433.6,6.068644e-07,,30,0.0437788,0.0339515,0.0190397,570261,0,0,0.8,465,4,0,HOLD
2025-08-12 15:02:22 UTC,1h,NIL-USDT,BTC-USDT,0.3115,119433.6,2.608143772e-06,,30,0.046004,0.0348837,0.0167393,6.25592e+06,0,0,0.8,465,4,0,HOLD
2025-08-12 15:02:22 UTC,1h,NMR-USDT,BTC-USDT,8.885,119433.6,7.439280069e-05,,30,0.0465253,0.0309817,0.013932,4.15883e+06,0,0,0.8,465,4,0,HOLD
2025-08-12 15:02:22 UTC,1h,NOT-USDT,BTC-USDT,0.002196,119433.6,1.838678563e-08,,30,0.0276088,0.0228225,0.0155152,5.61457e+06,0,0,0.8,465,4,0,HOLD
2025-08-12 15:02:22 UTC,1h,NTRN-USDT,BTC-USDT,0.09178,119433.6,7.684604667e-07,,30,0.0559135,0.0561565,0.0138297,1.90892e+06,0,0,0.8,465,4,0,HOLD
2025-08-12 15:02:22 UTC,1h,NVDAX-USDT,BTC-USDT,181.41,119433.6,0.001518919299,,30,-0.000110235,-0.00269379,0.00530763,6.22922e+06,0,0,0.8,465,4,0,HOLD
2025-08-12 15:02:22 UTC,1h,NXPC-USDT,BTC-USDT,0.91213,119433.6,7.63713059e-06,,30,0.0251762,0.010536,0.00943318,6.42133e+06,0,0,0.8,465,4,0,HOLD
2025-08-12 15:02:22 UTC,1h,OBOL-USDT,BTC-USDT,0.13191,119433.6,1.104463066e-06,,30,0.0489027,-0.0159642,0.0191148,6.34935e+06,0,0,0.8,465,4,0,HOLD
2025-08-12 15:02:22 UTC,1h,OG-USDT,BTC-USDT,13.4242,119433.6,0.0001123988559,,30,0.0273203,0.00741441,0.0246405,7.83197e+06,0,0,0.8,465,4,0,HOLD
2025-08-12 15:02:22 UTC,1h,OL-USDT,BTC-USDT,0.04134,119433.6,3.461337513e-07,,30,0.0597283,-0.0263778,0.0252436,2.05962e+06,0,0,0.8,465,4,0,HOLD
2025-08-12 15:02:22 UTC,1h,OM-USDT,BTC-USDT,0.27228,119433.6,2.279760469e-06,,30,0.0482387,0.0246491,0.0146803,8.77166e+06,0,0,0.8,465,4,0,HOLD
2025-08-12 15:02:22 UTC,1h,OMNINETWORK-USDT,BTC-USDT,4.319,119433.6,3.616235297e-05,,30,0.0193533,-0.00666973,0.0170674,1.40974e+06,0,0,0.8,465,4,0,HOLD
2025-08-12 15:02:22 UTC,1h,ONDO-USDT,BTC-USDT,1.034,119433.6,8.657530209e-06,,30,0.0538117,0.0402414,0.0141337,1.76204e+07,0,0,0.8,465,4,0,HOLD
2025-08-12 15:02:22 UTC,1h,ONE-USDT,BTC-USDT,0.011,119433.6,9.21013852e-08,,30,0.0406812,0.0328638,0.0157143,1.92302e+06,0,0,0.8,465,4,0,HOLD
2025-08-12 15:02:22 UTC,1h,ONG-USDT,BTC-USDT,0.17638,119433.6,1.476803847e-06,,30,0.0317033,0.00886576,0.00980432,257067,0,0,0.8,465,4,0,HOLD
2025-08-12 15:02:22 UTC,1h,ONT-USDT,BTC-USDT,0.1405,119433.6,1.176385875e-06,,30,0.0361357,0.0233066,0.0130147,1.89241e+06,0,0,0.8,465,4,0,HOLD
2025-08-12 15:02:22 UTC,1h,OP-USDT,BTC-USDT,0.7728,119433.6,6.470540953e-06,,30,0.0360638,0.0199287,0.0159531,1.44134e+07,0,0,0.8,465,4,0,HOLD
2025-08-12 15:02:22 UTC,1h,ORCA-USDT,BTC-USDT,2.543,119433.6,2.129216569e-05,,30,0.0216955,-0.0457786,0.0272737,7.19582e+06,0,0,0.8,465,4,0,HOLD
2025-08-12 15:02:22 UTC,1h,ORDER-USDT,BTC-USDT,0.1204,119433.6,1.008091525e-06,,30,0.0229397,0.0229397,0.0152468,446707,0,0,0.8,465,4,0,HOLD
2025-08-12 15:02:22 UTC,1h,ORDI-USDT,BTC-USDT,9.883,119433.6,8.274890818e-05,,30,0.0420709,0.0236147,0.0175771,7.18983e+06,0,0,0.8,465,4,0,HOLD
2025-08-12 15:02:22 UTC,1h,OXT-USDT,BTC-USDT,0.05529,119433.6,4.629350535e-07,,30,0.0176698,0.0131941,0.010839,1.87944e+06,0,0,0.8,465,4,0,HOLD
2025-08-12 15:02:22 UTC,1h,PARTI-USDT,BTC-USDT,0.1937,119433.6,1.621821665e-06,,30,0.059628,0.0550109,0.0177373,6.32389e+06,0,0,0.8,465,4,0,HOLD
2025-08-12 15:02:22 UTC,1h,PAXG-USDT,BTC-USDT,3336.53,119433.6,0.02793627589,,30,-0.00258581,-0.0031788,0.00234504,7.31375e+06,0,0,0.8,465,4,0,HOLD
2025-08-12 15:02:22 UTC,1h,PENDLE-USDT,BTC-USDT,5.5925,119433.6,4.682518152e-05,,30,0.0412206,0.0187445,0.0174366,1.40448e+07,0,0,0.8,465,4,0,HOLD
2025-08-12 15:02:22 UTC,1h,PENGU-USDT,BTC-USDT,0.036291,119433.6,3.038592155e-07,,30,0.0448866,-0.00542629,0.0174561,2.75585e+07,0,0,0.8,465,4,0,HOLD
2025-08-12 15:02:22 UTC,1h,PEOPLE-USDT,BTC-USDT,0.01981,119433.6,1.658662219e-07,,30,0.0492585,0.03826,0.0166583,6.4651e+06,0,0,0.8,465,4,0,HOLD
2025-08-12 15:02:22 UTC,1h,PERP-USDT,BTC-USDT,0.289,119433.6,2.419754575e-06,,30,0.0455861,0.0369573,0.0155215,1.98631e+06,0,0,0.8,465,4,0,HOLD
2025-08-12 15:02:22 UTC,1h,PHA-USDT,BTC-USDT,0.1094,119433.6,9.159901401e-07,,30,0.0421033,0.0344175,0.0141551,415237,0,0,0.8,465,4,0,HOLD
2025-08-12 15:02:22 UTC,1h,PHB-USDT,BTC-USDT,0.5955,119433.6,4.986034081e-06,,30,0.0427246,0.0352921,0.0173324,2.01386e+06,0,0,0.8,465,4,0,HOLD
2025-08-12 15:02:22 UTC,1h,PI-USDT,BTC-USDT,0.3845,119433.6,3.219362056e-06,,30,0.0177343,-0.0118222,0.0154561,9.05889e+06,0,0,0.8,465,4,0,HOLD
2025-08-12 15:02:22 UTC,1h,PIXEL-USDT,BTC-USDT,0.03566,119433.6,2.985759451e-07,,30,0.0460546,0.0454412,0.017747,424984,0,0,0.8,465,4,0,HOLD
2025-08-12 15:02:22 UTC,1h,PLAYSOUT-USDT,BTC-USDT,0.04972,119433.6,4.162982611e-07,,30,0.0574224,0.0469573,0.0289909,6.65271e+06,0,0,0.8,465,4,0,HOLD
2025-08-12 15:02:22 UTC,1h,PLUME-USDT,BTC-USDT,0.09522,119433.6,7.972630817e-07,,30,0.0543683,0.0270737,0.0168482,6.44262e+06,0,0,0.8,465,4,0,HOLD
2025-08-12 15:02:22 UTC,1h,PNUT-USDT,BTC-USDT,0.24899,119433.6,2.084756718e-06,,30,0.0546402,0.0423225,0.0157436,8.62295e+06,0,0,0.8,465,4,0,HOLD
2025-08-12 15:02:22 UTC,1h,POL-USDT,BTC-USDT,0.24199,119433.6,2.026146746e-06,,30,0.0360492,0.0220035,0.0129197,7.5829e+06,0,0,0.8,465,4,0,HOLD
2025-08-12 15:02:22 UTC,1h,POLYX-USDT,BTC-USDT,0.14327,119433.6,1.199578678e-06,,30,0.0313872,0.0179764,0.0101856,1.89249e+06,0,0,0.8,465,4,0,HOLD
2025-08-12 15:02:22 UTC,1h,PONKE-USDT,BTC-USDT,0.11706,119433.6,9.801261956e-07,,30,0.0549748,0.0325483,0.0177504,6.29542e+06,0,0,0.8,465,4,0,HOLD
2025-08-12 15:02:22 UTC,1h,POPCAT-USDT,BTC-USDT,0.3179,119433.6,2.661730032e-06,,30,0.0516044,0.0318079,0.0178628,9.59982e+06,0,0,0.8,465,4,0,HOLD
2025-08-12 15:02:22 UTC,1h,PORT3-USDT,BTC-USDT,0.04543,119433.6,3.803787209e-07,,30,0.00933126,-0.0906725,0.0676237,1.02292e+07,0,0,0.8,465,4,0,HOLD
2025-08-12 15:02:22 UTC,1h,PORTAL-USDT,BTC-USDT,0.05035,119433.6,4.215731586e-07,,30,0.0345182,0.0250407,0.0211236,811511,0,0,0.8,465,4,0,HOLD
2025-08-12 15:02:22 UTC,1h,POWR-USDT,BTC-USDT,0.1749,119433.6,1.464412025e-06,,30,0.0361374,0.0270112,0.0114351,1.88654e+06,0,0,0.8,465,4,0,HOLD
2025-08-12 15:02:22 UTC,1h,PRCL-USDT,BTC-USDT,0.0908,119433.6,7.602550706e-07,,30,0.0570431,0.0436782,0.0182505,6.25666e+06,0,0,0.8,465,4,0,HOLD
2025-08-12 15:02:22 UTC,1h,PROM-USDT,BTC-USDT,10.181,119433.6,8.524401843e-05,,30,0.00782023,0.049155,0.0267375,5.0422e+06,0,0,0.8,465,4,0,HOLD
2025-08-12 15:02:22 UTC,1h,PROMPT-USDT,BTC-USDT,0.12515,119433.6,1.047862578e-06,,30,0.0367824,0.0222168,0.0166315,6.3192e+06,0,0,0.8,465,4,0,HOLD
2025-08-12 15:02:22 UTC,1h,PROVE-USDT,BTC-USDT,1.4736,119433.6,1.233823648e-05,,30,-0.0311637,-0.111486,0.0430336,5.38058e+07,0,0,0.8,465,4,0,HOLD
2025-08-12 15:02:22 UTC,1h,PUFFER-USDT,BTC-USDT,0.2355,119433.6,1.971806929e-06,,30,0.0627256,0.0928074,0.0208675,503697,0,0,0.8,465,4,0,HOLD
2025-08-12 15:02:22 UTC,1h,PUMP-USDT,BTC-USDT,0.003678,119433.6,3.079535407e-08,,30,0.065778,0.0216667,0.0233434,4.03319e+07,0,0,0.8,465,4,0,HOLD
2025-08-12 15:02:22 UTC,1h,PUMPBTC-USDT,BTC-USDT,0.04185,119433.6,3.504039064e-07,,30,0.0264901,0.0147915,0.0180918,3.16916e+06,0,0,0.8,465,4,0,HOLD
2025-08-12 15:02:22 UTC,1h,PUNDIX-USDT,BTC-USDT,0.3136,119433.6,2.625726764e-06,,30,0.0271864,0.0060956,0.012049,6.22093e+06,0,0,0.8,465,4,0,HOLD
2025-08-12 15:02:22 UTC,1h,PYTH-USDT,BTC-USDT,0.1252,119433.6,1.048281221e-06,,30,0.0495431,0.0350529,0.0159744,2.32972e+06,0,0,0.8,465,4,0,HOLD
2025-08-12 15:02:22 UTC,1h,QNT-USDT,BTC-USDT,112.48,119433.6,0.000941778528,,30,0.0256223,0.0216167,0.00875711,2.40452e+06,0,0,0.8,465,4,0,HOLD
2025-08-12 15:02:22 UTC,1h,QUICK-USDT,BTC-USDT,0.0241,119433.6,2.017857621e-07,,30,0.0419369,0.0250957,0.0131891,1.87926e+06,0,0,0.8,465,4,0,HOLD
2025-08-12 15:02:22 UTC,1h,RARE-USDT,BTC-USDT,0.06017,119433.6,5.037945771e-07,,30,0.0388467,0.0318985,0.0131651,9.34827e+06,0,0,0.8,465,4,0,HOLD
2025-08-12 15:02:22 UTC,1h,RATS-USDT,BTC-USDT,1.701e-05,119433.6,1.424222329e-10,,30,0.0545567,0.0410037,0.0163769,3.05601e+06,0,0,0.8,465,4,0,HOLD
2025-08-12 15:02:22 UTC,1h,RAY-USDT,BTC-USDT,3.201,119433.6,2.680150309e-05,,30,0.0539313,0.0208247,0.0156179,2.02309e+06,0,0,0.8,465,4,0,HOLD
2025-08-12 15:02:22 UTC,1h,RDO-USDT,BTC-USDT,0.000792,119433.6,6.631299735e-09,,30,0.0588235,0.0804911,0.0337302,1.32845e+06,0,0,0.8,465,4,0,HOLD
2025-08-12 15:02:22 UTC,1h,REDSTONE-USDT,BTC-USDT,0.425,119433.6,3.55846261e-06,,30,0.0447394,0.00854295,0.018084,6.28012e+06,0,0,0.8,465,4,0,HOLD
2025-08-12 15:02:22 UTC,1h,RENDER-USDT,BTC-USDT,3.886,119433.6,3.253690754e-05,,30,0.042382,0.0335106,0.0143004,5.41493e+06,0,0,0.8,465,4,0,HOLD
2025-08-12 15:02:22 UTC,1h,RESOLV-USDT,BTC-USDT,0.18666,119433.6,1.562876778e-06,,30,0.0441933,0.00166354,0.0229983,7.51985e+06,0,0,0.8,465,4,0,HOLD
2025-08-12 15:02:22 UTC,1h,REX-USDT,BTC-USDT,0.02,119433.6,1.67457064e-07,,30,0.00351229,-0.0258159,0.0315714,6.68804e+06,0,0,0.8,465,4,0,HOLD
2025-08-12 15:02:22 UTC,1h,REZ-USDT,BTC-USDT,0.01488,119433.6,1.245880556e-07,,30,0.0412876,0.0643777,0.0250096,6.563e+06,0,0,0.8,465,4,0,HOLD
2025-08-12 15:02:22 UTC,1h,RFC-USDT,BTC-USDT,0.00802,119433.6,6.715028267e-08,,30,0.00753769,0.00375469,0.0136266,284384,0,0,0.8,465,4,0,HOLD
2025-08-12 15:02:22 UTC,1h,RHEA-USDT,BTC-USDT,0.06775,119433.6,5.672608043e-07,,30,0.0592558,-0.115882,0.0373537,6.36394e+06,0,0,0.8,465,4,0,HOLD
2025-08-12 15:02:22 UTC,1h,RLC-USDT,BTC-USDT,0.9898,119433.6,8.287450098e-06,,30,0.0341657,0.033302,0.0126938,317084,0,0,0.8,465,4,0,HOLD
2025-08-12 15:02:22 UTC,1h,ROAM-USDT,BTC-USDT,0.0813,119433.6,6.807129652e-07,,30,0.0175219,-0.00489596,0.00957652,401979,0,0,0.8,465,4,0,HOLD
2025-08-12 15:02:22 UTC,1h,ROSE-USDT,BTC-USDT,0.02839,119433.6,2.377053024e-07,,30,0.0487625,0.0372671,0.0164545,2.29655e+06,0,0,0.8,465,4,0,HOLD
2025-08-12 15:02:22 UTC,1h,RPL-USDT,BTC-USDT,8.598,119433.6,7.198979182e-05,,30,0.052258,0.0503298,0.0231117,6.48622e+06,0,0,0.8,465,4,0,HOLD
2025-08-12 15:02:22 UTC,1h,RSR-USDT,BTC-USDT,0.009439,119433.6,7.903136136e-08,,30,0.0484283,0.0315847,0.0205833,2.46401e+06,0,0,0.8,465,4,0,HOLD
2025-08-12 15:02:22 UTC,1h,RUNE-USDT,BTC-USDT,1.414,119433.6,1.183921443e-05,,30,0.0420044,0.0253807,0.0138917,5.92849e+06,0,0,0.8,465,4,0,HOLD
2025-08-12 15:02:22 UTC,1h,RVN-USDT,BTC-USDT,0.01429,119433.6,1.196480722e-07,,30,0.0392727,0.0229062,0.0141458,735213,0,0,0.8,465,4,0,HOLD
2025-08-12 15:02:22 UTC,1h,S-USDT,BTC-USDT,0.3084,119433.6,2.582187927e-06,,30,0.0355944,0.0211921,0.0152168,6.88609e+06,0,0,0.8,465,4,0,HOLD
2025-08-12 15:02:22 UTC,1h,SAFE-USDT,BTC-USDT,0.4421,119433.6,3.7016384e-06,,30,0.0217241,0.0121337,0.0132,6.25275e+06,0,0,0.8,465,4,0,HOLD
2025-08-12 15:02:22 UTC,1h,SAGA-USDT,BTC-USDT,0.2736,119433.6,2.290812636e-06,,30,0.0567787,0.0498849,0.0198935,3.4801e+06,0,0,0.8,465,4,0,HOLD
2025-08-12 15:02:22 UTC,1h,SAHARA-USDT,BTC-USDT,0.09453,119433.6,7.91485813e-07,,30,0.0249377,-0.00337375,0.0169107,8.6445e+06,0,0,0.8,465,4,0,HOLD
2025-08-12 15:02:22 UTC,1h,SAND-USDT,BTC-USDT,0.29054,119433.6,2.432648769e-06,,30,0.0339134,0.0259905,0.0124153,2.91049e+06,0,0,0.8,465,4,0,HOLD
2025-08-12 15:02:22 UTC,1h,SANTOS-USDT,BTC-USDT,2.799,119433.6,2.343561611e-05,,30,0,-0.0247387,0.0248303,6.49624e+06,0,0,0.8,465,4,0,HOLD
2025-08-12 15:02:22 UTC,1h,SCR-USDT,BTC-USDT,0.3646,119433.6,3.052742277e-06,,30,0.0880334,0.134765,0.0273294,1.73891e+06,0,0,0.8,465,4,0,HOLD
2025-08-12 15:02:22 UTC,1h,SEI-USDT,BTC-USDT,0.3133,119433.6,2.623214908e-06,,30,0.036045,0.02755,0.0154576,1.44058e+07,0,0,0.8,465,4,0,HOLD
2025-08-12 15:02:22 UTC,1h,SERAPH-USDT,BTC-USDT,0.14969,119433.6,1.253332396e-06,,30,-0.0100522,-0.0109026,0.00874188,392031,0,0,0.8,465,4,0,HOLD
2025-08-12 15:02:22 UTC,1h,SFP-USDT,BTC-USDT,0.5065,119433.6,4.240850146e-06,,30,0.0253036,0.00976874,0.00960372,513612,0,0,0.8,465,4,0,HOLD
2025-08-12 15:02:22 UTC,1h,SHELL-USDT,BTC-USDT,0.171,119433.6,1.431757897e-06,,30,0.0184634,0.0178571,0.0261905,6.32406e+06,0,0,0.8,465,4,0,HOLD
2025-08-12 15:02:22 UTC,1h,SHIB-USDT,BTC-USDT,1.3248e-05,119433.6,1.109235592e-10,,30,0.0293706,0.0179024,0.0121636,8.84123e+06,0,0,0.8,465,4,0,HOLD
2025-08-12 15:02:22 UTC,1h,SIDEKICK-USDT,BTC-USDT,0.2201,119433.6,1.842864989e-06,,30,0.020872,-0.0467735,0.0428701,6.62764e+06,0,0,0.8,465,4,0,HOLD
2025-08-12 15:02:22 UTC,1h,SIGN-USDT,BTC-USDT,0.06919,119433.6,5.793177129e-07,,30,0.0155585,0.000578453,0.00935313,6.25625e+06,0,0,0.8,465,4,0,HOLD
2025-08-12 15:02:22 UTC,1h,SIREN-USDT,BTC-USDT,0.09448,119433.6,7.910671704e-07,,30,-0.00494997,-0.0453673,0.0223857,2.24368e+06,0,0,0.8,465,4,0,HOLD
2025-08-12 15:02:22 UTC,1h,SKATE-USDT,BTC-USDT,0.04668,119433.6,3.908447874e-07,,30,0.0141212,-0.0128991,0.0170768,6.36787e+06,0,0,0.8,465,4,0,HOLD
2025-08-12 15:02:22 UTC,1h,SKL-USDT,BTC-USDT,0.02104,119433.6,1.761648313e-07,,30,0.0405539,0.0243427,0.0153789,1.90263e+06,0,0,0.8,465,4,0,HOLD
2025-08-12 15:02:22 UTC,1h,SKYAI-USDT,BTC-USDT,0.06875,119433.6,5.756336575e-07,,30,0.0125184,0.0262726,0.0109714,6.27152e+06,0,0,0.8,465,4,0,HOLD
2025-08-12 15:02:22 UTC,1h,SLERF-USDT,BTC-USDT,0.07642,119433.6,6.398534416e-07,,30,0.0297804,0.0170349,0.0136464,1.972e+06,0,0,0.8,465,4,0,HOLD
2025-08-12 15:02:22 UTC,1h,SLP-USDT,BTC-USDT,0.001957,119433.6,1.638567371e-08,,30,0.0354497,0.0219321,0.0151106,1.90105e+06,0,0,0.8,465,4,0,HOLD
2025-08-12 15:02:22 UTC,1h,SNT-USDT,BTC-USDT,0.02803,119433.6,2.346910752e-07,,30,0.0163162,0.00142908,0.00820549,1.87764e+06,0,0,0.8,465,4,0,HOLD
2025-08-12 15:02:22 UTC,1h,SNX-USDT,BTC-USDT,0.669,119433.6,5.601438791e-06,,30,0.0388199,0.0372093,0.0139868,2.02734e+06,0,0,0.8,465,4,0,HOLD
2025-08-12 15:02:22 UTC,1h,SOL-USDT,BTC-USDT,179.746,119433.6,0.001504986871,,30,0.0304173,0.0244389,0.00987902,5.15731e+08,0,0,0.8,465,4,0,HOLD
2025-08-12 15:02:22 UTC,1h,SOLV-USDT,BTC-USDT,0.04255,119433.6,3.562649037e-07,,30,-0.0186808,-0.0195853,0.0155783,6.29029e+06,0,0,0.8,465,4,0,HOLD
2025-08-12 15:02:22 UTC,1h,SONIC-USDT,BTC-USDT,0.2114,119433.6,1.770021167e-06,,30,0.0242248,-0.00704556,0.0124341,587686,0,0,0.8,465,4,0,HOLD
2025-08-12 15:02:22 UTC,1h,SOON-USDT,BTC-USDT,0.45289,119433.6,3.791981486e-06,,30,0.0812701,-0.119268,0.0689619,7.19177e+07,0,0,0.8,465,4,0,HOLD
2025-08-12 15:02:22 UTC,1h,SOPH-USDT,BTC-USDT,0.038169,119433.6,3.195834338e-07,,30,0.0190629,0.00510862,0.014157,6.83165e+06,0,0,0.8,465,4,0,HOLD
2025-08-12 15:02:22 UTC,1h,SPK-USDT,BTC-USDT,0.10467,119433.6,8.763865445e-07,,30,0.0687155,0.00268225,0.0220352,1.11074e+07,0,0,0.8,465,4,0,HOLD
2025-08-12 15:02:22 UTC,1h,SPX-USDT,BTC-USDT,1.7827,119433.6,1.49262854e-05,,30,0.0460013,-0.00402257,0.0183951,9.18154e+06,0,0,0.8,465,4,0,HOLD
2025-08-12 15:02:22 UTC,1h,SQD-USDT,BTC-USDT,0.14669,119433.6,1.228213836e-06,,30,-0.0138487,-0.0230436,0.0187373,6.28061e+06,0,0,0.8,465,4,0,HOLD
2025-08-12 15:02:22 UTC,1h,SSV-USDT,BTC-USDT,10.445,119433.6,8.745445168e-05,,30,0.0392001,0.0269393,0.0220064,2.50071e+06,0,0,0.8,465,4,0,HOLD
2025-08-12 15:02:22 UTC,1h,STG-USDT,BTC-USDT,0.1873,119433.6,1.568235404e-06,,30,0.0452009,0.0201525,0.0127374,1.40653e+06,0,0,0.8,465,4,0,HOLD
2025-08-12 15:02:22 UTC,1h,STO-USDT,BTC-USDT,0.09742,119433.6,8.156833588e-07,,30,0.0806434,0.0884916,0.0219521,6.26453e+06,0,0,0.8,465,4,0,HOLD
2025-08-12 15:02:22 UTC,1h,STORJ-USDT,BTC-USDT,0.2736,119433.6,2.290812636e-06,,30,0.0281849,0.018236,0.0124008,4.79248e+06,0,0,0.8,465,4,0,HOLD
2025-08-12 15:02:22 UTC,1h,STRK-USDT,BTC-USDT,0.1339,119433.6,1.121125044e-06,,30,0.0568272,0.0363777,0.0178705,7.40694e+06,0,0,0.8,465,4,0,HOLD
2025-08-12 15:02:22 UTC,1h,STX-USDT,BTC-USDT,0.7316,119433.6,6.125579401e-06,,30,0.0327499,0.0138581,0.0134344,1.02098e+07,0,0,0.8,465,4,0,HOLD
2025-08-12 15:02:22 UTC,1h,SUI-USDT,BTC-USDT,3.7893,119433.6,3.172725263e-05,,30,0.0414457,0.0309618,0.0115984,6.64e+07,0,0,0.8,465,4,0,HOLD
2025-08-12 15:02:22 UTC,1h,SUN-USDT,BTC-USDT,0.022854,119433.6,1.91353187e-07,,30,0.0186308,0.0179502,0.0074604,2.21556e+06,0,0,0.8,465,4,0,HOLD
2025-08-12 15:02:22 UTC,1h,SUPER-USDT,BTC-USDT,0.7747,119433.6,6.486449374e-06,,30,0.0491603,0.0361107,0.015075,2.10359e+06,0,0,0.8,465,4,0,HOLD
2025-08-12 15:02:22 UTC,1h,SUSHI-USDT,BTC-USDT,0.8452,119433.6,7.076735525e-06,,30,0.0457807,0.0268497,0.0166824,4.34682e+06,0,0,0.8,465,4,0,HOLD
2025-08-12 15:02:22 UTC,1h,SWARMS-USDT,BTC-USDT,0.02552,119433.6,2.136752137e-07,,30,0.0429097,-0.0355253,0.0352105,9.76296e+06,0,0,0.8,465,4,0,HOLD
2025-08-12 15:02:22 UTC,1h,SWELL-USDT,BTC-USDT,0.01079,119433.6,9.034308603e-08,,30,0.0641026,0.055773,0.0218456,548982,0,0,0.8,465,4,0,HOLD
2025-08-12 15:02:22 UTC,1h,SXP-USDT,BTC-USDT,0.1862,119433.6,1.559025266e-06,,30,0.0287293,0.0208333,0.0111248,1.95171e+06,0,0,0.8,465,4,0,HOLD
2025-08-12 15:02:22 UTC,1h,SXT-USDT,BTC-USDT,0.08683,119433.6,7.270148434e-07,,30,0.0306231,0.0264807,0.0161975,6.23728e+06,0,0,0.8,465,4,0,HOLD
2025-08-12 15:02:22 UTC,1h,SYN-USDT,BTC-USDT,0.1431,119433.6,1.198155293e-06,,30,0.0475842,0.0324675,0.0194669,4.49284e+06,0,0,0.8,465,4,0,HOLD
2025-08-12 15:02:22 UTC,1h,SYRUP-USDT,BTC-USDT,0.48034,119433.6,4.021816306e-06,,30,0.0255567,-0.000811266,0.0160749,6.6313e+06,0,0,0.8,465,4,0,HOLD
2025-08-12 15:02:22 UTC,1h,TA-USDT,BTC-USDT,0.06328,119433.6,5.298341505e-07,,30,0.0336491,-0.0556633,0.0214918,6.3758e+06,0,0,0.8,465,4,0,HOLD
2025-08-12 15:02:22 UTC,1h,TAC-USDT,BTC-USDT,0.01433,119433.6,1.199829864e-07,,30,-0.0083045,-0.0211749,0.0437145,7.63013e+06,0,0,0.8,465,4,0,HOLD
2025-08-12 15:02:22 UTC,1h,TAG-USDT,BTC-USDT,0.0012214,119433.6,1.02266029e-08,,30,0.0257832,0.0414393,0.0285445,7.6983e+06,0,0,0.8,465,4,0,HOLD
2025-08-12 15:02:22 UTC,1h,TAI-USDT,BTC-USDT,0.07304,119433.6,6.115531978e-07,,30,0.063328,0.00564505,0.0221894,6.28078e+06,0,0,0.8,465,4,0,HOLD
2025-08-12 15:02:22 UTC,1h,TAIKO-USDT,BTC-USDT,0.4745,119433.6,3.972918844e-06,,30,0.0376121,0.0275011,0.0134427,6.25656e+06,0,0,0.8,465,4,0,HOLD
2025-08-12 15:02:22 UTC,1h,TANSSI-USDT,BTC-USDT,0.05685,119433.6,4.759967044e-07,,30,0.0131884,-0.0220196,0.024287,6.39711e+06,0,0,0.8,465,4,0,HOLD
2025-08-12 15:02:22 UTC,1h,TAO-USDT,BTC-USDT,376.22,119433.6,0.003150034831,,30,0.0392818,0.0370472,0.0121244,1.44305e+07,0,0,0.8,465,4,0,HOLD
2025-08-12 15:02:22 UTC,1h,THE-USDT,BTC-USDT,0.3784,119433.6,3.168287651e-06,,30,0.0455927,0.00611539,0.0169699,6.3604e+06,0,0,0.8,465,4,0,HOLD
2025-08-12 15:02:22 UTC,1h,THETA-USDT,BTC-USDT,0.8573,119433.6,7.178047049e-06,,30,0.0373911,0.0173253,0.0151972,2.78121e+06,0,0,0.8,465,4,0,HOLD
2025-08-12 15:02:22 UTC,1h,TIA-USDT,BTC-USDT,1.7955,119433.6,1.503345792e-05,,30,0.0490185,0.0469388,0.0156025,1.06934e+07,0,0,0.8,465,4,0,HOLD
2025-08-12 15:02:22 UTC,1h,TLM-USDT,BTC-USDT,0.005042,119433.6,4.221592584e-08,,30,0.0436763,0.030873,0.0151726,3.67243e+06,0,0,0.8,465,4,0,HOLD
2025-08-12 15:02:22 UTC,1h,TNSR-USDT,BTC-USDT,0.138,119433.6,1.155453742e-06,,30,0.047041,0.0391566,0.0169772,6.33796e+06,0,0,0.8,465,4,0,HOLD
2025-08-12 15:02:22 UTC,1h,TOKEN-USDT,BTC-USDT,0.01608,119433.6,1.346354795e-07,,30,0.0170778,0.0170778,0.0164357,5.93333e+06,0,0,0.8,465,4,0,HOLD
2025-08-12 15:02:22 UTC,1h,TONCOIN-USDT,BTC-USDT,3.414,119433.6,2.858492083e-05,,30,0.0112559,0.00707965,0.00972885,9.40063e+06,0,0,0.8,465,4,0,HOLD
2025-08-12 15:02:22 UTC,1h,TOSHI-USDT,BTC-USDT,0.000821,119433.6,6.874112478e-09,,30,0.0874172,0.0405577,0.0273186,6.70643e+06,0,0,0.8,465,4,0,HOLD
2025-08-12 15:02:22 UTC,1h,TOWNS-USDT,BTC-USDT,0.03217,119433.6,2.693546875e-07,,30,0.0465192,0.0148265,0.0236911,8.0624e+06,0,0,0.8,465,4,0,HOLD
2025-08-12 15:02:22 UTC,1h,TRB-USDT,BTC-USDT,38.155,119433.6,0.0003194662139,,30,0.0399858,0.0284089,0.012803,5.55747e+06,0,0,0.8,465,4,0,HOLD
2025-08-12 15:02:22 UTC,1h,TREE-USDT,BTC-USDT,0.4203,119433.6,3.5191102e-06,,30,0.0637813,0.0499625,0.0188811,7.76179e+06,0,0,0.8,465,4,0,HOLD
2025-08-12 15:02:22 UTC,1h,TRU-USDT,BTC-USDT,0.03281,119433.6,2.747133135e-07,,30,0.0389487,0.0288492,0.0189402,1.94762e+06,0,0,0.8,465,4,0,HOLD
2025-08-12 15:02:22 UTC,1h,TRUMP-USDT,BTC-USDT,8.937,119433.6,7.482818905e-05,,30,0.0193909,0.00778078,0.00943909,7.66193e+06,0,0,0.8,465,4,0,HOLD
2025-08-12 15:02:22 UTC,1h,TRX-USDT,BTC-USDT,0.34861,119433.6,2.918860354e-06,,30,0.00516118,0.00403214,0.00447287,1.28985e+07,0,0,0.8,465,4,0,HOLD
2025-08-12 15:02:22 UTC,1h,TST-USDT,BTC-USDT,0.02627,119433.6,2.199548536e-07,,30,0.00805833,-0.0352552,0.0358366,9.14703e+06,0,0,0.8,465,4,0,HOLD
2025-08-12 15:02:22 UTC,1h,TURBO-USDT,BTC-USDT,0.0048067,119433.6,4.024579348e-08,,30,0.053154,0.0286552,0.0163225,6.52055e+06,0,0,0.8,465,4,0,HOLD
2025-08-12 15:02:22 UTC,1h,TUT-USDT,BTC-USDT,0.06078,119433.6,5.089020175e-07,,30,0.0177495,0.0143525,0.00447751,1.89138e+06,0,0,0.8,465,4,0,HOLD
2025-08-12 15:02:22 UTC,1h,TWT-USDT,BTC-USDT,0.7751,119433.6,6.489798516e-06,,30,0.02202,0.00832574,0.00802661,2.01577e+06,0,0,0.8,465,4,0,HOLD
2025-08-12 15:02:22 UTC,1h,UMA-USDT,BTC-USDT,1.449,119433.6,1.213226429e-05,,30,0.134691,0.137363,0.0234152,3.34237e+06,0,0,0.8,465,4,0,HOLD
2025-08-12 15:02:22 UTC,1h,UNI-USDT,BTC-USDT,11.206,119433.6,9.382619296e-05,,30,0.022352,-0.00998321,0.0185232,5.92546e+07,0,0,0.8,465,4,0,HOLD
2025-08-12 15:02:22 UTC,1h,USELESS-USDT,BTC-USDT,0.2212,119433.6,1.852075128e-06,,30,0.0758755,0.0988574,0.0330987,7.09375e+06,0,0,0.8,465,4,0,HOLD
2025-08-12 15:02:22 UTC,1h,USTC-USDT,BTC-USDT,0.014844,119433.6,1.242866329e-07,,30,0.0303325,0.0126202,0.0238576,2.423e+06,0,0,0.8,465,4,0,HOLD
2025-08-12 15:02:22 UTC,1h,USUAL-USDT,BTC-USDT,0.07723,119433.6,6.466354527e-07,,30,0.0470445,0.0238632,0.0202179,2.1425e+06,0,0,0.8,465,4,0,HOLD
2025-08-12 15:02:22 UTC,1h,UXLINK-USDT,BTC-USDT,0.3492,119433.6,2.923800338e-06,,30,0.0310009,0.0216501,0.0144412,6.52078e+06,0,0,0.8,465,4,0,HOLD
2025-08-12 15:02:22 UTC,1h,VANA-USDT,BTC-USDT,4.422,119433.6,3.702475685e-05,,30,0.0314906,0.0226642,0.0122117,6.27901e+06,0,0,0.8,465,4,0,HOLD
2025-08-12 15:02:22 UTC,1h,VANRY-USDT,BTC-USDT,0.03244,119433.6,2.716153578e-07,,30,0.065353,0.0377479,0.0186278,458874,0,0,0.8,465,4,0,HOLD
2025-08-12 15:02:22 UTC,1h,VELODROME-USDT,BTC-USDT,0.06008,119433.6,5.030410203e-07,,30,0.038548,0.0238582,0.015515,565374,0,0,0.8,465,4,0,HOLD
2025-08-12 15:02:22 UTC,1h,VELVET-USDT,BTC-USDT,0.06741,119433.6,5.644140342e-07,,30,0.0107962,-0.00838482,0.0216797,6.32111e+06,0,0,0.8,465,4,0,HOLD
2025-08-12 15:02:22 UTC,1h,VET-USDT,BTC-USDT,0.024963,119433.6,2.090115344e-07,,30,0.0348215,0.0181915,0.0125214,3.73749e+06,0,0,0.8,465,4,0,HOLD
2025-08-12 15:02:22 UTC,1h,VIC-USDT,BTC-USDT,0.2595,119433.6,2.172755406e-06,,30,0.0212515,0.00972763,0.0129645,6.40477e+06,0,0,0.8,465,4,0,HOLD
2025-08-12 15:02:22 UTC,1h,VINE-USDT,BTC-USDT,0.06889,119433.6,5.76805857e-07,,30,0.0580556,-0.0020281,0.0305145,1.84255e+07,0,0,0.8,465,4,0,HOLD
2025-08-12 15:02:22 UTC,1h,VIRTUAL-USDT,BTC-USDT,1.3459,119433.6,1.126902312e-05,,30,0.036344,0.020549,0.0162557,8.9153e+06,0,0,0.8,465,4,0,HOLD
2025-08-12 15:02:22 UTC,1h,VOXEL-USDT,BTC-USDT,0.06112,119433.6,5.117487876e-07,,30,0.0661085,0.0412266,0.0159756,420647,0,0,0.8,465,4,0,HOLD
2025-08-12 15:02:22 UTC,1h,VTHO-USDT,BTC-USDT,0.001944,119433.6,1.627682662e-08,,30,0.0351438,0.0215449,0.0117945,427638,0,0,0.8,465,4,0,HOLD
2025-08-12 15:02:22 UTC,1h,VVV-USDT,BTC-USDT,2.884,119433.6,2.414730863e-05,,30,0.0377834,0.0266999,0.0170646,293906,0,0,0.8,465,4,0,HOLD
2025-08-12 15:02:22 UTC,1h,W-USDT,BTC-USDT,0.08624,119433.6,7.2207486e-07,,30,0.0407917,0.0221643,0.0163414,6.76591e+06,0,0,0.8,465,4,0,HOLD
2025-08-12 15:02:22 UTC,1h,WAL-USDT,BTC-USDT,0.4183,119433.6,3.502364494e-06,,30,0.0547151,0.0413244,0.014173,6.4169e+06,0,0,0.8,465,4,0,HOLD
2025-08-12 15:02:22 UTC,1h,WCT-USDT,BTC-USDT,0.3214,119433.6,2.691035019e-06,,30,0.0455433,0.0261814,0.013379,6.69605e+06,0,0,0.8,465,4,0,HOLD
2025-08-12 15:02:22 UTC,1h,WIF-USDT,BTC-USDT,0.9372,119433.6,7.847038019e-06,,30,0.0394854,0.0247103,0.0164167,3.92115e+07,0,0,0.8,465,4,0,HOLD
2025-08-12 15:02:22 UTC,1h,WLD-USDT,BTC-USDT,1.0217,119433.6,8.554544115e-06,,30,0.0428703,0.0294207,0.0137166,1.60071e+07,0,0,0.8,465,4,0,HOLD
2025-08-12 15:02:22 UTC,1h,WOO-USDT,BTC-USDT,0.07816,119433.6,6.544222061e-07,,30,0.0386711,0.0296404,0.0146037,2.02396e+06,0,0,0.8,465,4,0,HOLD
2025-08-12 15:02:22 UTC,1h,X-USDT,BTC-USDT,5.523e-05,119433.6,4.624326823e-10,,30,0.0319507,0.019568,0.0299268,6.78889e+06,0,0,0.8,465,4,0,HOLD
2025-08-12 15:02:22 UTC,1h,XAI-USDT,BTC-USDT,0.05343,119433.6,4.473615465e-07,,30,0.0494991,0.0449834,0.01766,1.99183e+06,0,0,0.8,465,4,0,HOLD
2025-08-12 15:02:22 UTC,1h,XAUT-USDT,BTC-USDT,3337,119433.6,0.02794021113,,30,-0.00218282,-0.00328554,0.0023674,7.37199e+06,0,0,0.8,465,4,0,HOLD
2025-08-12 15:02:22 UTC,1h,XCN-USDT,BTC-USDT,0.01377,119433.6,1.152941886e-07,,30,0.00953079,0.00584368,0.0100114,1.92872e+06,0,0,0.8,465,4,0,HOLD
2025-08-12 15:02:22 UTC,1h,XLM-USDT,BTC-USDT,0.44428,119433.6,3.71989122e-06,,30,0.0256718,0.0157525,0.0117847,1.64272e+07,0,0,0.8,465,4,0,HOLD
2025-08-12 15:02:22 UTC,1h,XRP-USDT,BTC-USDT,3.2076,119433.6,2.685676393e-05,,30,0.0257755,0.0193212,0.00929934,2.01884e+08,0,0,0.8,465,4,0,HOLD
2025-08-12 15:02:22 UTC,1h,YALA-USDT,BTC-USDT,0.2638,119433.6,2.208758674e-06,,30,-0.00938791,-0.154758,0.0422669,8.18977e+06,0,0,0.8,465,4,0,HOLD
2025-08-12 15:02:22 UTC,1h,YFI-USDT,BTC-USDT,5731,119433.6,0.04798482169,,30,0.0241244,0.013798,0.010943,9.20889e+06,0,0,0.8,465,4,0,HOLD
2025-08-12 15:02:22 UTC,1h,YGG-USDT,BTC-USDT,0.1679,119433.6,1.405802052e-06,,30,0.0402726,0.0319607,0.016081,4.16336e+06,0,0,0.8,465,4,0,HOLD
2025-08-12 15:02:22 UTC,1h,ZBCN-USDT,BTC-USDT,0.0049946,119433.6,4.181905259e-08,,30,0.00214691,-0.0239584,0.0236141,6.41904e+06,0,0,0.8,465,4,0,HOLD
2025-08-12 15:02:22 UTC,1h,ZEREBRO-USDT,BTC-USDT,0.02838,119433.6,2.376215738e-07,,30,0.0215983,0.00817052,0.0164099,1.86434e+06,0,0,0.8,465,4,0,HOLD
2025-08-12 15:02:22 UTC,1h,ZETA-USDT,BTC-USDT,0.2022,119433.6,1.692990917e-06,,30,0.0363916,0.0237975,0.0130352,5.02014e+06,0,0,0.8,465,4,0,HOLD
2025-08-12 15:02:22 UTC,1h,ZIL-USDT,BTC-USDT,0.01157,119433.6,9.687391153e-08,,30,0.0284444,0.0229885,0.0124089,2.22277e+06,0,0,0.8,465,4,0,HOLD
2025-08-12 15:02:22 UTC,1h,ZK-USDT,BTC-USDT,0.05851,119433.6,4.898956408e-07,,30,0.0461291,0.0372274,0.0168958,6.48272e+06,0,0,0.8,465,4,0,HOLD
2025-08-12 15:02:22 UTC,1h,ZKJ-USDT,BTC-USDT,0.2541,119433.6,2.127541998e-06,,30,0.0418204,0.0565489,0.0480126,8.2426e+06,0,0,0.8,465,4,0,HOLD
2025-08-12 15:02:22 UTC,1h,ZORA-USDT,BTC-USDT,0.11118,119433.6,9.308938188e-07,,30,-0.0651644,-0.0821432,0.0468288,2.87245e+07,0,0,0.8,465,4,0,HOLD
2025-08-12 15:02:22 UTC,1h,ZRC-USDT,BTC-USDT,0.03389,119433.6,2.83755995e-07,,30,0.028216,-0.00615836,0.0142899,6.33704e+06,0,0,0.8,465,4,0,HOLD
2025-08-12 15:02:22 UTC,1h,ZRO-USDT,BTC-USDT,2.3397,119433.6,1.958996463e-05,,30,0.0565842,0.037699,0.0162719,1.33638e+07,0,0,0.8,465,4,0,HOLD
2025-08-12 15:02:22 UTC,1h,ZRX-USDT,BTC-USDT,0.2573,119433.6,2.154335128e-06,,30,0.0375,0.0271457,0.0126589,1.91804e+06,0,0,0.8,465,4,0,HOLD
2025-08-12 16:02:02 UTC,1h,1000000BABYDOGE-USDT,BTC-USDT,0.0013689,119895.9,1.14174046e-08,,30,0.0577191,0.0321194,0.0130866,1.28506e+06,0,0,0.777778,465,4,0,HOLD
2025-08-12 16:02:02 UTC,1h,1000000BOB-USDT,BTC-USDT,0.08047,119895.9,6.711655695e-07,,30,0.0480594,-0.0417957,0.031174,6.39962e+06,0,0,0.777778,465,4,0,HOLD
2025-08-12 16:02:02 UTC,1h,1000000MOG-USDT,BTC-USDT,1.4549,119895.9,1.213469351e-05,,30,0.0744406,0.0434627,0.0248176,1.63923e+06,0,0,0.777778,465,4,0,HOLD
2025-08-12 16:02:02 UTC,1h,10000SATS-USDT,BTC-USDT,0.000414,119895.9,3.452995474e-09,,30,0.0615385,0.0298507,0.015873,2.28038e+06,0,0,0.777778,465,4,0,HOLD
2025-08-12 16:02:02 UTC,1h,10000WHY-USDT,BTC-USDT,0.0003289,119895.9,2.743213071e-09,,30,0.0372122,-0.0009113,0.015528,2.2065e+06,0,0,0.777778,465,4,0,HOLD
2025-08-12 16:02:02 UTC,1h,1000BONK-USDT,BTC-USDT,0.025263,119895.9,2.10707789e-07,,30,0.0523619,0.0142932,0.0176712,7.39691e+06,0,0,0.777778,465,4,0,HOLD
2025-08-12 16:02:02 UTC,1h,1000CAT-USDT,BTC-USDT,0.009343,119895.9,7.792593408e-08,,30,0.0630333,0.0359242,0.0152597,6.29937e+06,0,0,0.777778,465,4,0,HOLD
2025-08-12 16:02:02 UTC,1h,1000CHEEMS-USDT,BTC-USDT,0.0013068,119895.9,1.089945528e-08,,30,0.00996986,-0.0103749,0.00980585,6.27205e+06,0,0,0.777778,465,4,0,HOLD
2025-08-12 16:02:02 UTC,1h,1000PEPE-USDT,BTC-USDT,0.0119398,119895.9,9.958472308e-08,,30,0.0697308,0.052716,0.0168201,3.55283e+07,0,0,0.777778,465,4,0,HOLD
2025-08-12 16:02:02 UTC,1h,1INCH-USDT,BTC-USDT,0.2698,119895.9,2.250285456e-06,,30,0.027027,0.0181132,0.013608,6.34277e+06,0,0,0.777778,465,4,0,HOLD
2025-08-12 16:02:02 UTC,1h,A-USDT,BTC-USDT,0.54382,119895.9,4.535768112e-06,,30,0.0333675,0.0191529,0.0145098,6.36995e+06,0,0,0.777778,465,4,0,HOLD
2025-08-12 16:02:02 UTC,1h,A2Z-USDT,BTC-USDT,0.007399,119895.9,6.171186838e-08,,30,0.022809,0.00203142,0.0183229,6.72652e+06,0,0,0.777778,465,4,0,HOLD
2025-08-12 16:02:02 UTC,1h,AAPLX-USDT,BTC-USDT,229.68,119895.9,0.001915661837,,30,0.0136817,0.0121183,0.00516246,6.21947e+06,0,0,0.777778,465,4,0,HOLD
2025-08-12 16:02:02 UTC,1h,AAVE-USDT,BTC-USDT,312.77,119895.9,0.002608679696,,30,0.062723,0.0459486,0.0127067,6.60165e+07,0,0,0.777778,465,4,0,HOLD
2025-08-12 16:02:02 UTC,1h,ACE-USDT,BTC-USDT,0.5843,119895.9,4.873394336e-06,,30,0.0627501,0.048636,0.0171756,2.00325e+06,0,0,0.777778,465,4,0,HOLD
2025-08-12 16:02:02 UTC,1h,ACH-USDT,BTC-USDT,0.022612,119895.9,1.885969412e-07,,30,0.0586142,0.0392977,0.0146225,940917,0,0,0.777778,465,4,0,HOLD
2025-08-12 16:02:02 UTC,1h,ACT-USDT,BTC-USDT,0.04347,119895.9,3.625645247e-07,,30,0.0630961,0.0379656,0.0150679,6.35689e+06,0,0,0.777778,465,4,0,HOLD
2025-08-12 16:02:02 UTC,1h,ADA-USDT,BTC-USDT,0.81286,119895.9,6.779714736e-06,,30,0.056568,0.0346864,0.0123242,4.62271e+07,0,0,0.777778,465,4,0,HOLD
2025-08-12 16:02:02 UTC,1h,AERGO-USDT,BTC-USDT,0.11765,119895.9,9.812679166e-07,,30,0.0290387,0.0101314,0.00964726,1.92603e+06,0,0,0.777778,465,4,0,HOLD
2025-08-12 16:02:02 UTC,1h,AERO-USDT,BTC-USDT,1.2393,119895.9,1.033646689e-05,,30,0.131058,0.113377,0.0219191,3.5951e+06,0,0,0.777778,465,4,0,HOLD
2025-08-12 16:02:02 UTC,1h,AEVO-USDT,BTC-USDT,0.1016,119895.9,8.474017877e-07,,30,0.07173,0.057232,0.0184196,6.33972e+06,0,0,0.777778,465,4,0,HOLD
2025-08-12 16:02:02 UTC,1h,AGLD-USDT,BTC-USDT,0.7367,119895.9,6.144497018e-06,,30,0.0486833,0.0260446,0.0122166,3.97599e+06,0,0,0.777778,465,4,0,HOLD
2025-08-12 16:02:02 UTC,1h,AGT-USDT,BTC-USDT,0.005895,119895.9,4.916765294e-08,,30,0.0498664,-0.00790979,0.0205501,6.35263e+06,0,0,0.777778,465,4,0,HOLD
2025-08-12 16:02:02 UTC,1h,AI16Z-USDT,BTC-USDT,0.1343,119895.9,1.120138387e-06,,30,0.0625,0.0330769,0.020317,8.30391e+06,0,0,0.777778,465,4,0,HOLD
2025-08-12 16:02:02 UTC,1h,AIN-USDT,BTC-USDT,0.13891,119895.9,1.158588409e-06,,30,0.0354827,0.0109162,0.0171848,6.30748e+06,0,0,0.777778,465,4,0,HOLD
2025-08-12 16:02:02 UTC,1h,AIOT-USDT,BTC-USDT,0.53863,119895.9,4.49248056e-06,,30,0.059732,0.0605249,0.0126127,6.42187e+06,0,0,0.777778,465,4,0,HOLD
2025-08-12 16:02:02 UTC,1h,AIXBT-USDT,BTC-USDT,0.13359,119895.9,1.114216583e-06,,30,0.0558805,0.0580548,0.0182167,7.27754e+06,0,0,0.777778,465,4,0,HOLD
2025-08-12 16:02:02 UTC,1h,AKT-USDT,BTC-USDT,1.283,119895.9,1.070094974e-05,,30,0.0559671,0.0321802,0.0131945,471226,0,0,0.777778,465,4,0,HOLD
2025-08-12 16:02:02 UTC,1h,ALCH-USDT,BTC-USDT,0.13906,119895.9,1.159839494e-06,,30,-0.00408222,-0.0218752,0.00891188,6.32414e+06,0,0,0.777778,465,4,0,HOLD
2025-08-12 16:02:02 UTC,1h,ALGO-USDT,BTC-USDT,0.2689,119895.9,2.242778944e-06,,30,0.0704618,0.0454899,0.0154067,4.28446e+06,0,0,0.777778,465,4,0,HOLD
2025-08-12 16:02:02 UTC,1h,ALPHA-USDT,BTC-USDT,0.01595,119895.9,1.33032072e-07,,30,0.0323625,0.019821,0.0155844,1.89877e+06,0,0,0.777778,465,4,0,HOLD
2025-08-12 16:02:02 UTC,1h,ALPINE-USDT,BTC-USDT,1.325,119895.9,1.105125363e-05,,30,-0.0132559,-0.120127,0.0566146,8.39689e+06,0,0,0.777778,465,4,0,HOLD
2025-08-12 16:02:02 UTC,1h,ALT-USDT,BTC-USDT,0.03814,119895.9,3.181092931e-07,,30,0.0767928,0.0829074,0.0271556,6.35018e+06,0,0,0.777778,465,4,0,HOLD
2025-08-12 16:02:02 UTC,1h,ALTCOIN-USDT,BTC-USDT,242.23,119895.9,0.002020335975,,30,0.0346404,0.0226716,0.00855149,1.86005e+06,0,0,0.777778,465,4,0,HOLD
2025-08-12 16:02:02 UTC,1h,ANIME-USDT,BTC-USDT,0.0179,119895.9,1.492961811e-07,,30,0.0579196,0.0334873,0.0138069,6.37757e+06,0,0,0.777778,465,4,0,HOLD
2025-08-12 16:02:02 UTC,1h,ANKR-USDT,BTC-USDT,0.01643,119895.9,1.37035545e-07,,30,0.0478316,0.026875,0.0123468,351944,0,0,0.777778,465,4,0,HOLD
2025-08-12 16:02:02 UTC,1h,APE-USDT,BTC-USDT,0.6306,119895.9,5.259562671e-06,,30,0.0428312,0.0283757,0.011497,6.31751e+06,0,0,0.777778,465,4,0,HOLD
2025-08-12 16:02:02 UTC,1h,API3-USDT,BTC-USDT,0.7681,119895.9,6.406390877e-06,,30,0.0712692,0.0547926,0.0146,6.41007e+06,0,0,0.777778,465,4,0,HOLD
2025-08-12 16:02:02 UTC,1h,APT-USDT,BTC-USDT,4.7514,119895.9,3.962937849e-05,,30,0.0540864,0.0357049,0.0119619,9.77985e+06,0,0,0.777778,465,4,0,HOLD
2025-08-12 16:02:02 UTC,1h,AR-USDT,BTC-USDT,7.704,119895.9,6.425574186e-05,,30,0.0582418,0.0353447,0.0178757,2.44669e+06,0,0,0.777778,465,4,0,HOLD
2025-08-12 16:02:02 UTC,1h,ARB-USDT,BTC-USDT,0.4663,119895.9,3.889207221e-06,,30,0.0672923,0.0462194,0.017187,1.36782e+07,0,0,0.777778,465,4,0,HOLD
2025-08-12 16:02:02 UTC,1h,ARC-USDT,BTC-USDT,0.02388,119895.9,1.991727824e-07,,30,0.0510563,0.0218228,0.0224635,6.90391e+06,0,0,0.777778,465,4,0,HOLD
2025-08-12 16:02:02 UTC,1h,ARK-USDT,BTC-USDT,0.4541,119895.9,3.787452282e-06,,30,0.0353397,0.019762,0.0105389,2.00806e+06,0,0,0.777778,465,4,0,HOLD
2025-08-12 16:02:02 UTC,1h,ARKM-USDT,BTC-USDT,0.5338,119895.9,4.452195613e-06,,30,0.0644068,0.0481052,0.0163384,2.42374e+06,0,0,0.777778,465,4,0,HOLD
2025-08-12 16:02:02 UTC,1h,ARPA-USDT,BTC-USDT,0.02329,119895.9,1.942518468e-07,,30,0.0610478,0.0425246,0.0132798,7.90313e+06,0,0,0.777778,465,4,0,HOLD
2025-08-12 16:02:02 UTC,1h,ASP-USDT,BTC-USDT,0.1674,119895.9,1.396211213e-06,,30,0.00179533,-0.0221963,0.0284178,6.68442e+06,0,0,0.777778,465,4,0,HOLD
2025-08-12 16:02:02 UTC,1h,ASR-USDT,BTC-USDT,6.639,119895.9,5.537303611e-05,,30,0.0337901,-0.0157153,0.0188927,7.18882e+06,0,0,0.777778,465,4,0,HOLD
2025-08-12 16:02:02 UTC,1h,ASTR-USDT,BTC-USDT,0.02562,119895.9,2.136853721e-07,,30,0.0495698,0.0380875,0.0119884,1.92165e+06,0,0,0.777778,465,4,0,HOLD
2025-08-12 16:02:02 UTC,1h,ATA-USDT,BTC-USDT,0.0506,119895.9,4.220327801e-07,,30,0.0585774,0.0347648,0.0143986,290356,0,0,0.777778,465,4,0,HOLD
2025-08-12 16:02:02 UTC,1h,ATH-USDT,BTC-USDT,0.03392,119895.9,2.829120929e-07,,30,0.0177018,-0.0128056,0.0122557,2.08271e+06,0,0,0.777778,465,4,0,HOLD
2025-08-12 16:02:02 UTC,1h,ATOM-USDT,BTC-USDT,4.622,119895.9,3.855010889e-05,,30,0.0307761,0.0212108,0.0106942,8.93224e+06,0,0,0.777778,465,4,0,HOLD
2025-08-12 16:02:02 UTC,1h,AUCTION-USDT,BTC-USDT,10.373,119895.9,8.651671992e-05,,30,0.0348164,0.0137803,0.0113619,4.41357e+06,0,0,0.777778,465,4,0,HOLD
2025-08-12 16:02:02 UTC,1h,AVA-USDT,BTC-USDT,0.6079,119895.9,5.070231759e-06,,30,0.0574013,0.0414597,0.0141471,541774,0,0,0.777778,465,4,0,HOLD
2025-08-12 16:02:02 UTC,1h,AVAAI-USDT,BTC-USDT,0.03676,119895.9,3.065993082e-07,,30,0.0288273,-0.0422095,0.0285248,8.33528e+06,0,0,0.777778,465,4,0,HOLD
2025-08-12 16:02:02 UTC,1h,AVAX-USDT,BTC-USDT,24.203,119895.9,0.0002018667861,,30,0.0539999,0.044268,0.0124276,5.21876e+07,0,0,0.777778,465,4,0,HOLD
2025-08-12 16:02:02 UTC,1h,AWE-USDT,BTC-USDT,0.054415,119895.9,4.5385205e-07,,30,0.0182257,0.000809255,0.00911907,6.2458e+06,0,0,0.777778,465,4,0,HOLD
2025-08-12 16:02:02 UTC,1h,AXL-USDT,BTC-USDT,0.3574,119895.9,2.980919281e-06,,30,0.0649583,0.0425904,0.0146694,2.06214e+06,0,0,0.777778,465,4,0,HOLD
2025-08-12 16:02:02 UTC,1h,AXS-USDT,BTC-USDT,2.484,119895.9,2.071797284e-05,,30,0.0552251,0.0384615,0.0136013,5.00851e+06,0,0,0.777778,465,4,0,HOLD
2025-08-12 16:02:02 UTC,1h,B-USDT,BTC-USDT,0.62586,119895.9,5.220028375e-06,,30,-0.0133838,-0.0692148,0.0154747,6.53969e+06,0,0,0.777778,465,4,0,HOLD
2025-08-12 16:02:02 UTC,1h,B2-USDT,BTC-USDT,0.3944,119895.9,3.289520326e-06,,30,0.0273509,0.0138817,0.0146878,6.24501e+06,0,0,0.777778,465,4,0,HOLD
2025-08-12 16:02:02 UTC,1h,B3-USDT,BTC-USDT,0.003203,119895.9,2.671484179e-08,,30,0.0620027,0.0440026,0.0154097,6.30206e+06,0,0,0.777778,465,4,0,HOLD
2025-08-12 16:02:02 UTC,1h,BABY-USDT,BTC-USDT,0.06233,119895.9,5.198676519e-07,,30,0.0598538,0.0231451,0.0160436,6.46111e+06,0,0,0.777778,465,4,0,HOLD
2025-08-12 16:02:02 UTC,1h,BAKE-USDT,BTC-USDT,0.0871,119895.9,7.264635405e-07,,30,0.0544794,0.0283353,0.0152534,1.66008e+06,0,0,0.777778,465,4,0,HOLD
2025-08-12 16:02:02 UTC,1h,BANANA-USDT,BTC-USDT,26.03,119895.9,0.0002171050053,,30,0.0734021,0.0374651,0.0176719,9.10131e+06,0,0,0.777778,465,4,0,HOLD
2025-08-12 16:02:02 UTC,1h,BANANAS31-USDT,BTC-USDT,0.007155,119895.9,5.96767696e-08,,30,0.0240447,-0.00872818,0.015883,3.96341e+06,0,0,0.777778,465,4,0,HOLD
2025-08-12 16:02:02 UTC,1h,BANK-USDT,BTC-USDT,0.066332,119895.9,5.532466081e-07,,30,0.0280524,0.0329352,0.0310311,6.51544e+06,0,0,0.777778,465,4,0,HOLD
2025-08-12 16:02:02 UTC,1h,BAT-USDT,BTC-USDT,0.152,119895.9,1.267766454e-06,,30,0.0489993,0.0242588,0.012594,421028,0,0,0.777778,465,4,0,HOLD
2025-08-12 16:02:02 UTC,1h,BB-USDT,BTC-USDT,0.1272,119895.9,1.060920348e-06,,30,0.0574445,0.0336421,0.0192947,9.58381e+06,0,0,0.777778,465,4,0,HOLD
2025-08-12 16:02:02 UTC,1h,BCH-USDT,BTC-USDT,604.69,119895.9,0.005043458534,,30,0.0244469,0.0146657,0.00947002,3.6108e+07,0,0,0.777778,465,4,0,HOLD
2025-08-12 16:02:02 UTC,1h,BDXN-USDT,BTC-USDT,0.04062,119895.9,3.387939037e-07,,30,0.0351682,-0.0223827,0.0184286,6.33046e+06,0,0,0.777778,465,4,0,HOLD
2025-08-12 16:02:02 UTC,1h,BEAM-USDT,BTC-USDT,0.0084,119895.9,7.006077772e-08,,30,0.0771993,0.06074,0.0182313,2.06214e+06,0,0,0.777778,465,4,0,HOLD
2025-08-12 16:02:02 UTC,1h,BERA-USDT,BTC-USDT,2.019,119895.9,1.683960836e-05,,30,0.0631912,0.0243531,0.0145758,6.56645e+06,0,0,0.777778,465,4,0,HOLD
2025-08-12 16:02:02 UTC,1h,BID-USDT,BTC-USDT,0.07189,119895.9,5.996034894e-07,,30,0.0839867,0.0554985,0.022594,2.09456e+06,0,0,0.777778,465,4,0,HOLD
2025-08-12 16:02:02 UTC,1h,BIGTIME-USDT,BTC-USDT,0.06012,119895.9,5.014349949e-07,,30,0.0479345,0.0349458,0.0132948,2.06643e+06,0,0,0.777778,465,4,0,HOLD
2025-08-12 16:02:02 UTC,1h,BIO-USDT,BTC-USDT,0.12521,119895.9,1.044322617e-06,,30,0.0503313,-0.0125394,0.0454722,1.72256e+07,0,0,0.777778,465,4,0,HOLD
2025-08-12 16:02:02 UTC,1h,BLAST-USDT,BTC-USDT,0.003123,119895.9,2.604759629e-08,,30,0.0462312,0.00937298,0.0145007,505706,0,0,0.777778,465,4,0,HOLD
2025-08-12 16:02:02 UTC,1h,BLUR-USDT,BTC-USDT,0.08613,119895.9,7.183731887e-07,,30,0.0555147,0.0281724,0.0146788,4.45304e+06,0,0,0.777778,465,4,0,HOLD
2025-08-12 16:02:02 UTC,1h,BMT-USDT,BTC-USDT,0.08403,119895.9,7.008579943e-07,,30,0.042944,0.0205247,0.0138216,1.99365e+06,0,0,0.777778,465,4,0,HOLD
2025-08-12 16:02:02 UTC,1h,BNB-USDT,BTC-USDT,821.29,119895.9,0.006850025731,,30,0.026061,0.0111918,0.00707946,3.38482e+07,0,0,0.777778,465,4,0,HOLD
2025-08-12 16:02:02 UTC,1h,BNT-USDT,BTC-USDT,0.82125,119895.9,6.849692108e-06,,30,0.0556727,0.0413893,0.0125575,1.92142e+06,0,0,0.777778,465,4,0,HOLD
2025-08-12 16:02:02 UTC,1h,BOME-USDT,BTC-USDT,0.001926,119895.9,1.606393546e-08,,30,0.0729805,0.0444685,0.0177273,9.13839e+06,0,0,0.777778,465,4,0,HOLD
2025-08-12 16:02:02 UTC,1h,BR-USDT,BTC-USDT,0.05008,119895.9,4.176956843e-07,,30,0,0,0.00101267,1.87787e+06,0,0,0.777778,465,4,0,HOLD
2025-08-12 16:02:02 UTC,1h,BRETT-USDT,BTC-USDT,0.0583,119895.9,4.862551597e-07,,30,0.0796296,0.0623178,0.0194805,5.68255e+06,0,0,0.777778,465,4,0,HOLD
2025-08-12 16:02:02 UTC,1h,BROCCOLI-USDT,BTC-USDT,0.02834,119895.9,2.363717191e-07,,30,0.0361974,-0.00909091,0.0164331,6.26387e+06,0,0,0.777778,465,4,0,HOLD
2025-08-12 16:02:02 UTC,1h,BROCCOLIF3B-USDT,BTC-USDT,0.010329,119895.9,8.61497349e-08,,30,0.0444939,0.0231798,0.0128141,6.24748e+06,0,0,0.777778,465,4,0,HOLD
2025-08-12 16:02:02 UTC,1h,BSV-USDT,BTC-USDT,29.2,119895.9,0.0002435446083,,30,0.0299824,-0.00307272,0.012182,2.25686e+06,0,0,0.777778,465,4,0,HOLD
2025-08-12 16:02:02 UTC,1h,BSW-USDT,BTC-USDT,0.0272,119895.9,2.268634707e-07,,30,0.00703443,-0.003663,0.0254202,1.99009e+06,0,0,0.777778,465,4,0,HOLD
2025-08-12 16:02:02 UTC,1h,BTC-USDT,BTC-USDT,119864.7,119895.9,0.9997397743,,30,0.0121964,0.00692623,0.00439353,1.48707e+09,0,0,0.777778,465,4,0,HOLD
2025-08-12 16:02:02 UTC,1h,BULLA-USDT,BTC-USDT,0.08431,119895.9,7.031933536e-07,,30,-0.00460449,0.0083722,0.023866,6.5906e+06,0,0,0.777778,465,4,0,HOLD
2025-08-12 16:02:02 UTC,1h,C-USDT,BTC-USDT,0.26398,119895.9,2.201743346e-06,,30,0.0736568,0.0305278,0.0171279,6.46834e+06,0,0,0.777778,465,4,0,HOLD
2025-08-12 16:02:02 UTC,1h,CAKE-USDT,BTC-USDT,2.8184,119895.9,2.350705904e-05,,30,0.0427705,0.0193128,0.010401,2.50379e+06,0,0,0.777778,465,4,0,HOLD
2025-08-12 16:02:02 UTC,1h,CARV-USDT,BTC-USDT,0.3099,119895.9,2.584742264e-06,,30,0.038191,0.00584226,0.0184391,2.16777e+06,0,0,0.777778,465,4,0,HOLD
2025-08-12 16:02:02 UTC,1h,CATI-USDT,BTC-USDT,0.0959,119895.9,7.998605457e-07,,30,0.0558186,-0.00239259,0.0374274,6.93847e+06,0,0,0.777778,465,4,0,HOLD
2025-08-12 16:02:02 UTC,1h,CELO-USDT,BTC-USDT,0.3585,119895.9,2.990093906e-06,,30,0.0609648,0.0373264,0.01578,2.30424e+06,0,0,0.777778,465,4,0,HOLD
2025-08-12 16:02:02 UTC,1h,CELR-USDT,BTC-USDT,0.00819,119895.9,6.830925828e-08,,30,0.0719895,0.0513479,0.0144776,2.03673e+06,0,0,0.777778,465,4,0,HOLD
2025-08-12 16:02:02 UTC,1h,CETUS-USDT,BTC-USDT,0.11111,119895.9,9.267205968e-07,,30,0.076543,0.0445614,0.016618,910553,0,0,0.777778,465,4,0,HOLD
2025-08-12 16:02:02 UTC,1h,CFX-USDT,BTC-USDT,0.19928,119895.9,1.662108546e-06,,30,0.0280644,0.0235234,0.0140362,9.56264e+06,0,0,0.777778,465,4,0,HOLD
2025-08-12 16:02:02 UTC,1h,CGPT-USDT,BTC-USDT,0.10171,119895.9,8.483192503e-07,,30,0.055083,0.0351109,0.0156046,678715,0,0,0.777778,465,4,0,HOLD
2025-08-12 16:02:02 UTC,1h,CHESS-USDT,BTC-USDT,0.0753,119895.9,6.280448289e-07,,30,0.0764832,0.0471423,0.0187346,740713,0,0,0.777778,465,4,0,HOLD
2025-08-12 16:02:02 UTC,1h,CHILLGUY-USDT,BTC-USDT,0.0564,119895.9,4.70408079e-07,,30,0.0846154,0.0267613,0.0236702,1.64095e+06,0,0,0.777778,465,4,0,HOLD
2025-08-12 16:02:02 UTC,1h,CHR-USDT,BTC-USDT,0.0976,119895.9,8.140395126e-07,,30,0.0620239,0.0472103,0.0139052,1.92424e+06,0,0,0.777778,465,4,0,HOLD
2025-08-12 16:02:02 UTC,1h,CHZ-USDT,BTC-USDT,0.04265,119895.9,3.557252583e-07,,30,0.0435527,0.0294473,0.0109529,2.09528e+06,0,0,0.777778,465,4,0,HOLD
2025-08-12 16:02:02 UTC,1h,CKB-USDT,BTC-USDT,0.005606,119895.9,4.675722856e-08,,30,0.0519797,0.0233662,0.0134167,678790,0,0,0.777778,465,4,0,HOLD
2025-08-12 16:02:02 UTC,1h,COINX-USDT,BTC-USDT,323.42,119895.9,0.002697506754,,30,0.0107191,0.0125544,0.00703199,6.23204e+06,0,0,0.777778,465,4,0,HOLD
2025-08-12 16:02:02 UTC,1h,COMP-USDT,BTC-USDT,53.04,119895.9,0.0004423837679,,30,0.0507132,0.0367475,0.0130495,5.44696e+06,0,0,0.777778,465,4,0,HOLD
2025-08-12 16:02:02 UTC,1h,COOKIE-USDT,BTC-USDT,0.1543,119895.9,1.286949762e-06,,30,0.0850914,0.0446852,0.020137,6.63878e+06,0,0,0.777778,465,4,0,HOLD
2025-08-12 16:02:02 UTC,1h,CORE-USDT,BTC-USDT,0.4972,119895.9,4.146930796e-06,,30,0.0451966,0.0326064,0.0112774,1.95298e+06,0,0,0.777778,465,4,0,HOLD
2025-08-12 16:02:02 UTC,1h,COS-USDT,BTC-USDT,0.003494,119895.9,2.914194731e-08,,30,0.0473621,0.0273449,0.0117344,442642,0,0,0.777778,465,4,0,HOLD
2025-08-12 16:02:02 UTC,1h,COTI-USDT,BTC-USDT,0.05562,119895.9,4.639024354e-07,,30,0.0560091,0.0518154,0.0142677,493026,0,0,0.777778,465,4,0,HOLD
2025-08-12 16:02:02 UTC,1h,COW-USDT,BTC-USDT,0.4251,119895.9,3.545575787e-06,,30,0.0305455,0.0408913,0.0166347,6.61124e+06,0,0,0.777778,465,4,0,HOLD
2025-08-12 16:02:02 UTC,1h,CRCLX-USDT,BTC-USDT,169.89,119895.9,0.001416979229,,30,-0.0146163,0.0559388,0.0254913,6.25542e+06,0,0,0.777778,465,4,0,HOLD
2025-08-12 16:02:02 UTC,1h,CROSS-USDT,BTC-USDT,0.31687,119895.9,2.642876028e-06,,30,0.0133679,-0.00141813,0.0149971,6.38257e+06,0,0,0.777778,465,4,0,HOLD
2025-08-12 16:02:02 UTC,1h,CRV-USDT,BTC-USDT,0.9819,119895.9,8.189604482e-06,,30,0.074524,0.0654297,0.0162295,1.51058e+07,0,0,0.777778,465,4,0,HOLD
2025-08-12 16:02:02 UTC,1h,CTC-USDT,BTC-USDT,0.7327,119895.9,6.111134743e-06,,30,0.0482117,0.00770183,0.0193316,1.42569e+06,0,0,0.777778,465,4,0,HOLD
2025-08-12 16:02:02 UTC,1h,CTK-USDT,BTC-USDT,0.3602,119895.9,3.004272873e-06,,30,0.0761876,0.048007,0.0194138,6.40755e+06,0,0,0.777778,465,4,0,HOLD
2025-08-12 16:02:02 UTC,1h,CUDIS-USDT,BTC-USDT,0.06986,119895.9,5.826721347e-07,,30,-0.0059761,0.127138,0.039252,6.64322e+06,0,0,0.777778,465,4,0,HOLD
2025-08-12 16:02:02 UTC,1h,CVC-USDT,BTC-USDT,0.09612,119895.9,8.016954708e-07,,30,0.036446,0.0242967,0.00940788,1.87596e+06,0,0,0.777778,465,4,0,HOLD
2025-08-12 16:02:02 UTC,1h,CYBER-USDT,BTC-USDT,3.0373,119895.9,2.533280955e-05,,30,-0.114335,0.583824,0.153221,5.55378e+07,0,0,0.777778,465,4,0,HOLD
2025-08-12 16:02:02 UTC,1h,D-USDT,BTC-USDT,0.03668,119895.9,3.059320627e-07,,30,0.0570605,0.0390935,0.0144103,6.22847e+06,0,0,0.777778,465,4,0,HOLD
2025-08-12 16:02:02 UTC,1h,DBR-USDT,BTC-USDT,0.02463,119895.9,2.05428209e-07,,30,0.0160891,-0.00243013,0.00936721,420453,0,0,0.777778,465,4,0,HOLD
2025-08-12 16:02:02 UTC,1h,DEEP-USDT,BTC-USDT,0.1659,119895.9,1.38370036e-06,,30,0.117172,0.0982391,0.0159993,6.52326e+06,0,0,0.777778,465,4,0,HOLD
2025-08-12 16:02:02 UTC,1h,DEGEN-USDT,BTC-USDT,0.004046,119895.9,3.374594127e-08,,30,0.0847185,0.0658588,0.0175658,571331,0,0,0.777778,465,4,0,HOLD
2025-08-12 16:02:02 UTC,1h,DEGO-USDT,BTC-USDT,1.2462,119895.9,1.039401681e-05,,30,0.0473149,-0.00367765,0.0185535,832759,0,0,0.777778,465,4,0,HOLD
2025-08-12 16:02:02 UTC,1h,DF-USDT,BTC-USDT,0.03035,119895.9,2.531362624e-07,,30,0.0585978,0.0379617,0.0117204,278256,0,0,0.777778,465,4,0,HOLD
2025-08-12 16:02:02 UTC,1h,DIA-USDT,BTC-USDT,0.8486,119895.9,7.077806664e-06,,30,0.0497279,0.0432751,0.0212956,6.29171e+06,0,0,0.777778,465,4,0,HOLD
2025-08-12 16:02:02 UTC,1h,DMC-USDT,BTC-USDT,0.004813,119895.9,4.014315752e-08,,30,0.0337199,0.00901468,0.0142174,6.29551e+06,0,0,0.777778,465,4,0,HOLD
2025-08-12 16:02:02 UTC,1h,DOG-USDT,BTC-USDT,0.00348,119895.9,2.902517934e-08,,30,0.0478771,0.0394265,0.0180419,782292,0,0,0.777778,465,4,0,HOLD
2025-08-12 16:02:02 UTC,1h,DOGE-USDT,BTC-USDT,0.2292,119895.9,1.911658364e-06,,30,0.0377145,0.0146082,0.013223,1.30111e+08,0,0,0.777778,465,4,0,HOLD
2025-08-12 16:02:02 UTC,1h,DOGS-USDT,BTC-USDT,0.0001466,119895.9,1.222727383e-09,,30,0.0577201,0.0389794,0.0168583,801657,0,0,0.777778,465,4,0,HOLD
2025-08-12 16:02:02 UTC,1h,DOLO-USDT,BTC-USDT,0.245133,119895.9,2.044548646e-06,,30,-0.02325,-0.0306657,0.0293435,7.55501e+06,0,0,0.777778,465,4,0,HOLD
2025-08-12 16:02:02 UTC,1h,DOOD-USDT,BTC-USDT,0.0037802,119895.9,3.152901809e-08,,30,0.04244,0.0216481,0.014797,6.3201e+06,0,0,0.777778,465,4,0,HOLD
2025-08-12 16:02:02 UTC,1h,DOT-USDT,BTC-USDT,4.089,119895.9,3.410458573e-05,,30,0.0593264,0.0433784,0.0131014,1.58237e+07,0,0,0.777778,465,4,0,HOLD
2025-08-12 16:02:02 UTC,1h,DRIFT-USDT,BTC-USDT,0.5622,119895.9,4.689067766e-06,,30,0.0522179,0.0140693,0.0142171,6.43338e+06,0,0,0.777778,465,4,0,HOLD
2025-08-12 16:02:02 UTC,1h,DUSK-USDT,BTC-USDT,0.06772,119895.9,5.648233176e-07,,30,0.0632752,0.045223,0.0160324,265596,0,0,0.777778,465,4,0,HOLD
2025-08-12 16:02:02 UTC,1h,DYDX-USDT,BTC-USDT,0.6679,119895.9,5.570665886e-06,,30,0.0662516,0.0395331,0.0172823,6.3473e+06,0,0,0.777778,465,4,0,HOLD
2025-08-12 16:02:02 UTC,1h,DYM-USDT,BTC-USDT,0.26,119895.9,2.168547882e-06,,30,0.0642652,0.0305192,0.0202747,3.35702e+06,0,0,0.777778,465,4,0,HOLD
2025-08-12 16:02:02 UTC,1h,EDU-USDT,BTC-USDT,0.1498,119895.9,1.249417203e-06,,30,-0.0536955,0.0692363,0.0510681,5.90519e+06,0,0,0.777778,465,4,0,HOLD
2025-08-12 16:02:02 UTC,1h,EGLD-USDT,BTC-USDT,15.843,119895.9,0.0001321396311,,30,0.0599451,0.0434009,0.0127231,3.0699e+06,0,0,0.777778,465,4,0,HOLD
2025-08-12 16:02:02 UTC,1h,EIGEN-USDT,BTC-USDT,1.4091,119895.9,1.175269546e-05,,30,0.052667,0.0367891,0.0210925,5.76417e+06,0,0,0.777778,465,4,0,HOLD
2025-08-12 16:02:02 UTC,1h,ELX-USDT,BTC-USDT,0.1759,119895.9,1.467106048e-06,,30,0.0482718,0.0371462,0.0175018,476332,0,0,0.777778,465,4,0,HOLD
2025-08-12 16:02:02 UTC,1h,ENA-USDT,BTC-USDT,0.8121,119895.9,6.773375904e-06,,30,0.0585245,0.00569659,0.0266153,9.88341e+07,0,0,0.777778,465,4,0,HOLD
2025-08-12 16:02:02 UTC,1h,ENJ-USDT,BTC-USDT,0.07298,119895.9,6.086947093e-07,,30,0.0581412,0.0369423,0.0140352,2.0122e+06,0,0,0.777778,465,4,0,HOLD
2025-08-12 16:02:02 UTC,1h,ENS-USDT,BTC-USDT,29.116,119895.9,0.0002428440005,,30,0.0530961,0.0283252,0.0146753,1.20203e+07,0,0,0.777778,465,4,0,HOLD
2025-08-12 16:02:02 UTC,1h,EPIC-USDT,BTC-USDT,2.1385,119895.9,1.783630633e-05,,30,0.0196443,-0.00797885,0.0133204,2.09719e+06,0,0,0.777778,465,4,0,HOLD
2025-08-12 16:02:02 UTC,1h,EPT-USDT,BTC-USDT,0.004327,119895.9,3.60896411e-08,,30,0.0265718,0.00301344,0.017366,6.32808e+06,0,0,0.777778,465,4,0,HOLD
2025-08-12 16:02:02 UTC,1h,ERA-USDT,BTC-USDT,1.0293,119895.9,8.584947442e-06,,30,0.0363472,-0.0242677,0.0164189,8.28155e+06,0,0,0.777778,465,4,0,HOLD
2025-08-12 16:02:02 UTC,1h,ES-USDT,BTC-USDT,0.2165,119895.9,1.80573314e-06,,30,0.0494426,0.00231481,0.0204883,6.26959e+06,0,0,0.777778,465,4,0,HOLD
2025-08-12 16:02:02 UTC,1h,ESPORTS-USDT,BTC-USDT,0.1309,119895.9,1.091780453e-06,,30,0.038065,-0.010582,0.017407,6.59088e+06,0,0,0.777778,465,4,0,HOLD
2025-08-12 16:02:02 UTC,1h,ETC-USDT,BTC-USDT,23.44,119895.9,0.0001955029321,,30,0.0631832,0.0393757,0.0144746,1.23032e+07,0,0,0.777778,465,4,0,HOLD
2025-08-12 16:02:02 UTC,1h,ETH-USDT,BTC-USDT,4468.22,119895.9,0.03726749622,,30,0.0448848,0.0368976,0.0106834,2.51766e+09,0,0,0.777778,465,4,0,HOLD
2025-08-12 16:02:02 UTC,1h,ETHFI-USDT,BTC-USDT,1.2181,119895.9,1.015964683e-05,,30,0.0567364,0.0124678,0.023315,1.34082e+07,0,0,0.777778,465,4,0,HOLD
2025-08-12 16:02:02 UTC,1h,ETHW-USDT,BTC-USDT,1.7135,119895.9,1.42915646e-05,,30,0.0537482,0.0344723,0.0151986,1.97184e+06,0,0,0.777778,465,4,0,HOLD
2025-08-12 16:02:02 UTC,1h,F-USDT,BTC-USDT,0.008055,119895.9,6.71832815e-08,,30,0.0301829,0.0171739,0.0115456,6.25299e+06,0,0,0.777778,465,4,0,HOLD
2025-08-12 16:02:02 UTC,1h,FARTCOIN-USDT,BTC-USDT,0.8881,119895.9,7.407259131e-06,,30,0.039078,0.0223322,0.0224396,6.05627e+07,0,0,0.777778,465,4,0,HOLD
2025-08-12 16:02:02 UTC,1h,FET-USDT,BTC-USDT,0.7177,119895.9,5.986026211e-06,,30,0.0534273,0.0291081,0.0146102,5.40896e+06,0,0,0.777778,465,4,0,HOLD
2025-08-12 16:02:02 UTC,1h,FHE-USDT,BTC-USDT,0.06349,119895.9,5.295427116e-07,,30,0.0268478,-0.00796875,0.0180456,6.44694e+06,0,0,0.777778,465,4,0,HOLD
2025-08-12 16:02:02 UTC,1h,FIDA-USDT,BTC-USDT,0.1026,119895.9,8.557423565e-07,,30,0.0648677,0.0490798,0.0162072,773355,0,0,0.777778,465,4,0,HOLD
2025-08-12 16:02:02 UTC,1h,FIL-USDT,BTC-USDT,2.581,119895.9,2.152700801e-05,,30,0.0487607,0.0352988,0.0119278,9.42741e+06,0,0,0.777778,465,4,0,HOLD
2025-08-12 16:02:02 UTC,1h,FIO-USDT,BTC-USDT,0.02107,119895.9,1.757357841e-07,,30,0.0508728,-0.0126523,0.0228151,6.44343e+06,0,0,0.777778,465,4,0,HOLD
2025-08-12 16:02:02 UTC,1h,FIS-USDT,BTC-USDT,0.12091,119895.9,1.008458171e-06,,30,0.0453917,0.0239668,0.0142314,6.32564e+06,0,0,0.777778,465,4,0,HOLD
2025-08-12 16:02:02 UTC,1h,FLM-USDT,BTC-USDT,0.03047,119895.9,2.541371306e-07,,30,0.0638966,0.0543253,0.0145576,709597,0,0,0.777778,465,4,0,HOLD
2025-08-12 16:02:02 UTC,1h,FLOCK-USDT,BTC-USDT,0.18371,119895.9,1.53224589e-06,,30,0.0215759,0.0745788,0.0304828,6.47589e+06,0,0,0.777778,465,4,0,HOLD
2025-08-12 16:02:02 UTC,1h,FLOKI-USDT,BTC-USDT,0.00011265,119895.9,9.395650727e-10,,30,0.0529021,0.0244634,0.0155539,6.43669e+06,0,0,0.777778,465,4,0,HOLD
2025-08-12 16:02:02 UTC,1h,FLOW-USDT,BTC-USDT,0.383,119895.9,3.194437841e-06,,30,0.0493151,0.0379404,0.0113764,2.42008e+06,0,0,0.777778,465,4,0,HOLD
2025-08-12 16:02:02 UTC,1h,FLUX-USDT,BTC-USDT,0.2285,119895.9,1.905819965e-06,,30,0.0529954,0.0410023,0.0161613,433073,0,0,0.777778,465,4,0,HOLD
2025-08-12 16:02:02 UTC,1h,FORM-USDT,BTC-USDT,3.7928,119895.9,3.163410926e-05,,30,-0.00727634,-0.0136017,0.00631271,2.1106e+06,0,0,0.777778,465,4,0,HOLD
2025-08-12 16:02:02 UTC,1h,FORTH-USDT,BTC-USDT,2.8466,119895.9,2.374226308e-05,,30,0.0250261,-0.0300862,0.0214893,1.67401e+06,0,0,0.777778,465,4,0,HOLD
2025-08-12 16:02:02 UTC,1h,FRAG-USDT,BTC-USDT,0.04349,119895.9,3.627313361e-07,,30,0.0317912,-0.0122644,0.0249483,6.26052e+06,0,0,0.777778,465,4,0,HOLD
2025-08-12 16:02:02 UTC,1h,FUEL-USDT,BTC-USDT,0.00747,119895.9,6.230404876e-08,,30,0.00134048,-0.0311284,0.0150124,350541,0,0,0.777778,465,4,0,HOLD
2025-08-12 16:02:02 UTC,1h,FUNTOKEN-USDT,BTC-USDT,0.009379,119895.9,7.822619456e-08,,30,0.0192349,0.0174658,0.0358323,1.05219e+07,0,0,0.777778,465,4,0,HOLD
2025-08-12 16:02:02 UTC,1h,FXS-USDT,BTC-USDT,3.152,119895.9,2.628947278e-05,,30,0.0474197,0.030099,0.0138619,2.11297e+06,0,0,0.777778,465,4,0,HOLD
2025-08-12 16:02:02 UTC,1h,G-USDT,BTC-USDT,0.01231,119895.9,1.026724016e-07,,30,0.0396959,0.0258333,0.0128235,6.22082e+06,0,0,0.777778,465,4,0,HOLD
2025-08-12 16:02:02 UTC,1h,GALA-USDT,BTC-USDT,0.01759,119895.9,1.467106048e-07,,30,0.0590006,0.0383707,0.016243,9.65273e+06,0,0,0.777778,465,4,0,HOLD
2025-08-12 16:02:02 UTC,1h,GAS-USDT,BTC-USDT,3.309,119895.9,2.759894208e-05,,30,0.0356808,0.0159656,0.0106636,1.91147e+06,0,0,0.777778,465,4,0,HOLD
2025-08-12 16:02:02 UTC,1h,GHST-USDT,BTC-USDT,0.5085,119895.9,4.241179223e-06,,30,0.117582,0.0685018,0.0274758,7.2201e+06,0,0,0.777778,465,4,0,HOLD
2025-08-12 16:02:02 UTC,1h,GLM-USDT,BTC-USDT,0.26151,119895.9,2.181142141e-06,,30,0.0346997,0.0162437,0.0104913,499535,0,0,0.777778,465,4,0,HOLD
2025-08-12 16:02:02 UTC,1h,GMT-USDT,BTC-USDT,0.04691,119895.9,3.912560813e-07,,30,0.0515579,0.0350838,0.0125925,663494,0,0,0.777778,465,4,0,HOLD
2025-08-12 16:02:02 UTC,1h,GMX-USDT,BTC-USDT,17.182,119895.9,0.0001433076527,,30,0.0296021,0.0201271,0.0155936,2.51512e+06,0,0,0.777778,465,4,0,HOLD
2025-08-12 16:02:02 UTC,1h,GOAT-USDT,BTC-USDT,0.10406,119895.9,8.679195869e-07,,30,0.0870156,0.0642258,0.0176478,6.62946e+06,0,0,0.777778,465,4,0,HOLD
2025-08-12 16:02:02 UTC,1h,GOR-USDT,BTC-USDT,0.01937,119895.9,1.615568172e-07,,30,0.187615,0.206854,0.0351058,6.4209e+06,0,0,0.777778,465,4,0,HOLD
2025-08-12 16:02:02 UTC,1h,GORK-USDT,BTC-USDT,0.00828,119895.9,6.905990947e-08,,30,0.0909091,0.106952,0.0195825,6.34228e+06,0,0,0.777778,465,4,0,HOLD
2025-08-12 16:02:02 UTC,1h,GPS-USDT,BTC-USDT,0.01604,119895.9,1.337827232e-07,,30,0.0463144,-0.026699,0.0223103,6.35416e+06,0,0,0.777778,465,4,0,HOLD
2025-08-12 16:02:02 UTC,1h,GRASS-USDT,BTC-USDT,0.8055,119895.9,6.71832815e-06,,30,0.0604265,0.0432586,0.0227543,7.31193e+06,0,0,0.777778,465,4,0,HOLD
2025-08-12 16:02:02 UTC,1h,GRIFFAIN-USDT,BTC-USDT,0.04437,119895.9,3.700710366e-07,,30,0.0709631,0.0309015,0.0213948,6.9172e+06,0,0,0.777778,465,4,0,HOLD
2025-08-12 16:02:02 UTC,1h,GRT-USDT,BTC-USDT,0.09831,119895.9,8.199613164e-07,,30,0.0606322,0.043963,0.0137248,2.64755e+06,0,0,0.777778,465,4,0,HOLD
2025-08-12 16:02:02 UTC,1h,GTC-USDT,BTC-USDT,0.307,119895.9,2.560554614e-06,,30,0.0659722,0.040678,0.0148906,1.92749e+06,0,0,0.777778,465,4,0,HOLD
2025-08-12 16:02:02 UTC,1h,GUN-USDT,BTC-USDT,0.03095,119895.9,2.581406036e-07,,30,0.0431412,0.0241562,0.0166859,6.28521e+06,0,0,0.777778,465,4,0,HOLD
2025-08-12 16:02:02 UTC,1h,H-USDT,BTC-USDT,0.03764,119895.9,3.139390088e-07,,30,0.0270123,0.0186739,0.0124108,6.38535e+06,0,0,0.777778,465,4,0,HOLD
2025-08-12 16:02:02 UTC,1h,HAEDAL-USDT,BTC-USDT,0.144109,119895.9,1.201951026e-06,,30,0.0487214,0.04523,0.015694,6.24266e+06,0,0,0.777778,465,4,0,HOLD
2025-08-12 16:02:02 UTC,1h,HBAR-USDT,BTC-USDT,0.25563,119895.9,2.132099596e-06,,30,0.0393153,0.0254322,0.0106432,1.31368e+07,0,0,0.777778,465,4,0,HOLD
2025-08-12 16:02:02 UTC,1h,HEI-USDT,BTC-USDT,0.5123,119895.9,4.272873384e-06,,30,-0.00640031,0.0223508,0.0229916,795430,0,0,0.777778,465,4,0,HOLD
2025-08-12 16:02:02 UTC,1h,HFT-USDT,BTC-USDT,0.09776,119895.9,8.153740036e-07,,30,-0.00346585,-0.0180796,0.0270707,6.44688e+06,0,0,0.777778,465,4,0,HOLD
2025-08-12 16:02:02 UTC,1h,HIFI-USDT,BTC-USDT,0.09419,119895.9,7.855981731e-07,,30,0.148098,0.13523,0.0282863,3.02007e+06,0,0,0.777778,465,4,0,HOLD
2025-08-12 16:02:02 UTC,1h,HIGH-USDT,BTC-USDT,0.6008,119895.9,5.011013721e-06,,30,0.0611091,0.0419702,0.0146352,5.48236e+06,0,0,0.777778,465,4,0,HOLD
2025-08-12 16:02:02 UTC,1h,HIPPO-USDT,BTC-USDT,0.002413,119895.9,2.012579246e-08,,30,0.0514161,0.00249273,0.0324433,2.10947e+06,0,0,0.777778,465,4,0,HOLD
2025-08-12 16:02:02 UTC,1h,HIVE-USDT,BTC-USDT,0.2246,119895.9,1.873291747e-06,,30,0.042566,0.0217451,0.00994148,408911,0,0,0.777778,465,4,0,HOLD
2025-08-12 16:02:02 UTC,1h,HMSTR-USDT,BTC-USDT,0.0007721,119895.9,6.439753153e-09,,30,0.0521941,0.0333244,0.015135,521190,0,0,0.777778,465,4,0,HOLD
2025-08-12 16:02:02 UTC,1h,HOME-USDT,BTC-USDT,0.042846,119895.9,3.573600098e-07,,30,0.0940987,0.089342,0.0152006,6.36194e+06,0,0,0.777778,465,4,0,HOLD
2025-08-12 16:02:02 UTC,1h,HOODX-USDT,BTC-USDT,115.44,119895.9,0.0009628352596,,30,0.0205092,0.014233,0.0081737,6.21872e+06,0,0,0.777778,465,4,0,HOLD
2025-08-12 16:02:02 UTC,1h,HOOK-USDT,BTC-USDT,0.1121,119895.9,9.349777599e-07,,30,0.0408542,0.0768492,0.0234485,5.84789e+06,0,0,0.777778,465,4,0,HOLD
2025-08-12 16:02:02 UTC,1h,HOT-USDT,BTC-USDT,0.001028,119895.9,8.574104702e-09,,30,0.0532787,0.0362903,0.0140356,1.88061e+06,0,0,0.777778,465,4,0,HOLD
2025-08-12 16:02:02 UTC,1h,HOUSE-USDT,BTC-USDT,0.02236,119895.9,1.864951178e-07,,30,0.101478,0.0145191,0.0423907,6.96289e+06,0,0,0.777778,465,4,0,HOLD
2025-08-12 16:02:02 UTC,1h,HUMA-USDT,BTC-USDT,0.037283,119895.9,3.109614257e-07,,30,0.120821,0.104747,0.0183557,6.51797e+06,0,0,0.777778,465,4,0,HOLD
2025-08-12 16:02:02 UTC,1h,HYPE-USDT,BTC-USDT,44.308,119895.9,0.0003695539214,,30,0.0428356,0.0174053,0.0161935,2.24396e+07,0,0,0.777778,465,4,0,HOLD
2025-08-12 16:02:02 UTC,1h,HYPERLANE-USDT,BTC-USDT,0.3859,119895.9,3.218625491e-06,,30,0.0604562,-0.00924262,0.0181764,6.95495e+06,0,0,0.777778,465,4,0,HOLD
2025-08-12 16:02:02 UTC,1h,ICNT-USDT,BTC-USDT,0.3798,119895.9,3.167748021e-06,,30,-0.0859206,0.100232,0.0715602,1.67523e+07,0,0,0.777778,465,4,0,HOLD
2025-08-12 16:02:02 UTC,1h,ICP-USDT,BTC-USDT,5.597,119895.9,4.668216344e-05,,30,0.0491097,0.0326568,0.0133873,5.24434e+06,0,0,0.777778,465,4,0,HOLD
2025-08-12 16:02:02 UTC,1h,ICX-USDT,BTC-USDT,0.135,119895.9,1.125976785e-06,,30,0.042471,0.0305344,0.0121164,308160,0,0,0.777778,465,4,0,HOLD
2025-08-12 16:02:02 UTC,1h,ID-USDT,BTC-USDT,0.17652,119895.9,1.4722772e-06,,30,0.00518194,0.0544173,0.0227251,2.53495e+06,0,0,0.777778,465,4,0,HOLD
2025-08-12 16:02:02 UTC,1h,IDOL-USDT,BTC-USDT,0.01687,119895.9,1.407053953e-07,,30,0.0162651,0.0793346,0.0589381,7.28014e+06,0,0,0.777778,465,4,0,HOLD
2025-08-12 16:02:02 UTC,1h,ILV-USDT,BTC-USDT,17.766,119895.9,0.0001481785449,,30,0.0406514,0.0300922,0.0154147,6.48447e+06,0,0,0.777778,465,4,0,HOLD
2025-08-12 16:02:02 UTC,1h,IMX-USDT,BTC-USDT,0.5857,119895.9,4.885071133e-06,,30,0.0610507,0.0368207,0.0186102,5.28321e+06,0,0,0.777778,465,4,0,HOLD
2025-08-12 16:02:02 UTC,1h,IN-USDT,BTC-USDT,0.09402,119895.9,7.841802764e-07,,30,0.0272042,0.0579498,0.039718,7.24704e+06,0,0,0.777778,465,4,0,HOLD
2025-08-12 16:02:02 UTC,1h,INIT-USDT,BTC-USDT,0.4618,119895.9,3.851674661e-06,,30,0.0881244,0.0860771,0.019226,6.40989e+06,0,0,0.777778,465,4,0,HOLD
2025-08-12 16:02:02 UTC,1h,INJ-USDT,BTC-USDT,14.504,119895.9,0.0001209716095,,30,0.0689071,0.0501774,0.0155425,3.03386e+07,0,0,0.777778,465,4,0,HOLD
2025-08-12 16:02:02 UTC,1h,IO-USDT,BTC-USDT,0.6332,119895.9,5.281248149e-06,,30,0.069414,0.0474773,0.0170901,9.3284e+06,0,0,0.777778,465,4,0,HOLD
2025-08-12 16:02:02 UTC,1h,IOST-USDT,BTC-USDT,0.003775,119895.9,3.148564713e-08,,30,0.0509465,0.0255365,0.0115043,1.97212e+06,0,0,0.777778,465,4,0,HOLD
2025-08-12 16:02:02 UTC,1h,IOTA-USDT,BTC-USDT,0.209,119895.9,1.743178874e-06,,30,0.0582278,0.043956,0.0137047,2.28288e+06,0,0,0.777778,465,4,0,HOLD
2025-08-12 16:02:02 UTC,1h,IP-USDT,BTC-USDT,5.81447,119895.9,4.849598694e-05,,30,0.0337552,-0.0402077,0.0217932,1.10958e+07,0,0,0.777778,465,4,0,HOLD
2025-08-12 16:02:02 UTC,1h,JASMY-USDT,BTC-USDT,0.017749,119895.9,1.480367552e-07,,30,0.0827843,0.0374679,0.0206651,4.74616e+06,0,0,0.777778,465,4,0,HOLD
2025-08-12 16:02:02 UTC,1h,JOE-USDT,BTC-USDT,0.16389,119895.9,1.366935817e-06,,30,0.0513182,0.0336802,0.0138551,1.90815e+06,0,0,0.777778,465,4,0,HOLD
2025-08-12 16:02:02 UTC,1h,JST-USDT,BTC-USDT,0.033833,119895.9,2.821864634e-07,,30,0.0185141,0.00358923,0.00611829,1.88093e+06,0,0,0.777778,465,4,0,HOLD
2025-08-12 16:02:02 UTC,1h,JTO-USDT,BTC-USDT,1.8399,119895.9,1.534581249e-05,,30,0.0534784,0.0286241,0.0123454,5.00315e+06,0,0,0.777778,465,4,0,HOLD
2025-08-12 16:02:02 UTC,1h,JUP-USDT,BTC-USDT,0.5195,119895.9,4.33292548e-06,,30,0.0580448,0.0371332,0.0155782,1.23788e+07,0,0,0.777778,465,4,0,HOLD
2025-08-12 16:02:02 UTC,1h,KAIA-USDT,BTC-USDT,0.1488,119895.9,1.241076634e-06,,30,0.0304709,0.0156997,0.0113287,6.49766e+06,0,0,0.777778,465,4,0,HOLD
2025-08-12 16:02:02 UTC,1h,KAITO-USDT,BTC-USDT,1.1982,119895.9,9.993669508e-06,,30,0.0778088,0.0495795,0.0148675,6.67114e+06,0,0,0.777778,465,4,0,HOLD
2025-08-12 16:02:02 UTC,1h,KAS-USDT,BTC-USDT,0.09133,119895.9,7.617441464e-07,,30,0.0495288,0.013539,0.0146799,7.59883e+06,0,0,0.777778,465,4,0,HOLD
2025-08-12 16:02:02 UTC,1h,KAVA-USDT,BTC-USDT,0.3841,119895.9,3.203612467e-06,,30,0.0237207,0.0185627,0.00619258,2.10531e+06,0,0,0.777778,465,4,0,HOLD
2025-08-12 16:02:02 UTC,1h,KDA-USDT,BTC-USDT,0.4273,119895.9,3.563925038e-06,,30,0.0548013,0.045766,0.0152787,2.02413e+06,0,0,0.777778,465,4,0,HOLD
2025-08-12 16:02:02 UTC,1h,KERNEL-USDT,BTC-USDT,0.201,119895.9,1.676454324e-06,,30,0.032888,0.000996016,0.0168443,6.52135e+06,0,0,0.777778,465,4,0,HOLD
2025-08-12 16:02:02 UTC,1h,KMNO-USDT,BTC-USDT,0.05407,119895.9,4.509745538e-07,,30,0.056261,0.0356254,0.013686,380654,0,0,0.777778,465,4,0,HOLD
2025-08-12 16:02:02 UTC,1h,KNC-USDT,BTC-USDT,0.4273,119895.9,3.563925038e-06,,30,0.0447433,0.0198091,0.0122029,2.11966e+06,0,0,0.777778,465,4,0,HOLD
2025-08-12 16:02:02 UTC,1h,KOMA-USDT,BTC-USDT,0.02442,119895.9,2.036766895e-07,,30,0.02133,0.0175,0.00927226,1.88405e+06,0,0,0.777778,465,4,0,HOLD
2025-08-12 16:02:02 UTC,1h,KSM-USDT,BTC-USDT,15.567,119895.9,0.0001298376341,,30,0.0562492,0.0383538,0.0129716,2.98243e+06,0,0,0.777778,465,4,0,HOLD
2025-08-12 16:02:02 UTC,1h,LA-USDT,BTC-USDT,0.4277,119895.9,3.567261266e-06,,30,0.166985,0.172102,0.0397475,1.10541e+07,0,0,0.777778,465,4,0,HOLD
2025-08-12 16:02:02 UTC,1h,LAUNCHCOIN-USDT,BTC-USDT,0.07126,119895.9,5.94348931e-07,,30,0.0410519,0.0583692,0.0208392,6.46366e+06,0,0,0.777778,465,4,0,HOLD
2025-08-12 16:02:02 UTC,1h,LAYER-USDT,BTC-USDT,0.6258,119895.9,5.21952794e-06,,30,0.0359212,0.0159091,0.0105693,6.33381e+06,0,0,0.777778,465,4,0,HOLD
2025-08-12 16:02:02 UTC,1h,LDO-USDT,BTC-USDT,1.5869,119895.9,1.323564859e-05,,30,0.0809946,0.0288511,0.0293609,3.35863e+07,0,0,0.777778,465,4,0,HOLD
2025-08-12 16:02:02 UTC,1h,LINK-USDT,BTC-USDT,23.992,119895.9,0.0002001069261,,30,0.130791,0.112853,0.0190212,7.49958e+07,0,0,0.777778,465,4,0,HOLD
2025-08-12 16:02:02 UTC,1h,LISTA-USDT,BTC-USDT,0.3071,119895.9,2.561388671e-06,,30,0.0438477,0.0253756,0.0208634,4.55592e+06,0,0,0.777778,465,4,0,HOLD
2025-08-12 16:02:02 UTC,1h,LPT-USDT,BTC-USDT,6.778,119895.9,5.653237517e-05,,30,0.0711125,0.03973,0.0148485,2.33387e+06,0,0,0.777778,465,4,0,HOLD
2025-08-12 16:02:02 UTC,1h,LQTY-USDT,BTC-USDT,1.0456,119895.9,8.720898713e-06,,30,0.0542448,0.0171206,0.0170374,1.00279e+06,0,0,0.777778,465,4,0,HOLD
2025-08-12 16:02:02 UTC,1h,LRC-USDT,BTC-USDT,0.09028,119895.9,7.529865492e-07,,30,0.0714455,0.0559064,0.0145025,465505,0,0,0.777778,465,4,0,HOLD
2025-08-12 16:02:02 UTC,1h,LTC-USDT,BTC-USDT,123.97,119895.9,0.001033980311,,30,0.042904,0.034808,0.0117137,4.38534e+07,0,0,0.777778,465,4,0,HOLD
2025-08-12 16:02:02 UTC,1h,LUMIA-USDT,BTC-USDT,0.3474,119895.9,2.897513593e-06,,30,0.0643382,0.0370149,0.0199235,627723,0,0,0.777778,465,4,0,HOLD
2025-08-12 16:02:02 UTC,1h,LUNA-USDT,BTC-USDT,0.1652,119895.9,1.377861962e-06,,30,0.0468948,0.0318551,0.0143117,1.99703e+06,0,0,0.777778,465,4,0,HOLD
2025-08-12 16:02:02 UTC,1h,LUNC-USDT,BTC-USDT,6.252e-05,119895.9,5.214523599e-10,,30,0.0451354,0.0222368,0.0110936,1.14184e+06,0,0,0.777778,465,4,0,HOLD
2025-08-12 16:02:02 UTC,1h,M-USDT,BTC-USDT,0.4441,119895.9,3.704046594e-06,,30,-0.00936873,-0.0476088,0.0210216,7.42864e+06,0,0,0.777778,465,4,0,HOLD
2025-08-12 16:02:02 UTC,1h,MAGIC-USDT,BTC-USDT,0.2709,119895.9,2.259460082e-06,,30,0.0168919,0.0312143,0.0307177,1.18202e+07,0,0,0.777778,465,4,0,HOLD
2025-08-12 16:02:02 UTC,1h,MANA-USDT,BTC-USDT,0.3035,119895.9,2.531362624e-06,,30,0.0509003,0.0333674,0.0126853,2.29821e+06,0,0,0.777778,465,4,0,HOLD
2025-08-12 16:02:02 UTC,1h,MANTA-USDT,BTC-USDT,0.235,119895.9,1.960033663e-06,,30,0.0745313,0.0576058,0.0190578,1.03636e+06,0,0,0.777778,465,4,0,HOLD
2025-08-12 16:02:02 UTC,1h,MASK-USDT,BTC-USDT,1.3461,119895.9,1.122723963e-05,,30,0.0672322,0.0417118,0.0138071,2.21145e+06,0,0,0.777778,465,4,0,HOLD
2025-08-12 16:02:02 UTC,1h,MAV-USDT,BTC-USDT,0.06012,119895.9,5.014349949e-07,,30,0.000665779,0.115399,0.0415479,4.06177e+06,0,0,0.777778,465,4,0,HOLD
2025-08-12 16:02:02 UTC,1h,MAVIA-USDT,BTC-USDT,0.1888,119895.9,1.574699385e-06,,30,0.0150538,0.0210925,0.0296232,9.84609e+06,0,0,0.777778,465,4,0,HOLD
2025-08-12 16:02:02 UTC,1h,MBOX-USDT,BTC-USDT,0.06194,119895.9,5.1661483e-07,,30,0.109241,0.074974,0.0187047,725850,0,0,0.777778,465,4,0,HOLD
2025-08-12 16:02:02 UTC,1h,ME-USDT,BTC-USDT,0.7435,119895.9,6.201212886e-06,,30,0.0432159,0.0241047,0.0114901,713898,0,0,0.777778,465,4,0,HOLD
2025-08-12 16:02:02 UTC,1h,MELANIA-USDT,BTC-USDT,0.2235,119895.9,1.864117122e-06,,30,0.0547428,0.0332871,0.0144455,728041,0,0,0.777778,465,4,0,HOLD
2025-08-12 16:02:02 UTC,1h,MEME-USDT,BTC-USDT,0.001788,119895.9,1.491293697e-08,,30,0.0604982,0.041958,0.0163391,2.2498e+06,0,0,0.777778,465,4,0,HOLD
2025-08-12 16:02:02 UTC,1h,MERL-USDT,BTC-USDT,0.11607,119895.9,9.680898179e-07,,30,0.0512635,0.0300852,0.0129355,6.24442e+06,0,0,0.777778,465,4,0,HOLD
2025-08-12 16:02:02 UTC,1h,METAX-USDT,BTC-USDT,789.28,119895.9,0.006583044124,,30,0.0280028,0.0279091,0.00661815,6.23454e+06,0,0,0.777778,465,4,0,HOLD
2025-08-12 16:02:02 UTC,1h,METIS-USDT,BTC-USDT,18.45,119895.9,0.0001538834939,,30,0.0720511,0.0417843,0.0195896,2.07756e+06,0,0,0.777778,465,4,0,HOLD
2025-08-12 16:02:02 UTC,1h,MEW-USDT,BTC-USDT,0.003227,119895.9,2.691501544e-08,,30,0.0625617,0.0362877,0.0160919,3.47678e+06,0,0,0.777778,465,4,0,HOLD
2025-08-12 16:02:02 UTC,1h,MILK-USDT,BTC-USDT,0.05258,119895.9,4.385471063e-07,,30,0.0323974,0.0160386,0.014753,6.2816e+06,0,0,0.777778,465,4,0,HOLD
2025-08-12 16:02:02 UTC,1h,MINA-USDT,BTC-USDT,0.1969,119895.9,1.642257992e-06,,30,0.0580333,0.0417989,0.0145832,2.06762e+06,0,0,0.777778,465,4,0,HOLD
2025-08-12 16:02:02 UTC,1h,MKR-USDT,BTC-USDT,2013.1,119895.9,0.016790399,,30,0.0199108,-0.00876459,0.0121135,7.30657e+06,0,0,0.777778,465,4,0,HOLD
2025-08-12 16:02:02 UTC,1h,MLN-USDT,BTC-USDT,8.52,119895.9,7.106164598e-05,,30,0.0359922,0.0321018,0.0120473,6.30708e+06,0,0,0.777778,465,4,0,HOLD
2025-08-12 16:02:02 UTC,1h,MNT-USDT,BTC-USDT,1.02934,119895.9,8.585281065e-06,,30,0.014288,0.0366797,0.020806,7.1388e+06,0,0,0.777778,465,4,0,HOLD
2025-08-12 16:02:02 UTC,1h,MOODENG-USDT,BTC-USDT,0.17974,119895.9,1.499133832e-06,,30,0.0203224,0.0104565,0.0227591,1.0032e+07,0,0,0.777778,465,4,0,HOLD
2025-08-12 16:02:02 UTC,1h,MORPHO-USDT,BTC-USDT,2.1707,119895.9,1.810487264e-05,,30,0.0677324,0.0297438,0.0157915,684761,0,0,0.777778,465,4,0,HOLD
2025-08-12 16:02:02 UTC,1h,MOVE-USDT,BTC-USDT,0.142,119895.9,1.184360766e-06,,30,0.0541945,0.0297317,0.0133803,6.84801e+06,0,0,0.777778,465,4,0,HOLD
2025-08-12 16:02:02 UTC,1h,MOVR-USDT,BTC-USDT,6.775,119895.9,5.650735346e-05,,30,0.0397483,0.0186438,0.01398,1.94997e+06,0,0,0.777778,465,4,0,HOLD
2025-08-12 16:02:02 UTC,1h,MTL-USDT,BTC-USDT,0.7636,119895.9,6.368858318e-06,,30,0.0461707,0.0273106,0.010748,501684,0,0,0.777778,465,4,0,HOLD
2025-08-12 16:02:02 UTC,1h,MUBARAK-USDT,BTC-USDT,0.03823,119895.9,3.188599443e-07,,30,0.0929102,0.0681755,0.0178431,2.36901e+06,0,0,0.777778,465,4,0,HOLD
2025-08-12 16:02:02 UTC,1h,MYRO-USDT,BTC-USDT,0.02678,119895.9,2.233604318e-07,,30,0.103875,0.0448693,0.0401419,1.097e+07,0,0,0.777778,465,4,0,HOLD
2025-08-12 16:02:02 UTC,1h,MYX-USDT,BTC-USDT,1.70169,119895.9,1.419306248e-05,,30,0.000746874,0.0440456,0.0239816,1.31287e+07,0,0,0.777778,465,4,0,HOLD
2025-08-12 16:02:02 UTC,1h,NAORIS-USDT,BTC-USDT,0.03101,119895.9,2.586410378e-07,,30,0.0395575,0.0150573,0.0255908,6.57523e+06,0,0,0.777778,465,4,0,HOLD
2025-08-12 16:02:02 UTC,1h,NEAR-USDT,BTC-USDT,2.7394,119895.9,2.284815411e-05,,30,0.0588281,0.042469,0.0141637,1.25424e+07,0,0,0.777778,465,4,0,HOLD
2025-08-12 16:02:02 UTC,1h,NEIROCTO-USDT,BTC-USDT,0.0004237,119895.9,3.533898991e-09,,30,0.0808673,0.0547672,0.0184935,6.84669e+06,0,0,0.777778,465,4,0,HOLD
2025-08-12 16:02:02 UTC,1h,NEIROETH-USDT,BTC-USDT,0.12156,119895.9,1.013879541e-06,,30,-0.00718719,-0.0348551,0.0196082,1.34917e+06,0,0,0.777778,465,4,0,HOLD
2025-08-12 16:02:02 UTC,1h,NEO-USDT,BTC-USDT,6.486,119895.9,5.409692909e-05,,30,0.0572127,0.0318167,0.0136778,2.90058e+06,0,0,0.777778,465,4,0,HOLD
2025-08-12 16:02:02 UTC,1h,NEWT-USDT,BTC-USDT,0.3475,119895.9,2.89834765e-06,,30,0.0416667,0,0.0154573,6.50218e+06,0,0,0.777778,465,4,0,HOLD
2025-08-12 16:02:02 UTC,1h,NFP-USDT,BTC-USDT,0.07346,119895.9,6.126981823e-07,,30,0.0609474,0.0427253,0.0187371,562789,0,0,0.777778,465,4,0,HOLD
2025-08-12 16:02:02 UTC,1h,NIL-USDT,BTC-USDT,0.3137,119895.9,2.616436425e-06,,30,0.0626694,0.0339486,0.016508,6.25256e+06,0,0,0.777778,465,4,0,HOLD
2025-08-12 16:02:02 UTC,1h,NMR-USDT,BTC-USDT,8.98,119895.9,7.489830762e-05,,30,0.0617167,0.0393519,0.0136892,4.29657e+06,0,0,0.777778,465,4,0,HOLD
2025-08-12 16:02:02 UTC,1h,NOT-USDT,BTC-USDT,0.002219,119895.9,1.850772212e-08,,30,0.0462046,0.0268394,0.01529,5.58094e+06,0,0,0.777778,465,4,0,HOLD
2025-08-12 16:02:02 UTC,1h,NTRN-USDT,BTC-USDT,0.09401,119895.9,7.840968707e-07,,30,0.0849394,0.0709729,0.0143678,1.91623e+06,0,0,0.777778,465,4,0,HOLD
2025-08-12 16:02:02 UTC,1h,NVDAX-USDT,BTC-USDT,182.15,119895.9,0.001519234603,,30,-5.48968e-05,0.000604263,0.0056037,6.22622e+06,0,0,0.777778,465,4,0,HOLD
2025-08-12 16:02:02 UTC,1h,NXPC-USDT,BTC-USDT,0.9191,119895.9,7.665816763e-06,,30,0.0382495,0.0159506,0.00951319,6.42294e+06,0,0,0.777778,465,4,0,HOLD
2025-08-12 16:02:02 UTC,1h,OBOL-USDT,BTC-USDT,0.13296,119895.9,1.108962025e-06,,30,0.0536493,0.0061294,0.0191787,6.34685e+06,0,0,0.777778,465,4,0,HOLD
2025-08-12 16:02:02 UTC,1h,OG-USDT,BTC-USDT,14.1799,119895.9,0.0001182684312,,30,0.069947,0.0472058,0.0261829,7.92288e+06,0,0,0.777778,465,4,0,HOLD
2025-08-12 16:02:02 UTC,1h,OL-USDT,BTC-USDT,0.04203,119895.9,3.505541057e-07,,30,0.0689217,-0.00261035,0.0263247,1.92294e+06,0,0,0.777778,465,4,0,HOLD
2025-08-12 16:02:02 UTC,1h,OM-USDT,BTC-USDT,0.27602,119895.9,2.302163794e-06,,30,0.064235,0.0352562,0.0150351,8.79175e+06,0,0,0.777778,465,4,0,HOLD
2025-08-12 16:02:02 UTC,1h,OMNINETWORK-USDT,BTC-USDT,4.33,119895.9,3.61146628e-05,,30,0.0289924,-0.0174722,0.0170076,1.40395e+06,0,0,0.777778,465,4,0,HOLD
2025-08-12 16:02:02 UTC,1h,ONDO-USDT,BTC-USDT,1.0396,119895.9,8.6708553e-06,,30,0.0636382,0.0425191,0.0143943,1.77878e+07,0,0,0.777778,465,4,0,HOLD
2025-08-12 16:02:02 UTC,1h,ONE-USDT,BTC-USDT,0.01119,119895.9,9.333096461e-08,,30,0.0636882,0.0457944,0.0159581,1.96917e+06,0,0,0.777778,465,4,0,HOLD
2025-08-12 16:02:02 UTC,1h,ONG-USDT,BTC-USDT,0.17791,119895.9,1.483870591e-06,,30,0.0516018,0.0152942,0.0098806,257373,0,0,0.777778,465,4,0,HOLD
2025-08-12 16:02:02 UTC,1h,ONT-USDT,BTC-USDT,0.1423,119895.9,1.186862937e-06,,30,0.0548554,0.0289226,0.0131513,1.87379e+06,0,0,0.777778,465,4,0,HOLD
2025-08-12 16:02:02 UTC,1h,OP-USDT,BTC-USDT,0.7818,119895.9,6.52065667e-06,,30,0.0515131,0.0301753,0.0159157,1.44175e+07,0,0,0.777778,465,4,0,HOLD
2025-08-12 16:02:02 UTC,1h,ORCA-USDT,BTC-USDT,2.586,119895.9,2.156871086e-05,,30,0.0503656,-0.0415122,0.0272898,7.20595e+06,0,0,0.777778,465,4,0,HOLD
2025-08-12 16:02:02 UTC,1h,ORDER-USDT,BTC-USDT,0.1209,119895.9,1.008374765e-06,,30,0.00918197,0.03157,0.0164835,430823,0,0,0.777778,465,4,0,HOLD
2025-08-12 16:02:02 UTC,1h,ORDI-USDT,BTC-USDT,10.106,119895.9,8.428978806e-05,,30,0.0730516,0.0397119,0.0178465,7.36943e+06,0,0,0.777778,465,4,0,HOLD
2025-08-12 16:02:02 UTC,1h,OXT-USDT,BTC-USDT,0.05563,119895.9,4.639858411e-07,,30,0.0290418,0.0140357,0.0102591,1.88314e+06,0,0,0.777778,465,4,0,HOLD
2025-08-12 16:02:02 UTC,1h,PARTI-USDT,BTC-USDT,0.1953,119895.9,1.628913082e-06,,30,0.0742574,0.0619902,0.0175188,6.32487e+06,0,0,0.777778,465,4,0,HOLD
2025-08-12 16:02:02 UTC,1h,PAXG-USDT,BTC-USDT,3346.11,119895.9,0.02790846059,,30,0.000367726,-0.00147119,0.00264166,7.35558e+06,0,0,0.777778,465,4,0,HOLD
2025-08-12 16:02:02 UTC,1h,PENDLE-USDT,BTC-USDT,5.647,119895.9,4.709919188e-05,,30,0.0577283,0.0257761,0.0171343,1.37449e+07,0,0,0.777778,465,4,0,HOLD
2025-08-12 16:02:02 UTC,1h,PENGU-USDT,BTC-USDT,0.036956,119895.9,3.082340597e-07,,30,0.0607652,0.017483,0.0184447,2.76139e+07,0,0,0.777778,465,4,0,HOLD
2025-08-12 16:02:02 UTC,1h,PEOPLE-USDT,BTC-USDT,0.02025,119895.9,1.688965177e-07,,30,0.075983,0.0585468,0.0173192,6.30152e+06,0,0,0.777778,465,4,0,HOLD
2025-08-12 16:02:02 UTC,1h,PERP-USDT,BTC-USDT,0.2908,119895.9,2.4254374e-06,,30,0.0570702,0.0363507,0.0155728,1.98771e+06,0,0,0.777778,465,4,0,HOLD
2025-08-12 16:02:02 UTC,1h,PHA-USDT,BTC-USDT,0.11041,119895.9,9.208821986e-07,,30,0.0589871,0.0380782,0.0137992,414608,0,0,0.777778,465,4,0,HOLD
2025-08-12 16:02:02 UTC,1h,PHB-USDT,BTC-USDT,0.6033,119895.9,5.031865143e-06,,30,0.0659011,0.0387397,0.0174753,2.01467e+06,0,0,0.777778,465,4,0,HOLD
2025-08-12 16:02:02 UTC,1h,PI-USDT,BTC-USDT,0.3854,119895.9,3.214455207e-06,,30,0.0147446,-0.00899974,0.0154756,8.86469e+06,0,0,0.777778,465,4,0,HOLD
2025-08-12 16:02:02 UTC,1h,PIXEL-USDT,BTC-USDT,0.03609,119895.9,3.010111272e-07,,30,0.06712,0.0503492,0.0178918,417731,0,0,0.777778,465,4,0,HOLD
2025-08-12 16:02:02 UTC,1h,PLAYSOUT-USDT,BTC-USDT,0.05062,119895.9,4.221995915e-07,,30,0.0572264,0.0324291,0.0297313,6.66181e+06,0,0,0.777778,465,4,0,HOLD
2025-08-12 16:02:02 UTC,1h,PLUME-USDT,BTC-USDT,0.09637,119895.9,8.03780613e-07,,30,0.0653327,0.0393658,0.0169214,6.43827e+06,0,0,0.777778,465,4,0,HOLD
2025-08-12 16:02:02 UTC,1h,PNUT-USDT,BTC-USDT,0.25181,119895.9,2.100238624e-06,,30,0.0713496,0.0489898,0.0161261,8.36328e+06,0,0,0.777778,465,4,0,HOLD
2025-08-12 16:02:02 UTC,1h,POL-USDT,BTC-USDT,0.24332,119895.9,2.029427195e-06,,30,0.0463126,0.0219236,0.013034,7.5118e+06,0,0,0.777778,465,4,0,HOLD
2025-08-12 16:02:02 UTC,1h,POLYX-USDT,BTC-USDT,0.14497,119895.9,1.209132256e-06,,30,0.0463371,0.0259005,0.0106229,1.89496e+06,0,0,0.777778,465,4,0,HOLD
2025-08-12 16:02:02 UTC,1h,PONKE-USDT,BTC-USDT,0.11776,119895.9,9.821853791e-07,,30,0.0639682,0.0325296,0.0180452,6.29621e+06,0,0,0.777778,465,4,0,HOLD
2025-08-12 16:02:02 UTC,1h,POPCAT-USDT,BTC-USDT,0.321,119895.9,2.677322577e-06,,30,0.0689311,0.0341495,0.0178905,9.36269e+06,0,0,0.777778,465,4,0,HOLD
2025-08-12 16:02:02 UTC,1h,PORT3-USDT,BTC-USDT,0.04491,119895.9,3.745749438e-07,,30,0.026749,-0.0442647,0.0486688,1.01365e+07,0,0,0.777778,465,4,0,HOLD
2025-08-12 16:02:02 UTC,1h,PORTAL-USDT,BTC-USDT,0.05088,119895.9,4.243681394e-07,,30,0.0556017,0.0264273,0.0205104,796453,0,0,0.777778,465,4,0,HOLD
2025-08-12 16:02:02 UTC,1h,POWR-USDT,BTC-USDT,0.1759,119895.9,1.467106048e-06,,30,0.0408284,0.0274533,0.0112483,1.88331e+06,0,0,0.777778,465,4,0,HOLD
2025-08-12 16:02:02 UTC,1h,PRCL-USDT,BTC-USDT,0.0909,119895.9,7.581577018e-07,,30,0.0619159,0.0424312,0.0187804,6.25872e+06,0,0,0.777778,465,4,0,HOLD
2025-08-12 16:02:02 UTC,1h,PROM-USDT,BTC-USDT,10.19,119895.9,8.499039584e-05,,30,0.00483187,0.0529035,0.0255082,5.21763e+06,0,0,0.777778,465,4,0,HOLD
2025-08-12 16:02:02 UTC,1h,PROMPT-USDT,BTC-USDT,0.1262,119895.9,1.05257978e-06,,30,0.045048,0.0174958,0.0169912,6.3266e+06,0,0,0.777778,465,4,0,HOLD
2025-08-12 16:02:02 UTC,1h,PROVE-USDT,BTC-USDT,1.47,119895.9,1.22606361e-05,,30,-0.0406578,-0.141556,0.0426433,5.18e+07,0,0,0.777778,465,4,0,HOLD
2025-08-12 16:02:02 UTC,1h,PUFFER-USDT,BTC-USDT,0.2375,119895.9,1.980885084e-06,,30,0.0746606,0.101066,0.021203,605187,0,0,0.777778,465,4,0,HOLD
2025-08-12 16:02:02 UTC,1h,PUMP-USDT,BTC-USDT,0.003737,119895.9,3.116870552e-08,,30,0.0686303,0.0260846,0.0241217,3.865e+07,0,0,0.777778,465,4,0,HOLD
2025-08-12 16:02:02 UTC,1h,PUMPBTC-USDT,BTC-USDT,0.04223,119895.9,3.522222194e-07,,30,0.0375921,0.0195558,0.0180474,3.1683e+06,0,0,0.777778,465,4,0,HOLD
2025-08-12 16:02:02 UTC,1h,PUNDIX-USDT,BTC-USDT,0.3158,119895.9,2.63395162e-06,,30,0.0388158,0.0177248,0.0122139,6.21903e+06,0,0,0.777778,465,4,0,HOLD
2025-08-12 16:02:02 UTC,1h,PYTH-USDT,BTC-USDT,0.12663,119895.9,1.056166224e-06,,30,0.0630457,0.0387171,0.0161607,2.32456e+06,0,0,0.777778,465,4,0,HOLD
2025-08-12 16:02:02 UTC,1h,QNT-USDT,BTC-USDT,114.17,119895.9,0.0009522427372,,30,0.0416971,0.032652,0.00931568,2.39165e+06,0,0,0.777778,465,4,0,HOLD
2025-08-12 16:02:02 UTC,1h,QUICK-USDT,BTC-USDT,0.02426,119895.9,2.023421985e-07,,30,0.0547826,0.0292745,0.0135438,1.88035e+06,0,0,0.777778,465,4,0,HOLD
2025-08-12 16:02:02 UTC,1h,RARE-USDT,BTC-USDT,0.06031,119895.9,5.030197029e-07,,30,0.0457777,0.0276027,0.0129332,9.31721e+06,0,0,0.777778,465,4,0,HOLD
2025-08-12 16:02:02 UTC,1h,RATS-USDT,BTC-USDT,1.709e-05,119895.9,1.425403204e-10,,30,0.0641345,0.0433455,0.0157987,3.06127e+06,0,0,0.777778,465,4,0,HOLD
2025-08-12 16:02:02 UTC,1h,RAY-USDT,BTC-USDT,3.2215,119895.9,2.686914231e-05,,30,0.0674995,0.0233807,0.0158755,2.02653e+06,0,0,0.777778,465,4,0,HOLD
2025-08-12 16:02:02 UTC,1h,RDO-USDT,BTC-USDT,0.000798,119895.9,6.655773884e-09,,30,0.0283505,0.0798376,0.033208,1.28377e+06,0,0,0.777778,465,4,0,HOLD
2025-08-12 16:02:02 UTC,1h,REDSTONE-USDT,BTC-USDT,0.4254,119895.9,3.548077958e-06,,30,0.0608479,0.00282885,0.0179663,6.27736e+06,0,0,0.777778,465,4,0,HOLD
2025-08-12 16:02:02 UTC,1h,RENDER-USDT,BTC-USDT,3.932,119895.9,3.279511643e-05,,30,0.0586968,0.0410379,0.0144783,5.37381e+06,0,0,0.777778,465,4,0,HOLD
2025-08-12 16:02:02 UTC,1h,RESOLV-USDT,BTC-USDT,0.18884,119895.9,1.575033008e-06,,30,0.0585795,0.00607352,0.0225361,7.34614e+06,0,0,0.777778,465,4,0,HOLD
2025-08-12 16:02:02 UTC,1h,REX-USDT,BTC-USDT,0.02046,119895.9,1.706480372e-07,,30,0.0245368,-0.0172911,0.0297095,6.69868e+06,0,0,0.777778,465,4,0,HOLD
2025-08-12 16:02:02 UTC,1h,REZ-USDT,BTC-USDT,0.01486,119895.9,1.23940852e-07,,30,0.0576512,0.0637079,0.0249471,6.55472e+06,0,0,0.777778,465,4,0,HOLD
2025-08-12 16:02:02 UTC,1h,RFC-USDT,BTC-USDT,0.00799,119895.9,6.664114453e-08,,30,0,-0.00249688,0.01484,287122,0,0,0.777778,465,4,0,HOLD
2025-08-12 16:02:02 UTC,1h,RHEA-USDT,BTC-USDT,0.06634,119895.9,5.533133326e-07,,30,0.0471981,-0.0656338,0.0386968,6.35876e+06,0,0,0.777778,465,4,0,HOLD
2025-08-12 16:02:02 UTC,1h,RLC-USDT,BTC-USDT,1.0321,119895.9,8.608301034e-06,,30,0.0801675,0.0707542,0.0161875,342990,0,0,0.777778,465,4,0,HOLD
2025-08-12 16:02:02 UTC,1h,ROAM-USDT,BTC-USDT,0.0824,119895.9,6.872628672e-07,,30,0.0287141,0.012285,0.0102288,399633,0,0,0.777778,465,4,0,HOLD
2025-08-12 16:02:02 UTC,1h,ROSE-USDT,BTC-USDT,0.0287,119895.9,2.393743239e-07,,30,0.0681057,0.043257,0.0161772,2.29223e+06,0,0,0.777778,465,4,0,HOLD
2025-08-12 16:02:02 UTC,1h,RPL-USDT,BTC-USDT,8.756,119895.9,7.303002021e-05,,30,0.0839317,0.0655957,0.0230373,6.47144e+06,0,0,0.777778,465,4,0,HOLD
2025-08-12 16:02:02 UTC,1h,RSR-USDT,BTC-USDT,0.009687,119895.9,8.079508974e-08,,30,0.0980503,0.0528203,0.0208084,2.44479e+06,0,0,0.777778,465,4,0,HOLD
2025-08-12 16:02:02 UTC,1h,RUNE-USDT,BTC-USDT,1.446,119895.9,1.206046245e-05,,30,0.0663717,0.0463097,0.0145722,6.01037e+06,0,0,0.777778,465,4,0,HOLD
2025-08-12 16:02:02 UTC,1h,RVN-USDT,BTC-USDT,0.01445,119895.9,1.205212188e-07,,30,0.0516739,0.0321429,0.014088,744356,0,0,0.777778,465,4,0,HOLD
2025-08-12 16:02:02 UTC,1h,S-USDT,BTC-USDT,0.3126,119895.9,2.6072618e-06,,30,0.0618207,0.0289664,0.0154236,6.8912e+06,0,0,0.777778,465,4,0,HOLD
2025-08-12 16:02:02 UTC,1h,SAFE-USDT,BTC-USDT,0.4477,119895.9,3.734072641e-06,,30,0.0426176,0.0186576,0.0131944,6.25479e+06,0,0,0.777778,465,4,0,HOLD
2025-08-12 16:02:02 UTC,1h,SAGA-USDT,BTC-USDT,0.2754,119895.9,2.296992641e-06,,30,0.0695146,0.0555768,0.0197116,3.55022e+06,0,0,0.777778,465,4,0,HOLD
2025-08-12 16:02:02 UTC,1h,SAHARA-USDT,BTC-USDT,0.09608,119895.9,8.013618481e-07,,30,0.0384782,0.0188759,0.0166751,8.42195e+06,0,0,0.777778,465,4,0,HOLD
2025-08-12 16:02:02 UTC,1h,SAND-USDT,BTC-USDT,0.29481,119895.9,2.458883081e-06,,30,0.0546632,0.0372599,0.0126353,2.80028e+06,0,0,0.777778,465,4,0,HOLD
2025-08-12 16:02:02 UTC,1h,SANTOS-USDT,BTC-USDT,2.829,119895.9,2.359546907e-05,,30,0.0212996,-0.01291,0.0236833,6.51289e+06,0,0,0.777778,465,4,0,HOLD
2025-08-12 16:02:02 UTC,1h,SCR-USDT,BTC-USDT,0.377,119895.9,3.144394429e-06,,30,0.140351,0.170807,0.0279651,1.93168e+06,0,0,0.777778,465,4,0,HOLD
2025-08-12 16:02:02 UTC,1h,SEI-USDT,BTC-USDT,0.3172,119895.9,2.645628416e-06,,30,0.0559254,0.0325521,0.0161683,1.42073e+07,0,0,0.777778,465,4,0,HOLD
2025-08-12 16:02:02 UTC,1h,SERAPH-USDT,BTC-USDT,0.15114,119895.9,1.260593565e-06,,30,0.0241919,-0.00349443,0.00952759,392435,0,0,0.777778,465,4,0,HOLD
2025-08-12 16:02:02 UTC,1h,SFP-USDT,BTC-USDT,0.5153,119895.9,4.297895091e-06,,30,0.0471449,0.0271078,0.0100912,516753,0,0,0.777778,465,4,0,HOLD
2025-08-12 16:02:02 UTC,1h,SHELL-USDT,BTC-USDT,0.1748,119895.9,1.457931422e-06,,30,0.0568319,0.0398572,0.0271739,6.34964e+06,0,0,0.777778,465,4,0,HOLD
2025-08-12 16:02:02 UTC,1h,SHIB-USDT,BTC-USDT,1.34e-05,119895.9,1.117636216e-10,,30,0.0481032,0.023057,0.0124147,9.2002e+06,0,0,0.777778,465,4,0,HOLD
2025-08-12 16:02:02 UTC,1h,SIDEKICK-USDT,BTC-USDT,0.2277,119895.9,1.89914751e-06,,30,0.0590698,0.0151583,0.0410628,6.63349e+06,0,0,0.777778,465,4,0,HOLD
2025-08-12 16:02:02 UTC,1h,SIGN-USDT,BTC-USDT,0.06978,119895.9,5.820048892e-07,,30,0.0285967,0.00998697,0.00922286,6.28087e+06,0,0,0.777778,465,4,0,HOLD
2025-08-12 16:02:02 UTC,1h,SIREN-USDT,BTC-USDT,0.09515,119895.9,7.936051191e-07,,30,0.00326866,-0.0248027,0.0209068,2.22169e+06,0,0,0.777778,465,4,0,HOLD
2025-08-12 16:02:02 UTC,1h,SKATE-USDT,BTC-USDT,0.04697,119895.9,3.917565154e-07,,30,0.025322,-0.0111579,0.0163934,6.36525e+06,0,0,0.777778,465,4,0,HOLD
2025-08-12 16:02:02 UTC,1h,SKL-USDT,BTC-USDT,0.0214,119895.9,1.784881718e-07,,30,0.0620347,0.0363196,0.0155207,1.90433e+06,0,0,0.777778,465,4,0,HOLD
2025-08-12 16:02:02 UTC,1h,SKYAI-USDT,BTC-USDT,0.06843,119895.9,5.707451214e-07,,30,0.00514101,0.011231,0.0110227,6.2686e+06,0,0,0.777778,465,4,0,HOLD
2025-08-12 16:02:02 UTC,1h,SLERF-USDT,BTC-USDT,0.07705,119895.9,6.426408242e-07,,30,0.0402322,0.0216123,0.0137758,1.95347e+06,0,0,0.777778,465,4,0,HOLD
2025-08-12 16:02:02 UTC,1h,SLP-USDT,BTC-USDT,0.001985,119895.9,1.655602902e-08,,30,0.0530504,0.0376372,0.0152933,1.91894e+06,0,0,0.777778,465,4,0,HOLD
2025-08-12 16:02:02 UTC,1h,SNT-USDT,BTC-USDT,0.02834,119895.9,2.363717191e-07,,30,0.0264397,0.010699,0.0084686,1.87653e+06,0,0,0.777778,465,4,0,HOLD
2025-08-12 16:02:02 UTC,1h,SNX-USDT,BTC-USDT,0.678,119895.9,5.654905631e-06,,30,0.0577223,0.0462963,0.0140118,2.04153e+06,0,0,0.777778,465,4,0,HOLD
2025-08-12 16:02:02 UTC,1h,SOL-USDT,BTC-USDT,181.323,119895.9,0.001512336952,,30,0.0379998,0.0290399,0.010473,5.14124e+08,0,0,0.777778,465,4,0,HOLD
2025-08-12 16:02:02 UTC,1h,SOLV-USDT,BTC-USDT,0.04263,119895.9,3.55558447e-07,,30,0.0154836,-0.0247083,0.0153815,6.28597e+06,0,0,0.777778,465,4,0,HOLD
2025-08-12 16:02:02 UTC,1h,SONIC-USDT,BTC-USDT,0.2133,119895.9,1.77904332e-06,,30,0.0334302,0.00329257,0.0123568,641352,0,0,0.777778,465,4,0,HOLD
2025-08-12 16:02:02 UTC,1h,SOON-USDT,BTC-USDT,0.44539,119895.9,3.714805927e-06,,30,0.0658323,-0.0728961,0.0642342,7.0828e+07,0,0,0.777778,465,4,0,HOLD
2025-08-12 16:02:02 UTC,1h,SOPH-USDT,BTC-USDT,0.038774,119895.9,3.233972137e-07,,30,0.039601,0.0146278,0.0146121,6.84895e+06,0,0,0.777778,465,4,0,HOLD
2025-08-12 16:02:02 UTC,1h,SPK-USDT,BTC-USDT,0.10457,119895.9,8.72173277e-07,,30,0.0637843,0.0266051,0.0205331,1.11917e+07,0,0,0.777778,465,4,0,HOLD
2025-08-12 16:02:02 UTC,1h,SPX-USDT,BTC-USDT,1.7862,119895.9,1.489792395e-05,,30,0.0455397,0.00421656,0.018343,9.15311e+06,0,0,0.777778,465,4,0,HOLD
2025-08-12 16:02:02 UTC,1h,SQD-USDT,BTC-USDT,0.14453,119895.9,1.205462405e-06,,30,-0.00110581,-0.0456916,0.0195461,6.28012e+06,0,0,0.777778,465,4,0,HOLD
2025-08-12 16:02:02 UTC,1h,SSV-USDT,BTC-USDT,10.572,119895.9,8.817649311e-05,,30,0.055722,0.0335321,0.0216407,2.40665e+06,0,0,0.777778,465,4,0,HOLD
2025-08-12 16:02:02 UTC,1h,STG-USDT,BTC-USDT,0.1891,119895.9,1.577201556e-06,,30,0.0523094,0.0277174,0.0126917,1.27966e+06,0,0,0.777778,465,4,0,HOLD
2025-08-12 16:02:02 UTC,1h,STO-USDT,BTC-USDT,0.1019,119895.9,8.499039584e-07,,30,0.131719,0.14097,0.0251367,6.33555e+06,0,0,0.777778,465,4,0,HOLD
2025-08-12 16:02:02 UTC,1h,STORJ-USDT,BTC-USDT,0.2769,119895.9,2.309503494e-06,,30,0.0468809,0.0270772,0.0123562,4.77823e+06,0,0,0.777778,465,4,0,HOLD
2025-08-12 16:02:02 UTC,1h,STRK-USDT,BTC-USDT,0.1352,119895.9,1.127644899e-06,,30,0.0679305,0.0424056,0.0176458,7.2009e+06,0,0,0.777778,465,4,0,HOLD
2025-08-12 16:02:02 UTC,1h,STX-USDT,BTC-USDT,0.7388,119895.9,6.162012212e-06,,30,0.0458664,0.0219947,0.0135451,1.01832e+07,0,0,0.777778,465,4,0,HOLD
2025-08-12 16:02:02 UTC,1h,SUI-USDT,BTC-USDT,3.7973,119895.9,3.167164182e-05,,30,0.0477623,0.0262696,0.011907,6.42768e+07,0,0,0.777778,465,4,0,HOLD
2025-08-12 16:02:02 UTC,1h,SUN-USDT,BTC-USDT,0.022842,119895.9,1.90515272e-07,,30,0.0200509,0.0137582,0.00735487,2.27658e+06,0,0,0.777778,465,4,0,HOLD
2025-08-12 16:02:02 UTC,1h,SUPER-USDT,BTC-USDT,0.7786,119895.9,6.49396685e-06,,30,0.056445,0.0298942,0.0149169,2.0825e+06,0,0,0.777778,465,4,0,HOLD
2025-08-12 16:02:02 UTC,1h,SUSHI-USDT,BTC-USDT,0.8551,119895.9,7.132020361e-06,,30,0.064219,0.0334784,0.0163974,3.82725e+06,0,0,0.777778,465,4,0,HOLD
2025-08-12 16:02:02 UTC,1h,SWARMS-USDT,BTC-USDT,0.02561,119895.9,2.136019664e-07,,30,0.0389452,-0.0273452,0.0350867,9.71745e+06,0,0,0.777778,465,4,0,HOLD
2025-08-12 16:02:02 UTC,1h,SWELL-USDT,BTC-USDT,0.01172,119895.9,9.775146606e-08,,30,0.174349,0.14565,0.024744,602248,0,0,0.777778,465,4,0,HOLD
2025-08-12 16:02:02 UTC,1h,SXP-USDT,BTC-USDT,0.1878,119895.9,1.566358816e-06,,30,0.0375691,0.025669,0.011068,1.95156e+06,0,0,0.777778,465,4,0,HOLD
2025-08-12 16:02:02 UTC,1h,SXT-USDT,BTC-USDT,0.08714,119895.9,7.267971632e-07,,30,0.0403534,0.0300236,0.0159431,6.23956e+06,0,0,0.777778,465,4,0,HOLD
2025-08-12 16:02:02 UTC,1h,SYN-USDT,BTC-USDT,0.1454,119895.9,1.2127187e-06,,30,0.0691176,0.0467963,0.0196011,4.07062e+06,0,0,0.777778,465,4,0,HOLD
2025-08-12 16:02:02 UTC,1h,SYRUP-USDT,BTC-USDT,0.48195,119895.9,4.019737122e-06,,30,0.0375673,0.00335179,0.0159753,6.63907e+06,0,0,0.777778,465,4,0,HOLD
2025-08-12 16:02:02 UTC,1h,TA-USDT,BTC-USDT,0.06278,119895.9,5.236209078e-07,,30,0.0198181,-0.0570742,0.0221294,6.37341e+06,0,0,0.777778,465,4,0,HOLD
2025-08-12 16:02:02 UTC,1h,TAC-USDT,BTC-USDT,0.01434,119895.9,1.196037563e-07,,30,-0.0408027,0.00702247,0.0420402,7.65639e+06,0,0,0.777778,465,4,0,HOLD
2025-08-12 16:02:02 UTC,1h,TAG-USDT,BTC-USDT,0.00126,119895.9,1.050911666e-08,,30,0.0668925,0.0616785,0.0298356,7.76138e+06,0,0,0.777778,465,4,0,HOLD
2025-08-12 16:02:02 UTC,1h,TAI-USDT,BTC-USDT,0.07287,119895.9,6.077772468e-07,,30,0.0611621,-0.000411523,0.0222314,6.27797e+06,0,0,0.777778,465,4,0,HOLD
2025-08-12 16:02:02 UTC,1h,TAIKO-USDT,BTC-USDT,0.4792,119895.9,3.996800558e-06,,30,0.0490368,0.0270039,0.0137431,6.25591e+06,0,0,0.777778,465,4,0,HOLD
2025-08-12 16:02:02 UTC,1h,TANSSI-USDT,BTC-USDT,0.05747,119895.9,4.793324876e-07,,30,0.0184299,-0.00947949,0.0244227,6.3845e+06,0,0,0.777778,465,4,0,HOLD
2025-08-12 16:02:02 UTC,1h,TAO-USDT,BTC-USDT,379.25,119895.9,0.003163160709,,30,0.0513403,0.0392689,0.0123816,1.43099e+07,0,0,0.777778,465,4,0,HOLD
2025-08-12 16:02:02 UTC,1h,THE-USDT,BTC-USDT,0.3819,119895.9,3.185263216e-06,,30,0.0608333,0.0197597,0.01659,6.34952e+06,0,0,0.777778,465,4,0,HOLD
2025-08-12 16:02:02 UTC,1h,THETA-USDT,BTC-USDT,0.8721,119895.9,7.27381003e-06,,30,0.0608199,0.029634,0.0161023,2.93705e+06,0,0,0.777778,465,4,0,HOLD
2025-08-12 16:02:02 UTC,1h,TIA-USDT,BTC-USDT,1.8217,119895.9,1.519401414e-05,,30,0.0655086,0.0537977,0.0160486,1.04758e+07,0,0,0.777778,465,4,0,HOLD
2025-08-12 16:02:02 UTC,1h,TLM-USDT,BTC-USDT,0.005107,119895.9,4.259528474e-08,,30,0.0635152,0.0416072,0.0150214,3.66238e+06,0,0,0.777778,465,4,0,HOLD
2025-08-12 16:02:02 UTC,1h,TNSR-USDT,BTC-USDT,0.1394,119895.9,1.162675287e-06,,30,0.0649351,0.0496988,0.0169092,6.33989e+06,0,0,0.777778,465,4,0,HOLD
2025-08-12 16:02:02 UTC,1h,TOKEN-USDT,BTC-USDT,0.01642,119895.9,1.369521393e-07,,30,0.0438652,0.034005,0.0161824,5.87634e+06,0,0,0.777778,465,4,0,HOLD
2025-08-12 16:02:02 UTC,1h,TONCOIN-USDT,BTC-USDT,3.422,119895.9,2.854142635e-05,,30,0.0227137,0.00943953,0.00962261,9.44198e+06,0,0,0.777778,465,4,0,HOLD
2025-08-12 16:02:02 UTC,1h,TOSHI-USDT,BTC-USDT,0.000813,119895.9,6.780882415e-09,,30,0.0585938,0.0436457,0.0274996,6.68531e+06,0,0,0.777778,465,4,0,HOLD
2025-08-12 16:02:02 UTC,1h,TOWNS-USDT,BTC-USDT,0.0323,119895.9,2.694003715e-07,,30,0.0656549,0.009375,0.0228439,7.99583e+06,0,0,0.777778,465,4,0,HOLD
2025-08-12 16:02:02 UTC,1h,TRB-USDT,BTC-USDT,39.034,119895.9,0.0003255657616,,30,0.0661532,0.0478364,0.0136639,5.35672e+06,0,0,0.777778,465,4,0,HOLD
2025-08-12 16:02:02 UTC,1h,TREE-USDT,BTC-USDT,0.4257,119895.9,3.550580128e-06,,30,0.0774487,0.0634524,0.0187255,7.7306e+06,0,0,0.777778,465,4,0,HOLD
2025-08-12 16:02:02 UTC,1h,TRU-USDT,BTC-USDT,0.03315,119895.9,2.764898549e-07,,30,0.0510463,0.0447526,0.0185736,1.95005e+06,0,0,0.777778,465,4,0,HOLD
2025-08-12 16:02:02 UTC,1h,TRUMP-USDT,BTC-USDT,9.013,119895.9,7.517354638e-05,,30,0.0295865,0.00974681,0.0100252,7.79808e+06,0,0,0.777778,465,4,0,HOLD
2025-08-12 16:02:02 UTC,1h,TRX-USDT,BTC-USDT,0.34934,119895.9,2.913694296e-06,,30,0.0110558,0.00598975,0.00426928,1.32661e+07,0,0,0.777778,465,4,0,HOLD
2025-08-12 16:02:02 UTC,1h,TST-USDT,BTC-USDT,0.02652,119895.9,2.21191884e-07,,30,0.035533,-0.0704522,0.0346639,9.13182e+06,0,0,0.777778,465,4,0,HOLD
2025-08-12 16:02:02 UTC,1h,TURBO-USDT,BTC-USDT,0.0048567,119895.9,4.050764038e-08,,30,0.0693337,0.0345731,0.0167486,6.47191e+06,0,0,0.777778,465,4,0,HOLD
2025-08-12 16:02:02 UTC,1h,TUT-USDT,BTC-USDT,0.06058,119895.9,5.052716565e-07,,30,0.0144005,0.0154207,0.00453945,1.88794e+06,0,0,0.777778,465,4,0,HOLD
2025-08-12 16:02:02 UTC,1h,TWT-USDT,BTC-USDT,0.7804,119895.9,6.508979873e-06,,30,0.0333686,0.0142969,0.0081277,2.01584e+06,0,0,0.777778,465,4,0,HOLD
2025-08-12 16:02:02 UTC,1h,UMA-USDT,BTC-USDT,1.485,119895.9,1.238574463e-05,,30,0.166536,0.156542,0.02886,4.98715e+06,0,0,0.777778,465,4,0,HOLD
2025-08-12 16:02:02 UTC,1h,UNI-USDT,BTC-USDT,11.306,119895.9,9.429847059e-05,,30,0.0371526,-0.00650264,0.0171211,4.35184e+07,0,0,0.777778,465,4,0,HOLD
2025-08-12 16:02:02 UTC,1h,USELESS-USDT,BTC-USDT,0.2212,119895.9,1.844933813e-06,,30,0.0743079,0.0853778,0.034132,7.03713e+06,0,0,0.777778,465,4,0,HOLD
2025-08-12 16:02:02 UTC,1h,USTC-USDT,BTC-USDT,0.014619,119895.9,1.219307749e-07,,30,0.03512,0.0075815,0.0243177,2.4062e+06,0,0,0.777778,465,4,0,HOLD
2025-08-12 16:02:02 UTC,1h,USUAL-USDT,BTC-USDT,0.07751,119895.9,6.464774859e-07,,30,0.053125,0.0222896,0.019979,2.07403e+06,0,0,0.777778,465,4,0,HOLD
2025-08-12 16:02:02 UTC,1h,UXLINK-USDT,BTC-USDT,0.3526,119895.9,2.940884551e-06,,30,0.0509687,0.0241069,0.0144032,6.53013e+06,0,0,0.777778,465,4,0,HOLD
2025-08-12 16:02:02 UTC,1h,VANA-USDT,BTC-USDT,4.464,119895.9,3.723229902e-05,,30,0.0464135,0.0254997,0.0122248,6.27569e+06,0,0,0.777778,465,4,0,HOLD
2025-08-12 16:02:02 UTC,1h,VANRY-USDT,BTC-USDT,0.03292,119895.9,2.745715241e-07,,30,0.080407,0.0460756,0.0189637,463148,0,0,0.777778,465,4,0,HOLD
2025-08-12 16:02:02 UTC,1h,VELODROME-USDT,BTC-USDT,0.06049,119895.9,5.045210053e-07,,30,0.0472645,0.032605,0.0155752,556418,0,0,0.777778,465,4,0,HOLD
2025-08-12 16:02:02 UTC,1h,VELVET-USDT,BTC-USDT,0.06693,119895.9,5.582342682e-07,,30,0.00299715,-0.016603,0.0218992,6.32725e+06,0,0,0.777778,465,4,0,HOLD
2025-08-12 16:02:02 UTC,1h,VET-USDT,BTC-USDT,0.025178,119895.9,2.099988407e-07,,30,0.0456849,0.0243287,0.012406,3.70943e+06,0,0,0.777778,465,4,0,HOLD
2025-08-12 16:02:02 UTC,1h,VIC-USDT,BTC-USDT,0.2632,119895.9,2.195237702e-06,,30,0.0394945,0.0177881,0.0132707,6.41827e+06,0,0,0.777778,465,4,0,HOLD
2025-08-12 16:02:02 UTC,1h,VINE-USDT,BTC-USDT,0.07013,119895.9,5.849240883e-07,,30,0.0640267,0.0323863,0.0274796,1.82529e+07,0,0,0.777778,465,4,0,HOLD
2025-08-12 16:02:02 UTC,1h,VIRTUAL-USDT,BTC-USDT,1.3634,119895.9,1.137153147e-05,,30,0.0530625,0.0317845,0.0164924,9.08393e+06,0,0,0.777778,465,4,0,HOLD
2025-08-12 16:02:02 UTC,1h,VOXEL-USDT,BTC-USDT,0.06089,119895.9,5.078572328e-07,,30,0.0600627,0.0339616,0.0163761,429052,0,0,0.777778,465,4,0,HOLD
2025-08-12 16:02:02 UTC,1h,VTHO-USDT,BTC-USDT,0.001971,119895.9,1.643926106e-08,,30,0.0523225,0.0357331,0.0121041,428149,0,0,0.777778,465,4,0,HOLD
2025-08-12 16:02:02 UTC,1h,VVV-USDT,BTC-USDT,2.942,119895.9,2.453795334e-05,,30,0.0563734,0.0344585,0.0172866,293416,0,0,0.777778,465,4,0,HOLD
2025-08-12 16:02:02 UTC,1h,W-USDT,BTC-USDT,0.08711,119895.9,7.265469461e-07,,30,0.0561348,0.0267562,0.0160634,6.78743e+06,0,0,0.777778,465,4,0,HOLD
2025-08-12 16:02:02 UTC,1h,WAL-USDT,BTC-USDT,0.4197,119895.9,3.500536716e-06,,30,0.060384,0.0373208,0.0143129,6.42711e+06,0,0,0.777778,465,4,0,HOLD
2025-08-12 16:02:02 UTC,1h,WCT-USDT,BTC-USDT,0.3275,119895.9,2.731536274e-06,,30,0.0692132,0.0456577,0.0137405,6.67779e+06,0,0,0.777778,465,4,0,HOLD
2025-08-12 16:02:02 UTC,1h,WIF-USDT,BTC-USDT,0.955,119895.9,7.965243182e-06,,30,0.0665624,0.0343334,0.0169858,3.91985e+07,0,0,0.777778,465,4,0,HOLD
2025-08-12 16:02:02 UTC,1h,WLD-USDT,BTC-USDT,1.0378,119895.9,8.655842277e-06,,30,0.0629929,0.0430151,0.0141302,1.60938e+07,0,0,0.777778,465,4,0,HOLD
2025-08-12 16:02:02 UTC,1h,WOO-USDT,BTC-USDT,0.07946,119895.9,6.62741595e-07,,30,0.0622995,0.0397802,0.0146165,2.03741e+06,0,0,0.777778,465,4,0,HOLD
2025-08-12 16:02:02 UTC,1h,X-USDT,BTC-USDT,5.584e-05,119895.9,4.657373605e-10,,30,0.0535849,0.0238357,0.0293057,6.77569e+06,0,0,0.777778,465,4,0,HOLD
2025-08-12 16:02:02 UTC,1h,XAI-USDT,BTC-USDT,0.05391,119895.9,4.496400628e-07,,30,0.0677362,0.0490368,0.0174762,1.98632e+06,0,0,0.777778,465,4,0,HOLD
2025-08-12 16:02:02 UTC,1h,XAUT-USDT,BTC-USDT,3348.2,119895.9,0.02792589238,,30,0.00140571,-0.00128262,0.00267308,7.40981e+06,0,0,0.777778,465,4,0,HOLD
2025-08-12 16:02:02 UTC,1h,XCN-USDT,BTC-USDT,0.01385,119895.9,1.155168776e-07,,30,0.0198822,0.0116874,0.00995358,1.92401e+06,0,0,0.777778,465,4,0,HOLD
2025-08-12 16:02:02 UTC,1h,XLM-USDT,BTC-USDT,0.4442,119895.9,3.704880651e-06,,30,0.0241631,0.0152215,0.011573,1.64796e+07,0,0,0.777778,465,4,0,HOLD
2025-08-12 16:02:02 UTC,1h,XRP-USDT,BTC-USDT,3.2087,119895.9,2.676238303e-05,,30,0.0261929,0.0148012,0.00924718,2.00749e+08,0,0,0.777778,465,4,0,HOLD
2025-08-12 16:02:02 UTC,1h,YALA-USDT,BTC-USDT,0.2635,119895.9,2.197739873e-06,,30,-0.0247964,-0.1568,0.0412036,8.2315e+06,0,0,0.777778,465,4,0,HOLD
2025-08-12 16:02:02 UTC,1h,YFI-USDT,BTC-USDT,5773,119895.9,0.04815010355,,30,0.0342171,0.0153007,0.01095,9.20814e+06,0,0,0.777778,465,4,0,HOLD
2025-08-12 16:02:02 UTC,1h,YGG-USDT,BTC-USDT,0.1699,119895.9,1.417062635e-06,,30,0.0612117,0.0410539,0.016144,4.10435e+06,0,0,0.777778,465,4,0,HOLD
2025-08-12 16:02:02 UTC,1h,ZBCN-USDT,BTC-USDT,0.0049533,119895.9,4.131333932e-08,,30,-0.00604005,-0.0388474,0.0243315,6.41941e+06,0,0,0.777778,465,4,0,HOLD
2025-08-12 16:02:02 UTC,1h,ZEREBRO-USDT,BTC-USDT,0.02846,119895.9,2.373725874e-07,,30,0.032656,0.0131719,0.0161881,1.73932e+06,0,0,0.777778,465,4,0,HOLD
2025-08-12 16:02:02 UTC,1h,ZETA-USDT,BTC-USDT,0.2045,119895.9,1.705646315e-06,,30,0.0487179,0.0328283,0.0132379,5.02389e+06,0,0,0.777778,465,4,0,HOLD
2025-08-12 16:02:02 UTC,1h,ZIL-USDT,BTC-USDT,0.0117,119895.9,9.758465469e-08,,30,0.043711,0.030837,0.0127595,2.22857e+06,0,0,0.777778,465,4,0,HOLD
2025-08-12 16:02:02 UTC,1h,ZK-USDT,BTC-USDT,0.05908,119895.9,4.927608033e-07,,30,0.0631636,0.042343,0.0168416,6.4926e+06,0,0,0.777778,465,4,0,HOLD
2025-08-12 16:02:02 UTC,1h,ZKJ-USDT,BTC-USDT,0.2556,119895.9,2.131849379e-06,,30,0.0415648,0.0775717,0.0483177,7.99839e+06,0,0,0.777778,465,4,0,HOLD
2025-08-12 16:02:02 UTC,1h,ZORA-USDT,BTC-USDT,0.10849,119895.9,9.048683066e-07,,30,-0.0938022,-0.104055,0.0471472,2.42595e+07,0,0,0.777778,465,4,0,HOLD
2025-08-12 16:02:02 UTC,1h,ZRC-USDT,BTC-USDT,0.03419,119895.9,2.851640465e-07,,30,0.0370033,-0.000584624,0.0142481,6.33394e+06,0,0,0.777778,465,4,0,HOLD
2025-08-12 16:02:02 UTC,1h,ZRO-USDT,BTC-USDT,2.3296,119895.9,1.943018902e-05,,30,0.0517856,0.0293845,0.016459,1.29914e+07,0,0,0.777778,465,4,0,HOLD
2025-08-12 16:02:02 UTC,1h,ZRX-USDT,BTC-USDT,0.2605,119895.9,2.172718166e-06,,30,0.0546559,0.0329104,0.012805,1.92e+06,0,0,0.777778,465,4,0,HOLD
2025-08-12 17:02:16 UTC,1h,1000000BABYDOGE-USDT,BTC-USDT,0.001371,119657.8,1.145767347e-08,1.14882,30,0.0519451,0.0435378,0.0130353,1.28697e+06,0,0,0.705882,465,4,0,HOLD
2025-08-12 17:02:16 UTC,1h,1000000BOB-USDT,BTC-USDT,0.07889,119657.8,6.592967613e-07,-1.56607,30,0.0298956,-0.0362815,0.0326223,6.38697e+06,0,0,0.705882,465,4,0,HOLD
2025-08-12 17:02:16 UTC,1h,1000000MOG-USDT,BTC-USDT,1.4395,119657.8,1.203013928e-05,-0.103091,30,0.049887,0.0533441,0.0253759,1.65921e+06,0,0,0.705882,465,4,0,EXIT_ZONE
2025-08-12 17:02:16 UTC,1h,10000SATS-USDT,BTC-USDT,0.000414,119657.8,3.459866386e-09,1.14227,30,0.0507614,0.040201,0.0162181,2.33192e+06,0,0,0.705882,465,4,0,HOLD
2025-08-12 17:02:16 UTC,1h,10000WHY-USDT,BTC-USDT,0.0003226,119657.8,2.696021488e-09,-1.38658,30,0.0122372,-0.0104294,0.0178682,2.20856e+06,0,0,0.705882,465,4,0,HOLD
2025-08-12 17:02:16 UTC,1h,1000BONK-USDT,BTC-USDT,0.025253,119657.8,2.110434924e-07,1.08118,30,0.0462794,0.029684,0.01765,7.68386e+06,0,0,0.705882,465,4,0,HOLD
2025-08-12 17:02:16 UTC,1h,1000CAT-USDT,BTC-USDT,0.009339,119657.8,7.804756564e-08,1.11337,30,0.0557314,0.0463866,0.0158016,6.2923e+06,0,0,0.705882,465,4,0,HOLD
2025-08-12 17:02:16 UTC,1h,1000CHEEMS-USDT,BTC-USDT,0.0013209,119657.8,1.103897949e-08,1.66736,30,0.0209461,0.0047159,0.00972822,6.27339e+06,0,0,0.705882,465,4,0,HOLD
2025-08-12 17:02:16 UTC,1h,1000PEPE-USDT,BTC-USDT,0.0119503,119657.8,9.987063108e-08,1.13944,30,0.0631183,0.0651271,0.0170163,3.89584e+07,0,0,0.705882,465,4,0,HOLD
2025-08-12 17:02:16 UTC,1h,1INCH-USDT,BTC-USDT,0.2703,119657.8,2.258941749e-06,1.1445,30,0.0277567,0.0246399,0.0137149,6.33037e+06,0,0,0.705882,465,4,0,HOLD
2025-08-12 17:02:16 UTC,1h,A-USDT,BTC-USDT,0.5479,119657.8,4.578890804e-06,1.58098,30,0.0371394,0.0110348,0.0149297,6.36137e+06,0,0,0.705882,465,4,0,HOLD
2025-08-12 17:02:16 UTC,1h,A2Z-USDT,BTC-USDT,0.007345,119657.8,6.138337827e-08,-0.123289,30,0.0147831,0.00699205,0.0181465,6.73865e+06,0,0,0.705882,465,4,0,EXIT_ZONE
2025-08-12 17:02:16 UTC,1h,AAPLX-USDT,BTC-USDT,229.99,119657.8,0.00192206442,1.13414,30,0.0162609,0.0145126,0.00496916,6.21976e+06,0,0,0.705882,465,4,0,HOLD
2025-08-12 17:02:16 UTC,1h,AAVE-USDT,BTC-USDT,314.89,119657.8,0.002631587744,1.36436,30,0.0633865,0.0576716,0.0127732,6.64838e+07,0,0,0.705882,465,4,0,HOLD
2025-08-12 17:02:16 UTC,1h,ACE-USDT,BTC-USDT,0.5859,119657.8,4.896463081e-06,1.10551,30,0.0587279,0.0639186,0.0170312,2.00041e+06,0,0,0.705882,465,4,0,HOLD
2025-08-12 17:02:16 UTC,1h,ACH-USDT,BTC-USDT,0.022669,119657.8,1.894485775e-07,1.24712,30,0.0516817,0.0513403,0.0144912,950538,0,0,0.705882,465,4,0,HOLD
2025-08-12 17:02:16 UTC,1h,ACT-USDT,BTC-USDT,0.0435,119657.8,3.635366854e-07,1.03689,30,0.0548012,0.0474356,0.0148933,6.36082e+06,0,0,0.705882,465,4,0,HOLD
2025-08-12 17:02:16 UTC,1h,ADA-USDT,BTC-USDT,0.82396,119657.8,6.885969824e-06,1.42978,30,0.0637644,0.0609701,0.0125812,4.72713e+07,0,0,0.705882,465,4,0,HOLD
2025-08-12 17:02:16 UTC,1h,AERGO-USDT,BTC-USDT,0.11878,119657.8,9.926640804e-07,1.64444,30,0.0362938,0.0283092,0.00994035,1.92776e+06,0,0,0.705882,465,4,0,HOLD
2025-08-12 17:02:16 UTC,1h,AERO-USDT,BTC-USDT,1.2039,119657.8,1.006119116e-05,0.415841,30,0.0995525,0.0786668,0.0238629,3.67693e+06,0,0,0.705882,465,4,0,EXIT_ZONE
2025-08-12 17:02:16 UTC,1h,AEVO-USDT,BTC-USDT,0.1021,119657.8,8.532665652e-07,1.24557,30,0.0679916,0.0736067,0.0183993,6.34321e+06,0,0,0.705882,465,4,0,HOLD
2025-08-12 17:02:16 UTC,1h,AGLD-USDT,BTC-USDT,0.7405,119657.8,6.188480818e-06,1.35088,30,0.0491641,0.0403203,0.0122118,3.97818e+06,0,0,0.705882,465,4,0,HOLD
2025-08-12 17:02:16 UTC,1h,AGT-USDT,BTC-USDT,0.005904,119657.8,4.934070324e-08,1.36047,30,0.0477374,0.00785251,0.0194299,6.3591e+06,0,0,0.705882,465,4,0,HOLD
2025-08-12 17:02:16 UTC,1h,AI16Z-USDT,BTC-USDT,0.1362,119657.8,1.138245898e-06,1.45352,30,0.0682353,0.0648944,0.020558,8.31151e+06,0,0,0.705882,465,4,0,HOLD
2025-08-12 17:02:16 UTC,1h,AIN-USDT,BTC-USDT,0.13817,119657.8,1.154709513e-06,-1.2106,30,0.0207595,0.00618992,0.0171321,6.30558e+06,0,0,0.705882,465,4,0,HOLD
2025-08-12 17:02:16 UTC,1h,AIOT-USDT,BTC-USDT,0.54216,119657.8,4.530920675e-06,1.2726,30,0.0591959,0.0709545,0.0131182,6.43628e+06,0,0,0.705882,465,4,0,HOLD
2025-08-12 17:02:16 UTC,1h,AIXBT-USDT,BTC-USDT,0.13321,119657.8,1.113257974e-06,0.618031,30,0.0470838,0.0631285,0.0183759,7.28696e+06,0,0,0.705882,465,4,0,HOLD
2025-08-12 17:02:16 UTC,1h,AKT-USDT,BTC-USDT,1.292,119657.8,1.079745742e-05,1.24608,30,0.0581491,0.0495532,0.0133238,471672,0,0,0.705882,465,4,0,HOLD
2025-08-12 17:02:16 UTC,1h,ALCH-USDT,BTC-USDT,0.13808,119657.8,1.153957368e-06,-1.11386,30,-0.00590353,-0.0278795,0.00871131,6.32548e+06,0,0,0.705882,465,4,0,HOLD
2025-08-12 17:02:16 UTC,1h,ALGO-USDT,BTC-USDT,0.2696,119657.8,2.253091733e-06,1.10315,30,0.0647709,0.0601652,0.0152872,4.28106e+06,0,0,0.705882,465,4,0,HOLD
2025-08-12 17:02:16 UTC,1h,ALPHA-USDT,BTC-USDT,0.01606,119657.8,1.342160728e-07,1.5049,30,0.0367979,0.0394822,0.0158335,1.89556e+06,0,0,0.705882,465,4,0,HOLD
2025-08-12 17:02:16 UTC,1h,ALPINE-USDT,BTC-USDT,1.1667,119657.8,9.750304619e-06,-1.67494,30,-0.154443,-0.247436,0.0692552,8.44608e+06,0,0,0.705882,465,4,0,HOLD
2025-08-12 17:02:16 UTC,1h,ALT-USDT,BTC-USDT,0.03781,119657.8,3.159844156e-07,0.293314,30,0.0485302,0.0864943,0.0280349,6.32112e+06,0,0,0.705882,465,4,0,EXIT_ZONE
2025-08-12 17:02:16 UTC,1h,ALTCOIN-USDT,BTC-USDT,243.57,119657.8,0.002035554724,1.538,30,0.0365563,0.0355427,0.00872146,1.85826e+06,0,0,0.705882,465,4,0,HOLD
2025-08-12 17:02:16 UTC,1h,ANIME-USDT,BTC-USDT,0.018,119657.8,1.504289733e-07,1.28233,30,0.0557185,0.0477299,0.0138492,6.39819e+06,0,0,0.705882,465,4,0,HOLD
2025-08-12 17:02:16 UTC,1h,ANKR-USDT,BTC-USDT,0.01652,119657.8,1.380603688e-07,1.35654,30,0.0508906,0.0422713,0.0124524,356340,0,0,0.705882,465,4,0,HOLD
2025-08-12 17:02:16 UTC,1h,APE-USDT,BTC-USDT,0.6339,119657.8,5.297607009e-06,1.41859,30,0.0422558,0.0412286,0.0114033,6.34247e+06,0,0,0.705882,465,4,0,HOLD
2025-08-12 17:02:16 UTC,1h,API3-USDT,BTC-USDT,0.7671,119657.8,6.410781412e-06,0.981079,30,0.0648251,0.0621711,0.0149636,6.42425e+06,0,0,0.705882,465,4,0,HOLD
2025-08-12 17:02:16 UTC,1h,APT-USDT,BTC-USDT,4.7962,119657.8,4.008263565e-05,1.43681,30,0.0544343,0.0529759,0.0122195,1.00958e+07,0,0,0.705882,465,4,0,HOLD
2025-08-12 17:02:16 UTC,1h,AR-USDT,BTC-USDT,7.727,119657.8,6.457581537e-05,1.28222,30,0.0498641,0.054161,0.0177023,2.44763e+06,0,0,0.705882,465,4,0,HOLD
2025-08-12 17:02:16 UTC,1h,ARB-USDT,BTC-USDT,0.4673,119657.8,3.90530329e-06,1.31311,30,0.0577184,0.0642223,0.0172113,1.37786e+07,0,0,0.705882,465,4,0,HOLD
2025-08-12 17:02:16 UTC,1h,ARC-USDT,BTC-USDT,0.02415,119657.8,2.018255392e-07,1.36161,30,0.0486322,0.0541248,0.0228631,6.88847e+06,0,0,0.705882,465,4,0,HOLD
2025-08-12 17:02:16 UTC,1h,ARK-USDT,BTC-USDT,0.4572,119657.8,3.820895922e-06,1.46868,30,0.0372051,0.0336875,0.0104987,2.00902e+06,0,0,0.705882,465,4,0,HOLD
2025-08-12 17:02:16 UTC,1h,ARKM-USDT,BTC-USDT,0.5381,119657.8,4.496990585e-06,1.37067,30,0.0685068,0.0668121,0.0163804,2.43267e+06,0,0,0.705882,465,4,0,HOLD
2025-08-12 17:02:16 UTC,1h,ARPA-USDT,BTC-USDT,0.02358,119657.8,1.97061955e-07,1.46754,30,0.0645598,0.0674513,0.0138132,7.94909e+06,0,0,0.705882,465,4,0,HOLD
2025-08-12 17:02:16 UTC,1h,ASP-USDT,BTC-USDT,0.1647,119657.8,1.376425106e-06,-1.5938,30,-0.00962117,-0.0340176,0.0293174,6.68254e+06,0,0,0.705882,465,4,0,HOLD
2025-08-12 17:02:16 UTC,1h,ASR-USDT,BTC-USDT,6.65,119657.8,5.557514847e-05,1.15367,30,0.0337323,0.00286533,0.0204511,7.40377e+06,0,0,0.705882,465,4,0,HOLD
2025-08-12 17:02:16 UTC,1h,ASTR-USDT,BTC-USDT,0.02568,119657.8,2.146120019e-07,1.23945,30,0.0473083,0.0481633,0.0120995,1.92216e+06,0,0,0.705882,465,4,0,HOLD
2025-08-12 17:02:16 UTC,1h,ATA-USDT,BTC-USDT,0.0511,119657.8,4.270511408e-07,1.44547,30,0.060166,0.057971,0.0143975,290720,0,0,0.705882,465,4,0,HOLD
2025-08-12 17:02:16 UTC,1h,ATH-USDT,BTC-USDT,0.03397,119657.8,2.838929013e-07,1.21179,30,0.0188962,-0.00585309,0.0126162,1.93092e+06,0,0,0.705882,465,4,0,HOLD
2025-08-12 17:02:16 UTC,1h,ATOM-USDT,BTC-USDT,4.661,119657.8,3.895274692e-05,1.54979,30,0.0280106,0.0369299,0.0109419,8.97907e+06,0,0,0.705882,465,4,0,HOLD
2025-08-12 17:02:16 UTC,1h,AUCTION-USDT,BTC-USDT,10.445,119657.8,8.729059033e-05,1.56223,30,0.0367246,0.0298758,0.0114614,4.40226e+06,0,0,0.705882,465,4,0,HOLD
2025-08-12 17:02:16 UTC,1h,AVA-USDT,BTC-USDT,0.6125,119657.8,5.118763674e-06,1.32019,30,0.0639222,0.0659589,0.0139592,536100,0,0,0.705882,465,4,0,HOLD
2025-08-12 17:02:16 UTC,1h,AVAAI-USDT,BTC-USDT,0.03644,119657.8,3.045350993e-07,0.0526361,30,0.0308345,-0.0480669,0.0281872,7.73802e+06,0,0,0.705882,465,4,0,EXIT_ZONE
2025-08-12 17:02:16 UTC,1h,AVAX-USDT,BTC-USDT,24.317,119657.8,0.0002032211857,1.22787,30,0.0587339,0.0591028,0.0125838,5.19757e+07,0,0,0.705882,465,4,0,HOLD
2025-08-12 17:02:16 UTC,1h,AWE-USDT,BTC-USDT,0.054395,119657.8,4.545880001e-07,0.627693,30,0.0160832,0.00483993,0.00900818,6.25033e+06,0,0,0.705882,465,4,0,HOLD
2025-08-12 17:02:16 UTC,1h,AXL-USDT,BTC-USDT,0.3575,119657.8,2.987686553e-06,1.03454,30,0.0576923,0.0570668,0.0144855,2.0626e+06,0,0,0.705882,465,4,0,HOLD
2025-08-12 17:02:16 UTC,1h,AXS-USDT,BTC-USDT,2.497,119657.8,2.086784146e-05,1.29317,30,0.0553677,0.0522545,0.0137022,5.02041e+06,0,0,0.705882,465,4,0,HOLD
2025-08-12 17:02:16 UTC,1h,B-USDT,BTC-USDT,0.62595,119657.8,5.231167546e-06,-0.648681,30,-0.00435827,-0.0558111,0.0152819,6.47682e+06,0,0,0.705882,465,4,0,HOLD
2025-08-12 17:02:16 UTC,1h,B2-USDT,BTC-USDT,0.3924,119657.8,3.279351618e-06,0.184937,30,0.021875,-0.000509424,0.0145806,6.2424e+06,0,0,0.705882,465,4,0,EXIT_ZONE
2025-08-12 17:02:16 UTC,1h,B3-USDT,BTC-USDT,0.003223,119657.8,2.693514338e-08,1.32639,30,0.0522364,0.061944,0.0155357,6.27296e+06,0,0,0.705882,465,4,0,HOLD
2025-08-12 17:02:16 UTC,1h,BABY-USDT,BTC-USDT,0.06239,119657.8,5.214035357e-07,1.16476,30,0.0560257,0.0356906,0.0162915,6.48623e+06,0,0,0.705882,465,4,0,HOLD
2025-08-12 17:02:16 UTC,1h,BAKE-USDT,BTC-USDT,0.0875,119657.8,7.312519535e-07,1.34149,30,0.0529483,0.0479042,0.0149388,1.5997e+06,0,0,0.705882,465,4,0,HOLD
2025-08-12 17:02:16 UTC,1h,BANANA-USDT,BTC-USDT,26.09,119657.8,0.0002180384396,1.25469,30,0.065768,0.0567031,0.017686,9.15859e+06,0,0,0.705882,465,4,0,HOLD
2025-08-12 17:02:16 UTC,1h,BANANAS31-USDT,BTC-USDT,0.007221,119657.8,6.034708978e-08,1.42498,30,0.037351,0.0104954,0.0156191,3.64386e+06,0,0,0.705882,465,4,0,HOLD
2025-08-12 17:02:16 UTC,1h,BANK-USDT,BTC-USDT,0.067748,119657.8,5.661812268e-07,1.31946,30,0.0199479,0.0630973,0.0327801,6.59816e+06,0,0,0.705882,465,4,0,HOLD
2025-08-12 17:02:16 UTC,1h,BAT-USDT,BTC-USDT,0.153,119657.8,1.278646273e-06,1.42428,30,0.0493827,0.0365854,0.0126517,424144,0,0,0.705882,465,4,0,HOLD
2025-08-12 17:02:16 UTC,1h,BB-USDT,BTC-USDT,0.12734,119657.8,1.064201414e-06,1.05376,30,0.0474624,0.0453128,0.0190547,9.51112e+06,0,0,0.705882,465,4,0,HOLD
2025-08-12 17:02:16 UTC,1h,BCH-USDT,BTC-USDT,607.08,119657.8,0.005073467839,1.35555,30,0.0256462,0.0262531,0.00951157,3.65929e+07,0,0,0.705882,465,4,0,HOLD
2025-08-12 17:02:16 UTC,1h,BDXN-USDT,BTC-USDT,0.04074,119657.8,3.404709095e-07,0.703084,30,0.0398162,-0.00730994,0.018199,6.32867e+06,0,0,0.705882,465,4,0,HOLD
2025-08-12 17:02:16 UTC,1h,BEAM-USDT,BTC-USDT,0.008463,119657.8,7.072668894e-08,1.30067,30,0.080429,0.0800153,0.018737,2.06e+06,0,0,0.705882,465,4,0,HOLD
2025-08-12 17:02:16 UTC,1h,BERA-USDT,BTC-USDT,2.024,119657.8,1.691490233e-05,1.18734,30,0.0596859,0.0384813,0.0147516,6.6049e+06,0,0,0.705882,465,4,0,HOLD
2025-08-12 17:02:16 UTC,1h,BID-USDT,BTC-USDT,0.07287,119657.8,6.089866269e-07,1.2293,30,0.096779,0.074145,0.0211825,2.08212e+06,0,0,0.705882,465,4,0,HOLD
2025-08-12 17:02:16 UTC,1h,BIGTIME-USDT,BTC-USDT,0.06039,119657.8,5.046892054e-07,1.32229,30,0.0480736,0.0528243,0.0132236,2.0678e+06,0,0,0.705882,465,4,0,HOLD
2025-08-12 17:02:16 UTC,1h,BIO-USDT,BTC-USDT,0.12551,119657.8,1.048907802e-06,1.07773,30,0.040972,-0.0424931,0.0433887,1.66705e+07,0,0,0.705882,465,4,0,HOLD
2025-08-12 17:02:16 UTC,1h,BLAST-USDT,BTC-USDT,0.003128,119657.8,2.614121269e-08,1.13597,30,0.0475553,0.0198891,0.0137468,507247,0,0,0.705882,465,4,0,HOLD
2025-08-12 17:02:16 UTC,1h,BLUR-USDT,BTC-USDT,0.08657,119657.8,7.234797899e-07,1.25695,30,0.0590898,0.045784,0.0148022,4.33346e+06,0,0,0.705882,465,4,0,HOLD
2025-08-12 17:02:16 UTC,1h,BMT-USDT,BTC-USDT,0.08441,119657.8,7.054283131e-07,1.29147,30,0.0435159,0.0238962,0.012947,1.98626e+06,0,0,0.705882,465,4,0,HOLD
2025-08-12 17:02:16 UTC,1h,BNB-USDT,BTC-USDT,826.55,119657.8,0.006907614882,1.6594,30,0.0294814,0.0253563,0.00709144,3.75938e+07,0,0,0.705882,465,4,0,HOLD
2025-08-12 17:02:16 UTC,1h,BNT-USDT,BTC-USDT,0.82419,119657.8,6.887891972e-06,1.2418,30,0.057074,0.0508874,0.0126063,1.9194e+06,0,0,0.705882,465,4,0,HOLD
2025-08-12 17:02:16 UTC,1h,BOME-USDT,BTC-USDT,0.001935,119657.8,1.617111463e-08,1.27072,30,0.0667034,0.0620198,0.0179402,9.10923e+06,0,0,0.705882,465,4,0,HOLD
2025-08-12 17:02:16 UTC,1h,BR-USDT,BTC-USDT,0.05005,119657.8,4.182761174e-07,-0.78173,30,-0.000599042,-0.000399441,0.00104182,1.87658e+06,0,0,0.705882,465,4,0,HOLD
2025-08-12 17:02:16 UTC,1h,BRETT-USDT,BTC-USDT,0.05831,119657.8,4.873063018e-07,1.05414,30,0.073849,0.0712842,0.0197099,5.72848e+06,0,0,0.705882,465,4,0,HOLD
2025-08-12 17:02:16 UTC,1h,BROCCOLI-USDT,BTC-USDT,0.02837,119657.8,2.370927762e-07,1.16844,30,0.032763,-0.0193571,0.0162898,6.26811e+06,0,0,0.705882,465,4,0,HOLD
2025-08-12 17:02:16 UTC,1h,BROCCOLIF3B-USDT,BTC-USDT,0.010403,119657.8,8.69395894e-08,1.34032,30,0.0459481,0.0448975,0.0129427,6.24996e+06,0,0,0.705882,465,4,0,HOLD
2025-08-12 17:02:16 UTC,1h,BSV-USDT,BTC-USDT,29.19,119657.8,0.0002439456517,1.27439,30,0.0321782,-0.00136846,0.0117212,2.24698e+06,0,0,0.705882,465,4,0,HOLD
2025-08-12 17:02:16 UTC,1h,BSW-USDT,BTC-USDT,0.02715,119657.8,2.268970347e-07,-0.292794,30,-0.00330396,0.0172349,0.025125,1.98592e+06,0,0,0.705882,465,4,0,EXIT_ZONE
2025-08-12 17:02:16 UTC,1h,BTC-USDT,BTC-USDT,119566.7,119657.8,0.9992386623,-0.681964,30,0.00928787,0.00648505,0.00457491,1.48102e+09,0,0,0.705882,465,4,0,HOLD
2025-08-12 17:02:16 UTC,1h,BULLA-USDT,BTC-USDT,0.08335,119657.8,6.96569718e-07,-1.44858,30,-0.0290075,-0.0212541,0.0248093,6.58783e+06,0,0,0.705882,465,4,0,HOLD
2025-08-12 17:02:16 UTC,1h,C-USDT,BTC-USDT,0.26305,119657.8,2.198352301e-06,0.761418,30,0.0569351,0.0322568,0.017403,6.46174e+06,0,0,0.705882,465,4,0,HOLD
2025-08-12 17:02:16 UTC,1h,CAKE-USDT,BTC-USDT,2.8321,119657.8,2.366832751e-05,1.42363,30,0.0394553,0.0307916,0.0102801,2.51808e+06,0,0,0.705882,465,4,0,HOLD
2025-08-12 17:02:16 UTC,1h,CARV-USDT,BTC-USDT,0.3104,119657.8,2.594064073e-06,1.23859,30,0.031572,0.00811952,0.0183864,2.15058e+06,0,0,0.705882,465,4,0,HOLD
2025-08-12 17:02:16 UTC,1h,CATI-USDT,BTC-USDT,0.09522,119657.8,7.957692687e-07,0.40178,30,0.0415664,0.0153551,0.0370795,6.94168e+06,0,0,0.705882,465,4,0,EXIT_ZONE
2025-08-12 17:02:16 UTC,1h,CELO-USDT,BTC-USDT,0.3597,119657.8,3.006072316e-06,1.22403,30,0.0570085,0.0536028,0.0156281,2.30345e+06,0,0,0.705882,465,4,0,HOLD
2025-08-12 17:02:16 UTC,1h,CELR-USDT,BTC-USDT,0.00821,119657.8,6.861232615e-08,1.13463,30,0.0732026,0.0634715,0.0143553,2.0257e+06,0,0,0.705882,465,4,0,HOLD
2025-08-12 17:02:16 UTC,1h,CETUS-USDT,BTC-USDT,0.11123,119657.8,9.295674833e-07,1.00754,30,0.0683892,0.0580234,0.0168249,903519,0,0,0.705882,465,4,0,HOLD
2025-08-12 17:02:16 UTC,1h,CFX-USDT,BTC-USDT,0.20043,119657.8,1.675026618e-06,1.60038,30,0.0231763,0.0339438,0.0134568,9.61517e+06,0,0,0.705882,465,4,0,HOLD
2025-08-12 17:02:16 UTC,1h,CGPT-USDT,BTC-USDT,0.10233,119657.8,8.551887131e-07,1.2992,30,0.0607443,0.053862,0.0153984,678928,0,0,0.705882,465,4,0,HOLD
2025-08-12 17:02:16 UTC,1h,CHESS-USDT,BTC-USDT,0.07548,119657.8,6.30798828e-07,0.842664,30,0.0713982,0.0664029,0.018406,721012,0,0,0.705882,465,4,0,HOLD
2025-08-12 17:02:16 UTC,1h,CHILLGUY-USDT,BTC-USDT,0.05701,119657.8,4.764419871e-07,1.30395,30,0.0900574,0.0662053,0.0236049,1.6677e+06,0,0,0.705882,465,4,0,HOLD
2025-08-12 17:02:16 UTC,1h,CHR-USDT,BTC-USDT,0.0981,119657.8,8.198379044e-07,1.31134,30,0.0639913,0.0605405,0.0138343,1.9255e+06,0,0,0.705882,465,4,0,HOLD
2025-08-12 17:02:16 UTC,1h,CHZ-USDT,BTC-USDT,0.0429,119657.8,3.585223863e-07,1.45169,30,0.0463415,0.0407569,0.0109058,2.09783e+06,0,0,0.705882,465,4,0,HOLD
2025-08-12 17:02:16 UTC,1h,CKB-USDT,BTC-USDT,0.00562,119657.8,4.696726833e-08,1.21256,30,0.0477256,0.0372831,0.0134342,683523,0,0,0.705882,465,4,0,HOLD
2025-08-12 17:02:16 UTC,1h,COINX-USDT,BTC-USDT,320.95,119657.8,0.002682232165,-0.540947,30,0.000498769,0.00469557,0.0077916,6.23302e+06,0,0,0.705882,465,4,0,HOLD
2025-08-12 17:02:16 UTC,1h,COMP-USDT,BTC-USDT,52.61,119657.8,0.0004396704603,0.634248,30,0.0350187,0.0350187,0.0134276,5.50784e+06,0,0,0.705882,465,4,0,HOLD
2025-08-12 17:02:16 UTC,1h,COOKIE-USDT,BTC-USDT,0.1539,119657.8,1.286167722e-06,0.845532,30,0.0570055,0.0541096,0.0201429,6.61515e+06,0,0,0.705882,465,4,0,HOLD
2025-08-12 17:02:16 UTC,1h,CORE-USDT,BTC-USDT,0.5013,119657.8,4.189446906e-06,1.42258,30,0.048087,0.044375,0.0113277,1.94585e+06,0,0,0.705882,465,4,0,HOLD
2025-08-12 17:02:16 UTC,1h,COS-USDT,BTC-USDT,0.003496,119657.8,2.921664948e-08,1.21507,30,0.041406,0.0376966,0.0115642,443904,0,0,0.705882,465,4,0,HOLD
2025-08-12 17:02:16 UTC,1h,COTI-USDT,BTC-USDT,0.05579,119657.8,4.662462455e-07,1.2187,30,0.0560288,0.0648979,0.0142371,502040,0,0,0.705882,465,4,0,HOLD
2025-08-12 17:02:16 UTC,1h,COW-USDT,BTC-USDT,0.4282,119657.8,3.578538131e-06,1.34979,30,0.0342995,0.057284,0.0166144,6.60369e+06,0,0,0.705882,465,4,0,HOLD
2025-08-12 17:02:16 UTC,1h,CRCLX-USDT,BTC-USDT,166.92,119657.8,0.001394978012,-1.20972,30,-0.0299297,0.0331126,0.0279989,6.25892e+06,0,0,0.705882,465,4,0,HOLD
2025-08-12 17:02:16 UTC,1h,CROSS-USDT,BTC-USDT,0.3159,119657.8,2.640028481e-06,-0.744888,30,-0.000948767,0.00746269,0.0135983,6.37148e+06,0,0,0.705882,465,4,0,HOLD
2025-08-12 17:02:16 UTC,1h,CRV-USDT,BTC-USDT,0.9783,119657.8,8.175814698e-06,0.987677,30,0.0726974,0.0661508,0.0166835,1.54702e+07,0,0,0.705882,465,4,0,HOLD
2025-08-12 17:02:16 UTC,1h,CTC-USDT,BTC-USDT,0.7395,119657.8,6.180123653e-06,1.46017,30,0.0444915,0.0205631,0.0166522,1.38267e+06,0,0,0.705882,465,4,0,HOLD
2025-08-12 17:02:16 UTC,1h,CTK-USDT,BTC-USDT,0.357,119657.8,2.98350797e-06,0.203026,30,0.0574645,0.0432496,0.0188876,6.40851e+06,0,0,0.705882,465,4,0,EXIT_ZONE
2025-08-12 17:02:16 UTC,1h,CUDIS-USDT,BTC-USDT,0.07252,119657.8,6.060616191e-07,1.4269,30,0.0451074,0.167042,0.0413876,6.71393e+06,0,0,0.705882,465,4,0,HOLD
2025-08-12 17:02:16 UTC,1h,CVC-USDT,BTC-USDT,0.09679,119657.8,8.08890018e-07,1.53383,30,0.0364065,0.0374062,0.00963057,1.87683e+06,0,0,0.705882,465,4,0,HOLD
2025-08-12 17:02:16 UTC,1h,CYBER-USDT,BTC-USDT,2.98,119657.8,2.490435224e-05,-0.29983,30,-0.0693317,0.576303,0.159621,5.79721e+07,0,0,0.705882,465,4,0,EXIT_ZONE
2025-08-12 17:02:16 UTC,1h,D-USDT,BTC-USDT,0.03658,119657.8,3.057051024e-07,1.03553,30,0.0511494,0.0457404,0.0143521,6.23299e+06,0,0,0.705882,465,4,0,HOLD
2025-08-12 17:02:16 UTC,1h,DBR-USDT,BTC-USDT,0.0246,119657.8,2.055862635e-07,-0.0971317,30,0.0152703,0.00531263,0.00926249,421663,0,0,0.705882,465,4,0,EXIT_ZONE
2025-08-12 17:02:16 UTC,1h,DEEP-USDT,BTC-USDT,0.16922,119657.8,1.414199492e-06,1.30872,30,0.144151,0.127307,0.0165507,6.63264e+06,0,0,0.705882,465,4,0,HOLD
2025-08-12 17:02:16 UTC,1h,DEGEN-USDT,BTC-USDT,0.004013,119657.8,3.353730388e-08,0.697298,30,0.0735688,0.0667198,0.0186537,560585,0,0,0.705882,465,4,0,HOLD
2025-08-12 17:02:16 UTC,1h,DEGO-USDT,BTC-USDT,1.2377,119657.8,1.034366335e-05,0.433086,30,0.0382518,-0.0141776,0.0185482,836257,0,0,0.705882,465,4,0,EXIT_ZONE
2025-08-12 17:02:16 UTC,1h,DF-USDT,BTC-USDT,0.03036,119657.8,2.537235349e-07,1.05068,30,0.0578397,0.0465357,0.0119048,281159,0,0,0.705882,465,4,0,HOLD
2025-08-12 17:02:16 UTC,1h,DIA-USDT,BTC-USDT,0.8409,119657.8,7.027540202e-06,0.534551,30,0.0281208,0.0423949,0.0218049,6.3102e+06,0,0,0.705882,465,4,0,HOLD
2025-08-12 17:02:16 UTC,1h,DMC-USDT,BTC-USDT,0.004885,119657.8,4.082475192e-08,1.62058,30,0.0440265,0.0279882,0.014315,6.28224e+06,0,0,0.705882,465,4,0,HOLD
2025-08-12 17:02:16 UTC,1h,DOG-USDT,BTC-USDT,0.003471,119657.8,2.900772035e-08,0.38498,30,0.038289,0.0511811,0.0168539,777031,0,0,0.705882,465,4,0,EXIT_ZONE
2025-08-12 17:02:16 UTC,1h,DOGE-USDT,BTC-USDT,0.23036,119657.8,1.925156571e-06,1.31416,30,0.0405167,0.0303708,0.013482,1.34189e+08,0,0,0.705882,465,4,0,HOLD
2025-08-12 17:02:16 UTC,1h,DOGS-USDT,BTC-USDT,0.0001467,119657.8,1.225996132e-09,1.09531,30,0.0508596,0.0523673,0.0167494,795089,0,0,0.705882,465,4,0,HOLD
2025-08-12 17:02:16 UTC,1h,DOLO-USDT,BTC-USDT,0.232597,119657.8,1.94385155e-06,-1.57795,30,-0.0722949,-0.0830327,0.0339484,7.55395e+06,0,0,0.705882,465,4,0,HOLD
2025-08-12 17:02:16 UTC,1h,DOOD-USDT,BTC-USDT,0.0037753,119657.8,3.155080571e-08,0.98996,30,0.0481413,0.0245882,0.0146838,6.32381e+06,0,0,0.705882,465,4,0,HOLD
2025-08-12 17:02:16 UTC,1h,DOT-USDT,BTC-USDT,4.187,119657.8,3.499145062e-05,1.58516,30,0.0780124,0.0794019,0.0143642,1.68065e+07,0,0,0.705882,465,4,0,HOLD
2025-08-12 17:02:16 UTC,1h,DRIFT-USDT,BTC-USDT,0.5643,119657.8,4.715948313e-06,1.22913,30,0.0490798,0.0327599,0.0138098,6.4388e+06,0,0,0.705882,465,4,0,HOLD
2025-08-12 17:02:16 UTC,1h,DUSK-USDT,BTC-USDT,0.06828,119657.8,5.706272387e-07,1.27729,30,0.0688791,0.0712269,0.0156812,266928,0,0,0.705882,465,4,0,HOLD
2025-08-12 17:02:16 UTC,1h,DYDX-USDT,BTC-USDT,0.6677,119657.8,5.580079192e-06,1.09742,30,0.0470441,0.0538194,0.0175121,6.38589e+06,0,0,0.705882,465,4,0,HOLD
2025-08-12 17:02:16 UTC,1h,DYM-USDT,BTC-USDT,0.2616,119657.8,2.186234412e-06,1.31492,30,0.0608273,0.0514469,0.0200142,3.36593e+06,0,0,0.705882,465,4,0,HOLD
2025-08-12 17:02:16 UTC,1h,EDU-USDT,BTC-USDT,0.1467,119657.8,1.225996132e-06,-1.27061,30,-0.0252492,0.0661337,0.0530237,5.936e+06,0,0,0.705882,465,4,0,HOLD
2025-08-12 17:02:16 UTC,1h,EGLD-USDT,BTC-USDT,15.919,119657.8,0.0001330377125,1.26585,30,0.060489,0.0585145,0.0128373,3.1356e+06,0,0,0.705882,465,4,0,HOLD
2025-08-12 17:02:16 UTC,1h,EIGEN-USDT,BTC-USDT,1.3929,119657.8,1.164069538e-05,-0.612693,30,0.0237395,0.0394776,0.0218814,5.73797e+06,0,0,0.705882,465,4,0,HOLD
2025-08-12 17:02:16 UTC,1h,ELX-USDT,BTC-USDT,0.1768,119657.8,1.477546804e-06,1.26224,30,0.0561529,0.0548926,0.0179783,476500,0,0,0.705882,465,4,0,HOLD
2025-08-12 17:02:16 UTC,1h,ENA-USDT,BTC-USDT,0.8117,119657.8,6.783510979e-06,-0.153029,30,0.045197,0.0222922,0.026998,1.0061e+08,0,0,0.705882,465,4,0,EXIT_ZONE
2025-08-12 17:02:16 UTC,1h,ENJ-USDT,BTC-USDT,0.07322,119657.8,6.119116347e-07,1.21736,30,0.0544355,0.0511054,0.0139892,2.05606e+06,0,0,0.705882,465,4,0,HOLD
2025-08-12 17:02:16 UTC,1h,ENS-USDT,BTC-USDT,29.01,119657.8,0.000242441362,0.712634,30,0.0408295,0.0327519,0.0149973,1.19661e+07,0,0,0.705882,465,4,0,HOLD
2025-08-12 17:02:16 UTC,1h,EPIC-USDT,BTC-USDT,2.1253,119657.8,1.776148316e-05,0.0638885,30,0.0115659,0.000376559,0.0134838,2.09167e+06,0,0,0.705882,465,4,0,EXIT_ZONE
2025-08-12 17:02:16 UTC,1h,EPT-USDT,BTC-USDT,0.004373,119657.8,3.654588334e-08,1.61317,30,0.0401998,0.0434264,0.016775,6.33782e+06,0,0,0.705882,465,4,0,HOLD
2025-08-12 17:02:16 UTC,1h,ERA-USDT,BTC-USDT,1.0296,119657.8,8.604537272e-06,1.27859,30,0.0323874,-0.00980958,0.0161852,8.32837e+06,0,0,0.705882,465,4,0,HOLD
2025-08-12 17:02:16 UTC,1h,ES-USDT,BTC-USDT,0.2178,119657.8,1.820190577e-06,1.05939,30,0.034188,-0.000458926,0.0195133,6.27517e+06,0,0,0.705882,465,4,0,HOLD
2025-08-12 17:02:16 UTC,1h,ESPORTS-USDT,BTC-USDT,0.1305,119657.8,1.090610056e-06,0.257333,30,0.0357143,-0.00609292,0.0173508,6.60604e+06,0,0,0.705882,465,4,0,EXIT_ZONE
2025-08-12 17:02:16 UTC,1h,ETC-USDT,BTC-USDT,23.384,119657.8,0.0001954239506,1.05875,30,0.0543307,0.0500225,0.0148789,1.25357e+07,0,0,0.705882,465,4,0,HOLD
2025-08-12 17:02:16 UTC,1h,ETH-USDT,BTC-USDT,4463.26,119657.8,0.03730020107,1.14014,30,0.0405761,0.0418587,0.0110611,2.56307e+09,0,0,0.705882,465,4,0,HOLD
2025-08-12 17:02:16 UTC,1h,ETHFI-USDT,BTC-USDT,1.2167,119657.8,1.016816288e-05,0.307936,30,0.0415169,0.0337298,0.023741,1.33682e+07,0,0,0.705882,465,4,0,EXIT_ZONE
2025-08-12 17:02:16 UTC,1h,ETHW-USDT,BTC-USDT,1.7193,119657.8,1.43684741e-05,1.3205,30,0.0544618,0.056146,0.0147194,1.9897e+06,0,0,0.705882,465,4,0,HOLD
2025-08-12 17:02:16 UTC,1h,F-USDT,BTC-USDT,0.008052,119657.8,6.729189405e-08,1.15688,30,0.0426,0.0218274,0.0118161,6.26769e+06,0,0,0.705882,465,4,0,HOLD
2025-08-12 17:02:16 UTC,1h,FARTCOIN-USDT,BTC-USDT,0.9444,119657.8,7.892506799e-06,1.74793,30,0.0914134,0.0968641,0.0251331,6.71101e+07,0,0,0.705882,465,4,0,HOLD
2025-08-12 17:02:16 UTC,1h,FET-USDT,BTC-USDT,0.7226,119657.8,6.038887561e-06,1.4417,30,0.0521258,0.0486141,0.014778,5.47098e+06,0,0,0.705882,465,4,0,HOLD
2025-08-12 17:02:16 UTC,1h,FHE-USDT,BTC-USDT,0.0634,119657.8,5.298442726e-07,-0.810233,30,0.0219213,-0.00251731,0.0178233,6.4467e+06,0,0,0.705882,465,4,0,HOLD
2025-08-12 17:02:16 UTC,1h,FIDA-USDT,BTC-USDT,0.1038,119657.8,8.67473746e-07,1.43215,30,0.0671327,0.0693314,0.0164671,817543,0,0,0.705882,465,4,0,HOLD
2025-08-12 17:02:16 UTC,1h,FIL-USDT,BTC-USDT,2.611,119657.8,2.182055829e-05,1.49532,30,0.0545234,0.0549495,0.0123926,9.77925e+06,0,0,0.705882,465,4,0,HOLD
2025-08-12 17:02:16 UTC,1h,FIO-USDT,BTC-USDT,0.02107,119657.8,1.760854704e-07,1.05917,30,0.0572002,-0.0112623,0.018747,6.43829e+06,0,0,0.705882,465,4,0,HOLD
2025-08-12 17:02:16 UTC,1h,FIS-USDT,BTC-USDT,0.12063,119657.8,1.008124836e-06,0.797871,30,0.0375882,0.0296176,0.0140157,6.33412e+06,0,0,0.705882,465,4,0,HOLD
2025-08-12 17:02:16 UTC,1h,FLM-USDT,BTC-USDT,0.03053,119657.8,2.55144253e-07,1.24913,30,0.0582322,0.0582322,0.0142015,717621,0,0,0.705882,465,4,0,HOLD
2025-08-12 17:02:16 UTC,1h,FLOCK-USDT,BTC-USDT,0.18402,119657.8,1.537885537e-06,-0.442819,30,-0.0102194,0.0820887,0.0311146,6.50033e+06,0,0,0.705882,465,4,0,EXIT_ZONE
2025-08-12 17:02:16 UTC,1h,FLOKI-USDT,BTC-USDT,0.00011313,119657.8,9.454460971e-10,1.26816,30,0.0473061,0.0415209,0.0155131,6.4129e+06,0,0,0.705882,465,4,0,HOLD
2025-08-12 17:02:16 UTC,1h,FLOW-USDT,BTC-USDT,0.386,119657.8,3.225865761e-06,1.41783,30,0.0546448,0.0517711,0.0109178,2.40033e+06,0,0,0.705882,465,4,0,HOLD
2025-08-12 17:02:16 UTC,1h,FLUX-USDT,BTC-USDT,0.2305,119657.8,1.926326575e-06,1.30424,30,0.062212,0.0631919,0.0159591,433830,0,0,0.705882,465,4,0,HOLD
2025-08-12 17:02:16 UTC,1h,FORM-USDT,BTC-USDT,3.8036,119657.8,3.178731349e-05,-0.106659,30,-0.00624428,-0.0103039,0.00644502,2.11892e+06,0,0,0.705882,465,4,0,EXIT_ZONE
2025-08-12 17:02:16 UTC,1h,FORTH-USDT,BTC-USDT,2.847,119657.8,2.379284928e-05,1.28909,30,0.0216752,-0.0113897,0.020558,1.20602e+06,0,0,0.705882,465,4,0,HOLD
2025-08-12 17:02:16 UTC,1h,FRAG-USDT,BTC-USDT,0.04404,119657.8,3.680495546e-07,1.44391,30,0.0440967,0.0270522,0.0259991,6.26228e+06,0,0,0.705882,465,4,0,HOLD
2025-08-12 17:02:16 UTC,1h,FUEL-USDT,BTC-USDT,0.00752,119657.8,6.284588217e-08,0.618851,30,0.0134771,-0.0169935,0.0149126,349893,0,0,0.705882,465,4,0,HOLD
2025-08-12 17:02:16 UTC,1h,FUNTOKEN-USDT,BTC-USDT,0.009391,119657.8,7.848213823e-08,0.283419,30,0.0237654,-0.00634853,0.036106,9.82758e+06,0,0,0.705882,465,4,0,EXIT_ZONE
2025-08-12 17:02:16 UTC,1h,FXS-USDT,BTC-USDT,3.1771,119657.8,2.65515495e-05,1.4394,30,0.0420138,0.0525775,0.0140537,2.11526e+06,0,0,0.705882,465,4,0,HOLD
2025-08-12 17:02:16 UTC,1h,G-USDT,BTC-USDT,0.01238,119657.8,1.03461705e-07,1.36671,30,0.0429655,0.0429655,0.0126933,6.22277e+06,0,0,0.705882,465,4,0,HOLD
2025-08-12 17:02:16 UTC,1h,GALA-USDT,BTC-USDT,0.01778,119657.8,1.485903969e-07,1.41293,30,0.0646707,0.0627615,0.0163908,9.62796e+06,0,0,0.705882,465,4,0,HOLD
2025-08-12 17:02:16 UTC,1h,GAS-USDT,BTC-USDT,3.326,119657.8,2.77959314e-05,1.42306,30,0.0387258,0.0284477,0.0107379,1.91268e+06,0,0,0.705882,465,4,0,HOLD
2025-08-12 17:02:16 UTC,1h,GHST-USDT,BTC-USDT,0.5117,119657.8,4.276361424e-06,0.394306,30,0.107816,0.0915102,0.0280159,7.03813e+06,0,0,0.705882,465,4,0,EXIT_ZONE
2025-08-12 17:02:16 UTC,1h,GLM-USDT,BTC-USDT,0.26201,119657.8,2.18966085e-06,1.29717,30,0.0358583,0.0210834,0.0100623,500857,0,0,0.705882,465,4,0,HOLD
2025-08-12 17:02:16 UTC,1h,GMT-USDT,BTC-USDT,0.04725,119657.8,3.948760549e-07,1.36041,30,0.0572835,0.0521042,0.0127891,675015,0,0,0.705882,465,4,0,HOLD
2025-08-12 17:02:16 UTC,1h,GMX-USDT,BTC-USDT,17.103,119657.8,0.0001429325961,0.815711,30,0.0182782,0.0207699,0.0158285,2.47892e+06,0,0,0.705882,465,4,0,HOLD
2025-08-12 17:02:16 UTC,1h,GOAT-USDT,BTC-USDT,0.10512,119657.8,8.78505204e-07,1.30174,30,0.0850537,0.0871859,0.0176465,6.62478e+06,0,0,0.705882,465,4,0,HOLD
2025-08-12 17:02:16 UTC,1h,GOR-USDT,BTC-USDT,0.01878,119657.8,1.569475621e-07,0.623349,30,0.133374,0.137492,0.038757,6.42782e+06,0,0,0.705882,465,4,0,HOLD
2025-08-12 17:02:16 UTC,1h,GORK-USDT,BTC-USDT,0.00851,119657.8,7.11194757e-08,1.32685,30,0.116798,0.139224,0.0216552,6.35915e+06,0,0,0.705882,465,4,0,HOLD
2025-08-12 17:02:16 UTC,1h,GPS-USDT,BTC-USDT,0.01601,119657.8,1.337982146e-07,0.89757,30,0.0409623,-0.0285194,0.0228429,6.35774e+06,0,0,0.705882,465,4,0,HOLD
2025-08-12 17:02:16 UTC,1h,GRASS-USDT,BTC-USDT,0.8074,119657.8,6.747575169e-06,1.09672,30,0.0587464,0.0623684,0.0230811,7.26376e+06,0,0,0.705882,465,4,0,HOLD
2025-08-12 17:02:16 UTC,1h,GRIFFAIN-USDT,BTC-USDT,0.04447,119657.8,3.716431357e-07,0.772532,30,0.0545411,0.0429174,0.0207363,6.90261e+06,0,0,0.705882,465,4,0,HOLD
2025-08-12 17:02:16 UTC,1h,GRT-USDT,BTC-USDT,0.09897,119657.8,8.271086381e-07,1.32476,30,0.0589557,0.0619099,0.0137127,2.64788e+06,0,0,0.705882,465,4,0,HOLD
2025-08-12 17:02:16 UTC,1h,GTC-USDT,BTC-USDT,0.309,119657.8,2.582364041e-06,1.3087,30,0.0692042,0.0655172,0.0152566,1.93087e+06,0,0,0.705882,465,4,0,HOLD
2025-08-12 17:02:16 UTC,1h,GUN-USDT,BTC-USDT,0.03089,119657.8,2.581528325e-07,0.93502,30,0.0400673,0.0331104,0.0166258,6.29817e+06,0,0,0.705882,465,4,0,HOLD
2025-08-12 17:02:16 UTC,1h,H-USDT,BTC-USDT,0.03782,119657.8,3.160679872e-07,1.59644,30,0.0271592,0.0274382,0.0120684,6.3818e+06,0,0,0.705882,465,4,0,HOLD
2025-08-12 17:02:16 UTC,1h,HAEDAL-USDT,BTC-USDT,0.144024,119657.8,1.203632358e-06,1.13563,30,0.0424511,0.0499213,0.0159155,6.24826e+06,0,0,0.705882,465,4,0,HOLD
2025-08-12 17:02:16 UTC,1h,HBAR-USDT,BTC-USDT,0.25571,119657.8,2.137010709e-06,1.01817,30,0.0369845,0.0365221,0.0108633,1.32984e+07,0,0,0.705882,465,4,0,HOLD
2025-08-12 17:02:16 UTC,1h,HEI-USDT,BTC-USDT,0.5032,119657.8,4.20532552e-06,-1.42782,30,0.0064,-0.000992654,0.0232512,810508,0,0,0.705882,465,4,0,HOLD
2025-08-12 17:02:16 UTC,1h,HFT-USDT,BTC-USDT,0.09849,119657.8,8.230971988e-07,1.06577,30,0.023911,0.00530775,0.0254631,6.44759e+06,0,0,0.705882,465,4,0,HOLD
2025-08-12 17:02:16 UTC,1h,HIFI-USDT,BTC-USDT,0.09321,119657.8,7.789713667e-07,0.758057,30,0.114552,0.125045,0.0310206,3.1973e+06,0,0,0.705882,465,4,0,HOLD
2025-08-12 17:02:16 UTC,1h,HIGH-USDT,BTC-USDT,0.6012,119657.8,5.024327708e-06,1.11895,30,0.0580781,0.0530741,0.0141978,5.51741e+06,0,0,0.705882,465,4,0,HOLD
2025-08-12 17:02:16 UTC,1h,HIPPO-USDT,BTC-USDT,0.002372,119657.8,1.982319581e-08,-1.08027,30,0.0335512,-0.00252313,0.0287882,1.99904e+06,0,0,0.705882,465,4,0,HOLD
2025-08-12 17:02:16 UTC,1h,HIVE-USDT,BTC-USDT,0.22523,119657.8,1.882284314e-06,1.32611,30,0.0384048,0.0315563,0.00977096,408148,0,0,0.705882,465,4,0,HOLD
2025-08-12 17:02:16 UTC,1h,HMSTR-USDT,BTC-USDT,0.0007769,119657.8,6.49268163e-09,1.31027,30,0.0525674,0.0517125,0.015161,530849,0,0,0.705882,465,4,0,HOLD
2025-08-12 17:02:16 UTC,1h,HOME-USDT,BTC-USDT,0.042361,119657.8,3.540178743e-07,0.81443,30,0.0770932,0.0780801,0.01512,6.43537e+06,0,0,0.705882,465,4,0,HOLD
2025-08-12 17:02:16 UTC,1h,HOODX-USDT,BTC-USDT,115.12,119657.8,0.0009620768558,-0.26266,30,0.0151675,0.0127562,0.00879827,6.21881e+06,0,0,0.705882,465,4,0,EXIT_ZONE
2025-08-12 17:02:16 UTC,1h,HOOK-USDT,BTC-USDT,0.1123,119657.8,9.3850965e-07,0.82623,30,0.0456238,0.0902913,0.0234067,5.62842e+06,0,0,0.705882,465,4,0,HOLD
2025-08-12 17:02:16 UTC,1h,HOT-USDT,BTC-USDT,0.001037,119657.8,8.666380294e-09,1.4087,30,0.0581633,0.0581633,0.0141204,1.88171e+06,0,0,0.705882,465,4,0,HOLD
2025-08-12 17:02:16 UTC,1h,HOUSE-USDT,BTC-USDT,0.02258,119657.8,1.887047898e-07,1.21942,30,0.107406,0.0353049,0.0398899,6.97073e+06,0,0,0.705882,465,4,0,HOLD
2025-08-12 17:02:16 UTC,1h,HUMA-USDT,BTC-USDT,0.03698,119657.8,3.090479685e-07,0.832595,30,0.103914,0.105101,0.0205343,6.63184e+06,0,0,0.705882,465,4,0,HOLD
2025-08-12 17:02:16 UTC,1h,HYPE-USDT,BTC-USDT,44.378,119657.8,0.0003708742765,0.944671,30,0.0375964,0.0290789,0.0160665,2.27736e+07,0,0,0.705882,465,4,0,HOLD
2025-08-12 17:02:16 UTC,1h,HYPERLANE-USDT,BTC-USDT,0.3854,119657.8,3.220851461e-06,0.979599,30,0.0608313,0.00679206,0.0183854,6.94417e+06,0,0,0.705882,465,4,0,HOLD
2025-08-12 17:02:16 UTC,1h,ICNT-USDT,BTC-USDT,0.3575,119657.8,2.987686553e-06,-0.736483,30,-0.0178571,-0.0790829,0.0776024,1.68349e+07,0,0,0.705882,465,4,0,HOLD
2025-08-12 17:02:16 UTC,1h,ICP-USDT,BTC-USDT,5.643,119657.8,4.715948313e-05,1.36985,30,0.0506423,0.0522096,0.0133794,5.04041e+06,0,0,0.705882,465,4,0,HOLD
2025-08-12 17:02:16 UTC,1h,ICX-USDT,BTC-USDT,0.1359,119657.8,1.135738748e-06,1.41151,30,0.0445811,0.0461894,0.012299,308982,0,0,0.705882,465,4,0,HOLD
2025-08-12 17:02:16 UTC,1h,ID-USDT,BTC-USDT,0.17713,119657.8,1.480304669e-06,1.24919,30,0.0424931,0.0759932,0.0226871,2.53628e+06,0,0,0.705882,465,4,0,HOLD
2025-08-12 17:02:16 UTC,1h,IDOL-USDT,BTC-USDT,0.01653,119657.8,1.381439405e-07,-1.76702,30,0.022896,0.0222635,0.0554403,7.29364e+06,0,0,0.705882,465,4,0,HOLD
2025-08-12 17:02:16 UTC,1h,ILV-USDT,BTC-USDT,17.65,119657.8,0.0001475039655,0.40629,30,0.029815,0.0309579,0.0164832,6.49801e+06,0,0,0.705882,465,4,0,EXIT_ZONE
2025-08-12 17:02:16 UTC,1h,IMX-USDT,BTC-USDT,0.5848,119657.8,4.887270199e-06,1.02863,30,0.042982,0.046903,0.0185778,5.71019e+06,0,0,0.705882,465,4,0,HOLD
2025-08-12 17:02:16 UTC,1h,IN-USDT,BTC-USDT,0.11842,119657.8,9.896555009e-07,1.78195,30,0.308942,0.264901,0.0462096,8.02627e+06,0,0,0.705882,465,4,0,HOLD
2025-08-12 17:02:16 UTC,1h,INIT-USDT,BTC-USDT,0.4774,119657.8,3.989710658e-06,1.49011,30,0.108686,0.134506,0.0209618,6.57858e+06,0,0,0.705882,465,4,0,HOLD
2025-08-12 17:02:16 UTC,1h,INJ-USDT,BTC-USDT,14.534,119657.8,0.0001214630388,1.12172,30,0.0622716,0.0611083,0.0155792,3.02984e+07,0,0,0.705882,465,4,0,HOLD
2025-08-12 17:02:16 UTC,1h,IO-USDT,BTC-USDT,0.6546,119657.8,5.470600329e-06,1.67708,30,0.0917278,0.0974015,0.0182336,9.41965e+06,0,0,0.705882,465,4,0,HOLD
2025-08-12 17:02:16 UTC,1h,IOST-USDT,BTC-USDT,0.003792,119657.8,3.169037037e-08,1.26742,30,0.0507066,0.0411862,0.011528,1.97387e+06,0,0,0.705882,465,4,0,HOLD
2025-08-12 17:02:16 UTC,1h,IOTA-USDT,BTC-USDT,0.2092,119657.8,1.748318956e-06,1.04324,30,0.0523139,0.0528435,0.0136916,2.26939e+06,0,0,0.705882,465,4,0,HOLD
2025-08-12 17:02:16 UTC,1h,IP-USDT,BTC-USDT,5.74625,119657.8,4.802236043e-05,-1.14829,30,0.0166485,-0.00884857,0.0229147,1.11415e+07,0,0,0.705882,465,4,0,HOLD
2025-08-12 17:02:16 UTC,1h,JASMY-USDT,BTC-USDT,0.018463,119657.8,1.542983408e-07,1.61895,30,0.114915,0.103323,0.0226747,5.01366e+06,0,0,0.705882,465,4,0,HOLD
2025-08-12 17:02:16 UTC,1h,JOE-USDT,BTC-USDT,0.16492,119657.8,1.378263682e-06,1.31058,30,0.0549479,0.0547455,0.0140198,1.90927e+06,0,0,0.705882,465,4,0,HOLD
2025-08-12 17:02:16 UTC,1h,JST-USDT,BTC-USDT,0.033857,119657.8,2.829485416e-07,1.37234,30,0.0200657,0.0104154,0.00585656,1.8812e+06,0,0,0.705882,465,4,0,HOLD
2025-08-12 17:02:16 UTC,1h,JTO-USDT,BTC-USDT,1.8681,119657.8,1.561202028e-05,1.51902,30,0.0628094,0.0532815,0.0132488,4.98376e+06,0,0,0.705882,465,4,0,HOLD
2025-08-12 17:02:16 UTC,1h,JUP-USDT,BTC-USDT,0.5243,119657.8,4.381661705e-06,1.36745,30,0.0568434,0.0617659,0.0158034,1.22238e+07,0,0,0.705882,465,4,0,HOLD
2025-08-12 17:02:16 UTC,1h,KAIA-USDT,BTC-USDT,0.1499,119657.8,1.252739061e-06,1.54493,30,0.035221,0.0281207,0.0113885,6.48314e+06,0,0,0.705882,465,4,0,HOLD
2025-08-12 17:02:16 UTC,1h,KAITO-USDT,BTC-USDT,1.2087,119657.8,1.010130556e-05,0.950137,30,0.0851064,0.0688893,0.0167358,6.78645e+06,0,0,0.705882,465,4,0,HOLD
2025-08-12 17:02:16 UTC,1h,KAS-USDT,BTC-USDT,0.09182,119657.8,7.673549071e-07,1.36814,30,0.0517755,0.0343585,0.0147805,7.54721e+06,0,0,0.705882,465,4,0,HOLD
2025-08-12 17:02:16 UTC,1h,KAVA-USDT,BTC-USDT,0.3848,119657.8,3.215837162e-06,1.35289,30,0.0193377,0.0228602,0.00601426,2.10889e+06,0,0,0.705882,465,4,0,HOLD
2025-08-12 17:02:16 UTC,1h,KDA-USDT,BTC-USDT,0.4291,119657.8,3.58605958e-06,1.31446,30,0.0548181,0.0566363,0.0150814,2.02262e+06,0,0,0.705882,465,4,0,HOLD
2025-08-12 17:02:16 UTC,1h,KERNEL-USDT,BTC-USDT,0.2029,119657.8,1.695668816e-06,1.50028,30,0.0352041,0.0320448,0.016757,6.53088e+06,0,0,0.705882,465,4,0,HOLD
2025-08-12 17:02:16 UTC,1h,KMNO-USDT,BTC-USDT,0.05489,119657.8,4.587247969e-07,1.45475,30,0.0672759,0.0602666,0.0138459,387001,0,0,0.705882,465,4,0,HOLD
2025-08-12 17:02:16 UTC,1h,KNC-USDT,BTC-USDT,0.4267,119657.8,3.566002383e-06,1.02714,30,0.0361826,0.0284406,0.0121698,2.11123e+06,0,0,0.705882,465,4,0,HOLD
2025-08-12 17:02:16 UTC,1h,KOMA-USDT,BTC-USDT,0.02475,119657.8,2.068398383e-07,1.60089,30,0.0325407,0.0342666,0.00923521,1.88458e+06,0,0,0.705882,465,4,0,HOLD
2025-08-12 17:02:16 UTC,1h,KSM-USDT,BTC-USDT,15.734,119657.8,0.000131491637,1.43331,30,0.0616734,0.0595286,0.0133968,2.98543e+06,0,0,0.705882,465,4,0,HOLD
2025-08-12 17:02:16 UTC,1h,LA-USDT,BTC-USDT,0.4078,119657.8,3.408051962e-06,-0.260516,30,0.0709034,0.130893,0.0424228,1.16861e+07,0,0,0.705882,465,4,0,EXIT_ZONE
2025-08-12 17:02:16 UTC,1h,LAUNCHCOIN-USDT,BTC-USDT,0.07083,119657.8,5.919380099e-07,0.835496,30,0.0396301,0.0510461,0.0208346,6.47228e+06,0,0,0.705882,465,4,0,HOLD
2025-08-12 17:02:16 UTC,1h,LAYER-USDT,BTC-USDT,0.6302,119657.8,5.266685498e-06,1.41792,30,0.0389054,0.0300752,0.0105522,6.33961e+06,0,0,0.705882,465,4,0,HOLD
2025-08-12 17:02:16 UTC,1h,LDO-USDT,BTC-USDT,1.5577,119657.8,1.301795621e-05,0.302728,30,0.0438949,0.0555668,0.0316951,3.37508e+07,0,0,0.705882,465,4,0,EXIT_ZONE
2025-08-12 17:02:16 UTC,1h,LINK-USDT,BTC-USDT,23.644,119657.8,0.0001975968136,0.643052,30,0.110516,0.105997,0.0205579,7.86247e+07,0,0,0.705882,465,4,0,HOLD
2025-08-12 17:02:16 UTC,1h,LISTA-USDT,BTC-USDT,0.3114,119657.8,2.602421238e-06,1.55923,30,0.0331785,0.0613497,0.0205753,4.50067e+06,0,0,0.705882,465,4,0,HOLD
2025-08-12 17:02:16 UTC,1h,LPT-USDT,BTC-USDT,6.791,119657.8,5.675350876e-05,1.15536,30,0.0650878,0.0540121,0.01482,2.32714e+06,0,0,0.705882,465,4,0,HOLD
2025-08-12 17:02:16 UTC,1h,LQTY-USDT,BTC-USDT,1.0369,119657.8,8.665544578e-06,0.563625,30,0.0433689,0.0238965,0.0173732,989561,0,0,0.705882,465,4,0,HOLD
2025-08-12 17:02:16 UTC,1h,LRC-USDT,BTC-USDT,0.09122,119657.8,7.62340608e-07,1.3155,30,0.074061,0.0791435,0.0148385,474692,0,0,0.705882,465,4,0,HOLD
2025-08-12 17:02:16 UTC,1h,LTC-USDT,BTC-USDT,124.92,119657.8,0.001043977075,1.39126,30,0.0455306,0.0489546,0.0115045,4.32381e+07,0,0,0.705882,465,4,0,HOLD
2025-08-12 17:02:16 UTC,1h,LUMIA-USDT,BTC-USDT,0.349,119657.8,2.916650649e-06,1.2436,30,0.0630521,0.053744,0.0203438,640068,0,0,0.705882,465,4,0,HOLD
2025-08-12 17:02:16 UTC,1h,LUNA-USDT,BTC-USDT,0.1647,119657.8,1.376425106e-06,0.125099,30,0.0371537,0.0371537,0.0145719,1.99802e+06,0,0,0.705882,465,4,0,EXIT_ZONE
2025-08-12 17:02:16 UTC,1h,LUNC-USDT,BTC-USDT,6.25e-05,119657.8,5.223228239e-10,0.736337,30,0.0387236,0.0294844,0.0109943,1.14969e+06,0,0,0.705882,465,4,0,HOLD
2025-08-12 17:02:16 UTC,1h,M-USDT,BTC-USDT,0.4428,119657.8,3.700552743e-06,-0.751565,30,-0.00135318,-0.027027,0.0199219,7.43542e+06,0,0,0.705882,465,4,0,HOLD
2025-08-12 17:02:16 UTC,1h,MAGIC-USDT,BTC-USDT,0.2686,119657.8,2.244734568e-06,-0.472273,30,0.0291188,0.0330769,0.0307414,1.17613e+07,0,0,0.705882,465,4,0,EXIT_ZONE
2025-08-12 17:02:16 UTC,1h,MANA-USDT,BTC-USDT,0.3061,119657.8,2.558128262e-06,1.40184,30,0.0544265,0.0493658,0.013021,2.30213e+06,0,0,0.705882,465,4,0,HOLD
2025-08-12 17:02:16 UTC,1h,MANTA-USDT,BTC-USDT,0.2351,119657.8,1.964769534e-06,1.01744,30,0.0666969,0.0676658,0.0190193,1.04993e+06,0,0,0.705882,465,4,0,HOLD
2025-08-12 17:02:16 UTC,1h,MASK-USDT,BTC-USDT,1.3408,119657.8,1.120528708e-05,0.949967,30,0.0564967,0.0501253,0.0140268,2.23592e+06,0,0,0.705882,465,4,0,HOLD
2025-08-12 17:02:16 UTC,1h,MAV-USDT,BTC-USDT,0.05968,119657.8,4.987556181e-07,-1.24758,30,-0.0464931,0.121594,0.0439966,4.23935e+06,0,0,0.705882,465,4,0,HOLD
2025-08-12 17:02:16 UTC,1h,MAVIA-USDT,BTC-USDT,0.1902,119657.8,1.589532818e-06,-0.399209,30,0.0176565,0.0427632,0.0277152,8.46072e+06,0,0,0.705882,465,4,0,EXIT_ZONE
2025-08-12 17:02:16 UTC,1h,MBOX-USDT,BTC-USDT,0.06155,119657.8,5.14383517e-07,0.892677,30,0.0932504,0.0866879,0.0196472,759850,0,0,0.705882,465,4,0,HOLD
2025-08-12 17:02:16 UTC,1h,ME-USDT,BTC-USDT,0.7446,119657.8,6.222745195e-06,1.23686,30,0.0325891,0.0318736,0.0115019,736896,0,0,0.705882,465,4,0,HOLD
2025-08-12 17:02:16 UTC,1h,MELANIA-USDT,BTC-USDT,0.2258,119657.8,1.887047898e-06,1.36649,30,0.0645922,0.0536631,0.0148994,740637,0,0,0.705882,465,4,0,HOLD
2025-08-12 17:02:16 UTC,1h,MEME-USDT,BTC-USDT,0.001791,119657.8,1.496768284e-08,1.13636,30,0.0504399,0.0553919,0.0163915,2.24905e+06,0,0,0.705882,465,4,0,HOLD
2025-08-12 17:02:16 UTC,1h,MERL-USDT,BTC-USDT,0.11623,119657.8,9.713533092e-07,0.975529,30,0.04317,0.0352721,0.0125244,6.25043e+06,0,0,0.705882,465,4,0,HOLD
2025-08-12 17:02:16 UTC,1h,METAX-USDT,BTC-USDT,793.41,119657.8,0.006630658428,1.16738,30,0.0347431,0.0341228,0.00727961,6.23781e+06,0,0,0.705882,465,4,0,HOLD
2025-08-12 17:02:16 UTC,1h,METIS-USDT,BTC-USDT,18.37,119657.8,0.0001535211244,0.606695,30,0.0563542,0.0527221,0.0198694,2.08214e+06,0,0,0.705882,465,4,0,HOLD
2025-08-12 17:02:16 UTC,1h,MEW-USDT,BTC-USDT,0.00328,119657.8,2.74115018e-08,1.55512,30,0.0750574,0.0677083,0.0164852,3.29315e+06,0,0,0.705882,465,4,0,HOLD
2025-08-12 17:02:16 UTC,1h,MILK-USDT,BTC-USDT,0.05251,119657.8,4.388347437e-07,0.73607,30,0.0267892,0.0206025,0.0135484,6.27915e+06,0,0,0.705882,465,4,0,HOLD
2025-08-12 17:02:16 UTC,1h,MINA-USDT,BTC-USDT,0.1983,119657.8,1.657225856e-06,1.30919,30,0.059861,0.0604278,0.0146603,2.06977e+06,0,0,0.705882,465,4,0,HOLD
2025-08-12 17:02:16 UTC,1h,MKR-USDT,BTC-USDT,2030,119657.8,0.01696504532,1.55505,30,0.0313992,0.0042048,0.0128783,7.44152e+06,0,0,0.705882,465,4,0,HOLD
2025-08-12 17:02:16 UTC,1h,MLN-USDT,BTC-USDT,8.506,119657.8,7.108604704e-05,0.671042,30,0.0342899,0.0331592,0.0116556,6.30266e+06,0,0,0.705882,465,4,0,HOLD
2025-08-12 17:02:16 UTC,1h,MNT-USDT,BTC-USDT,1.02899,119657.8,8.599439401e-06,1.00931,30,-0.00401688,0.0173817,0.019887,7.14598e+06,0,0,0.705882,465,4,0,HOLD
2025-08-12 17:02:16 UTC,1h,MOODENG-USDT,BTC-USDT,0.17914,119657.8,1.497102571e-06,0.916946,30,0.0113476,0.0153027,0.0214796,1.01238e+07,0,0,0.705882,465,4,0,HOLD
2025-08-12 17:02:16 UTC,1h,MORPHO-USDT,BTC-USDT,2.1657,119657.8,1.809911264e-05,0.938187,30,0.0603182,0.0393531,0.0164183,718460,0,0,0.705882,465,4,0,HOLD
2025-08-12 17:02:16 UTC,1h,MOVE-USDT,BTC-USDT,0.1424,119657.8,1.190060322e-06,0.957027,30,0.0501475,0.0409357,0.0129916,6.83485e+06,0,0,0.705882,465,4,0,HOLD
2025-08-12 17:02:16 UTC,1h,MOVR-USDT,BTC-USDT,6.748,119657.8,5.639415065e-05,0.790508,30,0.0346519,0.0269365,0.0141735,1.92117e+06,0,0,0.705882,465,4,0,HOLD
2025-08-12 17:02:16 UTC,1h,MTL-USDT,BTC-USDT,0.7738,119657.8,6.466774418e-06,1.54088,30,0.0562381,0.0499322,0.0112617,510338,0,0,0.705882,465,4,0,HOLD
2025-08-12 17:02:16 UTC,1h,MUBARAK-USDT,BTC-USDT,0.03795,119657.8,3.171544187e-07,0.448922,30,0.0778188,0.0705219,0.0183512,2.39523e+06,0,0,0.705882,465,4,0,EXIT_ZONE
2025-08-12 17:02:16 UTC,1h,MYRO-USDT,BTC-USDT,0.0269,119657.8,2.248077434e-07,0.610343,30,0.0895099,0.0640823,0.0377323,5.46193e+06,0,0,0.705882,465,4,0,HOLD
2025-08-12 17:02:16 UTC,1h,MYX-USDT,BTC-USDT,1.65212,119657.8,1.380703974e-05,-1.75273,30,-0.0335145,0.0122292,0.0257591,1.35776e+07,0,0,0.705882,465,4,0,HOLD
2025-08-12 17:02:16 UTC,1h,NAORIS-USDT,BTC-USDT,0.03105,119657.8,2.594899789e-07,1.02861,30,0.0395045,0.0332779,0.0252128,6.56396e+06,0,0,0.705882,465,4,0,HOLD
2025-08-12 17:02:16 UTC,1h,NEAR-USDT,BTC-USDT,2.7484,119657.8,2.296883279e-05,1.19074,30,0.0560615,0.0554937,0.0142654,1.28012e+07,0,0,0.705882,465,4,0,HOLD
2025-08-12 17:02:16 UTC,1h,NEIROCTO-USDT,BTC-USDT,0.000426,119657.8,3.560152368e-09,1.12238,30,0.0790274,0.0752145,0.018662,6.87008e+06,0,0,0.705882,465,4,0,HOLD
2025-08-12 17:02:16 UTC,1h,NEIROETH-USDT,BTC-USDT,0.12093,119657.8,1.010631986e-06,-0.997455,30,-0.0104738,-0.0330241,0.0199348,1.33638e+06,0,0,0.705882,465,4,0,HOLD
2025-08-12 17:02:16 UTC,1h,NEO-USDT,BTC-USDT,6.525,119657.8,5.453050282e-05,1.35575,30,0.0551423,0.0490354,0.013815,2.88866e+06,0,0,0.705882,465,4,0,HOLD
2025-08-12 17:02:16 UTC,1h,NEWT-USDT,BTC-USDT,0.3477,119657.8,2.905786334e-06,1.08515,30,0.0469738,0.0229479,0.0154485,6.48792e+06,0,0,0.705882,465,4,0,HOLD
2025-08-12 17:02:16 UTC,1h,NFP-USDT,BTC-USDT,0.07372,119657.8,6.160902173e-07,1.13843,30,0.058739,0.0680962,0.0186032,571204,0,0,0.705882,465,4,0,HOLD
2025-08-12 17:02:16 UTC,1h,NIL-USDT,BTC-USDT,0.3158,119657.8,2.639192765e-06,1.21067,30,0.0625841,0.0519654,0.0164209,6.25643e+06,0,0,0.705882,465,4,0,HOLD
2025-08-12 17:02:16 UTC,1h,NMR-USDT,BTC-USDT,8.978,119657.8,7.503062901e-05,1.04347,30,0.0536322,0.0485868,0.0135251,4.30118e+06,0,0,0.705882,465,4,0,HOLD
2025-08-12 17:02:16 UTC,1h,NOT-USDT,BTC-USDT,0.002216,119657.8,1.851947804e-08,0.988463,30,0.041843,0.0350304,0.0152785,5.44436e+06,0,0,0.705882,465,4,0,HOLD
2025-08-12 17:02:16 UTC,1h,NTRN-USDT,BTC-USDT,0.09441,119657.8,7.889999649e-07,1.12578,30,0.0851724,0.084923,0.0214566,2.14014e+06,0,0,0.705882,465,4,0,HOLD
2025-08-12 17:02:16 UTC,1h,NVDAX-USDT,BTC-USDT,182.38,119657.8,0.001524179786,-0.0409434,30,0.00274907,0.00640106,0.00601961,6.22521e+06,0,0,0.705882,465,4,0,EXIT_ZONE
2025-08-12 17:02:16 UTC,1h,NXPC-USDT,BTC-USDT,0.92212,119657.8,7.706309158e-06,1.25536,30,0.034103,0.0263339,0.00966097,6.43166e+06,0,0,0.705882,465,4,0,HOLD
2025-08-12 17:02:16 UTC,1h,OBOL-USDT,BTC-USDT,0.13406,119657.8,1.120361564e-06,1.54764,30,0.0475074,0.0264145,0.0180729,6.33754e+06,0,0,0.705882,465,4,0,HOLD
2025-08-12 17:02:16 UTC,1h,OG-USDT,BTC-USDT,13.415,119657.8,0.0001121113709,-0.339994,30,0.0154417,0.00389134,0.0340466,8.54384e+06,0,0,0.705882,465,4,0,EXIT_ZONE
2025-08-12 17:02:16 UTC,1h,OL-USDT,BTC-USDT,0.04099,119657.8,3.425602008e-07,-0.869871,30,0.0293822,-0.017733,0.0267313,1.79519e+06,0,0,0.705882,465,4,0,HOLD
2025-08-12 17:02:16 UTC,1h,OM-USDT,BTC-USDT,0.278,119657.8,2.323291921e-06,1.26237,30,0.0611902,0.0576374,0.0150154,8.8147e+06,0,0,0.705882,465,4,0,HOLD
2025-08-12 17:02:16 UTC,1h,OMNINETWORK-USDT,BTC-USDT,4.328,119657.8,3.616981091e-05,0.925807,30,0.0349115,-0.00230521,0.017032,1.40612e+06,0,0,0.705882,465,4,0,HOLD
2025-08-12 17:02:16 UTC,1h,ONDO-USDT,BTC-USDT,1.061,119657.8,8.866952259e-06,1.45862,30,0.0786905,0.0778139,0.0148983,1.86088e+07,0,0,0.705882,465,4,0,HOLD
2025-08-12 17:02:16 UTC,1h,ONE-USDT,BTC-USDT,0.01123,119657.8,9.3850965e-08,1.18971,30,0.0624409,0.0584354,0.0155197,1.97857e+06,0,0,0.705882,465,4,0,HOLD
2025-08-12 17:02:16 UTC,1h,ONG-USDT,BTC-USDT,0.17875,119657.8,1.493843276e-06,1.39649,30,0.0481412,0.0296066,0.0101818,257765,0,0,0.705882,465,4,0,HOLD
2025-08-12 17:02:16 UTC,1h,ONT-USDT,BTC-USDT,0.1429,119657.8,1.194238905e-06,1.24646,30,0.0530582,0.0423049,0.013196,1.87468e+06,0,0,0.705882,465,4,0,HOLD
2025-08-12 17:02:16 UTC,1h,OP-USDT,BTC-USDT,0.7825,119657.8,6.539481755e-06,1.16114,30,0.0420828,0.0424993,0.0159836,1.47163e+07,0,0,0.705882,465,4,0,HOLD
2025-08-12 17:02:16 UTC,1h,ORCA-USDT,BTC-USDT,2.596,119657.8,2.169520081e-05,1.32947,30,0.0455095,-0.0236931,0.0229474,7.20918e+06,0,0,0.705882,465,4,0,HOLD
2025-08-12 17:02:16 UTC,1h,ORDER-USDT,BTC-USDT,0.1229,119657.8,1.027095601e-06,1.42612,30,0.0233139,0.052226,0.0167965,433264,0,0,0.705882,465,4,0,HOLD
2025-08-12 17:02:16 UTC,1h,ORDI-USDT,BTC-USDT,10.132,119657.8,8.467479763e-05,1.19287,30,0.0660774,0.0579513,0.0179629,7.16224e+06,0,0,0.705882,465,4,0,HOLD
2025-08-12 17:02:16 UTC,1h,OXT-USDT,BTC-USDT,0.05645,119657.8,4.717619746e-07,1.56148,30,0.0418974,0.0373025,0.0109326,1.89381e+06,0,0,0.705882,465,4,0,HOLD
2025-08-12 17:02:16 UTC,1h,PARTI-USDT,BTC-USDT,0.1976,119657.8,1.65137584e-06,1.27087,30,0.0516232,0.0797814,0.0187247,6.38831e+06,0,0,0.705882,465,4,0,HOLD
2025-08-12 17:02:16 UTC,1h,PAXG-USDT,BTC-USDT,3344.33,119657.8,0.02794911824,-0.549906,30,-0.000520013,-0.00172234,0.00261295,7.30185e+06,0,0,0.705882,465,4,0,HOLD
2025-08-12 17:02:16 UTC,1h,PENDLE-USDT,BTC-USDT,5.6054,119657.8,4.684525372e-05,0.58952,30,0.0425354,0.0266488,0.0180387,1.38002e+07,0,0,0.705882,465,4,0,HOLD
2025-08-12 17:02:16 UTC,1h,PENGU-USDT,BTC-USDT,0.037333,119657.8,3.119980478e-07,1.4429,30,0.0686112,0.0482381,0.0186583,2.78359e+07,0,0,0.705882,465,4,0,HOLD
2025-08-12 17:02:16 UTC,1h,PEOPLE-USDT,BTC-USDT,0.02021,119657.8,1.688983083e-07,1.02853,30,0.0664908,0.0704449,0.0176716,6.28959e+06,0,0,0.705882,465,4,0,HOLD
2025-08-12 17:02:16 UTC,1h,PERP-USDT,BTC-USDT,0.2921,119657.8,2.44112795e-06,1.08624,30,0.0617957,0.0529921,0.0157236,1.98616e+06,0,0,0.705882,465,4,0,HOLD
2025-08-12 17:02:16 UTC,1h,PHA-USDT,BTC-USDT,0.11089,119657.8,9.267260471e-07,1.18769,30,0.0586158,0.0537869,0.0139521,416913,0,0,0.705882,465,4,0,HOLD
2025-08-12 17:02:16 UTC,1h,PHB-USDT,BTC-USDT,0.6055,119657.8,5.060263518e-06,1.26074,30,0.059678,0.0563503,0.0174944,2.01749e+06,0,0,0.705882,465,4,0,HOLD
2025-08-12 17:02:16 UTC,1h,PI-USDT,BTC-USDT,0.387,119657.8,3.234222926e-06,1.43534,30,0.015748,0.0107078,0.0141934,8.82642e+06,0,0,0.705882,465,4,0,HOLD
2025-08-12 17:02:16 UTC,1h,PIXEL-USDT,BTC-USDT,0.03629,119657.8,3.032815245e-07,1.20997,30,0.0626647,0.062976,0.0179113,423207,0,0,0.705882,465,4,0,HOLD
2025-08-12 17:02:16 UTC,1h,PLAYSOUT-USDT,BTC-USDT,0.04677,119657.8,3.908646156e-07,-1.64613,30,-0.0338773,-0.0451205,0.0441675,6.73539e+06,0,0,0.705882,465,4,0,HOLD
2025-08-12 17:02:16 UTC,1h,PLUME-USDT,BTC-USDT,0.09746,119657.8,8.144893187e-07,1.5998,30,0.0598086,0.0688748,0.0172745,6.44546e+06,0,0,0.705882,465,4,0,HOLD
2025-08-12 17:02:16 UTC,1h,PNUT-USDT,BTC-USDT,0.25245,119657.8,2.10976635e-06,1.04498,30,0.0686167,0.061651,0.0162437,8.38675e+06,0,0,0.705882,465,4,0,HOLD
2025-08-12 17:02:16 UTC,1h,POL-USDT,BTC-USDT,0.24472,119657.8,2.045165464e-06,1.35518,30,0.0465723,0.0360711,0.0132279,7.48547e+06,0,0,0.705882,465,4,0,HOLD
2025-08-12 17:02:16 UTC,1h,POLYX-USDT,BTC-USDT,0.14613,119657.8,1.221232548e-06,1.41303,30,0.0531133,0.0430407,0.0106559,1.89642e+06,0,0,0.705882,465,4,0,HOLD
2025-08-12 17:02:16 UTC,1h,PONKE-USDT,BTC-USDT,0.11904,119657.8,9.948369434e-07,1.24727,30,0.0643777,0.0585097,0.0186732,6.3028e+06,0,0,0.705882,465,4,0,HOLD
2025-08-12 17:02:16 UTC,1h,POPCAT-USDT,BTC-USDT,0.3267,119657.8,2.730285865e-06,1.47004,30,0.08143,0.0659054,0.0182124,9.38793e+06,0,0,0.705882,465,4,0,HOLD
2025-08-12 17:02:16 UTC,1h,PORT3-USDT,BTC-USDT,0.04477,119657.8,3.741502852e-07,-0.269221,30,0.00992556,-0.0248312,0.0381314,1.00674e+07,0,0,0.705882,465,4,0,EXIT_ZONE
2025-08-12 17:02:16 UTC,1h,PORTAL-USDT,BTC-USDT,0.05083,119657.8,4.247947062e-07,0.957812,30,0.0521631,0.0403193,0.0205587,802435,0,0,0.705882,465,4,0,HOLD
2025-08-12 17:02:16 UTC,1h,POWR-USDT,BTC-USDT,0.177,119657.8,1.479218237e-06,1.33829,30,0.0442478,0.0430171,0.0112591,1.88441e+06,0,0,0.705882,465,4,0,HOLD
2025-08-12 17:02:16 UTC,1h,PRCL-USDT,BTC-USDT,0.0916,119657.8,7.655163307e-07,1.22573,30,0.0589595,0.0675991,0.0175452,6.26337e+06,0,0,0.705882,465,4,0,HOLD
2025-08-12 17:02:16 UTC,1h,PROM-USDT,BTC-USDT,10.253,119657.8,8.568601462e-05,0.682848,30,0.0122421,0.037543,0.0244806,5.41873e+06,0,0,0.705882,465,4,0,HOLD
2025-08-12 17:02:16 UTC,1h,PROMPT-USDT,BTC-USDT,0.12601,119657.8,1.053086385e-06,0.94065,30,0.0372901,0.0290731,0.0168354,6.3551e+06,0,0,0.705882,465,4,0,HOLD
2025-08-12 17:02:16 UTC,1h,PROVE-USDT,BTC-USDT,1.4296,119657.8,1.194740335e-05,-1.19012,30,-0.0603392,-0.133576,0.043059,5.14351e+07,0,0,0.705882,465,4,0,HOLD
2025-08-12 17:02:16 UTC,1h,PUFFER-USDT,BTC-USDT,0.2362,119657.8,1.973962416e-06,0.681149,30,0.0465219,0.103223,0.0219245,627727,0,0,0.705882,465,4,0,HOLD
2025-08-12 17:02:16 UTC,1h,PUMP-USDT,BTC-USDT,0.003907,119657.8,3.265144437e-08,1.72673,30,0.102116,0.0843741,0.025138,4.11494e+07,0,0,0.705882,465,4,0,HOLD
2025-08-12 17:02:16 UTC,1h,PUMPBTC-USDT,BTC-USDT,0.04295,119657.8,3.589402446e-07,1.50021,30,0.0568406,0.0339432,0.0187427,3.18022e+06,0,0,0.705882,465,4,0,HOLD
2025-08-12 17:02:16 UTC,1h,PUNDIX-USDT,BTC-USDT,0.3177,119657.8,2.655071379e-06,1.49264,30,0.0392542,0.0314935,0.0122757,6.22209e+06,0,0,0.705882,465,4,0,HOLD
2025-08-12 17:02:16 UTC,1h,PYTH-USDT,BTC-USDT,0.12753,119657.8,1.065789276e-06,1.28158,30,0.0652355,0.0589554,0.0161475,2.35185e+06,0,0,0.705882,465,4,0,HOLD
2025-08-12 17:02:16 UTC,1h,QNT-USDT,BTC-USDT,114.55,119657.8,0.0009573132717,1.40186,30,0.036089,0.041553,0.00935337,2.39342e+06,0,0,0.705882,465,4,0,HOLD
2025-08-12 17:02:16 UTC,1h,QUICK-USDT,BTC-USDT,0.02436,119657.8,2.035805439e-07,1.22354,30,0.0527226,0.038806,0.0135175,1.88143e+06,0,0,0.705882,465,4,0,HOLD
2025-08-12 17:02:16 UTC,1h,RARE-USDT,BTC-USDT,0.06024,119657.8,5.034356306e-07,0.719558,30,0.0411338,0.0336307,0.0129245,9.33424e+06,0,0,0.705882,465,4,0,HOLD
2025-08-12 17:02:16 UTC,1h,RATS-USDT,BTC-USDT,1.719e-05,119657.8,1.436596695e-10,1.09535,30,0.0670391,0.0624227,0.015873,3.07632e+06,0,0,0.705882,465,4,0,HOLD
2025-08-12 17:02:16 UTC,1h,RAY-USDT,BTC-USDT,3.2687,119657.8,2.731706583e-05,1.37679,30,0.0710377,0.0548958,0.0175124,1.9879e+06,0,0,0.705882,465,4,0,HOLD
2025-08-12 17:02:16 UTC,1h,RDO-USDT,BTC-USDT,0.000914,119657.8,7.638448977e-09,1.78696,30,0.117359,0.252055,0.0367302,1.29998e+06,0,0,0.705882,465,4,0,HOLD
2025-08-12 17:02:16 UTC,1h,REDSTONE-USDT,BTC-USDT,0.4224,119657.8,3.530066573e-06,-0.0719396,30,0.0470997,0.0163619,0.0179248,6.27966e+06,0,0,0.705882,465,4,0,EXIT_ZONE
2025-08-12 17:02:16 UTC,1h,RENDER-USDT,BTC-USDT,3.991,119657.8,3.335344624e-05,1.49937,30,0.0656876,0.0682548,0.0147654,5.60337e+06,0,0,0.705882,465,4,0,HOLD
2025-08-12 17:02:16 UTC,1h,RESOLV-USDT,BTC-USDT,0.18759,119657.8,1.567720617e-06,0.484324,30,0.0425142,0.0137808,0.021266,7.34453e+06,0,0,0.705882,465,4,0,EXIT_ZONE
2025-08-12 17:02:16 UTC,1h,REX-USDT,BTC-USDT,0.02003,119657.8,1.673940186e-07,-1.014,30,0.0009995,-0.0238791,0.0309536,6.68661e+06,0,0,0.705882,465,4,0,HOLD
2025-08-12 17:02:16 UTC,1h,REZ-USDT,BTC-USDT,0.01481,119657.8,1.237696164e-07,0.123268,30,0.0334962,0.0739666,0.0248867,6.56644e+06,0,0,0.705882,465,4,0,EXIT_ZONE
2025-08-12 17:02:16 UTC,1h,RFC-USDT,BTC-USDT,0.00797,119657.8,6.660660651e-08,-0.846958,30,-0.00623441,0,0.0140706,285760,0,0,0.705882,465,4,0,HOLD
2025-08-12 17:02:16 UTC,1h,RHEA-USDT,BTC-USDT,0.06697,119657.8,5.596793523e-07,0.10653,30,0.0478798,-0.0277294,0.0409885,6.37301e+06,0,0,0.705882,465,4,0,EXIT_ZONE
2025-08-12 17:02:16 UTC,1h,RLC-USDT,BTC-USDT,1.0222,119657.8,8.54269425e-06,0.900404,30,0.0656797,0.0695825,0.0169033,361101,0,0,0.705882,465,4,0,HOLD
2025-08-12 17:02:16 UTC,1h,ROAM-USDT,BTC-USDT,0.0823,119657.8,6.877946945e-07,1.1291,30,0.0249066,0.0160494,0.0100677,399705,0,0,0.705882,465,4,0,HOLD
2025-08-12 17:02:16 UTC,1h,ROSE-USDT,BTC-USDT,0.02867,119657.8,2.395999258e-07,0.933336,30,0.063033,0.0494143,0.016219,2.29147e+06,0,0,0.705882,465,4,0,HOLD
2025-08-12 17:02:16 UTC,1h,RPL-USDT,BTC-USDT,8.631,119657.8,7.213069269e-05,0.288561,30,0.0534603,0.0676645,0.0235281,6.47102e+06,0,0,0.705882,465,4,0,EXIT_ZONE
2025-08-12 17:02:16 UTC,1h,RSR-USDT,BTC-USDT,0.009703,119657.8,8.108957377e-08,1.13662,30,0.0891234,0.0618297,0.0210097,2.50753e+06,0,0,0.705882,465,4,0,HOLD
2025-08-12 17:02:16 UTC,1h,RUNE-USDT,BTC-USDT,1.463,119657.8,1.222653266e-05,1.3732,30,0.0749449,0.0678832,0.0146958,6.00474e+06,0,0,0.705882,465,4,0,HOLD
2025-08-12 17:02:16 UTC,1h,RVN-USDT,BTC-USDT,0.0145,119657.8,1.211788951e-07,1.14368,30,0.0530138,0.0484454,0.0139901,754081,0,0,0.705882,465,4,0,HOLD
2025-08-12 17:02:16 UTC,1h,S-USDT,BTC-USDT,0.3125,119657.8,2.61161412e-06,1.06715,30,0.0550304,0.0423616,0.016,7.04009e+06,0,0,0.705882,465,4,0,HOLD
2025-08-12 17:02:16 UTC,1h,SAFE-USDT,BTC-USDT,0.4508,119657.8,3.767410064e-06,1.40842,30,0.0488599,0.0384704,0.0130086,6.25664e+06,0,0,0.705882,465,4,0,HOLD
2025-08-12 17:02:16 UTC,1h,SAGA-USDT,BTC-USDT,0.2754,119657.8,2.301563291e-06,0.922983,30,0.0576037,0.0686845,0.0197375,3.42433e+06,0,0,0.705882,465,4,0,HOLD
2025-08-12 17:02:16 UTC,1h,SAHARA-USDT,BTC-USDT,0.09527,119657.8,7.96187127e-07,0.331129,30,0.0379126,0.02232,0.0162321,8.41535e+06,0,0,0.705882,465,4,0,EXIT_ZONE
2025-08-12 17:02:16 UTC,1h,SAND-USDT,BTC-USDT,0.29653,119657.8,2.478150192e-06,1.30233,30,0.0536171,0.0511521,0.0127571,2.83881e+06,0,0,0.705882,465,4,0,HOLD
2025-08-12 17:02:16 UTC,1h,SANTOS-USDT,BTC-USDT,2.849,119657.8,2.380956361e-05,1.16287,30,0.0215131,-0.0111073,0.0247205,6.60458e+06,0,0,0.705882,465,4,0,HOLD
2025-08-12 17:02:16 UTC,1h,SCR-USDT,BTC-USDT,0.3534,119657.8,2.953422176e-06,-0.82705,30,0.0312226,0.110971,0.0371493,2.63492e+06,0,0,0.705882,465,4,0,HOLD
2025-08-12 17:02:16 UTC,1h,SEI-USDT,BTC-USDT,0.3183,119657.8,2.660085678e-06,1.26013,30,0.0574751,0.0487644,0.0161797,1.43499e+07,0,0,0.705882,465,4,0,HOLD
2025-08-12 17:02:16 UTC,1h,SERAPH-USDT,BTC-USDT,0.15199,119657.8,1.270205536e-06,1.60243,30,0.0350017,0.0044277,0.00985497,392265,0,0,0.705882,465,4,0,HOLD
2025-08-12 17:02:16 UTC,1h,SFP-USDT,BTC-USDT,0.518,119657.8,4.329011565e-06,1.31482,30,0.0462533,0.0397431,0.010342,518904,0,0,0.705882,465,4,0,HOLD
2025-08-12 17:02:16 UTC,1h,SHELL-USDT,BTC-USDT,0.1741,119657.8,1.454982458e-06,-0.0498505,30,0.0431396,0.0443911,0.0278576,6.35346e+06,0,0,0.705882,465,4,0,EXIT_ZONE
2025-08-12 17:02:16 UTC,1h,SHIB-USDT,BTC-USDT,1.3472e-05,119657.8,1.125877293e-10,1.31065,30,0.0472637,0.0399876,0.0126082,8.94019e+06,0,0,0.705882,465,4,0,HOLD
2025-08-12 17:02:16 UTC,1h,SIDEKICK-USDT,BTC-USDT,0.2196,119657.8,1.835233474e-06,-1.107,30,-0.0143627,-0.0265957,0.043846,6.63354e+06,0,0,0.705882,465,4,0,HOLD
2025-08-12 17:02:16 UTC,1h,SIGN-USDT,BTC-USDT,0.06989,119657.8,5.840822746e-07,1.30233,30,0.0264356,0.0195478,0.00897328,6.28462e+06,0,0,0.705882,465,4,0,HOLD
2025-08-12 17:02:16 UTC,1h,SIREN-USDT,BTC-USDT,0.09332,119657.8,7.798906549e-07,-1.70058,30,-0.0169599,-0.0227249,0.0208729,2.22343e+06,0,0,0.705882,465,4,0,HOLD
2025-08-12 17:02:16 UTC,1h,SKATE-USDT,BTC-USDT,0.04651,119657.8,3.886917526e-07,-0.628366,30,0.0170566,-0.0173252,0.0162024,6.36336e+06,0,0,0.705882,465,4,0,HOLD
2025-08-12 17:02:16 UTC,1h,SKL-USDT,BTC-USDT,0.02142,119657.8,1.790104782e-07,1.13518,30,0.0625,0.0484581,0.0153395,1.9074e+06,0,0,0.705882,465,4,0,HOLD
2025-08-12 17:02:16 UTC,1h,SKYAI-USDT,BTC-USDT,0.06787,119657.8,5.67200801e-07,-1.51806,30,-0.00264511,0.000884825,0.0113031,6.26942e+06,0,0,0.705882,465,4,0,HOLD
2025-08-12 17:02:16 UTC,1h,SLERF-USDT,BTC-USDT,0.0787,119657.8,6.577088999e-07,1.61067,30,0.0592194,0.0610759,0.014204,1.94476e+06,0,0,0.705882,465,4,0,HOLD
2025-08-12 17:02:16 UTC,1h,SLP-USDT,BTC-USDT,0.001996,119657.8,1.66809017e-08,1.22702,30,0.0532982,0.0472193,0.0154953,1.93626e+06,0,0,0.705882,465,4,0,HOLD
2025-08-12 17:02:16 UTC,1h,SNT-USDT,BTC-USDT,0.02845,119657.8,2.377613494e-07,1.43659,30,0.0263348,0.021544,0.00853628,1.87866e+06,0,0,0.705882,465,4,0,HOLD
2025-08-12 17:02:16 UTC,1h,SNX-USDT,BTC-USDT,0.68,119657.8,5.682872324e-06,1.17766,30,0.0510046,0.0575428,0.0139706,2.06395e+06,0,0,0.705882,465,4,0,HOLD
2025-08-12 17:02:16 UTC,1h,SOL-USDT,BTC-USDT,185.271,119657.8,0.001548340351,1.58458,30,0.0577304,0.0601999,0.0117284,5.38709e+08,0,0,0.705882,465,4,0,HOLD
2025-08-12 17:02:16 UTC,1h,SOLV-USDT,BTC-USDT,0.04249,119657.8,3.550959486e-07,-0.989285,30,0.0054425,-0.0305727,0.0154994,6.29112e+06,0,0,0.705882,465,4,0,HOLD
2025-08-12 17:02:16 UTC,1h,SONIC-USDT,BTC-USDT,0.2145,119657.8,1.792611932e-06,1.44481,30,0.0327395,0.0127479,0.0121878,679765,0,0,0.705882,465,4,0,HOLD
2025-08-12 17:02:16 UTC,1h,SOON-USDT,BTC-USDT,0.43322,119657.8,3.6204911e-06,-0.337319,30,0.0460209,-0.102321,0.0633726,6.88141e+07,0,0,0.705882,465,4,0,EXIT_ZONE
2025-08-12 17:02:16 UTC,1h,SOPH-USDT,BTC-USDT,0.039509,119657.8,3.301832392e-07,1.5754,30,0.0566446,0.0401211,0.0150092,6.97572e+06,0,0,0.705882,465,4,0,HOLD
2025-08-12 17:02:16 UTC,1h,SPK-USDT,BTC-USDT,0.103,119657.8,8.607880138e-07,-0.667862,30,0.0372608,0.0144785,0.020527,1.12056e+07,0,0,0.705882,465,4,0,HOLD
2025-08-12 17:02:16 UTC,1h,SPX-USDT,BTC-USDT,1.8033,119657.8,1.507047597e-05,1.45597,30,0.0492233,0.0217576,0.0183196,8.99053e+06,0,0,0.705882,465,4,0,HOLD
2025-08-12 17:02:16 UTC,1h,SQD-USDT,BTC-USDT,0.14478,119657.8,1.209950375e-06,0.140412,30,0.0217361,-0.0403023,0.0205583,6.28157e+06,0,0,0.705882,465,4,0,EXIT_ZONE
2025-08-12 17:02:16 UTC,1h,SSV-USDT,BTC-USDT,10.513,119657.8,8.785887757e-05,0.246837,30,0.0325083,0.0547808,0.0223669,2.35129e+06,0,0,0.705882,465,4,0,EXIT_ZONE
2025-08-12 17:02:16 UTC,1h,STG-USDT,BTC-USDT,0.1894,119657.8,1.582847086e-06,1.1034,30,0.0539789,0.0423775,0.0125962,1.27274e+06,0,0,0.705882,465,4,0,HOLD
2025-08-12 17:02:16 UTC,1h,STO-USDT,BTC-USDT,0.10351,119657.8,8.650501681e-07,1.27061,30,0.136224,0.173716,0.0270712,6.38356e+06,0,0,0.705882,465,4,0,HOLD
2025-08-12 17:02:16 UTC,1h,STORJ-USDT,BTC-USDT,0.2791,119657.8,2.332484802e-06,1.47062,30,0.0492481,0.0414179,0.0124635,4.61016e+06,0,0,0.705882,465,4,0,HOLD
2025-08-12 17:02:16 UTC,1h,STRK-USDT,BTC-USDT,0.136,119657.8,1.136574465e-06,1.19253,30,0.0691824,0.0600156,0.0179622,7.27086e+06,0,0,0.705882,465,4,0,HOLD
2025-08-12 17:02:16 UTC,1h,STX-USDT,BTC-USDT,0.746,119657.8,6.234445226e-06,1.46321,30,0.0517412,0.0445253,0.0135484,1.01263e+07,0,0,0.705882,465,4,0,HOLD
2025-08-12 17:02:16 UTC,1h,SUI-USDT,BTC-USDT,3.8395,119657.8,3.208733572e-05,1.47833,30,0.0544601,0.047584,0.0123082,6.58706e+07,0,0,0.705882,465,4,0,HOLD
2025-08-12 17:02:16 UTC,1h,SUN-USDT,BTC-USDT,0.022829,119657.8,1.90785724e-07,0.482597,30,0.015796,0.00968598,0.00749986,2.2291e+06,0,0,0.705882,465,4,0,EXIT_ZONE
2025-08-12 17:02:16 UTC,1h,SUPER-USDT,BTC-USDT,0.7841,119657.8,6.55285322e-06,1.44049,30,0.0546066,0.0507907,0.0146118,2.10061e+06,0,0,0.705882,465,4,0,HOLD
2025-08-12 17:02:16 UTC,1h,SUSHI-USDT,BTC-USDT,0.8595,119657.8,7.182983475e-06,1.23807,30,0.0603257,0.0521484,0.016139,3.78429e+06,0,0,0.705882,465,4,0,HOLD
2025-08-12 17:02:16 UTC,1h,SWARMS-USDT,BTC-USDT,0.02588,119657.8,2.162834349e-07,1.1786,30,0.0410298,-0.00038625,0.0333407,9.76457e+06,0,0,0.705882,465,4,0,HOLD
2025-08-12 17:02:16 UTC,1h,SWELL-USDT,BTC-USDT,0.01185,119657.8,9.903240742e-08,1.21273,30,0.17443,0.160627,0.0265823,1.09092e+06,0,0,0.705882,465,4,0,HOLD
2025-08-12 17:02:16 UTC,1h,SXP-USDT,BTC-USDT,0.1888,119657.8,1.577832786e-06,1.35026,30,0.0402204,0.0390754,0.0112742,1.95394e+06,0,0,0.705882,465,4,0,HOLD
2025-08-12 17:02:16 UTC,1h,SXT-USDT,BTC-USDT,0.08884,119657.8,7.424505548e-07,1.44004,30,0.0546059,0.0519834,0.0169647,6.24387e+06,0,0,0.705882,465,4,0,HOLD
2025-08-12 17:02:16 UTC,1h,SYN-USDT,BTC-USDT,0.1456,119657.8,1.216803251e-06,1.0599,30,0.0619985,0.06355,0.0198195,4.00181e+06,0,0,0.705882,465,4,0,HOLD
2025-08-12 17:02:16 UTC,1h,SYRUP-USDT,BTC-USDT,0.48197,119657.8,4.027902903e-06,0.999055,30,0.0344702,0.0230954,0.0152306,6.62539e+06,0,0,0.705882,465,4,0,HOLD
2025-08-12 17:02:16 UTC,1h,TA-USDT,BTC-USDT,0.06264,119657.8,5.23492827e-07,-1.07822,30,0.0135922,-0.0491803,0.0205483,6.32728e+06,0,0,0.705882,465,4,0,HOLD
2025-08-12 17:02:16 UTC,1h,TAC-USDT,BTC-USDT,0.01448,119657.8,1.210117518e-07,-0.287986,30,-0.0275353,0.0379928,0.0417324,7.70038e+06,0,0,0.705882,465,4,0,EXIT_ZONE
2025-08-12 17:02:16 UTC,1h,TAG-USDT,BTC-USDT,0.0012133,119657.8,1.013974852e-08,-0.451164,30,0.0254395,0.0241411,0.0328855,7.76779e+06,0,0,0.705882,465,4,0,EXIT_ZONE
2025-08-12 17:02:16 UTC,1h,TAI-USDT,BTC-USDT,0.07377,119657.8,6.165080755e-07,1.56465,30,0.0629683,0.0360955,0.021689,6.28186e+06,0,0,0.705882,465,4,0,HOLD
2025-08-12 17:02:16 UTC,1h,TAIKO-USDT,BTC-USDT,0.4775,119657.8,3.990546375e-06,0.833913,30,0.0346696,0.0387209,0.0131339,6.25855e+06,0,0,0.705882,465,4,0,HOLD
2025-08-12 17:02:16 UTC,1h,TANSSI-USDT,BTC-USDT,0.05753,119657.8,4.80787713e-07,1.13035,30,0.0216658,0.00296374,0.0214546,6.3948e+06,0,0,0.705882,465,4,0,HOLD
2025-08-12 17:02:16 UTC,1h,TAO-USDT,BTC-USDT,386.15,119657.8,0.003227119335,1.53353,30,0.0602982,0.0646833,0.0129946,1.41633e+07,0,0,0.705882,465,4,0,HOLD
2025-08-12 17:02:16 UTC,1h,THE-USDT,BTC-USDT,0.3828,119657.8,3.199122832e-06,1.09148,30,0.0568747,0.0359946,0.0158606,6.37143e+06,0,0,0.705882,465,4,0,HOLD
2025-08-12 17:02:16 UTC,1h,THETA-USDT,BTC-USDT,0.881,119657.8,7.362662526e-06,1.3675,30,0.0638812,0.053072,0.0161586,3.0444e+06,0,0,0.705882,465,4,0,HOLD
2025-08-12 17:02:16 UTC,1h,TIA-USDT,BTC-USDT,1.8338,119657.8,1.532536951e-05,1.33395,30,0.0664108,0.0755425,0.016153,1.05245e+07,0,0,0.705882,465,4,0,HOLD
2025-08-12 17:02:16 UTC,1h,TLM-USDT,BTC-USDT,0.005137,119657.8,4.293075754e-08,1.24719,30,0.0640017,0.0589569,0.0150727,3.66326e+06,0,0,0.705882,465,4,0,HOLD
2025-08-12 17:02:16 UTC,1h,TNSR-USDT,BTC-USDT,0.1407,119657.8,1.175853141e-06,1.31363,30,0.0651022,0.0691489,0.0169053,6.3483e+06,0,0,0.705882,465,4,0,HOLD
2025-08-12 17:02:16 UTC,1h,TOKEN-USDT,BTC-USDT,0.01647,119657.8,1.376425106e-07,1.24186,30,0.0490446,0.0490446,0.0159164,5.8065e+06,0,0,0.705882,465,4,0,HOLD
2025-08-12 17:02:16 UTC,1h,TONCOIN-USDT,BTC-USDT,3.434,119657.8,2.869850524e-05,1.51414,30,0.0211121,0.0138766,0.00960978,9.15157e+06,0,0,0.705882,465,4,0,HOLD
2025-08-12 17:02:16 UTC,1h,TOSHI-USDT,BTC-USDT,0.000819,119657.8,6.844518285e-09,-0.417679,30,0.02375,0.0677966,0.0275597,6.67292e+06,0,0,0.705882,465,4,0,EXIT_ZONE
2025-08-12 17:02:16 UTC,1h,TOWNS-USDT,BTC-USDT,0.03268,119657.8,2.731121582e-07,1.36156,30,0.078192,0.0247727,0.0223597,8.03722e+06,0,0,0.705882,465,4,0,HOLD
2025-08-12 17:02:16 UTC,1h,TRB-USDT,BTC-USDT,39.051,119657.8,0.0003263556576,1.11569,30,0.05993,0.0560032,0.0134421,5.27862e+06,0,0,0.705882,465,4,0,HOLD
2025-08-12 17:02:16 UTC,1h,TREE-USDT,BTC-USDT,0.4292,119657.8,3.586895296e-06,1.2452,30,0.0687251,0.074881,0.0190055,7.77921e+06,0,0,0.705882,465,4,0,HOLD
2025-08-12 17:02:16 UTC,1h,TRU-USDT,BTC-USDT,0.03327,119657.8,2.780428856e-07,1.04326,30,0.050521,0.0598917,0.018249,1.94952e+06,0,0,0.705882,465,4,0,HOLD
2025-08-12 17:02:16 UTC,1h,TRUMP-USDT,BTC-USDT,9.122,119657.8,7.62340608e-05,1.67814,30,0.0396626,0.0294549,0.0103909,7.8396e+06,0,0,0.705882,465,4,0,HOLD
2025-08-12 17:02:16 UTC,1h,TRX-USDT,BTC-USDT,0.34844,119657.8,2.911970636e-06,-0.952263,30,0.00888902,0.00435246,0.00431105,1.32838e+07,0,0,0.705882,465,4,0,HOLD
2025-08-12 17:02:16 UTC,1h,TST-USDT,BTC-USDT,0.02634,119657.8,2.201277309e-07,-0.520166,30,0.0201394,-0.0809491,0.0338432,9.1263e+06,0,0,0.705882,465,4,0,HOLD
2025-08-12 17:02:16 UTC,1h,TURBO-USDT,BTC-USDT,0.0048919,119657.8,4.088241636e-08,1.24237,30,0.0696185,0.0602068,0.016777,6.4679e+06,0,0,0.705882,465,4,0,HOLD
2025-08-12 17:02:16 UTC,1h,TUT-USDT,BTC-USDT,0.06042,119657.8,5.049399203e-07,-0.588212,30,0.00986127,0.00969251,0.00465787,1.89828e+06,0,0,0.705882,465,4,0,HOLD
2025-08-12 17:02:16 UTC,1h,TWT-USDT,BTC-USDT,0.7861,119657.8,6.56956755e-06,1.52358,30,0.0365243,0.0317627,0.00843222,2.02035e+06,0,0,0.705882,465,4,0,HOLD
2025-08-12 17:02:16 UTC,1h,UMA-USDT,BTC-USDT,1.386,119657.8,1.158303094e-05,-0.194629,30,0.0389805,0.0930599,0.0371058,5.90926e+06,0,0,0.705882,465,4,0,EXIT_ZONE
2025-08-12 17:02:16 UTC,1h,UNI-USDT,BTC-USDT,11.293,119657.8,9.437746641e-05,0.765485,30,0.0301012,0.00569953,0.0168309,4.20841e+07,0,0,0.705882,465,4,0,HOLD
2025-08-12 17:02:16 UTC,1h,USELESS-USDT,BTC-USDT,0.219,119657.8,1.830219175e-06,0.0804523,30,0.0730034,0.0730034,0.0362361,6.99887e+06,0,0,0.705882,465,4,0,EXIT_ZONE
2025-08-12 17:02:16 UTC,1h,USTC-USDT,BTC-USDT,0.014574,119657.8,1.217973254e-07,-0.412098,30,0.021948,0.026049,0.0223245,2.41053e+06,0,0,0.705882,465,4,0,EXIT_ZONE
2025-08-12 17:02:16 UTC,1h,USUAL-USDT,BTC-USDT,0.07782,119657.8,6.503545945e-07,1.09963,30,0.046249,0.0320955,0.019982,2.09484e+06,0,0,0.705882,465,4,0,HOLD
2025-08-12 17:02:16 UTC,1h,UXLINK-USDT,BTC-USDT,0.3554,119657.8,2.970136506e-06,1.39999,30,0.0549124,0.047142,0.0147118,6.52735e+06,0,0,0.705882,465,4,0,HOLD
2025-08-12 17:02:16 UTC,1h,VANA-USDT,BTC-USDT,4.491,119657.8,3.753202884e-05,1.29671,30,0.0470972,0.0405468,0.0121513,6.27953e+06,0,0,0.705882,465,4,0,HOLD
2025-08-12 17:02:16 UTC,1h,VANRY-USDT,BTC-USDT,0.03313,119657.8,2.768728825e-07,1.25962,30,0.0756494,0.0704362,0.0188866,465766,0,0,0.705882,465,4,0,HOLD
2025-08-12 17:02:16 UTC,1h,VELODROME-USDT,BTC-USDT,0.06022,119657.8,5.032684873e-07,-0.0265294,30,0.0372029,0.0334649,0.0158941,551897,0,0,0.705882,465,4,0,EXIT_ZONE
2025-08-12 17:02:16 UTC,1h,VELVET-USDT,BTC-USDT,0.06696,119657.8,5.595957806e-07,-0.84808,30,0.00616078,-0.0322301,0.0215267,6.33197e+06,0,0,0.705882,465,4,0,HOLD
2025-08-12 17:02:16 UTC,1h,VET-USDT,BTC-USDT,0.025282,119657.8,2.112858501e-07,1.271,30,0.0430729,0.0384884,0.0122391,3.75403e+06,0,0,0.705882,465,4,0,HOLD
2025-08-12 17:02:16 UTC,1h,VIC-USDT,BTC-USDT,0.2635,119657.8,2.202113026e-06,1.15236,30,0.0439778,0.0272904,0.0132556,6.42298e+06,0,0,0.705882,465,4,0,HOLD
2025-08-12 17:02:16 UTC,1h,VINE-USDT,BTC-USDT,0.06924,119657.8,5.786501173e-07,0.0144253,30,0.0413596,0.0429282,0.0272448,1.8635e+07,0,0,0.705882,465,4,0,EXIT_ZONE
2025-08-12 17:02:16 UTC,1h,VIRTUAL-USDT,BTC-USDT,1.3621,119657.8,1.13832947e-05,0.986834,30,0.0501928,0.0371583,0.0167913,9.18875e+06,0,0,0.705882,465,4,0,HOLD
2025-08-12 17:02:16 UTC,1h,VOXEL-USDT,BTC-USDT,0.06068,119657.8,5.071127833e-07,0.417411,30,0.0514642,0.0415379,0.0167977,428950,0,0,0.705882,465,4,0,EXIT_ZONE
2025-08-12 17:02:16 UTC,1h,VTHO-USDT,BTC-USDT,0.001977,119657.8,1.652211557e-08,1.22273,30,0.0515957,0.044926,0.0121396,430755,0,0,0.705882,465,4,0,HOLD
2025-08-12 17:02:16 UTC,1h,VVV-USDT,BTC-USDT,2.913,119657.8,2.434442218e-05,0.433228,30,0.0396146,0.0403571,0.0180962,301902,0,0,0.705882,465,4,0,EXIT_ZONE
2025-08-12 17:02:16 UTC,1h,W-USDT,BTC-USDT,0.08723,119657.8,7.289955189e-07,1.13536,30,0.0512172,0.0436707,0.0160331,6.80272e+06,0,0,0.705882,465,4,0,HOLD
2025-08-12 17:02:16 UTC,1h,WAL-USDT,BTC-USDT,0.4243,119657.8,3.545945187e-06,1.27929,30,0.0668846,0.0610153,0.0148143,6.43244e+06,0,0,0.705882,465,4,0,HOLD
2025-08-12 17:02:16 UTC,1h,WCT-USDT,BTC-USDT,0.3288,119657.8,2.747835912e-06,1.17397,30,0.0654569,0.0582556,0.0135558,6.69108e+06,0,0,0.705882,465,4,0,HOLD
2025-08-12 17:02:16 UTC,1h,WIF-USDT,BTC-USDT,0.9626,119657.8,8.044607205e-06,1.3133,30,0.0703881,0.0566411,0.0172004,4.01231e+07,0,0,0.705882,465,4,0,HOLD
2025-08-12 17:02:16 UTC,1h,WLD-USDT,BTC-USDT,1.0479,119657.8,8.757473395e-06,1.32955,30,0.0711438,0.063426,0.0146074,1.61912e+07,0,0,0.705882,465,4,0,HOLD
2025-08-12 17:02:16 UTC,1h,WOO-USDT,BTC-USDT,0.07991,119657.8,6.678210698e-07,1.26178,30,0.0624917,0.0579902,0.0146593,2.04365e+06,0,0,0.705882,465,4,0,HOLD
2025-08-12 17:02:16 UTC,1h,X-USDT,BTC-USDT,5.584e-05,119657.8,4.666641038e-10,0.034749,30,0.0384973,0.0243992,0.0283079,6.79165e+06,0,0,0.705882,465,4,0,EXIT_ZONE
2025-08-12 17:02:16 UTC,1h,XAI-USDT,BTC-USDT,0.05415,119657.8,4.525404946e-07,1.2525,30,0.0592723,0.0676262,0.017346,1.98786e+06,0,0,0.705882,465,4,0,HOLD
2025-08-12 17:02:16 UTC,1h,XAUT-USDT,BTC-USDT,3347.7,119657.8,0.02797728188,-0.414005,30,0.0006576,-0.00137219,0.00262014,7.31935e+06,0,0,0.705882,465,4,0,EXIT_ZONE
2025-08-12 17:02:16 UTC,1h,XCN-USDT,BTC-USDT,0.01384,119657.8,1.156631661e-07,-0.0173553,30,0.0139194,0.0116959,0.010064,1.9254e+06,0,0,0.705882,465,4,0,EXIT_ZONE
2025-08-12 17:02:16 UTC,1h,XLM-USDT,BTC-USDT,0.44655,119657.8,3.731892112e-06,1.14383,30,0.0233757,0.0292016,0.0115984,1.68061e+07,0,0,0.705882,465,4,0,HOLD
2025-08-12 17:02:16 UTC,1h,XRP-USDT,BTC-USDT,3.2295,119657.8,2.698946496e-05,1.49617,30,0.0255637,0.028274,0.00944197,1.95923e+08,0,0,0.705882,465,4,0,HOLD
2025-08-12 17:02:16 UTC,1h,YALA-USDT,BTC-USDT,0.265,119657.8,2.214648773e-06,0.131909,30,0.0145482,-0.156588,0.0417251,8.3416e+06,0,0,0.705882,465,4,0,EXIT_ZONE
2025-08-12 17:02:16 UTC,1h,YFI-USDT,BTC-USDT,5808,119657.8,0.04853841538,1.50542,30,0.0373281,0.03125,0.0109209,9.21454e+06,0,0,0.705882,465,4,0,HOLD
2025-08-12 17:02:16 UTC,1h,YGG-USDT,BTC-USDT,0.1706,119657.8,1.42573238e-06,1.21614,30,0.0563467,0.0563467,0.0159521,4.07554e+06,0,0,0.705882,465,4,0,HOLD
2025-08-12 17:02:16 UTC,1h,ZBCN-USDT,BTC-USDT,0.0049133,119657.8,4.106125969e-08,-1.30743,30,-0.0113886,-0.0325293,0.0227909,6.40693e+06,0,0,0.705882,465,4,0,HOLD
2025-08-12 17:02:16 UTC,1h,ZEREBRO-USDT,BTC-USDT,0.02866,119657.8,2.395163541e-07,1.46243,30,0.04332,0.0192034,0.0157262,1.67485e+06,0,0,0.705882,465,4,0,HOLD
2025-08-12 17:02:16 UTC,1h,ZETA-USDT,BTC-USDT,0.2059,119657.8,1.720740311e-06,1.41769,30,0.0483707,0.0483707,0.0135988,5.04682e+06,0,0,0.705882,465,4,0,HOLD
2025-08-12 17:02:16 UTC,1h,ZIL-USDT,BTC-USDT,0.0118,119657.8,9.861454916e-08,1.42441,30,0.0460993,0.0442478,0.0128329,2.22476e+06,0,0,0.705882,465,4,0,HOLD
2025-08-12 17:02:16 UTC,1h,ZK-USDT,BTC-USDT,0.05961,119657.8,4.981706165e-07,1.43709,30,0.0637045,0.0627563,0.0168955,6.51528e+06,0,0,0.705882,465,4,0,HOLD
2025-08-12 17:02:16 UTC,1h,ZKJ-USDT,BTC-USDT,0.2492,119657.8,2.082605564e-06,-0.665282,30,0.0391993,0.057725,0.0452018,7.90286e+06,0,0,0.705882,465,4,0,HOLD
2025-08-12 17:02:16 UTC,1h,ZORA-USDT,BTC-USDT,0.113,119657.8,9.443596656e-07,-0.39002,30,-0.0415606,-0.0491417,0.0482491,2.39266e+07,0,0,0.705882,465,4,0,EXIT_ZONE
2025-08-12 17:02:16 UTC,1h,ZRC-USDT,BTC-USDT,0.03409,119657.8,2.848957611e-07,0.55705,30,0.0176119,0.0112726,0.014248,6.34125e+06,0,0,0.705882,465,4,0,HOLD
2025-08-12 17:02:16 UTC,1h,ZRO-USDT,BTC-USDT,2.335,119657.8,1.95139807e-05,0.697696,30,0.0549858,0.0444623,0.0162894,1.29437e+07,0,0,0.705882,465,4,0,HOLD
2025-08-12 17:02:16 UTC,1h,ZRX-USDT,BTC-USDT,0.2624,119657.8,2.192920144e-06,1.35535,30,0.0572119,0.0491803,0.0127668,1.92055e+06,0,0,0.705882,465,4,0,HOLD
2025-08-12 18:02:12 UTC,1h,1000000BABYDOGE-USDT,BTC-USDT,0.0013714,119353.8,1.14902081e-08,1.1171,30,0.0274968,0.0459121,0.0130732,1.28899e+06,0,0,0.625,465,4,0,HOLD
2025-08-12 18:02:12 UTC,1h,1000000BOB-USDT,BTC-USDT,0.07712,119353.8,6.461461638e-07,-1.70862,30,-0.0362409,-0.0600853,0.0327875,6.38328e+06,0,0,0.625,465,4,0,HOLD
2025-08-12 18:02:12 UTC,1h,1000000MOG-USDT,BTC-USDT,1.4159,119353.8,1.186304919e-05,-1.17044,30,-0.0247279,0.0317715,0.0262983,1.67649e+06,0,0,0.625,465,4,0,HOLD
2025-08-12 18:02:12 UTC,1h,10000SATS-USDT,BTC-USDT,0.000415,119353.8,3.477057287e-09,1.23449,30,0.0272277,0.0453401,0.0166954,2.27442e+06,0,0,0.625,465,4,0,HOLD
2025-08-12 18:02:12 UTC,1h,10000WHY-USDT,BTC-USDT,0.0003221,119353.8,2.698699162e-09,-1.04715,30,-0.029527,-0.00432767,0.0178294,2.20928e+06,0,0,0.625,465,4,0,HOLD
2025-08-12 18:02:12 UTC,1h,1000BONK-USDT,BTC-USDT,0.025274,119353.8,2.11756978e-07,1.05552,30,0.0228248,0.0374354,0.0180451,7.74916e+06,0,0,0.625,465,4,0,HOLD
2025-08-12 18:02:12 UTC,1h,1000CAT-USDT,BTC-USDT,0.009359,119353.8,7.841392566e-08,1.20121,30,0.0278968,0.0520459,0.0156915,6.31116e+06,0,0,0.625,465,4,0,HOLD
2025-08-12 18:02:12 UTC,1h,1000CHEEMS-USDT,BTC-USDT,0.001317,119353.8,1.103442035e-08,1.20283,30,0.00958222,0.00849989,0.00950212,6.27169e+06,0,0,0.625,465,4,0,HOLD
2025-08-12 18:02:12 UTC,1h,1000PEPE-USDT,BTC-USDT,0.0120488,119353.8,1.009502839e-07,1.31749,30,0.0335398,0.0712235,0.0172501,4.32678e+07,0,0,0.625,465,4,0,HOLD
2025-08-12 18:02:12 UTC,1h,1INCH-USDT,BTC-USDT,0.2713,119353.8,2.273073836e-06,1.49222,30,0.0111815,0.0311669,0.013638,6.2382e+06,0,0,0.625,465,4,0,HOLD
2025-08-12 18:02:12 UTC,1h,A-USDT,BTC-USDT,0.54673,119353.8,4.580750676e-06,1.22823,30,0.0183847,0.0242993,0.0146716,6.35868e+06,0,0,0.625,465,4,0,HOLD
2025-08-12 18:02:12 UTC,1h,A2Z-USDT,BTC-USDT,0.007373,119353.8,6.177432139e-08,1.30562,30,0.00806672,0.0131922,0.0177966,6.6714e+06,0,0,0.625,465,4,0,HOLD
2025-08-12 18:02:12 UTC,1h,AAPLX-USDT,BTC-USDT,230.02,119353.8,0.001927211367,1.5526,30,0.00762222,0.0130362,0.00491883,6.22e+06,0,0,0.625,465,4,0,HOLD
2025-08-12 18:02:12 UTC,1h,AAVE-USDT,BTC-USDT,317.58,119353.8,0.002660828562,1.42256,30,0.0427844,0.0713852,0.0132138,6.70403e+07,0,0,0.625,465,4,0,HOLD
2025-08-12 18:02:12 UTC,1h,ACE-USDT,BTC-USDT,0.5881,119353.8,4.927367206e-06,1.22152,30,0.0344767,0.0743515,0.0166881,2.00163e+06,0,0,0.625,465,4,0,HOLD
2025-08-12 18:02:12 UTC,1h,ACH-USDT,BTC-USDT,0.02266,119353.8,1.898557063e-07,1.1233,30,0.0257107,0.0525827,0.0144339,977548,0,0,0.625,465,4,0,HOLD
2025-08-12 18:02:12 UTC,1h,ACT-USDT,BTC-USDT,0.04356,119353.8,3.649653383e-07,1.09421,30,0.0310059,0.0491329,0.0149219,6.35097e+06,0,0,0.625,465,4,0,HOLD
2025-08-12 18:02:12 UTC,1h,ADA-USDT,BTC-USDT,0.82692,119353.8,6.928308944e-06,1.31755,30,0.0442228,0.0602898,0.0128463,5.03453e+07,0,0,0.625,465,4,0,HOLD
2025-08-12 18:02:12 UTC,1h,AERGO-USDT,BTC-USDT,0.11847,119353.8,9.925951247e-07,1.22122,30,0.0184835,0.0263363,0.00998444,1.92789e+06,0,0,0.625,465,4,0,HOLD
2025-08-12 18:02:12 UTC,1h,AERO-USDT,BTC-USDT,1.2046,119353.8,1.009268243e-05,0.49084,30,0.0205015,0.087086,0.0242878,3.73892e+06,0,0,0.625,465,4,0,EXIT_ZONE
2025-08-12 18:02:12 UTC,1h,AEVO-USDT,BTC-USDT,0.1021,119353.8,8.554398771e-07,1.12146,30,0.0386572,0.0736067,0.0184693,6.34011e+06,0,0,0.625,465,4,0,HOLD
2025-08-12 18:02:12 UTC,1h,AGLD-USDT,BTC-USDT,0.7437,119353.8,6.231054227e-06,1.37379,30,0.0342094,0.0461387,0.0122745,3.99719e+06,0,0,0.625,465,4,0,HOLD
2025-08-12 18:02:12 UTC,1h,AGT-USDT,BTC-USDT,0.005888,119353.8,4.933232122e-08,1.05795,30,0.0129021,0.0227549,0.0191673,6.35223e+06,0,0,0.625,465,4,0,HOLD
2025-08-12 18:02:12 UTC,1h,AI16Z-USDT,BTC-USDT,0.1356,119353.8,1.136117995e-06,1.05608,30,0.0343249,0.0577223,0.020649,8.31893e+06,0,0,0.625,465,4,0,HOLD
2025-08-12 18:02:12 UTC,1h,AIN-USDT,BTC-USDT,0.13688,119353.8,1.146842413e-06,-1.9131,30,-0.00523256,0.0107813,0.0174762,6.30583e+06,0,0,0.625,465,4,0,HOLD
2025-08-12 18:02:12 UTC,1h,AIOT-USDT,BTC-USDT,0.54428,119353.8,4.56022347e-06,1.28629,30,0.0414849,0.0759711,0.013361,6.43995e+06,0,0,0.625,465,4,0,HOLD
2025-08-12 18:02:12 UTC,1h,AIXBT-USDT,BTC-USDT,0.13285,119353.8,1.113077254e-06,0.532679,30,0.0141221,0.0674112,0.0188075,7.2324e+06,0,0,0.625,465,4,0,HOLD
2025-08-12 18:02:12 UTC,1h,AKT-USDT,BTC-USDT,1.292,119353.8,1.082495907e-05,1.11875,30,0.0311253,0.0504065,0.0134343,470463,0,0,0.625,465,4,0,HOLD
2025-08-12 18:02:12 UTC,1h,ALCH-USDT,BTC-USDT,0.13721,119353.8,1.149607302e-06,-1.23481,30,-0.0150036,-0.0335963,0.00892271,6.3242e+06,0,0,0.625,465,4,0,HOLD
2025-08-12 18:02:12 UTC,1h,ALGO-USDT,BTC-USDT,0.2702,119353.8,2.26385754e-06,1.11836,30,0.0372361,0.0641985,0.0155705,4.29307e+06,0,0,0.625,465,4,0,HOLD
2025-08-12 18:02:12 UTC,1h,ALPHA-USDT,BTC-USDT,0.01614,119353.8,1.352282039e-07,1.52936,30,0.0280255,0.0399485,0.015578,1.89662e+06,0,0,0.625,465,4,0,HOLD
2025-08-12 18:02:12 UTC,1h,ALPINE-USDT,BTC-USDT,1.1527,119353.8,9.657840806e-06,-1.29068,30,-0.168446,-0.295545,0.0729344,8.93687e+06,0,0,0.625,465,4,0,HOLD
2025-08-12 18:02:12 UTC,1h,ALT-USDT,BTC-USDT,0.03786,119353.8,3.17208166e-07,0.516436,30,0.0344262,0.0894964,0.0283375,6.36833e+06,0,0,0.625,465,4,0,HOLD
2025-08-12 18:02:12 UTC,1h,ALTCOIN-USDT,BTC-USDT,244.37,119353.8,0.002047442143,1.51618,30,0.0217846,0.0385024,0.0087046,1.87783e+06,0,0,0.625,465,4,0,HOLD
2025-08-12 18:02:12 UTC,1h,ANIME-USDT,BTC-USDT,0.01804,119353.8,1.511472613e-07,1.22136,30,0.0373778,0.0531232,0.0142144,6.43802e+06,0,0,0.625,465,4,0,HOLD
2025-08-12 18:02:12 UTC,1h,ANKR-USDT,BTC-USDT,0.01664,119353.8,1.394174295e-07,1.43664,30,0.0367601,0.0511687,0.0125773,358188,0,0,0.625,465,4,0,HOLD
2025-08-12 18:02:12 UTC,1h,APE-USDT,BTC-USDT,0.6364,119353.8,5.332046403e-06,1.44816,30,0.0274459,0.0432787,0.0115381,6.35398e+06,0,0,0.625,465,4,0,HOLD
2025-08-12 18:02:12 UTC,1h,API3-USDT,BTC-USDT,0.7651,119353.8,6.410353085e-06,0.831397,30,0.0357385,0.0624913,0.0154415,6.42682e+06,0,0,0.625,465,4,0,HOLD
2025-08-12 18:02:12 UTC,1h,APT-USDT,BTC-USDT,4.8084,119353.8,4.02869452e-05,1.32154,30,0.0363154,0.053411,0.0118988,1.03624e+07,0,0,0.625,465,4,0,HOLD
2025-08-12 18:02:12 UTC,1h,AR-USDT,BTC-USDT,7.759,119353.8,6.500840359e-05,1.39515,30,0.0199816,0.0641887,0.0180344,2.49792e+06,0,0,0.625,465,4,0,HOLD
2025-08-12 18:02:12 UTC,1h,ARB-USDT,BTC-USDT,0.471,119353.8,3.946250559e-06,1.55276,30,0.0263674,0.0726486,0.0171216,1.40565e+07,0,0,0.625,465,4,0,HOLD
2025-08-12 18:02:12 UTC,1h,ARC-USDT,BTC-USDT,0.02379,119353.8,1.993233563e-07,-0.139924,30,0.00762389,0.0420499,0.0234492,6.84077e+06,0,0,0.625,465,4,0,EXIT_ZONE
2025-08-12 18:02:12 UTC,1h,ARK-USDT,BTC-USDT,0.4585,119353.8,3.841519918e-06,1.42164,30,0.0257271,0.0380349,0.0105157,2.00121e+06,0,0,0.625,465,4,0,HOLD
2025-08-12 18:02:12 UTC,1h,ARKM-USDT,BTC-USDT,0.5397,119353.8,4.521850163e-06,1.29061,30,0.0356937,0.0716839,0.0164906,2.40958e+06,0,0,0.625,465,4,0,HOLD
2025-08-12 18:02:12 UTC,1h,ARPA-USDT,BTC-USDT,0.02406,119353.8,2.015855381e-07,1.64534,30,0.0613145,0.0896739,0.0158829,8.28254e+06,0,0,0.625,465,4,0,HOLD
2025-08-12 18:02:12 UTC,1h,ASP-USDT,BTC-USDT,0.1657,119353.8,1.388309379e-06,-0.743257,30,-0.0119261,-0.0427499,0.0271575,6.67156e+06,0,0,0.625,465,4,0,HOLD
2025-08-12 18:02:12 UTC,1h,ASR-USDT,BTC-USDT,6.57,119353.8,5.5046425e-05,-0.411952,30,-0.000760456,-0.0155829,0.020972,7.45293e+06,0,0,0.625,465,4,0,EXIT_ZONE
2025-08-12 18:02:12 UTC,1h,ASTR-USDT,BTC-USDT,0.02576,119353.8,2.158289053e-07,1.2744,30,0.029165,0.0514286,0.011951,1.9199e+06,0,0,0.625,465,4,0,HOLD
2025-08-12 18:02:12 UTC,1h,ATA-USDT,BTC-USDT,0.0513,119353.8,4.298145514e-07,1.37417,30,0.0384615,0.0643154,0.0143414,290229,0,0,0.625,465,4,0,HOLD
2025-08-12 18:02:12 UTC,1h,ATH-USDT,BTC-USDT,0.03414,119353.8,2.860403272e-07,1.57423,30,0.015165,0.00117302,0.0131601,1.93012e+06,0,0,0.625,465,4,0,HOLD
2025-08-12 18:02:12 UTC,1h,ATOM-USDT,BTC-USDT,4.685,119353.8,3.925304431e-05,1.52051,30,0.0269619,0.0443602,0.0110688,9.0985e+06,0,0,0.625,465,4,0,HOLD
2025-08-12 18:02:12 UTC,1h,AUCTION-USDT,BTC-USDT,10.448,119353.8,8.753805912e-05,1.35603,30,0.0192176,0.0317993,0.0112735,4.39927e+06,0,0,0.625,465,4,0,HOLD
2025-08-12 18:02:12 UTC,1h,AVA-USDT,BTC-USDT,0.6161,119353.8,5.161963842e-06,1.37445,30,0.0398312,0.0627911,0.0139008,536634,0,0,0.625,465,4,0,HOLD
2025-08-12 18:02:12 UTC,1h,AVAAI-USDT,BTC-USDT,0.03657,119353.8,3.063999638e-07,0.679359,30,0.0082713,-0.02506,0.0275011,7.55278e+06,0,0,0.625,465,4,0,HOLD
2025-08-12 18:02:12 UTC,1h,AVAX-USDT,BTC-USDT,24.318,119353.8,0.0002037471786,1.12098,30,0.0310354,0.0588696,0.012504,5.25565e+07,0,0,0.625,465,4,0,HOLD
2025-08-12 18:02:12 UTC,1h,AWE-USDT,BTC-USDT,0.05397,119353.8,4.521850163e-07,-1.73094,30,-0.00118444,-0.00451904,0.00916912,6.24809e+06,0,0,0.625,465,4,0,HOLD
2025-08-12 18:02:12 UTC,1h,AXL-USDT,BTC-USDT,0.3584,119353.8,3.002836944e-06,1.12768,30,0.0304773,0.0600414,0.0144292,2.06063e+06,0,0,0.625,465,4,0,HOLD
2025-08-12 18:02:12 UTC,1h,AXS-USDT,BTC-USDT,2.512,119353.8,2.104666965e-05,1.34691,30,0.0388751,0.0594686,0.0137341,5.02208e+06,0,0,0.625,465,4,0,HOLD
2025-08-12 18:02:12 UTC,1h,B-USDT,BTC-USDT,0.61974,119353.8,5.192461405e-06,-1.11497,30,-0.0286664,-0.0608435,0.0151331,6.46148e+06,0,0,0.625,465,4,0,HOLD
2025-08-12 18:02:12 UTC,1h,B2-USDT,BTC-USDT,0.4008,119353.8,3.358083278e-06,1.9033,30,0.0284834,0.0266393,0.0154512,6.24029e+06,0,0,0.625,465,4,0,HOLD
2025-08-12 18:02:12 UTC,1h,B3-USDT,BTC-USDT,0.003235,119353.8,2.710428993e-08,1.33028,30,0.0335463,0.0669525,0.0155884,6.27268e+06,0,0,0.625,465,4,0,HOLD
2025-08-12 18:02:12 UTC,1h,BABY-USDT,BTC-USDT,0.0621,119353.8,5.203018253e-07,0.841592,30,0.02526,0.0403753,0.0163101,6.47865e+06,0,0,0.625,465,4,0,HOLD
2025-08-12 18:02:12 UTC,1h,BAKE-USDT,BTC-USDT,0.0876,119353.8,7.339523333e-07,1.2337,30,0.028169,0.0541516,0.0150848,1.61328e+06,0,0,0.625,465,4,0,HOLD
2025-08-12 18:02:12 UTC,1h,BANANA-USDT,BTC-USDT,26.19,119353.8,0.0002194316394,1.35636,30,0.0262539,0.059466,0.0176458,8.99686e+06,0,0,0.625,465,4,0,HOLD
2025-08-12 18:02:12 UTC,1h,BANANAS31-USDT,BTC-USDT,0.007229,119353.8,6.05678244e-08,1.41751,30,0.0116149,0.0147389,0.0148805,3.41843e+06,0,0,0.625,465,4,0,HOLD
2025-08-12 18:02:12 UTC,1h,BANK-USDT,BTC-USDT,0.066983,119353.8,5.61213803e-07,0.464541,30,-0.00232354,0.0589528,0.0308138,6.69891e+06,0,0,0.625,465,4,0,EXIT_ZONE
2025-08-12 18:02:12 UTC,1h,BAT-USDT,BTC-USDT,0.1537,119353.8,1.287767964e-06,1.39959,30,0.0329301,0.0470027,0.01278,426284,0,0,0.625,465,4,0,HOLD
2025-08-12 18:02:12 UTC,1h,BB-USDT,BTC-USDT,0.12708,119353.8,1.06473359e-06,0.940252,30,0.0169654,0.0565348,0.0192342,9.45547e+06,0,0,0.625,465,4,0,HOLD
2025-08-12 18:02:12 UTC,1h,BCH-USDT,BTC-USDT,617.12,119353.8,0.005170509862,1.70663,30,0.0384855,0.0451335,0.010402,3.81013e+07,0,0,0.625,465,4,0,HOLD
2025-08-12 18:02:12 UTC,1h,BDXN-USDT,BTC-USDT,0.04092,119353.8,3.428462269e-07,1.40837,30,0.0174043,0.00540541,0.0175953,6.32977e+06,0,0,0.625,465,4,0,HOLD
2025-08-12 18:02:12 UTC,1h,BEAM-USDT,BTC-USDT,0.008361,119353.8,7.005223127e-08,0.413206,30,0.0215027,0.0682254,0.0199224,2.07461e+06,0,0,0.625,465,4,0,EXIT_ZONE
2025-08-12 18:02:12 UTC,1h,BERA-USDT,BTC-USDT,2.031,119353.8,1.701663458e-05,1.20123,30,0.0399386,0.0490702,0.0150524,6.57923e+06,0,0,0.625,465,4,0,HOLD
2025-08-12 18:02:12 UTC,1h,BID-USDT,BTC-USDT,0.07213,119353.8,6.043376918e-07,0.794487,30,0.0534541,0.0687509,0.0215088,2.02418e+06,0,0,0.625,465,4,0,HOLD
2025-08-12 18:02:12 UTC,1h,BIGTIME-USDT,BTC-USDT,0.06066,119353.8,5.082368555e-07,1.39452,30,0.0321593,0.0558747,0.0131765,2.0659e+06,0,0,0.625,465,4,0,HOLD
2025-08-12 18:02:12 UTC,1h,BIO-USDT,BTC-USDT,0.13076,119353.8,1.095566291e-06,1.83071,30,0.0639544,0.0213231,0.0363206,1.63784e+07,0,0,0.625,465,4,0,HOLD
2025-08-12 18:02:12 UTC,1h,BLAST-USDT,BTC-USDT,0.003132,119353.8,2.624130945e-08,1.1569,30,0.0268852,0.0208605,0.0132275,508219,0,0,0.625,465,4,0,HOLD
2025-08-12 18:02:12 UTC,1h,BLUR-USDT,BTC-USDT,0.0869,119353.8,7.280874174e-07,1.26211,30,0.0387282,0.0520581,0.0148857,4.33716e+06,0,0,0.625,465,4,0,HOLD
2025-08-12 18:02:12 UTC,1h,BMT-USDT,BTC-USDT,0.08414,119353.8,7.049628918e-07,1.00381,30,0.0286064,0.0273504,0.0131074,1.99039e+06,0,0,0.625,465,4,0,HOLD
2025-08-12 18:02:12 UTC,1h,BNB-USDT,BTC-USDT,825.8,119353.8,0.006918925078,1.35414,30,0.0146584,0.0234991,0.00703474,3.8024e+07,0,0,0.625,465,4,0,HOLD
2025-08-12 18:02:12 UTC,1h,BNT-USDT,BTC-USDT,0.83197,119353.8,6.970620123e-06,1.47619,30,0.0371751,0.0631797,0.012558,1.92005e+06,0,0,0.625,465,4,0,HOLD
2025-08-12 18:02:12 UTC,1h,BOME-USDT,BTC-USDT,0.001945,119353.8,1.629608777e-08,1.32874,30,0.038441,0.069857,0.018105,9.15964e+06,0,0,0.625,465,4,0,HOLD
2025-08-12 18:02:12 UTC,1h,BR-USDT,BTC-USDT,0.05009,119353.8,4.196766253e-07,0.135092,30,0.000199681,-0.000399122,0.00109802,1.87781e+06,0,0,0.625,465,4,0,EXIT_ZONE
2025-08-12 18:02:12 UTC,1h,BRETT-USDT,BTC-USDT,0.05831,119353.8,4.885474949e-07,0.999367,30,0.0307584,0.0778189,0.0196364,5.82173e+06,0,0,0.625,465,4,0,HOLD
2025-08-12 18:02:12 UTC,1h,BROCCOLI-USDT,BTC-USDT,0.02819,119353.8,2.36188542e-07,0.511568,30,0.0111191,-0.00388693,0.0166979,6.26912e+06,0,0,0.625,465,4,0,HOLD
2025-08-12 18:02:12 UTC,1h,BROCCOLIF3B-USDT,BTC-USDT,0.010394,119353.8,8.708562275e-08,1.21368,30,0.0223271,0.057483,0.0129402,6.24475e+06,0,0,0.625,465,4,0,HOLD
2025-08-12 18:02:12 UTC,1h,BSV-USDT,BTC-USDT,29.27,119353.8,0.0002452372694,1.62085,30,0.0131533,0.000683761,0.0115428,2.24059e+06,0,0,0.625,465,4,0,HOLD
2025-08-12 18:02:12 UTC,1h,BSW-USDT,BTC-USDT,0.02721,119353.8,2.279776597e-07,0.0600837,30,0.00777778,-0.00802042,0.0234158,1.9872e+06,0,0,0.625,465,4,0,EXIT_ZONE
2025-08-12 18:02:12 UTC,1h,BTC-USDT,BTC-USDT,119249.2,119353.8,0.999123614,-0.762651,30,0.000284359,0.00369835,0.00476595,1.45458e+09,0,0,0.625,465,4,0,HOLD
2025-08-12 18:02:12 UTC,1h,BULLA-USDT,BTC-USDT,0.08325,119353.8,6.975060702e-07,-1.03,30,-0.0173513,-0.0153755,0.0242471,6.57865e+06,0,0,0.625,465,4,0,HOLD
2025-08-12 18:02:12 UTC,1h,C-USDT,BTC-USDT,0.26414,119353.8,2.213084125e-06,1.32348,30,0.0123022,0.0446923,0.0172825,6.45903e+06,0,0,0.625,465,4,0,HOLD
2025-08-12 18:02:12 UTC,1h,CAKE-USDT,BTC-USDT,2.8332,119353.8,2.37378282e-05,1.27819,30,0.0231114,0.0311169,0.0103492,2.5108e+06,0,0,0.625,465,4,0,HOLD
2025-08-12 18:02:12 UTC,1h,CARV-USDT,BTC-USDT,0.3118,119353.8,2.612401113e-06,1.49305,30,0.0179563,-0.00605674,0.0187162,2.16352e+06,0,0,0.625,465,4,0,HOLD
2025-08-12 18:02:12 UTC,1h,CATI-USDT,BTC-USDT,0.09537,119353.8,7.990528999e-07,0.811635,30,0.0107037,-0.00104745,0.0356132,6.93883e+06,0,0,0.625,465,4,0,HOLD
2025-08-12 18:02:12 UTC,1h,CELO-USDT,BTC-USDT,0.3611,119353.8,3.025458762e-06,1.30966,30,0.0299487,0.0580135,0.0159631,2.28816e+06,0,0,0.625,465,4,0,HOLD
2025-08-12 18:02:12 UTC,1h,CELR-USDT,BTC-USDT,0.00826,119353.8,6.920600768e-08,1.23413,30,0.0468948,0.0741222,0.0147008,2.09448e+06,0,0,0.625,465,4,0,HOLD
2025-08-12 18:02:12 UTC,1h,CETUS-USDT,BTC-USDT,0.11134,119353.8,9.32856767e-07,1.02708,30,0.0345661,0.0597754,0.0170456,901472,0,0,0.625,465,4,0,HOLD
2025-08-12 18:02:12 UTC,1h,CFX-USDT,BTC-USDT,0.19916,119353.8,1.66865236e-06,0.783907,30,0.00519861,0.0299426,0.0138941,9.93219e+06,0,0,0.625,465,4,0,HOLD
2025-08-12 18:02:12 UTC,1h,CGPT-USDT,BTC-USDT,0.10183,119353.8,8.531776952e-07,0.887036,30,0.0226976,0.0572051,0.0158037,673328,0,0,0.625,465,4,0,HOLD
2025-08-12 18:02:12 UTC,1h,CHESS-USDT,BTC-USDT,0.07508,119353.8,6.290541231e-07,0.511546,30,0.0169308,0.0649645,0.01878,712058,0,0,0.625,465,4,0,HOLD
2025-08-12 18:02:12 UTC,1h,CHILLGUY-USDT,BTC-USDT,0.05705,119353.8,4.779906463e-07,1.13361,30,0.0433431,0.0608033,0.0237887,1.66507e+06,0,0,0.625,465,4,0,HOLD
2025-08-12 18:02:12 UTC,1h,CHR-USDT,BTC-USDT,0.0985,119353.8,8.252774524e-07,1.32492,30,0.0357518,0.0671723,0.0141407,1.92601e+06,0,0,0.625,465,4,0,HOLD
2025-08-12 18:02:12 UTC,1h,CHZ-USDT,BTC-USDT,0.04298,119353.8,3.601058366e-07,1.3609,30,0.0247973,0.0432039,0.0110683,2.09956e+06,0,0,0.625,465,4,0,HOLD
2025-08-12 18:02:12 UTC,1h,CKB-USDT,BTC-USDT,0.005641,119353.8,4.726284375e-08,1.30254,30,0.0303196,0.040967,0.0136247,686776,0,0,0.625,465,4,0,HOLD
2025-08-12 18:02:12 UTC,1h,COINX-USDT,BTC-USDT,320.27,119353.8,0.002683366596,-0.45207,30,-0.0207607,0.00391825,0.00821851,6.23275e+06,0,0,0.625,465,4,0,EXIT_ZONE
2025-08-12 18:02:12 UTC,1h,COMP-USDT,BTC-USDT,52.6,119353.8,0.000440706538,0.777038,30,0.0138782,0.0331958,0.0133351,5.57049e+06,0,0,0.625,465,4,0,HOLD
2025-08-12 18:02:12 UTC,1h,COOKIE-USDT,BTC-USDT,0.1537,119353.8,1.287767964e-06,0.827329,30,0.0226214,0.0578114,0.0204945,6.5933e+06,0,0,0.625,465,4,0,HOLD
2025-08-12 18:02:12 UTC,1h,CORE-USDT,BTC-USDT,0.5019,119353.8,4.205144704e-06,1.2883,30,0.0308071,0.0502197,0.0111291,1.94565e+06,0,0,0.625,465,4,0,HOLD
2025-08-12 18:02:12 UTC,1h,COS-USDT,BTC-USDT,0.003494,119353.8,2.927430882e-08,1.12464,30,0.0216374,0.0392623,0.0111824,445571,0,0,0.625,465,4,0,HOLD
2025-08-12 18:02:12 UTC,1h,COTI-USDT,BTC-USDT,0.05571,119353.8,4.667635216e-07,1.03893,30,0.0337725,0.0627623,0.014219,505299,0,0,0.625,465,4,0,HOLD
2025-08-12 18:02:12 UTC,1h,COW-USDT,BTC-USDT,0.4286,119353.8,3.591004224e-06,1.20929,30,0.0256042,0.0601039,0.0170155,6.63146e+06,0,0,0.625,465,4,0,HOLD
2025-08-12 18:02:12 UTC,1h,CRCLX-USDT,BTC-USDT,162.82,119353.8,0.00136417944,-1.36059,30,-0.0892208,0.00973643,0.0302744,6.25538e+06,0,0,0.625,465,4,0,HOLD
2025-08-12 18:02:12 UTC,1h,CROSS-USDT,BTC-USDT,0.31498,119353.8,2.639044588e-06,-0.687904,30,-0.0181728,0.00861379,0.0134067,6.36039e+06,0,0,0.625,465,4,0,HOLD
2025-08-12 18:02:12 UTC,1h,CRV-USDT,BTC-USDT,0.9876,119353.8,8.274558498e-06,1.21104,30,0.0491873,0.0776953,0.0171556,1.63071e+07,0,0,0.625,465,4,0,HOLD
2025-08-12 18:02:12 UTC,1h,CTC-USDT,BTC-USDT,0.7384,119353.8,6.186648435e-06,1.19392,30,0.0231398,0.0291289,0.0152453,1.36287e+06,0,0,0.625,465,4,0,HOLD
2025-08-12 18:02:12 UTC,1h,CTK-USDT,BTC-USDT,0.3547,119353.8,2.971836674e-06,-0.0552248,30,0.0260341,0.0417034,0.0179427,6.41292e+06,0,0,0.625,465,4,0,EXIT_ZONE
2025-08-12 18:02:12 UTC,1h,CUDIS-USDT,BTC-USDT,0.07137,119353.8,5.979700688e-07,0.792701,30,0.0606331,0.102239,0.0429552,6.74017e+06,0,0,0.625,465,4,0,HOLD
2025-08-12 18:02:12 UTC,1h,CVC-USDT,BTC-USDT,0.09743,119353.8,8.163125095e-07,1.59845,30,0.0288279,0.0447137,0.00980924,1.876e+06,0,0,0.625,465,4,0,HOLD
2025-08-12 18:02:12 UTC,1h,CYBER-USDT,BTC-USDT,2.993,119353.8,2.507670472e-05,-0.0190355,30,0.00140525,0.600278,0.161999,5.97908e+07,0,0,0.625,465,4,0,EXIT_ZONE
2025-08-12 18:02:12 UTC,1h,D-USDT,BTC-USDT,0.03665,119353.8,3.070702399e-07,1.13278,30,0.0280505,0.0441595,0.0140518,6.23474e+06,0,0,0.625,465,4,0,HOLD
2025-08-12 18:02:12 UTC,1h,DBR-USDT,BTC-USDT,0.02486,119353.8,2.082882992e-07,1.30072,30,0.0234664,0.0155229,0.00930927,425272,0,0,0.625,465,4,0,HOLD
2025-08-12 18:02:12 UTC,1h,DEEP-USDT,BTC-USDT,0.1678,119353.8,1.405904127e-06,0.939122,30,0.0993187,0.117549,0.0175592,6.66897e+06,0,0,0.625,465,4,0,HOLD
2025-08-12 18:02:12 UTC,1h,DEGEN-USDT,BTC-USDT,0.004037,119353.8,3.382380787e-08,0.929507,30,0.047755,0.0759595,0.0188612,558752,0,0,0.625,465,4,0,HOLD
2025-08-12 18:02:12 UTC,1h,DEGO-USDT,BTC-USDT,1.2393,119353.8,1.038341469e-05,0.828848,30,0.0212608,-0.00657315,0.017579,834090,0,0,0.625,465,4,0,HOLD
2025-08-12 18:02:12 UTC,1h,DF-USDT,BTC-USDT,0.03036,119353.8,2.543697813e-07,1.00128,30,0.0351176,0.0519751,0.0119048,277256,0,0,0.625,465,4,0,HOLD
2025-08-12 18:02:12 UTC,1h,DIA-USDT,BTC-USDT,0.8408,119353.8,7.044601848e-06,0.711655,30,0.01289,0.0435646,0.0219349,6.30176e+06,0,0,0.625,465,4,0,HOLD
2025-08-12 18:02:12 UTC,1h,DMC-USDT,BTC-USDT,0.004823,119353.8,4.040927059e-08,0.549058,30,0.00878477,0.0196617,0.0144249,6.28285e+06,0,0,0.625,465,4,0,HOLD
2025-08-12 18:02:12 UTC,1h,DOG-USDT,BTC-USDT,0.003493,119353.8,2.926593037e-08,1.35953,30,0.00575871,0.0575235,0.0172795,790164,0,0,0.625,465,4,0,HOLD
2025-08-12 18:02:12 UTC,1h,DOGE-USDT,BTC-USDT,0.2315,119353.8,1.939611474e-06,1.44391,30,0.0225717,0.0363042,0.0136378,1.37671e+08,0,0,0.625,465,4,0,HOLD
2025-08-12 18:02:12 UTC,1h,DOGS-USDT,BTC-USDT,0.000147,119353.8,1.23163234e-09,1.19097,30,0.02582,0.0537634,0.0170068,793900,0,0,0.625,465,4,0,HOLD
2025-08-12 18:02:12 UTC,1h,DOLO-USDT,BTC-USDT,0.224393,119353.8,1.880065821e-06,-1.54433,30,-0.116114,-0.103267,0.0339465,7.56853e+06,0,0,0.625,465,4,0,HOLD
2025-08-12 18:02:12 UTC,1h,DOOD-USDT,BTC-USDT,0.0038022,119353.8,3.185654751e-08,1.49389,30,0.0254045,0.0372371,0.0151097,6.3245e+06,0,0,0.625,465,4,0,HOLD
2025-08-12 18:02:12 UTC,1h,DOT-USDT,BTC-USDT,4.175,119353.8,3.498003415e-05,1.18841,30,0.0487315,0.0735408,0.0151069,1.8019e+07,0,0,0.625,465,4,0,HOLD
2025-08-12 18:02:12 UTC,1h,DRIFT-USDT,BTC-USDT,0.566,119353.8,4.742203432e-06,1.26745,30,0.0311532,0.03739,0.0137935,6.42269e+06,0,0,0.625,465,4,0,HOLD
2025-08-12 18:02:12 UTC,1h,DUSK-USDT,BTC-USDT,0.06837,119353.8,5.728347149e-07,1.17382,30,0.0423845,0.0721342,0.0152845,274552,0,0,0.625,465,4,0,HOLD
2025-08-12 18:02:12 UTC,1h,DYDX-USDT,BTC-USDT,0.6675,119353.8,5.592616238e-06,1.06161,30,0.0162911,0.0518437,0.0173676,6.40439e+06,0,0,0.625,465,4,0,HOLD
2025-08-12 18:02:12 UTC,1h,DYM-USDT,BTC-USDT,0.2622,119353.8,2.196829929e-06,1.24305,30,0.0306604,0.0589661,0.0199139,3.39449e+06,0,0,0.625,465,4,0,HOLD
2025-08-12 18:02:12 UTC,1h,EDU-USDT,BTC-USDT,0.1469,119353.8,1.230794495e-06,-0.81369,30,0,0.073046,0.0524166,5.87217e+06,0,0,0.625,465,4,0,HOLD
2025-08-12 18:02:12 UTC,1h,EGLD-USDT,BTC-USDT,15.96,119353.8,0.0001337200826,1.21818,30,0.0373066,0.0610997,0.0128938,3.13887e+06,0,0,0.625,465,4,0,HOLD
2025-08-12 18:02:12 UTC,1h,EIGEN-USDT,BTC-USDT,1.3933,119353.8,1.167369619e-05,-0.193034,30,-0.0121943,0.0427331,0.0217469,5.66977e+06,0,0,0.625,465,4,0,EXIT_ZONE
2025-08-12 18:02:12 UTC,1h,ELX-USDT,BTC-USDT,0.1754,119353.8,1.469580357e-06,0.825781,30,0.028739,0.0459153,0.0182847,477095,0,0,0.625,465,4,0,HOLD
2025-08-12 18:02:12 UTC,1h,ENA-USDT,BTC-USDT,0.8218,119353.8,6.885411273e-06,0.719289,30,-0.00976021,0.0435556,0.0270313,1.00411e+08,0,0,0.625,465,4,0,HOLD
2025-08-12 18:02:12 UTC,1h,ENJ-USDT,BTC-USDT,0.07351,119353.8,6.158999546e-07,1.26019,30,0.0362278,0.0601384,0.0141672,2.05808e+06,0,0,0.625,465,4,0,HOLD
2025-08-12 18:02:12 UTC,1h,ENS-USDT,BTC-USDT,29.08,119353.8,0.0002436453636,1.32759,30,0.00601951,0.0382748,0.0148777,1.199e+07,0,0,0.625,465,4,0,HOLD
2025-08-12 18:02:12 UTC,1h,EPIC-USDT,BTC-USDT,2.1227,119353.8,1.778493856e-05,0.285537,30,0.000659973,-0.000800226,0.0138133,2.08284e+06,0,0,0.625,465,4,0,EXIT_ZONE
2025-08-12 18:02:12 UTC,1h,EPT-USDT,BTC-USDT,0.004349,119353.8,3.643788468e-08,0.862623,30,0.00998607,0.0362163,0.0167526,6.33314e+06,0,0,0.625,465,4,0,HOLD
2025-08-12 18:02:12 UTC,1h,ERA-USDT,BTC-USDT,1.0303,119353.8,8.632318368e-06,1.36036,30,0.0144742,-0.00674829,0.0155988,8.29393e+06,0,0,0.625,465,4,0,HOLD
2025-08-12 18:02:12 UTC,1h,ES-USDT,BTC-USDT,0.2177,119353.8,1.823988847e-06,1.05519,30,0.02015,0.0149184,0.0195223,6.27419e+06,0,0,0.625,465,4,0,HOLD
2025-08-12 18:02:12 UTC,1h,ESPORTS-USDT,BTC-USDT,0.1299,119353.8,1.088360823e-06,-0.0929772,30,0.00464037,0.00154202,0.0180359,6.60775e+06,0,0,0.625,465,4,0,EXIT_ZONE
2025-08-12 18:02:12 UTC,1h,ETC-USDT,BTC-USDT,23.528,119353.8,0.000197128202,1.27606,30,0.0299422,0.0543108,0.014888,1.26483e+07,0,0,0.625,465,4,0,HOLD
2025-08-12 18:02:12 UTC,1h,ETH-USDT,BTC-USDT,4494.59,119353.8,0.0376577034,1.61392,30,0.0204031,0.0478512,0.0109837,2.66731e+09,0,0,0.625,465,4,0,HOLD
2025-08-12 18:02:12 UTC,1h,ETHFI-USDT,BTC-USDT,1.2302,119353.8,1.030717078e-05,1.38415,30,0.000162602,0.0512733,0.023794,1.32015e+07,0,0,0.625,465,4,0,HOLD
2025-08-12 18:02:12 UTC,1h,ETHW-USDT,BTC-USDT,1.7321,119353.8,1.451231549e-05,1.51357,30,0.0277695,0.0667611,0.0149447,1.9953e+06,0,0,0.625,465,4,0,HOLD
2025-08-12 18:02:12 UTC,1h,F-USDT,BTC-USDT,0.008002,119353.8,6.704436725e-08,0.749831,30,0.0219668,0.015998,0.0119881,6.26547e+06,0,0,0.625,465,4,0,HOLD
2025-08-12 18:02:12 UTC,1h,FARTCOIN-USDT,BTC-USDT,0.9325,119353.8,7.812905831e-06,1.10912,30,0.0518895,0.0911538,0.0269552,6.89996e+07,0,0,0.625,465,4,0,HOLD
2025-08-12 18:02:12 UTC,1h,FET-USDT,BTC-USDT,0.7241,119353.8,6.066836582e-06,1.33282,30,0.025928,0.0483567,0.0147572,5.5873e+06,0,0,0.625,465,4,0,HOLD
2025-08-12 18:02:12 UTC,1h,FHE-USDT,BTC-USDT,0.06367,119353.8,5.334559939e-07,1.88095,30,0.00568631,0.000157085,0.0181068,6.44706e+06,0,0,0.625,465,4,0,HOLD
2025-08-12 18:02:12 UTC,1h,FIDA-USDT,BTC-USDT,0.1038,119353.8,8.696832443e-07,1.20974,30,0.0397676,0.0725356,0.0169144,856626,0,0,0.625,465,4,0,HOLD
2025-08-12 18:02:12 UTC,1h,FIL-USDT,BTC-USDT,2.624,119353.8,2.198505619e-05,1.39864,30,0.0396197,0.0619183,0.0125762,1.00346e+07,0,0,0.625,465,4,0,HOLD
2025-08-12 18:02:12 UTC,1h,FIO-USDT,BTC-USDT,0.02111,119353.8,1.768691068e-07,1.2277,30,0.0163698,0.00142315,0.0180009,6.42057e+06,0,0,0.625,465,4,0,HOLD
2025-08-12 18:02:12 UTC,1h,FIS-USDT,BTC-USDT,0.12243,119353.8,1.025773792e-06,1.74065,30,0.0349112,0.0546128,0.0142064,6.33691e+06,0,0,0.625,465,4,0,HOLD
2025-08-12 18:02:12 UTC,1h,FLM-USDT,BTC-USDT,0.03063,119353.8,2.566319631e-07,1.31287,30,0.029926,0.0620666,0.0134322,713761,0,0,0.625,465,4,0,HOLD
2025-08-12 18:02:12 UTC,1h,FLOCK-USDT,BTC-USDT,0.18452,119353.8,1.545991833e-06,-0.236425,30,0.0154642,0.0747903,0.0313439,6.50206e+06,0,0,0.625,465,4,0,EXIT_ZONE
2025-08-12 18:02:12 UTC,1h,FLOKI-USDT,BTC-USDT,0.00011331,119353.8,9.493623161e-10,1.22337,30,0.0255227,0.0425062,0.0154128,6.47278e+06,0,0,0.625,465,4,0,HOLD
2025-08-12 18:02:12 UTC,1h,FLOW-USDT,BTC-USDT,0.387,119353.8,3.242460651e-06,1.32093,30,0.0347594,0.0516304,0.0114433,2.35521e+06,0,0,0.625,465,4,0,HOLD
2025-08-12 18:02:12 UTC,1h,FLUX-USDT,BTC-USDT,0.2302,119353.8,1.928719488e-06,1.09127,30,0.034142,0.0593649,0.0157006,432548,0,0,0.625,465,4,0,HOLD
2025-08-12 18:02:12 UTC,1h,FORM-USDT,BTC-USDT,3.8024,119353.8,3.18582232e-05,0.168891,30,-0.00986902,-0.012338,0.00655601,2.15101e+06,0,0,0.625,465,4,0,EXIT_ZONE
2025-08-12 18:02:12 UTC,1h,FORTH-USDT,BTC-USDT,2.822,119353.8,2.364398955e-05,-0.507151,30,0.00163271,-0.0338925,0.0200263,1.08255e+06,0,0,0.625,465,4,0,HOLD
2025-08-12 18:02:12 UTC,1h,FRAG-USDT,BTC-USDT,0.04442,119353.8,3.721708065e-07,1.51481,30,0.0385784,0.0361558,0.0232038,6.25954e+06,0,0,0.625,465,4,0,HOLD
2025-08-12 18:02:12 UTC,1h,FUEL-USDT,BTC-USDT,0.00741,119353.8,6.208432409e-08,-1.2029,30,-0.0211361,-0.0351563,0.0157124,330411,0,0,0.625,465,4,0,HOLD
2025-08-12 18:02:12 UTC,1h,FUNTOKEN-USDT,BTC-USDT,0.009484,119353.8,7.946123207e-08,1.16779,30,0.0198946,-0.0671781,0.0359327,8.98157e+06,0,0,0.625,465,4,0,HOLD
2025-08-12 18:02:12 UTC,1h,FXS-USDT,BTC-USDT,3.184,119353.8,2.667698892e-05,1.31,30,0.0321242,0.055318,0.0144966,2.10536e+06,0,0,0.625,465,4,0,HOLD
2025-08-12 18:02:12 UTC,1h,G-USDT,BTC-USDT,0.01253,119353.8,1.049819947e-07,1.5835,30,0.0363937,0.057384,0.0128264,6.2214e+06,0,0,0.625,465,4,0,HOLD
2025-08-12 18:02:12 UTC,1h,GALA-USDT,BTC-USDT,0.01787,119353.8,1.497229246e-07,1.36092,30,0.0395579,0.067503,0.0168679,9.53969e+06,0,0,0.625,465,4,0,HOLD
2025-08-12 18:02:12 UTC,1h,GAS-USDT,BTC-USDT,3.342,119353.8,2.800078422e-05,1.55577,30,0.0245248,0.0337148,0.0106438,1.91312e+06,0,0,0.625,465,4,0,HOLD
2025-08-12 18:02:12 UTC,1h,GHST-USDT,BTC-USDT,0.519,119353.8,4.348416221e-06,1.02643,30,0.0628712,0.109686,0.0283099,6.99693e+06,0,0,0.625,465,4,0,HOLD
2025-08-12 18:02:12 UTC,1h,GLM-USDT,BTC-USDT,0.26283,119353.8,2.202108353e-06,1.4275,30,0.0208576,0.0271612,0.0100173,511964,0,0,0.625,465,4,0,HOLD
2025-08-12 18:02:12 UTC,1h,GMT-USDT,BTC-USDT,0.04758,119353.8,3.986467125e-07,1.43272,30,0.0402274,0.0611062,0.0127605,681439,0,0,0.625,465,4,0,HOLD
2025-08-12 18:02:12 UTC,1h,GMX-USDT,BTC-USDT,16.885,119353.8,0.0001414701501,-0.312918,30,0.00297,0.0107752,0.015999,2.45933e+06,0,0,0.625,465,4,0,EXIT_ZONE
2025-08-12 18:02:12 UTC,1h,GOAT-USDT,BTC-USDT,0.10524,119353.8,8.817482141e-07,1.15583,30,0.0498803,0.090344,0.0176128,6.60633e+06,0,0,0.625,465,4,0,HOLD
2025-08-12 18:02:12 UTC,1h,GOR-USDT,BTC-USDT,0.01886,119353.8,1.580175914e-07,0.660848,30,0.136829,0.146505,0.0374186,6.41255e+06,0,0,0.625,465,4,0,HOLD
2025-08-12 18:02:12 UTC,1h,GORK-USDT,BTC-USDT,0.00838,119353.8,7.021142184e-08,0.703747,30,0.0621039,0.112882,0.0235254,6.34901e+06,0,0,0.625,465,4,0,HOLD
2025-08-12 18:02:12 UTC,1h,GPS-USDT,BTC-USDT,0.01607,119353.8,1.346417123e-07,1.25046,30,0.0242192,-0.0128993,0.0230243,6.35932e+06,0,0,0.625,465,4,0,HOLD
2025-08-12 18:02:12 UTC,1h,GRASS-USDT,BTC-USDT,0.7917,119353.8,6.633219889e-06,0.123553,30,0.019575,0.0497216,0.0254425,7.21889e+06,0,0,0.625,465,4,0,EXIT_ZONE
2025-08-12 18:02:12 UTC,1h,GRIFFAIN-USDT,BTC-USDT,0.04415,119353.8,3.699086246e-07,0.244277,30,0.0158767,0.0402922,0.0210969,6.90013e+06,0,0,0.625,465,4,0,EXIT_ZONE
2025-08-12 18:02:12 UTC,1h,GRT-USDT,BTC-USDT,0.0993,119353.8,8.319802134e-07,1.26659,30,0.0387029,0.0669389,0.0141203,2.74046e+06,0,0,0.625,465,4,0,HOLD
2025-08-12 18:02:12 UTC,1h,GTC-USDT,BTC-USDT,0.311,119353.8,2.605698352e-06,1.38362,30,0.0436242,0.0650685,0.0163068,1.93638e+06,0,0,0.625,465,4,0,HOLD
2025-08-12 18:02:12 UTC,1h,GUN-USDT,BTC-USDT,0.03098,119353.8,2.595644211e-07,1.19112,30,0.0227798,0.0392486,0.0166697,6.31042e+06,0,0,0.625,465,4,0,HOLD
2025-08-12 18:02:12 UTC,1h,H-USDT,BTC-USDT,0.03792,119353.8,3.177108731e-07,1.60298,30,0.0149893,0.0326797,0.0116787,6.36003e+06,0,0,0.625,465,4,0,HOLD
2025-08-12 18:02:12 UTC,1h,HAEDAL-USDT,BTC-USDT,0.14393,119353.8,1.205910495e-06,1.03708,30,0.0230948,0.0477695,0.0160276,6.24699e+06,0,0,0.625,465,4,0,HOLD
2025-08-12 18:02:12 UTC,1h,HBAR-USDT,BTC-USDT,0.25721,119353.8,2.155021457e-06,1.49606,30,0.0223379,0.0435753,0.0109166,1.3321e+07,0,0,0.625,465,4,0,HOLD
2025-08-12 18:02:12 UTC,1h,HEI-USDT,BTC-USDT,0.5034,119353.8,4.217712381e-06,-0.931801,30,-0.0167969,0.00318852,0.0230433,812704,0,0,0.625,465,4,0,HOLD
2025-08-12 18:02:12 UTC,1h,HFT-USDT,BTC-USDT,0.09925,119353.8,8.315612909e-07,1.60038,30,0.00884326,0.00874073,0.0250522,6.46421e+06,0,0,0.625,465,4,0,HOLD
2025-08-12 18:02:12 UTC,1h,HIFI-USDT,BTC-USDT,0.0964,119353.8,8.076827047e-07,1.35295,30,0.100708,0.171467,0.0343731,3.38462e+06,0,0,0.625,465,4,0,HOLD
2025-08-12 18:02:12 UTC,1h,HIGH-USDT,BTC-USDT,0.6058,119353.8,5.075665794e-06,1.33481,30,0.0401786,0.0652365,0.0144673,5.56052e+06,0,0,0.625,465,4,0,HOLD
2025-08-12 18:02:12 UTC,1h,HIPPO-USDT,BTC-USDT,0.002377,119353.8,1.991557872e-08,-0.318008,30,0.00210793,-0.00958333,0.0278863,1.93436e+06,0,0,0.625,465,4,0,EXIT_ZONE
2025-08-12 18:02:12 UTC,1h,HIVE-USDT,BTC-USDT,0.22588,119353.8,1.892524578e-06,1.38629,30,0.0242133,0.0351496,0.00979344,407205,0,0,0.625,465,4,0,HOLD
2025-08-12 18:02:12 UTC,1h,HMSTR-USDT,BTC-USDT,0.0007763,119353.8,6.504191739e-09,1.12574,30,0.0298488,0.0501894,0.0154395,530212,0,0,0.625,465,4,0,HOLD
2025-08-12 18:02:12 UTC,1h,HOME-USDT,BTC-USDT,0.043415,119353.8,3.637504629e-07,1.37528,30,0.0852665,0.104651,0.0173722,6.48415e+06,0,0,0.625,465,4,0,HOLD
2025-08-12 18:02:12 UTC,1h,HOODX-USDT,BTC-USDT,114.51,119353.8,0.0009594164576,-0.680934,30,-0.0107982,0.00712401,0.00939406,6.21679e+06,0,0,0.625,465,4,0,HOLD
2025-08-12 18:02:12 UTC,1h,HOOK-USDT,BTC-USDT,0.1138,119353.8,9.534677572e-07,1.3699,30,0.0507849,0.103783,0.0237258,5.59287e+06,0,0,0.625,465,4,0,HOLD
2025-08-12 18:02:12 UTC,1h,HOT-USDT,BTC-USDT,0.001042,119353.8,8.730346248e-09,1.36511,30,0.0378486,0.0610998,0.0142583,1.88298e+06,0,0,0.625,465,4,0,HOLD
2025-08-12 18:02:12 UTC,1h,HOUSE-USDT,BTC-USDT,0.02248,119353.8,1.883475851e-07,0.935667,30,0.0499766,0.05145,0.0388917,6.96547e+06,0,0,0.625,465,4,0,HOLD
2025-08-12 18:02:12 UTC,1h,HUMA-USDT,BTC-USDT,0.038544,119353.8,3.229390267e-07,1.38614,30,0.129792,0.149503,0.0225623,6.79011e+06,0,0,0.625,465,4,0,HOLD
2025-08-12 18:02:12 UTC,1h,HYPE-USDT,BTC-USDT,44.084,119353.8,0.0003693556468,0.469773,30,-0.0039765,0.0239472,0.01671,2.32556e+07,0,0,0.625,465,4,0,EXIT_ZONE
2025-08-12 18:02:12 UTC,1h,HYPERLANE-USDT,BTC-USDT,0.3864,119353.8,3.23743358e-06,1.11718,30,0.0331551,0.0168421,0.0183932,6.92526e+06,0,0,0.625,465,4,0,HOLD
2025-08-12 18:02:12 UTC,1h,ICNT-USDT,BTC-USDT,0.361,119353.8,3.024620917e-06,-0.214765,30,0.0100727,-0.0618503,0.0767115,1.68593e+07,0,0,0.625,465,4,0,EXIT_ZONE
2025-08-12 18:02:12 UTC,1h,ICP-USDT,BTC-USDT,5.668,119353.8,4.748906193e-05,1.34066,30,0.0316709,0.0556901,0.0132574,5.07221e+06,0,0,0.625,465,4,0,HOLD
2025-08-12 18:02:12 UTC,1h,ICX-USDT,BTC-USDT,0.1368,119353.8,1.146172137e-06,1.47742,30,0.0340136,0.0523077,0.0121136,307271,0,0,0.625,465,4,0,HOLD
2025-08-12 18:02:12 UTC,1h,ID-USDT,BTC-USDT,0.17743,119353.8,1.486588613e-06,1.40469,30,0.0144654,0.0768344,0.0228943,2.55018e+06,0,0,0.625,465,4,0,HOLD
2025-08-12 18:02:12 UTC,1h,IDOL-USDT,BTC-USDT,0.01656,119353.8,1.387471534e-07,-1.04183,30,-0.0119332,0.0415094,0.0505952,7.29964e+06,0,0,0.625,465,4,0,HOLD
2025-08-12 18:02:12 UTC,1h,ILV-USDT,BTC-USDT,17.523,119353.8,0.000146815602,-0.242395,30,-0.00125392,0.0267182,0.0167698,6.50978e+06,0,0,0.625,465,4,0,EXIT_ZONE
2025-08-12 18:02:12 UTC,1h,IMX-USDT,BTC-USDT,0.5856,119353.8,4.906421078e-06,1.20643,30,0.0202091,0.0472103,0.0188573,5.73463e+06,0,0,0.625,465,4,0,HOLD
2025-08-12 18:02:12 UTC,1h,IN-USDT,BTC-USDT,0.10369,119353.8,8.687616146e-07,0.458452,30,0.134216,0.110528,0.0622046,1.00047e+07,0,0,0.625,465,4,0,EXIT_ZONE
2025-08-12 18:02:12 UTC,1h,INIT-USDT,BTC-USDT,0.4673,119353.8,3.915250289e-06,0.707128,30,0.0615629,0.113414,0.0228211,6.6567e+06,0,0,0.625,465,4,0,HOLD
2025-08-12 18:02:12 UTC,1h,INJ-USDT,BTC-USDT,14.591,119353.8,0.0001222499828,1.16696,30,0.0405791,0.0691727,0.0157044,3.041e+07,0,0,0.625,465,4,0,HOLD
2025-08-12 18:02:12 UTC,1h,IO-USDT,BTC-USDT,0.6643,119353.8,5.565805194e-06,1.52601,30,0.0721433,0.119481,0.0199458,9.52599e+06,0,0,0.625,465,4,0,HOLD
2025-08-12 18:02:12 UTC,1h,IOST-USDT,BTC-USDT,0.003804,119353.8,3.187162872e-08,1.28874,30,0.0334148,0.0470685,0.0116043,1.90838e+06,0,0,0.625,465,4,0,HOLD
2025-08-12 18:02:12 UTC,1h,IOTA-USDT,BTC-USDT,0.2102,119353.8,1.761150462e-06,1.25003,30,0.0303922,0.0557509,0.0134906,2.3116e+06,0,0,0.625,465,4,0,HOLD
2025-08-12 18:02:12 UTC,1h,IP-USDT,BTC-USDT,5.77947,119353.8,4.84230079e-05,0.70763,30,0.00710791,0.0402083,0.0229975,1.11495e+07,0,0,0.625,465,4,0,HOLD
2025-08-12 18:02:12 UTC,1h,JASMY-USDT,BTC-USDT,0.018238,119353.8,1.528061947e-07,1.04106,30,0.0654904,0.0932087,0.0243213,5.3689e+06,0,0,0.625,465,4,0,HOLD
2025-08-12 18:02:12 UTC,1h,JOE-USDT,BTC-USDT,0.16588,119353.8,1.389817501e-06,1.35872,30,0.0355203,0.0612245,0.0139903,1.90872e+06,0,0,0.625,465,4,0,HOLD
2025-08-12 18:02:12 UTC,1h,JST-USDT,BTC-USDT,0.033829,119353.8,2.834346288e-07,1.43443,30,0.00693535,0.00750514,0.00600077,1.87949e+06,0,0,0.625,465,4,0,HOLD
2025-08-12 18:02:12 UTC,1h,JTO-USDT,BTC-USDT,1.9057,119353.8,1.596681463e-05,1.66811,30,0.0579581,0.0773971,0.0146365,5.03822e+06,0,0,0.625,465,4,0,HOLD
2025-08-12 18:02:12 UTC,1h,JUP-USDT,BTC-USDT,0.5262,119353.8,4.408741071e-06,1.28344,30,0.0421866,0.0673428,0.0157735,1.20861e+07,0,0,0.625,465,4,0,HOLD
2025-08-12 18:02:12 UTC,1h,KAIA-USDT,BTC-USDT,0.1501,119353.8,1.257605539e-06,1.39952,30,0.0148749,0.0252732,0.0111354,6.48415e+06,0,0,0.625,465,4,0,HOLD
2025-08-12 18:02:12 UTC,1h,KAITO-USDT,BTC-USDT,1.1965,119353.8,1.002481697e-05,0.574364,30,0.0491013,0.0635556,0.0173124,6.80779e+06,0,0,0.625,465,4,0,HOLD
2025-08-12 18:02:12 UTC,1h,KAS-USDT,BTC-USDT,0.0926,119353.8,7.758445898e-07,1.50328,30,0.0352152,0.0450288,0.0151265,7.62958e+06,0,0,0.625,465,4,0,HOLD
2025-08-12 18:02:12 UTC,1h,KAVA-USDT,BTC-USDT,0.3852,119353.8,3.227379438e-06,1.50219,30,0.013151,0.0212089,0.00593384,2.10817e+06,0,0,0.625,465,4,0,HOLD
2025-08-12 18:02:12 UTC,1h,KDA-USDT,BTC-USDT,0.4321,119353.8,3.620328804e-06,1.42937,30,0.0344745,0.0661239,0.0153404,2.01964e+06,0,0,0.625,465,4,0,HOLD
2025-08-12 18:02:12 UTC,1h,KERNEL-USDT,BTC-USDT,0.2043,119353.8,1.711717599e-06,1.58991,30,0.0292191,0.0482299,0.0166072,6.53677e+06,0,0,0.625,465,4,0,HOLD
2025-08-12 18:02:12 UTC,1h,KMNO-USDT,BTC-USDT,0.05501,119353.8,4.608986057e-07,1.28918,30,0.0432391,0.064641,0.0142442,393480,0,0,0.625,465,4,0,HOLD
2025-08-12 18:02:12 UTC,1h,KNC-USDT,BTC-USDT,0.4278,119353.8,3.584301463e-06,1.3799,30,0.0168766,0.0308434,0.0124891,2.11814e+06,0,0,0.625,465,4,0,HOLD
2025-08-12 18:02:12 UTC,1h,KOMA-USDT,BTC-USDT,0.02448,119353.8,2.051044877e-07,0.714291,30,0.0187266,0.0208507,0.0101832,1.87952e+06,0,0,0.625,465,4,0,HOLD
2025-08-12 18:02:12 UTC,1h,KSM-USDT,BTC-USDT,15.675,119353.8,0.000131332224,1.06974,30,0.0328128,0.0560534,0.0137343,2.97571e+06,0,0,0.625,465,4,0,HOLD
2025-08-12 18:02:12 UTC,1h,LA-USDT,BTC-USDT,0.4057,119353.8,3.39913769e-06,-0.341042,30,-0.00490557,0.14121,0.0431353,1.19405e+07,0,0,0.625,465,4,0,EXIT_ZONE
2025-08-12 18:02:12 UTC,1h,LAUNCHCOIN-USDT,BTC-USDT,0.07189,119353.8,6.023268635e-07,1.47654,30,0.0346862,0.0712263,0.0220575,6.47593e+06,0,0,0.625,465,4,0,HOLD
2025-08-12 18:02:12 UTC,1h,LAYER-USDT,BTC-USDT,0.6323,119353.8,5.297694753e-06,1.40096,30,0.0284645,0.0358781,0.010551,6.35698e+06,0,0,0.625,465,4,0,HOLD
2025-08-12 18:02:12 UTC,1h,LDO-USDT,BTC-USDT,1.5586,119353.8,1.305865419e-05,0.441928,30,0.0104376,0.0443581,0.0320801,3.37933e+07,0,0,0.625,465,4,0,EXIT_ZONE
2025-08-12 18:02:12 UTC,1h,LINK-USDT,BTC-USDT,23.625,119353.8,0.0001979409118,0.623843,30,0.057899,0.102272,0.0207377,8.04822e+07,0,0,0.625,465,4,0,HOLD
2025-08-12 18:02:12 UTC,1h,LISTA-USDT,BTC-USDT,0.3096,119353.8,2.59396852e-06,0.949435,30,0.0120955,0.0606372,0.0208333,4.53867e+06,0,0,0.625,465,4,0,HOLD
2025-08-12 18:02:12 UTC,1h,LPT-USDT,BTC-USDT,6.797,119353.8,5.694833344e-05,1.08063,30,0.0372349,0.0577342,0.0149331,2.29672e+06,0,0,0.625,465,4,0,HOLD
2025-08-12 18:02:12 UTC,1h,LQTY-USDT,BTC-USDT,1.0363,119353.8,8.682589076e-06,0.684752,30,0.0142899,0.0263445,0.0173626,969324,0,0,0.625,465,4,0,HOLD
2025-08-12 18:02:12 UTC,1h,LRC-USDT,BTC-USDT,0.09166,119353.8,7.679688456e-07,1.24744,30,0.0533211,0.0834515,0.0150011,480674,0,0,0.625,465,4,0,HOLD
2025-08-12 18:02:12 UTC,1h,LTC-USDT,BTC-USDT,125.01,119353.8,0.001047390196,1.2358,30,0.0310953,0.0512993,0.0114619,4.24268e+07,0,0,0.625,465,4,0,HOLD
2025-08-12 18:02:12 UTC,1h,LUMIA-USDT,BTC-USDT,0.3448,119353.8,2.888890006e-06,0.167567,30,0.00583431,0.044532,0.0203016,632974,0,0,0.625,465,4,0,EXIT_ZONE
2025-08-12 18:02:12 UTC,1h,LUNA-USDT,BTC-USDT,0.1654,119353.8,1.385795844e-06,0.532169,30,0.0241486,0.0441919,0.0147694,1.9976e+06,0,0,0.625,465,4,0,HOLD
2025-08-12 18:02:12 UTC,1h,LUNC-USDT,BTC-USDT,6.249e-05,119353.8,5.235694213e-10,0.865272,30,0.0195791,0.0313583,0.0110075,1.1499e+06,0,0,0.625,465,4,0,HOLD
2025-08-12 18:02:12 UTC,1h,M-USDT,BTC-USDT,0.439,119353.8,3.678140118e-06,-1.02952,30,-0.0287611,-0.0427388,0.0197039,7.46103e+06,0,0,0.625,465,4,0,HOLD
2025-08-12 18:02:12 UTC,1h,MAGIC-USDT,BTC-USDT,0.2694,119353.8,2.257154778e-06,0.259239,30,-0.00627075,0.038951,0.0301464,1.16827e+07,0,0,0.625,465,4,0,EXIT_ZONE
2025-08-12 18:02:12 UTC,1h,MANA-USDT,BTC-USDT,0.3068,119353.8,2.570508857e-06,1.30232,30,0.0316073,0.0521262,0.0135733,2.3242e+06,0,0,0.625,465,4,0,HOLD
2025-08-12 18:02:12 UTC,1h,MANTA-USDT,BTC-USDT,0.235,119353.8,1.968936054e-06,0.970828,30,0.0297984,0.0701275,0.0191793,1.04994e+06,0,0,0.625,465,4,0,HOLD
2025-08-12 18:02:12 UTC,1h,MASK-USDT,BTC-USDT,1.3423,119353.8,1.124639517e-05,0.98259,30,0.0320621,0.0511355,0.0142187,2.22889e+06,0,0,0.625,465,4,0,HOLD
2025-08-12 18:02:12 UTC,1h,MAV-USDT,BTC-USDT,0.06125,119353.8,5.131801417e-07,0.815588,30,0.00114416,0.155007,0.0441983,4.46448e+06,0,0,0.625,465,4,0,HOLD
2025-08-12 18:02:12 UTC,1h,MAVIA-USDT,BTC-USDT,0.1966,119353.8,1.647203524e-06,1.76227,30,0.0331056,0.0552872,0.0281572,7.84245e+06,0,0,0.625,465,4,0,HOLD
2025-08-12 18:02:12 UTC,1h,MBOX-USDT,BTC-USDT,0.06136,119353.8,5.141017714e-07,0.753502,30,0.0446033,0.0885223,0.0193355,767094,0,0,0.625,465,4,0,HOLD
2025-08-12 18:02:12 UTC,1h,ME-USDT,BTC-USDT,0.7427,119353.8,6.222675776e-06,1.00259,30,0.0169793,0.0329624,0.0117333,744648,0,0,0.625,465,4,0,HOLD
2025-08-12 18:02:12 UTC,1h,MELANIA-USDT,BTC-USDT,0.2256,119353.8,1.890178612e-06,1.14964,30,0.0334402,0.0551918,0.0150709,770594,0,0,0.625,465,4,0,HOLD
2025-08-12 18:02:12 UTC,1h,MEME-USDT,BTC-USDT,0.001791,119353.8,1.500580627e-08,1.09013,30,0.0234286,0.0553919,0.0167105,2.23842e+06,0,0,0.625,465,4,0,HOLD
2025-08-12 18:02:12 UTC,1h,MERL-USDT,BTC-USDT,0.11681,119353.8,9.786868956e-07,1.25325,30,0.0317993,0.042481,0.0123033,6.25036e+06,0,0,0.625,465,4,0,HOLD
2025-08-12 18:02:12 UTC,1h,METAX-USDT,BTC-USDT,790.3,119353.8,0.006621490057,0.837359,30,0.0212046,0.0291169,0.00766617,6.23524e+06,0,0,0.625,465,4,0,HOLD
2025-08-12 18:02:12 UTC,1h,METIS-USDT,BTC-USDT,18.23,119353.8,0.0001527391671,-0.00933767,30,0.00275028,0.0405251,0.020257,2.08221e+06,0,0,0.625,465,4,0,EXIT_ZONE
2025-08-12 18:02:12 UTC,1h,MEW-USDT,BTC-USDT,0.003277,119353.8,2.745618489e-08,1.23391,30,0.0373536,0.0677745,0.0168272,3.28913e+06,0,0,0.625,465,4,0,HOLD
2025-08-12 18:02:12 UTC,1h,MILK-USDT,BTC-USDT,0.05265,119353.8,4.411254606e-07,1.57684,30,0.0107506,0.0215367,0.0131461,6.27125e+06,0,0,0.625,465,4,0,HOLD
2025-08-12 18:02:12 UTC,1h,MINA-USDT,BTC-USDT,0.1989,119353.8,1.666473962e-06,1.25891,30,0.039185,0.0664879,0.0149752,2.07539e+06,0,0,0.625,465,4,0,HOLD
2025-08-12 18:02:12 UTC,1h,MKR-USDT,BTC-USDT,2025.1,119353.8,0.01696720171,1.18921,30,0.0177405,0.00168175,0.0127895,7.48154e+06,0,0,0.625,465,4,0,HOLD
2025-08-12 18:02:12 UTC,1h,MLN-USDT,BTC-USDT,9.37,119353.8,7.850608862e-05,2.01529,30,0.125526,0.13755,0.0210398,6.45846e+06,0,0,0.625,465,4,0,OPEN_SHORT
2025-08-12 18:02:12 UTC,1h,MNT-USDT,BTC-USDT,1.0332,119353.8,8.656615876e-06,1.66801,30,0.0127823,0.0156596,0.019553,7.15607e+06,0,0,0.625,465,4,0,HOLD
2025-08-12 18:02:12 UTC,1h,MOODENG-USDT,BTC-USDT,0.17897,119353.8,1.499491428e-06,0.915725,30,0.0136498,0.0149144,0.0199116,1.01814e+07,0,0,0.625,465,4,0,HOLD
2025-08-12 18:02:12 UTC,1h,MORPHO-USDT,BTC-USDT,2.1674,119353.8,1.815945533e-05,0.997553,30,0.0257454,0.0392213,0.0164153,728352,0,0,0.625,465,4,0,HOLD
2025-08-12 18:02:12 UTC,1h,MOVE-USDT,BTC-USDT,0.1421,119353.8,1.190577929e-06,0.846066,30,0.0267341,0.0425532,0.0132201,6.8382e+06,0,0,0.625,465,4,0,HOLD
2025-08-12 18:02:12 UTC,1h,MOVR-USDT,BTC-USDT,6.789,119353.8,5.688130583e-05,1.42431,30,0.0137375,0.0311361,0.0145614,1.93635e+06,0,0,0.625,465,4,0,HOLD
2025-08-12 18:02:12 UTC,1h,MTL-USDT,BTC-USDT,0.7706,119353.8,6.456434567e-06,1.10917,30,0.0298009,0.0465843,0.0110489,533159,0,0,0.625,465,4,0,HOLD
2025-08-12 18:02:12 UTC,1h,MUBARAK-USDT,BTC-USDT,0.03788,119353.8,3.17375735e-07,0.442937,30,0.0409453,0.0761364,0.0184794,2.39359e+06,0,0,0.625,465,4,0,EXIT_ZONE
2025-08-12 18:02:12 UTC,1h,MYRO-USDT,BTC-USDT,0.02711,119353.8,2.271398146e-07,0.82231,30,0.0643895,0.0822355,0.0378616,4.8238e+06,0,0,0.625,465,4,0,HOLD
2025-08-12 18:02:12 UTC,1h,MYX-USDT,BTC-USDT,1.6823,119353.8,1.409506861e-05,-0.323368,30,-0.00787309,0.0290933,0.0245289,1.3681e+07,0,0,0.625,465,4,0,EXIT_ZONE
2025-08-12 18:02:12 UTC,1h,NAORIS-USDT,BTC-USDT,0.03114,119353.8,2.609049733e-07,1.41336,30,0.0176471,0.0304434,0.0250482,6.55184e+06,0,0,0.625,465,4,0,HOLD
2025-08-12 18:02:12 UTC,1h,NEAR-USDT,BTC-USDT,2.7445,119353.8,2.299465958e-05,1.02209,30,0.0287117,0.0519356,0.0145304,1.28967e+07,0,0,0.625,465,4,0,HOLD
2025-08-12 18:02:12 UTC,1h,NEIROCTO-USDT,BTC-USDT,0.0004259,119353.8,3.568382406e-09,1.00091,30,0.0510859,0.0790474,0.0192533,6.89645e+06,0,0,0.625,465,4,0,HOLD
2025-08-12 18:02:12 UTC,1h,NEIROETH-USDT,BTC-USDT,0.12065,119353.8,1.010860149e-06,-0.834008,30,-0.0303785,-0.042992,0.0211414,1.29778e+06,0,0,0.625,465,4,0,HOLD
2025-08-12 18:02:12 UTC,1h,NEO-USDT,BTC-USDT,6.534,119353.8,5.474480075e-05,1.26343,30,0.0233359,0.0528521,0.0139927,2.89029e+06,0,0,0.625,465,4,0,HOLD
2025-08-12 18:02:12 UTC,1h,NEWT-USDT,BTC-USDT,0.348,119353.8,2.91570105e-06,1.08921,30,0.0250368,0.0314167,0.0153941,6.4597e+06,0,0,0.625,465,4,0,HOLD
2025-08-12 18:02:12 UTC,1h,NFP-USDT,BTC-USDT,0.07374,119353.8,6.178269984e-07,1.05749,30,0.035238,0.0718023,0.0186466,558601,0,0,0.625,465,4,0,HOLD
2025-08-12 18:02:12 UTC,1h,NIL-USDT,BTC-USDT,0.3118,119353.8,2.612401113e-06,0.389173,30,0.02196,0.0424607,0.0171126,6.26861e+06,0,0,0.625,465,4,0,EXIT_ZONE
2025-08-12 18:02:12 UTC,1h,NMR-USDT,BTC-USDT,9.054,119353.8,7.585849801e-05,1.45409,30,0.0346246,0.0636748,0.0133248,4.26756e+06,0,0,0.625,465,4,0,HOLD
2025-08-12 18:02:12 UTC,1h,NOT-USDT,BTC-USDT,0.002187,119353.8,1.832367298e-08,-0.20185,30,0.00597976,0.0167364,0.0168202,5.47146e+06,0,0,0.625,465,4,0,EXIT_ZONE
2025-08-12 18:02:12 UTC,1h,NTRN-USDT,BTC-USDT,0.09609,119353.8,8.050853848e-07,1.39768,30,0.0763974,0.102961,0.0227391,2.15385e+06,0,0,0.625,465,4,0,HOLD
2025-08-12 18:02:12 UTC,1h,NVDAX-USDT,BTC-USDT,182.69,119353.8,0.001530659267,0.735194,30,-0.00332788,0.00616842,0.00593902,6.22518e+06,0,0,0.625,465,4,0,HOLD
2025-08-12 18:02:12 UTC,1h,NXPC-USDT,BTC-USDT,0.92363,119353.8,7.738588968e-06,1.28356,30,0.0223705,0.031332,0.00971632,6.38361e+06,0,0,0.625,465,4,0,HOLD
2025-08-12 18:02:12 UTC,1h,OBOL-USDT,BTC-USDT,0.134,119353.8,1.122712473e-06,1.29612,30,0.0229008,0.0342698,0.0178838,6.32915e+06,0,0,0.625,465,4,0,HOLD
2025-08-12 18:02:12 UTC,1h,OG-USDT,BTC-USDT,13.2906,119353.8,0.0001113546448,-0.537641,30,-0.00246183,0.00520353,0.0349226,8.64022e+06,0,0,0.625,465,4,0,HOLD
2025-08-12 18:02:12 UTC,1h,OL-USDT,BTC-USDT,0.04131,119353.8,3.461138229e-07,0.11417,30,0.000726744,0.00928414,0.0258153,1.73105e+06,0,0,0.625,465,4,0,EXIT_ZONE
2025-08-12 18:02:12 UTC,1h,OM-USDT,BTC-USDT,0.27636,119353.8,2.315468799e-06,0.87717,30,0.0313095,0.0575944,0.015133,8.66603e+06,0,0,0.625,465,4,0,HOLD
2025-08-12 18:02:12 UTC,1h,OMNINETWORK-USDT,BTC-USDT,4.326,119353.8,3.62451803e-05,1.25435,30,0.00909727,0.00956826,0.0157684,1.41566e+06,0,0,0.625,465,4,0,HOLD
2025-08-12 18:02:12 UTC,1h,ONDO-USDT,BTC-USDT,1.0513,119353.8,8.808265845e-06,0.91473,30,0.038321,0.0687201,0.0159123,1.93676e+07,0,0,0.625,465,4,0,HOLD
2025-08-12 18:02:12 UTC,1h,ONE-USDT,BTC-USDT,0.01125,119353.8,9.425757705e-08,1.14211,30,0.0368664,0.0663507,0.015619,2.00153e+06,0,0,0.625,465,4,0,HOLD
2025-08-12 18:02:12 UTC,1h,ONG-USDT,BTC-USDT,0.17913,119353.8,1.50083198e-06,1.37814,30,0.0240681,0.035673,0.0105111,264876,0,0,0.625,465,4,0,HOLD
2025-08-12 18:02:12 UTC,1h,ONT-USDT,BTC-USDT,0.1433,119353.8,1.20063207e-06,1.25028,30,0.0339105,0.0475146,0.0132091,1.87529e+06,0,0,0.625,465,4,0,HOLD
2025-08-12 18:02:12 UTC,1h,OP-USDT,BTC-USDT,0.781,119353.8,6.54357046e-06,1.00323,30,0.0140223,0.0434202,0.0164624,1.47595e+07,0,0,0.625,465,4,0,HOLD
2025-08-12 18:02:12 UTC,1h,ORCA-USDT,BTC-USDT,2.589,119353.8,2.16918104e-05,1.05019,30,0.0213018,-0.0350354,0.0210506,7.21614e+06,0,0,0.625,465,4,0,HOLD
2025-08-12 18:02:12 UTC,1h,ORDER-USDT,BTC-USDT,0.1227,119353.8,1.028035974e-06,1.17291,30,0.004914,0.055938,0.0175806,433710,0,0,0.625,465,4,0,HOLD
2025-08-12 18:02:12 UTC,1h,ORDI-USDT,BTC-USDT,10.121,119353.8,8.479830554e-05,1.03489,30,0.0286614,0.0596796,0.0182859,7.20641e+06,0,0,0.625,465,4,0,HOLD
2025-08-12 18:02:12 UTC,1h,OXT-USDT,BTC-USDT,0.05696,119353.8,4.772365857e-07,1.5443,30,0.0399854,0.0447542,0.0111106,1.8928e+06,0,0,0.625,465,4,0,HOLD
2025-08-12 18:02:12 UTC,1h,PARTI-USDT,BTC-USDT,0.1971,119353.8,1.65139275e-06,1.02457,30,0.0434092,0.08,0.0201493,6.42722e+06,0,0,0.625,465,4,0,HOLD
2025-08-12 18:02:12 UTC,1h,PAXG-USDT,BTC-USDT,3343.98,119353.8,0.02801737356,0.103962,30,-0.0011679,0.000520609,0.00259186,6.95546e+06,0,0,0.625,465,4,0,EXIT_ZONE
2025-08-12 18:02:12 UTC,1h,PENDLE-USDT,BTC-USDT,5.6458,119353.8,4.730306031e-05,1.06709,30,0.029936,0.0441457,0.0181184,1.37083e+07,0,0,0.625,465,4,0,HOLD
2025-08-12 18:02:12 UTC,1h,PENGU-USDT,BTC-USDT,0.036802,119353.8,3.083437645e-07,0.536982,30,0.0145279,0.0344324,0.0197971,2.80462e+07,0,0,0.625,465,4,0,HOLD
2025-08-12 18:02:12 UTC,1h,PEOPLE-USDT,BTC-USDT,0.02028,119353.8,1.699149922e-07,1.10802,30,0.0389344,0.0798722,0.0185968,5.93515e+06,0,0,0.625,465,4,0,HOLD
2025-08-12 18:02:12 UTC,1h,PERP-USDT,BTC-USDT,0.2938,119353.8,2.46158899e-06,1.25657,30,0.04,0.0560748,0.0153652,1.9939e+06,0,0,0.625,465,4,0,HOLD
2025-08-12 18:02:12 UTC,1h,PHA-USDT,BTC-USDT,0.11129,119353.8,9.324378445e-07,1.25505,30,0.0328538,0.0557822,0.0140495,415222,0,0,0.625,465,4,0,HOLD
2025-08-12 18:02:12 UTC,1h,PHB-USDT,BTC-USDT,0.6024,119353.8,5.047179059e-06,0.855997,30,0.0180835,0.0518596,0.01762,2.01626e+06,0,0,0.625,465,4,0,HOLD
2025-08-12 18:02:12 UTC,1h,PI-USDT,BTC-USDT,0.3867,119353.8,3.239947115e-06,1.37996,30,0.00624512,0.0083442,0.013207,8.81762e+06,0,0,0.625,465,4,0,HOLD
2025-08-12 18:02:12 UTC,1h,PIXEL-USDT,BTC-USDT,0.03624,119353.8,3.036350749e-07,1.03653,30,0.0330673,0.0674521,0.0182316,425662,0,0,0.625,465,4,0,HOLD
2025-08-12 18:02:12 UTC,1h,PLAYSOUT-USDT,BTC-USDT,0.04637,119353.8,3.885087865e-07,-1.31517,30,-0.0525133,-0.0429309,0.0427924,6.74517e+06,0,0,0.625,465,4,0,HOLD
2025-08-12 18:02:12 UTC,1h,PLUME-USDT,BTC-USDT,0.09878,119353.8,8.276234188e-07,1.67567,30,0.0379321,0.0820462,0.0179403,6.44782e+06,0,0,0.625,465,4,0,HOLD
2025-08-12 18:02:12 UTC,1h,PNUT-USDT,BTC-USDT,0.25211,119353.8,2.112291356e-06,0.928922,30,0.0362956,0.0649235,0.0164327,8.36565e+06,0,0,0.625,465,4,0,HOLD
2025-08-12 18:02:12 UTC,1h,POL-USDT,BTC-USDT,0.24528,119353.8,2.055066533e-06,1.36477,30,0.0193666,0.041396,0.0134802,7.50253e+06,0,0,0.625,465,4,0,HOLD
2025-08-12 18:02:12 UTC,1h,POLYX-USDT,BTC-USDT,0.14615,119353.8,1.224510657e-06,1.22669,30,0.030677,0.0437795,0.0107277,1.90119e+06,0,0,0.625,465,4,0,HOLD
2025-08-12 18:02:12 UTC,1h,PONKE-USDT,BTC-USDT,0.11973,119353.8,1.003151973e-06,1.28801,30,0.0408589,0.0703558,0.0187684,6.29906e+06,0,0,0.625,465,4,0,HOLD
2025-08-12 18:02:12 UTC,1h,POPCAT-USDT,BTC-USDT,0.3274,119353.8,2.743104954e-06,1.26953,30,0.0480154,0.0737947,0.0188062,9.44379e+06,0,0,0.625,465,4,0,HOLD
2025-08-12 18:02:12 UTC,1h,PORT3-USDT,BTC-USDT,0.04522,119353.8,3.788735675e-07,0.95117,30,0.0235401,-0.0180239,0.0324288,1.00314e+07,0,0,0.625,465,4,0,HOLD
2025-08-12 18:02:12 UTC,1h,PORTAL-USDT,BTC-USDT,0.05066,119353.8,4.244523425e-07,0.765079,30,0.0244692,0.0391795,0.0203316,790271,0,0,0.625,465,4,0,HOLD
2025-08-12 18:02:12 UTC,1h,POWR-USDT,BTC-USDT,0.1782,119353.8,1.493040021e-06,1.50285,30,0.0336427,0.0488523,0.0113837,1.88895e+06,0,0,0.625,465,4,0,HOLD
2025-08-12 18:02:12 UTC,1h,PRCL-USDT,BTC-USDT,0.0911,119353.8,7.632769128e-07,0.80354,30,0.0213004,0.0605355,0.018112,6.26096e+06,0,0,0.625,465,4,0,HOLD
2025-08-12 18:02:12 UTC,1h,PROM-USDT,BTC-USDT,9.875,119353.8,8.273720652e-05,-1.69953,30,-0.0374305,-0.0127962,0.0273852,5.82919e+06,0,0,0.625,465,4,0,HOLD
2025-08-12 18:02:12 UTC,1h,PROMPT-USDT,BTC-USDT,0.12531,119353.8,1.049903732e-06,0.49606,30,0.0122789,0.0275523,0.0161656,6.34734e+06,0,0,0.625,465,4,0,EXIT_ZONE
2025-08-12 18:02:12 UTC,1h,PROVE-USDT,BTC-USDT,1.4323,119353.8,1.200045579e-05,-0.872768,30,-0.0741435,-0.139605,0.0400006,4.65522e+07,0,0,0.625,465,4,0,HOLD
2025-08-12 18:02:12 UTC,1h,PUFFER-USDT,BTC-USDT,0.2351,119353.8,1.969773899e-06,0.506853,30,0.0311404,0.0909513,0.022574,640946,0,0,0.625,465,4,0,HOLD
2025-08-12 18:02:12 UTC,1h,PUMP-USDT,BTC-USDT,0.00399,119353.8,3.343002066e-08,1.57937,30,0.0815939,0.111111,0.0276763,4.62949e+07,0,0,0.625,465,4,0,HOLD
2025-08-12 18:02:12 UTC,1h,PUMPBTC-USDT,BTC-USDT,0.04292,119353.8,3.596031295e-07,1.21621,30,0.0342169,0.034965,0.0179903,3.19656e+06,0,0,0.625,465,4,0,HOLD
2025-08-12 18:02:12 UTC,1h,PUNDIX-USDT,BTC-USDT,0.3184,119353.8,2.667698892e-06,1.43366,30,0.0237942,0.0364583,0.0118898,6.22172e+06,0,0,0.625,465,4,0,HOLD
2025-08-12 18:02:12 UTC,1h,PYTH-USDT,BTC-USDT,0.12811,119353.8,1.073363395e-06,1.29708,30,0.0373279,0.0668721,0.0162862,2.34914e+06,0,0,0.625,465,4,0,HOLD
2025-08-12 18:02:12 UTC,1h,QNT-USDT,BTC-USDT,114.52,119353.8,0.0009595002421,1.24989,30,0.0194054,0.0407125,0.00929969,2.39513e+06,0,0,0.625,465,4,0,HOLD
2025-08-12 18:02:12 UTC,1h,QUICK-USDT,BTC-USDT,0.02471,119353.8,2.070315315e-07,1.66188,30,0.0377992,0.0582441,0.0145112,1.88197e+06,0,0,0.625,465,4,0,HOLD
2025-08-12 18:02:12 UTC,1h,RARE-USDT,BTC-USDT,0.06034,119353.8,5.055557511e-07,1.04816,30,0.019429,0.0389118,0.0128439,9.33107e+06,0,0,0.625,465,4,0,HOLD
2025-08-12 18:02:12 UTC,1h,RATS-USDT,BTC-USDT,1.709e-05,119353.8,1.431877326e-10,0.731393,30,0.0338778,0.0503995,0.0159659,2.96525e+06,0,0,0.625,465,4,0,HOLD
2025-08-12 18:02:12 UTC,1h,RAY-USDT,BTC-USDT,3.2756,119353.8,2.744445506e-05,1.23452,30,0.0424875,0.0649587,0.0178942,1.98408e+06,0,0,0.625,465,4,0,HOLD
2025-08-12 18:02:12 UTC,1h,RDO-USDT,BTC-USDT,0.000878,119353.8,7.356280236e-09,0.956907,30,0.111392,0.207703,0.0404328,1.29308e+06,0,0,0.625,465,4,0,HOLD
2025-08-12 18:02:12 UTC,1h,REDSTONE-USDT,BTC-USDT,0.42,119353.8,3.518949543e-06,-0.522853,30,0.00406407,0.0176884,0.0184694,6.28223e+06,0,0,0.625,465,4,0,HOLD
2025-08-12 18:02:12 UTC,1h,RENDER-USDT,BTC-USDT,3.993,119353.8,3.345515602e-05,1.25179,30,0.0374123,0.0670764,0.01508,5.68502e+06,0,0,0.625,465,4,0,HOLD
2025-08-12 18:02:12 UTC,1h,RESOLV-USDT,BTC-USDT,0.18824,119353.8,1.577159671e-06,1.02305,30,0.00846459,0.0300974,0.0204944,7.3373e+06,0,0,0.625,465,4,0,HOLD
2025-08-12 18:02:12 UTC,1h,REX-USDT,BTC-USDT,0.02014,119353.8,1.687420091e-07,-0.0512801,30,-0.000992063,-0.01804,0.0299688,6.6863e+06,0,0,0.625,465,4,0,EXIT_ZONE
2025-08-12 18:02:12 UTC,1h,REZ-USDT,BTC-USDT,0.01479,119353.8,1.239172946e-07,0.289391,30,0.0130137,0.0725163,0.0251618,6.57979e+06,0,0,0.625,465,4,0,EXIT_ZONE
2025-08-12 18:02:12 UTC,1h,RFC-USDT,BTC-USDT,0.00796,119353.8,6.66924723e-08,-0.622492,30,-0.022113,-0.005,0.0156138,294289,0,0,0.625,465,4,0,HOLD
2025-08-12 18:02:12 UTC,1h,RHEA-USDT,BTC-USDT,0.06728,119353.8,5.63702203e-07,0.747083,30,0.0163142,-0.0108792,0.0322427,6.36384e+06,0,0,0.625,465,4,0,HOLD
2025-08-12 18:02:12 UTC,1h,RLC-USDT,BTC-USDT,1.0269,119353.8,8.603831633e-06,0.987258,30,0.0497853,0.0700219,0.0166521,363704,0,0,0.625,465,4,0,HOLD
2025-08-12 18:02:12 UTC,1h,ROAM-USDT,BTC-USDT,0.0828,119353.8,6.937357671e-07,1.63942,30,0.0197044,0.0234858,0.010697,403850,0,0,0.625,465,4,0,HOLD
2025-08-12 18:02:12 UTC,1h,ROSE-USDT,BTC-USDT,0.02867,119353.8,2.402101986e-07,0.934254,30,0.0275986,0.0524963,0.0159948,2.26007e+06,0,0,0.625,465,4,0,HOLD
2025-08-12 18:02:12 UTC,1h,RPL-USDT,BTC-USDT,8.627,119353.8,7.228089931e-05,0.434592,30,0.00582954,0.0678302,0.0239944,6.46035e+06,0,0,0.625,465,4,0,EXIT_ZONE
2025-08-12 18:02:12 UTC,1h,RSR-USDT,BTC-USDT,0.009518,119353.8,7.974609941e-08,0.146043,30,0.0223416,0.0552106,0.0216207,2.52469e+06,0,0,0.625,465,4,0,EXIT_ZONE
2025-08-12 18:02:12 UTC,1h,RUNE-USDT,BTC-USDT,1.451,119353.8,1.215713283e-05,0.902687,30,0.0401434,0.0575802,0.0153589,5.93408e+06,0,0,0.625,465,4,0,HOLD
2025-08-12 18:02:12 UTC,1h,RVN-USDT,BTC-USDT,0.01445,119353.8,1.210686212e-07,0.898574,30,0.0262784,0.0486212,0.0142857,738044,0,0,0.625,465,4,0,HOLD
2025-08-12 18:02:12 UTC,1h,S-USDT,BTC-USDT,0.3113,119353.8,2.608211888e-06,0.808704,30,0.0203212,0.0400936,0.0161764,7.04514e+06,0,0,0.625,465,4,0,HOLD
2025-08-12 18:02:12 UTC,1h,SAFE-USDT,BTC-USDT,0.4499,119353.8,3.769465237e-06,1.13141,30,0.0274035,0.0411942,0.0125742,6.25627e+06,0,0,0.625,465,4,0,HOLD
2025-08-12 18:02:12 UTC,1h,SAGA-USDT,BTC-USDT,0.2755,119353.8,2.308263331e-06,0.972191,30,0.0264531,0.0690726,0.0200415,3.4687e+06,0,0,0.625,465,4,0,HOLD
2025-08-12 18:02:12 UTC,1h,SAHARA-USDT,BTC-USDT,0.09489,119353.8,7.950312432e-07,0.0593229,30,0.00433954,0.0162793,0.016425,8.41002e+06,0,0,0.625,465,4,0,EXIT_ZONE
2025-08-12 18:02:12 UTC,1h,SAND-USDT,BTC-USDT,0.29765,119353.8,2.493846028e-06,1.29403,30,0.0323957,0.0543374,0.0128891,2.8653e+06,0,0,0.625,465,4,0,HOLD
2025-08-12 18:02:12 UTC,1h,SANTOS-USDT,BTC-USDT,2.841,119353.8,2.380318012e-05,0.932329,30,0.00282386,-0.0504679,0.0244884,6.63608e+06,0,0,0.625,465,4,0,HOLD
2025-08-12 18:02:12 UTC,1h,SCR-USDT,BTC-USDT,0.3523,119353.8,2.951728391e-06,-0.736304,30,0.00427594,0.106817,0.0376708,2.72831e+06,0,0,0.625,465,4,0,HOLD
2025-08-12 18:02:12 UTC,1h,SEI-USDT,BTC-USDT,0.3198,119353.8,2.679428724e-06,1.36311,30,0.0256575,0.0512821,0.0166175,1.43191e+07,0,0,0.625,465,4,0,HOLD
2025-08-12 18:02:12 UTC,1h,SERAPH-USDT,BTC-USDT,0.15174,119353.8,1.271346199e-06,1.28204,30,0.0145083,0.00131978,0.010389,394569,0,0,0.625,465,4,0,HOLD
2025-08-12 18:02:12 UTC,1h,SFP-USDT,BTC-USDT,0.5199,119353.8,4.355956828e-06,1.29547,30,0.0375175,0.045866,0.0104278,518327,0,0,0.625,465,4,0,HOLD
2025-08-12 18:02:12 UTC,1h,SHELL-USDT,BTC-USDT,0.1747,119353.8,1.463715441e-06,0.498857,30,-0.00171429,0.0392623,0.0290702,6.3684e+06,0,0,0.625,465,4,0,EXIT_ZONE
2025-08-12 18:02:12 UTC,1h,SHIB-USDT,BTC-USDT,1.3484e-05,119353.8,1.129750372e-10,1.2168,30,0.0263358,0.0420402,0.0128724,9.22875e+06,0,0,0.625,465,4,0,HOLD
2025-08-12 18:02:12 UTC,1h,SIDEKICK-USDT,BTC-USDT,0.2118,119353.8,1.774555984e-06,-1.72898,30,-0.0544643,-0.0315501,0.0487994,6.64057e+06,0,0,0.625,465,4,0,HOLD
2025-08-12 18:02:12 UTC,1h,SIGN-USDT,BTC-USDT,0.06991,119353.8,5.857375299e-07,1.29856,30,0.0180574,0.0196908,0.00899115,6.29821e+06,0,0,0.625,465,4,0,HOLD
2025-08-12 18:02:12 UTC,1h,SIREN-USDT,BTC-USDT,0.09446,119353.8,7.914285092e-07,0.052747,30,0.00190921,-0.00683419,0.0204849,2.22083e+06,0,0,0.625,465,4,0,EXIT_ZONE
2025-08-12 18:02:12 UTC,1h,SKATE-USDT,BTC-USDT,0.04613,119353.8,3.864979582e-07,-1.38352,30,-0.00710288,-0.0214255,0.0162739,6.35811e+06,0,0,0.625,465,4,0,HOLD
2025-08-12 18:02:12 UTC,1h,SKL-USDT,BTC-USDT,0.02149,119353.8,1.800529183e-07,1.19982,30,0.03119,0.0503421,0.0153892,1.90779e+06,0,0,0.625,465,4,0,HOLD
2025-08-12 18:02:12 UTC,1h,SKYAI-USDT,BTC-USDT,0.06718,119353.8,5.628643579e-07,-1.61064,30,-0.0178363,-0.0132197,0.0115468,6.26908e+06,0,0,0.625,465,4,0,HOLD
2025-08-12 18:02:12 UTC,1h,SLERF-USDT,BTC-USDT,0.07939,119353.8,6.651652482e-07,1.4889,30,0.0476379,0.0698019,0.0146114,1.94601e+06,0,0,0.625,465,4,0,HOLD
2025-08-12 18:02:12 UTC,1h,SLP-USDT,BTC-USDT,0.001998,119353.8,1.674014568e-08,1.1375,30,0.0336265,0.053242,0.0156585,1.94361e+06,0,0,0.625,465,4,0,HOLD
2025-08-12 18:02:12 UTC,1h,SNT-USDT,BTC-USDT,0.02839,119353.8,2.378642322e-07,1.15231,30,0.0157424,0.0230631,0.00860464,1.88058e+06,0,0,0.625,465,4,0,HOLD
2025-08-12 18:02:12 UTC,1h,SNX-USDT,BTC-USDT,0.68,119353.8,5.69734688e-06,1.0895,30,0.0318665,0.0625,0.0141807,2.05791e+06,0,0,0.625,465,4,0,HOLD
2025-08-12 18:02:12 UTC,1h,SOL-USDT,BTC-USDT,186.08,119353.8,0.001559062217,1.37605,30,0.0465986,0.0663183,0.0117423,5.62138e+08,0,0,0.625,465,4,0,HOLD
2025-08-12 18:02:12 UTC,1h,SOLV-USDT,BTC-USDT,0.04211,119353.8,3.52816584e-07,-1.68372,30,-0.0145097,-0.0515766,0.0157241,6.28612e+06,0,0,0.625,465,4,0,HOLD
2025-08-12 18:02:12 UTC,1h,SONIC-USDT,BTC-USDT,0.2151,119353.8,1.802204873e-06,1.44428,30,0.0151015,0.0194313,0.0124527,691558,0,0,0.625,465,4,0,HOLD
2025-08-12 18:02:12 UTC,1h,SOON-USDT,BTC-USDT,0.43038,119353.8,3.605917868e-06,-0.435738,30,-0.0106207,-0.103655,0.0586541,6.7414e+07,0,0,0.625,465,4,0,EXIT_ZONE
2025-08-12 18:02:12 UTC,1h,SOPH-USDT,BTC-USDT,0.039251,119353.8,3.288625917e-07,1.06332,30,0.0361659,0.0340367,0.0151115,6.94855e+06,0,0,0.625,465,4,0,HOLD
2025-08-12 18:02:12 UTC,1h,SPK-USDT,BTC-USDT,0.10188,119353.8,8.535966178e-07,-1.18459,30,-0.011929,0.0155502,0.0200446,1.12421e+07,0,0,0.625,465,4,0,HOLD
2025-08-12 18:02:12 UTC,1h,SPX-USDT,BTC-USDT,1.8038,119353.8,1.511305044e-05,1.30152,30,0.0134277,0.0224464,0.0193916,9.29134e+06,0,0,0.625,465,4,0,HOLD
2025-08-12 18:02:12 UTC,1h,SQD-USDT,BTC-USDT,0.14503,119353.8,1.215126791e-06,0.504067,30,0.0210504,-0.0359612,0.0201978,6.28056e+06,0,0,0.625,465,4,0,HOLD
2025-08-12 18:02:12 UTC,1h,SSV-USDT,BTC-USDT,10.483,119353.8,8.783130491e-05,0.19427,30,-0.0107578,0.0451645,0.0225535,2.32982e+06,0,0,0.625,465,4,0,EXIT_ZONE
2025-08-12 18:02:12 UTC,1h,STG-USDT,BTC-USDT,0.1886,119353.8,1.580175914e-06,0.804459,30,0.025,0.0334247,0.0139373,1.30298e+06,0,0,0.625,465,4,0,HOLD
2025-08-12 18:02:12 UTC,1h,STO-USDT,BTC-USDT,0.09953,119353.8,8.339072572e-07,0.289994,30,0.0465825,0.140614,0.0310746,6.39974e+06,0,0,0.625,465,4,0,EXIT_ZONE
2025-08-12 18:02:12 UTC,1h,STORJ-USDT,BTC-USDT,0.28,119353.8,2.345966362e-06,1.38742,30,0.0297904,0.0490821,0.0127041,4.67119e+06,0,0,0.625,465,4,0,HOLD
2025-08-12 18:02:12 UTC,1h,STRK-USDT,BTC-USDT,0.1363,119353.8,1.141982911e-06,1.16852,30,0.0372907,0.0698587,0.0181323,7.21128e+06,0,0,0.625,465,4,0,HOLD
2025-08-12 18:02:12 UTC,1h,STX-USDT,BTC-USDT,0.7474,119353.8,6.262054497e-06,1.31874,30,0.0318929,0.0441464,0.0138289,1.02676e+07,0,0,0.625,465,4,0,HOLD
2025-08-12 18:02:12 UTC,1h,SUI-USDT,BTC-USDT,3.8277,119353.8,3.207019802e-05,1.10888,30,0.0236682,0.0448205,0.0126745,6.68777e+07,0,0,0.625,465,4,0,HOLD
2025-08-12 18:02:12 UTC,1h,SUN-USDT,BTC-USDT,0.022734,119353.8,1.904757117e-07,0.132584,30,0.00892025,0.0113439,0.00770086,2.26655e+06,0,0,0.625,465,4,0,EXIT_ZONE
2025-08-12 18:02:12 UTC,1h,SUPER-USDT,BTC-USDT,0.7867,119353.8,6.591327633e-06,1.44328,30,0.0254171,0.0548404,0.0144001,2.1186e+06,0,0,0.625,465,4,0,HOLD
2025-08-12 18:02:12 UTC,1h,SUSHI-USDT,BTC-USDT,0.8632,119353.8,7.232279157e-06,1.29136,30,0.0295802,0.0605726,0.0163677,3.74468e+06,0,0,0.625,465,4,0,HOLD
2025-08-12 18:02:12 UTC,1h,SWARMS-USDT,BTC-USDT,0.02533,119353.8,2.122261713e-07,-0.634333,30,-0.0166925,-0.0128605,0.0331341,9.75058e+06,0,0,0.625,465,4,0,HOLD
2025-08-12 18:02:12 UTC,1h,SWELL-USDT,BTC-USDT,0.01129,119353.8,9.45927151e-08,0.280389,30,0.0600939,0.105779,0.0313805,1.19335e+06,0,0,0.625,465,4,0,EXIT_ZONE
2025-08-12 18:02:12 UTC,1h,SXP-USDT,BTC-USDT,0.1897,119353.8,1.58939221e-06,1.4324,30,0.0281843,0.0457552,0.0114843,1.95376e+06,0,0,0.625,465,4,0,HOLD
2025-08-12 18:02:12 UTC,1h,SXT-USDT,BTC-USDT,0.0879,119353.8,7.364658687e-07,0.717296,30,0.0110421,0.0448116,0.0169673,6.24091e+06,0,0,0.625,465,4,0,HOLD
2025-08-12 18:02:12 UTC,1h,SYN-USDT,BTC-USDT,0.1454,119353.8,1.218226818e-06,0.936504,30,0.0370899,0.0691176,0.0198959,3.95518e+06,0,0,0.625,465,4,0,HOLD
2025-08-12 18:02:12 UTC,1h,SYRUP-USDT,BTC-USDT,0.47531,119353.8,3.982361684e-06,-1.26237,30,-0.00308318,0.00816612,0.0176351,6.89506e+06,0,0,0.625,465,4,0,HOLD
2025-08-12 18:02:12 UTC,1h,TA-USDT,BTC-USDT,0.06225,119353.8,5.21558593e-07,-1.18561,30,-0.0190671,-0.0395001,0.0209409,6.31265e+06,0,0,0.625,465,4,0,HOLD
2025-08-12 18:02:12 UTC,1h,TAC-USDT,BTC-USDT,0.01425,119353.8,1.193929309e-07,-0.617773,30,-0.0776699,-0.0131579,0.0438596,7.74605e+06,0,0,0.625,465,4,0,HOLD
2025-08-12 18:02:12 UTC,1h,TAG-USDT,BTC-USDT,0.0012397,119353.8,1.038676607e-08,0.8224,30,0.0318795,0.0597538,0.0313555,7.762e+06,0,0,0.625,465,4,0,HOLD
2025-08-12 18:02:12 UTC,1h,TAI-USDT,BTC-USDT,0.07288,119353.8,6.106215303e-07,0.0837967,30,0.00635184,0.0283618,0.0224047,6.28356e+06,0,0,0.625,465,4,0,EXIT_ZONE
2025-08-12 18:02:12 UTC,1h,TAIKO-USDT,BTC-USDT,0.4775,119353.8,4.000710493e-06,1.01143,30,0.0150935,0.0360165,0.0125804,6.25786e+06,0,0,0.625,465,4,0,HOLD
2025-08-12 18:02:12 UTC,1h,TANSSI-USDT,BTC-USDT,0.05727,119353.8,4.798339056e-07,0.651091,30,0.00262605,0.00104877,0.0205792,6.36064e+06,0,0,0.625,465,4,0,HOLD
2025-08-12 18:02:12 UTC,1h,TAO-USDT,BTC-USDT,384.07,119353.8,0.003217911788,1.07031,30,0.0352291,0.0603225,0.0132658,1.42237e+07,0,0,0.625,465,4,0,HOLD
2025-08-12 18:02:12 UTC,1h,THE-USDT,BTC-USDT,0.3806,119353.8,3.188838562e-06,0.715926,30,0.0228433,0.0362102,0.0165903,6.3675e+06,0,0,0.625,465,4,0,HOLD
2025-08-12 18:02:12 UTC,1h,THETA-USDT,BTC-USDT,0.8812,119353.8,7.38309128e-06,1.1719,30,0.0398867,0.0546978,0.0162279,3.03834e+06,0,0,0.625,465,4,0,HOLD
2025-08-12 18:02:12 UTC,1h,TIA-USDT,BTC-USDT,1.8438,119353.8,1.54481885e-05,1.36503,30,0.0328255,0.0793186,0.0164063,1.06887e+07,0,0,0.625,465,4,0,HOLD
2025-08-12 18:02:12 UTC,1h,TLM-USDT,BTC-USDT,0.005155,119353.8,4.319091642e-08,1.24317,30,0.0359727,0.0653027,0.0152141,3.61966e+06,0,0,0.625,465,4,0,HOLD
2025-08-12 18:02:12 UTC,1h,TNSR-USDT,BTC-USDT,0.1406,119353.8,1.178010252e-06,1.12123,30,0.0376384,0.0692015,0.0172221,6.34586e+06,0,0,0.625,465,4,0,HOLD
2025-08-12 18:02:12 UTC,1h,TOKEN-USDT,BTC-USDT,0.01638,119353.8,1.372390322e-07,0.840968,30,0.0154991,0.0453095,0.0164835,5.71071e+06,0,0,0.625,465,4,0,HOLD
2025-08-12 18:02:12 UTC,1h,TONCOIN-USDT,BTC-USDT,3.415,119353.8,2.861241117e-05,0.501516,30,0.00529879,0.00087925,0.0104162,8.15828e+06,0,0,0.625,465,4,0,HOLD
2025-08-12 18:02:12 UTC,1h,TOSHI-USDT,BTC-USDT,0.000802,119353.8,6.719517937e-09,-1.45757,30,-0.0302297,0.0594452,0.028233,6.60037e+06,0,0,0.625,465,4,0,HOLD
2025-08-12 18:02:12 UTC,1h,TOWNS-USDT,BTC-USDT,0.03264,119353.8,2.734726502e-07,1.13603,30,0.0424784,0.0190446,0.0215993,7.9697e+06,0,0,0.625,465,4,0,HOLD
2025-08-12 18:02:12 UTC,1h,TRB-USDT,BTC-USDT,39.112,119353.8,0.000327697987,1.08281,30,0.0375086,0.0609233,0.0135563,5.27182e+06,0,0,0.625,465,4,0,HOLD
2025-08-12 18:02:12 UTC,1h,TREE-USDT,BTC-USDT,0.4287,119353.8,3.59184207e-06,1.06925,30,0.0305288,0.0755143,0.0194275,7.87593e+06,0,0,0.625,465,4,0,HOLD
2025-08-12 18:02:12 UTC,1h,TRU-USDT,BTC-USDT,0.03343,119353.8,2.800916267e-07,1.3139,30,0.0093599,0.063972,0.019059,1.95156e+06,0,0,0.625,465,4,0,HOLD
2025-08-12 18:02:12 UTC,1h,TRUMP-USDT,BTC-USDT,9.093,119353.8,7.618525761e-05,1.20722,30,0.0218002,0.0295516,0.010534,7.87456e+06,0,0,0.625,465,4,0,HOLD
2025-08-12 18:02:12 UTC,1h,TRX-USDT,BTC-USDT,0.34959,119353.8,2.929022788e-06,1.78976,30,0.00670967,0.00726078,0.00438881,1.3437e+07,0,0,0.625,465,4,0,HOLD
2025-08-12 18:02:12 UTC,1h,TST-USDT,BTC-USDT,0.02663,119353.8,2.231181579e-07,1.55144,30,0.0214806,-0.0361925,0.0298535,8.70421e+06,0,0,0.625,465,4,0,HOLD
2025-08-12 18:02:12 UTC,1h,TURBO-USDT,BTC-USDT,0.0048677,119353.8,4.078378736e-08,0.900168,30,0.0307901,0.0590475,0.0169866,6.48183e+06,0,0,0.625,465,4,0,HOLD
2025-08-12 18:02:12 UTC,1h,TUT-USDT,BTC-USDT,0.06032,119353.8,5.05388182e-07,-0.381597,30,0.00583625,0.00953975,0.00468928,1.89203e+06,0,0,0.625,465,4,0,EXIT_ZONE
2025-08-12 18:02:12 UTC,1h,TWT-USDT,BTC-USDT,0.7856,119353.8,6.582111336e-06,1.28471,30,0.0221181,0.0300249,0.00852851,2.02429e+06,0,0,0.625,465,4,0,HOLD
2025-08-12 18:02:12 UTC,1h,UMA-USDT,BTC-USDT,1.378,119353.8,1.154550588e-05,-0.240612,30,0.06,0.0833333,0.0386689,6.07706e+06,0,0,0.625,465,4,0,EXIT_ZONE
2025-08-12 18:02:12 UTC,1h,UNI-USDT,BTC-USDT,11.386,119353.8,9.539704643e-05,1.63748,30,0.00778899,0.0180615,0.0168691,4.15763e+07,0,0,0.625,465,4,0,HOLD
2025-08-12 18:02:12 UTC,1h,USELESS-USDT,BTC-USDT,0.2214,119353.8,1.854989116e-06,0.789371,30,0.00727934,0.0831703,0.036908,6.9764e+06,0,0,0.625,465,4,0,HOLD
2025-08-12 18:02:12 UTC,1h,USTC-USDT,BTC-USDT,0.01444,119353.8,1.209848367e-07,-0.933668,30,-0.00496141,0.0207111,0.0221706,2.40688e+06,0,0,0.625,465,4,0,HOLD
2025-08-12 18:02:12 UTC,1h,USUAL-USDT,BTC-USDT,0.07827,119353.8,6.557813827e-07,1.36506,30,0.0240743,0.0518747,0.0201957,2.10813e+06,0,0,0.625,465,4,0,HOLD
2025-08-12 18:02:12 UTC,1h,UXLINK-USDT,BTC-USDT,0.3547,119353.8,2.971836674e-06,1.12775,30,0.0236652,0.0395662,0.0147006,6.57895e+06,0,0,0.625,465,4,0,HOLD
2025-08-12 18:02:12 UTC,1h,VANA-USDT,BTC-USDT,4.484,119353.8,3.75689756e-05,1.09026,30,0.0267918,0.0410959,0.0122818,6.26284e+06,0,0,0.625,465,4,0,HOLD
2025-08-12 18:02:12 UTC,1h,VANRY-USDT,BTC-USDT,0.03308,119353.8,2.771591688e-07,1.05845,30,0.0363409,0.0796345,0.0189584,475599,0,0,0.625,465,4,0,HOLD
2025-08-12 18:02:12 UTC,1h,VELODROME-USDT,BTC-USDT,0.06001,119353.8,5.027908621e-07,-0.323721,30,-0.00480929,0.0280966,0.0159735,549175,0,0,0.625,465,4,0,EXIT_ZONE
2025-08-12 18:02:12 UTC,1h,VELVET-USDT,BTC-USDT,0.06587,119353.8,5.518885867e-07,-1.62592,30,-0.0257358,-0.0379728,0.0231517,6.30858e+06,0,0,0.625,465,4,0,HOLD
2025-08-12 18:02:12 UTC,1h,VET-USDT,BTC-USDT,0.025303,119353.8,2.119999531e-07,1.22211,30,0.0227153,0.0392229,0.0122035,3.27684e+06,0,0,0.625,465,4,0,HOLD
2025-08-12 18:02:12 UTC,1h,VIC-USDT,BTC-USDT,0.2643,119353.8,2.214424677e-06,1.24558,30,0.0236251,0.0328253,0.0135398,6.41844e+06,0,0,0.625,465,4,0,HOLD
2025-08-12 18:02:12 UTC,1h,VINE-USDT,BTC-USDT,0.06931,119353.8,5.807104592e-07,0.398515,30,0.00814545,0.0504698,0.0267947,1.86896e+07,0,0,0.625,465,4,0,EXIT_ZONE
2025-08-12 18:02:12 UTC,1h,VIRTUAL-USDT,BTC-USDT,1.36,119353.8,1.139469376e-05,0.894668,30,0.0227102,0.0381679,0.0170221,9.28496e+06,0,0,0.625,465,4,0,HOLD
2025-08-12 18:02:12 UTC,1h,VOXEL-USDT,BTC-USDT,0.06101,119353.8,5.111693134e-07,0.887614,30,0.0293572,0.0524409,0.0168356,433740,0,0,0.625,465,4,0,HOLD
2025-08-12 18:02:12 UTC,1h,VTHO-USDT,BTC-USDT,0.001984,119353.8,1.662284737e-08,1.27563,30,0.0354906,0.0525199,0.0123128,431773,0,0,0.625,465,4,0,HOLD
2025-08-12 18:02:12 UTC,1h,VVV-USDT,BTC-USDT,2.913,119353.8,2.440642862e-05,0.674065,30,0.00587017,0.0444604,0.0176058,305565,0,0,0.625,465,4,0,HOLD
2025-08-12 18:02:12 UTC,1h,W-USDT,BTC-USDT,0.08721,119353.8,7.306847373e-07,1.08888,30,0.0216729,0.0470645,0.0163481,6.82113e+06,0,0,0.625,465,4,0,HOLD
2025-08-12 18:02:12 UTC,1h,WAL-USDT,BTC-USDT,0.4243,119353.8,3.554976884e-06,1.14615,30,0.0379159,0.0628758,0.0149658,6.41408e+06,0,0,0.625,465,4,0,HOLD
2025-08-12 18:02:12 UTC,1h,WCT-USDT,BTC-USDT,0.3282,119353.8,2.749807715e-06,0.990539,30,0.0376225,0.0570048,0.0137112,6.70082e+06,0,0,0.625,465,4,0,HOLD
2025-08-12 18:02:12 UTC,1h,WIF-USDT,BTC-USDT,0.9648,119353.8,8.083529808e-06,1.20802,30,0.0403278,0.0643133,0.0178645,4.02541e+07,0,0,0.625,465,4,0,HOLD
2025-08-12 18:02:12 UTC,1h,WLD-USDT,BTC-USDT,1.0504,119353.8,8.800725239e-06,1.21597,30,0.0437202,0.0648824,0.0153411,1.6379e+07,0,0,0.625,465,4,0,HOLD
2025-08-12 18:02:12 UTC,1h,WOO-USDT,BTC-USDT,0.08014,119353.8,6.714490867e-07,1.21794,30,0.0411849,0.0613164,0.0144568,2.04513e+06,0,0,0.625,465,4,0,HOLD
2025-08-12 18:02:12 UTC,1h,X-USDT,BTC-USDT,5.586e-05,119353.8,4.680202893e-10,0.242648,30,-0.0378918,0.0264609,0.0280037,6.78772e+06,0,0,0.625,465,4,0,EXIT_ZONE
2025-08-12 18:02:12 UTC,1h,XAI-USDT,BTC-USDT,0.05409,119353.8,4.531904305e-07,1.09522,30,0.0255973,0.0643447,0.0175369,1.99111e+06,0,0,0.625,465,4,0,HOLD
2025-08-12 18:02:12 UTC,1h,XAUT-USDT,BTC-USDT,3348.5,119353.8,0.02805524416,0.350717,30,-2.98632e-05,0.00116606,0.00255125,7.22383e+06,0,0,0.625,465,4,0,EXIT_ZONE
2025-08-12 18:02:12 UTC,1h,XCN-USDT,BTC-USDT,0.01387,119353.8,1.162091194e-07,1.31379,30,0.00216763,0.0183554,0.00988773,1.92135e+06,0,0,0.625,465,4,0,HOLD
2025-08-12 18:02:12 UTC,1h,XLM-USDT,BTC-USDT,0.44594,119353.8,3.73628657e-06,1.04153,30,0.014007,0.0227043,0.0118193,1.73397e+07,0,0,0.625,465,4,0,HOLD
2025-08-12 18:02:12 UTC,1h,XRP-USDT,BTC-USDT,3.2305,119353.8,2.70665869e-05,1.40992,30,0.014668,0.0280686,0.00948991,1.93012e+08,0,0,0.625,465,4,0,HOLD
2025-08-12 18:02:12 UTC,1h,YALA-USDT,BTC-USDT,0.2671,119353.8,2.237884341e-06,1.04699,30,0.0152033,-0.155014,0.0419853,8.38899e+06,0,0,0.625,465,4,0,HOLD
2025-08-12 18:02:12 UTC,1h,YFI-USDT,BTC-USDT,5829,119353.8,0.04883799259,1.50222,30,0.0215563,0.0346113,0.0107345,9.22561e+06,0,0,0.625,465,4,0,HOLD
2025-08-12 18:02:12 UTC,1h,YGG-USDT,BTC-USDT,0.1708,119353.8,1.431039481e-06,1.16655,30,0.031401,0.0588965,0.0160171,4.19082e+06,0,0,0.625,465,4,0,HOLD
2025-08-12 18:02:12 UTC,1h,ZBCN-USDT,BTC-USDT,0.0048566,119353.8,4.069078655e-08,-1.41355,30,-0.029146,-0.0657151,0.0229334,6.40236e+06,0,0,0.625,465,4,0,HOLD
2025-08-12 18:02:12 UTC,1h,ZEREBRO-USDT,BTC-USDT,0.02864,119353.8,2.39958845e-07,1.2728,30,0.0152428,0.022492,0.0153881,1.65217e+06,0,0,0.625,465,4,0,HOLD
2025-08-12 18:02:12 UTC,1h,ZETA-USDT,BTC-USDT,0.2057,119353.8,1.723447431e-06,1.18997,30,0.0285,0.04842,0.0137857,5.32563e+06,0,0,0.625,465,4,0,HOLD
2025-08-12 18:02:12 UTC,1h,ZIL-USDT,BTC-USDT,0.01187,119353.8,9.945221685e-08,1.44284,30,0.0339721,0.0532387,0.012998,2.22293e+06,0,0,0.625,465,4,0,HOLD
2025-08-12 18:02:12 UTC,1h,ZK-USDT,BTC-USDT,0.05965,119353.8,4.997746197e-07,1.26637,30,0.025619,0.068422,0.0171836,6.53906e+06,0,0,0.625,465,4,0,HOLD
2025-08-12 18:02:12 UTC,1h,ZKJ-USDT,BTC-USDT,0.2544,119353.8,2.131478009e-06,0.92399,30,0.0208668,0.049505,0.0455413,7.89189e+06,0,0,0.625,465,4,0,HOLD
2025-08-12 18:02:12 UTC,1h,ZORA-USDT,BTC-USDT,0.1174,119353.8,9.836301819e-07,0.243803,30,-0.0686974,-0.0107019,0.0481261,2.32072e+07,0,0,0.625,465,4,0,EXIT_ZONE
2025-08-12 18:02:12 UTC,1h,ZRC-USDT,BTC-USDT,0.03427,119353.8,2.871295258e-07,1.8258,30,0.00734862,0.0202441,0.0142357,6.33724e+06,0,0,0.625,465,4,0,HOLD
2025-08-12 18:02:12 UTC,1h,ZRO-USDT,BTC-USDT,2.2861,119353.8,1.91539775e-05,-0.848408,30,0.00775843,0.026953,0.0181532,1.3091e+07,0,0,0.625,465,4,0,HOLD
2025-08-12 18:02:12 UTC,1h,ZRX-USDT,BTC-USDT,0.2627,119353.8,2.201019155e-06,1.23054,30,0.0346593,0.0550201,0.0127522,1.92176e+06,0,0,0.625,465,4,0,HOLD
2025-08-12 19:02:07 UTC,1h,1000000BABYDOGE-USDT,BTC-USDT,0.001375,119259.3,1.152949917e-08,1.16,30,0.0310438,0.0445947,0.0127532,1.30236e+06,0,0,0.777778,465,4,0,HOLD
2025-08-12 19:02:07 UTC,1h,1000000BOB-USDT,BTC-USDT,0.07828,119259.3,6.563848689e-07,-0.759249,30,-0.0215,-0.0365538,0.03138,6.39223e+06,0,0,0.777778,465,4,0,HOLD
2025-08-12 19:02:07 UTC,1h,1000000MOG-USDT,BTC-USDT,1.4074,119259.3,1.180117609e-05,-1.28219,30,-0.00346952,0.0176428,0.0267819,1.67879e+06,0,0,0.777778,465,4,0,HOLD
2025-08-12 19:02:07 UTC,1h,10000SATS-USDT,BTC-USDT,0.000417,119259.3,3.496582656e-09,1.33649,30,0.0347395,0.0451128,0.0161014,2.22659e+06,0,0,0.777778,465,4,0,HOLD
2025-08-12 19:02:07 UTC,1h,10000WHY-USDT,BTC-USDT,0.0003277,119259.3,2.747794092e-09,0.290675,30,0.00152812,0.0111077,0.0183312,2.20588e+06,0,0,0.777778,465,4,0,EXIT_ZONE
2025-08-12 19:02:07 UTC,1h,1000BONK-USDT,BTC-USDT,0.025524,119259.3,2.140210449e-07,1.35111,30,0.0514954,0.0398012,0.0182126,7.74236e+06,0,0,0.777778,465,4,0,HOLD
2025-08-12 19:02:07 UTC,1h,1000CAT-USDT,BTC-USDT,0.009383,119259.3,7.867730232e-08,1.20445,30,0.029515,0.0480286,0.015796,6.33401e+06,0,0,0.777778,465,4,0,HOLD
2025-08-12 19:02:07 UTC,1h,1000CHEEMS-USDT,BTC-USDT,0.0013184,119259.3,1.105490306e-08,1.18759,30,0.0187775,0.0117412,0.00916696,6.27454e+06,0,0,0.777778,465,4,0,HOLD
2025-08-12 19:02:07 UTC,1h,1000PEPE-USDT,BTC-USDT,0.0120546,119259.3,1.010789096e-07,1.13114,30,0.0519032,0.0640386,0.017349,4.27007e+07,0,0,0.777778,465,4,0,HOLD
2025-08-12 19:02:07 UTC,1h,1000XEC-USDT,BTC-USDT,0.02187,119259.3,1.833819249e-07,,30,0.0257974,0.024836,0.0117251,7.08303e+06,0,0,0.777778,465,4,0,HOLD
2025-08-12 19:02:07 UTC,1h,1INCH-USDT,BTC-USDT,0.2703,119259.3,2.266489909e-06,0.914797,30,0.0184627,0.0173128,0.013847,6.14344e+06,0,0,0.777778,465,4,0,HOLD
2025-08-12 19:02:07 UTC,1h,A-USDT,BTC-USDT,0.54727,119259.3,4.58890837e-06,1.19676,30,0.0147784,0.0042757,0.0136104,6.36885e+06,0,0,0.777778,465,4,0,HOLD
2025-08-12 19:02:07 UTC,1h,A2Z-USDT,BTC-USDT,0.007298,119259.3,6.119438903e-08,-0.992569,30,0.00551116,-0.00950054,0.0172161,6.66336e+06,0,0,0.777778,465,4,0,HOLD
2025-08-12 19:02:07 UTC,1h,AAPLX-USDT,BTC-USDT,229.4,119259.3,0.001923539716,0.721682,30,0.00653767,0.00999428,0.00486985,6.22039e+06,0,0,0.777778,465,4,0,HOLD
2025-08-12 19:02:07 UTC,1h,AAVE-USDT,BTC-USDT,314.54,119259.3,0.002637446304,0.816648,30,0.0388401,0.0567445,0.0140772,6.79998e+07,0,0,0.777778,465,4,0,HOLD
2025-08-12 19:02:07 UTC,1h,ACE-USDT,BTC-USDT,0.5862,119259.3,4.915339936e-06,0.894304,30,0.0309532,0.0362383,0.016462,2.00363e+06,0,0,0.777778,465,4,0,HOLD
2025-08-12 19:02:07 UTC,1h,ACH-USDT,BTC-USDT,0.022725,119259.3,1.905511771e-07,1.15967,30,0.0354019,0.0371503,0.0141474,980202,0,0,0.777778,465,4,0,HOLD
2025-08-12 19:02:07 UTC,1h,ACT-USDT,BTC-USDT,0.0437,119259.3,3.664284463e-07,1.15936,30,0.035545,0.0457047,0.0146943,6.35028e+06,0,0,0.777778,465,4,0,HOLD
2025-08-12 19:02:07 UTC,1h,ADA-USDT,BTC-USDT,0.83987,119259.3,7.042385793e-06,1.55954,30,0.0621451,0.0740438,0.0127758,5.18393e+07,0,0,0.777778,465,4,0,HOLD
2025-08-12 19:02:07 UTC,1h,AERGO-USDT,BTC-USDT,0.11892,119259.3,9.971549389e-07,1.32234,30,0.0290758,0.024113,0.00970641,1.93047e+06,0,0,0.777778,465,4,0,HOLD
2025-08-12 19:02:07 UTC,1h,AERO-USDT,BTC-USDT,1.1818,119259.3,9.90949972e-06,-0.288982,30,0.02569,0.0633435,0.0261224,3.83439e+06,0,0,0.777778,465,4,0,EXIT_ZONE
2025-08-12 19:02:07 UTC,1h,AEVO-USDT,BTC-USDT,0.1018,119259.3,8.536021929e-07,0.843239,30,0.0282828,0.0462487,0.0185939,6.33601e+06,0,0,0.777778,465,4,0,HOLD
2025-08-12 19:02:07 UTC,1h,AGLD-USDT,BTC-USDT,0.7447,119259.3,6.244376749e-06,1.21928,30,0.0386332,0.0384884,0.0119607,3.99985e+06,0,0,0.777778,465,4,0,HOLD
2025-08-12 19:02:07 UTC,1h,AGT-USDT,BTC-USDT,0.005868,119259.3,4.92037099e-08,0.528023,30,0.0138217,0.0192809,0.0176624,6.35267e+06,0,0,0.777778,465,4,0,HOLD
2025-08-12 19:02:07 UTC,1h,AI16Z-USDT,BTC-USDT,0.1374,119259.3,1.152111408e-06,1.43923,30,0.0520674,0.0601852,0.0208983,8.35136e+06,0,0,0.777778,465,4,0,HOLD
2025-08-12 19:02:07 UTC,1h,AIN-USDT,BTC-USDT,0.13734,119259.3,1.151608302e-06,-0.719713,30,-0.00246949,0.00652254,0.017116,6.30159e+06,0,0,0.777778,465,4,0,HOLD
2025-08-12 19:02:07 UTC,1h,AIOT-USDT,BTC-USDT,0.5478,119259.3,4.593352468e-06,1.34658,30,0.0443237,0.0770955,0.0134734,6.44698e+06,0,0,0.777778,465,4,0,HOLD
2025-08-12 19:02:07 UTC,1h,AIXBT-USDT,BTC-USDT,0.13325,119259.3,1.117313283e-06,0.998779,30,0.0123841,0.0460005,0.019019,7.23376e+06,0,0,0.777778,465,4,0,HOLD
2025-08-12 19:02:07 UTC,1h,AKT-USDT,BTC-USDT,1.29,119259.3,1.081676649e-05,0.915669,30,0.0394843,0.0445344,0.0134551,477575,0,0,0.777778,465,4,0,HOLD
2025-08-12 19:02:07 UTC,1h,ALCH-USDT,BTC-USDT,0.13716,119259.3,1.150098986e-06,-0.995104,30,-0.0110318,-0.035443,0.00888951,6.32483e+06,0,0,0.777778,465,4,0,HOLD
2025-08-12 19:02:07 UTC,1h,ALGO-USDT,BTC-USDT,0.2712,119259.3,2.27403649e-06,1.14437,30,0.0442819,0.058548,0.0154867,4.24946e+06,0,0,0.777778,465,4,0,HOLD
2025-08-12 19:02:07 UTC,1h,ALPHA-USDT,BTC-USDT,0.01612,119259.3,1.351676557e-07,1.18851,30,0.0300319,0.0320102,0.0151542,1.89092e+06,0,0,0.777778,465,4,0,HOLD
2025-08-12 19:02:07 UTC,1h,ALPINE-USDT,BTC-USDT,1.1509,119259.3,9.65040043e-06,-1.07391,30,-0.178339,-0.271997,0.0703176,8.95903e+06,0,0,0.777778,465,4,0,HOLD
2025-08-12 19:02:07 UTC,1h,ALT-USDT,BTC-USDT,0.03789,119259.3,3.177110716e-07,0.581503,30,0.0155454,0.0516236,0.0284847,6.34684e+06,0,0,0.777778,465,4,0,HOLD
2025-08-12 19:02:07 UTC,1h,ALTCOIN-USDT,BTC-USDT,245.29,119259.3,0.0020567788,1.46372,30,0.0308468,0.0383525,0.00851761,1.8725e+06,0,0,0.777778,465,4,0,HOLD
2025-08-12 19:02:07 UTC,1h,ANIME-USDT,BTC-USDT,0.01814,119259.3,1.521055381e-07,1.27615,30,0.0467398,0.0479492,0.0142936,6.44933e+06,0,0,0.777778,465,4,0,HOLD
2025-08-12 19:02:07 UTC,1h,ANKR-USDT,BTC-USDT,0.01662,119259.3,1.393602008e-07,1.14297,30,0.0413534,0.0439698,0.0124205,360230,0,0,0.777778,465,4,0,HOLD
2025-08-12 19:02:07 UTC,1h,APE-USDT,BTC-USDT,0.637,119259.3,5.341302523e-06,1.26045,30,0.0329171,0.0329171,0.0113478,6.33284e+06,0,0,0.777778,465,4,0,HOLD
2025-08-12 19:02:07 UTC,1h,API3-USDT,BTC-USDT,0.7686,119259.3,6.444780407e-06,0.982377,30,0.0437262,0.054755,0.0154176,6.43116e+06,0,0,0.777778,465,4,0,HOLD
2025-08-12 19:02:07 UTC,1h,APT-USDT,BTC-USDT,4.7946,119259.3,4.020315397e-05,0.990905,30,0.0357968,0.0416703,0.0118884,1.03281e+07,0,0,0.777778,465,4,0,HOLD
2025-08-12 19:02:07 UTC,1h,AR-USDT,BTC-USDT,7.772,119259.3,6.516892184e-05,1.26759,30,0.0341983,0.0429415,0.0177469,2.49954e+06,0,0,0.777778,465,4,0,HOLD
2025-08-12 19:02:07 UTC,1h,ARB-USDT,BTC-USDT,0.47,119259.3,3.940992443e-06,1.15888,30,0.0309278,0.0595131,0.0170973,1.4435e+07,0,0,0.777778,465,4,0,HOLD
2025-08-12 19:02:07 UTC,1h,ARC-USDT,BTC-USDT,0.02404,119259.3,2.015775709e-07,1.1248,30,0.0190759,0.0388937,0.0222843,6.78746e+06,0,0,0.777778,465,4,0,HOLD
2025-08-12 19:02:07 UTC,1h,ARK-USDT,BTC-USDT,0.4591,119259.3,3.849594958e-06,1.26767,30,0.0312219,0.0351747,0.0103619,2.00385e+06,0,0,0.777778,465,4,0,HOLD
2025-08-12 19:02:07 UTC,1h,ARKM-USDT,BTC-USDT,0.5411,119259.3,4.537172363e-06,1.20414,30,0.0447963,0.0543648,0.016514,2.4031e+06,0,0,0.777778,465,4,0,HOLD
2025-08-12 19:02:07 UTC,1h,ARPA-USDT,BTC-USDT,0.02375,119259.3,1.991458947e-07,0.942944,30,0.050885,0.0626398,0.016812,8.20532e+06,0,0,0.777778,465,4,0,HOLD
2025-08-12 19:02:07 UTC,1h,ASP-USDT,BTC-USDT,0.1637,119259.3,1.372639283e-06,-1.33333,30,-0.0261749,-0.0640366,0.0273148,6.65681e+06,0,0,0.777778,465,4,0,HOLD
2025-08-12 19:02:07 UTC,1h,ASR-USDT,BTC-USDT,6.49,119259.3,5.441923607e-05,-1.63001,30,-0.00840336,-0.0108215,0.0204711,7.43324e+06,0,0,0.777778,465,4,0,HOLD
2025-08-12 19:02:07 UTC,1h,ASTR-USDT,BTC-USDT,0.02586,119259.3,2.168384352e-07,1.27662,30,0.0410628,0.0452708,0.0120429,1.92019e+06,0,0,0.777778,465,4,0,HOLD
2025-08-12 19:02:07 UTC,1h,ATA-USDT,BTC-USDT,0.0514,119259.3,4.309936416e-07,1.2348,30,0.0447154,0.0489796,0.0140356,288542,0,0,0.777778,465,4,0,HOLD
2025-08-12 19:02:07 UTC,1h,ATH-USDT,BTC-USDT,0.03428,119259.3,2.874408956e-07,1.54352,30,0.0312876,0.00146071,0.0132522,2.09506e+06,0,0,0.777778,465,4,0,HOLD
2025-08-12 19:02:07 UTC,1h,ATOM-USDT,BTC-USDT,4.722,119259.3,3.959439641e-05,1.55692,30,0.0426143,0.0419241,0.0112241,9.28374e+06,0,0,0.777778,465,4,0,HOLD
2025-08-12 19:02:07 UTC,1h,AUCTION-USDT,BTC-USDT,10.509,119259.3,8.8118914e-05,1.49247,30,0.0324197,0.0273732,0.0109702,4.42258e+06,0,0,0.777778,465,4,0,HOLD
2025-08-12 19:02:07 UTC,1h,AVA-USDT,BTC-USDT,0.6175,119259.3,5.177793262e-06,1.24091,30,0.0444858,0.0575441,0.0135338,536631,0,0,0.777778,465,4,0,HOLD
2025-08-12 19:02:07 UTC,1h,AVAAI-USDT,BTC-USDT,0.03637,119259.3,3.049657343e-07,0.0891886,30,0.0199103,-0.0391017,0.0268078,7.44803e+06,0,0,0.777778,465,4,0,EXIT_ZONE
2025-08-12 19:02:07 UTC,1h,AVAX-USDT,BTC-USDT,24.316,119259.3,0.0002038918558,0.992379,30,0.0355607,0.0520031,0.012552,5.26026e+07,0,0,0.777778,465,4,0,HOLD
2025-08-12 19:02:07 UTC,1h,AWE-USDT,BTC-USDT,0.054042,119259.3,4.531470502e-07,-0.672901,30,0.00252291,-0.00559379,0.00862557,6.24805e+06,0,0,0.777778,465,4,0,HOLD
2025-08-12 19:02:07 UTC,1h,AXL-USDT,BTC-USDT,0.3583,119259.3,3.004377856e-06,0.986797,30,0.0364478,0.0488876,0.0143136,2.05536e+06,0,0,0.777778,465,4,0,HOLD
2025-08-12 19:02:07 UTC,1h,AXS-USDT,BTC-USDT,2.517,119259.3,2.110527229e-05,1.20823,30,0.0478768,0.0483132,0.0138771,4.82934e+06,0,0,0.777778,465,4,0,HOLD
2025-08-12 19:02:07 UTC,1h,B-USDT,BTC-USDT,0.61533,119259.3,5.159597616e-06,-1.32317,30,-0.0146837,-0.0653736,0.0157627,6.47053e+06,0,0,0.777778,465,4,0,HOLD
2025-08-12 19:02:07 UTC,1h,B2-USDT,BTC-USDT,0.4029,119259.3,3.378352883e-06,1.62211,30,0.0413544,0.0238882,0.0156012,6.24472e+06,0,0,0.777778,465,4,0,HOLD
2025-08-12 19:02:07 UTC,1h,B3-USDT,BTC-USDT,0.003228,119259.3,2.70670715e-08,1.02683,30,0.0346154,0.0521512,0.0156886,6.27221e+06,0,0,0.777778,465,4,0,HOLD
2025-08-12 19:02:07 UTC,1h,BABY-USDT,BTC-USDT,0.06225,119259.3,5.219718714e-07,0.946405,30,0.0306291,0.0397528,0.0160643,6.47897e+06,0,0,0.777778,465,4,0,HOLD
2025-08-12 19:02:07 UTC,1h,BAKE-USDT,BTC-USDT,0.0881,119259.3,7.387264557e-07,1.32485,30,0.0401417,0.0450771,0.0145127,1.50238e+06,0,0,0.777778,465,4,0,HOLD
2025-08-12 19:02:07 UTC,1h,BANANA-USDT,BTC-USDT,26.1,119259.3,0.0002188508569,0.950431,30,0.0287741,0.0435826,0.0177887,9.0627e+06,0,0,0.777778,465,4,0,HOLD
2025-08-12 19:02:07 UTC,1h,BANANAS31-USDT,BTC-USDT,0.007256,119259.3,6.084221524e-08,1.4908,30,0.0229804,0.0172438,0.0149039,3.17197e+06,0,0,0.777778,465,4,0,HOLD
2025-08-12 19:02:07 UTC,1h,BANK-USDT,BTC-USDT,0.068025,119259.3,5.703957679e-07,1.4837,30,0.0357192,0.0456055,0.0298451,6.70584e+06,0,0,0.777778,465,4,0,HOLD
2025-08-12 19:02:07 UTC,1h,BAT-USDT,BTC-USDT,0.154,119259.3,1.291303907e-06,1.25314,30,0.0405405,0.0419486,0.0126623,423097,0,0,0.777778,465,4,0,HOLD
2025-08-12 19:02:07 UTC,1h,BB-USDT,BTC-USDT,0.12716,119259.3,1.066248083e-06,0.992301,30,0.0133078,0.0283866,0.0188008,9.31121e+06,0,0,0.777778,465,4,0,HOLD
2025-08-12 19:02:07 UTC,1h,BCH-USDT,BTC-USDT,618.64,119259.3,0.005187352265,1.4102,30,0.0493961,0.047158,0.010866,3.90823e+07,0,0,0.777778,465,4,0,HOLD
2025-08-12 19:02:07 UTC,1h,BDXN-USDT,BTC-USDT,0.0407,119259.3,3.412731753e-07,0.602808,30,0.0046902,0.000491642,0.0163742,6.3248e+06,0,0,0.777778,465,4,0,HOLD
2025-08-12 19:02:07 UTC,1h,BEAM-USDT,BTC-USDT,0.008337,119259.3,6.990649786e-08,0.198887,30,0.0198165,0.0488112,0.0195771,2.09259e+06,0,0,0.777778,465,4,0,EXIT_ZONE
2025-08-12 19:02:07 UTC,1h,BERA-USDT,BTC-USDT,2.029,119259.3,1.701334823e-05,1.00185,30,0.0415811,0.0426516,0.0149264,6.57235e+06,0,0,0.777778,465,4,0,HOLD
2025-08-12 19:02:07 UTC,1h,BID-USDT,BTC-USDT,0.0721,119259.3,6.045650109e-07,0.7209,30,0.058271,0.0686231,0.0207747,1.99978e+06,0,0,0.777778,465,4,0,HOLD
2025-08-12 19:02:07 UTC,1h,BIGTIME-USDT,BTC-USDT,0.06076,119259.3,5.094780868e-07,1.25367,30,0.034565,0.0459632,0.0129314,2.06147e+06,0,0,0.777778,465,4,0,HOLD
2025-08-12 19:02:07 UTC,1h,BIO-USDT,BTC-USDT,0.12744,119259.3,1.068595908e-06,0.767702,30,0.0521797,0.00552312,0.0367736,1.64143e+07,0,0,0.777778,465,4,0,HOLD
2025-08-12 19:02:07 UTC,1h,BLAST-USDT,BTC-USDT,0.003127,119259.3,2.622017738e-08,0.929096,30,0.0272668,0.0162496,0.0129289,505123,0,0,0.777778,465,4,0,HOLD
2025-08-12 19:02:07 UTC,1h,BLUR-USDT,BTC-USDT,0.08704,119259.3,7.2983826e-07,1.14813,30,0.0432698,0.0407748,0.0145171,4.26168e+06,0,0,0.777778,465,4,0,HOLD
2025-08-12 19:02:07 UTC,1h,BMT-USDT,BTC-USDT,0.08394,119259.3,7.038444801e-07,0.77418,30,0.0298123,0.0306974,0.0128834,1.99292e+06,0,0,0.777778,465,4,0,HOLD
2025-08-12 19:02:07 UTC,1h,BNB-USDT,BTC-USDT,829.05,119259.3,0.006951659116,1.46303,30,0.0222061,0.0264585,0.006865,3.87527e+07,0,0,0.777778,465,4,0,HOLD
2025-08-12 19:02:07 UTC,1h,BNT-USDT,BTC-USDT,0.83191,119259.3,6.975640474e-06,1.21104,30,0.0431604,0.0491727,0.0125563,1.91437e+06,0,0,0.777778,465,4,0,HOLD
2025-08-12 19:02:07 UTC,1h,BOME-USDT,BTC-USDT,0.001953,119259.3,1.637608136e-08,1.284,30,0.0449438,0.061413,0.0180309,9.0601e+06,0,0,0.777778,465,4,0,HOLD
2025-08-12 19:02:07 UTC,1h,BR-USDT,BTC-USDT,0.05005,119259.3,4.196737697e-07,0.124676,30,-0.000998004,-0.00019976,0.0010989,1.88021e+06,0,0,0.777778,465,4,0,EXIT_ZONE
2025-08-12 19:02:07 UTC,1h,BRETT-USDT,BTC-USDT,0.05829,119259.3,4.887669138e-07,0.889384,30,0.0370041,0.0675824,0.0196064,5.80963e+06,0,0,0.777778,465,4,0,HOLD
2025-08-12 19:02:07 UTC,1h,BROCCOLI-USDT,BTC-USDT,0.02798,119259.3,2.346148267e-07,-0.56476,30,0.0035868,0.00538987,0.0162361,6.26133e+06,0,0,0.777778,465,4,0,HOLD
2025-08-12 19:02:07 UTC,1h,BROCCOLIF3B-USDT,BTC-USDT,0.010418,119259.3,8.735587078e-08,1.29455,30,0.0182778,0.0623024,0.0122727,6.2454e+06,0,0,0.777778,465,4,0,HOLD
2025-08-12 19:02:07 UTC,1h,BSV-USDT,BTC-USDT,29.4,119259.3,0.0002465216549,1.68848,30,0.0194175,0.00616016,0.011346,2.22691e+06,0,0,0.777778,465,4,0,HOLD
2025-08-12 19:02:07 UTC,1h,BSW-USDT,BTC-USDT,0.02659,119259.3,2.229595512e-07,-1.35235,30,-0.00894521,-0.0159141,0.0235051,1.98759e+06,0,0,0.777778,465,4,0,HOLD
2025-08-12 19:02:07 UTC,1h,BTC-USDT,BTC-USDT,119336.1,119259.3,1.000643975,1.44002,30,0.00443231,0.00321807,0.00489763,1.41448e+09,0,0,0.777778,465,4,0,HOLD
2025-08-12 19:02:07 UTC,1h,BULLA-USDT,BTC-USDT,0.0826,119259.3,6.92608459e-07,-1.39237,30,-0.0180694,-0.0383048,0.0247146,6.59077e+06,0,0,0.777778,465,4,0,HOLD
2025-08-12 19:02:07 UTC,1h,C-USDT,BTC-USDT,0.26222,119259.3,2.198738379e-06,0.377788,30,0.0128235,0.0343576,0.0176052,6.44881e+06,0,0,0.777778,465,4,0,EXIT_ZONE
2025-08-12 19:02:07 UTC,1h,CAKE-USDT,BTC-USDT,2.8423,119259.3,2.383294217e-05,1.29443,30,0.0318751,0.0330377,0.0103362,2.49042e+06,0,0,0.777778,465,4,0,HOLD
2025-08-12 19:02:07 UTC,1h,CARV-USDT,BTC-USDT,0.3109,119259.3,2.606924575e-06,1.03575,30,0.0243822,-0.011761,0.0187015,2.15551e+06,0,0,0.777778,465,4,0,HOLD
2025-08-12 19:02:07 UTC,1h,CATI-USDT,BTC-USDT,0.09571,119259.3,8.025369929e-07,1.14197,30,0.0244033,-0.0346949,0.0324865,6.93728e+06,0,0,0.777778,465,4,0,HOLD
2025-08-12 19:02:07 UTC,1h,CELO-USDT,BTC-USDT,0.3614,119259.3,3.030371636e-06,1.16248,30,0.0361239,0.0402994,0.0157325,2.29559e+06,0,0,0.777778,465,4,0,HOLD
2025-08-12 19:02:07 UTC,1h,CELR-USDT,BTC-USDT,0.00825,119259.3,6.9176995e-08,1.01655,30,0.0469543,0.0576923,0.0147186,2.09649e+06,0,0,0.777778,465,4,0,HOLD
2025-08-12 19:02:07 UTC,1h,CETUS-USDT,BTC-USDT,0.11141,119259.3,9.341829107e-07,0.96208,30,0.0331046,0.0540208,0.0171118,908170,0,0,0.777778,465,4,0,HOLD
2025-08-12 19:02:07 UTC,1h,CFX-USDT,BTC-USDT,0.1993,119259.3,1.671148497e-06,0.913169,30,0.0144042,0.0161627,0.0137696,9.99271e+06,0,0,0.777778,465,4,0,HOLD
2025-08-12 19:02:07 UTC,1h,CGPT-USDT,BTC-USDT,0.10249,119259.3,8.593879052e-07,1.27388,30,0.031917,0.0475266,0.0157437,675567,0,0,0.777778,465,4,0,HOLD
2025-08-12 19:02:07 UTC,1h,CHESS-USDT,BTC-USDT,0.07493,119259.3,6.282948164e-07,0.354063,30,0.0209838,0.0494398,0.0183028,706403,0,0,0.777778,465,4,0,EXIT_ZONE
2025-08-12 19:02:07 UTC,1h,CHILLGUY-USDT,BTC-USDT,0.0573,119259.3,4.804656744e-07,1.11894,30,0.0660465,0.0662449,0.0229369,1.67995e+06,0,0,0.777778,465,4,0,HOLD
2025-08-12 19:02:07 UTC,1h,CHR-USDT,BTC-USDT,0.0988,119259.3,8.28446922e-07,1.25322,30,0.0410959,0.0521832,0.0138809,1.94336e+06,0,0,0.777778,465,4,0,HOLD
2025-08-12 19:02:07 UTC,1h,CHZ-USDT,BTC-USDT,0.04307,119259.3,3.611458394e-07,1.27341,30,0.0321112,0.0370816,0.0112939,2.10942e+06,0,0,0.777778,465,4,0,HOLD
2025-08-12 19:02:07 UTC,1h,CKB-USDT,BTC-USDT,0.005653,119259.3,4.740091548e-08,1.22209,30,0.036107,0.0366771,0.0134189,697707,0,0,0.777778,465,4,0,HOLD
2025-08-12 19:02:07 UTC,1h,COINX-USDT,BTC-USDT,318.38,119259.3,0.002669645051,-0.885302,30,-0.0045959,-0.00676961,0.00902785,6.23172e+06,0,0,0.777778,465,4,0,HOLD
2025-08-12 19:02:07 UTC,1h,COMP-USDT,BTC-USDT,52.63,119259.3,0.0004413073027,0.820612,30,0.0227361,0.0263261,0.013314,5.5257e+06,0,0,0.777778,465,4,0,HOLD
2025-08-12 19:02:07 UTC,1h,COOKIE-USDT,BTC-USDT,0.1542,119259.3,1.292980925e-06,1.03988,30,0.025266,0.0511247,0.020289,6.58697e+06,0,0,0.777778,465,4,0,HOLD
2025-08-12 19:02:07 UTC,1h,CORE-USDT,BTC-USDT,0.5041,119259.3,4.226924022e-06,1.31628,30,0.0378835,0.0526206,0.011619,1.947e+06,0,0,0.777778,465,4,0,HOLD
2025-08-12 19:02:07 UTC,1h,COS-USDT,BTC-USDT,0.003503,119259.3,2.937297133e-08,1.19302,30,0.0263698,0.0318115,0.0111129,446278,0,0,0.777778,465,4,0,HOLD
2025-08-12 19:02:07 UTC,1h,COTI-USDT,BTC-USDT,0.05571,119259.3,4.671333808e-07,0.934088,30,0.0380101,0.0487575,0.0140524,511228,0,0,0.777778,465,4,0,HOLD
2025-08-12 19:02:07 UTC,1h,COW-USDT,BTC-USDT,0.4316,119259.3,3.619004975e-06,1.32458,30,0.0480816,0.0588813,0.0169635,6.6463e+06,0,0,0.777778,465,4,0,HOLD
2025-08-12 19:02:07 UTC,1h,CRCLX-USDT,BTC-USDT,165.51,119259.3,0.001387816296,-0.777388,30,-0.0378444,0.0240688,0.0306671,6.25651e+06,0,0,0.777778,465,4,0,HOLD
2025-08-12 19:02:07 UTC,1h,CROSS-USDT,BTC-USDT,0.31469,119259.3,2.638704068e-06,-0.633141,30,-0.00850688,0.00238899,0.0129674,6.3577e+06,0,0,0.777778,465,4,0,HOLD
2025-08-12 19:02:07 UTC,1h,CRV-USDT,BTC-USDT,0.9824,119259.3,8.237512714e-06,0.86703,30,0.0500214,0.0663193,0.0175372,1.63412e+07,0,0,0.777778,465,4,0,HOLD
2025-08-12 19:02:07 UTC,1h,CTC-USDT,BTC-USDT,0.7373,119259.3,6.182327081e-06,0.955456,30,0.02417,0.0397687,0.0148902,1.2975e+06,0,0,0.777778,465,4,0,HOLD
2025-08-12 19:02:07 UTC,1h,CTK-USDT,BTC-USDT,0.3537,119259.3,2.96580644e-06,-0.193376,30,-0.00673968,0.034513,0.017529,6.42034e+06,0,0,0.777778,465,4,0,EXIT_ZONE
2025-08-12 19:02:07 UTC,1h,CUDIS-USDT,BTC-USDT,0.07344,119259.3,6.158010319e-07,1.41844,30,0.0749415,0.0708661,0.0437967,6.76496e+06,0,0,0.777778,465,4,0,HOLD
2025-08-12 19:02:07 UTC,1h,CVC-USDT,BTC-USDT,0.09742,119259.3,8.168754973e-07,1.28612,30,0.0311177,0.0369345,0.00967827,1.87622e+06,0,0,0.777778,465,4,0,HOLD
2025-08-12 19:02:07 UTC,1h,CYBER-USDT,BTC-USDT,3.0361,119259.3,2.545797267e-05,0.607849,30,-0.0081346,-0.198538,0.161372,6.11388e+07,0,0,0.777778,465,4,0,HOLD
2025-08-12 19:02:07 UTC,1h,D-USDT,BTC-USDT,0.03668,119259.3,3.075651123e-07,1.05961,30,0.0294695,0.036451,0.0138261,6.2336e+06,0,0,0.777778,465,4,0,HOLD
2025-08-12 19:02:07 UTC,1h,DBR-USDT,BTC-USDT,0.02482,119259.3,2.081179413e-07,1.00706,30,0.00771417,0.015964,0.00877748,425732,0,0,0.777778,465,4,0,HOLD
2025-08-12 19:02:07 UTC,1h,DEEP-USDT,BTC-USDT,0.16912,119259.3,1.418086472e-06,1.00365,30,0.0687563,0.120965,0.0189004,6.72261e+06,0,0,0.777778,465,4,0,HOLD
2025-08-12 19:02:07 UTC,1h,DEGEN-USDT,BTC-USDT,0.004015,119259.3,3.366613757e-08,0.629325,30,0.0436704,0.0621693,0.0192315,557095,0,0,0.777778,465,4,0,HOLD
2025-08-12 19:02:07 UTC,1h,DEGO-USDT,BTC-USDT,1.2334,119259.3,1.034217038e-05,0.239019,30,0.00685714,-0.0198665,0.0172925,846852,0,0,0.777778,465,4,0,EXIT_ZONE
2025-08-12 19:02:07 UTC,1h,DF-USDT,BTC-USDT,0.0304,119259.3,2.549067452e-07,0.974284,30,0.0340136,0.043956,0.0117011,276661,0,0,0.777778,465,4,0,HOLD
2025-08-12 19:02:07 UTC,1h,DIA-USDT,BTC-USDT,0.8381,119259.3,7.027544183e-06,0.38663,30,0.0220732,0.0228216,0.0219885,6.30022e+06,0,0,0.777778,465,4,0,EXIT_ZONE
2025-08-12 19:02:07 UTC,1h,DMC-USDT,BTC-USDT,0.00478,119259.3,4.008073165e-08,-0.288582,30,0.0127119,0.00631579,0.0152421,6.27932e+06,0,0,0.777778,465,4,0,EXIT_ZONE
2025-08-12 19:02:07 UTC,1h,DOG-USDT,BTC-USDT,0.003459,119259.3,2.900402736e-08,0.0285544,30,0.0108124,0.0456469,0.0178417,764335,0,0,0.777778,465,4,0,EXIT_ZONE
2025-08-12 19:02:07 UTC,1h,DOGE-USDT,BTC-USDT,0.2334,119259.3,1.957080077e-06,1.55774,30,0.0428023,0.0370568,0.013591,1.38357e+08,0,0,0.777778,465,4,0,HOLD
2025-08-12 19:02:07 UTC,1h,DOGS-USDT,BTC-USDT,0.0001465,119259.3,1.228415729e-09,0.824743,30,0.0280702,0.0360679,0.0168211,798366,0,0,0.777778,465,4,0,HOLD
2025-08-12 19:02:07 UTC,1h,DOLO-USDT,BTC-USDT,0.228925,119259.3,1.919556798e-06,-0.947877,30,-0.0759354,-0.0850429,0.0353154,7.54372e+06,0,0,0.777778,465,4,0,HOLD
2025-08-12 19:02:07 UTC,1h,DOOD-USDT,BTC-USDT,0.0038055,119259.3,3.190946115e-08,1.29164,30,0.0346093,0.0529301,0.0155827,6.32478e+06,0,0,0.777778,465,4,0,HOLD
2025-08-12 19:02:07 UTC,1h,DOT-USDT,BTC-USDT,4.158,119259.3,3.486520548e-05,0.896256,30,0.0521255,0.0604438,0.0152374,1.83364e+07,0,0,0.777778,465,4,0,HOLD
2025-08-12 19:02:07 UTC,1h,DRIFT-USDT,BTC-USDT,0.568,119259.3,4.762731292e-06,1.26023,30,0.0395315,0.0376324,0.0131665,6.4086e+06,0,0,0.777778,465,4,0,HOLD
2025-08-12 19:02:07 UTC,1h,DUSK-USDT,BTC-USDT,0.06853,119259.3,5.746302385e-07,1.11843,30,0.0416477,0.0518803,0.0147276,275654,0,0,0.777778,465,4,0,HOLD
2025-08-12 19:02:07 UTC,1h,DYDX-USDT,BTC-USDT,0.6674,119259.3,5.596209268e-06,0.958505,30,0.0277179,0.0313707,0.0167708,6.24952e+06,0,0,0.777778,465,4,0,HOLD
2025-08-12 19:02:07 UTC,1h,DYM-USDT,BTC-USDT,0.2632,119259.3,2.206955768e-06,1.22718,30,0.0465209,0.0374458,0.019594,3.2316e+06,0,0,0.777778,465,4,0,HOLD
2025-08-12 19:02:07 UTC,1h,EDU-USDT,BTC-USDT,0.148,119259.3,1.240993365e-06,-0.112459,30,-0.0179164,0.0249307,0.0506274,5.8442e+06,0,0,0.777778,465,4,0,EXIT_ZONE
2025-08-12 19:02:07 UTC,1h,EGLD-USDT,BTC-USDT,15.982,119259.3,0.0001340105132,1.11085,30,0.0431434,0.0511016,0.0128269,3.15248e+06,0,0,0.777778,465,4,0,HOLD
2025-08-12 19:02:07 UTC,1h,EIGEN-USDT,BTC-USDT,1.3938,119259.3,1.168713886e-05,-0.00901969,30,0.00941483,0.0190831,0.0215854,5.6663e+06,0,0,0.777778,465,4,0,EXIT_ZONE
2025-08-12 19:02:07 UTC,1h,ELX-USDT,BTC-USDT,0.1756,119259.3,1.472421857e-06,0.816933,30,0.0396684,0.0378251,0.0178978,473570,0,0,0.777778,465,4,0,HOLD
2025-08-12 19:02:07 UTC,1h,ENA-USDT,BTC-USDT,0.8099,119259.3,6.791084637e-06,-0.213061,30,0.000247005,0.0187421,0.027402,1.01075e+08,0,0,0.777778,465,4,0,EXIT_ZONE
2025-08-12 19:02:07 UTC,1h,ENJ-USDT,BTC-USDT,0.07377,119259.3,6.185681117e-07,1.22795,30,0.0437182,0.0478693,0.0137783,2.05929e+06,0,0,0.777778,465,4,0,HOLD
2025-08-12 19:02:07 UTC,1h,ENS-USDT,BTC-USDT,29.137,119259.3,0.0002443163762,1.39212,30,0.0197389,0.0309968,0.014699,1.1979e+07,0,0,0.777778,465,4,0,HOLD
2025-08-12 19:02:07 UTC,1h,EPIC-USDT,BTC-USDT,2.1135,119259.3,1.772188836e-05,-0.411275,30,0.00916774,-0.00503719,0.0137551,2.04005e+06,0,0,0.777778,465,4,0,EXIT_ZONE
2025-08-12 19:02:07 UTC,1h,EPT-USDT,BTC-USDT,0.004367,119259.3,3.661768935e-08,1.384,30,0.016054,0.0336095,0.0142792,6.33153e+06,0,0,0.777778,465,4,0,HOLD
2025-08-12 19:02:07 UTC,1h,ERA-USDT,BTC-USDT,1.0298,119259.3,8.634965994e-06,1.14598,30,0.018394,0.00341031,0.0149336,8.28973e+06,0,0,0.777778,465,4,0,HOLD
2025-08-12 19:02:07 UTC,1h,ES-USDT,BTC-USDT,0.2186,119259.3,1.83298074e-06,1.28058,30,0.0248476,0.0205415,0.0188864,6.27545e+06,0,0,0.777778,465,4,0,HOLD
2025-08-12 19:02:07 UTC,1h,ESPORTS-USDT,BTC-USDT,0.1282,119259.3,1.074968577e-06,-1.62098,30,-0.00620155,-0.0161167,0.0182193,6.60081e+06,0,0,0.777778,465,4,0,HOLD
2025-08-12 19:02:07 UTC,1h,ETC-USDT,BTC-USDT,23.52,119259.3,0.0001972173239,1.07984,30,0.0379523,0.046403,0.0144224,1.26155e+07,0,0,0.777778,465,4,0,HOLD
2025-08-12 19:02:07 UTC,1h,ETH-USDT,BTC-USDT,4488.57,119259.3,0.03763706478,1.22326,30,0.0244813,0.0403863,0.0109286,2.69241e+09,0,0,0.777778,465,4,0,HOLD
2025-08-12 19:02:07 UTC,1h,ETHFI-USDT,BTC-USDT,1.2186,119259.3,1.021807104e-05,0.443561,30,0.017875,0.0237755,0.0239971,1.31984e+07,0,0,0.777778,465,4,0,EXIT_ZONE
2025-08-12 19:02:07 UTC,1h,ETHW-USDT,BTC-USDT,1.7282,119259.3,1.449111306e-05,1.13232,30,0.0349123,0.0510248,0.0144825,1.9945e+06,0,0,0.777778,465,4,0,HOLD
2025-08-12 19:02:07 UTC,1h,F-USDT,BTC-USDT,0.007934,119259.3,6.652730647e-08,0.10922,30,0.015487,0.00659731,0.012505,6.26377e+06,0,0,0.777778,465,4,0,EXIT_ZONE
2025-08-12 19:02:07 UTC,1h,FARTCOIN-USDT,BTC-USDT,0.9558,119259.3,8.014469312e-06,1.39905,30,0.101533,0.126326,0.0288091,7.14619e+07,0,0,0.777778,465,4,0,HOLD
2025-08-12 19:02:07 UTC,1h,FET-USDT,BTC-USDT,0.7239,119259.3,6.069966871e-06,1.12211,30,0.0342906,0.0345863,0.0145541,5.64051e+06,0,0,0.777778,465,4,0,HOLD
2025-08-12 19:02:07 UTC,1h,FHE-USDT,BTC-USDT,0.06355,119259.3,5.328724888e-07,1.17285,30,0.00681242,0.00410807,0.0178375,6.44437e+06,0,0,0.777778,465,4,0,HOLD
2025-08-12 19:02:07 UTC,1h,FIDA-USDT,BTC-USDT,0.10443,119259.3,8.756549804e-07,1.27797,30,0.0482835,0.0665918,0.0171133,857775,0,0,0.777778,465,4,0,HOLD
2025-08-12 19:02:07 UTC,1h,FIL-USDT,BTC-USDT,2.621,119259.3,2.197732168e-05,1.1232,30,0.0425617,0.050501,0.0125361,9.92288e+06,0,0,0.777778,465,4,0,HOLD
2025-08-12 19:02:07 UTC,1h,FIO-USDT,BTC-USDT,0.02099,119259.3,1.760030455e-07,0.58518,30,0.0194269,0.00478698,0.0179337,6.4239e+06,0,0,0.777778,465,4,0,HOLD
2025-08-12 19:02:07 UTC,1h,FIS-USDT,BTC-USDT,0.12171,119259.3,1.020549341e-06,1.04909,30,0.0207145,0.0414135,0.0145897,6.33708e+06,0,0,0.777778,465,4,0,HOLD
2025-08-12 19:02:07 UTC,1h,FLM-USDT,BTC-USDT,0.03066,119259.3,2.570868687e-07,1.17765,30,0.0330189,0.0543329,0.0133958,715765,0,0,0.777778,465,4,0,HOLD
2025-08-12 19:02:07 UTC,1h,FLOCK-USDT,BTC-USDT,0.18359,119259.3,1.539418729e-06,-0.375149,30,-0.00890736,0.0455607,0.0319384,6.50526e+06,0,0,0.777778,465,4,0,EXIT_ZONE
2025-08-12 19:02:07 UTC,1h,FLOKI-USDT,BTC-USDT,0.00011411,119259.3,9.568226545e-10,1.38267,30,0.0429577,0.0424813,0.0153862,6.38747e+06,0,0,0.777778,465,4,0,HOLD
2025-08-12 19:02:07 UTC,1h,FLOW-USDT,BTC-USDT,0.388,119259.3,3.253415038e-06,1.23571,30,0.0402145,0.0514905,0.0115979,2.31986e+06,0,0,0.777778,465,4,0,HOLD
2025-08-12 19:02:07 UTC,1h,FLUX-USDT,BTC-USDT,0.2278,119259.3,1.910123571e-06,0.451995,30,0.0312359,0.0335753,0.0159288,434111,0,0,0.777778,465,4,0,EXIT_ZONE
2025-08-12 19:02:07 UTC,1h,FORM-USDT,BTC-USDT,3.7863,119259.3,3.174846742e-05,-0.305859,30,0.00304652,-0.0157018,0.00690837,2.15377e+06,0,0,0.777778,465,4,0,EXIT_ZONE
2025-08-12 19:02:07 UTC,1h,FORTH-USDT,BTC-USDT,2.8319,119259.3,2.374573723e-05,0.763105,30,0.00596782,-0.00750009,0.0193787,1.03206e+06,0,0,0.777778,465,4,0,HOLD
2025-08-12 19:02:07 UTC,1h,FRAG-USDT,BTC-USDT,0.04456,119259.3,3.736396239e-07,1.34396,30,0.0433154,0.0333952,0.0222012,6.26002e+06,0,0,0.777778,465,4,0,HOLD
2025-08-12 19:02:07 UTC,1h,FUEL-USDT,BTC-USDT,0.00739,119259.3,6.196581734e-08,-1.20478,30,-0.00269906,-0.048906,0.014885,333395,0,0,0.777778,465,4,0,HOLD
2025-08-12 19:02:07 UTC,1h,FUNTOKEN-USDT,BTC-USDT,0.009357,119259.3,7.845928997e-08,-0.00028264,30,0.0167337,-0.0223592,0.0361074,8.68792e+06,0,0,0.777778,465,4,0,EXIT_ZONE
2025-08-12 19:02:07 UTC,1h,FXS-USDT,BTC-USDT,3.154,119259.3,2.644657482e-05,0.622497,30,0.0289368,0.043956,0.014091,2.11736e+06,0,0,0.777778,465,4,0,HOLD
2025-08-12 19:02:07 UTC,1h,G-USDT,BTC-USDT,0.01256,119259.3,1.053167342e-07,1.3501,30,0.048414,0.0536913,0.0128526,6.22208e+06,0,0,0.777778,465,4,0,HOLD
2025-08-12 19:02:07 UTC,1h,GALA-USDT,BTC-USDT,0.01792,119259.3,1.502608182e-07,1.24004,30,0.0485664,0.0541176,0.0168208,9.33533e+06,0,0,0.777778,465,4,0,HOLD
2025-08-12 19:02:07 UTC,1h,GAS-USDT,BTC-USDT,3.343,119259.3,2.803135688e-05,1.29532,30,0.0260896,0.0279828,0.0105765,1.91316e+06,0,0,0.777778,465,4,0,HOLD
2025-08-12 19:02:07 UTC,1h,GHST-USDT,BTC-USDT,0.5107,119259.3,4.282265618e-06,0.229308,30,-0.00854203,0.0672936,0.0293435,6.96532e+06,0,0,0.777778,465,4,0,EXIT_ZONE
2025-08-12 19:02:07 UTC,1h,GLM-USDT,BTC-USDT,0.26291,119259.3,2.204524092e-06,1.22973,30,0.0247106,0.0227573,0.0102099,513080,0,0,0.777778,465,4,0,HOLD
2025-08-12 19:02:07 UTC,1h,GMT-USDT,BTC-USDT,0.04775,119259.3,4.00388062e-07,1.31874,30,0.0457731,0.0515305,0.0126253,691603,0,0,0.777778,465,4,0,HOLD
2025-08-12 19:02:07 UTC,1h,GMX-USDT,BTC-USDT,16.859,119259.3,0.0001413642374,-0.375381,30,0.0103074,0.00976282,0.0164092,2.42605e+06,0,0,0.777778,465,4,0,EXIT_ZONE
2025-08-12 19:02:07 UTC,1h,GOAT-USDT,BTC-USDT,0.10607,119259.3,8.894065285e-07,1.25156,30,0.0563689,0.0935052,0.0172662,6.58184e+06,0,0,0.777778,465,4,0,HOLD
2025-08-12 19:02:07 UTC,1h,GOR-USDT,BTC-USDT,0.01859,119259.3,1.558788287e-07,0.364903,30,0.040291,0.153226,0.0386537,6.39074e+06,0,0,0.777778,465,4,0,EXIT_ZONE
2025-08-12 19:02:07 UTC,1h,GORK-USDT,BTC-USDT,0.00838,119259.3,7.026705674e-08,0.662145,30,0.023199,0.114362,0.024463,6.3509e+06,0,0,0.777778,465,4,0,HOLD
2025-08-12 19:02:07 UTC,1h,GPS-USDT,BTC-USDT,0.0161,119259.3,1.349999539e-07,1.22535,30,0.024825,-0.0128755,0.0228039,6.34834e+06,0,0,0.777778,465,4,0,HOLD
2025-08-12 19:02:07 UTC,1h,GRASS-USDT,BTC-USDT,0.7966,119259.3,6.679562936e-06,0.511766,30,0.0346798,0.0298643,0.0251157,7.24995e+06,0,0,0.777778,465,4,0,HOLD
2025-08-12 19:02:07 UTC,1h,GRIFFAIN-USDT,BTC-USDT,0.04484,119259.3,3.759874492e-07,1.5355,30,0.0274977,0.0488889,0.0209634,6.85657e+06,0,0,0.777778,465,4,0,HOLD
2025-08-12 19:02:07 UTC,1h,GRT-USDT,BTC-USDT,0.09979,119259.3,8.367481614e-07,1.26184,30,0.0483244,0.0601296,0.0139865,2.83084e+06,0,0,0.777778,465,4,0,HOLD
2025-08-12 19:02:07 UTC,1h,GTC-USDT,BTC-USDT,0.312,119259.3,2.616148175e-06,1.27682,30,0.04,0.0540541,0.0155678,1.93716e+06,0,0,0.777778,465,4,0,HOLD
2025-08-12 19:02:07 UTC,1h,GUN-USDT,BTC-USDT,0.03096,119259.3,2.596023958e-07,1.0136,30,0.0268657,0.0200988,0.0164959,6.3153e+06,0,0,0.777778,465,4,0,HOLD
2025-08-12 19:02:07 UTC,1h,H-USDT,BTC-USDT,0.03778,119259.3,3.167887117e-07,0.970447,30,0.0172321,0.0230165,0.0117409,6.36215e+06,0,0,0.777778,465,4,0,HOLD
2025-08-12 19:02:07 UTC,1h,HAEDAL-USDT,BTC-USDT,0.144569,119259.3,1.21222412e-06,1.1704,30,0.0345126,0.0403342,0.0158965,6.2451e+06,0,0,0.777778,465,4,0,HOLD
2025-08-12 19:02:07 UTC,1h,HBAR-USDT,BTC-USDT,0.25892,119259.3,2.171067581e-06,1.60034,30,0.0315538,0.0409263,0.0109217,1.31155e+07,0,0,0.777778,465,4,0,HOLD
2025-08-12 19:02:07 UTC,1h,HEI-USDT,BTC-USDT,0.5048,119259.3,4.232793585e-06,-0.515627,30,0.0015873,0.00939812,0.0222578,813414,0,0,0.777778,465,4,0,HOLD
2025-08-12 19:02:07 UTC,1h,HFT-USDT,BTC-USDT,0.09879,119259.3,8.283630711e-07,0.977822,30,0.0236245,0.0192943,0.0244819,6.44724e+06,0,0,0.777778,465,4,0,HOLD
2025-08-12 19:02:07 UTC,1h,HIFI-USDT,BTC-USDT,0.10358,119259.3,8.685276536e-07,1.85754,30,0.179324,0.258413,0.03719,4.07209e+06,0,0,0.777778,465,4,0,HOLD
2025-08-12 19:02:07 UTC,1h,HIGH-USDT,BTC-USDT,0.605,119259.3,5.072979633e-06,1.07517,30,0.0420255,0.0498005,0.0144864,5.49589e+06,0,0,0.777778,465,4,0,HOLD
2025-08-12 19:02:07 UTC,1h,HIPPO-USDT,BTC-USDT,0.00238,119259.3,1.995651492e-08,0.0390003,30,0.00549218,0.00890208,0.027521,1.93461e+06,0,0,0.777778,465,4,0,EXIT_ZONE
2025-08-12 19:02:07 UTC,1h,HIVE-USDT,BTC-USDT,0.2263,119259.3,1.897545936e-06,1.28891,30,0.0278421,0.0322022,0.00969636,408255,0,0,0.777778,465,4,0,HOLD
2025-08-12 19:02:07 UTC,1h,HMSTR-USDT,BTC-USDT,0.0007768,119259.3,6.513538148e-09,1.02941,30,0.0367009,0.0396146,0.0152733,531087,0,0,0.777778,465,4,0,HOLD
2025-08-12 19:02:07 UTC,1h,HOME-USDT,BTC-USDT,0.043668,119259.3,3.661601234e-07,1.26179,30,0.0715811,0.111937,0.018639,6.50155e+06,0,0,0.777778,465,4,0,HOLD
2025-08-12 19:02:07 UTC,1h,HOODX-USDT,BTC-USDT,114.35,119259.3,0.0009588350762,-0.712262,30,-0.00131004,0.00527473,0.00955088,6.22022e+06,0,0,0.777778,465,4,0,HOLD
2025-08-12 19:02:07 UTC,1h,HOOK-USDT,BTC-USDT,0.114,119259.3,9.559002946e-07,1.21124,30,0.0430009,0.046832,0.0238722,5.62077e+06,0,0,0.777778,465,4,0,HOLD
2025-08-12 19:02:07 UTC,1h,HOT-USDT,BTC-USDT,0.00104,119259.3,8.720493915e-09,1.07043,30,0.0420842,0.0462777,0.0140797,1.88563e+06,0,0,0.777778,465,4,0,HOLD
2025-08-12 19:02:07 UTC,1h,HOUSE-USDT,BTC-USDT,0.0227,119259.3,1.903415499e-07,1.15648,30,0.0642288,0.0436782,0.0374449,6.96684e+06,0,0,0.777778,465,4,0,HOLD
2025-08-12 19:02:07 UTC,1h,HUMA-USDT,BTC-USDT,0.039034,119259.3,3.273036149e-07,1.30225,30,0.139379,0.158004,0.023302,6.99406e+06,0,0,0.777778,465,4,0,HOLD
2025-08-12 19:02:07 UTC,1h,HYPE-USDT,BTC-USDT,43.884,119259.3,0.0003679713029,0.0438548,30,0.0151753,0.0125986,0.0172321,2.3554e+07,0,0,0.777778,465,4,0,EXIT_ZONE
2025-08-12 19:02:07 UTC,1h,HYPERLANE-USDT,BTC-USDT,0.3864,119259.3,3.239998893e-06,0.997394,30,0.0298507,0.0139071,0.0178756,6.88405e+06,0,0,0.777778,465,4,0,HOLD
2025-08-12 19:02:07 UTC,1h,ICNT-USDT,BTC-USDT,0.3527,119259.3,2.95742135e-06,-1.03292,30,-0.0208218,-0.114264,0.0700919,1.68789e+07,0,0,0.777778,465,4,0,HOLD
2025-08-12 19:02:07 UTC,1h,ICP-USDT,BTC-USDT,5.678,119259.3,4.761054274e-05,1.20104,30,0.0460575,0.0458648,0.0132089,4.99228e+06,0,0,0.777778,465,4,0,HOLD
2025-08-12 19:02:07 UTC,1h,ICX-USDT,BTC-USDT,0.1369,119259.3,1.147918863e-06,1.24803,30,0.0371212,0.0410646,0.0119482,296748,0,0,0.777778,465,4,0,HOLD
2025-08-12 19:02:07 UTC,1h,ID-USDT,BTC-USDT,0.17733,119259.3,1.486928063e-06,1.16194,30,0.0176758,0.0431176,0.0227381,2.54944e+06,0,0,0.777778,465,4,0,HOLD
2025-08-12 19:02:07 UTC,1h,IDOL-USDT,BTC-USDT,0.01673,119259.3,1.402825608e-07,0.0940429,30,-0.0216374,-0.00178998,0.045342,7.3112e+06,0,0,0.777778,465,4,0,EXIT_ZONE
2025-08-12 19:02:07 UTC,1h,ILV-USDT,BTC-USDT,17.613,119259.3,0.0001476865955,0.628246,30,0.0166234,0.0139313,0.017114,6.5124e+06,0,0,0.777778,465,4,0,HOLD
2025-08-12 19:02:07 UTC,1h,IMX-USDT,BTC-USDT,0.5856,119259.3,4.910308882e-06,1.0825,30,0.0186119,0.0193211,0.01865,5.77822e+06,0,0,0.777778,465,4,0,HOLD
2025-08-12 19:02:07 UTC,1h,IN-USDT,BTC-USDT,0.10524,119259.3,8.824469035e-07,0.560404,30,0.12256,0.142547,0.0584514,1.01952e+07,0,0,0.777778,465,4,0,HOLD
2025-08-12 19:02:07 UTC,1h,INIT-USDT,BTC-USDT,0.4575,119259.3,3.836178814e-06,-0.0482429,30,0.023719,0.0644486,0.0241374,6.69047e+06,0,0,0.777778,465,4,0,EXIT_ZONE
2025-08-12 19:02:07 UTC,1h,INJ-USDT,BTC-USDT,14.626,119259.3,0.0001226403308,1.10721,30,0.0472576,0.0602392,0.0157352,3.06534e+07,0,0,0.777778,465,4,0,HOLD
2025-08-12 19:02:07 UTC,1h,IO-USDT,BTC-USDT,0.6667,119259.3,5.590339705e-06,1.29341,30,0.0817784,0.10326,0.0198526,9.5969e+06,0,0,0.777778,465,4,0,HOLD
2025-08-12 19:02:07 UTC,1h,IOST-USDT,BTC-USDT,0.003808,119259.3,3.193042387e-08,1.15773,30,0.0345015,0.037885,0.011367,1.90925e+06,0,0,0.777778,465,4,0,HOLD
2025-08-12 19:02:07 UTC,1h,IOTA-USDT,BTC-USDT,0.2103,119259.3,1.763384491e-06,1.10688,30,0.0359606,0.0441907,0.0134502,2.28927e+06,0,0,0.777778,465,4,0,HOLD
2025-08-12 19:02:07 UTC,1h,IP-USDT,BTC-USDT,5.79707,119259.3,4.860895544e-05,1.28485,30,0.00460445,0.0244182,0.020323,1.09411e+07,0,0,0.777778,465,4,0,HOLD
2025-08-12 19:02:07 UTC,1h,JASMY-USDT,BTC-USDT,0.01844,119259.3,1.546210652e-07,1.14653,30,0.0822867,0.0974231,0.0239348,5.43072e+06,0,0,0.777778,465,4,0,HOLD
2025-08-12 19:02:07 UTC,1h,JOE-USDT,BTC-USDT,0.1653,119259.3,1.386055427e-06,0.998143,30,0.040146,0.0432313,0.0137672,1.9068e+06,0,0,0.777778,465,4,0,HOLD
2025-08-12 19:02:07 UTC,1h,JST-USDT,BTC-USDT,0.033865,119259.3,2.839610831e-07,1.49459,30,0.0117412,0.00641921,0.00565481,1.87852e+06,0,0,0.777778,465,4,0,HOLD
2025-08-12 19:02:07 UTC,1h,JTO-USDT,BTC-USDT,1.9138,119259.3,1.604738582e-05,1.40233,30,0.06779,0.0724573,0.0148433,5.03943e+06,0,0,0.777778,465,4,0,HOLD
2025-08-12 19:02:07 UTC,1h,JUP-USDT,BTC-USDT,0.5283,119259.3,4.429843207e-06,1.22886,30,0.0500894,0.0557554,0.015562,1.18943e+07,0,0,0.777778,465,4,0,HOLD
2025-08-12 19:02:07 UTC,1h,KAIA-USDT,BTC-USDT,0.1501,119259.3,1.258602055e-06,1.18833,30,0.0252732,0.0287868,0.0111354,6.47841e+06,0,0,0.777778,465,4,0,HOLD
2025-08-12 19:02:07 UTC,1h,KAITO-USDT,BTC-USDT,1.2086,119259.3,1.013422014e-05,0.901655,30,0.0531544,0.0672907,0.0177478,6.8139e+06,0,0,0.777778,465,4,0,HOLD
2025-08-12 19:02:07 UTC,1h,KAS-USDT,BTC-USDT,0.09304,119259.3,7.801488018e-07,1.39905,30,0.0458633,0.0422314,0.0150703,7.66564e+06,0,0,0.777778,465,4,0,HOLD
2025-08-12 19:02:07 UTC,1h,KAVA-USDT,BTC-USDT,0.3861,119259.3,3.237483366e-06,1.5209,30,0.0157853,0.0206186,0.00577201,2.13121e+06,0,0,0.777778,465,4,0,HOLD
2025-08-12 19:02:07 UTC,1h,KDA-USDT,BTC-USDT,0.428,119259.3,3.58881865e-06,0.726606,30,0.0300842,0.0380791,0.0160714,2.0203e+06,0,0,0.777778,465,4,0,HOLD
2025-08-12 19:02:07 UTC,1h,KERNEL-USDT,BTC-USDT,0.2023,119259.3,1.696303768e-06,0.687089,30,0.0186304,0.0212014,0.0166655,6.5478e+06,0,0,0.777778,465,4,0,HOLD
2025-08-12 19:02:07 UTC,1h,KMNO-USDT,BTC-USDT,0.05523,119259.3,4.631085374e-07,1.24145,30,0.0452309,0.0606875,0.0142909,397790,0,0,0.777778,465,4,0,HOLD
2025-08-12 19:02:07 UTC,1h,KNC-USDT,BTC-USDT,0.424,119259.3,3.555278289e-06,0.0898492,30,0.00952381,0.0155689,0.0125674,2.1249e+06,0,0,0.777778,465,4,0,EXIT_ZONE
2025-08-12 19:02:07 UTC,1h,KOMA-USDT,BTC-USDT,0.02436,119259.3,2.042607998e-07,0.294066,30,0.0175439,0.0201005,0.0100575,1.8808e+06,0,0,0.777778,465,4,0,EXIT_ZONE
2025-08-12 19:02:07 UTC,1h,KSM-USDT,BTC-USDT,15.768,119259.3,0.0001322161039,1.20766,30,0.0429951,0.0503597,0.0136262,2.98713e+06,0,0,0.777778,465,4,0,HOLD
2025-08-12 19:02:07 UTC,1h,LA-USDT,BTC-USDT,0.4044,119259.3,3.390930519e-06,-0.418446,30,-0.00687623,0.115894,0.0429914,1.20351e+07,0,0,0.777778,465,4,0,EXIT_ZONE
2025-08-12 19:02:07 UTC,1h,LAUNCHCOIN-USDT,BTC-USDT,0.07281,119259.3,6.10518425e-07,1.58665,30,0.0624544,0.0775492,0.0222791,6.49565e+06,0,0,0.777778,465,4,0,HOLD
2025-08-12 19:02:07 UTC,1h,LAYER-USDT,BTC-USDT,0.6369,119259.3,5.340464014e-06,1.49977,30,0.0388191,0.0394973,0.0104748,6.35405e+06,0,0,0.777778,465,4,0,HOLD
2025-08-12 19:02:07 UTC,1h,LDO-USDT,BTC-USDT,1.5485,119259.3,1.298431233e-05,0.0720856,30,0.0258364,0.0294509,0.0306564,3.37382e+07,0,0,0.777778,465,4,0,EXIT_ZONE
2025-08-12 19:02:07 UTC,1h,LINK-USDT,BTC-USDT,23.403,119259.3,0.0001962362684,0.285509,30,0.0339298,0.0898803,0.0212549,8.07854e+07,0,0,0.777778,465,4,0,EXIT_ZONE
2025-08-12 19:02:07 UTC,1h,LISTA-USDT,BTC-USDT,0.3117,119259.3,2.613632648e-06,1.39713,30,0.0246548,0.0519744,0.0197993,4.60064e+06,0,0,0.777778,465,4,0,HOLD
2025-08-12 19:02:07 UTC,1h,LPT-USDT,BTC-USDT,6.817,119259.3,5.71611606e-05,1.07489,30,0.046194,0.0546101,0.0148264,2.2575e+06,0,0,0.777778,465,4,0,HOLD
2025-08-12 19:02:07 UTC,1h,LQTY-USDT,BTC-USDT,1.0365,119259.3,8.691146099e-06,0.712461,30,0.02078,0.0281718,0.0166081,973144,0,0,0.777778,465,4,0,HOLD
2025-08-12 19:02:07 UTC,1h,LRC-USDT,BTC-USDT,0.09154,119259.3,7.675711664e-07,1.0251,30,0.0561901,0.071646,0.015091,491759,0,0,0.777778,465,4,0,HOLD
2025-08-12 19:02:07 UTC,1h,LTC-USDT,BTC-USDT,126.55,119259.3,0.001061133178,1.53544,30,0.0461271,0.0611269,0.0115652,4.15297e+07,0,0,0.777778,465,4,0,HOLD
2025-08-12 19:02:07 UTC,1h,LUMIA-USDT,BTC-USDT,0.355,119259.3,2.976707058e-06,1.93005,30,0.0475066,0.0670274,0.0212274,700517,0,0,0.777778,465,4,0,HOLD
2025-08-12 19:02:07 UTC,1h,LUNA-USDT,BTC-USDT,0.1656,119259.3,1.388570954e-06,0.615683,30,0.0272953,0.0369443,0.0144928,1.99724e+06,0,0,0.777778,465,4,0,HOLD
2025-08-12 19:02:07 UTC,1h,LUNC-USDT,BTC-USDT,6.25e-05,119259.3,5.24068144e-10,0.854427,30,0.0200751,0.0276225,0.0106857,1.13262e+06,0,0,0.777778,465,4,0,HOLD
2025-08-12 19:02:07 UTC,1h,M-USDT,BTC-USDT,0.4271,119259.3,3.581272069e-06,-1.81682,30,-0.0425913,-0.0544609,0.0213734,7.53664e+06,0,0,0.777778,465,4,0,HOLD
2025-08-12 19:02:07 UTC,1h,MAGIC-USDT,BTC-USDT,0.2707,119259.3,2.269843945e-06,0.948524,30,0.0161411,-0.0287047,0.0299488,1.19635e+07,0,0,0.777778,465,4,0,HOLD
2025-08-12 19:02:07 UTC,1h,MANA-USDT,BTC-USDT,0.308,119259.3,2.582607813e-06,1.27931,30,0.0430071,0.0458404,0.0135668,2.32615e+06,0,0,0.777778,465,4,0,HOLD
2025-08-12 19:02:07 UTC,1h,MANTA-USDT,BTC-USDT,0.2361,119259.3,1.979719821e-06,1.13498,30,0.0378022,0.0497999,0.0191505,1.04137e+06,0,0,0.777778,465,4,0,HOLD
2025-08-12 19:02:07 UTC,1h,MASK-USDT,BTC-USDT,1.3497,119259.3,1.131735638e-05,1.14393,30,0.0421589,0.0464413,0.0136803,2.24726e+06,0,0,0.777778,465,4,0,HOLD
2025-08-12 19:02:07 UTC,1h,MAV-USDT,BTC-USDT,0.06014,119259.3,5.042793308e-07,-0.527245,30,-0.0157119,0.0865402,0.0453466,4.56531e+06,0,0,0.777778,465,4,0,HOLD
2025-08-12 19:02:07 UTC,1h,MAVIA-USDT,BTC-USDT,0.2002,119259.3,1.678695079e-06,1.77562,30,0.0520231,0.0898204,0.0279363,7.62052e+06,0,0,0.777778,465,4,0,HOLD
2025-08-12 19:02:07 UTC,1h,MBOX-USDT,BTC-USDT,0.06133,119259.3,5.142575883e-07,0.685923,30,0.0499914,0.0695849,0.0188442,779667,0,0,0.777778,465,4,0,HOLD
2025-08-12 19:02:07 UTC,1h,ME-USDT,BTC-USDT,0.747,119259.3,6.263662457e-06,1.38513,30,0.026663,0.0303448,0.011637,835838,0,0,0.777778,465,4,0,HOLD
2025-08-12 19:02:07 UTC,1h,MELANIA-USDT,BTC-USDT,0.226,119259.3,1.895030409e-06,1.09466,30,0.0386029,0.0443623,0.0151707,780080,0,0,0.777778,465,4,0,HOLD
2025-08-12 19:02:07 UTC,1h,MEME-USDT,BTC-USDT,0.001796,119259.3,1.505962218e-08,1.14967,30,0.0309989,0.0387507,0.0165845,2.22717e+06,0,0,0.777778,465,4,0,HOLD
2025-08-12 19:02:07 UTC,1h,MERL-USDT,BTC-USDT,0.11638,119259.3,9.758568095e-07,0.871316,30,0.0300938,0.0316461,0.0125206,6.24716e+06,0,0,0.777778,465,4,0,HOLD
2025-08-12 19:02:07 UTC,1h,METAX-USDT,BTC-USDT,789.03,119259.3,0.006616087802,0.654534,30,0.00971284,0.0280119,0.00807864,6.23605e+06,0,0,0.777778,465,4,0,HOLD
2025-08-12 19:02:07 UTC,1h,METIS-USDT,BTC-USDT,18.26,119259.3,0.0001531117489,0.297123,30,0.0144444,0.0264193,0.0198717,2.08993e+06,0,0,0.777778,465,4,0,EXIT_ZONE
2025-08-12 19:02:07 UTC,1h,MEW-USDT,BTC-USDT,0.003307,119259.3,2.772949363e-08,1.36425,30,0.0535202,0.0709197,0.0170634,3.67342e+06,0,0,0.777778,465,4,0,HOLD
2025-08-12 19:02:07 UTC,1h,MILK-USDT,BTC-USDT,0.05243,119259.3,4.396302846e-07,0.617003,30,0.0115763,0.0178606,0.0131877,6.27162e+06,0,0,0.777778,465,4,0,HOLD
2025-08-12 19:02:07 UTC,1h,MINA-USDT,BTC-USDT,0.1991,119259.3,1.669471479e-06,1.12205,30,0.0424084,0.0495519,0.0146732,2.08094e+06,0,0,0.777778,465,4,0,HOLD
2025-08-12 19:02:07 UTC,1h,MKR-USDT,BTC-USDT,2018.9,119259.3,0.01692865881,0.821944,30,0.0225903,-0.00473256,0.0132604,7.27331e+06,0,0,0.777778,465,4,0,HOLD
2025-08-12 19:02:07 UTC,1h,MLN-USDT,BTC-USDT,9.388,119259.3,7.871922777e-05,1.48041,30,0.118951,0.135187,0.0269493,6.80548e+06,0,0,0.777778,465,4,0,HOLD
2025-08-12 19:02:07 UTC,1h,MNT-USDT,BTC-USDT,1.03234,119259.3,8.656264124e-06,1.28436,30,0.0145947,0.00535624,0.0174887,7.17212e+06,0,0,0.777778,465,4,0,HOLD
2025-08-12 19:02:07 UTC,1h,MOODENG-USDT,BTC-USDT,0.17872,119259.3,1.498583339e-06,0.749927,30,0.0227767,0.0110313,0.0190442,1.03243e+07,0,0,0.777778,465,4,0,HOLD
2025-08-12 19:02:07 UTC,1h,MORPHO-USDT,BTC-USDT,2.1535,119259.3,1.805729197e-05,0.477526,30,0.0242568,0.0362333,0.0162825,727754,0,0,0.777778,465,4,0,EXIT_ZONE
2025-08-12 19:02:07 UTC,1h,MOVE-USDT,BTC-USDT,0.1427,119259.3,1.196552386e-06,1.09103,30,0.028098,0.037064,0.012764,6.84407e+06,0,0,0.777778,465,4,0,HOLD
2025-08-12 19:02:07 UTC,1h,MOVR-USDT,BTC-USDT,6.705,119259.3,5.622203048e-05,-0.0300046,30,0.0136054,0.00827068,0.0148716,1.9536e+06,0,0,0.777778,465,4,0,EXIT_ZONE
2025-08-12 19:02:07 UTC,1h,MTL-USDT,BTC-USDT,0.7717,119259.3,6.470774187e-06,1.05479,30,0.0363954,0.040027,0.0110332,539921,0,0,0.777778,465,4,0,HOLD
2025-08-12 19:02:07 UTC,1h,MUBARAK-USDT,BTC-USDT,0.0378,119259.3,3.169564135e-07,0.338116,30,0.015856,0.0600112,0.0183107,2.41802e+06,0,0,0.777778,465,4,0,EXIT_ZONE
2025-08-12 19:02:07 UTC,1h,MYRO-USDT,BTC-USDT,0.02758,119259.3,2.312607906e-07,1.17457,30,0.0681642,0.112545,0.0375013,4.51339e+06,0,0,0.777778,465,4,0,HOLD
2025-08-12 19:02:07 UTC,1h,MYX-USDT,BTC-USDT,1.70198,119259.3,1.427125599e-05,0.566278,30,0.000146909,0.0471532,0.0228767,1.3682e+07,0,0,0.777778,465,4,0,HOLD
2025-08-12 19:02:07 UTC,1h,NAORIS-USDT,BTC-USDT,0.03098,119259.3,2.597700976e-07,0.646691,30,0.0157377,0.0144073,0.0254081,6.51876e+06,0,0,0.777778,465,4,0,HOLD
2025-08-12 19:02:07 UTC,1h,NEAR-USDT,BTC-USDT,2.7561,119259.3,2.311014738e-05,1.10869,30,0.0442937,0.0475086,0.0143422,1.29443e+07,0,0,0.777778,465,4,0,HOLD
2025-08-12 19:02:07 UTC,1h,NEIROCTO-USDT,BTC-USDT,0.0004276,119259.3,3.585464614e-09,1.0251,30,0.0568463,0.0727546,0.018826,6.96847e+06,0,0,0.777778,465,4,0,HOLD
2025-08-12 19:02:07 UTC,1h,NEIROETH-USDT,BTC-USDT,0.12027,119259.3,1.008474811e-06,-0.876576,30,-0.0210809,-0.0460062,0.0211488,1.31008e+06,0,0,0.777778,465,4,0,HOLD
2025-08-12 19:02:07 UTC,1h,NEO-USDT,BTC-USDT,6.552,119259.3,5.493911167e-05,1.22967,30,0.038681,0.0464782,0.0137036,2.856e+06,0,0,0.777778,465,4,0,HOLD
2025-08-12 19:02:07 UTC,1h,NEWT-USDT,BTC-USDT,0.3497,119259.3,2.932266079e-06,1.22967,30,0.0379935,0.0343094,0.014298,6.44309e+06,0,0,0.777778,465,4,0,HOLD
2025-08-12 19:02:07 UTC,1h,NFP-USDT,BTC-USDT,0.07365,119259.3,6.175619008e-07,0.889583,30,0.0392268,0.0370318,0.0179905,561719,0,0,0.777778,465,4,0,HOLD
2025-08-12 19:02:07 UTC,1h,NIL-USDT,BTC-USDT,0.314,119259.3,2.632918355e-06,0.903498,30,0.0291708,0.0332346,0.0172202,6.27736e+06,0,0,0.777778,465,4,0,HOLD
2025-08-12 19:02:07 UTC,1h,NMR-USDT,BTC-USDT,9.051,119259.3,7.589345233e-05,1.19253,30,0.0333371,0.0482974,0.0133924,4.26947e+06,0,0,0.777778,465,4,0,HOLD
2025-08-12 19:02:07 UTC,1h,NOT-USDT,BTC-USDT,0.002173,119259.3,1.822080123e-08,-0.79717,30,0.0027688,-0.00229568,0.0169943,5.41033e+06,0,0,0.777778,465,4,0,HOLD
2025-08-12 19:02:07 UTC,1h,NTRN-USDT,BTC-USDT,0.09758,119259.3,8.182171118e-07,1.45408,30,0.0822981,0.105347,0.0237241,2.15771e+06,0,0,0.777778,465,4,0,HOLD
2025-08-12 19:02:07 UTC,1h,NVDAX-USDT,BTC-USDT,182.76,119259.3,0.001532459104,0.861686,30,0.00955643,0.00594452,0.00572961,6.22709e+06,0,0,0.777778,465,4,0,HOLD
2025-08-12 19:02:07 UTC,1h,NXPC-USDT,BTC-USDT,0.92755,119259.3,7.777590511e-06,1.36765,30,0.0318608,0.031184,0.00947196,6.35542e+06,0,0,0.777778,465,4,0,HOLD
2025-08-12 19:02:07 UTC,1h,OBOL-USDT,BTC-USDT,0.13278,119259.3,1.11337229e-06,0.395326,30,0.0127374,0.0158366,0.0179405,6.33011e+06,0,0,0.777778,465,4,0,EXIT_ZONE
2025-08-12 19:02:07 UTC,1h,OG-USDT,BTC-USDT,13.3842,119259.3,0.0001122277256,-0.202339,30,0.0118771,0.0292213,0.0336826,8.69147e+06,0,0,0.777778,465,4,0,EXIT_ZONE
2025-08-12 19:02:07 UTC,1h,OL-USDT,BTC-USDT,0.04104,119259.3,3.44124106e-07,-0.465215,30,0.0100911,0.0118343,0.0255326,1.67979e+06,0,0,0.777778,465,4,0,EXIT_ZONE
2025-08-12 19:02:07 UTC,1h,OM-USDT,BTC-USDT,0.27797,119259.3,2.330803552e-06,1.08247,30,0.0382087,0.0523984,0.0147781,8.52857e+06,0,0,0.777778,465,4,0,HOLD
2025-08-12 19:02:07 UTC,1h,OMNINETWORK-USDT,BTC-USDT,4.349,119259.3,3.646675773e-05,1.8259,30,0.0158841,0.0092829,0.014831,1.41151e+06,0,0,0.777778,465,4,0,HOLD
2025-08-12 19:02:07 UTC,1h,ONDO-USDT,BTC-USDT,1.0475,119259.3,8.783382093e-06,0.682329,30,0.0377452,0.0536109,0.0161746,1.98324e+07,0,0,0.777778,465,4,0,HOLD
2025-08-12 19:02:07 UTC,1h,ONE-USDT,BTC-USDT,0.01132,119259.3,9.491922223e-08,1.24059,30,0.0471785,0.0520446,0.0160904,2.05324e+06,0,0,0.777778,465,4,0,HOLD
2025-08-12 19:02:07 UTC,1h,ONG-USDT,BTC-USDT,0.17947,119259.3,1.504872157e-06,1.2889,30,0.0272451,0.0319112,0.0102126,265155,0,0,0.777778,465,4,0,HOLD
2025-08-12 19:02:07 UTC,1h,ONT-USDT,BTC-USDT,0.1436,119259.3,1.204098968e-06,1.177,30,0.0390738,0.0436047,0.0131317,1.87637e+06,0,0,0.777778,465,4,0,HOLD
2025-08-12 19:02:07 UTC,1h,OP-USDT,BTC-USDT,0.784,119259.3,6.573910798e-06,1.22325,30,0.0281967,0.0313076,0.0160805,1.48495e+07,0,0,0.777778,465,4,0,HOLD
2025-08-12 19:02:07 UTC,1h,ORCA-USDT,BTC-USDT,2.605,119259.3,2.184316024e-05,1.30074,30,0.0345512,0.00656878,0.0190293,7.20187e+06,0,0,0.777778,465,4,0,HOLD
2025-08-12 19:02:07 UTC,1h,ORDER-USDT,BTC-USDT,0.1243,119259.3,1.042266725e-06,1.69707,30,0.0366972,0.0516074,0.0182163,434030,0,0,0.777778,465,4,0,HOLD
2025-08-12 19:02:07 UTC,1h,ORDI-USDT,BTC-USDT,10.141,119259.3,8.503320077e-05,1.0161,30,0.0432054,0.0500104,0.0178131,7.0511e+06,0,0,0.777778,465,4,0,HOLD
2025-08-12 19:02:07 UTC,1h,OXT-USDT,BTC-USDT,0.05704,119259.3,4.782855509e-07,1.29529,30,0.0479515,0.0393586,0.0108696,1.8927e+06,0,0,0.777778,465,4,0,HOLD
2025-08-12 19:02:07 UTC,1h,PARTI-USDT,BTC-USDT,0.1968,119259.3,1.650185772e-06,0.8561,30,0.0456961,0.0620615,0.0204341,6.4363e+06,0,0,0.777778,465,4,0,HOLD
2025-08-12 19:02:07 UTC,1h,PAXG-USDT,BTC-USDT,3343.71,119259.3,0.0280373103,0.297633,30,0.000224352,-0.00245529,0.00252884,6.94806e+06,0,0,0.777778,465,4,0,EXIT_ZONE
2025-08-12 19:02:07 UTC,1h,PENDLE-USDT,BTC-USDT,5.6244,119259.3,4.71611019e-05,0.748314,30,0.0297704,0.0301099,0.0187626,1.37945e+07,0,0,0.777778,465,4,0,HOLD
2025-08-12 19:02:07 UTC,1h,PENGU-USDT,BTC-USDT,0.036835,119259.3,3.088648013e-07,0.6037,30,0.0257303,0.0352144,0.0193643,2.85328e+07,0,0,0.777778,465,4,0,HOLD
2025-08-12 19:02:07 UTC,1h,PEOPLE-USDT,BTC-USDT,0.02042,119259.3,1.71223544e-07,1.23947,30,0.0461066,0.0713536,0.0185043,5.9348e+06,0,0,0.777778,465,4,0,HOLD
2025-08-12 19:02:07 UTC,1h,PERP-USDT,BTC-USDT,0.2941,119259.3,2.466055058e-06,1.12309,30,0.043648,0.0477378,0.0148395,1.99214e+06,0,0,0.777778,465,4,0,HOLD
2025-08-12 19:02:07 UTC,1h,PHA-USDT,BTC-USDT,0.11193,119259.3,9.385431576e-07,1.32835,30,0.0418877,0.0524683,0.0137777,415478,0,0,0.777778,465,4,0,HOLD
2025-08-12 19:02:07 UTC,1h,PHB-USDT,BTC-USDT,0.6054,119259.3,5.07633367e-06,1.14845,30,0.0320491,0.0368214,0.0172141,2.01764e+06,0,0,0.777778,465,4,0,HOLD
2025-08-12 19:02:07 UTC,1h,PI-USDT,BTC-USDT,0.3873,119259.3,3.247545474e-06,1.44998,30,0.013609,0.0078064,0.0117296,8.8011e+06,0,0,0.777778,465,4,0,HOLD
2025-08-12 19:02:07 UTC,1h,PIXEL-USDT,BTC-USDT,0.03639,119259.3,3.051334361e-07,1.11825,30,0.0417979,0.0474957,0.0183724,426659,0,0,0.777778,465,4,0,HOLD
2025-08-12 19:02:07 UTC,1h,PLAYSOUT-USDT,BTC-USDT,0.04707,119259.3,3.946862006e-07,-0.766641,30,-0.0380135,-0.020803,0.0410635,6.6916e+06,0,0,0.777778,465,4,0,HOLD
2025-08-12 19:02:07 UTC,1h,PLUME-USDT,BTC-USDT,0.09831,119259.3,8.243382277e-07,1.1543,30,0.0405377,0.0665003,0.018106,6.44771e+06,0,0,0.777778,465,4,0,HOLD
2025-08-12 19:02:07 UTC,1h,PNUT-USDT,BTC-USDT,0.25306,119259.3,2.121930952e-06,1.0177,30,0.0429013,0.060248,0.0164614,8.31362e+06,0,0,0.777778,465,4,0,HOLD
2025-08-12 19:02:07 UTC,1h,POL-USDT,BTC-USDT,0.24694,119259.3,2.070614199e-06,1.51458,30,0.0351708,0.038654,0.0132855,7.59601e+06,0,0,0.777778,465,4,0,HOLD
2025-08-12 19:02:07 UTC,1h,POLYX-USDT,BTC-USDT,0.1463,119259.3,1.226738711e-06,1.11825,30,0.033411,0.0378095,0.0104287,1.90794e+06,0,0,0.777778,465,4,0,HOLD
2025-08-12 19:02:07 UTC,1h,PONKE-USDT,BTC-USDT,0.12097,119259.3,1.014344374e-06,1.40773,30,0.0616991,0.0710049,0.019013,6.3036e+06,0,0,0.777778,465,4,0,HOLD
2025-08-12 19:02:07 UTC,1h,POPCAT-USDT,BTC-USDT,0.3294,119259.3,2.762048746e-06,1.26268,30,0.0571245,0.0733138,0.0193208,9.4041e+06,0,0,0.777778,465,4,0,HOLD
2025-08-12 19:02:07 UTC,1h,PORT3-USDT,BTC-USDT,0.04601,119259.3,3.857980049e-07,1.7699,30,0.0318457,0.0174701,0.0304592,1.00103e+07,0,0,0.777778,465,4,0,HOLD
2025-08-12 19:02:07 UTC,1h,PORTAL-USDT,BTC-USDT,0.05078,119259.3,4.257948856e-07,0.909962,30,0.0258586,0.0217304,0.0199882,768993,0,0,0.777778,465,4,0,HOLD
2025-08-12 19:02:07 UTC,1h,POWR-USDT,BTC-USDT,0.1782,119259.3,1.494223092e-06,1.23627,30,0.0348432,0.0396733,0.0112634,1.89374e+06,0,0,0.777778,465,4,0,HOLD
2025-08-12 19:02:07 UTC,1h,PRCL-USDT,BTC-USDT,0.0909,119259.3,7.622047086e-07,0.599521,30,0.0213483,0.047235,0.0179161,6.26086e+06,0,0,0.777778,465,4,0,HOLD
2025-08-12 19:02:07 UTC,1h,PROM-USDT,BTC-USDT,9.626,119259.3,8.071487926e-05,-1.84664,30,-0.03634,-0.039992,0.0279451,5.98853e+06,0,0,0.777778,465,4,0,HOLD
2025-08-12 19:02:07 UTC,1h,PROMPT-USDT,BTC-USDT,0.12571,119259.3,1.054089702e-06,0.907684,30,0.0213682,0.0241141,0.0156937,6.32535e+06,0,0,0.777778,465,4,0,HOLD
2025-08-12 19:02:07 UTC,1h,PROVE-USDT,BTC-USDT,1.4177,119259.3,1.188754252e-05,-1.01158,30,-0.0367577,-0.113272,0.0369714,4.27946e+07,0,0,0.777778,465,4,0,HOLD
2025-08-12 19:02:07 UTC,1h,PUFFER-USDT,BTC-USDT,0.2366,119259.3,1.983912366e-06,0.825473,30,0.0441306,0.0848235,0.0219478,655067,0,0,0.777778,465,4,0,HOLD
2025-08-12 19:02:07 UTC,1h,PUMP-USDT,BTC-USDT,0.003967,119259.3,3.326365323e-08,1.1588,30,0.0859567,0.117465,0.0281789,4.87164e+07,0,0,0.777778,465,4,0,HOLD
2025-08-12 19:02:07 UTC,1h,PUMPBTC-USDT,BTC-USDT,0.04212,119259.3,3.531800036e-07,0.119216,30,0.0248175,0.012987,0.0185355,3.19548e+06,0,0,0.777778,465,4,0,EXIT_ZONE
2025-08-12 19:02:07 UTC,1h,PUNDIX-USDT,BTC-USDT,0.3196,119259.3,2.679874861e-06,1.42331,30,0.0293076,0.029971,0.0119793,6.22611e+06,0,0,0.777778,465,4,0,HOLD
2025-08-12 19:02:07 UTC,1h,PYTH-USDT,BTC-USDT,0.12881,119259.3,1.080083482e-06,1.30347,30,0.0485144,0.0579008,0.0159704,2.36087e+06,0,0,0.777778,465,4,0,HOLD
2025-08-12 19:02:07 UTC,1h,QNT-USDT,BTC-USDT,114.24,119259.3,0.0009579127162,0.911833,30,0.0195448,0.0309539,0.00946629,2.38009e+06,0,0,0.777778,465,4,0,HOLD
2025-08-12 19:02:07 UTC,1h,QUICK-USDT,BTC-USDT,0.02458,119259.3,2.061055197e-07,1.10014,30,0.0358196,0.045068,0.0149076,1.88231e+06,0,0,0.777778,465,4,0,HOLD
2025-08-12 19:02:07 UTC,1h,RARE-USDT,BTC-USDT,0.06024,119259.3,5.051178399e-07,0.815625,30,0.0160229,0.0265849,0.0125451,9.33692e+06,0,0,0.777778,465,4,0,HOLD
2025-08-12 19:02:07 UTC,1h,RATS-USDT,BTC-USDT,1.721e-05,119259.3,1.443074041e-10,1.11372,30,0.0336336,0.0513134,0.015481,2.78544e+06,0,0,0.777778,465,4,0,HOLD
2025-08-12 19:02:07 UTC,1h,RAY-USDT,BTC-USDT,3.2864,119259.3,2.755676077e-05,1.17306,30,0.0514798,0.065111,0.0174007,1.95598e+06,0,0,0.777778,465,4,0,HOLD
2025-08-12 19:02:07 UTC,1h,RDO-USDT,BTC-USDT,0.000864,119259.3,7.244718022e-09,0.642222,30,0.102041,0.156627,0.0419974,1.30538e+06,0,0,0.777778,465,4,0,HOLD
2025-08-12 19:02:07 UTC,1h,REDSTONE-USDT,BTC-USDT,0.4148,119259.3,3.478135458e-06,-1.6437,30,-0.0083672,0.00387222,0.0182015,6.28376e+06,0,0,0.777778,465,4,0,HOLD
2025-08-12 19:02:07 UTC,1h,RENDER-USDT,BTC-USDT,4.021,119259.3,3.371644811e-05,1.30998,30,0.052067,0.0640381,0.0150993,5.89118e+06,0,0,0.777778,465,4,0,HOLD
2025-08-12 19:02:07 UTC,1h,RESOLV-USDT,BTC-USDT,0.18837,119259.3,1.57949946e-06,1.0166,30,0.0250871,0.0276035,0.0197825,7.23256e+06,0,0,0.777778,465,4,0,HOLD
2025-08-12 19:02:07 UTC,1h,REX-USDT,BTC-USDT,0.02018,119259.3,1.692111223e-07,0.299428,30,0.0039801,-0.0367542,0.0304049,6.6572e+06,0,0,0.777778,465,4,0,EXIT_ZONE
2025-08-12 19:02:07 UTC,1h,REZ-USDT,BTC-USDT,0.01483,119259.3,1.243508892e-07,0.798376,30,0.00884354,0.0451022,0.0247568,6.5755e+06,0,0,0.777778,465,4,0,HOLD
2025-08-12 19:02:07 UTC,1h,RFC-USDT,BTC-USDT,0.00809,119259.3,6.783538055e-08,1.16037,30,0.0125156,0.00747198,0.0165107,294741,0,0,0.777778,465,4,0,HOLD
2025-08-12 19:02:07 UTC,1h,RHEA-USDT,BTC-USDT,0.06687,119259.3,5.607109886e-07,0.15261,30,0.00405405,0.0145653,0.0298233,6.36694e+06,0,0,0.777778,465,4,0,EXIT_ZONE
2025-08-12 19:02:07 UTC,1h,RLC-USDT,BTC-USDT,1.0259,119259.3,8.602264142e-06,0.852263,30,0.052529,0.0563221,0.0169189,369277,0,0,0.777778,465,4,0,HOLD
2025-08-12 19:02:07 UTC,1h,ROAM-USDT,BTC-USDT,0.0823,119259.3,6.90092932e-07,0.787459,30,0.0135468,-0.00242424,0.010762,403839,0,0,0.777778,465,4,0,HOLD
2025-08-12 19:02:07 UTC,1h,ROSE-USDT,BTC-USDT,0.02868,119259.3,2.404843899e-07,0.883093,30,0.0338861,0.038378,0.0162134,2.26846e+06,0,0,0.777778,465,4,0,HOLD
2025-08-12 19:02:07 UTC,1h,RPL-USDT,BTC-USDT,8.62,119259.3,7.227947841e-05,0.399865,30,0.0233883,0.0482792,0.0240388,6.46293e+06,0,0,0.777778,465,4,0,EXIT_ZONE
2025-08-12 19:02:07 UTC,1h,RSR-USDT,BTC-USDT,0.009551,119259.3,8.008599749e-08,0.390673,30,0.0177962,0.0507151,0.0215086,2.52948e+06,0,0,0.777778,465,4,0,EXIT_ZONE
2025-08-12 19:02:07 UTC,1h,RUNE-USDT,BTC-USDT,1.453,119259.3,1.218353621e-05,0.878205,30,0.04683,0.0528986,0.0152394,5.84909e+06,0,0,0.777778,465,4,0,HOLD
2025-08-12 19:02:07 UTC,1h,RVN-USDT,BTC-USDT,0.01454,119259.3,1.21919213e-07,1.15967,30,0.0408017,0.0445402,0.0138043,736776,0,0,0.777778,465,4,0,HOLD
2025-08-12 19:02:07 UTC,1h,S-USDT,BTC-USDT,0.3112,119259.3,2.609440102e-06,0.755873,30,0.0260468,0.0311465,0.0156766,7.06936e+06,0,0,0.777778,465,4,0,HOLD
2025-08-12 19:02:07 UTC,1h,SAFE-USDT,BTC-USDT,0.451,119259.3,3.781675727e-06,1.1439,30,0.0329821,0.0285063,0.0122426,6.25691e+06,0,0,0.777778,465,4,0,HOLD
2025-08-12 19:02:07 UTC,1h,SAGA-USDT,BTC-USDT,0.2767,119259.3,2.320154487e-06,1.15677,30,0.0351665,0.0417922,0.0198255,3.5237e+06,0,0,0.777778,465,4,0,HOLD
2025-08-12 19:02:07 UTC,1h,SAHARA-USDT,BTC-USDT,0.0944,119259.3,7.915525246e-07,-0.745068,30,0.00329472,0.00768574,0.0157158,8.37022e+06,0,0,0.777778,465,4,0,HOLD
2025-08-12 19:02:07 UTC,1h,SAND-USDT,BTC-USDT,0.29854,119259.3,2.503284859e-06,1.22522,30,0.0445401,0.0485021,0.0127932,2.81167e+06,0,0,0.777778,465,4,0,HOLD
2025-08-12 19:02:07 UTC,1h,SANTOS-USDT,BTC-USDT,2.851,119259.3,2.390589245e-05,1.21945,30,0.0255396,-0.00731198,0.0252042,6.64688e+06,0,0,0.777778,465,4,0,HOLD
2025-08-12 19:02:07 UTC,1h,SCR-USDT,BTC-USDT,0.3581,119259.3,3.002700838e-06,-0.093745,30,0.0115819,0.0718348,0.037679,2.80733e+06,0,0,0.777778,465,4,0,EXIT_ZONE
2025-08-12 19:02:07 UTC,1h,SEI-USDT,BTC-USDT,0.3217,119259.3,2.697483551e-06,1.40717,30,0.0414374,0.0394184,0.0163196,1.37999e+07,0,0,0.777778,465,4,0,HOLD
2025-08-12 19:02:07 UTC,1h,SERAPH-USDT,BTC-USDT,0.15289,119259.3,1.281996456e-06,1.6702,30,0.0237713,0.0097081,0.0105725,396264,0,0,0.777778,465,4,0,HOLD
2025-08-12 19:02:07 UTC,1h,SFP-USDT,BTC-USDT,0.5199,119259.3,4.359408449e-06,1.1059,30,0.0389688,0.040008,0.0101531,519701,0,0,0.777778,465,4,0,HOLD
2025-08-12 19:02:07 UTC,1h,SHELL-USDT,BTC-USDT,0.1756,119259.3,1.472421857e-06,0.974607,30,0.00515169,0.0239067,0.0291246,6.38321e+06,0,0,0.777778,465,4,0,HOLD
2025-08-12 19:02:07 UTC,1h,SHIB-USDT,BTC-USDT,1.3543e-05,119259.3,1.13559278e-10,1.27641,30,0.0386533,0.038096,0.0126528,9.11161e+06,0,0,0.777778,465,4,0,HOLD
2025-08-12 19:02:07 UTC,1h,SIDEKICK-USDT,BTC-USDT,0.2015,119259.3,1.689595696e-06,-1.90098,30,-0.0898826,-0.10245,0.0528536,6.66267e+06,0,0,0.777778,465,4,0,HOLD
2025-08-12 19:02:07 UTC,1h,SIGN-USDT,BTC-USDT,0.07001,119259.3,5.870401721e-07,1.27436,30,0.0201078,0.0153735,0.00886608,6.29985e+06,0,0,0.777778,465,4,0,HOLD
2025-08-12 19:02:07 UTC,1h,SIREN-USDT,BTC-USDT,0.09202,119259.3,7.715960097e-07,-1.83446,30,-0.0301433,-0.0291201,0.0220604,2.21853e+06,0,0,0.777778,465,4,0,HOLD
2025-08-12 19:02:07 UTC,1h,SKATE-USDT,BTC-USDT,0.0459,119259.3,3.848756449e-07,-1.53813,30,-0.00282425,-0.0265111,0.0164332,6.35201e+06,0,0,0.777778,465,4,0,HOLD
2025-08-12 19:02:07 UTC,1h,SKL-USDT,BTC-USDT,0.02143,119259.3,1.796924852e-07,0.909231,30,0.0352657,0.0352657,0.015099,1.90686e+06,0,0,0.777778,465,4,0,HOLD
2025-08-12 19:02:07 UTC,1h,SKYAI-USDT,BTC-USDT,0.06711,119259.3,5.627234102e-07,-1.27372,30,-0.0171353,-0.0182855,0.0116227,6.26814e+06,0,0,0.777778,465,4,0,HOLD
2025-08-12 19:02:07 UTC,1h,SLERF-USDT,BTC-USDT,0.07996,119259.3,6.704718206e-07,1.3947,30,0.0651392,0.0658491,0.0142482,1.94817e+06,0,0,0.777778,465,4,0,HOLD
2025-08-12 19:02:07 UTC,1h,SLP-USDT,BTC-USDT,0.002001,119259.3,1.67785657e-08,1.06453,30,0.0449086,0.0400208,0.0157778,1.94331e+06,0,0,0.777778,465,4,0,HOLD
2025-08-12 19:02:07 UTC,1h,SNT-USDT,BTC-USDT,0.02837,119259.3,2.378850119e-07,0.984444,30,0.0197699,0.0168459,0.00835893,1.88119e+06,0,0,0.777778,465,4,0,HOLD
2025-08-12 19:02:07 UTC,1h,SNX-USDT,BTC-USDT,0.679,119259.3,5.693476316e-06,0.89517,30,0.0334855,0.0366412,0.0140964,2.07449e+06,0,0,0.777778,465,4,0,HOLD
2025-08-12 19:02:07 UTC,1h,SOL-USDT,BTC-USDT,188.296,119259.3,0.001578878964,1.45042,30,0.0671956,0.0712026,0.0119614,5.76445e+08,0,0,0.777778,465,4,0,HOLD
2025-08-12 19:02:07 UTC,1h,SOLV-USDT,BTC-USDT,0.04186,119259.3,3.509998801e-07,-1.71608,30,-0.0118036,-0.0484201,0.0159375,6.27577e+06,0,0,0.777778,465,4,0,HOLD
2025-08-12 19:02:07 UTC,1h,SONIC-USDT,BTC-USDT,0.2151,119259.3,1.803632924e-06,1.21492,30,0.0291866,0.0122353,0.0124527,691064,0,0,0.777778,465,4,0,HOLD
2025-08-12 19:02:07 UTC,1h,SOON-USDT,BTC-USDT,0.44607,119259.3,3.740337232e-06,0.859229,30,0.069507,-0.0405859,0.0536767,6.65226e+07,0,0,0.777778,465,4,0,HOLD
2025-08-12 19:02:07 UTC,1h,SOPH-USDT,BTC-USDT,0.039297,119259.3,3.295088936e-07,0.991864,30,0.042112,0.0359854,0.0150739,6.93573e+06,0,0,0.777778,465,4,0,HOLD
2025-08-12 19:02:07 UTC,1h,SPK-USDT,BTC-USDT,0.09164,119259.3,7.684096754e-07,-2.21332,30,-0.103941,-0.0877053,0.0324172,1.38611e+07,0,0,0.777778,465,4,0,OPEN_LONG
2025-08-12 19:02:07 UTC,1h,SPX-USDT,BTC-USDT,1.7662,119259.3,1.480974649e-05,-0.785223,30,0.00707036,-0.00422845,0.0218548,9.54515e+06,0,0,0.777778,465,4,0,HOLD
2025-08-12 19:02:07 UTC,1h,SQD-USDT,BTC-USDT,0.14849,119259.3,1.245102059e-06,1.79452,30,0.0440132,-0.0337715,0.0211703,6.28628e+06,0,0,0.777778,465,4,0,HOLD
2025-08-12 19:02:07 UTC,1h,SSV-USDT,BTC-USDT,10.48,119259.3,8.787574638e-05,0.243937,30,0.0160946,0.0343466,0.0215172,2.30284e+06,0,0,0.777778,465,4,0,EXIT_ZONE
2025-08-12 19:02:07 UTC,1h,STG-USDT,BTC-USDT,0.1914,119259.3,1.604906284e-06,1.58627,30,0.0402174,0.0493421,0.0140693,1.29245e+06,0,0,0.777778,465,4,0,HOLD
2025-08-12 19:02:07 UTC,1h,STO-USDT,BTC-USDT,0.10024,119259.3,8.40521452e-07,0.472695,30,0.0625397,0.105548,0.031111,6.41688e+06,0,0,0.777778,465,4,0,EXIT_ZONE
2025-08-12 19:02:07 UTC,1h,STORJ-USDT,BTC-USDT,0.2796,119259.3,2.344471249e-06,1.09803,30,0.0340237,0.0382473,0.0128755,4.54583e+06,0,0,0.777778,465,4,0,HOLD
2025-08-12 19:02:07 UTC,1h,STRK-USDT,BTC-USDT,0.1372,119259.3,1.15043439e-06,1.27999,30,0.0473282,0.0553846,0.0178571,7.23118e+06,0,0,0.777778,465,4,0,HOLD
2025-08-12 19:02:07 UTC,1h,STX-USDT,BTC-USDT,0.75,119259.3,6.288817727e-06,1.27517,30,0.039069,0.0386373,0.0134762,1.01057e+07,0,0,0.777778,465,4,0,HOLD
2025-08-12 19:02:07 UTC,1h,SUI-USDT,BTC-USDT,3.8568,119259.3,3.233961628e-05,1.44864,30,0.0283977,0.0481574,0.0132178,6.97113e+07,0,0,0.777778,465,4,0,HOLD
2025-08-12 19:02:07 UTC,1h,SUN-USDT,BTC-USDT,0.022802,119259.3,1.911968291e-07,0.878543,30,0.00826885,0.0144141,0.00794417,2.26453e+06,0,0,0.777778,465,4,0,HOLD
2025-08-12 19:02:07 UTC,1h,SUPER-USDT,BTC-USDT,0.7834,119259.3,6.568879744e-06,0.938015,30,0.0205836,0.0392677,0.0144699,2.11677e+06,0,0,0.777778,465,4,0,HOLD
2025-08-12 19:02:07 UTC,1h,SUSHI-USDT,BTC-USDT,0.8672,119259.3,7.271550311e-06,1.29073,30,0.045323,0.0557585,0.0159133,3.74898e+06,0,0,0.777778,465,4,0,HOLD
2025-08-12 19:02:07 UTC,1h,SWARMS-USDT,BTC-USDT,0.02544,119259.3,2.133166973e-07,-0.0873418,30,0.0111288,-0.045045,0.0302673,9.75616e+06,0,0,0.777778,465,4,0,EXIT_ZONE
2025-08-12 19:02:07 UTC,1h,SWELL-USDT,BTC-USDT,0.01116,119259.3,9.357760778e-08,0.0471695,30,0.0618459,0.0751445,0.0323861,1.2385e+06,0,0,0.777778,465,4,0,EXIT_ZONE
2025-08-12 19:02:07 UTC,1h,SXP-USDT,BTC-USDT,0.1898,119259.3,1.59149014e-06,1.22437,30,0.0337691,0.0360262,0.0112148,1.91791e+06,0,0,0.777778,465,4,0,HOLD
2025-08-12 19:02:07 UTC,1h,SXT-USDT,BTC-USDT,0.08832,119259.3,7.405711756e-07,0.982384,30,0.0347979,0.0405278,0.0170969,6.23827e+06,0,0,0.777778,465,4,0,HOLD
2025-08-12 19:02:07 UTC,1h,SYN-USDT,BTC-USDT,0.1459,119259.3,1.223384675e-06,1.00454,30,0.0458781,0.0443808,0.0187017,3.95702e+06,0,0,0.777778,465,4,0,HOLD
2025-08-12 19:02:07 UTC,1h,SYRUP-USDT,BTC-USDT,0.47404,119259.3,3.974868207e-06,-1.28244,30,-0.0021681,0.0022623,0.0163187,6.90496e+06,0,0,0.777778,465,4,0,HOLD
2025-08-12 19:02:07 UTC,1h,TA-USDT,BTC-USDT,0.06177,119259.3,5.17947028e-07,-1.45059,30,-0.0209225,-0.0442519,0.0215431,6.31247e+06,0,0,0.777778,465,4,0,HOLD
2025-08-12 19:02:07 UTC,1h,TAC-USDT,BTC-USDT,0.01437,119259.3,1.204937477e-07,-0.300005,30,0,0.00842105,0.0420519,7.74425e+06,0,0,0.777778,465,4,0,EXIT_ZONE
2025-08-12 19:02:07 UTC,1h,TAG-USDT,BTC-USDT,0.0012204,119259.3,1.023316421e-08,-0.0735219,30,0.00759577,0.0230531,0.0312544,7.69465e+06,0,0,0.777778,465,4,0,EXIT_ZONE
2025-08-12 19:02:07 UTC,1h,TAI-USDT,BTC-USDT,0.07168,119259.3,6.010432729e-07,-1.66051,30,-0.00596311,0.00943529,0.0237165,6.28094e+06,0,0,0.777778,465,4,0,HOLD
2025-08-12 19:02:07 UTC,1h,TAIKO-USDT,BTC-USDT,0.4779,119259.3,4.007234656e-06,1.05588,30,0.0185422,0.0319585,0.0117628,6.25711e+06,0,0,0.777778,465,4,0,HOLD
2025-08-12 19:02:07 UTC,1h,TANSSI-USDT,BTC-USDT,0.05751,119259.3,4.822265433e-07,1.30312,30,0.0162573,0.024951,0.0220955,6.36568e+06,0,0,0.777778,465,4,0,HOLD
2025-08-12 19:02:07 UTC,1h,TAO-USDT,BTC-USDT,384.75,119259.3,0.003226163494,1.02758,30,0.0391627,0.056251,0.0135134,1.40579e+07,0,0,0.777778,465,4,0,HOLD
2025-08-12 19:02:07 UTC,1h,THE-USDT,BTC-USDT,0.3893,119259.3,3.264315655e-06,1.71665,30,0.0527312,0.0462241,0.0165315,6.37999e+06,0,0,0.777778,465,4,0,HOLD
2025-08-12 19:02:07 UTC,1h,THETA-USDT,BTC-USDT,0.8813,119259.3,7.389780084e-06,1.02413,30,0.0461776,0.0419721,0.0159586,3.14397e+06,0,0,0.777778,465,4,0,HOLD
2025-08-12 19:02:07 UTC,1h,TIA-USDT,BTC-USDT,1.8435,119259.3,1.545791397e-05,1.14149,30,0.0427626,0.0636395,0.0162385,1.07503e+07,0,0,0.777778,465,4,0,HOLD
2025-08-12 19:02:07 UTC,1h,TLM-USDT,BTC-USDT,0.005151,119259.3,4.319160015e-08,1.03853,30,0.0406061,0.0461007,0.0149763,3.5479e+06,0,0,0.777778,465,4,0,HOLD
2025-08-12 19:02:07 UTC,1h,TNSR-USDT,BTC-USDT,0.1406,119259.3,1.178943697e-06,0.990305,30,0.0384047,0.0453532,0.0169681,6.32007e+06,0,0,0.777778,465,4,0,HOLD
2025-08-12 19:02:07 UTC,1h,TOKEN-USDT,BTC-USDT,0.01652,119259.3,1.385216918e-07,1.28173,30,0.0389937,0.0344396,0.0163438,5.69545e+06,0,0,0.777778,465,4,0,HOLD
2025-08-12 19:02:07 UTC,1h,TONCOIN-USDT,BTC-USDT,3.432,119259.3,2.877762992e-05,1.62962,30,0.0111962,0.00527241,0.0104063,8.02868e+06,0,0,0.777778,465,4,0,HOLD
2025-08-12 19:02:07 UTC,1h,TOSHI-USDT,BTC-USDT,0.000785,119259.3,6.582295888e-09,-1.77078,30,-0.053076,0.0328947,0.0301183,6.58633e+06,0,0,0.777778,465,4,0,HOLD
2025-08-12 19:02:07 UTC,1h,TOWNS-USDT,BTC-USDT,0.03245,119259.3,2.720961803e-07,0.68064,30,0.0298318,0.010274,0.0223641,7.95975e+06,0,0,0.777778,465,4,0,HOLD
2025-08-12 19:02:07 UTC,1h,TRB-USDT,BTC-USDT,39.237,119259.3,0.0003290057882,1.08666,30,0.0459295,0.0539081,0.0133293,5.34687e+06,0,0,0.777778,465,4,0,HOLD
2025-08-12 19:02:07 UTC,1h,TREE-USDT,BTC-USDT,0.426,119259.3,3.572048469e-06,0.614876,30,0.0352369,0.0660661,0.0202716,7.98832e+06,0,0,0.777778,465,4,0,HOLD
2025-08-12 19:02:07 UTC,1h,TRU-USDT,BTC-USDT,0.03325,119259.3,2.788042526e-07,0.77952,30,0.0322881,0.0380893,0.0190333,1.95082e+06,0,0,0.777778,465,4,0,HOLD
2025-08-12 19:02:07 UTC,1h,TRUMP-USDT,BTC-USDT,9.111,119259.3,7.639655775e-05,1.18802,30,0.0265915,0.0249747,0.0106543,8.33307e+06,0,0,0.777778,465,4,0,HOLD
2025-08-12 19:02:07 UTC,1h,TRX-USDT,BTC-USDT,0.34995,119259.3,2.934362352e-06,1.66816,30,0.00867585,0.00696343,0.00432307,1.37691e+07,0,0,0.777778,465,4,0,HOLD
2025-08-12 19:02:07 UTC,1h,TST-USDT,BTC-USDT,0.0266,119259.3,2.230434021e-07,1.19384,30,0.0117916,-0.0245691,0.0260741,8.61417e+06,0,0,0.777778,465,4,0,HOLD
2025-08-12 19:02:07 UTC,1h,TURBO-USDT,BTC-USDT,0.0048813,119259.3,4.09301413e-08,0.972964,30,0.039083,0.0535483,0.0165925,6.35206e+06,0,0,0.777778,465,4,0,HOLD
2025-08-12 19:02:07 UTC,1h,TUT-USDT,BTC-USDT,0.05963,119259.3,5.000029348e-07,-1.67371,30,-0.0137281,-0.00350936,0.00540236,1.90144e+06,0,0,0.777778,465,4,0,HOLD
2025-08-12 19:02:07 UTC,1h,TWT-USDT,BTC-USDT,0.7867,119259.3,6.596550542e-06,1.21673,30,0.0251499,0.0262197,0.00811709,2.02555e+06,0,0,0.777778,465,4,0,HOLD
2025-08-12 19:02:07 UTC,1h,UMA-USDT,BTC-USDT,1.381,119259.3,1.157980971e-05,-0.163141,30,0.0222058,0.0697134,0.0385332,6.15378e+06,0,0,0.777778,465,4,0,EXIT_ZONE
2025-08-12 19:02:07 UTC,1h,UNI-USDT,BTC-USDT,11.332,119259.3,9.501984332e-05,0.939643,30,0.0202575,0.0100722,0.0167163,4.00159e+07,0,0,0.777778,465,4,0,HOLD
2025-08-12 19:02:07 UTC,1h,USELESS-USDT,BTC-USDT,0.2274,119259.3,1.906769535e-06,1.66037,30,0.0706215,0.0896023,0.0384785,6.98296e+06,0,0,0.777778,465,4,0,HOLD
2025-08-12 19:02:07 UTC,1h,USTC-USDT,BTC-USDT,0.014577,119259.3,1.222294614e-07,0.145244,30,0.00558775,0.0207268,0.0211439,2.34456e+06,0,0,0.777778,465,4,0,EXIT_ZONE
2025-08-12 19:02:07 UTC,1h,USUAL-USDT,BTC-USDT,0.07839,119259.3,6.573072289e-07,1.23521,30,0.037591,0.0356718,0.0195178,2.09999e+06,0,0,0.777778,465,4,0,HOLD
2025-08-12 19:02:07 UTC,1h,UXLINK-USDT,BTC-USDT,0.3539,119259.3,2.967483458e-06,0.869908,30,0.029677,0.0308768,0.0140072,6.58242e+06,0,0,0.777778,465,4,0,HOLD
2025-08-12 19:02:07 UTC,1h,VANA-USDT,BTC-USDT,4.484,119259.3,3.759874492e-05,0.979654,30,0.0312787,0.0329417,0.0124092,6.26492e+06,0,0,0.777778,465,4,0,HOLD
2025-08-12 19:02:07 UTC,1h,VANRY-USDT,BTC-USDT,0.03302,119259.3,2.768756818e-07,0.862443,30,0.0377121,0.0569782,0.0185818,475476,0,0,0.777778,465,4,0,HOLD
2025-08-12 19:02:07 UTC,1h,VELODROME-USDT,BTC-USDT,0.05955,119259.3,4.993321276e-07,-1.74863,30,-0.00201106,0.0125829,0.0164208,528853,0,0,0.777778,465,4,0,HOLD
2025-08-12 19:02:07 UTC,1h,VELVET-USDT,BTC-USDT,0.06595,119259.3,5.529967055e-07,-1.15407,30,-0.0175778,-0.0432323,0.0237843,6.31426e+06,0,0,0.777778,465,4,0,HOLD
2025-08-12 19:02:07 UTC,1h,VET-USDT,BTC-USDT,0.025341,119259.3,2.124865734e-07,1.16481,30,0.0316317,0.032262,0.0121063,3.21277e+06,0,0,0.777778,465,4,0,HOLD
2025-08-12 19:02:07 UTC,1h,VIC-USDT,BTC-USDT,0.2659,119259.3,2.229595512e-06,1.36938,30,0.0407045,0.0322205,0.013727,6.41763e+06,0,0,0.777778,465,4,0,HOLD
2025-08-12 19:02:07 UTC,1h,VINE-USDT,BTC-USDT,0.06886,119259.3,5.773973183e-07,-0.320729,30,0.00864216,0.0415973,0.0250093,1.85918e+07,0,0,0.777778,465,4,0,EXIT_ZONE
2025-08-12 19:02:07 UTC,1h,VIRTUAL-USDT,BTC-USDT,1.3644,119259.3,1.144061721e-05,1.02559,30,0.0365418,0.030358,0.0174383,9.26027e+06,0,0,0.777778,465,4,0,HOLD
2025-08-12 19:02:07 UTC,1h,VOXEL-USDT,BTC-USDT,0.06094,119259.3,5.109874031e-07,0.759688,30,0.027656,0.0369236,0.016562,431903,0,0,0.777778,465,4,0,HOLD
2025-08-12 19:02:07 UTC,1h,VTHO-USDT,BTC-USDT,0.001996,119259.3,1.673664025e-08,1.35479,30,0.0417537,0.0499737,0.0122745,433580,0,0,0.777778,465,4,0,HOLD
2025-08-12 19:02:07 UTC,1h,VVV-USDT,BTC-USDT,2.906,119259.3,2.436707242e-05,0.416135,30,0.016795,0.0268551,0.0176236,303650,0,0,0.777778,465,4,0,EXIT_ZONE
2025-08-12 19:02:07 UTC,1h,W-USDT,BTC-USDT,0.08749,119259.3,7.336115506e-07,1.19216,30,0.0292941,0.0361203,0.0161978,6.82257e+06,0,0,0.777778,465,4,0,HOLD
2025-08-12 19:02:07 UTC,1h,WAL-USDT,BTC-USDT,0.4268,119259.3,3.578756541e-06,1.27993,30,0.0321644,0.0580069,0.015012,6.4358e+06,0,0,0.777778,465,4,0,HOLD
2025-08-12 19:02:07 UTC,1h,WCT-USDT,BTC-USDT,0.3564,119259.3,2.988446184e-06,2.10145,30,0.133588,0.143774,0.0196409,7.8725e+06,0,0,0.777778,465,4,0,OPEN_SHORT
2025-08-12 19:02:07 UTC,1h,WIF-USDT,BTC-USDT,0.9736,119259.3,8.163723919e-06,1.33367,30,0.0592971,0.0659076,0.0178938,4.21427e+07,0,0,0.777778,465,4,0,HOLD
2025-08-12 19:02:07 UTC,1h,WLD-USDT,BTC-USDT,1.0535,119259.3,8.833692634e-06,1.14824,30,0.0501396,0.0586876,0.0153977,1.66655e+07,0,0,0.777778,465,4,0,HOLD
2025-08-12 19:02:07 UTC,1h,WOO-USDT,BTC-USDT,0.08035,119259.3,6.737420059e-07,1.15308,30,0.0452712,0.0484081,0.0142946,2.05091e+06,0,0,0.777778,465,4,0,HOLD
2025-08-12 19:02:07 UTC,1h,X-USDT,BTC-USDT,5.592e-05,119259.3,4.688942498e-10,0.375429,30,0.0226774,0.0236134,0.0279609,6.79068e+06,0,0,0.777778,465,4,0,EXIT_ZONE
2025-08-12 19:02:07 UTC,1h,XAI-USDT,BTC-USDT,0.05403,119259.3,4.530464291e-07,0.91559,30,0.027968,0.0422454,0.017292,1.99326e+06,0,0,0.777778,465,4,0,HOLD
2025-08-12 19:02:07 UTC,1h,XAUT-USDT,BTC-USDT,3348.3,119259.3,0.02807579786,0.531166,30,0.00116613,-0.00143151,0.00249167,7.20881e+06,0,0,0.777778,465,4,0,HOLD
2025-08-12 19:02:07 UTC,1h,XCN-USDT,BTC-USDT,0.01391,119259.3,1.166366061e-07,1.64949,30,0.010167,0.0183016,0.0102188,1.9189e+06,0,0,0.777778,465,4,0,HOLD
2025-08-12 19:02:07 UTC,1h,XLM-USDT,BTC-USDT,0.45036,119259.3,3.776309269e-06,1.601,30,0.034098,0.0306428,0.0114876,1.76154e+07,0,0,0.777778,465,4,0,HOLD
2025-08-12 19:02:07 UTC,1h,XRP-USDT,BTC-USDT,3.2457,119259.3,2.72154876e-05,1.57838,30,0.0225254,0.0289763,0.00918138,1.89956e+08,0,0,0.777778,465,4,0,HOLD
2025-08-12 19:02:07 UTC,1h,YALA-USDT,BTC-USDT,0.2614,119259.3,2.191862605e-06,-1.0028,30,-0.0176625,-0.149089,0.0454695,8.43107e+06,0,0,0.777778,465,4,0,HOLD
2025-08-12 19:02:07 UTC,1h,YFI-USDT,BTC-USDT,5842,119259.3,0.04898569755,1.36915,30,0.0306987,0.0296087,0.0102582,9.24525e+06,0,0,0.777778,465,4,0,HOLD
2025-08-12 19:02:07 UTC,1h,YGG-USDT,BTC-USDT,0.171,119259.3,1.433850442e-06,1.0857,30,0.0376214,0.0420475,0.015873,4.13803e+06,0,0,0.777778,465,4,0,HOLD
2025-08-12 19:02:07 UTC,1h,ZBCN-USDT,BTC-USDT,0.0048696,119259.3,4.083203574e-08,-0.987912,30,-0.0260216,-0.05039,0.021709,6.39444e+06,0,0,0.777778,465,4,0,HOLD
2025-08-12 19:02:07 UTC,1h,ZEREBRO-USDT,BTC-USDT,0.02863,119259.3,2.400651354e-07,1.09557,30,0.0261649,0.0141693,0.0152936,1.65774e+06,0,0,0.777778,465,4,0,HOLD
2025-08-12 19:02:07 UTC,1h,ZETA-USDT,BTC-USDT,0.2059,119259.3,1.726490093e-06,1.1049,30,0.0305305,0.0357143,0.0136335,5.238e+06,0,0,0.777778,465,4,0,HOLD
2025-08-12 19:02:07 UTC,1h,ZIL-USDT,BTC-USDT,0.01191,119259.3,9.986642551e-08,1.32657,30,0.0438212,0.0484155,0.0130143,2.24355e+06,0,0,0.777778,465,4,0,HOLD
2025-08-12 19:02:07 UTC,1h,ZK-USDT,BTC-USDT,0.05945,119259.3,4.984936185e-07,0.910742,30,0.0330148,0.0433485,0.0171693,6.53911e+06,0,0,0.777778,465,4,0,HOLD
2025-08-12 19:02:07 UTC,1h,ZKJ-USDT,BTC-USDT,0.2484,119259.3,2.082856431e-06,-0.744115,30,0.0097561,0.0406368,0.0474753,7.86939e+06,0,0,0.777778,465,4,0,HOLD
2025-08-12 19:02:07 UTC,1h,ZORA-USDT,BTC-USDT,0.11491,119259.3,9.635307267e-07,-0.11957,30,-0.0472598,-0.0144095,0.049834,2.273e+07,0,0,0.777778,465,4,0,EXIT_ZONE
2025-08-12 19:02:07 UTC,1h,ZRC-USDT,BTC-USDT,0.03468,119259.3,2.907949317e-07,2.03922,30,0.0251256,0.026947,0.0143145,6.37224e+06,0,0,0.777778,465,4,0,OPEN_SHORT
2025-08-12 19:02:07 UTC,1h,ZRO-USDT,BTC-USDT,2.2902,119259.3,1.920353381e-05,-0.555836,30,0.00183727,0.0176405,0.0179055,1.3103e+07,0,0,0.777778,465,4,0,HOLD
2025-08-12 19:02:07 UTC,1h,ZRX-USDT,BTC-USDT,0.2626,119259.3,2.201924714e-06,1.04923,30,0.0358974,0.0433055,0.0126482,1.92109e+06,0,0,0.777778,465,4,0,HOLD
2025-08-12 19:43:05 UTC,1h,1000000BABYDOGE-USDT,BTC-USDT,0.0013824,119661.5,1.155258793e-08,,30,0.0365927,0.0502165,0.0133309,1.3395e+06,0,0,0.70297,465,4,0,HOLD
2025-08-12 19:43:05 UTC,1h,1000000BOB-USDT,BTC-USDT,0.0785,119661.5,6.560171818e-07,,30,-0.01875,-0.0338462,0.0319017,6.5719e+06,0,0,0.70297,465,4,0,HOLD
2025-08-12 19:43:05 UTC,1h,1000000MOG-USDT,BTC-USDT,1.3916,119661.5,1.162947147e-05,,30,-0.0146569,0.00621837,0.0282049,1.71814e+06,0,0,0.70297,465,4,0,HOLD
2025-08-12 19:43:05 UTC,1h,10000SATS-USDT,BTC-USDT,0.000418,119661.5,3.493187032e-09,,30,0.0372208,0.047619,0.0169173,2.28917e+06,0,0,0.70297,465,4,0,HOLD
2025-08-12 19:43:05 UTC,1h,10000WHY-USDT,BTC-USDT,0.0003302,119661.5,2.759450617e-09,,30,0.0091687,0.0188214,0.0190577,2.26853e+06,0,0,0.70297,465,4,0,HOLD
2025-08-12 19:43:05 UTC,1h,1000BONK-USDT,BTC-USDT,0.025874,119661.5,2.162266059e-07,,30,0.0659141,0.0540596,0.0193134,7.89075e+06,0,0,0.70297,465,4,0,HOLD
2025-08-12 19:43:05 UTC,1h,1000CAT-USDT,BTC-USDT,0.009407,119661.5,7.861342203e-08,,30,0.0321483,0.0507093,0.0161961,6.51368e+06,0,0,0.70297,465,4,0,HOLD
2025-08-12 19:43:05 UTC,1h,1000CHEEMS-USDT,BTC-USDT,0.001322,119661.5,1.104783076e-08,,30,0.0215594,0.0145039,0.00953101,6.45546e+06,0,0,0.70297,465,4,0,HOLD
2025-08-12 19:43:05 UTC,1h,1000PEPE-USDT,BTC-USDT,0.0121462,119661.5,1.015046611e-07,,30,0.0598963,0.072124,0.0181074,4.32992e+07,0,0,0.70297,465,4,0,HOLD
2025-08-12 19:43:05 UTC,1h,1000XEC-USDT,BTC-USDT,0.02193,119661.5,1.832669656e-07,,30,0.0286116,0.0276476,0.0120839,7.27011e+06,0,0,0.70297,465,4,0,HOLD
2025-08-12 19:43:05 UTC,1h,1INCH-USDT,BTC-USDT,0.2709,119661.5,2.263886045e-06,,30,0.0207234,0.0195709,0.0143437,6.2666e+06,0,0,0.70297,465,4,0,HOLD
2025-08-12 19:43:05 UTC,1h,A-USDT,BTC-USDT,0.54879,119661.5,4.586186869e-06,,30,0.0175969,0.007065,0.0139515,6.55202e+06,0,0,0.70297,465,4,0,HOLD
2025-08-12 19:43:05 UTC,1h,A2Z-USDT,BTC-USDT,0.007332,119661.5,6.127284047e-08,,30,0.0101956,-0.00488599,0.0177987,6.84242e+06,0,0,0.70297,465,4,0,HOLD
2025-08-12 19:43:05 UTC,1h,AAPLX-USDT,BTC-USDT,229.48,119661.5,0.001917742967,,30,0.00688868,0.0103465,0.00517941,6.39881e+06,0,0,0.70297,465,4,0,HOLD
2025-08-12 19:43:05 UTC,1h,AAVE-USDT,BTC-USDT,313.71,119661.5,0.002621645224,,30,0.0360988,0.053956,0.0145084,6.96897e+07,0,0,0.70297,465,4,0,HOLD
2025-08-12 19:43:05 UTC,1h,ACE-USDT,BTC-USDT,0.5874,119661.5,4.908847039e-06,,30,0.0330637,0.0383596,0.0168783,2.06766e+06,0,0,0.70297,465,4,0,HOLD
2025-08-12 19:43:05 UTC,1h,ACH-USDT,BTC-USDT,0.022776,119661.5,1.903369087e-07,,30,0.0377255,0.0394779,0.0146646,997952,0,0,0.70297,465,4,0,HOLD
2025-08-12 19:43:05 UTC,1h,ACT-USDT,BTC-USDT,0.04379,119661.5,3.659489477e-07,,30,0.0376777,0.0478583,0.0150719,6.53128e+06,0,0,0.70297,465,4,0,HOLD
2025-08-12 19:43:05 UTC,1h,ADA-USDT,BTC-USDT,0.84531,119661.5,7.064176866e-06,,30,0.0690248,0.0810005,0.0133206,5.44832e+07,0,0,0.70297,465,4,0,HOLD
2025-08-12 19:43:05 UTC,1h,AERGO-USDT,BTC-USDT,0.11918,119661.5,9.959761494e-07,,30,0.0313257,0.026352,0.00999688,1.9843e+06,0,0,0.70297,465,4,0,HOLD
2025-08-12 19:43:05 UTC,1h,AERO-USDT,BTC-USDT,1.2078,119661.5,1.0093472e-05,,30,0.0482555,0.0867374,0.0272396,3.95134e+06,0,0,0.70297,465,4,0,HOLD
2025-08-12 19:43:05 UTC,1h,AEVO-USDT,BTC-USDT,0.1023,119661.5,8.54911563e-07,,30,0.0333333,0.0513875,0.0190616,6.51603e+06,0,0,0.70297,465,4,0,HOLD
2025-08-12 19:43:05 UTC,1h,AGLD-USDT,BTC-USDT,0.7456,119661.5,6.230909691e-06,,30,0.0398884,0.0397434,0.0123965,4.06257e+06,0,0,0.70297,465,4,0,HOLD
2025-08-12 19:43:05 UTC,1h,AGT-USDT,BTC-USDT,0.005874,119661.5,4.908847039e-08,,30,0.0148583,0.0203231,0.0180578,6.53232e+06,0,0,0.70297,465,4,0,HOLD
2025-08-12 19:43:05 UTC,1h,AI16Z-USDT,BTC-USDT,0.1389,119661.5,1.160774351e-06,,30,0.0635528,0.0717593,0.0219068,8.58115e+06,0,0,0.70297,465,4,0,HOLD
2025-08-12 19:43:05 UTC,1h,AIN-USDT,BTC-USDT,0.13743,119661.5,1.148489698e-06,,30,-0.0018158,0.00718212,0.0174063,6.4811e+06,0,0,0.70297,465,4,0,HOLD
2025-08-12 19:43:05 UTC,1h,AIOT-USDT,BTC-USDT,0.54829,119661.5,4.582008415e-06,,30,0.0452578,0.0780589,0.0139238,6.62567e+06,0,0,0.70297,465,4,0,HOLD
2025-08-12 19:43:05 UTC,1h,AIXBT-USDT,BTC-USDT,0.13449,119661.5,1.123920392e-06,,30,0.0218052,0.0557344,0.0198422,7.43468e+06,0,0,0.70297,465,4,0,HOLD
2025-08-12 19:43:05 UTC,1h,AKT-USDT,BTC-USDT,1.294,119661.5,1.081383737e-05,,30,0.0427075,0.0477733,0.0138,489986,0,0,0.70297,465,4,0,HOLD
2025-08-12 19:43:05 UTC,1h,ALCH-USDT,BTC-USDT,0.13789,119661.5,1.152333875e-06,,30,-0.00576826,-0.0303094,0.00928276,6.50687e+06,0,0,0.70297,465,4,0,HOLD
2025-08-12 19:43:05 UTC,1h,ALGO-USDT,BTC-USDT,0.273,119661.5,2.281435549e-06,,30,0.0512129,0.0655738,0.0161695,4.34942e+06,0,0,0.70297,465,4,0,HOLD
2025-08-12 19:43:05 UTC,1h,ALPHA-USDT,BTC-USDT,0.0161,119661.5,1.345461991e-07,,30,0.028754,0.0307298,0.0152618,1.94458e+06,0,0,0.70297,465,4,0,HOLD
2025-08-12 19:43:05 UTC,1h,ALPINE-USDT,BTC-USDT,1.158,119661.5,9.677298045e-06,,30,-0.173271,-0.267506,0.071225,9.16232e+06,0,0,0.70297,465,4,0,HOLD
2025-08-12 19:43:05 UTC,1h,ALT-USDT,BTC-USDT,0.03816,119661.5,3.188995625e-07,,30,0.0227821,0.0591174,0.0295373,6.41772e+06,0,0,0.70297,465,4,0,HOLD
2025-08-12 19:43:05 UTC,1h,ALTCOIN-USDT,BTC-USDT,246.69,119661.5,0.002061565332,,30,0.0367304,0.0442789,0.00895282,1.92313e+06,0,0,0.70297,465,4,0,HOLD
2025-08-12 19:43:05 UTC,1h,ANIME-USDT,BTC-USDT,0.0182,119661.5,1.520957033e-07,,30,0.050202,0.0514154,0.0148744,6.64264e+06,0,0,0.70297,465,4,0,HOLD
2025-08-12 19:43:05 UTC,1h,ANKR-USDT,BTC-USDT,0.01661,119661.5,1.388082215e-07,,30,0.0407268,0.0433417,0.012815,370664,0,0,0.70297,465,4,0,HOLD
2025-08-12 19:43:05 UTC,1h,APE-USDT,BTC-USDT,0.6383,119661.5,5.334213594e-06,,30,0.0350251,0.0350251,0.0117723,6.41101e+06,0,0,0.70297,465,4,0,HOLD
2025-08-12 19:43:05 UTC,1h,API3-USDT,BTC-USDT,0.7697,119661.5,6.432311144e-06,,30,0.04522,0.0562646,0.0158689,6.61807e+06,0,0,0.70297,465,4,0,HOLD
2025-08-12 19:43:05 UTC,1h,APT-USDT,BTC-USDT,4.8253,119661.5,4.032458226e-05,,30,0.0424291,0.0483401,0.0124389,1.05844e+07,0,0,0.70297,465,4,0,HOLD
2025-08-12 19:43:05 UTC,1h,AR-USDT,BTC-USDT,7.801,119661.5,6.519222975e-05,,30,0.0380572,0.0468331,0.0183768,2.55957e+06,0,0,0.70297,465,4,0,HOLD
2025-08-12 19:43:05 UTC,1h,ARB-USDT,BTC-USDT,0.4694,119661.5,3.92273204e-06,,30,0.0296118,0.0581605,0.0176213,1.47165e+07,0,0,0.70297,465,4,0,HOLD
2025-08-12 19:43:05 UTC,1h,ARC-USDT,BTC-USDT,0.02397,119661.5,2.003150554e-07,,30,0.0161085,0.0358686,0.0228858,6.97054e+06,0,0,0.70297,465,4,0,HOLD
2025-08-12 19:43:05 UTC,1h,ARK-USDT,BTC-USDT,0.4612,119661.5,3.854205404e-06,,30,0.0359389,0.0399098,0.0107019,2.06126e+06,0,0,0.70297,465,4,0,HOLD
2025-08-12 19:43:05 UTC,1h,ARKM-USDT,BTC-USDT,0.5448,119661.5,4.552842811e-06,,30,0.0519405,0.0615744,0.0171885,2.46141e+06,0,0,0.70297,465,4,0,HOLD
2025-08-12 19:43:05 UTC,1h,ARPA-USDT,BTC-USDT,0.02374,119661.5,1.983929668e-07,,30,0.0504425,0.0621924,0.0172103,8.4437e+06,0,0,0.70297,465,4,0,HOLD
2025-08-12 19:43:05 UTC,1h,ASP-USDT,BTC-USDT,0.1635,119661.5,1.366354258e-06,,30,-0.0273647,-0.0651801,0.0278287,6.83507e+06,0,0,0.70297,465,4,0,HOLD
2025-08-12 19:43:05 UTC,1h,ASR-USDT,BTC-USDT,6.459,119661.5,5.397726086e-05,,30,-0.0131398,-0.0155464,0.0212218,7.62486e+06,0,0,0.70297,465,4,0,HOLD
2025-08-12 19:43:05 UTC,1h,ASTR-USDT,BTC-USDT,0.02591,119661.5,2.165274545e-07,,30,0.0430757,0.0472918,0.0122677,1.97361e+06,0,0,0.70297,465,4,0,HOLD
2025-08-12 19:43:05 UTC,1h,ATA-USDT,BTC-USDT,0.0512,119661.5,4.278736269e-07,,30,0.0406504,0.044898,0.0143694,295658,0,0,0.70297,465,4,0,HOLD
2025-08-12 19:43:05 UTC,1h,ATH-USDT,BTC-USDT,0.03429,119661.5,2.865583333e-07,,30,0.0315884,0.00175285,0.013665,2.13595e+06,0,0,0.70297,465,4,0,HOLD
2025-08-12 19:43:05 UTC,1h,ATOM-USDT,BTC-USDT,4.721,119661.5,3.945295688e-05,,30,0.0423935,0.0417034,0.0115896,9.3619e+06,0,0,0.70297,465,4,0,HOLD
2025-08-12 19:43:05 UTC,1h,AUCTION-USDT,BTC-USDT,10.492,119661.5,8.768066588e-05,,30,0.0307496,0.0257112,0.0112807,4.51314e+06,0,0,0.70297,465,4,0,HOLD
2025-08-12 19:43:05 UTC,1h,AVA-USDT,BTC-USDT,0.617,119661.5,5.15621148e-06,,30,0.0436401,0.0566878,0.0140542,547686,0,0,0.70297,465,4,0,HOLD
2025-08-12 19:43:05 UTC,1h,AVAAI-USDT,BTC-USDT,0.03686,119661.5,3.080355837e-07,,30,0.0336511,-0.0261559,0.0278079,7.64258e+06,0,0,0.70297,465,4,0,HOLD
2025-08-12 19:43:05 UTC,1h,AVAX-USDT,BTC-USDT,24.444,119661.5,0.0002042762292,,30,0.0410119,0.0575409,0.0130853,5.41769e+07,0,0,0.70297,465,4,0,HOLD
2025-08-12 19:43:05 UTC,1h,AWE-USDT,BTC-USDT,0.054038,119661.5,4.515905283e-07,,30,0.00244871,-0.00566739,0.00883241,6.42787e+06,0,0,0.70297,465,4,0,HOLD
2025-08-12 19:43:05 UTC,1h,AXL-USDT,BTC-USDT,0.3602,119661.5,3.01015782e-06,,30,0.0419439,0.0544496,0.0148529,2.11182e+06,0,0,0.70297,465,4,0,HOLD
2025-08-12 19:43:05 UTC,1h,AXS-USDT,BTC-USDT,2.525,119661.5,2.110118961e-05,,30,0.0512073,0.0516451,0.0143423,4.94915e+06,0,0,0.70297,465,4,0,HOLD
2025-08-12 19:43:05 UTC,1h,B-USDT,BTC-USDT,0.61233,119661.5,5.117184725e-06,,30,-0.0194876,-0.0699303,0.0160943,6.6507e+06,0,0,0.70297,465,4,0,HOLD
2025-08-12 19:43:05 UTC,1h,B2-USDT,BTC-USDT,0.4073,119661.5,3.403768129e-06,,30,0.0527268,0.0350699,0.0162393,6.42371e+06,0,0,0.70297,465,4,0,HOLD
2025-08-12 19:43:05 UTC,1h,B3-USDT,BTC-USDT,0.003237,119661.5,2.705130723e-08,,30,0.0375,0.0550847,0.0162849,6.45185e+06,0,0,0.70297,465,4,0,HOLD
2025-08-12 19:43:05 UTC,1h,BABY-USDT,BTC-USDT,0.06223,119661.5,5.200503086e-07,,30,0.030298,0.0394187,0.0166204,6.67248e+06,0,0,0.70297,465,4,0,HOLD
2025-08-12 19:43:05 UTC,1h,BAKE-USDT,BTC-USDT,0.0883,119661.5,7.379148682e-07,,30,0.042503,0.0474496,0.0148843,1.54046e+06,0,0,0.70297,465,4,0,HOLD
2025-08-12 19:43:05 UTC,1h,BANANA-USDT,BTC-USDT,26.39,119661.5,0.0002205387698,,30,0.040205,0.0551779,0.0184864,9.24392e+06,0,0,0.70297,465,4,0,HOLD
2025-08-12 19:43:05 UTC,1h,BANANAS31-USDT,BTC-USDT,0.007244,119661.5,6.053743267e-08,,30,0.0212886,0.0155615,0.0154315,3.23404e+06,0,0,0.70297,465,4,0,HOLD
2025-08-12 19:43:05 UTC,1h,BANK-USDT,BTC-USDT,0.067658,119661.5,5.654115986e-07,,30,0.0301314,0.0399643,0.0308442,6.88999e+06,0,0,0.70297,465,4,0,HOLD
2025-08-12 19:43:05 UTC,1h,BAT-USDT,BTC-USDT,0.1541,119661.5,1.287799334e-06,,30,0.0412162,0.0426252,0.0130713,432687,0,0,0.70297,465,4,0,HOLD
2025-08-12 19:43:05 UTC,1h,BB-USDT,BTC-USDT,0.12716,119661.5,1.062664265e-06,,30,0.0133078,0.0283866,0.0194019,9.49636e+06,0,0,0.70297,465,4,0,HOLD
2025-08-12 19:43:05 UTC,1h,BCH-USDT,BTC-USDT,619.83,119661.5,0.005179861526,,30,0.0514147,0.0491723,0.0111966,3.98293e+07,0,0,0.70297,465,4,0,HOLD
2025-08-12 19:43:05 UTC,1h,BDXN-USDT,BTC-USDT,0.04077,119661.5,3.407110892e-07,,30,0.00641817,0.00221239,0.0171344,6.50555e+06,0,0,0.70297,465,4,0,HOLD
2025-08-12 19:43:05 UTC,1h,BEAM-USDT,BTC-USDT,0.008363,119661.5,6.988881136e-08,,30,0.0229969,0.052082,0.0202593,2.15712e+06,0,0,0.70297,465,4,0,HOLD
2025-08-12 19:43:05 UTC,1h,BERA-USDT,BTC-USDT,2.026,119661.5,1.693109313e-05,,30,0.0400411,0.04111,0.0153716,6.75154e+06,0,0,0.70297,465,4,0,HOLD
2025-08-12 19:43:05 UTC,1h,BID-USDT,BTC-USDT,0.07222,119661.5,6.035358073e-07,,30,0.0600323,0.0704017,0.0213138,2.05385e+06,0,0,0.70297,465,4,0,HOLD
2025-08-12 19:43:05 UTC,1h,BIGTIME-USDT,BTC-USDT,0.06095,119661.5,5.093534679e-07,,30,0.0378001,0.0492339,0.0134185,2.11487e+06,0,0,0.70297,465,4,0,HOLD
2025-08-12 19:43:05 UTC,1h,BIO-USDT,BTC-USDT,0.12823,119661.5,1.071606156e-06,,30,0.0587021,0.0117564,0.0374996,1.65935e+07,0,0,0.70297,465,4,0,HOLD
2025-08-12 19:43:05 UTC,1h,BLAST-USDT,BTC-USDT,0.003128,119661.5,2.614040439e-08,,30,0.0275953,0.0165746,0.0131531,517682,0,0,0.70297,465,4,0,HOLD
2025-08-12 19:43:05 UTC,1h,BLUR-USDT,BTC-USDT,0.08749,119661.5,7.311457737e-07,,30,0.0486636,0.0461557,0.0150466,4.31639e+06,0,0,0.70297,465,4,0,HOLD
2025-08-12 19:43:05 UTC,1h,BMT-USDT,BTC-USDT,0.08415,119661.5,7.032337051e-07,,30,0.0323887,0.033276,0.0133775,2.04714e+06,0,0,0.70297,465,4,0,HOLD
2025-08-12 19:43:05 UTC,1h,BNB-USDT,BTC-USDT,832.35,119661.5,0.006955871354,,30,0.0262749,0.0305443,0.00718105,3.96027e+07,0,0,0.70297,465,4,0,HOLD
2025-08-12 19:43:05 UTC,1h,BNT-USDT,BTC-USDT,0.82943,119661.5,6.931469186e-06,,30,0.0400507,0.046045,0.0128634,1.97012e+06,0,0,0.70297,465,4,0,HOLD
2025-08-12 19:43:05 UTC,1h,BOME-USDT,BTC-USDT,0.001966,119661.5,1.642967872e-08,,30,0.0518994,0.0684783,0.0187473,9.24157e+06,0,0,0.70297,465,4,0,HOLD
2025-08-12 19:43:05 UTC,1h,BR-USDT,BTC-USDT,0.05007,119661.5,4.184303222e-07,,30,-0.000598802,0.00019976,0.00111273,1.93403e+06,0,0,0.70297,465,4,0,HOLD
2025-08-12 19:43:05 UTC,1h,BRETT-USDT,BTC-USDT,0.05863,119661.5,4.899654442e-07,,30,0.0430528,0.0738095,0.0203333,5.90621e+06,0,0,0.70297,465,4,0,HOLD
2025-08-12 19:43:05 UTC,1h,BROCCOLI-USDT,BTC-USDT,0.02796,119661.5,2.336591134e-07,,30,0.00286944,0.00467122,0.0166564,6.44186e+06,0,0,0.70297,465,4,0,HOLD
2025-08-12 19:43:05 UTC,1h,BROCCOLIF3B-USDT,BTC-USDT,0.010382,119661.5,8.676140613e-08,,30,0.0147591,0.0586316,0.0127281,6.42326e+06,0,0,0.70297,465,4,0,HOLD
2025-08-12 19:43:05 UTC,1h,BSV-USDT,BTC-USDT,29.39,119661.5,0.0002456094901,,30,0.0190707,0.00581793,0.0115686,2.28628e+06,0,0,0.70297,465,4,0,HOLD
2025-08-12 19:43:05 UTC,1h,BSW-USDT,BTC-USDT,0.02643,119661.5,2.208730461e-07,,30,-0.0149087,-0.0218357,0.024269,2.04159e+06,0,0,0.70297,465,4,0,HOLD
2025-08-12 19:43:05 UTC,1h,BTC-USDT,BTC-USDT,119751.6,119661.5,1.000752957,,30,0.0079295,0.00671104,0.00523679,1.43675e+09,0,0,0.70297,465,4,0,HOLD
2025-08-12 19:43:05 UTC,1h,BULLA-USDT,BTC-USDT,0.08182,119661.5,6.837621123e-07,,30,-0.0273419,-0.0473862,0.0257185,6.76977e+06,0,0,0.70297,465,4,0,HOLD
2025-08-12 19:43:05 UTC,1h,C-USDT,BTC-USDT,0.26337,119661.5,2.200958537e-06,,30,0.0172654,0.0388939,0.0182687,6.63305e+06,0,0,0.70297,465,4,0,HOLD
2025-08-12 19:43:05 UTC,1h,CAKE-USDT,BTC-USDT,2.8607,119661.5,2.390660321e-05,,30,0.0385551,0.0397252,0.0108515,2.55034e+06,0,0,0.70297,465,4,0,HOLD
2025-08-12 19:43:05 UTC,1h,CARV-USDT,BTC-USDT,0.3103,119661.5,2.593148172e-06,,30,0.0224053,-0.0136682,0.0189448,2.21254e+06,0,0,0.70297,465,4,0,HOLD
2025-08-12 19:43:05 UTC,1h,CATI-USDT,BTC-USDT,0.09581,119661.5,8.006752381e-07,,30,0.0254736,-0.0336863,0.0331981,7.12158e+06,0,0,0.70297,465,4,0,HOLD
2025-08-12 19:43:05 UTC,1h,CELO-USDT,BTC-USDT,0.361,119661.5,3.016843346e-06,,30,0.0349771,0.039148,0.0161258,2.35806e+06,0,0,0.70297,465,4,0,HOLD
2025-08-12 19:43:05 UTC,1h,CELR-USDT,BTC-USDT,0.00824,119661.5,6.886091182e-08,,30,0.0456853,0.0564103,0.0153433,2.15092e+06,0,0,0.70297,465,4,0,HOLD
2025-08-12 19:43:05 UTC,1h,CETUS-USDT,BTC-USDT,0.11197,119661.5,9.357228515e-07,,30,0.0382975,0.0593188,0.0179385,993925,0,0,0.70297,465,4,0,HOLD
2025-08-12 19:43:05 UTC,1h,CFX-USDT,BTC-USDT,0.20081,119661.5,1.678150449e-06,,30,0.0220899,0.0238617,0.0143668,1.019e+07,0,0,0.70297,465,4,0,HOLD
2025-08-12 19:43:05 UTC,1h,CGPT-USDT,BTC-USDT,0.10276,119661.5,8.587557402e-07,,30,0.0346355,0.0502862,0.0161541,687672,0,0,0.70297,465,4,0,HOLD
2025-08-12 19:43:05 UTC,1h,CHESS-USDT,BTC-USDT,0.0752,119661.5,6.284393894e-07,,30,0.0246628,0.0532213,0.0187785,720147,0,0,0.70297,465,4,0,HOLD
2025-08-12 19:43:05 UTC,1h,CHILLGUY-USDT,BTC-USDT,0.05772,119661.5,4.82360659e-07,,30,0.0738605,0.0740603,0.0237105,1.69995e+06,0,0,0.70297,465,4,0,HOLD
2025-08-12 19:43:05 UTC,1h,CHR-USDT,BTC-USDT,0.0985,119661.5,8.231553173e-07,,30,0.0379347,0.0489883,0.0143582,1.99818e+06,0,0,0.70297,465,4,0,HOLD
2025-08-12 19:43:05 UTC,1h,CHZ-USDT,BTC-USDT,0.04318,119661.5,3.608512345e-07,,30,0.0347472,0.0397303,0.0117283,2.16391e+06,0,0,0.70297,465,4,0,HOLD
2025-08-12 19:43:05 UTC,1h,CKB-USDT,BTC-USDT,0.005689,119661.5,4.754244264e-08,,30,0.0427053,0.0432789,0.0141627,712426,0,0,0.70297,465,4,0,HOLD
2025-08-12 19:43:05 UTC,1h,COINX-USDT,BTC-USDT,320.24,119661.5,0.002676215825,,30,0.00121932,-0.000967088,0.00931221,6.41308e+06,0,0,0.70297,465,4,0,HOLD
2025-08-12 19:43:05 UTC,1h,COMP-USDT,BTC-USDT,52.78,119661.5,0.0004410775396,,30,0.025651,0.0292512,0.0137904,5.58812e+06,0,0,0.70297,465,4,0,HOLD
2025-08-12 19:43:05 UTC,1h,COOKIE-USDT,BTC-USDT,0.1554,119661.5,1.298663313e-06,,30,0.0332447,0.0593047,0.0210517,6.76845e+06,0,0,0.70297,465,4,0,HOLD
2025-08-12 19:43:05 UTC,1h,CORE-USDT,BTC-USDT,0.5042,119661.5,4.213552396e-06,,30,0.0380894,0.0528294,0.01173,2.00368e+06,0,0,0.70297,465,4,0,HOLD
2025-08-12 19:43:05 UTC,1h,COS-USDT,BTC-USDT,0.003516,119661.5,2.938288422e-08,,30,0.0301787,0.0356406,0.0114172,458366,0,0,0.70297,465,4,0,HOLD
2025-08-12 19:43:05 UTC,1h,COTI-USDT,BTC-USDT,0.05578,119661.5,4.661482599e-07,,30,0.0393143,0.0500753,0.0144829,519894,0,0,0.70297,465,4,0,HOLD
2025-08-12 19:43:05 UTC,1h,COW-USDT,BTC-USDT,0.4299,119661.5,3.592634222e-06,,30,0.0439534,0.0547105,0.0176453,6.83667e+06,0,0,0.70297,465,4,0,HOLD
2025-08-12 19:43:05 UTC,1h,CRCLX-USDT,BTC-USDT,164.78,119661.5,0.001377051098,,30,-0.0420881,0.019552,0.0315746,6.43675e+06,0,0,0.70297,465,4,0,HOLD
2025-08-12 19:43:05 UTC,1h,CROSS-USDT,BTC-USDT,0.3144,119661.5,2.62741149e-06,,30,-0.00942059,0.00146525,0.013327,6.53861e+06,0,0,0.70297,465,4,0,HOLD
2025-08-12 19:43:05 UTC,1h,CRV-USDT,BTC-USDT,0.9867,119661.5,8.245759914e-06,,30,0.0546174,0.0709866,0.0181413,1.65604e+07,0,0,0.70297,465,4,0,HOLD
2025-08-12 19:43:05 UTC,1h,CTC-USDT,BTC-USDT,0.7386,119661.5,6.172411344e-06,,30,0.0259758,0.041602,0.0153669,1.30679e+06,0,0,0.70297,465,4,0,HOLD
2025-08-12 19:43:05 UTC,1h,CTK-USDT,BTC-USDT,0.3552,119661.5,2.968373286e-06,,30,-0.00252738,0.0389003,0.0180381,6.61606e+06,0,0,0.70297,465,4,0,HOLD
2025-08-12 19:43:05 UTC,1h,CUDIS-USDT,BTC-USDT,0.07572,119661.5,6.32784981e-07,,30,0.108314,0.104112,0.0480907,7.09158e+06,0,0,0.70297,465,4,0,HOLD
2025-08-12 19:43:05 UTC,1h,CVC-USDT,BTC-USDT,0.09788,119661.5,8.179740351e-07,,30,0.0359865,0.0418308,0.0100269,1.9307e+06,0,0,0.70297,465,4,0,HOLD
2025-08-12 19:43:05 UTC,1h,CYBER-USDT,BTC-USDT,3.0513,119661.5,2.549942964e-05,,30,-0.0031689,-0.194525,0.161821,6.18066e+07,0,0,0.70297,465,4,0,HOLD
2025-08-12 19:43:05 UTC,1h,D-USDT,BTC-USDT,0.03686,119661.5,3.080355837e-07,,30,0.0345215,0.0415372,0.0141656,6.41412e+06,0,0,0.70297,465,4,0,HOLD
2025-08-12 19:43:05 UTC,1h,DBR-USDT,BTC-USDT,0.02488,119661.5,2.079198406e-07,,30,0.0101502,0.01842,0.00898599,437409,0,0,0.70297,465,4,0,HOLD
2025-08-12 19:43:05 UTC,1h,DEEP-USDT,BTC-USDT,0.16947,119661.5,1.416244991e-06,,30,0.0709681,0.123285,0.0193207,6.91321e+06,0,0,0.70297,465,4,0,HOLD
2025-08-12 19:43:05 UTC,1h,DEGEN-USDT,BTC-USDT,0.004024,119661.5,3.362819286e-08,,30,0.0460099,0.0645503,0.0198985,574687,0,0,0.70297,465,4,0,HOLD
2025-08-12 19:43:05 UTC,1h,DEGO-USDT,BTC-USDT,1.2386,119661.5,1.035086473e-05,,30,0.011102,-0.0157343,0.0176928,858167,0,0,0.70297,465,4,0,HOLD
2025-08-12 19:43:05 UTC,1h,DF-USDT,BTC-USDT,0.03031,119661.5,2.532978443e-07,,30,0.0309524,0.0408654,0.0121129,283643,0,0,0.70297,465,4,0,HOLD
2025-08-12 19:43:05 UTC,1h,DIA-USDT,BTC-USDT,0.8396,119661.5,7.016458928e-06,,30,0.0239024,0.0246522,0.0223746,6.48095e+06,0,0,0.70297,465,4,0,HOLD
2025-08-12 19:43:05 UTC,1h,DMC-USDT,BTC-USDT,0.00478,119661.5,3.994601438e-08,,30,0.0127119,0.00631579,0.0156455,6.46042e+06,0,0,0.70297,465,4,0,HOLD
2025-08-12 19:43:05 UTC,1h,DOG-USDT,BTC-USDT,0.003471,119661.5,2.900682341e-08,,30,0.0143191,0.0492745,0.018315,779874,0,0,0.70297,465,4,0,HOLD
2025-08-12 19:43:05 UTC,1h,DOGE-USDT,BTC-USDT,0.23501,119661.5,1.963956661e-06,,30,0.0499955,0.0442104,0.0142426,1.41427e+08,0,0,0.70297,465,4,0,HOLD
2025-08-12 19:43:05 UTC,1h,DOGS-USDT,BTC-USDT,0.0001471,119661.5,1.229300987e-09,,30,0.0322807,0.0403112,0.0173351,819718,0,0,0.70297,465,4,0,HOLD
2025-08-12 19:43:05 UTC,1h,DOLO-USDT,BTC-USDT,0.227735,119661.5,1.903160164e-06,,30,-0.0807388,-0.0897991,0.0364945,7.74216e+06,0,0,0.70297,465,4,0,HOLD
2025-08-12 19:43:05 UTC,1h,DOOD-USDT,BTC-USDT,0.0037996,119661.5,3.175290298e-08,,30,0.0330053,0.0512977,0.0160205,6.50471e+06,0,0,0.70297,465,4,0,HOLD
2025-08-12 19:43:05 UTC,1h,DOT-USDT,BTC-USDT,4.172,119661.5,3.486501506e-05,,30,0.055668,0.0640143,0.0157341,1.87091e+07,0,0,0.70297,465,4,0,HOLD
2025-08-12 19:43:05 UTC,1h,DRIFT-USDT,BTC-USDT,0.5739,119661.5,4.796028798e-06,,30,0.0503294,0.0484107,0.0139646,6.60126e+06,0,0,0.70297,465,4,0,HOLD
2025-08-12 19:43:05 UTC,1h,DUSK-USDT,BTC-USDT,0.06816,119661.5,5.696067658e-07,,30,0.0360237,0.0462011,0.015363,283903,0,0,0.70297,465,4,0,HOLD
2025-08-12 19:43:05 UTC,1h,DYDX-USDT,BTC-USDT,0.668,119661.5,5.582413725e-06,,30,0.0286418,0.0322979,0.017237,6.32691e+06,0,0,0.70297,465,4,0,HOLD
2025-08-12 19:43:05 UTC,1h,DYM-USDT,BTC-USDT,0.2654,119661.5,2.217923058e-06,,30,0.0552684,0.0461175,0.0203466,3.24339e+06,0,0,0.70297,465,4,0,HOLD
2025-08-12 19:43:05 UTC,1h,EDU-USDT,BTC-USDT,0.1483,119661.5,1.239329275e-06,,30,-0.0159257,0.0270083,0.0511511,5.90371e+06,0,0,0.70297,465,4,0,HOLD
2025-08-12 19:43:05 UTC,1h,EGLD-USDT,BTC-USDT,16.02,119661.5,0.0001338776465,,30,0.0456237,0.0536008,0.0133003,3.27007e+06,0,0,0.70297,465,4,0,HOLD
2025-08-12 19:43:05 UTC,1h,EIGEN-USDT,BTC-USDT,1.4078,119661.5,1.176485336e-05,,30,0.0195539,0.0293193,0.0224971,5.79155e+06,0,0,0.70297,465,4,0,HOLD
2025-08-12 19:43:05 UTC,1h,ELX-USDT,BTC-USDT,0.1758,119661.5,1.469144211e-06,,30,0.0408526,0.0390071,0.018365,484991,0,0,0.70297,465,4,0,HOLD
2025-08-12 19:43:05 UTC,1h,ENA-USDT,BTC-USDT,0.8115,119661.5,6.781629848e-06,,30,0.00222305,0.0207547,0.0280609,1.02502e+08,0,0,0.70297,465,4,0,HOLD
2025-08-12 19:43:05 UTC,1h,ENJ-USDT,BTC-USDT,0.07418,119661.5,6.199153445e-07,,30,0.049519,0.0536932,0.0144629,2.114e+06,0,0,0.70297,465,4,0,HOLD
2025-08-12 19:43:05 UTC,1h,ENS-USDT,BTC-USDT,29.246,119661.5,0.0002444060955,,30,0.0235537,0.0348537,0.0150692,1.2176e+07,0,0,0.70297,465,4,0,HOLD
2025-08-12 19:43:05 UTC,1h,EPIC-USDT,BTC-USDT,2.1067,119661.5,1.76054955e-05,,30,0.00592083,-0.0082384,0.0141148,2.09421e+06,0,0,0.70297,465,4,0,HOLD
2025-08-12 19:43:05 UTC,1h,EPT-USDT,BTC-USDT,0.004399,119661.5,3.67620329e-08,,30,0.0234993,0.0411834,0.0148573,6.51423e+06,0,0,0.70297,465,4,0,HOLD
2025-08-12 19:43:05 UTC,1h,ERA-USDT,BTC-USDT,1.0363,119661.5,8.66026249e-06,,30,0.024822,0.00974374,0.0154809,8.47187e+06,0,0,0.70297,465,4,0,HOLD
2025-08-12 19:43:05 UTC,1h,ES-USDT,BTC-USDT,0.2187,119661.5,1.827655512e-06,,30,0.0253165,0.0210084,0.0194004,6.45695e+06,0,0,0.70297,465,4,0,HOLD
2025-08-12 19:43:05 UTC,1h,ESPORTS-USDT,BTC-USDT,0.1278,119661.5,1.068012686e-06,,30,-0.00930233,-0.0191865,0.0188352,6.79611e+06,0,0,0.70297,465,4,0,HOLD
2025-08-12 19:43:05 UTC,1h,ETC-USDT,BTC-USDT,23.525,119661.5,0.0001965962319,,30,0.038173,0.0466254,0.0147442,1.28717e+07,0,0,0.70297,465,4,0,HOLD
2025-08-12 19:43:05 UTC,1h,ETH-USDT,BTC-USDT,4503.11,119661.5,0.03763207047,,30,0.0277999,0.0437565,0.011312,2.73358e+09,0,0,0.70297,465,4,0,HOLD
2025-08-12 19:43:05 UTC,1h,ETHFI-USDT,BTC-USDT,1.2336,119661.5,1.03090802e-05,,30,0.0304043,0.0363774,0.0247475,1.34199e+07,0,0,0.70297,465,4,0,HOLD
2025-08-12 19:43:05 UTC,1h,ETHW-USDT,BTC-USDT,1.7349,119661.5,1.449839756e-05,,30,0.0389245,0.0550994,0.0150029,2.04957e+06,0,0,0.70297,465,4,0,HOLD
2025-08-12 19:43:05 UTC,1h,F-USDT,BTC-USDT,0.007921,119661.5,6.619505856e-08,,30,0.0138231,0.00494798,0.0129944,6.44196e+06,0,0,0.70297,465,4,0,HOLD
2025-08-12 19:43:05 UTC,1h,FARTCOIN-USDT,BTC-USDT,0.9813,119661.5,8.200632618e-06,,30,0.130921,0.156375,0.0305862,7.36842e+07,0,0,0.70297,465,4,0,HOLD
2025-08-12 19:43:05 UTC,1h,FET-USDT,BTC-USDT,0.7235,119661.5,6.046222051e-06,,30,0.0337191,0.0340146,0.0150163,5.7652e+06,0,0,0.70297,465,4,0,HOLD
2025-08-12 19:43:05 UTC,1h,FHE-USDT,BTC-USDT,0.0636,119661.5,5.314992709e-07,,30,0.00760456,0.00489809,0.0183625,6.62511e+06,0,0,0.70297,465,4,0,HOLD
2025-08-12 19:43:05 UTC,1h,FIDA-USDT,BTC-USDT,0.10573,119661.5,8.835757533e-07,,30,0.0613331,0.0798693,0.0179027,878335,0,0,0.70297,465,4,0,HOLD
2025-08-12 19:43:05 UTC,1h,FIL-USDT,BTC-USDT,2.635,119661.5,2.202044935e-05,,30,0.0481305,0.0561122,0.0129574,1.00752e+07,0,0,0.70297,465,4,0,HOLD
2025-08-12 19:43:05 UTC,1h,FIO-USDT,BTC-USDT,0.02104,119661.5,1.758293185e-07,,30,0.0218553,0.00718047,0.0186719,6.60406e+06,0,0,0.70297,465,4,0,HOLD
2025-08-12 19:43:05 UTC,1h,FIS-USDT,BTC-USDT,0.12324,119661.5,1.029905191e-06,,30,0.0335458,0.054505,0.0161242,6.52176e+06,0,0,0.70297,465,4,0,HOLD
2025-08-12 19:43:05 UTC,1h,FLM-USDT,BTC-USDT,0.03056,119661.5,2.55387071e-07,,30,0.0296496,0.0508941,0.01365,731603,0,0,0.70297,465,4,0,HOLD
2025-08-12 19:43:05 UTC,1h,FLOCK-USDT,BTC-USDT,0.18821,119661.5,1.572853424e-06,,30,0.0160333,0.071872,0.0332531,6.68949e+06,0,0,0.70297,465,4,0,HOLD
2025-08-12 19:43:05 UTC,1h,FLOKI-USDT,BTC-USDT,0.00011496,119661.5,9.607100028e-10,,30,0.0507266,0.0502467,0.0160863,6.48446e+06,0,0,0.70297,465,4,0,HOLD
2025-08-12 19:43:05 UTC,1h,FLOW-USDT,BTC-USDT,0.389,119661.5,3.250836735e-06,,30,0.0428954,0.0542005,0.0123026,2.38795e+06,0,0,0.70297,465,4,0,HOLD
2025-08-12 19:43:05 UTC,1h,FLUX-USDT,BTC-USDT,0.2302,119661.5,1.923759939e-06,,30,0.0421005,0.0444646,0.0165074,445685,0,0,0.70297,465,4,0,HOLD
2025-08-12 19:43:05 UTC,1h,FORM-USDT,BTC-USDT,3.7878,119661.5,3.165429148e-05,,30,0.00344389,-0.0153118,0.0074921,2.21711e+06,0,0,0.70297,465,4,0,HOLD
2025-08-12 19:43:05 UTC,1h,FORTH-USDT,BTC-USDT,2.8413,119661.5,2.374447922e-05,,30,0.00930695,-0.00420566,0.0197646,1.04411e+06,0,0,0.70297,465,4,0,HOLD
2025-08-12 19:43:05 UTC,1h,FRAG-USDT,BTC-USDT,0.04407,119661.5,3.682888816e-07,,30,0.0318427,0.0220315,0.0236312,6.44279e+06,0,0,0.70297,465,4,0,HOLD
2025-08-12 19:43:05 UTC,1h,FUEL-USDT,BTC-USDT,0.00744,119661.5,6.21753864e-08,,30,0.00404858,-0.042471,0.015457,340641,0,0,0.70297,465,4,0,HOLD
2025-08-12 19:43:05 UTC,1h,FUNTOKEN-USDT,BTC-USDT,0.009298,119661.5,7.770251919e-08,,30,0.0103227,-0.0285237,0.0371585,8.89466e+06,0,0,0.70297,465,4,0,HOLD
2025-08-12 19:43:05 UTC,1h,FXS-USDT,BTC-USDT,3.17,119661.5,2.649139448e-05,,30,0.0341565,0.049252,0.0145809,2.17397e+06,0,0,0.70297,465,4,0,HOLD
2025-08-12 19:43:05 UTC,1h,G-USDT,BTC-USDT,0.01264,119661.5,1.056313016e-07,,30,0.0550918,0.0604027,0.0133363,6.40375e+06,0,0,0.70297,465,4,0,HOLD
2025-08-12 19:43:05 UTC,1h,GALA-USDT,BTC-USDT,0.01794,119661.5,1.499229075e-07,,30,0.0497367,0.0552941,0.0173993,9.57169e+06,0,0,0.70297,465,4,0,HOLD
2025-08-12 19:43:05 UTC,1h,GAS-USDT,BTC-USDT,3.357,119661.5,2.805413604e-05,,30,0.0303867,0.0322878,0.0109792,1.97261e+06,0,0,0.70297,465,4,0,HOLD
2025-08-12 19:43:05 UTC,1h,GHST-USDT,BTC-USDT,0.5115,119661.5,4.274557815e-06,,30,-0.00698893,0.0689655,0.0299539,7.15139e+06,0,0,0.70297,465,4,0,HOLD
2025-08-12 19:43:05 UTC,1h,GLM-USDT,BTC-USDT,0.26377,119661.5,2.2043013e-06,,30,0.0280625,0.0261029,0.0106018,526388,0,0,0.70297,465,4,0,HOLD
2025-08-12 19:43:05 UTC,1h,GMT-USDT,BTC-USDT,0.04797,119661.5,4.00880818e-07,,30,0.0505913,0.0563752,0.0131928,710545,0,0,0.70297,465,4,0,HOLD
2025-08-12 19:43:05 UTC,1h,GMX-USDT,BTC-USDT,17.025,119661.5,0.0001422763378,,30,0.0202553,0.0197053,0.01721,2.49077e+06,0,0,0.70297,465,4,0,HOLD
2025-08-12 19:43:05 UTC,1h,GOAT-USDT,BTC-USDT,0.1069,119661.5,8.933533342e-07,,30,0.064635,0.102062,0.0181278,6.77292e+06,0,0,0.70297,465,4,0,HOLD
2025-08-12 19:43:05 UTC,1h,GOR-USDT,BTC-USDT,0.0186,119661.5,1.55438466e-07,,30,0.0408506,0.153846,0.0403994,6.5742e+06,0,0,0.70297,465,4,0,HOLD
2025-08-12 19:43:05 UTC,1h,GORK-USDT,BTC-USDT,0.00844,119661.5,7.053229318e-08,,30,0.030525,0.12234,0.0251354,6.53655e+06,0,0,0.70297,465,4,0,HOLD
2025-08-12 19:43:05 UTC,1h,GPS-USDT,BTC-USDT,0.01606,119661.5,1.342119228e-07,,30,0.0222788,-0.015328,0.0233055,6.53036e+06,0,0,0.70297,465,4,0,HOLD
2025-08-12 19:43:05 UTC,1h,GRASS-USDT,BTC-USDT,0.8068,119661.5,6.742352386e-06,,30,0.0479283,0.0430511,0.0260465,7.44891e+06,0,0,0.70297,465,4,0,HOLD
2025-08-12 19:43:05 UTC,1h,GRIFFAIN-USDT,BTC-USDT,0.04478,119661.5,3.742222854e-07,,30,0.0261228,0.0474854,0.0216934,7.04474e+06,0,0,0.70297,465,4,0,HOLD
2025-08-12 19:43:05 UTC,1h,GRT-USDT,BTC-USDT,0.10003,119661.5,8.359413847e-07,,30,0.0508457,0.0626793,0.0144742,2.90176e+06,0,0,0.70297,465,4,0,HOLD
2025-08-12 19:43:05 UTC,1h,GTC-USDT,BTC-USDT,0.313,119661.5,2.61571182e-06,,30,0.0433333,0.0574324,0.0164309,1.99933e+06,0,0,0.70297,465,4,0,HOLD
2025-08-12 19:43:05 UTC,1h,GUN-USDT,BTC-USDT,0.03136,119661.5,2.620725964e-07,,30,0.0401327,0.0332784,0.0176977,6.50069e+06,0,0,0.70297,465,4,0,HOLD
2025-08-12 19:43:05 UTC,1h,H-USDT,BTC-USDT,0.03786,119661.5,3.163924905e-07,,30,0.0193861,0.0251828,0.0120368,6.54516e+06,0,0,0.70297,465,4,0,HOLD
2025-08-12 19:43:05 UTC,1h,HAEDAL-USDT,BTC-USDT,0.145096,119661.5,1.212553745e-06,,30,0.0382837,0.0441265,0.0162843,6.43327e+06,0,0,0.70297,465,4,0,HOLD
2025-08-12 19:43:05 UTC,1h,HBAR-USDT,BTC-USDT,0.25984,119661.5,2.171458656e-06,,30,0.0352191,0.0446249,0.0115181,1.34836e+07,0,0,0.70297,465,4,0,HOLD
2025-08-12 19:43:05 UTC,1h,HEI-USDT,BTC-USDT,0.5063,119661.5,4.2311019e-06,,30,0.00456349,0.0123975,0.0230242,826882,0,0,0.70297,465,4,0,HOLD
2025-08-12 19:43:05 UTC,1h,HFT-USDT,BTC-USDT,0.10014,119661.5,8.368606444e-07,,30,0.0376127,0.0332233,0.0251362,6.6317e+06,0,0,0.70297,465,4,0,HOLD
2025-08-12 19:43:05 UTC,1h,HIFI-USDT,BTC-USDT,0.10224,119661.5,8.544101486e-07,,30,0.164067,0.242133,0.0382573,4.38248e+06,0,0,0.70297,465,4,1,HOLD
2025-08-12 19:43:05 UTC,1h,HIGH-USDT,BTC-USDT,0.6077,119661.5,5.078492247e-06,,30,0.0466759,0.0544855,0.0151861,5.63495e+06,0,0,0.70297,465,4,0,HOLD
2025-08-12 19:43:05 UTC,1h,HIPPO-USDT,BTC-USDT,0.002391,119661.5,1.99813641e-08,,30,0.0101394,0.0135651,0.028918,1.96948e+06,0,0,0.70297,465,4,0,HOLD
2025-08-12 19:43:05 UTC,1h,HIVE-USDT,BTC-USDT,0.22706,119661.5,1.897519252e-06,,30,0.031294,0.0356687,0.0099313,419311,0,0,0.70297,465,4,0,HOLD
2025-08-12 19:43:05 UTC,1h,HMSTR-USDT,BTC-USDT,0.0007797,119661.5,6.515880212e-09,,30,0.0405712,0.0434957,0.0157753,542588,0,0,0.70297,465,4,0,HOLD
2025-08-12 19:43:05 UTC,1h,HOME-USDT,BTC-USDT,0.043345,119661.5,3.622301241e-07,,30,0.0636549,0.103713,0.0198342,6.69706e+06,0,0,0.70297,465,4,0,HOLD
2025-08-12 19:43:05 UTC,1h,HOODX-USDT,BTC-USDT,114.46,119661.5,0.0009565315494,,30,-0.000349345,0.00624176,0.00989117,6.40023e+06,0,0,0.70297,465,4,0,HOLD
2025-08-12 19:43:05 UTC,1h,HOOK-USDT,BTC-USDT,0.1147,119661.5,9.58537207e-07,,30,0.0494053,0.0532599,0.0244115,5.68247e+06,0,0,0.70297,465,4,0,HOLD
2025-08-12 19:43:05 UTC,1h,HOT-USDT,BTC-USDT,0.001036,119661.5,8.657755418e-09,,30,0.0380762,0.0422535,0.0145477,1.94456e+06,0,0,0.70297,465,4,0,HOLD
2025-08-12 19:43:05 UTC,1h,HOUSE-USDT,BTC-USDT,0.02305,119661.5,1.926267012e-07,,30,0.0806376,0.0597701,0.0384258,7.15602e+06,0,0,0.70297,465,4,0,HOLD
2025-08-12 19:43:05 UTC,1h,HUMA-USDT,BTC-USDT,0.038074,119661.5,3.181808685e-07,,30,0.111358,0.129524,0.0264354,7.25088e+06,0,0,0.70297,465,4,0,HOLD
2025-08-12 19:43:05 UTC,1h,HYPE-USDT,BTC-USDT,44.37,119661.5,0.0003707959536,,30,0.0264181,0.0238128,0.0179996,2.39424e+07,0,0,0.70297,465,4,0,HOLD
2025-08-12 19:43:05 UTC,1h,HYPERLANE-USDT,BTC-USDT,0.3884,119661.5,3.245822591e-06,,30,0.0351812,0.0191551,0.0184824,7.06817e+06,0,0,0.70297,465,4,0,HOLD
2025-08-12 19:43:05 UTC,1h,ICNT-USDT,BTC-USDT,0.3564,119661.5,2.978401574e-06,,30,-0.0105497,-0.104972,0.0705467,1.70819e+07,0,0,0.70297,465,4,0,HOLD
2025-08-12 19:43:05 UTC,1h,ICP-USDT,BTC-USDT,5.686,119661.5,4.751737192e-05,,30,0.0475313,0.0473384,0.0136677,5.06951e+06,0,0,0.70297,465,4,0,HOLD
2025-08-12 19:43:05 UTC,1h,ICX-USDT,BTC-USDT,0.1376,119661.5,1.149910372e-06,,30,0.0424242,0.0463878,0.0123027,303635,0,0,0.70297,465,4,0,HOLD
2025-08-12 19:43:05 UTC,1h,ID-USDT,BTC-USDT,0.17791,119661.5,1.486777284e-06,,30,0.0210043,0.0465294,0.0230173,2.60466e+06,0,0,0.70297,465,4,0,HOLD
2025-08-12 19:43:05 UTC,1h,IDOL-USDT,BTC-USDT,0.01667,119661.5,1.393096359e-07,,30,-0.0251462,-0.00536993,0.0469192,7.50264e+06,0,0,0.70297,465,4,0,HOLD
2025-08-12 19:43:05 UTC,1h,ILV-USDT,BTC-USDT,17.67,119661.5,0.0001476665427,,30,0.0199134,0.0172126,0.0176732,6.70376e+06,0,0,0.70297,465,4,0,HOLD
2025-08-12 19:43:05 UTC,1h,IMX-USDT,BTC-USDT,0.5859,119661.5,4.896311679e-06,,30,0.0191338,0.0198433,0.0191281,5.85291e+06,0,0,0.70297,465,4,0,HOLD
2025-08-12 19:43:05 UTC,1h,IN-USDT,BTC-USDT,0.10691,119661.5,8.934369033e-07,,30,0.140373,0.160677,0.0596764,1.04679e+07,0,0,0.70297,465,4,0,HOLD
2025-08-12 19:43:05 UTC,1h,INIT-USDT,BTC-USDT,0.4563,119661.5,3.813256561e-06,,30,0.0210338,0.0616566,0.0247957,6.89049e+06,0,0,0.70297,465,4,0,HOLD
2025-08-12 19:43:05 UTC,1h,INJ-USDT,BTC-USDT,14.699,119661.5,0.0001228381727,,30,0.0524846,0.065531,0.0162207,3.16013e+07,0,0,0.70297,465,4,0,HOLD
2025-08-12 19:43:05 UTC,1h,IO-USDT,BTC-USDT,0.6901,119661.5,5.767101365e-06,,30,0.119747,0.141982,0.0224088,9.91361e+06,0,0,0.70297,465,4,0,HOLD
2025-08-12 19:43:05 UTC,1h,IOST-USDT,BTC-USDT,0.003819,119661.5,3.191502697e-08,,30,0.0374898,0.0408831,0.0117832,1.96397e+06,0,0,0.70297,465,4,0,HOLD
2025-08-12 19:43:05 UTC,1h,IOTA-USDT,BTC-USDT,0.2112,119661.5,1.764978711e-06,,30,0.0403941,0.0486594,0.0137649,2.34627e+06,0,0,0.70297,465,4,0,HOLD
2025-08-12 19:43:05 UTC,1h,IP-USDT,BTC-USDT,5.81703,119661.5,4.861237741e-05,,30,0.00806343,0.0279454,0.0208225,1.11393e+07,0,0,0.70297,465,4,0,HOLD
2025-08-12 19:43:05 UTC,1h,JASMY-USDT,BTC-USDT,0.01873,119661.5,1.565248639e-07,,30,0.0993074,0.114682,0.0246434,5.5568e+06,0,0,0.70297,465,4,0,HOLD
2025-08-12 19:43:05 UTC,1h,JOE-USDT,BTC-USDT,0.16515,119661.5,1.380143154e-06,,30,0.0392021,0.0422846,0.0141862,1.96213e+06,0,0,0.70297,465,4,0,HOLD
2025-08-12 19:43:05 UTC,1h,JST-USDT,BTC-USDT,0.033918,119661.5,2.83449564e-07,,30,0.0133246,0.00799429,0.0058334,1.93282e+06,0,0,0.70297,465,4,0,HOLD
2025-08-12 19:43:05 UTC,1h,JTO-USDT,BTC-USDT,1.9181,119661.5,1.602938288e-05,,30,0.0701891,0.0748669,0.0155176,5.22557e+06,0,0,0.70297,465,4,0,HOLD
2025-08-12 19:43:05 UTC,1h,JUP-USDT,BTC-USDT,0.5311,119661.5,4.438353188e-06,,30,0.0556549,0.0613509,0.0163138,1.21821e+07,0,0,0.70297,465,4,0,HOLD
2025-08-12 19:43:05 UTC,1h,KAIA-USDT,BTC-USDT,0.1505,119661.5,1.25771447e-06,,30,0.0280055,0.0315284,0.0114381,6.66127e+06,0,0,0.70297,465,4,0,HOLD
2025-08-12 19:43:05 UTC,1h,KAITO-USDT,BTC-USDT,1.2114,119661.5,1.012355687e-05,,30,0.0555943,0.0697633,0.0180724,6.99789e+06,0,0,0.70297,465,4,0,HOLD
2025-08-12 19:43:05 UTC,1h,KAS-USDT,BTC-USDT,0.09358,119661.5,7.82039336e-07,,30,0.0519335,0.0482805,0.0156322,7.81682e+06,0,0,0.70297,465,4,0,HOLD
2025-08-12 19:43:05 UTC,1h,KAVA-USDT,BTC-USDT,0.3874,119661.5,3.237465684e-06,,30,0.0192055,0.024055,0.00602921,2.18753e+06,0,0,0.70297,465,4,0,HOLD
2025-08-12 19:43:05 UTC,1h,KDA-USDT,BTC-USDT,0.4304,119661.5,3.596812676e-06,,30,0.0358604,0.0439001,0.0168946,2.07694e+06,0,0,0.70297,465,4,0,HOLD
2025-08-12 19:43:05 UTC,1h,KERNEL-USDT,BTC-USDT,0.203,119661.5,1.696452075e-06,,30,0.0221551,0.024735,0.0171006,6.7363e+06,0,0,0.70297,465,4,0,HOLD
2025-08-12 19:43:05 UTC,1h,KMNO-USDT,BTC-USDT,0.05577,119661.5,4.660646908e-07,,30,0.0554504,0.0710582,0.0149082,436856,0,0,0.70297,465,4,0,HOLD
2025-08-12 19:43:05 UTC,1h,KNC-USDT,BTC-USDT,0.4244,119661.5,3.546671235e-06,,30,0.0104762,0.0165269,0.01301,2.19099e+06,0,0,0.70297,465,4,0,HOLD
2025-08-12 19:43:05 UTC,1h,KOMA-USDT,BTC-USDT,0.02421,119661.5,2.02320713e-07,,30,0.0112782,0.0138191,0.0111819,1.93822e+06,0,0,0.70297,465,4,0,HOLD
2025-08-12 19:43:05 UTC,1h,KSM-USDT,BTC-USDT,15.776,119661.5,0.0001318385613,,30,0.0435243,0.0508926,0.013995,3.09121e+06,0,0,0.70297,465,4,0,HOLD
2025-08-12 19:43:05 UTC,1h,LA-USDT,BTC-USDT,0.4021,119661.5,3.360312214e-06,,30,-0.0125246,0.109547,0.0445341,1.2244e+07,0,0,0.70297,465,4,0,HOLD
2025-08-12 19:43:05 UTC,1h,LAUNCHCOIN-USDT,BTC-USDT,0.07264,119661.5,6.070457081e-07,,30,0.0599737,0.0750333,0.0228819,6.69071e+06,0,0,0.70297,465,4,0,HOLD
2025-08-12 19:43:05 UTC,1h,LAYER-USDT,BTC-USDT,0.6388,119661.5,5.338392048e-06,,30,0.0419181,0.0425983,0.0108574,6.53719e+06,0,0,0.70297,465,4,0,HOLD
2025-08-12 19:43:05 UTC,1h,LDO-USDT,BTC-USDT,1.5502,119661.5,1.295487688e-05,,30,0.0269626,0.030581,0.0314522,3.43868e+07,0,0,0.70297,465,4,0,HOLD
2025-08-12 19:43:05 UTC,1h,LINK-USDT,BTC-USDT,23.219,119661.5,0.0001940390184,,30,0.0258008,0.0813114,0.0219002,8.30109e+07,0,0,0.70297,465,4,0,HOLD
2025-08-12 19:43:05 UTC,1h,LISTA-USDT,BTC-USDT,0.3121,119661.5,2.608190604e-06,,30,0.0259698,0.0533243,0.0203232,4.67123e+06,0,0,0.70297,465,4,0,HOLD
2025-08-12 19:43:05 UTC,1h,LPT-USDT,BTC-USDT,6.863,119661.5,5.735345119e-05,,30,0.0532535,0.0617265,0.0155804,2.31672e+06,0,0,0.70297,465,4,0,HOLD
2025-08-12 19:43:05 UTC,1h,LQTY-USDT,BTC-USDT,1.0453,119661.5,8.735474651e-06,,30,0.0294465,0.0369011,0.0171994,991018,0,0,0.70297,465,4,0,HOLD
2025-08-12 19:43:05 UTC,1h,LRC-USDT,BTC-USDT,0.09195,119661.5,7.684175779e-07,,30,0.0609207,0.0764458,0.0157151,501846,0,0,0.70297,465,4,0,HOLD
2025-08-12 19:43:05 UTC,1h,LTC-USDT,BTC-USDT,128.1,119661.5,0.001070519758,,30,0.0589402,0.0741238,0.012546,4.40253e+07,0,0,0.70297,465,4,0,HOLD
2025-08-12 19:43:05 UTC,1h,LUMIA-USDT,BTC-USDT,0.358,119661.5,2.991772625e-06,,30,0.0563588,0.0760445,0.0218675,719817,0,0,0.70297,465,4,0,HOLD
2025-08-12 19:43:05 UTC,1h,LUNA-USDT,BTC-USDT,0.1662,119661.5,1.388917906e-06,,30,0.0310174,0.0407013,0.0147413,2.0525e+06,0,0,0.70297,465,4,0,HOLD
2025-08-12 19:43:05 UTC,1h,LUNC-USDT,BTC-USDT,6.269e-05,119661.5,5.238944857e-10,,30,0.0231761,0.0307465,0.0111774,1.16019e+06,0,0,0.70297,465,4,0,HOLD
2025-08-12 19:43:05 UTC,1h,M-USDT,BTC-USDT,0.4288,119661.5,3.583441625e-06,,30,-0.0387805,-0.0506974,0.0220716,7.73082e+06,0,0,0.70297,465,4,0,HOLD
2025-08-12 19:43:05 UTC,1h,MAGIC-USDT,BTC-USDT,0.2737,119661.5,2.287285384e-06,,30,0.0274024,-0.0179404,0.0304818,1.21353e+07,0,0,0.70297,465,4,0,HOLD
2025-08-12 19:43:05 UTC,1h,MANA-USDT,BTC-USDT,0.3092,119661.5,2.583955575e-06,,30,0.0470708,0.0499151,0.0140686,2.39316e+06,0,0,0.70297,465,4,0,HOLD
2025-08-12 19:43:05 UTC,1h,MANTA-USDT,BTC-USDT,0.2376,119661.5,1.98560105e-06,,30,0.0443956,0.0564695,0.019721,1.05871e+06,0,0,0.70297,465,4,0,HOLD
2025-08-12 19:43:05 UTC,1h,MASK-USDT,BTC-USDT,1.3575,119661.5,1.134450095e-05,,30,0.0481816,0.0524888,0.0140752,2.3028e+06,0,0,0.70297,465,4,0,HOLD
2025-08-12 19:43:05 UTC,1h,MAV-USDT,BTC-USDT,0.06068,119661.5,5.070971031e-07,,30,-0.00687398,0.0962963,0.0456964,4.60336e+06,0,0,0.70297,465,4,0,HOLD
2025-08-12 19:43:05 UTC,1h,MAVIA-USDT,BTC-USDT,0.1973,119661.5,1.648817707e-06,,30,0.036784,0.0740338,0.0299399,7.80455e+06,0,0,0.70297,465,4,0,HOLD
2025-08-12 19:43:05 UTC,1h,MBOX-USDT,BTC-USDT,0.06167,119661.5,5.153704408e-07,,30,0.0558124,0.0755145,0.0193889,796184,0,0,0.70297,465,4,0,HOLD
2025-08-12 19:43:05 UTC,1h,ME-USDT,BTC-USDT,0.7482,119661.5,6.252637649e-06,,30,0.0283123,0.032,0.0120002,848854,0,0,0.70297,465,4,0,HOLD
2025-08-12 19:43:05 UTC,1h,MELANIA-USDT,BTC-USDT,0.2278,119661.5,1.903703363e-06,,30,0.046875,0.0526802,0.0157093,795472,0,0,0.70297,465,4,0,HOLD
2025-08-12 19:43:05 UTC,1h,MEME-USDT,BTC-USDT,0.001803,119661.5,1.506750291e-08,,30,0.0350172,0.0427993,0.0170351,2.28344e+06,0,0,0.70297,465,4,0,HOLD
2025-08-12 19:43:05 UTC,1h,MERL-USDT,BTC-USDT,0.11662,119661.5,9.74582468e-07,,30,0.0322181,0.0337736,0.0128807,6.43016e+06,0,0,0.70297,465,4,0,HOLD
2025-08-12 19:43:05 UTC,1h,METAX-USDT,BTC-USDT,790.18,119661.5,0.006603460595,,30,0.0111845,0.0295102,0.00832993,6.41853e+06,0,0,0.70297,465,4,0,HOLD
2025-08-12 19:43:05 UTC,1h,METIS-USDT,BTC-USDT,18.34,119661.5,0.0001532656702,,30,0.0188889,0.0309162,0.0204082,2.14863e+06,0,0,0.70297,465,4,0,HOLD
2025-08-12 19:43:05 UTC,1h,MEW-USDT,BTC-USDT,0.003334,119661.5,2.786192719e-08,,30,0.0621217,0.0796632,0.0178893,3.69603e+06,0,0,0.70297,465,4,0,HOLD
2025-08-12 19:43:05 UTC,1h,MILK-USDT,BTC-USDT,0.0525,119661.5,4.387376057e-07,,30,0.0129269,0.0192196,0.0136327,6.45528e+06,0,0,0.70297,465,4,0,HOLD
2025-08-12 19:43:05 UTC,1h,MINA-USDT,BTC-USDT,0.1995,119661.5,1.667202902e-06,,30,0.0445026,0.0516605,0.0150734,2.13608e+06,0,0,0.70297,465,4,0,HOLD
2025-08-12 19:43:05 UTC,1h,MKR-USDT,BTC-USDT,2023.3,119661.5,0.01690852948,,30,0.0248189,-0.00256347,0.0136234,7.44287e+06,0,0,0.70297,465,4,0,HOLD
2025-08-12 19:43:05 UTC,1h,MLN-USDT,BTC-USDT,9.563,119661.5,7.991709948e-05,,30,0.139809,0.156348,0.0278902,7.04169e+06,0,0,0.70297,465,4,0,HOLD
2025-08-12 19:43:05 UTC,1h,MNT-USDT,BTC-USDT,1.04232,119661.5,8.710571069e-06,,30,0.0244032,0.0150754,0.0180901,7.36086e+06,0,0,0.70297,465,4,0,HOLD
2025-08-12 19:43:05 UTC,1h,MOODENG-USDT,BTC-USDT,0.17919,119661.5,1.497474125e-06,,30,0.0254664,0.0136901,0.0194725,1.06014e+07,0,0,0.70297,465,4,0,HOLD
2025-08-12 19:43:05 UTC,1h,MORPHO-USDT,BTC-USDT,2.1691,119661.5,1.812696648e-05,,30,0.0316766,0.0437398,0.0171467,740846,0,0,0.70297,465,4,0,HOLD
2025-08-12 19:43:05 UTC,1h,MOVE-USDT,BTC-USDT,0.1431,119661.5,1.195873359e-06,,30,0.0309798,0.0399709,0.0130279,7.02958e+06,0,0,0.70297,465,4,0,HOLD
2025-08-12 19:43:05 UTC,1h,MOVR-USDT,BTC-USDT,6.689,119661.5,5.589934941e-05,,30,0.0111867,0.00586466,0.0152489,2.00888e+06,0,0,0.70297,465,4,0,HOLD
2025-08-12 19:43:05 UTC,1h,MTL-USDT,BTC-USDT,0.7726,119661.5,6.456546174e-06,,30,0.0376041,0.0412399,0.0113901,554318,0,0,0.70297,465,4,0,HOLD
2025-08-12 19:43:05 UTC,1h,MUBARAK-USDT,BTC-USDT,0.03788,119661.5,3.165596286e-07,,30,0.0180059,0.0622546,0.0188754,2.47832e+06,0,0,0.70297,465,4,0,HOLD
2025-08-12 19:43:05 UTC,1h,MYRO-USDT,BTC-USDT,0.02805,119661.5,2.34411235e-07,,30,0.0863672,0.131505,0.0383754,4.56207e+06,0,0,0.70297,465,4,0,HOLD
2025-08-12 19:43:05 UTC,1h,MYX-USDT,BTC-USDT,1.70621,119661.5,1.425863791e-05,,30,0.00263262,0.0497557,0.0236514,1.39298e+07,0,0,0.70297,465,4,0,HOLD
2025-08-12 19:43:05 UTC,1h,NAORIS-USDT,BTC-USDT,0.03215,119661.5,2.686745528e-07,,30,0.0540984,0.0527177,0.028216,6.73848e+06,0,0,0.70297,465,4,0,HOLD
2025-08-12 19:43:05 UTC,1h,NEAR-USDT,BTC-USDT,2.7802,119661.5,2.323387221e-05,,30,0.0534253,0.0566683,0.0150246,1.32343e+07,0,0,0.70297,465,4,0,HOLD
2025-08-12 19:43:05 UTC,1h,NEIROCTO-USDT,BTC-USDT,0.0004307,119661.5,3.599319748e-09,,30,0.0645082,0.0805319,0.0196358,7.19014e+06,0,0,0.70297,465,4,0,HOLD
2025-08-12 19:43:05 UTC,1h,NEIROETH-USDT,BTC-USDT,0.12152,119661.5,1.015531311e-06,,30,-0.0109067,-0.0360911,0.0222597,1.37249e+06,0,0,0.70297,465,4,0,HOLD
2025-08-12 19:43:05 UTC,1h,NEO-USDT,BTC-USDT,6.566,119661.5,5.487144988e-05,,30,0.0409004,0.0487143,0.0140442,2.92908e+06,0,0,0.70297,465,4,0,HOLD
2025-08-12 19:43:05 UTC,1h,NEWT-USDT,BTC-USDT,0.3513,119661.5,2.93578135e-06,,30,0.0427427,0.0390417,0.0146802,6.63277e+06,0,0,0.70297,465,4,0,HOLD
2025-08-12 19:43:05 UTC,1h,NFP-USDT,BTC-USDT,0.07424,119661.5,6.204167589e-07,,30,0.0475519,0.0453393,0.0184537,568148,0,0,0.70297,465,4,0,HOLD
2025-08-12 19:43:05 UTC,1h,NIL-USDT,BTC-USDT,0.3144,119661.5,2.62741149e-06,,30,0.0304818,0.0345508,0.0177663,6.46088e+06,0,0,0.70297,465,4,0,HOLD
2025-08-12 19:43:05 UTC,1h,NMR-USDT,BTC-USDT,9.107,119661.5,7.610635e-05,,30,0.0397306,0.0547834,0.0138826,4.41643e+06,0,0,0.70297,465,4,0,HOLD
2025-08-12 19:43:05 UTC,1h,NOT-USDT,BTC-USDT,0.002178,119661.5,1.820134295e-08,,30,0.00507614,0,0.0175128,5.49937e+06,0,0,0.70297,465,4,0,HOLD
2025-08-12 19:43:05 UTC,1h,NTRN-USDT,BTC-USDT,0.09901,119661.5,8.274173397e-07,,30,0.0981588,0.121545,0.024882,2.22123e+06,0,0,0.70297,465,4,0,HOLD
2025-08-12 19:43:05 UTC,1h,NVDAX-USDT,BTC-USDT,182.74,119661.5,0.001527141144,,30,0.00944595,0.00583443,0.00575759,6.41055e+06,0,0,0.70297,465,4,0,HOLD
2025-08-12 19:43:05 UTC,1h,NXPC-USDT,BTC-USDT,0.93269,119661.5,7.79440338e-06,,30,0.0375788,0.0368983,0.00985169,6.53804e+06,0,0,0.70297,465,4,0,HOLD
2025-08-12 19:43:05 UTC,1h,OBOL-USDT,BTC-USDT,0.13371,119661.5,1.117402005e-06,,30,0.0198307,0.0229516,0.0184141,6.51224e+06,0,0,0.70297,465,4,0,HOLD
2025-08-12 19:43:05 UTC,1h,OG-USDT,BTC-USDT,13.156,119661.5,0.0001099434655,,30,-0.00537533,0.0116732,0.0352919,8.90719e+06,0,0,0.70297,465,4,0,HOLD
2025-08-12 19:43:05 UTC,1h,OL-USDT,BTC-USDT,0.04088,119661.5,3.416303489e-07,,30,0.00615309,0.00788955,0.0261218,1.69574e+06,0,0,0.70297,465,4,0,HOLD
2025-08-12 19:43:05 UTC,1h,OM-USDT,BTC-USDT,0.27928,119661.5,2.333916924e-06,,30,0.0431015,0.0573581,0.0153737,8.7538e+06,0,0,0.70297,465,4,0,HOLD
2025-08-12 19:43:05 UTC,1h,OMNINETWORK-USDT,BTC-USDT,4.425,119661.5,3.697931248e-05,,30,0.033637,0.0269204,0.0158838,1.45582e+06,0,0,0.70297,465,4,0,HOLD
2025-08-12 19:43:05 UTC,1h,ONDO-USDT,BTC-USDT,1.0522,119661.5,8.793137308e-06,,30,0.0424014,0.0583384,0.0165436,2.02793e+07,0,0,0.70297,465,4,0,HOLD
2025-08-12 19:43:05 UTC,1h,ONE-USDT,BTC-USDT,0.01132,119661.5,9.460018469e-08,,30,0.0471785,0.0520446,0.0167845,2.10816e+06,0,0,0.70297,465,4,0,HOLD
2025-08-12 19:43:05 UTC,1h,ONG-USDT,BTC-USDT,0.17979,119661.5,1.502488269e-06,,30,0.0290768,0.0337511,0.0105043,272045,0,0,0.70297,465,4,0,HOLD
2025-08-12 19:43:05 UTC,1h,ONT-USDT,BTC-USDT,0.1441,119661.5,1.204230266e-06,,30,0.0426918,0.0472384,0.0135323,1.93092e+06,0,0,0.70297,465,4,0,HOLD
2025-08-12 19:43:05 UTC,1h,OP-USDT,BTC-USDT,0.7867,119661.5,6.57437856e-06,,30,0.0317377,0.0348592,0.0165792,1.52154e+07,0,0,0.70297,465,4,0,HOLD
2025-08-12 19:43:05 UTC,1h,ORCA-USDT,BTC-USDT,2.608,119661.5,2.179481287e-05,,30,0.0357427,0.00772798,0.0192539,7.38456e+06,0,0,0.70297,465,4,0,HOLD
2025-08-12 19:43:05 UTC,1h,ORDER-USDT,BTC-USDT,0.1241,119661.5,1.037092131e-06,,30,0.0350292,0.0499154,0.0189363,446255,0,0,0.70297,465,4,0,HOLD
2025-08-12 19:43:05 UTC,1h,ORDI-USDT,BTC-USDT,10.252,119661.5,8.567500825e-05,,30,0.054624,0.0615034,0.0186235,7.15907e+06,0,0,0.70297,465,4,0,HOLD
2025-08-12 19:43:05 UTC,1h,OXT-USDT,BTC-USDT,0.0573,119661.5,4.788507582e-07,,30,0.0527283,0.0440962,0.0112441,1.94698e+06,0,0,0.70297,465,4,0,HOLD
2025-08-12 19:43:05 UTC,1h,PARTI-USDT,BTC-USDT,0.1968,119661.5,1.644639253e-06,,30,0.0456961,0.0620615,0.0206156,6.6228e+06,0,0,0.70297,465,4,0,HOLD
2025-08-12 19:43:05 UTC,1h,PAXG-USDT,BTC-USDT,3342.82,119661.5,0.0279356351,,30,-4.18791e-05,-0.00272081,0.00255879,7.13683e+06,0,0,0.70297,465,4,0,HOLD
2025-08-12 19:43:05 UTC,1h,PENDLE-USDT,BTC-USDT,5.6165,119661.5,4.69365669e-05,,30,0.028324,0.028663,0.0191032,1.42006e+07,0,0,0.70297,465,4,0,HOLD
2025-08-12 19:43:05 UTC,1h,PENGU-USDT,BTC-USDT,0.037213,119661.5,3.109855718e-07,,30,0.0362563,0.0458378,0.0202598,2.91933e+07,0,0,0.70297,465,4,0,HOLD
2025-08-12 19:43:05 UTC,1h,PEOPLE-USDT,BTC-USDT,0.0206,119661.5,1.721522796e-07,,30,0.0553279,0.0807975,0.0190361,6.01437e+06,0,0,0.70297,465,4,0,HOLD
2025-08-12 19:43:05 UTC,1h,PERP-USDT,BTC-USDT,0.2954,119661.5,2.468630261e-06,,30,0.0482612,0.0523691,0.0154512,2.04997e+06,0,0,0.70297,465,4,0,HOLD
2025-08-12 19:43:05 UTC,1h,PHA-USDT,BTC-USDT,0.1117,119661.5,9.334664867e-07,,30,0.0397468,0.0503056,0.0141386,426832,0,0,0.70297,465,4,0,HOLD
2025-08-12 19:43:05 UTC,1h,PHB-USDT,BTC-USDT,0.6053,119661.5,5.058435671e-06,,30,0.0318786,0.0366501,0.0176418,2.07516e+06,0,0,0.70297,465,4,0,HOLD
2025-08-12 19:43:05 UTC,1h,PI-USDT,BTC-USDT,0.388,119661.5,3.242479829e-06,,30,0.015441,0.00962789,0.0121134,8.9945e+06,0,0,0.70297,465,4,0,HOLD
2025-08-12 19:43:05 UTC,1h,PIXEL-USDT,BTC-USDT,0.03661,119661.5,3.05946357e-07,,30,0.0480962,0.0538284,0.0190229,435309,0,0,0.70297,465,4,0,HOLD
2025-08-12 19:43:05 UTC,1h,PLAYSOUT-USDT,BTC-USDT,0.04605,119661.5,3.84835557e-07,,30,-0.0588596,-0.0420221,0.0439429,6.87829e+06,0,0,0.70297,465,4,0,HOLD
2025-08-12 19:43:05 UTC,1h,PLUME-USDT,BTC-USDT,0.09883,119661.5,8.259130965e-07,,30,0.0460415,0.0721415,0.0184733,6.63154e+06,0,0,0.70297,465,4,0,HOLD
2025-08-12 19:43:05 UTC,1h,PNUT-USDT,BTC-USDT,0.25472,119661.5,2.128671294e-06,,30,0.0497424,0.0672029,0.0170523,8.51936e+06,0,0,0.70297,465,4,0,HOLD
2025-08-12 19:43:05 UTC,1h,POL-USDT,BTC-USDT,0.2476,119661.5,2.069170117e-06,,30,0.0379375,0.0414301,0.0136309,7.84047e+06,0,0,0.70297,465,4,0,HOLD
2025-08-12 19:43:05 UTC,1h,POLYX-USDT,BTC-USDT,0.14662,119661.5,1.225289671e-06,,30,0.0356714,0.0400794,0.0107469,1.96339e+06,0,0,0.70297,465,4,0,HOLD
2025-08-12 19:43:05 UTC,1h,PONKE-USDT,BTC-USDT,0.12416,119661.5,1.037593545e-06,,30,0.0896963,0.0992475,0.0210673,6.5197e+06,0,0,0.70297,465,4,0,HOLD
2025-08-12 19:43:05 UTC,1h,POPCAT-USDT,BTC-USDT,0.3322,119661.5,2.77616443e-06,,30,0.0661104,0.0824373,0.0202331,9.63186e+06,0,0,0.70297,465,4,0,HOLD
2025-08-12 19:43:05 UTC,1h,PORT3-USDT,BTC-USDT,0.04522,119661.5,3.778993243e-07,,30,0.0141287,0,0.0323182,1.01944e+07,0,0,0.70297,465,4,0,HOLD
2025-08-12 19:43:05 UTC,1h,PORTAL-USDT,BTC-USDT,0.05096,119661.5,4.258679692e-07,,30,0.0294949,0.0253521,0.0206324,785760,0,0,0.70297,465,4,0,HOLD
2025-08-12 19:43:05 UTC,1h,POWR-USDT,BTC-USDT,0.1783,119661.5,1.490036478e-06,,30,0.0354239,0.0402567,0.0115776,1.94813e+06,0,0,0.70297,465,4,0,HOLD
2025-08-12 19:43:05 UTC,1h,PRCL-USDT,BTC-USDT,0.0914,119661.5,7.638212792e-07,,30,0.0269663,0.0529954,0.0187559,6.44324e+06,0,0,0.70297,465,4,0,HOLD
2025-08-12 19:43:05 UTC,1h,PROM-USDT,BTC-USDT,9.872,119661.5,8.249938368e-05,,30,-0.0117129,-0.0154583,0.0295931,6.10928e+06,0,0,0.70297,465,4,0,HOLD
2025-08-12 19:43:05 UTC,1h,PROMPT-USDT,BTC-USDT,0.12671,119661.5,1.058903657e-06,,30,0.029493,0.0322607,0.016314,6.50958e+06,0,0,0.70297,465,4,0,HOLD
2025-08-12 19:43:05 UTC,1h,PROVE-USDT,BTC-USDT,1.4169,119661.5,1.184090121e-05,,30,-0.0373013,-0.113773,0.038066,4.33618e+07,0,0,0.70297,465,4,0,HOLD
2025-08-12 19:43:05 UTC,1h,PUFFER-USDT,BTC-USDT,0.2342,119661.5,1.957187567e-06,,30,0.0335393,0.0738193,0.0230267,663609,0,0,0.70297,465,4,0,HOLD
2025-08-12 19:43:05 UTC,1h,PUMP-USDT,BTC-USDT,0.003999,119661.5,3.341927019e-08,,30,0.0947167,0.126479,0.0289715,4.96702e+07,0,0,0.70297,465,4,0,HOLD
2025-08-12 19:43:05 UTC,1h,PUMPBTC-USDT,BTC-USDT,0.0426,119661.5,3.560042286e-07,,30,0.0364964,0.024531,0.0193494,3.28749e+06,0,0,0.70297,465,4,0,HOLD
2025-08-12 19:43:05 UTC,1h,PUNDIX-USDT,BTC-USDT,0.3209,119661.5,2.681731384e-06,,30,0.0334944,0.0341605,0.0123314,6.40844e+06,0,0,0.70297,465,4,0,HOLD
2025-08-12 19:43:05 UTC,1h,PYTH-USDT,BTC-USDT,0.12909,119661.5,1.078793096e-06,,30,0.0507937,0.0602004,0.0165776,2.42586e+06,0,0,0.70297,465,4,0,HOLD
2025-08-12 19:43:05 UTC,1h,QNT-USDT,BTC-USDT,113.67,119661.5,0.0009499295931,,30,0.0144578,0.0258099,0.0100353,2.45679e+06,0,0,0.70297,465,4,0,HOLD
2025-08-12 19:43:05 UTC,1h,QUICK-USDT,BTC-USDT,0.02458,119661.5,2.054127685e-07,,30,0.0358196,0.045068,0.0152854,1.93704e+06,0,0,0.70297,465,4,0,HOLD
2025-08-12 19:43:05 UTC,1h,RARE-USDT,BTC-USDT,0.06018,119661.5,5.029186497e-07,,30,0.015011,0.0255624,0.0128543,9.59053e+06,0,0,0.70297,465,4,0,HOLD
2025-08-12 19:43:05 UTC,1h,RATS-USDT,BTC-USDT,1.736e-05,119661.5,1.450759016e-10,,30,0.0426426,0.0604765,0.0163348,2.83522e+06,0,0,0.70297,465,4,0,HOLD
2025-08-12 19:43:05 UTC,1h,RAY-USDT,BTC-USDT,3.2866,119661.5,2.746580981e-05,,30,0.0515438,0.0651758,0.0180908,2.02553e+06,0,0,0.70297,465,4,0,HOLD
2025-08-12 19:43:05 UTC,1h,RDO-USDT,BTC-USDT,0.00088,119661.5,7.354077962e-09,,30,0.122449,0.178046,0.0440747,1.33974e+06,0,0,0.70297,465,4,0,HOLD
2025-08-12 19:43:05 UTC,1h,REDSTONE-USDT,BTC-USDT,0.4154,119661.5,3.471459074e-06,,30,-0.00693282,0.0053243,0.018502,6.46675e+06,0,0,0.70297,465,4,0,HOLD
2025-08-12 19:43:05 UTC,1h,RENDER-USDT,BTC-USDT,4.039,119661.5,3.375354646e-05,,30,0.0567766,0.0688013,0.0158101,6.02671e+06,0,0,0.70297,465,4,0,HOLD
2025-08-12 19:43:05 UTC,1h,RESOLV-USDT,BTC-USDT,0.18958,119661.5,1.584302386e-06,,30,0.0316717,0.0342044,0.0203269,7.43282e+06,0,0,0.70297,465,4,0,HOLD
2025-08-12 19:43:05 UTC,1h,REX-USDT,BTC-USDT,0.02012,119661.5,1.681409643e-07,,30,0.000995025,-0.0396181,0.0313831,6.8426e+06,0,0,0.70297,465,4,0,HOLD
2025-08-12 19:43:05 UTC,1h,REZ-USDT,BTC-USDT,0.01485,119661.5,1.241000656e-07,,30,0.0102041,0.0465116,0.0252525,6.76333e+06,0,0,0.70297,465,4,0,HOLD
2025-08-12 19:43:05 UTC,1h,RFC-USDT,BTC-USDT,0.00843,119661.5,7.044872411e-08,,30,0.0550688,0.0498132,0.0188104,304037,0,0,0.70297,465,4,0,HOLD
2025-08-12 19:43:05 UTC,1h,RHEA-USDT,BTC-USDT,0.06729,119661.5,5.623362569e-07,,30,0.0103604,0.0209376,0.0301467,6.55082e+06,0,0,0.70297,465,4,0,HOLD
2025-08-12 19:43:05 UTC,1h,RLC-USDT,BTC-USDT,1.0238,119661.5,8.555801156e-06,,30,0.0503745,0.0541598,0.0173862,380847,0,0,0.70297,465,4,0,HOLD
2025-08-12 19:43:05 UTC,1h,ROAM-USDT,BTC-USDT,0.0825,119661.5,6.894448089e-07,,30,0.0160099,0,0.0115152,415828,0,0,0.70297,465,4,0,HOLD
2025-08-12 19:43:05 UTC,1h,ROSE-USDT,BTC-USDT,0.0289,119661.5,2.415146058e-07,,30,0.0418169,0.0463432,0.0168067,2.3249e+06,0,0,0.70297,465,4,0,HOLD
2025-08-12 19:43:05 UTC,1h,RPL-USDT,BTC-USDT,8.699,119661.5,7.269673203e-05,,30,0.0327674,0.0578864,0.0245677,6.64674e+06,0,0,0.70297,465,4,0,HOLD
2025-08-12 19:43:05 UTC,1h,RSR-USDT,BTC-USDT,0.00963,119661.5,8.047701224e-08,,30,0.0262148,0.0594059,0.0221555,2.5875e+06,0,0,0.70297,465,4,0,HOLD
2025-08-12 19:43:05 UTC,1h,RUNE-USDT,BTC-USDT,1.457,119661.5,1.217601317e-05,,30,0.0497118,0.0557971,0.0156878,5.93529e+06,0,0,0.70297,465,4,0,HOLD
2025-08-12 19:43:05 UTC,1h,RVN-USDT,BTC-USDT,0.01458,119661.5,1.218437008e-07,,30,0.043665,0.0474138,0.0143053,749286,0,0,0.70297,465,4,0,HOLD
2025-08-12 19:43:05 UTC,1h,S-USDT,BTC-USDT,0.3116,119661.5,2.604012151e-06,,30,0.0273656,0.0324718,0.0160921,7.25692e+06,0,0,0.70297,465,4,0,HOLD
2025-08-12 19:43:05 UTC,1h,SAFE-USDT,BTC-USDT,0.4516,119661.5,3.773979099e-06,,30,0.0343564,0.0298746,0.0126534,6.44059e+06,0,0,0.70297,465,4,0,HOLD
2025-08-12 19:43:05 UTC,1h,SAGA-USDT,BTC-USDT,0.2776,119661.5,2.319877321e-06,,30,0.0385335,0.0451807,0.0205331,3.54024e+06,0,0,0.70297,465,4,0,HOLD
2025-08-12 19:43:05 UTC,1h,SAHARA-USDT,BTC-USDT,0.095,119661.5,7.939061436e-07,,30,0.00967159,0.0140905,0.0161654,8.56268e+06,0,0,0.70297,465,4,0,HOLD
2025-08-12 19:43:05 UTC,1h,SAND-USDT,BTC-USDT,0.2994,119661.5,2.502057888e-06,,30,0.0475491,0.0515225,0.0132956,2.87714e+06,0,0,0.70297,465,4,0,HOLD
2025-08-12 19:43:05 UTC,1h,SANTOS-USDT,BTC-USDT,2.849,119661.5,2.38088274e-05,,30,0.0248201,-0.00800836,0.0257233,6.83123e+06,0,0,0.70297,465,4,0,HOLD
2025-08-12 19:43:05 UTC,1h,SCR-USDT,BTC-USDT,0.3622,119661.5,3.026871634e-06,,30,0.0231638,0.0841066,0.0388893,2.85933e+06,0,0,0.70297,465,4,0,HOLD
2025-08-12 19:43:05 UTC,1h,SEI-USDT,BTC-USDT,0.3221,119661.5,2.691759672e-06,,30,0.0427323,0.0407108,0.0167872,1.39622e+07,0,0,0.70297,465,4,0,HOLD
2025-08-12 19:43:05 UTC,1h,SERAPH-USDT,BTC-USDT,0.15248,119661.5,1.274261145e-06,,30,0.0210258,0.0070004,0.0109007,407742,0,0,0.70297,465,4,0,HOLD
2025-08-12 19:43:05 UTC,1h,SFP-USDT,BTC-USDT,0.5207,119661.5,4.351441357e-06,,30,0.0405675,0.0416083,0.0104804,534138,0,0,0.70297,465,4,0,HOLD
2025-08-12 19:43:05 UTC,1h,SHELL-USDT,BTC-USDT,0.1717,119661.5,1.434880893e-06,,30,-0.0171723,0.00116618,0.0333638,6.68404e+06,0,0,0.70297,465,4,0,HOLD
2025-08-12 19:43:05 UTC,1h,SHIB-USDT,BTC-USDT,1.3588e-05,119661.5,1.135536493e-10,,30,0.0421045,0.0415453,0.0131261,9.32435e+06,0,0,0.70297,465,4,0,HOLD
2025-08-12 19:43:05 UTC,1h,SIDEKICK-USDT,BTC-USDT,0.2241,119661.5,1.872782808e-06,,30,0.0121951,-0.00178174,0.0571174,6.89306e+06,0,0,0.70297,465,4,0,HOLD
2025-08-12 19:43:05 UTC,1h,SIGN-USDT,BTC-USDT,0.07007,119661.5,5.855684577e-07,,30,0.0209821,0.0162437,0.00919489,6.48791e+06,0,0,0.70297,465,4,0,HOLD
2025-08-12 19:43:05 UTC,1h,SIREN-USDT,BTC-USDT,0.09286,119661.5,7.760223631e-07,,30,-0.0212901,-0.0202574,0.0224993,2.27677e+06,0,0,0.70297,465,4,0,HOLD
2025-08-12 19:43:05 UTC,1h,SKATE-USDT,BTC-USDT,0.0457,119661.5,3.819106396e-07,,30,-0.00716924,-0.0307529,0.0170209,6.53365e+06,0,0,0.70297,465,4,0,HOLD
2025-08-12 19:43:05 UTC,1h,SKL-USDT,BTC-USDT,0.02162,119661.5,1.806763245e-07,,30,0.0444444,0.0444444,0.0157262,1.96311e+06,0,0,0.70297,465,4,0,HOLD
2025-08-12 19:43:05 UTC,1h,SKYAI-USDT,BTC-USDT,0.06694,119661.5,5.594113395e-07,,30,-0.0196251,-0.0207724,0.0119403,6.45248e+06,0,0,0.70297,465,4,0,HOLD
2025-08-12 19:43:05 UTC,1h,SLERF-USDT,BTC-USDT,0.08076,119661.5,6.749037911e-07,,30,0.0757959,0.0765129,0.0153895,2.00346e+06,0,0,0.70297,465,4,0,HOLD
2025-08-12 19:43:05 UTC,1h,SLP-USDT,BTC-USDT,0.002014,119661.5,1.683081024e-08,,30,0.0516971,0.0467775,0.0163144,1.99999e+06,0,0,0.70297,465,4,0,HOLD
2025-08-12 19:43:05 UTC,1h,SNT-USDT,BTC-USDT,0.02845,119661.5,2.377539977e-07,,30,0.0226456,0.0197133,0.00858649,1.93671e+06,0,0,0.70297,465,4,0,HOLD
2025-08-12 19:43:05 UTC,1h,SNX-USDT,BTC-USDT,0.68,119661.5,5.682696607e-06,,30,0.0350076,0.0381679,0.0146008,2.13016e+06,0,0,0.70297,465,4,0,HOLD
2025-08-12 19:43:05 UTC,1h,SOL-USDT,BTC-USDT,189.33,119661.5,0.00158221316,,30,0.073056,0.077085,0.0128789,5.94951e+08,0,0,0.70297,465,4,0,HOLD
2025-08-12 19:43:05 UTC,1h,SOLV-USDT,BTC-USDT,0.04211,119661.5,3.519093443e-07,,30,-0.00590179,-0.042737,0.0166401,6.46625e+06,0,0,0.70297,465,4,0,HOLD
2025-08-12 19:43:05 UTC,1h,SONIC-USDT,BTC-USDT,0.2147,119661.5,1.794227884e-06,,30,0.0272727,0.0103529,0.0128751,708441,0,0,0.70297,465,4,0,HOLD
2025-08-12 19:43:05 UTC,1h,SOON-USDT,BTC-USDT,0.45316,119661.5,3.787015874e-06,,30,0.0865062,-0.0253366,0.054741,6.73842e+07,0,0,0.70297,465,4,0,HOLD
2025-08-12 19:43:05 UTC,1h,SOPH-USDT,BTC-USDT,0.039388,119661.5,3.29161844e-07,,30,0.0445252,0.0383845,0.0153455,7.12879e+06,0,0,0.70297,465,4,0,HOLD
2025-08-12 19:43:05 UTC,1h,SPK-USDT,BTC-USDT,0.09132,119661.5,7.631527266e-07,,30,-0.10707,-0.090891,0.0339857,1.46723e+07,0,0,0.70297,465,4,0,HOLD
2025-08-12 19:43:05 UTC,1h,SPX-USDT,BTC-USDT,1.7912,119661.5,1.496889141e-05,,30,0.0213251,0.00986638,0.0233921,9.89294e+06,0,0,0.70297,465,4,0,HOLD
2025-08-12 19:43:05 UTC,1h,SQD-USDT,BTC-USDT,0.14763,119661.5,1.233730147e-06,,30,0.0379667,-0.0393675,0.0219516,6.46988e+06,0,0,0.70297,465,4,0,HOLD
2025-08-12 19:43:05 UTC,1h,SSV-USDT,BTC-USDT,10.546,119661.5,8.813193884e-05,,30,0.0224937,0.0408606,0.0221682,2.35827e+06,0,0,0.70297,465,4,0,HOLD
2025-08-12 19:43:05 UTC,1h,STG-USDT,BTC-USDT,0.191,119661.5,1.596169194e-06,,30,0.0380435,0.0471491,0.0143605,1.30444e+06,0,0,0.70297,465,4,0,HOLD
2025-08-12 19:43:05 UTC,1h,STO-USDT,BTC-USDT,0.09907,119661.5,8.279187542e-07,,30,0.0501378,0.0926437,0.0324446,6.60147e+06,0,0,0.70297,465,4,0,HOLD
2025-08-12 19:43:05 UTC,1h,STORJ-USDT,BTC-USDT,0.2798,119661.5,2.338262516e-06,,30,0.0347633,0.03899,0.0131471,4.69055e+06,0,0,0.70297,465,4,0,HOLD
2025-08-12 19:43:05 UTC,1h,STRK-USDT,BTC-USDT,0.1374,119661.5,1.148238991e-06,,30,0.048855,0.0569231,0.018403,7.3065e+06,0,0,0.70297,465,4,0,HOLD
2025-08-12 19:43:05 UTC,1h,STX-USDT,BTC-USDT,0.7549,119661.5,6.308628924e-06,,30,0.0458576,0.0454231,0.0140037,1.03425e+07,0,0,0.70297,465,4,0,HOLD
2025-08-12 19:43:05 UTC,1h,SUI-USDT,BTC-USDT,3.8761,119661.5,3.239220635e-05,,30,0.033544,0.0534025,0.013738,7.12699e+07,0,0,0.70297,465,4,0,HOLD
2025-08-12 19:43:05 UTC,1h,SUN-USDT,BTC-USDT,0.022944,119661.5,1.91740869e-07,,30,0.0145479,0.0207314,0.00837443,2.32017e+06,0,0,0.70297,465,4,0,HOLD
2025-08-12 19:43:05 UTC,1h,SUPER-USDT,BTC-USDT,0.7851,119661.5,6.561007509e-06,,30,0.0227983,0.041523,0.0149026,2.18092e+06,0,0,0.70297,465,4,0,HOLD
2025-08-12 19:43:05 UTC,1h,SUSHI-USDT,BTC-USDT,0.8699,119661.5,7.269673203e-06,,30,0.0485776,0.0590455,0.0164715,3.83624e+06,0,0,0.70297,465,4,0,HOLD
2025-08-12 19:43:05 UTC,1h,SWARMS-USDT,BTC-USDT,0.0258,119661.5,2.156081948e-07,,30,0.0254372,-0.0315315,0.0311739,9.94945e+06,0,0,0.70297,465,4,0,HOLD
2025-08-12 19:43:05 UTC,1h,SWELL-USDT,BTC-USDT,0.01105,119661.5,9.234381986e-08,,30,0.0513796,0.0645472,0.0336134,1.27078e+06,0,0,0.70297,465,4,0,HOLD
2025-08-12 19:43:05 UTC,1h,SXP-USDT,BTC-USDT,0.1897,119661.5,1.585305215e-06,,30,0.0332244,0.0354803,0.0115596,1.97384e+06,0,0,0.70297,465,4,0,HOLD
2025-08-12 19:43:05 UTC,1h,SXT-USDT,BTC-USDT,0.08874,119661.5,7.415919072e-07,,30,0.0397188,0.045476,0.0176277,6.42406e+06,0,0,0.70297,465,4,0,HOLD
2025-08-12 19:43:05 UTC,1h,SYN-USDT,BTC-USDT,0.1472,119661.5,1.230136677e-06,,30,0.0551971,0.0536865,0.0197011,4.10534e+06,0,0,0.70297,465,4,0,HOLD
2025-08-12 19:43:05 UTC,1h,SYRUP-USDT,BTC-USDT,0.48138,119661.5,4.022847783e-06,,30,0.0132823,0.0177813,0.017294,7.10667e+06,0,0,0.70297,465,4,0,HOLD
2025-08-12 19:43:05 UTC,1h,TA-USDT,BTC-USDT,0.06192,119661.5,5.174596675e-07,,30,-0.0185449,-0.041931,0.02201,6.49782e+06,0,0,0.70297,465,4,0,HOLD
2025-08-12 19:43:05 UTC,1h,TAC-USDT,BTC-USDT,0.01423,119661.5,1.189187834e-07,,30,-0.00974252,-0.00140351,0.0435197,7.93901e+06,0,0,0.70297,465,4,0,HOLD
2025-08-12 19:43:05 UTC,1h,TAG-USDT,BTC-USDT,0.0012127,119661.5,1.013442085e-08,,30,0.00123844,0.0165982,0.0323305,7.8884e+06,0,0,0.70297,465,4,0,HOLD
2025-08-12 19:43:05 UTC,1h,TAI-USDT,BTC-USDT,0.07285,119661.5,6.088006585e-07,,30,0.0102621,0.0259118,0.0247769,6.46845e+06,0,0,0.70297,465,4,0,HOLD
2025-08-12 19:43:05 UTC,1h,TAIKO-USDT,BTC-USDT,0.479,119661.5,4.002958345e-06,,30,0.0208866,0.0343338,0.012034,6.44138e+06,0,0,0.70297,465,4,0,HOLD
2025-08-12 19:43:05 UTC,1h,TANSSI-USDT,BTC-USDT,0.0581,119661.5,4.855362836e-07,,30,0.0266832,0.035466,0.0226826,6.55843e+06,0,0,0.70297,465,4,0,HOLD
2025-08-12 19:43:05 UTC,1h,TAO-USDT,BTC-USDT,388.74,119661.5,0.00324866394,,30,0.0499392,0.0672047,0.0143743,1.44313e+07,0,0,0.70297,465,4,0,HOLD
2025-08-12 19:43:05 UTC,1h,THE-USDT,BTC-USDT,0.3911,119661.5,3.26838624e-06,,30,0.0575987,0.0510615,0.018227,6.59367e+06,0,0,0.70297,465,4,0,HOLD
2025-08-12 19:43:05 UTC,1h,THETA-USDT,BTC-USDT,0.8846,119661.5,7.392519733e-06,,30,0.050095,0.0458737,0.0163754,3.20679e+06,0,0,0.70297,465,4,0,HOLD
2025-08-12 19:43:05 UTC,1h,TIA-USDT,BTC-USDT,1.8534,119661.5,1.548869102e-05,,30,0.0483625,0.0693515,0.0167992,1.10364e+07,0,0,0.70297,465,4,0,HOLD
2025-08-12 19:43:05 UTC,1h,TLM-USDT,BTC-USDT,0.005197,119661.5,4.343084451e-08,,30,0.049899,0.0554427,0.0157783,3.63687e+06,0,0,0.70297,465,4,0,HOLD
2025-08-12 19:43:05 UTC,1h,TNSR-USDT,BTC-USDT,0.141,119661.5,1.178323855e-06,,30,0.0413589,0.0483271,0.0173252,6.505e+06,0,0,0.70297,465,4,0,HOLD
2025-08-12 19:43:05 UTC,1h,TOKEN-USDT,BTC-USDT,0.01651,119661.5,1.379725308e-07,,30,0.0383648,0.0338134,0.0168729,5.80133e+06,0,0,0.70297,465,4,0,HOLD
2025-08-12 19:43:05 UTC,1h,TONCOIN-USDT,BTC-USDT,3.449,119661.5,2.882297147e-05,,30,0.0162051,0.0102519,0.0108934,8.25442e+06,0,0,0.70297,465,4,0,HOLD
2025-08-12 19:43:05 UTC,1h,TOSHI-USDT,BTC-USDT,0.000787,119661.5,6.576885632e-09,,30,-0.0506634,0.0355263,0.0310401,6.77387e+06,0,0,0.70297,465,4,0,HOLD
2025-08-12 19:43:05 UTC,1h,TOWNS-USDT,BTC-USDT,0.03279,119661.5,2.740229731e-07,,30,0.040622,0.0208593,0.0233521,8.20019e+06,0,0,0.70297,465,4,0,HOLD
2025-08-12 19:43:05 UTC,1h,TRB-USDT,BTC-USDT,39.509,119661.5,0.0003301730298,,30,0.0531801,0.0612141,0.0138269,5.4458e+06,0,0,0.70297,465,4,0,HOLD
2025-08-12 19:43:05 UTC,1h,TREE-USDT,BTC-USDT,0.4319,119661.5,3.609348036e-06,,30,0.0495747,0.0808308,0.0208051,8.24062e+06,0,0,0.70297,465,4,0,HOLD
2025-08-12 19:43:05 UTC,1h,TRU-USDT,BTC-USDT,0.0333,119661.5,2.782849956e-07,,30,0.0338404,0.0396503,0.0200129,2.00567e+06,0,0,0.70297,465,4,0,HOLD
2025-08-12 19:43:05 UTC,1h,TRUMP-USDT,BTC-USDT,9.156,119661.5,7.651583843e-05,,30,0.031662,0.0300371,0.0112261,8.53814e+06,0,0,0.70297,465,4,0,HOLD
2025-08-12 19:43:05 UTC,1h,TRX-USDT,BTC-USDT,0.34961,119661.5,2.921658177e-06,,30,0.00769586,0.00598509,0.00443351,1.39583e+07,0,0,0.70297,465,4,0,HOLD
2025-08-12 19:43:05 UTC,1h,TST-USDT,BTC-USDT,0.02688,119661.5,2.246336541e-07,,30,0.022442,-0.0143014,0.0266263,8.81141e+06,0,0,0.70297,465,4,0,HOLD
2025-08-12 19:43:05 UTC,1h,TURBO-USDT,BTC-USDT,0.0049099,119661.5,4.103157657e-08,,30,0.045171,0.0597211,0.0172174,6.47041e+06,0,0,0.70297,465,4,0,HOLD
2025-08-12 19:43:05 UTC,1h,TUT-USDT,BTC-USDT,0.05951,119661.5,4.973195222e-07,,30,-0.0157129,-0.00551471,0.00555729,1.95621e+06,0,0,0.70297,465,4,0,HOLD
2025-08-12 19:43:05 UTC,1h,TWT-USDT,BTC-USDT,0.7905,119661.5,6.606134805e-06,,30,0.0301016,0.0311766,0.00848468,2.08339e+06,0,0,0.70297,465,4,0,HOLD
2025-08-12 19:43:05 UTC,1h,UMA-USDT,BTC-USDT,1.373,119661.5,1.1474033e-05,,30,0.0162842,0.0635167,0.0392259,6.22366e+06,0,0,0.70297,465,4,0,HOLD
2025-08-12 19:43:05 UTC,1h,UNI-USDT,BTC-USDT,11.413,119661.5,9.537737702e-05,,30,0.0275502,0.0172921,0.017236,4.11083e+07,0,0,0.70297,465,4,0,HOLD
2025-08-12 19:43:05 UTC,1h,USELESS-USDT,BTC-USDT,0.2308,119661.5,1.928774084e-06,,30,0.086629,0.105894,0.0396757,7.17526e+06,0,0,0.70297,465,4,0,HOLD
2025-08-12 19:43:05 UTC,1h,USTC-USDT,BTC-USDT,0.01467,119661.5,1.225958224e-07,,30,0.0120033,0.027239,0.0216136,2.40028e+06,0,0,0.70297,465,4,0,HOLD
2025-08-12 19:43:05 UTC,1h,USUAL-USDT,BTC-USDT,0.07902,119661.5,6.603627733e-07,,30,0.0459298,0.0439952,0.0202752,2.14517e+06,0,0,0.70297,465,4,0,HOLD
2025-08-12 19:43:05 UTC,1h,UXLINK-USDT,BTC-USDT,0.3554,119661.5,2.970044668e-06,,30,0.0340413,0.0352461,0.0143701,6.76704e+06,0,0,0.70297,465,4,0,HOLD
2025-08-12 19:43:05 UTC,1h,VANA-USDT,BTC-USDT,4.483,119661.5,3.746401307e-05,,30,0.0310488,0.0327114,0.0127147,6.44915e+06,0,0,0.70297,465,4,0,HOLD
2025-08-12 19:43:05 UTC,1h,VANRY-USDT,BTC-USDT,0.03307,119661.5,2.76362907e-07,,30,0.0392835,0.0585787,0.0192449,484545,0,0,0.70297,465,4,0,HOLD
2025-08-12 19:43:05 UTC,1h,VELODROME-USDT,BTC-USDT,0.05959,119661.5,4.979880747e-07,,30,-0.00134071,0.0132631,0.0168652,541033,0,0,0.70297,465,4,0,HOLD
2025-08-12 19:43:05 UTC,1h,VELVET-USDT,BTC-USDT,0.06594,119661.5,5.510544327e-07,,30,-0.0177268,-0.0433773,0.0241778,6.499e+06,0,0,0.70297,465,4,0,HOLD
2025-08-12 19:43:05 UTC,1h,VET-USDT,BTC-USDT,0.025423,119661.5,2.124576409e-07,,30,0.0349699,0.0356023,0.0127078,3.28349e+06,0,0,0.70297,465,4,0,HOLD
2025-08-12 19:43:05 UTC,1h,VIC-USDT,BTC-USDT,0.267,119661.5,2.231294109e-06,,30,0.0450098,0.0364907,0.014152,6.60387e+06,0,0,0.70297,465,4,0,HOLD
2025-08-12 19:43:05 UTC,1h,VINE-USDT,BTC-USDT,0.06989,119661.5,5.840642145e-07,,30,0.0237293,0.0571774,0.0257548,1.8814e+07,0,0,0.70297,465,4,0,HOLD
2025-08-12 19:43:05 UTC,1h,VIRTUAL-USDT,BTC-USDT,1.3728,119661.5,1.147236162e-05,,30,0.0429233,0.0367014,0.0180393,9.49228e+06,0,0,0.70297,465,4,0,HOLD
2025-08-12 19:43:05 UTC,1h,VOXEL-USDT,BTC-USDT,0.06087,119661.5,5.086849154e-07,,30,0.0264755,0.0357325,0.0170387,441064,0,0,0.70297,465,4,0,HOLD
2025-08-12 19:43:05 UTC,1h,VTHO-USDT,BTC-USDT,0.00199,119661.5,1.663024448e-08,,30,0.0386221,0.0468175,0.0127782,446019,0,0,0.70297,465,4,0,HOLD
2025-08-12 19:43:05 UTC,1h,VVV-USDT,BTC-USDT,2.914,119661.5,2.435202634e-05,,30,0.0195941,0.029682,0.01809,311452,0,0,0.70297,465,4,0,HOLD
2025-08-12 19:43:05 UTC,1h,W-USDT,BTC-USDT,0.0881,119661.5,7.362434868e-07,,30,0.0364706,0.0433444,0.0168721,7.02378e+06,0,0,0.70297,465,4,0,HOLD
2025-08-12 19:43:05 UTC,1h,WAL-USDT,BTC-USDT,0.4294,119661.5,3.588455769e-06,,30,0.0384522,0.0644522,0.0155366,6.62118e+06,0,0,0.70297,465,4,0,HOLD
2025-08-12 19:43:05 UTC,1h,WCT-USDT,BTC-USDT,0.3495,119661.5,2.920738918e-06,,30,0.111641,0.12163,0.0218884,9.01332e+06,0,0,0.70297,465,4,0,HOLD
2025-08-12 19:43:05 UTC,1h,WIF-USDT,BTC-USDT,0.9817,119661.5,8.203975381e-06,,30,0.0681101,0.0747756,0.0189176,4.43642e+07,0,0,0.70297,465,4,0,HOLD
2025-08-12 19:43:05 UTC,1h,WLD-USDT,BTC-USDT,1.0562,119661.5,8.826564935e-06,,30,0.0528309,0.0614009,0.0159331,1.68596e+07,0,0,0.70297,465,4,0,HOLD
2025-08-12 19:43:05 UTC,1h,WOO-USDT,BTC-USDT,0.08039,119661.5,6.718117356e-07,,30,0.0457916,0.0489301,0.0146429,2.10681e+06,0,0,0.70297,465,4,0,HOLD
2025-08-12 19:43:05 UTC,1h,X-USDT,BTC-USDT,5.588e-05,119661.5,4.669839506e-10,,30,0.0219459,0.0228812,0.0284155,6.97158e+06,0,0,0.70297,465,4,0,HOLD
2025-08-12 19:43:05 UTC,1h,XAI-USDT,BTC-USDT,0.05455,119661.5,4.558692646e-07,,30,0.0378615,0.0522762,0.0179652,2.06057e+06,0,0,0.70297,465,4,0,HOLD
2025-08-12 19:43:05 UTC,1h,XAUT-USDT,BTC-USDT,3347.6,119661.5,0.02797558112,,30,0.000956823,-0.00164027,0.00254127,7.39821e+06,0,0,0.70297,465,4,0,HOLD
2025-08-12 19:43:05 UTC,1h,XCN-USDT,BTC-USDT,0.01398,119661.5,1.168295567e-07,,30,0.0152505,0.0234261,0.0104741,1.97447e+06,0,0,0.70297,465,4,0,HOLD
2025-08-12 19:43:05 UTC,1h,XLM-USDT,BTC-USDT,0.45043,119661.5,3.764201518e-06,,30,0.0342587,0.030803,0.012136,1.80335e+07,0,0,0.70297,465,4,0,HOLD
2025-08-12 19:43:05 UTC,1h,XRP-USDT,BTC-USDT,3.2628,119661.5,2.726691542e-05,,30,0.0279125,0.0343975,0.00978564,1.95628e+08,0,0,0.70297,465,4,0,HOLD
2025-08-12 19:43:05 UTC,1h,YALA-USDT,BTC-USDT,0.2647,119661.5,2.212073223e-06,,30,-0.00526118,-0.138346,0.0463598,8.64487e+06,0,0,0.70297,465,4,0,HOLD
2025-08-12 19:43:05 UTC,1h,YFI-USDT,BTC-USDT,5837,119661.5,0.04877926484,,30,0.0298165,0.0287275,0.0105974,9.52991e+06,0,0,0.70297,465,4,0,HOLD
2025-08-12 19:43:05 UTC,1h,YGG-USDT,BTC-USDT,0.1714,119661.5,1.432373821e-06,,30,0.0400485,0.0444851,0.0163361,4.31576e+06,0,0,0.70297,465,4,0,HOLD
2025-08-12 19:43:05 UTC,1h,ZBCN-USDT,BTC-USDT,0.0048878,119661.5,4.084688893e-08,,30,-0.0223813,-0.0468409,0.0221499,6.57894e+06,0,0,0.70297,465,4,0,HOLD
2025-08-12 19:43:05 UTC,1h,ZEREBRO-USDT,BTC-USDT,0.02882,119661.5,2.408460532e-07,,30,0.0329749,0.0208998,0.0159116,1.68083e+06,0,0,0.70297,465,4,0,HOLD
2025-08-12 19:43:05 UTC,1h,ZETA-USDT,BTC-USDT,0.2061,119661.5,1.722358486e-06,,30,0.0315315,0.0367203,0.0139669,5.29264e+06,0,0,0.70297,465,4,0,HOLD
2025-08-12 19:43:05 UTC,1h,ZIL-USDT,BTC-USDT,0.01194,119661.5,9.978146689e-08,,30,0.0464505,0.0510563,0.01352,2.30644e+06,0,0,0.70297,465,4,0,HOLD
2025-08-12 19:43:05 UTC,1h,ZK-USDT,BTC-USDT,0.0596,119661.5,4.980716438e-07,,30,0.0356212,0.045981,0.0176055,6.72314e+06,0,0,0.70297,465,4,0,HOLD
2025-08-12 19:43:05 UTC,1h,ZKJ-USDT,BTC-USDT,0.2477,119661.5,2.070005808e-06,,30,0.00691057,0.0377042,0.0481573,8.06174e+06,0,0,0.70297,465,4,0,HOLD
2025-08-12 19:43:05 UTC,1h,ZORA-USDT,BTC-USDT,0.11636,119661.5,9.724096723e-07,,30,-0.0352375,-0.00197272,0.0513308,2.31521e+07,0,0,0.70297,465,4,0,HOLD
2025-08-12 19:43:05 UTC,1h,ZRC-USDT,BTC-USDT,0.03466,119661.5,2.896503888e-07,,30,0.0245344,0.0263548,0.0144052,6.55753e+06,0,0,0.70297,465,4,0,HOLD
2025-08-12 19:43:05 UTC,1h,ZRO-USDT,BTC-USDT,2.2911,119661.5,1.914650911e-05,,30,0.00223097,0.0180404,0.0183786,1.33358e+07,0,0,0.70297,465,4,0,HOLD
2025-08-12 19:43:05 UTC,1h,ZRX-USDT,BTC-USDT,0.2633,119661.5,2.200373554e-06,,30,0.0386588,0.0460866,0.0129944,1.98617e+06,0,0,0.70297,465,4,0,HOLD
2025-08-12 20:00:00 UTC,1h,1000000BABYDOGE-USDT,BTC-USDT,0.0013843,119627.9,1.157171529e-08,,30,0.0380174,0.05166,0.0133126,1.35216e+06,0,0,0.711538,465,4,0,HOLD
2025-08-12 20:00:00 UTC,1h,1000000BOB-USDT,BTC-USDT,0.0784,119627.9,6.553655126e-07,,30,-0.02,-0.0350769,0.0321793,6.64824e+06,0,0,0.711538,465,4,0,HOLD
2025-08-12 20:00:00 UTC,1h,1000000MOG-USDT,BTC-USDT,1.3763,119627.9,1.150484126e-05,,30,-0.0254903,-0.00484454,0.0292762,1.7586e+06,0,0,0.711538,465,4,0,HOLD
2025-08-12 20:00:00 UTC,1h,10000SATS-USDT,BTC-USDT,0.000419,119627.9,3.50252742e-09,,30,0.0397022,0.0501253,0.0170474,2.31689e+06,0,0,0.711538,465,4,0,HOLD
2025-08-12 20:00:00 UTC,1h,10000WHY-USDT,BTC-USDT,0.0003296,119627.9,2.755210114e-09,,30,0.00733496,0.0169701,0.0202627,2.30213e+06,0,0,0.711538,465,4,0,HOLD
2025-08-12 20:00:00 UTC,1h,1000BONK-USDT,BTC-USDT,0.025862,119627.9,2.161870266e-07,,30,0.0654198,0.0535707,0.0193223,7.99884e+06,0,0,0.711538,465,4,0,HOLD
2025-08-12 20:00:00 UTC,1h,1000CAT-USDT,BTC-USDT,0.009423,119627.9,7.876925032e-08,,30,0.0339039,0.0524964,0.0162748,6.59014e+06,0,0,0.711538,465,4,0,HOLD
2025-08-12 20:00:00 UTC,1h,1000CHEEMS-USDT,BTC-USDT,0.0013247,119627.9,1.107350376e-08,,30,0.0236458,0.0165759,0.0096356,6.53382e+06,0,0,0.711538,465,4,0,HOLD
2025-08-12 20:00:00 UTC,1h,1000PEPE-USDT,BTC-USDT,0.0121401,119627.9,1.014821793e-07,,30,0.059364,0.0715856,0.0181165,4.34264e+07,0,0,0.711538,465,4,0,HOLD
2025-08-12 20:00:00 UTC,1h,1000XEC-USDT,BTC-USDT,0.02196,119627.9,1.835692175e-07,,30,0.0300188,0.0290534,0.0120999,7.34885e+06,0,0,0.711538,465,4,0,HOLD
2025-08-12 20:00:00 UTC,1h,1INCH-USDT,BTC-USDT,0.2712,119627.9,2.267029681e-06,,30,0.0218538,0.0207,0.0143279,6.29106e+06,0,0,0.711538,465,4,0,HOLD
2025-08-12 20:00:00 UTC,1h,A-USDT,BTC-USDT,0.54752,119627.9,4.576858743e-06,,30,0.015242,0.00473447,0.0139838,6.62772e+06,0,0,0.711538,465,4,0,HOLD
2025-08-12 20:00:00 UTC,1h,A2Z-USDT,BTC-USDT,0.007262,119627.9,6.070490245e-08,,30,0.000551116,-0.0143865,0.0182653,6.9223e+06,0,0,0.711538,465,4,0,HOLD
2025-08-12 20:00:00 UTC,1h,AAPLX-USDT,BTC-USDT,229.8,119627.9,0.001920956566,,30,0.00829275,0.0117554,0.00520328,6.47554e+06,0,0,0.711538,465,4,0,HOLD
2025-08-12 20:00:00 UTC,1h,AAVE-USDT,BTC-USDT,313.21,119627.9,0.002618201941,,30,0.0344475,0.0522762,0.0147049,7.04492e+07,0,0,0.711538,465,4,0,HOLD
2025-08-12 20:00:00 UTC,1h,ACE-USDT,BTC-USDT,0.5886,119627.9,4.920256897e-06,,30,0.0351741,0.0404808,0.016856,2.09165e+06,0,0,0.711538,465,4,0,HOLD
2025-08-12 20:00:00 UTC,1h,ACH-USDT,BTC-USDT,0.022767,119627.9,1.903151355e-07,,30,0.0373155,0.0390671,0.0146704,1.00653e+06,0,0,0.711538,465,4,0,HOLD
2025-08-12 20:00:00 UTC,1h,ACT-USDT,BTC-USDT,0.0439,119627.9,3.6697125e-07,,30,0.0402844,0.0504905,0.0151155,6.60829e+06,0,0,0.711538,465,4,0,HOLD
2025-08-12 20:00:00 UTC,1h,ADA-USDT,BTC-USDT,0.84732,119627.9,7.082963088e-06,,30,0.0715668,0.083571,0.0133142,5.56956e+07,0,0,0.711538,465,4,0,HOLD
2025-08-12 20:00:00 UTC,1h,AERGO-USDT,BTC-USDT,0.1193,119627.9,9.972590006e-07,,30,0.0323641,0.0273855,0.00999282,2.00836e+06,0,0,0.711538,465,4,0,HOLD
2025-08-12 20:00:00 UTC,1h,AERO-USDT,BTC-USDT,1.2091,119627.9,1.0107174e-05,,30,0.0493838,0.0879071,0.027234,3.9755e+06,0,0,0.711538,465,4,0,HOLD
2025-08-12 20:00:00 UTC,1h,AEVO-USDT,BTC-USDT,0.1026,119627.9,8.57659459e-07,,30,0.0363636,0.0544707,0.0190058,6.59228e+06,0,0,0.711538,465,4,0,HOLD
2025-08-12 20:00:00 UTC,1h,AGLD-USDT,BTC-USDT,0.7456,119627.9,6.232659773e-06,,30,0.0398884,0.0397434,0.0123965,4.08611e+06,0,0,0.711538,465,4,0,HOLD
2025-08-12 20:00:00 UTC,1h,AGT-USDT,BTC-USDT,0.005859,119627.9,4.897686911e-08,,30,0.0122668,0.0177176,0.018104,6.60774e+06,0,0,0.711538,465,4,0,HOLD
2025-08-12 20:00:00 UTC,1h,AI16Z-USDT,BTC-USDT,0.1397,119627.9,1.167787782e-06,,30,0.0696784,0.0779321,0.0218836,8.69925e+06,0,0,0.711538,465,4,0,HOLD
2025-08-12 20:00:00 UTC,1h,AIN-USDT,BTC-USDT,0.13789,119627.9,1.152657532e-06,,30,0.00152528,0.0105533,0.0175658,6.55681e+06,0,0,0.711538,465,4,0,HOLD
2025-08-12 20:00:00 UTC,1h,AIOT-USDT,BTC-USDT,0.54897,119627.9,4.588979661e-06,,30,0.0465542,0.079396,0.0139066,6.70159e+06,0,0,0.711538,465,4,0,HOLD
2025-08-12 20:00:00 UTC,1h,AIXBT-USDT,BTC-USDT,0.1343,119627.9,1.12264781e-06,,30,0.0203616,0.0542429,0.0198702,7.51155e+06,0,0,0.711538,465,4,0,HOLD
2025-08-12 20:00:00 UTC,1h,AKT-USDT,BTC-USDT,1.294,119627.9,1.081687466e-05,,30,0.0427075,0.0477733,0.0138552,494853,0,0,0.711538,465,4,0,HOLD
2025-08-12 20:00:00 UTC,1h,ALCH-USDT,BTC-USDT,0.13797,119627.9,1.153326273e-06,,30,-0.00519143,-0.0297468,0.00933433,6.58461e+06,0,0,0.711538,465,4,0,HOLD
2025-08-12 20:00:00 UTC,1h,ALGO-USDT,BTC-USDT,0.2742,119627.9,2.292107443e-06,,30,0.0558337,0.0702576,0.016203,4.38249e+06,0,0,0.711538,465,4,0,HOLD
2025-08-12 20:00:00 UTC,1h,ALPHA-USDT,BTC-USDT,0.01603,119627.9,1.339988414e-07,,30,0.0242812,0.0262484,0.0154621,1.96722e+06,0,0,0.711538,465,4,0,HOLD
2025-08-12 20:00:00 UTC,1h,ALPINE-USDT,BTC-USDT,1.1585,119627.9,9.684195744e-06,,30,-0.172914,-0.26719,0.0711943,9.2463e+06,0,0,0.711538,465,4,0,HOLD
2025-08-12 20:00:00 UTC,1h,ALT-USDT,BTC-USDT,0.03824,119627.9,3.196578725e-07,,30,0.0249263,0.0613378,0.0294755,6.48643e+06,0,0,0.711538,465,4,0,HOLD
2025-08-12 20:00:00 UTC,1h,ALTCOIN-USDT,BTC-USDT,246.83,119627.9,0.002063314662,,30,0.0373188,0.0448715,0.00894774,1.94444e+06,0,0,0.711538,465,4,0,HOLD
2025-08-12 20:00:00 UTC,1h,ANIME-USDT,BTC-USDT,0.01822,119627.9,1.523056076e-07,,30,0.051356,0.0525708,0.0148581,6.72201e+06,0,0,0.711538,465,4,0,HOLD
2025-08-12 20:00:00 UTC,1h,ANKR-USDT,BTC-USDT,0.01665,119627.9,1.391815789e-07,,30,0.0432331,0.0458543,0.0128271,374180,0,0,0.711538,465,4,0,HOLD
2025-08-12 20:00:00 UTC,1h,APE-USDT,BTC-USDT,0.6391,119627.9,5.342399223e-06,,30,0.0363224,0.0363224,0.0117576,6.43583e+06,0,0,0.711538,465,4,0,HOLD
2025-08-12 20:00:00 UTC,1h,API3-USDT,BTC-USDT,0.7699,119627.9,6.435789644e-06,,30,0.0454916,0.056539,0.0158648,6.69857e+06,0,0,0.711538,465,4,0,HOLD
2025-08-12 20:00:00 UTC,1h,APT-USDT,BTC-USDT,4.8441,119627.9,4.049306224e-05,,30,0.0464905,0.0524246,0.0125322,1.07672e+07,0,0,0.711538,465,4,0,HOLD
2025-08-12 20:00:00 UTC,1h,AR-USDT,BTC-USDT,7.815,119627.9,6.532756991e-05,,30,0.0399202,0.0487118,0.0183438,2.5833e+06,0,0,0.711538,465,4,0,HOLD
2025-08-12 20:00:00 UTC,1h,ARB-USDT,BTC-USDT,0.4711,119627.9,3.938044553e-06,,30,0.0333406,0.0619928,0.0175729,1.47894e+07,0,0,0.711538,465,4,0,HOLD
2025-08-12 20:00:00 UTC,1h,ARC-USDT,BTC-USDT,0.02398,119627.9,2.004549106e-07,,30,0.0165324,0.0363008,0.0228762,7.04765e+06,0,0,0.711538,465,4,0,HOLD
2025-08-12 20:00:00 UTC,1h,ARK-USDT,BTC-USDT,0.4609,119627.9,3.852780162e-06,,30,0.035265,0.0392334,0.0107089,2.08431e+06,0,0,0.711538,465,4,0,HOLD
2025-08-12 20:00:00 UTC,1h,ARKM-USDT,BTC-USDT,0.546,119627.9,4.564152677e-06,,30,0.0542576,0.0639127,0.0171507,2.4892e+06,0,0,0.711538,465,4,0,HOLD
2025-08-12 20:00:00 UTC,1h,ARPA-USDT,BTC-USDT,0.02378,119627.9,1.987830598e-07,,30,0.0522124,0.0639821,0.0172113,8.52468e+06,0,0,0.711538,465,4,0,HOLD
2025-08-12 20:00:00 UTC,1h,ASP-USDT,BTC-USDT,0.164,119627.9,1.370917654e-06,,30,-0.0243902,-0.0623213,0.0277439,6.91148e+06,0,0,0.711538,465,4,0,HOLD
2025-08-12 20:00:00 UTC,1h,ASR-USDT,BTC-USDT,6.451,119627.9,5.392554747e-05,,30,-0.0143621,-0.0167657,0.0212481,7.72413e+06,0,0,0.711538,465,4,0,HOLD
2025-08-12 20:00:00 UTC,1h,ASTR-USDT,BTC-USDT,0.02591,119627.9,2.165882708e-07,,30,0.0430757,0.0472918,0.0122677,1.99836e+06,0,0,0.711538,465,4,0,HOLD
2025-08-12 20:00:00 UTC,1h,ATA-USDT,BTC-USDT,0.0513,119627.9,4.288297295e-07,,30,0.0426829,0.0469388,0.0144806,298608,0,0,0.711538,465,4,0,HOLD
2025-08-12 20:00:00 UTC,1h,ATH-USDT,BTC-USDT,0.03417,119627.9,2.856357087e-07,,30,0.0279783,-0.00175285,0.0139011,2.14195e+06,0,0,0.711538,465,4,0,HOLD
2025-08-12 20:00:00 UTC,1h,ATOM-USDT,BTC-USDT,4.726,119627.9,3.950583434e-05,,30,0.0434975,0.0428067,0.0115773,9.40911e+06,0,0,0.711538,465,4,0,HOLD
2025-08-12 20:00:00 UTC,1h,AUCTION-USDT,BTC-USDT,10.522,119627.9,8.795607045e-05,,30,0.0336968,0.0286441,0.0112621,4.53613e+06,0,0,0.711538,465,4,0,HOLD
2025-08-12 20:00:00 UTC,1h,AVA-USDT,BTC-USDT,0.6182,119627.9,5.167690815e-06,,30,0.0456698,0.0587429,0.0140269,552577,0,0,0.711538,465,4,0,HOLD
2025-08-12 20:00:00 UTC,1h,AVAAI-USDT,BTC-USDT,0.03693,119627.9,3.087072497e-07,,30,0.0356141,-0.0243065,0.0277552,7.72856e+06,0,0,0.711538,465,4,0,HOLD
2025-08-12 20:00:00 UTC,1h,AVAX-USDT,BTC-USDT,24.571,119627.9,0.0002053952297,,30,0.0464205,0.0630354,0.0131659,5.47865e+07,0,0,0.711538,465,4,0,HOLD
2025-08-12 20:00:00 UTC,1h,AWE-USDT,BTC-USDT,0.054163,119627.9,4.527622737e-07,,30,0.00476756,-0.00336731,0.00890961,6.5051e+06,0,0,0.711538,465,4,0,HOLD
2025-08-12 20:00:00 UTC,1h,AXL-USDT,BTC-USDT,0.3598,119627.9,3.007659584e-06,,30,0.0407868,0.0532787,0.0148694,2.13462e+06,0,0,0.711538,465,4,0,HOLD
2025-08-12 20:00:00 UTC,1h,AXS-USDT,BTC-USDT,2.53,119627.9,2.114891259e-05,,30,0.0532889,0.0537276,0.0143139,4.99993e+06,0,0,0.711538,465,4,0,HOLD
2025-08-12 20:00:00 UTC,1h,B-USDT,BTC-USDT,0.60963,119627.9,5.096052008e-06,,30,-0.023811,-0.0740313,0.0164245,6.72923e+06,0,0,0.711538,465,4,0,HOLD
2025-08-12 20:00:00 UTC,1h,B2-USDT,BTC-USDT,0.4067,119627.9,3.399708596e-06,,30,0.051176,0.0335451,0.0162633,6.49991e+06,0,0,0.711538,465,4,0,HOLD
2025-08-12 20:00:00 UTC,1h,B3-USDT,BTC-USDT,0.00325,119627.9,2.716757546e-08,,30,0.0416667,0.059322,0.0162198,6.52938e+06,0,0,0.711538,465,4,0,HOLD
2025-08-12 20:00:00 UTC,1h,BABY-USDT,BTC-USDT,0.06238,119627.9,5.214502637e-07,,30,0.0327815,0.0419242,0.0166033,6.75085e+06,0,0,0.711538,465,4,0,HOLD
2025-08-12 20:00:00 UTC,1h,BAKE-USDT,BTC-USDT,0.0885,119627.9,7.397939778e-07,,30,0.0448642,0.0498221,0.0148507,1.54546e+06,0,0,0.711538,465,4,0,HOLD
2025-08-12 20:00:00 UTC,1h,BANANA-USDT,BTC-USDT,26.45,119627.9,0.0002211022679,,30,0.04257,0.057577,0.0184985,9.34323e+06,0,0,0.711538,465,4,0,HOLD
2025-08-12 20:00:00 UTC,1h,BANANAS31-USDT,BTC-USDT,0.007268,119627.9,6.075505798e-08,,30,0.0246722,0.0189261,0.0154985,3.2594e+06,0,0,0.711538,465,4,0,HOLD
2025-08-12 20:00:00 UTC,1h,BANK-USDT,BTC-USDT,0.06756,119627.9,5.647511993e-07,,30,0.0286393,0.038458,0.0311596,6.96708e+06,0,0,0.711538,465,4,0,HOLD
2025-08-12 20:00:00 UTC,1h,BAT-USDT,BTC-USDT,0.1544,119627.9,1.290668816e-06,,30,0.0432432,0.0446549,0.0130922,436418,0,0,0.711538,465,4,0,HOLD
2025-08-12 20:00:00 UTC,1h,BB-USDT,BTC-USDT,0.12744,119627.9,1.065303328e-06,,30,0.0155391,0.030651,0.0193593,9.57255e+06,0,0,0.711538,465,4,0,HOLD
2025-08-12 20:00:00 UTC,1h,BCH-USDT,BTC-USDT,619.56,119627.9,0.0051790594,,30,0.0509567,0.0487153,0.0112119,4.00251e+07,0,0,0.711538,465,4,0,HOLD
2025-08-12 20:00:00 UTC,1h,BDXN-USDT,BTC-USDT,0.04067,119627.9,3.399708596e-07,,30,0.00394964,-0.000245821,0.0171766,6.58118e+06,0,0,0.711538,465,4,0,HOLD
2025-08-12 20:00:00 UTC,1h,BEAM-USDT,BTC-USDT,0.008379,119627.9,7.004218915e-08,,30,0.0249541,0.0540949,0.0202206,2.17963e+06,0,0,0.711538,465,4,0,HOLD
2025-08-12 20:00:00 UTC,1h,BERA-USDT,BTC-USDT,2.034,119627.9,1.700272261e-05,,30,0.0441478,0.045221,0.0153111,6.82847e+06,0,0,0.711538,465,4,0,HOLD
2025-08-12 20:00:00 UTC,1h,BID-USDT,BTC-USDT,0.07206,119627.9,6.023678423e-07,,30,0.0576838,0.0680302,0.02149,2.07651e+06,0,0,0.711538,465,4,0,HOLD
2025-08-12 20:00:00 UTC,1h,BIGTIME-USDT,BTC-USDT,0.06103,119627.9,5.101652708e-07,,30,0.0391623,0.0506111,0.0134009,2.13737e+06,0,0,0.711538,465,4,0,HOLD
2025-08-12 20:00:00 UTC,1h,BIO-USDT,BTC-USDT,0.12834,119627.9,1.072826657e-06,,30,0.0596103,0.0126243,0.0374674,1.66392e+07,0,0,0.711538,465,4,0,HOLD
2025-08-12 20:00:00 UTC,1h,BLAST-USDT,BTC-USDT,0.003133,119627.9,2.618954274e-08,,30,0.0292378,0.0181995,0.0131321,522530,0,0,0.711538,465,4,0,HOLD
2025-08-12 20:00:00 UTC,1h,BLUR-USDT,BTC-USDT,0.0876,119627.9,7.322706492e-07,,30,0.049982,0.047471,0.0150277,4.33967e+06,0,0,0.711538,465,4,0,HOLD
2025-08-12 20:00:00 UTC,1h,BMT-USDT,BTC-USDT,0.08424,119627.9,7.041835558e-07,,30,0.0334928,0.0343811,0.0133632,2.07016e+06,0,0,0.711538,465,4,0,HOLD
2025-08-12 20:00:00 UTC,1h,BNB-USDT,BTC-USDT,831.63,119627.9,0.006951806393,,30,0.0253872,0.0296528,0.00718726,3.99274e+07,0,0,0.711538,465,4,0,HOLD
2025-08-12 20:00:00 UTC,1h,BNT-USDT,BTC-USDT,0.83025,119627.9,6.940270622e-06,,30,0.0410789,0.0470792,0.0130374,1.9949e+06,0,0,0.711538,465,4,0,HOLD
2025-08-12 20:00:00 UTC,1h,BOME-USDT,BTC-USDT,0.001978,119627.9,1.653460439e-08,,30,0.05832,0.075,0.0188141,9.32385e+06,0,0,0.711538,465,4,0,HOLD
2025-08-12 20:00:00 UTC,1h,BR-USDT,BTC-USDT,0.05007,119627.9,4.185478471e-07,,30,-0.000598802,0.00019976,0.00115553,1.9572e+06,0,0,0.711538,465,4,0,HOLD
2025-08-12 20:00:00 UTC,1h,BRETT-USDT,BTC-USDT,0.05871,119627.9,4.907718016e-07,,30,0.0444761,0.0752747,0.0203056,5.91673e+06,0,0,0.711538,465,4,0,HOLD
2025-08-12 20:00:00 UTC,1h,BROCCOLI-USDT,BTC-USDT,0.02788,119627.9,2.330560012e-07,,30,0,0.00179662,0.0167555,6.51856e+06,0,0,0.711538,465,4,0,HOLD
2025-08-12 20:00:00 UTC,1h,BROCCOLIF3B-USDT,BTC-USDT,0.010429,119627.9,8.717865983e-08,,30,0.0193529,0.0634241,0.0127324,6.50135e+06,0,0,0.711538,465,4,0,HOLD
2025-08-12 20:00:00 UTC,1h,BSV-USDT,BTC-USDT,29.39,119627.9,0.0002456784747,,30,0.0190707,0.00581793,0.0115686,2.3099e+06,0,0,0.711538,465,4,0,HOLD
2025-08-12 20:00:00 UTC,1h,BSW-USDT,BTC-USDT,0.02654,119627.9,2.218546008e-07,,30,-0.0108088,-0.0177646,0.0241684,2.0647e+06,0,0,0.711538,465,4,0,HOLD
2025-08-12 20:00:00 UTC,1h,BTC-USDT,BTC-USDT,119646,119627.9,1.000151302,,30,0.00704068,0.00582329,0.00524141,1.44174e+09,0,0,0.711538,465,4,0,HOLD
2025-08-12 20:00:00 UTC,1h,BULLA-USDT,BTC-USDT,0.08168,119627.9,6.827838656e-07,,30,-0.0290062,-0.0490162,0.0259724,6.85013e+06,0,0,0.711538,465,4,0,HOLD
2025-08-12 20:00:00 UTC,1h,C-USDT,BTC-USDT,0.26278,119627.9,2.196644763e-06,,30,0.0149865,0.0365666,0.0183097,6.71037e+06,0,0,0.711538,465,4,0,HOLD
2025-08-12 20:00:00 UTC,1h,CAKE-USDT,BTC-USDT,2.8637,119627.9,2.393839564e-05,,30,0.0396442,0.0408156,0.0108401,2.5736e+06,0,0,0.711538,465,4,0,HOLD
2025-08-12 20:00:00 UTC,1h,CARV-USDT,BTC-USDT,0.3109,119627.9,2.598892064e-06,,30,0.0243822,-0.011761,0.0189312,2.23536e+06,0,0,0.711538,465,4,0,HOLD
2025-08-12 20:00:00 UTC,1h,CATI-USDT,BTC-USDT,0.09572,119627.9,8.001477916e-07,,30,0.0245103,-0.034594,0.0332294,7.19884e+06,0,0,0.711538,465,4,0,HOLD
2025-08-12 20:00:00 UTC,1h,CELO-USDT,BTC-USDT,0.3604,119627.9,3.012675137e-06,,30,0.0332569,0.0374208,0.0162518,2.38448e+06,0,0,0.711538,465,4,0,HOLD
2025-08-12 20:00:00 UTC,1h,CELR-USDT,BTC-USDT,0.00828,119627.9,6.921462301e-08,,30,0.0507614,0.0615385,0.0152692,2.17397e+06,0,0,0.711538,465,4,0,HOLD
2025-08-12 20:00:00 UTC,1h,CETUS-USDT,BTC-USDT,0.11225,119627.9,9.3832626e-07,,30,0.0408939,0.0619678,0.0178937,1.00011e+06,0,0,0.711538,465,4,0,HOLD
2025-08-12 20:00:00 UTC,1h,CFX-USDT,BTC-USDT,0.20045,119627.9,1.675612462e-06,,30,0.0202575,0.0220262,0.0143926,1.02767e+07,0,0,0.711538,465,4,0,HOLD
2025-08-12 20:00:00 UTC,1h,CGPT-USDT,BTC-USDT,0.10284,119627.9,8.5966568e-07,,30,0.035441,0.0511038,0.0161416,692419,0,0,0.711538,465,4,0,HOLD
2025-08-12 20:00:00 UTC,1h,CHESS-USDT,BTC-USDT,0.07519,119627.9,6.285323073e-07,,30,0.0245265,0.0530812,0.018781,725926,0,0,0.711538,465,4,0,HOLD
2025-08-12 20:00:00 UTC,1h,CHILLGUY-USDT,BTC-USDT,0.05782,119627.9,4.833320655e-07,,30,0.0757209,0.0759211,0.0236695,1.7075e+06,0,0,0.711538,465,4,0,HOLD
2025-08-12 20:00:00 UTC,1h,CHR-USDT,BTC-USDT,0.0988,119627.9,8.258942939e-07,,30,0.0410959,0.0521832,0.0143869,2.02127e+06,0,0,0.711538,465,4,0,HOLD
2025-08-12 20:00:00 UTC,1h,CHZ-USDT,BTC-USDT,0.04329,119627.9,3.618721051e-07,,30,0.0373832,0.042379,0.0117645,2.18788e+06,0,0,0.711538,465,4,0,HOLD
2025-08-12 20:00:00 UTC,1h,CKB-USDT,BTC-USDT,0.005693,119627.9,4.758923295e-08,,30,0.0434384,0.0440125,0.0141527,716412,0,0,0.711538,465,4,0,HOLD
2025-08-12 20:00:00 UTC,1h,COINX-USDT,BTC-USDT,322.66,119627.9,0.002697196891,,30,0.00878537,0.00658244,0.00986,6.49178e+06,0,0,0.711538,465,4,0,HOLD
2025-08-12 20:00:00 UTC,1h,COMP-USDT,BTC-USDT,52.98,119627.9,0.0004428732762,,30,0.0295375,0.0331513,0.0138866,5.65949e+06,0,0,0.711538,465,4,0,HOLD
2025-08-12 20:00:00 UTC,1h,COOKIE-USDT,BTC-USDT,0.1558,119627.9,1.302371771e-06,,30,0.0359043,0.0620314,0.0209976,6.84682e+06,0,0,0.711538,465,4,0,HOLD
2025-08-12 20:00:00 UTC,1h,CORE-USDT,BTC-USDT,0.5037,119627.9,4.210556233e-06,,30,0.0370599,0.0517853,0.0117417,2.02633e+06,0,0,0.711538,465,4,0,HOLD
2025-08-12 20:00:00 UTC,1h,COS-USDT,BTC-USDT,0.003518,119627.9,2.940785553e-08,,30,0.0307647,0.0362297,0.0114107,463153,0,0,0.711538,465,4,0,HOLD
2025-08-12 20:00:00 UTC,1h,COTI-USDT,BTC-USDT,0.05591,119627.9,4.673658904e-07,,30,0.0417365,0.0525226,0.0144492,523639,0,0,0.711538,465,4,0,HOLD
2025-08-12 20:00:00 UTC,1h,COW-USDT,BTC-USDT,0.4302,119627.9,3.596151065e-06,,30,0.0446819,0.0554465,0.017633,6.91409e+06,0,0,0.711538,465,4,0,HOLD
2025-08-12 20:00:00 UTC,1h,CRCLX-USDT,BTC-USDT,164.15,119627.9,0.001372171542,,30,-0.0457505,0.015654,0.0319003,6.51156e+06,0,0,0.711538,465,4,0,HOLD
2025-08-12 20:00:00 UTC,1h,CROSS-USDT,BTC-USDT,0.31435,119627.9,2.627731491e-06,,30,-0.00957812,0.00130598,0.0133291,6.61467e+06,0,0,0.711538,465,4,0,HOLD
2025-08-12 20:00:00 UTC,1h,CRV-USDT,BTC-USDT,0.9875,119627.9,8.254763312e-06,,30,0.0554724,0.071855,0.0181266,1.66364e+07,0,0,0.711538,465,4,0,HOLD
2025-08-12 20:00:00 UTC,1h,CTC-USDT,BTC-USDT,0.741,119627.9,6.194207204e-06,,30,0.0293096,0.0449866,0.0154039,1.31068e+06,0,0,0.711538,465,4,0,HOLD
2025-08-12 20:00:00 UTC,1h,CTK-USDT,BTC-USDT,0.3557,119627.9,2.973386643e-06,,30,-0.00112328,0.0403627,0.0180329,6.69532e+06,0,0,0.711538,465,4,0,HOLD
2025-08-12 20:00:00 UTC,1h,CUDIS-USDT,BTC-USDT,0.07549,119627.9,6.310400835e-07,,30,0.104947,0.100758,0.0482372,7.19882e+06,0,0,0.711538,465,4,1,HOLD
2025-08-12 20:00:00 UTC,1h,CVC-USDT,BTC-USDT,0.09794,119627.9,8.187053355e-07,,30,0.0366215,0.0424694,0.010028,1.95464e+06,0,0,0.711538,465,4,0,HOLD
2025-08-12 20:00:00 UTC,1h,CYBER-USDT,BTC-USDT,3.0993,119627.9,2.590783588e-05,,30,0.0125123,-0.181854,0.160013,6.20321e+07,0,0,0.711538,465,4,0,HOLD
2025-08-12 20:00:00 UTC,1h,D-USDT,BTC-USDT,0.03687,119627.9,3.082056945e-07,,30,0.0348021,0.0418197,0.0141617,6.49023e+06,0,0,0.711538,465,4,0,HOLD
2025-08-12 20:00:00 UTC,1h,DBR-USDT,BTC-USDT,0.02484,119627.9,2.07643869e-07,,30,0.00852619,0.0167826,0.00900046,442103,0,0,0.711538,465,4,0,HOLD
2025-08-12 20:00:00 UTC,1h,DEEP-USDT,BTC-USDT,0.16927,119627.9,1.414970922e-06,,30,0.0697042,0.121959,0.0194322,6.98987e+06,0,0,0.711538,465,4,0,HOLD
2025-08-12 20:00:00 UTC,1h,DEGEN-USDT,BTC-USDT,0.004036,119627.9,3.373794909e-08,,30,0.0491292,0.0677249,0.0198393,581142,0,0,0.711538,465,4,0,HOLD
2025-08-12 20:00:00 UTC,1h,DEGO-USDT,BTC-USDT,1.2381,119627.9,1.034959236e-05,,30,0.0106939,-0.0161316,0.0176999,862966,0,0,0.711538,465,4,0,HOLD
2025-08-12 20:00:00 UTC,1h,DF-USDT,BTC-USDT,0.03036,119627.9,2.53786951e-07,,30,0.0326531,0.0425824,0.0121871,286713,0,0,0.711538,465,4,0,HOLD
2025-08-12 20:00:00 UTC,1h,DIA-USDT,BTC-USDT,0.844,119627.9,7.055210365e-06,,30,0.0292683,0.030022,0.0223087,6.55765e+06,0,0,0.711538,465,4,0,HOLD
2025-08-12 20:00:00 UTC,1h,DMC-USDT,BTC-USDT,0.00477,119627.9,3.987364152e-08,,30,0.0105932,0.00421053,0.0156783,6.53563e+06,0,0,0.711538,465,4,0,HOLD
2025-08-12 20:00:00 UTC,1h,DOG-USDT,BTC-USDT,0.003484,119627.9,2.912364089e-08,,30,0.0181181,0.0532044,0.0182877,785468,0,0,0.711538,465,4,0,HOLD
2025-08-12 20:00:00 UTC,1h,DOGE-USDT,BTC-USDT,0.23536,119627.9,1.967434018e-06,,30,0.0515593,0.0457656,0.0142214,1.42417e+08,0,0,0.711538,465,4,0,HOLD
2025-08-12 20:00:00 UTC,1h,DOGS-USDT,BTC-USDT,0.0001474,119627.9,1.232154038e-09,,30,0.034386,0.0424328,0.0172999,825576,0,0,0.711538,465,4,0,HOLD
2025-08-12 20:00:00 UTC,1h,DOLO-USDT,BTC-USDT,0.227872,119627.9,1.904839924e-06,,30,-0.0801858,-0.0892515,0.0364725,7.82442e+06,0,0,0.711538,465,4,0,HOLD
2025-08-12 20:00:00 UTC,1h,DOOD-USDT,BTC-USDT,0.0038016,119627.9,3.177853996e-08,,30,0.033549,0.051851,0.0160121,6.58075e+06,0,0,0.711538,465,4,0,HOLD
2025-08-12 20:00:00 UTC,1h,DOT-USDT,BTC-USDT,4.167,119627.9,3.483301136e-05,,30,0.0544028,0.0627391,0.015753,1.88015e+07,0,0,0.711538,465,4,0,HOLD
2025-08-12 20:00:00 UTC,1h,DRIFT-USDT,BTC-USDT,0.5727,119627.9,4.787344758e-06,,30,0.0481332,0.0462185,0.0139939,6.67748e+06,0,0,0.711538,465,4,0,HOLD
2025-08-12 20:00:00 UTC,1h,DUSK-USDT,BTC-USDT,0.06828,119627.9,5.707698622e-07,,30,0.0378477,0.048043,0.0155452,286790,0,0,0.711538,465,4,0,HOLD
2025-08-12 20:00:00 UTC,1h,DYDX-USDT,BTC-USDT,0.6696,119627.9,5.59735647e-06,,30,0.0311056,0.0347705,0.0171958,6.37477e+06,0,0,0.711538,465,4,0,HOLD
2025-08-12 20:00:00 UTC,1h,DYM-USDT,BTC-USDT,0.266,119627.9,2.22356156e-06,,30,0.0576541,0.0484825,0.0203276,3.28937e+06,0,0,0.711538,465,4,0,HOLD
2025-08-12 20:00:00 UTC,1h,EDU-USDT,BTC-USDT,0.1485,119627.9,1.241349217e-06,,30,-0.0145985,0.0283934,0.0510823,5.9273e+06,0,0,0.711538,465,4,0,HOLD
2025-08-12 20:00:00 UTC,1h,EGLD-USDT,BTC-USDT,16.07,119627.9,0.0001343332116,,30,0.0488871,0.0568892,0.013259,3.30667e+06,0,0,0.711538,465,4,0,HOLD
2025-08-12 20:00:00 UTC,1h,EIGEN-USDT,BTC-USDT,1.4102,119627.9,1.178821997e-05,,30,0.021292,0.0310741,0.0225196,5.8271e+06,0,0,0.711538,465,4,0,HOLD
2025-08-12 20:00:00 UTC,1h,ELX-USDT,BTC-USDT,0.1766,119627.9,1.476244254e-06,,30,0.0455891,0.0437352,0.0183223,489683,0,0,0.711538,465,4,0,HOLD
2025-08-12 20:00:00 UTC,1h,ENA-USDT,BTC-USDT,0.815,119627.9,6.812791999e-06,,30,0.00654563,0.0251572,0.0281595,1.03121e+08,0,0,0.711538,465,4,0,HOLD
2025-08-12 20:00:00 UTC,1h,ENJ-USDT,BTC-USDT,0.07433,119627.9,6.213433488e-07,,30,0.0516412,0.0558239,0.0144818,2.13672e+06,0,0,0.711538,465,4,0,HOLD
2025-08-12 20:00:00 UTC,1h,ENS-USDT,BTC-USDT,29.27,119627.9,0.0002446753642,,30,0.0243937,0.0357029,0.0150569,1.26747e+07,0,0,0.711538,465,4,0,HOLD
2025-08-12 20:00:00 UTC,1h,EPIC-USDT,BTC-USDT,2.1024,119627.9,1.757449558e-05,,30,0.00386764,-0.0102627,0.0144053,2.1216e+06,0,0,0.711538,465,4,0,HOLD
2025-08-12 20:00:00 UTC,1h,EPT-USDT,BTC-USDT,0.004386,119627.9,3.666368799e-08,,30,0.0204746,0.0381065,0.0149013,6.58972e+06,0,0,0.711538,465,4,0,HOLD
2025-08-12 20:00:00 UTC,1h,ERA-USDT,BTC-USDT,1.0331,119627.9,8.635945294e-06,,30,0.0216574,0.00662574,0.0155289,8.54829e+06,0,0,0.711538,465,4,0,HOLD
2025-08-12 20:00:00 UTC,1h,ES-USDT,BTC-USDT,0.2177,119627.9,1.819809593e-06,,30,0.0206282,0.0163399,0.0197191,6.531e+06,0,0,0.711538,465,4,0,HOLD
2025-08-12 20:00:00 UTC,1h,ESPORTS-USDT,BTC-USDT,0.1277,119627.9,1.067476734e-06,,30,-0.0100775,-0.019954,0.01885,6.87145e+06,0,0,0.711538,465,4,0,HOLD
2025-08-12 20:00:00 UTC,1h,ETC-USDT,BTC-USDT,23.567,119627.9,0.0001970025387,,30,0.0400265,0.048494,0.0147664,1.29834e+07,0,0,0.711538,465,4,0,HOLD
2025-08-12 20:00:00 UTC,1h,ETH-USDT,BTC-USDT,4514.43,119627.9,0.03773726698,,30,0.0303836,0.0463803,0.0113636,2.74883e+09,0,0,0.711538,465,4,0,HOLD
2025-08-12 20:00:00 UTC,1h,ETHFI-USDT,BTC-USDT,1.2376,119627.9,1.034541273e-05,,30,0.0337454,0.0397379,0.0248349,1.35256e+07,0,0,0.711538,465,4,0,HOLD
2025-08-12 20:00:00 UTC,1h,ETHW-USDT,BTC-USDT,1.7321,119627.9,1.447906383e-05,,30,0.0372477,0.0533966,0.0150272,2.0726e+06,0,0,0.711538,465,4,0,HOLD
2025-08-12 20:00:00 UTC,1h,F-USDT,BTC-USDT,0.00796,119627.9,6.653966173e-08,,30,0.0188148,0.00989597,0.0129935,6.51913e+06,0,0,0.711538,465,4,0,HOLD
2025-08-12 20:00:00 UTC,1h,FARTCOIN-USDT,BTC-USDT,0.9808,119627.9,8.19875631e-06,,30,0.130345,0.155786,0.0306018,7.45169e+07,0,0,0.711538,465,4,0,HOLD
2025-08-12 20:00:00 UTC,1h,FET-USDT,BTC-USDT,0.7256,119627.9,6.065474693e-06,,30,0.0367195,0.0370159,0.0150122,5.81818e+06,0,0,0.711538,465,4,0,HOLD
2025-08-12 20:00:00 UTC,1h,FHE-USDT,BTC-USDT,0.06371,119627.9,5.325680715e-07,,30,0.00934728,0.00663612,0.0184429,6.7015e+06,0,0,0.711538,465,4,0,HOLD
2025-08-12 20:00:00 UTC,1h,FIDA-USDT,BTC-USDT,0.1057,119627.9,8.835731464e-07,,30,0.0610319,0.0795629,0.0179078,904172,0,0,0.711538,465,4,0,HOLD
2025-08-12 20:00:00 UTC,1h,FIL-USDT,BTC-USDT,2.634,119627.9,2.2018275e-05,,30,0.0477327,0.0557114,0.0129624,1.01435e+07,0,0,0.711538,465,4,0,HOLD
2025-08-12 20:00:00 UTC,1h,FIO-USDT,BTC-USDT,0.02108,119627.9,1.76213074e-07,,30,0.023798,0.00909526,0.0186365,6.68153e+06,0,0,0.711538,465,4,0,HOLD
2025-08-12 20:00:00 UTC,1h,FIS-USDT,BTC-USDT,0.12266,119627.9,1.025346094e-06,,30,0.0286817,0.0495422,0.0162703,6.59787e+06,0,0,0.711538,465,4,0,HOLD
2025-08-12 20:00:00 UTC,1h,FLM-USDT,BTC-USDT,0.03057,119627.9,2.555423944e-07,,30,0.0299865,0.051238,0.0137156,737518,0,0,0.711538,465,4,0,HOLD
2025-08-12 20:00:00 UTC,1h,FLOCK-USDT,BTC-USDT,0.18842,119627.9,1.575050636e-06,,30,0.0171669,0.0730679,0.0332161,6.76595e+06,0,0,0.711538,465,4,0,HOLD
2025-08-12 20:00:00 UTC,1h,FLOKI-USDT,BTC-USDT,0.0001154,119627.9,9.646579101e-10,,30,0.0547482,0.0542664,0.0160312,6.52747e+06,0,0,0.711538,465,4,0,HOLD
2025-08-12 20:00:00 UTC,1h,FLOW-USDT,BTC-USDT,0.389,119627.9,3.251749801e-06,,30,0.0428954,0.0542005,0.0123026,2.41102e+06,0,0,0.711538,465,4,0,HOLD
2025-08-12 20:00:00 UTC,1h,FLUX-USDT,BTC-USDT,0.2302,119627.9,1.924300268e-06,,30,0.0421005,0.0444646,0.0165074,451209,0,0,0.711538,465,4,0,HOLD
2025-08-12 20:00:00 UTC,1h,FORM-USDT,BTC-USDT,3.7907,119627.9,3.168742409e-05,,30,0.00421214,-0.0145579,0.00748637,2.24058e+06,0,0,0.711538,465,4,0,HOLD
2025-08-12 20:00:00 UTC,1h,FORTH-USDT,BTC-USDT,2.8545,119627.9,2.386149051e-05,,30,0.013996,0.000420566,0.0197908,1.04739e+06,0,0,0.711538,465,4,0,HOLD
2025-08-12 20:00:00 UTC,1h,FRAG-USDT,BTC-USDT,0.04404,119627.9,3.681415456e-07,,30,0.0311402,0.0213358,0.0236473,6.51957e+06,0,0,0.711538,465,4,0,HOLD
2025-08-12 20:00:00 UTC,1h,FUEL-USDT,BTC-USDT,0.00742,119627.9,6.202566458e-08,,30,0.00134953,-0.045045,0.0154987,343407,0,0,0.711538,465,4,0,HOLD
2025-08-12 20:00:00 UTC,1h,FUNTOKEN-USDT,BTC-USDT,0.009295,119627.9,7.769926581e-08,,30,0.00999674,-0.0288371,0.0371705,8.97651e+06,0,0,0.711538,465,4,0,HOLD
2025-08-12 20:00:00 UTC,1h,FXS-USDT,BTC-USDT,3.1676,119627.9,2.647877293e-05,,30,0.0333736,0.0484576,0.0145919,2.19687e+06,0,0,0.711538,465,4,0,HOLD
2025-08-12 20:00:00 UTC,1h,G-USDT,BTC-USDT,0.01266,119627.9,1.058281555e-07,,30,0.0567613,0.0620805,0.0133153,6.48015e+06,0,0,0.711538,465,4,0,HOLD
2025-08-12 20:00:00 UTC,1h,GALA-USDT,BTC-USDT,0.01799,119627.9,1.503829792e-07,,30,0.0526624,0.0582353,0.0173509,9.62122e+06,0,0,0.711538,465,4,0,HOLD
2025-08-12 20:00:00 UTC,1h,GAS-USDT,BTC-USDT,3.357,119627.9,2.806201563e-05,,30,0.0303867,0.0322878,0.0109792,1.99525e+06,0,0,0.711538,465,4,0,HOLD
2025-08-12 20:00:00 UTC,1h,GHST-USDT,BTC-USDT,0.5092,119627.9,4.25653213e-06,,30,-0.0114541,0.0641588,0.0303277,7.22737e+06,0,0,0.711538,465,4,0,HOLD
2025-08-12 20:00:00 UTC,1h,GLM-USDT,BTC-USDT,0.26373,119627.9,2.204586054e-06,,30,0.0279066,0.0259472,0.0106034,531208,0,0,0.711538,465,4,0,HOLD
2025-08-12 20:00:00 UTC,1h,GMT-USDT,BTC-USDT,0.04797,119627.9,4.009934137e-07,,30,0.0505913,0.0563752,0.0131928,714280,0,0,0.711538,465,4,0,HOLD
2025-08-12 20:00:00 UTC,1h,GMX-USDT,BTC-USDT,17.024,119627.9,0.0001423079399,,30,0.0201954,0.0196454,0.017211,2.5223e+06,0,0,0.711538,465,4,0,HOLD
2025-08-12 20:00:00 UTC,1h,GOAT-USDT,BTC-USDT,0.1073,119627.9,8.969479528e-07,,30,0.0686187,0.106186,0.0181267,6.86446e+06,0,0,0.711538,465,4,0,HOLD
2025-08-12 20:00:00 UTC,1h,GOR-USDT,BTC-USDT,0.01846,119627.9,1.543118286e-07,,30,0.0330162,0.145161,0.0407058,6.64949e+06,0,0,0.711538,465,4,0,HOLD
2025-08-12 20:00:00 UTC,1h,GORK-USDT,BTC-USDT,0.00859,119627.9,7.180599175e-08,,30,0.04884,0.142287,0.0267753,6.62063e+06,0,0,0.711538,465,4,0,HOLD
2025-08-12 20:00:00 UTC,1h,GPS-USDT,BTC-USDT,0.01609,119627.9,1.345003966e-07,,30,0.0241884,-0.0134887,0.023262,6.6066e+06,0,0,0.711538,465,4,0,HOLD
2025-08-12 20:00:00 UTC,1h,GRASS-USDT,BTC-USDT,0.8091,119627.9,6.763472401e-06,,30,0.0509157,0.0460246,0.0260695,7.5319e+06,0,0,0.711538,465,4,0,HOLD
2025-08-12 20:00:00 UTC,1h,GRIFFAIN-USDT,BTC-USDT,0.04492,119627.9,3.754976891e-07,,30,0.0293309,0.0507602,0.0216257,7.12388e+06,0,0,0.711538,465,4,0,HOLD
2025-08-12 20:00:00 UTC,1h,GRT-USDT,BTC-USDT,0.10022,119627.9,8.377644346e-07,,30,0.0528417,0.0646978,0.0144468,2.93437e+06,0,0,0.711538,465,4,0,HOLD
2025-08-12 20:00:00 UTC,1h,GTC-USDT,BTC-USDT,0.313,119627.9,2.616446498e-06,,30,0.0433333,0.0574324,0.0164309,2.02264e+06,0,0,0.711538,465,4,0,HOLD
2025-08-12 20:00:00 UTC,1h,GUN-USDT,BTC-USDT,0.0314,119627.9,2.624805752e-07,,30,0.0414594,0.0345964,0.0176752,6.5768e+06,0,0,0.711538,465,4,0,HOLD
2025-08-12 20:00:00 UTC,1h,H-USDT,BTC-USDT,0.03784,119627.9,3.163141709e-07,,30,0.0188476,0.0246412,0.0120432,6.62131e+06,0,0,0.711538,465,4,0,HOLD
2025-08-12 20:00:00 UTC,1h,HAEDAL-USDT,BTC-USDT,0.144873,119627.9,1.211030203e-06,,30,0.036688,0.0425218,0.0163094,6.50806e+06,0,0,0.711538,465,4,0,HOLD
2025-08-12 20:00:00 UTC,1h,HBAR-USDT,BTC-USDT,0.26123,119627.9,2.183687919e-06,,30,0.040757,0.0502131,0.011558,1.37737e+07,0,0,0.711538,465,4,0,HOLD
2025-08-12 20:00:00 UTC,1h,HEI-USDT,BTC-USDT,0.5066,119627.9,4.23479807e-06,,30,0.00515873,0.0129974,0.0230105,832154,0,0,0.711538,465,4,0,HOLD
2025-08-12 20:00:00 UTC,1h,HFT-USDT,BTC-USDT,0.09959,119627.9,8.324981045e-07,,30,0.0319138,0.0275485,0.0254687,6.71141e+06,0,0,0.711538,465,4,0,HOLD
2025-08-12 20:00:00 UTC,1h,HIFI-USDT,BTC-USDT,0.10243,119627.9,8.562383859e-07,,30,0.16623,0.244442,0.0381864,4.47509e+06,0,0,0.711538,465,4,1,HOLD
2025-08-12 20:00:00 UTC,1h,HIGH-USDT,BTC-USDT,0.6083,119627.9,5.0849342e-06,,30,0.0477093,0.0555266,0.0151711,5.65792e+06,0,0,0.711538,465,4,0,HOLD
2025-08-12 20:00:00 UTC,1h,HIPPO-USDT,BTC-USDT,0.002405,119627.9,2.010400584e-08,,30,0.0160541,0.0194998,0.0287496,1.97662e+06,0,0,0.711538,465,4,0,HOLD
2025-08-12 20:00:00 UTC,1h,HIVE-USDT,BTC-USDT,0.22723,119627.9,1.899473283e-06,,30,0.0320661,0.0364441,0.00992387,424003,0,0,0.711538,465,4,0,HOLD
2025-08-12 20:00:00 UTC,1h,HMSTR-USDT,BTC-USDT,0.0007833,119627.9,6.547803648e-09,,30,0.0453757,0.0483137,0.0158396,547646,0,0,0.711538,465,4,0,HOLD
2025-08-12 20:00:00 UTC,1h,HOME-USDT,BTC-USDT,0.043664,119627.9,3.649984661e-07,,30,0.0714829,0.111835,0.0196893,6.77671e+06,0,0,0.711538,465,4,0,HOLD
2025-08-12 20:00:00 UTC,1h,HOODX-USDT,BTC-USDT,114.16,119627.9,0.0009542924351,,30,-0.00296943,0.0036044,0.0101299,6.47578e+06,0,0,0.711538,465,4,0,HOLD
2025-08-12 20:00:00 UTC,1h,HOOK-USDT,BTC-USDT,0.115,119627.9,9.613142085e-07,,30,0.05215,0.0560147,0.0243478,5.70569e+06,0,0,0.711538,465,4,0,HOLD
2025-08-12 20:00:00 UTC,1h,HOT-USDT,BTC-USDT,0.001034,119627.9,8.643468622e-09,,30,0.0360721,0.0402414,0.0148522,1.96768e+06,0,0,0.711538,465,4,0,HOLD
2025-08-12 20:00:00 UTC,1h,HOUSE-USDT,BTC-USDT,0.02327,119627.9,1.945198403e-07,,30,0.0909517,0.0698851,0.0382774,7.23868e+06,0,0,0.711538,465,4,0,HOLD
2025-08-12 20:00:00 UTC,1h,HUMA-USDT,BTC-USDT,0.039017,119627.9,3.261530128e-07,,30,0.138883,0.1575,0.0258001,7.35843e+06,0,0,0.711538,465,4,0,HOLD
2025-08-12 20:00:00 UTC,1h,HYPE-USDT,BTC-USDT,44.317,119627.9,0.0003704570589,,30,0.025192,0.0225899,0.0180211,2.4119e+07,0,0,0.711538,465,4,0,HOLD
2025-08-12 20:00:00 UTC,1h,HYPERLANE-USDT,BTC-USDT,0.3885,119627.9,3.247570174e-06,,30,0.0354478,0.0194175,0.0184777,7.15066e+06,0,0,0.711538,465,4,0,HOLD
2025-08-12 20:00:00 UTC,1h,ICNT-USDT,BTC-USDT,0.3553,119627.9,2.970042941e-06,,30,-0.0136036,-0.107735,0.0707651,1.71597e+07,0,0,0.711538,465,4,0,HOLD
2025-08-12 20:00:00 UTC,1h,ICP-USDT,BTC-USDT,5.697,119627.9,4.762266996e-05,,30,0.0495578,0.0493645,0.0136413,5.10292e+06,0,0,0.711538,465,4,0,HOLD
2025-08-12 20:00:00 UTC,1h,ICX-USDT,BTC-USDT,0.1379,119627.9,1.152741125e-06,,30,0.044697,0.0486692,0.012276,306207,0,0,0.711538,465,4,0,HOLD
2025-08-12 20:00:00 UTC,1h,ID-USDT,BTC-USDT,0.17805,119627.9,1.488365172e-06,,30,0.0218077,0.0473529,0.0229992,2.62809e+06,0,0,0.711538,465,4,0,HOLD
2025-08-12 20:00:00 UTC,1h,IDOL-USDT,BTC-USDT,0.01667,119627.9,1.39348764e-07,,30,-0.0251462,-0.00536993,0.0469192,7.57925e+06,0,0,0.711538,465,4,0,HOLD
2025-08-12 20:00:00 UTC,1h,ILV-USDT,BTC-USDT,17.715,119627.9,0.0001480841844,,30,0.0225108,0.0198031,0.0176565,6.78457e+06,0,0,0.711538,465,4,0,HOLD
2025-08-12 20:00:00 UTC,1h,IMX-USDT,BTC-USDT,0.5879,119627.9,4.914405419e-06,,30,0.0226126,0.0233246,0.019063,5.93737e+06,0,0,0.711538,465,4,0,HOLD
2025-08-12 20:00:00 UTC,1h,IN-USDT,BTC-USDT,0.10549,119627.9,8.818177031e-07,,30,0.125227,0.145261,0.0614683,1.06122e+07,0,0,0.711538,465,4,0,HOLD
2025-08-12 20:00:00 UTC,1h,INIT-USDT,BTC-USDT,0.4586,119627.9,3.833553878e-06,,30,0.0261804,0.0670079,0.0246714,6.97263e+06,0,0,0.711538,465,4,0,HOLD
2025-08-12 20:00:00 UTC,1h,INJ-USDT,BTC-USDT,14.742,119627.9,0.0001232321223,,30,0.0555635,0.0686481,0.0161734,3.1987e+07,0,0,0.711538,465,4,0,HOLD
2025-08-12 20:00:00 UTC,1h,IO-USDT,BTC-USDT,0.6931,119627.9,5.793798938e-06,,30,0.124615,0.146947,0.0223118,1.00343e+07,0,0,0.711538,465,4,0,HOLD
2025-08-12 20:00:00 UTC,1h,IOST-USDT,BTC-USDT,0.003832,119627.9,3.203266128e-08,,30,0.0410215,0.0444263,0.0118178,1.98699e+06,0,0,0.711538,465,4,0,HOLD
2025-08-12 20:00:00 UTC,1h,IOTA-USDT,BTC-USDT,0.2119,119627.9,1.77132592e-06,,30,0.0438424,0.0521351,0.0138542,2.37413e+06,0,0,0.711538,465,4,0,HOLD
2025-08-12 20:00:00 UTC,1h,IP-USDT,BTC-USDT,5.82827,119627.9,4.871998923e-05,,30,0.0100113,0.0299317,0.020901,1.12236e+07,0,0,0.711538,465,4,0,HOLD
2025-08-12 20:00:00 UTC,1h,JASMY-USDT,BTC-USDT,0.018879,119627.9,1.57814356e-07,,30,0.108053,0.123549,0.0258867,5.73128e+06,0,0,0.711538,465,4,1,HOLD
2025-08-12 20:00:00 UTC,1h,JOE-USDT,BTC-USDT,0.16563,119627.9,1.384543238e-06,,30,0.0422225,0.045314,0.0142573,1.98531e+06,0,0,0.711538,465,4,0,HOLD
2025-08-12 20:00:00 UTC,1h,JST-USDT,BTC-USDT,0.033999,119627.9,2.842062763e-07,,30,0.0157445,0.0104015,0.00591614,1.95552e+06,0,0,0.711538,465,4,0,HOLD
2025-08-12 20:00:00 UTC,1h,JTO-USDT,BTC-USDT,1.9241,119627.9,1.60840406e-05,,30,0.0735368,0.0782292,0.0154692,5.31109e+06,0,0,0.711538,465,4,0,HOLD
2025-08-12 20:00:00 UTC,1h,JUP-USDT,BTC-USDT,0.5336,119627.9,4.460497927e-06,,30,0.0606241,0.0663469,0.0162776,1.22692e+07,0,0,0.711538,465,4,0,HOLD
2025-08-12 20:00:00 UTC,1h,KAIA-USDT,BTC-USDT,0.1507,119627.9,1.259739576e-06,,30,0.0293716,0.0328992,0.0114229,6.73862e+06,0,0,0.711538,465,4,0,HOLD
2025-08-12 20:00:00 UTC,1h,KAITO-USDT,BTC-USDT,1.2128,119627.9,1.013810324e-05,,30,0.0568142,0.0709996,0.0181398,7.07609e+06,0,0,0.711538,465,4,0,HOLD
2025-08-12 20:00:00 UTC,1h,KAS-USDT,BTC-USDT,0.09373,119627.9,7.835128762e-07,,30,0.0536196,0.0499608,0.0156071,7.84345e+06,0,0,0.711538,465,4,0,HOLD
2025-08-12 20:00:00 UTC,1h,KAVA-USDT,BTC-USDT,0.3879,119627.9,3.242554621e-06,,30,0.0205209,0.0253767,0.00605826,2.21302e+06,0,0,0.711538,465,4,0,HOLD
2025-08-12 20:00:00 UTC,1h,KDA-USDT,BTC-USDT,0.4325,119627.9,3.615377349e-06,,30,0.0409146,0.0489935,0.0168126,2.10091e+06,0,0,0.711538,465,4,0,HOLD
2025-08-12 20:00:00 UTC,1h,KERNEL-USDT,BTC-USDT,0.2033,119627.9,1.699436336e-06,,30,0.0236657,0.0262494,0.0171808,6.81388e+06,0,0,0.711538,465,4,0,HOLD
2025-08-12 20:00:00 UTC,1h,KMNO-USDT,BTC-USDT,0.05608,119627.9,4.687869636e-07,,30,0.0613172,0.0770117,0.0151442,447131,0,0,0.711538,465,4,0,HOLD
2025-08-12 20:00:00 UTC,1h,KNC-USDT,BTC-USDT,0.4252,119627.9,3.554354795e-06,,30,0.012381,0.0184431,0.0129855,2.21827e+06,0,0,0.711538,465,4,0,HOLD
2025-08-12 20:00:00 UTC,1h,KOMA-USDT,BTC-USDT,0.0242,119627.9,2.022939465e-07,,30,0.0108605,0.0134003,0.0111865,1.96116e+06,0,0,0.711538,465,4,0,HOLD
2025-08-12 20:00:00 UTC,1h,KSM-USDT,BTC-USDT,15.809,119627.9,0.0001321514463,,30,0.0457071,0.0530909,0.0139794,3.12713e+06,0,0,0.711538,465,4,0,HOLD
2025-08-12 20:00:00 UTC,1h,LA-USDT,BTC-USDT,0.4034,119627.9,3.372123058e-06,,30,-0.00933202,0.113135,0.0443905,1.23233e+07,0,0,0.711538,465,4,0,HOLD
2025-08-12 20:00:00 UTC,1h,LAUNCHCOIN-USDT,BTC-USDT,0.07329,119627.9,6.126497247e-07,,30,0.0694586,0.084653,0.0230591,6.77475e+06,0,0,0.711538,465,4,0,HOLD
2025-08-12 20:00:00 UTC,1h,LAYER-USDT,BTC-USDT,0.6394,119627.9,5.344906999e-06,,30,0.0428968,0.0435776,0.0108472,6.61612e+06,0,0,0.711538,465,4,0,HOLD
2025-08-12 20:00:00 UTC,1h,LDO-USDT,BTC-USDT,1.561,119627.9,1.304879547e-05,,30,0.0341173,0.0377609,0.0312346,3.45955e+07,0,0,0.711538,465,4,0,HOLD
2025-08-12 20:00:00 UTC,1h,LINK-USDT,BTC-USDT,23.414,119627.9,0.0001957235728,,30,0.0344157,0.0903926,0.021974,8.43478e+07,0,0,0.711538,465,4,0,HOLD
2025-08-12 20:00:00 UTC,1h,LISTA-USDT,BTC-USDT,0.3115,119627.9,2.603907617e-06,,30,0.0239974,0.0512994,0.0203623,4.69391e+06,0,0,0.711538,465,4,0,HOLD
2025-08-12 20:00:00 UTC,1h,LPT-USDT,BTC-USDT,6.896,119627.9,5.764541549e-05,,30,0.058318,0.0668317,0.0155784,2.3433e+06,0,0,0.711538,465,4,0,HOLD
2025-08-12 20:00:00 UTC,1h,LQTY-USDT,BTC-USDT,1.0445,119627.9,8.731240789e-06,,30,0.0286587,0.0361075,0.01724,997904,0,0,0.711538,465,4,0,HOLD
2025-08-12 20:00:00 UTC,1h,LRC-USDT,BTC-USDT,0.09225,119627.9,7.711411803e-07,,30,0.0643821,0.0799579,0.015664,507087,0,0,0.711538,465,4,0,HOLD
2025-08-12 20:00:00 UTC,1h,LTC-USDT,BTC-USDT,128.79,119627.9,0.001076588321,,30,0.0646441,0.0799094,0.0125842,4.45964e+07,0,0,0.711538,465,4,0,HOLD
2025-08-12 20:00:00 UTC,1h,LUMIA-USDT,BTC-USDT,0.3589,119627.9,3.000136256e-06,,30,0.0590145,0.0787496,0.0218923,729967,0,0,0.711538,465,4,0,HOLD
2025-08-12 20:00:00 UTC,1h,LUNA-USDT,BTC-USDT,0.1667,119627.9,1.39348764e-06,,30,0.0341191,0.0438322,0.0149113,2.07563e+06,0,0,0.711538,465,4,0,HOLD
2025-08-12 20:00:00 UTC,1h,LUNC-USDT,BTC-USDT,6.273e-05,119627.9,5.243760026e-10,,30,0.023829,0.0314041,0.0111703,1.17197e+06,0,0,0.711538,465,4,0,HOLD
2025-08-12 20:00:00 UTC,1h,M-USDT,BTC-USDT,0.4267,119627.9,3.566893676e-06,,30,-0.043488,-0.0553465,0.0221802,7.8221e+06,0,0,0.711538,465,4,0,HOLD
2025-08-12 20:00:00 UTC,1h,MAGIC-USDT,BTC-USDT,0.2724,119627.9,2.277060786e-06,,30,0.0225225,-0.022605,0.0306272,1.21921e+07,0,0,0.711538,465,4,0,HOLD
2025-08-12 20:00:00 UTC,1h,MANA-USDT,BTC-USDT,0.3098,119627.9,2.589696885e-06,,30,0.0491026,0.0519525,0.0140874,2.42285e+06,0,0,0.711538,465,4,0,HOLD
2025-08-12 20:00:00 UTC,1h,MANTA-USDT,BTC-USDT,0.2383,119627.9,1.992010225e-06,,30,0.0474725,0.059582,0.0196631,1.06556e+06,0,0,0.711538,465,4,0,HOLD
2025-08-12 20:00:00 UTC,1h,MASK-USDT,BTC-USDT,1.3631,119627.9,1.139449911e-05,,30,0.0525056,0.0568305,0.0142218,2.3274e+06,0,0,0.711538,465,4,0,HOLD
2025-08-12 20:00:00 UTC,1h,MAV-USDT,BTC-USDT,0.0608,119627.9,5.082426424e-07,,30,-0.00490998,0.0984643,0.0456414,4.63683e+06,0,0,0.711538,465,4,0,HOLD
2025-08-12 20:00:00 UTC,1h,MAVIA-USDT,BTC-USDT,0.1976,119627.9,1.651788588e-06,,30,0.0383605,0.0756668,0.0301836,7.88169e+06,0,0,0.711538,465,4,0,HOLD
2025-08-12 20:00:00 UTC,1h,MBOX-USDT,BTC-USDT,0.06165,119627.9,5.153480083e-07,,30,0.05547,0.0751657,0.0194879,804832,0,0,0.711538,465,4,0,HOLD
2025-08-12 20:00:00 UTC,1h,ME-USDT,BTC-USDT,0.7497,119627.9,6.266932714e-06,,30,0.0303738,0.034069,0.0120143,853740,0,0,0.711538,465,4,0,HOLD
2025-08-12 20:00:00 UTC,1h,MELANIA-USDT,BTC-USDT,0.2284,119627.9,1.909253611e-06,,30,0.0496324,0.0554529,0.0156993,799442,0,0,0.711538,465,4,0,HOLD
2025-08-12 20:00:00 UTC,1h,MEME-USDT,BTC-USDT,0.001811,119627.9,1.513860897e-08,,30,0.0396096,0.0474263,0.0170387,2.30674e+06,0,0,0.711538,465,4,0,HOLD
2025-08-12 20:00:00 UTC,1h,MERL-USDT,BTC-USDT,0.11678,119627.9,9.761936806e-07,,30,0.0336343,0.0351919,0.012863,6.50604e+06,0,0,0.711538,465,4,0,HOLD
2025-08-12 20:00:00 UTC,1h,METAX-USDT,BTC-USDT,790.42,119627.9,0.006607321536,,30,0.0114916,0.0298229,0.0083274,6.49475e+06,0,0,0.711538,465,4,0,HOLD
2025-08-12 20:00:00 UTC,1h,METIS-USDT,BTC-USDT,18.44,119627.9,0.0001541446435,,30,0.0244444,0.0365374,0.0202975,2.17224e+06,0,0,0.711538,465,4,0,HOLD
2025-08-12 20:00:00 UTC,1h,MEW-USDT,BTC-USDT,0.003354,119627.9,2.803693787e-08,,30,0.0684932,0.0861399,0.0179104,3.70237e+06,0,0,0.711538,465,4,0,HOLD
2025-08-12 20:00:00 UTC,1h,MILK-USDT,BTC-USDT,0.05301,119627.9,4.431240538e-07,,30,0.0227667,0.0291206,0.0142965,6.53365e+06,0,0,0.711538,465,4,0,HOLD
2025-08-12 20:00:00 UTC,1h,MINA-USDT,BTC-USDT,0.2005,119627.9,1.676030424e-06,,30,0.0497382,0.056932,0.0150695,2.15902e+06,0,0,0.711538,465,4,0,HOLD
2025-08-12 20:00:00 UTC,1h,MKR-USDT,BTC-USDT,2024.5,119627.9,0.0169233097,,30,0.0254267,-0.0019719,0.0136189,7.54248e+06,0,0,0.711538,465,4,0,HOLD
2025-08-12 20:00:00 UTC,1h,MLN-USDT,BTC-USDT,9.495,119627.9,7.93711166e-05,,30,0.131704,0.148126,0.02809,7.12989e+06,0,0,0.711538,465,4,0,HOLD
2025-08-12 20:00:00 UTC,1h,MNT-USDT,BTC-USDT,1.03884,119627.9,8.683927412e-06,,30,0.020983,0.0116863,0.0181507,7.43798e+06,0,0,0.711538,465,4,0,HOLD
2025-08-12 20:00:00 UTC,1h,MOODENG-USDT,BTC-USDT,0.17941,119627.9,1.499733758e-06,,30,0.0267254,0.0149347,0.0194487,1.06896e+07,0,0,0.711538,465,4,0,HOLD
2025-08-12 20:00:00 UTC,1h,MORPHO-USDT,BTC-USDT,2.1775,119627.9,1.820227556e-05,,30,0.0356718,0.0477817,0.0171757,746714,0,0,0.711538,465,4,0,HOLD
2025-08-12 20:00:00 UTC,1h,MOVE-USDT,BTC-USDT,0.1431,119627.9,1.196209246e-06,,30,0.0309798,0.0399709,0.0130778,7.10529e+06,0,0,0.711538,465,4,0,HOLD
2025-08-12 20:00:00 UTC,1h,MOVR-USDT,BTC-USDT,6.705,119627.9,5.604879798e-05,,30,0.0136054,0.00827068,0.0153723,2.03191e+06,0,0,0.711538,465,4,0,HOLD
2025-08-12 20:00:00 UTC,1h,MTL-USDT,BTC-USDT,0.7738,119627.9,6.468390735e-06,,30,0.0392157,0.0428571,0.0113724,560338,0,0,0.711538,465,4,0,HOLD
2025-08-12 20:00:00 UTC,1h,MUBARAK-USDT,BTC-USDT,0.038,119627.9,3.176516515e-07,,30,0.0212309,0.0656197,0.0188158,2.50217e+06,0,0,0.711538,465,4,0,HOLD
2025-08-12 20:00:00 UTC,1h,MYRO-USDT,BTC-USDT,0.0278,119627.9,2.323872608e-07,,30,0.0766847,0.12142,0.0387205,4.59114e+06,0,0,0.711538,465,4,0,HOLD
2025-08-12 20:00:00 UTC,1h,MYX-USDT,BTC-USDT,1.7022,119627.9,1.422912214e-05,,30,0.00027619,0.0472886,0.0237071,1.40131e+07,0,0,0.711538,465,4,0,HOLD
2025-08-12 20:00:00 UTC,1h,NAORIS-USDT,BTC-USDT,0.03201,119627.9,2.675797201e-07,,30,0.0495082,0.0481336,0.0283394,6.83101e+06,0,0,0.711538,465,4,0,HOLD
2025-08-12 20:00:00 UTC,1h,NEAR-USDT,BTC-USDT,2.7935,119627.9,2.335157601e-05,,30,0.0584647,0.0617232,0.0151065,1.33656e+07,0,0,0.711538,465,4,0,HOLD
2025-08-12 20:00:00 UTC,1h,NEIROCTO-USDT,BTC-USDT,0.0004326,119627.9,3.616213275e-09,,30,0.0692042,0.0852985,0.0195496,7.2827e+06,0,0,0.711538,465,4,0,HOLD
2025-08-12 20:00:00 UTC,1h,NEIROETH-USDT,BTC-USDT,0.12196,119627.9,1.019494616e-06,,30,-0.00732541,-0.0326009,0.0225367,1.38406e+06,0,0,0.711538,465,4,0,HOLD
2025-08-12 20:00:00 UTC,1h,NEO-USDT,BTC-USDT,6.587,119627.9,5.506240601e-05,,30,0.0442295,0.0520684,0.0140211,2.95229e+06,0,0,0.711538,465,4,0,HOLD
2025-08-12 20:00:00 UTC,1h,NEWT-USDT,BTC-USDT,0.3527,119627.9,2.948308881e-06,,30,0.0468982,0.0431825,0.0147232,6.70977e+06,0,0,0.711538,465,4,0,HOLD
2025-08-12 20:00:00 UTC,1h,NFP-USDT,BTC-USDT,0.0744,119627.9,6.219284966e-07,,30,0.0498095,0.0475922,0.018462,570777,0,0,0.711538,465,4,0,HOLD
2025-08-12 20:00:00 UTC,1h,NIL-USDT,BTC-USDT,0.3168,119627.9,2.648211663e-06,,30,0.0383481,0.0424482,0.0176317,6.53852e+06,0,0,0.711538,465,4,0,HOLD
2025-08-12 20:00:00 UTC,1h,NMR-USDT,BTC-USDT,9.125,119627.9,7.627819263e-05,,30,0.0417856,0.0568682,0.0138552,4.43994e+06,0,0,0.711538,465,4,0,HOLD
2025-08-12 20:00:00 UTC,1h,NOT-USDT,BTC-USDT,0.002188,119627.9,1.829004772e-08,,30,0.00969082,0.00459137,0.0175307,5.52448e+06,0,0,0.711538,465,4,0,HOLD
2025-08-12 20:00:00 UTC,1h,NTRN-USDT,BTC-USDT,0.09905,119627.9,8.279841074e-07,,30,0.0986025,0.121998,0.024872,2.24535e+06,0,0,0.711538,465,4,0,HOLD
2025-08-12 20:00:00 UTC,1h,NVDAX-USDT,BTC-USDT,182.77,119627.9,0.001527820851,,30,0.00961167,0.00599956,0.00578791,6.48646e+06,0,0,0.711538,465,4,0,HOLD
2025-08-12 20:00:00 UTC,1h,NXPC-USDT,BTC-USDT,0.93471,119627.9,7.813478294e-06,,30,0.039826,0.039144,0.00991904,6.61393e+06,0,0,0.711538,465,4,0,HOLD
2025-08-12 20:00:00 UTC,1h,OBOL-USDT,BTC-USDT,0.13459,119627.9,1.125071994e-06,,30,0.0265426,0.029684,0.0189358,6.59053e+06,0,0,0.711538,465,4,0,HOLD
2025-08-12 20:00:00 UTC,1h,OG-USDT,BTC-USDT,13.2205,119627.9,0.0001105135173,,30,-0.000498976,0.0166331,0.0352191,9.00079e+06,0,0,0.711538,465,4,0,HOLD
2025-08-12 20:00:00 UTC,1h,OL-USDT,BTC-USDT,0.04075,119627.9,3.406396e-07,,30,0.00295348,0.00468442,0.0263453,1.70213e+06,0,0,0.711538,465,4,0,HOLD
2025-08-12 20:00:00 UTC,1h,OM-USDT,BTC-USDT,0.27958,119627.9,2.33708023e-06,,30,0.044222,0.0584939,0.0153572,8.83208e+06,0,0,0.711538,465,4,0,HOLD
2025-08-12 20:00:00 UTC,1h,OMNINETWORK-USDT,BTC-USDT,4.427,119627.9,3.70064174e-05,,30,0.0341042,0.0273845,0.0158927,1.47122e+06,0,0,0.711538,465,4,0,HOLD
2025-08-12 20:00:00 UTC,1h,ONDO-USDT,BTC-USDT,1.053,119627.9,8.802294448e-06,,30,0.043194,0.059143,0.016531,2.08931e+07,0,0,0.711538,465,4,0,HOLD
2025-08-12 20:00:00 UTC,1h,ONE-USDT,BTC-USDT,0.01135,119627.9,9.487753275e-08,,30,0.0499537,0.0548327,0.0167401,2.13076e+06,0,0,0.711538,465,4,0,HOLD
2025-08-12 20:00:00 UTC,1h,ONG-USDT,BTC-USDT,0.17997,119627.9,1.50441494e-06,,30,0.030107,0.0347861,0.0104938,275012,0,0,0.711538,465,4,0,HOLD
2025-08-12 20:00:00 UTC,1h,ONT-USDT,BTC-USDT,0.1448,119627.9,1.210419977e-06,,30,0.0477569,0.0523256,0.0135162,1.95476e+06,0,0,0.711538,465,4,0,HOLD
2025-08-12 20:00:00 UTC,1h,OP-USDT,BTC-USDT,0.7882,119627.9,6.588763992e-06,,30,0.0337049,0.0368324,0.0165476,1.52977e+07,0,0,0.711538,465,4,0,HOLD
2025-08-12 20:00:00 UTC,1h,ORCA-USDT,BTC-USDT,2.62,119627.9,2.190124545e-05,,30,0.0405083,0.0123648,0.019193,7.46425e+06,0,0,0.711538,465,4,0,HOLD
2025-08-12 20:00:00 UTC,1h,ORDER-USDT,BTC-USDT,0.1242,119627.9,1.038219345e-06,,30,0.0358632,0.0507614,0.0190936,450837,0,0,0.711538,465,4,0,HOLD
2025-08-12 20:00:00 UTC,1h,ORDI-USDT,BTC-USDT,10.279,119627.9,8.592477173e-05,,30,0.0574015,0.064299,0.0185746,7.19738e+06,0,0,0.711538,465,4,0,HOLD
2025-08-12 20:00:00 UTC,1h,OXT-USDT,BTC-USDT,0.05738,119627.9,4.796539938e-07,,30,0.0541981,0.0455539,0.0112284,1.97002e+06,0,0,0.711538,465,4,0,HOLD
2025-08-12 20:00:00 UTC,1h,PARTI-USDT,BTC-USDT,0.1968,119627.9,1.645101185e-06,,30,0.0456961,0.0620615,0.020797,6.69941e+06,0,0,0.711538,465,4,0,HOLD
2025-08-12 20:00:00 UTC,1h,PAXG-USDT,BTC-USDT,3342.82,119627.9,0.02794348141,,30,-4.18791e-05,-0.00272081,0.00255879,7.21301e+06,0,0,0.711538,465,4,0,HOLD
2025-08-12 20:00:00 UTC,1h,PENDLE-USDT,BTC-USDT,5.594,119627.9,4.67616668e-05,,30,0.0242045,0.0245421,0.0199857,1.44661e+07,0,0,0.711538,465,4,0,HOLD
2025-08-12 20:00:00 UTC,1h,PENGU-USDT,BTC-USDT,0.037412,119627.9,3.127364102e-07,,30,0.0417978,0.0514305,0.0202361,2.94411e+07,0,0,0.711538,465,4,0,HOLD
2025-08-12 20:00:00 UTC,1h,PEOPLE-USDT,BTC-USDT,0.02064,119627.9,1.725350023e-07,,30,0.057377,0.0828961,0.0190338,6.03819e+06,0,0,0.711538,465,4,0,HOLD
2025-08-12 20:00:00 UTC,1h,PERP-USDT,BTC-USDT,0.2962,119627.9,2.476011031e-06,,30,0.0511001,0.0552191,0.0156024,2.07297e+06,0,0,0.711538,465,4,0,HOLD
2025-08-12 20:00:00 UTC,1h,PHA-USDT,BTC-USDT,0.11173,119627.9,9.339794479e-07,,30,0.0400261,0.0505877,0.0142627,431770,0,0,0.711538,465,4,0,HOLD
2025-08-12 20:00:00 UTC,1h,PHB-USDT,BTC-USDT,0.6088,119627.9,5.089113827e-06,,30,0.0378452,0.0426443,0.0176225,2.09951e+06,0,0,0.711538,465,4,0,HOLD
2025-08-12 20:00:00 UTC,1h,PI-USDT,BTC-USDT,0.3898,119627.9,3.258437204e-06,,30,0.0201518,0.0143117,0.012369,9.1088e+06,0,0,0.711538,465,4,0,HOLD
2025-08-12 20:00:00 UTC,1h,PIXEL-USDT,BTC-USDT,0.03669,119627.9,3.067010288e-07,,30,0.0503865,0.0561313,0.0189814,438483,0,0,0.711538,465,4,0,HOLD
2025-08-12 20:00:00 UTC,1h,PLAYSOUT-USDT,BTC-USDT,0.04617,119627.9,3.859467566e-07,,30,-0.0564071,-0.0395257,0.0438287,6.95571e+06,0,0,0.711538,465,4,0,HOLD
2025-08-12 20:00:00 UTC,1h,PLUME-USDT,BTC-USDT,0.09931,119627.9,8.301575134e-07,,30,0.0511219,0.0773487,0.0186645,6.70972e+06,0,0,0.711538,465,4,0,HOLD
2025-08-12 20:00:00 UTC,1h,PNUT-USDT,BTC-USDT,0.2557,119627.9,2.137461244e-06,,30,0.0537812,0.0713089,0.0170093,8.59762e+06,0,0,0.711538,465,4,0,HOLD
2025-08-12 20:00:00 UTC,1h,POL-USDT,BTC-USDT,0.24821,119627.9,2.074850432e-06,,30,0.0404947,0.0439958,0.0135974,7.92149e+06,0,0,0.711538,465,4,0,HOLD
2025-08-12 20:00:00 UTC,1h,POLYX-USDT,BTC-USDT,0.14681,119627.9,1.227222078e-06,,30,0.0370135,0.0414273,0.010733,1.98621e+06,0,0,0.711538,465,4,0,HOLD
2025-08-12 20:00:00 UTC,1h,PONKE-USDT,BTC-USDT,0.12386,119627.9,1.035377199e-06,,30,0.0870634,0.0965914,0.0211183,6.60211e+06,0,0,0.711538,465,4,0,HOLD
2025-08-12 20:00:00 UTC,1h,POPCAT-USDT,BTC-USDT,0.3335,119627.9,2.787811205e-06,,30,0.0702824,0.0866732,0.0201542,9.71461e+06,0,0,0.711538,465,4,0,HOLD
2025-08-12 20:00:00 UTC,1h,PORT3-USDT,BTC-USDT,0.04553,119627.9,3.80596834e-07,,30,0.021081,0.00685537,0.0320981,1.02723e+07,0,0,0.711538,465,4,0,HOLD
2025-08-12 20:00:00 UTC,1h,PORTAL-USDT,BTC-USDT,0.0511,119627.9,4.271578787e-07,,30,0.0323232,0.028169,0.0205759,789408,0,0,0.711538,465,4,0,HOLD
2025-08-12 20:00:00 UTC,1h,POWR-USDT,BTC-USDT,0.179,119627.9,1.496306464e-06,,30,0.039489,0.0443407,0.0115722,1.97137e+06,0,0,0.711538,465,4,0,HOLD
2025-08-12 20:00:00 UTC,1h,PRCL-USDT,BTC-USDT,0.0918,119627.9,7.67379516e-07,,30,0.0314607,0.0576037,0.0187519,6.52201e+06,0,0,0.711538,465,4,0,HOLD
2025-08-12 20:00:00 UTC,1h,PROM-USDT,BTC-USDT,9.835,119627.9,8.221326296e-05,,30,-0.015417,-0.0191483,0.0297044,6.14019e+06,0,0,0.711538,465,4,0,HOLD
2025-08-12 20:00:00 UTC,1h,PROMPT-USDT,BTC-USDT,0.12682,119627.9,1.060120591e-06,,30,0.0303867,0.0331568,0.0165927,6.58606e+06,0,0,0.711538,465,4,0,HOLD
2025-08-12 20:00:00 UTC,1h,PROVE-USDT,BTC-USDT,1.42,119627.9,1.187014066e-05,,30,-0.035195,-0.111834,0.0379829,4.34843e+07,0,0,0.711538,465,4,0,HOLD
2025-08-12 20:00:00 UTC,1h,PUFFER-USDT,BTC-USDT,0.2348,119627.9,1.962752836e-06,,30,0.0361871,0.0765704,0.0229679,666190,0,0,0.711538,465,4,0,HOLD
2025-08-12 20:00:00 UTC,1h,PUMP-USDT,BTC-USDT,0.004001,119627.9,3.34453752e-08,,30,0.0952642,0.127042,0.028957,5.00841e+07,0,0,0.711538,465,4,0,HOLD
2025-08-12 20:00:00 UTC,1h,PUMPBTC-USDT,BTC-USDT,0.0426,119627.9,3.561042198e-07,,30,0.0364964,0.024531,0.0193494,3.3268e+06,0,0,0.711538,465,4,0,HOLD
2025-08-12 20:00:00 UTC,1h,PUNDIX-USDT,BTC-USDT,0.3214,119627.9,2.686664231e-06,,30,0.0351047,0.0357718,0.0123122,6.48543e+06,0,0,0.711538,465,4,0,HOLD
2025-08-12 20:00:00 UTC,1h,PYTH-USDT,BTC-USDT,0.12964,119627.9,1.083693687e-06,,30,0.0552707,0.0647175,0.0165073,2.4566e+06,0,0,0.711538,465,4,0,HOLD
2025-08-12 20:00:00 UTC,1h,QNT-USDT,BTC-USDT,114.1,119627.9,0.0009537908799,,30,0.0182954,0.0296905,0.0100538,2.48469e+06,0,0,0.711538,465,4,0,HOLD
2025-08-12 20:00:00 UTC,1h,QUICK-USDT,BTC-USDT,0.02462,119627.9,2.058048332e-07,,30,0.0375053,0.0467687,0.0152605,1.95978e+06,0,0,0.711538,465,4,0,HOLD
2025-08-12 20:00:00 UTC,1h,RARE-USDT,BTC-USDT,0.06041,119627.9,5.049825333e-07,,30,0.0188902,0.0294819,0.0129354,9.68452e+06,0,0,0.711538,465,4,0,HOLD
2025-08-12 20:00:00 UTC,1h,RATS-USDT,BTC-USDT,1.738e-05,119627.9,1.452838343e-10,,30,0.0438438,0.0616982,0.016316,2.84704e+06,0,0,0.711538,465,4,0,HOLD
2025-08-12 20:00:00 UTC,1h,RAY-USDT,BTC-USDT,3.2877,119627.9,2.748271933e-05,,30,0.0518957,0.0655323,0.0184758,2.07304e+06,0,0,0.711538,465,4,0,HOLD
2025-08-12 20:00:00 UTC,1h,RDO-USDT,BTC-USDT,0.000895,119627.9,7.481532318e-09,,30,0.141582,0.198126,0.0446129,1.355e+06,0,0,0.711538,465,4,0,HOLD
2025-08-12 20:00:00 UTC,1h,REDSTONE-USDT,BTC-USDT,0.4165,119627.9,3.481629285e-06,,30,-0.00430313,0.00798645,0.0184531,6.54306e+06,0,0,0.711538,465,4,0,HOLD
2025-08-12 20:00:00 UTC,1h,RENDER-USDT,BTC-USDT,4.065,119627.9,3.398036746e-05,,30,0.0635793,0.0756814,0.0157442,6.05562e+06,0,0,0.711538,465,4,0,HOLD
2025-08-12 20:00:00 UTC,1h,RESOLV-USDT,BTC-USDT,0.18988,119627.9,1.587255147e-06,,30,0.0333043,0.0358409,0.0204641,7.51345e+06,0,0,0.711538,465,4,0,HOLD
2025-08-12 20:00:00 UTC,1h,REX-USDT,BTC-USDT,0.02008,119627.9,1.678538201e-07,,30,-0.000995025,-0.0415274,0.0314456,6.91942e+06,0,0,0.711538,465,4,0,HOLD
2025-08-12 20:00:00 UTC,1h,REZ-USDT,BTC-USDT,0.01499,119627.9,1.253052173e-07,,30,0.0197279,0.0563777,0.0254455,6.84312e+06,0,0,0.711538,465,4,0,HOLD
2025-08-12 20:00:00 UTC,1h,RFC-USDT,BTC-USDT,0.00849,119627.9,7.097006635e-08,,30,0.0625782,0.0572852,0.0191822,308061,0,0,0.711538,465,4,0,HOLD
2025-08-12 20:00:00 UTC,1h,RHEA-USDT,BTC-USDT,0.06755,119627.9,5.646676068e-07,,30,0.0142643,0.0248824,0.0306651,6.62791e+06,0,0,0.711538,465,4,0,HOLD
2025-08-12 20:00:00 UTC,1h,RLC-USDT,BTC-USDT,1.0278,119627.9,8.591641248e-06,,30,0.0544783,0.0582784,0.0174575,384095,0,0,0.711538,465,4,0,HOLD
2025-08-12 20:00:00 UTC,1h,ROAM-USDT,BTC-USDT,0.0826,119627.9,6.904743793e-07,,30,0.0172414,0.00121212,0.0115012,420494,0,0,0.711538,465,4,0,HOLD
2025-08-12 20:00:00 UTC,1h,ROSE-USDT,BTC-USDT,0.02897,119627.9,2.42167588e-07,,30,0.0443403,0.0488776,0.0167661,2.34825e+06,0,0,0.711538,465,4,0,HOLD
2025-08-12 20:00:00 UTC,1h,RPL-USDT,BTC-USDT,8.746,119627.9,7.311003537e-05,,30,0.0383474,0.0636021,0.0248358,6.72445e+06,0,0,0.711538,465,4,0,HOLD
2025-08-12 20:00:00 UTC,1h,RSR-USDT,BTC-USDT,0.009666,119627.9,8.080054904e-08,,30,0.0300512,0.0633663,0.0221838,2.61357e+06,0,0,0.711538,465,4,0,HOLD
2025-08-12 20:00:00 UTC,1h,RUNE-USDT,BTC-USDT,1.461,119627.9,1.221287007e-05,,30,0.0525937,0.0586957,0.0156449,6.01253e+06,0,0,0.711538,465,4,0,HOLD
2025-08-12 20:00:00 UTC,1h,RVN-USDT,BTC-USDT,0.01461,119627.9,1.221287007e-07,,30,0.0458125,0.049569,0.0143248,754235,0,0,0.711538,465,4,0,HOLD
2025-08-12 20:00:00 UTC,1h,S-USDT,BTC-USDT,0.313,119627.9,2.616446498e-06,,30,0.0319815,0.0371107,0.0160201,7.34547e+06,0,0,0.711538,465,4,0,HOLD
2025-08-12 20:00:00 UTC,1h,SAFE-USDT,BTC-USDT,0.4528,119627.9,3.785070205e-06,,30,0.0371049,0.0326112,0.0126199,6.51826e+06,0,0,0.711538,465,4,0,HOLD
2025-08-12 20:00:00 UTC,1h,SAGA-USDT,BTC-USDT,0.2783,119627.9,2.326380385e-06,,30,0.0411523,0.0478163,0.0204815,3.54758e+06,0,0,0.711538,465,4,0,HOLD
2025-08-12 20:00:00 UTC,1h,SAHARA-USDT,BTC-USDT,0.09539,119627.9,7.973892378e-07,,30,0.0138166,0.0182536,0.0162865,8.64227e+06,0,0,0.711538,465,4,0,HOLD
2025-08-12 20:00:00 UTC,1h,SAND-USDT,BTC-USDT,0.30041,119627.9,2.51120349e-06,,30,0.0510829,0.0550697,0.0133032,2.90891e+06,0,0,0.711538,465,4,0,HOLD
2025-08-12 20:00:00 UTC,1h,SANTOS-USDT,BTC-USDT,2.85,119627.9,2.382387386e-05,,30,0.0251799,-0.00766017,0.0257143,6.90926e+06,0,0,0.711538,465,4,0,HOLD
2025-08-12 20:00:00 UTC,1h,SCR-USDT,BTC-USDT,0.365,119627.9,3.051127705e-06,,30,0.0310734,0.0924873,0.038591,2.86847e+06,0,0,0.711538,465,4,0,HOLD
2025-08-12 20:00:00 UTC,1h,SEI-USDT,BTC-USDT,0.3236,119627.9,2.70505459e-06,,30,0.0475882,0.0455574,0.0167093,1.40319e+07,0,0,0.711538,465,4,0,HOLD
2025-08-12 20:00:00 UTC,1h,SERAPH-USDT,BTC-USDT,0.15229,119627.9,1.27303079e-06,,30,0.0197536,0.00574561,0.0109941,412499,0,0,0.711538,465,4,0,HOLD
2025-08-12 20:00:00 UTC,1h,SFP-USDT,BTC-USDT,0.5214,119627.9,4.358515029e-06,,30,0.0419664,0.0430086,0.0104663,540029,0,0,0.711538,465,4,0,HOLD
2025-08-12 20:00:00 UTC,1h,SHELL-USDT,BTC-USDT,0.1715,119627.9,1.433612059e-06,,30,-0.0183171,0,0.0337776,6.79989e+06,0,0,0.711538,465,4,0,HOLD
2025-08-12 20:00:00 UTC,1h,SHIB-USDT,BTC-USDT,1.3629e-05,119627.9,1.139282726e-10,,30,0.0452489,0.044688,0.0130866,9.37011e+06,0,0,0.711538,465,4,0,HOLD
2025-08-12 20:00:00 UTC,1h,SIDEKICK-USDT,BTC-USDT,0.2403,119627.9,2.008728733e-06,,30,0.0853659,0.0703786,0.0585578,7.01249e+06,0,0,0.711538,465,4,0,HOLD
2025-08-12 20:00:00 UTC,1h,SIGN-USDT,BTC-USDT,0.07024,119627.9,5.87154e-07,,30,0.0234591,0.0187092,0.00917263,6.56493e+06,0,0,0.711538,465,4,0,HOLD
2025-08-12 20:00:00 UTC,1h,SIREN-USDT,BTC-USDT,0.09269,119627.9,7.74819252e-07,,30,-0.0230818,-0.0220511,0.0225945,2.29864e+06,0,0,0.711538,465,4,0,HOLD
2025-08-12 20:00:00 UTC,1h,SKATE-USDT,BTC-USDT,0.04595,119627.9,3.841077207e-07,,30,-0.001738,-0.0254507,0.0170682,6.61521e+06,0,0,0.711538,465,4,0,HOLD
2025-08-12 20:00:00 UTC,1h,SKL-USDT,BTC-USDT,0.02214,119627.9,1.850738833e-07,,30,0.0695652,0.0695652,0.0186153,2.06166e+06,0,0,0.711538,465,4,0,HOLD
2025-08-12 20:00:00 UTC,1h,SKYAI-USDT,BTC-USDT,0.06671,119627.9,5.576458335e-07,,30,-0.0229936,-0.0241369,0.0121421,6.52776e+06,0,0,0.711538,465,4,0,HOLD
2025-08-12 20:00:00 UTC,1h,SLERF-USDT,BTC-USDT,0.08121,119627.9,6.788550163e-07,,30,0.0817903,0.0825113,0.0153042,2.03185e+06,0,0,0.711538,465,4,0,HOLD
2025-08-12 20:00:00 UTC,1h,SLP-USDT,BTC-USDT,0.002013,119627.9,1.682717828e-08,,30,0.0511749,0.0462578,0.0163225,2.02292e+06,0,0,0.711538,465,4,0,HOLD
2025-08-12 20:00:00 UTC,1h,SNT-USDT,BTC-USDT,0.02848,119627.9,2.380715535e-07,,30,0.0237239,0.0207885,0.00872793,1.95994e+06,0,0,0.711538,465,4,0,HOLD
2025-08-12 20:00:00 UTC,1h,SNX-USDT,BTC-USDT,0.682,119627.9,5.701011219e-06,,30,0.0380518,0.0412214,0.014558,2.15335e+06,0,0,0.711538,465,4,0,HOLD
2025-08-12 20:00:00 UTC,1h,SOL-USDT,BTC-USDT,190.806,119627.9,0.001594995816,,30,0.0814214,0.0854819,0.0128504,6.02576e+08,0,0,0.711538,465,4,0,HOLD
2025-08-12 20:00:00 UTC,1h,SOLV-USDT,BTC-USDT,0.04215,119627.9,3.523425555e-07,,30,-0.00495751,-0.0418277,0.0166243,6.54337e+06,0,0,0.711538,465,4,0,HOLD
2025-08-12 20:00:00 UTC,1h,SONIC-USDT,BTC-USDT,0.2146,119627.9,1.793895906e-06,,30,0.0267943,0.00988235,0.0132805,716327,0,0,0.711538,465,4,0,HOLD
2025-08-12 20:00:00 UTC,1h,SOON-USDT,BTC-USDT,0.45353,119627.9,3.791172461e-06,,30,0.0873933,-0.0245408,0.0546963,6.76077e+07,0,0,0.711538,465,4,0,HOLD
2025-08-12 20:00:00 UTC,1h,SOPH-USDT,BTC-USDT,0.039539,119627.9,3.305165434e-07,,30,0.0485295,0.0423653,0.0153411,7.20721e+06,0,0,0.711538,465,4,0,HOLD
2025-08-12 20:00:00 UTC,1h,SPK-USDT,BTC-USDT,0.09265,119627.9,7.744848819e-07,,30,-0.0940647,-0.0776506,0.0334978,1.49668e+07,0,0,0.711538,465,4,0,HOLD
2025-08-12 20:00:00 UTC,1h,SPX-USDT,BTC-USDT,1.7927,119627.9,1.498563462e-05,,30,0.0221804,0.0107121,0.0233726,9.98116e+06,0,0,0.711538,465,4,0,HOLD
2025-08-12 20:00:00 UTC,1h,SQD-USDT,BTC-USDT,0.14725,119627.9,1.23090015e-06,,30,0.0352949,-0.0418402,0.0220616,6.54676e+06,0,0,0.711538,465,4,0,HOLD
2025-08-12 20:00:00 UTC,1h,SSV-USDT,BTC-USDT,10.576,119627.9,8.840747016e-05,,30,0.0254024,0.0438216,0.0221053,2.38154e+06,0,0,0.711538,465,4,0,HOLD
2025-08-12 20:00:00 UTC,1h,STG-USDT,BTC-USDT,0.1912,119627.9,1.598289362e-06,,30,0.0391304,0.0482456,0.0143455,1.31299e+06,0,0,0.711538,465,4,0,HOLD
2025-08-12 20:00:00 UTC,1h,STO-USDT,BTC-USDT,0.09858,119627.9,8.24055258e-07,,30,0.0449438,0.0872394,0.0326711,6.67664e+06,0,0,0.711538,465,4,0,HOLD
2025-08-12 20:00:00 UTC,1h,STORJ-USDT,BTC-USDT,0.2811,119627.9,2.349786296e-06,,30,0.039571,0.0438173,0.013188,4.71412e+06,0,0,0.711538,465,4,0,HOLD
2025-08-12 20:00:00 UTC,1h,STRK-USDT,BTC-USDT,0.1379,119627.9,1.152741125e-06,,30,0.0526718,0.0607692,0.0183363,7.33111e+06,0,0,0.711538,465,4,0,HOLD
2025-08-12 20:00:00 UTC,1h,STX-USDT,BTC-USDT,0.7554,119627.9,6.314580462e-06,,30,0.0465503,0.0461155,0.0139945,1.04801e+07,0,0,0.711538,465,4,0,HOLD
2025-08-12 20:00:00 UTC,1h,SUI-USDT,BTC-USDT,3.9049,119627.9,3.264205089e-05,,30,0.0412234,0.0612295,0.0138105,7.35244e+07,0,0,0.711538,465,4,0,HOLD
2025-08-12 20:00:00 UTC,1h,SUN-USDT,BTC-USDT,0.022911,119627.9,1.915188681e-07,,30,0.0130887,0.0192633,0.00838649,2.34337e+06,0,0,0.711538,465,4,0,HOLD
2025-08-12 20:00:00 UTC,1h,SUPER-USDT,BTC-USDT,0.7871,119627.9,6.579568813e-06,,30,0.0254039,0.0441762,0.0148647,2.20559e+06,0,0,0.711538,465,4,0,HOLD
2025-08-12 20:00:00 UTC,1h,SUSHI-USDT,BTC-USDT,0.8729,119627.9,7.296792805e-06,,30,0.0521938,0.0626978,0.0164231,3.87377e+06,0,0,0.711538,465,4,0,HOLD
2025-08-12 20:00:00 UTC,1h,SWARMS-USDT,BTC-USDT,0.02595,119627.9,2.16922641e-07,,30,0.031399,-0.0259009,0.0310762,1.00346e+07,0,0,0.711538,465,4,0,HOLD
2025-08-12 20:00:00 UTC,1h,SWELL-USDT,BTC-USDT,0.01106,119627.9,9.245334909e-08,,30,0.0523311,0.0655106,0.0336476,1.27564e+06,0,0,0.711538,465,4,0,HOLD
2025-08-12 20:00:00 UTC,1h,SXP-USDT,BTC-USDT,0.1903,119627.9,1.590766034e-06,,30,0.0364924,0.0387555,0.0115232,1.99759e+06,0,0,0.711538,465,4,0,HOLD
2025-08-12 20:00:00 UTC,1h,SXT-USDT,BTC-USDT,0.08899,119627.9,7.438900123e-07,,30,0.0426479,0.0484213,0.0176585,6.50157e+06,0,0,0.711538,465,4,0,HOLD
2025-08-12 20:00:00 UTC,1h,SYN-USDT,BTC-USDT,0.1472,119627.9,1.230482187e-06,,30,0.0551971,0.0536865,0.0197011,4.12842e+06,0,0,0.711538,465,4,0,HOLD
2025-08-12 20:00:00 UTC,1h,SYRUP-USDT,BTC-USDT,0.4827,119627.9,4.035011899e-06,,30,0.0160608,0.0205721,0.0174317,7.18655e+06,0,0,0.711538,465,4,0,HOLD
2025-08-12 20:00:00 UTC,1h,TA-USDT,BTC-USDT,0.06187,119627.9,5.171870442e-07,,30,-0.0193375,-0.0427046,0.0220278,6.57374e+06,0,0,0.711538,465,4,0,HOLD
2025-08-12 20:00:00 UTC,1h,TAC-USDT,BTC-USDT,0.01419,119627.9,1.186178141e-07,,30,-0.0125261,-0.00421053,0.0436424,8.0144e+06,0,0,0.711538,465,4,0,HOLD
2025-08-12 20:00:00 UTC,1h,TAG-USDT,BTC-USDT,0.0012009,119627.9,1.003862811e-08,,30,-0.00850396,0.00670635,0.032779,7.96347e+06,0,0,0.711538,465,4,0,HOLD
2025-08-12 20:00:00 UTC,1h,TAI-USDT,BTC-USDT,0.07265,119627.9,6.072998021e-07,,30,0.00748856,0.0230953,0.0248451,6.54444e+06,0,0,0.711538,465,4,0,HOLD
2025-08-12 20:00:00 UTC,1h,TAIKO-USDT,BTC-USDT,0.4795,119627.9,4.008262287e-06,,30,0.0219523,0.0354135,0.0120215,6.51763e+06,0,0,0.711538,465,4,0,HOLD
2025-08-12 20:00:00 UTC,1h,TANSSI-USDT,BTC-USDT,0.05776,119627.9,4.828305103e-07,,30,0.020675,0.0294065,0.0229398,6.63433e+06,0,0,0.711538,465,4,0,HOLD
2025-08-12 20:00:00 UTC,1h,TAO-USDT,BTC-USDT,392.08,119627.9,0.003277496303,,30,0.0589602,0.076374,0.0146071,1.4573e+07,0,0,0.711538,465,4,0,HOLD
2025-08-12 20:00:00 UTC,1h,THE-USDT,BTC-USDT,0.3972,119627.9,3.320295684e-06,,30,0.0740941,0.067455,0.0181449,6.67454e+06,0,0,0.711538,465,4,0,HOLD
2025-08-12 20:00:00 UTC,1h,THETA-USDT,BTC-USDT,0.8866,119627.9,7.411314585e-06,,30,0.0524691,0.0482384,0.0163385,3.23641e+06,0,0,0.711538,465,4,0,HOLD
2025-08-12 20:00:00 UTC,1h,TIA-USDT,BTC-USDT,1.858,119627.9,1.553149391e-05,,30,0.0509644,0.0720055,0.0167577,1.10935e+07,0,0,0.711538,465,4,0,HOLD
2025-08-12 20:00:00 UTC,1h,TLM-USDT,BTC-USDT,0.005191,119627.9,4.339288745e-08,,30,0.0486869,0.0542242,0.0157966,3.65949e+06,0,0,0.711538,465,4,0,HOLD
2025-08-12 20:00:00 UTC,1h,TNSR-USDT,BTC-USDT,0.141,119627.9,1.178654812e-06,,30,0.0413589,0.0483271,0.0173759,6.58013e+06,0,0,0.711538,465,4,0,HOLD
2025-08-12 20:00:00 UTC,1h,TOKEN-USDT,BTC-USDT,0.01653,119627.9,1.381784684e-07,,30,0.0396226,0.0350657,0.0168525,5.82575e+06,0,0,0.711538,465,4,0,HOLD
2025-08-12 20:00:00 UTC,1h,TONCOIN-USDT,BTC-USDT,3.463,119627.9,2.894809656e-05,,30,0.02033,0.0143527,0.0109525,8.36779e+06,0,0,0.711538,465,4,0,HOLD
2025-08-12 20:00:00 UTC,1h,TOSHI-USDT,BTC-USDT,0.000794,119627.9,6.637247665e-09,,30,-0.0422195,0.0447368,0.0308564,6.8552e+06,0,0,0.711538,465,4,0,HOLD
2025-08-12 20:00:00 UTC,1h,TOWNS-USDT,BTC-USDT,0.03279,119627.9,2.740999382e-07,,30,0.040622,0.0208593,0.0233521,8.27541e+06,0,0,0.711538,465,4,0,HOLD
2025-08-12 20:00:00 UTC,1h,TRB-USDT,BTC-USDT,39.638,119627.9,0.0003313441095,,30,0.0566189,0.064679,0.0141206,5.52888e+06,0,0,0.711538,465,4,0,HOLD
2025-08-12 20:00:00 UTC,1h,TREE-USDT,BTC-USDT,0.4312,119627.9,3.604510319e-06,,30,0.0478736,0.0790791,0.0209051,8.32873e+06,0,0,0.711538,465,4,0,HOLD
2025-08-12 20:00:00 UTC,1h,TRU-USDT,BTC-USDT,0.03353,119627.9,2.802857862e-07,,30,0.0409811,0.0468311,0.0198756,2.03004e+06,0,0,0.711538,465,4,0,HOLD
2025-08-12 20:00:00 UTC,1h,TRUMP-USDT,BTC-USDT,9.177,119627.9,7.671287384e-05,,30,0.0340282,0.0323996,0.0112004,8.61942e+06,0,0,0.711538,465,4,0,HOLD
2025-08-12 20:00:00 UTC,1h,TRX-USDT,BTC-USDT,0.34983,119627.9,2.924317822e-06,,30,0.00832997,0.00661813,0.00443072,1.40259e+07,0,0,0.711538,465,4,0,HOLD
2025-08-12 20:00:00 UTC,1h,TST-USDT,BTC-USDT,0.02694,119627.9,2.251983024e-07,,30,0.0247242,-0.0121012,0.026673,8.88935e+06,0,0,0.711538,465,4,0,HOLD
2025-08-12 20:00:00 UTC,1h,TURBO-USDT,BTC-USDT,0.0049294,119627.9,4.12061066e-08,,30,0.049322,0.0639299,0.0171493,6.54169e+06,0,0,0.711538,465,4,0,HOLD
2025-08-12 20:00:00 UTC,1h,TUT-USDT,BTC-USDT,0.05954,119627.9,4.977099824e-07,,30,-0.0152167,-0.00501337,0.00555449,1.97901e+06,0,0,0.711538,465,4,0,HOLD
2025-08-12 20:00:00 UTC,1h,TWT-USDT,BTC-USDT,0.7906,119627.9,6.608826202e-06,,30,0.030232,0.0313071,0.00849265,2.10816e+06,0,0,0.711538,465,4,0,HOLD
2025-08-12 20:00:00 UTC,1h,UMA-USDT,BTC-USDT,1.363,119627.9,1.139366318e-05,,30,0.00888231,0.0557707,0.0400901,6.28167e+06,0,0,0.711538,465,4,0,HOLD
2025-08-12 20:00:00 UTC,1h,UNI-USDT,BTC-USDT,11.428,119627.9,9.552955456e-05,,30,0.0289007,0.0186291,0.0172634,4.14398e+07,0,0,0.711538,465,4,0,HOLD
2025-08-12 20:00:00 UTC,1h,USELESS-USDT,BTC-USDT,0.2333,119627.9,1.950213955e-06,,30,0.0983992,0.117873,0.0392505,7.25698e+06,0,0,0.711538,465,4,0,HOLD
2025-08-12 20:00:00 UTC,1h,USTC-USDT,BTC-USDT,0.014625,119627.9,1.222540896e-07,,30,0.00889901,0.0240879,0.0216801,2.42467e+06,0,0,0.711538,465,4,0,HOLD
2025-08-12 20:00:00 UTC,1h,USUAL-USDT,BTC-USDT,0.07945,119627.9,6.641427292e-07,,30,0.0516214,0.0496763,0.0202643,2.16311e+06,0,0,0.711538,465,4,0,HOLD
2025-08-12 20:00:00 UTC,1h,UXLINK-USDT,BTC-USDT,0.3563,119627.9,2.978402195e-06,,30,0.0366599,0.0378678,0.0143338,6.84391e+06,0,0,0.711538,465,4,0,HOLD
2025-08-12 20:00:00 UTC,1h,VANA-USDT,BTC-USDT,4.496,119627.9,3.758320592e-05,,30,0.0340386,0.0357061,0.0127415,6.52592e+06,0,0,0.711538,465,4,0,HOLD
2025-08-12 20:00:00 UTC,1h,VANRY-USDT,BTC-USDT,0.03325,119627.9,2.779451951e-07,,30,0.0449403,0.0643406,0.0191407,487573,0,0,0.711538,465,4,0,HOLD
2025-08-12 20:00:00 UTC,1h,VELODROME-USDT,BTC-USDT,0.06001,119627.9,5.016388317e-07,,30,0.00569801,0.0204047,0.0171162,566264,0,0,0.711538,465,4,0,HOLD
2025-08-12 20:00:00 UTC,1h,VELVET-USDT,BTC-USDT,0.06597,119627.9,5.514599855e-07,,30,-0.0172799,-0.0429421,0.0242426,6.57428e+06,0,0,0.711538,465,4,0,HOLD
2025-08-12 20:00:00 UTC,1h,VET-USDT,BTC-USDT,0.025563,119627.9,2.136876097e-07,,30,0.0406693,0.0413051,0.0126746,3.31577e+06,0,0,0.711538,465,4,0,HOLD
2025-08-12 20:00:00 UTC,1h,VIC-USDT,BTC-USDT,0.2681,119627.9,2.241115994e-06,,30,0.0493151,0.0407609,0.0142005,6.68126e+06,0,0,0.711538,465,4,0,HOLD
2025-08-12 20:00:00 UTC,1h,VINE-USDT,BTC-USDT,0.06957,119627.9,5.815532999e-07,,30,0.019042,0.052337,0.0258732,1.89017e+07,0,0,0.711538,465,4,0,HOLD
2025-08-12 20:00:00 UTC,1h,VIRTUAL-USDT,BTC-USDT,1.3802,119627.9,1.153744235e-05,,30,0.0485452,0.0422897,0.0179425,9.58355e+06,0,0,0.711538,465,4,0,HOLD
2025-08-12 20:00:00 UTC,1h,VOXEL-USDT,BTC-USDT,0.06095,119627.9,5.094965305e-07,,30,0.0278246,0.0370938,0.0170163,446202,0,0,0.711538,465,4,0,HOLD
2025-08-12 20:00:00 UTC,1h,VTHO-USDT,BTC-USDT,0.001998,119627.9,1.670178947e-08,,30,0.0427975,0.0510258,0.0127985,451562,0,0,0.711538,465,4,0,HOLD
2025-08-12 20:00:00 UTC,1h,VVV-USDT,BTC-USDT,2.932,119627.9,2.450933269e-05,,30,0.0258922,0.0360424,0.0181251,314305,0,0,0.711538,465,4,0,HOLD
2025-08-12 20:00:00 UTC,1h,W-USDT,BTC-USDT,0.08871,119627.9,7.415494212e-07,,30,0.0436471,0.0505685,0.0168929,7.10085e+06,0,0,0.711538,465,4,0,HOLD
2025-08-12 20:00:00 UTC,1h,WAL-USDT,BTC-USDT,0.4309,119627.9,3.602002543e-06,,30,0.0420798,0.0681706,0.0154825,6.69951e+06,0,0,0.711538,465,4,0,HOLD
2025-08-12 20:00:00 UTC,1h,WCT-USDT,BTC-USDT,0.3472,119627.9,2.902332984e-06,,30,0.104326,0.114249,0.0222597,9.19607e+06,0,0,0.711538,465,4,1,HOLD
2025-08-12 20:00:00 UTC,1h,WIF-USDT,BTC-USDT,0.9912,119627.9,8.285692552e-06,,30,0.0784463,0.0851763,0.0187363,4.48421e+07,0,0,0.711538,465,4,0,HOLD
2025-08-12 20:00:00 UTC,1h,WLD-USDT,BTC-USDT,1.063,119627.9,8.885886988e-06,,30,0.0596093,0.0682343,0.0158312,1.69667e+07,0,0,0.711538,465,4,0,HOLD
2025-08-12 20:00:00 UTC,1h,WOO-USDT,BTC-USDT,0.08071,119627.9,6.746753893e-07,,30,0.0499545,0.0531054,0.0147087,2.13008e+06,0,0,0.711538,465,4,0,HOLD
2025-08-12 20:00:00 UTC,1h,X-USDT,BTC-USDT,5.603e-05,119627.9,4.683690009e-10,,30,0.0246891,0.0256269,0.0283394,7.04392e+06,0,0,0.711538,465,4,0,HOLD
2025-08-12 20:00:00 UTC,1h,XAI-USDT,BTC-USDT,0.05478,119627.9,4.579199334e-07,,30,0.0422374,0.056713,0.0179028,2.08459e+06,0,0,0.711538,465,4,0,HOLD
2025-08-12 20:00:00 UTC,1h,XAUT-USDT,BTC-USDT,3347.8,119627.9,0.0279851105,,30,0.00101662,-0.00158063,0.00254111,7.47435e+06,0,0,0.711538,465,4,0,HOLD
2025-08-12 20:00:00 UTC,1h,XCN-USDT,BTC-USDT,0.014,119627.9,1.170295558e-07,,30,0.016703,0.0248902,0.0104592,1.99784e+06,0,0,0.711538,465,4,0,HOLD
2025-08-12 20:00:00 UTC,1h,XLM-USDT,BTC-USDT,0.45242,119627.9,3.781893689e-06,,30,0.038828,0.0353571,0.0120826,1.82857e+07,0,0,0.711538,465,4,0,HOLD
2025-08-12 20:00:00 UTC,1h,XRP-USDT,BTC-USDT,3.2863,119627.9,2.747101638e-05,,30,0.035316,0.0418476,0.00997866,1.9856e+08,0,0,0.711538,465,4,0,HOLD
2025-08-12 20:00:00 UTC,1h,YALA-USDT,BTC-USDT,0.2667,119627.9,2.229413038e-06,,30,0.00225479,-0.131836,0.0463067,8.74685e+06,0,0,0.711538,465,4,0,HOLD
2025-08-12 20:00:00 UTC,1h,YFI-USDT,BTC-USDT,5858,119627.9,0.04896850985,,30,0.0335215,0.0324286,0.0105594,9.65037e+06,0,0,0.711538,465,4,0,HOLD
2025-08-12 20:00:00 UTC,1h,YGG-USDT,BTC-USDT,0.1718,119627.9,1.436119835e-06,,30,0.0424757,0.0469226,0.016298,4.36567e+06,0,0,0.711538,465,4,0,HOLD
2025-08-12 20:00:00 UTC,1h,ZBCN-USDT,BTC-USDT,0.005112,119627.9,4.273250638e-08,,30,0.0224613,-0.00312012,0.024205,6.6682e+06,0,0,0.711538,465,4,0,HOLD
2025-08-12 20:00:00 UTC,1h,ZEREBRO-USDT,BTC-USDT,0.02896,119627.9,2.420839955e-07,,30,0.0379928,0.025859,0.0158346,1.68613e+06,0,0,0.711538,465,4,0,HOLD
2025-08-12 20:00:00 UTC,1h,ZETA-USDT,BTC-USDT,0.2065,119627.9,1.726185948e-06,,30,0.0335335,0.0387324,0.0139398,5.31548e+06,0,0,0.711538,465,4,0,HOLD
2025-08-12 20:00:00 UTC,1h,ZIL-USDT,BTC-USDT,0.01199,119627.9,1.002274553e-07,,30,0.0508326,0.0554577,0.0135232,2.33109e+06,0,0,0.711538,465,4,0,HOLD
2025-08-12 20:00:00 UTC,1h,ZK-USDT,BTC-USDT,0.05991,119627.9,5.008029063e-07,,30,0.0410078,0.0514216,0.0175144,6.79992e+06,0,0,0.711538,465,4,0,HOLD
2025-08-12 20:00:00 UTC,1h,ZKJ-USDT,BTC-USDT,0.2487,119627.9,2.078946467e-06,,30,0.0109756,0.0418936,0.0480786,8.13857e+06,0,0,0.711538,465,4,0,HOLD
2025-08-12 20:00:00 UTC,1h,ZORA-USDT,BTC-USDT,0.11572,119627.9,9.673328713e-07,,30,-0.0405439,-0.00746205,0.0516147,2.32897e+07,0,0,0.711538,465,4,0,HOLD
2025-08-12 20:00:00 UTC,1h,ZRC-USDT,BTC-USDT,0.03475,119627.9,2.90484076e-07,,30,0.0271948,0.0290198,0.0144913,6.63398e+06,0,0,0.711538,465,4,0,HOLD
2025-08-12 20:00:00 UTC,1h,ZRO-USDT,BTC-USDT,2.2891,119627.9,1.91351683e-05,,30,0.00135608,0.0171517,0.0183946,1.34204e+07,0,0,0.711538,465,4,0,HOLD
2025-08-12 20:00:00 UTC,1h,ZRX-USDT,BTC-USDT,0.2644,119627.9,2.210186754e-06,,30,0.042998,0.0504569,0.0129674,2.00934e+06,0,0,0.711538,465,4,0,HOLD
2025-08-12 20:02:15 UTC,1h,1000000BABYDOGE-USDT,BTC-USDT,0.0013845,119578.2,1.157819736e-08,,30,0.0224503,0.0614075,0.0122169,1.30477e+06,0,0,0.764706,465,4,0,HOLD
2025-08-12 20:02:15 UTC,1h,1000000BOB-USDT,BTC-USDT,0.07863,119578.2,6.575613281e-07,,30,-0.0310536,0.0106684,0.0288421,6.3886e+06,0,0,0.764706,465,4,0,HOLD
2025-08-12 20:02:15 UTC,1h,1000000MOG-USDT,BTC-USDT,1.3732,119578.2,1.148369853e-05,,30,-0.0421317,0.00189698,0.0275478,1.65545e+06,0,0,0.764706,465,4,0,HOLD
2025-08-12 20:02:15 UTC,1h,10000SATS-USDT,BTC-USDT,0.00042,119578.2,3.512345896e-09,,30,0.0294118,0.0606061,0.0154762,2.22923e+06,0,0,0.764706,465,4,0,HOLD
2025-08-12 20:02:15 UTC,1h,10000WHY-USDT,BTC-USDT,0.0003316,119578.2,2.773080712e-09,,30,0.0140673,0.0381966,0.0190419,2.21553e+06,0,0,0.764706,465,4,0,HOLD
2025-08-12 20:02:15 UTC,1h,1000BONK-USDT,BTC-USDT,0.025907,119578.2,2.166532027e-07,,30,0.0515485,0.0663072,0.0181777,7.74632e+06,0,0,0.764706,465,4,0,HOLD
2025-08-12 20:02:15 UTC,1h,1000CAT-USDT,BTC-USDT,0.009442,119578.2,7.896088083e-08,,30,0.0259698,0.0661698,0.0152964,6.33383e+06,0,0,0.764706,465,4,0,HOLD
2025-08-12 20:02:15 UTC,1h,1000CHEEMS-USDT,BTC-USDT,0.0013252,119578.2,1.108228757e-08,,30,0.0205622,0.024428,0.00893127,6.28076e+06,0,0,0.764706,465,4,0,HOLD
2025-08-12 20:02:15 UTC,1h,1000PEPE-USDT,BTC-USDT,0.012163,119578.2,1.017158646e-07,,30,0.0473066,0.0798501,0.0169325,4.21203e+07,0,0,0.764706,465,4,0,HOLD
2025-08-12 20:02:15 UTC,1h,1000XEC-USDT,BTC-USDT,0.02197,119578.2,1.837291413e-07,,30,0.0256769,0.0363208,0.0112491,7.07754e+06,0,0,0.764706,465,4,0,HOLD
2025-08-12 20:02:15 UTC,1h,1INCH-USDT,BTC-USDT,0.2714,119578.2,2.269644467e-06,,30,0.0168602,0.0268634,0.0132382,6.16784e+06,0,0,0.764706,465,4,0,HOLD
2025-08-12 20:02:15 UTC,1h,A-USDT,BTC-USDT,0.54858,119578.2,4.587625504e-06,,30,0.0142548,0.0264768,0.0126235,6.37139e+06,0,0,0.764706,465,4,0,HOLD
2025-08-12 20:02:15 UTC,1h,A2Z-USDT,BTC-USDT,0.007258,119578.2,6.069668217e-08,,30,-0.00914676,-0.0150631,0.0167401,6.66331e+06,0,0,0.764706,465,4,0,HOLD
2025-08-12 20:02:15 UTC,1h,AAPLX-USDT,BTC-USDT,229.66,119578.2,0.001920584187,,30,0.000304891,0.0134145,0.0049452,6.22066e+06,0,0,0.764706,465,4,0,HOLD
2025-08-12 20:02:15 UTC,1h,AAVE-USDT,BTC-USDT,314.05,119578.2,0.00262631483,,30,0.0282898,0.0570871,0.014056,6.79938e+07,0,0,0.764706,465,4,0,HOLD
2025-08-12 20:02:15 UTC,1h,ACE-USDT,BTC-USDT,0.5885,119578.2,4.921465618e-06,,30,0.0167588,0.0636183,0.0156815,2.00876e+06,0,0,0.764706,465,4,0,HOLD
2025-08-12 20:02:15 UTC,1h,ACH-USDT,BTC-USDT,0.022763,119578.2,1.903607848e-07,,30,0.0236082,0.0554551,0.0136249,981648,0,0,0.764706,465,4,0,HOLD
2025-08-12 20:02:15 UTC,1h,ACT-USDT,BTC-USDT,0.04389,119578.2,3.670401461e-07,,30,0.0195122,0.0652913,0.0138007,6.3531e+06,0,0,0.764706,465,4,0,HOLD
2025-08-12 20:02:15 UTC,1h,ADA-USDT,BTC-USDT,0.84889,119578.2,7.099036446e-06,,30,0.0527432,0.0892142,0.0124347,5.45401e+07,0,0,0.764706,465,4,0,HOLD
2025-08-12 20:02:15 UTC,1h,AERGO-USDT,BTC-USDT,0.11944,119578.2,9.988442709e-07,,30,0.0241811,0.0396936,0.00909602,1.92982e+06,0,0,0.764706,465,4,0,HOLD
2025-08-12 20:02:15 UTC,1h,AERO-USDT,BTC-USDT,1.2065,119578.2,1.008963172e-05,,30,0.023759,0.103035,0.0266769,3.85174e+06,0,0,0.764706,465,4,0,HOLD
2025-08-12 20:02:15 UTC,1h,AEVO-USDT,BTC-USDT,0.1027,119578.2,8.588521988e-07,,30,0.025974,0.0720251,0.0178745,6.33668e+06,0,0,0.764706,465,4,0,HOLD
2025-08-12 20:02:15 UTC,1h,AGLD-USDT,BTC-USDT,0.7462,119578.2,6.240267875e-06,,30,0.0266924,0.0520231,0.0115059,4.00608e+06,0,0,0.764706,465,4,0,HOLD
2025-08-12 20:02:15 UTC,1h,AGT-USDT,BTC-USDT,0.005857,119578.2,4.898049979e-08,,30,0.00291096,0.0427274,0.0163784,6.30047e+06,0,0,0.764706,465,4,0,HOLD
2025-08-12 20:02:15 UTC,1h,AI16Z-USDT,BTC-USDT,0.1399,119578.2,1.169945692e-06,,30,0.0495124,0.0946792,0.0205759,8.39992e+06,0,0,0.764706,465,4,0,HOLD
2025-08-12 20:02:15 UTC,1h,AIN-USDT,BTC-USDT,0.13729,119578.2,1.148118972e-06,,30,-0.00514493,0.0153084,0.0156603,6.30184e+06,0,0,0.764706,465,4,0,HOLD
2025-08-12 20:02:15 UTC,1h,AIOT-USDT,BTC-USDT,0.54821,119578.2,4.584531294e-06,,30,0.0295217,0.0780076,0.0134164,6.44517e+06,0,0,0.764706,465,4,0,HOLD
2025-08-12 20:02:15 UTC,1h,AIXBT-USDT,BTC-USDT,0.13436,119578.2,1.123616178e-06,,30,0.0107575,0.0521535,0.0187184,7.23058e+06,0,0,0.764706,465,4,0,HOLD
2025-08-12 20:02:15 UTC,1h,AKT-USDT,BTC-USDT,1.297,119578.2,1.084645864e-05,,30,0.0204563,0.0544715,0.0131622,478763,0,0,0.764706,465,4,0,HOLD
2025-08-12 20:02:15 UTC,1h,ALCH-USDT,BTC-USDT,0.1382,119578.2,1.155729054e-06,,30,-0.00151723,-0.0249065,0.0089725,6.32711e+06,0,0,0.764706,465,4,0,HOLD
2025-08-12 20:02:15 UTC,1h,ALGO-USDT,BTC-USDT,0.2744,119578.2,2.294732652e-06,,30,0.0323552,0.079465,0.0151239,4.23895e+06,0,0,0.764706,465,4,0,HOLD
2025-08-12 20:02:15 UTC,1h,ALPHA-USDT,BTC-USDT,0.01606,119578.2,1.343054169e-07,,30,0.0151707,0.0401554,0.0141879,1.88385e+06,0,0,0.764706,465,4,0,HOLD
2025-08-12 20:02:15 UTC,1h,ALPINE-USDT,BTC-USDT,1.1578,119578.2,9.682366853e-06,,30,-0.147234,-0.145724,0.0655677,8.89322e+06,0,0,0.764706,465,4,0,HOLD
2025-08-12 20:02:15 UTC,1h,ALT-USDT,BTC-USDT,0.03824,119578.2,3.197907311e-07,,30,0.0113727,0.0823663,0.0284108,6.42708e+06,0,0,0.764706,465,4,0,HOLD
2025-08-12 20:02:15 UTC,1h,ALTCOIN-USDT,BTC-USDT,247.2,119578.2,0.002067266442,,30,0.0290139,0.0481682,0.00839979,1.87731e+06,0,0,0.764706,465,4,0,HOLD
2025-08-12 20:02:15 UTC,1h,ANIME-USDT,BTC-USDT,0.01823,119578.2,1.524525373e-07,,30,0.0340329,0.0648364,0.0139096,6.43651e+06,0,0,0.764706,465,4,0,HOLD
2025-08-12 20:02:15 UTC,1h,ANKR-USDT,BTC-USDT,0.01666,119578.2,1.393230539e-07,,30,0.0309406,0.0557668,0.0118333,362950,0,0,0.764706,465,4,0,HOLD
2025-08-12 20:02:15 UTC,1h,APE-USDT,BTC-USDT,0.6396,119578.2,5.348801036e-06,,30,0.0248358,0.0507639,0.0110448,6.29227e+06,0,0,0.764706,465,4,0,HOLD
2025-08-12 20:02:15 UTC,1h,API3-USDT,BTC-USDT,0.7706,119578.2,6.444318446e-06,,30,0.0176968,0.066722,0.0149512,6.43336e+06,0,0,0.764706,465,4,0,HOLD
2025-08-12 20:02:15 UTC,1h,APT-USDT,BTC-USDT,4.8441,119578.2,4.050989227e-05,,30,0.0311422,0.0591669,0.0116017,1.0508e+07,0,0,0.764706,465,4,0,HOLD
2025-08-12 20:02:15 UTC,1h,AR-USDT,BTC-USDT,7.817,119578.2,6.53714473e-05,,30,0.0292298,0.0628144,0.0172883,2.50366e+06,0,0,0.764706,465,4,0,HOLD
2025-08-12 20:02:15 UTC,1h,ARB-USDT,BTC-USDT,0.4703,119578.2,3.93299113e-06,,30,0.0232811,0.0652322,0.0166611,1.44461e+07,0,0,0.764706,465,4,0,HOLD
2025-08-12 20:02:15 UTC,1h,ARC-USDT,BTC-USDT,0.02399,119578.2,2.006218525e-07,,30,0,0.0591611,0.0212589,6.7477e+06,0,0,0.764706,465,4,0,HOLD
2025-08-12 20:02:15 UTC,1h,ARK-USDT,BTC-USDT,0.4619,119578.2,3.862744213e-06,,30,0.0243957,0.0488193,0.00981969,2.00345e+06,0,0,0.764706,465,4,0,HOLD
2025-08-12 20:02:15 UTC,1h,ARKM-USDT,BTC-USDT,0.5465,119578.2,4.570231029e-06,,30,0.0387759,0.0776967,0.0159848,2.40782e+06,0,0,0.764706,465,4,0,HOLD
2025-08-12 20:02:15 UTC,1h,ARPA-USDT,BTC-USDT,0.02387,119578.2,1.996183251e-07,,30,0.0414485,0.0800905,0.016518,8.19576e+06,0,0,0.764706,465,4,0,HOLD
2025-08-12 20:02:15 UTC,1h,ASP-USDT,BTC-USDT,0.164,119578.2,1.371487445e-06,,30,-0.0272835,-0.0431739,0.0243902,6.61097e+06,0,0,0.764706,465,4,0,HOLD
2025-08-12 20:02:15 UTC,1h,ASR-USDT,BTC-USDT,6.45,119578.2,5.393959769e-05,,30,-0.0152672,-0.0143643,0.0198893,7.43754e+06,0,0,0.764706,465,4,0,HOLD
2025-08-12 20:02:15 UTC,1h,ASTR-USDT,BTC-USDT,0.02593,119578.2,2.168455454e-07,,30,0.0289683,0.0579355,0.0115421,1.9225e+06,0,0,0.764706,465,4,0,HOLD
2025-08-12 20:02:15 UTC,1h,ATA-USDT,BTC-USDT,0.0513,119578.2,4.29007963e-07,,30,0.0239521,0.0621118,0.0132275,286287,0,0,0.764706,465,4,0,HOLD
2025-08-12 20:02:15 UTC,1h,ATH-USDT,BTC-USDT,0.03415,119578.2,2.855871722e-07,,30,0.0157644,0.00470727,0.0129889,2.05596e+06,0,0,0.764706,465,4,0,HOLD
2025-08-12 20:02:15 UTC,1h,ATOM-USDT,BTC-USDT,4.738,119578.2,3.96226068e-05,,30,0.0354021,0.0505543,0.0110052,9.34875e+06,0,0,0.764706,465,4,0,HOLD
2025-08-12 20:02:15 UTC,1h,AUCTION-USDT,BTC-USDT,10.528,119578.2,8.804280379e-05,,30,0.0246229,0.038879,0.0104619,4.38074e+06,0,0,0.764706,465,4,0,HOLD
2025-08-12 20:02:15 UTC,1h,AVA-USDT,BTC-USDT,0.6192,119578.2,5.178201378e-06,,30,0.0280591,0.0662993,0.0127123,536492,0,0,0.764706,465,4,0,HOLD
2025-08-12 20:02:15 UTC,1h,AVAAI-USDT,BTC-USDT,0.03691,119578.2,3.086683024e-07,,30,0.007369,0.0272753,0.024732,7.42179e+06,0,0,0.764706,465,4,0,HOLD
2025-08-12 20:02:15 UTC,1h,AVAX-USDT,BTC-USDT,24.632,119578.2,0.0002059907241,,30,0.0289486,0.072869,0.012507,5.28191e+07,0,0,0.764706,465,4,0,HOLD
2025-08-12 20:02:15 UTC,1h,AWE-USDT,BTC-USDT,0.054204,119578.2,4.53293326e-07,,30,-0.000424143,0.00931029,0.00805818,6.24985e+06,0,0,0.764706,465,4,0,HOLD
2025-08-12 20:02:15 UTC,1h,AXL-USDT,BTC-USDT,0.3603,119578.2,3.013091015e-06,,30,0.0209691,0.065031,0.0138971,2.05783e+06,0,0,0.764706,465,4,0,HOLD
2025-08-12 20:02:15 UTC,1h,AXS-USDT,BTC-USDT,2.532,119578.2,2.117442811e-05,,30,0.0364306,0.0661053,0.0134563,4.82865e+06,0,0,0.764706,465,4,0,HOLD
2025-08-12 20:02:15 UTC,1h,B-USDT,BTC-USDT,0.61185,119578.2,5.116735325e-06,,30,-0.0273274,-0.046829,0.0159528,6.4439e+06,0,0,0.764706,465,4,0,HOLD
2025-08-12 20:02:15 UTC,1h,B2-USDT,BTC-USDT,0.407,119578.2,3.403630428e-06,,30,0.0369427,0.0519514,0.0154791,6.24e+06,0,0,0.764706,465,4,0,HOLD
2025-08-12 20:02:15 UTC,1h,B3-USDT,BTC-USDT,0.003251,119578.2,2.718722978e-08,,30,0.0261995,0.0708169,0.0149405,6.275e+06,0,0,0.764706,465,4,0,HOLD
2025-08-12 20:02:15 UTC,1h,BABY-USDT,BTC-USDT,0.06235,119578.2,5.21416111e-07,,30,0.0176269,0.0505476,0.0154313,6.49046e+06,0,0,0.764706,465,4,0,HOLD
2025-08-12 20:02:15 UTC,1h,BAKE-USDT,BTC-USDT,0.0886,119578.2,7.409377295e-07,,30,0.0362573,0.0739394,0.014189,1.52784e+06,0,0,0.764706,465,4,0,HOLD
2025-08-12 20:02:15 UTC,1h,BANANA-USDT,BTC-USDT,26.47,119578.2,0.0002213614187,,30,0.030362,0.0742695,0.0172702,9.08777e+06,0,0,0.764706,465,4,0,HOLD
2025-08-12 20:02:15 UTC,1h,BANANAS31-USDT,BTC-USDT,0.007275,119578.2,6.083884855e-08,,30,0.0210526,0.0478179,0.0150614,3.10174e+06,0,0,0.764706,465,4,0,HOLD
2025-08-12 20:02:15 UTC,1h,BANK-USDT,BTC-USDT,0.067711,119578.2,5.662486975e-07,,30,0.0236134,0.00817427,0.0301829,6.71138e+06,0,0,0.764706,465,4,0,HOLD
2025-08-12 20:02:15 UTC,1h,BAT-USDT,BTC-USDT,0.1547,119578.2,1.293714072e-06,,30,0.0327103,0.0538147,0.0124204,418801,0,0,0.764706,465,4,0,HOLD
2025-08-12 20:02:15 UTC,1h,BB-USDT,BTC-USDT,0.12777,119578.2,1.068505798e-06,,30,0.00956068,0.0570861,0.0179899,9.24922e+06,0,0,0.764706,465,4,0,HOLD
2025-08-12 20:02:15 UTC,1h,BCH-USDT,BTC-USDT,619.25,119578.2,0.005178619514,,30,0.0418244,0.0495763,0.0106396,3.93641e+07,0,0,0.764706,465,4,0,HOLD
2025-08-12 20:02:15 UTC,1h,BDXN-USDT,BTC-USDT,0.04074,119578.2,3.406975519e-07,,30,0.00518135,0.038491,0.015762,6.32533e+06,0,0,0.764706,465,4,0,HOLD
2025-08-12 20:02:15 UTC,1h,BEAM-USDT,BTC-USDT,0.008377,119578.2,7.005457517e-08,,30,0.00347389,0.0642866,0.0192108,2.10132e+06,0,0,0.764706,465,4,0,HOLD
2025-08-12 20:02:15 UTC,1h,BERA-USDT,BTC-USDT,2.035,119578.2,1.701815214e-05,,30,0.0293374,0.0587929,0.0142857,6.56934e+06,0,0,0.764706,465,4,0,HOLD
2025-08-12 20:02:15 UTC,1h,BID-USDT,BTC-USDT,0.07231,119578.2,6.047088851e-07,,30,0.0180206,0.0903197,0.0201118,1.99886e+06,0,0,0.764706,465,4,0,HOLD
2025-08-12 20:02:15 UTC,1h,BIGTIME-USDT,BTC-USDT,0.06104,119578.2,5.104609369e-07,,30,0.0272635,0.0606429,0.0124391,2.03749e+06,0,0,0.764706,465,4,0,HOLD
2025-08-12 20:02:15 UTC,1h,BIO-USDT,BTC-USDT,0.12773,119578.2,1.068171289e-06,,30,0.0473106,0.0236416,0.0351187,1.62144e+07,0,0,0.764706,465,4,0,HOLD
2025-08-12 20:02:15 UTC,1h,BLAST-USDT,BTC-USDT,0.003141,119578.2,2.626732966e-08,,30,0.0171632,0.0268061,0.0120981,505842,0,0,0.764706,465,4,0,HOLD
2025-08-12 20:02:15 UTC,1h,BLUR-USDT,BTC-USDT,0.08778,119578.2,7.340802922e-07,,30,0.0346535,0.0610419,0.0139798,4.17239e+06,0,0,0.764706,465,4,0,HOLD
2025-08-12 20:02:15 UTC,1h,BMT-USDT,BTC-USDT,0.08421,119578.2,7.042253521e-07,,30,0.0183819,0.0463469,0.0124603,1.98803e+06,0,0,0.764706,465,4,0,HOLD
2025-08-12 20:02:15 UTC,1h,BNB-USDT,BTC-USDT,832.55,119578.2,0.006962389466,,30,0.0226505,0.033941,0.00671088,3.89343e+07,0,0,0.764706,465,4,0,HOLD
2025-08-12 20:02:15 UTC,1h,BNT-USDT,BTC-USDT,0.83125,119578.2,6.951517919e-06,,30,0.0276555,0.0637821,0.0121134,1.91723e+06,0,0,0.764706,465,4,0,HOLD
2025-08-12 20:02:15 UTC,1h,BOME-USDT,BTC-USDT,0.001982,119578.2,1.657492754e-08,,30,0.0453586,0.090209,0.017695,8.90669e+06,0,0,0.764706,465,4,0,HOLD
2025-08-12 20:02:15 UTC,1h,BR-USDT,BTC-USDT,0.05007,119578.2,4.187218072e-07,,30,-0.000399281,-0.000399281,0.00112699,1.88033e+06,0,0,0.764706,465,4,0,HOLD
2025-08-12 20:02:15 UTC,1h,BRETT-USDT,BTC-USDT,0.05877,119578.2,4.914775436e-07,,30,0.0238676,0.0879304,0.019033,5.80863e+06,0,0,0.764706,465,4,0,HOLD
2025-08-12 20:02:15 UTC,1h,BROCCOLI-USDT,BTC-USDT,0.02793,119578.2,2.335710021e-07,,30,-0.00816761,0.0134253,0.0151399,6.26118e+06,0,0,0.764706,465,4,0,HOLD
2025-08-12 20:02:15 UTC,1h,BROCCOLIF3B-USDT,BTC-USDT,0.010431,119578.2,8.723161914e-08,,30,0.0106579,0.0588773,0.0116822,6.24561e+06,0,0,0.764706,465,4,0,HOLD
2025-08-12 20:02:15 UTC,1h,BSV-USDT,BTC-USDT,29.42,119578.2,0.0002460314673,,30,0.0141331,0.019404,0.0106342,2.22857e+06,0,0,0.764706,465,4,0,HOLD
2025-08-12 20:02:15 UTC,1h,BSW-USDT,BTC-USDT,0.02648,119578.2,2.21445046e-07,,30,-0.0478245,-0.0199852,0.0209862,1.98267e+06,0,0,0.764706,465,4,0,HOLD
2025-08-12 20:02:15 UTC,1h,BTC-USDT,BTC-USDT,119627,119578.2,1.000408101,,30,0.00182985,0.00712574,0.00501147,1.38674e+09,0,0,0.764706,465,4,0,HOLD
2025-08-12 20:02:15 UTC,1h,BULLA-USDT,BTC-USDT,0.08154,119578.2,6.818968675e-07,,30,-0.0289389,-0.000245218,0.0252724,6.59211e+06,0,0,0.764706,465,4,0,HOLD
2025-08-12 20:02:15 UTC,1h,C-USDT,BTC-USDT,0.26251,119578.2,2.195299812e-06,,30,0.0100423,0.0575699,0.0172184,6.44527e+06,0,0,0.764706,465,4,0,HOLD
2025-08-12 20:02:15 UTC,1h,CAKE-USDT,BTC-USDT,2.8693,119578.2,2.399517638e-05,,30,0.0317141,0.0506793,0.0102115,2.49782e+06,0,0,0.764706,465,4,0,HOLD
2025-08-12 20:02:15 UTC,1h,CARV-USDT,BTC-USDT,0.311,119578.2,2.600808509e-06,,30,0.0123698,0.0140202,0.0175471,2.13831e+06,0,0,0.764706,465,4,0,HOLD
2025-08-12 20:02:15 UTC,1h,CATI-USDT,BTC-USDT,0.0957,119578.2,8.003131005e-07,,30,0.00546333,0.0160314,0.0309822,6.93943e+06,0,0,0.764706,465,4,0,HOLD
2025-08-12 20:02:15 UTC,1h,CELO-USDT,BTC-USDT,0.3608,119578.2,3.017272379e-06,,30,0.0180587,0.0574443,0.0152637,2.30523e+06,0,0,0.764706,465,4,0,HOLD
2025-08-12 20:02:15 UTC,1h,CELR-USDT,BTC-USDT,0.00829,119578.2,6.93270178e-08,,30,0.0323786,0.0738342,0.0145614,2.09632e+06,0,0,0.764706,465,4,0,HOLD
2025-08-12 20:02:15 UTC,1h,CETUS-USDT,BTC-USDT,0.11236,119578.2,9.396361544e-07,,30,0.0215474,0.073982,0.0166366,962783,0,0,0.764706,465,4,0,HOLD
2025-08-12 20:02:15 UTC,1h,CFX-USDT,BTC-USDT,0.20062,119578.2,1.677730556e-06,,30,0.0163635,0.0283986,0.0133693,9.96405e+06,0,0,0.764706,465,4,0,HOLD
2025-08-12 20:02:15 UTC,1h,CGPT-USDT,BTC-USDT,0.10342,119578.2,8.648733632e-07,,30,0.0228464,0.0671757,0.0152223,674669,0,0,0.764706,465,4,0,HOLD
2025-08-12 20:02:15 UTC,1h,CHESS-USDT,BTC-USDT,0.07524,119578.2,6.292116791e-07,,30,-0.000398565,0.0695096,0.0174869,702114,0,0,0.764706,465,4,0,HOLD
2025-08-12 20:02:15 UTC,1h,CHILLGUY-USDT,BTC-USDT,0.05787,119578.2,4.839510881e-07,,30,0.0487495,0.0912691,0.0217606,1.68064e+06,0,0,0.764706,465,4,0,HOLD
2025-08-12 20:02:15 UTC,1h,CHR-USDT,BTC-USDT,0.0991,119578.2,8.287463768e-07,,30,0.0301455,0.0678879,0.0132622,1.94515e+06,0,0,0.764706,465,4,0,HOLD
2025-08-12 20:02:15 UTC,1h,CHZ-USDT,BTC-USDT,0.04335,119578.2,3.625242728e-07,,30,0.0287138,0.0534629,0.0110891,2.11038e+06,0,0,0.764706,465,4,0,HOLD
2025-08-12 20:02:15 UTC,1h,CKB-USDT,BTC-USDT,0.005697,119578.2,4.764246326e-08,,30,0.0294543,0.0557821,0.013052,702083,0,0,0.764706,465,4,0,HOLD
2025-08-12 20:02:15 UTC,1h,COINX-USDT,BTC-USDT,322.75,119578.2,0.002699070566,,30,0.0117238,0.00560835,0.00966914,6.23379e+06,0,0,0.764706,465,4,0,HOLD
2025-08-12 20:02:15 UTC,1h,COMP-USDT,BTC-USDT,53.09,119578.2,0.0004439772467,,30,0.019589,0.0399608,0.0128084,5.44211e+06,0,0,0.764706,465,4,0,HOLD
2025-08-12 20:02:15 UTC,1h,COOKIE-USDT,BTC-USDT,0.1559,119578.2,1.303749346e-06,,30,0.020288,0.0879274,0.0199304,6.57453e+06,0,0,0.764706,465,4,0,HOLD
2025-08-12 20:02:15 UTC,1h,CORE-USDT,BTC-USDT,0.5044,119578.2,4.218160166e-06,,30,0.0239545,0.0607781,0.0108899,1.94901e+06,0,0,0.764706,465,4,0,HOLD
2025-08-12 20:02:15 UTC,1h,COS-USDT,BTC-USDT,0.003518,119578.2,2.942007824e-08,,30,0.0205976,0.0476474,0.0106798,447238,0,0,0.764706,465,4,0,HOLD
2025-08-12 20:02:15 UTC,1h,COTI-USDT,BTC-USDT,0.05594,119578.2,4.678110224e-07,,30,0.0266104,0.06269,0.0133817,507961,0,0,0.764706,465,4,0,HOLD
2025-08-12 20:02:15 UTC,1h,COW-USDT,BTC-USDT,0.4311,119578.2,3.60517218e-06,,30,0.0345572,0.0694617,0.0165855,6.65582e+06,0,0,0.764706,465,4,0,HOLD
2025-08-12 20:02:15 UTC,1h,CRCLX-USDT,BTC-USDT,164.24,119578.2,0.0013734945,,30,-0.0606269,0.00736016,0.0314522,6.25497e+06,0,0,0.764706,465,4,0,HOLD
2025-08-12 20:02:15 UTC,1h,CROSS-USDT,BTC-USDT,0.31453,119578.2,2.63032894e-06,,30,-0.00297968,0.00399004,0.0126583,6.34589e+06,0,0,0.764706,465,4,0,HOLD
2025-08-12 20:02:15 UTC,1h,CRV-USDT,BTC-USDT,0.9873,119578.2,8.256521674e-06,,30,0.0341469,0.0696641,0.0173995,1.63822e+07,0,0,0.764706,465,4,0,HOLD
2025-08-12 20:02:15 UTC,1h,CTC-USDT,BTC-USDT,0.741,119578.2,6.196781688e-06,,30,0.0188368,0.0506168,0.014199,1.23874e+06,0,0,0.764706,465,4,0,HOLD
2025-08-12 20:02:15 UTC,1h,CTK-USDT,BTC-USDT,0.3559,119578.2,2.97629501e-06,,30,-0.00835887,0.0551438,0.0160358,6.43233e+06,0,0,0.764706,465,4,0,HOLD
2025-08-12 20:02:15 UTC,1h,CUDIS-USDT,BTC-USDT,0.0755,119578.2,6.313859884e-07,,30,0.0710739,0.0999417,0.0457994,6.94302e+06,0,0,0.764706,465,4,0,HOLD
2025-08-12 20:02:15 UTC,1h,CVC-USDT,BTC-USDT,0.09807,119578.2,8.201327667e-07,,30,0.0276643,0.0529311,0.00935192,1.87754e+06,0,0,0.764706,465,4,0,HOLD
2025-08-12 20:02:15 UTC,1h,CYBER-USDT,BTC-USDT,3.0719,119578.2,2.568946514e-05,,30,0.0582906,-0.0635308,0.160908,6.20996e+07,0,0,0.764706,465,4,0,HOLD
2025-08-12 20:02:15 UTC,1h,D-USDT,BTC-USDT,0.0369,119578.2,3.085846751e-07,,30,0.025,0.0533828,0.0130468,6.23577e+06,0,0,0.764706,465,4,0,HOLD
2025-08-12 20:02:15 UTC,1h,DBR-USDT,BTC-USDT,0.02487,119578.2,2.079810534e-07,,30,0.00851582,0.0180106,0.00853007,425095,0,0,0.764706,465,4,0,HOLD
2025-08-12 20:02:15 UTC,1h,DEEP-USDT,BTC-USDT,0.16973,119578.2,1.419405878e-06,,30,0.0628053,0.131081,0.0186641,6.73593e+06,0,0,0.764706,465,4,0,HOLD
2025-08-12 20:02:15 UTC,1h,DEGEN-USDT,BTC-USDT,0.004038,119578.2,3.376869697e-08,,30,0.0132999,0.0753662,0.0188035,564365,0,0,0.764706,465,4,0,HOLD
2025-08-12 20:02:15 UTC,1h,DEGO-USDT,BTC-USDT,1.2386,119578.2,1.03580753e-05,,30,0.00830348,0.0121762,0.0170065,842516,0,0,0.764706,465,4,0,HOLD
2025-08-12 20:02:15 UTC,1h,DF-USDT,BTC-USDT,0.03039,119578.2,2.541433137e-07,,30,0.0184316,0.0530146,0.0114699,276417,0,0,0.764706,465,4,0,HOLD
2025-08-12 20:02:15 UTC,1h,DIA-USDT,BTC-USDT,0.8435,119578.2,7.053961341e-06,,30,0.0133349,0.041358,0.0212888,6.30041e+06,0,0,0.764706,465,4,0,HOLD
2025-08-12 20:02:15 UTC,1h,DMC-USDT,BTC-USDT,0.004777,119578.2,3.99487532e-08,,30,0.00251836,0.018333,0.0149825,6.27163e+06,0,0,0.764706,465,4,0,HOLD
2025-08-12 20:02:15 UTC,1h,DOG-USDT,BTC-USDT,0.00349,119578.2,2.918592185e-08,,30,0.0160116,0.0598239,0.0170896,745241,0,0,0.764706,465,4,0,HOLD
2025-08-12 20:02:15 UTC,1h,DOGE-USDT,BTC-USDT,0.23588,119578.2,1.972600357e-06,,30,0.0403105,0.0546837,0.0132846,1.39612e+08,0,0,0.764706,465,4,0,HOLD
2025-08-12 20:02:15 UTC,1h,DOGS-USDT,BTC-USDT,0.0001476,119578.2,1.234338701e-09,,30,0.0172295,0.055794,0.0160182,802078,0,0,0.764706,465,4,0,HOLD
2025-08-12 20:02:15 UTC,1h,DOLO-USDT,BTC-USDT,0.226823,119578.2,1.896859126e-06,,30,-0.068351,-0.0746073,0.0345549,7.39084e+06,0,0,0.764706,465,4,0,HOLD
2025-08-12 20:02:15 UTC,1h,DOOD-USDT,BTC-USDT,0.0038048,119578.2,3.181850872e-08,,30,0.0147216,0.0504694,0.0153547,6.32205e+06,0,0,0.764706,465,4,0,HOLD
2025-08-12 20:02:15 UTC,1h,DOT-USDT,BTC-USDT,4.181,119578.2,3.496456712e-05,,30,0.0408265,0.0764676,0.0149827,1.82718e+07,0,0,0.764706,465,4,0,HOLD
2025-08-12 20:02:15 UTC,1h,DRIFT-USDT,BTC-USDT,0.573,119578.2,4.791843329e-06,,30,0.0307609,0.055443,0.012927,6.42236e+06,0,0,0.764706,465,4,0,HOLD
2025-08-12 20:02:15 UTC,1h,DUSK-USDT,BTC-USDT,0.06832,119578.2,5.713415991e-07,,30,0.020768,0.065336,0.014522,276749,0,0,0.764706,465,4,0,HOLD
2025-08-12 20:02:15 UTC,1h,DYDX-USDT,BTC-USDT,0.6706,119578.2,5.608045614e-06,,30,0.0242859,0.0530779,0.0161689,6.22667e+06,0,0,0.764706,465,4,0,HOLD
2025-08-12 20:02:15 UTC,1h,DYM-USDT,BTC-USDT,0.2664,119578.2,2.227830825e-06,,30,0.0398126,0.0724638,0.0191978,3.26109e+06,0,0,0.764706,465,4,0,HOLD
2025-08-12 20:02:15 UTC,1h,EDU-USDT,BTC-USDT,0.148,119578.2,1.237683792e-06,,30,-0.00470746,-0.0320471,0.0499035,5.7822e+06,0,0,0.764706,465,4,0,HOLD
2025-08-12 20:02:15 UTC,1h,EGLD-USDT,BTC-USDT,16.09,119578.2,0.0001345562987,,30,0.0337959,0.0696005,0.0124212,3.17965e+06,0,0,0.764706,465,4,0,HOLD
2025-08-12 20:02:15 UTC,1h,EIGEN-USDT,BTC-USDT,1.414,119578.2,1.182489785e-05,,30,0.0161696,0.0411604,0.0216003,5.70864e+06,0,0,0.764706,465,4,0,HOLD
2025-08-12 20:02:15 UTC,1h,ELX-USDT,BTC-USDT,0.1759,119578.2,1.471003912e-06,,30,0.0365351,0.0470238,0.0173394,472329,0,0,0.764706,465,4,0,HOLD
2025-08-12 20:02:15 UTC,1h,ENA-USDT,BTC-USDT,0.8126,119578.2,6.795553036e-06,,30,0.0177856,0.0289984,0.0271967,1.01025e+08,0,0,0.764706,465,4,0,HOLD
2025-08-12 20:02:15 UTC,1h,ENJ-USDT,BTC-USDT,0.07455,119578.2,6.234413965e-07,,30,0.0388796,0.0721991,0.0135767,2.05809e+06,0,0,0.764706,465,4,0,HOLD
2025-08-12 20:02:15 UTC,1h,ENS-USDT,BTC-USDT,29.315,119578.2,0.0002451533808,,30,0.0181294,0.0444278,0.0140274,1.23438e+07,0,0,0.764706,465,4,0,HOLD
2025-08-12 20:02:15 UTC,1h,EPIC-USDT,BTC-USDT,2.1056,119578.2,1.760856076e-05,,30,-0.00425612,-0.00251078,0.0131283,2.0342e+06,0,0,0.764706,465,4,0,HOLD
2025-08-12 20:02:15 UTC,1h,EPT-USDT,BTC-USDT,0.004388,119578.2,3.669565188e-08,,30,0.0126933,0.0398104,0.0134783,6.33473e+06,0,0,0.764706,465,4,0,HOLD
2025-08-12 20:02:15 UTC,1h,ERA-USDT,BTC-USDT,1.0335,119578.2,8.642879722e-06,,30,0.015625,0.0175249,0.0144101,8.29059e+06,0,0,0.764706,465,4,0,HOLD
2025-08-12 20:02:15 UTC,1h,ES-USDT,BTC-USDT,0.2175,119578.2,1.81889341e-06,,30,-0.000459559,0.0308057,0.0184565,6.27075e+06,0,0,0.764706,465,4,0,HOLD
2025-08-12 20:02:15 UTC,1h,ESPORTS-USDT,BTC-USDT,0.1275,119578.2,1.066247861e-06,,30,-0.0237366,-0.00546022,0.0177031,6.60112e+06,0,0,0.764706,465,4,0,HOLD
2025-08-12 20:02:15 UTC,1h,ETC-USDT,BTC-USDT,23.616,119578.2,0.0001974941921,,30,0.0320776,0.0580171,0.0138798,1.27836e+07,0,0,0.764706,465,4,0,HOLD
2025-08-12 20:02:15 UTC,1h,ETH-USDT,BTC-USDT,4509.73,119578.2,0.0377136468,,30,0.0218128,0.0465086,0.0109075,2.68612e+09,0,0,0.764706,465,4,0,HOLD
2025-08-12 20:02:15 UTC,1h,ETHFI-USDT,BTC-USDT,1.2378,119578.2,1.035138512e-05,,30,0.0271347,0.0478287,0.0233998,1.30841e+07,0,0,0.764706,465,4,0,HOLD
2025-08-12 20:02:15 UTC,1h,ETHW-USDT,BTC-USDT,1.7404,119578.2,1.455449237e-05,,30,0.0297616,0.0642696,0.0142127,1.99535e+06,0,0,0.764706,465,4,0,HOLD
2025-08-12 20:02:15 UTC,1h,F-USDT,BTC-USDT,0.007965,119578.2,6.66091311e-08,,30,0.0158143,0.0253605,0.0125908,6.26138e+06,0,0,0.764706,465,4,0,HOLD
2025-08-12 20:02:15 UTC,1h,FARTCOIN-USDT,BTC-USDT,0.9863,119578.2,8.248158945e-06,,30,0.121815,0.172771,0.0288959,7.33109e+07,0,0,0.764706,465,4,0,HOLD
2025-08-12 20:02:15 UTC,1h,FET-USDT,BTC-USDT,0.7271,119578.2,6.080539764e-06,,30,0.0277032,0.0507225,0.0140578,5.67931e+06,0,0,0.764706,465,4,0,HOLD
2025-08-12 20:02:15 UTC,1h,FHE-USDT,BTC-USDT,0.06374,119578.2,5.330403033e-07,,30,0.00663298,0.00790639,0.0179748,6.44458e+06,0,0,0.764706,465,4,0,HOLD
2025-08-12 20:02:15 UTC,1h,FIDA-USDT,BTC-USDT,0.10593,119578.2,8.858638113e-07,,30,0.0444685,0.0962434,0.0169856,888809,0,0,0.764706,465,4,0,HOLD
2025-08-12 20:02:15 UTC,1h,FIL-USDT,BTC-USDT,2.638,119578.2,2.206087732e-05,,30,0.0381739,0.0658586,0.0121846,9.84621e+06,0,0,0.764706,465,4,0,HOLD
2025-08-12 20:02:15 UTC,1h,FIO-USDT,BTC-USDT,0.02106,119578.2,1.761190585e-07,,30,0.00862069,0.0461997,0.0178741,6.42381e+06,0,0,0.764706,465,4,0,HOLD
2025-08-12 20:02:15 UTC,1h,FIS-USDT,BTC-USDT,0.12278,119578.2,1.026775784e-06,,30,0.0244472,0.0631223,0.0153003,6.33381e+06,0,0,0.764706,465,4,0,HOLD
2025-08-12 20:02:15 UTC,1h,FLM-USDT,BTC-USDT,0.03067,119578.2,2.564848777e-07,,30,0.0219927,0.0623485,0.0128557,720331,0,0,0.764706,465,4,0,HOLD
2025-08-12 20:02:15 UTC,1h,FLOCK-USDT,BTC-USDT,0.18869,119578.2,1.577963207e-06,,30,0.00340335,0.0492688,0.0319534,6.50851e+06,0,0,0.764706,465,4,0,HOLD
2025-08-12 20:02:15 UTC,1h,FLOKI-USDT,BTC-USDT,0.00011562,119578.2,9.668986488e-10,,30,0.0415278,0.0658186,0.0149628,6.36035e+06,0,0,0.764706,465,4,0,HOLD
2025-08-12 20:02:15 UTC,1h,FLOW-USDT,BTC-USDT,0.389,119578.2,3.253101318e-06,,30,0.0291005,0.0570652,0.0113845,2.31848e+06,0,0,0.764706,465,4,0,HOLD
2025-08-12 20:02:15 UTC,1h,FLUX-USDT,BTC-USDT,0.2306,119578.2,1.928445151e-06,,30,0.0244336,0.064144,0.0154256,426593,0,0,0.764706,465,4,0,HOLD
2025-08-12 20:02:15 UTC,1h,FORM-USDT,BTC-USDT,3.7896,119578.2,3.169139525e-05,,30,0.00137406,-0.0117353,0.00713607,2.16165e+06,0,0,0.764706,465,4,0,HOLD
2025-08-12 20:02:15 UTC,1h,FORTH-USDT,BTC-USDT,2.8532,119578.2,2.386053645e-05,,30,0.00837604,0.0321227,0.0175642,981836,0,0,0.764706,465,4,0,HOLD
2025-08-12 20:02:15 UTC,1h,FRAG-USDT,BTC-USDT,0.04402,119578.2,3.681273008e-07,,30,0.0152214,0.0453574,0.0224898,6.2649e+06,0,0,0.764706,465,4,0,HOLD
2025-08-12 20:02:15 UTC,1h,FUEL-USDT,BTC-USDT,0.00744,119578.2,6.221869873e-08,,30,-0.00268097,-0.0249017,0.0143049,332820,0,0,0.764706,465,4,0,HOLD
2025-08-12 20:02:15 UTC,1h,FUNTOKEN-USDT,BTC-USDT,0.009302,119578.2,7.779009886e-08,,30,-0.0167019,0.0244493,0.0303391,8.51041e+06,0,0,0.764706,465,4,0,HOLD
2025-08-12 20:02:15 UTC,1h,FXS-USDT,BTC-USDT,3.1672,119578.2,2.648643315e-05,,30,0.0217104,0.048464,0.0136015,2.11737e+06,0,0,0.764706,465,4,0,HOLD
2025-08-12 20:02:15 UTC,1h,G-USDT,BTC-USDT,0.01265,119578.2,1.057885133e-07,,30,0.0437294,0.0639193,0.0124224,6.2233e+06,0,0,0.764706,465,4,0,HOLD
2025-08-12 20:02:15 UTC,1h,GALA-USDT,BTC-USDT,0.01802,119578.2,1.506963644e-07,,30,0.0368239,0.0707071,0.0163311,9.43428e+06,0,0,0.764706,465,4,0,HOLD
2025-08-12 20:02:15 UTC,1h,GAS-USDT,BTC-USDT,3.356,119578.2,2.806531625e-05,,30,0.0194411,0.0435323,0.0100885,1.91831e+06,0,0,0.764706,465,4,0,HOLD
2025-08-12 20:02:15 UTC,1h,GHST-USDT,BTC-USDT,0.5091,119578.2,4.257464989e-06,,30,-0.0135633,0.0936627,0.0289166,6.95579e+06,0,0,0.764706,465,4,0,HOLD
2025-08-12 20:02:15 UTC,1h,GLM-USDT,BTC-USDT,0.26418,119578.2,2.209265568e-06,,30,0.0201182,0.038525,0.009858,509289,0,0,0.764706,465,4,0,HOLD
2025-08-12 20:02:15 UTC,1h,GMT-USDT,BTC-USDT,0.04803,119578.2,4.016618414e-07,,30,0.036246,0.0673333,0.012403,699136,0,0,0.764706,465,4,0,HOLD
2025-08-12 20:02:15 UTC,1h,GMX-USDT,BTC-USDT,17.058,119578.2,0.0001426514197,,30,0.00946858,0.0305081,0.0164774,2.42399e+06,0,0,0.764706,465,4,0,HOLD
2025-08-12 20:02:15 UTC,1h,GOAT-USDT,BTC-USDT,0.10734,119578.2,8.976552582e-07,,30,0.0476283,0.120459,0.016849,6.60247e+06,0,0,0.764706,465,4,0,HOLD
2025-08-12 20:02:15 UTC,1h,GOR-USDT,BTC-USDT,0.01848,119578.2,1.545432194e-07,,30,0.0376193,0.127517,0.0384586,6.35886e+06,0,0,0.764706,465,4,0,HOLD
2025-08-12 20:02:15 UTC,1h,GORK-USDT,BTC-USDT,0.00852,119578.2,7.125044532e-08,,30,0.0352369,0.139037,0.0264085,6.36131e+06,0,0,0.764706,465,4,0,HOLD
2025-08-12 20:02:15 UTC,1h,GPS-USDT,BTC-USDT,0.01609,119578.2,1.345562987e-07,,30,0.0125865,0.0254939,0.0215307,6.35042e+06,0,0,0.764706,465,4,0,HOLD
2025-08-12 20:02:15 UTC,1h,GRASS-USDT,BTC-USDT,0.8097,119578.2,6.771301123e-06,,30,0.0245476,0.075156,0.024824,7.22303e+06,0,0,0.764706,465,4,0,HOLD
2025-08-12 20:02:15 UTC,1h,GRIFFAIN-USDT,BTC-USDT,0.04487,119578.2,3.752356199e-07,,30,0.0076353,0.0827703,0.0202649,6.82971e+06,0,0,0.764706,465,4,0,HOLD
2025-08-12 20:02:15 UTC,1h,GRT-USDT,BTC-USDT,0.10041,119578.2,8.39701551e-07,,30,0.0404103,0.0772449,0.0135658,2.84654e+06,0,0,0.764706,465,4,0,HOLD
2025-08-12 20:02:15 UTC,1h,GTC-USDT,BTC-USDT,0.313,119578.2,2.617533965e-06,,30,0.0330033,0.0719178,0.0159744,1.94463e+06,0,0,0.764706,465,4,0,HOLD
2025-08-12 20:02:15 UTC,1h,GUN-USDT,BTC-USDT,0.03146,119578.2,2.630914331e-07,,30,0.0264274,0.0486667,0.0165289,6.31953e+06,0,0,0.764706,465,4,0,HOLD
2025-08-12 20:02:15 UTC,1h,H-USDT,BTC-USDT,0.03784,119578.2,3.164456398e-07,,30,0.0109538,0.0316249,0.011005,6.36397e+06,0,0,0.764706,465,4,0,HOLD
2025-08-12 20:02:15 UTC,1h,HAEDAL-USDT,BTC-USDT,0.145136,119578.2,1.213732938e-06,,30,0.031103,0.0477999,0.0151493,6.25344e+06,0,0,0.764706,465,4,0,HOLD
2025-08-12 20:02:15 UTC,1h,HBAR-USDT,BTC-USDT,0.26176,119578.2,2.189027766e-06,,30,0.0288095,0.0576589,0.0110106,1.25239e+07,0,0,0.764706,465,4,0,HOLD
2025-08-12 20:02:15 UTC,1h,HEI-USDT,BTC-USDT,0.5041,119578.2,4.215651348e-06,,30,-0.0173489,0.0169457,0.0217786,817475,0,0,0.764706,465,4,0,HOLD
2025-08-12 20:02:15 UTC,1h,HFT-USDT,BTC-USDT,0.09954,119578.2,8.324259773e-07,,30,0.0238634,0.0619866,0.0238813,6.45509e+06,0,0,0.764706,465,4,0,HOLD
2025-08-12 20:02:15 UTC,1h,HIFI-USDT,BTC-USDT,0.10206,119578.2,8.535000527e-07,,30,0.119324,0.254425,0.03738,4.40785e+06,0,0,0.764706,465,4,0,HOLD
2025-08-12 20:02:15 UTC,1h,HIGH-USDT,BTC-USDT,0.6107,119578.2,5.107118187e-06,,30,0.034734,0.0661662,0.0142226,5.50395e+06,0,0,0.764706,465,4,0,HOLD
2025-08-12 20:02:15 UTC,1h,HIPPO-USDT,BTC-USDT,0.002404,119578.2,2.010399889e-08,,30,0.00417711,0.00375783,0.0264737,1.94914e+06,0,0,0.764706,465,4,0,HOLD
2025-08-12 20:02:15 UTC,1h,HIVE-USDT,BTC-USDT,0.22772,119578.2,1.904360494e-06,,30,0.0260431,0.0445872,0.00933164,406781,0,0,0.764706,465,4,0,HOLD
2025-08-12 20:02:15 UTC,1h,HMSTR-USDT,BTC-USDT,0.0007845,119578.2,6.56056037e-09,,30,0.0311514,0.0620008,0.0145953,528858,0,0,0.764706,465,4,0,HOLD
2025-08-12 20:02:15 UTC,1h,HOME-USDT,BTC-USDT,0.043563,119578.2,3.64305534e-07,,30,0.0560215,0.115199,0.019207,6.51695e+06,0,0,0.764706,465,4,0,HOLD
2025-08-12 20:02:15 UTC,1h,HOODX-USDT,BTC-USDT,114.16,119578.2,0.0009546890654,,30,-0.000875197,0.00546063,0.0101111,6.2186e+06,0,0,0.764706,465,4,0,HOLD
2025-08-12 20:02:15 UTC,1h,HOOK-USDT,BTC-USDT,0.1155,119578.2,9.658951214e-07,,30,0.03125,0.0958254,0.0233148,5.62708e+06,0,0,0.764706,465,4,0,HOLD
2025-08-12 20:02:15 UTC,1h,HOT-USDT,BTC-USDT,0.001038,119578.2,8.680512e-09,,30,0.0246792,0.0570265,0.0137627,1.89069e+06,0,0,0.764706,465,4,0,HOLD
2025-08-12 20:02:15 UTC,1h,HOUSE-USDT,BTC-USDT,0.02318,119578.2,1.938480425e-07,,30,0.0536364,0.144126,0.0367312,6.98072e+06,0,0,0.764706,465,4,0,HOLD
2025-08-12 20:02:15 UTC,1h,HUMA-USDT,BTC-USDT,0.038943,119578.2,3.256697291e-07,,30,0.0795609,0.168056,0.0249265,7.10327e+06,0,0,0.764706,465,4,0,HOLD
2025-08-12 20:02:15 UTC,1h,HYPE-USDT,BTC-USDT,44.323,119578.2,0.0003706612075,,30,0.0186151,0.0254731,0.0173306,2.33446e+07,0,0,0.764706,465,4,0,HOLD
2025-08-12 20:02:15 UTC,1h,HYPERLANE-USDT,BTC-USDT,0.389,119578.2,3.253101318e-06,,30,0.0201941,0.0473883,0.0172237,6.88201e+06,0,0,0.764706,465,4,0,HOLD
2025-08-12 20:02:15 UTC,1h,ICNT-USDT,BTC-USDT,0.3526,119578.2,2.948698007e-06,,30,-0.0248894,-0.10553,0.0648448,1.68825e+07,0,0,0.764706,465,4,0,HOLD
2025-08-12 20:02:15 UTC,1h,ICP-USDT,BTC-USDT,5.704,119578.2,4.770100236e-05,,30,0.0340827,0.0598291,0.0127354,5.01394e+06,0,0,0.764706,465,4,0,HOLD
2025-08-12 20:02:15 UTC,1h,ICX-USDT,BTC-USDT,0.1378,119578.2,1.152383963e-06,,30,0.0329835,0.0591852,0.0116629,294127,0,0,0.764706,465,4,0,HOLD
2025-08-12 20:02:15 UTC,1h,ID-USDT,BTC-USDT,0.17835,119578.2,1.491492596e-06,,30,0.0109398,0.0604709,0.0222756,2.54611e+06,0,0,0.764706,465,4,0,HOLD
2025-08-12 20:02:15 UTC,1h,IDOL-USDT,BTC-USDT,0.01667,119578.2,1.394066812e-07,,30,-0.00891795,0.0220723,0.0432771,7.32113e+06,0,0,0.764706,465,4,0,HOLD
2025-08-12 20:02:15 UTC,1h,ILV-USDT,BTC-USDT,17.735,119578.2,0.0001483129868,,30,0.00492974,0.041887,0.0167103,6.52244e+06,0,0,0.764706,465,4,0,HOLD
2025-08-12 20:02:15 UTC,1h,IMX-USDT,BTC-USDT,0.5885,119578.2,4.921465618e-06,,30,0.0158812,0.0548485,0.017757,5.83006e+06,0,0,0.764706,465,4,0,HOLD
2025-08-12 20:02:15 UTC,1h,IN-USDT,BTC-USDT,0.10545,119578.2,8.818497017e-07,,30,0.139754,0.227304,0.059981,1.03249e+07,0,0,0.764706,465,4,0,HOLD
2025-08-12 20:02:15 UTC,1h,INIT-USDT,BTC-USDT,0.4584,119578.2,3.833474663e-06,,30,-0.000654022,0.0829199,0.0233421,6.71574e+06,0,0,0.764706,465,4,0,HOLD
2025-08-12 20:02:15 UTC,1h,INJ-USDT,BTC-USDT,14.752,119578.2,0.0001233669682,,30,0.034865,0.0782049,0.0152812,3.09855e+07,0,0,0.764706,465,4,0,HOLD
2025-08-12 20:02:15 UTC,1h,IO-USDT,BTC-USDT,0.689,119578.2,5.761919815e-06,,30,0.103636,0.150635,0.0217914,9.71647e+06,0,0,0.764706,465,4,0,HOLD
2025-08-12 20:02:15 UTC,1h,IOST-USDT,BTC-USDT,0.003838,119578.2,3.209615131e-08,,30,0.0289544,0.0555556,0.0109618,1.90871e+06,0,0,0.764706,465,4,0,HOLD
2025-08-12 20:02:15 UTC,1h,IOTA-USDT,BTC-USDT,0.2122,119578.2,1.77457095e-06,,30,0.0266086,0.0657961,0.0128248,2.29479e+06,0,0,0.764706,465,4,0,HOLD
2025-08-12 20:02:15 UTC,1h,IP-USDT,BTC-USDT,5.81772,119578.2,4.865201182e-05,,30,0.00919736,0.0197259,0.0176703,1.07174e+07,0,0,0.764706,465,4,0,HOLD
2025-08-12 20:02:15 UTC,1h,JASMY-USDT,BTC-USDT,0.018899,119578.2,1.580472026e-07,,30,0.0906625,0.141175,0.0246309,5.65837e+06,0,0,0.764706,465,4,0,HOLD
2025-08-12 20:02:15 UTC,1h,JOE-USDT,BTC-USDT,0.16608,119578.2,1.38888192e-06,,30,0.0272778,0.0593864,0.0132165,1.90527e+06,0,0,0.764706,465,4,0,HOLD
2025-08-12 20:02:15 UTC,1h,JST-USDT,BTC-USDT,0.033973,119578.2,2.841069693e-07,,30,0.00798125,0.0151497,0.0055275,1.87746e+06,0,0,0.764706,465,4,0,HOLD
2025-08-12 20:02:15 UTC,1h,JTO-USDT,BTC-USDT,1.9228,119578.2,1.607985402e-05,,30,0.0554397,0.0863277,0.014707,5.22758e+06,0,0,0.764706,465,4,0,HOLD
2025-08-12 20:02:15 UTC,1h,JUP-USDT,BTC-USDT,0.5335,119578.2,4.461515561e-06,,30,0.0446446,0.0734406,0.0153702,1.14663e+07,0,0,0.764706,465,4,0,HOLD
2025-08-12 20:02:15 UTC,1h,KAIA-USDT,BTC-USDT,0.1508,119578.2,1.261099431e-06,,30,0.023761,0.0350034,0.0107048,6.47461e+06,0,0,0.764706,465,4,0,HOLD
2025-08-12 20:02:15 UTC,1h,KAITO-USDT,BTC-USDT,1.2132,119578.2,1.0145662e-05,,30,0.0153151,0.0843761,0.0172919,6.80318e+06,0,0,0.764706,465,4,0,HOLD
2025-08-12 20:02:15 UTC,1h,KAS-USDT,BTC-USDT,0.0938,119578.2,7.844239167e-07,,30,0.0418749,0.0601266,0.014834,7.73609e+06,0,0,0.764706,465,4,0,HOLD
2025-08-12 20:02:15 UTC,1h,KAVA-USDT,BTC-USDT,0.3877,119578.2,3.242229771e-06,,30,0.0143904,0.0286548,0.00545341,2.13172e+06,0,0,0.764706,465,4,0,HOLD
2025-08-12 20:02:15 UTC,1h,KDA-USDT,BTC-USDT,0.4329,119578.2,3.620225091e-06,,30,0.0321888,0.0638978,0.0158235,2.00956e+06,0,0,0.764706,465,4,0,HOLD
2025-08-12 20:02:15 UTC,1h,KERNEL-USDT,BTC-USDT,0.2035,119578.2,1.701815214e-06,,30,0.0139512,0.0441252,0.0161109,6.51598e+06,0,0,0.764706,465,4,0,HOLD
2025-08-12 20:02:15 UTC,1h,KMNO-USDT,BTC-USDT,0.05621,119578.2,4.700689591e-07,,30,0.0465463,0.0901862,0.0144611,435007,0,0,0.764706,465,4,0,HOLD
2025-08-12 20:02:15 UTC,1h,KNC-USDT,BTC-USDT,0.4253,119578.2,3.556668356e-06,,30,0.00188457,0.0280396,0.0121763,2.12924e+06,0,0,0.764706,465,4,0,HOLD
2025-08-12 20:02:15 UTC,1h,KOMA-USDT,BTC-USDT,0.02424,119578.2,2.027125346e-07,,30,-0.000412371,0.0129545,0.0106377,1.88411e+06,0,0,0.764706,465,4,0,HOLD
2025-08-12 20:02:15 UTC,1h,KSM-USDT,BTC-USDT,15.826,119578.2,0.0001323485384,,30,0.0322875,0.0652935,0.0130572,3.01152e+06,0,0,0.764706,465,4,0,HOLD
2025-08-12 20:02:15 UTC,1h,LA-USDT,BTC-USDT,0.404,119578.2,3.378542243e-06,,30,0.01,0.0924824,0.0432284,1.20721e+07,0,0,0.764706,465,4,0,HOLD
2025-08-12 20:02:15 UTC,1h,LAUNCHCOIN-USDT,BTC-USDT,0.07356,119578.2,6.151622955e-07,,30,0.05221,0.0974191,0.021984,6.51677e+06,0,0,0.764706,465,4,0,HOLD
2025-08-12 20:02:15 UTC,1h,LAYER-USDT,BTC-USDT,0.6408,119578.2,5.35883631e-06,,30,0.032882,0.0549885,0.00999866,6.35643e+06,0,0,0.764706,465,4,0,HOLD
2025-08-12 20:02:15 UTC,1h,LDO-USDT,BTC-USDT,1.5644,119578.2,1.308265219e-05,,30,0.00753526,0.0500738,0.02987,3.33761e+07,0,0,0.764706,465,4,0,HOLD
2025-08-12 20:02:15 UTC,1h,LINK-USDT,BTC-USDT,23.398,119578.2,0.0001956711173,,30,0.00550064,0.0902567,0.0212442,8.32105e+07,0,0,0.764706,465,4,0,HOLD
2025-08-12 20:02:15 UTC,1h,LISTA-USDT,BTC-USDT,0.3113,119578.2,2.603317327e-06,,30,0.0110425,0.0635463,0.0190675,4.61198e+06,0,0,0.764706,465,4,0,HOLD
2025-08-12 20:02:15 UTC,1h,LPT-USDT,BTC-USDT,6.893,119578.2,5.764428633e-05,,30,0.0402958,0.0773679,0.0146836,2.26782e+06,0,0,0.764706,465,4,0,HOLD
2025-08-12 20:02:15 UTC,1h,LQTY-USDT,BTC-USDT,1.0439,119578.2,8.729852097e-06,,30,0.0168517,0.0468311,0.0161893,966500,0,0,0.764706,465,4,0,HOLD
2025-08-12 20:02:15 UTC,1h,LRC-USDT,BTC-USDT,0.09232,119578.2,7.720470788e-07,,30,0.0439896,0.0848414,0.0149093,494495,0,0,0.764706,465,4,0,HOLD
2025-08-12 20:02:15 UTC,1h,LTC-USDT,BTC-USDT,129.03,119578.2,0.001079042836,,30,0.0539944,0.078756,0.0120238,4.31353e+07,0,0,0.764706,465,4,0,HOLD
2025-08-12 20:02:15 UTC,1h,LUMIA-USDT,BTC-USDT,0.3584,119578.2,2.997201831e-06,,30,0.0421634,0.101414,0.0207868,709453,0,0,0.764706,465,4,0,HOLD
2025-08-12 20:02:15 UTC,1h,LUNA-USDT,BTC-USDT,0.1672,119578.2,1.398248176e-06,,30,0.0114943,0.0535602,0.0145677,1.99409e+06,0,0,0.764706,465,4,0,HOLD
2025-08-12 20:02:15 UTC,1h,LUNC-USDT,BTC-USDT,6.275e-05,119578.2,5.247612023e-10,,30,0.0101417,0.0420126,0.0105521,1.13234e+06,0,0,0.764706,465,4,0,HOLD
2025-08-12 20:02:15 UTC,1h,M-USDT,BTC-USDT,0.4273,119578.2,3.573393813e-06,,30,-0.0365276,-0.0462054,0.019324,7.52688e+06,0,0,0.764706,465,4,0,HOLD
2025-08-12 20:02:15 UTC,1h,MAGIC-USDT,BTC-USDT,0.2729,119578.2,2.282188559e-06,,30,0.00701107,0.0190441,0.0294456,1.16922e+07,0,0,0.764706,465,4,0,HOLD
2025-08-12 20:02:15 UTC,1h,MANA-USDT,BTC-USDT,0.3103,119578.2,2.594954599e-06,,30,0.0339887,0.0641289,0.0133281,2.34343e+06,0,0,0.764706,465,4,0,HOLD
2025-08-12 20:02:15 UTC,1h,MANTA-USDT,BTC-USDT,0.2386,119578.2,1.995346978e-06,,30,0.0280052,0.0776874,0.0185008,1.0302e+06,0,0,0.764706,465,4,0,HOLD
2025-08-12 20:02:15 UTC,1h,MASK-USDT,BTC-USDT,1.3639,119578.2,1.140592516e-05,,30,0.0349825,0.0702291,0.0133807,2.24779e+06,0,0,0.764706,465,4,0,HOLD
2025-08-12 20:02:15 UTC,1h,MAV-USDT,BTC-USDT,0.06043,119578.2,5.053596726e-07,,30,-0.00510372,0.0935577,0.0447271,4.61116e+06,0,0,0.764706,465,4,0,HOLD
2025-08-12 20:02:15 UTC,1h,MAVIA-USDT,BTC-USDT,0.1972,119578.2,1.649130025e-06,,30,0.0260146,0.0688347,0.0282527,7.44088e+06,0,0,0.764706,465,4,0,HOLD
2025-08-12 20:02:15 UTC,1h,MBOX-USDT,BTC-USDT,0.06167,119578.2,5.157294557e-07,,30,0.0220418,0.0897685,0.0183349,783842,0,0,0.764706,465,4,0,HOLD
2025-08-12 20:02:15 UTC,1h,ME-USDT,BTC-USDT,0.7501,119578.2,6.272882515e-06,,30,0.0195732,0.042095,0.0112652,833935,0,0,0.764706,465,4,0,HOLD
2025-08-12 20:02:15 UTC,1h,MELANIA-USDT,BTC-USDT,0.2282,119578.2,1.908374603e-06,,30,0.0297834,0.0693533,0.0145549,783903,0,0,0.764706,465,4,0,HOLD
2025-08-12 20:02:15 UTC,1h,MEME-USDT,BTC-USDT,0.001813,119578.2,1.516162645e-08,,30,0.0248728,0.0645919,0.0159956,2.21482e+06,0,0,0.764706,465,4,0,HOLD
2025-08-12 20:02:15 UTC,1h,MERL-USDT,BTC-USDT,0.11677,119578.2,9.765157863e-07,,30,0.0106457,0.0492407,0.0121423,6.24765e+06,0,0,0.764706,465,4,0,HOLD
2025-08-12 20:02:15 UTC,1h,METAX-USDT,BTC-USDT,790.3,119578.2,0.006609064194,,30,0.00456331,0.0285008,0.00825455,6.23741e+06,0,0,0.764706,465,4,0,HOLD
2025-08-12 20:02:15 UTC,1h,METIS-USDT,BTC-USDT,18.38,119578.2,0.0001537069466,,30,0.00327511,0.0575374,0.0190036,2.09618e+06,0,0,0.764706,465,4,0,HOLD
2025-08-12 20:02:15 UTC,1h,MEW-USDT,BTC-USDT,0.003359,119578.2,2.809040444e-08,,30,0.0559572,0.0944933,0.0169481,3.49427e+06,0,0,0.764706,465,4,0,HOLD
2025-08-12 20:02:15 UTC,1h,MILK-USDT,BTC-USDT,0.05305,119578.2,4.436427376e-07,,30,0.0124046,0.0416258,0.0131547,6.2744e+06,0,0,0.764706,465,4,0,HOLD
2025-08-12 20:02:15 UTC,1h,MINA-USDT,BTC-USDT,0.2005,119578.2,1.676727029e-06,,30,0.0319094,0.0704752,0.0141788,2.08031e+06,0,0,0.764706,465,4,0,HOLD
2025-08-12 20:02:15 UTC,1h,MKR-USDT,BTC-USDT,2024.1,119578.2,0.0169269984,,30,0.0151971,0.00282402,0.0129687,7.20406e+06,0,0,0.764706,465,4,0,HOLD
2025-08-12 20:02:15 UTC,1h,MLN-USDT,BTC-USDT,9.496,119578.2,7.941246816e-05,,30,0.117966,0.152287,0.027395,6.87183e+06,0,0,0.764706,465,4,0,HOLD
2025-08-12 20:02:15 UTC,1h,MNT-USDT,BTC-USDT,1.04014,119578.2,8.698408238e-06,,30,0.0150084,0.0271365,0.0160404,7.17819e+06,0,0,0.764706,465,4,0,HOLD
2025-08-12 20:02:15 UTC,1h,MOODENG-USDT,BTC-USDT,0.1795,119578.2,1.501109734e-06,,30,0.0177468,0.0226755,0.017879,1.03718e+07,0,0,0.764706,465,4,0,HOLD
2025-08-12 20:02:15 UTC,1h,MORPHO-USDT,BTC-USDT,2.1756,119578.2,1.819395174e-05,,30,0.0182533,0.0618381,0.0161433,729099,0,0,0.764706,465,4,0,HOLD
2025-08-12 20:02:15 UTC,1h,MOVE-USDT,BTC-USDT,0.1432,119578.2,1.197542696e-06,,30,0.0112994,0.0521675,0.0120211,6.82519e+06,0,0,0.764706,465,4,0,HOLD
2025-08-12 20:02:15 UTC,1h,MOVR-USDT,BTC-USDT,6.704,119578.2,5.606373068e-05,,30,0.00119474,0.0166818,0.0142133,1.95348e+06,0,0,0.764706,465,4,0,HOLD
2025-08-12 20:02:15 UTC,1h,MTL-USDT,BTC-USDT,0.7747,119578.2,6.478605632e-06,,30,0.0278625,0.054157,0.0106401,540269,0,0,0.764706,465,4,0,HOLD
2025-08-12 20:02:15 UTC,1h,MUBARAK-USDT,BTC-USDT,0.03802,119578.2,3.179509309e-07,,30,0.00184453,0.0758347,0.0176223,2.32422e+06,0,0,0.764706,465,4,0,HOLD
2025-08-12 20:02:15 UTC,1h,MYRO-USDT,BTC-USDT,0.02781,119578.2,2.325674747e-07,,30,0.0258207,0.134639,0.0372425,4.15814e+06,0,0,0.764706,465,4,0,HOLD
2025-08-12 20:02:15 UTC,1h,MYX-USDT,BTC-USDT,1.70249,119578.2,1.423746134e-05,,30,-0.00107374,0.0527849,0.0223274,1.36766e+07,0,0,0.764706,465,4,0,HOLD
2025-08-12 20:02:15 UTC,1h,NAORIS-USDT,BTC-USDT,0.03191,119578.2,2.668546608e-07,,30,0.0253856,0.076949,0.0269508,6.55812e+06,0,0,0.764706,465,4,0,HOLD
2025-08-12 20:02:15 UTC,1h,NEAR-USDT,BTC-USDT,2.7954,119578.2,2.337717076e-05,,30,0.039414,0.0695592,0.0141329,1.31106e+07,0,0,0.764706,465,4,0,HOLD
2025-08-12 20:02:15 UTC,1h,NEIROCTO-USDT,BTC-USDT,0.0004326,119578.2,3.617716273e-09,,30,0.0409047,0.0949127,0.0184103,7.025e+06,0,0,0.764706,465,4,0,HOLD
2025-08-12 20:02:15 UTC,1h,NEIROETH-USDT,BTC-USDT,0.12169,119578.2,1.01766041e-06,,30,-0.00620661,-0.0257786,0.0208962,1.33683e+06,0,0,0.764706,465,4,0,HOLD
2025-08-12 20:02:15 UTC,1h,NEO-USDT,BTC-USDT,6.598,119578.2,5.517728148e-05,,30,0.0322278,0.063336,0.0132399,2.84919e+06,0,0,0.764706,465,4,0,HOLD
2025-08-12 20:02:15 UTC,1h,NEWT-USDT,BTC-USDT,0.3531,119578.2,2.952879371e-06,,30,0.0324561,0.0543446,0.0137962,6.44958e+06,0,0,0.764706,465,4,0,HOLD
2025-08-12 20:02:15 UTC,1h,NFP-USDT,BTC-USDT,0.07437,119578.2,6.219361054e-07,,30,0.0262177,0.0680741,0.0173745,558091,0,0,0.764706,465,4,0,HOLD
2025-08-12 20:02:15 UTC,1h,NIL-USDT,BTC-USDT,0.3172,119578.2,2.652657424e-06,,30,0.0192802,0.058745,0.0166186,6.27781e+06,0,0,0.764706,465,4,0,HOLD
2025-08-12 20:02:15 UTC,1h,NMR-USDT,BTC-USDT,9.137,119578.2,7.641024869e-05,,30,0.0285939,0.0709095,0.0127738,4.22363e+06,0,0,0.764706,465,4,0,HOLD
2025-08-12 20:02:15 UTC,1h,NOT-USDT,BTC-USDT,0.002189,119578.2,1.83060123e-08,,30,-0.00227894,0.0162488,0.0162827,5.36652e+06,0,0,0.764706,465,4,0,HOLD
2025-08-12 20:02:15 UTC,1h,NTRN-USDT,BTC-USDT,0.09877,119578.2,8.259866765e-07,,30,0.0768644,0.129962,0.024241,2.16671e+06,0,0,0.764706,465,4,0,HOLD
2025-08-12 20:02:15 UTC,1h,NVDAX-USDT,BTC-USDT,182.86,119578.2,0.001529208501,,30,0.00782628,0.00677201,0.00563663,6.2292e+06,0,0,0.764706,465,4,0,HOLD
2025-08-12 20:02:15 UTC,1h,NXPC-USDT,BTC-USDT,0.93496,119578.2,7.818816473e-06,,30,0.0285023,0.0474217,0.00922576,6.35651e+06,0,0,0.764706,465,4,0,HOLD
2025-08-12 20:02:15 UTC,1h,OBOL-USDT,BTC-USDT,0.13455,119578.2,1.125205096e-06,,30,0.0191638,0.0397187,0.0176037,6.33404e+06,0,0,0.764706,465,4,0,HOLD
2025-08-12 20:02:15 UTC,1h,OG-USDT,BTC-USDT,13.1772,119578.2,0.0001101973437,,30,-0.0154366,0.0180633,0.0334306,8.67787e+06,0,0,0.764706,465,4,0,HOLD
2025-08-12 20:02:15 UTC,1h,OL-USDT,BTC-USDT,0.04073,119578.2,3.406139246e-07,,30,-0.0135626,0.0327079,0.0241661,1.63741e+06,0,0,0.764706,465,4,0,HOLD
2025-08-12 20:02:15 UTC,1h,OM-USDT,BTC-USDT,0.27919,119578.2,2.334790121e-06,,30,0.0268491,0.0702676,0.0141788,8.51709e+06,0,0,0.764706,465,4,0,HOLD
2025-08-12 20:02:15 UTC,1h,OMNINETWORK-USDT,BTC-USDT,4.417,119578.2,3.6938171e-05,,30,0.0224537,0.0390496,0.0148776,1.4201e+06,0,0,0.764706,465,4,0,HOLD
2025-08-12 20:02:15 UTC,1h,ONDO-USDT,BTC-USDT,1.0513,119578.2,8.791736286e-06,,30,0.0167311,0.0641765,0.0156881,1.94685e+07,0,0,0.764706,465,4,0,HOLD
2025-08-12 20:02:15 UTC,1h,ONE-USDT,BTC-USDT,0.01133,119578.2,9.47497119e-08,,30,0.0309372,0.0618557,0.0157609,2.04633e+06,0,0,0.764706,465,4,0,HOLD
2025-08-12 20:02:15 UTC,1h,ONG-USDT,BTC-USDT,0.18002,119578.2,1.505458353e-06,,30,0.0206951,0.0446843,0.00985208,266125,0,0,0.764706,465,4,0,HOLD
2025-08-12 20:02:15 UTC,1h,ONT-USDT,BTC-USDT,0.1447,119578.2,1.210086788e-06,,30,0.0313614,0.0616288,0.0127357,1.87727e+06,0,0,0.764706,465,4,0,HOLD
2025-08-12 20:02:15 UTC,1h,OP-USDT,BTC-USDT,0.7886,119578.2,6.594847556e-06,,30,0.0220321,0.048252,0.0156607,1.45618e+07,0,0,0.764706,465,4,0,HOLD
2025-08-12 20:02:15 UTC,1h,ORCA-USDT,BTC-USDT,2.616,119578.2,2.187689729e-05,,30,0.0283019,0.0368609,0.0176114,7.19645e+06,0,0,0.764706,465,4,0,HOLD
2025-08-12 20:02:15 UTC,1h,ORDER-USDT,BTC-USDT,0.124,119578.2,1.036978312e-06,,30,0.0299003,0.0499577,0.018606,434683,0,0,0.764706,465,4,0,HOLD
2025-08-12 20:02:15 UTC,1h,ORDI-USDT,BTC-USDT,10.265,119578.2,8.584340624e-05,,30,0.0398096,0.0749817,0.0174588,6.96495e+06,0,0,0.764706,465,4,0,HOLD
2025-08-12 20:02:15 UTC,1h,OXT-USDT,BTC-USDT,0.05741,119578.2,4.80104233e-07,,30,0.0415457,0.0537812,0.0104636,1.89228e+06,0,0,0.764706,465,4,0,HOLD
2025-08-12 20:02:15 UTC,1h,PARTI-USDT,BTC-USDT,0.1968,119578.2,1.645784934e-06,,30,0.0165289,0.0807249,0.0198171,6.44163e+06,0,0,0.764706,465,4,0,HOLD
2025-08-12 20:02:15 UTC,1h,PAXG-USDT,BTC-USDT,3342.75,119578.2,0.0279545101,,30,0.00232985,-0.0017619,0.00234602,6.93986e+06,0,0,0.764706,465,4,0,HOLD
2025-08-12 20:02:15 UTC,1h,PENDLE-USDT,BTC-USDT,5.5916,119578.2,4.676103169e-05,,30,0.00109211,0.02732,0.0190694,1.39151e+07,0,0,0.764706,465,4,0,HOLD
2025-08-12 20:02:15 UTC,1h,PENGU-USDT,BTC-USDT,0.037256,119578.2,3.115618064e-07,,30,0.0266472,0.0575678,0.0191954,2.88013e+07,0,0,0.764706,465,4,0,HOLD
2025-08-12 20:02:15 UTC,1h,PEOPLE-USDT,BTC-USDT,0.02064,119578.2,1.726067126e-07,,30,0.041898,0.0937997,0.017961,5.89762e+06,0,0,0.764706,465,4,0,HOLD
2025-08-12 20:02:15 UTC,1h,PERP-USDT,BTC-USDT,0.2973,119578.2,2.486239131e-06,,30,0.0301455,0.0686556,0.0144155,1.98574e+06,0,0,0.764706,465,4,0,HOLD
2025-08-12 20:02:15 UTC,1h,PHA-USDT,BTC-USDT,0.11181,119578.2,9.350366538e-07,,30,0.0225901,0.0580053,0.0133645,415498,0,0,0.764706,465,4,0,HOLD
2025-08-12 20:02:15 UTC,1h,PHB-USDT,BTC-USDT,0.609,119578.2,5.092901549e-06,,30,0.0238736,0.0593147,0.0164204,2.01696e+06,0,0,0.764706,465,4,0,HOLD
2025-08-12 20:02:15 UTC,1h,PI-USDT,BTC-USDT,0.3903,119578.2,3.263972865e-06,,30,0.0137662,0.0290008,0.0112185,8.82236e+06,0,0,0.764706,465,4,0,HOLD
2025-08-12 20:02:15 UTC,1h,PIXEL-USDT,BTC-USDT,0.03667,119578.2,3.066612476e-07,,30,0.0294778,0.0719088,0.0177646,426877,0,0,0.764706,465,4,0,HOLD
2025-08-12 20:02:15 UTC,1h,PLAYSOUT-USDT,BTC-USDT,0.04596,119578.2,3.843509937e-07,,30,-0.0748792,-0.0212947,0.0413248,6.64505e+06,0,0,0.764706,465,4,0,HOLD
2025-08-12 20:02:15 UTC,1h,PLUME-USDT,BTC-USDT,0.09933,119578.2,8.306698044e-07,,30,0.041741,0.0817905,0.0174311,6.42218e+06,0,0,0.764706,465,4,0,HOLD
2025-08-12 20:02:15 UTC,1h,PNUT-USDT,BTC-USDT,0.25539,119578.2,2.135757187e-06,,30,0.0266522,0.0780498,0.015928,8.32035e+06,0,0,0.764706,465,4,0,HOLD
2025-08-12 20:02:15 UTC,1h,POL-USDT,BTC-USDT,0.24789,119578.2,2.073036724e-06,,30,0.0252709,0.0558845,0.0128744,7.61705e+06,0,0,0.764706,465,4,0,HOLD
2025-08-12 20:02:15 UTC,1h,POLYX-USDT,BTC-USDT,0.14692,119578.2,1.228652045e-06,,30,0.0265511,0.05319,0.00991793,1.90859e+06,0,0,0.764706,465,4,0,HOLD
2025-08-12 20:02:15 UTC,1h,PONKE-USDT,BTC-USDT,0.12361,119578.2,1.033716848e-06,,30,0.0567667,0.105536,0.0200689,6.34406e+06,0,0,0.764706,465,4,0,HOLD
2025-08-12 20:02:15 UTC,1h,POPCAT-USDT,BTC-USDT,0.3333,119578.2,2.78729735e-06,,30,0.0504255,0.0978261,0.0191376,9.39597e+06,0,0,0.764706,465,4,0,HOLD
2025-08-12 20:02:15 UTC,1h,PORT3-USDT,BTC-USDT,0.04546,119578.2,3.801696296e-07,,30,0.000220022,0.0102222,0.0304663,9.97288e+06,0,0,0.764706,465,4,0,HOLD
2025-08-12 20:02:15 UTC,1h,PORTAL-USDT,BTC-USDT,0.05112,119578.2,4.275026719e-07,,30,0.0191388,0.0507708,0.0192684,768897,0,0,0.764706,465,4,0,HOLD
2025-08-12 20:02:15 UTC,1h,POWR-USDT,BTC-USDT,0.179,119578.2,1.49692837e-06,,30,0.026965,0.0535609,0.0108939,1.89348e+06,0,0,0.764706,465,4,0,HOLD
2025-08-12 20:02:15 UTC,1h,PRCL-USDT,BTC-USDT,0.0918,119578.2,7.676984601e-07,,30,0.0121279,0.0674419,0.0177404,6.26198e+06,0,0,0.764706,465,4,0,HOLD
2025-08-12 20:02:15 UTC,1h,PROM-USDT,BTC-USDT,9.83,119578.2,8.220561942e-05,,30,-0.0345708,-0.0163114,0.0246258,6.07792e+06,0,0,0.764706,465,4,0,HOLD
2025-08-12 20:02:15 UTC,1h,PROMPT-USDT,BTC-USDT,0.12678,119578.2,1.060226697e-06,,30,0.0139966,0.0582638,0.015319,6.32338e+06,0,0,0.764706,465,4,0,HOLD
2025-08-12 20:02:15 UTC,1h,PROVE-USDT,BTC-USDT,1.4169,119578.2,1.184914976e-05,,30,-0.0413396,-0.069604,0.0358529,4.0576e+07,0,0,0.764706,465,4,0,HOLD
2025-08-12 20:02:15 UTC,1h,PUFFER-USDT,BTC-USDT,0.2349,119578.2,1.964404883e-06,,30,-0.00339415,0.0389208,0.0217722,656986,0,0,0.764706,465,4,0,HOLD
2025-08-12 20:02:15 UTC,1h,PUMP-USDT,BTC-USDT,0.004015,119578.2,3.357635422e-08,,30,0.0928144,0.144853,0.0276997,4.79206e+07,0,0,0.764706,465,4,0,HOLD
2025-08-12 20:02:15 UTC,1h,PUMPBTC-USDT,BTC-USDT,0.04254,119578.2,3.557504629e-07,,30,0.0184343,0.0398436,0.0183693,3.19812e+06,0,0,0.764706,465,4,0,HOLD
2025-08-12 20:02:15 UTC,1h,PUNDIX-USDT,BTC-USDT,0.3215,119578.2,2.688617156e-06,,30,0.0268285,0.0458686,0.0114197,6.22735e+06,0,0,0.764706,465,4,0,HOLD
2025-08-12 20:02:15 UTC,1h,PYTH-USDT,BTC-USDT,0.12952,119578.2,1.083140572e-06,,30,0.03616,0.0822193,0.0154637,2.37442e+06,0,0,0.764706,465,4,0,HOLD
2025-08-12 20:02:15 UTC,1h,QNT-USDT,BTC-USDT,114.08,119578.2,0.0009540200471,,30,0.0151272,0.0385071,0.00940443,2.32362e+06,0,0,0.764706,465,4,0,HOLD
2025-08-12 20:02:15 UTC,1h,QUICK-USDT,BTC-USDT,0.0246,119578.2,2.057231168e-07,,30,0.0237203,0.0585198,0.0146051,1.88224e+06,0,0,0.764706,465,4,0,HOLD
2025-08-12 20:02:15 UTC,1h,RARE-USDT,BTC-USDT,0.0603,119578.2,5.042725179e-07,,30,0.00466511,0.0391177,0.0119758,9.29886e+06,0,0,0.764706,465,4,0,HOLD
2025-08-12 20:02:15 UTC,1h,RATS-USDT,BTC-USDT,1.736e-05,119578.2,1.451769637e-10,,30,0.017585,0.0762554,0.015265,2.60749e+06,0,0,0.764706,465,4,0,HOLD
2025-08-12 20:02:15 UTC,1h,RAY-USDT,BTC-USDT,3.2851,119578.2,2.747239882e-05,,30,0.0259525,0.0768348,0.0178512,2.04904e+06,0,0,0.764706,465,4,0,HOLD
2025-08-12 20:02:15 UTC,1h,RDO-USDT,BTC-USDT,0.000901,119578.2,7.534818219e-09,,30,0.13191,0.214286,0.0437609,1.30741e+06,0,0,0.764706,465,4,0,HOLD
2025-08-12 20:02:15 UTC,1h,REDSTONE-USDT,BTC-USDT,0.417,119578.2,3.487257711e-06,,30,-0.0190543,0.0203083,0.0170778,6.28308e+06,0,0,0.764706,465,4,0,HOLD
2025-08-12 20:02:15 UTC,1h,RENDER-USDT,BTC-USDT,4.079,119578.2,3.411156883e-05,,30,0.0512887,0.0868638,0.0149722,5.93154e+06,0,0,0.764706,465,4,0,HOLD
2025-08-12 20:02:15 UTC,1h,RESOLV-USDT,BTC-USDT,0.1896,119578.2,1.58557329e-06,,30,0.0175495,0.0504737,0.0190853,7.21845e+06,0,0,0.764706,465,4,0,HOLD
2025-08-12 20:02:15 UTC,1h,REX-USDT,BTC-USDT,0.02008,119578.2,1.679235847e-07,,30,0.004,0.00199601,0.0301651,6.65302e+06,0,0,0.764706,465,4,0,HOLD
2025-08-12 20:02:15 UTC,1h,REZ-USDT,BTC-USDT,0.01494,119578.2,1.249391612e-07,,30,0.010142,0.0588235,0.0244311,6.58303e+06,0,0,0.764706,465,4,0,HOLD
2025-08-12 20:02:15 UTC,1h,RFC-USDT,BTC-USDT,0.00847,119578.2,7.08323089e-08,,30,0.0561097,0.0614035,0.0183842,297915,0,0,0.764706,465,4,0,HOLD
2025-08-12 20:02:15 UTC,1h,RHEA-USDT,BTC-USDT,0.0673,119578.2,5.628116162e-07,,30,-0.00781365,0.033318,0.0292931,6.36711e+06,0,0,0.764706,465,4,0,HOLD
2025-08-12 20:02:15 UTC,1h,RLC-USDT,BTC-USDT,1.0293,119578.2,8.607756263e-06,,30,0.0404326,0.0724109,0.0164536,370862,0,0,0.764706,465,4,0,HOLD
2025-08-12 20:02:15 UTC,1h,ROAM-USDT,BTC-USDT,0.0826,119578.2,6.907613595e-07,,30,0.0159902,0.026087,0.0108959,404309,0,0,0.764706,465,4,0,HOLD
2025-08-12 20:02:15 UTC,1h,ROSE-USDT,BTC-USDT,0.02899,119578.2,2.424354941e-07,,30,0.0261947,0.0646346,0.0158922,2.26849e+06,0,0,0.764706,465,4,0,HOLD
2025-08-12 20:02:15 UTC,1h,RPL-USDT,BTC-USDT,8.739,119578.2,7.308188282e-05,,30,0.0153364,0.0635268,0.0240793,6.45419e+06,0,0,0.764706,465,4,0,HOLD
2025-08-12 20:02:15 UTC,1h,RSR-USDT,BTC-USDT,0.009672,119578.2,8.088430834e-08,,30,0.026098,0.0733548,0.0210253,2.52866e+06,0,0,0.764706,465,4,0,HOLD
2025-08-12 20:02:15 UTC,1h,RUNE-USDT,BTC-USDT,1.462,119578.2,1.222630881e-05,,30,0.0339463,0.0671533,0.0149013,5.80856e+06,0,0,0.764706,465,4,0,HOLD
2025-08-12 20:02:15 UTC,1h,RVN-USDT,BTC-USDT,0.01464,119578.2,1.224303427e-07,,30,0.0280899,0.0670554,0.0133197,735436,0,0,0.764706,465,4,0,HOLD
2025-08-12 20:02:15 UTC,1h,S-USDT,BTC-USDT,0.3135,119578.2,2.621715329e-06,,30,0.0181877,0.0481444,0.0151515,7.07297e+06,0,0,0.764706,465,4,0,HOLD
2025-08-12 20:02:15 UTC,1h,SAFE-USDT,BTC-USDT,0.4527,119578.2,3.785807112e-06,,30,0.0260653,0.0399724,0.0117706,6.25848e+06,0,0,0.764706,465,4,0,HOLD
2025-08-12 20:02:15 UTC,1h,SAGA-USDT,BTC-USDT,0.2789,119578.2,2.332364929e-06,,30,0.0208638,0.071456,0.0194386,3.3883e+06,0,0,0.764706,465,4,0,HOLD
2025-08-12 20:02:15 UTC,1h,SAHARA-USDT,BTC-USDT,0.09528,119578.2,7.968007547e-07,,30,0.00644344,0.0329575,0.0152183,8.34483e+06,0,0,0.764706,465,4,0,HOLD
2025-08-12 20:02:15 UTC,1h,SAND-USDT,BTC-USDT,0.30118,119578.2,2.518686516e-06,,30,0.0376929,0.0660862,0.0125008,2.81966e+06,0,0,0.764706,465,4,0,HOLD
2025-08-12 20:02:15 UTC,1h,SANTOS-USDT,BTC-USDT,2.846,119578.2,2.380032481e-05,,30,0.0167917,0.00352609,0.0228391,6.6469e+06,0,0,0.764706,465,4,0,HOLD
2025-08-12 20:02:15 UTC,1h,SCR-USDT,BTC-USDT,0.3644,119578.2,3.047378201e-06,,30,0.00635184,0.102238,0.0376745,2.85078e+06,0,0,0.764706,465,4,0,HOLD
2025-08-12 20:02:15 UTC,1h,SEI-USDT,BTC-USDT,0.3237,119578.2,2.707015158e-06,,30,0.0365034,0.0588813,0.0158436,1.36687e+07,0,0,0.764706,465,4,0,HOLD
2025-08-12 20:02:15 UTC,1h,SERAPH-USDT,BTC-USDT,0.15211,119578.2,1.272054605e-06,,30,0.0139991,0.00522072,0.0108803,396023,0,0,0.764706,465,4,0,HOLD
2025-08-12 20:02:15 UTC,1h,SFP-USDT,BTC-USDT,0.5218,119578.2,4.363671639e-06,,30,0.0308179,0.0526528,0.0098423,519160,0,0,0.764706,465,4,0,HOLD
2025-08-12 20:02:15 UTC,1h,SHELL-USDT,BTC-USDT,0.1732,119578.2,1.448424546e-06,,30,0.023036,0.0260664,0.0317552,6.54797e+06,0,0,0.764706,465,4,0,HOLD
2025-08-12 20:02:15 UTC,1h,SHIB-USDT,BTC-USDT,1.363e-05,119578.2,1.13983987e-10,,30,0.0303122,0.0547087,0.0122786,9.09187e+06,0,0,0.764706,465,4,0,HOLD
2025-08-12 20:02:15 UTC,1h,SIDEKICK-USDT,BTC-USDT,0.2482,119578.2,2.07562917e-06,,30,0.133851,0.128695,0.0567515,6.75794e+06,0,0,0.764706,465,4,0,HOLD
2025-08-12 20:02:15 UTC,1h,SIGN-USDT,BTC-USDT,0.07022,119578.2,5.872307829e-07,,30,0.0159144,0.0270587,0.00838182,6.30851e+06,0,0,0.764706,465,4,0,HOLD
2025-08-12 20:02:15 UTC,1h,SIREN-USDT,BTC-USDT,0.09193,119578.2,7.687856148e-07,,30,-0.0295577,-0.0284295,0.022082,2.2168e+06,0,0,0.764706,465,4,0,HOLD
2025-08-12 20:02:15 UTC,1h,SKATE-USDT,BTC-USDT,0.0459,119578.2,3.8384923e-07,,30,-0.0169201,0.00043592,0.0158263,6.355e+06,0,0,0.764706,465,4,0,HOLD
2025-08-12 20:02:15 UTC,1h,SKL-USDT,BTC-USDT,0.02225,119578.2,1.860707052e-07,,30,0.0585157,0.0874878,0.0181059,2.00465e+06,0,0,0.764706,465,4,0,HOLD
2025-08-12 20:02:15 UTC,1h,SKYAI-USDT,BTC-USDT,0.06676,119578.2,5.582957429e-07,,30,-0.0282387,-0.024547,0.0105495,6.26873e+06,0,0,0.764706,465,4,0,HOLD
2025-08-12 20:02:15 UTC,1h,SLERF-USDT,BTC-USDT,0.08112,119578.2,6.783845216e-07,,30,0.0634504,0.0842021,0.0145728,1.95353e+06,0,0,0.764706,465,4,0,HOLD
2025-08-12 20:02:15 UTC,1h,SLP-USDT,BTC-USDT,0.002017,119578.2,1.686762303e-08,,30,0.0332992,0.0626976,0.0152277,1.94517e+06,0,0,0.764706,465,4,0,HOLD
2025-08-12 20:02:15 UTC,1h,SNT-USDT,BTC-USDT,0.02851,119578.2,2.384213845e-07,,30,0.0178508,0.0296136,0.00831788,1.88125e+06,0,0,0.764706,465,4,0,HOLD
2025-08-12 20:02:15 UTC,1h,SNX-USDT,BTC-USDT,0.683,119578.2,5.711743445e-06,,30,0.023988,0.0572755,0.0140138,2.07532e+06,0,0,0.764706,465,4,0,HOLD
2025-08-12 20:02:15 UTC,1h,SOL-USDT,BTC-USDT,190.272,119578.2,0.001591193044,,30,0.059716,0.0832451,0.0124712,5.83664e+08,0,0,0.764706,465,4,0,HOLD
2025-08-12 20:02:15 UTC,1h,SOLV-USDT,BTC-USDT,0.04224,119578.2,3.532416444e-07,,30,-0.00775194,-0.030303,0.0149486,6.28192e+06,0,0,0.764706,465,4,0,HOLD
2025-08-12 20:02:15 UTC,1h,SONIC-USDT,BTC-USDT,0.2145,119578.2,1.793805225e-06,,30,0.0161061,0.0209424,0.0126207,692147,0,0,0.764706,465,4,0,HOLD
2025-08-12 20:02:15 UTC,1h,SOON-USDT,BTC-USDT,0.45458,119578.2,3.801529041e-06,,30,0.0267657,0.0832618,0.0527457,6.47696e+07,0,0,0.764706,465,4,0,HOLD
2025-08-12 20:02:15 UTC,1h,SOPH-USDT,BTC-USDT,0.039541,119578.2,3.306706406e-07,,30,0.0366787,0.051175,0.0144552,6.93609e+06,0,0,0.764706,465,4,0,HOLD
2025-08-12 20:02:15 UTC,1h,SPK-USDT,BTC-USDT,0.09208,119578.2,7.70040024e-07,,30,-0.114701,-0.0587754,0.0325804,1.47259e+07,0,0,0.764706,465,4,0,HOLD
2025-08-12 20:02:15 UTC,1h,SPX-USDT,BTC-USDT,1.7885,119578.2,1.495673961e-05,,30,0.00483173,0.0279326,0.022461,9.69606e+06,0,0,0.764706,465,4,0,HOLD
2025-08-12 20:02:15 UTC,1h,SQD-USDT,BTC-USDT,0.1474,119578.2,1.232666155e-06,,30,0.00470316,-0.0209883,0.0214722,6.28638e+06,0,0,0.764706,465,4,0,HOLD
2025-08-12 20:02:15 UTC,1h,SSV-USDT,BTC-USDT,10.571,119578.2,8.840240111e-05,,30,0.0136159,0.049856,0.0210009,2.30202e+06,0,0,0.764706,465,4,0,HOLD
2025-08-12 20:02:15 UTC,1h,STG-USDT,BTC-USDT,0.1911,119578.2,1.598117383e-06,,30,0.0230193,0.0616667,0.0136054,1.21269e+06,0,0,0.764706,465,4,0,HOLD
2025-08-12 20:02:15 UTC,1h,STO-USDT,BTC-USDT,0.09883,119578.2,8.264884402e-07,,30,0.0245698,0.0784592,0.0310634,6.41781e+06,0,0,0.764706,465,4,0,HOLD
2025-08-12 20:02:15 UTC,1h,STORJ-USDT,BTC-USDT,0.2814,119578.2,2.35327175e-06,,30,0.0292612,0.0527497,0.0123617,4.53541e+06,0,0,0.764706,465,4,0,HOLD
2025-08-12 20:02:15 UTC,1h,STRK-USDT,BTC-USDT,0.1378,119578.2,1.152383963e-06,,30,0.0314371,0.0782473,0.0173647,7.18072e+06,0,0,0.764706,465,4,0,HOLD
2025-08-12 20:02:15 UTC,1h,STX-USDT,BTC-USDT,0.7563,119578.2,6.324731431e-06,,30,0.0356018,0.0596889,0.0129767,9.88118e+06,0,0,0.764706,465,4,0,HOLD
2025-08-12 20:02:15 UTC,1h,SUI-USDT,BTC-USDT,3.8932,119578.2,3.255777391e-05,,30,0.0279076,0.0605862,0.0133823,7.1785e+07,0,0,0.764706,465,4,0,HOLD
2025-08-12 20:02:15 UTC,1h,SUN-USDT,BTC-USDT,0.022882,119578.2,1.913559495e-07,,30,0.00157577,0.014363,0.00771661,2.2481e+06,0,0,0.764706,465,4,0,HOLD
2025-08-12 20:02:15 UTC,1h,SUPER-USDT,BTC-USDT,0.7868,119578.2,6.579794645e-06,,30,0.0166688,0.0558239,0.0140533,2.12358e+06,0,0,0.764706,465,4,0,HOLD
2025-08-12 20:02:15 UTC,1h,SUSHI-USDT,BTC-USDT,0.8725,119578.2,7.296480462e-06,,30,0.0347486,0.0745074,0.0154482,3.78796e+06,0,0,0.764706,465,4,0,HOLD
2025-08-12 20:02:15 UTC,1h,SWARMS-USDT,BTC-USDT,0.02586,119578.2,2.162601544e-07,,30,0.0189125,0.0360577,0.0292233,9.64067e+06,0,0,0.764706,465,4,0,HOLD
2025-08-12 20:02:15 UTC,1h,SWELL-USDT,BTC-USDT,0.01107,119578.2,9.257540254e-08,,30,0.02595,0.0895669,0.0327139,1.25834e+06,0,0,0.764706,465,4,0,HOLD
2025-08-12 20:02:15 UTC,1h,SXP-USDT,BTC-USDT,0.1906,119578.2,1.593936018e-06,,30,0.0252824,0.0484048,0.010793,1.91936e+06,0,0,0.764706,465,4,0,HOLD
2025-08-12 20:02:15 UTC,1h,SXT-USDT,BTC-USDT,0.08909,119578.2,7.450354663e-07,,30,0.027922,0.0633803,0.0162997,6.24322e+06,0,0,0.764706,465,4,0,HOLD
2025-08-12 20:02:15 UTC,1h,SYN-USDT,BTC-USDT,0.1475,119578.2,1.233502428e-06,,30,0.0329132,0.0750729,0.0186441,3.99044e+06,0,0,0.764706,465,4,0,HOLD
2025-08-12 20:02:15 UTC,1h,SYRUP-USDT,BTC-USDT,0.48285,119578.2,4.037943371e-06,,30,0.00376268,0.0292895,0.0165313,6.91604e+06,0,0,0.764706,465,4,0,HOLD
2025-08-12 20:02:15 UTC,1h,TA-USDT,BTC-USDT,0.06189,119578.2,5.175692559e-07,,30,-0.0219659,-0.0141765,0.0206241,6.30651e+06,0,0,0.764706,465,4,0,HOLD
2025-08-12 20:02:15 UTC,1h,TAC-USDT,BTC-USDT,0.01417,119578.2,1.184998603e-07,,30,-0.0132312,-0.0186981,0.0410828,7.74594e+06,0,0,0.764706,465,4,0,HOLD
2025-08-12 20:02:15 UTC,1h,TAG-USDT,BTC-USDT,0.0011917,119578.2,9.965863343e-09,,30,-0.0265479,0.013178,0.0317254,7.62757e+06,0,0,0.764706,465,4,0,HOLD
2025-08-12 20:02:15 UTC,1h,TAI-USDT,BTC-USDT,0.07249,119578.2,6.062141762e-07,,30,-0.00412145,0.0348323,0.0240033,6.28436e+06,0,0,0.764706,465,4,0,HOLD
2025-08-12 20:02:15 UTC,1h,TAIKO-USDT,BTC-USDT,0.4794,119578.2,4.009091958e-06,,30,0.0118193,0.0448997,0.0107426,6.25543e+06,0,0,0.764706,465,4,0,HOLD
2025-08-12 20:02:15 UTC,1h,TANSSI-USDT,BTC-USDT,0.05787,119578.2,4.839510881e-07,,30,0.0184794,0.0474208,0.0214767,6.36905e+06,0,0,0.764706,465,4,0,HOLD
2025-08-12 20:02:15 UTC,1h,TAO-USDT,BTC-USDT,391.51,119578.2,0.003274091766,,30,0.0420537,0.0779757,0.0137636,1.42366e+07,0,0,0.764706,465,4,0,HOLD
2025-08-12 20:02:15 UTC,1h,THE-USDT,BTC-USDT,0.3976,119578.2,3.325020781e-06,,30,0.0515737,0.0821992,0.0171385,6.41738e+06,0,0,0.764706,465,4,0,HOLD
2025-08-12 20:02:15 UTC,1h,THETA-USDT,BTC-USDT,0.8875,119578.2,7.421921387e-06,,30,0.0370414,0.0640211,0.015163,3.14879e+06,0,0,0.764706,465,4,0,HOLD
2025-08-12 20:02:15 UTC,1h,TIA-USDT,BTC-USDT,1.8579,119578.2,1.553711295e-05,,30,0.0361963,0.0764818,0.0155437,1.08373e+07,0,0,0.764706,465,4,0,HOLD
2025-08-12 20:02:15 UTC,1h,TLM-USDT,BTC-USDT,0.005199,119578.2,4.347782455e-08,,30,0.032572,0.0715169,0.0149067,3.58204e+06,0,0,0.764706,465,4,0,HOLD
2025-08-12 20:02:15 UTC,1h,TNSR-USDT,BTC-USDT,0.1411,119578.2,1.179980966e-06,,30,0.0217234,0.0665155,0.0164524,6.3133e+06,0,0,0.764706,465,4,0,HOLD
2025-08-12 20:02:15 UTC,1h,TOKEN-USDT,BTC-USDT,0.01655,119578.2,1.384031538e-07,,30,0.0279503,0.0448232,0.0156668,5.74687e+06,0,0,0.764706,465,4,0,HOLD
2025-08-12 20:02:15 UTC,1h,TONCOIN-USDT,BTC-USDT,3.462,119578.2,2.895176546e-05,,30,0.0143569,0.0170388,0.00994471,7.94735e+06,0,0,0.764706,465,4,0,HOLD
2025-08-12 20:02:15 UTC,1h,TOSHI-USDT,BTC-USDT,0.000793,119578.2,6.63164356e-09,,30,-0.0293758,0.0573333,0.0295442,6.58502e+06,0,0,0.764706,465,4,0,HOLD
2025-08-12 20:02:15 UTC,1h,TOWNS-USDT,BTC-USDT,0.03262,119578.2,2.727921979e-07,,30,0.0181024,0.0577173,0.0227731,7.98889e+06,0,0,0.764706,465,4,0,HOLD
2025-08-12 20:02:15 UTC,1h,TRB-USDT,BTC-USDT,39.681,119578.2,0.0003318414226,,30,0.0421525,0.0773512,0.0131873,5.42097e+06,0,0,0.764706,465,4,0,HOLD
2025-08-12 20:02:15 UTC,1h,TREE-USDT,BTC-USDT,0.4327,119578.2,3.618552546e-06,,30,0.0255985,0.0926768,0.0200403,8.05408e+06,0,0,0.764706,465,4,0,HOLD
2025-08-12 20:02:15 UTC,1h,TRU-USDT,BTC-USDT,0.03353,119578.2,2.804022807e-07,,30,0.0241295,0.0580625,0.0187039,1.94845e+06,0,0,0.764706,465,4,0,HOLD
2025-08-12 20:02:15 UTC,1h,TRUMP-USDT,BTC-USDT,9.181,119578.2,7.677820874e-05,,30,0.0274172,0.0430584,0.0105264,8.29936e+06,0,0,0.764706,465,4,0,HOLD
2025-08-12 20:02:15 UTC,1h,TRX-USDT,BTC-USDT,0.34981,119578.2,2.925365995e-06,,30,0.00358618,0.00952353,0.00409406,1.37036e+07,0,0,0.764706,465,4,0,HOLD
2025-08-12 20:02:15 UTC,1h,TST-USDT,BTC-USDT,0.02703,119578.2,2.260445466e-07,,30,0.0301067,0.0440324,0.0239152,8.62662e+06,0,0,0.764706,465,4,0,HOLD
2025-08-12 20:02:15 UTC,1h,TURBO-USDT,BTC-USDT,0.0049224,119578.2,4.11646939e-08,,30,0.0265908,0.0692269,0.0161115,6.4499e+06,0,0,0.764706,465,4,0,HOLD
2025-08-12 20:02:15 UTC,1h,TUT-USDT,BTC-USDT,0.05948,119578.2,4.974150807e-07,,30,-0.0205829,-0.00385195,0.00537996,1.90062e+06,0,0,0.764706,465,4,0,HOLD
2025-08-12 20:02:15 UTC,1h,TWT-USDT,BTC-USDT,0.7915,119578.2,6.619099468e-06,,30,0.0226098,0.0393959,0.00785128,2.02698e+06,0,0,0.764706,465,4,0,HOLD
2025-08-12 20:02:15 UTC,1h,UMA-USDT,BTC-USDT,1.363,119578.2,1.13983987e-05,,30,-0.0560942,0.0681818,0.0391468,6.20512e+06,0,0,0.764706,465,4,0,HOLD
2025-08-12 20:02:15 UTC,1h,UNI-USDT,BTC-USDT,11.411,119578.2,9.54270929e-05,,30,0.0202969,0.0282033,0.0164315,4.03971e+07,0,0,0.764706,465,4,0,HOLD
2025-08-12 20:02:15 UTC,1h,USELESS-USDT,BTC-USDT,0.2319,119578.2,1.939316698e-06,,30,0.0526555,0.142365,0.037701,6.95952e+06,0,0,0.764706,465,4,0,HOLD
2025-08-12 20:02:15 UTC,1h,USTC-USDT,BTC-USDT,0.014642,119578.2,1.224470681e-07,,30,-0.00496092,0.0373362,0.0199036,2.34281e+06,0,0,0.764706,465,4,0,HOLD
2025-08-12 20:02:15 UTC,1h,USUAL-USDT,BTC-USDT,0.07948,119578.2,6.646696471e-07,,30,0.030869,0.0638469,0.0189086,2.10777e+06,0,0,0.764706,465,4,0,HOLD
2025-08-12 20:02:15 UTC,1h,UXLINK-USDT,BTC-USDT,0.3565,119578.2,2.981312647e-06,,30,0.0226621,0.050383,0.0130836,6.57455e+06,0,0,0.764706,465,4,0,HOLD
2025-08-12 20:02:15 UTC,1h,VANA-USDT,BTC-USDT,4.498,119578.2,3.7615552e-05,,30,0.0183382,0.0458033,0.0119577,6.26622e+06,0,0,0.764706,465,4,0,HOLD
2025-08-12 20:02:15 UTC,1h,VANRY-USDT,BTC-USDT,0.03328,119578.2,2.783115986e-07,,30,0.0277949,0.0819246,0.0179645,467687,0,0,0.764706,465,4,0,HOLD
2025-08-12 20:02:15 UTC,1h,VELODROME-USDT,BTC-USDT,0.05987,119578.2,5.006765447e-07,,30,-0.00415835,0.0336671,0.0162137,552339,0,0,0.764706,465,4,0,HOLD
2025-08-12 20:02:15 UTC,1h,VELVET-USDT,BTC-USDT,0.06593,119578.2,5.513546784e-07,,30,-0.0206477,-0.00121194,0.0222097,6.30184e+06,0,0,0.764706,465,4,0,HOLD
2025-08-12 20:02:15 UTC,1h,VET-USDT,BTC-USDT,0.025555,119578.2,2.137095223e-07,,30,0.0250291,0.051473,0.0117422,3.17429e+06,0,0,0.764706,465,4,0,HOLD
2025-08-12 20:02:15 UTC,1h,VIC-USDT,BTC-USDT,0.2679,119578.2,2.240374918e-06,,30,0.0323699,0.0456674,0.0134645,6.40588e+06,0,0,0.764706,465,4,0,HOLD
2025-08-12 20:02:15 UTC,1h,VINE-USDT,BTC-USDT,0.06955,119578.2,5.816277549e-07,,30,0.0132576,0.0809761,0.0244428,1.86098e+07,0,0,0.764706,465,4,0,HOLD
2025-08-12 20:02:15 UTC,1h,VIRTUAL-USDT,BTC-USDT,1.3781,119578.2,1.15246759e-05,,30,0.0263648,0.0559344,0.0169436,9.24257e+06,0,0,0.764706,465,4,0,HOLD
2025-08-12 20:02:15 UTC,1h,VOXEL-USDT,BTC-USDT,0.06092,119578.2,5.094574095e-07,,30,0.000821423,0.0545266,0.0157935,428719,0,0,0.764706,465,4,0,HOLD
2025-08-12 20:02:15 UTC,1h,VTHO-USDT,BTC-USDT,0.001997,119578.2,1.670036846e-08,,30,0.0288511,0.0571731,0.0120896,434320,0,0,0.764706,465,4,0,HOLD
2025-08-12 20:02:15 UTC,1h,VVV-USDT,BTC-USDT,2.93,119578.2,2.450279399e-05,,30,0.0166551,0.0490512,0.0171136,300674,0,0,0.764706,465,4,0,HOLD
2025-08-12 20:02:15 UTC,1h,W-USDT,BTC-USDT,0.08875,119578.2,7.421921387e-07,,30,0.0293435,0.0670915,0.015992,6.8389e+06,0,0,0.764706,465,4,0,HOLD
2025-08-12 20:02:15 UTC,1h,WAL-USDT,BTC-USDT,0.4298,119578.2,3.594300633e-06,,30,0.0304483,0.0710192,0.0148574,6.43868e+06,0,0,0.764706,465,4,0,HOLD
2025-08-12 20:02:15 UTC,1h,WCT-USDT,BTC-USDT,0.3489,119578.2,2.917755912e-06,,30,0.0879326,0.124758,0.021578,8.90209e+06,0,0,0.764706,465,4,0,HOLD
2025-08-12 20:02:15 UTC,1h,WIF-USDT,BTC-USDT,0.99,119578.2,8.27910104e-06,,30,0.0575793,0.0931979,0.0177922,4.45196e+07,0,0,0.764706,465,4,0,HOLD
2025-08-12 20:02:15 UTC,1h,WLD-USDT,BTC-USDT,1.0624,119578.2,8.884562571e-06,,30,0.0424885,0.0786882,0.0148451,1.64546e+07,0,0,0.764706,465,4,0,HOLD
2025-08-12 20:02:15 UTC,1h,WOO-USDT,BTC-USDT,0.08075,119578.2,6.752903121e-07,,30,0.034991,0.0653034,0.0137638,2.05105e+06,0,0,0.764706,465,4,0,HOLD
2025-08-12 20:02:15 UTC,1h,X-USDT,BTC-USDT,5.611e-05,119578.2,4.692326862e-10,,30,0.0153818,0.0379208,0.027637,6.62075e+06,0,0,0.764706,465,4,0,HOLD
2025-08-12 20:02:15 UTC,1h,XAI-USDT,BTC-USDT,0.05478,119578.2,4.581102576e-07,,30,0.0271892,0.0753828,0.0167032,2.00511e+06,0,0,0.764706,465,4,0,HOLD
2025-08-12 20:02:15 UTC,1h,XAUT-USDT,BTC-USDT,3347,119578.2,0.0279900517,,30,0.00323722,-0.000149365,0.00233258,7.19035e+06,0,0,0.764706,465,4,0,HOLD
2025-08-12 20:02:15 UTC,1h,XCN-USDT,BTC-USDT,0.01401,119578.2,1.171618238e-07,,30,0.0181686,0.0233747,0.00983991,1.91588e+06,0,0,0.764706,465,4,0,HOLD
2025-08-12 20:02:15 UTC,1h,XLM-USDT,BTC-USDT,0.45226,119578.2,3.782127512e-06,,30,0.0206265,0.0394153,0.0111567,1.75091e+07,0,0,0.764706,465,4,0,HOLD
2025-08-12 20:02:15 UTC,1h,XRP-USDT,BTC-USDT,3.2784,119578.2,2.741636854e-05,,30,0.0233487,0.0410263,0.00942969,1.88988e+08,0,0,0.764706,465,4,0,HOLD
2025-08-12 20:02:15 UTC,1h,YALA-USDT,BTC-USDT,0.2676,119578.2,2.237866099e-06,,30,0.00677201,-0.0230011,0.0455637,8.45975e+06,0,0,0.764706,465,4,0,HOLD
2025-08-12 20:02:15 UTC,1h,YFI-USDT,BTC-USDT,5855,119578.2,0.04896377433,,30,0.0228861,0.0392261,0.00978407,9.26246e+06,0,0,0.764706,465,4,0,HOLD
2025-08-12 20:02:15 UTC,1h,YGG-USDT,BTC-USDT,0.172,119578.2,1.438389272e-06,,30,0.0244193,0.0610734,0.0151578,4.23945e+06,0,0,0.764706,465,4,0,HOLD
2025-08-12 20:02:15 UTC,1h,ZBCN-USDT,BTC-USDT,0.0051061,119578.2,4.270092709e-08,,30,0.0226722,-0.000802317,0.0224018,6.39687e+06,0,0,0.764706,465,4,0,HOLD
2025-08-12 20:02:15 UTC,1h,ZEREBRO-USDT,BTC-USDT,0.029,119578.2,2.425191214e-07,,30,0.0229277,0.0431655,0.0147291,1.60915e+06,0,0,0.764706,465,4,0,HOLD
2025-08-12 20:02:15 UTC,1h,ZETA-USDT,BTC-USDT,0.207,119578.2,1.731084763e-06,,30,0.0247525,0.0550459,0.0129745,5.14459e+06,0,0,0.764706,465,4,0,HOLD
2025-08-12 20:02:15 UTC,1h,ZIL-USDT,BTC-USDT,0.01197,119578.2,1.00101858e-07,,30,0.0381613,0.0630551,0.0127103,2.2458e+06,0,0,0.764706,465,4,0,HOLD
2025-08-12 20:02:15 UTC,1h,ZK-USDT,BTC-USDT,0.05987,119578.2,5.006765447e-07,,30,0.0251712,0.0672014,0.0164642,6.51327e+06,0,0,0.764706,465,4,0,HOLD
2025-08-12 20:02:15 UTC,1h,ZKJ-USDT,BTC-USDT,0.2488,119578.2,2.080646807e-06,,30,-0.0181531,0.0664381,0.0415136,7.8499e+06,0,0,0.764706,465,4,0,HOLD
2025-08-12 20:02:15 UTC,1h,ZORA-USDT,BTC-USDT,0.11579,119578.2,9.683203126e-07,,30,0.0330092,-0.0100034,0.0502326,2.19803e+07,0,0,0.764706,465,4,0,HOLD
2025-08-12 20:02:15 UTC,1h,ZRC-USDT,BTC-USDT,0.03467,119578.2,2.89935791e-07,,30,0.0221108,0.0423933,0.0137418,6.37608e+06,0,0,0.764706,465,4,0,HOLD
2025-08-12 20:02:15 UTC,1h,ZRO-USDT,BTC-USDT,2.2877,119578.2,1.913141359e-05,,30,-0.0178594,0.0332415,0.0173037,1.26693e+07,0,0,0.764706,465,4,0,HOLD
2025-08-12 20:02:15 UTC,1h,ZRX-USDT,BTC-USDT,0.2646,119578.2,2.212777914e-06,,30,0.0299728,0.062224,0.0121477,1.93184e+06,0,0,0.764706,465,4,0,HOLD
2025-08-12 21:02:09 UTC,1h,1000000BABYDOGE-USDT,BTC-USDT,0.0014013,120000.4,1.167746108e-08,,30,0.0237434,0.0784208,0.01257,1.29403e+06,0,0,0.8125,465,4,0,HOLD
2025-08-12 21:02:09 UTC,1h,1000000BOB-USDT,BTC-USDT,0.07823,120000.4,6.519144936e-07,,30,-0.0284401,0.0214127,0.0289987,6.39153e+06,0,0,0.8125,465,4,0,HOLD
2025-08-12 21:02:09 UTC,1h,1000000MOG-USDT,BTC-USDT,1.409,120000.4,1.174162753e-05,,30,-0.0312822,0.034584,0.0287184,1.76898e+06,0,0,0.8125,465,4,0,HOLD
2025-08-12 21:02:09 UTC,1h,10000SATS-USDT,BTC-USDT,0.000425,120000.4,3.541654861e-09,,30,0.02657,0.0786802,0.0154622,2.23522e+06,0,0,0.8125,465,4,0,HOLD
2025-08-12 21:02:09 UTC,1h,10000WHY-USDT,BTC-USDT,0.0003354,120000.4,2.794990683e-09,,30,0.0197628,0.0537229,0.0197632,2.21691e+06,0,0,0.8125,465,4,0,HOLD
2025-08-12 21:02:09 UTC,1h,1000BONK-USDT,BTC-USDT,0.025939,120000.4,2.161576128e-07,,30,0.0202966,0.077559,0.0184939,7.66114e+06,0,0,0.8125,465,4,0,HOLD
2025-08-12 21:02:09 UTC,1h,1000CAT-USDT,BTC-USDT,0.00955,120000.4,7.958306806e-08,,30,0.0205172,0.0799502,0.0155797,6.33609e+06,0,0,0.8125,465,4,0,HOLD
2025-08-12 21:02:09 UTC,1h,1000CHEEMS-USDT,BTC-USDT,0.0013298,120000.4,1.108162973e-08,,30,0.0183795,0.0236317,0.00884666,6.28005e+06,0,0,0.8125,465,4,0,HOLD
2025-08-12 21:02:09 UTC,1h,1000PEPE-USDT,BTC-USDT,0.0122604,120000.4,1.021696594e-07,,30,0.0252456,0.0940632,0.0176771,4.1757e+07,0,0,0.8125,465,4,0,HOLD
2025-08-12 21:02:09 UTC,1h,1000XEC-USDT,BTC-USDT,0.02216,120000.4,1.846660511e-07,,30,0.021669,0.0532319,0.0112171,7.02522e+06,0,0,0.8125,465,4,0,HOLD
2025-08-12 21:02:09 UTC,1h,1INCH-USDT,BTC-USDT,0.2747,120000.4,2.289159036e-06,,30,0.0174074,0.0346516,0.0131572,6.27067e+06,0,0,0.8125,465,4,0,HOLD
2025-08-12 21:02:09 UTC,1h,A-USDT,BTC-USDT,0.54922,120000.4,4.576818077e-06,,30,0.00915037,0.040761,0.0117725,6.36402e+06,0,0,0.8125,465,4,0,HOLD
2025-08-12 21:02:09 UTC,1h,A2Z-USDT,BTC-USDT,0.007278,120000.4,6.064979783e-08,,30,-0.0170178,0.00538748,0.0165666,6.62309e+06,0,0,0.8125,465,4,0,HOLD
2025-08-12 21:02:09 UTC,1h,AAPLX-USDT,BTC-USDT,229.61,120000.4,0.001913410289,,30,-0.000304772,0.0130151,0.00506449,6.22255e+06,0,0,0.8125,465,4,0,HOLD
2025-08-12 21:02:09 UTC,1h,AAVE-USDT,BTC-USDT,318.69,120000.4,0.002655741148,,30,0.0175937,0.0819555,0.0148689,6.85187e+07,0,0,0.8125,465,4,0,HOLD
2025-08-12 21:02:09 UTC,1h,ACE-USDT,BTC-USDT,0.5941,120000.4,4.950816831e-06,,30,0.0162504,0.0770486,0.0140308,2.02235e+06,0,0,0.8125,465,4,0,HOLD
2025-08-12 21:02:09 UTC,1h,ACH-USDT,BTC-USDT,0.02294,120000.4,1.911660294e-07,,30,0.0133404,0.0689655,0.0131025,988412,0,0,0.8125,465,4,0,HOLD
2025-08-12 21:02:09 UTC,1h,ACT-USDT,BTC-USDT,0.04414,120000.4,3.678321072e-07,,30,0.0142463,0.0737047,0.0139168,6.29629e+06,0,0,0.8125,465,4,0,HOLD
2025-08-12 21:02:09 UTC,1h,ADA-USDT,BTC-USDT,0.85032,120000.4,7.08597638e-06,,30,0.0447603,0.099912,0.0128086,5.65447e+07,0,0,0.8125,465,4,0,HOLD
2025-08-12 21:02:09 UTC,1h,AERGO-USDT,BTC-USDT,0.11989,120000.4,9.990800031e-07,,30,0.0184336,0.0470742,0.00910954,1.92687e+06,0,0,0.8125,465,4,0,HOLD
2025-08-12 21:02:09 UTC,1h,AERO-USDT,BTC-USDT,1.2352,120000.4,1.029329902e-05,,30,-0.00185859,0.132588,0.0280348,3.88062e+06,0,0,0.8125,465,4,0,HOLD
2025-08-12 21:02:09 UTC,1h,AEVO-USDT,BTC-USDT,0.1035,120000.4,8.62497125e-07,,30,0.0166994,0.0837696,0.0171153,6.3362e+06,0,0,0.8125,465,4,0,HOLD
2025-08-12 21:02:09 UTC,1h,AGLD-USDT,BTC-USDT,0.7506,120000.4,6.25497915e-06,,30,0.0180388,0.0645299,0.0113052,3.60283e+06,0,0,0.8125,465,4,0,HOLD
2025-08-12 21:02:09 UTC,1h,AGT-USDT,BTC-USDT,0.005866,120000.4,4.888317039e-08,,30,-0.00677277,0.0482487,0.016402,6.28824e+06,0,0,0.8125,465,4,0,HOLD
2025-08-12 21:02:09 UTC,1h,AI16Z-USDT,BTC-USDT,0.1402,120000.4,1.168329439e-06,,30,0.0416048,0.105678,0.0209395,8.111e+06,0,0,0.8125,465,4,0,HOLD
2025-08-12 21:02:09 UTC,1h,AIN-USDT,BTC-USDT,0.13699,120000.4,1.141579528e-06,,30,-0.0148148,0.0114442,0.014975,6.30674e+06,0,0,0.8125,465,4,0,HOLD
2025-08-12 21:02:09 UTC,1h,AIOT-USDT,BTC-USDT,0.55475,120000.4,4.622901257e-06,,30,0.0283241,0.0985801,0.0138595,6.44477e+06,0,0,0.8125,465,4,0,HOLD
2025-08-12 21:02:09 UTC,1h,AIXBT-USDT,BTC-USDT,0.13533,120000.4,1.127746241e-06,,30,0.0112838,0.068198,0.0179614,7.16151e+06,0,0,0.8125,465,4,0,HOLD
2025-08-12 21:02:09 UTC,1h,AKT-USDT,BTC-USDT,1.304,120000.4,1.086663044e-05,,30,0.0163679,0.0662306,0.0133107,479379,0,0,0.8125,465,4,0,HOLD
2025-08-12 21:02:09 UTC,1h,ALCH-USDT,BTC-USDT,0.13929,120000.4,1.160746131e-06,,30,0.00259123,-0.016383,0.00941509,6.32845e+06,0,0,0.8125,465,4,0,HOLD
2025-08-12 21:02:09 UTC,1h,ALGO-USDT,BTC-USDT,0.2768,120000.4,2.306658978e-06,,30,0.0270872,0.097977,0.0153282,4.3107e+06,0,0,0.8125,465,4,0,HOLD
2025-08-12 21:02:09 UTC,1h,ALPHA-USDT,BTC-USDT,0.01619,120000.4,1.349162169e-07,,30,0.0163214,0.0499351,0.0140298,1.87122e+06,0,0,0.8125,465,4,0,HOLD
2025-08-12 21:02:09 UTC,1h,ALPINE-USDT,BTC-USDT,1.1717,120000.4,9.76413412e-06,,30,-0.114495,-0.135978,0.0602543,8.9379e+06,0,0,0.8125,465,4,0,HOLD
2025-08-12 21:02:09 UTC,1h,ALT-USDT,BTC-USDT,0.03893,120000.4,3.244155853e-07,,30,0.0207132,0.0837973,0.0262192,6.38666e+06,0,0,0.8125,465,4,0,HOLD
2025-08-12 21:02:09 UTC,1h,ALTCOIN-USDT,BTC-USDT,249.43,120000.4,0.002078576405,,30,0.0292139,0.063486,0.00900911,1.85156e+06,0,0,0.8125,465,4,0,HOLD
2025-08-12 21:02:09 UTC,1h,ANIME-USDT,BTC-USDT,0.01834,120000.4,1.528328239e-07,,30,0.0251537,0.0762911,0.0137872,6.44816e+06,0,0,0.8125,465,4,0,HOLD
2025-08-12 21:02:09 UTC,1h,ANKR-USDT,BTC-USDT,0.01681,120000.4,1.400828664e-07,,30,0.025,0.0707006,0.0120252,355468,0,0,0.8125,465,4,0,HOLD
2025-08-12 21:02:09 UTC,1h,APE-USDT,BTC-USDT,0.6431,120000.4,5.359148803e-06,,30,0.019499,0.0613963,0.010696,6.18402e+06,0,0,0.8125,465,4,0,HOLD
2025-08-12 21:02:09 UTC,1h,API3-USDT,BTC-USDT,0.7764,120000.4,6.469978433e-06,,30,0.0112008,0.078633,0.0146832,6.43979e+06,0,0,0.8125,465,4,0,HOLD
2025-08-12 21:02:09 UTC,1h,APT-USDT,BTC-USDT,4.896,120000.4,4.0799864e-05,,30,0.0296747,0.0798888,0.0118362,1.04848e+07,0,0,0.8125,465,4,0,HOLD
2025-08-12 21:02:09 UTC,1h,AR-USDT,BTC-USDT,7.891,120000.4,6.575811414e-05,,30,0.0224151,0.0794802,0.0168637,2.48941e+06,0,0,0.8125,465,4,0,HOLD
2025-08-12 21:02:09 UTC,1h,ARB-USDT,BTC-USDT,0.4772,120000.4,3.976653411e-06,,30,0.0203122,0.0909922,0.0171237,1.48484e+07,0,0,0.8125,465,4,0,HOLD
2025-08-12 21:02:09 UTC,1h,ARC-USDT,BTC-USDT,0.02407,120000.4,2.005826647e-07,,30,0.0062709,0.0626932,0.0210992,6.67025e+06,0,0,0.8125,465,4,0,HOLD
2025-08-12 21:02:09 UTC,1h,ARK-USDT,BTC-USDT,0.4619,120000.4,3.849153836e-06,,30,0.016729,0.0555302,0.00995887,2.00144e+06,0,0,0.8125,465,4,0,HOLD
2025-08-12 21:02:09 UTC,1h,ARKM-USDT,BTC-USDT,0.5513,120000.4,4.594151353e-06,,30,0.0320105,0.0938492,0.015755,2.3673e+06,0,0,0.8125,465,4,0,HOLD
2025-08-12 21:02:09 UTC,1h,ARPA-USDT,BTC-USDT,0.02411,120000.4,2.009159969e-07,,30,0.0369892,0.0984055,0.0167091,8.23937e+06,0,0,0.8125,465,4,0,HOLD
2025-08-12 21:02:09 UTC,1h,ASP-USDT,BTC-USDT,0.1666,120000.4,1.388328706e-06,,30,-0.00358852,-0.00833333,0.0235809,6.58479e+06,0,0,0.8125,465,4,0,HOLD
2025-08-12 21:02:09 UTC,1h,ASR-USDT,BTC-USDT,6.498,120000.4,5.41498195e-05,,30,-0.0231509,-0.0010761,0.0188629,7.37718e+06,0,0,0.8125,465,4,0,HOLD
2025-08-12 21:02:09 UTC,1h,ASTR-USDT,BTC-USDT,0.02617,120000.4,2.180826064e-07,,30,0.0222656,0.0668569,0.0114908,1.89748e+06,0,0,0.8125,465,4,0,HOLD
2025-08-12 21:02:09 UTC,1h,ATA-USDT,BTC-USDT,0.0517,120000.4,4.308318972e-07,,30,0.0217391,0.0748441,0.0134015,284272,0,0,0.8125,465,4,0,HOLD
2025-08-12 21:02:09 UTC,1h,ATH-USDT,BTC-USDT,0.03444,120000.4,2.869990433e-07,,30,0.0147319,0.0186335,0.0140202,2.09383e+06,0,0,0.8125,465,4,0,HOLD
2025-08-12 21:02:09 UTC,1h,ATOM-USDT,BTC-USDT,4.761,120000.4,3.967486775e-05,,30,0.0287381,0.0601202,0.0111021,9.48145e+06,0,0,0.8125,465,4,0,HOLD
2025-08-12 21:02:09 UTC,1h,AUCTION-USDT,BTC-USDT,10.589,120000.4,8.824137253e-05,,30,0.0204298,0.0501835,0.010287,4.3486e+06,0,0,0.8125,465,4,0,HOLD
2025-08-12 21:02:09 UTC,1h,AVA-USDT,BTC-USDT,0.6228,120000.4,5.1899827e-06,,30,0.0241737,0.0784416,0.0123291,538448,0,0,0.8125,465,4,0,HOLD
2025-08-12 21:02:09 UTC,1h,AVAAI-USDT,BTC-USDT,0.03721,120000.4,3.100822997e-07,,30,0.00976934,0.0304625,0.0243214,7.41626e+06,0,0,0.8125,465,4,0,HOLD
2025-08-12 21:02:09 UTC,1h,AVAX-USDT,BTC-USDT,24.817,120000.4,0.000206807644,,30,0.0257078,0.0803152,0.0129289,5.28993e+07,0,0,0.8125,465,4,0,HOLD
2025-08-12 21:02:09 UTC,1h,AWE-USDT,BTC-USDT,0.054327,120000.4,4.527234909e-07,,30,-0.0016172,0.0101147,0.0080452,6.25223e+06,0,0,0.8125,465,4,0,HOLD
2025-08-12 21:02:09 UTC,1h,AXL-USDT,BTC-USDT,0.364,120000.4,3.033323222e-06,,30,0.0173281,0.0807601,0.0138736,2.05822e+06,0,0,0.8125,465,4,0,HOLD
2025-08-12 21:02:09 UTC,1h,AXS-USDT,BTC-USDT,2.548,120000.4,2.123326256e-05,,30,0.026178,0.0778342,0.0133438,4.93235e+06,0,0,0.8125,465,4,0,HOLD
2025-08-12 21:02:09 UTC,1h,B-USDT,BTC-USDT,0.61906,120000.4,5.158816137e-06,,30,-0.0104223,-0.0310534,0.0167604,6.42693e+06,0,0,0.8125,465,4,0,HOLD
2025-08-12 21:02:09 UTC,1h,B2-USDT,BTC-USDT,0.4075,120000.4,3.395822014e-06,,30,0.0324297,0.0543338,0.0153199,6.23849e+06,0,0,0.8125,465,4,0,HOLD
2025-08-12 21:02:09 UTC,1h,B3-USDT,BTC-USDT,0.003266,120000.4,2.721657594e-08,,30,0.020944,0.0864937,0.0149156,6.27307e+06,0,0,0.8125,465,4,0,HOLD
2025-08-12 21:02:09 UTC,1h,BABY-USDT,BTC-USDT,0.06295,120000.4,5.245815847e-07,,30,0.00849087,0.0656848,0.0156246,6.47494e+06,0,0,0.8125,465,4,0,HOLD
2025-08-12 21:02:09 UTC,1h,BAKE-USDT,BTC-USDT,0.0891,120000.4,7.42497525e-07,,30,0.0229621,0.0813107,0.013949,1.59669e+06,0,0,0.8125,465,4,0,HOLD
2025-08-12 21:02:09 UTC,1h,BANANA-USDT,BTC-USDT,26.68,120000.4,0.0002223325922,,30,0.0230061,0.0867617,0.017643,8.922e+06,0,0,0.8125,465,4,0,HOLD
2025-08-12 21:02:09 UTC,1h,BANANAS31-USDT,BTC-USDT,0.007281,120000.4,6.067479775e-08,,30,0.0170415,0.0602883,0.0147939,3.00204e+06,0,0,0.8125,465,4,0,HOLD
2025-08-12 21:02:09 UTC,1h,BANK-USDT,BTC-USDT,0.067743,120000.4,5.645231183e-07,,30,0.0207332,0.0469515,0.0276486,6.71377e+06,0,0,0.8125,465,4,0,HOLD
2025-08-12 21:02:09 UTC,1h,BAT-USDT,BTC-USDT,0.1558,120000.4,1.298329006e-06,,30,0.022981,0.0737422,0.0126536,418036,0,0,0.8125,465,4,0,HOLD
2025-08-12 21:02:09 UTC,1h,BB-USDT,BTC-USDT,0.12911,120000.4,1.07591308e-06,,30,0.0138998,0.0682608,0.0168959,9.19876e+06,0,0,0.8125,465,4,0,HOLD
2025-08-12 21:02:09 UTC,1h,BCH-USDT,BTC-USDT,625.41,120000.4,0.005211732628,,30,0.03507,0.0581338,0.0110716,3.84234e+07,0,0,0.8125,465,4,0,HOLD
2025-08-12 21:02:09 UTC,1h,BDXN-USDT,BTC-USDT,0.04079,120000.4,3.399155336e-07,,30,0.00369094,0.0405612,0.0153049,6.31691e+06,0,0,0.8125,465,4,0,HOLD
2025-08-12 21:02:09 UTC,1h,BEAM-USDT,BTC-USDT,0.008463,120000.4,7.052476492e-08,,30,0.00630202,0.0838883,0.0187117,2.10615e+06,0,0,0.8125,465,4,0,HOLD
2025-08-12 21:02:09 UTC,1h,BERA-USDT,BTC-USDT,2.054,120000.4,1.711660961e-05,,30,0.0173353,0.0709072,0.0148491,6.55805e+06,0,0,0.8125,465,4,0,HOLD
2025-08-12 21:02:09 UTC,1h,BID-USDT,BTC-USDT,0.07394,120000.4,6.161646128e-07,,30,0.0299485,0.109877,0.0213397,1.98873e+06,0,0,0.8125,465,4,0,HOLD
2025-08-12 21:02:09 UTC,1h,BIGTIME-USDT,BTC-USDT,0.06139,120000.4,5.115816281e-07,,30,0.0216342,0.0685814,0.0122053,2.02802e+06,0,0,0.8125,465,4,0,HOLD
2025-08-12 21:02:09 UTC,1h,BIO-USDT,BTC-USDT,0.12799,120000.4,1.066579778e-06,,30,0.022366,0.0596953,0.0336187,1.57866e+07,0,0,0.8125,465,4,0,HOLD
2025-08-12 21:02:09 UTC,1h,BLAST-USDT,BTC-USDT,0.003164,120000.4,2.636657878e-08,,30,0.0157303,0.0560748,0.012123,496187,0,0,0.8125,465,4,0,HOLD
2025-08-12 21:02:09 UTC,1h,BLUR-USDT,BTC-USDT,0.08846,120000.4,7.371642095e-07,,30,0.0264563,0.0782545,0.0138319,4.16572e+06,0,0,0.8125,465,4,0,HOLD
2025-08-12 21:02:09 UTC,1h,BMT-USDT,BTC-USDT,0.08458,120000.4,7.048309839e-07,,30,0.00534886,0.0515977,0.012144,1.96331e+06,0,0,0.8125,465,4,0,HOLD
2025-08-12 21:02:09 UTC,1h,BNB-USDT,BTC-USDT,837.7,120000.4,0.006980810064,,30,0.0205648,0.0459744,0.00705759,3.99361e+07,0,0,0.8125,465,4,0,HOLD
2025-08-12 21:02:09 UTC,1h,BNT-USDT,BTC-USDT,0.84445,120000.4,7.037059876e-06,,30,0.0283373,0.0857462,0.0122988,1.92201e+06,0,0,0.8125,465,4,0,HOLD
2025-08-12 21:02:09 UTC,1h,BOME-USDT,BTC-USDT,0.002001,120000.4,1.667494442e-08,,30,0.0384017,0.104305,0.0177054,8.89573e+06,0,0,0.8125,465,4,0,HOLD
2025-08-12 21:02:09 UTC,1h,BR-USDT,BTC-USDT,0.05008,120000.4,4.173319422e-07,,30,0,0,0.00112677,1.88002e+06,0,0,0.8125,465,4,0,HOLD
2025-08-12 21:02:09 UTC,1h,BRETT-USDT,BTC-USDT,0.05988,120000.4,4.989983367e-07,,30,0.0258695,0.113425,0.0196345,5.87574e+06,0,0,0.8125,465,4,0,HOLD
2025-08-12 21:02:09 UTC,1h,BROCCOLI-USDT,BTC-USDT,0.02813,120000.4,2.344158853e-07,,30,-0.00811001,0.0247723,0.0138896,6.2701e+06,0,0,0.8125,465,4,0,HOLD
2025-08-12 21:02:09 UTC,1h,BROCCOLIF3B-USDT,BTC-USDT,0.010443,120000.4,8.702470992e-08,,30,0.0125073,0.0637669,0.0115388,6.23948e+06,0,0,0.8125,465,4,0,HOLD
2025-08-12 21:02:09 UTC,1h,BSV-USDT,BTC-USDT,29.46,120000.4,0.0002454991817,,30,0.00890411,0.0325973,0.01045,2.22989e+06,0,0,0.8125,465,4,0,HOLD
2025-08-12 21:02:09 UTC,1h,BSW-USDT,BTC-USDT,0.02705,120000.4,2.254159153e-07,,30,-0.00478293,0.00259451,0.0205968,1.98084e+06,0,0,0.8125,465,4,0,HOLD
2025-08-12 21:02:09 UTC,1h,BTC-USDT,BTC-USDT,120145.9,120000.4,1.001212496,,30,0.00225066,0.0149635,0.00529856,1.35958e+09,0,0,0.8125,465,4,0,HOLD
2025-08-12 21:02:09 UTC,1h,BULLA-USDT,BTC-USDT,0.08137,120000.4,6.780810731e-07,,30,-0.0340693,-0.0142944,0.0230429,6.57307e+06,0,0,0.8125,465,4,0,HOLD
2025-08-12 21:02:09 UTC,1h,C-USDT,BTC-USDT,0.26306,120000.4,2.192159359e-06,,30,-0.00299413,0.0586342,0.017796,6.44211e+06,0,0,0.8125,465,4,0,HOLD
2025-08-12 21:02:09 UTC,1h,CAKE-USDT,BTC-USDT,2.888,120000.4,2.406658644e-05,,30,0.0243678,0.0651324,0.0102444,2.52209e+06,0,0,0.8125,465,4,0,HOLD
2025-08-12 21:02:09 UTC,1h,CARV-USDT,BTC-USDT,0.3139,120000.4,2.615824614e-06,,30,0.0119278,0.0400928,0.0171802,2.13501e+06,0,0,0.8125,465,4,0,HOLD
2025-08-12 21:02:09 UTC,1h,CATI-USDT,BTC-USDT,0.09652,120000.4,8.043306522e-07,,30,0.00615032,0.0552094,0.0240217,6.94392e+06,0,0,0.8125,465,4,0,HOLD
2025-08-12 21:02:09 UTC,1h,CELO-USDT,BTC-USDT,0.3648,120000.4,3.039989867e-06,,30,0.0181412,0.0770593,0.0147635,2.29774e+06,0,0,0.8125,465,4,0,HOLD
2025-08-12 21:02:09 UTC,1h,CELR-USDT,BTC-USDT,0.00837,120000.4,6.97497675e-08,,30,0.0232274,0.0912647,0.0145929,2.10374e+06,0,0,0.8125,465,4,0,HOLD
2025-08-12 21:02:09 UTC,1h,CETUS-USDT,BTC-USDT,0.11312,120000.4,9.426635245e-07,,30,0.0180902,0.0836287,0.0172131,958749,0,0,0.8125,465,4,0,HOLD
2025-08-12 21:02:09 UTC,1h,CFX-USDT,BTC-USDT,0.2014,120000.4,1.678327739e-06,,30,0.00841178,0.0398596,0.013353,1.03015e+07,0,0,0.8125,465,4,0,HOLD
2025-08-12 21:02:09 UTC,1h,CGPT-USDT,BTC-USDT,0.10466,120000.4,8.721637595e-07,,30,0.0287006,0.0831005,0.0153558,693623,0,0,0.8125,465,4,0,HOLD
2025-08-12 21:02:09 UTC,1h,CHESS-USDT,BTC-USDT,0.07499,120000.4,6.249145836e-07,,30,-0.00239457,0.0676253,0.0176881,696334,0,0,0.8125,465,4,0,HOLD
2025-08-12 21:02:09 UTC,1h,CHILLGUY-USDT,BTC-USDT,0.0585,120000.4,4.87498375e-07,,30,0.0364989,0.11259,0.0217949,1.60817e+06,0,0,0.8125,465,4,0,HOLD
2025-08-12 21:02:09 UTC,1h,CHR-USDT,BTC-USDT,0.0997,120000.4,8.308305639e-07,,30,0.0225641,0.0813449,0.0131108,1.94598e+06,0,0,0.8125,465,4,0,HOLD
2025-08-12 21:02:09 UTC,1h,CHZ-USDT,BTC-USDT,0.04347,120000.4,3.622487925e-07,,30,0.0185098,0.0602439,0.0111243,2.09945e+06,0,0,0.8125,465,4,0,HOLD
2025-08-12 21:02:09 UTC,1h,CKB-USDT,BTC-USDT,0.005733,120000.4,4.777484075e-08,,30,0.0221073,0.0697891,0.0132441,695233,0,0,0.8125,465,4,0,HOLD
2025-08-12 21:02:09 UTC,1h,COINX-USDT,BTC-USDT,321.5,120000.4,0.002679157736,,30,-0.00593655,0.00215081,0.00948456,6.23096e+06,0,0,0.8125,465,4,0,HOLD
2025-08-12 21:02:09 UTC,1h,COMP-USDT,BTC-USDT,53.31,120000.4,0.0004442485192,,30,0.00433308,0.0512719,0.0129834,5.58634e+06,0,0,0.8125,465,4,0,HOLD
2025-08-12 21:02:09 UTC,1h,COOKIE-USDT,BTC-USDT,0.1574,120000.4,1.311662294e-06,,30,0.0194301,0.103787,0.0198766,6.53888e+06,0,0,0.8125,465,4,0,HOLD
2025-08-12 21:02:09 UTC,1h,CORE-USDT,BTC-USDT,0.5079,120000.4,4.232485892e-06,,30,0.0211098,0.0665687,0.0111524,1.93638e+06,0,0,0.8125,465,4,0,HOLD
2025-08-12 21:02:09 UTC,1h,COS-USDT,BTC-USDT,0.003542,120000.4,2.951656828e-08,,30,0.0186943,0.0588939,0.0106276,409431,0,0,0.8125,465,4,0,HOLD
2025-08-12 21:02:09 UTC,1h,COTI-USDT,BTC-USDT,0.05635,120000.4,4.695817681e-07,,30,0.0127606,0.0682464,0.0134364,501429,0,0,0.8125,465,4,0,HOLD
2025-08-12 21:02:09 UTC,1h,COW-USDT,BTC-USDT,0.4327,120000.4,3.605821314e-06,,30,0.0173995,0.0710396,0.0167222,6.65131e+06,0,0,0.8125,465,4,0,HOLD
2025-08-12 21:02:09 UTC,1h,CRCLX-USDT,BTC-USDT,155.07,120000.4,0.001292245693,,30,-0.0871254,-0.0478325,0.0391068,6.24839e+06,0,0,0.8125,465,4,0,HOLD
2025-08-12 21:02:09 UTC,1h,CROSS-USDT,BTC-USDT,0.31914,120000.4,2.659491135e-06,,30,0.00662377,0.0148827,0.0131693,6.36009e+06,0,0,0.8125,465,4,0,HOLD
2025-08-12 21:02:09 UTC,1h,CRV-USDT,BTC-USDT,0.9902,120000.4,8.251639161e-06,,30,0.00876121,0.0770067,0.0179834,1.64643e+07,0,0,0.8125,465,4,0,HOLD
2025-08-12 21:02:09 UTC,1h,CTC-USDT,BTC-USDT,0.7435,120000.4,6.195812681e-06,,30,0.0155716,0.0645762,0.0138534,1.22511e+06,0,0,0.8125,465,4,0,HOLD
2025-08-12 21:02:09 UTC,1h,CTK-USDT,BTC-USDT,0.3568,120000.4,2.973323422e-06,,30,-0.0099889,0.0628537,0.0162156,6.43347e+06,0,0,0.8125,465,4,0,HOLD
2025-08-12 21:02:09 UTC,1h,CUDIS-USDT,BTC-USDT,0.07674,120000.4,6.394978683e-07,,30,0.0987973,0.166261,0.0448546,7.03954e+06,0,0,0.8125,465,4,0,HOLD
2025-08-12 21:02:09 UTC,1h,CVC-USDT,BTC-USDT,0.09858,120000.4,8.214972617e-07,,30,0.0251664,0.0614838,0.00918036,1.87758e+06,0,0,0.8125,465,4,0,HOLD
2025-08-12 21:02:09 UTC,1h,CYBER-USDT,BTC-USDT,3.0006,120000.4,2.500491665e-05,,30,-0.0190591,-0.102074,0.0887037,6.38161e+07,0,0,0.8125,465,4,0,HOLD
2025-08-12 21:02:09 UTC,1h,D-USDT,BTC-USDT,0.03719,120000.4,3.099156336e-07,,30,0.0166758,0.0699079,0.0129643,6.24059e+06,0,0,0.8125,465,4,0,HOLD
2025-08-12 21:02:09 UTC,1h,DBR-USDT,BTC-USDT,0.02489,120000.4,2.074159753e-07,,30,0.00932685,0.0196641,0.00860931,425218,0,0,0.8125,465,4,0,HOLD
2025-08-12 21:02:09 UTC,1h,DEEP-USDT,BTC-USDT,0.17145,120000.4,1.428745238e-06,,30,0.0306583,0.149668,0.0195892,6.79926e+06,0,0,0.8125,465,4,0,HOLD
2025-08-12 21:02:09 UTC,1h,DEGEN-USDT,BTC-USDT,0.004111,120000.4,3.425821914e-08,,30,0.012811,0.100669,0.0197206,631580,0,0,0.8125,465,4,0,HOLD
2025-08-12 21:02:09 UTC,1h,DEGO-USDT,BTC-USDT,1.2453,120000.4,1.037746541e-05,,30,0.00193097,0.0307068,0.0166053,846042,0,0,0.8125,465,4,0,HOLD
2025-08-12 21:02:09 UTC,1h,DF-USDT,BTC-USDT,0.0306,120000.4,2.5499915e-07,,30,0.010568,0.0617627,0.0113679,272437,0,0,0.8125,465,4,0,HOLD
2025-08-12 21:02:09 UTC,1h,DIA-USDT,BTC-USDT,0.838,120000.4,6.983310056e-06,,30,-0.0107425,0.0203336,0.0214456,6.29312e+06,0,0,0.8125,465,4,0,HOLD
2025-08-12 21:02:09 UTC,1h,DMC-USDT,BTC-USDT,0.004823,120000.4,4.019153269e-08,,30,0,0.0316578,0.0152543,6.26795e+06,0,0,0.8125,465,4,0,HOLD
2025-08-12 21:02:09 UTC,1h,DOG-USDT,BTC-USDT,0.003617,120000.4,3.014156619e-08,,30,0.0381745,0.0944024,0.019432,793494,0,0,0.8125,465,4,0,HOLD
2025-08-12 21:02:09 UTC,1h,DOGE-USDT,BTC-USDT,0.23708,120000.4,1.975660081e-06,,30,0.0332534,0.0678798,0.0136542,1.40117e+08,0,0,0.8125,465,4,0,HOLD
2025-08-12 21:02:09 UTC,1h,DOGS-USDT,BTC-USDT,0.0001489,120000.4,1.240829197e-09,,30,0.0149966,0.0696839,0.0155905,799784,0,0,0.8125,465,4,0,HOLD
2025-08-12 21:02:09 UTC,1h,DOLO-USDT,BTC-USDT,0.225232,120000.4,1.876927077e-06,,30,-0.0817352,-0.104053,0.03527,7.20086e+06,0,0,0.8125,465,4,0,HOLD
2025-08-12 21:02:09 UTC,1h,DOOD-USDT,BTC-USDT,0.003804,120000.4,3.169989433e-08,,30,0.00523228,0.0494951,0.0143984,6.3097e+06,0,0,0.8125,465,4,0,HOLD
2025-08-12 21:02:09 UTC,1h,DOT-USDT,BTC-USDT,4.188,120000.4,3.489988367e-05,,30,0.0234604,0.0841315,0.0149236,1.77846e+07,0,0,0.8125,465,4,0,HOLD
2025-08-12 21:02:09 UTC,1h,DRIFT-USDT,BTC-USDT,0.5773,120000.4,4.810817297e-06,,30,0.0292387,0.0726496,0.0131895,6.4061e+06,0,0,0.8125,465,4,0,HOLD
2025-08-12 21:02:09 UTC,1h,DUSK-USDT,BTC-USDT,0.06911,120000.4,5.75914747e-07,,30,0.0212797,0.0813644,0.0133638,274378,0,0,0.8125,465,4,0,HOLD
2025-08-12 21:02:09 UTC,1h,DYDX-USDT,BTC-USDT,0.6786,120000.4,5.65498115e-06,,30,0.0155642,0.0759474,0.0157678,6.25053e+06,0,0,0.8125,465,4,0,HOLD
2025-08-12 21:02:09 UTC,1h,DYM-USDT,BTC-USDT,0.2687,120000.4,2.239159203e-06,,30,0.0342571,0.0821587,0.0183423,3.20684e+06,0,0,0.8125,465,4,0,HOLD
2025-08-12 21:02:09 UTC,1h,EDU-USDT,BTC-USDT,0.1493,120000.4,1.244162519e-06,,30,-0.00267201,-0.0846107,0.0426275,5.76123e+06,0,0,0.8125,465,4,0,HOLD
2025-08-12 21:02:09 UTC,1h,EGLD-USDT,BTC-USDT,16.191,120000.4,0.0001349245503,,30,0.0227402,0.0797599,0.0122246,3.17682e+06,0,0,0.8125,465,4,0,HOLD
2025-08-12 21:02:09 UTC,1h,EIGEN-USDT,BTC-USDT,1.4124,120000.4,1.176996077e-05,,30,0.000708516,0.0458349,0.0213972,5.61407e+06,0,0,0.8125,465,4,0,HOLD
2025-08-12 21:02:09 UTC,1h,ELX-USDT,BTC-USDT,0.1751,120000.4,1.459161803e-06,,30,-0.00680658,0.0535499,0.0172554,469745,0,0,0.8125,465,4,0,HOLD
2025-08-12 21:02:09 UTC,1h,ENA-USDT,BTC-USDT,0.8214,120000.4,6.844977183e-06,,30,0.00575487,0.0678627,0.0273053,1.00825e+08,0,0,0.8125,465,4,0,HOLD
2025-08-12 21:02:09 UTC,1h,ENJ-USDT,BTC-USDT,0.07495,120000.4,6.245812514e-07,,30,0.0286851,0.0835622,0.013285,2.04887e+06,0,0,0.8125,465,4,0,HOLD
2025-08-12 21:02:09 UTC,1h,ENS-USDT,BTC-USDT,29.684,120000.4,0.0002473658421,,30,0.0191581,0.0685001,0.0145076,1.21449e+07,0,0,0.8125,465,4,0,HOLD
2025-08-12 21:02:09 UTC,1h,EPIC-USDT,BTC-USDT,2.1137,120000.4,1.761410795e-05,,30,-0.0103937,0.00690739,0.013399,2.03083e+06,0,0,0.8125,465,4,0,HOLD
2025-08-12 21:02:09 UTC,1h,EPT-USDT,BTC-USDT,0.004372,120000.4,3.643321189e-08,,30,0.00900069,0.0389734,0.0129885,6.33428e+06,0,0,0.8125,465,4,0,HOLD
2025-08-12 21:02:09 UTC,1h,ERA-USDT,BTC-USDT,1.0397,120000.4,8.664137786e-06,,30,0.00980963,0.0364869,0.0135273,8.284e+06,0,0,0.8125,465,4,0,HOLD
2025-08-12 21:02:09 UTC,1h,ES-USDT,BTC-USDT,0.2146,120000.4,1.788327372e-06,,30,-0.00785945,0.0342169,0.0192052,6.26211e+06,0,0,0.8125,465,4,0,HOLD
2025-08-12 21:02:09 UTC,1h,ESPORTS-USDT,BTC-USDT,0.1284,120000.4,1.069996433e-06,,30,-0.0198473,0.0118203,0.0181353,6.61597e+06,0,0,0.8125,465,4,0,HOLD
2025-08-12 21:02:09 UTC,1h,ETC-USDT,BTC-USDT,23.866,120000.4,0.0001988826704,,30,0.0177833,0.0830951,0.0143121,1.31215e+07,0,0,0.8125,465,4,0,HOLD
2025-08-12 21:02:09 UTC,1h,ETH-USDT,BTC-USDT,4615.05,120000.4,0.0384586218,,30,0.0322765,0.0766024,0.0123593,2.93003e+09,0,0,0.8125,465,4,0,HOLD
2025-08-12 21:02:09 UTC,1h,ETHFI-USDT,BTC-USDT,1.2498,120000.4,1.041496528e-05,,30,0.0235034,0.0682964,0.0237124,1.30722e+07,0,0,0.8125,465,4,0,HOLD
2025-08-12 21:02:09 UTC,1h,ETHW-USDT,BTC-USDT,1.7602,120000.4,1.466828444e-05,,30,0.0268946,0.082068,0.0142395,2.00234e+06,0,0,0.8125,465,4,0,HOLD
2025-08-12 21:02:09 UTC,1h,F-USDT,BTC-USDT,0.008009,120000.4,6.67414442e-08,,30,-0.0054638,0.0322206,0.0126643,6.26252e+06,0,0,0.8125,465,4,0,HOLD
2025-08-12 21:02:09 UTC,1h,FARTCOIN-USDT,BTC-USDT,0.9731,120000.4,8.109139636e-06,,30,0.0953399,0.154741,0.0306825,6.94833e+07,0,0,0.8125,465,4,0,HOLD
2025-08-12 21:02:09 UTC,1h,FET-USDT,BTC-USDT,0.7288,120000.4,6.073313089e-06,,30,0.0146178,0.0623907,0.0138682,5.71413e+06,0,0,0.8125,465,4,0,HOLD
2025-08-12 21:02:09 UTC,1h,FHE-USDT,BTC-USDT,0.06414,120000.4,5.344982183e-07,,30,0.00754006,0.0298651,0.0180854,6.44188e+06,0,0,0.8125,465,4,0,HOLD
2025-08-12 21:02:09 UTC,1h,FIDA-USDT,BTC-USDT,0.10649,120000.4,8.874137086e-07,,30,0.0367017,0.104324,0.0171243,906486,0,0,0.8125,465,4,0,HOLD
2025-08-12 21:02:09 UTC,1h,FIL-USDT,BTC-USDT,2.651,120000.4,2.209159303e-05,,30,0.026326,0.0737141,0.0122865,9.6568e+06,0,0,0.8125,465,4,0,HOLD
2025-08-12 21:02:09 UTC,1h,FIO-USDT,BTC-USDT,0.02122,120000.4,1.768327439e-07,,30,0.00425935,0.048419,0.0171671,6.42546e+06,0,0,0.8125,465,4,0,HOLD
2025-08-12 21:02:09 UTC,1h,FIS-USDT,BTC-USDT,0.12427,120000.4,1.035579881e-06,,30,0.0263462,0.0815492,0.0157951,6.32237e+06,0,0,0.8125,465,4,0,HOLD
2025-08-12 21:02:09 UTC,1h,FLM-USDT,BTC-USDT,0.03113,120000.4,2.594158019e-07,,30,0.0219961,0.0816539,0.012987,785713,0,0,0.8125,465,4,0,HOLD
2025-08-12 21:02:09 UTC,1h,FLOCK-USDT,BTC-USDT,0.18566,120000.4,1.547161509e-06,,30,0.00902174,0.0051432,0.0298395,6.50784e+06,0,0,0.8125,465,4,0,HOLD
2025-08-12 21:02:09 UTC,1h,FLOKI-USDT,BTC-USDT,0.00011658,120000.4,9.714967617e-10,,30,0.0327782,0.0817482,0.0154952,6.27942e+06,0,0,0.8125,465,4,0,HOLD
2025-08-12 21:02:09 UTC,1h,FLOW-USDT,BTC-USDT,0.392,120000.4,3.266655778e-06,,30,0.0208333,0.0710383,0.0116618,2.36776e+06,0,0,0.8125,465,4,0,HOLD
2025-08-12 21:02:09 UTC,1h,FLUX-USDT,BTC-USDT,0.2322,120000.4,1.93499355e-06,,30,0.0161926,0.0720222,0.0150117,417466,0,0,0.8125,465,4,0,HOLD
2025-08-12 21:02:09 UTC,1h,FORM-USDT,BTC-USDT,3.7777,120000.4,3.14807284e-05,,30,-0.00411251,-0.0147358,0.00735708,2.17121e+06,0,0,0.8125,465,4,0,HOLD
2025-08-12 21:02:09 UTC,1h,FORTH-USDT,BTC-USDT,2.8659,120000.4,2.388242039e-05,,30,0.00519098,0.0329801,0.0154477,860616,0,0,0.8125,465,4,0,HOLD
2025-08-12 21:02:09 UTC,1h,FRAG-USDT,BTC-USDT,0.04387,120000.4,3.655821147e-07,,30,0.00781071,0.0475167,0.0209059,6.26666e+06,0,0,0.8125,465,4,0,HOLD
2025-08-12 21:02:09 UTC,1h,FUEL-USDT,BTC-USDT,0.00752,120000.4,6.266645778e-08,,30,0.00669344,-0.00529101,0.0141527,328082,0,0,0.8125,465,4,0,HOLD
2025-08-12 21:02:09 UTC,1h,FUNTOKEN-USDT,BTC-USDT,0.00923,120000.4,7.691641028e-08,,30,-0.0154667,0.00995733,0.0231001,8.37966e+06,0,0,0.8125,465,4,0,HOLD
2025-08-12 21:02:09 UTC,1h,FXS-USDT,BTC-USDT,3.2195,120000.4,2.682907724e-05,,30,0.0209939,0.0690686,0.0142857,2.11951e+06,0,0,0.8125,465,4,0,HOLD
2025-08-12 21:02:09 UTC,1h,G-USDT,BTC-USDT,0.01268,120000.4,1.056663144e-07,,30,0.0308943,0.0718512,0.0123366,6.22515e+06,0,0,0.8125,465,4,0,HOLD
2025-08-12 21:02:09 UTC,1h,GALA-USDT,BTC-USDT,0.01813,120000.4,1.510828297e-07,,30,0.0283607,0.0856287,0.0163108,9.47591e+06,0,0,0.8125,465,4,0,HOLD
2025-08-12 21:02:09 UTC,1h,GAS-USDT,BTC-USDT,3.386,120000.4,2.821657261e-05,,30,0.022343,0.0561447,0.0102945,1.91814e+06,0,0,0.8125,465,4,0,HOLD
2025-08-12 21:02:09 UTC,1h,GHST-USDT,BTC-USDT,0.5106,120000.4,4.254985817e-06,,30,0.00729927,0.111934,0.0280622,6.93637e+06,0,0,0.8125,465,4,0,HOLD
2025-08-12 21:02:09 UTC,1h,GLM-USDT,BTC-USDT,0.26646,120000.4,2.220492598e-06,,30,0.0180721,0.0506269,0.00996665,516739,0,0,0.8125,465,4,0,HOLD
2025-08-12 21:02:09 UTC,1h,GMT-USDT,BTC-USDT,0.04836,120000.4,4.029986567e-07,,30,0.03135,0.0792234,0.0121411,691791,0,0,0.8125,465,4,0,HOLD
2025-08-12 21:02:09 UTC,1h,GMX-USDT,BTC-USDT,17.146,120000.4,0.0001428828571,,30,-0.00325544,0.0337011,0.0158971,2.38853e+06,0,0,0.8125,465,4,0,HOLD
2025-08-12 21:02:09 UTC,1h,GOAT-USDT,BTC-USDT,0.10835,120000.4,9.02913657e-07,,30,0.0411262,0.131829,0.0170677,6.54443e+06,0,0,0.8125,465,4,0,HOLD
2025-08-12 21:02:09 UTC,1h,GOR-USDT,BTC-USDT,0.0182,120000.4,1.516661611e-07,,30,-0.0628218,0.123457,0.0399529,6.35652e+06,0,0,0.8125,465,4,0,HOLD
2025-08-12 21:02:09 UTC,1h,GORK-USDT,BTC-USDT,0.00836,120000.4,6.966643445e-08,,30,0.00966184,0.0985545,0.0283664,6.35905e+06,0,0,0.8125,465,4,0,HOLD
2025-08-12 21:02:09 UTC,1h,GPS-USDT,BTC-USDT,0.01627,120000.4,1.355828814e-07,,30,0.0124456,0.0469755,0.0213803,6.3451e+06,0,0,0.8125,465,4,0,HOLD
2025-08-12 21:02:09 UTC,1h,GRASS-USDT,BTC-USDT,0.811,120000.4,6.758310806e-06,,30,0.0107178,0.072184,0.0243527,7.17529e+06,0,0,0.8125,465,4,0,HOLD
2025-08-12 21:02:09 UTC,1h,GRIFFAIN-USDT,BTC-USDT,0.04521,120000.4,3.767487442e-07,,30,0.0184726,0.0878248,0.0208077,6.85898e+06,0,0,0.8125,465,4,0,HOLD
2025-08-12 21:02:09 UTC,1h,GRT-USDT,BTC-USDT,0.10169,120000.4,8.47413842e-07,,30,0.0340655,0.0936761,0.0135707,2.81862e+06,0,0,0.8125,465,4,0,HOLD
2025-08-12 21:02:09 UTC,1h,GTC-USDT,BTC-USDT,0.315,120000.4,2.62499125e-06,,30,0.0260586,0.0824742,0.0156463,1.9442e+06,0,0,0.8125,465,4,0,HOLD
2025-08-12 21:02:09 UTC,1h,GUN-USDT,BTC-USDT,0.03156,120000.4,2.629991233e-07,,30,0.0174081,0.0558715,0.0157749,6.32135e+06,0,0,0.8125,465,4,0,HOLD
2025-08-12 21:02:09 UTC,1h,H-USDT,BTC-USDT,0.03808,120000.4,3.173322756e-07,,30,0.0103476,0.0350639,0.0111044,6.34267e+06,0,0,0.8125,465,4,0,HOLD
2025-08-12 21:02:09 UTC,1h,HAEDAL-USDT,BTC-USDT,0.145346,120000.4,1.211212629e-06,,30,0.0069557,0.0501727,0.0142394,6.24704e+06,0,0,0.8125,465,4,0,HOLD
2025-08-12 21:02:09 UTC,1h,HBAR-USDT,BTC-USDT,0.26328,120000.4,2.193992687e-06,,30,0.0282768,0.0700699,0.0111668,1.30774e+07,0,0,0.8125,465,4,0,HOLD
2025-08-12 21:02:09 UTC,1h,HEI-USDT,BTC-USDT,0.5092,120000.4,4.243319189e-06,,30,-0.00527447,0.0288947,0.0220233,822718,0,0,0.8125,465,4,0,HOLD
2025-08-12 21:02:09 UTC,1h,HFT-USDT,BTC-USDT,0.09952,120000.4,8.293305689e-07,,30,0.0162361,0.0566999,0.023032,6.44861e+06,0,0,0.8125,465,4,0,HOLD
2025-08-12 21:02:09 UTC,1h,HIFI-USDT,BTC-USDT,0.10912,120000.4,9.093303022e-07,,30,0.164195,0.339718,0.0452778,5.33678e+06,0,0,0.8125,465,4,0,HOLD
2025-08-12 21:02:09 UTC,1h,HIGH-USDT,BTC-USDT,0.6159,120000.4,5.132482892e-06,,30,0.0270135,0.084331,0.0139633,5.50704e+06,0,0,0.8125,465,4,0,HOLD
2025-08-12 21:02:09 UTC,1h,HIPPO-USDT,BTC-USDT,0.002429,120000.4,2.024159919e-08,,30,0.00538079,0.0146199,0.0252602,1.92756e+06,0,0,0.8125,465,4,0,HOLD
2025-08-12 21:02:09 UTC,1h,HIVE-USDT,BTC-USDT,0.22904,120000.4,1.908660304e-06,,30,0.0194507,0.0589486,0.00932463,406776,0,0,0.8125,465,4,0,HOLD
2025-08-12 21:02:09 UTC,1h,HMSTR-USDT,BTC-USDT,0.0007893,120000.4,6.577478075e-09,,30,0.0206905,0.0722728,0.0142531,520105,0,0,0.8125,465,4,0,HOLD
2025-08-12 21:02:09 UTC,1h,HOME-USDT,BTC-USDT,0.043641,120000.4,3.636737878e-07,,30,0.0357914,0.112808,0.0193707,6.52492e+06,0,0,0.8125,465,4,0,HOLD
2025-08-12 21:02:09 UTC,1h,HOODX-USDT,BTC-USDT,114.35,120000.4,0.0009529134903,,30,-0.00909879,0.00775535,0.0104754,6.21874e+06,0,0,0.8125,465,4,0,HOLD
2025-08-12 21:02:09 UTC,1h,HOOK-USDT,BTC-USDT,0.1173,120000.4,9.774967417e-07,,30,0.0482574,0.0962617,0.0211911,5.4831e+06,0,0,0.8125,465,4,0,HOLD
2025-08-12 21:02:09 UTC,1h,HOT-USDT,BTC-USDT,0.001026,120000.4,8.5499715e-09,,30,-0.00097371,0.0469388,0.0143414,1.88828e+06,0,0,0.8125,465,4,0,HOLD
2025-08-12 21:02:09 UTC,1h,HOUSE-USDT,BTC-USDT,0.02319,120000.4,1.932493558e-07,,30,0.0292943,0.171804,0.0369925,6.93504e+06,0,0,0.8125,465,4,0,HOLD
2025-08-12 21:02:09 UTC,1h,HUMA-USDT,BTC-USDT,0.038256,120000.4,3.187989373e-07,,30,0.0244216,0.149657,0.0271722,7.26601e+06,0,0,0.8125,465,4,0,HOLD
2025-08-12 21:02:09 UTC,1h,HYPE-USDT,BTC-USDT,44.891,120000.4,0.0003740904197,,30,0.0099667,0.0501064,0.0178003,2.34726e+07,0,0,0.8125,465,4,0,HOLD
2025-08-12 21:02:09 UTC,1h,HYPERLANE-USDT,BTC-USDT,0.3899,120000.4,3.249155836e-06,,30,0.00958053,0.0612412,0.0173854,6.85099e+06,0,0,0.8125,465,4,0,HOLD
2025-08-12 21:02:09 UTC,1h,ICNT-USDT,BTC-USDT,0.3509,120000.4,2.924156919e-06,,30,-0.0559591,-0.156288,0.0617392,1.69046e+07,0,0,0.8125,465,4,0,HOLD
2025-08-12 21:02:09 UTC,1h,ICP-USDT,BTC-USDT,5.741,120000.4,4.784150719e-05,,30,0.024264,0.071282,0.012616,4.95999e+06,0,0,0.8125,465,4,0,HOLD
2025-08-12 21:02:09 UTC,1h,ICX-USDT,BTC-USDT,0.1389,120000.4,1.157496142e-06,,30,0.0273669,0.0725869,0.0114677,295228,0,0,0.8125,465,4,0,HOLD
2025-08-12 21:02:09 UTC,1h,ID-USDT,BTC-USDT,0.18078,120000.4,1.506494978e-06,,30,0.0236693,0.0803801,0.020376,2.56319e+06,0,0,0.8125,465,4,0,HOLD
2025-08-12 21:02:09 UTC,1h,IDOL-USDT,BTC-USDT,0.01693,120000.4,1.410828631e-07,,30,0.00118273,0.0186522,0.0378871,7.33054e+06,0,0,0.8125,465,4,0,HOLD
2025-08-12 21:02:09 UTC,1h,ILV-USDT,BTC-USDT,17.906,120000.4,0.0001492161693,,30,0.0065771,0.0547832,0.0165068,6.51893e+06,0,0,0.8125,465,4,0,HOLD
2025-08-12 21:02:09 UTC,1h,IMX-USDT,BTC-USDT,0.5929,120000.4,4.940816864e-06,,30,0.0107399,0.0711834,0.0166976,5.82503e+06,0,0,0.8125,465,4,0,HOLD
2025-08-12 21:02:09 UTC,1h,IN-USDT,BTC-USDT,0.10926,120000.4,9.10496965e-07,,30,0.15619,0.274764,0.0614197,1.04936e+07,0,0,0.8125,465,4,0,HOLD
2025-08-12 21:02:09 UTC,1h,INIT-USDT,BTC-USDT,0.4604,120000.4,3.836653878e-06,,30,-0.00151811,0.0868744,0.0224649,6.70446e+06,0,0,0.8125,465,4,0,HOLD
2025-08-12 21:02:09 UTC,1h,INJ-USDT,BTC-USDT,14.91,120000.4,0.0001242495858,,30,0.0266474,0.0968881,0.0156271,3.11068e+07,0,0,0.8125,465,4,0,HOLD
2025-08-12 21:02:09 UTC,1h,IO-USDT,BTC-USDT,0.6883,120000.4,5.735814214e-06,,30,0.0842785,0.154091,0.0222806,9.59027e+06,0,0,0.8125,465,4,0,HOLD
2025-08-12 21:02:09 UTC,1h,IOST-USDT,BTC-USDT,0.003869,120000.4,3.224155919e-08,,30,0.0249007,0.0705589,0.0108924,1.90691e+06,0,0,0.8125,465,4,0,HOLD
2025-08-12 21:02:09 UTC,1h,IOTA-USDT,BTC-USDT,0.2129,120000.4,1.774160753e-06,,30,0.0191479,0.0768842,0.012984,2.26296e+06,0,0,0.8125,465,4,0,HOLD
2025-08-12 21:02:09 UTC,1h,IP-USDT,BTC-USDT,5.8315,120000.4,4.859567135e-05,,30,0.00324638,0.0381026,0.0165639,1.07787e+07,0,0,0.8125,465,4,0,HOLD
2025-08-12 21:02:09 UTC,1h,JASMY-USDT,BTC-USDT,0.018551,120000.4,1.545911514e-07,,30,0.0461877,0.134202,0.0260594,5.62893e+06,0,0,0.8125,465,4,0,HOLD
2025-08-12 21:02:09 UTC,1h,JOE-USDT,BTC-USDT,0.16688,120000.4,1.390662031e-06,,30,0.0178092,0.0646931,0.0127893,1.90287e+06,0,0,0.8125,465,4,0,HOLD
2025-08-12 21:02:09 UTC,1h,JST-USDT,BTC-USDT,0.034217,120000.4,2.851407162e-07,,30,0.01132,0.0256894,0.0058367,1.87697e+06,0,0,0.8125,465,4,0,HOLD
2025-08-12 21:02:09 UTC,1h,JTO-USDT,BTC-USDT,1.9195,120000.4,1.599578001e-05,,30,0.0423002,0.0916174,0.0149816,5.25537e+06,0,0,0.8125,465,4,0,HOLD
2025-08-12 21:02:09 UTC,1h,JUP-USDT,BTC-USDT,0.5356,120000.4,4.463318456e-06,,30,0.0321835,0.0833333,0.0154166,1.12037e+07,0,0,0.8125,465,4,0,HOLD
2025-08-12 21:02:09 UTC,1h,KAIA-USDT,BTC-USDT,0.1518,120000.4,1.264995783e-06,,30,0.0208473,0.049067,0.0108225,6.46307e+06,0,0,0.8125,465,4,0,HOLD
2025-08-12 21:02:09 UTC,1h,KAITO-USDT,BTC-USDT,1.2221,120000.4,1.018413272e-05,,30,0.0225067,0.0966439,0.0174056,6.79164e+06,0,0,0.8125,465,4,0,HOLD
2025-08-12 21:02:09 UTC,1h,KAS-USDT,BTC-USDT,0.09748,120000.4,8.123306256e-07,,30,0.0673382,0.115459,0.0166847,7.75639e+06,0,0,0.8125,465,4,0,HOLD
2025-08-12 21:02:09 UTC,1h,KAVA-USDT,BTC-USDT,0.3909,120000.4,3.257489142e-06,,30,0.0169095,0.0401809,0.00584731,2.13744e+06,0,0,0.8125,465,4,0,HOLD
2025-08-12 21:02:09 UTC,1h,KDA-USDT,BTC-USDT,0.4372,120000.4,3.643321189e-06,,30,0.0219729,0.0779093,0.0153248,1.99565e+06,0,0,0.8125,465,4,0,HOLD
2025-08-12 21:02:09 UTC,1h,KERNEL-USDT,BTC-USDT,0.2046,120000.4,1.704994317e-06,,30,0.0168986,0.0460123,0.0161639,6.4825e+06,0,0,0.8125,465,4,0,HOLD
2025-08-12 21:02:09 UTC,1h,KMNO-USDT,BTC-USDT,0.0565,120000.4,4.708317639e-07,,30,0.0439763,0.101794,0.0147282,539581,0,0,0.8125,465,4,0,HOLD
2025-08-12 21:02:09 UTC,1h,KNC-USDT,BTC-USDT,0.4285,120000.4,3.570821431e-06,,30,0.00233918,0.043849,0.012152,2.12708e+06,0,0,0.8125,465,4,0,HOLD
2025-08-12 21:02:09 UTC,1h,KOMA-USDT,BTC-USDT,0.02453,120000.4,2.044159853e-07,,30,0.00574006,0.0267895,0.0109196,1.88221e+06,0,0,0.8125,465,4,0,HOLD
2025-08-12 21:02:09 UTC,1h,KSM-USDT,BTC-USDT,15.897,120000.4,0.0001324745584,,30,0.0213955,0.0733239,0.0133763,3.01673e+06,0,0,0.8125,465,4,0,HOLD
2025-08-12 21:02:09 UTC,1h,LA-USDT,BTC-USDT,0.3999,120000.4,3.332488892e-06,,30,-0.0641236,0.102564,0.0432251,1.20728e+07,0,0,0.8125,465,4,0,HOLD
2025-08-12 21:02:09 UTC,1h,LAUNCHCOIN-USDT,BTC-USDT,0.0736,120000.4,6.133312889e-07,,30,0.0276459,0.0895633,0.0219138,6.48699e+06,0,0,0.8125,465,4,0,HOLD
2025-08-12 21:02:09 UTC,1h,LAYER-USDT,BTC-USDT,0.6392,120000.4,5.326648911e-06,,30,0.0210863,0.0554822,0.0102695,6.35888e+06,0,0,0.8125,465,4,0,HOLD
2025-08-12 21:02:09 UTC,1h,LDO-USDT,BTC-USDT,1.5868,120000.4,1.322328926e-05,,30,0.00576789,0.0702098,0.0306772,3.36542e+07,0,0,0.8125,465,4,0,HOLD
2025-08-12 21:02:09 UTC,1h,LINK-USDT,BTC-USDT,23.659,120000.4,0.0001971576761,,30,-0.0143315,0.116675,0.0218129,8.41933e+07,0,0,0.8125,465,4,0,HOLD
2025-08-12 21:02:09 UTC,1h,LISTA-USDT,BTC-USDT,0.3129,120000.4,2.607491308e-06,,30,0.0168996,0.055668,0.018445,4.53949e+06,0,0,0.8125,465,4,0,HOLD
2025-08-12 21:02:09 UTC,1h,LPT-USDT,BTC-USDT,6.951,120000.4,5.792480692e-05,,30,0.0249189,0.0937844,0.0148797,2.25529e+06,0,0,0.8125,465,4,0,HOLD
2025-08-12 21:02:09 UTC,1h,LQTY-USDT,BTC-USDT,1.0475,120000.4,8.72913757e-06,,30,0.000859927,0.053929,0.016536,937634,0,0,0.8125,465,4,0,HOLD
2025-08-12 21:02:09 UTC,1h,LRC-USDT,BTC-USDT,0.09308,120000.4,7.756640811e-07,,30,0.0295321,0.0972533,0.0148567,490932,0,0,0.8125,465,4,0,HOLD
2025-08-12 21:02:09 UTC,1h,LTC-USDT,BTC-USDT,129.64,120000.4,0.001080329732,,30,0.0420384,0.0894118,0.01297,4.49705e+07,0,0,0.8125,465,4,0,HOLD
2025-08-12 21:02:09 UTC,1h,LUMIA-USDT,BTC-USDT,0.3596,120000.4,2.996656678e-06,,30,0.035118,0.107825,0.020638,643360,0,0,0.8125,465,4,0,HOLD
2025-08-12 21:02:09 UTC,1h,LUNA-USDT,BTC-USDT,0.1668,120000.4,1.389995367e-06,,30,0.00968523,0.0536955,0.0148167,2.00145e+06,0,0,0.8125,465,4,0,HOLD
2025-08-12 21:02:09 UTC,1h,LUNC-USDT,BTC-USDT,6.248e-05,120000.4,5.206649311e-10,,30,0.00112162,0.0366683,0.00966023,1.10944e+06,0,0,0.8125,465,4,0,HOLD
2025-08-12 21:02:09 UTC,1h,M-USDT,BTC-USDT,0.4259,120000.4,3.549154836e-06,,30,-0.0392511,-0.0533452,0.0183477,7.5517e+06,0,0,0.8125,465,4,0,HOLD
2025-08-12 21:02:09 UTC,1h,MAGIC-USDT,BTC-USDT,0.2717,120000.4,2.264159119e-06,,30,0.00406504,0.0149421,0.0241338,1.16085e+07,0,0,0.8125,465,4,0,HOLD
2025-08-12 21:02:09 UTC,1h,MANA-USDT,BTC-USDT,0.3111,120000.4,2.592491358e-06,,30,0.025379,0.0753543,0.0134086,2.32931e+06,0,0,0.8125,465,4,0,HOLD
2025-08-12 21:02:09 UTC,1h,MANTA-USDT,BTC-USDT,0.2407,120000.4,2.005826647e-06,,30,0.0225149,0.0876638,0.0175975,1.01998e+06,0,0,0.8125,465,4,0,HOLD
2025-08-12 21:02:09 UTC,1h,MASK-USDT,BTC-USDT,1.369,120000.4,1.140829531e-05,,30,0.0171632,0.0770199,0.0134144,2.21269e+06,0,0,0.8125,465,4,0,HOLD
2025-08-12 21:02:09 UTC,1h,MAV-USDT,BTC-USDT,0.06119,120000.4,5.09914967e-07,,30,0.0176285,0.0606691,0.0425957,4.60892e+06,0,0,0.8125,465,4,0,HOLD
2025-08-12 21:02:09 UTC,1h,MAVIA-USDT,BTC-USDT,0.195,120000.4,1.624994583e-06,,30,0.0333863,0.047261,0.0277289,7.35592e+06,0,0,0.8125,465,4,0,HOLD
2025-08-12 21:02:09 UTC,1h,MBOX-USDT,BTC-USDT,0.06213,120000.4,5.177482742e-07,,30,0.00177362,0.109068,0.0177508,785880,0,0,0.8125,465,4,0,HOLD
2025-08-12 21:02:09 UTC,1h,ME-USDT,BTC-USDT,0.7561,120000.4,6.300812331e-06,,30,0.0173574,0.0574825,0.0113364,826451,0,0,0.8125,465,4,0,HOLD
2025-08-12 21:02:09 UTC,1h,MELANIA-USDT,BTC-USDT,0.2298,120000.4,1.914993617e-06,,30,0.0268097,0.0803949,0.0143292,750897,0,0,0.8125,465,4,0,HOLD
2025-08-12 21:02:09 UTC,1h,MEME-USDT,BTC-USDT,0.001822,120000.4,1.518328272e-08,,30,0.0195859,0.0736594,0.0158382,2.2058e+06,0,0,0.8125,465,4,0,HOLD
2025-08-12 21:02:09 UTC,1h,MERL-USDT,BTC-USDT,0.1168,120000.4,9.733300889e-07,,30,0.00611594,0.0525367,0.0120658,6.25189e+06,0,0,0.8125,465,4,0,HOLD
2025-08-12 21:02:09 UTC,1h,METAX-USDT,BTC-USDT,791.26,120000.4,0.006593811354,,30,0.0013541,0.0302328,0.00817773,6.23712e+06,0,0,0.8125,465,4,0,HOLD
2025-08-12 21:02:09 UTC,1h,METIS-USDT,BTC-USDT,18.57,120000.4,0.0001547494842,,30,0.00324149,0.070317,0.019463,2.08749e+06,0,0,0.8125,465,4,0,HOLD
2025-08-12 21:02:09 UTC,1h,MEW-USDT,BTC-USDT,0.003372,120000.4,2.809990633e-08,,30,0.0433168,0.104849,0.0173699,3.42349e+06,0,0,0.8125,465,4,0,HOLD
2025-08-12 21:02:09 UTC,1h,MILK-USDT,BTC-USDT,0.05285,120000.4,4.404151986e-07,,30,0.00532623,0.0354624,0.0130964,6.24877e+06,0,0,0.8125,465,4,0,HOLD
2025-08-12 21:02:09 UTC,1h,MINA-USDT,BTC-USDT,0.2016,120000.4,1.6799944e-06,,30,0.0223124,0.0815451,0.0140306,2.0629e+06,0,0,0.8125,465,4,0,HOLD
2025-08-12 21:02:09 UTC,1h,MKR-USDT,BTC-USDT,2028.3,120000.4,0.01690244366,,30,0.0066005,0.021402,0.0138645,7.07974e+06,0,0,0.8125,465,4,0,HOLD
2025-08-12 21:02:09 UTC,1h,MLN-USDT,BTC-USDT,9.858,120000.4,8.214972617e-05,,30,0.157994,0.198395,0.0295047,6.95661e+06,0,0,0.8125,465,4,0,HOLD
2025-08-12 21:02:09 UTC,1h,MNT-USDT,BTC-USDT,1.04636,120000.4,8.719637601e-06,,30,0.0187915,0.022495,0.0148433,7.17156e+06,0,0,0.8125,465,4,0,HOLD
2025-08-12 21:02:09 UTC,1h,MOODENG-USDT,BTC-USDT,0.18022,120000.4,1.501828327e-06,,30,0.00334039,0.0222348,0.0176411,1.01314e+07,0,0,0.8125,465,4,0,HOLD
2025-08-12 21:02:09 UTC,1h,MORPHO-USDT,BTC-USDT,2.232,120000.4,1.8599938e-05,,30,0.0287611,0.0977769,0.0171851,780750,0,0,0.8125,465,4,0,HOLD
2025-08-12 21:02:09 UTC,1h,MOVE-USDT,BTC-USDT,0.1437,120000.4,1.197496008e-06,,30,0.0105485,0.0620843,0.0119296,6.8145e+06,0,0,0.8125,465,4,0,HOLD
2025-08-12 21:02:09 UTC,1h,MOVR-USDT,BTC-USDT,6.779,120000.4,5.649147836e-05,,30,0.000442739,0.0333841,0.014351,1.95249e+06,0,0,0.8125,465,4,0,HOLD
2025-08-12 21:02:09 UTC,1h,MTL-USDT,BTC-USDT,0.7821,120000.4,6.517478275e-06,,30,0.0253015,0.0693191,0.0110965,551260,0,0,0.8125,465,4,0,HOLD
2025-08-12 21:02:09 UTC,1h,MUBARAK-USDT,BTC-USDT,0.03825,120000.4,3.187489375e-07,,30,0.00393701,0.0885031,0.0176657,2.24164e+06,0,0,0.8125,465,4,0,HOLD
2025-08-12 21:02:09 UTC,1h,MYRO-USDT,BTC-USDT,0.02799,120000.4,2.332492225e-07,,30,0.0416822,0.120048,0.0367733,3.98154e+06,0,0,0.8125,465,4,0,HOLD
2025-08-12 21:02:09 UTC,1h,MYX-USDT,BTC-USDT,1.71162,120000.4,1.426345246e-05,,30,0.00685306,0.0244621,0.0232578,1.4563e+07,0,0,0.8125,465,4,0,HOLD
2025-08-12 21:02:09 UTC,1h,NAORIS-USDT,BTC-USDT,0.0329,120000.4,2.741657528e-07,,30,0.0609481,0.0926602,0.0266609,6.51991e+06,0,0,0.8125,465,4,0,HOLD
2025-08-12 21:02:09 UTC,1h,NEAR-USDT,BTC-USDT,2.8176,120000.4,2.347992173e-05,,30,0.0262985,0.0863664,0.0144272,1.31672e+07,0,0,0.8125,465,4,0,HOLD
2025-08-12 21:02:09 UTC,1h,NEIROCTO-USDT,BTC-USDT,0.0004337,120000.4,3.614154619e-09,,30,0.020951,0.0988092,0.0188906,7.03688e+06,0,0,0.8125,465,4,0,HOLD
2025-08-12 21:02:09 UTC,1h,NEIROETH-USDT,BTC-USDT,0.1233,120000.4,1.027496575e-06,,30,0.0118168,-0.00355584,0.0210462,1.32819e+06,0,0,0.8125,465,4,0,HOLD
2025-08-12 21:02:09 UTC,1h,NEO-USDT,BTC-USDT,6.646,120000.4,5.538314872e-05,,30,0.0241948,0.0757527,0.0134238,2.77905e+06,0,0,0.8125,465,4,0,HOLD
2025-08-12 21:02:09 UTC,1h,NEWT-USDT,BTC-USDT,0.354,120000.4,2.949990167e-06,,30,0.0195853,0.062425,0.0138015,6.45392e+06,0,0,0.8125,465,4,0,HOLD
2025-08-12 21:02:09 UTC,1h,NFP-USDT,BTC-USDT,0.07498,120000.4,6.248312506e-07,,30,0.0205526,0.0797811,0.016071,556847,0,0,0.8125,465,4,0,HOLD
2025-08-12 21:02:09 UTC,1h,NIL-USDT,BTC-USDT,0.319,120000.4,2.658324472e-06,,30,0.0159236,0.0711887,0.0158979,6.28504e+06,0,0,0.8125,465,4,0,HOLD
2025-08-12 21:02:09 UTC,1h,NMR-USDT,BTC-USDT,9.164,120000.4,7.636641211e-05,,30,0.0203764,0.0793875,0.0123464,4.17815e+06,0,0,0.8125,465,4,0,HOLD
2025-08-12 21:02:09 UTC,1h,NOT-USDT,BTC-USDT,0.00221,120000.4,1.841660528e-08,,30,-0.00540054,0.03416,0.016225,5.51271e+06,0,0,0.8125,465,4,0,HOLD
2025-08-12 21:02:09 UTC,1h,NTRN-USDT,BTC-USDT,0.09907,120000.4,8.255805814e-07,,30,0.0570849,0.139784,0.0251337,2.17068e+06,0,0,0.8125,465,4,0,HOLD
2025-08-12 21:02:09 UTC,1h,NVDAX-USDT,BTC-USDT,182.75,120000.4,0.00152291159,,30,0.00296361,0.00727553,0.00560094,6.23104e+06,0,0,0.8125,465,4,0,HOLD
2025-08-12 21:02:09 UTC,1h,NXPC-USDT,BTC-USDT,0.9419,120000.4,7.849140503e-06,,30,0.0247846,0.0586358,0.00952406,6.35273e+06,0,0,0.8125,465,4,0,HOLD
2025-08-12 21:02:09 UTC,1h,OBOL-USDT,BTC-USDT,0.13518,120000.4,1.126496245e-06,,30,0.0138753,0.0749046,0.0179073,6.32823e+06,0,0,0.8125,465,4,0,HOLD
2025-08-12 21:02:09 UTC,1h,OG-USDT,BTC-USDT,13.3458,120000.4,0.0001112146293,,30,-0.0561869,0.0213206,0.0327963,8.67809e+06,0,0,0.8125,465,4,0,HOLD
2025-08-12 21:02:09 UTC,1h,OL-USDT,BTC-USDT,0.04104,120000.4,3.4199886e-07,,30,-0.0332155,0.0520379,0.0237399,1.60954e+06,0,0,0.8125,465,4,0,HOLD
2025-08-12 21:02:09 UTC,1h,OM-USDT,BTC-USDT,0.27868,120000.4,2.322325592e-06,,30,0.0105523,0.0728778,0.014338,8.33485e+06,0,0,0.8125,465,4,0,HOLD
2025-08-12 21:02:09 UTC,1h,OMNINETWORK-USDT,BTC-USDT,4.43,120000.4,3.691654361e-05,,30,0.0205022,0.0455511,0.0140922,1.41332e+06,0,0,0.8125,465,4,0,HOLD
2025-08-12 21:02:09 UTC,1h,ONDO-USDT,BTC-USDT,1.0518,120000.4,8.764970783e-06,,30,0.00872734,0.0719527,0.0160541,1.93836e+07,0,0,0.8125,465,4,0,HOLD
2025-08-12 21:02:09 UTC,1h,ONE-USDT,BTC-USDT,0.01144,120000.4,9.533301556e-08,,30,0.026009,0.0823084,0.0157343,2.02978e+06,0,0,0.8125,465,4,0,HOLD
2025-08-12 21:02:09 UTC,1h,ONG-USDT,BTC-USDT,0.18187,120000.4,1.515578281e-06,,30,0.0223734,0.0638161,0.0101839,265360,0,0,0.8125,465,4,0,HOLD
2025-08-12 21:02:09 UTC,1h,ONT-USDT,BTC-USDT,0.1459,120000.4,1.215829281e-06,,30,0.0267417,0.0759587,0.0128757,1.87837e+06,0,0,0.8125,465,4,0,HOLD
2025-08-12 21:02:09 UTC,1h,OP-USDT,BTC-USDT,0.7925,120000.4,6.604144653e-06,,30,0.0135567,0.0624749,0.0157729,1.46559e+07,0,0,0.8125,465,4,0,HOLD
2025-08-12 21:02:09 UTC,1h,ORCA-USDT,BTC-USDT,2.624,120000.4,2.186659378e-05,,30,0.0166602,0.0542387,0.0154072,7.20437e+06,0,0,0.8125,465,4,0,HOLD
2025-08-12 21:02:09 UTC,1h,ORDER-USDT,BTC-USDT,0.1247,120000.4,1.039163203e-06,,30,0.0297275,0.0594732,0.0185588,435970,0,0,0.8125,465,4,0,HOLD
2025-08-12 21:02:09 UTC,1h,ORDI-USDT,BTC-USDT,10.36,120000.4,8.633304556e-05,,30,0.0257426,0.0923661,0.0179675,6.96804e+06,0,0,0.8125,465,4,0,HOLD
2025-08-12 21:02:09 UTC,1h,OXT-USDT,BTC-USDT,0.05756,120000.4,4.796650678e-07,,30,0.035438,0.0594515,0.011032,1.89194e+06,0,0,0.8125,465,4,0,HOLD
2025-08-12 21:02:09 UTC,1h,PARTI-USDT,BTC-USDT,0.1972,120000.4,1.643327856e-06,,30,0.0123203,0.0787746,0.0192698,6.44157e+06,0,0,0.8125,465,4,0,HOLD
2025-08-12 21:02:09 UTC,1h,PAXG-USDT,BTC-USDT,3343.59,120000.4,0.02786315712,,30,-0.000726236,-0.000475311,0.0021632,6.99612e+06,0,0,0.8125,465,4,0,HOLD
2025-08-12 21:02:09 UTC,1h,PENDLE-USDT,BTC-USDT,5.669,120000.4,4.724150919e-05,,30,0.0016078,0.0554635,0.0194214,1.38844e+07,0,0,0.8125,465,4,0,HOLD
2025-08-12 21:02:09 UTC,1h,PENGU-USDT,BTC-USDT,0.037316,120000.4,3.109656301e-07,,30,0.00631034,0.0743982,0.0198861,2.88486e+07,0,0,0.8125,465,4,0,HOLD
2025-08-12 21:02:09 UTC,1h,PEOPLE-USDT,BTC-USDT,0.02075,120000.4,1.729160903e-07,,30,0.0226713,0.0990466,0.0184165,5.69399e+06,0,0,0.8125,465,4,0,HOLD
2025-08-12 21:02:09 UTC,1h,PERP-USDT,BTC-USDT,0.3042,120000.4,2.53499155e-06,,30,0.0446429,0.100579,0.0153799,2.00948e+06,0,0,0.8125,465,4,0,HOLD
2025-08-12 21:02:09 UTC,1h,PHA-USDT,BTC-USDT,0.1133,120000.4,9.441635195e-07,,30,0.0267331,0.0792532,0.013504,412731,0,0,0.8125,465,4,0,HOLD
2025-08-12 21:02:09 UTC,1h,PHB-USDT,BTC-USDT,0.6114,120000.4,5.094983017e-06,,30,0.014435,0.0705656,0.015912,2.00715e+06,0,0,0.8125,465,4,0,HOLD
2025-08-12 21:02:09 UTC,1h,PI-USDT,BTC-USDT,0.3903,120000.4,3.252489158e-06,,30,0.0137662,0.0330863,0.0112734,8.93414e+06,0,0,0.8125,465,4,0,HOLD
2025-08-12 21:02:09 UTC,1h,PIXEL-USDT,BTC-USDT,0.0368,120000.4,3.066656444e-07,,30,0.019673,0.0794955,0.0170807,432426,0,0,0.8125,465,4,0,HOLD
2025-08-12 21:02:09 UTC,1h,PLAYSOUT-USDT,BTC-USDT,0.04596,120000.4,3.829987233e-07,,30,-0.0902613,-0.0225436,0.0404544,6.6269e+06,0,0,0.8125,465,4,0,HOLD
2025-08-12 21:02:09 UTC,1h,PLUME-USDT,BTC-USDT,0.09948,120000.4,8.289972367e-07,,30,0.0330218,0.101539,0.0170458,6.40596e+06,0,0,0.8125,465,4,0,HOLD
2025-08-12 21:02:09 UTC,1h,PNUT-USDT,BTC-USDT,0.25722,120000.4,2.143492855e-06,,30,0.0199453,0.0894998,0.016359,8.11465e+06,0,0,0.8125,465,4,0,HOLD
2025-08-12 21:02:09 UTC,1h,POL-USDT,BTC-USDT,0.24942,120000.4,2.078493072e-06,,30,0.024228,0.0678597,0.0127754,7.68594e+06,0,0,0.8125,465,4,0,HOLD
2025-08-12 21:02:09 UTC,1h,POLYX-USDT,BTC-USDT,0.14753,120000.4,1.229412569e-06,,30,0.0169573,0.0620546,0.00993503,1.90872e+06,0,0,0.8125,465,4,0,HOLD
2025-08-12 21:02:09 UTC,1h,PONKE-USDT,BTC-USDT,0.125,120000.4,1.041663194e-06,,30,0.059322,0.126532,0.0206343,6.3477e+06,0,0,0.8125,465,4,0,HOLD
2025-08-12 21:02:09 UTC,1h,POPCAT-USDT,BTC-USDT,0.3336,120000.4,2.779990733e-06,,30,0.038282,0.10354,0.0198484,9.26753e+06,0,0,0.8125,465,4,0,HOLD
2025-08-12 21:02:09 UTC,1h,PORT3-USDT,BTC-USDT,0.04641,120000.4,3.867487108e-07,,30,0.0320213,0.0311042,0.0299812,9.96477e+06,0,0,0.8125,465,4,0,HOLD
2025-08-12 21:02:09 UTC,1h,PORTAL-USDT,BTC-USDT,0.05131,120000.4,4.275819081e-07,,30,0.00924469,0.0542429,0.0185567,759370,0,0,0.8125,465,4,0,HOLD
2025-08-12 21:02:09 UTC,1h,POWR-USDT,BTC-USDT,0.1799,120000.4,1.499161669e-06,,30,0.0215786,0.0657583,0.0110379,1.89775e+06,0,0,0.8125,465,4,0,HOLD
2025-08-12 21:02:09 UTC,1h,PRCL-USDT,BTC-USDT,0.0919,120000.4,7.658307806e-07,,30,0.00437158,0.0698487,0.0179543,6.26167e+06,0,0,0.8125,465,4,0,HOLD
2025-08-12 21:02:09 UTC,1h,PROM-USDT,BTC-USDT,10.014,120000.4,8.344972183e-05,,30,-0.0191969,-0.00871115,0.0250506,6.03142e+06,0,0,0.8125,465,4,0,HOLD
2025-08-12 21:02:09 UTC,1h,PROMPT-USDT,BTC-USDT,0.12795,120000.4,1.066246446e-06,,30,0.0131444,0.0599785,0.0155697,6.3149e+06,0,0,0.8125,465,4,0,HOLD
2025-08-12 21:02:09 UTC,1h,PROVE-USDT,BTC-USDT,1.4666,120000.4,1.222162593e-05,,30,-0.0054252,-0.0357659,0.0311995,3.93274e+07,0,0,0.8125,465,4,0,HOLD
2025-08-12 21:02:09 UTC,1h,PUFFER-USDT,BTC-USDT,0.2363,120000.4,1.969160103e-06,,30,-0.0033741,0.0663357,0.0208875,654765,0,0,0.8125,465,4,0,HOLD
2025-08-12 21:02:09 UTC,1h,PUMP-USDT,BTC-USDT,0.004068,120000.4,3.3899887e-08,,30,0.0909091,0.178789,0.0283221,5.02511e+07,0,0,0.8125,465,4,0,HOLD
2025-08-12 21:02:09 UTC,1h,PUMPBTC-USDT,BTC-USDT,0.04279,120000.4,3.565821447e-07,,30,0.0120624,0.0495462,0.0187293,3.19927e+06,0,0,0.8125,465,4,0,HOLD
2025-08-12 21:02:09 UTC,1h,PUNDIX-USDT,BTC-USDT,0.3224,120000.4,2.686657711e-06,,30,0.0192855,0.0560105,0.0111663,6.23106e+06,0,0,0.8125,465,4,0,HOLD
2025-08-12 21:02:09 UTC,1h,PYTH-USDT,BTC-USDT,0.13038,120000.4,1.086496378e-06,,30,0.0275041,0.0929667,0.0155096,2.34884e+06,0,0,0.8125,465,4,0,HOLD
2025-08-12 21:02:09 UTC,1h,QNT-USDT,BTC-USDT,114.32,120000.4,0.0009526634911,,30,0.00105079,0.0423999,0.00964086,2.31407e+06,0,0,0.8125,465,4,0,HOLD
2025-08-12 21:02:09 UTC,1h,QUICK-USDT,BTC-USDT,0.0248,120000.4,2.066659778e-07,,30,0.0205761,0.0722006,0.0144297,1.88283e+06,0,0,0.8125,465,4,0,HOLD
2025-08-12 21:02:09 UTC,1h,RARE-USDT,BTC-USDT,0.06077,120000.4,5.064149786e-07,,30,0.0069594,0.0492058,0.0118597,9.12063e+06,0,0,0.8125,465,4,0,HOLD
2025-08-12 21:02:09 UTC,1h,RATS-USDT,BTC-USDT,1.749e-05,120000.4,1.457495142e-10,,30,0.0234055,0.0843149,0.015029,2.36824e+06,0,0,0.8125,465,4,0,HOLD
2025-08-12 21:02:09 UTC,1h,RAY-USDT,BTC-USDT,3.3122,120000.4,2.760157466e-05,,30,0.0261796,0.0905439,0.0184297,2.02294e+06,0,0,0.8125,465,4,0,HOLD
2025-08-12 21:02:09 UTC,1h,RDO-USDT,BTC-USDT,0.000898,120000.4,7.483308389e-09,,30,0.126725,0.200535,0.0435094,1.31506e+06,0,0,0.8125,465,4,0,HOLD
2025-08-12 21:02:09 UTC,1h,REDSTONE-USDT,BTC-USDT,0.4238,120000.4,3.531654894e-06,,30,-0.00656353,0.0417896,0.0176296,6.29252e+06,0,0,0.8125,465,4,0,HOLD
2025-08-12 21:02:09 UTC,1h,RENDER-USDT,BTC-USDT,4.094,120000.4,3.411655294e-05,,30,0.039614,0.098176,0.0151441,6.12704e+06,0,0,0.8125,465,4,0,HOLD
2025-08-12 21:02:09 UTC,1h,RESOLV-USDT,BTC-USDT,0.18999,120000.4,1.583244723e-06,,30,0.0116613,0.0628217,0.019298,7.17503e+06,0,0,0.8125,465,4,0,HOLD
2025-08-12 21:02:09 UTC,1h,REX-USDT,BTC-USDT,0.02005,120000.4,1.670827764e-07,,30,-0.0123153,0.00602107,0.0282864,6.64676e+06,0,0,0.8125,465,4,0,HOLD
2025-08-12 21:02:09 UTC,1h,REZ-USDT,BTC-USDT,0.0152,120000.4,1.266662444e-07,,30,0.023569,0.0636809,0.0230733,6.52501e+06,0,0,0.8125,465,4,0,HOLD
2025-08-12 21:02:09 UTC,1h,RFC-USDT,BTC-USDT,0.00843,120000.4,7.024976583e-08,,30,0.0577164,0.0590452,0.0190646,298150,0,0,0.8125,465,4,0,HOLD
2025-08-12 21:02:09 UTC,1h,RHEA-USDT,BTC-USDT,0.06769,120000.4,5.640814531e-07,,30,0.0191207,0.0583177,0.0264757,6.36617e+06,0,0,0.8125,465,4,0,HOLD
2025-08-12 21:02:09 UTC,1h,RLC-USDT,BTC-USDT,1.0461,120000.4,8.717470942e-06,,30,0.0133682,0.0929892,0.0165854,382865,0,0,0.8125,465,4,0,HOLD
2025-08-12 21:02:09 UTC,1h,ROAM-USDT,BTC-USDT,0.0826,120000.4,6.883310389e-07,,30,0.00121212,0.0337922,0.0104635,402016,0,0,0.8125,465,4,0,HOLD
2025-08-12 21:02:09 UTC,1h,ROSE-USDT,BTC-USDT,0.0292,120000.4,2.433325222e-07,,30,0.0177762,0.0786849,0.0157534,2.26046e+06,0,0,0.8125,465,4,0,HOLD
2025-08-12 21:02:09 UTC,1h,RPL-USDT,BTC-USDT,8.915,120000.4,7.429141903e-05,,30,0.0188571,0.0910537,0.0239644,6.40575e+06,0,0,0.8125,465,4,0,HOLD
2025-08-12 21:02:09 UTC,1h,RSR-USDT,BTC-USDT,0.009678,120000.4,8.064973117e-08,,30,-0.00401358,0.074975,0.0211747,2.52493e+06,0,0,0.8125,465,4,0,HOLD
2025-08-12 21:02:09 UTC,1h,RUNE-USDT,BTC-USDT,1.471,120000.4,1.225829247e-05,,30,0.0172891,0.0840088,0.0149558,5.84902e+06,0,0,0.8125,465,4,0,HOLD
2025-08-12 21:02:09 UTC,1h,RVN-USDT,BTC-USDT,0.01471,120000.4,1.225829247e-07,,30,0.015884,0.0698182,0.0133048,722696,0,0,0.8125,465,4,0,HOLD
2025-08-12 21:02:09 UTC,1h,S-USDT,BTC-USDT,0.3166,120000.4,2.638324539e-06,,30,0.0118249,0.0631296,0.0160635,7.00314e+06,0,0,0.8125,465,4,0,HOLD
2025-08-12 21:02:09 UTC,1h,SAFE-USDT,BTC-USDT,0.4557,120000.4,3.797487342e-06,,30,0.0194631,0.0531546,0.0115364,6.28566e+06,0,0,0.8125,465,4,0,HOLD
2025-08-12 21:02:09 UTC,1h,SAGA-USDT,BTC-USDT,0.2803,120000.4,2.335825547e-06,,30,0.0174229,0.0826574,0.0184241,3.28331e+06,0,0,0.8125,465,4,0,HOLD
2025-08-12 21:02:09 UTC,1h,SAHARA-USDT,BTC-USDT,0.09639,120000.4,8.032473225e-07,,30,0.0056338,0.0451046,0.0151913,7.94525e+06,0,0,0.8125,465,4,0,HOLD
2025-08-12 21:02:09 UTC,1h,SAND-USDT,BTC-USDT,0.30261,120000.4,2.521741594e-06,,30,0.0263881,0.0768656,0.0126141,2.80875e+06,0,0,0.8125,465,4,0,HOLD
2025-08-12 21:02:09 UTC,1h,SANTOS-USDT,BTC-USDT,2.87,120000.4,2.391658694e-05,,30,0.0127029,0.0253662,0.0201842,6.64576e+06,0,0,0.8125,465,4,0,HOLD
2025-08-12 21:02:09 UTC,1h,SCR-USDT,BTC-USDT,0.3766,120000.4,3.138322872e-06,,30,0.0242045,0.123844,0.0374023,3.09928e+06,0,0,0.8125,465,4,0,HOLD
2025-08-12 21:02:09 UTC,1h,SEI-USDT,BTC-USDT,0.3271,120000.4,2.725824247e-06,,30,0.0276469,0.0816799,0.0159191,1.37251e+07,0,0,0.8125,465,4,0,HOLD
2025-08-12 21:02:09 UTC,1h,SERAPH-USDT,BTC-USDT,0.15138,120000.4,1.261495795e-06,,30,0.000528751,0.00112426,0.0111121,395642,0,0,0.8125,465,4,0,HOLD
2025-08-12 21:02:09 UTC,1h,SFP-USDT,BTC-USDT,0.5256,120000.4,4.3799854e-06,,30,0.0203844,0.0639676,0.00979833,522733,0,0,0.8125,465,4,0,HOLD
2025-08-12 21:02:09 UTC,1h,SHELL-USDT,BTC-USDT,0.1733,120000.4,1.444161853e-06,,30,-0.00744559,0.032162,0.0310774,6.59571e+06,0,0,0.8125,465,4,0,HOLD
2025-08-12 21:02:09 UTC,1h,SHIB-USDT,BTC-USDT,1.3678e-05,120000.4,1.139829534e-10,,30,0.019225,0.0627817,0.0124444,9.06183e+06,0,0,0.8125,465,4,0,HOLD
2025-08-12 21:02:09 UTC,1h,SIDEKICK-USDT,BTC-USDT,0.2383,120000.4,1.985826714e-06,,30,0.0516328,0.105288,0.0614472,6.61368e+06,0,0,0.8125,465,4,0,HOLD
2025-08-12 21:02:09 UTC,1h,SIGN-USDT,BTC-USDT,0.07049,120000.4,5.874147086e-07,,30,0.0110442,0.0346397,0.00874491,6.31327e+06,0,0,0.8125,465,4,0,HOLD
2025-08-12 21:02:09 UTC,1h,SIREN-USDT,BTC-USDT,0.09235,120000.4,7.695807681e-07,,30,-0.0342989,-0.0273828,0.0221904,2.20279e+06,0,0,0.8125,465,4,0,HOLD
2025-08-12 21:02:09 UTC,1h,SKATE-USDT,BTC-USDT,0.04639,120000.4,3.865820447e-07,,30,-0.00876068,0.00782099,0.0157823,6.35494e+06,0,0,0.8125,465,4,0,HOLD
2025-08-12 21:02:09 UTC,1h,SKL-USDT,BTC-USDT,0.02308,120000.4,1.923326922e-07,,30,0.0795136,0.141444,0.0195593,2.13403e+06,0,0,0.8125,465,4,0,HOLD
2025-08-12 21:02:09 UTC,1h,SKYAI-USDT,BTC-USDT,0.06689,120000.4,5.574148086e-07,,30,-0.0236462,-0.0148748,0.0106465,6.26739e+06,0,0,0.8125,465,4,0,HOLD
2025-08-12 21:02:09 UTC,1h,SLERF-USDT,BTC-USDT,0.08124,120000.4,6.769977433e-07,,30,0.0538332,0.0947312,0.0147007,1.94328e+06,0,0,0.8125,465,4,0,HOLD
2025-08-12 21:02:09 UTC,1h,SLP-USDT,BTC-USDT,0.002026,120000.4,1.688327706e-08,,30,0.0186023,0.0719577,0.0152306,1.94251e+06,0,0,0.8125,465,4,0,HOLD
2025-08-12 21:02:09 UTC,1h,SNT-USDT,BTC-USDT,0.02872,120000.4,2.393325356e-07,,30,0.0144825,0.0413343,0.00855551,1.88272e+06,0,0,0.8125,465,4,0,HOLD
2025-08-12 21:02:09 UTC,1h,SNX-USDT,BTC-USDT,0.696,120000.4,5.799980667e-06,,30,0.0265487,0.0807453,0.0136494,2.15388e+06,0,0,0.8125,465,4,0,HOLD
2025-08-12 21:02:09 UTC,1h,SOL-USDT,BTC-USDT,191.072,120000.4,0.001592261359,,30,0.0520485,0.0953451,0.0126388,5.85318e+08,0,0,0.8125,465,4,0,HOLD
2025-08-12 21:02:09 UTC,1h,SOLV-USDT,BTC-USDT,0.04253,120000.4,3.544154853e-07,,30,-0.00304735,-0.0191421,0.014326,6.2742e+06,0,0,0.8125,465,4,0,HOLD
2025-08-12 21:02:09 UTC,1h,SONIC-USDT,BTC-USDT,0.215,120000.4,1.791660694e-06,,30,0.00938967,0.0416667,0.012691,689052,0,0,0.8125,465,4,0,HOLD
2025-08-12 21:02:09 UTC,1h,SOON-USDT,BTC-USDT,0.45314,120000.4,3.776154079e-06,,30,0.0242535,0.081867,0.0510643,6.41313e+07,0,0,0.8125,465,4,0,HOLD
2025-08-12 21:02:09 UTC,1h,SOPH-USDT,BTC-USDT,0.039916,120000.4,3.326322246e-07,,30,0.0283388,0.0657055,0.0150996,6.89929e+06,0,0,0.8125,465,4,0,HOLD
2025-08-12 21:02:09 UTC,1h,SPK-USDT,BTC-USDT,0.09186,120000.4,7.654974483e-07,,30,-0.118595,-0.0620788,0.0332027,1.49636e+07,0,0,0.8125,465,4,0,HOLD
2025-08-12 21:02:09 UTC,1h,SPX-USDT,BTC-USDT,1.803,120000.4,1.502494992e-05,,30,0.0086149,0.0579123,0.022835,9.64638e+06,0,0,0.8125,465,4,0,HOLD
2025-08-12 21:02:09 UTC,1h,SQD-USDT,BTC-USDT,0.14748,120000.4,1.228995903e-06,,30,0.0203404,-0.00853782,0.0202594,6.28303e+06,0,0,0.8125,465,4,0,HOLD
2025-08-12 21:02:09 UTC,1h,SSV-USDT,BTC-USDT,10.685,120000.4,8.904136986e-05,,30,0.0082091,0.0630783,0.0211378,2.28394e+06,0,0,0.8125,465,4,0,HOLD
2025-08-12 21:02:09 UTC,1h,STG-USDT,BTC-USDT,0.1918,120000.4,1.598328006e-06,,30,0.0116034,0.0703125,0.0135185,1.17332e+06,0,0,0.8125,465,4,0,HOLD
2025-08-12 21:02:09 UTC,1h,STO-USDT,BTC-USDT,0.09989,120000.4,8.32413892e-07,,30,-0.0186659,0.108042,0.0289747,6.42273e+06,0,0,0.8125,465,4,0,HOLD
2025-08-12 21:02:09 UTC,1h,STORJ-USDT,BTC-USDT,0.2832,120000.4,2.359992133e-06,,30,0.0234911,0.0642616,0.0125353,4.55469e+06,0,0,0.8125,465,4,0,HOLD
2025-08-12 21:02:09 UTC,1h,STRK-USDT,BTC-USDT,0.14,120000.4,1.166662778e-06,,30,0.0347376,0.104972,0.0172959,7.20302e+06,0,0,0.8125,465,4,0,HOLD
2025-08-12 21:02:09 UTC,1h,STX-USDT,BTC-USDT,0.7608,120000.4,6.339978867e-06,,30,0.0288032,0.0739695,0.0133694,9.77935e+06,0,0,0.8125,465,4,0,HOLD
2025-08-12 21:02:09 UTC,1h,SUI-USDT,BTC-USDT,3.9059,120000.4,3.254905817e-05,,30,0.0260054,0.0734918,0.0137228,7.15474e+07,0,0,0.8125,465,4,0,HOLD
2025-08-12 21:02:09 UTC,1h,SUN-USDT,BTC-USDT,0.022937,120000.4,1.911410295e-07,,30,0.00407109,0.0223302,0.00758288,2.24319e+06,0,0,0.8125,465,4,0,HOLD
2025-08-12 21:02:09 UTC,1h,SUPER-USDT,BTC-USDT,0.795,120000.4,6.624977917e-06,,30,0.0196229,0.0766522,0.0141869,2.11801e+06,0,0,0.8125,465,4,0,HOLD
2025-08-12 21:02:09 UTC,1h,SUSHI-USDT,BTC-USDT,0.8815,120000.4,7.345808847e-06,,30,0.0283481,0.0906954,0.0161656,3.65202e+06,0,0,0.8125,465,4,0,HOLD
2025-08-12 21:02:09 UTC,1h,SWARMS-USDT,BTC-USDT,0.02574,120000.4,2.14499285e-07,,30,-0.00425532,0.0519003,0.0274448,9.54281e+06,0,0,0.8125,465,4,0,HOLD
2025-08-12 21:02:09 UTC,1h,SWELL-USDT,BTC-USDT,0.01118,120000.4,9.316635611e-08,,30,-0.00356506,0.102564,0.0328393,1.268e+06,0,0,0.8125,465,4,0,HOLD
2025-08-12 21:02:09 UTC,1h,SXP-USDT,BTC-USDT,0.1918,120000.4,1.598328006e-06,,30,0.0212993,0.0596685,0.010651,1.91792e+06,0,0,0.8125,465,4,0,HOLD
2025-08-12 21:02:09 UTC,1h,SXT-USDT,BTC-USDT,0.08907,120000.4,7.422475258e-07,,30,0.022031,0.0572107,0.0162954,6.24323e+06,0,0,0.8125,465,4,0,HOLD
2025-08-12 21:02:09 UTC,1h,SYN-USDT,BTC-USDT,0.1476,120000.4,1.2299959e-06,,30,0.0151307,0.0805271,0.0169861,4.00327e+06,0,0,0.8125,465,4,0,HOLD
2025-08-12 21:02:09 UTC,1h,SYRUP-USDT,BTC-USDT,0.47932,120000.4,3.994320019e-06,,30,-0.00648772,0.023379,0.0165487,6.9378e+06,0,0,0.8125,465,4,0,HOLD
2025-08-12 21:02:09 UTC,1h,TA-USDT,BTC-USDT,0.0621,120000.4,5.17498275e-07,,30,-0.0174051,0.0143744,0.0210605,6.30412e+06,0,0,0.8125,465,4,0,HOLD
2025-08-12 21:02:09 UTC,1h,TAC-USDT,BTC-USDT,0.01422,120000.4,1.18499605e-07,,30,-0.0076762,-0.015917,0.0389291,7.73717e+06,0,0,0.8125,465,4,0,HOLD
2025-08-12 21:02:09 UTC,1h,TAG-USDT,BTC-USDT,0.0011999,120000.4,9.999133336e-09,,30,-0.044209,0.00772655,0.0316395,7.55812e+06,0,0,0.8125,465,4,0,HOLD
2025-08-12 21:02:09 UTC,1h,TAI-USDT,BTC-USDT,0.07269,120000.4,6.057479808e-07,,30,-0.00601668,0.0582326,0.0252835,6.29276e+06,0,0,0.8125,465,4,0,HOLD
2025-08-12 21:02:09 UTC,1h,TAIKO-USDT,BTC-USDT,0.4828,120000.4,4.023319922e-06,,30,0.00961941,0.0557621,0.0112143,6.25976e+06,0,0,0.8125,465,4,0,HOLD
2025-08-12 21:02:09 UTC,1h,TANSSI-USDT,BTC-USDT,0.05838,120000.4,4.864983783e-07,,30,0.0158343,0.0404562,0.0206651,6.39164e+06,0,0,0.8125,465,4,0,HOLD
2025-08-12 21:02:09 UTC,1h,TAO-USDT,BTC-USDT,397.81,120000.4,0.003315072283,,30,0.0470062,0.0989227,0.0144739,1.42161e+07,0,0,0.8125,465,4,0,HOLD
2025-08-12 21:02:09 UTC,1h,THE-USDT,BTC-USDT,0.4001,120000.4,3.334155553e-06,,30,0.0476565,0.105554,0.0186025,6.44e+06,0,0,0.8125,465,4,0,HOLD
2025-08-12 21:02:09 UTC,1h,THETA-USDT,BTC-USDT,0.8924,120000.4,7.436641878e-06,,30,0.0207023,0.0798645,0.0152478,3.17049e+06,0,0,0.8125,465,4,0,HOLD
2025-08-12 21:02:09 UTC,1h,TIA-USDT,BTC-USDT,1.871,120000.4,1.559161469e-05,,30,0.0272318,0.0931292,0.0157173,1.07025e+07,0,0,0.8125,465,4,0,HOLD
2025-08-12 21:02:09 UTC,1h,TLM-USDT,BTC-USDT,0.005229,120000.4,4.357485475e-08,,30,0.0236883,0.0823846,0.0143977,3.53287e+06,0,0,0.8125,465,4,0,HOLD
2025-08-12 21:02:09 UTC,1h,TNSR-USDT,BTC-USDT,0.1425,120000.4,1.187496042e-06,,30,0.022972,0.0811836,0.0156892,6.31599e+06,0,0,0.8125,465,4,0,HOLD
2025-08-12 21:02:09 UTC,1h,TOKEN-USDT,BTC-USDT,0.01687,120000.4,1.405828647e-07,,30,0.0324357,0.0670462,0.0161318,5.74141e+06,0,0,0.8125,465,4,0,HOLD
2025-08-12 21:02:09 UTC,1h,TONCOIN-USDT,BTC-USDT,3.526,120000.4,2.938323539e-05,,30,0.0291886,0.0444313,0.0109797,8.16664e+06,0,0,0.8125,465,4,0,HOLD
2025-08-12 21:02:09 UTC,1h,TOSHI-USDT,BTC-USDT,0.000806,120000.4,6.716644278e-09,,30,-0.00982801,0.0675497,0.0296881,6.58955e+06,0,0,0.8125,465,4,0,HOLD
2025-08-12 21:02:09 UTC,1h,TOWNS-USDT,BTC-USDT,0.03294,120000.4,2.74499085e-07,,30,0.0154131,0.071568,0.0218579,7.87605e+06,0,0,0.8125,465,4,0,HOLD
2025-08-12 21:02:09 UTC,1h,TRB-USDT,BTC-USDT,40.196,120000.4,0.0003349655501,,30,0.0321752,0.0956171,0.0132991,5.29813e+06,0,0,0.8125,465,4,0,HOLD
2025-08-12 21:02:09 UTC,1h,TREE-USDT,BTC-USDT,0.4291,120000.4,3.575821414e-06,,30,0.0110745,0.0860542,0.0191763,8.00239e+06,0,0,0.8125,465,4,0,HOLD
2025-08-12 21:02:09 UTC,1h,TRU-USDT,BTC-USDT,0.03375,120000.4,2.812490625e-07,,30,0.0193295,0.0687144,0.0184339,1.95292e+06,0,0,0.8125,465,4,0,HOLD
2025-08-12 21:02:09 UTC,1h,TRUMP-USDT,BTC-USDT,9.219,120000.4,7.682474392e-05,,30,0.0208172,0.051557,0.0108472,8.25578e+06,0,0,0.8125,465,4,0,HOLD
2025-08-12 21:02:09 UTC,1h,TRX-USDT,BTC-USDT,0.35308,120000.4,2.942323526e-06,,30,0.0109374,0.0180497,0.0045538,1.38492e+07,0,0,0.8125,465,4,0,HOLD
2025-08-12 21:02:09 UTC,1h,TST-USDT,BTC-USDT,0.02712,120000.4,2.259992467e-07,,30,0.0210843,0.0406754,0.0201222,8.50478e+06,0,0,0.8125,465,4,0,HOLD
2025-08-12 21:02:09 UTC,1h,TURBO-USDT,BTC-USDT,0.0049467,120000.4,4.122236259e-08,,30,0.0169188,0.0838281,0.0165782,6.45385e+06,0,0,0.8125,465,4,0,HOLD
2025-08-12 21:02:09 UTC,1h,TUT-USDT,BTC-USDT,0.05951,120000.4,4.959150136e-07,,30,-0.0187964,-0.00351641,0.00552128,1.90527e+06,0,0,0.8125,465,4,0,HOLD
2025-08-12 21:02:09 UTC,1h,TWT-USDT,BTC-USDT,0.7981,120000.4,6.650811164e-06,,30,0.0228117,0.052347,0.00856498,2.03064e+06,0,0,0.8125,465,4,0,HOLD
2025-08-12 21:02:09 UTC,1h,UMA-USDT,BTC-USDT,1.363,120000.4,1.135829547e-05,,30,-0.0901202,0.0673453,0.0390944,6.24888e+06,0,0,0.8125,465,4,0,HOLD
2025-08-12 21:02:09 UTC,1h,UNI-USDT,BTC-USDT,11.57,120000.4,9.641634528e-05,,30,0.0194731,0.0555606,0.016749,4.07248e+07,0,0,0.8125,465,4,0,HOLD
2025-08-12 21:02:09 UTC,1h,USELESS-USDT,BTC-USDT,0.2238,120000.4,1.864993783e-06,,30,0.00720072,0.0885214,0.0392889,6.96589e+06,0,0,0.8125,465,4,0,HOLD
2025-08-12 21:02:09 UTC,1h,USTC-USDT,BTC-USDT,0.014548,120000.4,1.212329292e-07,,30,-0.00730126,0.00978691,0.0196983,2.28301e+06,0,0,0.8125,465,4,0,HOLD
2025-08-12 21:02:09 UTC,1h,USUAL-USDT,BTC-USDT,0.0797,120000.4,6.641644528e-07,,30,0.0254761,0.0805315,0.0184621,2.14869e+06,0,0,0.8125,465,4,0,HOLD
2025-08-12 21:02:09 UTC,1h,UXLINK-USDT,BTC-USDT,0.3577,120000.4,2.980823397e-06,,30,0.0141764,0.0560968,0.0132194,6.51966e+06,0,0,0.8125,465,4,0,HOLD
2025-08-12 21:02:09 UTC,1h,VANA-USDT,BTC-USDT,4.538,120000.4,3.781654061e-05,,30,0.0165771,0.0585491,0.0122458,6.25723e+06,0,0,0.8125,465,4,0,HOLD
2025-08-12 21:02:09 UTC,1h,VANRY-USDT,BTC-USDT,0.03355,120000.4,2.795824014e-07,,30,0.0200669,0.101806,0.0175431,457480,0,0,0.8125,465,4,0,HOLD
2025-08-12 21:02:09 UTC,1h,VELODROME-USDT,BTC-USDT,0.06094,120000.4,5.078316406e-07,,30,0.00777245,0.053414,0.0168433,558914,0,0,0.8125,465,4,0,HOLD
2025-08-12 21:02:09 UTC,1h,VELVET-USDT,BTC-USDT,0.06615,120000.4,5.512481625e-07,,30,-0.0109151,-0.00809717,0.0217687,6.29995e+06,0,0,0.8125,465,4,0,HOLD
2025-08-12 21:02:09 UTC,1h,VET-USDT,BTC-USDT,0.0258,120000.4,2.149992833e-07,,30,0.0250298,0.0695187,0.0120404,3.15286e+06,0,0,0.8125,465,4,0,HOLD
2025-08-12 21:02:09 UTC,1h,VIC-USDT,BTC-USDT,0.269,120000.4,2.241659194e-06,,30,0.0212604,0.0586383,0.0134095,6.37527e+06,0,0,0.8125,465,4,0,HOLD
2025-08-12 21:02:09 UTC,1h,VINE-USDT,BTC-USDT,0.07014,120000.4,5.844980517e-07,,30,0.0208121,0.0772539,0.0244307,1.85421e+07,0,0,0.8125,465,4,0,HOLD
2025-08-12 21:02:09 UTC,1h,VIRTUAL-USDT,BTC-USDT,1.3827,120000.4,1.152246159e-05,,30,0.0120773,0.0646801,0.017316,9.16995e+06,0,0,0.8125,465,4,0,HOLD
2025-08-12 21:02:09 UTC,1h,VOXEL-USDT,BTC-USDT,0.06142,120000.4,5.118316272e-07,,30,0.0093673,0.0713414,0.0156068,421638,0,0,0.8125,465,4,0,HOLD
2025-08-12 21:02:09 UTC,1h,VTHO-USDT,BTC-USDT,0.002007,120000.4,1.672494425e-08,,30,0.0182648,0.0686901,0.0122429,429373,0,0,0.8125,465,4,0,HOLD
2025-08-12 21:02:09 UTC,1h,VVV-USDT,BTC-USDT,2.97,120000.4,2.47499175e-05,,30,0.00951734,0.0687298,0.0175806,308724,0,0,0.8125,465,4,0,HOLD
2025-08-12 21:02:09 UTC,1h,W-USDT,BTC-USDT,0.089,120000.4,7.416641945e-07,,30,0.0205252,0.0741009,0.0160514,6.85784e+06,0,0,0.8125,465,4,0,HOLD
2025-08-12 21:02:09 UTC,1h,WAL-USDT,BTC-USDT,0.4314,120000.4,3.594988017e-06,,30,0.026654,0.0877458,0.015001,6.43724e+06,0,0,0.8125,465,4,0,HOLD
2025-08-12 21:02:09 UTC,1h,WCT-USDT,BTC-USDT,0.3625,120000.4,3.020823264e-06,,30,0.107208,0.179245,0.0266404,9.56311e+06,0,0,0.8125,465,4,0,HOLD
2025-08-12 21:02:09 UTC,1h,WIF-USDT,BTC-USDT,0.993,120000.4,8.274972417e-06,,30,0.039029,0.101375,0.0185297,4.40105e+07,0,0,0.8125,465,4,0,HOLD
2025-08-12 21:02:09 UTC,1h,WLD-USDT,BTC-USDT,1.0705,120000.4,8.920803597e-06,,30,0.031509,0.0926814,0.01544,1.60952e+07,0,0,0.8125,465,4,0,HOLD
2025-08-12 21:02:09 UTC,1h,WOO-USDT,BTC-USDT,0.08135,120000.4,6.77914407e-07,,30,0.0239144,0.0810631,0.0134604,2.11943e+06,0,0,0.8125,465,4,0,HOLD
2025-08-12 21:02:09 UTC,1h,X-USDT,BTC-USDT,5.634e-05,120000.4,4.69498435e-10,,30,0.00733059,0.0526906,0.0276256,6.56961e+06,0,0,0.8125,465,4,0,HOLD
2025-08-12 21:02:09 UTC,1h,XAI-USDT,BTC-USDT,0.05507,120000.4,4.589151369e-07,,30,0.0220861,0.0817128,0.0164077,1.99067e+06,0,0,0.8125,465,4,0,HOLD
2025-08-12 21:02:09 UTC,1h,XAUT-USDT,BTC-USDT,3347.4,120000.4,0.02789490702,,30,-0.000447908,0.00092695,0.00211251,7.1604e+06,0,0,0.8125,465,4,0,HOLD
2025-08-12 21:02:09 UTC,1h,XCN-USDT,BTC-USDT,0.01406,120000.4,1.171662761e-07,,30,0.015896,0.0307918,0.00990652,1.90342e+06,0,0,0.8125,465,4,0,HOLD
2025-08-12 21:02:09 UTC,1h,XLM-USDT,BTC-USDT,0.45196,120000.4,3.766320779e-06,,30,0.0165542,0.043402,0.0113316,1.6819e+07,0,0,0.8125,465,4,0,HOLD
2025-08-12 21:02:09 UTC,1h,XRP-USDT,BTC-USDT,3.2841,120000.4,2.736740878e-05,,30,0.0227336,0.0502398,0.00976349,1.88162e+08,0,0,0.8125,465,4,0,HOLD
2025-08-12 21:02:09 UTC,1h,YALA-USDT,BTC-USDT,0.271,120000.4,2.258325806e-06,,30,0.0272934,0.0176493,0.0444122,8.4524e+06,0,0,0.8125,465,4,0,HOLD
2025-08-12 21:02:09 UTC,1h,YFI-USDT,BTC-USDT,5909,120000.4,0.04924150253,,30,0.0221415,0.0559328,0.0101782,9.28151e+06,0,0,0.8125,465,4,0,HOLD
2025-08-12 21:02:09 UTC,1h,YGG-USDT,BTC-USDT,0.1738,120000.4,1.448328506e-06,,30,0.0217519,0.0768278,0.0148364,4.16815e+06,0,0,0.8125,465,4,0,HOLD
2025-08-12 21:02:09 UTC,1h,ZBCN-USDT,BTC-USDT,0.005094,120000.4,4.24498585e-08,,30,0.0280317,0.0220911,0.0216655,6.40016e+06,0,0,0.8125,465,4,0,HOLD
2025-08-12 21:02:09 UTC,1h,ZEREBRO-USDT,BTC-USDT,0.02911,120000.4,2.425825247e-07,,30,0.0210452,0.0478762,0.014747,1.4206e+06,0,0,0.8125,465,4,0,HOLD
2025-08-12 21:02:09 UTC,1h,ZETA-USDT,BTC-USDT,0.2083,120000.4,1.735827547e-06,,30,0.0185819,0.0676576,0.0126877,4.97541e+06,0,0,0.8125,465,4,0,HOLD
2025-08-12 21:02:09 UTC,1h,ZIL-USDT,BTC-USDT,0.01207,120000.4,1.005829981e-07,,30,0.0298635,0.0728889,0.0128418,2.23395e+06,0,0,0.8125,465,4,0,HOLD
2025-08-12 21:02:09 UTC,1h,ZK-USDT,BTC-USDT,0.06073,120000.4,5.060816464e-07,,30,0.0274065,0.0858216,0.0162546,6.53251e+06,0,0,0.8125,465,4,0,HOLD
2025-08-12 21:02:09 UTC,1h,ZKJ-USDT,BTC-USDT,0.2525,120000.4,2.104159653e-06,,30,0.00158667,0.0352604,0.0391231,7.82388e+06,0,0,0.8125,465,4,0,HOLD
2025-08-12 21:02:09 UTC,1h,ZORA-USDT,BTC-USDT,0.12395,120000.4,1.032913224e-06,,30,0.138096,0.0422097,0.0497032,2.13874e+07,0,0,0.8125,465,4,0,HOLD
2025-08-12 21:02:09 UTC,1h,ZRC-USDT,BTC-USDT,0.03492,120000.4,2.9099903e-07,,30,0.0171861,0.059466,0.0137252,6.37698e+06,0,0,0.8125,465,4,0,HOLD
2025-08-12 21:02:09 UTC,1h,ZRO-USDT,BTC-USDT,2.3069,120000.4,1.922410259e-05,,30,-0.011865,0.041772,0.0173269,1.23082e+07,0,0,0.8125,465,4,0,HOLD
2025-08-12 21:02:09 UTC,1h,ZRX-USDT,BTC-USDT,0.2657,120000.4,2.214159286e-06,,30,0.0199616,0.071371,0.0123663,1.93041e+06,0,0,0.8125,465,4,0,HOLD
2025-08-12 21:05:21 UTC,1h,1000000BABYDOGE-USDT,BTC-USDT,0.0013978,120041.8,1.164427724e-08,,30,0.0211864,0.0757273,0.0127956,1.29685e+06,0,0,0.742857,465,4,0,HOLD
2025-08-12 21:05:21 UTC,1h,1000000BOB-USDT,BTC-USDT,0.07837,120041.8,6.528559219e-07,,30,-0.0267014,0.0232406,0.0290837,6.40215e+06,0,0,0.742857,465,4,0,HOLD
2025-08-12 21:05:21 UTC,1h,1000000MOG-USDT,BTC-USDT,1.4028,120041.8,1.16859294e-05,,30,-0.0355449,0.0300316,0.0292935,1.77526e+06,0,0,0.742857,465,4,0,HOLD
2025-08-12 21:05:21 UTC,1h,10000SATS-USDT,BTC-USDT,0.000423,120041.8,3.523772553e-09,,30,0.0217391,0.0736041,0.015873,2.23847e+06,0,0,0.742857,465,4,0,HOLD
2025-08-12 21:05:21 UTC,1h,10000WHY-USDT,BTC-USDT,0.0003355,120041.8,2.794859791e-09,,30,0.0200669,0.0540371,0.0200128,2.22063e+06,0,0,0.742857,465,4,0,HOLD
2025-08-12 21:05:21 UTC,1h,1000BONK-USDT,BTC-USDT,0.025892,120041.8,2.156915341e-07,,30,0.0184479,0.0756065,0.0187013,7.66665e+06,0,0,0.742857,465,4,0,HOLD
2025-08-12 21:05:21 UTC,1h,1000CAT-USDT,BTC-USDT,0.009522,120041.8,7.932236937e-08,,30,0.0175251,0.0767839,0.015828,6.34696e+06,0,0,0.742857,465,4,0,HOLD
2025-08-12 21:05:21 UTC,1h,1000CHEEMS-USDT,BTC-USDT,0.0013289,120041.8,1.107031051e-08,,30,0.0176903,0.022939,0.00891177,6.29044e+06,0,0,0.742857,465,4,0,HOLD
2025-08-12 21:05:21 UTC,1h,1000PEPE-USDT,BTC-USDT,0.0122212,120041.8,1.018078703e-07,,30,0.0219676,0.0905651,0.0179507,4.18953e+07,0,0,0.742857,465,4,0,HOLD
2025-08-12 21:05:21 UTC,1h,1000XEC-USDT,BTC-USDT,0.02214,120041.8,1.844357549e-07,,30,0.0207469,0.0522814,0.0113563,7.051e+06,0,0,0.742857,465,4,0,HOLD
2025-08-12 21:05:21 UTC,1h,1INCH-USDT,BTC-USDT,0.2742,120041.8,2.284204335e-06,,30,0.0155556,0.0327684,0.0133375,6.32499e+06,0,0,0.742857,465,4,0,HOLD
2025-08-12 21:05:21 UTC,1h,A-USDT,BTC-USDT,0.54841,120041.8,4.568491975e-06,,30,0.00766206,0.0392261,0.0118785,6.37465e+06,0,0,0.742857,465,4,0,HOLD
2025-08-12 21:05:21 UTC,1h,A2Z-USDT,BTC-USDT,0.007286,120041.8,6.069552439e-08,,30,-0.0159373,0.00649261,0.0165778,6.63435e+06,0,0,0.742857,465,4,0,HOLD
2025-08-12 21:05:21 UTC,1h,AAPLX-USDT,BTC-USDT,229.72,120041.8,0.001913666739,,30,0.000174155,0.0135004,0.00508383,6.2338e+06,0,0,0.742857,465,4,0,HOLD
2025-08-12 21:05:21 UTC,1h,AAVE-USDT,BTC-USDT,318.1,120041.8,0.002649910281,,30,0.0157098,0.0799525,0.0150582,6.86202e+07,0,0,0.742857,465,4,0,HOLD
2025-08-12 21:05:21 UTC,1h,ACE-USDT,BTC-USDT,0.5926,120041.8,4.936613746e-06,,30,0.0136846,0.0743292,0.0142833,2.02572e+06,0,0,0.742857,465,4,0,HOLD
2025-08-12 21:05:21 UTC,1h,ACH-USDT,BTC-USDT,0.022886,120041.8,1.906502568e-07,,30,0.010955,0.0664492,0.0133082,989318,0,0,0.742857,465,4,0,HOLD
2025-08-12 21:05:21 UTC,1h,ACT-USDT,BTC-USDT,0.0441,120041.8,3.673720321e-07,,30,0.0133272,0.0727317,0.0140104,6.30668e+06,0,0,0.742857,465,4,0,HOLD
2025-08-12 21:05:21 UTC,1h,ADA-USDT,BTC-USDT,0.84914,120041.8,7.07370266e-06,,30,0.0433105,0.0983857,0.0129013,5.65981e+07,0,0,0.742857,465,4,0,HOLD
2025-08-12 21:05:21 UTC,1h,AERGO-USDT,BTC-USDT,0.11976,120041.8,9.976524844e-07,,30,0.0173293,0.0459389,0.00919697,1.92998e+06,0,0,0.742857,465,4,0,HOLD
2025-08-12 21:05:21 UTC,1h,AERO-USDT,BTC-USDT,1.2296,120041.8,1.024309865e-05,,30,-0.00638384,0.127453,0.0285343,3.88776e+06,0,0,0.742857,465,4,0,HOLD
2025-08-12 21:05:21 UTC,1h,AEVO-USDT,BTC-USDT,0.1032,120041.8,8.597005376e-07,,30,0.0137525,0.0806283,0.0173034,6.34702e+06,0,0,0.742857,465,4,0,HOLD
2025-08-12 21:05:21 UTC,1h,AGLD-USDT,BTC-USDT,0.7496,120041.8,6.244491502e-06,,30,0.0166825,0.0631116,0.0114156,3.60606e+06,0,0,0.742857,465,4,0,HOLD
2025-08-12 21:05:21 UTC,1h,AGT-USDT,BTC-USDT,0.005858,120041.8,4.879966812e-08,,30,-0.00812733,0.0468192,0.0166561,6.29885e+06,0,0,0.742857,465,4,0,HOLD
2025-08-12 21:05:21 UTC,1h,AI16Z-USDT,BTC-USDT,0.1403,120041.8,1.168759549e-06,,30,0.0423477,0.106467,0.0209755,8.12202e+06,0,0,0.742857,465,4,0,HOLD
2025-08-12 21:05:21 UTC,1h,AIN-USDT,BTC-USDT,0.13665,120041.8,1.138353474e-06,,30,-0.01726,0.00893385,0.0152161,6.31702e+06,0,0,0.742857,465,4,0,HOLD
2025-08-12 21:05:21 UTC,1h,AIOT-USDT,BTC-USDT,0.55329,120041.8,4.609144481e-06,,30,0.0256177,0.0956889,0.014091,6.45539e+06,0,0,0.742857,465,4,0,HOLD
2025-08-12 21:05:21 UTC,1h,AIXBT-USDT,BTC-USDT,0.13527,120041.8,1.126857478e-06,,30,0.0108355,0.0677244,0.0180063,7.17202e+06,0,0,0.742857,465,4,0,HOLD
2025-08-12 21:05:21 UTC,1h,AKT-USDT,BTC-USDT,1.3,120041.8,1.082956104e-05,,30,0.0132502,0.0629599,0.0134066,480030,0,0,0.742857,465,4,0,HOLD
2025-08-12 21:05:21 UTC,1h,ALCH-USDT,BTC-USDT,0.13919,120041.8,1.15951277e-06,,30,0.00187145,-0.0170892,0.00942186,6.33879e+06,0,0,0.742857,465,4,0,HOLD
2025-08-12 21:05:21 UTC,1h,ALGO-USDT,BTC-USDT,0.2751,120041.8,2.291701724e-06,,30,0.0207792,0.0912336,0.0157865,4.31797e+06,0,0,0.742857,465,4,0,HOLD
2025-08-12 21:05:21 UTC,1h,ALPHA-USDT,BTC-USDT,0.01617,120041.8,1.347030784e-07,,30,0.0150659,0.0486381,0.0142239,1.87441e+06,0,0,0.742857,465,4,0,HOLD
2025-08-12 21:05:21 UTC,1h,ALPINE-USDT,BTC-USDT,1.1728,120041.8,9.769930141e-06,,30,-0.113664,-0.135167,0.0604353,8.95319e+06,0,0,0.742857,465,4,0,HOLD
2025-08-12 21:05:21 UTC,1h,ALT-USDT,BTC-USDT,0.03903,120041.8,3.25136744e-07,,30,0.0233351,0.0865813,0.0264449,6.39345e+06,0,0,0.742857,465,4,0,HOLD
2025-08-12 21:05:21 UTC,1h,ALTCOIN-USDT,BTC-USDT,248.99,120041.8,0.002074194156,,30,0.0273984,0.06161,0.0091656,1.86204e+06,0,0,0.742857,465,4,0,HOLD
2025-08-12 21:05:21 UTC,1h,ANIME-USDT,BTC-USDT,0.01833,120041.8,1.526968106e-07,,30,0.0245947,0.0757042,0.0139506,6.45877e+06,0,0,0.742857,465,4,0,HOLD
2025-08-12 21:05:21 UTC,1h,ANKR-USDT,BTC-USDT,0.0168,120041.8,1.399512503e-07,,30,0.0243902,0.0700637,0.0120748,355915,0,0,0.742857,465,4,0,HOLD
2025-08-12 21:05:21 UTC,1h,APE-USDT,BTC-USDT,0.6423,120041.8,5.350636195e-06,,30,0.0182308,0.0600759,0.0107982,6.18848e+06,0,0,0.742857,465,4,0,HOLD
2025-08-12 21:05:21 UTC,1h,API3-USDT,BTC-USDT,0.7754,120041.8,6.459416637e-06,,30,0.00989841,0.0772437,0.0147942,6.45087e+06,0,0,0.742857,465,4,0,HOLD
2025-08-12 21:05:21 UTC,1h,APT-USDT,BTC-USDT,4.8959,120041.8,4.078495991e-05,,30,0.0296536,0.0798668,0.0118466,1.05442e+07,0,0,0.742857,465,4,0,HOLD
2025-08-12 21:05:21 UTC,1h,AR-USDT,BTC-USDT,7.873,120041.8,6.558548772e-05,,30,0.0200829,0.0770178,0.0171018,2.49294e+06,0,0,0.742857,465,4,0,HOLD
2025-08-12 21:05:21 UTC,1h,ARB-USDT,BTC-USDT,0.4762,120041.8,3.966951512e-06,,30,0.018174,0.088706,0.0173097,1.50283e+07,0,0,0.742857,465,4,0,HOLD
2025-08-12 21:05:21 UTC,1h,ARC-USDT,BTC-USDT,0.02404,120041.8,2.002635749e-07,,30,0.00501672,0.0613687,0.0213038,6.68266e+06,0,0,0.742857,465,4,0,HOLD
2025-08-12 21:05:21 UTC,1h,ARK-USDT,BTC-USDT,0.4622,120041.8,3.85032547e-06,,30,0.0173894,0.0562157,0.00996786,2.0048e+06,0,0,0.742857,465,4,0,HOLD
2025-08-12 21:05:21 UTC,1h,ARKM-USDT,BTC-USDT,0.5506,120041.8,4.58673562e-06,,30,0.0307001,0.0924603,0.0158788,2.37083e+06,0,0,0.742857,465,4,0,HOLD
2025-08-12 21:05:21 UTC,1h,ARPA-USDT,BTC-USDT,0.02411,120041.8,2.008467051e-07,,30,0.0369892,0.0984055,0.016798,8.25072e+06,0,0,0.742857,465,4,0,HOLD
2025-08-12 21:05:21 UTC,1h,ASP-USDT,BTC-USDT,0.1664,120041.8,1.386183813e-06,,30,-0.00478469,-0.00952381,0.0237809,6.59585e+06,0,0,0.742857,465,4,0,HOLD
2025-08-12 21:05:21 UTC,1h,ASR-USDT,BTC-USDT,6.497,120041.8,5.412281389e-05,,30,-0.0233013,-0.00122982,0.0188988,7.39389e+06,0,0,0.742857,465,4,0,HOLD
2025-08-12 21:05:21 UTC,1h,ASTR-USDT,BTC-USDT,0.02612,120041.8,2.175908725e-07,,30,0.0203125,0.0648186,0.0115948,1.90078e+06,0,0,0.742857,465,4,0,HOLD
2025-08-12 21:05:21 UTC,1h,ATA-USDT,BTC-USDT,0.0516,120041.8,4.298502688e-07,,30,0.0197628,0.0727651,0.0135659,284691,0,0,0.742857,465,4,0,HOLD
2025-08-12 21:05:21 UTC,1h,ATH-USDT,BTC-USDT,0.03446,120041.8,2.870666718e-07,,30,0.0153212,0.0192251,0.0140121,2.09424e+06,0,0,0.742857,465,4,0,HOLD
2025-08-12 21:05:21 UTC,1h,ATOM-USDT,BTC-USDT,4.751,120041.8,3.957788037e-05,,30,0.0265774,0.0578936,0.0112608,9.49603e+06,0,0,0.742857,465,4,0,HOLD
2025-08-12 21:05:21 UTC,1h,AUCTION-USDT,BTC-USDT,10.588,120041.8,8.820260942e-05,,30,0.0203334,0.0500843,0.0103082,4.35207e+06,0,0,0.742857,465,4,0,HOLD
2025-08-12 21:05:21 UTC,1h,AVA-USDT,BTC-USDT,0.6215,120041.8,5.177363218e-06,,30,0.0220358,0.0761905,0.0125043,539135,0,0,0.742857,465,4,0,HOLD
2025-08-12 21:05:21 UTC,1h,AVAAI-USDT,BTC-USDT,0.03721,120041.8,3.099753586e-07,,30,0.00976934,0.0304625,0.0243598,7.42792e+06,0,0,0.742857,465,4,0,HOLD
2025-08-12 21:05:21 UTC,1h,AVAX-USDT,BTC-USDT,24.803,120041.8,0.0002066196941,,30,0.0251292,0.0797057,0.0130197,5.29734e+07,0,0,0.742857,465,4,0,HOLD
2025-08-12 21:05:21 UTC,1h,AWE-USDT,BTC-USDT,0.054327,120041.8,4.525673557e-07,,30,-0.0016172,0.0101147,0.00804783,6.26275e+06,0,0,0.742857,465,4,0,HOLD
2025-08-12 21:05:21 UTC,1h,AXL-USDT,BTC-USDT,0.3639,120041.8,3.031444047e-06,,30,0.0170486,0.0804632,0.0138971,2.0613e+06,0,0,0.742857,465,4,0,HOLD
2025-08-12 21:05:21 UTC,1h,AXS-USDT,BTC-USDT,2.544,120041.8,2.11926179e-05,,30,0.0245671,0.0761421,0.0134209,4.93971e+06,0,0,0.742857,465,4,0,HOLD
2025-08-12 21:05:21 UTC,1h,B-USDT,BTC-USDT,0.61911,120041.8,5.157453487e-06,,30,-0.0103424,-0.0309751,0.0167695,6.43725e+06,0,0,0.742857,465,4,0,HOLD
2025-08-12 21:05:21 UTC,1h,B2-USDT,BTC-USDT,0.4078,120041.8,3.397149993e-06,,30,0.0331898,0.05511,0.0153086,6.24927e+06,0,0,0.742857,465,4,0,HOLD
2025-08-12 21:05:21 UTC,1h,B3-USDT,BTC-USDT,0.003263,120041.8,2.71821982e-08,,30,0.0200063,0.0854957,0.0151482,6.28353e+06,0,0,0.742857,465,4,0,HOLD
2025-08-12 21:05:21 UTC,1h,BABY-USDT,BTC-USDT,0.06273,120041.8,5.225679722e-07,,30,0.00496636,0.0619604,0.015873,6.4856e+06,0,0,0.742857,465,4,0,HOLD
2025-08-12 21:05:21 UTC,1h,BAKE-USDT,BTC-USDT,0.089,120041.8,7.414084094e-07,,30,0.021814,0.0800971,0.0140449,1.59737e+06,0,0,0.742857,465,4,0,HOLD
2025-08-12 21:05:21 UTC,1h,BANANA-USDT,BTC-USDT,26.66,120041.8,0.0002220893056,,30,0.0222393,0.085947,0.017817,8.96388e+06,0,0,0.742857,465,4,0,HOLD
2025-08-12 21:05:21 UTC,1h,BANANAS31-USDT,BTC-USDT,0.007277,120041.8,6.062055051e-08,,30,0.0164827,0.0597058,0.0148216,3.00526e+06,0,0,0.742857,465,4,0,HOLD
2025-08-12 21:05:21 UTC,1h,BANK-USDT,BTC-USDT,0.067564,120041.8,5.628372783e-07,,30,0.0180361,0.0441851,0.027984,6.72404e+06,0,0,0.742857,465,4,0,HOLD
2025-08-12 21:05:21 UTC,1h,BAT-USDT,BTC-USDT,0.1557,120041.8,1.297048195e-06,,30,0.0223244,0.0730531,0.0127535,418930,0,0,0.742857,465,4,0,HOLD
2025-08-12 21:05:21 UTC,1h,BB-USDT,BTC-USDT,0.129,120041.8,1.074625672e-06,,30,0.013036,0.0673507,0.0169546,9.21026e+06,0,0,0.742857,465,4,0,HOLD
2025-08-12 21:05:21 UTC,1h,BCH-USDT,BTC-USDT,624.28,120041.8,0.005200521818,,30,0.0331998,0.056222,0.0112758,3.84626e+07,0,0,0.742857,465,4,0,HOLD
2025-08-12 21:05:21 UTC,1h,BDXN-USDT,BTC-USDT,0.04073,120041.8,3.392984777e-07,,30,0.00221457,0.0390306,0.0154502,6.32881e+06,0,0,0.742857,465,4,0,HOLD
2025-08-12 21:05:21 UTC,1h,BEAM-USDT,BTC-USDT,0.00845,120041.8,7.039214674e-08,,30,0.00475624,0.0822234,0.0188504,2.10985e+06,0,0,0.742857,465,4,0,HOLD
2025-08-12 21:05:21 UTC,1h,BERA-USDT,BTC-USDT,2.048,120041.8,1.706072385e-05,,30,0.0143635,0.0677789,0.0150321,6.56939e+06,0,0,0.742857,465,4,0,HOLD
2025-08-12 21:05:21 UTC,1h,BID-USDT,BTC-USDT,0.07438,120041.8,6.196174999e-07,,30,0.0360774,0.116482,0.0216168,1.99238e+06,0,0,0.742857,465,4,0,HOLD
2025-08-12 21:05:21 UTC,1h,BIGTIME-USDT,BTC-USDT,0.06135,120041.8,5.110719766e-07,,30,0.0209685,0.0678851,0.0122366,2.03133e+06,0,0,0.742857,465,4,0,HOLD
2025-08-12 21:05:21 UTC,1h,BIO-USDT,BTC-USDT,0.12814,120041.8,1.067461501e-06,,30,0.0235642,0.0609372,0.0337354,1.57968e+07,0,0,0.742857,465,4,0,HOLD
2025-08-12 21:05:21 UTC,1h,BLAST-USDT,BTC-USDT,0.003153,120041.8,2.626585073e-08,,30,0.012199,0.0524032,0.0123465,496902,0,0,0.742857,465,4,0,HOLD
2025-08-12 21:05:21 UTC,1h,BLUR-USDT,BTC-USDT,0.08838,120041.8,7.362435418e-07,,30,0.025528,0.0772794,0.0139253,4.16917e+06,0,0,0.742857,465,4,0,HOLD
2025-08-12 21:05:21 UTC,1h,BMT-USDT,BTC-USDT,0.08456,120041.8,7.044212932e-07,,30,0.00511114,0.051349,0.0121807,1.96685e+06,0,0,0.742857,465,4,0,HOLD
2025-08-12 21:05:21 UTC,1h,BNB-USDT,BTC-USDT,836.76,120041.8,0.006970571917,,30,0.0194196,0.0448007,0.00712613,4.00242e+07,0,0,0.742857,465,4,0,HOLD
2025-08-12 21:05:21 UTC,1h,BNT-USDT,BTC-USDT,0.84317,120041.8,7.023969984e-06,,30,0.0267785,0.0841005,0.0123395,1.92547e+06,0,0,0.742857,465,4,0,HOLD
2025-08-12 21:05:21 UTC,1h,BOME-USDT,BTC-USDT,0.001995,120041.8,1.661921097e-08,,30,0.035288,0.100993,0.0179019,8.90788e+06,0,0,0.742857,465,4,0,HOLD
2025-08-12 21:05:21 UTC,1h,BR-USDT,BTC-USDT,0.05008,120041.8,4.171880128e-07,,30,0,0,0.00112677,1.88334e+06,0,0,0.742857,465,4,0,HOLD
2025-08-12 21:05:21 UTC,1h,BRETT-USDT,BTC-USDT,0.05986,120041.8,4.986596336e-07,,30,0.0255268,0.113053,0.0197843,5.88187e+06,0,0,0.742857,465,4,0,HOLD
2025-08-12 21:05:21 UTC,1h,BROCCOLI-USDT,BTC-USDT,0.02813,120041.8,2.3433504e-07,,30,-0.00811001,0.0247723,0.013915,6.28132e+06,0,0,0.742857,465,4,0,HOLD
2025-08-12 21:05:21 UTC,1h,BROCCOLIF3B-USDT,BTC-USDT,0.010449,120041.8,8.704467944e-08,,30,0.013089,0.0643781,0.0115801,6.25078e+06,0,0,0.742857,465,4,0,HOLD
2025-08-12 21:05:21 UTC,1h,BSV-USDT,BTC-USDT,29.44,120041.8,0.0002452479053,,30,0.00821918,0.0318962,0.0105542,2.23329e+06,0,0,0.742857,465,4,0,HOLD
2025-08-12 21:05:21 UTC,1h,BSW-USDT,BTC-USDT,0.02703,120041.8,2.251715652e-07,,30,-0.00551876,0.00185322,0.0206649,1.98422e+06,0,0,0.742857,465,4,0,HOLD
2025-08-12 21:05:21 UTC,1h,BTC-USDT,BTC-USDT,120029.3,120041.8,0.9998958696,,30,0.00127799,0.0139785,0.00540428,1.36161e+09,0,0,0.742857,465,4,0,HOLD
2025-08-12 21:05:21 UTC,1h,BULLA-USDT,BTC-USDT,0.08136,120041.8,6.777639122e-07,,30,-0.034188,-0.0144155,0.0230808,6.5843e+06,0,0,0.742857,465,4,0,HOLD
2025-08-12 21:05:21 UTC,1h,C-USDT,BTC-USDT,0.26319,120041.8,2.192486284e-06,,30,-0.00250142,0.0591573,0.0178741,6.45331e+06,0,0,0.742857,465,4,0,HOLD
2025-08-12 21:05:21 UTC,1h,CAKE-USDT,BTC-USDT,2.8851,120041.8,2.403412811e-05,,30,0.0233391,0.0640628,0.0103091,2.52876e+06,0,0,0.742857,465,4,0,HOLD
2025-08-12 21:05:21 UTC,1h,CARV-USDT,BTC-USDT,0.3137,120041.8,2.613256382e-06,,30,0.011283,0.0394301,0.017305,2.139e+06,0,0,0.742857,465,4,0,HOLD
2025-08-12 21:05:21 UTC,1h,CATI-USDT,BTC-USDT,0.09642,120041.8,8.032202116e-07,,30,0.00510789,0.0541161,0.0241651,6.95724e+06,0,0,0.742857,465,4,0,HOLD
2025-08-12 21:05:21 UTC,1h,CELO-USDT,BTC-USDT,0.3643,120041.8,3.03477622e-06,,30,0.0167457,0.0755831,0.0148229,2.30522e+06,0,0,0.742857,465,4,0,HOLD
2025-08-12 21:05:21 UTC,1h,CELR-USDT,BTC-USDT,0.00836,120041.8,6.964240789e-08,,30,0.0220049,0.0899609,0.0146104,2.10705e+06,0,0,0.742857,465,4,0,HOLD
2025-08-12 21:05:21 UTC,1h,CETUS-USDT,BTC-USDT,0.11276,120041.8,9.393394634e-07,,30,0.0148501,0.0801801,0.0175087,959697,0,0,0.742857,465,4,0,HOLD
2025-08-12 21:05:21 UTC,1h,CFX-USDT,BTC-USDT,0.20144,120041.8,1.678082135e-06,,30,0.00861206,0.0400661,0.0134957,1.03136e+07,0,0,0.742857,465,4,0,HOLD
2025-08-12 21:05:21 UTC,1h,CGPT-USDT,BTC-USDT,0.10436,120041.8,8.693638383e-07,,30,0.0257519,0.0799959,0.0155985,694426,0,0,0.742857,465,4,0,HOLD
2025-08-12 21:05:21 UTC,1h,CHESS-USDT,BTC-USDT,0.07508,120041.8,6.25448802e-07,,30,-0.00119729,0.0689066,0.0177335,697497,0,0,0.742857,465,4,0,HOLD
2025-08-12 21:05:21 UTC,1h,CHILLGUY-USDT,BTC-USDT,0.05852,120041.8,4.874968553e-07,,30,0.0368533,0.112971,0.021824,1.60887e+06,0,0,0.742857,465,4,0,HOLD
2025-08-12 21:05:21 UTC,1h,CHR-USDT,BTC-USDT,0.0996,120041.8,8.29710984e-07,,30,0.0215385,0.0802603,0.0131956,1.94928e+06,0,0,0.742857,465,4,0,HOLD
2025-08-12 21:05:21 UTC,1h,CHZ-USDT,BTC-USDT,0.04342,120041.8,3.617073386e-07,,30,0.0173383,0.0590244,0.0112029,2.10285e+06,0,0,0.742857,465,4,0,HOLD
2025-08-12 21:05:21 UTC,1h,CKB-USDT,BTC-USDT,0.005728,120041.8,4.771671201e-08,,30,0.0212159,0.0688561,0.0133305,697050,0,0,0.742857,465,4,0,HOLD
2025-08-12 21:05:21 UTC,1h,COINX-USDT,BTC-USDT,321.52,120041.8,0.002678400357,,30,-0.00587471,0.00221315,0.00948397,6.24251e+06,0,0,0.742857,465,4,0,HOLD
2025-08-12 21:05:21 UTC,1h,COMP-USDT,BTC-USDT,53.26,120041.8,0.0004436787852,,30,0.00339111,0.0502859,0.0130626,5.59022e+06,0,0,0.742857,465,4,0,HOLD
2025-08-12 21:05:21 UTC,1h,COOKIE-USDT,BTC-USDT,0.1572,120041.8,1.309543842e-06,,30,0.0181347,0.102384,0.0200836,6.55021e+06,0,0,0.742857,465,4,0,HOLD
2025-08-12 21:05:21 UTC,1h,CORE-USDT,BTC-USDT,0.5077,120041.8,4.229360106e-06,,30,0.0207077,0.0661487,0.0111849,1.93983e+06,0,0,0.742857,465,4,0,HOLD
2025-08-12 21:05:21 UTC,1h,COS-USDT,BTC-USDT,0.003535,120041.8,2.944807559e-08,,30,0.016681,0.0568012,0.0107496,410040,0,0,0.742857,465,4,0,HOLD
2025-08-12 21:05:21 UTC,1h,COTI-USDT,BTC-USDT,0.05628,120041.8,4.688366886e-07,,30,0.0115025,0.0669194,0.0135039,502715,0,0,0.742857,465,4,0,HOLD
2025-08-12 21:05:21 UTC,1h,COW-USDT,BTC-USDT,0.4335,120041.8,3.611242084e-06,,30,0.0192805,0.0730198,0.0167079,6.66248e+06,0,0,0.742857,465,4,0,HOLD
2025-08-12 21:05:21 UTC,1h,CRCLX-USDT,BTC-USDT,154.77,120041.8,0.001289300894,,30,-0.0888915,-0.0496746,0.0393902,6.25951e+06,0,0,0.742857,465,4,0,HOLD
2025-08-12 21:05:21 UTC,1h,CROSS-USDT,BTC-USDT,0.31862,120041.8,2.654242106e-06,,30,0.0049836,0.013229,0.0133074,6.37126e+06,0,0,0.742857,465,4,0,HOLD
2025-08-12 21:05:21 UTC,1h,CRV-USDT,BTC-USDT,0.9884,120041.8,8.23379856e-06,,30,0.00692747,0.0750489,0.0181318,1.64772e+07,0,0,0.742857,465,4,0,HOLD
2025-08-12 21:05:21 UTC,1h,CTC-USDT,BTC-USDT,0.7419,120041.8,6.180347179e-06,,30,0.0133861,0.0622852,0.0140277,1.22614e+06,0,0,0.742857,465,4,0,HOLD
2025-08-12 21:05:21 UTC,1h,CTK-USDT,BTC-USDT,0.3559,120041.8,2.964800594e-06,,30,-0.0124861,0.0601728,0.0164372,6.44533e+06,0,0,0.742857,465,4,0,HOLD
2025-08-12 21:05:21 UTC,1h,CUDIS-USDT,BTC-USDT,0.07697,120041.8,6.411933177e-07,,30,0.10209,0.169757,0.0450639,7.05384e+06,0,0,0.742857,465,4,0,HOLD
2025-08-12 21:05:21 UTC,1h,CVC-USDT,BTC-USDT,0.0986,120041.8,8.213805524e-07,,30,0.0253744,0.0616991,0.00922921,1.88087e+06,0,0,0.742857,465,4,0,HOLD
2025-08-12 21:05:21 UTC,1h,CYBER-USDT,BTC-USDT,3.0238,120041.8,2.518955897e-05,,30,-0.0114747,-0.0951312,0.0882995,6.38503e+07,0,0,0.742857,465,4,0,HOLD
2025-08-12 21:05:21 UTC,1h,D-USDT,BTC-USDT,0.03713,120041.8,3.093089241e-07,,30,0.0150355,0.0681818,0.0131007,6.25196e+06,0,0,0.742857,465,4,0,HOLD
2025-08-12 21:05:21 UTC,1h,DBR-USDT,BTC-USDT,0.02489,120041.8,2.073444417e-07,,30,0.00932685,0.0196641,0.00860931,425880,0,0,0.742857,465,4,0,HOLD
2025-08-12 21:05:21 UTC,1h,DEEP-USDT,BTC-USDT,0.17079,120041.8,1.422754407e-06,,30,0.0266907,0.145242,0.0199744,6.81132e+06,0,0,0.742857,465,4,0,HOLD
2025-08-12 21:05:21 UTC,1h,DEGEN-USDT,BTC-USDT,0.004107,120041.8,3.421308244e-08,,30,0.0118256,0.0995984,0.0198268,633686,0,0,0.742857,465,4,0,HOLD
2025-08-12 21:05:21 UTC,1h,DEGO-USDT,BTC-USDT,1.2443,120041.8,1.0365556e-05,,30,0.0011264,0.0298792,0.0166933,846771,0,0,0.742857,465,4,0,HOLD
2025-08-12 21:05:21 UTC,1h,DF-USDT,BTC-USDT,0.03055,120041.8,2.544946844e-07,,30,0.00891678,0.0600278,0.0114566,272877,0,0,0.742857,465,4,0,HOLD
2025-08-12 21:05:21 UTC,1h,DIA-USDT,BTC-USDT,0.8378,120041.8,6.979235566e-06,,30,-0.0109786,0.0200901,0.021536,6.30416e+06,0,0,0.742857,465,4,0,HOLD
2025-08-12 21:05:21 UTC,1h,DMC-USDT,BTC-USDT,0.00482,120041.8,4.015268015e-08,,30,-0.000622019,0.031016,0.0152934,6.27935e+06,0,0,0.742857,465,4,0,HOLD
2025-08-12 21:05:21 UTC,1h,DOG-USDT,BTC-USDT,0.003613,120041.8,3.009784925e-08,,30,0.0370264,0.0931921,0.0198292,796918,0,0,0.742857,465,4,0,HOLD
2025-08-12 21:05:21 UTC,1h,DOGE-USDT,BTC-USDT,0.23664,120041.8,1.971313326e-06,,30,0.0313358,0.0658979,0.0138154,1.40387e+08,0,0,0.742857,465,4,0,HOLD
2025-08-12 21:05:21 UTC,1h,DOGS-USDT,BTC-USDT,0.0001488,120041.8,1.239568217e-09,,30,0.0143149,0.0689655,0.015697,802121,0,0,0.742857,465,4,0,HOLD
2025-08-12 21:05:21 UTC,1h,DOLO-USDT,BTC-USDT,0.222767,120041.8,1.855745249e-06,,30,-0.0917849,-0.113859,0.0365007,7.23829e+06,0,0,0.742857,465,4,0,HOLD
2025-08-12 21:05:21 UTC,1h,DOOD-USDT,BTC-USDT,0.0038105,120041.8,3.174310948e-08,,30,0.00694995,0.0512884,0.0144582,6.32191e+06,0,0,0.742857,465,4,0,HOLD
2025-08-12 21:05:21 UTC,1h,DOT-USDT,BTC-USDT,4.18,120041.8,3.482120395e-05,,30,0.0215054,0.0820606,0.0151059,1.77988e+07,0,0,0.742857,465,4,0,HOLD
2025-08-12 21:05:21 UTC,1h,DRIFT-USDT,BTC-USDT,0.5773,120041.8,4.809158143e-06,,30,0.0292387,0.0726496,0.0132513,6.41952e+06,0,0,0.742857,465,4,0,HOLD
2025-08-12 21:05:21 UTC,1h,DUSK-USDT,BTC-USDT,0.06919,120041.8,5.763825601e-07,,30,0.0224619,0.0826162,0.0134206,274846,0,0,0.742857,465,4,0,HOLD
2025-08-12 21:05:21 UTC,1h,DYDX-USDT,BTC-USDT,0.677,120041.8,5.63970217e-06,,30,0.0131697,0.0734105,0.0159949,6.26961e+06,0,0,0.742857,465,4,0,HOLD
2025-08-12 21:05:21 UTC,1h,DYM-USDT,BTC-USDT,0.2681,120041.8,2.233388703e-06,,30,0.0319477,0.0797422,0.0185432,3.20836e+06,0,0,0.742857,465,4,0,HOLD
2025-08-12 21:05:21 UTC,1h,EDU-USDT,BTC-USDT,0.1496,120041.8,1.246232562e-06,,30,-0.000668003,-0.0827713,0.0425898,5.76491e+06,0,0,0.742857,465,4,0,HOLD
2025-08-12 21:05:21 UTC,1h,EGLD-USDT,BTC-USDT,16.167,120041.8,0.0001346780871,,30,0.0212242,0.0781594,0.0123488,3.18271e+06,0,0,0.742857,465,4,0,HOLD
2025-08-12 21:05:21 UTC,1h,EIGEN-USDT,BTC-USDT,1.4114,120041.8,1.175757111e-05,,30,0,0.0450944,0.0215035,5.62459e+06,0,0,0.742857,465,4,0,HOLD
2025-08-12 21:05:21 UTC,1h,ELX-USDT,BTC-USDT,0.1751,120041.8,1.458658567e-06,,30,-0.00680658,0.0535499,0.0174186,470521,0,0,0.742857,465,4,0,HOLD
2025-08-12 21:05:21 UTC,1h,ENA-USDT,BTC-USDT,0.8198,120041.8,6.829287798e-06,,30,0.00379576,0.0657826,0.0275067,1.00929e+08,0,0,0.742857,465,4,0,HOLD
2025-08-12 21:05:21 UTC,1h,ENJ-USDT,BTC-USDT,0.07475,120041.8,6.226997596e-07,,30,0.0259402,0.0806708,0.0134639,2.05252e+06,0,0,0.742857,465,4,0,HOLD
2025-08-12 21:05:21 UTC,1h,ENS-USDT,BTC-USDT,29.668,120041.8,0.0002471472437,,30,0.0186088,0.0679241,0.0145708,1.21564e+07,0,0,0.742857,465,4,0,HOLD
2025-08-12 21:05:21 UTC,1h,EPIC-USDT,BTC-USDT,2.1124,120041.8,1.759720364e-05,,30,-0.0110024,0.00628811,0.0134174,2.03415e+06,0,0,0.742857,465,4,0,HOLD
2025-08-12 21:05:21 UTC,1h,EPT-USDT,BTC-USDT,0.004372,120041.8,3.642064681e-08,,30,0.00900069,0.0389734,0.0130212,6.34559e+06,0,0,0.742857,465,4,0,HOLD
2025-08-12 21:05:21 UTC,1h,ERA-USDT,BTC-USDT,1.0393,120041.8,8.657817527e-06,,30,0.00942113,0.0360881,0.0136149,8.29529e+06,0,0,0.742857,465,4,0,HOLD
2025-08-12 21:05:21 UTC,1h,ES-USDT,BTC-USDT,0.2143,120041.8,1.785211485e-06,,30,-0.00924642,0.0327711,0.019332,6.27343e+06,0,0,0.742857,465,4,0,HOLD
2025-08-12 21:05:21 UTC,1h,ESPORTS-USDT,BTC-USDT,0.1283,120041.8,1.06879437e-06,,30,-0.0206107,0.0110323,0.0183164,6.62705e+06,0,0,0.742857,465,4,0,HOLD
2025-08-12 21:05:21 UTC,1h,ETC-USDT,BTC-USDT,23.822,120041.8,0.0001984475408,,30,0.0159069,0.0810983,0.0144584,1.31677e+07,0,0,0.742857,465,4,0,HOLD
2025-08-12 21:05:21 UTC,1h,ETH-USDT,BTC-USDT,4609.66,120041.8,0.03840045717,,30,0.0310708,0.075345,0.0124667,2.93775e+09,0,0,0.742857,465,4,0,HOLD
2025-08-12 21:05:21 UTC,1h,ETHFI-USDT,BTC-USDT,1.2455,120041.8,1.037555252e-05,,30,0.019982,0.0646209,0.0240122,1.31083e+07,0,0,0.742857,465,4,0,HOLD
2025-08-12 21:05:21 UTC,1h,ETHW-USDT,BTC-USDT,1.7557,120041.8,1.46257387e-05,,30,0.0242693,0.0793017,0.0144224,2.00578e+06,0,0,0.742857,465,4,0,HOLD
2025-08-12 21:05:21 UTC,1h,F-USDT,BTC-USDT,0.007991,120041.8,6.656847865e-08,,30,-0.00769899,0.0299008,0.0129253,6.2739e+06,0,0,0.742857,465,4,0,HOLD
2025-08-12 21:05:21 UTC,1h,FARTCOIN-USDT,BTC-USDT,0.9765,120041.8,8.134666425e-06,,30,0.099167,0.158775,0.0307585,6.95344e+07,0,0,0.742857,465,4,0,HOLD
2025-08-12 21:05:21 UTC,1h,FET-USDT,BTC-USDT,0.7275,120041.8,6.060388965e-06,,30,0.012808,0.0604956,0.0140697,5.73705e+06,0,0,0.742857,465,4,0,HOLD
2025-08-12 21:05:21 UTC,1h,FHE-USDT,BTC-USDT,0.06402,120041.8,5.333142289e-07,,30,0.00565504,0.0279383,0.0183871,6.45388e+06,0,0,0.742857,465,4,0,HOLD
2025-08-12 21:05:21 UTC,1h,FIDA-USDT,BTC-USDT,0.10665,120041.8,8.884405265e-07,,30,0.0382593,0.105984,0.0172326,911380,0,0,0.742857,465,4,0,HOLD
2025-08-12 21:05:21 UTC,1h,FIL-USDT,BTC-USDT,2.648,120041.8,2.205898279e-05,,30,0.0251645,0.072499,0.0124083,9.67486e+06,0,0,0.742857,465,4,0,HOLD
2025-08-12 21:05:21 UTC,1h,FIO-USDT,BTC-USDT,0.02119,120041.8,1.765218449e-07,,30,0.00283956,0.0469368,0.0173599,6.43737e+06,0,0,0.742857,465,4,0,HOLD
2025-08-12 21:05:21 UTC,1h,FIS-USDT,BTC-USDT,0.12411,120041.8,1.033889862e-06,,30,0.0250248,0.0801567,0.0159248,6.33432e+06,0,0,0.742857,465,4,0,HOLD
2025-08-12 21:05:21 UTC,1h,FLM-USDT,BTC-USDT,0.03115,120041.8,2.594929433e-07,,30,0.0226527,0.0823489,0.0131163,786976,0,0,0.742857,465,4,0,HOLD
2025-08-12 21:05:21 UTC,1h,FLOCK-USDT,BTC-USDT,0.18527,120041.8,1.543379056e-06,,30,0.00690217,0.00303178,0.030045,6.51991e+06,0,0,0.742857,465,4,0,HOLD
2025-08-12 21:05:21 UTC,1h,FLOKI-USDT,BTC-USDT,0.00011642,120041.8,9.69828843e-10,,30,0.0313607,0.0802635,0.0156331,6.284e+06,0,0,0.742857,465,4,0,HOLD
2025-08-12 21:05:21 UTC,1h,FLOW-USDT,BTC-USDT,0.392,120041.8,3.265529174e-06,,30,0.0208333,0.0710383,0.0116618,2.37143e+06,0,0,0.742857,465,4,0,HOLD
2025-08-12 21:05:21 UTC,1h,FLUX-USDT,BTC-USDT,0.2317,120041.8,1.930160994e-06,,30,0.0140044,0.0697138,0.0151674,418318,0,0,0.742857,465,4,0,HOLD
2025-08-12 21:05:21 UTC,1h,FORM-USDT,BTC-USDT,3.7737,120041.8,3.14365496e-05,,30,-0.005167,-0.015779,0.00744627,2.17519e+06,0,0,0.742857,465,4,0,HOLD
2025-08-12 21:05:21 UTC,1h,FORTH-USDT,BTC-USDT,2.8745,120041.8,2.394582554e-05,,30,0.00820736,0.0360799,0.0155803,862168,0,0,0.742857,465,4,0,HOLD
2025-08-12 21:05:21 UTC,1h,FRAG-USDT,BTC-USDT,0.04384,120041.8,3.652061199e-07,,30,0.00712153,0.0468004,0.0209854,6.27882e+06,0,0,0.742857,465,4,0,HOLD
2025-08-12 21:05:21 UTC,1h,FUEL-USDT,BTC-USDT,0.00751,120041.8,6.256154106e-08,,30,0.00535475,-0.00661376,0.0142667,328522,0,0,0.742857,465,4,0,HOLD
2025-08-12 21:05:21 UTC,1h,FUNTOKEN-USDT,BTC-USDT,0.00921,120041.8,7.672327473e-08,,30,-0.0176,0.0077689,0.0233054,8.39192e+06,0,0,0.742857,465,4,0,HOLD
2025-08-12 21:05:21 UTC,1h,FXS-USDT,BTC-USDT,3.2237,120041.8,2.685481224e-05,,30,0.0223258,0.0704632,0.0144466,2.12322e+06,0,0,0.742857,465,4,0,HOLD
2025-08-12 21:05:21 UTC,1h,G-USDT,BTC-USDT,0.01266,120041.8,1.054632636e-07,,30,0.0292683,0.0701606,0.012469,6.23714e+06,0,0,0.742857,465,4,0,HOLD
2025-08-12 21:05:21 UTC,1h,GALA-USDT,BTC-USDT,0.01811,120041.8,1.508641157e-07,,30,0.0272263,0.0844311,0.0164471,9.48422e+06,0,0,0.742857,465,4,0,HOLD
2025-08-12 21:05:21 UTC,1h,GAS-USDT,BTC-USDT,3.381,120041.8,2.816518913e-05,,30,0.0208333,0.0545852,0.0104153,1.92167e+06,0,0,0.742857,465,4,0,HOLD
2025-08-12 21:05:21 UTC,1h,GHST-USDT,BTC-USDT,0.5093,120041.8,4.242688797e-06,,30,0.00473466,0.109103,0.0283302,6.94815e+06,0,0,0.742857,465,4,0,HOLD
2025-08-12 21:05:21 UTC,1h,GLM-USDT,BTC-USDT,0.26607,120041.8,2.216477927e-06,,30,0.016582,0.0490892,0.010086,517452,0,0,0.742857,465,4,0,HOLD
2025-08-12 21:05:21 UTC,1h,GMT-USDT,BTC-USDT,0.04831,120041.8,4.02443149e-07,,30,0.0302836,0.0781076,0.0122128,692859,0,0,0.742857,465,4,0,HOLD
2025-08-12 21:05:21 UTC,1h,GMX-USDT,BTC-USDT,17.101,120041.8,0.0001424587102,,30,-0.00587141,0.0309881,0.0161436,2.39223e+06,0,0,0.742857,465,4,0,HOLD
2025-08-12 21:05:21 UTC,1h,GOAT-USDT,BTC-USDT,0.10832,120041.8,9.023523473e-07,,30,0.0408379,0.131516,0.0171054,6.55643e+06,0,0,0.742857,465,4,0,HOLD
2025-08-12 21:05:21 UTC,1h,GOR-USDT,BTC-USDT,0.01809,120041.8,1.50697507e-07,,30,-0.0684861,0.116667,0.0408276,6.36923e+06,0,0,0.742857,465,4,0,HOLD
2025-08-12 21:05:21 UTC,1h,GORK-USDT,BTC-USDT,0.00836,120041.8,6.964240789e-08,,30,0.00966184,0.0985545,0.028879,6.37197e+06,0,0,0.742857,465,4,0,HOLD
2025-08-12 21:05:21 UTC,1h,GPS-USDT,BTC-USDT,0.0163,120041.8,1.357860345e-07,,30,0.0143124,0.048906,0.0213409,6.3579e+06,0,0,0.742857,465,4,0,HOLD
2025-08-12 21:05:21 UTC,1h,GRASS-USDT,BTC-USDT,0.8123,120041.8,6.766809561e-06,,30,0.012338,0.0739027,0.0245159,7.18803e+06,0,0,0.742857,465,4,0,HOLD
2025-08-12 21:05:21 UTC,1h,GRIFFAIN-USDT,BTC-USDT,0.04509,120041.8,3.756191593e-07,,30,0.0157693,0.0849374,0.0211323,6.87459e+06,0,0,0.742857,465,4,0,HOLD
2025-08-12 21:05:21 UTC,1h,GRT-USDT,BTC-USDT,0.10148,120041.8,8.453721954e-07,,30,0.03193,0.0914175,0.0137043,2.8228e+06,0,0,0.742857,465,4,0,HOLD
2025-08-12 21:05:21 UTC,1h,GTC-USDT,BTC-USDT,0.315,120041.8,2.624085943e-06,,30,0.0260586,0.0824742,0.0156463,1.94784e+06,0,0,0.742857,465,4,0,HOLD
2025-08-12 21:05:21 UTC,1h,GUN-USDT,BTC-USDT,0.03153,120041.8,2.626585073e-07,,30,0.016441,0.0548678,0.0158353,6.33349e+06,0,0,0.742857,465,4,0,HOLD
2025-08-12 21:05:21 UTC,1h,H-USDT,BTC-USDT,0.03814,120041.8,3.177226599e-07,,30,0.0119395,0.0366948,0.0111619,6.35452e+06,0,0,0.742857,465,4,0,HOLD
2025-08-12 21:05:21 UTC,1h,HAEDAL-USDT,BTC-USDT,0.145641,120041.8,1.213252384e-06,,30,0.00899946,0.0523042,0.0143136,6.25902e+06,0,0,0.742857,465,4,0,HOLD
2025-08-12 21:05:21 UTC,1h,HBAR-USDT,BTC-USDT,0.26275,120041.8,2.188820894e-06,,30,0.0262068,0.0679158,0.0113144,1.31033e+07,0,0,0.742857,465,4,0,HOLD
2025-08-12 21:05:21 UTC,1h,HEI-USDT,BTC-USDT,0.5065,120041.8,4.219363588e-06,,30,-0.0105489,0.0234391,0.0225074,824736,0,0,0.742857,465,4,0,HOLD
2025-08-12 21:05:21 UTC,1h,HFT-USDT,BTC-USDT,0.0994,120041.8,8.280448977e-07,,30,0.0150107,0.0554258,0.0231748,6.4605e+06,0,0,0.742857,465,4,0,HOLD
2025-08-12 21:05:21 UTC,1h,HIFI-USDT,BTC-USDT,0.11084,120041.8,9.233450348e-07,,30,0.182546,0.360835,0.0458383,5.38973e+06,0,0,0.742857,465,4,0,HOLD
2025-08-12 21:05:21 UTC,1h,HIGH-USDT,BTC-USDT,0.6148,120041.8,5.121549327e-06,,30,0.0251793,0.0823944,0.0141161,5.51068e+06,0,0,0.742857,465,4,0,HOLD
2025-08-12 21:05:21 UTC,1h,HIPPO-USDT,BTC-USDT,0.002426,120041.8,2.020962698e-08,,30,0.00413907,0.0133668,0.0253209,1.9283e+06,0,0,0.742857,465,4,0,HOLD
2025-08-12 21:05:21 UTC,1h,HIVE-USDT,BTC-USDT,0.22902,120041.8,1.907835437e-06,,30,0.0193617,0.0588562,0.00936288,407518,0,0,0.742857,465,4,0,HOLD
2025-08-12 21:05:21 UTC,1h,HMSTR-USDT,BTC-USDT,0.0007884,120041.8,6.567712247e-09,,30,0.0195267,0.0710501,0.0143962,521520,0,0,0.742857,465,4,0,HOLD
2025-08-12 21:05:21 UTC,1h,HOME-USDT,BTC-USDT,0.043636,120041.8,3.635067118e-07,,30,0.0356728,0.112681,0.0194941,6.53708e+06,0,0,0.742857,465,4,0,HOLD
2025-08-12 21:05:21 UTC,1h,HOODX-USDT,BTC-USDT,114.49,120041.8,0.00095375111,,30,-0.00788562,0.00898916,0.0106372,6.23065e+06,0,0,0.742857,465,4,0,HOLD
2025-08-12 21:05:21 UTC,1h,HOOK-USDT,BTC-USDT,0.1175,120041.8,9.78825709e-07,,30,0.0500447,0.0981308,0.0212766,5.48779e+06,0,0,0.742857,465,4,0,HOLD
2025-08-12 21:05:21 UTC,1h,HOT-USDT,BTC-USDT,0.001025,120041.8,8.538692355e-09,,30,-0.00194742,0.0459184,0.0144948,1.89187e+06,0,0,0.742857,465,4,0,HOLD
2025-08-12 21:05:21 UTC,1h,HOUSE-USDT,BTC-USDT,0.02322,120041.8,1.93432621e-07,,30,0.0306258,0.17332,0.0370986,6.94689e+06,0,0,0.742857,465,4,0,HOLD
2025-08-12 21:05:21 UTC,1h,HUMA-USDT,BTC-USDT,0.038328,120041.8,3.192887811e-07,,30,0.0263496,0.151821,0.0272945,7.27886e+06,0,0,0.742857,465,4,0,HOLD
2025-08-12 21:05:21 UTC,1h,HYPE-USDT,BTC-USDT,45.039,120041.8,0.0003751943073,,30,0.0132964,0.0535685,0.0179733,2.35249e+07,0,0,0.742857,465,4,0,HOLD
2025-08-12 21:05:21 UTC,1h,HYPERLANE-USDT,BTC-USDT,0.389,120041.8,3.240537879e-06,,30,0.00725013,0.0587915,0.0175174,6.86315e+06,0,0,0.742857,465,4,0,HOLD
2025-08-12 21:05:21 UTC,1h,ICNT-USDT,BTC-USDT,0.3505,120041.8,2.919816264e-06,,30,-0.0570352,-0.157249,0.0620135,1.69167e+07,0,0,0.742857,465,4,0,HOLD
2025-08-12 21:05:21 UTC,1h,ICP-USDT,BTC-USDT,5.726,120041.8,4.770005115e-05,,30,0.0215879,0.0684829,0.0128611,4.98052e+06,0,0,0.742857,465,4,0,HOLD
2025-08-12 21:05:21 UTC,1h,ICX-USDT,BTC-USDT,0.139,120041.8,1.157929988e-06,,30,0.0281065,0.0733591,0.0115108,295661,0,0,0.742857,465,4,0,HOLD
2025-08-12 21:05:21 UTC,1h,ID-USDT,BTC-USDT,0.18036,120041.8,1.502476637e-06,,30,0.0212911,0.0778701,0.0205106,2.56679e+06,0,0,0.742857,465,4,0,HOLD
2025-08-12 21:05:21 UTC,1h,IDOL-USDT,BTC-USDT,0.01701,120041.8,1.417006409e-07,,30,0.00591366,0.0234657,0.0384648,7.34662e+06,0,0,0.742857,465,4,0,HOLD
2025-08-12 21:05:21 UTC,1h,ILV-USDT,BTC-USDT,17.86,120041.8,0.0001487815078,,30,0.00399123,0.0520735,0.0168253,6.53268e+06,0,0,0.742857,465,4,0,HOLD
2025-08-12 21:05:21 UTC,1h,IMX-USDT,BTC-USDT,0.5923,120041.8,4.934114617e-06,,30,0.00971701,0.0700994,0.016823,5.82898e+06,0,0,0.742857,465,4,0,HOLD
2025-08-12 21:05:21 UTC,1h,IN-USDT,BTC-USDT,0.10926,120041.8,9.101829529e-07,,30,0.15619,0.274764,0.0614197,1.05159e+07,0,0,0.742857,465,4,0,HOLD
2025-08-12 21:05:21 UTC,1h,INIT-USDT,BTC-USDT,0.4604,120041.8,3.835330693e-06,,30,-0.00151811,0.0868744,0.0225115,6.71799e+06,0,0,0.742857,465,4,0,HOLD
2025-08-12 21:05:21 UTC,1h,INJ-USDT,BTC-USDT,14.892,120041.8,0.0001240567869,,30,0.025408,0.0955639,0.0156939,3.11571e+07,0,0,0.742857,465,4,0,HOLD
2025-08-12 21:05:21 UTC,1h,IO-USDT,BTC-USDT,0.6886,120041.8,5.736335177e-06,,30,0.0847511,0.154594,0.0225302,9.60346e+06,0,0,0.742857,465,4,0,HOLD
2025-08-12 21:05:21 UTC,1h,IOST-USDT,BTC-USDT,0.003866,120041.8,3.220544844e-08,,30,0.024106,0.0697288,0.0110118,1.91083e+06,0,0,0.742857,465,4,0,HOLD
2025-08-12 21:05:21 UTC,1h,IOTA-USDT,BTC-USDT,0.2128,120041.8,1.772715837e-06,,30,0.0186692,0.0763784,0.0131243,2.26661e+06,0,0,0.742857,465,4,0,HOLD
2025-08-12 21:05:21 UTC,1h,IP-USDT,BTC-USDT,5.82966,120041.8,4.856358369e-05,,30,0.00292983,0.0377751,0.0167732,1.07915e+07,0,0,0.742857,465,4,0,HOLD
2025-08-12 21:05:21 UTC,1h,JASMY-USDT,BTC-USDT,0.018514,120041.8,1.5422961e-07,,30,0.0441011,0.131939,0.0263739,5.63966e+06,0,0,0.742857,465,4,0,HOLD
2025-08-12 21:05:21 UTC,1h,JOE-USDT,BTC-USDT,0.1665,120041.8,1.387016856e-06,,30,0.0154916,0.0622687,0.0129558,1.90673e+06,0,0,0.742857,465,4,0,HOLD
2025-08-12 21:05:21 UTC,1h,JST-USDT,BTC-USDT,0.034193,120041.8,2.848424465e-07,,30,0.0106106,0.02497,0.00589302,1.88096e+06,0,0,0.742857,465,4,0,HOLD
2025-08-12 21:05:21 UTC,1h,JTO-USDT,BTC-USDT,1.9188,120041.8,1.598443209e-05,,30,0.0419201,0.0912193,0.0151136,5.26127e+06,0,0,0.742857,465,4,0,HOLD
2025-08-12 21:05:21 UTC,1h,JUP-USDT,BTC-USDT,0.5363,120041.8,4.467610449e-06,,30,0.0335325,0.0847492,0.0154764,1.1219e+07,0,0,0.742857,465,4,0,HOLD
2025-08-12 21:05:21 UTC,1h,KAIA-USDT,BTC-USDT,0.1517,120041.8,1.263726469e-06,,30,0.0201748,0.048376,0.0108767,6.47774e+06,0,0,0.742857,465,4,0,HOLD
2025-08-12 21:05:21 UTC,1h,KAITO-USDT,BTC-USDT,1.2222,120041.8,1.018145346e-05,,30,0.0225904,0.0967337,0.017486,6.80448e+06,0,0,0.742857,465,4,0,HOLD
2025-08-12 21:05:21 UTC,1h,KAS-USDT,BTC-USDT,0.0979,120041.8,8.155492503e-07,,30,0.0719369,0.120265,0.0170874,7.77571e+06,0,0,0.742857,465,4,0,HOLD
2025-08-12 21:05:21 UTC,1h,KAVA-USDT,BTC-USDT,0.3905,120041.8,3.253033527e-06,,30,0.0158689,0.0391166,0.00598134,2.14183e+06,0,0,0.742857,465,4,0,HOLD
2025-08-12 21:05:21 UTC,1h,KDA-USDT,BTC-USDT,0.4367,120041.8,3.637899465e-06,,30,0.0208041,0.0766765,0.0154568,1.99922e+06,0,0,0.742857,465,4,0,HOLD
2025-08-12 21:05:21 UTC,1h,KERNEL-USDT,BTC-USDT,0.2047,120041.8,1.705239342e-06,,30,0.0173956,0.0465235,0.0161909,6.49525e+06,0,0,0.742857,465,4,0,HOLD
2025-08-12 21:05:21 UTC,1h,KMNO-USDT,BTC-USDT,0.05649,120041.8,4.705860792e-07,,30,0.0437916,0.101599,0.0148952,540334,0,0,0.742857,465,4,0,HOLD
2025-08-12 21:05:21 UTC,1h,KNC-USDT,BTC-USDT,0.4284,120041.8,3.568756883e-06,,30,0.00210526,0.0436054,0.0122549,2.13082e+06,0,0,0.742857,465,4,0,HOLD
2025-08-12 21:05:21 UTC,1h,KOMA-USDT,BTC-USDT,0.0245,120041.8,2.040955734e-07,,30,0.00451005,0.0255337,0.0109621,1.8867e+06,0,0,0.742857,465,4,0,HOLD
2025-08-12 21:05:21 UTC,1h,KSM-USDT,BTC-USDT,15.87,120041.8,0.000132203949,,30,0.0196608,0.0715009,0.0135341,3.02256e+06,0,0,0.742857,465,4,0,HOLD
2025-08-12 21:05:21 UTC,1h,LA-USDT,BTC-USDT,0.3987,120041.8,3.321343065e-06,,30,-0.0669319,0.0992556,0.0435164,1.20847e+07,0,0,0.742857,465,4,0,HOLD
2025-08-12 21:05:21 UTC,1h,LAUNCHCOIN-USDT,BTC-USDT,0.07366,120041.8,6.136195892e-07,,30,0.0284837,0.0904515,0.0220317,6.50012e+06,0,0,0.742857,465,4,0,HOLD
2025-08-12 21:05:21 UTC,1h,LAYER-USDT,BTC-USDT,0.6387,120041.8,5.320646641e-06,,30,0.0202875,0.0546565,0.0103447,6.37085e+06,0,0,0.742857,465,4,0,HOLD
2025-08-12 21:05:21 UTC,1h,LDO-USDT,BTC-USDT,1.5876,120041.8,1.322539315e-05,,30,0.00627496,0.0707493,0.0307787,3.37065e+07,0,0,0.742857,465,4,0,HOLD
2025-08-12 21:05:21 UTC,1h,LINK-USDT,BTC-USDT,23.608,120041.8,0.0001966648284,,30,-0.0164563,0.114268,0.0220234,8.43198e+07,0,0,0.742857,465,4,0,HOLD
2025-08-12 21:05:21 UTC,1h,LISTA-USDT,BTC-USDT,0.3121,120041.8,2.599927692e-06,,30,0.0142996,0.052969,0.0186524,4.55346e+06,0,0,0.742857,465,4,0,HOLD
2025-08-12 21:05:21 UTC,1h,LPT-USDT,BTC-USDT,6.958,120041.8,5.796314284e-05,,30,0.025951,0.0948859,0.0149468,2.25951e+06,0,0,0.742857,465,4,0,HOLD
2025-08-12 21:05:21 UTC,1h,LQTY-USDT,BTC-USDT,1.0451,120041.8,8.70613403e-06,,30,-0.00143321,0.0515142,0.0167516,939795,0,0,0.742857,465,4,0,HOLD
2025-08-12 21:05:21 UTC,1h,LRC-USDT,BTC-USDT,0.09296,120041.8,7.743969184e-07,,30,0.0282048,0.0958387,0.014968,491622,0,0,0.742857,465,4,0,HOLD
2025-08-12 21:05:21 UTC,1h,LTC-USDT,BTC-USDT,129.41,120041.8,0.001078041149,,30,0.0401897,0.087479,0.0131697,4.50764e+07,0,0,0.742857,465,4,0,HOLD
2025-08-12 21:05:21 UTC,1h,LUMIA-USDT,BTC-USDT,0.3594,120041.8,2.993957105e-06,,30,0.0345423,0.107209,0.020729,644128,0,0,0.742857,465,4,0,HOLD
2025-08-12 21:05:21 UTC,1h,LUNA-USDT,BTC-USDT,0.1668,120041.8,1.389515985e-06,,30,0.00968523,0.0536955,0.0148167,2.00515e+06,0,0,0.742857,465,4,0,HOLD
2025-08-12 21:05:21 UTC,1h,LUNC-USDT,BTC-USDT,6.243e-05,120041.8,5.200688427e-10,,30,0.000320461,0.0358387,0.00973662,1.11491e+06,0,0,0.742857,465,4,0,HOLD
2025-08-12 21:05:21 UTC,1h,M-USDT,BTC-USDT,0.4268,120041.8,3.555428193e-06,,30,-0.0372208,-0.0513447,0.0185098,7.56454e+06,0,0,0.742857,465,4,0,HOLD
2025-08-12 21:05:21 UTC,1h,MAGIC-USDT,BTC-USDT,0.2716,120041.8,2.262545213e-06,,30,0.00369549,0.0145685,0.0241426,1.16153e+07,0,0,0.742857,465,4,0,HOLD
2025-08-12 21:05:21 UTC,1h,MANA-USDT,BTC-USDT,0.3115,120041.8,2.594929433e-06,,30,0.0266974,0.076737,0.0134373,2.33351e+06,0,0,0.742857,465,4,0,HOLD
2025-08-12 21:05:21 UTC,1h,MANTA-USDT,BTC-USDT,0.2401,120041.8,2.000136619e-06,,30,0.019966,0.0849526,0.0179092,1.02229e+06,0,0,0.742857,465,4,0,HOLD
2025-08-12 21:05:21 UTC,1h,MASK-USDT,BTC-USDT,1.368,120041.8,1.139603038e-05,,30,0.0164202,0.0762332,0.0134764,2.21647e+06,0,0,0.742857,465,4,0,HOLD
2025-08-12 21:05:21 UTC,1h,MAV-USDT,BTC-USDT,0.06112,120041.8,5.091559773e-07,,30,0.0164643,0.0594557,0.0426678,4.611e+06,0,0,0.742857,465,4,0,HOLD
2025-08-12 21:05:21 UTC,1h,MAVIA-USDT,BTC-USDT,0.1948,120041.8,1.622768069e-06,,30,0.0323264,0.0461869,0.0277574,7.36889e+06,0,0,0.742857,465,4,0,HOLD
2025-08-12 21:05:21 UTC,1h,MBOX-USDT,BTC-USDT,0.06211,120041.8,5.174031046e-07,,30,0.00145114,0.108711,0.0177795,786488,0,0,0.742857,465,4,0,HOLD
2025-08-12 21:05:21 UTC,1h,ME-USDT,BTC-USDT,0.7553,120041.8,6.291974962e-06,,30,0.0162809,0.0563636,0.011424,827256,0,0,0.742857,465,4,0,HOLD
2025-08-12 21:05:21 UTC,1h,MELANIA-USDT,BTC-USDT,0.2299,120041.8,1.915166217e-06,,30,0.0272565,0.0808651,0.0144162,752582,0,0,0.742857,465,4,0,HOLD
2025-08-12 21:05:21 UTC,1h,MEME-USDT,BTC-USDT,0.001821,120041.8,1.516971588e-08,,30,0.0190263,0.0730701,0.0158861,2.20945e+06,0,0,0.742857,465,4,0,HOLD
2025-08-12 21:05:21 UTC,1h,MERL-USDT,BTC-USDT,0.11676,120041.8,9.726611897e-07,,30,0.00577138,0.0521763,0.0121189,6.26484e+06,0,0,0.742857,465,4,0,HOLD
2025-08-12 21:05:21 UTC,1h,METAX-USDT,BTC-USDT,790.51,120041.8,0.006585289458,,30,0.000404966,0.0292563,0.00822254,6.24984e+06,0,0,0.742857,465,4,0,HOLD
2025-08-12 21:05:21 UTC,1h,METIS-USDT,BTC-USDT,18.57,120041.8,0.0001546961142,,30,0.00324149,0.070317,0.0195784,2.09185e+06,0,0,0.742857,465,4,0,HOLD
2025-08-12 21:05:21 UTC,1h,MEW-USDT,BTC-USDT,0.003373,120041.8,2.809854567e-08,,30,0.0436262,0.105177,0.0174918,3.42432e+06,0,0,0.742857,465,4,0,HOLD
2025-08-12 21:05:21 UTC,1h,MILK-USDT,BTC-USDT,0.05285,120041.8,4.402633083e-07,,30,0.00532623,0.0354624,0.0131369,6.26162e+06,0,0,0.742857,465,4,0,HOLD
2025-08-12 21:05:21 UTC,1h,MINA-USDT,BTC-USDT,0.2015,120041.8,1.678581961e-06,,30,0.0218053,0.0810086,0.0141439,2.06679e+06,0,0,0.742857,465,4,0,HOLD
2025-08-12 21:05:21 UTC,1h,MKR-USDT,BTC-USDT,2024.4,120041.8,0.01686412566,,30,0.00466501,0.019438,0.0140288,7.08668e+06,0,0,0.742857,465,4,0,HOLD
2025-08-12 21:05:21 UTC,1h,MLN-USDT,BTC-USDT,9.878,120041.8,8.228800301e-05,,30,0.160343,0.200827,0.0295534,6.97888e+06,0,0,0.742857,465,4,0,HOLD
2025-08-12 21:05:21 UTC,1h,MNT-USDT,BTC-USDT,1.04604,120041.8,8.713964636e-06,,30,0.0184799,0.0221823,0.014981,7.18426e+06,0,0,0.742857,465,4,0,HOLD
2025-08-12 21:05:21 UTC,1h,MOODENG-USDT,BTC-USDT,0.18045,120041.8,1.503226376e-06,,30,0.00462087,0.0235394,0.0176978,1.0175e+07,0,0,0.742857,465,4,0,HOLD
2025-08-12 21:05:21 UTC,1h,MORPHO-USDT,BTC-USDT,2.2297,120041.8,1.857436326e-05,,30,0.027701,0.0966457,0.0173342,781828,0,0,0.742857,465,4,0,HOLD
2025-08-12 21:05:21 UTC,1h,MOVE-USDT,BTC-USDT,0.1435,120041.8,1.19541693e-06,,30,0.00914205,0.0606061,0.011996,6.82702e+06,0,0,0.742857,465,4,0,HOLD
2025-08-12 21:05:21 UTC,1h,MOVR-USDT,BTC-USDT,6.779,120041.8,5.647199559e-05,,30,0.000442739,0.0333841,0.0144143,1.95652e+06,0,0,0.742857,465,4,0,HOLD
2025-08-12 21:05:21 UTC,1h,MTL-USDT,BTC-USDT,0.7816,120041.8,6.511065312e-06,,30,0.024646,0.0686355,0.0111584,552253,0,0,0.742857,465,4,0,HOLD
2025-08-12 21:05:21 UTC,1h,MUBARAK-USDT,BTC-USDT,0.03829,120041.8,3.189722247e-07,,30,0.00498688,0.0896414,0.0176846,2.24542e+06,0,0,0.742857,465,4,0,HOLD
2025-08-12 21:05:21 UTC,1h,MYRO-USDT,BTC-USDT,0.02805,120041.8,2.336686054e-07,,30,0.0439151,0.122449,0.0370512,3.98518e+06,0,0,0.742857,465,4,0,HOLD
2025-08-12 21:05:21 UTC,1h,MYX-USDT,BTC-USDT,1.72086,120041.8,1.433550647e-05,,30,0.0122885,0.0299925,0.0235733,1.47139e+07,0,0,0.742857,465,4,0,HOLD
2025-08-12 21:05:21 UTC,1h,NAORIS-USDT,BTC-USDT,0.03278,120041.8,2.730715467e-07,,30,0.0570784,0.0886749,0.0268238,6.53279e+06,0,0,0.742857,465,4,0,HOLD
2025-08-12 21:05:21 UTC,1h,NEAR-USDT,BTC-USDT,2.8128,120041.8,2.343183791e-05,,30,0.0245502,0.0845157,0.014594,1.31826e+07,0,0,0.742857,465,4,0,HOLD
2025-08-12 21:05:21 UTC,1h,NEIROCTO-USDT,BTC-USDT,0.0004331,120041.8,3.607909911e-09,,30,0.0195386,0.0972891,0.0190322,7.04962e+06,0,0,0.742857,465,4,0,HOLD
2025-08-12 21:05:21 UTC,1h,NEIROETH-USDT,BTC-USDT,0.12289,120041.8,1.023726735e-06,,30,0.00845232,-0.00686924,0.0213083,1.32925e+06,0,0,0.742857,465,4,0,HOLD
2025-08-12 21:05:21 UTC,1h,NEO-USDT,BTC-USDT,6.646,120041.8,5.536404819e-05,,30,0.0241948,0.0757527,0.013456,2.78293e+06,0,0,0.742857,465,4,0,HOLD
2025-08-12 21:05:21 UTC,1h,NEWT-USDT,BTC-USDT,0.3539,120041.8,2.948139731e-06,,30,0.0192972,0.0621248,0.0138861,6.46671e+06,0,0,0.742857,465,4,0,HOLD
2025-08-12 21:05:21 UTC,1h,NFP-USDT,BTC-USDT,0.07505,120041.8,6.251988891e-07,,30,0.0215054,0.0807892,0.016094,557607,0,0,0.742857,465,4,0,HOLD
2025-08-12 21:05:21 UTC,1h,NIL-USDT,BTC-USDT,0.3192,120041.8,2.659073756e-06,,30,0.0165605,0.0718603,0.0159774,6.29769e+06,0,0,0.742857,465,4,0,HOLD
2025-08-12 21:05:21 UTC,1h,NMR-USDT,BTC-USDT,9.152,120041.8,7.62401097e-05,,30,0.0190402,0.0779741,0.0125109,4.18197e+06,0,0,0.742857,465,4,0,HOLD
2025-08-12 21:05:21 UTC,1h,NOT-USDT,BTC-USDT,0.00221,120041.8,1.841025376e-08,,30,-0.00540054,0.03416,0.0162896,5.51647e+06,0,0,0.742857,465,4,0,HOLD
2025-08-12 21:05:21 UTC,1h,NTRN-USDT,BTC-USDT,0.09876,120041.8,8.227134215e-07,,30,0.0537772,0.136217,0.0254224,2.17463e+06,0,0,0.742857,465,4,0,HOLD
2025-08-12 21:05:21 UTC,1h,NVDAX-USDT,BTC-USDT,182.74,120041.8,0.001522303064,,30,0.00290873,0.00722042,0.00560124,6.24377e+06,0,0,0.742857,465,4,0,HOLD
2025-08-12 21:05:21 UTC,1h,NXPC-USDT,BTC-USDT,0.94179,120041.8,7.845517145e-06,,30,0.0246649,0.0585121,0.00954338,6.36552e+06,0,0,0.742857,465,4,0,HOLD
2025-08-12 21:05:21 UTC,1h,OBOL-USDT,BTC-USDT,0.13512,120041.8,1.125607913e-06,,30,0.0134253,0.0744275,0.0180686,6.34301e+06,0,0,0.742857,465,4,0,HOLD
2025-08-12 21:05:21 UTC,1h,OG-USDT,BTC-USDT,13.3188,120041.8,0.0001109513519,,30,-0.0580964,0.0192543,0.0331513,8.69123e+06,0,0,0.742857,465,4,0,HOLD
2025-08-12 21:05:21 UTC,1h,OL-USDT,BTC-USDT,0.04109,120041.8,3.422974331e-07,,30,-0.0320377,0.0533197,0.023711,1.61039e+06,0,0,0.742857,465,4,0,HOLD
2025-08-12 21:05:21 UTC,1h,OM-USDT,BTC-USDT,0.27829,120041.8,2.318275801e-06,,30,0.00913805,0.0713763,0.0144685,8.35686e+06,0,0,0.742857,465,4,0,HOLD
2025-08-12 21:05:21 UTC,1h,OMNINETWORK-USDT,BTC-USDT,4.426,120041.8,3.687049011e-05,,30,0.0195807,0.044607,0.0142341,1.4168e+06,0,0,0.742857,465,4,0,HOLD
2025-08-12 21:05:21 UTC,1h,ONDO-USDT,BTC-USDT,1.0509,120041.8,8.754450533e-06,,30,0.0078642,0.0710355,0.0161902,1.94172e+07,0,0,0.742857,465,4,0,HOLD
2025-08-12 21:05:21 UTC,1h,ONE-USDT,BTC-USDT,0.0114,120041.8,9.496691986e-08,,30,0.0224215,0.0785241,0.0158521,2.03489e+06,0,0,0.742857,465,4,0,HOLD
2025-08-12 21:05:21 UTC,1h,ONG-USDT,BTC-USDT,0.18176,120041.8,1.514139241e-06,,30,0.021755,0.0631727,0.0102686,266043,0,0,0.742857,465,4,0,HOLD
2025-08-12 21:05:21 UTC,1h,ONT-USDT,BTC-USDT,0.1458,120041.8,1.214576922e-06,,30,0.026038,0.0752212,0.0129336,1.88206e+06,0,0,0.742857,465,4,0,HOLD
2025-08-12 21:05:21 UTC,1h,OP-USDT,BTC-USDT,0.7921,120041.8,6.598534844e-06,,30,0.0130451,0.0619386,0.0157989,1.49246e+07,0,0,0.742857,465,4,0,HOLD
2025-08-12 21:05:21 UTC,1h,ORCA-USDT,BTC-USDT,2.624,120041.8,2.185905243e-05,,30,0.0166602,0.0542387,0.0155161,7.21691e+06,0,0,0.742857,465,4,0,HOLD
2025-08-12 21:05:21 UTC,1h,ORDER-USDT,BTC-USDT,0.1245,120041.8,1.03713873e-06,,30,0.028076,0.057774,0.0187034,436762,0,0,0.742857,465,4,0,HOLD
2025-08-12 21:05:21 UTC,1h,ORDI-USDT,BTC-USDT,10.35,120041.8,8.621996671e-05,,30,0.0247525,0.0913117,0.0181435,6.98904e+06,0,0,0.742857,465,4,0,HOLD
2025-08-12 21:05:21 UTC,1h,OXT-USDT,BTC-USDT,0.05754,120041.8,4.793330323e-07,,30,0.0350783,0.0590834,0.0110358,1.89605e+06,0,0,0.742857,465,4,0,HOLD
2025-08-12 21:05:21 UTC,1h,PARTI-USDT,BTC-USDT,0.1974,120041.8,1.644427191e-06,,30,0.013347,0.0798687,0.0192503,6.45475e+06,0,0,0.742857,465,4,0,HOLD
2025-08-12 21:05:21 UTC,1h,PAXG-USDT,BTC-USDT,3343.51,120041.8,0.02785288125,,30,-0.000750145,-0.000499226,0.00216325,7.0097e+06,0,0,0.742857,465,4,0,HOLD
2025-08-12 21:05:21 UTC,1h,PENDLE-USDT,BTC-USDT,5.6555,120041.8,4.711275572e-05,,30,-0.000777399,0.05295,0.0196092,1.39093e+07,0,0,0.742857,465,4,0,HOLD
2025-08-12 21:05:21 UTC,1h,PENGU-USDT,BTC-USDT,0.037388,120041.8,3.114581754e-07,,30,0.00825198,0.0764713,0.0199415,2.88799e+07,0,0,0.742857,465,4,0,HOLD
2025-08-12 21:05:21 UTC,1h,PEOPLE-USDT,BTC-USDT,0.02077,120041.8,1.730230636e-07,,30,0.023657,0.100106,0.0184332,5.74249e+06,0,0,0.742857,465,4,0,HOLD
2025-08-12 21:05:21 UTC,1h,PERP-USDT,BTC-USDT,0.3048,120041.8,2.539115541e-06,,30,0.0467033,0.10275,0.0154903,2.01491e+06,0,0,0.742857,465,4,0,HOLD
2025-08-12 21:05:21 UTC,1h,PHA-USDT,BTC-USDT,0.11334,120041.8,9.441711137e-07,,30,0.0270956,0.0796342,0.0135685,413497,0,0,0.742857,465,4,0,HOLD
2025-08-12 21:05:21 UTC,1h,PHB-USDT,BTC-USDT,0.6113,120041.8,5.092392817e-06,,30,0.0142691,0.0703905,0.0159379,2.01156e+06,0,0,0.742857,465,4,0,HOLD
2025-08-12 21:05:21 UTC,1h,PI-USDT,BTC-USDT,0.3903,120041.8,3.25136744e-06,,30,0.0137662,0.0330863,0.0112734,8.94959e+06,0,0,0.742857,465,4,0,HOLD
2025-08-12 21:05:21 UTC,1h,PIXEL-USDT,BTC-USDT,0.03681,120041.8,3.06643186e-07,,30,0.0199501,0.0797888,0.0171537,432930,0,0,0.742857,465,4,0,HOLD
2025-08-12 21:05:21 UTC,1h,PLAYSOUT-USDT,BTC-USDT,0.04602,120041.8,3.833664607e-07,,30,-0.0890736,-0.0212675,0.0405103,6.63987e+06,0,0,0.742857,465,4,0,HOLD
2025-08-12 21:05:21 UTC,1h,PLUME-USDT,BTC-USDT,0.09943,120041.8,8.282948106e-07,,30,0.0325026,0.100985,0.0171334,6.41901e+06,0,0,0.742857,465,4,0,HOLD
2025-08-12 21:05:21 UTC,1h,PNUT-USDT,BTC-USDT,0.25738,120041.8,2.144086477e-06,,30,0.0205797,0.0901775,0.0164126,8.12859e+06,0,0,0.742857,465,4,0,HOLD
2025-08-12 21:05:21 UTC,1h,POL-USDT,BTC-USDT,0.24894,120041.8,2.073777634e-06,,30,0.0222569,0.0658047,0.012932,7.69954e+06,0,0,0.742857,465,4,0,HOLD
2025-08-12 21:05:21 UTC,1h,POLYX-USDT,BTC-USDT,0.14742,120041.8,1.228072222e-06,,30,0.0161991,0.0612627,0.00998605,1.91248e+06,0,0,0.742857,465,4,0,HOLD
2025-08-12 21:05:21 UTC,1h,PONKE-USDT,BTC-USDT,0.12481,120041.8,1.039721164e-06,,30,0.0577119,0.12482,0.0208145,6.36083e+06,0,0,0.742857,465,4,0,HOLD
2025-08-12 21:05:21 UTC,1h,POPCAT-USDT,BTC-USDT,0.3341,120041.8,2.783197186e-06,,30,0.0398382,0.105194,0.019947,9.2806e+06,0,0,0.742857,465,4,0,HOLD
2025-08-12 21:05:21 UTC,1h,PORT3-USDT,BTC-USDT,0.04607,120041.8,3.837829823e-07,,30,0.0244608,0.0235503,0.0306676,9.97852e+06,0,0,0.742857,465,4,0,HOLD
2025-08-12 21:05:21 UTC,1h,PORTAL-USDT,BTC-USDT,0.05136,120041.8,4.278509652e-07,,30,0.0102282,0.0552702,0.0185386,760263,0,0,0.742857,465,4,0,HOLD
2025-08-12 21:05:21 UTC,1h,POWR-USDT,BTC-USDT,0.1803,120041.8,1.501976811e-06,,30,0.0238501,0.068128,0.0110134,1.90162e+06,0,0,0.742857,465,4,0,HOLD
2025-08-12 21:05:21 UTC,1h,PRCL-USDT,BTC-USDT,0.0917,120041.8,7.639005746e-07,,30,0.00218579,0.0675204,0.0182271,6.27422e+06,0,0,0.742857,465,4,0,HOLD
2025-08-12 21:05:21 UTC,1h,PROM-USDT,BTC-USDT,10.069,120041.8,8.387911544e-05,,30,-0.01381,-0.00326668,0.0249138,6.03597e+06,0,0,0.742857,465,4,0,HOLD
2025-08-12 21:05:21 UTC,1h,PROMPT-USDT,BTC-USDT,0.12787,120041.8,1.065212284e-06,,30,0.0125109,0.0593157,0.0157079,6.3276e+06,0,0,0.742857,465,4,0,HOLD
2025-08-12 21:05:21 UTC,1h,PROVE-USDT,BTC-USDT,1.4711,120041.8,1.225489788e-05,,30,-0.00237353,-0.0328074,0.0314148,3.94444e+07,0,0,0.742857,465,4,0,HOLD
2025-08-12 21:05:21 UTC,1h,PUFFER-USDT,BTC-USDT,0.2365,120041.8,1.970147065e-06,,30,-0.00253058,0.0672383,0.0209,655209,0,0,0.742857,465,4,0,HOLD
2025-08-12 21:05:21 UTC,1h,PUMP-USDT,BTC-USDT,0.004068,120041.8,3.388819561e-08,,30,0.0909091,0.178789,0.0283748,5.02896e+07,0,0,0.742857,465,4,0,HOLD
2025-08-12 21:05:21 UTC,1h,PUMPBTC-USDT,BTC-USDT,0.04295,120041.8,3.577920358e-07,,30,0.0158467,0.0534707,0.0189423,3.20602e+06,0,0,0.742857,465,4,0,HOLD
2025-08-12 21:05:21 UTC,1h,PUNDIX-USDT,BTC-USDT,0.322,120041.8,2.682398964e-06,,30,0.0180209,0.0547003,0.0112245,6.2447e+06,0,0,0.742857,465,4,0,HOLD
2025-08-12 21:05:21 UTC,1h,PYTH-USDT,BTC-USDT,0.1303,120041.8,1.085455233e-06,,30,0.0268737,0.0922961,0.0156233,2.35296e+06,0,0,0.742857,465,4,0,HOLD
2025-08-12 21:05:21 UTC,1h,QNT-USDT,BTC-USDT,114.44,120041.8,0.0009533345885,,30,0.00210158,0.0434941,0.00964323,2.31898e+06,0,0,0.742857,465,4,0,HOLD
2025-08-12 21:05:21 UTC,1h,QUICK-USDT,BTC-USDT,0.02476,120041.8,2.062614856e-07,,30,0.01893,0.0704712,0.0145684,1.88693e+06,0,0,0.742857,465,4,0,HOLD
2025-08-12 21:05:21 UTC,1h,RARE-USDT,BTC-USDT,0.06072,120041.8,5.058238047e-07,,30,0.0061309,0.0483425,0.0119518,9.13446e+06,0,0,0.742857,465,4,0,HOLD
2025-08-12 21:05:21 UTC,1h,RATS-USDT,BTC-USDT,1.748e-05,120041.8,1.456159438e-10,,30,0.0228204,0.083695,0.0150785,2.37044e+06,0,0,0.742857,465,4,0,HOLD
2025-08-12 21:05:21 UTC,1h,RAY-USDT,BTC-USDT,3.3133,120041.8,2.760121891e-05,,30,0.0265204,0.0909061,0.0186844,2.02412e+06,0,0,0.742857,465,4,0,HOLD
2025-08-12 21:05:21 UTC,1h,RDO-USDT,BTC-USDT,0.000897,120041.8,7.472397115e-09,,30,0.125471,0.199198,0.0440357,1.31705e+06,0,0,0.742857,465,4,0,HOLD
2025-08-12 21:05:21 UTC,1h,REDSTONE-USDT,BTC-USDT,0.4237,120041.8,3.529603855e-06,,30,-0.00679794,0.0415438,0.0177181,6.30572e+06,0,0,0.742857,465,4,0,HOLD
2025-08-12 21:05:21 UTC,1h,RENDER-USDT,BTC-USDT,4.097,120041.8,3.412977813e-05,,30,0.0403758,0.0989807,0.0151505,6.13435e+06,0,0,0.742857,465,4,0,HOLD
2025-08-12 21:05:21 UTC,1h,RESOLV-USDT,BTC-USDT,0.19008,120041.8,1.583448432e-06,,30,0.0121406,0.0633251,0.0193415,7.18931e+06,0,0,0.742857,465,4,0,HOLD
2025-08-12 21:05:21 UTC,1h,REX-USDT,BTC-USDT,0.02008,120041.8,1.672750659e-07,,30,-0.0108374,0.00752634,0.0283153,6.66041e+06,0,0,0.742857,465,4,0,HOLD
2025-08-12 21:05:21 UTC,1h,REZ-USDT,BTC-USDT,0.01517,120041.8,1.263726469e-07,,30,0.0215488,0.0615815,0.023166,6.53878e+06,0,0,0.742857,465,4,0,HOLD
2025-08-12 21:05:21 UTC,1h,RFC-USDT,BTC-USDT,0.00847,120041.8,7.055875537e-08,,30,0.0627353,0.0640704,0.0195649,298817,0,0,0.742857,465,4,0,HOLD
2025-08-12 21:05:21 UTC,1h,RHEA-USDT,BTC-USDT,0.06756,120041.8,5.628039566e-07,,30,0.0171635,0.0562852,0.0266218,6.37946e+06,0,0,0.742857,465,4,0,HOLD
2025-08-12 21:05:21 UTC,1h,RLC-USDT,BTC-USDT,1.0485,120041.8,8.734457497e-06,,30,0.0156931,0.0954968,0.0168472,387055,0,0,0.742857,465,4,0,HOLD
2025-08-12 21:05:21 UTC,1h,ROAM-USDT,BTC-USDT,0.0827,120041.8,6.889266905e-07,,30,0.00242424,0.0350438,0.0105372,402906,0,0,0.742857,465,4,0,HOLD
2025-08-12 21:05:21 UTC,1h,ROSE-USDT,BTC-USDT,0.02923,120041.8,2.434985147e-07,,30,0.0188219,0.0797931,0.0158106,2.26447e+06,0,0,0.742857,465,4,0,HOLD
2025-08-12 21:05:21 UTC,1h,RPL-USDT,BTC-USDT,8.94,120041.8,7.44740582e-05,,30,0.0217143,0.0941133,0.0240093,6.41929e+06,0,0,0.742857,465,4,0,HOLD
2025-08-12 21:05:21 UTC,1h,RSR-USDT,BTC-USDT,0.00966,120041.8,8.047196893e-08,,30,-0.00586601,0.0729757,0.021399,2.52899e+06,0,0,0.742857,465,4,0,HOLD
2025-08-12 21:05:21 UTC,1h,RUNE-USDT,BTC-USDT,1.471,120041.8,1.225406483e-05,,30,0.0172891,0.0840088,0.0150044,5.85509e+06,0,0,0.742857,465,4,0,HOLD
2025-08-12 21:05:21 UTC,1h,RVN-USDT,BTC-USDT,0.01468,120041.8,1.222907354e-07,,30,0.0138122,0.0676364,0.0133807,723500,0,0,0.742857,465,4,0,HOLD
2025-08-12 21:05:21 UTC,1h,S-USDT,BTC-USDT,0.3164,120041.8,2.635748548e-06,,30,0.0111857,0.062458,0.0160963,7.01625e+06,0,0,0.742857,465,4,0,HOLD
2025-08-12 21:05:21 UTC,1h,SAFE-USDT,BTC-USDT,0.4548,120041.8,3.788680276e-06,,30,0.0174497,0.0510746,0.0116535,6.29845e+06,0,0,0.742857,465,4,0,HOLD
2025-08-12 21:05:21 UTC,1h,SAGA-USDT,BTC-USDT,0.2807,120041.8,2.338352141e-06,,30,0.0188748,0.0842024,0.0184488,3.28471e+06,0,0,0.742857,465,4,0,HOLD
2025-08-12 21:05:21 UTC,1h,SAHARA-USDT,BTC-USDT,0.09632,120041.8,8.023871685e-07,,30,0.0049035,0.0443457,0.0152394,7.96062e+06,0,0,0.742857,465,4,0,HOLD
2025-08-12 21:05:21 UTC,1h,SAND-USDT,BTC-USDT,0.30254,120041.8,2.520288766e-06,,30,0.0261507,0.0766165,0.0126406,2.81844e+06,0,0,0.742857,465,4,0,HOLD
2025-08-12 21:05:21 UTC,1h,SANTOS-USDT,BTC-USDT,2.866,120041.8,2.387501687e-05,,30,0.0112915,0.0239371,0.0202871,6.65937e+06,0,0,0.742857,465,4,0,HOLD
2025-08-12 21:05:21 UTC,1h,SCR-USDT,BTC-USDT,0.3775,120041.8,3.144737916e-06,,30,0.0266522,0.126529,0.0376348,3.11089e+06,0,0,0.742857,465,4,0,HOLD
2025-08-12 21:05:21 UTC,1h,SEI-USDT,BTC-USDT,0.3273,120041.8,2.726550252e-06,,30,0.0282752,0.0823413,0.0160185,1.37339e+07,0,0,0.742857,465,4,0,HOLD
2025-08-12 21:05:21 UTC,1h,SERAPH-USDT,BTC-USDT,0.15106,120041.8,1.258394992e-06,,30,-0.00158625,-0.000991998,0.0112869,396450,0,0,0.742857,465,4,0,HOLD
2025-08-12 21:05:21 UTC,1h,SFP-USDT,BTC-USDT,0.5259,120041.8,4.380973961e-06,,30,0.0209668,0.0645749,0.00979274,523846,0,0,0.742857,465,4,0,HOLD
2025-08-12 21:05:21 UTC,1h,SHELL-USDT,BTC-USDT,0.1731,120041.8,1.441997704e-06,,30,-0.00859107,0.0309708,0.0314022,6.60973e+06,0,0,0.742857,465,4,0,HOLD
2025-08-12 21:05:21 UTC,1h,SHIB-USDT,BTC-USDT,1.3681e-05,120041.8,1.139686343e-10,,30,0.0194486,0.0630148,0.0125043,9.06658e+06,0,0,0.742857,465,4,0,HOLD
2025-08-12 21:05:21 UTC,1h,SIDEKICK-USDT,BTC-USDT,0.2337,120041.8,1.946821857e-06,,30,0.0313327,0.0839518,0.0639403,6.62695e+06,0,0,0.742857,465,4,0,HOLD
2025-08-12 21:05:21 UTC,1h,SIGN-USDT,BTC-USDT,0.07051,120041.8,5.873787297e-07,,30,0.011331,0.0349332,0.00875256,6.32691e+06,0,0,0.742857,465,4,0,HOLD
2025-08-12 21:05:21 UTC,1h,SIREN-USDT,BTC-USDT,0.09211,120041.8,7.673160516e-07,,30,-0.0368085,-0.0299105,0.0224886,2.20967e+06,0,0,0.742857,465,4,0,HOLD
2025-08-12 21:05:21 UTC,1h,SKATE-USDT,BTC-USDT,0.04646,120041.8,3.870318506e-07,,30,-0.00726496,0.00934173,0.0157586,6.36819e+06,0,0,0.742857,465,4,0,HOLD
2025-08-12 21:05:21 UTC,1h,SKL-USDT,BTC-USDT,0.02278,120041.8,1.897672311e-07,,30,0.0654818,0.126607,0.0206321,2.14526e+06,0,0,0.742857,465,4,0,HOLD
2025-08-12 21:05:21 UTC,1h,SKYAI-USDT,BTC-USDT,0.06694,120041.8,5.576390891e-07,,30,-0.0229164,-0.0141384,0.0106385,6.28057e+06,0,0,0.742857,465,4,0,HOLD
2025-08-12 21:05:21 UTC,1h,SLERF-USDT,BTC-USDT,0.08138,120041.8,6.779305209e-07,,30,0.0556492,0.0966177,0.0146842,1.94742e+06,0,0,0.742857,465,4,0,HOLD
2025-08-12 21:05:21 UTC,1h,SLP-USDT,BTC-USDT,0.002028,120041.8,1.689411522e-08,,30,0.0196078,0.0730159,0.0152156,1.94679e+06,0,0,0.742857,465,4,0,HOLD
2025-08-12 21:05:21 UTC,1h,SNT-USDT,BTC-USDT,0.02867,120041.8,2.38833473e-07,,30,0.0127164,0.0395214,0.00864517,1.88698e+06,0,0,0.742857,465,4,0,HOLD
2025-08-12 21:05:21 UTC,1h,SNX-USDT,BTC-USDT,0.696,120041.8,5.79798037e-06,,30,0.0265487,0.0807453,0.0136494,2.15845e+06,0,0,0.742857,465,4,0,HOLD
2025-08-12 21:05:21 UTC,1h,SOL-USDT,BTC-USDT,191.287,120041.8,0.001593503263,,30,0.0532323,0.0965776,0.0126881,5.86692e+08,0,0,0.742857,465,4,0,HOLD
2025-08-12 21:05:21 UTC,1h,SOLV-USDT,BTC-USDT,0.04234,120041.8,3.527104725e-07,,30,-0.00750117,-0.023524,0.0149808,6.28797e+06,0,0,0.742857,465,4,0,HOLD
2025-08-12 21:05:21 UTC,1h,SONIC-USDT,BTC-USDT,0.2154,120041.8,1.794374959e-06,,30,0.0112676,0.0436047,0.0126675,690516,0,0,0.742857,465,4,0,HOLD
2025-08-12 21:05:21 UTC,1h,SOON-USDT,BTC-USDT,0.45366,120041.8,3.779183584e-06,,30,0.0254289,0.0831085,0.0510845,6.41588e+07,0,0,0.742857,465,4,0,HOLD
2025-08-12 21:05:21 UTC,1h,SOPH-USDT,BTC-USDT,0.039928,120041.8,3.326174716e-07,,30,0.028648,0.0660259,0.0152203,6.92176e+06,0,0,0.742857,465,4,0,HOLD
2025-08-12 21:05:21 UTC,1h,SPK-USDT,BTC-USDT,0.09201,120041.8,7.664830084e-07,,30,-0.117156,-0.0605473,0.0333426,1.49801e+07,0,0,0.742857,465,4,0,HOLD
2025-08-12 21:05:21 UTC,1h,SPX-USDT,BTC-USDT,1.8128,120041.8,1.510140634e-05,,30,0.0140971,0.0636625,0.0228455,9.66758e+06,0,0,0.742857,465,4,0,HOLD
2025-08-12 21:05:21 UTC,1h,SQD-USDT,BTC-USDT,0.14765,120041.8,1.229988221e-06,,30,0.0215165,-0.00739496,0.0202554,6.29639e+06,0,0,0.742857,465,4,0,HOLD
2025-08-12 21:05:21 UTC,1h,SSV-USDT,BTC-USDT,10.695,120041.8,8.90939656e-05,,30,0.00915267,0.0640732,0.0211581,2.28801e+06,0,0,0.742857,465,4,0,HOLD
2025-08-12 21:05:21 UTC,1h,STG-USDT,BTC-USDT,0.1919,120041.8,1.598609818e-06,,30,0.0121308,0.0708705,0.0135487,1.1742e+06,0,0,0.742857,465,4,0,HOLD
2025-08-12 21:05:21 UTC,1h,STO-USDT,BTC-USDT,0.10012,120041.8,8.340428084e-07,,30,-0.0164063,0.110593,0.0290295,6.43684e+06,0,0,0.742857,465,4,0,HOLD
2025-08-12 21:05:21 UTC,1h,STORJ-USDT,BTC-USDT,0.2828,120041.8,2.355846047e-06,,30,0.0220455,0.0627584,0.0126036,4.559e+06,0,0,0.742857,465,4,0,HOLD
2025-08-12 21:05:21 UTC,1h,STRK-USDT,BTC-USDT,0.1399,120041.8,1.165427376e-06,,30,0.0339985,0.104183,0.0174104,7.21035e+06,0,0,0.742857,465,4,0,HOLD
2025-08-12 21:05:21 UTC,1h,STX-USDT,BTC-USDT,0.7608,120041.8,6.337792336e-06,,30,0.0288032,0.0739695,0.0134445,9.7945e+06,0,0,0.742857,465,4,0,HOLD
2025-08-12 21:05:21 UTC,1h,SUI-USDT,BTC-USDT,3.9065,120041.8,3.254283091e-05,,30,0.026163,0.0736567,0.0138304,7.165e+07,0,0,0.742857,465,4,0,HOLD
2025-08-12 21:05:21 UTC,1h,SUN-USDT,BTC-USDT,0.022936,120041.8,1.910667784e-07,,30,0.00402732,0.0222856,0.00758944,2.24795e+06,0,0,0.742857,465,4,0,HOLD
2025-08-12 21:05:21 UTC,1h,SUPER-USDT,BTC-USDT,0.7948,120041.8,6.621027009e-06,,30,0.0193664,0.0763814,0.0142623,2.12249e+06,0,0,0.742857,465,4,0,HOLD
2025-08-12 21:05:21 UTC,1h,SUSHI-USDT,BTC-USDT,0.8826,120041.8,7.3524389e-06,,30,0.0296314,0.0920564,0.0161617,3.65657e+06,0,0,0.742857,465,4,0,HOLD
2025-08-12 21:05:21 UTC,1h,SWARMS-USDT,BTC-USDT,0.02585,120041.8,2.15341656e-07,,30,0,0.0563956,0.0276319,9.55779e+06,0,0,0.742857,465,4,0,HOLD
2025-08-12 21:05:21 UTC,1h,SWELL-USDT,BTC-USDT,0.0111,120041.8,9.246779039e-08,,30,-0.0106952,0.0946746,0.0337194,1.27132e+06,0,0,0.742857,465,4,0,HOLD
2025-08-12 21:05:21 UTC,1h,SXP-USDT,BTC-USDT,0.1916,120041.8,1.596110688e-06,,30,0.0202343,0.0585635,0.0106621,1.922e+06,0,0,0.742857,465,4,0,HOLD
2025-08-12 21:05:21 UTC,1h,SXT-USDT,BTC-USDT,0.08905,120041.8,7.41824931e-07,,30,0.0218015,0.0569733,0.0163311,6.25676e+06,0,0,0.742857,465,4,0,HOLD
2025-08-12 21:05:21 UTC,1h,SYN-USDT,BTC-USDT,0.1476,120041.8,1.229571699e-06,,30,0.0151307,0.0805271,0.0170345,4.00724e+06,0,0,0.742857,465,4,0,HOLD
2025-08-12 21:05:21 UTC,1h,SYRUP-USDT,BTC-USDT,0.48022,120041.8,4.000439847e-06,,30,-0.00462224,0.0253005,0.0165267,6.95157e+06,0,0,0.742857,465,4,0,HOLD
2025-08-12 21:05:21 UTC,1h,TA-USDT,BTC-USDT,0.062,120041.8,5.164867571e-07,,30,-0.0189873,0.0127409,0.0213479,6.31734e+06,0,0,0.742857,465,4,0,HOLD
2025-08-12 21:05:21 UTC,1h,TAC-USDT,BTC-USDT,0.01433,120041.8,1.193750843e-07,,30,0,-0.0083045,0.0393281,7.75087e+06,0,0,0.742857,465,4,0,HOLD
2025-08-12 21:05:21 UTC,1h,TAG-USDT,BTC-USDT,0.0011957,120041.8,9.960697024e-09,,30,-0.0475546,0.00419921,0.0319956,7.57126e+06,0,0,0.742857,465,4,0,HOLD
2025-08-12 21:05:21 UTC,1h,TAI-USDT,BTC-USDT,0.07245,120041.8,6.03539767e-07,,30,-0.00929851,0.0547387,0.0257813,6.30647e+06,0,0,0.742857,465,4,0,HOLD
2025-08-12 21:05:21 UTC,1h,TAIKO-USDT,BTC-USDT,0.4833,120041.8,4.026097576e-06,,30,0.010665,0.0568555,0.0112766,6.27294e+06,0,0,0.742857,465,4,0,HOLD
2025-08-12 21:05:21 UTC,1h,TANSSI-USDT,BTC-USDT,0.0583,120041.8,4.856641603e-07,,30,0.0144423,0.0390305,0.0206935,6.40534e+06,0,0,0.742857,465,4,0,HOLD
2025-08-12 21:05:21 UTC,1h,TAO-USDT,BTC-USDT,397.91,120041.8,0.003314762025,,30,0.0472694,0.0991989,0.0145959,1.42468e+07,0,0,0.742857,465,4,0,HOLD
2025-08-12 21:05:21 UTC,1h,THE-USDT,BTC-USDT,0.3991,120041.8,3.324675238e-06,,30,0.045038,0.102791,0.0187028,6.45359e+06,0,0,0.742857,465,4,0,HOLD
2025-08-12 21:05:21 UTC,1h,THETA-USDT,BTC-USDT,0.8932,120041.8,7.440741475e-06,,30,0.0216173,0.0808325,0.0152581,3.17516e+06,0,0,0.742857,465,4,0,HOLD
2025-08-12 21:05:21 UTC,1h,TIA-USDT,BTC-USDT,1.8724,120041.8,1.559790006e-05,,30,0.0280004,0.0939472,0.0157476,1.07246e+07,0,0,0.742857,465,4,0,HOLD
2025-08-12 21:05:21 UTC,1h,TLM-USDT,BTC-USDT,0.005233,120041.8,4.359314839e-08,,30,0.0244714,0.0832126,0.0144413,3.5369e+06,0,0,0.742857,465,4,0,HOLD
2025-08-12 21:05:21 UTC,1h,TNSR-USDT,BTC-USDT,0.1426,120041.8,1.187919541e-06,,30,0.0236899,0.0819423,0.0156782,6.32984e+06,0,0,0.742857,465,4,0,HOLD
2025-08-12 21:05:21 UTC,1h,TOKEN-USDT,BTC-USDT,0.01687,120041.8,1.405343805e-07,,30,0.0324357,0.0670462,0.0162164,5.76733e+06,0,0,0.742857,465,4,0,HOLD
2025-08-12 21:05:21 UTC,1h,TONCOIN-USDT,BTC-USDT,3.52,120041.8,2.932311911e-05,,30,0.0274372,0.042654,0.0109984,8.17437e+06,0,0,0.742857,465,4,0,HOLD
2025-08-12 21:05:21 UTC,1h,TOSHI-USDT,BTC-USDT,0.0008,120041.8,6.664345253e-09,,30,-0.017199,0.0596026,0.0305357,6.60388e+06,0,0,0.742857,465,4,0,HOLD
2025-08-12 21:05:21 UTC,1h,TOWNS-USDT,BTC-USDT,0.03279,120041.8,2.731548511e-07,,30,0.0107891,0.0666884,0.0221758,7.89174e+06,0,0,0.742857,465,4,0,HOLD
2025-08-12 21:05:21 UTC,1h,TRB-USDT,BTC-USDT,40.183,120041.8,0.0003347417316,,30,0.0318414,0.0952628,0.0133692,5.3037e+06,0,0,0.742857,465,4,0,HOLD
2025-08-12 21:05:21 UTC,1h,TREE-USDT,BTC-USDT,0.4291,120041.8,3.574588185e-06,,30,0.0110745,0.0860542,0.0193095,8.01706e+06,0,0,0.742857,465,4,0,HOLD
2025-08-12 21:05:21 UTC,1h,TRU-USDT,BTC-USDT,0.03382,120041.8,2.817351956e-07,,30,0.0214437,0.070931,0.0184802,1.95705e+06,0,0,0.742857,465,4,0,HOLD
2025-08-12 21:05:21 UTC,1h,TRUMP-USDT,BTC-USDT,9.228,120041.8,7.687322249e-05,,30,0.0218138,0.0525836,0.0108753,8.29256e+06,0,0,0.742857,465,4,0,HOLD
2025-08-12 21:05:21 UTC,1h,TRX-USDT,BTC-USDT,0.35272,120041.8,2.938309822e-06,,30,0.00990666,0.0170117,0.00466173,1.3913e+07,0,0,0.742857,465,4,0,HOLD
2025-08-12 21:05:21 UTC,1h,TST-USDT,BTC-USDT,0.02727,120041.8,2.271708688e-07,,30,0.0267319,0.0464313,0.020483,8.51876e+06,0,0,0.742857,465,4,0,HOLD
2025-08-12 21:05:21 UTC,1h,TURBO-USDT,BTC-USDT,0.0049536,120041.8,4.126562581e-08,,30,0.0183373,0.0853399,0.0166026,6.45849e+06,0,0,0.742857,465,4,0,HOLD
2025-08-12 21:05:21 UTC,1h,TUT-USDT,BTC-USDT,0.05955,120041.8,4.960771998e-07,,30,-0.0181369,-0.00284662,0.00555356,1.90951e+06,0,0,0.742857,465,4,0,HOLD
2025-08-12 21:05:21 UTC,1h,TWT-USDT,BTC-USDT,0.7978,120041.8,6.646018304e-06,,30,0.0224273,0.0519515,0.00859507,2.03526e+06,0,0,0.742857,465,4,0,HOLD
2025-08-12 21:05:21 UTC,1h,UMA-USDT,BTC-USDT,1.357,120041.8,1.130439564e-05,,30,-0.0941255,0.0626468,0.039741,6.25906e+06,0,0,0.742857,465,4,0,HOLD
2025-08-12 21:05:21 UTC,1h,UNI-USDT,BTC-USDT,11.591,120041.8,9.655803229e-05,,30,0.0213235,0.0574765,0.0167186,4.07894e+07,0,0,0.742857,465,4,0,HOLD
2025-08-12 21:05:21 UTC,1h,USELESS-USDT,BTC-USDT,0.2225,120041.8,1.853521024e-06,,30,0.00135014,0.0821984,0.0400642,6.98587e+06,0,0,0.742857,465,4,0,HOLD
2025-08-12 21:05:21 UTC,1h,USTC-USDT,BTC-USDT,0.014556,120041.8,1.212577619e-07,,30,-0.00675537,0.0103422,0.0197268,2.28715e+06,0,0,0.742857,465,4,0,HOLD
2025-08-12 21:05:21 UTC,1h,USUAL-USDT,BTC-USDT,0.07978,120041.8,6.646018304e-07,,30,0.0265054,0.0816161,0.0184525,2.15181e+06,0,0,0.742857,465,4,0,HOLD
2025-08-12 21:05:21 UTC,1h,UXLINK-USDT,BTC-USDT,0.3576,120041.8,2.978962328e-06,,30,0.0138928,0.0558016,0.013303,6.53388e+06,0,0,0.742857,465,4,0,HOLD
2025-08-12 21:05:21 UTC,1h,VANA-USDT,BTC-USDT,4.535,120041.8,3.777850715e-05,,30,0.015905,0.0578493,0.0123011,6.27146e+06,0,0,0.742857,465,4,0,HOLD
2025-08-12 21:05:21 UTC,1h,VANRY-USDT,BTC-USDT,0.0336,120041.8,2.799025006e-07,,30,0.0215871,0.103448,0.0175595,458308,0,0,0.742857,465,4,0,HOLD
2025-08-12 21:05:21 UTC,1h,VELODROME-USDT,BTC-USDT,0.0611,120041.8,5.089893687e-07,,30,0.0104184,0.0561798,0.0169862,559888,0,0,0.742857,465,4,0,HOLD
2025-08-12 21:05:21 UTC,1h,VELVET-USDT,BTC-USDT,0.06633,120041.8,5.525575258e-07,,30,-0.00822368,-0.00539811,0.0217742,6.31437e+06,0,0,0.742857,465,4,0,HOLD
2025-08-12 21:05:21 UTC,1h,VET-USDT,BTC-USDT,0.025819,120041.8,2.150834126e-07,,30,0.0257847,0.0703063,0.0120703,3.15712e+06,0,0,0.742857,465,4,0,HOLD
2025-08-12 21:05:21 UTC,1h,VIC-USDT,BTC-USDT,0.2687,120041.8,2.238386962e-06,,30,0.0201215,0.0574577,0.013451,6.38961e+06,0,0,0.742857,465,4,0,HOLD
2025-08-12 21:05:21 UTC,1h,VINE-USDT,BTC-USDT,0.06995,120041.8,5.827136881e-07,,30,0.0180469,0.0743357,0.0246911,1.85558e+07,0,0,0.742857,465,4,0,HOLD
2025-08-12 21:05:21 UTC,1h,VIRTUAL-USDT,BTC-USDT,1.3859,120041.8,1.154514511e-05,,30,0.0144196,0.0671441,0.017276,9.1854e+06,0,0,0.742857,465,4,0,HOLD
2025-08-12 21:05:21 UTC,1h,VOXEL-USDT,BTC-USDT,0.06137,120041.8,5.112385852e-07,,30,0.0085456,0.0704692,0.0156428,422635,0,0,0.742857,465,4,0,HOLD
2025-08-12 21:05:21 UTC,1h,VTHO-USDT,BTC-USDT,0.002008,120041.8,1.672750659e-08,,30,0.0187722,0.0692226,0.0123435,430265,0,0,0.742857,465,4,0,HOLD
2025-08-12 21:05:21 UTC,1h,VVV-USDT,BTC-USDT,2.971,120041.8,2.474971218e-05,,30,0.00985724,0.0690896,0.0176227,309261,0,0,0.742857,465,4,0,HOLD
2025-08-12 21:05:21 UTC,1h,W-USDT,BTC-USDT,0.08902,120041.8,7.41575018e-07,,30,0.0207545,0.0743423,0.0161039,6.87218e+06,0,0,0.742857,465,4,0,HOLD
2025-08-12 21:05:21 UTC,1h,WAL-USDT,BTC-USDT,0.4319,120041.8,3.597913394e-06,,30,0.0278439,0.0890066,0.0149836,6.45148e+06,0,0,0.742857,465,4,0,HOLD
2025-08-12 21:05:21 UTC,1h,WCT-USDT,BTC-USDT,0.3651,120041.8,3.041440565e-06,,30,0.11515,0.187703,0.0264702,9.61899e+06,0,0,0.742857,465,4,0,HOLD
2025-08-12 21:05:21 UTC,1h,WIF-USDT,BTC-USDT,0.9968,120041.8,8.303774185e-06,,30,0.0430051,0.10559,0.0184591,4.41589e+07,0,0,0.742857,465,4,0,HOLD
2025-08-12 21:05:21 UTC,1h,WLD-USDT,BTC-USDT,1.0718,120041.8,8.928556553e-06,,30,0.0327616,0.0940084,0.015448,1.61179e+07,0,0,0.742857,465,4,0,HOLD
2025-08-12 21:05:21 UTC,1h,WOO-USDT,BTC-USDT,0.08151,120041.8,6.79013477e-07,,30,0.0259283,0.0831894,0.0134953,2.12375e+06,0,0,0.742857,465,4,0,HOLD
2025-08-12 21:05:21 UTC,1h,X-USDT,BTC-USDT,5.643e-05,120041.8,4.700862533e-10,,30,0.00893975,0.0543722,0.0277082,6.58371e+06,0,0,0.742857,465,4,0,HOLD
2025-08-12 21:05:21 UTC,1h,XAI-USDT,BTC-USDT,0.05504,120041.8,4.585069534e-07,,30,0.0215293,0.0811236,0.0164945,1.99489e+06,0,0,0.742857,465,4,0,HOLD
2025-08-12 21:05:21 UTC,1h,XAUT-USDT,BTC-USDT,3347.4,120041.8,0.02788528663,,30,-0.000447908,0.00092695,0.00211251,7.17452e+06,0,0,0.742857,465,4,0,HOLD
2025-08-12 21:05:21 UTC,1h,XCN-USDT,BTC-USDT,0.01409,120041.8,1.173757808e-07,,30,0.0180636,0.0329912,0.00988543,1.90774e+06,0,0,0.742857,465,4,0,HOLD
2025-08-12 21:05:21 UTC,1h,XLM-USDT,BTC-USDT,0.45107,120041.8,3.757607767e-06,,30,0.0145524,0.0413473,0.0115677,1.68526e+07,0,0,0.742857,465,4,0,HOLD
2025-08-12 21:05:21 UTC,1h,XRP-USDT,BTC-USDT,3.2799,120041.8,2.732298249e-05,,30,0.0214257,0.0488967,0.00995675,1.89337e+08,0,0,0.742857,465,4,0,HOLD
2025-08-12 21:05:21 UTC,1h,YALA-USDT,BTC-USDT,0.2724,120041.8,2.269209559e-06,,30,0.0326005,0.0229065,0.0442364,8.47038e+06,0,0,0.742857,465,4,0,HOLD
2025-08-12 21:05:21 UTC,1h,YFI-USDT,BTC-USDT,5905,120041.8,0.0491911984,,30,0.0214496,0.055218,0.0102697,9.30352e+06,0,0,0.742857,465,4,0,HOLD
2025-08-12 21:05:21 UTC,1h,YGG-USDT,BTC-USDT,0.1738,120041.8,1.447829006e-06,,30,0.0217519,0.0768278,0.0148775,4.17254e+06,0,0,0.742857,465,4,0,HOLD
2025-08-12 21:05:21 UTC,1h,ZBCN-USDT,BTC-USDT,0.0050847,120041.8,4.235774539e-08,,30,0.0261549,0.0202251,0.0217052,6.41436e+06,0,0,0.742857,465,4,0,HOLD
2025-08-12 21:05:21 UTC,1h,ZEREBRO-USDT,BTC-USDT,0.02915,120041.8,2.428320802e-07,,30,0.0224483,0.0493161,0.0147513,1.42168e+06,0,0,0.742857,465,4,0,HOLD
2025-08-12 21:05:21 UTC,1h,ZETA-USDT,BTC-USDT,0.2084,120041.8,1.736061938e-06,,30,0.0190709,0.0681702,0.0126817,4.97967e+06,0,0,0.742857,465,4,0,HOLD
2025-08-12 21:05:21 UTC,1h,ZIL-USDT,BTC-USDT,0.01207,120041.8,1.00548309e-07,,30,0.0298635,0.0728889,0.0129601,2.23814e+06,0,0,0.742857,465,4,0,HOLD
2025-08-12 21:05:21 UTC,1h,ZK-USDT,BTC-USDT,0.06072,120041.8,5.058238047e-07,,30,0.0272374,0.0856428,0.0163632,6.54697e+06,0,0,0.742857,465,4,0,HOLD
2025-08-12 21:05:21 UTC,1h,ZKJ-USDT,BTC-USDT,0.2531,120041.8,2.108432229e-06,,30,0.00396668,0.0377204,0.0391714,7.83799e+06,0,0,0.742857,465,4,0,HOLD
2025-08-12 21:05:21 UTC,1h,ZORA-USDT,BTC-USDT,0.12383,120041.8,1.031557341e-06,,30,0.136994,0.0412007,0.0497629,2.15071e+07,0,0,0.742857,465,4,0,HOLD
2025-08-12 21:05:21 UTC,1h,ZRC-USDT,BTC-USDT,0.035,120041.8,2.915651048e-07,,30,0.0195165,0.0618932,0.0137347,6.39136e+06,0,0,0.742857,465,4,0,HOLD
2025-08-12 21:05:21 UTC,1h,ZRO-USDT,BTC-USDT,2.3102,120041.8,1.9244963e-05,,30,-0.0104515,0.0432623,0.0173269,1.23238e+07,0,0,0.742857,465,4,0,HOLD
2025-08-12 21:05:21 UTC,1h,ZRX-USDT,BTC-USDT,0.266,120041.8,2.215894797e-06,,30,0.0211132,0.0725806,0.0123792,1.93467e+06,0,0,0.742857,465,4,0,HOLD
2025-08-12 21:29:12 UTC,1h,1000000BABYDOGE-USDT,BTC-USDT,0.0013928,120069.4,1.159995802e-08,,30,0.0175336,0.0718793,0.01318,1.31457e+06,0,0,0.741573,465,4,0,HOLD
2025-08-12 21:29:12 UTC,1h,1000000BOB-USDT,BTC-USDT,0.0787,120069.4,6.554542623e-07,,30,-0.0226031,0.0275493,0.0294155,6.5118e+06,0,0,0.741573,465,4,0,HOLD
2025-08-12 21:29:12 UTC,1h,1000000MOG-USDT,BTC-USDT,1.4042,120069.4,1.169490311e-05,,30,-0.0345823,0.0310595,0.0292693,1.79932e+06,0,0,0.741573,465,4,0,HOLD
2025-08-12 21:29:12 UTC,1h,10000SATS-USDT,BTC-USDT,0.000424,120069.4,3.53129107e-09,,30,0.0241546,0.0761421,0.016004,2.27589e+06,0,0,0.741573,465,4,0,HOLD
2025-08-12 21:29:12 UTC,1h,10000WHY-USDT,BTC-USDT,0.0003336,120069.4,2.778393163e-09,,30,0.0142901,0.0480679,0.0206835,2.26711e+06,0,0,0.741573,465,4,0,HOLD
2025-08-12 21:29:12 UTC,1h,1000BONK-USDT,BTC-USDT,0.025895,120069.4,2.156669393e-07,,30,0.0185659,0.0757311,0.0189226,7.74934e+06,0,0,0.741573,465,4,0,HOLD
2025-08-12 21:29:12 UTC,1h,1000CAT-USDT,BTC-USDT,0.009492,120069.4,7.905428027e-08,,30,0.0143193,0.0733914,0.0161565,6.45574e+06,0,0,0.741573,465,4,0,HOLD
2025-08-12 21:29:12 UTC,1h,1000CHEEMS-USDT,BTC-USDT,0.0013267,120069.4,1.104944307e-08,,30,0.0160055,0.0212455,0.00906115,6.39706e+06,0,0,0.741573,465,4,0,HOLD
2025-08-12 21:29:12 UTC,1h,1000PEPE-USDT,BTC-USDT,0.0122507,120069.4,1.020301592e-07,,30,0.0244345,0.0931976,0.0182596,4.23045e+07,0,0,0.741573,465,4,0,HOLD
2025-08-12 21:29:12 UTC,1h,1000XEC-USDT,BTC-USDT,0.02213,120069.4,1.84310074e-07,,30,0.0202858,0.0518061,0.0114905,7.16339e+06,0,0,0.741573,465,4,0,HOLD
2025-08-12 21:29:12 UTC,1h,1INCH-USDT,BTC-USDT,0.2749,120069.4,2.289509234e-06,,30,0.0181481,0.0354049,0.0134594,6.4058e+06,0,0,0.741573,465,4,0,HOLD
2025-08-12 21:29:12 UTC,1h,A-USDT,BTC-USDT,0.549,120069.4,4.572355654e-06,,30,0.00874614,0.0403441,0.012031,6.48077e+06,0,0,0.741573,465,4,0,HOLD
2025-08-12 21:29:12 UTC,1h,A2Z-USDT,BTC-USDT,0.007258,120069.4,6.044837402e-08,,30,-0.0197191,0.00262467,0.016937,6.74002e+06,0,0,0.741573,465,4,0,HOLD
2025-08-12 21:29:12 UTC,1h,AAPLX-USDT,BTC-USDT,229.64,120069.4,0.001912560569,,30,-0.000174155,0.0131474,0.00629557,6.34012e+06,0,0,0.741573,465,4,0,HOLD
2025-08-12 21:29:12 UTC,1h,AAVE-USDT,BTC-USDT,316.79,120069.4,0.002638390797,,30,0.0115269,0.075505,0.0154857,6.9752e+07,0,0,0.741573,465,4,0,HOLD
2025-08-12 21:29:12 UTC,1h,ACE-USDT,BTC-USDT,0.591,120069.4,4.922153355e-06,,30,0.0109477,0.0714286,0.0145033,2.05727e+06,0,0,0.741573,465,4,0,HOLD
2025-08-12 21:29:12 UTC,1h,ACH-USDT,BTC-USDT,0.022905,120069.4,1.907646744e-07,,30,0.0117943,0.0673346,0.0134437,999792,0,0,0.741573,465,4,0,HOLD
2025-08-12 21:29:12 UTC,1h,ACT-USDT,BTC-USDT,0.04393,120069.4,3.658717375e-07,,30,0.00942096,0.0685964,0.0143085,6.4133e+06,0,0,0.741573,465,4,0,HOLD
2025-08-12 21:29:12 UTC,1h,ADA-USDT,BTC-USDT,0.84902,120069.4,7.071077227e-06,,30,0.0431631,0.0982305,0.0133473,5.78643e+07,0,0,0.741573,465,4,0,HOLD
2025-08-12 21:29:12 UTC,1h,AERGO-USDT,BTC-USDT,0.11953,120069.4,9.955075981e-07,,30,0.0153755,0.0439301,0.00942381,1.96162e+06,0,0,0.741573,465,4,0,HOLD
2025-08-12 21:29:12 UTC,1h,AERO-USDT,BTC-USDT,1.2321,120069.4,1.026156539e-05,,30,-0.00436364,0.129745,0.0288068,4.01528e+06,0,0,0.741573,465,4,0,HOLD
2025-08-12 21:29:12 UTC,1h,AEVO-USDT,BTC-USDT,0.1032,120069.4,8.595029208e-07,,30,0.0137525,0.0806283,0.0175111,6.45388e+06,0,0,0.741573,465,4,0,HOLD
2025-08-12 21:29:12 UTC,1h,AGLD-USDT,BTC-USDT,0.7489,120069.4,6.237226138e-06,,30,0.0157331,0.0621188,0.0115884,3.63974e+06,0,0,0.741573,465,4,0,HOLD
2025-08-12 21:29:12 UTC,1h,AGT-USDT,BTC-USDT,0.00583,120069.4,4.855525221e-08,,30,-0.0128683,0.0418156,0.0172629,6.40513e+06,0,0,0.741573,465,4,0,HOLD
2025-08-12 21:29:12 UTC,1h,AI16Z-USDT,BTC-USDT,0.1404,120069.4,1.169323741e-06,,30,0.0430906,0.107256,0.0213675,8.26791e+06,0,0,0.741573,465,4,0,HOLD
2025-08-12 21:29:12 UTC,1h,AIN-USDT,BTC-USDT,0.13661,120069.4,1.137758663e-06,,30,-0.0175476,0.00863851,0.0154663,6.42313e+06,0,0,0.741573,465,4,0,HOLD
2025-08-12 21:29:12 UTC,1h,AIOT-USDT,BTC-USDT,0.55259,120069.4,4.602255029e-06,,30,0.0243202,0.0943026,0.0145174,6.5623e+06,0,0,0.741573,465,4,0,HOLD
2025-08-12 21:29:12 UTC,1h,AIXBT-USDT,BTC-USDT,0.13502,120069.4,1.124516321e-06,,30,0.00896727,0.065751,0.0183412,7.28814e+06,0,0,0.741573,465,4,0,HOLD
2025-08-12 21:29:12 UTC,1h,AKT-USDT,BTC-USDT,1.306,120069.4,1.087704278e-05,,30,0.0179267,0.0678659,0.0135638,486613,0,0,0.741573,465,4,0,HOLD
2025-08-12 21:29:12 UTC,1h,ALCH-USDT,BTC-USDT,0.13848,120069.4,1.153332989e-06,,30,-0.00323904,-0.022103,0.00985186,6.44895e+06,0,0,0.741573,465,4,0,HOLD
2025-08-12 21:29:12 UTC,1h,ALGO-USDT,BTC-USDT,0.2742,120069.4,2.283679272e-06,,30,0.0174397,0.0876636,0.0164635,4.4265e+06,0,0,0.741573,465,4,0,HOLD
2025-08-12 21:29:12 UTC,1h,ALPHA-USDT,BTC-USDT,0.0162,120069.4,1.349219701e-07,,30,0.0169492,0.0505837,0.0142857,1.90676e+06,0,0,0.741573,465,4,0,HOLD
2025-08-12 21:29:12 UTC,1h,ALPINE-USDT,BTC-USDT,1.1869,120069.4,9.885116441e-06,,30,-0.103008,-0.12477,0.060584,9.06856e+06,0,0,0.741573,465,4,0,HOLD
2025-08-12 21:29:12 UTC,1h,ALT-USDT,BTC-USDT,0.03882,120069.4,3.233130173e-07,,30,0.0178291,0.080735,0.0269743,6.49744e+06,0,0,0.741573,465,4,0,HOLD
2025-08-12 21:29:12 UTC,1h,ALTCOIN-USDT,BTC-USDT,249.33,120069.4,0.002076549062,,30,0.0288013,0.0630596,0.00928202,1.88763e+06,0,0,0.741573,465,4,0,HOLD
2025-08-12 21:29:12 UTC,1h,ANIME-USDT,BTC-USDT,0.01831,120069.4,1.524951403e-07,,30,0.0234768,0.0745305,0.0140438,6.56657e+06,0,0,0.741573,465,4,0,HOLD
2025-08-12 21:29:12 UTC,1h,ANKR-USDT,BTC-USDT,0.0168,120069.4,1.399190801e-07,,30,0.0243902,0.0700637,0.0122449,361729,0,0,0.741573,465,4,0,HOLD
2025-08-12 21:29:12 UTC,1h,APE-USDT,BTC-USDT,0.6432,120069.4,5.356901925e-06,,30,0.0196576,0.0615613,0.0109164,6.22373e+06,0,0,0.741573,465,4,0,HOLD
2025-08-12 21:29:12 UTC,1h,API3-USDT,BTC-USDT,0.7745,120069.4,6.450436164e-06,,30,0.00872623,0.0759933,0.0149682,6.56675e+06,0,0,0.741573,465,4,0,HOLD
2025-08-12 21:29:12 UTC,1h,APT-USDT,BTC-USDT,4.8887,120069.4,4.071561947e-05,,30,0.0281394,0.0782787,0.0122864,1.08986e+07,0,0,0.741573,465,4,0,HOLD
2025-08-12 21:29:12 UTC,1h,AR-USDT,BTC-USDT,7.873,120069.4,6.557041178e-05,,30,0.0200829,0.0770178,0.0172742,2.52623e+06,0,0,0.741573,465,4,0,HOLD
2025-08-12 21:29:12 UTC,1h,ARB-USDT,BTC-USDT,0.4778,120069.4,3.979365267e-06,,30,0.021595,0.092364,0.0176703,1.52641e+07,0,0,0.741573,465,4,0,HOLD
2025-08-12 21:29:12 UTC,1h,ARC-USDT,BTC-USDT,0.02406,120069.4,2.003841112e-07,,30,0.00585284,0.0622517,0.0213454,6.79729e+06,0,0,0.741573,465,4,0,HOLD
2025-08-12 21:29:12 UTC,1h,ARK-USDT,BTC-USDT,0.4613,120069.4,3.841944742e-06,,30,0.0154083,0.054159,0.0101112,2.03685e+06,0,0,0.741573,465,4,0,HOLD
2025-08-12 21:29:12 UTC,1h,ARKM-USDT,BTC-USDT,0.549,120069.4,4.572355654e-06,,30,0.027705,0.0892857,0.0162373,2.41949e+06,0,0,0.741573,465,4,0,HOLD
2025-08-12 21:29:12 UTC,1h,ARPA-USDT,BTC-USDT,0.02394,120069.4,1.993846892e-07,,30,0.0296774,0.0906606,0.0174245,8.39619e+06,0,0,0.741573,465,4,0,HOLD
2025-08-12 21:29:12 UTC,1h,ASP-USDT,BTC-USDT,0.1682,120069.4,1.400856505e-06,,30,0.00598086,0.00119048,0.0241209,6.70374e+06,0,0,0.741573,465,4,0,HOLD
2025-08-12 21:29:12 UTC,1h,ASR-USDT,BTC-USDT,6.485,120069.4,5.401043063e-05,,30,-0.0251052,-0.00307456,0.0192202,7.50572e+06,0,0,0.741573,465,4,0,HOLD
2025-08-12 21:29:12 UTC,1h,ASTR-USDT,BTC-USDT,0.02619,120069.4,2.181238517e-07,,30,0.0230469,0.0676722,0.0116457,1.93275e+06,0,0,0.741573,465,4,0,HOLD
2025-08-12 21:29:12 UTC,1h,ATA-USDT,BTC-USDT,0.0516,120069.4,4.297514604e-07,,30,0.0197628,0.0727651,0.0138427,288970,0,0,0.741573,465,4,0,HOLD
2025-08-12 21:29:12 UTC,1h,ATH-USDT,BTC-USDT,0.03466,120069.4,2.886663879e-07,,30,0.0212139,0.0251405,0.0143022,2.19772e+06,0,0,0.741573,465,4,0,HOLD
2025-08-12 21:29:12 UTC,1h,ATOM-USDT,BTC-USDT,4.748,120069.4,3.954379717e-05,,30,0.0259291,0.0572256,0.0114183,9.56035e+06,0,0,0.741573,465,4,0,HOLD
2025-08-12 21:29:12 UTC,1h,AUCTION-USDT,BTC-USDT,10.586,120069.4,8.816567752e-05,,30,0.0201407,0.0498859,0.0104248,4.61177e+06,0,0,0.741573,465,4,0,HOLD
2025-08-12 21:29:12 UTC,1h,AVA-USDT,BTC-USDT,0.6203,120069.4,5.166178893e-06,,30,0.0200625,0.0741126,0.0126667,545842,0,0,0.741573,465,4,0,HOLD
2025-08-12 21:29:12 UTC,1h,AVAAI-USDT,BTC-USDT,0.03717,120069.4,3.095709648e-07,,30,0.00868385,0.0293547,0.0249625,7.53802e+06,0,0,0.741573,465,4,0,HOLD
2025-08-12 21:29:12 UTC,1h,AVAX-USDT,BTC-USDT,24.776,120069.4,0.0002063473291,,30,0.0240132,0.0785304,0.0132184,5.38425e+07,0,0,0.741573,465,4,0,HOLD
2025-08-12 21:29:12 UTC,1h,AWE-USDT,BTC-USDT,0.054562,120069.4,4.544205268e-07,,30,0.00270146,0.0144841,0.00830379,6.36992e+06,0,0,0.741573,465,4,0,HOLD
2025-08-12 21:29:12 UTC,1h,AXL-USDT,BTC-USDT,0.3653,120069.4,3.042407141e-06,,30,0.0209614,0.08462,0.0142153,2.09369e+06,0,0,0.741573,465,4,0,HOLD
2025-08-12 21:29:12 UTC,1h,AXS-USDT,BTC-USDT,2.541,120069.4,2.116276087e-05,,30,0.0233588,0.0748731,0.0135492,5.01046e+06,0,0,0.741573,465,4,0,HOLD
2025-08-12 21:29:12 UTC,1h,B-USDT,BTC-USDT,0.61681,120069.4,5.13711237e-06,,30,-0.014019,-0.0345751,0.0174411,6.54355e+06,0,0,0.741573,465,4,0,HOLD
2025-08-12 21:29:12 UTC,1h,B2-USDT,BTC-USDT,0.4056,120069.4,3.378046363e-06,,30,0.0276159,0.0494179,0.0157615,6.35585e+06,0,0,0.741573,465,4,0,HOLD
2025-08-12 21:29:12 UTC,1h,B3-USDT,BTC-USDT,0.003266,120069.4,2.720093546e-08,,30,0.020944,0.0864937,0.0153092,6.39021e+06,0,0,0.741573,465,4,0,HOLD
2025-08-12 21:29:12 UTC,1h,BABY-USDT,BTC-USDT,0.063,120069.4,5.246965505e-07,,30,0.00929189,0.0665312,0.0161905,6.59371e+06,0,0,0.741573,465,4,0,HOLD
2025-08-12 21:29:12 UTC,1h,BAKE-USDT,BTC-USDT,0.0891,120069.4,7.420708357e-07,,30,0.0229621,0.0813107,0.0143498,1.60488e+06,0,0,0.741573,465,4,0,HOLD
2025-08-12 21:29:12 UTC,1h,BANANA-USDT,BTC-USDT,26.57,120069.4,0.000221288688,,30,0.0187883,0.0822811,0.0180117,9.08301e+06,0,0,0.741573,465,4,0,HOLD
2025-08-12 21:29:12 UTC,1h,BANANAS31-USDT,BTC-USDT,0.007249,120069.4,6.037341737e-08,,30,0.0125716,0.0556284,0.0153716,3.04251e+06,0,0,0.741573,465,4,0,HOLD
2025-08-12 21:29:12 UTC,1h,BANK-USDT,BTC-USDT,0.067462,120069.4,5.618583919e-07,,30,0.0164992,0.0426088,0.0284181,6.83073e+06,0,0,0.741573,465,4,0,HOLD
2025-08-12 21:29:12 UTC,1h,BAT-USDT,BTC-USDT,0.1552,120069.4,1.292585788e-06,,30,0.0190414,0.0696072,0.0129786,424414,0,0,0.741573,465,4,0,HOLD
2025-08-12 21:29:12 UTC,1h,BB-USDT,BTC-USDT,0.12838,120069.4,1.069214971e-06,,30,0.00816711,0.0622208,0.0174093,9.31644e+06,0,0,0.741573,465,4,0,HOLD
2025-08-12 21:29:12 UTC,1h,BCH-USDT,BTC-USDT,623.44,120069.4,0.005192330436,,30,0.0318096,0.0548008,0.011637,3.88741e+07,0,0,0.741573,465,4,0,HOLD
2025-08-12 21:29:12 UTC,1h,BDXN-USDT,BTC-USDT,0.04093,120069.4,3.408861875e-07,,30,0.00713583,0.0441327,0.0157237,6.43581e+06,0,0,0.741573,465,4,0,HOLD
2025-08-12 21:29:12 UTC,1h,BEAM-USDT,BTC-USDT,0.00842,120069.4,7.01261104e-08,,30,0.00118906,0.0783811,0.0194265,2.14201e+06,0,0,0.741573,465,4,0,HOLD
2025-08-12 21:29:12 UTC,1h,BERA-USDT,BTC-USDT,2.054,120069.4,1.710677325e-05,,30,0.0173353,0.0709072,0.0150925,6.6777e+06,0,0,0.741573,465,4,0,HOLD
2025-08-12 21:29:12 UTC,1h,BID-USDT,BTC-USDT,0.07432,120069.4,6.189753593e-07,,30,0.0352417,0.115581,0.0217207,2.02437e+06,0,0,0.741573,465,4,0,HOLD
2025-08-12 21:29:12 UTC,1h,BIGTIME-USDT,BTC-USDT,0.0612,120069.4,5.097052205e-07,,30,0.0184723,0.0652742,0.0125233,2.06843e+06,0,0,0.741573,465,4,0,HOLD
2025-08-12 21:29:12 UTC,1h,BIO-USDT,BTC-USDT,0.12607,120069.4,1.049976097e-06,,30,0.00702932,0.0437986,0.0354225,1.58739e+07,0,0,0.741573,465,4,0,HOLD
2025-08-12 21:29:12 UTC,1h,BLAST-USDT,BTC-USDT,0.003155,120069.4,2.627647011e-08,,30,0.0128411,0.0530708,0.0125198,503604,0,0,0.741573,465,4,0,HOLD
2025-08-12 21:29:12 UTC,1h,BLUR-USDT,BTC-USDT,0.08823,120069.4,7.348250262e-07,,30,0.0237874,0.075451,0.0141189,4.20134e+06,0,0,0.741573,465,4,0,HOLD
2025-08-12 21:29:12 UTC,1h,BMT-USDT,BTC-USDT,0.08447,120069.4,7.035098035e-07,,30,0.00404136,0.05023,0.0123543,1.99904e+06,0,0,0.741573,465,4,0,HOLD
2025-08-12 21:29:12 UTC,1h,BNB-USDT,BTC-USDT,835.65,120069.4,0.006959724959,,30,0.0180673,0.0434147,0.00732962,4.05318e+07,0,0,0.741573,465,4,0,HOLD
2025-08-12 21:29:12 UTC,1h,BNT-USDT,BTC-USDT,0.83607,120069.4,6.963222936e-06,,30,0.0181324,0.0749717,0.013015,1.95762e+06,0,0,0.741573,465,4,0,HOLD
2025-08-12 21:29:12 UTC,1h,BOME-USDT,BTC-USDT,0.001997,120069.4,1.66320478e-08,,30,0.0363259,0.102097,0.0180986,9.01591e+06,0,0,0.741573,465,4,0,HOLD
2025-08-12 21:29:12 UTC,1h,BR-USDT,BTC-USDT,0.05008,120069.4,4.170921151e-07,,30,0,0,0.00112677,1.91501e+06,0,0,0.741573,465,4,0,HOLD
2025-08-12 21:29:12 UTC,1h,BRETT-USDT,BTC-USDT,0.05969,120069.4,4.971291603e-07,,30,0.0226144,0.109892,0.0202953,5.95584e+06,0,0,0.741573,465,4,0,HOLD
2025-08-12 21:29:12 UTC,1h,BROCCOLI-USDT,BTC-USDT,0.02805,120069.4,2.336148927e-07,,30,-0.0109309,0.0218579,0.0143112,6.3886e+06,0,0,0.741573,465,4,0,HOLD
2025-08-12 21:29:12 UTC,1h,BROCCOLIF3B-USDT,BTC-USDT,0.010468,120069.4,8.718291255e-08,,30,0.0149312,0.0663135,0.0116819,6.35707e+06,0,0,0.741573,465,4,0,HOLD
2025-08-12 21:29:12 UTC,1h,BSV-USDT,BTC-USDT,29.53,120069.4,0.0002459410974,,30,0.0113014,0.0350508,0.0107397,2.26648e+06,0,0,0.741573,465,4,0,HOLD
2025-08-12 21:29:12 UTC,1h,BSW-USDT,BTC-USDT,0.02704,120069.4,2.252030909e-07,,30,-0.00515085,0.00222387,0.0210799,2.01882e+06,0,0,0.741573,465,4,0,HOLD
2025-08-12 21:29:12 UTC,1h,BTC-USDT,BTC-USDT,120052,120069.4,0.9998550838,,30,0.00146735,0.0141703,0.00550345,1.37351e+09,0,0,0.741573,465,4,0,HOLD
2025-08-12 21:29:12 UTC,1h,BULLA-USDT,BTC-USDT,0.08144,120069.4,6.78274398e-07,,30,-0.0332384,-0.0134464,0.0234616,6.69191e+06,0,0,0.741573,465,4,0,HOLD
2025-08-12 21:29:12 UTC,1h,C-USDT,BTC-USDT,0.26324,120069.4,2.192398729e-06,,30,-0.00231192,0.0593585,0.0180715,6.56334e+06,0,0,0.741573,465,4,0,HOLD
2025-08-12 21:29:12 UTC,1h,CAKE-USDT,BTC-USDT,2.8814,120069.4,2.399778795e-05,,30,0.0220267,0.0626982,0.0105703,2.57216e+06,0,0,0.741573,465,4,0,HOLD
2025-08-12 21:29:12 UTC,1h,CARV-USDT,BTC-USDT,0.3131,120069.4,2.607658571e-06,,30,0.00934881,0.037442,0.017726,2.22591e+06,0,0,0.741573,465,4,0,HOLD
2025-08-12 21:29:12 UTC,1h,CATI-USDT,BTC-USDT,0.0964,120069.4,8.028690074e-07,,30,0.00489941,0.0538975,0.0244146,7.06392e+06,0,0,0.741573,465,4,0,HOLD
2025-08-12 21:29:12 UTC,1h,CELO-USDT,BTC-USDT,0.3646,120069.4,3.03657718e-06,,30,0.017583,0.0764689,0.0150067,2.34377e+06,0,0,0.741573,465,4,0,HOLD
2025-08-12 21:29:12 UTC,1h,CELR-USDT,BTC-USDT,0.00837,120069.4,6.970968457e-08,,30,0.0232274,0.0912647,0.014849,2.15841e+06,0,0,0.741573,465,4,0,HOLD
2025-08-12 21:29:12 UTC,1h,CETUS-USDT,BTC-USDT,0.1125,120069.4,9.369581259e-07,,30,0.0125101,0.0776894,0.0177206,968185,0,0,0.741573,465,4,0,HOLD
2025-08-12 21:29:12 UTC,1h,CFX-USDT,BTC-USDT,0.20113,120069.4,1.675114559e-06,,30,0.00705988,0.0384655,0.0136124,1.04592e+07,0,0,0.741573,465,4,0,HOLD
2025-08-12 21:29:12 UTC,1h,CGPT-USDT,BTC-USDT,0.10396,120069.4,8.658325935e-07,,30,0.0218203,0.0758564,0.0159196,701505,0,0,0.741573,465,4,0,HOLD
2025-08-12 21:29:12 UTC,1h,CHESS-USDT,BTC-USDT,0.07482,120069.4,6.231396176e-07,,30,-0.00465611,0.065205,0.0181674,705825,0,0,0.741573,465,4,0,HOLD
2025-08-12 21:29:12 UTC,1h,CHILLGUY-USDT,BTC-USDT,0.05852,120069.4,4.873847958e-07,,30,0.0368533,0.112971,0.022056,1.69785e+06,0,0,0.741573,465,4,1,HOLD
2025-08-12 21:29:12 UTC,1h,CHR-USDT,BTC-USDT,0.0996,120069.4,8.295202608e-07,,30,0.0215385,0.0802603,0.0134825,1.98126e+06,0,0,0.741573,465,4,0,HOLD
2025-08-12 21:29:12 UTC,1h,CHZ-USDT,BTC-USDT,0.04341,120069.4,3.615409088e-07,,30,0.017104,0.0587805,0.01137,2.13591e+06,0,0,0.741573,465,4,0,HOLD
2025-08-12 21:29:12 UTC,1h,CKB-USDT,BTC-USDT,0.005709,120069.4,4.754750169e-08,,30,0.0178285,0.0653107,0.0136251,704933,0,0,0.741573,465,4,0,HOLD
2025-08-12 21:29:12 UTC,1h,COINX-USDT,BTC-USDT,321.7,120069.4,0.002679283814,,30,-0.00531816,0.00277423,0.00951197,6.35019e+06,0,0,0.741573,465,4,0,HOLD
2025-08-12 21:29:12 UTC,1h,COMP-USDT,BTC-USDT,53.22,120069.4,0.0004432436574,,30,0.00263753,0.0494971,0.0132872,5.68188e+06,0,0,0.741573,465,4,0,HOLD
2025-08-12 21:29:12 UTC,1h,COOKIE-USDT,BTC-USDT,0.1565,120069.4,1.30341286e-06,,30,0.013601,0.0974755,0.0204473,6.65583e+06,0,0,0.741573,465,4,0,HOLD
2025-08-12 21:29:12 UTC,1h,CORE-USDT,BTC-USDT,0.5078,120069.4,4.229220767e-06,,30,0.0209087,0.0663587,0.0112952,1.97166e+06,0,0,0.741573,465,4,0,HOLD
2025-08-12 21:29:12 UTC,1h,COS-USDT,BTC-USDT,0.003538,120069.4,2.946629199e-08,,30,0.0175439,0.0576981,0.0109424,416670,0,0,0.741573,465,4,0,HOLD
2025-08-12 21:29:12 UTC,1h,COTI-USDT,BTC-USDT,0.0561,120069.4,4.672297854e-07,,30,0.00826743,0.0635071,0.0137764,509028,0,0,0.741573,465,4,0,HOLD
2025-08-12 21:29:12 UTC,1h,COW-USDT,BTC-USDT,0.4328,120069.4,3.604582017e-06,,30,0.0176346,0.0712871,0.0169659,6.77831e+06,0,0,0.741573,465,4,0,HOLD
2025-08-12 21:29:12 UTC,1h,CRCLX-USDT,BTC-USDT,153.89,120069.4,0.001281675431,,30,-0.0940719,-0.055078,0.0401261,6.36713e+06,0,0,0.741573,465,4,0,HOLD
2025-08-12 21:29:12 UTC,1h,CROSS-USDT,BTC-USDT,0.31794,120069.4,2.647968591e-06,,30,0.00283876,0.0110666,0.0138885,6.47961e+06,0,0,0.741573,465,4,0,HOLD
2025-08-12 21:29:12 UTC,1h,CRV-USDT,BTC-USDT,0.987,120069.4,8.220245958e-06,,30,0.00550122,0.0735262,0.0184614,1.66397e+07,0,0,0.741573,465,4,0,HOLD
2025-08-12 21:29:12 UTC,1h,CTC-USDT,BTC-USDT,0.7406,120069.4,6.168099449e-06,,30,0.0116104,0.0604238,0.0142645,1.23103e+06,0,0,0.741573,465,4,0,HOLD
2025-08-12 21:29:12 UTC,1h,CTK-USDT,BTC-USDT,0.3552,120069.4,2.958289123e-06,,30,-0.0144284,0.0580876,0.0167109,6.55596e+06,0,0,0.741573,465,4,0,HOLD
2025-08-12 21:29:12 UTC,1h,CUDIS-USDT,BTC-USDT,0.07671,120069.4,6.388805141e-07,,30,0.0983677,0.165805,0.0459616,7.17151e+06,0,0,0.741573,465,4,0,HOLD
2025-08-12 21:29:12 UTC,1h,CVC-USDT,BTC-USDT,0.09869,120069.4,8.219413106e-07,,30,0.0263103,0.0626682,0.00940173,1.91292e+06,0,0,0.741573,465,4,0,HOLD
2025-08-12 21:29:12 UTC,1h,CYBER-USDT,BTC-USDT,2.9363,120069.4,2.445502351e-05,,30,-0.0400798,-0.121315,0.0944361,6.47539e+07,0,0,0.741573,465,4,0,HOLD
2025-08-12 21:29:12 UTC,1h,D-USDT,BTC-USDT,0.0371,120069.4,3.089879686e-07,,30,0.0142154,0.0673188,0.0131883,6.35851e+06,0,0,0.741573,465,4,0,HOLD
2025-08-12 21:29:12 UTC,1h,DBR-USDT,BTC-USDT,0.02489,120069.4,2.0729678e-07,,30,0.00932685,0.0196641,0.0086667,432301,0,0,0.741573,465,4,0,HOLD
2025-08-12 21:29:12 UTC,1h,DEEP-USDT,BTC-USDT,0.17236,120069.4,1.435503134e-06,,30,0.0361286,0.15577,0.020298,6.94535e+06,0,0,0.741573,465,4,0,HOLD
2025-08-12 21:29:12 UTC,1h,DEGEN-USDT,BTC-USDT,0.00411,120069.4,3.423020353e-08,,30,0.0125647,0.100402,0.0200209,649646,0,0,0.741573,465,4,0,HOLD
2025-08-12 21:29:12 UTC,1h,DEGO-USDT,BTC-USDT,1.238,120069.4,1.031070364e-05,,30,-0.00394239,0.0246648,0.0172513,854860,0,0,0.741573,465,4,0,HOLD
2025-08-12 21:29:12 UTC,1h,DF-USDT,BTC-USDT,0.03063,120069.4,2.551024657e-07,,30,0.0115588,0.0628036,0.0117065,277462,0,0,0.741573,465,4,0,HOLD
2025-08-12 21:29:12 UTC,1h,DIA-USDT,BTC-USDT,0.8361,120069.4,6.963472792e-06,,30,-0.0129855,0.0180202,0.0217421,6.41061e+06,0,0,0.741573,465,4,0,HOLD
2025-08-12 21:29:12 UTC,1h,DMC-USDT,BTC-USDT,0.004796,120069.4,3.994356597e-08,,30,-0.00559818,0.0258824,0.0156976,6.38572e+06,0,0,0.741573,465,4,0,HOLD
2025-08-12 21:29:12 UTC,1h,DOG-USDT,BTC-USDT,0.003614,120069.4,3.009925926e-08,,30,0.0373134,0.0934947,0.0203771,871237,0,0,0.741573,465,4,0,HOLD
2025-08-12 21:29:12 UTC,1h,DOGE-USDT,BTC-USDT,0.23776,120069.4,1.980188125e-06,,30,0.036217,0.0709428,0.0140328,1.41581e+08,0,0,0.741573,465,4,0,HOLD
2025-08-12 21:29:12 UTC,1h,DOGS-USDT,BTC-USDT,0.0001486,120069.4,1.237617578e-09,,30,0.0129516,0.0675287,0.0159104,812338,0,0,0.741573,465,4,0,HOLD
2025-08-12 21:29:12 UTC,1h,DOLO-USDT,BTC-USDT,0.223491,120069.4,1.86134852e-06,,30,-0.0888332,-0.110979,0.0366966,7.35037e+06,0,0,0.741573,465,4,0,HOLD
2025-08-12 21:29:12 UTC,1h,DOOD-USDT,BTC-USDT,0.0038121,120069.4,3.174913841e-08,,30,0.00737276,0.0517298,0.0151697,6.42897e+06,0,0,0.741573,465,4,0,HOLD
2025-08-12 21:29:12 UTC,1h,DOT-USDT,BTC-USDT,4.194,120069.4,3.492979893e-05,,30,0.0249267,0.0856847,0.0152088,1.80018e+07,0,0,0.741573,465,4,0,HOLD
2025-08-12 21:29:12 UTC,1h,DRIFT-USDT,BTC-USDT,0.5759,120069.4,4.796392753e-06,,30,0.0267427,0.0700483,0.0135564,6.52609e+06,0,0,0.741573,465,4,0,HOLD
2025-08-12 21:29:12 UTC,1h,DUSK-USDT,BTC-USDT,0.0688,120069.4,5.730019472e-07,,30,0.0166987,0.0765138,0.0139846,279340,0,0,0.741573,465,4,0,HOLD
2025-08-12 21:29:12 UTC,1h,DYDX-USDT,BTC-USDT,0.6768,120069.4,5.636740085e-06,,30,0.0128704,0.0730934,0.0162107,6.33792e+06,0,0,0.741573,465,4,0,HOLD
2025-08-12 21:29:12 UTC,1h,DYM-USDT,BTC-USDT,0.2691,120069.4,2.241203837e-06,,30,0.0357968,0.0837696,0.0185539,3.21842e+06,0,0,0.741573,465,4,0,HOLD
2025-08-12 21:29:12 UTC,1h,EDU-USDT,BTC-USDT,0.1482,120069.4,1.234286171e-06,,30,-0.01002,-0.091355,0.0439078,5.80548e+06,0,0,0.741573,465,4,0,HOLD
2025-08-12 21:29:12 UTC,1h,EGLD-USDT,BTC-USDT,16.157,120069.4,0.0001345638439,,30,0.0205925,0.0774925,0.0125112,3.23379e+06,0,0,0.741573,465,4,0,HOLD
2025-08-12 21:29:12 UTC,1h,EIGEN-USDT,BTC-USDT,1.4112,120069.4,1.175320273e-05,,30,-0.000141703,0.0449463,0.0217444,5.6701e+06,0,0,0.741573,465,4,0,HOLD
2025-08-12 21:29:12 UTC,1h,ELX-USDT,BTC-USDT,0.1742,120069.4,1.450827605e-06,,30,-0.0119115,0.0481348,0.0178366,477268,0,0,0.741573,465,4,0,HOLD
2025-08-12 21:29:12 UTC,1h,ENA-USDT,BTC-USDT,0.8105,120069.4,6.750262765e-06,,30,-0.00759153,0.0536921,0.0290121,1.02378e+08,0,0,0.741573,465,4,0,HOLD
2025-08-12 21:29:12 UTC,1h,ENJ-USDT,BTC-USDT,0.07502,120069.4,6.248053209e-07,,30,0.0296459,0.0845742,0.0134821,2.08458e+06,0,0,0.741573,465,4,0,HOLD
2025-08-12 21:29:12 UTC,1h,ENS-USDT,BTC-USDT,29.611,120069.4,0.0002466157072,,30,0.0166518,0.0658724,0.0149028,1.23451e+07,0,0,0.741573,465,4,0,HOLD
2025-08-12 21:29:12 UTC,1h,EPIC-USDT,BTC-USDT,2.1017,120069.4,1.750404349e-05,,30,-0.016012,0.00119093,0.0140363,2.06675e+06,0,0,0.741573,465,4,0,HOLD
2025-08-12 21:29:12 UTC,1h,EPT-USDT,BTC-USDT,0.004389,120069.4,3.655385968e-08,,30,0.0129241,0.0430133,0.0133451,6.45174e+06,0,0,0.741573,465,4,0,HOLD
2025-08-12 21:29:12 UTC,1h,ERA-USDT,BTC-USDT,1.0408,120069.4,8.668320155e-06,,30,0.010878,0.0375835,0.0137051,8.4073e+06,0,0,0.741573,465,4,0,HOLD
2025-08-12 21:29:12 UTC,1h,ES-USDT,BTC-USDT,0.2127,120069.4,1.771475497e-06,,30,-0.0166436,0.0250602,0.020317,6.37938e+06,0,0,0.741573,465,4,0,HOLD
2025-08-12 21:29:12 UTC,1h,ESPORTS-USDT,BTC-USDT,0.1279,120069.4,1.065217283e-06,,30,-0.0236641,0.00788022,0.0187088,6.73676e+06,0,0,0.741573,465,4,0,HOLD
2025-08-12 21:29:12 UTC,1h,ETC-USDT,BTC-USDT,23.835,120069.4,0.0001985101949,,30,0.0164613,0.0816882,0.0146573,1.33825e+07,0,0,0.741573,465,4,0,HOLD
2025-08-12 21:29:12 UTC,1h,ETH-USDT,BTC-USDT,4605.72,120069.4,0.03835881582,,30,0.0301896,0.0744259,0.0126355,2.96924e+09,0,0,0.741573,465,4,0,HOLD
2025-08-12 21:29:12 UTC,1h,ETHFI-USDT,BTC-USDT,1.2386,120069.4,1.031570075e-05,,30,0.0143313,0.058723,0.0247803,1.3393e+07,0,0,0.741573,465,4,0,HOLD
2025-08-12 21:29:12 UTC,1h,ETHW-USDT,BTC-USDT,1.7494,120069.4,1.456990707e-05,,30,0.0205939,0.0754288,0.0148582,2.03865e+06,0,0,0.741573,465,4,0,HOLD
2025-08-12 21:29:12 UTC,1h,F-USDT,BTC-USDT,0.007948,120069.4,6.619505053e-08,,30,-0.0130386,0.0243588,0.0132918,6.38145e+06,0,0,0.741573,465,4,0,HOLD
2025-08-12 21:29:12 UTC,1h,FARTCOIN-USDT,BTC-USDT,1.0003,120069.4,8.33101523e-06,,30,0.125957,0.187018,0.032833,7.87136e+07,0,0,0.741573,465,4,1,HOLD
2025-08-12 21:29:12 UTC,1h,FET-USDT,BTC-USDT,0.7262,120069.4,6.048168809e-06,,30,0.0109982,0.0586006,0.0142523,5.79643e+06,0,0,0.741573,465,4,0,HOLD
2025-08-12 21:29:12 UTC,1h,FHE-USDT,BTC-USDT,0.06401,120069.4,5.331083523e-07,,30,0.00549796,0.0277778,0.0184569,6.56044e+06,0,0,0.741573,465,4,0,HOLD
2025-08-12 21:29:12 UTC,1h,FIDA-USDT,BTC-USDT,0.10755,120069.4,8.957319683e-07,,30,0.047021,0.115317,0.017819,928472,0,0,0.741573,465,4,0,HOLD
2025-08-12 21:29:12 UTC,1h,FIL-USDT,BTC-USDT,2.647,120069.4,2.204558364e-05,,30,0.0247774,0.072094,0.0125749,9.86347e+06,0,0,0.741573,465,4,0,HOLD
2025-08-12 21:29:12 UTC,1h,FIO-USDT,BTC-USDT,0.02111,120069.4,1.75814987e-07,,30,-0.000946522,0.0429842,0.0179671,6.54401e+06,0,0,0.741573,465,4,0,HOLD
2025-08-12 21:29:12 UTC,1h,FIS-USDT,BTC-USDT,0.12384,120069.4,1.031403505e-06,,30,0.0227948,0.0778068,0.0162191,6.44042e+06,0,0,0.741573,465,4,0,HOLD
2025-08-12 21:29:12 UTC,1h,FLM-USDT,BTC-USDT,0.03113,120069.4,2.592667241e-07,,30,0.0219961,0.0816539,0.0132394,797080,0,0,0.741573,465,4,0,HOLD
2025-08-12 21:29:12 UTC,1h,FLOCK-USDT,BTC-USDT,0.18514,120069.4,1.541941577e-06,,30,0.00619565,0.00232797,0.030583,6.62549e+06,0,0,0.741573,465,4,0,HOLD
2025-08-12 21:29:12 UTC,1h,FLOKI-USDT,BTC-USDT,0.00011667,120069.4,9.716880404e-10,,30,0.0335755,0.0825833,0.0157649,6.36739e+06,0,0,0.741573,465,4,0,HOLD
2025-08-12 21:29:12 UTC,1h,FLOW-USDT,BTC-USDT,0.392,120069.4,3.264778536e-06,,30,0.0208333,0.0710383,0.011844,2.41538e+06,0,0,0.741573,465,4,0,HOLD
2025-08-12 21:29:12 UTC,1h,FLUX-USDT,BTC-USDT,0.2311,120069.4,1.924720203e-06,,30,0.0113786,0.0669437,0.0154231,425380,0,0,0.741573,465,4,0,HOLD
2025-08-12 21:29:12 UTC,1h,FORM-USDT,BTC-USDT,3.777,120069.4,3.145680748e-05,,30,-0.00429705,-0.0149184,0.00759106,2.209e+06,0,0,0.741573,465,4,0,HOLD
2025-08-12 21:29:12 UTC,1h,FORTH-USDT,BTC-USDT,2.8723,120069.4,2.392199844e-05,,30,0.00743573,0.0352869,0.0156868,870123,0,0,0.741573,465,4,0,HOLD
2025-08-12 21:29:12 UTC,1h,FRAG-USDT,BTC-USDT,0.04419,120069.4,3.680371518e-07,,30,0.015162,0.0551576,0.0213203,6.38713e+06,0,0,0.741573,465,4,0,HOLD
2025-08-12 21:29:12 UTC,1h,FUEL-USDT,BTC-USDT,0.00742,120069.4,6.179759372e-08,,30,-0.00669344,-0.0185185,0.0154024,333091,0,0,0.741573,465,4,0,HOLD
2025-08-12 21:29:12 UTC,1h,FUNTOKEN-USDT,BTC-USDT,0.009248,120069.4,7.702212221e-08,,30,-0.0135467,0.0119269,0.0233332,8.5027e+06,0,0,0.741573,465,4,0,HOLD
2025-08-12 21:29:12 UTC,1h,FXS-USDT,BTC-USDT,3.2294,120069.4,2.689611175e-05,,30,0.0241334,0.072356,0.0148369,2.15732e+06,0,0,0.741573,465,4,0,HOLD
2025-08-12 21:29:12 UTC,1h,G-USDT,BTC-USDT,0.01269,120069.4,1.056888766e-07,,30,0.0317073,0.0726965,0.0124958,6.34328e+06,0,0,0.741573,465,4,0,HOLD
2025-08-12 21:29:12 UTC,1h,GALA-USDT,BTC-USDT,0.01807,120069.4,1.504962963e-07,,30,0.0249575,0.0820359,0.0167602,9.55357e+06,0,0,0.741573,465,4,0,HOLD
2025-08-12 21:29:12 UTC,1h,GAS-USDT,BTC-USDT,3.387,120069.4,2.820868598e-05,,30,0.0226449,0.0564566,0.0105656,1.95572e+06,0,0,0.741573,465,4,0,HOLD
2025-08-12 21:29:12 UTC,1h,GHST-USDT,BTC-USDT,0.5068,120069.4,4.220892251e-06,,30,-0.000197278,0.103659,0.0291747,7.06193e+06,0,0,0.741573,465,4,0,HOLD
2025-08-12 21:29:12 UTC,1h,GLM-USDT,BTC-USDT,0.26601,120069.4,2.215468721e-06,,30,0.0163527,0.0488526,0.0102037,524364,0,0,0.741573,465,4,0,HOLD
2025-08-12 21:29:12 UTC,1h,GMT-USDT,BTC-USDT,0.04825,120069.4,4.018509295e-07,,30,0.0290041,0.0767686,0.012376,699457,0,0,0.741573,465,4,0,HOLD
2025-08-12 21:29:12 UTC,1h,GMX-USDT,BTC-USDT,17.101,120069.4,0.0001424259637,,30,-0.00587141,0.0309881,0.0163023,2.42922e+06,0,0,0.741573,465,4,0,HOLD
2025-08-12 21:29:12 UTC,1h,GOAT-USDT,BTC-USDT,0.10762,120069.4,8.963149645e-07,,30,0.0341117,0.124203,0.0176613,6.66606e+06,0,0,0.741573,465,4,0,HOLD
2025-08-12 21:29:12 UTC,1h,GOR-USDT,BTC-USDT,0.01824,120069.4,1.519121441e-07,,30,-0.0607621,0.125926,0.0406485,6.47726e+06,0,0,0.741573,465,4,0,HOLD
2025-08-12 21:29:12 UTC,1h,GORK-USDT,BTC-USDT,0.00839,120069.4,6.98762549e-08,,30,0.013285,0.102497,0.0292014,6.48031e+06,0,0,0.741573,465,4,0,HOLD
2025-08-12 21:29:12 UTC,1h,GPS-USDT,BTC-USDT,0.01624,120069.4,1.352551108e-07,,30,0.0105787,0.045045,0.0216397,6.46405e+06,0,0,0.741573,465,4,0,HOLD
2025-08-12 21:29:12 UTC,1h,GRASS-USDT,BTC-USDT,0.8123,120069.4,6.765254095e-06,,30,0.012338,0.0739027,0.0248061,7.33132e+06,0,0,0.741573,465,4,0,HOLD
2025-08-12 21:29:12 UTC,1h,GRIFFAIN-USDT,BTC-USDT,0.04535,120069.4,3.776982312e-07,,30,0.0216265,0.0911935,0.0217515,6.9848e+06,0,0,0.741573,465,4,0,HOLD
2025-08-12 21:29:12 UTC,1h,GRT-USDT,BTC-USDT,0.10151,120069.4,8.454277276e-07,,30,0.0322351,0.0917402,0.0140099,2.87657e+06,0,0,0.741573,465,4,0,HOLD
2025-08-12 21:29:12 UTC,1h,GTC-USDT,BTC-USDT,0.315,120069.4,2.623482752e-06,,30,0.0260586,0.0824742,0.0160998,1.98023e+06,0,0,0.741573,465,4,0,HOLD
2025-08-12 21:29:12 UTC,1h,GUN-USDT,BTC-USDT,0.03161,120069.4,2.632644121e-07,,30,0.01902,0.0575443,0.0160437,6.44138e+06,0,0,0.741573,465,4,0,HOLD
2025-08-12 21:29:12 UTC,1h,H-USDT,BTC-USDT,0.03816,120069.4,3.178161963e-07,,30,0.0124702,0.0372384,0.0113432,6.46185e+06,0,0,0.741573,465,4,0,HOLD
2025-08-12 21:29:12 UTC,1h,HAEDAL-USDT,BTC-USDT,0.144864,120069.4,1.20650224e-06,,30,0.00361641,0.0466901,0.0146058,6.36497e+06,0,0,0.741573,465,4,0,HOLD
2025-08-12 21:29:12 UTC,1h,HBAR-USDT,BTC-USDT,0.26305,120069.4,2.190816311e-06,,30,0.0273785,0.0691351,0.0115676,1.32891e+07,0,0,0.741573,465,4,0,HOLD
2025-08-12 21:29:12 UTC,1h,HEI-USDT,BTC-USDT,0.5074,120069.4,4.225889361e-06,,30,-0.00879078,0.0252576,0.0227631,831419,0,0,0.741573,465,4,0,HOLD
2025-08-12 21:29:12 UTC,1h,HFT-USDT,BTC-USDT,0.09847,120069.4,8.201090369e-07,,30,0.00551414,0.0455511,0.024119,6.56923e+06,0,0,0.741573,465,4,0,HOLD
2025-08-12 21:29:12 UTC,1h,HIFI-USDT,BTC-USDT,0.1097,120069.4,9.136382792e-07,,30,0.170383,0.346839,0.0467769,5.63347e+06,0,0,0.741573,465,4,1,HOLD
2025-08-12 21:29:12 UTC,1h,HIGH-USDT,BTC-USDT,0.6138,120069.4,5.112043535e-06,,30,0.0235118,0.0806338,0.0143136,5.54296e+06,0,0,0.741573,465,4,0,HOLD
2025-08-12 21:29:12 UTC,1h,HIPPO-USDT,BTC-USDT,0.002389,120069.4,1.989682634e-08,,30,-0.0111755,-0.00208855,0.0270286,1.94556e+06,0,0,0.741573,465,4,0,HOLD
2025-08-12 21:29:12 UTC,1h,HIVE-USDT,BTC-USDT,0.22914,120069.4,1.908396311e-06,,30,0.0198958,0.059411,0.00946396,414013,0,0,0.741573,465,4,0,HOLD
2025-08-12 21:29:12 UTC,1h,HMSTR-USDT,BTC-USDT,0.0007882,120069.4,6.564536843e-09,,30,0.0192681,0.0707784,0.014554,528051,0,0,0.741573,465,4,0,HOLD
2025-08-12 21:29:12 UTC,1h,HOME-USDT,BTC-USDT,0.043247,120069.4,3.601833606e-07,,30,0.0264401,0.102762,0.0201996,6.64647e+06,0,0,0.741573,465,4,0,HOLD
2025-08-12 21:29:12 UTC,1h,HOODX-USDT,BTC-USDT,114.53,120069.4,0.0009538650147,,30,-0.00753899,0.00934168,0.0106398,6.33679e+06,0,0,0.741573,465,4,0,HOLD
2025-08-12 21:29:12 UTC,1h,HOOK-USDT,BTC-USDT,0.1158,120069.4,9.644422309e-07,,30,0.0348525,0.082243,0.0228843,5.57936e+06,0,0,0.741573,465,4,0,HOLD
2025-08-12 21:29:12 UTC,1h,HOT-USDT,BTC-USDT,0.001025,120069.4,8.536729591e-09,,30,-0.00194742,0.0459184,0.015122,1.92696e+06,0,0,0.741573,465,4,0,HOLD
2025-08-12 21:29:12 UTC,1h,HOUSE-USDT,BTC-USDT,0.02198,120069.4,1.830607965e-07,,30,-0.0244119,0.110662,0.0444235,7.06878e+06,0,0,0.741573,465,4,0,HOLD
2025-08-12 21:29:12 UTC,1h,HUMA-USDT,BTC-USDT,0.038027,120069.4,3.167085036e-07,,30,0.0182894,0.142776,0.0284347,7.39085e+06,0,0,0.741573,465,4,0,HOLD
2025-08-12 21:29:12 UTC,1h,HYPE-USDT,BTC-USDT,45.579,120069.4,0.0003796054615,,30,0.0254455,0.0662004,0.0188229,2.42192e+07,0,0,0.741573,465,4,0,HOLD
2025-08-12 21:29:12 UTC,1h,HYPERLANE-USDT,BTC-USDT,0.3884,120069.4,3.234795876e-06,,30,0.00569653,0.0571584,0.0178204,6.96916e+06,0,0,0.741573,465,4,0,HOLD
2025-08-12 21:29:12 UTC,1h,ICNT-USDT,BTC-USDT,0.3507,120069.4,2.920810798e-06,,30,-0.0564972,-0.156768,0.0624873,1.70237e+07,0,0,0.741573,465,4,0,HOLD
2025-08-12 21:29:12 UTC,1h,ICP-USDT,BTC-USDT,5.72,120069.4,4.763911538e-05,,30,0.0205174,0.0673633,0.0130245,5.15307e+06,0,0,0.741573,465,4,0,HOLD
2025-08-12 21:29:12 UTC,1h,ICX-USDT,BTC-USDT,0.1386,120069.4,1.154332411e-06,,30,0.0251479,0.0702703,0.0116986,300827,0,0,0.741573,465,4,0,HOLD
2025-08-12 21:29:12 UTC,1h,ID-USDT,BTC-USDT,0.17922,120069.4,1.492636758e-06,,30,0.0148358,0.0710572,0.0211552,2.6005e+06,0,0,0.741573,465,4,0,HOLD
2025-08-12 21:29:12 UTC,1h,IDOL-USDT,BTC-USDT,0.01718,120069.4,1.430839165e-07,,30,0.0159669,0.0336943,0.0388741,7.458e+06,0,0,0.741573,465,4,0,HOLD
2025-08-12 21:29:12 UTC,1h,ILV-USDT,BTC-USDT,17.903,120069.4,0.000149105434,,30,0.00640845,0.0546065,0.0173674,6.67103e+06,0,0,0.741573,465,4,0,HOLD
2025-08-12 21:29:12 UTC,1h,IMX-USDT,BTC-USDT,0.5923,120069.4,4.932980426e-06,,30,0.00971701,0.0700994,0.0169195,5.90375e+06,0,0,0.741573,465,4,0,HOLD
2025-08-12 21:29:12 UTC,1h,IN-USDT,BTC-USDT,0.10741,120069.4,8.94565976e-07,,30,0.136614,0.253179,0.0635416,1.06548e+07,0,0,0.741573,465,4,0,HOLD
2025-08-12 21:29:12 UTC,1h,INIT-USDT,BTC-USDT,0.4572,120069.4,3.807797824e-06,,30,-0.00845804,0.0793201,0.0233565,6.82836e+06,0,0,0.741573,465,4,0,HOLD
2025-08-12 21:29:12 UTC,1h,INJ-USDT,BTC-USDT,14.856,120069.4,0.0001237284437,,30,0.0229291,0.0929155,0.0160397,3.1587e+07,0,0,0.741573,465,4,0,HOLD
2025-08-12 21:29:12 UTC,1h,IO-USDT,BTC-USDT,0.6839,120069.4,5.695872554e-06,,30,0.0773472,0.146714,0.0229983,9.71654e+06,0,0,0.741573,465,4,0,HOLD
2025-08-12 21:29:12 UTC,1h,IOST-USDT,BTC-USDT,0.003858,120069.4,3.213141733e-08,,30,0.0219868,0.0675152,0.0111272,1.94243e+06,0,0,0.741573,465,4,0,HOLD
2025-08-12 21:29:12 UTC,1h,IOTA-USDT,BTC-USDT,0.2124,120069.4,1.768976942e-06,,30,0.0167544,0.0743551,0.0133172,2.30035e+06,0,0,0.741573,465,4,0,HOLD
2025-08-12 21:29:12 UTC,1h,IP-USDT,BTC-USDT,5.84812,120069.4,4.870616493e-05,,30,0.00610567,0.0410613,0.0168061,1.09354e+07,0,0,0.741573,465,4,0,HOLD
2025-08-12 21:29:12 UTC,1h,JASMY-USDT,BTC-USDT,0.01846,120069.4,1.537444178e-07,,30,0.0410557,0.128638,0.026838,5.68326e+06,0,0,0.741573,465,4,0,HOLD
2025-08-12 21:29:12 UTC,1h,JOE-USDT,BTC-USDT,0.16674,120069.4,1.38869687e-06,,30,0.0169554,0.0637999,0.0131428,1.93907e+06,0,0,0.741573,465,4,0,HOLD
2025-08-12 21:29:12 UTC,1h,JST-USDT,BTC-USDT,0.034256,120069.4,2.853016672e-07,,30,0.0124727,0.0268585,0.00603023,1.91302e+06,0,0,0.741573,465,4,0,HOLD
2025-08-12 21:29:12 UTC,1h,JTO-USDT,BTC-USDT,1.9231,120069.4,1.601657042e-05,,30,0.044255,0.0936647,0.0152321,5.32347e+06,0,0,0.741573,465,4,0,HOLD
2025-08-12 21:29:12 UTC,1h,JUP-USDT,BTC-USDT,0.5378,120069.4,4.479076268e-06,,30,0.0364232,0.0877832,0.0157653,1.13758e+07,0,0,0.741573,465,4,0,HOLD
2025-08-12 21:29:12 UTC,1h,KAIA-USDT,BTC-USDT,0.1517,120069.4,1.26343598e-06,,30,0.0201748,0.048376,0.0110651,6.58453e+06,0,0,0.741573,465,4,0,HOLD
2025-08-12 21:29:12 UTC,1h,KAITO-USDT,BTC-USDT,1.2235,120069.4,1.018994015e-05,,30,0.023678,0.0979002,0.0176659,6.93777e+06,0,0,0.741573,465,4,0,HOLD
2025-08-12 21:29:12 UTC,1h,KAS-USDT,BTC-USDT,0.09912,120069.4,8.255225728e-07,,30,0.0852951,0.134226,0.0176986,7.94362e+06,0,0,0.741573,465,4,0,HOLD
2025-08-12 21:29:12 UTC,1h,KAVA-USDT,BTC-USDT,0.3914,120069.4,3.259781426e-06,,30,0.0182102,0.0415114,0.00600409,2.17702e+06,0,0,0.741573,465,4,0,HOLD
2025-08-12 21:29:12 UTC,1h,KDA-USDT,BTC-USDT,0.4356,120069.4,3.627901863e-06,,30,0.0182328,0.0739645,0.015791,2.03247e+06,0,0,0.741573,465,4,0,HOLD
2025-08-12 21:29:12 UTC,1h,KERNEL-USDT,BTC-USDT,0.2061,120069.4,1.716507287e-06,,30,0.0243539,0.053681,0.0168434,6.60218e+06,0,0,0.741573,465,4,0,HOLD
2025-08-12 21:29:12 UTC,1h,KMNO-USDT,BTC-USDT,0.05712,120069.4,4.757248724e-07,,30,0.0554324,0.113885,0.0158063,552290,0,0,0.741573,465,4,0,HOLD
2025-08-12 21:29:12 UTC,1h,KNC-USDT,BTC-USDT,0.4291,120069.4,3.573766505e-06,,30,0.00374269,0.0453106,0.0125179,2.16493e+06,0,0,0.741573,465,4,0,HOLD
2025-08-12 21:29:12 UTC,1h,KOMA-USDT,BTC-USDT,0.02451,120069.4,2.041319437e-07,,30,0.00492005,0.0259523,0.0110451,1.91871e+06,0,0,0.741573,465,4,0,HOLD
2025-08-12 21:29:12 UTC,1h,KSM-USDT,BTC-USDT,15.879,120069.4,0.0001322485163,,30,0.020239,0.0721086,0.0136748,3.08345e+06,0,0,0.741573,465,4,0,HOLD
2025-08-12 21:29:12 UTC,1h,LA-USDT,BTC-USDT,0.3981,120069.4,3.315582488e-06,,30,-0.0683361,0.0976013,0.0440485,1.2195e+07,0,0,0.741573,465,4,0,HOLD
2025-08-12 21:29:12 UTC,1h,LAUNCHCOIN-USDT,BTC-USDT,0.0736,120069.4,6.129788272e-07,,30,0.0276459,0.0895633,0.022302,6.60881e+06,0,0,0.741573,465,4,0,HOLD
2025-08-12 21:29:12 UTC,1h,LAYER-USDT,BTC-USDT,0.6372,120069.4,5.306930825e-06,,30,0.0178914,0.0521797,0.0106156,6.4794e+06,0,0,0.741573,465,4,0,HOLD
2025-08-12 21:29:12 UTC,1h,LDO-USDT,BTC-USDT,1.5322,120069.4,1.276095325e-05,,30,-0.0288394,0.033385,0.0349917,3.45528e+07,0,0,0.741573,465,4,0,HOLD
2025-08-12 21:29:12 UTC,1h,LINK-USDT,BTC-USDT,23.431,120069.4,0.0001951454742,,30,-0.0238304,0.105914,0.0228391,8.54071e+07,0,0,0.741573,465,4,0,HOLD
2025-08-12 21:29:12 UTC,1h,LISTA-USDT,BTC-USDT,0.3122,120069.4,2.600162906e-06,,30,0.0146246,0.0533063,0.0188753,4.58786e+06,0,0,0.741573,465,4,0,HOLD
2025-08-12 21:29:12 UTC,1h,LPT-USDT,BTC-USDT,6.956,120069.4,5.793316199e-05,,30,0.0256561,0.0945712,0.0152489,2.29344e+06,0,0,0.741573,465,4,0,HOLD
2025-08-12 21:29:12 UTC,1h,LQTY-USDT,BTC-USDT,1.0478,120069.4,8.726619772e-06,,30,0.00114657,0.0542308,0.0170084,956197,0,0,0.741573,465,4,0,HOLD
2025-08-12 21:29:12 UTC,1h,LRC-USDT,BTC-USDT,0.09316,120069.4,7.758846134e-07,,30,0.030417,0.0981964,0.0150432,497589,0,0,0.741573,465,4,0,HOLD
2025-08-12 21:29:12 UTC,1h,LTC-USDT,BTC-USDT,131,120069.4,0.001091035684,,30,0.05297,0.10084,0.014084,4.71474e+07,0,0,0.741573,465,4,0,HOLD
2025-08-12 21:29:12 UTC,1h,LUMIA-USDT,BTC-USDT,0.3607,120069.4,3.004095965e-06,,30,0.0382844,0.111214,0.0213078,661560,0,0,0.741573,465,4,0,HOLD
2025-08-12 21:29:12 UTC,1h,LUNA-USDT,BTC-USDT,0.1667,120069.4,1.38836373e-06,,30,0.0090799,0.0530638,0.0149542,2.03764e+06,0,0,0.741573,465,4,0,HOLD
2025-08-12 21:29:12 UTC,1h,LUNC-USDT,BTC-USDT,6.231e-05,120069.4,5.18949874e-10,,30,-0.00160231,0.0338477,0.0100763,1.13151e+06,0,0,0.741573,465,4,0,HOLD
2025-08-12 21:29:12 UTC,1h,M-USDT,BTC-USDT,0.4276,120069.4,3.56127373e-06,,30,-0.0354162,-0.0495666,0.0186757,7.68531e+06,0,0,0.741573,465,4,0,HOLD
2025-08-12 21:29:12 UTC,1h,MAGIC-USDT,BTC-USDT,0.2717,120069.4,2.26285798e-06,,30,0.00406504,0.0149421,0.0243704,1.16674e+07,0,0,0.741573,465,4,0,HOLD
2025-08-12 21:29:12 UTC,1h,MANA-USDT,BTC-USDT,0.3112,120069.4,2.591834389e-06,,30,0.0257086,0.0757,0.013588,2.36759e+06,0,0,0.741573,465,4,0,HOLD
2025-08-12 21:29:12 UTC,1h,MANTA-USDT,BTC-USDT,0.2392,120069.4,1.992181189e-06,,30,0.0161427,0.0808857,0.0183051,1.03642e+06,0,0,0.741573,465,4,0,HOLD
2025-08-12 21:29:12 UTC,1h,MASK-USDT,BTC-USDT,1.3664,120069.4,1.138008518e-05,,30,0.0152314,0.0749744,0.0136961,2.24896e+06,0,0,0.741573,465,4,0,HOLD
2025-08-12 21:29:12 UTC,1h,MAV-USDT,BTC-USDT,0.06,120069.4,4.997110005e-07,,30,-0.00216198,0.0400416,0.045131,4.64506e+06,0,0,0.741573,465,4,0,HOLD
2025-08-12 21:29:12 UTC,1h,MAVIA-USDT,BTC-USDT,0.1952,120069.4,1.625726455e-06,,30,0.0344462,0.0483351,0.028103,7.48222e+06,0,0,0.741573,465,4,0,HOLD
2025-08-12 21:29:12 UTC,1h,MBOX-USDT,BTC-USDT,0.06184,120069.4,5.150354712e-07,,30,-0.00290229,0.103891,0.0182499,793871,0,0,0.741573,465,4,0,HOLD
2025-08-12 21:29:12 UTC,1h,ME-USDT,BTC-USDT,0.7535,120069.4,6.275537314e-06,,30,0.013859,0.0538462,0.0116504,834287,0,0,0.741573,465,4,0,HOLD
2025-08-12 21:29:12 UTC,1h,MELANIA-USDT,BTC-USDT,0.2303,120069.4,1.91805739e-06,,30,0.0290438,0.0827457,0.0145462,759676,0,0,0.741573,465,4,0,HOLD
2025-08-12 21:29:12 UTC,1h,MEME-USDT,BTC-USDT,0.001825,120069.4,1.519954293e-08,,30,0.0212647,0.0754272,0.0161644,2.24291e+06,0,0,0.741573,465,4,0,HOLD
2025-08-12 21:29:12 UTC,1h,MERL-USDT,BTC-USDT,0.11684,120069.4,9.731038883e-07,,30,0.0064605,0.0528972,0.0122573,6.37235e+06,0,0,0.741573,465,4,0,HOLD
2025-08-12 21:29:12 UTC,1h,METAX-USDT,BTC-USDT,791.53,120069.4,0.006592270803,,30,0.00169579,0.0305843,0.00842672,6.35714e+06,0,0,0.741573,465,4,0,HOLD
2025-08-12 21:29:12 UTC,1h,METIS-USDT,BTC-USDT,18.54,120069.4,0.0001544106991,,30,0.00162075,0.0685879,0.0198027,2.12466e+06,0,0,0.741573,465,4,0,HOLD
2025-08-12 21:29:12 UTC,1h,MEW-USDT,BTC-USDT,0.003362,120069.4,2.800047306e-08,,30,0.0402228,0.101573,0.0176553,3.43673e+06,0,0,0.741573,465,4,0,HOLD
2025-08-12 21:29:12 UTC,1h,MILK-USDT,BTC-USDT,0.05312,120069.4,4.424108058e-07,,30,0.0104622,0.0407524,0.0136215,6.37002e+06,0,0,0.741573,465,4,0,HOLD
2025-08-12 21:29:12 UTC,1h,MINA-USDT,BTC-USDT,0.201,120069.4,1.674031852e-06,,30,0.0192698,0.0783262,0.0143568,2.0999e+06,0,0,0.741573,465,4,0,HOLD
2025-08-12 21:29:12 UTC,1h,MKR-USDT,BTC-USDT,2009.6,120069.4,0.01673698711,,30,-0.0026799,0.0119851,0.0146547,7.22368e+06,0,0,0.741573,465,4,0,HOLD
2025-08-12 21:29:12 UTC,1h,MLN-USDT,BTC-USDT,9.982,120069.4,8.313525345e-05,,30,0.17256,0.213469,0.0306552,7.15316e+06,0,0,0.741573,465,4,0,HOLD
2025-08-12 21:29:12 UTC,1h,MNT-USDT,BTC-USDT,1.03964,120069.4,8.658659076e-06,,30,0.0122486,0.0159282,0.0154614,7.29474e+06,0,0,0.741573,465,4,0,HOLD
2025-08-12 21:29:12 UTC,1h,MOODENG-USDT,BTC-USDT,0.17965,120069.4,1.496218021e-06,,30,0.000167019,0.0190017,0.0181146,1.0312e+07,0,0,0.741573,465,4,0,HOLD
2025-08-12 21:29:12 UTC,1h,MORPHO-USDT,BTC-USDT,2.2324,120069.4,1.859258062e-05,,30,0.0289454,0.0979736,0.0180939,809766,0,0,0.741573,465,4,0,HOLD
2025-08-12 21:29:12 UTC,1h,MOVE-USDT,BTC-USDT,0.1436,120069.4,1.195974994e-06,,30,0.00984529,0.0613452,0.0120374,6.93763e+06,0,0,0.741573,465,4,0,HOLD
2025-08-12 21:29:12 UTC,1h,MOVR-USDT,BTC-USDT,6.775,120069.4,5.642570047e-05,,30,-0.00014758,0.0327744,0.0145809,1.98835e+06,0,0,0.741573,465,4,0,HOLD
2025-08-12 21:29:12 UTC,1h,MTL-USDT,BTC-USDT,0.7801,120069.4,6.497075858e-06,,30,0.0226796,0.0665846,0.0113539,560865,0,0,0.741573,465,4,0,HOLD
2025-08-12 21:29:12 UTC,1h,MUBARAK-USDT,BTC-USDT,0.03795,120069.4,3.160672078e-07,,30,-0.00393701,0.0799659,0.0185018,2.28695e+06,0,0,0.741573,465,4,0,HOLD
2025-08-12 21:29:12 UTC,1h,MYRO-USDT,BTC-USDT,0.02793,120069.4,2.326154707e-07,,30,0.0394492,0.117647,0.037773,4.01348e+06,0,0,0.741573,465,4,0,HOLD
2025-08-12 21:29:12 UTC,1h,MYX-USDT,BTC-USDT,1.70078,120069.4,1.416497459e-05,,30,0.000476479,0.017974,0.0264534,1.53748e+07,0,0,0.741573,465,4,0,HOLD
2025-08-12 21:29:12 UTC,1h,NAORIS-USDT,BTC-USDT,0.03242,120069.4,2.700105106e-07,,30,0.0454692,0.0767187,0.0279149,6.64115e+06,0,0,0.741573,465,4,0,HOLD
2025-08-12 21:29:12 UTC,1h,NEAR-USDT,BTC-USDT,2.8094,120069.4,2.339813475e-05,,30,0.0233117,0.0832048,0.0147973,1.33461e+07,0,0,0.741573,465,4,0,HOLD
2025-08-12 21:29:12 UTC,1h,NEIROCTO-USDT,BTC-USDT,0.000432,120069.4,3.597919203e-09,,30,0.0169492,0.0945022,0.0194444,7.16733e+06,0,0,0.741573,465,4,0,HOLD
2025-08-12 21:29:12 UTC,1h,NEIROETH-USDT,BTC-USDT,0.1214,120069.4,1.011081924e-06,,30,-0.00377482,-0.0189106,0.0226759,1.35986e+06,0,0,0.741573,465,4,0,HOLD
2025-08-12 21:29:12 UTC,1h,NEO-USDT,BTC-USDT,6.633,120069.4,5.52430511e-05,,30,0.0221914,0.0736484,0.0136654,2.81805e+06,0,0,0.741573,465,4,0,HOLD
2025-08-12 21:29:12 UTC,1h,NEWT-USDT,BTC-USDT,0.354,120069.4,2.948294903e-06,,30,0.0195853,0.062425,0.0140638,6.57315e+06,0,0,0.741573,465,4,0,HOLD
2025-08-12 21:29:12 UTC,1h,NFP-USDT,BTC-USDT,0.07474,120069.4,6.224733363e-07,,30,0.017286,0.0763249,0.0165144,561510,0,0,0.741573,465,4,0,HOLD
2025-08-12 21:29:12 UTC,1h,NIL-USDT,BTC-USDT,0.3176,120069.4,2.645136896e-06,,30,0.011465,0.0664876,0.0163053,6.40666e+06,0,0,0.741573,465,4,0,HOLD
2025-08-12 21:29:12 UTC,1h,NMR-USDT,BTC-USDT,9.117,120069.4,7.593108652e-05,,30,0.0151431,0.0738516,0.012841,4.21484e+06,0,0,0.741573,465,4,0,HOLD
2025-08-12 21:29:12 UTC,1h,NOT-USDT,BTC-USDT,0.002198,120069.4,1.830607965e-08,,30,-0.0108011,0.0285447,0.0168335,5.55746e+06,0,0,0.741573,465,4,0,HOLD
2025-08-12 21:29:12 UTC,1h,NTRN-USDT,BTC-USDT,0.10204,120069.4,8.498418415e-07,,30,0.0887751,0.173953,0.0269922,2.21726e+06,0,0,0.741573,465,4,0,HOLD
2025-08-12 21:29:12 UTC,1h,NVDAX-USDT,BTC-USDT,182.72,120069.4,0.001521786567,,30,0.00279897,0.00711018,0.00561359,6.35091e+06,0,0,0.741573,465,4,0,HOLD
2025-08-12 21:29:12 UTC,1h,NXPC-USDT,BTC-USDT,0.94043,120069.4,7.832386936e-06,,30,0.0231852,0.0569836,0.00969465,6.47269e+06,0,0,0.741573,465,4,0,HOLD
2025-08-12 21:29:12 UTC,1h,OBOL-USDT,BTC-USDT,0.1341,120069.4,1.116854086e-06,,30,0.00577514,0.0663168,0.0186907,6.45225e+06,0,0,0.741573,465,4,0,HOLD
2025-08-12 21:29:12 UTC,1h,OG-USDT,BTC-USDT,13.3567,120069.4,0.0001112414987,,30,-0.0554161,0.0221547,0.0348193,8.83436e+06,0,0,0.741573,465,4,0,HOLD
2025-08-12 21:29:12 UTC,1h,OL-USDT,BTC-USDT,0.04098,120069.4,3.413026133e-07,,30,-0.034629,0.0504999,0.0242801,1.6215e+06,0,0,0.741573,465,4,0,HOLD
2025-08-12 21:29:12 UTC,1h,OM-USDT,BTC-USDT,0.27848,120069.4,2.319325324e-06,,30,0.00982703,0.0721078,0.0145638,8.46617e+06,0,0,0.741573,465,4,0,HOLD
2025-08-12 21:29:12 UTC,1h,OMNINETWORK-USDT,BTC-USDT,4.401,120069.4,3.665380188e-05,,30,0.0138217,0.0387066,0.0148018,1.43932e+06,0,0,0.741573,465,4,0,HOLD
2025-08-12 21:29:12 UTC,1h,ONDO-USDT,BTC-USDT,1.0545,120069.4,8.782420833e-06,,30,0.0113168,0.0747044,0.0162772,1.95745e+07,0,0,0.741573,465,4,0,HOLD
2025-08-12 21:29:12 UTC,1h,ONE-USDT,BTC-USDT,0.01138,120069.4,9.477851976e-08,,30,0.0206278,0.076632,0.0161311,2.06807e+06,0,0,0.741573,465,4,0,HOLD
2025-08-12 21:29:12 UTC,1h,ONG-USDT,BTC-USDT,0.18184,120069.4,1.514457472e-06,,30,0.0222047,0.0636406,0.0104291,271938,0,0,0.741573,465,4,0,HOLD
2025-08-12 21:29:12 UTC,1h,ONT-USDT,BTC-USDT,0.1462,120069.4,1.217629138e-06,,30,0.0288529,0.0781711,0.0130936,1.91402e+06,0,0,0.741573,465,4,0,HOLD
2025-08-12 21:29:12 UTC,1h,OP-USDT,BTC-USDT,0.7923,120069.4,6.598683761e-06,,30,0.0133009,0.0622067,0.0160924,1.504e+07,0,0,0.741573,465,4,0,HOLD
2025-08-12 21:29:12 UTC,1h,ORCA-USDT,BTC-USDT,2.631,120069.4,2.191232737e-05,,30,0.0193723,0.057051,0.015692,7.32457e+06,0,0,0.741573,465,4,0,HOLD
2025-08-12 21:29:12 UTC,1h,ORDER-USDT,BTC-USDT,0.1242,120069.4,1.034401771e-06,,30,0.0255987,0.0552251,0.0192662,443494,0,0,0.741573,465,4,0,HOLD
2025-08-12 21:29:12 UTC,1h,ORDI-USDT,BTC-USDT,10.328,120069.4,8.601692021e-05,,30,0.0225743,0.088992,0.0183828,7.03642e+06,0,0,0.741573,465,4,0,HOLD
2025-08-12 21:29:12 UTC,1h,OXT-USDT,BTC-USDT,0.05753,120069.4,4.791395643e-07,,30,0.0348984,0.0588993,0.0112364,1.928e+06,0,0,0.741573,465,4,0,HOLD
2025-08-12 21:29:12 UTC,1h,PARTI-USDT,BTC-USDT,0.1967,120069.4,1.63821923e-06,,30,0.00975359,0.0760394,0.0196819,6.56066e+06,0,0,0.741573,465,4,0,HOLD
2025-08-12 21:29:12 UTC,1h,PAXG-USDT,BTC-USDT,3342.83,120069.4,0.0278408154,,30,-0.000953371,-0.000702503,0.00218015,7.12378e+06,0,0,0.741573,465,4,0,HOLD
2025-08-12 21:29:12 UTC,1h,PENDLE-USDT,BTC-USDT,5.623,120069.4,4.683124926e-05,,30,-0.00651955,0.0468991,0.0201938,1.41506e+07,0,0,0.741573,465,4,0,HOLD
2025-08-12 21:29:12 UTC,1h,PENGU-USDT,BTC-USDT,0.037293,120069.4,3.105953723e-07,,30,0.00569009,0.073736,0.0202757,2.93353e+07,0,0,0.741573,465,4,0,HOLD
2025-08-12 21:29:12 UTC,1h,PEOPLE-USDT,BTC-USDT,0.02068,120069.4,1.722337248e-07,,30,0.0192213,0.095339,0.0188243,5.7886e+06,0,0,0.741573,465,4,0,HOLD
2025-08-12 21:29:12 UTC,1h,PERP-USDT,BTC-USDT,0.3033,120069.4,2.526039107e-06,,30,0.0415522,0.0973227,0.0158966,2.04723e+06,0,0,0.741573,465,4,0,HOLD
2025-08-12 21:29:12 UTC,1h,PHA-USDT,BTC-USDT,0.11283,120069.4,9.397065364e-07,,30,0.0224739,0.0747761,0.0138768,420243,0,0,0.741573,465,4,0,HOLD
2025-08-12 21:29:12 UTC,1h,PHB-USDT,BTC-USDT,0.6114,120069.4,5.092055095e-06,,30,0.014435,0.0705656,0.016391,2.04557e+06,0,0,0.741573,465,4,0,HOLD
2025-08-12 21:29:12 UTC,1h,PI-USDT,BTC-USDT,0.3908,120069.4,3.254784316e-06,,30,0.0150649,0.0344097,0.0114235,9.06539e+06,0,0,0.741573,465,4,0,HOLD
2025-08-12 21:29:12 UTC,1h,PIXEL-USDT,BTC-USDT,0.03672,120069.4,3.058231323e-07,,30,0.0174564,0.0771487,0.0174292,437945,0,0,0.741573,465,4,0,HOLD
2025-08-12 21:29:12 UTC,1h,PLAYSOUT-USDT,BTC-USDT,0.0463,120069.4,3.85610322e-07,,30,-0.0835313,-0.0153126,0.0408516,6.74919e+06,0,0,0.741573,465,4,0,HOLD
2025-08-12 21:29:12 UTC,1h,PLUME-USDT,BTC-USDT,0.09926,120069.4,8.266885651e-07,,30,0.0307373,0.0991031,0.0175441,6.52734e+06,0,0,0.741573,465,4,0,HOLD
2025-08-12 21:29:12 UTC,1h,PNUT-USDT,BTC-USDT,0.25699,120069.4,2.1403455e-06,,30,0.0190333,0.0885256,0.0166571,8.23878e+06,0,0,0.741573,465,4,0,HOLD
2025-08-12 21:29:12 UTC,1h,POL-USDT,BTC-USDT,0.24801,120069.4,2.06555542e-06,,30,0.0184379,0.061823,0.0132253,7.81012e+06,0,0,0.741573,465,4,0,HOLD
2025-08-12 21:29:12 UTC,1h,POLYX-USDT,BTC-USDT,0.14742,120069.4,1.227789928e-06,,30,0.0161991,0.0612627,0.010112,1.94468e+06,0,0,0.741573,465,4,0,HOLD
2025-08-12 21:29:12 UTC,1h,PONKE-USDT,BTC-USDT,0.12524,120069.4,1.043063428e-06,,30,0.0613559,0.128695,0.02084,6.4689e+06,0,0,0.741573,465,4,0,HOLD
2025-08-12 21:29:12 UTC,1h,POPCAT-USDT,BTC-USDT,0.3344,120069.4,2.785055976e-06,,30,0.0407719,0.106186,0.0200786,9.40056e+06,0,0,0.741573,465,4,0,HOLD
2025-08-12 21:29:12 UTC,1h,PORT3-USDT,BTC-USDT,0.04613,120069.4,3.841944742e-07,,30,0.025795,0.0248834,0.0310923,1.00851e+07,0,0,0.741573,465,4,0,HOLD
2025-08-12 21:29:12 UTC,1h,PORTAL-USDT,BTC-USDT,0.05123,120069.4,4.266699092e-07,,30,0.00767113,0.0525991,0.0188227,765029,0,0,0.741573,465,4,0,HOLD
2025-08-12 21:29:12 UTC,1h,POWR-USDT,BTC-USDT,0.1799,120069.4,1.49830015e-06,,30,0.0215786,0.0657583,0.0111173,1.93361e+06,0,0,0.741573,465,4,0,HOLD
2025-08-12 21:29:12 UTC,1h,PRCL-USDT,BTC-USDT,0.0914,120069.4,7.612264241e-07,,30,-0.0010929,0.0640279,0.0185996,6.38153e+06,0,0,0.741573,465,4,0,HOLD
2025-08-12 21:29:12 UTC,1h,PROM-USDT,BTC-USDT,10.038,120069.4,8.360165038e-05,,30,-0.0168462,-0.00633538,0.025439,6.0639e+06,0,0,0.741573,465,4,0,HOLD
2025-08-12 21:29:12 UTC,1h,PROMPT-USDT,BTC-USDT,0.12735,120069.4,1.060636599e-06,,30,0.00839338,0.0550079,0.0161198,6.43587e+06,0,0,0.741573,465,4,0,HOLD
2025-08-12 21:29:12 UTC,1h,PROVE-USDT,BTC-USDT,1.4691,120069.4,1.223542385e-05,,30,-0.00372983,-0.0341223,0.0317395,3.99808e+07,0,0,0.741573,465,4,0,HOLD
2025-08-12 21:29:12 UTC,1h,PUFFER-USDT,BTC-USDT,0.2357,120069.4,1.96303138e-06,,30,-0.00590468,0.0636282,0.0211528,660185,0,0,0.741573,465,4,0,HOLD
2025-08-12 21:29:12 UTC,1h,PUMP-USDT,BTC-USDT,0.004044,120069.4,3.368052143e-08,,30,0.084473,0.171834,0.029444,5.09768e+07,0,0,0.741573,465,4,0,HOLD
2025-08-12 21:29:12 UTC,1h,PUMPBTC-USDT,BTC-USDT,0.04294,120069.4,3.57626506e-07,,30,0.0156102,0.0532254,0.0189467,3.25946e+06,0,0,0.741573,465,4,0,HOLD
2025-08-12 21:29:12 UTC,1h,PUNDIX-USDT,BTC-USDT,0.3217,120069.4,2.679283814e-06,,30,0.0170724,0.0537177,0.011346,6.35171e+06,0,0,0.741573,465,4,0,HOLD
2025-08-12 21:29:12 UTC,1h,PYTH-USDT,BTC-USDT,0.13013,120069.4,1.083789875e-06,,30,0.0255339,0.090871,0.015759,2.3859e+06,0,0,0.741573,465,4,0,HOLD
2025-08-12 21:29:12 UTC,1h,QNT-USDT,BTC-USDT,114.49,120069.4,0.0009535318741,,30,0.0025394,0.04395,0.00970141,2.35814e+06,0,0,0.741573,465,4,0,HOLD
2025-08-12 21:29:12 UTC,1h,QUICK-USDT,BTC-USDT,0.02467,120069.4,2.054645064e-07,,30,0.0152263,0.0665802,0.0149111,1.91891e+06,0,0,0.741573,465,4,0,HOLD
2025-08-12 21:29:12 UTC,1h,RARE-USDT,BTC-USDT,0.0606,120069.4,5.047081105e-07,,30,0.0041425,0.0462707,0.0121523,9.24029e+06,0,0,0.741573,465,4,0,HOLD
2025-08-12 21:29:12 UTC,1h,RATS-USDT,BTC-USDT,1.743e-05,120069.4,1.451660456e-10,,30,0.0198947,0.0805952,0.0154905,2.42125e+06,0,0,0.741573,465,4,0,HOLD
2025-08-12 21:29:12 UTC,1h,RAY-USDT,BTC-USDT,3.3176,120069.4,2.763068692e-05,,30,0.0278527,0.0923219,0.0190327,2.04994e+06,0,0,0.741573,465,4,0,HOLD
2025-08-12 21:29:12 UTC,1h,RDO-USDT,BTC-USDT,0.000909,120069.4,7.570621657e-09,,30,0.140527,0.215241,0.0444759,1.3363e+06,0,0,0.741573,465,4,0,HOLD
2025-08-12 21:29:12 UTC,1h,REDSTONE-USDT,BTC-USDT,0.4215,120069.4,3.510469778e-06,,30,-0.011955,0.0361357,0.0183359,6.41231e+06,0,0,0.741573,465,4,0,HOLD
2025-08-12 21:29:12 UTC,1h,RENDER-USDT,BTC-USDT,4.101,120069.4,3.415524688e-05,,30,0.0413916,0.100054,0.0154492,6.21352e+06,0,0,0.741573,465,4,0,HOLD
2025-08-12 21:29:12 UTC,1h,RESOLV-USDT,BTC-USDT,0.18902,120069.4,1.574256222e-06,,30,0.00649627,0.0573954,0.0200772,7.30241e+06,0,0,0.741573,465,4,0,HOLD
2025-08-12 21:29:12 UTC,1h,REX-USDT,BTC-USDT,0.02007,120069.4,1.671533297e-07,,30,-0.01133,0.00702459,0.0288989,6.77032e+06,0,0,0.741573,465,4,0,HOLD
2025-08-12 21:29:12 UTC,1h,REZ-USDT,BTC-USDT,0.01501,120069.4,1.250110353e-07,,30,0.0107744,0.0503849,0.0241744,6.65743e+06,0,0,0.741573,465,4,0,HOLD
2025-08-12 21:29:12 UTC,1h,RFC-USDT,BTC-USDT,0.00872,120069.4,7.26246654e-08,,30,0.0941029,0.0954774,0.0215433,309138,0,0,0.741573,465,4,0,HOLD
2025-08-12 21:29:12 UTC,1h,RHEA-USDT,BTC-USDT,0.06744,120069.4,5.616751645e-07,,30,0.0153568,0.054409,0.0283109,6.48775e+06,0,0,0.741573,465,4,0,HOLD
2025-08-12 21:29:12 UTC,1h,RLC-USDT,BTC-USDT,1.0393,120069.4,8.65582738e-06,,30,0.00678097,0.0858844,0.0174156,403453,0,0,0.741573,465,4,0,HOLD
2025-08-12 21:29:12 UTC,1h,ROAM-USDT,BTC-USDT,0.0825,120069.4,6.871026256e-07,,30,0,0.0325407,0.0107359,409601,0,0,0.741573,465,4,0,HOLD
2025-08-12 21:29:12 UTC,1h,ROSE-USDT,BTC-USDT,0.02907,120069.4,2.421099797e-07,,30,0.013245,0.0738825,0.0162416,2.29935e+06,0,0,0.741573,465,4,0,HOLD
2025-08-12 21:29:12 UTC,1h,RPL-USDT,BTC-USDT,8.88,120069.4,7.395722807e-05,,30,0.0148571,0.0867703,0.0246219,6.52638e+06,0,0,0.741573,465,4,0,HOLD
2025-08-12 21:29:12 UTC,1h,RSR-USDT,BTC-USDT,0.009733,120069.4,8.106145279e-08,,30,0.0016466,0.0810841,0.0216568,2.56194e+06,0,0,0.741573,465,4,0,HOLD
2025-08-12 21:29:12 UTC,1h,RUNE-USDT,BTC-USDT,1.468,120069.4,1.222626248e-05,,30,0.0152144,0.0817981,0.015327,5.909e+06,0,0,0.741573,465,4,0,HOLD
2025-08-12 21:29:12 UTC,1h,RVN-USDT,BTC-USDT,0.01468,120069.4,1.222626248e-07,,30,0.0138122,0.0676364,0.013478,729737,0,0,0.741573,465,4,0,HOLD
2025-08-12 21:29:12 UTC,1h,S-USDT,BTC-USDT,0.3171,120069.4,2.640972637e-06,,30,0.0134228,0.0648086,0.0161959,7.12742e+06,0,0,0.741573,465,4,0,HOLD
2025-08-12 21:29:12 UTC,1h,SAFE-USDT,BTC-USDT,0.4562,120069.4,3.799469307e-06,,30,0.0205817,0.0543101,0.011743,6.40602e+06,0,0,0.741573,465,4,0,HOLD
2025-08-12 21:29:12 UTC,1h,SAGA-USDT,BTC-USDT,0.2802,120069.4,2.333650372e-06,,30,0.0170599,0.0822711,0.0186601,3.2949e+06,0,0,0.741573,465,4,0,HOLD
2025-08-12 21:29:12 UTC,1h,SAHARA-USDT,BTC-USDT,0.09666,120069.4,8.050344218e-07,,30,0.0084507,0.0480321,0.0155109,8.07179e+06,0,0,0.741573,465,4,0,HOLD
2025-08-12 21:29:12 UTC,1h,SAND-USDT,BTC-USDT,0.30237,120069.4,2.518293587e-06,,30,0.0255741,0.0760115,0.0128367,2.85519e+06,0,0,0.741573,465,4,0,HOLD
2025-08-12 21:29:12 UTC,1h,SANTOS-USDT,BTC-USDT,2.872,120069.4,2.391949989e-05,,30,0.0134086,0.0260807,0.0206178,6.76661e+06,0,0,0.741573,465,4,0,HOLD
2025-08-12 21:29:12 UTC,1h,SCR-USDT,BTC-USDT,0.3783,120069.4,3.150677858e-06,,30,0.0288278,0.128917,0.0383671,3.15961e+06,0,0,0.741573,465,4,0,HOLD
2025-08-12 21:29:12 UTC,1h,SEI-USDT,BTC-USDT,0.3256,120069.4,2.711765029e-06,,30,0.0229343,0.0767196,0.0163873,1.3882e+07,0,0,0.741573,465,4,0,HOLD
2025-08-12 21:29:12 UTC,1h,SERAPH-USDT,BTC-USDT,0.15038,120069.4,1.252442338e-06,,30,-0.00608063,-0.00548905,0.0118224,403285,0,0,0.741573,465,4,0,HOLD
2025-08-12 21:29:12 UTC,1h,SFP-USDT,BTC-USDT,0.5265,120069.4,4.384964029e-06,,30,0.0221316,0.0657895,0.00994438,532038,0,0,0.741573,465,4,0,HOLD
2025-08-12 21:29:12 UTC,1h,SHELL-USDT,BTC-USDT,0.1696,120069.4,1.412516428e-06,,30,-0.0286369,0.0101251,0.0339454,6.72714e+06,0,0,0.741573,465,4,0,HOLD
2025-08-12 21:29:12 UTC,1h,SHIB-USDT,BTC-USDT,1.3679e-05,120069.4,1.139257796e-10,,30,0.0192996,0.0628594,0.0126106,9.16808e+06,0,0,0.741573,465,4,0,HOLD
2025-08-12 21:29:12 UTC,1h,SIDEKICK-USDT,BTC-USDT,0.2451,120069.4,2.041319437e-06,,30,0.0816417,0.136827,0.0631229,6.74186e+06,0,0,0.741573,465,4,0,HOLD
2025-08-12 21:29:12 UTC,1h,SIGN-USDT,BTC-USDT,0.07042,120069.4,5.864941442e-07,,30,0.0100402,0.0336122,0.00885503,6.43411e+06,0,0,0.741573,465,4,0,HOLD
2025-08-12 21:29:12 UTC,1h,SIREN-USDT,BTC-USDT,0.09188,120069.4,7.652241121e-07,,30,-0.0392136,-0.0323328,0.0232602,2.24444e+06,0,0,0.741573,465,4,0,HOLD
2025-08-12 21:29:12 UTC,1h,SKATE-USDT,BTC-USDT,0.04675,120069.4,3.893581545e-07,,30,-0.00106838,0.015642,0.0161497,6.47505e+06,0,0,0.741573,465,4,0,HOLD
2025-08-12 21:29:12 UTC,1h,SKL-USDT,BTC-USDT,0.02262,120069.4,1.883910472e-07,,30,0.0579981,0.118694,0.0215044,2.19743e+06,0,0,0.741573,465,4,0,HOLD
2025-08-12 21:29:12 UTC,1h,SKYAI-USDT,BTC-USDT,0.06723,120069.4,5.59926176e-07,,30,-0.0186834,-0.00986745,0.011092,6.39777e+06,0,0,0.741573,465,4,0,HOLD
2025-08-12 21:29:12 UTC,1h,SLERF-USDT,BTC-USDT,0.08151,120069.4,6.788573941e-07,,30,0.0573356,0.0983695,0.014836,1.97977e+06,0,0,0.741573,465,4,0,HOLD
2025-08-12 21:29:12 UTC,1h,SLP-USDT,BTC-USDT,0.002027,120069.4,1.68819033e-08,,30,0.0191051,0.0724868,0.0154697,1.97971e+06,0,0,0.741573,465,4,0,HOLD
2025-08-12 21:29:12 UTC,1h,SNT-USDT,BTC-USDT,0.02869,120069.4,2.389451434e-07,,30,0.0134228,0.0402466,0.00871384,1.91917e+06,0,0,0.741573,465,4,0,HOLD
2025-08-12 21:29:12 UTC,1h,SNX-USDT,BTC-USDT,0.696,120069.4,5.796647605e-06,,30,0.0265487,0.0807453,0.0138547,2.19435e+06,0,0,0.741573,465,4,0,HOLD
2025-08-12 21:29:12 UTC,1h,SOL-USDT,BTC-USDT,192.009,120069.4,0.001599150158,,30,0.0572077,0.100717,0.0131006,5.98237e+08,0,0,0.741573,465,4,0,HOLD
2025-08-12 21:29:12 UTC,1h,SOLV-USDT,BTC-USDT,0.04215,120069.4,3.510469778e-07,,30,-0.011955,-0.0279059,0.0152347,6.39593e+06,0,0,0.741573,465,4,0,HOLD
2025-08-12 21:29:12 UTC,1h,SONIC-USDT,BTC-USDT,0.2156,120069.4,1.795628195e-06,,30,0.0122066,0.0445736,0.0129208,701120,0,0,0.741573,465,4,0,HOLD
2025-08-12 21:29:12 UTC,1h,SOON-USDT,BTC-USDT,0.44998,120069.4,3.747665933e-06,,30,0.0171108,0.0743225,0.0516166,6.44297e+07,0,0,0.741573,465,4,0,HOLD
2025-08-12 21:29:12 UTC,1h,SOPH-USDT,BTC-USDT,0.040216,120069.4,3.349396266e-07,,30,0.0360676,0.0737151,0.015573,7.03294e+06,0,0,0.741573,465,4,0,HOLD
2025-08-12 21:29:12 UTC,1h,SPK-USDT,BTC-USDT,0.09138,120069.4,7.610598537e-07,,30,-0.123201,-0.0669798,0.0341979,1.51772e+07,0,0,0.741573,465,4,0,HOLD
2025-08-12 21:29:12 UTC,1h,SPX-USDT,BTC-USDT,1.8138,120069.4,1.510626354e-05,,30,0.0146565,0.0642493,0.0232031,9.85789e+06,0,0,0.741573,465,4,0,HOLD
2025-08-12 21:29:12 UTC,1h,SQD-USDT,BTC-USDT,0.14819,120069.4,1.234202886e-06,,30,0.0252525,-0.00376471,0.0205672,6.40376e+06,0,0,0.741573,465,4,0,HOLD
2025-08-12 21:29:12 UTC,1h,SSV-USDT,BTC-USDT,10.582,120069.4,8.813236345e-05,,30,-0.00150972,0.0528306,0.0220658,2.31965e+06,0,0,0.741573,465,4,0,HOLD
2025-08-12 21:29:12 UTC,1h,STG-USDT,BTC-USDT,0.1906,120069.4,1.587415278e-06,,30,0.00527426,0.0636161,0.0141283,1.19251e+06,0,0,0.741573,465,4,0,HOLD
2025-08-12 21:29:12 UTC,1h,STO-USDT,BTC-USDT,0.1,120069.4,8.328516675e-07,,30,-0.0175852,0.109262,0.0295786,6.54274e+06,0,0,0.741573,465,4,0,HOLD
2025-08-12 21:29:12 UTC,1h,STORJ-USDT,BTC-USDT,0.2824,120069.4,2.351973109e-06,,30,0.0205999,0.0612552,0.0127732,4.59149e+06,0,0,0.741573,465,4,0,HOLD
2025-08-12 21:29:12 UTC,1h,STRK-USDT,BTC-USDT,0.1398,120069.4,1.164326631e-06,,30,0.0332594,0.103394,0.0176783,7.24867e+06,0,0,0.741573,465,4,0,HOLD
2025-08-12 21:29:12 UTC,1h,STX-USDT,BTC-USDT,0.7606,120069.4,6.334669783e-06,,30,0.0285328,0.0736872,0.0136171,9.94322e+06,0,0,0.741573,465,4,0,HOLD
2025-08-12 21:29:12 UTC,1h,SUI-USDT,BTC-USDT,3.8998,120069.4,3.247954933e-05,,30,0.0244031,0.0718153,0.0139696,7.24434e+07,0,0,0.741573,465,4,0,HOLD
2025-08-12 21:29:12 UTC,1h,SUN-USDT,BTC-USDT,0.02295,120069.4,1.911394577e-07,,30,0.00464017,0.0229096,0.00779645,2.28056e+06,0,0,0.741573,465,4,0,HOLD
2025-08-12 21:29:12 UTC,1h,SUPER-USDT,BTC-USDT,0.7915,120069.4,6.592020948e-06,,30,0.015134,0.0719122,0.0145745,2.1564e+06,0,0,0.741573,465,4,0,HOLD
2025-08-12 21:29:12 UTC,1h,SUSHI-USDT,BTC-USDT,0.879,120069.4,7.320766157e-06,,30,0.0254316,0.0876021,0.016496,3.69658e+06,0,0,0.741573,465,4,0,HOLD
2025-08-12 21:29:12 UTC,1h,SWARMS-USDT,BTC-USDT,0.02572,120069.4,2.142094489e-07,,30,-0.00502901,0.051083,0.0279938,9.6753e+06,0,0,0.741573,465,4,0,HOLD
2025-08-12 21:29:12 UTC,1h,SWELL-USDT,BTC-USDT,0.0111,120069.4,9.244653509e-08,,30,-0.0106952,0.0946746,0.0337838,1.27954e+06,0,0,0.741573,465,4,0,HOLD
2025-08-12 21:29:12 UTC,1h,SXP-USDT,BTC-USDT,0.1913,120069.4,1.59324524e-06,,30,0.0186368,0.0569061,0.0107908,1.95521e+06,0,0,0.741573,465,4,0,HOLD
2025-08-12 21:29:12 UTC,1h,SXT-USDT,BTC-USDT,0.08897,120069.4,7.409881285e-07,,30,0.0208835,0.0560237,0.0164743,6.36419e+06,0,0,0.741573,465,4,0,HOLD
2025-08-12 21:29:12 UTC,1h,SYN-USDT,BTC-USDT,0.1472,120069.4,1.225957654e-06,,30,0.0123796,0.0775988,0.0177116,4.06265e+06,0,0,0.741573,465,4,0,HOLD
2025-08-12 21:29:12 UTC,1h,SYRUP-USDT,BTC-USDT,0.47952,120069.4,3.993690316e-06,,30,-0.00607317,0.023806,0.0168293,7.07212e+06,0,0,0.741573,465,4,0,HOLD
2025-08-12 21:29:12 UTC,1h,TA-USDT,BTC-USDT,0.06269,120069.4,5.221147103e-07,,30,-0.00806962,0.0240118,0.0216827,6.42615e+06,0,0,0.741573,465,4,0,HOLD
2025-08-12 21:29:12 UTC,1h,TAC-USDT,BTC-USDT,0.0143,120069.4,1.190977884e-07,,30,-0.00209351,-0.0103806,0.0394605,7.85725e+06,0,0,0.741573,465,4,0,HOLD
2025-08-12 21:29:12 UTC,1h,TAG-USDT,BTC-USDT,0.0011975,120069.4,9.973398718e-09,,30,-0.0461208,0.00571093,0.0320191,7.67869e+06,0,0,0.741573,465,4,0,HOLD
2025-08-12 21:29:12 UTC,1h,TAI-USDT,BTC-USDT,0.07234,120069.4,6.024848962e-07,,30,-0.0108027,0.0531373,0.0258896,6.41385e+06,0,0,0.741573,465,4,0,HOLD
2025-08-12 21:29:12 UTC,1h,TAIKO-USDT,BTC-USDT,0.485,120069.4,4.039330587e-06,,30,0.01422,0.0605729,0.0114728,6.38102e+06,0,0,0.741573,465,4,0,HOLD
2025-08-12 21:29:12 UTC,1h,TANSSI-USDT,BTC-USDT,0.05838,120069.4,4.862188035e-07,,30,0.0158343,0.0404562,0.0212769,6.51462e+06,0,0,0.741573,465,4,0,HOLD
2025-08-12 21:29:12 UTC,1h,TAO-USDT,BTC-USDT,394.5,120069.4,0.003285599828,,30,0.0382945,0.089779,0.0154825,1.44872e+07,0,0,0.741573,465,4,0,HOLD
2025-08-12 21:29:12 UTC,1h,THE-USDT,BTC-USDT,0.3985,120069.4,3.318913895e-06,,30,0.0434669,0.101133,0.0189819,6.5618e+06,0,0,0.741573,465,4,0,HOLD
2025-08-12 21:29:12 UTC,1h,THETA-USDT,BTC-USDT,0.8913,120069.4,7.423206912e-06,,30,0.0194441,0.0785334,0.0155872,3.21303e+06,0,0,0.741573,465,4,0,HOLD
2025-08-12 21:29:12 UTC,1h,TIA-USDT,BTC-USDT,1.8775,120069.4,1.563679006e-05,,30,0.0308005,0.0969269,0.016051,1.08921e+07,0,0,0.741573,465,4,0,HOLD
2025-08-12 21:29:12 UTC,1h,TLM-USDT,BTC-USDT,0.005233,120069.4,4.358312776e-08,,30,0.0244714,0.0832126,0.0145642,3.59248e+06,0,0,0.741573,465,4,0,HOLD
2025-08-12 21:29:12 UTC,1h,TNSR-USDT,BTC-USDT,0.1421,120069.4,1.183482219e-06,,30,0.0201005,0.0781487,0.0159847,6.43666e+06,0,0,0.741573,465,4,0,HOLD
2025-08-12 21:29:12 UTC,1h,TOKEN-USDT,BTC-USDT,0.01691,120069.4,1.40835217e-07,,30,0.0348837,0.0695762,0.0165582,5.81623e+06,0,0,0.741573,465,4,0,HOLD
2025-08-12 21:29:12 UTC,1h,TONCOIN-USDT,BTC-USDT,3.501,120069.4,2.915813688e-05,,30,0.0218914,0.0370261,0.0115681,8.36273e+06,0,0,0.741573,465,4,0,HOLD
2025-08-12 21:29:12 UTC,1h,TOSHI-USDT,BTC-USDT,0.000795,120069.4,6.621170756e-09,,30,-0.0233415,0.0529801,0.031177,6.71116e+06,0,0,0.741573,465,4,0,HOLD
2025-08-12 21:29:12 UTC,1h,TOWNS-USDT,BTC-USDT,0.03277,120069.4,2.729254914e-07,,30,0.0101726,0.0660377,0.0223637,7.99984e+06,0,0,0.741573,465,4,0,HOLD
2025-08-12 21:29:12 UTC,1h,TRB-USDT,BTC-USDT,39.961,120069.4,0.0003328158548,,30,0.0261408,0.0892117,0.013885,5.46148e+06,0,0,0.741573,465,4,0,HOLD
2025-08-12 21:29:12 UTC,1h,TREE-USDT,BTC-USDT,0.4266,120069.4,3.552945213e-06,,30,0.00518379,0.0797267,0.0197576,8.13332e+06,0,0,0.741573,465,4,0,HOLD
2025-08-12 21:29:12 UTC,1h,TRU-USDT,BTC-USDT,0.03372,120069.4,2.808375823e-07,,30,0.0184234,0.0677644,0.0187256,1.99138e+06,0,0,0.741573,465,4,0,HOLD
2025-08-12 21:29:12 UTC,1h,TRUMP-USDT,BTC-USDT,9.201,120069.4,7.663068192e-05,,30,0.0188241,0.0495038,0.0135622,8.56925e+06,0,0,0.741573,465,4,0,HOLD
2025-08-12 21:29:12 UTC,1h,TRX-USDT,BTC-USDT,0.35313,120069.4,2.941049093e-06,,30,0.0110806,0.0181939,0.00477364,1.44852e+07,0,0,0.741573,465,4,0,HOLD
2025-08-12 21:29:12 UTC,1h,TST-USDT,BTC-USDT,0.02729,120069.4,2.2728522e-07,,30,0.0274849,0.0471988,0.0212794,8.62705e+06,0,0,0.741573,465,4,0,HOLD
2025-08-12 21:29:12 UTC,1h,TURBO-USDT,BTC-USDT,0.0049299,120069.4,4.105875435e-08,,30,0.0134652,0.0801472,0.0169186,6.50244e+06,0,0,0.741573,465,4,0,HOLD
2025-08-12 21:29:12 UTC,1h,TUT-USDT,BTC-USDT,0.05947,120069.4,4.952968866e-07,,30,-0.0194559,-0.0041862,0.00557304,1.94186e+06,0,0,0.741573,465,4,0,HOLD
2025-08-12 21:29:12 UTC,1h,TWT-USDT,BTC-USDT,0.799,120069.4,6.654484823e-06,,30,0.0239651,0.0535338,0.00877883,2.06955e+06,0,0,0.741573,465,4,0,HOLD
2025-08-12 21:29:12 UTC,1h,UMA-USDT,BTC-USDT,1.357,120069.4,1.130179713e-05,,30,-0.0941255,0.0626468,0.039741,6.29417e+06,0,0,0.741573,465,4,0,HOLD
2025-08-12 21:29:12 UTC,1h,UNI-USDT,BTC-USDT,11.536,120069.4,9.607776836e-05,,30,0.0164772,0.0524587,0.0170522,4.15518e+07,0,0,0.741573,465,4,0,HOLD
2025-08-12 21:29:12 UTC,1h,USELESS-USDT,BTC-USDT,0.219,120069.4,1.823945152e-06,,30,-0.0144014,0.0651751,0.0423353,7.12844e+06,0,0,0.741573,465,4,0,HOLD
2025-08-12 21:29:12 UTC,1h,USTC-USDT,BTC-USDT,0.014539,120069.4,1.210883039e-07,,30,-0.00791539,0.00916221,0.0200643,2.31961e+06,0,0,0.741573,465,4,0,HOLD
2025-08-12 21:29:12 UTC,1h,USUAL-USDT,BTC-USDT,0.07927,120069.4,6.602015168e-07,,30,0.0199434,0.0747017,0.0192921,2.17848e+06,0,0,0.741573,465,4,0,HOLD
2025-08-12 21:29:12 UTC,1h,UXLINK-USDT,BTC-USDT,0.3573,120069.4,2.975779008e-06,,30,0.0130422,0.0549159,0.0134341,6.64288e+06,0,0,0.741573,465,4,0,HOLD
2025-08-12 21:29:12 UTC,1h,VANA-USDT,BTC-USDT,4.531,120069.4,3.773650905e-05,,30,0.015009,0.0569163,0.0124854,6.3838e+06,0,0,0.741573,465,4,0,HOLD
2025-08-12 21:29:12 UTC,1h,VANRY-USDT,BTC-USDT,0.03348,120069.4,2.788387383e-07,,30,0.0179386,0.0995074,0.0177931,463339,0,0,0.741573,465,4,0,HOLD
2025-08-12 21:29:12 UTC,1h,VELODROME-USDT,BTC-USDT,0.06084,120069.4,5.067069545e-07,,30,0.00611874,0.0516854,0.0172466,566847,0,0,0.741573,465,4,0,HOLD
2025-08-12 21:29:12 UTC,1h,VELVET-USDT,BTC-USDT,0.06608,120069.4,5.503483819e-07,,30,-0.0119617,-0.0091468,0.022062,6.42204e+06,0,0,0.741573,465,4,0,HOLD
2025-08-12 21:29:12 UTC,1h,VET-USDT,BTC-USDT,0.025853,120069.4,2.153171416e-07,,30,0.0271355,0.0717158,0.0123141,3.20559e+06,0,0,0.741573,465,4,0,HOLD
2025-08-12 21:29:12 UTC,1h,VIC-USDT,BTC-USDT,0.2685,120069.4,2.236206727e-06,,30,0.0193622,0.0566706,0.013594,6.49731e+06,0,0,0.741573,465,4,0,HOLD
2025-08-12 21:29:12 UTC,1h,VINE-USDT,BTC-USDT,0.0695,120069.4,5.788319089e-07,,30,0.0114976,0.0674244,0.0254573,1.86739e+07,0,0,0.741573,465,4,0,HOLD
2025-08-12 21:29:12 UTC,1h,VIRTUAL-USDT,BTC-USDT,1.377,120069.4,1.146836746e-05,,30,0.00790514,0.0602911,0.0177819,9.3129e+06,0,0,0.741573,465,4,0,HOLD
2025-08-12 21:29:12 UTC,1h,VOXEL-USDT,BTC-USDT,0.06127,120069.4,5.102882166e-07,,30,0.00690222,0.0687249,0.0159015,428425,0,0,0.741573,465,4,0,HOLD
2025-08-12 21:29:12 UTC,1h,VTHO-USDT,BTC-USDT,0.002002,120069.4,1.667369038e-08,,30,0.0157281,0.0660277,0.0125589,437201,0,0,0.741573,465,4,0,HOLD
2025-08-12 21:29:12 UTC,1h,VVV-USDT,BTC-USDT,2.961,120069.4,2.466073787e-05,,30,0.00645819,0.0654912,0.0180923,322262,0,0,0.741573,465,4,0,HOLD
2025-08-12 21:29:12 UTC,1h,W-USDT,BTC-USDT,0.08844,120069.4,7.365740147e-07,,30,0.0141039,0.0673425,0.0167587,6.98676e+06,0,0,0.741573,465,4,0,HOLD
2025-08-12 21:29:12 UTC,1h,WAL-USDT,BTC-USDT,0.4311,120069.4,3.590423538e-06,,30,0.02594,0.0869894,0.0151937,6.55936e+06,0,0,0.741573,465,4,0,HOLD
2025-08-12 21:29:12 UTC,1h,WCT-USDT,BTC-USDT,0.3651,120069.4,3.040741438e-06,,30,0.11515,0.187703,0.0270572,9.92166e+06,0,0,0.741573,465,4,0,HOLD
2025-08-12 21:29:12 UTC,1h,WIF-USDT,BTC-USDT,0.9941,120069.4,8.279378426e-06,,30,0.04018,0.102595,0.0186385,4.46006e+07,0,0,0.741573,465,4,0,HOLD
2025-08-12 21:29:12 UTC,1h,WLD-USDT,BTC-USDT,1.0688,120069.4,8.901518622e-06,,30,0.0298709,0.0909462,0.0156651,1.62499e+07,0,0,0.741573,465,4,0,HOLD
2025-08-12 21:29:12 UTC,1h,WOO-USDT,BTC-USDT,0.08143,120069.4,6.781911128e-07,,30,0.0249213,0.0821262,0.0136138,2.15616e+06,0,0,0.741573,465,4,0,HOLD
2025-08-12 21:29:12 UTC,1h,X-USDT,BTC-USDT,5.682e-05,120069.4,4.732263174e-10,,30,0.0159127,0.0616592,0.0280082,6.67888e+06,0,0,0.741573,465,4,0,HOLD
2025-08-12 21:29:12 UTC,1h,XAI-USDT,BTC-USDT,0.05494,120069.4,4.575687061e-07,,30,0.0196733,0.0791593,0.0168756,2.02761e+06,0,0,0.741573,465,4,0,HOLD
2025-08-12 21:29:12 UTC,1h,XAUT-USDT,BTC-USDT,3345.1,120069.4,0.02785972113,,30,-0.0011347,0.000239213,0.00215881,7.28276e+06,0,0,0.741573,465,4,0,HOLD
2025-08-12 21:29:12 UTC,1h,XCN-USDT,BTC-USDT,0.01409,120069.4,1.173487999e-07,,30,0.0180636,0.0329912,0.0104938,1.94061e+06,0,0,0.741573,465,4,0,HOLD
2025-08-12 21:29:12 UTC,1h,XLM-USDT,BTC-USDT,0.45199,120069.4,3.764406252e-06,,30,0.0166217,0.0434712,0.0116279,1.7069e+07,0,0,0.741573,465,4,0,HOLD
2025-08-12 21:29:12 UTC,1h,XRP-USDT,BTC-USDT,3.2899,120069.4,2.739998701e-05,,30,0.0245399,0.0520947,0.0101306,1.93683e+08,0,0,0.741573,465,4,0,HOLD
2025-08-12 21:29:12 UTC,1h,YALA-USDT,BTC-USDT,0.268,120069.4,2.232042469e-06,,30,0.0159212,0.00638378,0.0465618,8.68493e+06,0,0,0.741573,465,4,0,HOLD
2025-08-12 21:29:12 UTC,1h,YFI-USDT,BTC-USDT,5891,120069.4,0.04906329173,,30,0.0190278,0.0527162,0.0105245,9.46733e+06,0,0,0.741573,465,4,0,HOLD
2025-08-12 21:29:12 UTC,1h,YGG-USDT,BTC-USDT,0.1739,120069.4,1.44832905e-06,,30,0.0223398,0.0774473,0.0151565,4.20495e+06,0,0,0.741573,465,4,0,HOLD
2025-08-12 21:29:12 UTC,1h,ZBCN-USDT,BTC-USDT,0.0051016,120069.4,4.248876067e-08,,30,0.0295655,0.023616,0.0220995,6.52454e+06,0,0,0.741573,465,4,0,HOLD
2025-08-12 21:29:12 UTC,1h,ZEREBRO-USDT,BTC-USDT,0.02916,120069.4,2.428595462e-07,,30,0.022799,0.049676,0.0149667,1.43996e+06,0,0,0.741573,465,4,0,HOLD
2025-08-12 21:29:12 UTC,1h,ZETA-USDT,BTC-USDT,0.2079,120069.4,1.731498617e-06,,30,0.0166259,0.0656074,0.0129527,5.01185e+06,0,0,0.741573,465,4,0,HOLD
2025-08-12 21:29:12 UTC,1h,ZIL-USDT,BTC-USDT,0.01207,120069.4,1.005251963e-07,,30,0.0298635,0.0728889,0.0130193,2.27384e+06,0,0,0.741573,465,4,0,HOLD
2025-08-12 21:29:12 UTC,1h,ZK-USDT,BTC-USDT,0.06026,120069.4,5.018764148e-07,,30,0.0194553,0.0774182,0.0169978,6.65612e+06,0,0,0.741573,465,4,0,HOLD
2025-08-12 21:29:12 UTC,1h,ZKJ-USDT,BTC-USDT,0.2531,120069.4,2.10794757e-06,,30,0.00396668,0.0377204,0.0393972,7.94709e+06,0,0,0.741573,465,4,0,HOLD
2025-08-12 21:29:12 UTC,1h,ZORA-USDT,BTC-USDT,0.12163,120069.4,1.012997483e-06,,30,0.116794,0.0227024,0.0508509,2.20765e+07,0,0,0.741573,465,4,0,HOLD
2025-08-12 21:29:12 UTC,1h,ZRC-USDT,BTC-USDT,0.03508,120069.4,2.921643649e-07,,30,0.0218468,0.0643204,0.0139884,6.49828e+06,0,0,0.741573,465,4,0,HOLD
2025-08-12 21:29:12 UTC,1h,ZRO-USDT,BTC-USDT,2.2948,120069.4,1.911228006e-05,,30,-0.0170479,0.0363078,0.0177575,1.24586e+07,0,0,0.741573,465,4,0,HOLD
2025-08-12 21:29:12 UTC,1h,ZRX-USDT,BTC-USDT,0.2664,120069.4,2.218716842e-06,,30,0.0226488,0.0741935,0.0125483,1.96715e+06,0,0,0.741573,465,4,0,HOLD
