event_type,id,timestamp,block_number,tx_hash,log_index,pool,fee_tier,gas_used,gas_price_wei,sender,recipient,origin,owner,token0,token0_symbol,token0_decimals,token1,token1_symbol,token1_decimals,amount0,amount1,amount_usd,liquidity_amount,sqrt_price_x96,tick,tick_lower,tick_upper,datetime_utc
burn,0xfa3028f6152b1b9460c57d268e6e876375611f3e78e222fc3cef0610af730277#11181854,1775001671,24781032,0xfa3028f6152b1b9460c57d268e6e876375611f3e78e222fc3cef0610af730277,394,0x88e6a0c2ddd26feeb64f039a2c41296fcb3f5640,500.0,0.0,2126334539.0,,,0x1a30f0e5fa91350d6122a5b247924f8c266d6339,0xc36442b4a4522e871399cd717abdd847ab11fe88,0xa0b86991c6218b36c1d19d4a2e9eb0ce3606eb48,USDC,6,0xc02aaa39b223fe8d0a0e5c4f27ead9083c756cc2,WETH,18,267.182204,0.10463341720635627,486.97808297048215,213097453485339.0,,,199360,200370,2026-04-01T00:01:11+00:00
burn,0x3fdd48a55d839f1878a3c1276868f7d40d9f0ce0ef577f136767e2f4e2f82ba3#11181892,1775002079,24781066,0x3fdd48a55d839f1878a3c1276868f7d40d9f0ce0ef577f136767e2f4e2f82ba3,590,0x88e6a0c2ddd26feeb64f039a2c41296fcb3f5640,500.0,0.0,127004265.0,,,0x625a6b7f9a025503f9740de520a5ecc09624d13f,0xc36442b4a4522e871399cd717abdd847ab11fe88,0xa0b86991c6218b36c1d19d4a2e9eb0ce3606eb48,USDC,6,0xc02aaa39b223fe8d0a0e5c4f27ead9083c756cc2,WETH,18,9.999999,0.0,9.999999,49084899532145.0,,,200020,200110,2026-04-01T00:07:59+00:00
burn,0x48735ece2e25ce8456aea834ddca9a19cd1994503f8efb41acce353d7e9ebc42#11181998,1775003099,24781151,0x48735ece2e25ce8456aea834ddca9a19cd1994503f8efb41acce353d7e9ebc42,113,0x88e6a0c2ddd26feeb64f039a2c41296fcb3f5640,500.0,0.0,219369627.0,,,0xd8f9d8084f7e833934f8c372e4a56aa6f0409f09,0xc36442b4a4522e871399cd717abdd847ab11fe88,0xa0b86991c6218b36c1d19d4a2e9eb0ce3606eb48,USDC,6,0xc02aaa39b223fe8d0a0e5c4f27ead9083c756cc2,WETH,18,92.474182,0.019792895327520193,134.0516899713508,32819993606146.0,,,199270,201100,2026-04-01T00:24:59+00:00
burn,0xb2bd5ed1e7b9c2fe82492f8dc45b85f60f9c767aadd9bdc7deacb0b99efa8479#11182038,1775003867,24781215,0xb2bd5ed1e7b9c2fe82492f8dc45b85f60f9c767aadd9bdc7deacb0b99efa8479,69,0x88e6a0c2ddd26feeb64f039a2c41296fcb3f5640,500.0,0.0,611572477.0,,,0x059f966136283ef6ceb7791a38648cd780e64738,0xc36442b4a4522e871399cd717abdd847ab11fe88,0xa0b86991c6218b36c1d19d4a2e9eb0ce3606eb48,USDC,6,0xc02aaa39b223fe8d0a0e5c4f27ead9083c756cc2,WETH,18,0.0,0.0,0.0,0.0,,,198910,204620,2026-04-01T00:37:47+00:00
burn,0x2dc019e9da44e9b21fbccac8fc25d1a69e5ab7095d8b3695a6ca220756effb10#11182152,1775005319,24781336,0x2dc019e9da44e9b21fbccac8fc25d1a69e5ab7095d8b3695a6ca220756effb10,273,0x88e6a0c2ddd26feeb64f039a2c41296fcb3f5640,500.0,0.0,2111162809.0,,,0xb0ae3d91c4f58b5c6eedd4ddacbb24d0e6654927,0xc36442b4a4522e871399cd717abdd847ab11fe88,0xa0b86991c6218b36c1d19d4a2e9eb0ce3606eb48,USDC,6,0xc02aaa39b223fe8d0a0e5c4f27ead9083c756cc2,WETH,18,0.0,0.0,0.0,0.0,,,199880,200880,2026-04-01T01:01:59+00:00
burn,0x2dc019e9da44e9b21fbccac8fc25d1a69e5ab7095d8b3695a6ca220756effb10#11182153,1775005319,24781336,0x2dc019e9da44e9b21fbccac8fc25d1a69e5ab7095d8b3695a6ca220756effb10,286,0x88e6a0c2ddd26feeb64f039a2c41296fcb3f5640,500.0,0.0,2111162809.0,,,0xb0ae3d91c4f58b5c6eedd4ddacbb24d0e6654927,0xc36442b4a4522e871399cd717abdd847ab11fe88,0xa0b86991c6218b36c1d19d4a2e9eb0ce3606eb48,USDC,6,0xc02aaa39b223fe8d0a0e5c4f27ead9083c756cc2,WETH,18,2223.646369,0.0,2223.646369,997817385352788.0,,,199880,200880,2026-04-01T01:01:59+00:00
burn,0x1f1f785d052f62cb50d8c0932a4c4f6beedc5c1addd52d32c427d08c1fa32beb#11182222,1775005919,24781386,0x1f1f785d052f62cb50d8c0932a4c4f6beedc5c1addd52d32c427d08c1fa32beb,873,0x88e6a0c2ddd26feeb64f039a2c41296fcb3f5640,500.0,0.0,115384381.0,,,0xd0e55741fa3c208a243a7486a04305a0d9d66eb6,0xc36442b4a4522e871399cd717abdd847ab11fe88,0xa0b86991c6218b36c1d19d4a2e9eb0ce3606eb48,USDC,6,0xc02aaa39b223fe8d0a0e5c4f27ead9083c756cc2,WETH,18,0.0,0.0,0.0,0.0,,,194160,201940,2026-04-01T01:11:59+00:00
burn,0x869abe83449bebf531d86bb7c62cd23f5df0aca5401c056d1b7a8bc1ace73363#11182231,1775005979,24781391,0x869abe83449bebf531d86bb7c62cd23f5df0aca5401c056d1b7a8bc1ace73363,168,0x88e6a0c2ddd26feeb64f039a2c41296fcb3f5640,500.0,0.0,113862059.0,,,0xd0e55741fa3c208a243a7486a04305a0d9d66eb6,0xc36442b4a4522e871399cd717abdd847ab11fe88,0xa0b86991c6218b36c1d19d4a2e9eb0ce3606eb48,USDC,6,0xc02aaa39b223fe8d0a0e5c4f27ead9083c756cc2,WETH,18,0.0,0.0,0.0,0.0,,,193630,200820,2026-04-01T01:12:59+00:00
burn,0x90b6d4603194578e015c4b642a2cdd052ae0d6101a41d62ae26501b34a7f12fc#11182273,1775006411,24781427,0x90b6d4603194578e015c4b642a2cdd052ae0d6101a41d62ae26501b34a7f12fc,175,0x88e6a0c2ddd26feeb64f039a2c41296fcb3f5640,500.0,0.0,2125574904.0,,,0x78c604b7c9eb253c8c421a6b0f48c171925354e6,0xc36442b4a4522e871399cd717abdd847ab11fe88,0xa0b86991c6218b36c1d19d4a2e9eb0ce3606eb48,USDC,6,0xc02aaa39b223fe8d0a0e5c4f27ead9083c756cc2,WETH,18,433.580397,0.10321467252862783,651.0556311883694,276852434498761.0,,,199470,200510,2026-04-01T01:20:11+00:00
burn,0x46b63291fb445152505e8afb17448829e5f9032641cedb35675f8308f9a40d73#11182294,1775006999,24781476,0x46b63291fb445152505e8afb17448829e5f9032641cedb35675f8308f9a40d73,164,0x88e6a0c2ddd26feeb64f039a2c41296fcb3f5640,500.0,0.0,2118062180.0,,,0x08cd3b0d681bac80f8587509efc0de4261b6a4a6,0xc36442b4a4522e871399cd717abdd847ab11fe88,0xa0b86991c6218b36c1d19d4a2e9eb0ce3606eb48,USDC,6,0xc02aaa39b223fe8d0a0e5c4f27ead9083c756cc2,WETH,18,0.0,0.0,0.0,0.0,,,196250,200400,2026-04-01T01:29:59+00:00
burn,0x218cf202405bcdab922697134d00feef1aa18f188aaa4010de81041cb25c13c7#11182342,1775007707,24781535,0x218cf202405bcdab922697134d00feef1aa18f188aaa4010de81041cb25c13c7,751,0x88e6a0c2ddd26feeb64f039a2c41296fcb3f5640,500.0,0.0,133232688.0,,,0xa19fea954dcfa48b7c02b0d8d561905e61e57b5c,0xc36442b4a4522e871399cd717abdd847ab11fe88,0xa0b86991c6218b36c1d19d4a2e9eb0ce3606eb48,USDC,6,0xc02aaa39b223fe8d0a0e5c4f27ead9083c756cc2,WETH,18,988.219644,1.8693419007387633,4909.236981626713,855112541376421.0,,,197740,200360,2026-04-01T01:41:47+00:00
burn,0x218cf202405bcdab922697134d00feef1aa18f188aaa4010de81041cb25c13c7#11182343,1775007707,24781535,0x218cf202405bcdab922697134d00feef1aa18f188aaa4010de81041cb25c13c7,753,0x88e6a0c2ddd26feeb64f039a2c41296fcb3f5640,500.0,0.0,133232688.0,,,0xa19fea954dcfa48b7c02b0d8d561905e61e57b5c,0xc36442b4a4522e871399cd717abdd847ab11fe88,0xa0b86991c6218b36c1d19d4a2e9eb0ce3606eb48,USDC,6,0xc02aaa39b223fe8d0a0e5c4f27ead9083c756cc2,WETH,18,0.0,0.0,0.0,0.0,,,197740,200360,2026-04-01T01:41:47+00:00
burn,0x2ffe35626e4dfc17f7c6c0f966f50d0e30e9d5c9d7d64d8df4b65c2dfedd71aa#11182358,1775007971,24781557,0x2ffe35626e4dfc17f7c6c0f966f50d0e30e9d5c9d7d64d8df4b65c2dfedd71aa,66,0x88e6a0c2ddd26feeb64f039a2c41296fcb3f5640,500.0,0.0,2108484405.0,,,0x2a65c724a8399e68155040e8c4f2ebc21c3c34ce,0xc36442b4a4522e871399cd717abdd847ab11fe88,0xa0b86991c6218b36c1d19d4a2e9eb0ce3606eb48,USDC,6,0xc02aaa39b223fe8d0a0e5c4f27ead9083c756cc2,WETH,18,0.0,0.0,0.0,0.0,,,196610,200850,2026-04-01T01:46:11+00:00
burn,0x090f27e2d7e62ade58134e77c5671afbb344a55f0818e451e412a9ac4417587e#11182462,1775009771,24781707,0x090f27e2d7e62ade58134e77c5671afbb344a55f0818e451e412a9ac4417587e,177,0x88e6a0c2ddd26feeb64f039a2c41296fcb3f5640,500.0,0.0,211646442.0,,,0xeac275d8e1f820da14a10ffe8d0e81c8ab4397e8,0xc36442b4a4522e871399cd717abdd847ab11fe88,0xa0b86991c6218b36c1d19d4a2e9eb0ce3606eb48,USDC,6,0xc02aaa39b223fe8d0a0e5c4f27ead9083c756cc2,WETH,18,0.0,0.0,0.0,0.0,,,199060,202080,2026-04-01T02:16:11+00:00
burn,0x05191c39c3f31262bec8981bf898ded1b06b449a8ce3caecbc9d9ea0278ccef0#11182589,1775012627,24781942,0x05191c39c3f31262bec8981bf898ded1b06b449a8ce3caecbc9d9ea0278ccef0,962,0x88e6a0c2ddd26feeb64f039a2c41296fcb3f5640,500.0,0.0,116459162.0,,,0x7b258fe59b8415e14b527ceb911d48af919731b4,0xc36442b4a4522e871399cd717abdd847ab11fe88,0xa0b86991c6218b36c1d19d4a2e9eb0ce3606eb48,USDC,6,0xc02aaa39b223fe8d0a0e5c4f27ead9083c756cc2,WETH,18,45.176218,0.03411251207119892,116.41567537248542,23325762802805.0,,,198480,200730,2026-04-01T03:03:47+00:00
burn,0xdeaaafe61c36676eb30e56840d1a9c2b9d39a0b07b6ecc3bef69e819aec00dc0#11182667,1775013419,24782008,0xdeaaafe61c36676eb30e56840d1a9c2b9d39a0b07b6ecc3bef69e819aec00dc0,375,0x88e6a0c2ddd26feeb64f039a2c41296fcb3f5640,500.0,0.0,130851665.0,,,0x1f870261d8dc21c5335c4a5ecd0d403112cf7328,0xc36442b4a4522e871399cd717abdd847ab11fe88,0xa0b86991c6218b36c1d19d4a2e9eb0ce3606eb48,USDC,6,0xc02aaa39b223fe8d0a0e5c4f27ead9083c756cc2,WETH,18,0.0,0.0,0.0,0.0,,,198570,200630,2026-04-01T03:16:59+00:00
burn,0xeb46a7e501f7f73aa3fc8c4c5436fdeeec43b26033da08ee0d83d93ba0e99551#11182676,1775013527,24782017,0xeb46a7e501f7f73aa3fc8c4c5436fdeeec43b26033da08ee0d83d93ba0e99551,406,0x88e6a0c2ddd26feeb64f039a2c41296fcb3f5640,500.0,0.0,607191461.0,,,0x59eaa54d1c8c33b0b008ca005979485163664415,0xc36442b4a4522e871399cd717abdd847ab11fe88,0xa0b86991c6218b36c1d19d4a2e9eb0ce3606eb48,USDC,6,0xc02aaa39b223fe8d0a0e5c4f27ead9083c756cc2,WETH,18,0.0,0.0,0.0,0.0,,,184220,203190,2026-04-01T03:18:47+00:00
burn,0x23bccfaa40276a0ce6e91c24fe2ac15ba061852ba71ac422e6f296da76b42850#11182686,1775013647,24782027,0x23bccfaa40276a0ce6e91c24fe2ac15ba061852ba71ac422e6f296da76b42850,251,0x88e6a0c2ddd26feeb64f039a2c41296fcb3f5640,500.0,0.0,219310758.0,,,0xe339801187b526d20bca1233ab03f637a4aaf68a,0xc36442b4a4522e871399cd717abdd847ab11fe88,0xa0b86991c6218b36c1d19d4a2e9eb0ce3606eb48,USDC,6,0xc02aaa39b223fe8d0a0e5c4f27ead9083c756cc2,WETH,18,0.0,0.0,0.0,0.0,,,197600,199800,2026-04-01T03:20:47+00:00
burn,0x437bf956d0ce43b2c008dd3283bcd6bb6aafb858b512911dd1542a5a35022421#11182719,1775014511,24782097,0x437bf956d0ce43b2c008dd3283bcd6bb6aafb858b512911dd1542a5a35022421,431,0x88e6a0c2ddd26feeb64f039a2c41296fcb3f5640,500.0,0.0,249474733.0,,,0xe339801187b526d20bca1233ab03f637a4aaf68a,0xc36442b4a4522e871399cd717abdd847ab11fe88,0xa0b86991c6218b36c1d19d4a2e9eb0ce3606eb48,USDC,6,0xc02aaa39b223fe8d0a0e5c4f27ead9083c756cc2,WETH,18,0.0,0.4867834317775005,1020.8787608794704,214410449661711.0,,,197600,199800,2026-04-01T03:35:11+00:00
burn,0x7133d3fdf4a088230b5ec449001b32f49f4b44de8b226df8caba4d7535b292d2#11182872,1775016863,24782292,0x7133d3fdf4a088230b5ec449001b32f49f4b44de8b226df8caba4d7535b292d2,139,0x88e6a0c2ddd26feeb64f039a2c41296fcb3f5640,500.0,0.0,327619332.0,,,0x0321987560f96bf386850675b1d45dac8d3309d1,0xc36442b4a4522e871399cd717abdd847ab11fe88,0xa0b86991c6218b36c1d19d4a2e9eb0ce3606eb48,USDC,6,0xc02aaa39b223fe8d0a0e5c4f27ead9083c756cc2,WETH,18,0.0,0.0,0.0,0.0,,,199030,202290,2026-04-01T04:14:23+00:00
burn,0x05aabe96766c17f2e54d9de154024d07edbb29b092380415e38f5d0b5077ea42#11182876,1775016899,24782295,0x05aabe96766c17f2e54d9de154024d07edbb29b092380415e38f5d0b5077ea42,232,0x88e6a0c2ddd26feeb64f039a2c41296fcb3f5640,500.0,0.0,268837372.0,,,0x0321987560f96bf386850675b1d45dac8d3309d1,0xc36442b4a4522e871399cd717abdd847ab11fe88,0xa0b86991c6218b36c1d19d4a2e9eb0ce3606eb48,USDC,6,0xc02aaa39b223fe8d0a0e5c4f27ead9083c756cc2,WETH,18,0.0,0.0,0.0,0.0,,,198830,201630,2026-04-01T04:14:59+00:00
burn,0x68f233f5af6409e2955ed2bebb6e6e065514e737ff853d0b78ee4242d1b7b323#11182884,1775017007,24782304,0x68f233f5af6409e2955ed2bebb6e6e065514e737ff853d0b78ee4242d1b7b323,233,0x88e6a0c2ddd26feeb64f039a2c41296fcb3f5640,500.0,0.0,618248463.0,,,0x9614497277f0788a050baffb9c3a80c4c8ac75b3,0xc36442b4a4522e871399cd717abdd847ab11fe88,0xa0b86991c6218b36c1d19d4a2e9eb0ce3606eb48,USDC,6,0xc02aaa39b223fe8d0a0e5c4f27ead9083c756cc2,WETH,18,5.454618,0.0,5.454618,3316073830811.0,,,200060,200800,2026-04-01T04:16:47+00:00
burn,0x61f4f353926f188c1644b2edc3d604098b4fa654c601a8dc8d41301b8c59c87b#11182900,1775017223,24782322,0x61f4f353926f188c1644b2edc3d604098b4fa654c601a8dc8d41301b8c59c87b,259,0x88e6a0c2ddd26feeb64f039a2c41296fcb3f5640,500.0,0.0,214279733.0,,,0x6584d8eeaf3b29d12757e86a4b3a14cdadc67ceb,0xc36442b4a4522e871399cd717abdd847ab11fe88,0xa0b86991c6218b36c1d19d4a2e9eb0ce3606eb48,USDC,6,0xc02aaa39b223fe8d0a0e5c4f27ead9083c756cc2,WETH,18,3216.829038,1.3053458216626794,5956.984705371935,710381428714076.0,,,198040,201880,2026-04-01T04:20:23+00:00
burn,0x0d3c32da179600e5c73a4392dadc04d63fb2c1789b0c747731f6de7dd1331b2d#11182917,1775017415,24782338,0x0d3c32da179600e5c73a4392dadc04d63fb2c1789b0c747731f6de7dd1331b2d,171,0x88e6a0c2ddd26feeb64f039a2c41296fcb3f5640,500.0,0.0,299501139.0,,,0x0919b73c616ef1d818d5b926cb7c414071361441,0xc36442b4a4522e871399cd717abdd847ab11fe88,0xa0b86991c6218b36c1d19d4a2e9eb0ce3606eb48,USDC,6,0xc02aaa39b223fe8d0a0e5c4f27ead9083c756cc2,WETH,18,0.0,0.0,0.0,0.0,,,199650,202540,2026-04-01T04:23:35+00:00
burn,0x6be52d1eac97245b1a64b900f178ac1f2e9def42eaf0d08659499e00301da65c#11182926,1775017523,24782347,0x6be52d1eac97245b1a64b900f178ac1f2e9def42eaf0d08659499e00301da65c,1156,0x88e6a0c2ddd26feeb64f039a2c41296fcb3f5640,500.0,0.0,101556658.0,,,0xa34780c4f657f4bf13688636809f9f8b38d043e1,0xc36442b4a4522e871399cd717abdd847ab11fe88,0xa0b86991c6218b36c1d19d4a2e9eb0ce3606eb48,USDC,6,0xc02aaa39b223fe8d0a0e5c4f27ead9083c756cc2,WETH,18,0.0,0.0,0.0,0.0,,,185260,205400,2026-04-01T04:25:23+00:00
burn,0x0f42ff890a97dad28674d151b233221bbdde753603276838d53e1601240106c7#11182971,1775018171,24782401,0x0f42ff890a97dad28674d151b233221bbdde753603276838d53e1601240106c7,878,0x88e6a0c2ddd26feeb64f039a2c41296fcb3f5640,500.0,0.0,110159475.0,,,0xacbc9960c499f8f5127696dcf0e0520cce2e9835,0xc36442b4a4522e871399cd717abdd847ab11fe88,0xa0b86991c6218b36c1d19d4a2e9eb0ce3606eb48,USDC,6,0xc02aaa39b223fe8d0a0e5c4f27ead9083c756cc2,WETH,18,184621.494655,0.0,184621.494655,2.999618847375173e+17,,,199790,200060,2026-04-01T04:36:11+00:00
burn,0x25199c57c4e9fe163349b1de94702d536c5e343599f4b137419610593f5271bd#11183008,1775018579,24782435,0x25199c57c4e9fe163349b1de94702d536c5e343599f4b137419610593f5271bd,559,0x88e6a0c2ddd26feeb64f039a2c41296fcb3f5640,500.0,0.0,125096814.0,,,0xacbc9960c499f8f5127696dcf0e0520cce2e9835,0xc36442b4a4522e871399cd717abdd847ab11fe88,0xa0b86991c6218b36c1d19d4a2e9eb0ce3606eb48,USDC,6,0xc02aaa39b223fe8d0a0e5c4f27ead9083c756cc2,WETH,18,184922.436568,0.0,184922.436568,6.215259587460403e+17,,,199780,199910,2026-04-01T04:42:59+00:00
burn,0xd24b5520ade39d3e7f44f234926d83a52439b5cbff39b43ff74ccebf509be224#11183042,1775019035,24782473,0xd24b5520ade39d3e7f44f234926d83a52439b5cbff39b43ff74ccebf509be224,1113,0x88e6a0c2ddd26feeb64f039a2c41296fcb3f5640,500.0,0.0,128880419.0,,,0xacbc9960c499f8f5127696dcf0e0520cce2e9835,0xc36442b4a4522e871399cd717abdd847ab11fe88,0xa0b86991c6218b36c1d19d4a2e9eb0ce3606eb48,USDC,6,0xc02aaa39b223fe8d0a0e5c4f27ead9083c756cc2,WETH,18,184922.436567,0.0,184922.436567,6.215259587426793e+17,,,199780,199910,2026-04-01T04:50:35+00:00
burn,0x8758849dc0bd1fb297f18cd4bd12253ea7397b69a18fba27ed166519aa4c8f12#11183064,1775019311,24782496,0x8758849dc0bd1fb297f18cd4bd12253ea7397b69a18fba27ed166519aa4c8f12,928,0x88e6a0c2ddd26feeb64f039a2c41296fcb3f5640,500.0,0.0,95994676.0,,,0xacbc9960c499f8f5127696dcf0e0520cce2e9835,0xc36442b4a4522e871399cd717abdd847ab11fe88,0xa0b86991c6218b36c1d19d4a2e9eb0ce3606eb48,USDC,6,0xc02aaa39b223fe8d0a0e5c4f27ead9083c756cc2,WETH,18,184923.984747,0.0,184923.984747,5.769916581394807e+17,,,199770,199910,2026-04-01T04:55:11+00:00
burn,0x947900ffe6cd8c9a3d70b25380c506f78cc430edac2b175387c515954710ad74#11183095,1775019599,24782520,0x947900ffe6cd8c9a3d70b25380c506f78cc430edac2b175387c515954710ad74,712,0x88e6a0c2ddd26feeb64f039a2c41296fcb3f5640,500.0,0.0,198104599.0,,,0x6da48bd86d375276977ebf4a5c791f0435ba4894,0xc36442b4a4522e871399cd717abdd847ab11fe88,0xa0b86991c6218b36c1d19d4a2e9eb0ce3606eb48,USDC,6,0xc02aaa39b223fe8d0a0e5c4f27ead9083c756cc2,WETH,18,0.0,0.0,0.0,0.0,,,199360,200820,2026-04-01T04:59:59+00:00
burn,0x04ec5b5cd3e53c7800ae78a427480b78acd3f7ee65b7562eeedaedb92e7186c2#11183098,1775019635,24782523,0x04ec5b5cd3e53c7800ae78a427480b78acd3f7ee65b7562eeedaedb92e7186c2,652,0x88e6a0c2ddd26feeb64f039a2c41296fcb3f5640,500.0,0.0,182293513.0,,,0x6da48bd86d375276977ebf4a5c791f0435ba4894,0xc36442b4a4522e871399cd717abdd847ab11fe88,0xa0b86991c6218b36c1d19d4a2e9eb0ce3606eb48,USDC,6,0xc02aaa39b223fe8d0a0e5c4f27ead9083c756cc2,WETH,18,8146.415827,1.5500085561664707,11414.38947649854,3478986462290037.0,,,199360,200820,2026-04-01T05:00:35+00:00
burn,0xb6d1db05e7aa9efed2face02a437dd6b7f9292a4579d9f5688586a4a2ee20bde#11183199,1775020703,24782611,0xb6d1db05e7aa9efed2face02a437dd6b7f9292a4579d9f5688586a4a2ee20bde,253,0x88e6a0c2ddd26feeb64f039a2c41296fcb3f5640,500.0,0.0,165202984.0,,,0xd5f7c0297be3757a9683092c79f929afd8c20736,0xc36442b4a4522e871399cd717abdd847ab11fe88,0xa0b86991c6218b36c1d19d4a2e9eb0ce3606eb48,USDC,6,0xc02aaa39b223fe8d0a0e5c4f27ead9083c756cc2,WETH,18,0.0,0.0,0.0,0.0,,,199590,200400,2026-04-01T05:18:23+00:00
burn,0xb74d49876abb0234dd1a075ae57ae481ec4321afa8bf5723a49a0e517affcd13#11183224,1775020907,24782628,0xb74d49876abb0234dd1a075ae57ae481ec4321afa8bf5723a49a0e517affcd13,879,0x88e6a0c2ddd26feeb64f039a2c41296fcb3f5640,500.0,0.0,1097708946.0,,,0xc410e197bc957183616ca4c6b32771dce938c096,0xc36442b4a4522e871399cd717abdd847ab11fe88,0xa0b86991c6218b36c1d19d4a2e9eb0ce3606eb48,USDC,6,0xc02aaa39b223fe8d0a0e5c4f27ead9083c756cc2,WETH,18,0.0,0.0,0.0,0.0,,,198530,200410,2026-04-01T05:21:47+00:00
burn,0xb0440b81ab25adad64422e63759387750a412be2327d9407f08703dd41e05233#11183262,1775021171,24782650,0xb0440b81ab25adad64422e63759387750a412be2327d9407f08703dd41e05233,99,0x88e6a0c2ddd26feeb64f039a2c41296fcb3f5640,500.0,0.0,1103110953.0,,,0xd36e324e495848e91f28c4a4013641ce8b5da932,0xc36442b4a4522e871399cd717abdd847ab11fe88,0xa0b86991c6218b36c1d19d4a2e9eb0ce3606eb48,USDC,6,0xc02aaa39b223fe8d0a0e5c4f27ead9083c756cc2,WETH,18,7819.347428,0.0,7819.347428,1.422475319881804e+16,,,199710,199950,2026-04-01T05:26:11+00:00
burn,0x47f774adb3bae2045df4a6938fd4345435f8edd53b269a7bb0b88d61f07ce8c7#11183293,1775021219,24782654,0x47f774adb3bae2045df4a6938fd4345435f8edd53b269a7bb0b88d61f07ce8c7,1369,0x88e6a0c2ddd26feeb64f039a2c41296fcb3f5640,500.0,0.0,123668571.0,,,0xc5f5e4e6dbd759a9ac9890de04035b792af641c3,0xc36442b4a4522e871399cd717abdd847ab11fe88,0xa0b86991c6218b36c1d19d4a2e9eb0ce3606eb48,USDC,6,0xc02aaa39b223fe8d0a0e5c4f27ead9083c756cc2,WETH,18,9659.159166,0.0,9659.159166,3.010796074472174e+16,,,199750,199890,2026-04-01T05:26:59+00:00
burn,0xbcb5cbcbc0932d2586923ab251db1cbf17691d22efb4678a46f336eee38e27db#11183327,1775021495,24782677,0xbcb5cbcbc0932d2586923ab251db1cbf17691d22efb4678a46f336eee38e27db,257,0x88e6a0c2ddd26feeb64f039a2c41296fcb3f5640,500.0,0.0,209557810.0,,,0xd5f7c0297be3757a9683092c79f929afd8c20736,0xc36442b4a4522e871399cd717abdd847ab11fe88,0xa0b86991c6218b36c1d19d4a2e9eb0ce3606eb48,USDC,6,0xc02aaa39b223fe8d0a0e5c4f27ead9083c756cc2,WETH,18,0.0,0.0,0.0,0.0,,,199590,200400,2026-04-01T05:31:35+00:00
burn,0x917d7533ccda65f9453ba4dd9ae406f928ed7c3ed7ec18a2cb55b501a9ab38ff#11183331,1775021519,24782679,0x917d7533ccda65f9453ba4dd9ae406f928ed7c3ed7ec18a2cb55b501a9ab38ff,146,0x88e6a0c2ddd26feeb64f039a2c41296fcb3f5640,500.0,0.0,210590394.0,,,0xd5f7c0297be3757a9683092c79f929afd8c20736,0xc36442b4a4522e871399cd717abdd847ab11fe88,0xa0b86991c6218b36c1d19d4a2e9eb0ce3606eb48,USDC,6,0xc02aaa39b223fe8d0a0e5c4f27ead9083c756cc2,WETH,18,22669.95464,1.6824069924784764,26245.69528431431,1.4274544470235492e+16,,,199590,200400,2026-04-01T05:31:59+00:00
burn,0x024536b8537c6ede5ad2f50c97490e2d36d25d4bf6ae26e3bef956bd11bb77b5#11183354,1775021663,24782691,0x024536b8537c6ede5ad2f50c97490e2d36d25d4bf6ae26e3bef956bd11bb77b5,904,0x88e6a0c2ddd26feeb64f039a2c41296fcb3f5640,500.0,0.0,122214716.0,,,0xacbc9960c499f8f5127696dcf0e0520cce2e9835,0xc36442b4a4522e871399cd717abdd847ab11fe88,0xa0b86991c6218b36c1d19d4a2e9eb0ce3606eb48,USDC,6,0xc02aaa39b223fe8d0a0e5c4f27ead9083c756cc2,WETH,18,184923.984746,0.0,184923.984746,6.215311621861075e+17,,,199780,199910,2026-04-01T05:34:23+00:00
burn,0xbeba9e84ffa32ad8551fce32d0cf9b24ac99479f6933e6a6f7fe700aea1680d1#11183441,1775022599,24782768,0xbeba9e84ffa32ad8551fce32d0cf9b24ac99479f6933e6a6f7fe700aea1680d1,302,0x88e6a0c2ddd26feeb64f039a2c41296fcb3f5640,500.0,0.0,626559056.0,,,0x8aebb556658d0e3fbaa42d8f2c23dd90eed217be,0xc36442b4a4522e871399cd717abdd847ab11fe88,0xa0b86991c6218b36c1d19d4a2e9eb0ce3606eb48,USDC,6,0xc02aaa39b223fe8d0a0e5c4f27ead9083c756cc2,WETH,18,0.0,0.0,0.0,0.0,,,198380,200610,2026-04-01T05:49:59+00:00
burn,0x7d93b50bc0f336854c22df9044f2132282c81896098d68fd89b4bb07c35e62e0#11183444,1775022611,24782769,0x7d93b50bc0f336854c22df9044f2132282c81896098d68fd89b4bb07c35e62e0,220,0x88e6a0c2ddd26feeb64f039a2c41296fcb3f5640,500.0,0.0,224885604.0,,,0x9322c6ccbce9fcc9bdc45fe2830704907330454d,0xc36442b4a4522e871399cd717abdd847ab11fe88,0xa0b86991c6218b36c1d19d4a2e9eb0ce3606eb48,USDC,6,0xc02aaa39b223fe8d0a0e5c4f27ead9083c756cc2,WETH,18,0.0,0.0,0.0,0.0,,,193370,201210,2026-04-01T05:50:11+00:00
burn,0x00a386a24e349eac31ffa0fa71ef0ff14a14eb2f3618706af273f58d69d3a431#11183486,1775022995,24782800,0x00a386a24e349eac31ffa0fa71ef0ff14a14eb2f3618706af273f58d69d3a431,388,0x88e6a0c2ddd26feeb64f039a2c41296fcb3f5640,500.0,0.0,337138235.0,,,0x5f488f12c1e9a61f75c94be7a46044c2f9d74afc,0xaceffc3d113a13193d8862b57263a2cd6935466a,0xa0b86991c6218b36c1d19d4a2e9eb0ce3606eb48,USDC,6,0xc02aaa39b223fe8d0a0e5c4f27ead9083c756cc2,WETH,18,23.371073,0.003454354293427333,30.7128609445348,35284057027670.0,,,199620,200000,2026-04-01T05:56:35+00:00
burn,0x562528846c6d8925ab8cbda3b160ad74a2f4939c6bffd38c24ff6bb74ba9510d#11183504,1775023235,24782820,0x562528846c6d8925ab8cbda3b160ad74a2f4939c6bffd38c24ff6bb74ba9510d,211,0x88e6a0c2ddd26feeb64f039a2c41296fcb3f5640,500.0,0.0,2262958498.0,,,0xe45c56058e842873bb28519cece22b79a3522002,0xc36442b4a4522e871399cd717abdd847ab11fe88,0xa0b86991c6218b36c1d19d4a2e9eb0ce3606eb48,USDC,6,0xc02aaa39b223fe8d0a0e5c4f27ead9083c756cc2,WETH,18,491.429444,0.015461048362788915,524.2899236306928,217764942237970.0,,,199650,200720,2026-04-01T06:00:35+00:00
burn,0x7ed619ec37bfb1dcc832eff4200f8e4b1a0b846964698d6bad4dbce66a31040d#11183515,1775023439,24782837,0x7ed619ec37bfb1dcc832eff4200f8e4b1a0b846964698d6bad4dbce66a31040d,155,0x88e6a0c2ddd26feeb64f039a2c41296fcb3f5640,500.0,0.0,2176884230.0,,,0xa4e0a1c14f9ed2e0f070c0b3add160c9eb009284,0xc36442b4a4522e871399cd717abdd847ab11fe88,0xa0b86991c6218b36c1d19d4a2e9eb0ce3606eb48,USDC,6,0xc02aaa39b223fe8d0a0e5c4f27ead9083c756cc2,WETH,18,46.683551,0.0600316176978438,174.2730619943774,19803019289679.0,,,196700,200760,2026-04-01T06:03:59+00:00
burn,0xdf8e23def7977c81a5f4919b6d4f0c2055d86bbeef4627072959834c8ac4f832#11183518,1775023499,24782842,0xdf8e23def7977c81a5f4919b6d4f0c2055d86bbeef4627072959834c8ac4f832,92,0x88e6a0c2ddd26feeb64f039a2c41296fcb3f5640,500.0,0.0,2159652148.0,,,0xa4e0a1c14f9ed2e0f070c0b3add160c9eb009284,0xc36442b4a4522e871399cd717abdd847ab11fe88,0xa0b86991c6218b36c1d19d4a2e9eb0ce3606eb48,USDC,6,0xc02aaa39b223fe8d0a0e5c4f27ead9083c756cc2,WETH,18,22.123205,0.044976767405515726,117.71556081925223,26179294551687.0,,,198060,200080,2026-04-01T06:04:59+00:00
burn,0x1bfafc09b08b3bddcd40da0a2706757a8a4e0226671c7047648d0d37c2fdb889#11183534,1775023751,24782863,0x1bfafc09b08b3bddcd40da0a2706757a8a4e0226671c7047648d0d37c2fdb889,263,0x88e6a0c2ddd26feeb64f039a2c41296fcb3f5640,500.0,0.0,620871891.0,,,0x76e73c558200678e6befd12c493538d5199cf252,0xc36442b4a4522e871399cd717abdd847ab11fe88,0xa0b86991c6218b36c1d19d4a2e9eb0ce3606eb48,USDC,6,0xc02aaa39b223fe8d0a0e5c4f27ead9083c756cc2,WETH,18,0.0,0.0,0.0,0.0,,,195000,201360,2026-04-01T06:09:11+00:00
burn,0x7aac40e308adf33cddee6909bb2de65eccad1747dedba0a4dc7d458099a28e3f#11183616,1775024483,24782924,0x7aac40e308adf33cddee6909bb2de65eccad1747dedba0a4dc7d458099a28e3f,765,0x88e6a0c2ddd26feeb64f039a2c41296fcb3f5640,500.0,0.0,117369695.0,,,0x33e7d260a4f8ee25def48975a6910a9276e8a846,0xc36442b4a4522e871399cd717abdd847ab11fe88,0xa0b86991c6218b36c1d19d4a2e9eb0ce3606eb48,USDC,6,0xc02aaa39b223fe8d0a0e5c4f27ead9083c756cc2,WETH,18,0.393314,0.0,0.393314,244831490791.0,,,199720,200430,2026-04-01T06:21:23+00:00
burn,0x6e6dcc20dd4889e9922c295b53873c9081c812d4d35d6b9cd03d50a4100b0a57#11183648,1775024951,24782963,0x6e6dcc20dd4889e9922c295b53873c9081c812d4d35d6b9cd03d50a4100b0a57,464,0x88e6a0c2ddd26feeb64f039a2c41296fcb3f5640,500.0,0.0,662113712.0,,,0xaa7699c3df002dedfb9304520e3f38b242d46dfd,0xc36442b4a4522e871399cd717abdd847ab11fe88,0xa0b86991c6218b36c1d19d4a2e9eb0ce3606eb48,USDC,6,0xc02aaa39b223fe8d0a0e5c4f27ead9083c756cc2,WETH,18,0.0,0.0,0.0,0.0,,,191150,203680,2026-04-01T06:29:11+00:00
burn,0xd13223c0627a5f5bb002b939df44760bb477d782452776e56cc560e09ff52fcb#11183651,1775024987,24782966,0xd13223c0627a5f5bb002b939df44760bb477d782452776e56cc560e09ff52fcb,1469,0x88e6a0c2ddd26feeb64f039a2c41296fcb3f5640,500.0,0.0,226315837.0,,,0x83bb4786ac75c0db1f4b33e124ff167c19af0beb,0xc36442b4a4522e871399cd717abdd847ab11fe88,0xa0b86991c6218b36c1d19d4a2e9eb0ce3606eb48,USDC,6,0xc02aaa39b223fe8d0a0e5c4f27ead9083c756cc2,WETH,18,0.0,0.0,0.0,0.0,,,199180,200630,2026-04-01T06:29:47+00:00
burn,0x31fcf60455eacd16b7b3a794c134a29a1ab1d3de920a4ecdc1dc224591d85625#11183663,1775025059,24782972,0x31fcf60455eacd16b7b3a794c134a29a1ab1d3de920a4ecdc1dc224591d85625,461,0x88e6a0c2ddd26feeb64f039a2c41296fcb3f5640,500.0,0.0,239543981.0,,,0x83bb4786ac75c0db1f4b33e124ff167c19af0beb,0xc36442b4a4522e871399cd717abdd847ab11fe88,0xa0b86991c6218b36c1d19d4a2e9eb0ce3606eb48,USDC,6,0xc02aaa39b223fe8d0a0e5c4f27ead9083c756cc2,WETH,18,1403.083735,0.28736740594220905,2017.800251702868,614226626626211.0,,,199180,200630,2026-04-01T06:30:59+00:00
burn,0xa1703ea8a527ef057ac298e9de8d22d0fd54bce6aa09dcc4b5bdc8156702d471#11183693,1775025431,24783003,0xa1703ea8a527ef057ac298e9de8d22d0fd54bce6aa09dcc4b5bdc8156702d471,227,0x88e6a0c2ddd26feeb64f039a2c41296fcb3f5640,500.0,0.0,496074052.0,,,0xb3fbc1bdfc96e408e2d96a5b5827fa839316b4ce,0xc36442b4a4522e871399cd717abdd847ab11fe88,0xa0b86991c6218b36c1d19d4a2e9eb0ce3606eb48,USDC,6,0xc02aaa39b223fe8d0a0e5c4f27ead9083c756cc2,WETH,18,0.0,0.0,0.0,0.0,,,199890,200830,2026-04-01T06:37:11+00:00
burn,0x75a734ef5450b02cdaf7d78bdbc483ce34820e07448d15bb44a1314f4644e4b7#11183698,1775025455,24783005,0x75a734ef5450b02cdaf7d78bdbc483ce34820e07448d15bb44a1314f4644e4b7,268,0x88e6a0c2ddd26feeb64f039a2c41296fcb3f5640,500.0,0.0,245523683.0,,,0xd3962c301d3a2ea59bad2398d236c8cfd7789a27,0xc36442b4a4522e871399cd717abdd847ab11fe88,0xa0b86991c6218b36c1d19d4a2e9eb0ce3606eb48,USDC,6,0xc02aaa39b223fe8d0a0e5c4f27ead9083c756cc2,WETH,18,48261.647113,0.0,48261.647113,5.265090636572183e+16,,,199620,200020,2026-04-01T06:37:35+00:00
burn,0x2c0c2215c37c6650ac8cf62849b95c95ee0bc33c3cce15cb9fc0da84cbd1b4fd#11183792,1775026079,24783057,0x2c0c2215c37c6650ac8cf62849b95c95ee0bc33c3cce15cb9fc0da84cbd1b4fd,169,0x88e6a0c2ddd26feeb64f039a2c41296fcb3f5640,500.0,0.0,570055868.0,,,0xf2f3e73be57031114dd1f4e75c1dd87658be7f0e,0xc36442b4a4522e871399cd717abdd847ab11fe88,0xa0b86991c6218b36c1d19d4a2e9eb0ce3606eb48,USDC,6,0xc02aaa39b223fe8d0a0e5c4f27ead9083c756cc2,WETH,18,0.638535,0.0,0.638535,3692928822725.0,,,200950,201030,2026-04-01T06:47:59+00:00
burn,0x2c0c2215c37c6650ac8cf62849b95c95ee0bc33c3cce15cb9fc0da84cbd1b4fd#11183793,1775026079,24783057,0x2c0c2215c37c6650ac8cf62849b95c95ee0bc33c3cce15cb9fc0da84cbd1b4fd,171,0x88e6a0c2ddd26feeb64f039a2c41296fcb3f5640,500.0,0.0,570055868.0,,,0xf2f3e73be57031114dd1f4e75c1dd87658be7f0e,0xc36442b4a4522e871399cd717abdd847ab11fe88,0xa0b86991c6218b36c1d19d4a2e9eb0ce3606eb48,USDC,6,0xc02aaa39b223fe8d0a0e5c4f27ead9083c756cc2,WETH,18,0.0,0.0,0.0,0.0,,,200950,201030,2026-04-01T06:47:59+00:00
burn,0x6e4c7191d6e212755e78b04790ee86f3622e400ee25238a02170c2cffddb0791#11183804,1775026115,24783060,0x6e4c7191d6e212755e78b04790ee86f3622e400ee25238a02170c2cffddb0791,92,0x88e6a0c2ddd26feeb64f039a2c41296fcb3f5640,500.0,0.0,998059333.0,,,0xf2f3e73be57031114dd1f4e75c1dd87658be7f0e,0xc36442b4a4522e871399cd717abdd847ab11fe88,0xa0b86991c6218b36c1d19d4a2e9eb0ce3606eb48,USDC,6,0xc02aaa39b223fe8d0a0e5c4f27ead9083c756cc2,WETH,18,0.478901,0.0,0.478901,2769696617044.0,,,200950,201030,2026-04-01T06:48:35+00:00
burn,0x6e4c7191d6e212755e78b04790ee86f3622e400ee25238a02170c2cffddb0791#11183805,1775026115,24783060,0x6e4c7191d6e212755e78b04790ee86f3622e400ee25238a02170c2cffddb0791,94,0x88e6a0c2ddd26feeb64f039a2c41296fcb3f5640,500.0,0.0,998059333.0,,,0xf2f3e73be57031114dd1f4e75c1dd87658be7f0e,0xc36442b4a4522e871399cd717abdd847ab11fe88,0xa0b86991c6218b36c1d19d4a2e9eb0ce3606eb48,USDC,6,0xc02aaa39b223fe8d0a0e5c4f27ead9083c756cc2,WETH,18,0.0,0.0,0.0,0.0,,,200950,201030,2026-04-01T06:48:35+00:00
burn,0x677f081cf80c6f90bc2b497a2eef96d6fbd6ceb769461fb36f5b956584955a55#11183827,1775026331,24783078,0x677f081cf80c6f90bc2b497a2eef96d6fbd6ceb769461fb36f5b956584955a55,576,0x88e6a0c2ddd26feeb64f039a2c41296fcb3f5640,500.0,0.0,171404345.0,,,0xacbc9960c499f8f5127696dcf0e0520cce2e9835,0xc36442b4a4522e871399cd717abdd847ab11fe88,0xa0b86991c6218b36c1d19d4a2e9eb0ce3606eb48,USDC,6,0xc02aaa39b223fe8d0a0e5c4f27ead9083c756cc2,WETH,18,184930.441583,0.0,184930.441583,3.6645462273817235e+17,,,199690,199910,2026-04-01T06:52:11+00:00
burn,0x9fc6c2f2e791dacf29fff7400ebfe20e2e5337d878104d11ec476283e4151b73#11183841,1775026523,24783094,0x9fc6c2f2e791dacf29fff7400ebfe20e2e5337d878104d11ec476283e4151b73,755,0x88e6a0c2ddd26feeb64f039a2c41296fcb3f5640,500.0,0.0,151949741.0,,,0xacbc9960c499f8f5127696dcf0e0520cce2e9835,0xc36442b4a4522e871399cd717abdd847ab11fe88,0xa0b86991c6218b36c1d19d4a2e9eb0ce3606eb48,USDC,6,0xc02aaa39b223fe8d0a0e5c4f27ead9083c756cc2,WETH,18,184944.273417,0.0,184944.273417,7.28036214472798e+17,,,199610,199720,2026-04-01T06:55:23+00:00
burn,0x1f66ce960c156dddcb2a53907ebf2412df5c7ffbda4ad52056cf72320bf906ec#11183851,1775026727,24783111,0x1f66ce960c156dddcb2a53907ebf2412df5c7ffbda4ad52056cf72320bf906ec,343,0x88e6a0c2ddd26feeb64f039a2c41296fcb3f5640,500.0,0.0,354267536.0,,,0xb3fbc1bdfc96e408e2d96a5b5827fa839316b4ce,0xc36442b4a4522e871399cd717abdd847ab11fe88,0xa0b86991c6218b36c1d19d4a2e9eb0ce3606eb48,USDC,6,0xc02aaa39b223fe8d0a0e5c4f27ead9083c756cc2,WETH,18,18086.895157,0.0,18086.895157,8625663361507238.0,,,199890,200830,2026-04-01T06:58:47+00:00
burn,0x1f66ce960c156dddcb2a53907ebf2412df5c7ffbda4ad52056cf72320bf906ec#11183852,1775026727,24783111,0x1f66ce960c156dddcb2a53907ebf2412df5c7ffbda4ad52056cf72320bf906ec,345,0x88e6a0c2ddd26feeb64f039a2c41296fcb3f5640,500.0,0.0,354267536.0,,,0xb3fbc1bdfc96e408e2d96a5b5827fa839316b4ce,0xc36442b4a4522e871399cd717abdd847ab11fe88,0xa0b86991c6218b36c1d19d4a2e9eb0ce3606eb48,USDC,6,0xc02aaa39b223fe8d0a0e5c4f27ead9083c756cc2,WETH,18,0.0,0.0,0.0,0.0,,,199890,200830,2026-04-01T06:58:47+00:00
burn,0x88aefc77b6903867019b93aa81ab62010d2877805bc0454ee34c0ba5045d20a6#11183873,1775026907,24783126,0x88aefc77b6903867019b93aa81ab62010d2877805bc0454ee34c0ba5045d20a6,242,0x88e6a0c2ddd26feeb64f039a2c41296fcb3f5640,500.0,0.0,370281712.0,,,0x5f488f12c1e9a61f75c94be7a46044c2f9d74afc,0xaceffc3d113a13193d8862b57263a2cd6935466a,0xa0b86991c6218b36c1d19d4a2e9eb0ce3606eb48,USDC,6,0xc02aaa39b223fe8d0a0e5c4f27ead9083c756cc2,WETH,18,27.735609,0.000899964297932118,29.668199076945655,45970852525999.0,,,199560,199840,2026-04-01T07:01:47+00:00
burn,0xb4f54508968ab1167f2c6480e02469e2afe193682d49a798f5b7035ce8ea6608#11183924,1775027471,24783173,0xb4f54508968ab1167f2c6480e02469e2afe193682d49a798f5b7035ce8ea6608,1833,0x88e6a0c2ddd26feeb64f039a2c41296fcb3f5640,500.0,0.0,121451297.0,,,0xacbc9960c499f8f5127696dcf0e0520cce2e9835,0xc36442b4a4522e871399cd717abdd847ab11fe88,0xa0b86991c6218b36c1d19d4a2e9eb0ce3606eb48,USDC,6,0xc02aaa39b223fe8d0a0e5c4f27ead9083c756cc2,WETH,18,184944.273416,0.0,184944.273416,6.157224122433334e+17,,,199590,199720,2026-04-01T07:11:11+00:00
burn,0x6127435b41a631e9903172ed371bc7e8476327a608d7db754e4e3b5e6f43155f#11183934,1775027579,24783182,0x6127435b41a631e9903172ed371bc7e8476327a608d7db754e4e3b5e6f43155f,360,0x88e6a0c2ddd26feeb64f039a2c41296fcb3f5640,500.0,0.0,243387572.0,,,0x7539e2df658434ae87df906ddda7cae611dd47f8,0xc36442b4a4522e871399cd717abdd847ab11fe88,0xa0b86991c6218b36c1d19d4a2e9eb0ce3606eb48,USDC,6,0xc02aaa39b223fe8d0a0e5c4f27ead9083c756cc2,WETH,18,0.0,0.0,0.0,0.0,,,199660,202540,2026-04-01T07:12:59+00:00
burn,0x123ca766b0e5d5babf807f364938253ef884fb5cdb6c000ffe4a264ce0f09c27#11183935,1775027639,24783187,0x123ca766b0e5d5babf807f364938253ef884fb5cdb6c000ffe4a264ce0f09c27,162,0x88e6a0c2ddd26feeb64f039a2c41296fcb3f5640,500.0,0.0,665665024.0,,,0x6151bb162d036290131b7360f02042298bf16d76,0xc36442b4a4522e871399cd717abdd847ab11fe88,0xa0b86991c6218b36c1d19d4a2e9eb0ce3606eb48,USDC,6,0xc02aaa39b223fe8d0a0e5c4f27ead9083c756cc2,WETH,18,0.0,0.0,0.0,0.0,,,198510,201490,2026-04-01T07:13:59+00:00
burn,0x4c3b155763977a238515e763bad9e2865b4e261a18bf5b3ad57783f11a85454a#11183936,1775027663,24783189,0x4c3b155763977a238515e763bad9e2865b4e261a18bf5b3ad57783f11a85454a,382,0x88e6a0c2ddd26feeb64f039a2c41296fcb3f5640,500.0,0.0,265304504.0,,,0x7539e2df658434ae87df906ddda7cae611dd47f8,0xc36442b4a4522e871399cd717abdd847ab11fe88,0xa0b86991c6218b36c1d19d4a2e9eb0ce3606eb48,USDC,6,0xc02aaa39b223fe8d0a0e5c4f27ead9083c756cc2,WETH,18,499.999999,0.0,499.999999,80698746063397.0,,,199660,202540,2026-04-01T07:14:23+00:00
burn,0x428836f28dc3d057d66ffd61ede0c3c8e4c5e91b312dcb51853ddc833af9a257#11183950,1775027843,24783204,0x428836f28dc3d057d66ffd61ede0c3c8e4c5e91b312dcb51853ddc833af9a257,1165,0x88e6a0c2ddd26feeb64f039a2c41296fcb3f5640,500.0,0.0,158149265.0,,,0x01adcc192d523a5b7bb5d337382143c0696a3a81,0xc36442b4a4522e871399cd717abdd847ab11fe88,0xa0b86991c6218b36c1d19d4a2e9eb0ce3606eb48,USDC,6,0xc02aaa39b223fe8d0a0e5c4f27ead9083c756cc2,WETH,18,9688.790925,3.89766989446788,18064.338636652334,1173097618826344.0,,,196250,203520,2026-04-01T07:17:23+00:00
burn,0x428836f28dc3d057d66ffd61ede0c3c8e4c5e91b312dcb51853ddc833af9a257#11183951,1775027843,24783204,0x428836f28dc3d057d66ffd61ede0c3c8e4c5e91b312dcb51853ddc833af9a257,1167,0x88e6a0c2ddd26feeb64f039a2c41296fcb3f5640,500.0,0.0,158149265.0,,,0x01adcc192d523a5b7bb5d337382143c0696a3a81,0xc36442b4a4522e871399cd717abdd847ab11fe88,0xa0b86991c6218b36c1d19d4a2e9eb0ce3606eb48,USDC,6,0xc02aaa39b223fe8d0a0e5c4f27ead9083c756cc2,WETH,18,0.0,0.0,0.0,0.0,,,196250,203520,2026-04-01T07:17:23+00:00
burn,0x2f978fe26b201c30c72d805bdb106dfc8849d05098a47fdd050ded5f43ddbbb5#11183976,1775028035,24783220,0x2f978fe26b201c30c72d805bdb106dfc8849d05098a47fdd050ded5f43ddbbb5,755,0x88e6a0c2ddd26feeb64f039a2c41296fcb3f5640,500.0,0.0,641815622.0,,,0xa3e7f352d650f3c1ef2f7353bf9b0c383e2a3732,0xc36442b4a4522e871399cd717abdd847ab11fe88,0xa0b86991c6218b36c1d19d4a2e9eb0ce3606eb48,USDC,6,0xc02aaa39b223fe8d0a0e5c4f27ead9083c756cc2,WETH,18,0.0,0.0,0.0,0.0,,,196260,204240,2026-04-01T07:20:35+00:00
burn,0x28d3ebe0275020aa9ff00626bfd7829cd4370f52bb777cc6653bbbe4f1841d4c#11183978,1775028071,24783223,0x28d3ebe0275020aa9ff00626bfd7829cd4370f52bb777cc6653bbbe4f1841d4c,265,0x88e6a0c2ddd26feeb64f039a2c41296fcb3f5640,500.0,0.0,1176464709.0,,,0xa3e7f352d650f3c1ef2f7353bf9b0c383e2a3732,0xc36442b4a4522e871399cd717abdd847ab11fe88,0xa0b86991c6218b36c1d19d4a2e9eb0ce3606eb48,USDC,6,0xc02aaa39b223fe8d0a0e5c4f27ead9083c756cc2,WETH,18,0.0,0.0,0.0,0.0,,,196690,204310,2026-04-01T07:21:11+00:00
burn,0x5545b06cd86622785ec1768c60261a7ea7a543424f61a2fd7d5fc136d94eefdd#11183985,1775028131,24783228,0x5545b06cd86622785ec1768c60261a7ea7a543424f61a2fd7d5fc136d94eefdd,325,0x88e6a0c2ddd26feeb64f039a2c41296fcb3f5640,500.0,0.0,1194554105.0,,,0x4c4d52630dc9f0104b346d0de03afdbcc46cfe15,0xc36442b4a4522e871399cd717abdd847ab11fe88,0xa0b86991c6218b36c1d19d4a2e9eb0ce3606eb48,USDC,6,0xc02aaa39b223fe8d0a0e5c4f27ead9083c756cc2,WETH,18,0.0,0.0,0.0,0.0,,,197560,201310,2026-04-01T07:22:11+00:00
burn,0x34c737d8701e545c80d94b0d6394097f2a9d0c72428077738fad46020d9f7140#11183994,1775028239,24783237,0x34c737d8701e545c80d94b0d6394097f2a9d0c72428077738fad46020d9f7140,315,0x88e6a0c2ddd26feeb64f039a2c41296fcb3f5640,500.0,0.0,351094271.0,,,0x5f488f12c1e9a61f75c94be7a46044c2f9d74afc,0xaceffc3d113a13193d8862b57263a2cd6935466a,0xa0b86991c6218b36c1d19d4a2e9eb0ce3606eb48,USDC,6,0xc02aaa39b223fe8d0a0e5c4f27ead9083c756cc2,WETH,18,0.0,0.012259757640571219,26.28022494401154,142250072391405.0,,,199530,199610,2026-04-01T07:23:59+00:00
burn,0x0aa5180347026cca033ff9904f313b7bd00088314688166e75b47969782f4890#11184006,1775028503,24783259,0x0aa5180347026cca033ff9904f313b7bd00088314688166e75b47969782f4890,397,0x88e6a0c2ddd26feeb64f039a2c41296fcb3f5640,500.0,0.0,333343826.0,,,0xb3fbc1bdfc96e408e2d96a5b5827fa839316b4ce,0xc36442b4a4522e871399cd717abdd847ab11fe88,0xa0b86991c6218b36c1d19d4a2e9eb0ce3606eb48,USDC,6,0xc02aaa39b223fe8d0a0e5c4f27ead9083c756cc2,WETH,18,17906.026205,0.0,17906.026205,8539406727892166.0,,,199890,200830,2026-04-01T07:28:23+00:00
burn,0x0aa5180347026cca033ff9904f313b7bd00088314688166e75b47969782f4890#11184007,1775028503,24783259,0x0aa5180347026cca033ff9904f313b7bd00088314688166e75b47969782f4890,399,0x88e6a0c2ddd26feeb64f039a2c41296fcb3f5640,500.0,0.0,333343826.0,,,0xb3fbc1bdfc96e408e2d96a5b5827fa839316b4ce,0xc36442b4a4522e871399cd717abdd847ab11fe88,0xa0b86991c6218b36c1d19d4a2e9eb0ce3606eb48,USDC,6,0xc02aaa39b223fe8d0a0e5c4f27ead9083c756cc2,WETH,18,0.0,0.0,0.0,0.0,,,199890,200830,2026-04-01T07:28:23+00:00
burn,0x59ee2f8b00e0f64676a3f0ae3141fe4101fb0f5d21f1cf3252166391f17a1b48#11184017,1775028719,24783276,0x59ee2f8b00e0f64676a3f0ae3141fe4101fb0f5d21f1cf3252166391f17a1b48,90,0x88e6a0c2ddd26feeb64f039a2c41296fcb3f5640,500.0,0.0,654568624.0,,,0x7170790cf8d3e592977472f1e1e678551074aa8e,0xc36442b4a4522e871399cd717abdd847ab11fe88,0xa0b86991c6218b36c1d19d4a2e9eb0ce3606eb48,USDC,6,0xc02aaa39b223fe8d0a0e5c4f27ead9083c756cc2,WETH,18,0.0,0.0,0.0,0.0,,,199450,201380,2026-04-01T07:31:59+00:00
burn,0x55c54b3fd9d4b51ccd398c514e0a922f484f06e88c21d8d9998958b8f4e9878e#11184076,1775029307,24783325,0x55c54b3fd9d4b51ccd398c514e0a922f484f06e88c21d8d9998958b8f4e9878e,231,0x88e6a0c2ddd26feeb64f039a2c41296fcb3f5640,500.0,0.0,235834552.0,,,0x09f2398138913d7ed403d4d4a501cf2d41624d1c,0xc36442b4a4522e871399cd717abdd847ab11fe88,0xa0b86991c6218b36c1d19d4a2e9eb0ce3606eb48,USDC,6,0xc02aaa39b223fe8d0a0e5c4f27ead9083c756cc2,WETH,18,0.0,0.0,0.0,0.0,,,197300,201970,2026-04-01T07:41:47+00:00
burn,0x68e07b108746d6e2d7206510dd69c8feff0ee3e71bc6d2e8525aa907684911d6#11184100,1775029607,24783350,0x68e07b108746d6e2d7206510dd69c8feff0ee3e71bc6d2e8525aa907684911d6,213,0x88e6a0c2ddd26feeb64f039a2c41296fcb3f5640,500.0,0.0,1124022858.0,,,0x2259ea8ceaa9142af761f9c9c8189f6334655609,0xc36442b4a4522e871399cd717abdd847ab11fe88,0xa0b86991c6218b36c1d19d4a2e9eb0ce3606eb48,USDC,6,0xc02aaa39b223fe8d0a0e5c4f27ead9083c756cc2,WETH,18,0.0,0.0,0.0,0.0,,,195000,201940,2026-04-01T07:46:47+00:00
burn,0x499d549733c365b5052790824ee23bd0ac8aa561b8eea5720cf62734578c0430#11184105,1775029679,24783356,0x499d549733c365b5052790824ee23bd0ac8aa561b8eea5720cf62734578c0430,160,0x88e6a0c2ddd26feeb64f039a2c41296fcb3f5640,500.0,0.0,632100966.0,,,0xaed7ad04895d3288f723e3e55c9f9b6c18d486d8,0xc36442b4a4522e871399cd717abdd847ab11fe88,0xa0b86991c6218b36c1d19d4a2e9eb0ce3606eb48,USDC,6,0xc02aaa39b223fe8d0a0e5c4f27ead9083c756cc2,WETH,18,0.0,0.0,0.0,0.0,,,197610,201660,2026-04-01T07:47:59+00:00
burn,0xf573e38e3c0eaf887af8fc52e636db22e72def9f09dfb91e9362f2f0700eac0e#11184156,1775030651,24783436,0xf573e38e3c0eaf887af8fc52e636db22e72def9f09dfb91e9362f2f0700eac0e,153,0x88e6a0c2ddd26feeb64f039a2c41296fcb3f5640,500.0,0.0,1146496101.0,,,0x7170790cf8d3e592977472f1e1e678551074aa8e,0xc36442b4a4522e871399cd717abdd847ab11fe88,0xa0b86991c6218b36c1d19d4a2e9eb0ce3606eb48,USDC,6,0xc02aaa39b223fe8d0a0e5c4f27ead9083c756cc2,WETH,18,260.218178,0.015915034982431346,294.21186548241343,68581583382705.0,,,199450,201380,2026-04-01T08:04:11+00:00
burn,0x93ed64bd7709a5c82cb20355351865db9f4102b6c20c7ed710c3c56515b811ad#11184161,1775030675,24783438,0x93ed64bd7709a5c82cb20355351865db9f4102b6c20c7ed710c3c56515b811ad,243,0x88e6a0c2ddd26feeb64f039a2c41296fcb3f5640,500.0,0.0,1147954849.0,,,0xd2d393d7d5dd32032416746e437b7c22a4cdee93,0xc36442b4a4522e871399cd717abdd847ab11fe88,0xa0b86991c6218b36c1d19d4a2e9eb0ce3606eb48,USDC,6,0xc02aaa39b223fe8d0a0e5c4f27ead9083c756cc2,WETH,18,0.0,0.0,0.0,0.0,,,199100,201690,2026-04-01T08:04:35+00:00
burn,0x9771b4ce3d2b48e151dfe5dfa16d7750c58495081308bd44859a775bf6e6c554#11184240,1775031191,24783481,0x9771b4ce3d2b48e151dfe5dfa16d7750c58495081308bd44859a775bf6e6c554,155,0x88e6a0c2ddd26feeb64f039a2c41296fcb3f5640,500.0,0.0,2161284576.0,,,0xda55cec09bb0d481188eba0e5b6e276d239f98a4,0xc36442b4a4522e871399cd717abdd847ab11fe88,0xa0b86991c6218b36c1d19d4a2e9eb0ce3606eb48,USDC,6,0xc02aaa39b223fe8d0a0e5c4f27ead9083c756cc2,WETH,18,0.0,0.0,0.0,0.0,,,196910,205670,2026-04-01T08:13:11+00:00
burn,0xd2093105aac948182e282ad517b799c2f393e97e090a643784001900cecae61d#11184241,1775031191,24783481,0xd2093105aac948182e282ad517b799c2f393e97e090a643784001900cecae61d,939,0x88e6a0c2ddd26feeb64f039a2c41296fcb3f5640,500.0,0.0,161384576.0,,,0xae15c8c6829961b177586751debee41bc0d7ff2c,0xc36442b4a4522e871399cd717abdd847ab11fe88,0xa0b86991c6218b36c1d19d4a2e9eb0ce3606eb48,USDC,6,0xc02aaa39b223fe8d0a0e5c4f27ead9083c756cc2,WETH,18,1999.752163,0.0,1999.752163,276058658793441.0,,,200340,203880,2026-04-01T08:13:11+00:00
burn,0x1d7e5ac9be5758083bce137bfb5f3bf627413f3990146d6b4d416f82df33e91c#11184246,1775031299,24783490,0x1d7e5ac9be5758083bce137bfb5f3bf627413f3990146d6b4d416f82df33e91c,311,0x88e6a0c2ddd26feeb64f039a2c41296fcb3f5640,500.0,0.0,281973633.0,,,0x15139fde077c6a5cd011c21f448b1a87d534b995,0xc36442b4a4522e871399cd717abdd847ab11fe88,0xa0b86991c6218b36c1d19d4a2e9eb0ce3606eb48,USDC,6,0xc02aaa39b223fe8d0a0e5c4f27ead9083c756cc2,WETH,18,0.0,0.0,0.0,0.0,,,197690,203880,2026-04-01T08:14:59+00:00
burn,0xe91b1f52aef1b082d9fd4b24b20410320904f94752714d2e04192caf8dd4e74a#11184266,1775031635,24783518,0xe91b1f52aef1b082d9fd4b24b20410320904f94752714d2e04192caf8dd4e74a,373,0x88e6a0c2ddd26feeb64f039a2c41296fcb3f5640,500.0,0.0,1155287515.0,,,0xf3999c55c7b6a5b79c72b44b5066637b6fdd57ea,0xc36442b4a4522e871399cd717abdd847ab11fe88,0xa0b86991c6218b36c1d19d4a2e9eb0ce3606eb48,USDC,6,0xc02aaa39b223fe8d0a0e5c4f27ead9083c756cc2,WETH,18,61.98285,0.0834071881904029,239.1418540312392,54878557482927.0,,,198230,200180,2026-04-01T08:20:35+00:00
burn,0x9bd69937a86050028e07dbd385a75469e8cdeefef17bd6aad7ce7c318d9c6398#11184353,1775033279,24783653,0x9bd69937a86050028e07dbd385a75469e8cdeefef17bd6aad7ce7c318d9c6398,118,0x88e6a0c2ddd26feeb64f039a2c41296fcb3f5640,500.0,0.0,620794218.0,,,0xf26ded9fdbaff7088f3beee561965d7d90a69e44,0xc36442b4a4522e871399cd717abdd847ab11fe88,0xa0b86991c6218b36c1d19d4a2e9eb0ce3606eb48,USDC,6,0xc02aaa39b223fe8d0a0e5c4f27ead9083c756cc2,WETH,18,4725.540323,0.19385683051914887,5139.56279721401,745641848433951.0,,,199400,202590,2026-04-01T08:47:59+00:00
burn,0x9bd69937a86050028e07dbd385a75469e8cdeefef17bd6aad7ce7c318d9c6398#11184354,1775033279,24783653,0x9bd69937a86050028e07dbd385a75469e8cdeefef17bd6aad7ce7c318d9c6398,120,0x88e6a0c2ddd26feeb64f039a2c41296fcb3f5640,500.0,0.0,620794218.0,,,0xf26ded9fdbaff7088f3beee561965d7d90a69e44,0xc36442b4a4522e871399cd717abdd847ab11fe88,0xa0b86991c6218b36c1d19d4a2e9eb0ce3606eb48,USDC,6,0xc02aaa39b223fe8d0a0e5c4f27ead9083c756cc2,WETH,18,0.0,0.0,0.0,0.0,,,199400,202590,2026-04-01T08:47:59+00:00
burn,0x4c15d9abe1c4ee5626b4f9b9b848b8f29a6d7171bcb4547d5d3f8bd4c29e4f72#11184365,1775033543,24783675,0x4c15d9abe1c4ee5626b4f9b9b848b8f29a6d7171bcb4547d5d3f8bd4c29e4f72,395,0x88e6a0c2ddd26feeb64f039a2c41296fcb3f5640,500.0,0.0,609007900.0,,,0xd0ab541fb6c2a0b158d427936faa09f57d876d0d,0xc36442b4a4522e871399cd717abdd847ab11fe88,0xa0b86991c6218b36c1d19d4a2e9eb0ce3606eb48,USDC,6,0xc02aaa39b223fe8d0a0e5c4f27ead9083c756cc2,WETH,18,3252.834215,1.287116004859986,6001.754495683687,381913792340622.0,,,196250,203710,2026-04-01T08:52:23+00:00
burn,0x0e1431bf68a4a100dde8880f79d631915ab3da5ade01516ca8393305a10062eb#11184401,1775033975,24783711,0x0e1431bf68a4a100dde8880f79d631915ab3da5ade01516ca8393305a10062eb,1598,0x88e6a0c2ddd26feeb64f039a2c41296fcb3f5640,500.0,0.0,134375933.0,,,0x58073810dd77faac0c43ebb37f5a4165c0b3969e,0xc36442b4a4522e871399cd717abdd847ab11fe88,0xa0b86991c6218b36c1d19d4a2e9eb0ce3606eb48,USDC,6,0xc02aaa39b223fe8d0a0e5c4f27ead9083c756cc2,WETH,18,0.0,0.0,0.0,0.0,,,197750,200310,2026-04-01T08:59:35+00:00
burn,0xf27217a37e1f7abcfb18e071b8382af8352135b6489b10c9ec99f62f97e8fbf6#11184411,1775034095,24783721,0xf27217a37e1f7abcfb18e071b8382af8352135b6489b10c9ec99f62f97e8fbf6,678,0x88e6a0c2ddd26feeb64f039a2c41296fcb3f5640,500.0,0.0,251073434.0,,,0xd3962c301d3a2ea59bad2398d236c8cfd7789a27,0xc36442b4a4522e871399cd717abdd847ab11fe88,0xa0b86991c6218b36c1d19d4a2e9eb0ce3606eb48,USDC,6,0xc02aaa39b223fe8d0a0e5c4f27ead9083c756cc2,WETH,18,18728.039104,13.611118943651592,47797.58784202328,5.198791538513633e+16,,,199410,199810,2026-04-01T09:01:35+00:00
burn,0x18679848a9e28d9d77efaa8f2a1102c81ba43df875fc1cd77b6f5ff9aeb4bbe0#11184426,1775034359,24783742,0x18679848a9e28d9d77efaa8f2a1102c81ba43df875fc1cd77b6f5ff9aeb4bbe0,7,0x88e6a0c2ddd26feeb64f039a2c41296fcb3f5640,500.0,0.0,2245100025.0,,,0xaf5bdaa011cb70c26277b2d9c4d4727ec1cc8898,0xc36442b4a4522e871399cd717abdd847ab11fe88,0xa0b86991c6218b36c1d19d4a2e9eb0ce3606eb48,USDC,6,0xc02aaa39b223fe8d0a0e5c4f27ead9083c756cc2,WETH,18,5248.977089,2.8038838235384382,11237.289864866378,482286293896025.0,,,193380,205010,2026-04-01T09:05:59+00:00
burn,0x036515d69105f0c851d3e41b3368496ad0f816fbade43d9f7ec7198e50362a1d#11184449,1775034899,24783787,0x036515d69105f0c851d3e41b3368496ad0f816fbade43d9f7ec7198e50362a1d,31,0x88e6a0c2ddd26feeb64f039a2c41296fcb3f5640,500.0,0.0,2123084983.0,,,0x0954c66cdacfc344069d6e7d158a02492c8ac380,0xc36442b4a4522e871399cd717abdd847ab11fe88,0xa0b86991c6218b36c1d19d4a2e9eb0ce3606eb48,USDC,6,0xc02aaa39b223fe8d0a0e5c4f27ead9083c756cc2,WETH,18,0.0,0.0,0.0,0.0,,,194710,201940,2026-04-01T09:14:59+00:00
burn,0x3b247fd52c82cac9dea88fee045f6eea4edef3c92f91693a6611285056c0c33f#11184451,1775034899,24783787,0x3b247fd52c82cac9dea88fee045f6eea4edef3c92f91693a6611285056c0c33f,221,0x88e6a0c2ddd26feeb64f039a2c41296fcb3f5640,500.0,0.0,353412125.0,,,0x976d17a0e86f3533c4873a4ecce67a74d88f4ba5,0xc36442b4a4522e871399cd717abdd847ab11fe88,0xa0b86991c6218b36c1d19d4a2e9eb0ce3606eb48,USDC,6,0xc02aaa39b223fe8d0a0e5c4f27ead9083c756cc2,WETH,18,37019.905353,0.0,37019.905353,9.106033199443731e+16,,,200020,200200,2026-04-01T09:14:59+00:00
burn,0x18684877aa2629fb4b4eb1928e8a7ab0cedb722fdee939de20565403f180b3cf#11184482,1775035451,24783833,0x18684877aa2629fb4b4eb1928e8a7ab0cedb722fdee939de20565403f180b3cf,477,0x88e6a0c2ddd26feeb64f039a2c41296fcb3f5640,500.0,0.0,217158808.0,,,0x761e0f091b68b6120191eb0b04f43867b94d66c7,0xc36442b4a4522e871399cd717abdd847ab11fe88,0xa0b86991c6218b36c1d19d4a2e9eb0ce3606eb48,USDC,6,0xc02aaa39b223fe8d0a0e5c4f27ead9083c756cc2,WETH,18,276.820501,0.20006974151525178,703.8774873950057,48269930157111.0,,,195440,202340,2026-04-01T09:24:11+00:00
burn,0xf8804aebb1341960ef78ec7761b98ed2ce779a5876a1f15c8fcd613f3ebc2cc9#11184537,1775036579,24783927,0xf8804aebb1341960ef78ec7761b98ed2ce779a5876a1f15c8fcd613f3ebc2cc9,144,0x88e6a0c2ddd26feeb64f039a2c41296fcb3f5640,500.0,0.0,2163990050.0,,,0xc3077830399c105b806060df791a65fea0c596b8,0xc36442b4a4522e871399cd717abdd847ab11fe88,0xa0b86991c6218b36c1d19d4a2e9eb0ce3606eb48,USDC,6,0xc02aaa39b223fe8d0a0e5c4f27ead9083c756cc2,WETH,18,2400.911191,1.127712903661618,4807.74663660669,52034013213077.0,,,-887270,887270,2026-04-01T09:42:59+00:00
burn,0xf8804aebb1341960ef78ec7761b98ed2ce779a5876a1f15c8fcd613f3ebc2cc9#11184538,1775036579,24783927,0xf8804aebb1341960ef78ec7761b98ed2ce779a5876a1f15c8fcd613f3ebc2cc9,146,0x88e6a0c2ddd26feeb64f039a2c41296fcb3f5640,500.0,0.0,2163990050.0,,,0xc3077830399c105b806060df791a65fea0c596b8,0xc36442b4a4522e871399cd717abdd847ab11fe88,0xa0b86991c6218b36c1d19d4a2e9eb0ce3606eb48,USDC,6,0xc02aaa39b223fe8d0a0e5c4f27ead9083c756cc2,WETH,18,0.0,0.0,0.0,0.0,,,-887270,887270,2026-04-01T09:42:59+00:00
burn,0xbdc53d2c35f1defe4d7153824225f4971adda162e349537006fb94a22e805503#11184550,1775036747,24783941,0xbdc53d2c35f1defe4d7153824225f4971adda162e349537006fb94a22e805503,129,0x88e6a0c2ddd26feeb64f039a2c41296fcb3f5640,500.0,0.0,2155281949.0,,,0xc3077830399c105b806060df791a65fea0c596b8,0xc36442b4a4522e871399cd717abdd847ab11fe88,0xa0b86991c6218b36c1d19d4a2e9eb0ce3606eb48,USDC,6,0xc02aaa39b223fe8d0a0e5c4f27ead9083c756cc2,WETH,18,2234.690981,1.0947834295709435,4571.2462824412005,1608108135991884.0,,,199040,200290,2026-04-01T09:45:47+00:00
burn,0x91405d2e892783b73a5e76fdf6716e2ea591619e625b57762a7b4f43a28af37f#11184590,1775037719,24784021,0x91405d2e892783b73a5e76fdf6716e2ea591619e625b57762a7b4f43a28af37f,39,0x88e6a0c2ddd26feeb64f039a2c41296fcb3f5640,500.0,0.0,362404188.0,,,0x14c16675740f2e1a7ddb24ca82a091dadcf1bdb7,0xc36442b4a4522e871399cd717abdd847ab11fe88,0xa0b86991c6218b36c1d19d4a2e9eb0ce3606eb48,USDC,6,0xc02aaa39b223fe8d0a0e5c4f27ead9083c756cc2,WETH,18,0.262235,0.000122811820592862,0.5243476724564679,5674999564.0,,,-887270,887270,2026-04-01T10:01:59+00:00
burn,0x91405d2e892783b73a5e76fdf6716e2ea591619e625b57762a7b4f43a28af37f#11184591,1775037719,24784021,0x91405d2e892783b73a5e76fdf6716e2ea591619e625b57762a7b4f43a28af37f,41,0x88e6a0c2ddd26feeb64f039a2c41296fcb3f5640,500.0,0.0,362404188.0,,,0x14c16675740f2e1a7ddb24ca82a091dadcf1bdb7,0xc36442b4a4522e871399cd717abdd847ab11fe88,0xa0b86991c6218b36c1d19d4a2e9eb0ce3606eb48,USDC,6,0xc02aaa39b223fe8d0a0e5c4f27ead9083c756cc2,WETH,18,0.0,0.0,0.0,0.0,,,-887270,887270,2026-04-01T10:01:59+00:00
burn,0x28bc1af5e43c76f66ffaaeecd337f7d168e49c2d6b21fa8968fe98615fc12a95#11184626,1775038475,24784083,0x28bc1af5e43c76f66ffaaeecd337f7d168e49c2d6b21fa8968fe98615fc12a95,78,0x88e6a0c2ddd26feeb64f039a2c41296fcb3f5640,500.0,0.0,403945798.0,,,0x8ad3fa2efcdf2827c7169750c4880bca3c2495b3,0xc36442b4a4522e871399cd717abdd847ab11fe88,0xa0b86991c6218b36c1d19d4a2e9eb0ce3606eb48,USDC,6,0xc02aaa39b223fe8d0a0e5c4f27ead9083c756cc2,WETH,18,0.0,0.0,0.0,0.0,,,198490,200670,2026-04-01T10:14:35+00:00
burn,0xa8b3dafa662c15b0b80f3b6f97382032e918eadf1f4f4a456244e841f64f1a6a#11184629,1775038499,24784085,0xa8b3dafa662c15b0b80f3b6f97382032e918eadf1f4f4a456244e841f64f1a6a,120,0x88e6a0c2ddd26feeb64f039a2c41296fcb3f5640,500.0,0.0,332662561.0,,,0x8ad3fa2efcdf2827c7169750c4880bca3c2495b3,0xc36442b4a4522e871399cd717abdd847ab11fe88,0xa0b86991c6218b36c1d19d4a2e9eb0ce3606eb48,USDC,6,0xc02aaa39b223fe8d0a0e5c4f27ead9083c756cc2,WETH,18,99.540516,0.055216489116032566,217.3870022421228,44365746795764.0,,,198490,200670,2026-04-01T10:14:59+00:00
burn,0x908cffbe480d36f3a53842de86aa39d64369ef37fe97020383fd31a70d1dade5#11184670,1775039447,24784163,0x908cffbe480d36f3a53842de86aa39d64369ef37fe97020383fd31a70d1dade5,274,0x88e6a0c2ddd26feeb64f039a2c41296fcb3f5640,500.0,0.0,224974428.0,,,0xff9e5e8cb270d80c2eb6059c6b0d70a9aec96922,0xc36442b4a4522e871399cd717abdd847ab11fe88,0xa0b86991c6218b36c1d19d4a2e9eb0ce3606eb48,USDC,6,0xc02aaa39b223fe8d0a0e5c4f27ead9083c756cc2,WETH,18,5899.578493,1.976097707369372,10117.089874341658,1062180141644294.0,,,197880,202240,2026-04-01T10:30:47+00:00
burn,0xa154c30c54d341c506784947822a37b1bbd0a802827a7dd44f75481dd1dc444b#11184671,1775039483,24784166,0xa154c30c54d341c506784947822a37b1bbd0a802827a7dd44f75481dd1dc444b,255,0x88e6a0c2ddd26feeb64f039a2c41296fcb3f5640,500.0,0.0,636741429.0,,,0x706e386348510dd86c3e452a33b466f985a74bdf,0xc36442b4a4522e871399cd717abdd847ab11fe88,0xa0b86991c6218b36c1d19d4a2e9eb0ce3606eb48,USDC,6,0xc02aaa39b223fe8d0a0e5c4f27ead9083c756cc2,WETH,18,0.0,0.0,0.0,0.0,,,198690,201720,2026-04-01T10:31:23+00:00
burn,0x42c3438493c7c2000905ffdf2fbf0855c69b54f09150c7d63dddbc625aa7206b#11184672,1775039507,24784168,0x42c3438493c7c2000905ffdf2fbf0855c69b54f09150c7d63dddbc625aa7206b,200,0x88e6a0c2ddd26feeb64f039a2c41296fcb3f5640,500.0,0.0,634582199.0,,,0x706e386348510dd86c3e452a33b466f985a74bdf,0xc36442b4a4522e871399cd717abdd847ab11fe88,0xa0b86991c6218b36c1d19d4a2e9eb0ce3606eb48,USDC,6,0xc02aaa39b223fe8d0a0e5c4f27ead9083c756cc2,WETH,18,4071.725059,0.9461149103545353,6090.9827037999685,907942461556567.0,,,198690,201720,2026-04-01T10:31:47+00:00
burn,0x2d55678889255c118cb16f7c88e8448e47ae059a0fa05b31ddcf1b9faa75395d#11184697,1775040095,24784216,0x2d55678889255c118cb16f7c88e8448e47ae059a0fa05b31ddcf1b9faa75395d,70,0x88e6a0c2ddd26feeb64f039a2c41296fcb3f5640,500.0,0.0,442180565.0,,,0x9905ecb4e10d05c78dcd024ef8c8c9374849c340,0xc36442b4a4522e871399cd717abdd847ab11fe88,0xa0b86991c6218b36c1d19d4a2e9eb0ce3606eb48,USDC,6,0xc02aaa39b223fe8d0a0e5c4f27ead9083c756cc2,WETH,18,14900.006264,0.0,14900.006264,6679401089209357.0,,,199860,200860,2026-04-01T10:41:35+00:00
burn,0x63be6edbb68ab17ac994ed72ebeaeef3474c65a21e089d5ac04e1f247c37976b#11184703,1775040287,24784232,0x63be6edbb68ab17ac994ed72ebeaeef3474c65a21e089d5ac04e1f247c37976b,54,0x88e6a0c2ddd26feeb64f039a2c41296fcb3f5640,500.0,0.0,638806125.0,,,0xfe93f956046ec168689c4b2f36c9d7ed32303c74,0xc36442b4a4522e871399cd717abdd847ab11fe88,0xa0b86991c6218b36c1d19d4a2e9eb0ce3606eb48,USDC,6,0xc02aaa39b223fe8d0a0e5c4f27ead9083c756cc2,WETH,18,9686.166585,0.0,9686.166585,4342131841740965.0,,,199860,200860,2026-04-01T10:44:47+00:00
burn,0x9a3c80e0b3e809a402d4cf7b9b063b0d251c266c50fe856d5b1c5b6f69b3b75c#11184715,1775040527,24784252,0x9a3c80e0b3e809a402d4cf7b9b063b0d251c266c50fe856d5b1c5b6f69b3b75c,192,0x88e6a0c2ddd26feeb64f039a2c41296fcb3f5640,500.0,0.0,346494764.0,,,0x0ec662f77a16c8178656b109e0f1c809a6b4ef1f,0xc36442b4a4522e871399cd717abdd847ab11fe88,0xa0b86991c6218b36c1d19d4a2e9eb0ce3606eb48,USDC,6,0xc02aaa39b223fe8d0a0e5c4f27ead9083c756cc2,WETH,18,291.622753,0.1020442446981484,509.2479748761919,57192550389911.0,,,197950,202010,2026-04-01T10:48:47+00:00
burn,0x2c730fb04b5844780e4dc319bd51928f608a7de612dc4df7ac27bcf1dd493cb7#11184785,1775042075,24784378,0x2c730fb04b5844780e4dc319bd51928f608a7de612dc4df7ac27bcf1dd493cb7,255,0x88e6a0c2ddd26feeb64f039a2c41296fcb3f5640,500.0,0.0,598270939.0,,,0xb3fbc1bdfc96e408e2d96a5b5827fa839316b4ce,0xc36442b4a4522e871399cd717abdd847ab11fe88,0xa0b86991c6218b36c1d19d4a2e9eb0ce3606eb48,USDC,6,0xc02aaa39b223fe8d0a0e5c4f27ead9083c756cc2,WETH,18,179.060262,0.0,179.060262,85394067278922.0,,,199890,200830,2026-04-01T11:14:35+00:00
burn,0x2c730fb04b5844780e4dc319bd51928f608a7de612dc4df7ac27bcf1dd493cb7#11184786,1775042075,24784378,0x2c730fb04b5844780e4dc319bd51928f608a7de612dc4df7ac27bcf1dd493cb7,257,0x88e6a0c2ddd26feeb64f039a2c41296fcb3f5640,500.0,0.0,598270939.0,,,0xb3fbc1bdfc96e408e2d96a5b5827fa839316b4ce,0xc36442b4a4522e871399cd717abdd847ab11fe88,0xa0b86991c6218b36c1d19d4a2e9eb0ce3606eb48,USDC,6,0xc02aaa39b223fe8d0a0e5c4f27ead9083c756cc2,WETH,18,0.0,0.0,0.0,0.0,,,199890,200830,2026-04-01T11:14:35+00:00
burn,0x51079d67993f785e93fa7642ce030266fc8d2e9a9d6e7c1245b70f4d8552f3de#11184788,1775042075,24784378,0x51079d67993f785e93fa7642ce030266fc8d2e9a9d6e7c1245b70f4d8552f3de,319,0x88e6a0c2ddd26feeb64f039a2c41296fcb3f5640,500.0,0.0,2120896378.0,,,0xc3077830399c105b806060df791a65fea0c596b8,0xc36442b4a4522e871399cd717abdd847ab11fe88,0xa0b86991c6218b36c1d19d4a2e9eb0ce3606eb48,USDC,6,0xc02aaa39b223fe8d0a0e5c4f27ead9083c756cc2,WETH,18,4806.570221,2.25096864349834,9607.120426463396,104016531625764.0,,,-887270,887270,2026-04-01T11:14:35+00:00
burn,0xfc3d47191ac0a69393a4b23c7b56f5014afa93a7a2c0183a6e9db55f6a512e3d#11184806,1775042447,24784409,0xfc3d47191ac0a69393a4b23c7b56f5014afa93a7a2c0183a6e9db55f6a512e3d,88,0x88e6a0c2ddd26feeb64f039a2c41296fcb3f5640,500.0,0.0,2126227309.0,,,0x59703b890ac11e04c0bc904c72ddfbae9ed18449,0xc36442b4a4522e871399cd717abdd847ab11fe88,0xa0b86991c6218b36c1d19d4a2e9eb0ce3606eb48,USDC,6,0xc02aaa39b223fe8d0a0e5c4f27ead9083c756cc2,WETH,18,7638.495915,0.0,7638.495915,5118914013831412.0,,,199760,200420,2026-04-01T11:20:47+00:00
burn,0x36cb9b5c630d8067acd63fd592a55818d747e747878335641bb767a4012dd04e#11184820,1775042723,24784432,0x36cb9b5c630d8067acd63fd592a55818d747e747878335641bb767a4012dd04e,78,0x88e6a0c2ddd26feeb64f039a2c41296fcb3f5640,500.0,0.0,38404276769.0,,,0xae2fc483527b8ef99eb5d9b44875f005ba1fae13,0x1f2f10d1c40777ae1da742455c65828ff36df387,0xa0b86991c6218b36c1d19d4a2e9eb0ce3606eb48,USDC,6,0xc02aaa39b223fe8d0a0e5c4f27ead9083c756cc2,WETH,18,9978.351168,41.64523555454418,98793.4684622299,4.279639382354297e+18,,,199660,199670,2026-04-01T11:25:23+00:00
burn,0x3be0b43b0d7729d4395e8048e2fe18859a1e6fd0c9311e886f6f7b02736692d0#11184863,1775043599,24784505,0x3be0b43b0d7729d4395e8048e2fe18859a1e6fd0c9311e886f6f7b02736692d0,155,0x88e6a0c2ddd26feeb64f039a2c41296fcb3f5640,500.0,0.0,358637088.0,,,0x59703b890ac11e04c0bc904c72ddfbae9ed18449,0xc36442b4a4522e871399cd717abdd847ab11fe88,0xa0b86991c6218b36c1d19d4a2e9eb0ce3606eb48,USDC,6,0xc02aaa39b223fe8d0a0e5c4f27ead9083c756cc2,WETH,18,0.0,0.0,0.0,0.0,,,196980,200670,2026-04-01T11:39:59+00:00
burn,0x2826696727563a06cfc82a0fb599b1740c4bd1b22d7ef881b8559e705bc12d20#11184909,1775044559,24784585,0x2826696727563a06cfc82a0fb599b1740c4bd1b22d7ef881b8559e705bc12d20,360,0x88e6a0c2ddd26feeb64f039a2c41296fcb3f5640,500.0,0.0,235312570.0,,,0xfe2311e29f03ecb5360b86ca6e412cd4903ca924,0xc36442b4a4522e871399cd717abdd847ab11fe88,0xa0b86991c6218b36c1d19d4a2e9eb0ce3606eb48,USDC,6,0xc02aaa39b223fe8d0a0e5c4f27ead9083c756cc2,WETH,18,474.861765,0.0,474.861765,721556762544321.0,,,199870,200160,2026-04-01T11:55:59+00:00
burn,0xe88901bcd826b351060558d7f6e8f05e5997a110fddf4c3adf9aecbe5b944b46#11184934,1775045027,24784624,0xe88901bcd826b351060558d7f6e8f05e5997a110fddf4c3adf9aecbe5b944b46,621,0x88e6a0c2ddd26feeb64f039a2c41296fcb3f5640,500.0,0.0,277244799.0,,,0xfe2311e29f03ecb5360b86ca6e412cd4903ca924,0xc36442b4a4522e871399cd717abdd847ab11fe88,0xa0b86991c6218b36c1d19d4a2e9eb0ce3606eb48,USDC,6,0xc02aaa39b223fe8d0a0e5c4f27ead9083c756cc2,WETH,18,477.483465,0.0,477.483465,527988826352524.0,,,199890,200290,2026-04-01T12:03:47+00:00
burn,0x89ed382ddf9790e2f5f36c1c90afedb761d4f54e42bd6f23fa7409e47d46c9a7#11184944,1775045171,24784636,0x89ed382ddf9790e2f5f36c1c90afedb761d4f54e42bd6f23fa7409e47d46c9a7,163,0x88e6a0c2ddd26feeb64f039a2c41296fcb3f5640,500.0,0.0,2184001983.0,,,0xa66e3dc809ceb24582b026a044a0b2d2d6369ea5,0xc36442b4a4522e871399cd717abdd847ab11fe88,0xa0b86991c6218b36c1d19d4a2e9eb0ce3606eb48,USDC,6,0xc02aaa39b223fe8d0a0e5c4f27ead9083c756cc2,WETH,18,2600.188672,0.4151130118870022,3485.4835003050757,334319017690600.0,,,198490,203360,2026-04-01T12:06:11+00:00
burn,0x37c0d65733bd0e1e90b6e5371d383a146c2da565cc20a66f66821ec726649437#11184949,1775045315,24784648,0x37c0d65733bd0e1e90b6e5371d383a146c2da565cc20a66f66821ec726649437,119,0x88e6a0c2ddd26feeb64f039a2c41296fcb3f5640,500.0,0.0,437537422.0,,,0xc1d02abadc2fed2619512adea1418bd83490e66d,0xc36442b4a4522e871399cd717abdd847ab11fe88,0xa0b86991c6218b36c1d19d4a2e9eb0ce3606eb48,USDC,6,0xc02aaa39b223fe8d0a0e5c4f27ead9083c756cc2,WETH,18,0.0,0.0,0.0,0.0,,,196810,201190,2026-04-01T12:08:35+00:00
burn,0xf14c2cf71107fea60bb1eae6156a157c5c708a2ca98941ec701ce68c6dd60f61#11184988,1775046047,24784709,0xf14c2cf71107fea60bb1eae6156a157c5c708a2ca98941ec701ce68c6dd60f61,225,0x88e6a0c2ddd26feeb64f039a2c41296fcb3f5640,500.0,0.0,160582611.0,,,0x33e7d260a4f8ee25def48975a6910a9276e8a846,0xc36442b4a4522e871399cd717abdd847ab11fe88,0xa0b86991c6218b36c1d19d4a2e9eb0ce3606eb48,USDC,6,0xc02aaa39b223fe8d0a0e5c4f27ead9083c756cc2,WETH,18,0.393313,0.0,0.393313,29106856087.0,,,199660,206580,2026-04-01T12:20:47+00:00
burn,0xf7594df22c66422c9553dacbe2332268c4bdf4c1f352bf8f4bd66a204323053a#11185013,1775046491,24784746,0xf7594df22c66422c9553dacbe2332268c4bdf4c1f352bf8f4bd66a204323053a,303,0x88e6a0c2ddd26feeb64f039a2c41296fcb3f5640,500.0,0.0,166374017.0,,,0x5252be002bba010327fe10fac11ab2513c7c9d53,0xc36442b4a4522e871399cd717abdd847ab11fe88,0xa0b86991c6218b36c1d19d4a2e9eb0ce3606eb48,USDC,6,0xc02aaa39b223fe8d0a0e5c4f27ead9083c756cc2,WETH,18,0.0,0.0,0.0,0.0,,,199440,203180,2026-04-01T12:28:11+00:00
burn,0xf9eaf14964f0b1076cb39154c28de1d68fdacf72b5bc51afac66ef5a186a01e6#11185025,1775046779,24784770,0xf9eaf14964f0b1076cb39154c28de1d68fdacf72b5bc51afac66ef5a186a01e6,586,0x88e6a0c2ddd26feeb64f039a2c41296fcb3f5640,500.0,0.0,176639659.0,,,0xd6a023ea41733bcd43eb503369d69e2c664f29c4,0xc36442b4a4522e871399cd717abdd847ab11fe88,0xa0b86991c6218b36c1d19d4a2e9eb0ce3606eb48,USDC,6,0xc02aaa39b223fe8d0a0e5c4f27ead9083c756cc2,WETH,18,999.999999,0.0,999.999999,4483279896574721.0,,,200310,200410,2026-04-01T12:32:59+00:00
burn,0x6b07431d98d481b936273ef2a1dbeab1f2c9304c3c707beef7b37e3112081605#11185031,1775046887,24784779,0x6b07431d98d481b936273ef2a1dbeab1f2c9304c3c707beef7b37e3112081605,305,0x88e6a0c2ddd26feeb64f039a2c41296fcb3f5640,500.0,0.0,162181737.0,,,0xd6a023ea41733bcd43eb503369d69e2c664f29c4,0xc36442b4a4522e871399cd717abdd847ab11fe88,0xa0b86991c6218b36c1d19d4a2e9eb0ce3606eb48,USDC,6,0xc02aaa39b223fe8d0a0e5c4f27ead9083c756cc2,WETH,18,999.999999,0.0,999.999999,4460920559961183.0,,,200210,200310,2026-04-01T12:34:47+00:00
burn,0x01c23cff5886704f87590826564826885343da74c99c30b293427aa196291a6c#11185038,1775046959,24784785,0x01c23cff5886704f87590826564826885343da74c99c30b293427aa196291a6c,359,0x88e6a0c2ddd26feeb64f039a2c41296fcb3f5640,500.0,0.0,146710806.0,,,0xd6a023ea41733bcd43eb503369d69e2c664f29c4,0xc36442b4a4522e871399cd717abdd847ab11fe88,0xa0b86991c6218b36c1d19d4a2e9eb0ce3606eb48,USDC,6,0xc02aaa39b223fe8d0a0e5c4f27ead9083c756cc2,WETH,18,999.999999,0.0,999.999999,4438672735442658.0,,,200110,200210,2026-04-01T12:35:59+00:00
burn,0xbd9bb45e031c06cd1d5ee1c83c222b0c069c53550dfdb183394ca5c84723adf5#11185052,1775047067,24784794,0xbd9bb45e031c06cd1d5ee1c83c222b0c069c53550dfdb183394ca5c84723adf5,629,0x88e6a0c2ddd26feeb64f039a2c41296fcb3f5640,500.0,0.0,126901110.0,,,0xd6a023ea41733bcd43eb503369d69e2c664f29c4,0xc36442b4a4522e871399cd717abdd847ab11fe88,0xa0b86991c6218b36c1d19d4a2e9eb0ce3606eb48,USDC,6,0xc02aaa39b223fe8d0a0e5c4f27ead9083c756cc2,WETH,18,906.775035,0.0,906.775035,1662830444573348.0,,,199870,200110,2026-04-01T12:37:47+00:00
burn,0x058a16ca571529cc8f1af2d8b3caa067f6f970d6162dfe80f4538b697bd430a0#11185078,1775047535,24784833,0x058a16ca571529cc8f1af2d8b3caa067f6f970d6162dfe80f4538b697bd430a0,370,0x88e6a0c2ddd26feeb64f039a2c41296fcb3f5640,500.0,0.0,1637972889.0,,,0x42f22ad8f1b62de038633457a4febded8b4c956c,0xc36442b4a4522e871399cd717abdd847ab11fe88,0xa0b86991c6218b36c1d19d4a2e9eb0ce3606eb48,USDC,6,0xc02aaa39b223fe8d0a0e5c4f27ead9083c756cc2,WETH,18,58044.740553,0.0,58044.740553,1.634186530434348e+16,,,199780,201390,2026-04-01T12:45:35+00:00
burn,0x9a57cd8f2bff2cfb69f6ecc8d0c182639b8bc73014c5fc04788913bf7e1ac6db#11185150,1775048435,24784907,0x9a57cd8f2bff2cfb69f6ecc8d0c182639b8bc73014c5fc04788913bf7e1ac6db,82,0x88e6a0c2ddd26feeb64f039a2c41296fcb3f5640,500.0,0.0,2264374185.0,,,0x2956100b0a38d01b47dd1d862951001ee2d6e9d0,0xc36442b4a4522e871399cd717abdd847ab11fe88,0xa0b86991c6218b36c1d19d4a2e9eb0ce3606eb48,USDC,6,0xc02aaa39b223fe8d0a0e5c4f27ead9083c756cc2,WETH,18,199.327847,0.03375746350225876,271.3602591608162,49226001819652.0,,,199040,201520,2026-04-01T13:00:35+00:00
burn,0xdd7439e862ed851b3751bb418c457118280738832939d116b2a84e6a5c0dab73#11185192,1775048783,24784936,0xdd7439e862ed851b3751bb418c457118280738832939d116b2a84e6a5c0dab73,49,0x88e6a0c2ddd26feeb64f039a2c41296fcb3f5640,500.0,0.0,1258696666.0,,,0x976d17a0e86f3533c4873a4ecce67a74d88f4ba5,0xc36442b4a4522e871399cd717abdd847ab11fe88,0xa0b86991c6218b36c1d19d4a2e9eb0ce3606eb48,USDC,6,0xc02aaa39b223fe8d0a0e5c4f27ead9083c756cc2,WETH,18,22497.176009,11.608433583380675,47152.593088040514,7.33375267621101e+16,,,199590,199870,2026-04-01T13:06:23+00:00
burn,0xce980d52a8a15ac6990d4d6bb8c6d4febac163cee801964dc3a7fa2ed1037369#11185263,1775049839,24785024,0xce980d52a8a15ac6990d4d6bb8c6d4febac163cee801964dc3a7fa2ed1037369,71,0x88e6a0c2ddd26feeb64f039a2c41296fcb3f5640,500.0,0.0,2238043537.0,,,0x9f3fb738ff7c1d0f4f902265264a03189e6c7d37,0xc36442b4a4522e871399cd717abdd847ab11fe88,0xa0b86991c6218b36c1d19d4a2e9eb0ce3606eb48,USDC,6,0xc02aaa39b223fe8d0a0e5c4f27ead9083c756cc2,WETH,18,0.0,0.0,0.0,0.0,,,196730,203490,2026-04-01T13:23:59+00:00
burn,0x999d24487a491571b4b1c5798d1d7156db49f7f15514301a9c2861cf64f52c13#11185279,1775050055,24785042,0x999d24487a491571b4b1c5798d1d7156db49f7f15514301a9c2861cf64f52c13,335,0x88e6a0c2ddd26feeb64f039a2c41296fcb3f5640,500.0,0.0,1124786462.0,,,0x907be5882608700b4b94a7b6d8e8741734c30021,0xc36442b4a4522e871399cd717abdd847ab11fe88,0xa0b86991c6218b36c1d19d4a2e9eb0ce3606eb48,USDC,6,0xc02aaa39b223fe8d0a0e5c4f27ead9083c756cc2,WETH,18,0.0,0.0,0.0,0.0,,,199020,200730,2026-04-01T13:27:35+00:00
burn,0xd2be3b228a07f22b5c764b15780a4a2baada2af77181fda666aef1d7924d4072#11185296,1775050403,24785071,0xd2be3b228a07f22b5c764b15780a4a2baada2af77181fda666aef1d7924d4072,356,0x88e6a0c2ddd26feeb64f039a2c41296fcb3f5640,500.0,0.0,394681283.0,,,0x5f488f12c1e9a61f75c94be7a46044c2f9d74afc,0xaceffc3d113a13193d8862b57263a2cd6935466a,0xa0b86991c6218b36c1d19d4a2e9eb0ce3606eb48,USDC,6,0xc02aaa39b223fe8d0a0e5c4f27ead9083c756cc2,WETH,18,5.190343,0.010989985257757682,28.5721476463903,69060742304207.0,,,199540,199720,2026-04-01T13:33:23+00:00
burn,0xffa933b485acf71b4fa843a92aacc48dbf97897b989d5afb3c7db7544016470c#11185393,1775051291,24785144,0xffa933b485acf71b4fa843a92aacc48dbf97897b989d5afb3c7db7544016470c,251,0x88e6a0c2ddd26feeb64f039a2c41296fcb3f5640,500.0,0.0,2317026971.0,,,0x3b890959d27af7f2fd47055c9d0f868dfbf52c9d,0xc36442b4a4522e871399cd717abdd847ab11fe88,0xa0b86991c6218b36c1d19d4a2e9eb0ce3606eb48,USDC,6,0xc02aaa39b223fe8d0a0e5c4f27ead9083c756cc2,WETH,18,21717.217179,4.138816997764736,30474.330872701117,6142297836997357.0,,,199130,201360,2026-04-01T13:48:11+00:00
burn,0x0c4513ae4eb1bb87a15486daaf4e49c6750c53762aae512bc1eab496755d6bdb#11185398,1775051363,24785149,0x0c4513ae4eb1bb87a15486daaf4e49c6750c53762aae512bc1eab496755d6bdb,393,0x88e6a0c2ddd26feeb64f039a2c41296fcb3f5640,500.0,0.0,455047762.0,,,0x94efbd2c88a054dd86d82c349dde0cb002101a04,0xc36442b4a4522e871399cd717abdd847ab11fe88,0xa0b86991c6218b36c1d19d4a2e9eb0ce3606eb48,USDC,6,0xc02aaa39b223fe8d0a0e5c4f27ead9083c756cc2,WETH,18,0.0,0.0,0.0,0.0,,,199370,201180,2026-04-01T13:49:23+00:00
burn,0x4420bc7071c91fe91636c95d9d4c03dc26cf139d92e7197bdd1c6351da1c02e2#11185460,1775052203,24785219,0x4420bc7071c91fe91636c95d9d4c03dc26cf139d92e7197bdd1c6351da1c02e2,487,0x88e6a0c2ddd26feeb64f039a2c41296fcb3f5640,500.0,0.0,489610485.0,,,0x5f488f12c1e9a61f75c94be7a46044c2f9d74afc,0xaceffc3d113a13193d8862b57263a2cd6935466a,0xa0b86991c6218b36c1d19d4a2e9eb0ce3606eb48,USDC,6,0xc02aaa39b223fe8d0a0e5c4f27ead9083c756cc2,WETH,18,15.623451,0.006651150974741569,29.703118509990958,46275186738782.0,,,199590,199870,2026-04-01T14:03:23+00:00
burn,0x8a57d9279cc2e30f994447278357661d9e65ae781ef14583c1199fe50de25578#11185487,1775052575,24785250,0x8a57d9279cc2e30f994447278357661d9e65ae781ef14583c1199fe50de25578,203,0x88e6a0c2ddd26feeb64f039a2c41296fcb3f5640,500.0,0.0,2296581927.0,,,0xe20bc6122ec3fbfab73b15540495ce1bfc82a601,0xc36442b4a4522e871399cd717abdd847ab11fe88,0xa0b86991c6218b36c1d19d4a2e9eb0ce3606eb48,USDC,6,0xc02aaa39b223fe8d0a0e5c4f27ead9083c756cc2,WETH,18,16469.024527,5.194955216237556,27466.105156432153,5952611853312457.0,,,198920,200980,2026-04-01T14:09:35+00:00
burn,0x955503280f4667f821e954f6ecb1a9ceff17193fd12bce75cacf8f2434162b50#11185497,1775052659,24785257,0x955503280f4667f821e954f6ecb1a9ceff17193fd12bce75cacf8f2434162b50,421,0x88e6a0c2ddd26feeb64f039a2c41296fcb3f5640,500.0,0.0,313775707.0,,,0xacbc9960c499f8f5127696dcf0e0520cce2e9835,0xc36442b4a4522e871399cd717abdd847ab11fe88,0xa0b86991c6218b36c1d19d4a2e9eb0ce3606eb48,USDC,6,0xc02aaa39b223fe8d0a0e5c4f27ead9083c756cc2,WETH,18,0.0,86.64250235804731,183411.51072660976,6.671995576527649e+17,,,199600,199720,2026-04-01T14:10:59+00:00
burn,0xf5e9034ef62684722804d5b702611b0068e08178ad56325b91e60d4486c8a1c0#11185537,1775053343,24785314,0xf5e9034ef62684722804d5b702611b0068e08178ad56325b91e60d4486c8a1c0,376,0x88e6a0c2ddd26feeb64f039a2c41296fcb3f5640,500.0,0.0,1259370101.0,,,0xb3acb846ed1f32550163e426e48f098058301c42,0xc36442b4a4522e871399cd717abdd847ab11fe88,0xa0b86991c6218b36c1d19d4a2e9eb0ce3606eb48,USDC,6,0xc02aaa39b223fe8d0a0e5c4f27ead9083c756cc2,WETH,18,0.0,0.0,0.0,0.0,,,198770,200420,2026-04-01T14:22:23+00:00
burn,0xb62eb0443f1d9bb17e238eb699da94580a43cc1c772ce6c0973296e325514f06#11185540,1775053391,24785318,0xb62eb0443f1d9bb17e238eb699da94580a43cc1c772ce6c0973296e325514f06,421,0x88e6a0c2ddd26feeb64f039a2c41296fcb3f5640,500.0,0.0,468452807.0,,,0x0ec662f77a16c8178656b109e0f1c809a6b4ef1f,0xc36442b4a4522e871399cd717abdd847ab11fe88,0xa0b86991c6218b36c1d19d4a2e9eb0ce3606eb48,USDC,6,0xc02aaa39b223fe8d0a0e5c4f27ead9083c756cc2,WETH,18,233.357398,0.12513598372090387,498.649725269442,91892957729686.0,,,198410,200840,2026-04-01T14:23:11+00:00
burn,0x04f9bf440b8b95fea5c508f5ed95047b0f9716f81ed24130e9435aeca1f70994#11185548,1775053475,24785325,0x04f9bf440b8b95fea5c508f5ed95047b0f9716f81ed24130e9435aeca1f70994,732,0x88e6a0c2ddd26feeb64f039a2c41296fcb3f5640,500.0,0.0,480401180.0,,,0x0ec662f77a16c8178656b109e0f1c809a6b4ef1f,0xc36442b4a4522e871399cd717abdd847ab11fe88,0xa0b86991c6218b36c1d19d4a2e9eb0ce3606eb48,USDC,6,0xc02aaa39b223fe8d0a0e5c4f27ead9083c756cc2,WETH,18,0.0,0.0,0.0,0.0,,,198410,200840,2026-04-01T14:24:35+00:00
burn,0x71480285a979fa4fee914aca53764e45dd59ecfeb301ac3978175960aa256678#11185561,1775053583,24785334,0x71480285a979fa4fee914aca53764e45dd59ecfeb301ac3978175960aa256678,605,0x88e6a0c2ddd26feeb64f039a2c41296fcb3f5640,500.0,0.0,459533434.0,,,0x5f488f12c1e9a61f75c94be7a46044c2f9d74afc,0xaceffc3d113a13193d8862b57263a2cd6935466a,0xa0b86991c6218b36c1d19d4a2e9eb0ce3606eb48,USDC,6,0xc02aaa39b223fe8d0a0e5c4f27ead9083c756cc2,WETH,18,17.782933,0.006382539180707615,31.314122213446577,48751509505531.0,,,199600,199880,2026-04-01T14:26:23+00:00
burn,0x3cf04176b7a8b4eb4e36acc73895b5361334beb8289132f5dd899e24a4fb5e80#11185563,1775053655,24785340,0x3cf04176b7a8b4eb4e36acc73895b5361334beb8289132f5dd899e24a4fb5e80,57,0x88e6a0c2ddd26feeb64f039a2c41296fcb3f5640,500.0,0.0,815311685.0,,,0x9ef7e045bbae3c06ff38babeeb55d0d6d335df82,0xc36442b4a4522e871399cd717abdd847ab11fe88,0xa0b86991c6218b36c1d19d4a2e9eb0ce3606eb48,USDC,6,0xc02aaa39b223fe8d0a0e5c4f27ead9083c756cc2,WETH,18,39499.999999,0.0,39499.999999,1.6544333180587604e+16,,,199820,200890,2026-04-01T14:27:35+00:00
burn,0xe9c51e868c222b0f81d0f8be9f591914f495e967432043761731b959b258fab4#11185571,1775053727,24785346,0xe9c51e868c222b0f81d0f8be9f591914f495e967432043761731b959b258fab4,450,0x88e6a0c2ddd26feeb64f039a2c41296fcb3f5640,500.0,0.0,515739653.0,,,0x0ec662f77a16c8178656b109e0f1c809a6b4ef1f,0xc36442b4a4522e871399cd717abdd847ab11fe88,0xa0b86991c6218b36c1d19d4a2e9eb0ce3606eb48,USDC,6,0xc02aaa39b223fe8d0a0e5c4f27ead9083c756cc2,WETH,18,232.160134,0.1256996536568771,498.6474597397435,91892957729686.0,,,198410,200840,2026-04-01T14:28:47+00:00
burn,0x84bcf61c45573181620d133140b5498317613607eb6de669c3c62c425912daeb#11185607,1775054123,24785379,0x84bcf61c45573181620d133140b5498317613607eb6de669c3c62c425912daeb,175,0x88e6a0c2ddd26feeb64f039a2c41296fcb3f5640,500.0,0.0,475872705.0,,,0x5f488f12c1e9a61f75c94be7a46044c2f9d74afc,0xaceffc3d113a13193d8862b57263a2cd6935466a,0xa0b86991c6218b36c1d19d4a2e9eb0ce3606eb48,USDC,6,0xc02aaa39b223fe8d0a0e5c4f27ead9083c756cc2,WETH,18,10.132216,0.009106087217077584,29.45648983042682,45833698741409.0,,,199560,199840,2026-04-01T14:35:23+00:00
burn,0xfd5aa7efcc96490617b31581688f852594a4a8c9016c8251369073f39ce42965#11185654,1775054747,24785431,0xfd5aa7efcc96490617b31581688f852594a4a8c9016c8251369073f39ce42965,230,0x88e6a0c2ddd26feeb64f039a2c41296fcb3f5640,500.0,0.0,456408069.0,,,0x5f488f12c1e9a61f75c94be7a46044c2f9d74afc,0xaceffc3d113a13193d8862b57263a2cd6935466a,0xa0b86991c6218b36c1d19d4a2e9eb0ce3606eb48,USDC,6,0xc02aaa39b223fe8d0a0e5c4f27ead9083c756cc2,WETH,18,16.753512,0.006333108969798545,30.18869023231952,46986038248722.0,,,199600,199880,2026-04-01T14:45:47+00:00
burn,0xdc6b021ddb5314c010973d966feae6822d4977b476d15ab2a794405bfa1100d9#11185701,1775055479,24785492,0xdc6b021ddb5314c010973d966feae6822d4977b476d15ab2a794405bfa1100d9,220,0x88e6a0c2ddd26feeb64f039a2c41296fcb3f5640,500.0,0.0,485857420.0,,,0x5f488f12c1e9a61f75c94be7a46044c2f9d74afc,0xaceffc3d113a13193d8862b57263a2cd6935466a,0xa0b86991c6218b36c1d19d4a2e9eb0ce3606eb48,USDC,6,0xc02aaa39b223fe8d0a0e5c4f27ead9083c756cc2,WETH,18,12.455861,0.008200081854849798,29.870800864113846,46470435165308.0,,,199540,199820,2026-04-01T14:57:59+00:00
burn,0xcd65fd8b132e8931a04058be15c229fe21976497b3a87fa5632fc9a1a8cc13db#11185703,1775055503,24785494,0xcd65fd8b132e8931a04058be15c229fe21976497b3a87fa5632fc9a1a8cc13db,20,0x88e6a0c2ddd26feeb64f039a2c41296fcb3f5640,500.0,0.0,2402473921.0,,,0xd7fe317378f458501cc095a140b45cef7ec8731b,0xc36442b4a4522e871399cd717abdd847ab11fe88,0xa0b86991c6218b36c1d19d4a2e9eb0ce3606eb48,USDC,6,0xc02aaa39b223fe8d0a0e5c4f27ead9083c756cc2,WETH,18,0.0,0.25246001348574293,536.1624470062217,322294686065546.0,,,192490,193500,2026-04-01T14:58:23+00:00
burn,0x579fa7c46a96a63e4c4a05e42367ecb576c40a057710841261f78e84264cc30d#11185729,1775055875,24785525,0x579fa7c46a96a63e4c4a05e42367ecb576c40a057710841261f78e84264cc30d,297,0x88e6a0c2ddd26feeb64f039a2c41296fcb3f5640,500.0,0.0,841240328.0,,,0x77edbdb05aaf573ebc5a6588b0ed09f98a2f2798,0xc36442b4a4522e871399cd717abdd847ab11fe88,0xa0b86991c6218b36c1d19d4a2e9eb0ce3606eb48,USDC,6,0xc02aaa39b223fe8d0a0e5c4f27ead9083c756cc2,WETH,18,0.0,0.0,0.0,0.0,,,199550,202170,2026-04-01T15:04:35+00:00
burn,0xa8425bbaba777df5228638fad44d99e5f78eb83e4685a48c274e0c2330dbe02d#11185755,1775056451,24785573,0xa8425bbaba777df5228638fad44d99e5f78eb83e4685a48c274e0c2330dbe02d,676,0x88e6a0c2ddd26feeb64f039a2c41296fcb3f5640,500.0,0.0,450457349.0,,,0x5f488f12c1e9a61f75c94be7a46044c2f9d74afc,0xaceffc3d113a13193d8862b57263a2cd6935466a,0xa0b86991c6218b36c1d19d4a2e9eb0ce3606eb48,USDC,6,0xc02aaa39b223fe8d0a0e5c4f27ead9083c756cc2,WETH,18,13.801638,0.007730642779783925,30.21998629262842,47008603947227.0,,,199550,199830,2026-04-01T15:14:11+00:00
burn,0x40fc9049cd8c30af81b0e80eb2dbbecc13851daf1b6a6455f7068abe3be3c900#11185774,1775056655,24785590,0x40fc9049cd8c30af81b0e80eb2dbbecc13851daf1b6a6455f7068abe3be3c900,122,0x88e6a0c2ddd26feeb64f039a2c41296fcb3f5640,500.0,0.0,2338770334.0,,,0x9e7ece83a6c6a16cb685e786ccbd2c50a1afe0e1,0xc36442b4a4522e871399cd717abdd847ab11fe88,0xa0b86991c6218b36c1d19d4a2e9eb0ce3606eb48,USDC,6,0xc02aaa39b223fe8d0a0e5c4f27ead9083c756cc2,WETH,18,0.0,0.0,0.0,0.0,,,197140,202120,2026-04-01T15:17:35+00:00
burn,0x8410204dfedf73304aa3f24c26d02ee3c4b4b13356d70ea50144b768b485ffd2#11185781,1775056763,24785598,0x8410204dfedf73304aa3f24c26d02ee3c4b4b13356d70ea50144b768b485ffd2,337,0x88e6a0c2ddd26feeb64f039a2c41296fcb3f5640,500.0,0.0,2291612813.0,,,0x9e7ece83a6c6a16cb685e786ccbd2c50a1afe0e1,0xc36442b4a4522e871399cd717abdd847ab11fe88,0xa0b86991c6218b36c1d19d4a2e9eb0ce3606eb48,USDC,6,0xc02aaa39b223fe8d0a0e5c4f27ead9083c756cc2,WETH,18,1192.854742,0.5897494605859033,2445.365344948819,226666800659819.0,,,197140,202120,2026-04-01T15:19:23+00:00
burn,0xf40396f899093e575ef078a5dc0d30c49f3e1d30bd5f25d19849b7d54d15acf8#11185795,1775056991,24785617,0xf40396f899093e575ef078a5dc0d30c49f3e1d30bd5f25d19849b7d54d15acf8,68,0x88e6a0c2ddd26feeb64f039a2c41296fcb3f5640,500.0,0.0,876103669.0,,,0x07e87403b67f683fd3922d896aaa4541bf5605a2,0xc36442b4a4522e871399cd717abdd847ab11fe88,0xa0b86991c6218b36c1d19d4a2e9eb0ce3606eb48,USDC,6,0xc02aaa39b223fe8d0a0e5c4f27ead9083c756cc2,WETH,18,245.151254,0.26079224932226786,799.0221420182742,59835621162218.0,,,195200,201550,2026-04-01T15:23:11+00:00
burn,0x9ce7485068c0d84baa7318cde1666f6f9fef3e079c927ffa5eae129fb9a706df#11185825,1775057231,24785637,0x9ce7485068c0d84baa7318cde1666f6f9fef3e079c927ffa5eae129fb9a706df,686,0x88e6a0c2ddd26feeb64f039a2c41296fcb3f5640,500.0,0.0,449576180.0,,,0x5f488f12c1e9a61f75c94be7a46044c2f9d74afc,0xaceffc3d113a13193d8862b57263a2cd6935466a,0xa0b86991c6218b36c1d19d4a2e9eb0ce3606eb48,USDC,6,0xc02aaa39b223fe8d0a0e5c4f27ead9083c756cc2,WETH,18,27.28097,0.000984170828414475,29.375265497271513,212399687171724.0,,,199670,199730,2026-04-01T15:27:11+00:00
burn,0xc6d25986c369d4cb9e7cb3418829f741d169b21fa6ede35f08858d2064980e3e#11185836,1775057351,24785647,0xc6d25986c369d4cb9e7cb3418829f741d169b21fa6ede35f08858d2064980e3e,510,0x88e6a0c2ddd26feeb64f039a2c41296fcb3f5640,500.0,0.0,272664744.0,,,0x82c1b84b9892e33852f57c23ba1b0393b9b96bec,0xc36442b4a4522e871399cd717abdd847ab11fe88,0xa0b86991c6218b36c1d19d4a2e9eb0ce3606eb48,USDC,6,0xc02aaa39b223fe8d0a0e5c4f27ead9083c756cc2,WETH,18,43.580285,0.001807757294473152,47.42715573896933,2055908148653646.0,,,199680,199690,2026-04-01T15:29:11+00:00
burn,0x7399418b30448a9efdf1f326fc3bc0cad134efa462d868ec2d672cf2938df270#11185843,1775057447,24785655,0x7399418b30448a9efdf1f326fc3bc0cad134efa462d868ec2d672cf2938df270,419,0x88e6a0c2ddd26feeb64f039a2c41296fcb3f5640,500.0,0.0,307634090.0,,,0x82c1b84b9892e33852f57c23ba1b0393b9b96bec,0xc36442b4a4522e871399cd717abdd847ab11fe88,0xa0b86991c6218b36c1d19d4a2e9eb0ce3606eb48,USDC,6,0xc02aaa39b223fe8d0a0e5c4f27ead9083c756cc2,WETH,18,43.580284,0.001339714061167654,46.43116826208984,2012692865530255.0,,,199680,199690,2026-04-01T15:30:47+00:00
burn,0xc1b1632cc9c4ada77d985518957267803967840ef4118e40f785bdd3128aa77a#11185864,1775057711,24785677,0xc1b1632cc9c4ada77d985518957267803967840ef4118e40f785bdd3128aa77a,476,0x88e6a0c2ddd26feeb64f039a2c41296fcb3f5640,500.0,0.0,857353714.0,,,0xeca71300cf56e61963ec1598da2d302e8f6508ff,0xc36442b4a4522e871399cd717abdd847ab11fe88,0xa0b86991c6218b36c1d19d4a2e9eb0ce3606eb48,USDC,6,0xc02aaa39b223fe8d0a0e5c4f27ead9083c756cc2,WETH,18,6397.312147,0.0,6397.312147,3318728299954902.0,,,200060,200930,2026-04-01T15:35:11+00:00
burn,0x519820ea57ab3e618231091ba010184d7a8145325b99d6f042b2bdade23e4fbf#11185871,1775057783,24785683,0x519820ea57ab3e618231091ba010184d7a8145325b99d6f042b2bdade23e4fbf,795,0x88e6a0c2ddd26feeb64f039a2c41296fcb3f5640,500.0,0.0,392956534.0,,,0x432c2ae9ee0992f8e0d7bccdcae13ab0bc514293,0xc36442b4a4522e871399cd717abdd847ab11fe88,0xa0b86991c6218b36c1d19d4a2e9eb0ce3606eb48,USDC,6,0xc02aaa39b223fe8d0a0e5c4f27ead9083c756cc2,WETH,18,15.119842,0.005026285421750472,25.81567510423046,2376614108954.0,,,197610,202630,2026-04-01T15:36:23+00:00
burn,0x1f47710d0d3be65aaa070419bcb40f22791dbe3fc3e997e76633f6eaf4fe6541#11185874,1775057843,24785688,0x1f47710d0d3be65aaa070419bcb40f22791dbe3fc3e997e76633f6eaf4fe6541,353,0x88e6a0c2ddd26feeb64f039a2c41296fcb3f5640,500.0,0.0,408780048.0,,,0x8adccc3404a73d3b08de8491d377662d78f34447,0xc36442b4a4522e871399cd717abdd847ab11fe88,0xa0b86991c6218b36c1d19d4a2e9eb0ce3606eb48,USDC,6,0xc02aaa39b223fe8d0a0e5c4f27ead9083c756cc2,WETH,18,0.0,0.0,0.0,0.0,,,193370,204620,2026-04-01T15:37:23+00:00
burn,0xb6215b7faa64969d9a53c66f04c06a039c87fe991ace280e80eb9ea8eff1d347#11185901,1775058239,24785721,0xb6215b7faa64969d9a53c66f04c06a039c87fe991ace280e80eb9ea8eff1d347,130,0x88e6a0c2ddd26feeb64f039a2c41296fcb3f5640,500.0,0.0,374221108.0,,,0x82c1b84b9892e33852f57c23ba1b0393b9b96bec,0xc36442b4a4522e871399cd717abdd847ab11fe88,0xa0b86991c6218b36c1d19d4a2e9eb0ce3606eb48,USDC,6,0xc02aaa39b223fe8d0a0e5c4f27ead9083c756cc2,WETH,18,0.553499,0.02360147740934868,50.781765721929155,2203307010116456.0,,,199670,199680,2026-04-01T15:43:59+00:00
burn,0x3eb3b9a94a071d3b4c653f4a56474c10c12c8ab0c9561ef33f50c793a314de95#11185907,1775058287,24785725,0x3eb3b9a94a071d3b4c653f4a56474c10c12c8ab0c9561ef33f50c793a314de95,806,0x88e6a0c2ddd26feeb64f039a2c41296fcb3f5640,500.0,0.0,338775818.0,,,0x82c1b84b9892e33852f57c23ba1b0393b9b96bec,0xc36442b4a4522e871399cd717abdd847ab11fe88,0xa0b86991c6218b36c1d19d4a2e9eb0ce3606eb48,USDC,6,0xc02aaa39b223fe8d0a0e5c4f27ead9083c756cc2,WETH,18,43.580282,0.00839762466308473,61.451965373558366,2663741310332360.0,,,199670,199680,2026-04-01T15:44:47+00:00
burn,0x6986dffd7b9a3d75445ef063c3d32851028c47dc326ba98f6e1ee9fef8a8e827#11185919,1775058527,24785744,0x6986dffd7b9a3d75445ef063c3d32851028c47dc326ba98f6e1ee9fef8a8e827,367,0x88e6a0c2ddd26feeb64f039a2c41296fcb3f5640,500.0,0.0,440451683.0,,,0x82c1b84b9892e33852f57c23ba1b0393b9b96bec,0xc36442b4a4522e871399cd717abdd847ab11fe88,0xa0b86991c6218b36c1d19d4a2e9eb0ce3606eb48,USDC,6,0xc02aaa39b223fe8d0a0e5c4f27ead9083c756cc2,WETH,18,31.813961,0.02360147740934868,82.04222772192915,3558427501442132.0,,,199660,199670,2026-04-01T15:48:47+00:00
burn,0xdc881131b761acc1e45d224b742d8f3304ab622f046c9595662f89f76820c66e#11185924,1775058587,24785749,0xdc881131b761acc1e45d224b742d8f3304ab622f046c9595662f89f76820c66e,497,0x88e6a0c2ddd26feeb64f039a2c41296fcb3f5640,500.0,0.0,395275277.0,,,0x82c1b84b9892e33852f57c23ba1b0393b9b96bec,0xc36442b4a4522e871399cd717abdd847ab11fe88,0xa0b86991c6218b36c1d19d4a2e9eb0ce3606eb48,USDC,6,0xc02aaa39b223fe8d0a0e5c4f27ead9083c756cc2,WETH,18,43.58028,0.014674320914827028,74.81276141926786,3243172978053272.0,,,199660,199670,2026-04-01T15:49:47+00:00
burn,0xea44056d59268306d90b0146d12527f4e01b2a5bbe5e4ede5fdb086995513355#11185928,1775058659,24785755,0xea44056d59268306d90b0146d12527f4e01b2a5bbe5e4ede5fdb086995513355,307,0x88e6a0c2ddd26feeb64f039a2c41296fcb3f5640,500.0,0.0,475425018.0,,,0xd3962c301d3a2ea59bad2398d236c8cfd7789a27,0xc36442b4a4522e871399cd717abdd847ab11fe88,0xa0b86991c6218b36c1d19d4a2e9eb0ce3606eb48,USDC,6,0xc02aaa39b223fe8d0a0e5c4f27ead9083c756cc2,WETH,18,23357.070489,11.682140744286869,48221.06561701662,5.2528100248863576e+16,,,199460,199860,2026-04-01T15:50:59+00:00
burn,0x3a48688b7a3cf4ab887fcd120a5807d87e9a649bc347b704da34931a7a1446cf#11185932,1775058683,24785757,0x3a48688b7a3cf4ab887fcd120a5807d87e9a649bc347b704da34931a7a1446cf,454,0x88e6a0c2ddd26feeb64f039a2c41296fcb3f5640,500.0,0.0,371187021.0,,,0x82c1b84b9892e33852f57c23ba1b0393b9b96bec,0xc36442b4a4522e871399cd717abdd847ab11fe88,0xa0b86991c6218b36c1d19d4a2e9eb0ce3606eb48,USDC,6,0xc02aaa39b223fe8d0a0e5c4f27ead9083c756cc2,WETH,18,26.050624,0.024056024429555924,77.2509037525309,3350810010527394.0,,,199660,199670,2026-04-01T15:51:23+00:00
burn,0xc7e385adf9950428f74a30d7d4f54aeb5f1dbbbbc75f2afa25563954059652e3#11185934,1775058707,24785759,0xc7e385adf9950428f74a30d7d4f54aeb5f1dbbbbc75f2afa25563954059652e3,653,0x88e6a0c2ddd26feeb64f039a2c41296fcb3f5640,500.0,0.0,358280815.0,,,0x82c1b84b9892e33852f57c23ba1b0393b9b96bec,0xc36442b4a4522e871399cd717abdd847ab11fe88,0xa0b86991c6218b36c1d19d4a2e9eb0ce3606eb48,USDC,6,0xc02aaa39b223fe8d0a0e5c4f27ead9083c756cc2,WETH,18,26.050809,0.024056194969958703,77.25145172673544,3350833765428812.0,,,199660,199670,2026-04-01T15:51:47+00:00
burn,0x634841e250b6ceca10aef85c4e6f82c6638622c718e323e382bb6fd3aa2d2f7a#11185936,1775058743,24785762,0x634841e250b6ceca10aef85c4e6f82c6638622c718e323e382bb6fd3aa2d2f7a,243,0x88e6a0c2ddd26feeb64f039a2c41296fcb3f5640,500.0,0.0,377412503.0,,,0x82c1b84b9892e33852f57c23ba1b0393b9b96bec,0xc36442b4a4522e871399cd717abdd847ab11fe88,0xa0b86991c6218b36c1d19d4a2e9eb0ce3606eb48,USDC,6,0xc02aaa39b223fe8d0a0e5c4f27ead9083c756cc2,WETH,18,26.050809,0.024056194969958703,77.25145172673544,3350833765428812.0,,,199660,199670,2026-04-01T15:52:23+00:00
burn,0x1ef80bcbd660c66ed88d03cd102d1d3abd944c1212d87298d09e31eeee62960f#11185939,1775058791,24785766,0x1ef80bcbd660c66ed88d03cd102d1d3abd944c1212d87298d09e31eeee62960f,457,0x88e6a0c2ddd26feeb64f039a2c41296fcb3f5640,500.0,0.0,559216878.0,,,0x5f488f12c1e9a61f75c94be7a46044c2f9d74afc,0xaceffc3d113a13193d8862b57263a2cd6935466a,0xa0b86991c6218b36c1d19d4a2e9eb0ce3606eb48,USDC,6,0xc02aaa39b223fe8d0a0e5c4f27ead9083c756cc2,WETH,18,15.101713,0.006750561117350029,29.469449394141144,45787777572514.0,,,199530,199810,2026-04-01T15:53:11+00:00
burn,0xfeca2a9de8b4beb4015c23ba3be0301d10ec6e1c52d90e70470f79d19aa584d3#11185945,1775058815,24785768,0xfeca2a9de8b4beb4015c23ba3be0301d10ec6e1c52d90e70470f79d19aa584d3,371,0x88e6a0c2ddd26feeb64f039a2c41296fcb3f5640,500.0,0.0,449463192.0,,,0x82c1b84b9892e33852f57c23ba1b0393b9b96bec,0xc36442b4a4522e871399cd717abdd847ab11fe88,0xa0b86991c6218b36c1d19d4a2e9eb0ce3606eb48,USDC,6,0xc02aaa39b223fe8d0a0e5c4f27ead9083c756cc2,WETH,18,33.053592,0.02063715407954928,76.97722878839679,3338235450208977.0,,,199660,199670,2026-04-01T15:53:35+00:00
burn,0x262cdb9887ccd494dccc6d05c46270a0ed72a01dd27c37da270d54a885b8003c#11185961,1775059055,24785788,0x262cdb9887ccd494dccc6d05c46270a0ed72a01dd27c37da270d54a885b8003c,531,0x88e6a0c2ddd26feeb64f039a2c41296fcb3f5640,500.0,0.0,578779967.0,,,0x5f488f12c1e9a61f75c94be7a46044c2f9d74afc,0xaceffc3d113a13193d8862b57263a2cd6935466a,0xa0b86991c6218b36c1d19d4a2e9eb0ce3606eb48,USDC,6,0xc02aaa39b223fe8d0a0e5c4f27ead9083c756cc2,WETH,18,14.7636,0.005773883879566017,27.06769912955292,146730343680034.0,,,199620,199700,2026-04-01T15:57:35+00:00
burn,0x3691dc2bab20fbfb77e702366ea07adb774b4ad38e787a9572e62e6e536485df#11185964,1775059091,24785791,0x3691dc2bab20fbfb77e702366ea07adb774b4ad38e787a9572e62e6e536485df,198,0x88e6a0c2ddd26feeb64f039a2c41296fcb3f5640,500.0,0.0,1061322801.0,,,0xf6124c31ec8ff557fee48fbc69812b29624a3539,0xc36442b4a4522e871399cd717abdd847ab11fe88,0xa0b86991c6218b36c1d19d4a2e9eb0ce3606eb48,USDC,6,0xc02aaa39b223fe8d0a0e5c4f27ead9083c756cc2,WETH,18,56.911967,0.0,56.911967,37073091451055.0,,,199780,200460,2026-04-01T15:58:11+00:00
burn,0x3691dc2bab20fbfb77e702366ea07adb774b4ad38e787a9572e62e6e536485df#11185965,1775059091,24785791,0x3691dc2bab20fbfb77e702366ea07adb774b4ad38e787a9572e62e6e536485df,200,0x88e6a0c2ddd26feeb64f039a2c41296fcb3f5640,500.0,0.0,1061322801.0,,,0xf6124c31ec8ff557fee48fbc69812b29624a3539,0xc36442b4a4522e871399cd717abdd847ab11fe88,0xa0b86991c6218b36c1d19d4a2e9eb0ce3606eb48,USDC,6,0xc02aaa39b223fe8d0a0e5c4f27ead9083c756cc2,WETH,18,0.0,0.0,0.0,0.0,,,199780,200460,2026-04-01T15:58:11+00:00
burn,0x3f8f1459982184e10d73c4ecf0f45d47e5b86cd568e20e90f4f837250bc74c37#11185969,1775059115,24785793,0x3f8f1459982184e10d73c4ecf0f45d47e5b86cd568e20e90f4f837250bc74c37,487,0x88e6a0c2ddd26feeb64f039a2c41296fcb3f5640,500.0,0.0,376284900.0,,,0x82c1b84b9892e33852f57c23ba1b0393b9b96bec,0xc36442b4a4522e871399cd717abdd847ab11fe88,0xa0b86991c6218b36c1d19d4a2e9eb0ce3606eb48,USDC,6,0xc02aaa39b223fe8d0a0e5c4f27ead9083c756cc2,WETH,18,49.907297,0.0,49.907297,2161072714369210.0,,,199660,199670,2026-04-01T15:58:35+00:00
burn,0xe018d3a941f67f29d3fb05b04993a7ea1157766bc91456ea876ca15074b9de49#11185972,1775059151,24785796,0xe018d3a941f67f29d3fb05b04993a7ea1157766bc91456ea876ca15074b9de49,497,0x88e6a0c2ddd26feeb64f039a2c41296fcb3f5640,500.0,0.0,359574576.0,,,0x82c1b84b9892e33852f57c23ba1b0393b9b96bec,0xc36442b4a4522e871399cd717abdd847ab11fe88,0xa0b86991c6218b36c1d19d4a2e9eb0ce3606eb48,USDC,6,0xc02aaa39b223fe8d0a0e5c4f27ead9083c756cc2,WETH,18,49.907296,0.0,49.907296,2161072671067472.0,,,199660,199670,2026-04-01T15:59:11+00:00
burn,0x6d992c2df3628b5475f0fe6dc53c0bded7d021a8eeda48ccaa9ab3f3cbcf6aa4#11185975,1775059175,24785798,0x6d992c2df3628b5475f0fe6dc53c0bded7d021a8eeda48ccaa9ab3f3cbcf6aa4,453,0x88e6a0c2ddd26feeb64f039a2c41296fcb3f5640,500.0,0.0,351100552.0,,,0x82c1b84b9892e33852f57c23ba1b0393b9b96bec,0xc36442b4a4522e871399cd717abdd847ab11fe88,0xa0b86991c6218b36c1d19d4a2e9eb0ce3606eb48,USDC,6,0xc02aaa39b223fe8d0a0e5c4f27ead9083c756cc2,WETH,18,49.907295,0.0,49.907295,2161072627765735.0,,,199660,199670,2026-04-01T15:59:35+00:00
burn,0x03b0ee3fa459b148de2899cc7cfc99ef1c04ccbf6fdf46e2a678c03e5705fcba#11185978,1775059259,24785805,0x03b0ee3fa459b148de2899cc7cfc99ef1c04ccbf6fdf46e2a678c03e5705fcba,160,0x88e6a0c2ddd26feeb64f039a2c41296fcb3f5640,500.0,0.0,345559892.0,,,0x82c1b84b9892e33852f57c23ba1b0393b9b96bec,0xc36442b4a4522e871399cd717abdd847ab11fe88,0xa0b86991c6218b36c1d19d4a2e9eb0ce3606eb48,USDC,6,0xc02aaa39b223fe8d0a0e5c4f27ead9083c756cc2,WETH,18,49.907294,0.0,49.907294,2161072584463998.0,,,199660,199670,2026-04-01T16:00:59+00:00
burn,0x86f8914f5520400b4c029b30059b0a84a58d5ca1bf14785e17d7c5453c56a58c#11185984,1775059331,24785811,0x86f8914f5520400b4c029b30059b0a84a58d5ca1bf14785e17d7c5453c56a58c,188,0x88e6a0c2ddd26feeb64f039a2c41296fcb3f5640,500.0,0.0,333473161.0,,,0x82c1b84b9892e33852f57c23ba1b0393b9b96bec,0xc36442b4a4522e871399cd717abdd847ab11fe88,0xa0b86991c6218b36c1d19d4a2e9eb0ce3606eb48,USDC,6,0xc02aaa39b223fe8d0a0e5c4f27ead9083c756cc2,WETH,18,49.907293,0.0,49.907293,2161072541162260.0,,,199660,199670,2026-04-01T16:02:11+00:00
burn,0x6cb6afe999fe2c8240edc7a7854b82acfde182f33f609f15fed2f73303bb887c#11185987,1775059379,24785815,0x6cb6afe999fe2c8240edc7a7854b82acfde182f33f609f15fed2f73303bb887c,472,0x88e6a0c2ddd26feeb64f039a2c41296fcb3f5640,500.0,0.0,340572444.0,,,0x82c1b84b9892e33852f57c23ba1b0393b9b96bec,0xc36442b4a4522e871399cd717abdd847ab11fe88,0xa0b86991c6218b36c1d19d4a2e9eb0ce3606eb48,USDC,6,0xc02aaa39b223fe8d0a0e5c4f27ead9083c756cc2,WETH,18,45.243752,0.002184872892555661,49.899698190850394,2161072497860523.0,,,199660,199670,2026-04-01T16:02:59+00:00
burn,0x63fe65ec866dacaa852c7002456f0241d033c9b4c89945a764eba8e4f8f121c3#11186018,1775059763,24785847,0x63fe65ec866dacaa852c7002456f0241d033c9b4c89945a764eba8e4f8f121c3,458,0x88e6a0c2ddd26feeb64f039a2c41296fcb3f5640,500.0,0.0,312310468.0,,,0x1dc6133e3cf6c6c1cd6aa69f9919b2fa790c2450,0xc36442b4a4522e871399cd717abdd847ab11fe88,0xa0b86991c6218b36c1d19d4a2e9eb0ce3606eb48,USDC,6,0xc02aaa39b223fe8d0a0e5c4f27ead9083c756cc2,WETH,18,1.030348,0.000484348920250943,2.0624917080562213,22339390032.0,,,-887270,887270,2026-04-01T16:09:23+00:00
burn,0x63fe65ec866dacaa852c7002456f0241d033c9b4c89945a764eba8e4f8f121c3#11186019,1775059763,24785847,0x63fe65ec866dacaa852c7002456f0241d033c9b4c89945a764eba8e4f8f121c3,460,0x88e6a0c2ddd26feeb64f039a2c41296fcb3f5640,500.0,0.0,312310468.0,,,0x1dc6133e3cf6c6c1cd6aa69f9919b2fa790c2450,0xc36442b4a4522e871399cd717abdd847ab11fe88,0xa0b86991c6218b36c1d19d4a2e9eb0ce3606eb48,USDC,6,0xc02aaa39b223fe8d0a0e5c4f27ead9083c756cc2,WETH,18,0.0,0.0,0.0,0.0,,,-887270,887270,2026-04-01T16:09:23+00:00
burn,0xc01d0218d82c3d802a9714a45e0205d24b4037f358ac11a403aa064c989bf471#11186034,1775059919,24785860,0xc01d0218d82c3d802a9714a45e0205d24b4037f358ac11a403aa064c989bf471,312,0x88e6a0c2ddd26feeb64f039a2c41296fcb3f5640,500.0,0.0,806826800.0,,,0xaa0c3d6fd25aa2c23aed2659197ef39aea306172,0xc36442b4a4522e871399cd717abdd847ab11fe88,0xa0b86991c6218b36c1d19d4a2e9eb0ce3606eb48,USDC,6,0xc02aaa39b223fe8d0a0e5c4f27ead9083c756cc2,WETH,18,5389.79557,1.4630161429337196,8507.471368536644,393196773705449.0,,,195930,206750,2026-04-01T16:11:59+00:00
burn,0x74e5fa52a4984b844781a27bcea051bd2180895bfb1cdb126329c3de26ec8093#11186045,1775060075,24785873,0x74e5fa52a4984b844781a27bcea051bd2180895bfb1cdb126329c3de26ec8093,325,0x88e6a0c2ddd26feeb64f039a2c41296fcb3f5640,500.0,0.0,2311756388.0,,,0x93a62b82739ace022a211fca16d32785fb49e6b9,0xc36442b4a4522e871399cd717abdd847ab11fe88,0xa0b86991c6218b36c1d19d4a2e9eb0ce3606eb48,USDC,6,0xc02aaa39b223fe8d0a0e5c4f27ead9083c756cc2,WETH,18,0.0,0.0,0.0,0.0,,,199210,200670,2026-04-01T16:14:35+00:00
burn,0x0cdc1cf56cfaced8556a3eb25560cc05a141e8e9d87862aef37aa0ffa95d1f59#11186055,1775060207,24785884,0x0cdc1cf56cfaced8556a3eb25560cc05a141e8e9d87862aef37aa0ffa95d1f59,483,0x88e6a0c2ddd26feeb64f039a2c41296fcb3f5640,500.0,0.0,298632504.0,,,0x82c1b84b9892e33852f57c23ba1b0393b9b96bec,0xc36442b4a4522e871399cd717abdd847ab11fe88,0xa0b86991c6218b36c1d19d4a2e9eb0ce3606eb48,USDC,6,0xc02aaa39b223fe8d0a0e5c4f27ead9083c756cc2,WETH,18,31.0254,0.02298762305572578,80.01184243460413,3466394030926655.0,,,199690,199700,2026-04-01T16:16:47+00:00
burn,0x98aabf19ed8ad5156ba0550550a6176cefa451db6e342be6b89aaed7c85c0705#11186061,1775060279,24785890,0x98aabf19ed8ad5156ba0550550a6176cefa451db6e342be6b89aaed7c85c0705,498,0x88e6a0c2ddd26feeb64f039a2c41296fcb3f5640,500.0,0.0,302181091.0,,,0x82c1b84b9892e33852f57c23ba1b0393b9b96bec,0xc36442b4a4522e871399cd717abdd847ab11fe88,0xa0b86991c6218b36c1d19d4a2e9eb0ce3606eb48,USDC,6,0xc02aaa39b223fe8d0a0e5c4f27ead9083c756cc2,WETH,18,20.296599,0.02508544852241589,73.75349086788144,3194543816084772.0,,,199690,199700,2026-04-01T16:17:59+00:00
burn,0x3bdc3395d127a7b013216ff8d220969ac001f3d8d9f5ffe9dad2e640f227d9bf#11186065,1775060327,24785894,0x3bdc3395d127a7b013216ff8d220969ac001f3d8d9f5ffe9dad2e640f227d9bf,398,0x88e6a0c2ddd26feeb64f039a2c41296fcb3f5640,500.0,0.0,290666352.0,,,0x82c1b84b9892e33852f57c23ba1b0393b9b96bec,0xc36442b4a4522e871399cd717abdd847ab11fe88,0xa0b86991c6218b36c1d19d4a2e9eb0ce3606eb48,USDC,6,0xc02aaa39b223fe8d0a0e5c4f27ead9083c756cc2,WETH,18,0.0,0.025086235577326498,53.45856907565442,2315257560562643.0,,,199680,199690,2026-04-01T16:18:47+00:00
burn,0x9d13110e9c706203ed67768050073ce276eec7bc3a33dc57463cf0991942f3c6#11186073,1775060447,24785904,0x9d13110e9c706203ed67768050073ce276eec7bc3a33dc57463cf0991942f3c6,193,0x88e6a0c2ddd26feeb64f039a2c41296fcb3f5640,500.0,0.0,797192289.0,,,0x18dd35cd459d4cf9924aa329cdacafab7f198d96,0xc36442b4a4522e871399cd717abdd847ab11fe88,0xa0b86991c6218b36c1d19d4a2e9eb0ce3606eb48,USDC,6,0xc02aaa39b223fe8d0a0e5c4f27ead9083c756cc2,WETH,18,35.096025,0.016468733205070207,70.19076485915566,760254620983.0,,,-887270,887270,2026-04-01T16:20:47+00:00
burn,0xe7d39a0c0a6c0a6027afc37d2f08d9c0e5eafbf9134bc0f6e884d19176254887#11186077,1775060627,24785919,0xe7d39a0c0a6c0a6027afc37d2f08d9c0e5eafbf9134bc0f6e884d19176254887,315,0x88e6a0c2ddd26feeb64f039a2c41296fcb3f5640,500.0,0.0,404675916.0,,,0xa678264b9c64dcd5d16a76f38a034dced282c7a3,0xc36442b4a4522e871399cd717abdd847ab11fe88,0xa0b86991c6218b36c1d19d4a2e9eb0ce3606eb48,USDC,6,0xc02aaa39b223fe8d0a0e5c4f27ead9083c756cc2,WETH,18,0.0,0.0,0.0,0.0,,,194400,204140,2026-04-01T16:23:47+00:00
burn,0xe4db932cadadc44206306a0de005e093d7e3153b3f25f878138859544640668f#11186080,1775060687,24785924,0xe4db932cadadc44206306a0de005e093d7e3153b3f25f878138859544640668f,292,0x88e6a0c2ddd26feeb64f039a2c41296fcb3f5640,500.0,0.0,330190543.0,,,0x82c1b84b9892e33852f57c23ba1b0393b9b96bec,0xc36442b4a4522e871399cd717abdd847ab11fe88,0xa0b86991c6218b36c1d19d4a2e9eb0ce3606eb48,USDC,6,0xc02aaa39b223fe8d0a0e5c4f27ead9083c756cc2,WETH,18,0.0,0.0250862355773265,53.45857042553135,2318732878977684.0,,,199650,199660,2026-04-01T16:24:47+00:00
burn,0xe4587199cf7b6f76814196812969dafe53fa8a095f57d4432bd0170e3b336ba8#11186085,1775060759,24785930,0xe4587199cf7b6f76814196812969dafe53fa8a095f57d4432bd0170e3b336ba8,417,0x88e6a0c2ddd26feeb64f039a2c41296fcb3f5640,500.0,0.0,297477858.0,,,0x82c1b84b9892e33852f57c23ba1b0393b9b96bec,0xc36442b4a4522e871399cd717abdd847ab11fe88,0xa0b86991c6218b36c1d19d4a2e9eb0ce3606eb48,USDC,6,0xc02aaa39b223fe8d0a0e5c4f27ead9083c756cc2,WETH,18,0.0,0.025086235577326494,53.45857042553134,2317573860266987.0,,,199660,199670,2026-04-01T16:25:59+00:00
burn,0x1b8c428b4645edab8aecbdeaff0a645e638e3331081a9544dbfe1126e83544db#11186119,1775061059,24785955,0x1b8c428b4645edab8aecbdeaff0a645e638e3331081a9544dbfe1126e83544db,624,0x88e6a0c2ddd26feeb64f039a2c41296fcb3f5640,500.0,0.0,282424438.0,,,0x15315c3c645005943d647d4724f77c7487f3f03c,0xc36442b4a4522e871399cd717abdd847ab11fe88,0xa0b86991c6218b36c1d19d4a2e9eb0ce3606eb48,USDC,6,0xc02aaa39b223fe8d0a0e5c4f27ead9083c756cc2,WETH,18,0.0,0.0,0.0,0.0,,,196870,198270,2026-04-01T16:30:59+00:00
burn,0x1b8c428b4645edab8aecbdeaff0a645e638e3331081a9544dbfe1126e83544db#11186120,1775061059,24785955,0x1b8c428b4645edab8aecbdeaff0a645e638e3331081a9544dbfe1126e83544db,646,0x88e6a0c2ddd26feeb64f039a2c41296fcb3f5640,500.0,0.0,282424438.0,,,0x15315c3c645005943d647d4724f77c7487f3f03c,0xc36442b4a4522e871399cd717abdd847ab11fe88,0xa0b86991c6218b36c1d19d4a2e9eb0ce3606eb48,USDC,6,0xc02aaa39b223fe8d0a0e5c4f27ead9083c756cc2,WETH,18,0.0,0.01383538046977858,29.51004287942478,10135906124416.0,,,196870,198270,2026-04-01T16:30:59+00:00
burn,0x263c3faf59357ad69605d8df9979d4e6d3993bd515e6839c7b7790c3b9e448b5#11186162,1775061551,24785996,0x263c3faf59357ad69605d8df9979d4e6d3993bd515e6839c7b7790c3b9e448b5,536,0x88e6a0c2ddd26feeb64f039a2c41296fcb3f5640,500.0,0.0,443765452.0,,,0x61e7cd167f24bb79034e64970b3cd4c097fbde7f,0xc36442b4a4522e871399cd717abdd847ab11fe88,0xa0b86991c6218b36c1d19d4a2e9eb0ce3606eb48,USDC,6,0xc02aaa39b223fe8d0a0e5c4f27ead9083c756cc2,WETH,18,0.0,0.0,0.0,0.0,,,198110,200750,2026-04-01T16:39:11+00:00
burn,0xd23b606f30ba8cb79b0d7f058b27a3fa8d08e333d1b376445af17236bb388b0f#11186214,1775061803,24786017,0xd23b606f30ba8cb79b0d7f058b27a3fa8d08e333d1b376445af17236bb388b0f,538,0x88e6a0c2ddd26feeb64f039a2c41296fcb3f5640,500.0,0.0,1277152592.0,,,0x2db896dda4a168ff6311828ef0312feb4b28224a,0xc36442b4a4522e871399cd717abdd847ab11fe88,0xa0b86991c6218b36c1d19d4a2e9eb0ce3606eb48,USDC,6,0xc02aaa39b223fe8d0a0e5c4f27ead9083c756cc2,WETH,18,0.0,0.0,0.0,0.0,,,200070,200680,2026-04-01T16:43:23+00:00
burn,0x1725c56922cb11e93154f55d235adfa5b5047c73e7b772a947ec1ea73ff13c82#11186221,1775061839,24786020,0x1725c56922cb11e93154f55d235adfa5b5047c73e7b772a947ec1ea73ff13c82,441,0x88e6a0c2ddd26feeb64f039a2c41296fcb3f5640,500.0,0.0,1286886974.0,,,0x2db896dda4a168ff6311828ef0312feb4b28224a,0xc36442b4a4522e871399cd717abdd847ab11fe88,0xa0b86991c6218b36c1d19d4a2e9eb0ce3606eb48,USDC,6,0xc02aaa39b223fe8d0a0e5c4f27ead9083c756cc2,WETH,18,6907.457773,0.0,6907.457773,5080349404329816.0,,,200070,200680,2026-04-01T16:43:59+00:00
burn,0x7872909c3716f4fb8234e42bf50732d731e6ab49f464b720ae50997354d984a1#11186234,1775061959,24786030,0x7872909c3716f4fb8234e42bf50732d731e6ab49f464b720ae50997354d984a1,230,0x88e6a0c2ddd26feeb64f039a2c41296fcb3f5640,500.0,0.0,789103988.0,,,0xfd70e8d11e09b700d0a7b63c9cce795081e913b5,0xc36442b4a4522e871399cd717abdd847ab11fe88,0xa0b86991c6218b36c1d19d4a2e9eb0ce3606eb48,USDC,6,0xc02aaa39b223fe8d0a0e5c4f27ead9083c756cc2,WETH,18,0.0,0.0,0.0,0.0,,,195000,201940,2026-04-01T16:45:59+00:00
burn,0xcb39471d0d9408db1a5a6caf1f8ad035718cf0d0d3aed1da0b84cb0fad1df9ab#11186310,1775062451,24786071,0xcb39471d0d9408db1a5a6caf1f8ad035718cf0d0d3aed1da0b84cb0fad1df9ab,600,0x88e6a0c2ddd26feeb64f039a2c41296fcb3f5640,500.0,0.0,242124520.0,,,0x82c1b84b9892e33852f57c23ba1b0393b9b96bec,0xc36442b4a4522e871399cd717abdd847ab11fe88,0xa0b86991c6218b36c1d19d4a2e9eb0ce3606eb48,USDC,6,0xc02aaa39b223fe8d0a0e5c4f27ead9083c756cc2,WETH,18,0.0,0.0250862355773265,53.98501665816176,2325699173523054.0,,,199590,199600,2026-04-01T16:54:11+00:00
burn,0x11f9a9443e318b1bb9ed78be83d1f62e657f0ba739a93e20653a16fe41fca5bc#11186312,1775062487,24786074,0x11f9a9443e318b1bb9ed78be83d1f62e657f0ba739a93e20653a16fe41fca5bc,976,0x88e6a0c2ddd26feeb64f039a2c41296fcb3f5640,500.0,0.0,248722345.0,,,0x82c1b84b9892e33852f57c23ba1b0393b9b96bec,0xc36442b4a4522e871399cd717abdd847ab11fe88,0xa0b86991c6218b36c1d19d4a2e9eb0ce3606eb48,USDC,6,0xc02aaa39b223fe8d0a0e5c4f27ead9083c756cc2,WETH,18,0.0,0.02508623557732649,53.98501665816174,2325699173523053.0,,,199590,199600,2026-04-01T16:54:47+00:00
burn,0x87e70f64f516bf2c94bd8b2de46a45e1f95941c62a34a6c156146227255b604d#11186314,1775062535,24786078,0x87e70f64f516bf2c94bd8b2de46a45e1f95941c62a34a6c156146227255b604d,339,0x88e6a0c2ddd26feeb64f039a2c41296fcb3f5640,500.0,0.0,264706638.0,,,0x82c1b84b9892e33852f57c23ba1b0393b9b96bec,0xc36442b4a4522e871399cd717abdd847ab11fe88,0xa0b86991c6218b36c1d19d4a2e9eb0ce3606eb48,USDC,6,0xc02aaa39b223fe8d0a0e5c4f27ead9083c756cc2,WETH,18,0.0,0.02508623557732649,53.98501665816174,2325699173523053.0,,,199590,199600,2026-04-01T16:55:35+00:00
burn,0x18a77b9236a8395bc2b485cc434b85d135685a246a6982ae58893fafef9985fb#11186316,1775062559,24786080,0x18a77b9236a8395bc2b485cc434b85d135685a246a6982ae58893fafef9985fb,69,0x88e6a0c2ddd26feeb64f039a2c41296fcb3f5640,500.0,0.0,257562230.0,,,0x82c1b84b9892e33852f57c23ba1b0393b9b96bec,0xc36442b4a4522e871399cd717abdd847ab11fe88,0xa0b86991c6218b36c1d19d4a2e9eb0ce3606eb48,USDC,6,0xc02aaa39b223fe8d0a0e5c4f27ead9083c756cc2,WETH,18,0.0,0.02508623557732649,53.98501665816174,2325699173523053.0,,,199590,199600,2026-04-01T16:55:59+00:00
burn,0xa3980e38b9f5ba20b0d47d81dd3bced741c42214279141f4d6fa7a96aab08712#11186324,1775062703,24786092,0xa3980e38b9f5ba20b0d47d81dd3bced741c42214279141f4d6fa7a96aab08712,652,0x88e6a0c2ddd26feeb64f039a2c41296fcb3f5640,500.0,0.0,237406279.0,,,0x82c1b84b9892e33852f57c23ba1b0393b9b96bec,0xc36442b4a4522e871399cd717abdd847ab11fe88,0xa0b86991c6218b36c1d19d4a2e9eb0ce3606eb48,USDC,6,0xc02aaa39b223fe8d0a0e5c4f27ead9083c756cc2,WETH,18,0.0,0.02508623557732649,53.958193207569714,2325699173523053.0,,,199590,199600,2026-04-01T16:58:23+00:00
burn,0xfdda6268717f96e3e8e7989d89eb4c1be8756b4b8eff6b29a0c84e2b2d45f45d#11186327,1775062775,24786098,0xfdda6268717f96e3e8e7989d89eb4c1be8756b4b8eff6b29a0c84e2b2d45f45d,527,0x88e6a0c2ddd26feeb64f039a2c41296fcb3f5640,500.0,0.0,235814477.0,,,0x82c1b84b9892e33852f57c23ba1b0393b9b96bec,0xc36442b4a4522e871399cd717abdd847ab11fe88,0xa0b86991c6218b36c1d19d4a2e9eb0ce3606eb48,USDC,6,0xc02aaa39b223fe8d0a0e5c4f27ead9083c756cc2,WETH,18,0.0,0.02508623557732649,53.958193207569714,2325699173523053.0,,,199590,199600,2026-04-01T16:59:35+00:00
burn,0x54e7917c9a20e3e41f850b9c2bc9ad63a0c7dc90835a69086a08ff92e7b4d1ce#11186330,1775062811,24786101,0x54e7917c9a20e3e41f850b9c2bc9ad63a0c7dc90835a69086a08ff92e7b4d1ce,725,0x88e6a0c2ddd26feeb64f039a2c41296fcb3f5640,500.0,0.0,230650726.0,,,0x82c1b84b9892e33852f57c23ba1b0393b9b96bec,0xc36442b4a4522e871399cd717abdd847ab11fe88,0xa0b86991c6218b36c1d19d4a2e9eb0ce3606eb48,USDC,6,0xc02aaa39b223fe8d0a0e5c4f27ead9083c756cc2,WETH,18,0.0,0.02508623557732649,53.958193207569714,2325699173523053.0,,,199590,199600,2026-04-01T17:00:11+00:00
burn,0x90a197a1db0cde70d7136528f2473010eb8b2e282ea10de32c1b091002b6254b#11186332,1775062859,24786105,0x90a197a1db0cde70d7136528f2473010eb8b2e282ea10de32c1b091002b6254b,357,0x88e6a0c2ddd26feeb64f039a2c41296fcb3f5640,500.0,0.0,252340989.0,,,0x82c1b84b9892e33852f57c23ba1b0393b9b96bec,0xc36442b4a4522e871399cd717abdd847ab11fe88,0xa0b86991c6218b36c1d19d4a2e9eb0ce3606eb48,USDC,6,0xc02aaa39b223fe8d0a0e5c4f27ead9083c756cc2,WETH,18,0.0,0.02508623557732649,53.958193207569714,2325699173523053.0,,,199590,199600,2026-04-01T17:00:59+00:00
burn,0x6092962ac97c99948a159dbc569a914cba3dbb344f0b90726de253f54093b73c#11186404,1775063051,24786121,0x6092962ac97c99948a159dbc569a914cba3dbb344f0b90726de253f54093b73c,742,0x88e6a0c2ddd26feeb64f039a2c41296fcb3f5640,500.0,0.0,1211945334.0,,,0xd36e324e495848e91f28c4a4013641ce8b5da932,0xc36442b4a4522e871399cd717abdd847ab11fe88,0xa0b86991c6218b36c1d19d4a2e9eb0ce3606eb48,USDC,6,0xc02aaa39b223fe8d0a0e5c4f27ead9083c756cc2,WETH,18,8548.612478,0.0,8548.612478,1.5435219666901004e+16,,,199560,199800,2026-04-01T17:04:11+00:00
burn,0xaea8748cad8744aff19534b0462f0a356b4efd95e795cad05d84255da5743ebd#11186435,1775063099,24786125,0xaea8748cad8744aff19534b0462f0a356b4efd95e795cad05d84255da5743ebd,942,0x88e6a0c2ddd26feeb64f039a2c41296fcb3f5640,500.0,0.0,293345114.0,,,0xc5f5e4e6dbd759a9ac9890de04035b792af641c3,0xc36442b4a4522e871399cd717abdd847ab11fe88,0xa0b86991c6218b36c1d19d4a2e9eb0ce3606eb48,USDC,6,0xc02aaa39b223fe8d0a0e5c4f27ead9083c756cc2,WETH,18,9982.758472,0.0,9982.758472,3.091503975274466e+16,,,199620,199760,2026-04-01T17:04:59+00:00
burn,0xd45d4c14ccb489c362900a3a6363e6e2bca2181f3a365685146c45c57080922c#11186450,1775063195,24786132,0xd45d4c14ccb489c362900a3a6363e6e2bca2181f3a365685146c45c57080922c,241,0x88e6a0c2ddd26feeb64f039a2c41296fcb3f5640,500.0,0.0,2363886115.0,,,0xac5d62acc9a2529205729d8d26565155cccd4753,0xc36442b4a4522e871399cd717abdd847ab11fe88,0xa0b86991c6218b36c1d19d4a2e9eb0ce3606eb48,USDC,6,0xc02aaa39b223fe8d0a0e5c4f27ead9083c756cc2,WETH,18,12004.198533,4.701801332113183,22158.328437130527,5332388804174927.0,,,198710,200540,2026-04-01T17:06:35+00:00
burn,0x2cf0008f4c0e8b4e8773aaa1c02d4495308a63bf62ef6b95f8c11988985f9270#11186481,1775063747,24786178,0x2cf0008f4c0e8b4e8773aaa1c02d4495308a63bf62ef6b95f8c11988985f9270,733,0x88e6a0c2ddd26feeb64f039a2c41296fcb3f5640,500.0,0.0,278559773.0,,,0x82c1b84b9892e33852f57c23ba1b0393b9b96bec,0xc36442b4a4522e871399cd717abdd847ab11fe88,0xa0b86991c6218b36c1d19d4a2e9eb0ce3606eb48,USDC,6,0xc02aaa39b223fe8d0a0e5c4f27ead9083c756cc2,WETH,18,0.0,0.025086235577326487,54.134616733606926,2329190165325980.0,,,199560,199570,2026-04-01T17:15:47+00:00
burn,0x2c82a412ae4b8430a89a49c23c9dd714ef74d8c0f462d9841ff70be251abd1aa#11186487,1775063903,24786191,0x2c82a412ae4b8430a89a49c23c9dd714ef74d8c0f462d9841ff70be251abd1aa,790,0x88e6a0c2ddd26feeb64f039a2c41296fcb3f5640,500.0,0.0,236971544.0,,,0x82c1b84b9892e33852f57c23ba1b0393b9b96bec,0xc36442b4a4522e871399cd717abdd847ab11fe88,0xa0b86991c6218b36c1d19d4a2e9eb0ce3606eb48,USDC,6,0xc02aaa39b223fe8d0a0e5c4f27ead9083c756cc2,WETH,18,0.0,0.02508623557732649,54.134618466677786,2330354993350953.0,,,199550,199560,2026-04-01T17:18:23+00:00
burn,0xbe838b795c8ac60bdc5faabdec3de0baeba608aaecc9cadc3ea3b7738d173943#11186526,1775064143,24786211,0xbe838b795c8ac60bdc5faabdec3de0baeba608aaecc9cadc3ea3b7738d173943,149,0x88e6a0c2ddd26feeb64f039a2c41296fcb3f5640,500.0,0.0,2205813935.0,,,0xc6d80f4148482f8f77306718342d9c0e0cf06069,0xc36442b4a4522e871399cd717abdd847ab11fe88,0xa0b86991c6218b36c1d19d4a2e9eb0ce3606eb48,USDC,6,0xc02aaa39b223fe8d0a0e5c4f27ead9083c756cc2,WETH,18,0.0,0.0,0.0,0.0,,,195970,202160,2026-04-01T17:22:23+00:00
burn,0x593935d36a8729a11dcafcfa0ddc55f31a8feeeb95020430dc143a8557b2a33d#11186629,1775065523,24786326,0x593935d36a8729a11dcafcfa0ddc55f31a8feeeb95020430dc143a8557b2a33d,335,0x88e6a0c2ddd26feeb64f039a2c41296fcb3f5640,500.0,0.0,215301447.0,,,0x82c1b84b9892e33852f57c23ba1b0393b9b96bec,0xc36442b4a4522e871399cd717abdd847ab11fe88,0xa0b86991c6218b36c1d19d4a2e9eb0ce3606eb48,USDC,6,0xc02aaa39b223fe8d0a0e5c4f27ead9083c756cc2,WETH,18,0.0,0.025086235577326484,53.70956146678333,2322213414021012.0,,,199620,199630,2026-04-01T17:45:23+00:00
burn,0x3020b8aaab59a7402e9d6f91ce4c1691d9f9b253a10def3f3446c0d9f3d584cb#11186634,1775065547,24786328,0x3020b8aaab59a7402e9d6f91ce4c1691d9f9b253a10def3f3446c0d9f3d584cb,416,0x88e6a0c2ddd26feeb64f039a2c41296fcb3f5640,500.0,0.0,199592837.0,,,0x82c1b84b9892e33852f57c23ba1b0393b9b96bec,0xc36442b4a4522e871399cd717abdd847ab11fe88,0xa0b86991c6218b36c1d19d4a2e9eb0ce3606eb48,USDC,6,0xc02aaa39b223fe8d0a0e5c4f27ead9083c756cc2,WETH,18,0.0,0.025086235577326484,53.70956146678333,2322213414021012.0,,,199620,199630,2026-04-01T17:45:47+00:00
burn,0xc93f0e3534899d72fb6ec67698313732b8244aed4eb702c23253657a9437b96f#11186636,1775065607,24786333,0xc93f0e3534899d72fb6ec67698313732b8244aed4eb702c23253657a9437b96f,355,0x88e6a0c2ddd26feeb64f039a2c41296fcb3f5640,500.0,0.0,211158047.0,,,0x82c1b84b9892e33852f57c23ba1b0393b9b96bec,0xc36442b4a4522e871399cd717abdd847ab11fe88,0xa0b86991c6218b36c1d19d4a2e9eb0ce3606eb48,USDC,6,0xc02aaa39b223fe8d0a0e5c4f27ead9083c756cc2,WETH,18,0.0,0.025086235577326484,53.70956146678333,2322213414021012.0,,,199620,199630,2026-04-01T17:46:47+00:00
burn,0xbeb07d4463316e05085d717666f5e73e86369af9ec9fd62088ad8c06ff2d0f67#11186644,1775065751,24786345,0xbeb07d4463316e05085d717666f5e73e86369af9ec9fd62088ad8c06ff2d0f67,362,0x88e6a0c2ddd26feeb64f039a2c41296fcb3f5640,500.0,0.0,290891906.0,,,0x82c1b84b9892e33852f57c23ba1b0393b9b96bec,0xc36442b4a4522e871399cd717abdd847ab11fe88,0xa0b86991c6218b36c1d19d4a2e9eb0ce3606eb48,USDC,6,0xc02aaa39b223fe8d0a0e5c4f27ead9083c756cc2,WETH,18,0.0,0.02508623557732648,53.70955420248559,2321052655564752.0,,,199630,199640,2026-04-01T17:49:11+00:00
burn,0x83a187733b04f79e3ba943f442a91a977a61933245fec9f3478cf4650253b2e8#11186646,1775065763,24786346,0x83a187733b04f79e3ba943f442a91a977a61933245fec9f3478cf4650253b2e8,157,0x88e6a0c2ddd26feeb64f039a2c41296fcb3f5640,500.0,0.0,468749030.0,,,0x14b3f5dc640733bac6c78462005027a88e0f7666,0xc36442b4a4522e871399cd717abdd847ab11fe88,0xa0b86991c6218b36c1d19d4a2e9eb0ce3606eb48,USDC,6,0xc02aaa39b223fe8d0a0e5c4f27ead9083c756cc2,WETH,18,0.0,0.02071540086931402,44.35161036366275,5314871130499.0,,,195200,199260,2026-04-01T17:49:23+00:00
burn,0x44487c9799c486bba536cf760fb83bca282f854c79198a110b7c94c313ab5f77#11186667,1775066087,24786373,0x44487c9799c486bba536cf760fb83bca282f854c79198a110b7c94c313ab5f77,255,0x88e6a0c2ddd26feeb64f039a2c41296fcb3f5640,500.0,0.0,759333567.0,,,0x98b306b697935e165ec8b4c6a7aac791b73d3f8d,0xc36442b4a4522e871399cd717abdd847ab11fe88,0xa0b86991c6218b36c1d19d4a2e9eb0ce3606eb48,USDC,6,0xc02aaa39b223fe8d0a0e5c4f27ead9083c756cc2,WETH,18,0.0,0.0,0.0,0.0,,,199230,200840,2026-04-01T17:54:47+00:00
burn,0x456aa84a19e33a1af8228000df830cceb74245b2a0b05ee089658b47a21e3625#11186669,1775066207,24786383,0x456aa84a19e33a1af8228000df830cceb74245b2a0b05ee089658b47a21e3625,310,0x88e6a0c2ddd26feeb64f039a2c41296fcb3f5640,500.0,0.0,748806785.0,,,0x98b306b697935e165ec8b4c6a7aac791b73d3f8d,0xc36442b4a4522e871399cd717abdd847ab11fe88,0xa0b86991c6218b36c1d19d4a2e9eb0ce3606eb48,USDC,6,0xc02aaa39b223fe8d0a0e5c4f27ead9083c756cc2,WETH,18,1099.295709,0.18225412151210688,1489.350488002623,410053101962710.0,,,199230,200840,2026-04-01T17:56:47+00:00
burn,0x7aed28f7dce79cc10ca3eb6bd84a366d3919722b1136f981e5cbb44d9ca6950e#11186676,1775066303,24786391,0x7aed28f7dce79cc10ca3eb6bd84a366d3919722b1136f981e5cbb44d9ca6950e,323,0x88e6a0c2ddd26feeb64f039a2c41296fcb3f5640,500.0,0.0,267532352.0,,,0x82c1b84b9892e33852f57c23ba1b0393b9b96bec,0xc36442b4a4522e871399cd717abdd847ab11fe88,0xa0b86991c6218b36c1d19d4a2e9eb0ce3606eb48,USDC,6,0xc02aaa39b223fe8d0a0e5c4f27ead9083c756cc2,WETH,18,0.484206,0.0248596229285618,53.68802420364254,2319892477313648.0,,,199640,199650,2026-04-01T17:58:23+00:00
burn,0x8766d48bef7a19782a57d62104e8f09b72aa2bfe28b0608a073ea5692927bbaf#11186680,1775066327,24786393,0x8766d48bef7a19782a57d62104e8f09b72aa2bfe28b0608a073ea5692927bbaf,287,0x88e6a0c2ddd26feeb64f039a2c41296fcb3f5640,500.0,0.0,260280722.0,,,0x82c1b84b9892e33852f57c23ba1b0393b9b96bec,0xc36442b4a4522e871399cd717abdd847ab11fe88,0xa0b86991c6218b36c1d19d4a2e9eb0ce3606eb48,USDC,6,0xc02aaa39b223fe8d0a0e5c4f27ead9083c756cc2,WETH,18,0.0,0.02485962292856179,53.20381820364252,2300085783569209.0,,,199630,199640,2026-04-01T17:58:47+00:00
burn,0x6749d7e98532024dbcd04b12ae4de8880f8a209d53ca1492bedef4c560e45f8f#11186718,1775066591,24786415,0x6749d7e98532024dbcd04b12ae4de8880f8a209d53ca1492bedef4c560e45f8f,86,0x88e6a0c2ddd26feeb64f039a2c41296fcb3f5640,500.0,0.0,1299150779.0,,,0xd36e324e495848e91f28c4a4013641ce8b5da932,0xc36442b4a4522e871399cd717abdd847ab11fe88,0xa0b86991c6218b36c1d19d4a2e9eb0ce3606eb48,USDC,6,0xc02aaa39b223fe8d0a0e5c4f27ead9083c756cc2,WETH,18,0.0,3.965747250997336,8468.936367874066,1.5353462944264736e+16,,,199430,199670,2026-04-01T18:03:11+00:00
burn,0x8e92913823cdbe5be47faa115cb6401dc5e5eaf12a11e940108b529b30444d26#11186726,1775066627,24786418,0x8e92913823cdbe5be47faa115cb6401dc5e5eaf12a11e940108b529b30444d26,1098,0x88e6a0c2ddd26feeb64f039a2c41296fcb3f5640,500.0,0.0,282063737.0,,,0xc5f5e4e6dbd759a9ac9890de04035b792af641c3,0xc36442b4a4522e871399cd717abdd847ab11fe88,0xa0b86991c6218b36c1d19d4a2e9eb0ce3606eb48,USDC,6,0xc02aaa39b223fe8d0a0e5c4f27ead9083c756cc2,WETH,18,0.0,3.9817037887683235,8492.376592516815,2.645266666816742e+16,,,199460,199600,2026-04-01T18:03:47+00:00
burn,0x60799bbf9531e8a759954eef0b49eaac39378ebd6fbb476269b40c623984504e#11186895,1775068619,24786584,0x60799bbf9531e8a759954eef0b49eaac39378ebd6fbb476269b40c623984504e,249,0x88e6a0c2ddd26feeb64f039a2c41296fcb3f5640,500.0,0.0,236456528.0,,,0x82c1b84b9892e33852f57c23ba1b0393b9b96bec,0xc36442b4a4522e871399cd717abdd847ab11fe88,0xa0b86991c6218b36c1d19d4a2e9eb0ce3606eb48,USDC,6,0xc02aaa39b223fe8d0a0e5c4f27ead9083c756cc2,WETH,18,0.0,0.0248596229285618,52.9932868207316,2294343037666039.0,,,199680,199690,2026-04-01T18:36:59+00:00
burn,0x9616181dddf6978c4aaeeb1aa900ff9e0a8dcb489cdd2f71799ae0267bffbd18#11186897,1775068655,24786587,0x9616181dddf6978c4aaeeb1aa900ff9e0a8dcb489cdd2f71799ae0267bffbd18,584,0x88e6a0c2ddd26feeb64f039a2c41296fcb3f5640,500.0,0.0,214770877.0,,,0x82c1b84b9892e33852f57c23ba1b0393b9b96bec,0xc36442b4a4522e871399cd717abdd847ab11fe88,0xa0b86991c6218b36c1d19d4a2e9eb0ce3606eb48,USDC,6,0xc02aaa39b223fe8d0a0e5c4f27ead9083c756cc2,WETH,18,0.0,0.024859622928561788,52.99328992558652,2294343037666038.0,,,199680,199690,2026-04-01T18:37:35+00:00
burn,0x4fbf58ba3854978bf90c602cbcf9ea9033e2e68b8d76240ad781cf7209a304b4#11186901,1775068679,24786589,0x4fbf58ba3854978bf90c602cbcf9ea9033e2e68b8d76240ad781cf7209a304b4,514,0x88e6a0c2ddd26feeb64f039a2c41296fcb3f5640,500.0,0.0,219704694.0,,,0x82c1b84b9892e33852f57c23ba1b0393b9b96bec,0xc36442b4a4522e871399cd717abdd847ab11fe88,0xa0b86991c6218b36c1d19d4a2e9eb0ce3606eb48,USDC,6,0xc02aaa39b223fe8d0a0e5c4f27ead9083c756cc2,WETH,18,0.0,0.024859622928561788,52.9932907635526,2294343037666038.0,,,199680,199690,2026-04-01T18:37:59+00:00
burn,0x7f2d86583771d05d70bb2b32a4123f89efe82bc9be9d1342e614fb5a1bd07172#11186905,1775068751,24786595,0x7f2d86583771d05d70bb2b32a4123f89efe82bc9be9d1342e614fb5a1bd07172,504,0x88e6a0c2ddd26feeb64f039a2c41296fcb3f5640,500.0,0.0,209610519.0,,,0x82c1b84b9892e33852f57c23ba1b0393b9b96bec,0xc36442b4a4522e871399cd717abdd847ab11fe88,0xa0b86991c6218b36c1d19d4a2e9eb0ce3606eb48,USDC,6,0xc02aaa39b223fe8d0a0e5c4f27ead9083c756cc2,WETH,18,8.162877,0.02102429318029309,52.98039031478883,2294343037666038.0,,,199680,199690,2026-04-01T18:39:11+00:00
burn,0x11971b9273ef366ed0e34790416f8f59ce51ec48b573215af380a5ea91524521#11186967,1775069531,24786660,0x11971b9273ef366ed0e34790416f8f59ce51ec48b573215af380a5ea91524521,456,0x88e6a0c2ddd26feeb64f039a2c41296fcb3f5640,500.0,0.0,357374677.0,,,0x82c1b84b9892e33852f57c23ba1b0393b9b96bec,0xc36442b4a4522e871399cd717abdd847ab11fe88,0xa0b86991c6218b36c1d19d4a2e9eb0ce3606eb48,USDC,6,0xc02aaa39b223fe8d0a0e5c4f27ead9083c756cc2,WETH,18,49.082556,0.0,49.082556,2128550268720176.0,,,199690,199700,2026-04-01T18:52:11+00:00
burn,0x9f7d9ae490de01e1ede8c1e6d7465e1be019d6506220192deb79f2d5f01981ee#11186970,1775069591,24786665,0x9f7d9ae490de01e1ede8c1e6d7465e1be019d6506220192deb79f2d5f01981ee,583,0x88e6a0c2ddd26feeb64f039a2c41296fcb3f5640,500.0,0.0,331004052.0,,,0x82c1b84b9892e33852f57c23ba1b0393b9b96bec,0xc36442b4a4522e871399cd717abdd847ab11fe88,0xa0b86991c6218b36c1d19d4a2e9eb0ce3606eb48,USDC,6,0xc02aaa39b223fe8d0a0e5c4f27ead9083c756cc2,WETH,18,49.082555,0.0,49.082555,2128550225353441.0,,,199690,199700,2026-04-01T18:53:11+00:00
burn,0x1ac3bea998f246c352339c1ee595668d8f0971c566eb1b9186b9cd26ce1efd18#11186977,1775069675,24786672,0x1ac3bea998f246c352339c1ee595668d8f0971c566eb1b9186b9cd26ce1efd18,299,0x88e6a0c2ddd26feeb64f039a2c41296fcb3f5640,500.0,0.0,280344817.0,,,0x82c1b84b9892e33852f57c23ba1b0393b9b96bec,0xc36442b4a4522e871399cd717abdd847ab11fe88,0xa0b86991c6218b36c1d19d4a2e9eb0ce3606eb48,USDC,6,0xc02aaa39b223fe8d0a0e5c4f27ead9083c756cc2,WETH,18,49.082554,0.0,49.082554,2128550181986705.0,,,199690,199700,2026-04-01T18:54:35+00:00
burn,0x0e44760963c8ebe1b6c3869b84219b65ba5a4b04871dee05def94be832ead075#11186979,1775069699,24786674,0x0e44760963c8ebe1b6c3869b84219b65ba5a4b04871dee05def94be832ead075,263,0x88e6a0c2ddd26feeb64f039a2c41296fcb3f5640,500.0,0.0,265128253.0,,,0x82c1b84b9892e33852f57c23ba1b0393b9b96bec,0xc36442b4a4522e871399cd717abdd847ab11fe88,0xa0b86991c6218b36c1d19d4a2e9eb0ce3606eb48,USDC,6,0xc02aaa39b223fe8d0a0e5c4f27ead9083c756cc2,WETH,18,49.082553,0.0,49.082553,2128550138619970.0,,,199690,199700,2026-04-01T18:54:59+00:00
burn,0x142ac7233843a942d447a6c763e3186ba4d2365bdce7ddfde2f8cf4b2ddacf9d#11186982,1775069735,24786677,0x142ac7233843a942d447a6c763e3186ba4d2365bdce7ddfde2f8cf4b2ddacf9d,84,0x88e6a0c2ddd26feeb64f039a2c41296fcb3f5640,500.0,0.0,248333196.0,,,0x82c1b84b9892e33852f57c23ba1b0393b9b96bec,0xc36442b4a4522e871399cd717abdd847ab11fe88,0xa0b86991c6218b36c1d19d4a2e9eb0ce3606eb48,USDC,6,0xc02aaa39b223fe8d0a0e5c4f27ead9083c756cc2,WETH,18,49.082552,0.0,49.082552,2128550095253234.0,,,199690,199700,2026-04-01T18:55:35+00:00
burn,0xa1f8f051db4cd054e2c73b1d15e14ca2a0160274b092b9e9cae5bdc6cbba3d7e#11186993,1775069915,24786692,0xa1f8f051db4cd054e2c73b1d15e14ca2a0160274b092b9e9cae5bdc6cbba3d7e,399,0x88e6a0c2ddd26feeb64f039a2c41296fcb3f5640,500.0,0.0,341151439.0,,,0xa11e82904545382be37af34d501b65bc775c14c4,0xc36442b4a4522e871399cd717abdd847ab11fe88,0xa0b86991c6218b36c1d19d4a2e9eb0ce3606eb48,USDC,6,0xc02aaa39b223fe8d0a0e5c4f27ead9083c756cc2,WETH,18,0.0,0.0,0.0,0.0,,,197670,201920,2026-04-01T18:58:35+00:00
burn,0x7db1e43c694b08fad843e122e9331734665a625c6c68e58551558f96f0efc9d0#11187064,1775070839,24786769,0x7db1e43c694b08fad843e122e9331734665a625c6c68e58551558f96f0efc9d0,101,0x88e6a0c2ddd26feeb64f039a2c41296fcb3f5640,500.0,0.0,309433380.0,,,0x82c1b84b9892e33852f57c23ba1b0393b9b96bec,0xc36442b4a4522e871399cd717abdd847ab11fe88,0xa0b86991c6218b36c1d19d4a2e9eb0ce3606eb48,USDC,6,0xc02aaa39b223fe8d0a0e5c4f27ead9083c756cc2,WETH,18,49.082551,0.0,49.082551,2127486096068579.0,,,199680,199690,2026-04-01T19:13:59+00:00
burn,0xfcf234ee5a155d6023e6e2ee237c979b1fc948afe22a82aeed609ae3df073ecd#11187083,1775071235,24786802,0xfcf234ee5a155d6023e6e2ee237c979b1fc948afe22a82aeed609ae3df073ecd,488,0x88e6a0c2ddd26feeb64f039a2c41296fcb3f5640,500.0,0.0,291456076.0,,,0x01adcc192d523a5b7bb5d337382143c0696a3a81,0xc36442b4a4522e871399cd717abdd847ab11fe88,0xa0b86991c6218b36c1d19d4a2e9eb0ce3606eb48,USDC,6,0xc02aaa39b223fe8d0a0e5c4f27ead9083c756cc2,WETH,18,3121.530634,1.3216475439840967,5938.888850318814,387122214212693.0,,,196250,203520,2026-04-01T19:20:35+00:00
burn,0xfcf234ee5a155d6023e6e2ee237c979b1fc948afe22a82aeed609ae3df073ecd#11187084,1775071235,24786802,0xfcf234ee5a155d6023e6e2ee237c979b1fc948afe22a82aeed609ae3df073ecd,490,0x88e6a0c2ddd26feeb64f039a2c41296fcb3f5640,500.0,0.0,291456076.0,,,0x01adcc192d523a5b7bb5d337382143c0696a3a81,0xc36442b4a4522e871399cd717abdd847ab11fe88,0xa0b86991c6218b36c1d19d4a2e9eb0ce3606eb48,USDC,6,0xc02aaa39b223fe8d0a0e5c4f27ead9083c756cc2,WETH,18,0.0,0.0,0.0,0.0,,,196250,203520,2026-04-01T19:20:35+00:00
burn,0x5d9ecb1508d20ee31d61205c4266372f97b095eaf684532c03e2e250de74565a#11187087,1775071295,24786807,0x5d9ecb1508d20ee31d61205c4266372f97b095eaf684532c03e2e250de74565a,359,0x88e6a0c2ddd26feeb64f039a2c41296fcb3f5640,500.0,0.0,269422419.0,,,0x82c1b84b9892e33852f57c23ba1b0393b9b96bec,0xc36442b4a4522e871399cd717abdd847ab11fe88,0xa0b86991c6218b36c1d19d4a2e9eb0ce3606eb48,USDC,6,0xc02aaa39b223fe8d0a0e5c4f27ead9083c756cc2,WETH,18,49.08255,0.0,49.08255,2127486052723520.0,,,199680,199690,2026-04-01T19:21:35+00:00
burn,0x8ebd485c99d410aec7a1c8111fe353df03e06e2e50d68114fe21afbf6a687289#11187092,1775071487,24786823,0x8ebd485c99d410aec7a1c8111fe353df03e06e2e50d68114fe21afbf6a687289,488,0x88e6a0c2ddd26feeb64f039a2c41296fcb3f5640,500.0,0.0,331823227.0,,,0x82c1b84b9892e33852f57c23ba1b0393b9b96bec,0xc36442b4a4522e871399cd717abdd847ab11fe88,0xa0b86991c6218b36c1d19d4a2e9eb0ce3606eb48,USDC,6,0xc02aaa39b223fe8d0a0e5c4f27ead9083c756cc2,WETH,18,49.082549,0.0,49.082549,2128549965153027.0,,,199690,199700,2026-04-01T19:24:47+00:00
burn,0xa0b13c91223fbb686486c51e548c0f8e355014344146ee69edb46dc322d54ca3#11187176,1775072831,24786934,0xa0b13c91223fbb686486c51e548c0f8e355014344146ee69edb46dc322d54ca3,345,0x88e6a0c2ddd26feeb64f039a2c41296fcb3f5640,500.0,0.0,305294024.0,,,0x82c1b84b9892e33852f57c23ba1b0393b9b96bec,0xc36442b4a4522e871399cd717abdd847ab11fe88,0xa0b86991c6218b36c1d19d4a2e9eb0ce3606eb48,USDC,6,0xc02aaa39b223fe8d0a0e5c4f27ead9083c756cc2,WETH,18,49.082548,0.0,49.082548,2123235458547419.0,,,199640,199650,2026-04-01T19:47:11+00:00
burn,0x32530e954d59ef21b3edd1c1d262b5800be17f0a555a62e3dc74294000ce1e9d#11187306,1775073743,24787010,0x32530e954d59ef21b3edd1c1d262b5800be17f0a555a62e3dc74294000ce1e9d,881,0x88e6a0c2ddd26feeb64f039a2c41296fcb3f5640,500.0,0.0,250730597.0,,,0x6eca14de283f6bfe0ea7bd5d03008f520f0b52df,0xc36442b4a4522e871399cd717abdd847ab11fe88,0xa0b86991c6218b36c1d19d4a2e9eb0ce3606eb48,USDC,6,0xc02aaa39b223fe8d0a0e5c4f27ead9083c756cc2,WETH,18,0.0,0.0,0.0,0.0,,,193810,200070,2026-04-01T20:02:23+00:00
burn,0x654d32aa701c327cdb6faf9ad90787262745683b44ee72a46ca4448389b0cf91#11187426,1775074691,24787089,0x654d32aa701c327cdb6faf9ad90787262745683b44ee72a46ca4448389b0cf91,243,0x88e6a0c2ddd26feeb64f039a2c41296fcb3f5640,500.0,0.0,215248420.0,,,0x82c1b84b9892e33852f57c23ba1b0393b9b96bec,0xc36442b4a4522e871399cd717abdd847ab11fe88,0xa0b86991c6218b36c1d19d4a2e9eb0ce3606eb48,USDC,6,0xc02aaa39b223fe8d0a0e5c4f27ead9083c756cc2,WETH,18,49.082547,0.0,49.082547,2124297245341379.0,,,199650,199660,2026-04-01T20:18:11+00:00
burn,0x063f70d152f3c15176d657a72e58c388d53afb498acdfa5a53d7e6bd57fa7f3c#11187438,1775074823,24787100,0x063f70d152f3c15176d657a72e58c388d53afb498acdfa5a53d7e6bd57fa7f3c,244,0x88e6a0c2ddd26feeb64f039a2c41296fcb3f5640,500.0,0.0,182482691.0,,,0x82c1b84b9892e33852f57c23ba1b0393b9b96bec,0xc36442b4a4522e871399cd717abdd847ab11fe88,0xa0b86991c6218b36c1d19d4a2e9eb0ce3606eb48,USDC,6,0xc02aaa39b223fe8d0a0e5c4f27ead9083c756cc2,WETH,18,49.082546,0.000241486415531165,49.59940769017809,2146628954621986.0,,,199650,199660,2026-04-01T20:20:23+00:00
burn,0xe77a52ccf6953a470d8a1170431b7543879033135acedacccf4442465c2cfab6#11187444,1775074847,24787102,0xe77a52ccf6953a470d8a1170431b7543879033135acedacccf4442465c2cfab6,500,0x88e6a0c2ddd26feeb64f039a2c41296fcb3f5640,500.0,0.0,189311081.0,,,0x82c1b84b9892e33852f57c23ba1b0393b9b96bec,0xc36442b4a4522e871399cd717abdd847ab11fe88,0xa0b86991c6218b36c1d19d4a2e9eb0ce3606eb48,USDC,6,0xc02aaa39b223fe8d0a0e5c4f27ead9083c756cc2,WETH,18,49.082545,0.0,49.082545,2125359519811543.0,,,199660,199670,2026-04-01T20:20:47+00:00
burn,0xa54c0e1a615990ef77cb5a73efdfe1ab2a76b52bd1faa1703756f75db54e1a9e#11187543,1775076251,24787218,0xa54c0e1a615990ef77cb5a73efdfe1ab2a76b52bd1faa1703756f75db54e1a9e,297,0x88e6a0c2ddd26feeb64f039a2c41296fcb3f5640,500.0,0.0,729983301.0,,,0x5adb1508979eb7e744f4554bafadd34a90a1796c,0xc36442b4a4522e871399cd717abdd847ab11fe88,0xa0b86991c6218b36c1d19d4a2e9eb0ce3606eb48,USDC,6,0xc02aaa39b223fe8d0a0e5c4f27ead9083c756cc2,WETH,18,0.0,0.0,0.0,0.0,,,197580,202550,2026-04-01T20:44:11+00:00
burn,0x539a9dac78f6cb925a71e0ecf5356edeae64f55663c7880f910704ab5889bd2b#11187545,1775076287,24787221,0x539a9dac78f6cb925a71e0ecf5356edeae64f55663c7880f910704ab5889bd2b,142,0x88e6a0c2ddd26feeb64f039a2c41296fcb3f5640,500.0,0.0,717507273.0,,,0x5adb1508979eb7e744f4554bafadd34a90a1796c,0xc36442b4a4522e871399cd717abdd847ab11fe88,0xa0b86991c6218b36c1d19d4a2e9eb0ce3606eb48,USDC,6,0xc02aaa39b223fe8d0a0e5c4f27ead9083c756cc2,WETH,18,14.329778,0.004808729947234326,24.611741801036352,2281630527318.0,,,197580,202550,2026-04-01T20:44:47+00:00
burn,0xc410cca7023a5a940826ff081205e92d70e4fa31498c2f4f638029b8c2537a88#11187553,1775076575,24787245,0xc410cca7023a5a940826ff081205e92d70e4fa31498c2f4f638029b8c2537a88,72,0x88e6a0c2ddd26feeb64f039a2c41296fcb3f5640,500.0,0.0,208693227.0,,,0x82c1b84b9892e33852f57c23ba1b0393b9b96bec,0xc36442b4a4522e871399cd717abdd847ab11fe88,0xa0b86991c6218b36c1d19d4a2e9eb0ce3606eb48,USDC,6,0xc02aaa39b223fe8d0a0e5c4f27ead9083c756cc2,WETH,18,49.082544,0.0,49.082544,2122173986281819.0,,,199630,199640,2026-04-01T20:49:35+00:00
burn,0xb1c8cdd7f1b78685c901cbdc215c7571268787a0340cfdca94b446cd842b5e71#11187555,1775076611,24787248,0xb1c8cdd7f1b78685c901cbdc215c7571268787a0340cfdca94b446cd842b5e71,201,0x88e6a0c2ddd26feeb64f039a2c41296fcb3f5640,500.0,0.0,205474087.0,,,0x82c1b84b9892e33852f57c23ba1b0393b9b96bec,0xc36442b4a4522e871399cd717abdd847ab11fe88,0xa0b86991c6218b36c1d19d4a2e9eb0ce3606eb48,USDC,6,0xc02aaa39b223fe8d0a0e5c4f27ead9083c756cc2,WETH,18,49.082543,0.0,49.082543,2122173943044982.0,,,199630,199640,2026-04-01T20:50:11+00:00
burn,0x0e3723f144bb610458fea770edb9973cb917d010f76950c5e3593d09c4e96d0c#11187561,1775076671,24787253,0x0e3723f144bb610458fea770edb9973cb917d010f76950c5e3593d09c4e96d0c,336,0x88e6a0c2ddd26feeb64f039a2c41296fcb3f5640,500.0,0.0,213832785.0,,,0x82c1b84b9892e33852f57c23ba1b0393b9b96bec,0xc36442b4a4522e871399cd717abdd847ab11fe88,0xa0b86991c6218b36c1d19d4a2e9eb0ce3606eb48,USDC,6,0xc02aaa39b223fe8d0a0e5c4f27ead9083c756cc2,WETH,18,49.082542,0.0,49.082542,2121113131110065.0,,,199620,199630,2026-04-01T20:51:11+00:00
burn,0x77d3afb61feda0f36f62544c135cb6bfcb36f29167f4af6129366fd0e6c6daa6#11187573,1775076983,24787279,0x77d3afb61feda0f36f62544c135cb6bfcb36f29167f4af6129366fd0e6c6daa6,223,0x88e6a0c2ddd26feeb64f039a2c41296fcb3f5640,500.0,0.0,253664229.0,,,0x27f8815f9cf6a02028153b0b44262a0402d89dc2,0xc36442b4a4522e871399cd717abdd847ab11fe88,0xa0b86991c6218b36c1d19d4a2e9eb0ce3606eb48,USDC,6,0xc02aaa39b223fe8d0a0e5c4f27ead9083c756cc2,WETH,18,0.0,0.0,0.0,0.0,,,196720,200580,2026-04-01T20:56:23+00:00
burn,0xa83ffdefead6c86a2509c3aaaeec41881829a398dbb2e501093c92e9b87e7ebc#11187596,1775077439,24787316,0xa83ffdefead6c86a2509c3aaaeec41881829a398dbb2e501093c92e9b87e7ebc,480,0x88e6a0c2ddd26feeb64f039a2c41296fcb3f5640,500.0,0.0,175645651.0,,,0x82c1b84b9892e33852f57c23ba1b0393b9b96bec,0xc36442b4a4522e871399cd717abdd847ab11fe88,0xa0b86991c6218b36c1d19d4a2e9eb0ce3606eb48,USDC,6,0xc02aaa39b223fe8d0a0e5c4f27ead9083c756cc2,WETH,18,49.082541,0.0,49.082541,2121113087894840.0,,,199620,199630,2026-04-01T21:03:59+00:00
burn,0x7b082a023efa16312c4a0a1a0a334e910506fa65f25f4e3edfd913fa1fe2a534#11187615,1775077631,24787332,0x7b082a023efa16312c4a0a1a0a334e910506fa65f25f4e3edfd913fa1fe2a534,92,0x88e6a0c2ddd26feeb64f039a2c41296fcb3f5640,500.0,0.0,38071552965.0,,,0xae2fc483527b8ef99eb5d9b44875f005ba1fae13,0x1f2f10d1c40777ae1da742455c65828ff36df387,0xa0b86991c6218b36c1d19d4a2e9eb0ce3606eb48,USDC,6,0xc02aaa39b223fe8d0a0e5c4f27ead9083c756cc2,WETH,18,5.890795,0.000310194527051522,6.5558195491598905,282960985063424.0,,,199590,199600,2026-04-01T21:07:11+00:00
burn,0xa614af3a1452c118614ee288ab19807383d20e850c4d8c685884d6279a4c79fe#11187685,1775077979,24787361,0xa614af3a1452c118614ee288ab19807383d20e850c4d8c685884d6279a4c79fe,301,0x88e6a0c2ddd26feeb64f039a2c41296fcb3f5640,500.0,0.0,248893511.0,,,0x82c1b84b9892e33852f57c23ba1b0393b9b96bec,0xc36442b4a4522e871399cd717abdd847ab11fe88,0xa0b86991c6218b36c1d19d4a2e9eb0ce3606eb48,USDC,6,0xc02aaa39b223fe8d0a0e5c4f27ead9083c756cc2,WETH,18,49.08254,0.0,49.08254,2116875269663013.0,,,199580,199590,2026-04-01T21:12:59+00:00
burn,0x46bd422965ec39ed0f5fb2b292b1c436b568964af951c180835f059c4a09a565#11187804,1775078507,24787404,0x46bd422965ec39ed0f5fb2b292b1c436b568964af951c180835f059c4a09a565,184,0x88e6a0c2ddd26feeb64f039a2c41296fcb3f5640,500.0,0.0,1195626835.0,,,0xd36e324e495848e91f28c4a4013641ce8b5da932,0xc36442b4a4522e871399cd717abdd847ab11fe88,0xa0b86991c6218b36c1d19d4a2e9eb0ce3606eb48,USDC,6,0xc02aaa39b223fe8d0a0e5c4f27ead9083c756cc2,WETH,18,8520.880073,0.39341140187045437,9370.061375743251,1.6908066833919398e+16,,,199550,199790,2026-04-01T21:21:47+00:00
burn,0xef21a700b91e167696a8d2756a5257a2ae43bb8eb97418d4be612edc8ce0bb9a#11187914,1775078891,24787436,0xef21a700b91e167696a8d2756a5257a2ae43bb8eb97418d4be612edc8ce0bb9a,646,0x88e6a0c2ddd26feeb64f039a2c41296fcb3f5640,500.0,0.0,202326819.0,,,0xacbc9960c499f8f5127696dcf0e0520cce2e9835,0xc36442b4a4522e871399cd717abdd847ab11fe88,0xa0b86991c6218b36c1d19d4a2e9eb0ce3606eb48,USDC,6,0xc02aaa39b223fe8d0a0e5c4f27ead9083c756cc2,WETH,18,185937.626657,0.0,185937.626657,6.190295157398767e+17,,,199590,199720,2026-04-01T21:28:11+00:00
burn,0x9415e5f3afd45f1789b92154234ce5866ccf864c5a43858e9bef830df7b64a86#11187923,1775079095,24787453,0x9415e5f3afd45f1789b92154234ce5866ccf864c5a43858e9bef830df7b64a86,868,0x88e6a0c2ddd26feeb64f039a2c41296fcb3f5640,500.0,0.0,192469331.0,,,0xacbc9960c499f8f5127696dcf0e0520cce2e9835,0xc36442b4a4522e871399cd717abdd847ab11fe88,0xa0b86991c6218b36c1d19d4a2e9eb0ce3606eb48,USDC,6,0xc02aaa39b223fe8d0a0e5c4f27ead9083c756cc2,WETH,18,187309.701149,0.0471752988461721,187411.65530024568,5875107579314396.0,,,199550,222760,2026-04-01T21:31:35+00:00
burn,0x449bb159100e2c7e61a9854631ed003fab0da717482772e1c39eaab91854d1c8#11187928,1775079215,24787463,0x449bb159100e2c7e61a9854631ed003fab0da717482772e1c39eaab91854d1c8,135,0x88e6a0c2ddd26feeb64f039a2c41296fcb3f5640,500.0,0.0,689486001.0,,,0x6cca101bd459cf402a6834d117abca78171761fd,0xc36442b4a4522e871399cd717abdd847ab11fe88,0xa0b86991c6218b36c1d19d4a2e9eb0ce3606eb48,USDC,6,0xc02aaa39b223fe8d0a0e5c4f27ead9083c756cc2,WETH,18,0.0,0.0,0.0,0.0,,,198990,200250,2026-04-01T21:33:35+00:00
burn,0x312c9c9c109ba3e04cf03550405d0d2ee827aa44e762cd7a483dfe6e92cbce0f#11187939,1775079263,24787467,0x312c9c9c109ba3e04cf03550405d0d2ee827aa44e762cd7a483dfe6e92cbce0f,245,0x88e6a0c2ddd26feeb64f039a2c41296fcb3f5640,500.0,0.0,680571136.0,,,0x6cca101bd459cf402a6834d117abca78171761fd,0xc36442b4a4522e871399cd717abdd847ab11fe88,0xa0b86991c6218b36c1d19d4a2e9eb0ce3606eb48,USDC,6,0xc02aaa39b223fe8d0a0e5c4f27ead9083c756cc2,WETH,18,45.621511,0.016782722139188525,81.89193711584274,28412961460682.0,,,198990,200250,2026-04-01T21:34:23+00:00
burn,0xc3b22326b9006d28a7e42157ce1d373f02ef997ec7a9650e270264c74019ebaa#11187972,1775079563,24787492,0xc3b22326b9006d28a7e42157ce1d373f02ef997ec7a9650e270264c74019ebaa,108,0x88e6a0c2ddd26feeb64f039a2c41296fcb3f5640,500.0,0.0,146092326.0,,,0xce3f3b7e47f60e2ff0e599f6c48b26a8e973a1ab,0xc36442b4a4522e871399cd717abdd847ab11fe88,0xa0b86991c6218b36c1d19d4a2e9eb0ce3606eb48,USDC,6,0xc02aaa39b223fe8d0a0e5c4f27ead9083c756cc2,WETH,18,0.0,0.0,0.0,0.0,,,198700,202540,2026-04-01T21:39:23+00:00
burn,0xecfadeb285108e9ba8f5b1359e1060143e5a67fc0c10e0672aec491aa0c37a64#11188061,1775080055,24787533,0xecfadeb285108e9ba8f5b1359e1060143e5a67fc0c10e0672aec491aa0c37a64,418,0x88e6a0c2ddd26feeb64f039a2c41296fcb3f5640,500.0,0.0,234163733.0,,,0xa9959a6ebf59d1805e3992a11eaaef2c6a780962,0xc36442b4a4522e871399cd717abdd847ab11fe88,0xa0b86991c6218b36c1d19d4a2e9eb0ce3606eb48,USDC,6,0xc02aaa39b223fe8d0a0e5c4f27ead9083c756cc2,WETH,18,0.0,0.0,0.0,0.0,,,199560,200870,2026-04-01T21:47:35+00:00
burn,0xe98d8250dbfccd5b5959db4ac2a5611c121c67406db3df5721055fd28d2f547b#11188602,1775081591,24787661,0xe98d8250dbfccd5b5959db4ac2a5611c121c67406db3df5721055fd28d2f547b,71,0x88e6a0c2ddd26feeb64f039a2c41296fcb3f5640,500.0,0.0,556805781.0,,,0xc01961763d6b81f9901adbe2c80fd54c3fcb1a71,0xc36442b4a4522e871399cd717abdd847ab11fe88,0xa0b86991c6218b36c1d19d4a2e9eb0ce3606eb48,USDC,6,0xc02aaa39b223fe8d0a0e5c4f27ead9083c756cc2,WETH,18,0.0,0.0,0.0,0.0,,,197910,200930,2026-04-01T22:13:11+00:00
burn,0x778c753ff324adcfb5ff7ee105ea3a3a53f250b550a77016ed391c2ace08e7e3#11188604,1775081627,24787664,0x778c753ff324adcfb5ff7ee105ea3a3a53f250b550a77016ed391c2ace08e7e3,76,0x88e6a0c2ddd26feeb64f039a2c41296fcb3f5640,500.0,0.0,377694376.0,,,0xc01961763d6b81f9901adbe2c80fd54c3fcb1a71,0xc36442b4a4522e871399cd717abdd847ab11fe88,0xa0b86991c6218b36c1d19d4a2e9eb0ce3606eb48,USDC,6,0xc02aaa39b223fe8d0a0e5c4f27ead9083c756cc2,WETH,18,6000.292404,3.4283578098095298,13390.402649327823,1983734583069882.0,,,197910,200930,2026-04-01T22:13:47+00:00
burn,0x136a8f9d12cda6cf38070ac56b41b8f9b1ebda79cf7c588b4618670fbdb7363e#11188669,1775082887,24787769,0x136a8f9d12cda6cf38070ac56b41b8f9b1ebda79cf7c588b4618670fbdb7363e,64,0x88e6a0c2ddd26feeb64f039a2c41296fcb3f5640,500.0,0.0,136435122.0,,,0x82c1b84b9892e33852f57c23ba1b0393b9b96bec,0xc36442b4a4522e871399cd717abdd847ab11fe88,0xa0b86991c6218b36c1d19d4a2e9eb0ce3606eb48,USDC,6,0xc02aaa39b223fe8d0a0e5c4f27ead9083c756cc2,WETH,18,49.082539,0.0,49.082539,2120052763056384.0,,,199610,199620,2026-04-01T22:34:47+00:00
burn,0x003f1c18382de564502cddae3d3b566ccf78910429c46f5d4d54358b9acd09f4#11188679,1775083019,24787780,0x003f1c18382de564502cddae3d3b566ccf78910429c46f5d4d54358b9acd09f4,619,0x88e6a0c2ddd26feeb64f039a2c41296fcb3f5640,500.0,0.0,134295423.0,,,0x82c1b84b9892e33852f57c23ba1b0393b9b96bec,0xc36442b4a4522e871399cd717abdd847ab11fe88,0xa0b86991c6218b36c1d19d4a2e9eb0ce3606eb48,USDC,6,0xc02aaa39b223fe8d0a0e5c4f27ead9083c756cc2,WETH,18,49.082538,0.0,49.082538,2121112958249166.0,,,199620,199630,2026-04-01T22:36:59+00:00
burn,0x19e8c87fc61e1891ad492dfc7c16fca805b6c76651ef562a3166c711245facc8#11188689,1775083139,24787790,0x19e8c87fc61e1891ad492dfc7c16fca805b6c76651ef562a3166c711245facc8,252,0x88e6a0c2ddd26feeb64f039a2c41296fcb3f5640,500.0,0.0,130161399.0,,,0x82c1b84b9892e33852f57c23ba1b0393b9b96bec,0xc36442b4a4522e871399cd717abdd847ab11fe88,0xa0b86991c6218b36c1d19d4a2e9eb0ce3606eb48,USDC,6,0xc02aaa39b223fe8d0a0e5c4f27ead9083c756cc2,WETH,18,49.082537,0.0,49.082537,2121112915033941.0,,,199620,199630,2026-04-01T22:38:59+00:00
burn,0xfa1b8ba4e8bc3699b6533a9a0f37640952efac710e3268f4c1031dd2c8029728#11188692,1775083187,24787794,0xfa1b8ba4e8bc3699b6533a9a0f37640952efac710e3268f4c1031dd2c8029728,249,0x88e6a0c2ddd26feeb64f039a2c41296fcb3f5640,500.0,0.0,140148251.0,,,0x82c1b84b9892e33852f57c23ba1b0393b9b96bec,0xc36442b4a4522e871399cd717abdd847ab11fe88,0xa0b86991c6218b36c1d19d4a2e9eb0ce3606eb48,USDC,6,0xc02aaa39b223fe8d0a0e5c4f27ead9083c756cc2,WETH,18,49.082536,0.0,49.082536,2121112871818716.0,,,199620,199630,2026-04-01T22:39:47+00:00
burn,0xd3055c2d45f3a125eac7f87e08a9f7cace6c74dc0f6fd33279784b27a35ccfe9#11188698,1775083271,24787801,0xd3055c2d45f3a125eac7f87e08a9f7cace6c74dc0f6fd33279784b27a35ccfe9,526,0x88e6a0c2ddd26feeb64f039a2c41296fcb3f5640,500.0,0.0,141614456.0,,,0x82c1b84b9892e33852f57c23ba1b0393b9b96bec,0xc36442b4a4522e871399cd717abdd847ab11fe88,0xa0b86991c6218b36c1d19d4a2e9eb0ce3606eb48,USDC,6,0xc02aaa39b223fe8d0a0e5c4f27ead9083c756cc2,WETH,18,49.082535,0.0,49.082535,2121112828603491.0,,,199620,199630,2026-04-01T22:41:11+00:00
burn,0x6faad0535117f0b037401ff6ff6ff20bd3c5b67b265a8bd831e5ede24345c993#11188719,1775083571,24787826,0x6faad0535117f0b037401ff6ff6ff20bd3c5b67b265a8bd831e5ede24345c993,303,0x88e6a0c2ddd26feeb64f039a2c41296fcb3f5640,500.0,0.0,151135616.0,,,0x82c1b84b9892e33852f57c23ba1b0393b9b96bec,0xc36442b4a4522e871399cd717abdd847ab11fe88,0xa0b86991c6218b36c1d19d4a2e9eb0ce3606eb48,USDC,6,0xc02aaa39b223fe8d0a0e5c4f27ead9083c756cc2,WETH,18,49.082534,0.0,49.082534,2120052547088266.0,,,199610,199620,2026-04-01T22:46:11+00:00
burn,0xfbcc25b37c69b6fc6183aa9097fba7bfbd37e2e2d8876775948081bbf1258ab7#11188721,1775083595,24787828,0xfbcc25b37c69b6fc6183aa9097fba7bfbd37e2e2d8876775948081bbf1258ab7,220,0x88e6a0c2ddd26feeb64f039a2c41296fcb3f5640,500.0,0.0,150378648.0,,,0x82c1b84b9892e33852f57c23ba1b0393b9b96bec,0xc36442b4a4522e871399cd717abdd847ab11fe88,0xa0b86991c6218b36c1d19d4a2e9eb0ce3606eb48,USDC,6,0xc02aaa39b223fe8d0a0e5c4f27ead9083c756cc2,WETH,18,49.082533,0.0,49.082533,2120052503894642.0,,,199610,199620,2026-04-01T22:46:35+00:00
burn,0x58650500ac86548bacbd1a2f003796499f6a9fbb035e3cc300fb9fa433d0f391#11188753,1775084279,24787884,0x58650500ac86548bacbd1a2f003796499f6a9fbb035e3cc300fb9fa433d0f391,294,0x88e6a0c2ddd26feeb64f039a2c41296fcb3f5640,500.0,0.0,149971649.0,,,0x82c1b84b9892e33852f57c23ba1b0393b9b96bec,0xc36442b4a4522e871399cd717abdd847ab11fe88,0xa0b86991c6218b36c1d19d4a2e9eb0ce3606eb48,USDC,6,0xc02aaa39b223fe8d0a0e5c4f27ead9083c756cc2,WETH,18,49.082532,0.0,49.082532,2123234766412067.0,,,199640,199650,2026-04-01T22:57:59+00:00
burn,0xec53b10be13cd02e6c1434397c59e6f3a5e8706f9688f5e6b71bd9f1e45f8419#11188766,1775084411,24787895,0xec53b10be13cd02e6c1434397c59e6f3a5e8706f9688f5e6b71bd9f1e45f8419,512,0x88e6a0c2ddd26feeb64f039a2c41296fcb3f5640,500.0,0.0,115647175.0,,,0x82c1b84b9892e33852f57c23ba1b0393b9b96bec,0xc36442b4a4522e871399cd717abdd847ab11fe88,0xa0b86991c6218b36c1d19d4a2e9eb0ce3606eb48,USDC,6,0xc02aaa39b223fe8d0a0e5c4f27ead9083c756cc2,WETH,18,49.082531,0.0,49.082531,2123234723153608.0,,,199640,199650,2026-04-01T23:00:11+00:00
burn,0x52e5925b34737b95021904b38a3874d0950998e46e404f844ecbabb76c64530a#11188769,1775084483,24787901,0x52e5925b34737b95021904b38a3874d0950998e46e404f844ecbabb76c64530a,785,0x88e6a0c2ddd26feeb64f039a2c41296fcb3f5640,500.0,0.0,144514860.0,,,0x82c1b84b9892e33852f57c23ba1b0393b9b96bec,0xc36442b4a4522e871399cd717abdd847ab11fe88,0xa0b86991c6218b36c1d19d4a2e9eb0ce3606eb48,USDC,6,0xc02aaa39b223fe8d0a0e5c4f27ead9083c756cc2,WETH,18,49.08253,0.0,49.08253,2123234679895148.0,,,199640,199650,2026-04-01T23:01:23+00:00
burn,0x30bb7f65e107b7b189ff4eaca01153ce68d5aeb7afee3631380c5e9183b4dc3d#11188771,1775084507,24787903,0x30bb7f65e107b7b189ff4eaca01153ce68d5aeb7afee3631380c5e9183b4dc3d,599,0x88e6a0c2ddd26feeb64f039a2c41296fcb3f5640,500.0,0.0,144343883.0,,,0x82c1b84b9892e33852f57c23ba1b0393b9b96bec,0xc36442b4a4522e871399cd717abdd847ab11fe88,0xa0b86991c6218b36c1d19d4a2e9eb0ce3606eb48,USDC,6,0xc02aaa39b223fe8d0a0e5c4f27ead9083c756cc2,WETH,18,49.082529,0.0,49.082529,2123234636636688.0,,,199640,199650,2026-04-01T23:01:47+00:00
burn,0x3f75cd8f18d7aa1dd28330473f2d2f51c7de42f9a4fd86687ded6f1694d96d46#11188778,1775084639,24787914,0x3f75cd8f18d7aa1dd28330473f2d2f51c7de42f9a4fd86687ded6f1694d96d46,245,0x88e6a0c2ddd26feeb64f039a2c41296fcb3f5640,500.0,0.0,2095959458.0,,,0x8c2db7fe64e701510662787330aed826a19a22c2,0xc36442b4a4522e871399cd717abdd847ab11fe88,0xa0b86991c6218b36c1d19d4a2e9eb0ce3606eb48,USDC,6,0xc02aaa39b223fe8d0a0e5c4f27ead9083c756cc2,WETH,18,0.0,0.0,0.0,0.0,,,198730,200650,2026-04-01T23:03:59+00:00
burn,0x7f269d7ced5566ef0a486e1742cf6995a579be863ce16a912d3264e0953aa9e2#11188796,1775085059,24787949,0x7f269d7ced5566ef0a486e1742cf6995a579be863ce16a912d3264e0953aa9e2,1270,0x88e6a0c2ddd26feeb64f039a2c41296fcb3f5640,500.0,0.0,208737391.0,,,0xfe2311e29f03ecb5360b86ca6e412cd4903ca924,0xc36442b4a4522e871399cd717abdd847ab11fe88,0xa0b86991c6218b36c1d19d4a2e9eb0ce3606eb48,USDC,6,0xc02aaa39b223fe8d0a0e5c4f27ead9083c756cc2,WETH,18,455.333314,0.0,455.333314,1172631415164152.0,,,199800,199970,2026-04-01T23:10:59+00:00
burn,0xed06a1a2127d949fac43a5c9e4b1610be2fa98dfbafe746dc0952720a1e7c078#11188803,1775085299,24787969,0xed06a1a2127d949fac43a5c9e4b1610be2fa98dfbafe746dc0952720a1e7c078,497,0x88e6a0c2ddd26feeb64f039a2c41296fcb3f5640,500.0,0.0,120611784.0,,,0x82c1b84b9892e33852f57c23ba1b0393b9b96bec,0xc36442b4a4522e871399cd717abdd847ab11fe88,0xa0b86991c6218b36c1d19d4a2e9eb0ce3606eb48,USDC,6,0xc02aaa39b223fe8d0a0e5c4f27ead9083c756cc2,WETH,18,49.082528,0.0,49.082528,2122173294492431.0,,,199630,199640,2026-04-01T23:14:59+00:00
burn,0x073b8c1430e1c392f17ce10281dfd7044ea2bfde7e220109565601f83a3db5e4#11188805,1775085311,24787970,0x073b8c1430e1c392f17ce10281dfd7044ea2bfde7e220109565601f83a3db5e4,426,0x88e6a0c2ddd26feeb64f039a2c41296fcb3f5640,500.0,0.0,213019392.0,,,0xfe2311e29f03ecb5360b86ca6e412cd4903ca924,0xc36442b4a4522e871399cd717abdd847ab11fe88,0xa0b86991c6218b36c1d19d4a2e9eb0ce3606eb48,USDC,6,0xc02aaa39b223fe8d0a0e5c4f27ead9083c756cc2,WETH,18,521.612298,0.0,521.612298,783140795490925.0,,,199630,199920,2026-04-01T23:15:11+00:00
burn,0x18bc394fff52fa1075e4bc1f0fb54ae1b1debc6f5487c966ab87b300912ef477#11188823,1775085611,24787995,0x18bc394fff52fa1075e4bc1f0fb54ae1b1debc6f5487c966ab87b300912ef477,232,0x88e6a0c2ddd26feeb64f039a2c41296fcb3f5640,500.0,0.0,204747818.0,,,0xfe2311e29f03ecb5360b86ca6e412cd4903ca924,0xc36442b4a4522e871399cd717abdd847ab11fe88,0xa0b86991c6218b36c1d19d4a2e9eb0ce3606eb48,USDC,6,0xc02aaa39b223fe8d0a0e5c4f27ead9083c756cc2,WETH,18,0.0,0.08999999999999972,192.99791633420026,264745511387172.0,,,199130,199450,2026-04-01T23:20:11+00:00
burn,0x0fe6af8b58db374f9fbd3f1a9cad7a1c0e03c15246bea88ddedeabb4f9ce72ea#11188824,1775085623,24787996,0x0fe6af8b58db374f9fbd3f1a9cad7a1c0e03c15246bea88ddedeabb4f9ce72ea,317,0x88e6a0c2ddd26feeb64f039a2c41296fcb3f5640,500.0,0.0,120663163.0,,,0x82c1b84b9892e33852f57c23ba1b0393b9b96bec,0xc36442b4a4522e871399cd717abdd847ab11fe88,0xa0b86991c6218b36c1d19d4a2e9eb0ce3606eb48,USDC,6,0xc02aaa39b223fe8d0a0e5c4f27ead9083c756cc2,WETH,18,49.082527,0.0,49.082527,2123234550119769.0,,,199640,199650,2026-04-01T23:20:23+00:00
burn,0x0897c5cdadecf6460c07226f8fb91f463c1a7f8db6f95b077c838a078648dd86#11188826,1775085767,24788008,0x0897c5cdadecf6460c07226f8fb91f463c1a7f8db6f95b077c838a078648dd86,233,0x88e6a0c2ddd26feeb64f039a2c41296fcb3f5640,500.0,0.0,117372990.0,,,0x82c1b84b9892e33852f57c23ba1b0393b9b96bec,0xc36442b4a4522e871399cd717abdd847ab11fe88,0xa0b86991c6218b36c1d19d4a2e9eb0ce3606eb48,USDC,6,0xc02aaa39b223fe8d0a0e5c4f27ead9083c756cc2,WETH,18,49.082526,0.0,49.082526,2123234506861310.0,,,199640,199650,2026-04-01T23:22:47+00:00
burn,0x1383a7dcd147a5a821bbd2fa22e9c9b5f3940302da37095795b7b32025d73ed8#11188833,1775085911,24788020,0x1383a7dcd147a5a821bbd2fa22e9c9b5f3940302da37095795b7b32025d73ed8,1038,0x88e6a0c2ddd26feeb64f039a2c41296fcb3f5640,500.0,0.0,110749708.0,,,0x82c1b84b9892e33852f57c23ba1b0393b9b96bec,0xc36442b4a4522e871399cd717abdd847ab11fe88,0xa0b86991c6218b36c1d19d4a2e9eb0ce3606eb48,USDC,6,0xc02aaa39b223fe8d0a0e5c4f27ead9083c756cc2,WETH,18,49.082525,0.0,49.082525,2123234463602850.0,,,199640,199650,2026-04-01T23:25:11+00:00
burn,0x1a9890c8eca3d2a113945ab692f2ac6a424690551146827ed01dbb096abb3fde#11188835,1775085935,24788022,0x1a9890c8eca3d2a113945ab692f2ac6a424690551146827ed01dbb096abb3fde,75,0x88e6a0c2ddd26feeb64f039a2c41296fcb3f5640,500.0,0.0,119897983.0,,,0x82c1b84b9892e33852f57c23ba1b0393b9b96bec,0xc36442b4a4522e871399cd717abdd847ab11fe88,0xa0b86991c6218b36c1d19d4a2e9eb0ce3606eb48,USDC,6,0xc02aaa39b223fe8d0a0e5c4f27ead9083c756cc2,WETH,18,49.082524,0.0,49.082524,2123234420344391.0,,,199640,199650,2026-04-01T23:25:35+00:00
burn,0x1e463279daf219be14ee4e161d50c9df68a08114a9372b5695c57203169b08e1#11188842,1775086019,24788029,0x1e463279daf219be14ee4e161d50c9df68a08114a9372b5695c57203169b08e1,272,0x88e6a0c2ddd26feeb64f039a2c41296fcb3f5640,500.0,0.0,118942262.0,,,0x82c1b84b9892e33852f57c23ba1b0393b9b96bec,0xc36442b4a4522e871399cd717abdd847ab11fe88,0xa0b86991c6218b36c1d19d4a2e9eb0ce3606eb48,USDC,6,0xc02aaa39b223fe8d0a0e5c4f27ead9083c756cc2,WETH,18,49.082523,0.0,49.082523,2123234377085931.0,,,199640,199650,2026-04-01T23:26:59+00:00
burn,0xb2ee4a52859b346bdedda5afe1e5342ad350af29accc1a4747c2b663b5f47b67#11188847,1775086175,24788041,0xb2ee4a52859b346bdedda5afe1e5342ad350af29accc1a4747c2b663b5f47b67,526,0x88e6a0c2ddd26feeb64f039a2c41296fcb3f5640,500.0,0.0,117242864.0,,,0x82c1b84b9892e33852f57c23ba1b0393b9b96bec,0xc36442b4a4522e871399cd717abdd847ab11fe88,0xa0b86991c6218b36c1d19d4a2e9eb0ce3606eb48,USDC,6,0xc02aaa39b223fe8d0a0e5c4f27ead9083c756cc2,WETH,18,49.082522,0.0,49.082522,2123234333827472.0,,,199640,199650,2026-04-01T23:29:35+00:00
burn,0xa1da10dae6f59a160612868cf1afad82f4b6183764df033402e12cf001acfe29#11188878,1775086703,24788084,0xa1da10dae6f59a160612868cf1afad82f4b6183764df033402e12cf001acfe29,1729,0x88e6a0c2ddd26feeb64f039a2c41296fcb3f5640,500.0,0.0,1095632697.0,,,0xac2507396798051a52e02b6e596c24b8ca6a55bb,0xc36442b4a4522e871399cd717abdd847ab11fe88,0xa0b86991c6218b36c1d19d4a2e9eb0ce3606eb48,USDC,6,0xc02aaa39b223fe8d0a0e5c4f27ead9083c756cc2,WETH,18,0.0,0.0,0.0,0.0,,,199850,201140,2026-04-01T23:38:23+00:00
burn,0x5ff07fe6fd83521fbd6f69dc42702832b2e0e4c27500c474763b6b15a7610522#11188886,1775086919,24788102,0x5ff07fe6fd83521fbd6f69dc42702832b2e0e4c27500c474763b6b15a7610522,636,0x88e6a0c2ddd26feeb64f039a2c41296fcb3f5640,500.0,0.0,116169849.0,,,0x82c1b84b9892e33852f57c23ba1b0393b9b96bec,0xc36442b4a4522e871399cd717abdd847ab11fe88,0xa0b86991c6218b36c1d19d4a2e9eb0ce3606eb48,USDC,6,0xc02aaa39b223fe8d0a0e5c4f27ead9083c756cc2,WETH,18,49.082521,0.0,49.082521,2122172991834573.0,,,199630,199640,2026-04-01T23:41:59+00:00
burn,0x9201da052349d4d8c8eb7a8240373c3a6cfec99649558d0ce4ccd81b5ab84356#11188890,1775086967,24788106,0x9201da052349d4d8c8eb7a8240373c3a6cfec99649558d0ce4ccd81b5ab84356,82,0x88e6a0c2ddd26feeb64f039a2c41296fcb3f5640,500.0,0.0,113450076.0,,,0x82c1b84b9892e33852f57c23ba1b0393b9b96bec,0xc36442b4a4522e871399cd717abdd847ab11fe88,0xa0b86991c6218b36c1d19d4a2e9eb0ce3606eb48,USDC,6,0xc02aaa39b223fe8d0a0e5c4f27ead9083c756cc2,WETH,18,49.08252,0.0,49.08252,2122172948597736.0,,,199630,199640,2026-04-01T23:42:47+00:00
burn,0x4ac584f9679a5e3b0806b1a0596831f037d927b4e77fc65172c3f58f1940a5b8#11188892,1775086991,24788108,0x4ac584f9679a5e3b0806b1a0596831f037d927b4e77fc65172c3f58f1940a5b8,308,0x88e6a0c2ddd26feeb64f039a2c41296fcb3f5640,500.0,0.0,119561836.0,,,0x82c1b84b9892e33852f57c23ba1b0393b9b96bec,0xc36442b4a4522e871399cd717abdd847ab11fe88,0xa0b86991c6218b36c1d19d4a2e9eb0ce3606eb48,USDC,6,0xc02aaa39b223fe8d0a0e5c4f27ead9083c756cc2,WETH,18,49.082519,0.0,49.082519,2122172905360900.0,,,199630,199640,2026-04-01T23:43:11+00:00
burn,0x45ce6690bfa2073a0634ad30305e7a79affba0191238c3c6adb8163123e4d3d3#11188901,1775087195,24788125,0x45ce6690bfa2073a0634ad30305e7a79affba0191238c3c6adb8163123e4d3d3,665,0x88e6a0c2ddd26feeb64f039a2c41296fcb3f5640,500.0,0.0,107590962.0,,,0x82c1b84b9892e33852f57c23ba1b0393b9b96bec,0xc36442b4a4522e871399cd717abdd847ab11fe88,0xa0b86991c6218b36c1d19d4a2e9eb0ce3606eb48,USDC,6,0xc02aaa39b223fe8d0a0e5c4f27ead9083c756cc2,WETH,18,49.082518,0.0,49.082518,2122172862124063.0,,,199630,199640,2026-04-01T23:46:35+00:00
burn,0x7e11e53963541ff4b71f9809dd15c2b11375a1bfcda9fc65042de1dbfc188b2c#11188904,1775087279,24788132,0x7e11e53963541ff4b71f9809dd15c2b11375a1bfcda9fc65042de1dbfc188b2c,1192,0x88e6a0c2ddd26feeb64f039a2c41296fcb3f5640,500.0,0.0,99812704.0,,,0x82c1b84b9892e33852f57c23ba1b0393b9b96bec,0xc36442b4a4522e871399cd717abdd847ab11fe88,0xa0b86991c6218b36c1d19d4a2e9eb0ce3606eb48,USDC,6,0xc02aaa39b223fe8d0a0e5c4f27ead9083c756cc2,WETH,18,49.082517,0.0,49.082517,2122172818887226.0,,,199630,199640,2026-04-01T23:47:59+00:00
burn,0xd2f481237a660d907c05bb6a68e6648a094fca32275ad4c9a2fb8c370fe30b7c#11188906,1775087315,24788135,0xd2f481237a660d907c05bb6a68e6648a094fca32275ad4c9a2fb8c370fe30b7c,408,0x88e6a0c2ddd26feeb64f039a2c41296fcb3f5640,500.0,0.0,107033166.0,,,0x82c1b84b9892e33852f57c23ba1b0393b9b96bec,0xc36442b4a4522e871399cd717abdd847ab11fe88,0xa0b86991c6218b36c1d19d4a2e9eb0ce3606eb48,USDC,6,0xc02aaa39b223fe8d0a0e5c4f27ead9083c756cc2,WETH,18,49.082516,0.0,49.082516,2122172775650389.0,,,199630,199640,2026-04-01T23:48:35+00:00
burn,0x2ea7aa26aadbb0056e50dfba3143acd77f0d2808b11029ab33805ac085ad6767#11188908,1775087351,24788138,0x2ea7aa26aadbb0056e50dfba3143acd77f0d2808b11029ab33805ac085ad6767,611,0x88e6a0c2ddd26feeb64f039a2c41296fcb3f5640,500.0,0.0,106309366.0,,,0x82c1b84b9892e33852f57c23ba1b0393b9b96bec,0xc36442b4a4522e871399cd717abdd847ab11fe88,0xa0b86991c6218b36c1d19d4a2e9eb0ce3606eb48,USDC,6,0xc02aaa39b223fe8d0a0e5c4f27ead9083c756cc2,WETH,18,49.082515,0.0,49.082515,2122172732413553.0,,,199630,199640,2026-04-01T23:49:11+00:00
burn,0xdd333138a99b81745a53a8864fc2b4840913e96a0adc4429ffd2b0ff1d5811d5#11188911,1775087435,24788145,0xdd333138a99b81745a53a8864fc2b4840913e96a0adc4429ffd2b0ff1d5811d5,286,0x88e6a0c2ddd26feeb64f039a2c41296fcb3f5640,500.0,0.0,108300662.0,,,0x82c1b84b9892e33852f57c23ba1b0393b9b96bec,0xc36442b4a4522e871399cd717abdd847ab11fe88,0xa0b86991c6218b36c1d19d4a2e9eb0ce3606eb48,USDC,6,0xc02aaa39b223fe8d0a0e5c4f27ead9083c756cc2,WETH,18,49.082514,0.0,49.082514,2122172689176716.0,,,199630,199640,2026-04-01T23:50:35+00:00
burn,0x4716eacba4e217835d56e9634090ce6173bfa3b1ec925cefa2126270a35c1f82#11188921,1775087507,24788151,0x4716eacba4e217835d56e9634090ce6173bfa3b1ec925cefa2126270a35c1f82,703,0x88e6a0c2ddd26feeb64f039a2c41296fcb3f5640,500.0,0.0,112842882.0,,,0x82c1b84b9892e33852f57c23ba1b0393b9b96bec,0xc36442b4a4522e871399cd717abdd847ab11fe88,0xa0b86991c6218b36c1d19d4a2e9eb0ce3606eb48,USDC,6,0xc02aaa39b223fe8d0a0e5c4f27ead9083c756cc2,WETH,18,49.082513,0.0,49.082513,2123233944501336.0,,,199640,199650,2026-04-01T23:51:47+00:00
burn,0x0fbf4e13edac9ff060851267c06bafe3c997592c56245baad6135b1a549d3e34#11188924,1775087531,24788153,0x0fbf4e13edac9ff060851267c06bafe3c997592c56245baad6135b1a549d3e34,540,0x88e6a0c2ddd26feeb64f039a2c41296fcb3f5640,500.0,0.0,116896223.0,,,0x82c1b84b9892e33852f57c23ba1b0393b9b96bec,0xc36442b4a4522e871399cd717abdd847ab11fe88,0xa0b86991c6218b36c1d19d4a2e9eb0ce3606eb48,USDC,6,0xc02aaa39b223fe8d0a0e5c4f27ead9083c756cc2,WETH,18,49.082512,0.0,49.082512,2123233901242877.0,,,199640,199650,2026-04-01T23:52:11+00:00
burn,0x24c0064f943628ca776c3e76473caaf40eb59d7c7c0aad23d4e0ab67a36bd27e#11188926,1775087555,24788155,0x24c0064f943628ca776c3e76473caaf40eb59d7c7c0aad23d4e0ab67a36bd27e,234,0x88e6a0c2ddd26feeb64f039a2c41296fcb3f5640,500.0,0.0,113878652.0,,,0x82c1b84b9892e33852f57c23ba1b0393b9b96bec,0xc36442b4a4522e871399cd717abdd847ab11fe88,0xa0b86991c6218b36c1d19d4a2e9eb0ce3606eb48,USDC,6,0xc02aaa39b223fe8d0a0e5c4f27ead9083c756cc2,WETH,18,49.082511,0.0,49.082511,2123233857984417.0,,,199640,199650,2026-04-01T23:52:35+00:00
burn,0x11ebff80873f5816e84e3374686a60e1b5dd2d524ae33c57cfbb8c0830a4d851#11188928,1775087591,24788158,0x11ebff80873f5816e84e3374686a60e1b5dd2d524ae33c57cfbb8c0830a4d851,459,0x88e6a0c2ddd26feeb64f039a2c41296fcb3f5640,500.0,0.0,110798927.0,,,0x82c1b84b9892e33852f57c23ba1b0393b9b96bec,0xc36442b4a4522e871399cd717abdd847ab11fe88,0xa0b86991c6218b36c1d19d4a2e9eb0ce3606eb48,USDC,6,0xc02aaa39b223fe8d0a0e5c4f27ead9083c756cc2,WETH,18,49.08251,0.0,49.08251,2123233814725958.0,,,199640,199650,2026-04-01T23:53:11+00:00
burn,0xbecfd6881ca559d20a1794ac0e4d56650e049f59b95476598f10e6b8bd7d793f#11188930,1775087615,24788160,0xbecfd6881ca559d20a1794ac0e4d56650e049f59b95476598f10e6b8bd7d793f,959,0x88e6a0c2ddd26feeb64f039a2c41296fcb3f5640,500.0,0.0,193395265.0,,,0x57d8ac9436668f745b7f7a339c84fbc88e37919d,0xc36442b4a4522e871399cd717abdd847ab11fe88,0xa0b86991c6218b36c1d19d4a2e9eb0ce3606eb48,USDC,6,0xc02aaa39b223fe8d0a0e5c4f27ead9083c756cc2,WETH,18,0.0,0.0,0.0,0.0,,,198420,203180,2026-04-01T23:53:35+00:00
burn,0x84e6633842c2a53716ade1d0871fa3e077032c9aa4c55f1b36814cb98c8ef7a3#11188933,1775087663,24788164,0x84e6633842c2a53716ade1d0871fa3e077032c9aa4c55f1b36814cb98c8ef7a3,415,0x88e6a0c2ddd26feeb64f039a2c41296fcb3f5640,500.0,0.0,102302107.0,,,0x82c1b84b9892e33852f57c23ba1b0393b9b96bec,0xc36442b4a4522e871399cd717abdd847ab11fe88,0xa0b86991c6218b36c1d19d4a2e9eb0ce3606eb48,USDC,6,0xc02aaa39b223fe8d0a0e5c4f27ead9083c756cc2,WETH,18,49.082509,0.0,49.082509,2123233771467498.0,,,199640,199650,2026-04-01T23:54:23+00:00
burn,0x63c596babaf7fab9546735ab19ffb2a4e44dbc36fb99b349e73c9cf2210a3601#11188945,1775087999,24788192,0x63c596babaf7fab9546735ab19ffb2a4e44dbc36fb99b349e73c9cf2210a3601,745,0x88e6a0c2ddd26feeb64f039a2c41296fcb3f5640,500.0,0.0,111662174.0,,,0x82c1b84b9892e33852f57c23ba1b0393b9b96bec,0xc36442b4a4522e871399cd717abdd847ab11fe88,0xa0b86991c6218b36c1d19d4a2e9eb0ce3606eb48,USDC,6,0xc02aaa39b223fe8d0a0e5c4f27ead9083c756cc2,WETH,18,49.082508,0.0,49.082508,2123233728209039.0,,,199640,199650,2026-04-01T23:59:59+00:00
