event_type,id,timestamp,block_number,tx_hash,log_index,pool,fee_tier,gas_used,gas_price_wei,sender,recipient,origin,owner,token0,token0_symbol,token0_decimals,token1,token1_symbol,token1_decimals,amount0,amount1,amount_usd,liquidity_amount,sqrt_price_x96,tick,tick_lower,tick_upper,datetime_utc
mint,0x44874368c1ebcd4587051c0ebfcfd7f784593c65a7bf7987f80670e002970bc0#11182031,1775003687,24781200,0x44874368c1ebcd4587051c0ebfcfd7f784593c65a7bf7987f80670e002970bc0,107,0x88e6a0c2ddd26feeb64f039a2c41296fcb3f5640,500.0,0.0,2136135692.0,0xc36442b4a4522e871399cd717abdd847ab11fe88,,0xcf05d24c452ecb7d3b9893d5db60ee1bf8befdd8,0xc36442b4a4522e871399cd717abdd847ab11fe88,0xa0b86991c6218b36c1d19d4a2e9eb0ce3606eb48,USDC,6,0xc02aaa39b223fe8d0a0e5c4f27ead9083c756cc2,WETH,18,376.709685,0.18862430348307904,772.9357447262487,74427552833383.0,,,197370,202180,2026-04-01T00:34:47+00:00
mint,0x2dc019e9da44e9b21fbccac8fc25d1a69e5ab7095d8b3695a6ca220756effb10#11182154,1775005319,24781336,0x2dc019e9da44e9b21fbccac8fc25d1a69e5ab7095d8b3695a6ca220756effb10,308,0x88e6a0c2ddd26feeb64f039a2c41296fcb3f5640,500.0,0.0,2111162809.0,0xc36442b4a4522e871399cd717abdd847ab11fe88,,0xb0ae3d91c4f58b5c6eedd4ddacbb24d0e6654927,0xc36442b4a4522e871399cd717abdd847ab11fe88,0xa0b86991c6218b36c1d19d4a2e9eb0ce3606eb48,USDC,6,0xc02aaa39b223fe8d0a0e5c4f27ead9083c756cc2,WETH,18,1063.120364,0.5313245973079771,2183.1020469864347,963004326021791.0,,,199260,200260,2026-04-01T01:01:59+00:00
mint,0xdf898c6fbee7584414bdadc6272727445f99c4dcfe5660c08c24ee89772d93f1#11182391,1775008523,24781603,0xdf898c6fbee7584414bdadc6272727445f99c4dcfe5660c08c24ee89772d93f1,115,0x88e6a0c2ddd26feeb64f039a2c41296fcb3f5640,500.0,0.0,3708124276.0,0xc36442b4a4522e871399cd717abdd847ab11fe88,,0x98e9e70353a4e36a563ee9ae89887d8be18d70fa,0xc36442b4a4522e871399cd717abdd847ab11fe88,0xa0b86991c6218b36c1d19d4a2e9eb0ce3606eb48,USDC,6,0xc02aaa39b223fe8d0a0e5c4f27ead9083c756cc2,WETH,18,99.99708,0.04438432725125444,193.0949665665991,60869709768976.0,,,199170,200580,2026-04-01T01:55:23+00:00
mint,0xc48e84d54b74a3b779e27bf884d00889dd9340ba6366f29aa2aa678ef6379300#11182468,1775009843,24781713,0xc48e84d54b74a3b779e27bf884d00889dd9340ba6366f29aa2aa678ef6379300,371,0x88e6a0c2ddd26feeb64f039a2c41296fcb3f5640,500.0,0.0,123944297.0,0xc36442b4a4522e871399cd717abdd847ab11fe88,,0xa19fea954dcfa48b7c02b0d8d561905e61e57b5c,0xc36442b4a4522e871399cd717abdd847ab11fe88,0xa0b86991c6218b36c1d19d4a2e9eb0ce3606eb48,USDC,6,0xc02aaa39b223fe8d0a0e5c4f27ead9083c756cc2,WETH,18,237.126471,0.4653606986104438,1212.0467524382575,211324679936908.0,,,197740,200360,2026-04-01T02:17:23+00:00
mint,0xed9eda21abea1da01f44513006df1a6f95a8b2bb8d83080745861ec9fd27ecc9#11182485,1775010035,24781729,0xed9eda21abea1da01f44513006df1a6f95a8b2bb8d83080745861ec9fd27ecc9,145,0x88e6a0c2ddd26feeb64f039a2c41296fcb3f5640,500.0,0.0,267585708.0,0xc36442b4a4522e871399cd717abdd847ab11fe88,,0xeac275d8e1f820da14a10ffe8d0e81c8ab4397e8,0xc36442b4a4522e871399cd717abdd847ab11fe88,0xa0b86991c6218b36c1d19d4a2e9eb0ce3606eb48,USDC,6,0xc02aaa39b223fe8d0a0e5c4f27ead9083c756cc2,WETH,18,27.435198,0.004826864124688531,37.54737065436682,5687962079800.0,,,199060,202080,2026-04-01T02:20:35+00:00
mint,0xd0f91eb7aac23557c772e9f81b1b25970e482aee71d7fe00eeacfb9070a63ae1#11182569,1775011871,24781879,0xd0f91eb7aac23557c772e9f81b1b25970e482aee71d7fe00eeacfb9070a63ae1,604,0x88e6a0c2ddd26feeb64f039a2c41296fcb3f5640,500.0,0.0,120259537.0,0xc36442b4a4522e871399cd717abdd847ab11fe88,,0x7b258fe59b8415e14b527ceb911d48af919731b4,0xc36442b4a4522e871399cd717abdd847ab11fe88,0xa0b86991c6218b36c1d19d4a2e9eb0ce3606eb48,USDC,6,0xc02aaa39b223fe8d0a0e5c4f27ead9083c756cc2,WETH,18,44.342957,0.03451125315293981,116.41513223964368,23325762802805.0,,,198480,200730,2026-04-01T02:51:11+00:00
mint,0xf771f7a4cc26b841c841511111040f8b310afa882455cd33e8f75d260c835340#11182779,1775015519,24782181,0xf771f7a4cc26b841c841511111040f8b310afa882455cd33e8f75d260c835340,476,0x88e6a0c2ddd26feeb64f039a2c41296fcb3f5640,500.0,0.0,113419142.0,0xc36442b4a4522e871399cd717abdd847ab11fe88,,0x1f870261d8dc21c5335c4a5ecd0d403112cf7328,0xc36442b4a4522e871399cd717abdd847ab11fe88,0xa0b86991c6218b36c1d19d4a2e9eb0ce3606eb48,USDC,6,0xc02aaa39b223fe8d0a0e5c4f27ead9083c756cc2,WETH,18,73.078496,0.05222471727892744,182.68823748861746,39772116465645.0,,,198570,200630,2026-04-01T03:51:59+00:00
mint,0x25b1f28ffba957667a2ed199e2ea7f6c6be733c0dd91891945559600c66d0f9e#11182886,1775017019,24782305,0x25b1f28ffba957667a2ed199e2ea7f6c6be733c0dd91891945559600c66d0f9e,105,0x88e6a0c2ddd26feeb64f039a2c41296fcb3f5640,500.0,0.0,170281003.0,0xc36442b4a4522e871399cd717abdd847ab11fe88,,0x0321987560f96bf386850675b1d45dac8d3309d1,0xc36442b4a4522e871399cd717abdd847ab11fe88,0xa0b86991c6218b36c1d19d4a2e9eb0ce3606eb48,USDC,6,0xc02aaa39b223fe8d0a0e5c4f27ead9083c756cc2,WETH,18,18.379117,0.004884689224524087,28.631312858562953,4635131921833.0,,,198830,201630,2026-04-01T04:16:59+00:00
mint,0x1b14da5ba9fddc289fbcf828477c8cd4db5ad0210d13d1d362d03df66fefdcab#11182911,1775017343,24782332,0x1b14da5ba9fddc289fbcf828477c8cd4db5ad0210d13d1d362d03df66fefdcab,154,0x88e6a0c2ddd26feeb64f039a2c41296fcb3f5640,500.0,0.0,2131247360.0,0xc36442b4a4522e871399cd717abdd847ab11fe88,,0xc3600e99b55a4d2c23ce9aeb986a31e8b10a32c5,0xc36442b4a4522e871399cd717abdd847ab11fe88,0xa0b86991c6218b36c1d19d4a2e9eb0ce3606eb48,USDC,6,0xc02aaa39b223fe8d0a0e5c4f27ead9083c756cc2,WETH,18,102.310633,0.0,102.310633,4588023576285745.0,,,200360,200370,2026-04-01T04:22:23+00:00
mint,0x1e416dab12dfeed0579764ce9f23063f711eb0d148f0ba615f2420ea9d0f9896#11182923,1775017475,24782343,0x1e416dab12dfeed0579764ce9f23063f711eb0d148f0ba615f2420ea9d0f9896,201,0x88e6a0c2ddd26feeb64f039a2c41296fcb3f5640,500.0,0.0,347368300.0,0xc36442b4a4522e871399cd717abdd847ab11fe88,,0x0919b73c616ef1d818d5b926cb7c414071361441,0xc36442b4a4522e871399cd717abdd847ab11fe88,0xa0b86991c6218b36c1d19d4a2e9eb0ce3606eb48,USDC,6,0xc02aaa39b223fe8d0a0e5c4f27ead9083c756cc2,WETH,18,434.393683,0.010971267216275268,457.45667369090603,73593251995699.0,,,199650,202540,2026-04-01T04:24:35+00:00
mint,0x5b511d191b96c0bcd7ea5de76d8a55765f7db84ad69e8d13a03ccceb9acd1537#11182992,1775018375,24782418,0x5b511d191b96c0bcd7ea5de76d8a55765f7db84ad69e8d13a03ccceb9acd1537,619,0x88e6a0c2ddd26feeb64f039a2c41296fcb3f5640,500.0,0.0,119375087.0,0xc36442b4a4522e871399cd717abdd847ab11fe88,,0xacbc9960c499f8f5127696dcf0e0520cce2e9835,0xc36442b4a4522e871399cd717abdd847ab11fe88,0xa0b86991c6218b36c1d19d4a2e9eb0ce3606eb48,USDC,6,0xc02aaa39b223fe8d0a0e5c4f27ead9083c756cc2,WETH,18,184922.436569,0.0,184922.436569,6.215259587460403e+17,,,199780,199910,2026-04-01T04:39:35+00:00
mint,0x29a1fcf2326532df7e95ad90d6160aa55f3f61d064f9f717df382e3b1471127f#11183017,1775018699,24782445,0x29a1fcf2326532df7e95ad90d6160aa55f3f61d064f9f717df382e3b1471127f,164,0x88e6a0c2ddd26feeb64f039a2c41296fcb3f5640,500.0,0.0,121236219.0,0xc36442b4a4522e871399cd717abdd847ab11fe88,,0xacbc9960c499f8f5127696dcf0e0520cce2e9835,0xc36442b4a4522e871399cd717abdd847ab11fe88,0xa0b86991c6218b36c1d19d4a2e9eb0ce3606eb48,USDC,6,0xc02aaa39b223fe8d0a0e5c4f27ead9083c756cc2,WETH,18,184922.436568,0.0,184922.436568,6.215259587426793e+17,,,199780,199910,2026-04-01T04:44:59+00:00
mint,0x2badb40cb34a51fc5e1809f3aa4cce17609f594d2d1e557bd67e12f23f3ee466#11183047,1775019131,24782481,0x2badb40cb34a51fc5e1809f3aa4cce17609f594d2d1e557bd67e12f23f3ee466,1328,0x88e6a0c2ddd26feeb64f039a2c41296fcb3f5640,500.0,0.0,108327197.0,0xc36442b4a4522e871399cd717abdd847ab11fe88,,0xacbc9960c499f8f5127696dcf0e0520cce2e9835,0xc36442b4a4522e871399cd717abdd847ab11fe88,0xa0b86991c6218b36c1d19d4a2e9eb0ce3606eb48,USDC,6,0xc02aaa39b223fe8d0a0e5c4f27ead9083c756cc2,WETH,18,184923.984748,0.0,184923.984748,5.769916581394807e+17,,,199770,199910,2026-04-01T04:52:11+00:00
mint,0x1488a28c2392c56e7f9393834030e2f46965a65d807c6063f35ff0b8edcfc17f#11183085,1775019467,24782509,0x1488a28c2392c56e7f9393834030e2f46965a65d807c6063f35ff0b8edcfc17f,1161,0x88e6a0c2ddd26feeb64f039a2c41296fcb3f5640,500.0,0.0,108180933.0,0xc36442b4a4522e871399cd717abdd847ab11fe88,,0xacbc9960c499f8f5127696dcf0e0520cce2e9835,0xc36442b4a4522e871399cd717abdd847ab11fe88,0xa0b86991c6218b36c1d19d4a2e9eb0ce3606eb48,USDC,6,0xc02aaa39b223fe8d0a0e5c4f27ead9083c756cc2,WETH,18,184923.984747,0.0,184923.984747,6.215311621861075e+17,,,199780,199910,2026-04-01T04:57:47+00:00
mint,0xb445a531989a7630ecb654cd0961c7c2160a4d063c16455d5374ef0027a0637a#11183302,1775021279,24782659,0xb445a531989a7630ecb654cd0961c7c2160a4d063c16455d5374ef0027a0637a,226,0x88e6a0c2ddd26feeb64f039a2c41296fcb3f5640,500.0,0.0,1633326410.0,0xc36442b4a4522e871399cd717abdd847ab11fe88,,0xc5f5e4e6dbd759a9ac9890de04035b792af641c3,0xc36442b4a4522e871399cd717abdd847ab11fe88,0xa0b86991c6218b36c1d19d4a2e9eb0ce3606eb48,USDC,6,0xc02aaa39b223fe8d0a0e5c4f27ead9083c756cc2,WETH,18,4496.259144,2.3412087468259153,9472.198563103848,2.940555184808368e+16,,,199620,199760,2026-04-01T05:27:59+00:00
mint,0x956931179d5214171856f823e400137f8d02d028231ac0bf81385bdad541c34e#11183312,1775021339,24782664,0x956931179d5214171856f823e400137f8d02d028231ac0bf81385bdad541c34e,353,0x88e6a0c2ddd26feeb64f039a2c41296fcb3f5640,500.0,0.0,1629551450.0,0xc36442b4a4522e871399cd717abdd847ab11fe88,,0xc5f5e4e6dbd759a9ac9890de04035b792af641c3,0xc36442b4a4522e871399cd717abdd847ab11fe88,0xa0b86991c6218b36c1d19d4a2e9eb0ce3606eb48,USDC,6,0xc02aaa39b223fe8d0a0e5c4f27ead9083c756cc2,WETH,18,227.336271,0.12181446003389439,486.2373084753124,1509487904660977.0,,,199620,199760,2026-04-01T05:28:59+00:00
mint,0x8718d546586395c552fd5da9da3cdc4a759146adad0858589b87823a3d9c83c5#11183341,1775021615,24782687,0x8718d546586395c552fd5da9da3cdc4a759146adad0858589b87823a3d9c83c5,50,0x88e6a0c2ddd26feeb64f039a2c41296fcb3f5640,500.0,0.0,2112062350.0,0xc36442b4a4522e871399cd717abdd847ab11fe88,,0xd36e324e495848e91f28c4a4013641ce8b5da932,0xc36442b4a4522e871399cd717abdd847ab11fe88,0xa0b86991c6218b36c1d19d4a2e9eb0ce3606eb48,USDC,6,0xc02aaa39b223fe8d0a0e5c4f27ead9083c756cc2,WETH,18,3643.594909,2.2907115648394165,8512.20903353499,1.5435219666901004e+16,,,199560,199800,2026-04-01T05:33:35+00:00
mint,0x5e705edfe03c9c918dc3b95c340a75db4c2c6539500bce23a283c712f5d9bc9a#11183366,1775021771,24782700,0x5e705edfe03c9c918dc3b95c340a75db4c2c6539500bce23a283c712f5d9bc9a,843,0x88e6a0c2ddd26feeb64f039a2c41296fcb3f5640,500.0,0.0,140190383.0,0xc36442b4a4522e871399cd717abdd847ab11fe88,,0xacbc9960c499f8f5127696dcf0e0520cce2e9835,0xc36442b4a4522e871399cd717abdd847ab11fe88,0xa0b86991c6218b36c1d19d4a2e9eb0ce3606eb48,USDC,6,0xc02aaa39b223fe8d0a0e5c4f27ead9083c756cc2,WETH,18,184930.441584,0.0,184930.441584,3.6645462273817235e+17,,,199690,199910,2026-04-01T05:36:11+00:00
mint,0x0d0fd8851643c6ad07d794515aa4374322ade55412b0c83cdad1a481c5b963de#11183451,1775022683,24782774,0x0d0fd8851643c6ad07d794515aa4374322ade55412b0c83cdad1a481c5b963de,138,0x88e6a0c2ddd26feeb64f039a2c41296fcb3f5640,500.0,0.0,219980020.0,0xc36442b4a4522e871399cd717abdd847ab11fe88,,0x9322c6ccbce9fcc9bdc45fe2830704907330454d,0xc36442b4a4522e871399cd717abdd847ab11fe88,0xa0b86991c6218b36c1d19d4a2e9eb0ce3606eb48,USDC,6,0xc02aaa39b223fe8d0a0e5c4f27ead9083c756cc2,WETH,18,1.021073,0.001793390908310246,4.832695848160945,304747696314.0,,,193370,201210,2026-04-01T05:51:23+00:00
mint,0x32bdb8bb4aae42becb9d113ace123634eb2bed2c287c130d4aa8ab78dfe3e329#11183512,1775023319,24782827,0x32bdb8bb4aae42becb9d113ace123634eb2bed2c287c130d4aa8ab78dfe3e329,150,0x88e6a0c2ddd26feeb64f039a2c41296fcb3f5640,500.0,0.0,372013121.0,0xaceffc3d113a13193d8862b57263a2cd6935466a,,0x5f488f12c1e9a61f75c94be7a46044c2f9d74afc,0xaceffc3d113a13193d8862b57263a2cd6935466a,0xa0b86991c6218b36c1d19d4a2e9eb0ce3606eb48,USDC,6,0xc02aaa39b223fe8d0a0e5c4f27ead9083c756cc2,WETH,18,13.740974,0.007445685098982855,29.56582479863915,45970852525999.0,,,199560,199840,2026-04-01T06:01:59+00:00
mint,0xdb0d18bab031c85c41ff9cf86a32c565c787e59a0e32d4d1f198c02d04e3efe1#11183514,1775023391,24782833,0xdb0d18bab031c85c41ff9cf86a32c565c787e59a0e32d4d1f198c02d04e3efe1,295,0x88e6a0c2ddd26feeb64f039a2c41296fcb3f5640,500.0,0.0,268310351.0,0xc36442b4a4522e871399cd717abdd847ab11fe88,,0x33e7d260a4f8ee25def48975a6910a9276e8a846,0xc36442b4a4522e871399cd717abdd847ab11fe88,0xa0b86991c6218b36c1d19d4a2e9eb0ce3606eb48,USDC,6,0xc02aaa39b223fe8d0a0e5c4f27ead9083c756cc2,WETH,18,0.393315,0.0,0.393315,244831490791.0,,,199720,200430,2026-04-01T06:03:11+00:00
mint,0x4ec83ad476c6c7a9ddf9117bcc550a7af0d4ce8ecaa3b5ef8deecb2c9cf0da16#11183629,1775024663,24782939,0x4ec83ad476c6c7a9ddf9117bcc550a7af0d4ce8ecaa3b5ef8deecb2c9cf0da16,479,0x88e6a0c2ddd26feeb64f039a2c41296fcb3f5640,500.0,0.0,126456841.0,0xc36442b4a4522e871399cd717abdd847ab11fe88,,0x33e7d260a4f8ee25def48975a6910a9276e8a846,0xc36442b4a4522e871399cd717abdd847ab11fe88,0xa0b86991c6218b36c1d19d4a2e9eb0ce3606eb48,USDC,6,0xc02aaa39b223fe8d0a0e5c4f27ead9083c756cc2,WETH,18,0.393314,0.0,0.393314,29106856087.0,,,199660,206580,2026-04-01T06:24:23+00:00
mint,0xd21ecae06e20b4d216447f2516e3cfab9cafecedc83e5100d7c961574b59cbaa#11183716,1775025587,24783016,0xd21ecae06e20b4d216447f2516e3cfab9cafecedc83e5100d7c961574b59cbaa,260,0x88e6a0c2ddd26feeb64f039a2c41296fcb3f5640,500.0,0.0,300407783.0,0xc36442b4a4522e871399cd717abdd847ab11fe88,,0xd3962c301d3a2ea59bad2398d236c8cfd7789a27,0xc36442b4a4522e871399cd717abdd847ab11fe88,0xa0b86991c6218b36c1d19d4a2e9eb0ce3606eb48,USDC,6,0xc02aaa39b223fe8d0a0e5c4f27ead9083c756cc2,WETH,18,23982.906579,11.156295070552906,47884.827391032006,5.198791538513633e+16,,,199410,199810,2026-04-01T06:39:47+00:00
mint,0x39ea55f5fe96f53fef1534f1dadd72f50932704bf02fa523489bd5f982881fc5#11183766,1775025935,24783045,0x39ea55f5fe96f53fef1534f1dadd72f50932704bf02fa523489bd5f982881fc5,470,0x88e6a0c2ddd26feeb64f039a2c41296fcb3f5640,500.0,0.0,572634552.0,0xc36442b4a4522e871399cd717abdd847ab11fe88,,0xb3fbc1bdfc96e408e2d96a5b5827fa839316b4ce,0xc36442b4a4522e871399cd717abdd847ab11fe88,0xa0b86991c6218b36c1d19d4a2e9eb0ce3606eb48,USDC,6,0xc02aaa39b223fe8d0a0e5c4f27ead9083c756cc2,WETH,18,30.018593,0.009247125504240719,49.87593713372344,41669367686245.0,,,199370,199890,2026-04-01T06:45:35+00:00
mint,0x2f26c04e8f2c6478a1cf94ee919fa1f6238119abb9da625e65fa91a27973733d#11183810,1775026151,24783063,0x2f26c04e8f2c6478a1cf94ee919fa1f6238119abb9da625e65fa91a27973733d,174,0x88e6a0c2ddd26feeb64f039a2c41296fcb3f5640,500.0,0.0,981019958.0,0xc36442b4a4522e871399cd717abdd847ab11fe88,,0xf2f3e73be57031114dd1f4e75c1dd87658be7f0e,0xc36442b4a4522e871399cd717abdd847ab11fe88,0xa0b86991c6218b36c1d19d4a2e9eb0ce3606eb48,USDC,6,0xc02aaa39b223fe8d0a0e5c4f27ead9083c756cc2,WETH,18,0.1,0.0,0.1,578343183582.0,,,200950,201030,2026-04-01T06:49:11+00:00
mint,0x8c4791b6b3f5d9f8aa9d51d8677dcd58bacecd9761b95763346030603d22a828#11183838,1775026439,24783087,0x8c4791b6b3f5d9f8aa9d51d8677dcd58bacecd9761b95763346030603d22a828,768,0x88e6a0c2ddd26feeb64f039a2c41296fcb3f5640,500.0,0.0,150796183.0,0xc36442b4a4522e871399cd717abdd847ab11fe88,,0xacbc9960c499f8f5127696dcf0e0520cce2e9835,0xc36442b4a4522e871399cd717abdd847ab11fe88,0xa0b86991c6218b36c1d19d4a2e9eb0ce3606eb48,USDC,6,0xc02aaa39b223fe8d0a0e5c4f27ead9083c756cc2,WETH,18,184944.273418,0.0,184944.273418,7.28036214472798e+17,,,199610,199720,2026-04-01T06:53:59+00:00
mint,0x2bda971b2983466631f13fa9411879e4b8e474cc29b339e3e3fdbf114216eeb3#11183853,1775026739,24783112,0x2bda971b2983466631f13fa9411879e4b8e474cc29b339e3e3fdbf114216eeb3,1048,0x88e6a0c2ddd26feeb64f039a2c41296fcb3f5640,500.0,0.0,168463299.0,0xc36442b4a4522e871399cd717abdd847ab11fe88,,0xacbc9960c499f8f5127696dcf0e0520cce2e9835,0xc36442b4a4522e871399cd717abdd847ab11fe88,0xa0b86991c6218b36c1d19d4a2e9eb0ce3606eb48,USDC,6,0xc02aaa39b223fe8d0a0e5c4f27ead9083c756cc2,WETH,18,184944.273417,0.0,184944.273417,6.157224122433334e+17,,,199590,199720,2026-04-01T06:58:59+00:00
mint,0xc44dc5ee4e011e5a60d3294f3640badd2e1f709105c65d248d479273eac83afc#11183856,1775026775,24783115,0xc44dc5ee4e011e5a60d3294f3640badd2e1f709105c65d248d479273eac83afc,97,0x88e6a0c2ddd26feeb64f039a2c41296fcb3f5640,500.0,0.0,418660634.0,0xc36442b4a4522e871399cd717abdd847ab11fe88,,0xfeed241b861d1ee68ff1509d1987377fe4c4dd92,0xc36442b4a4522e871399cd717abdd847ab11fe88,0xa0b86991c6218b36c1d19d4a2e9eb0ce3606eb48,USDC,6,0xc02aaa39b223fe8d0a0e5c4f27ead9083c756cc2,WETH,18,130.155345,0.1599999996648277,473.74054318402517,83039062247532.0,,,197710,200270,2026-04-01T06:59:35+00:00
mint,0x88aefc77b6903867019b93aa81ab62010d2877805bc0454ee34c0ba5045d20a6#11183875,1775026907,24783126,0x88aefc77b6903867019b93aa81ab62010d2877805bc0454ee34c0ba5045d20a6,251,0x88e6a0c2ddd26feeb64f039a2c41296fcb3f5640,500.0,0.0,370281712.0,0xaceffc3d113a13193d8862b57263a2cd6935466a,,0x5f488f12c1e9a61f75c94be7a46044c2f9d74afc,0xaceffc3d113a13193d8862b57263a2cd6935466a,0xa0b86991c6218b36c1d19d4a2e9eb0ce3606eb48,USDC,6,0xc02aaa39b223fe8d0a0e5c4f27ead9083c756cc2,WETH,18,10.492791,0.007376398918917592,26.3329253109369,142250072391405.0,,,199530,199610,2026-04-01T07:01:47+00:00
mint,0x3c54f0ed3525def35cec2b649e54d1268b8428e267cbf3f2496b98300ba6cd6a#11183939,1775027723,24783194,0x3c54f0ed3525def35cec2b649e54d1268b8428e267cbf3f2496b98300ba6cd6a,468,0x88e6a0c2ddd26feeb64f039a2c41296fcb3f5640,500.0,0.0,172205583.0,0xc36442b4a4522e871399cd717abdd847ab11fe88,,0xacbc9960c499f8f5127696dcf0e0520cce2e9835,0xc36442b4a4522e871399cd717abdd847ab11fe88,0xa0b86991c6218b36c1d19d4a2e9eb0ce3606eb48,USDC,6,0xc02aaa39b223fe8d0a0e5c4f27ead9083c756cc2,WETH,18,184944.273416,0.0,184944.273416,6.671995576527649e+17,,,199600,199720,2026-04-01T07:15:23+00:00
mint,0x83eee25159f3c11a9dc193826ffb470a2717ca10785e05d394e077f81a5e682a#11183963,1775027975,24783215,0x83eee25159f3c11a9dc193826ffb470a2717ca10785e05d394e077f81a5e682a,355,0x88e6a0c2ddd26feeb64f039a2c41296fcb3f5640,500.0,0.0,450007522.0,0xc36442b4a4522e871399cd717abdd847ab11fe88,,0xb3fbc1bdfc96e408e2d96a5b5827fa839316b4ce,0xc36442b4a4522e871399cd717abdd847ab11fe88,0xa0b86991c6218b36c1d19d4a2e9eb0ce3606eb48,USDC,6,0xc02aaa39b223fe8d0a0e5c4f27ead9083c756cc2,WETH,18,5302.489768,2.112565223816523,9842.09709882256,8220468177545772.0,,,199370,199890,2026-04-01T07:19:35+00:00
mint,0x34c737d8701e545c80d94b0d6394097f2a9d0c72428077738fad46020d9f7140#11183996,1775028239,24783237,0x34c737d8701e545c80d94b0d6394097f2a9d0c72428077738fad46020d9f7140,324,0x88e6a0c2ddd26feeb64f039a2c41296fcb3f5640,500.0,0.0,351094271.0,0xaceffc3d113a13193d8862b57263a2cd6935466a,,0x5f488f12c1e9a61f75c94be7a46044c2f9d74afc,0xaceffc3d113a13193d8862b57263a2cd6935466a,0xa0b86991c6218b36c1d19d4a2e9eb0ce3606eb48,USDC,6,0xc02aaa39b223fe8d0a0e5c4f27ead9083c756cc2,WETH,18,12.86979,0.007391131637950362,28.71354545837346,69060742304207.0,,,199540,199720,2026-04-01T07:23:59+00:00
mint,0x48e4440ee5b703368d79c9b298bc09e1637aae444b5f8d812de8bb58fa497d71#11184004,1775028467,24783256,0x48e4440ee5b703368d79c9b298bc09e1637aae444b5f8d812de8bb58fa497d71,286,0x88e6a0c2ddd26feeb64f039a2c41296fcb3f5640,500.0,0.0,313460667.0,0xc36442b4a4522e871399cd717abdd847ab11fe88,,0x11d03aa80ada297edd2897398fcac69fd38b7d92,0xc36442b4a4522e871399cd717abdd847ab11fe88,0xa0b86991c6218b36c1d19d4a2e9eb0ce3606eb48,USDC,6,0xc02aaa39b223fe8d0a0e5c4f27ead9083c756cc2,WETH,18,0.049975,2.3352042808352e-05,0.10003281842311704,1080286230.0,,,-887270,887270,2026-04-01T07:27:47+00:00
mint,0x8e3bcce9d4a2f8a1764cdd23e9ef8ec9a4a93f113be8435358f3c39902dba45d#11184011,1775028611,24783267,0x8e3bcce9d4a2f8a1764cdd23e9ef8ec9a4a93f113be8435358f3c39902dba45d,138,0x88e6a0c2ddd26feeb64f039a2c41296fcb3f5640,500.0,0.0,334395515.0,0xc36442b4a4522e871399cd717abdd847ab11fe88,,0x14c16675740f2e1a7ddb24ca82a091dadcf1bdb7,0xc36442b4a4522e871399cd717abdd847ab11fe88,0xa0b86991c6218b36c1d19d4a2e9eb0ce3606eb48,USDC,6,0xc02aaa39b223fe8d0a0e5c4f27ead9083c756cc2,WETH,18,0.049975,2.3360548733755e-05,0.10005105225947712,1080482958.0,,,-887270,887270,2026-04-01T07:30:11+00:00
mint,0xd926557c6749e046d243d93f49d11a3e166b5d19db196068a2bbe30899574f79#11184013,1775028635,24783269,0xd926557c6749e046d243d93f49d11a3e166b5d19db196068a2bbe30899574f79,153,0x88e6a0c2ddd26feeb64f039a2c41296fcb3f5640,500.0,0.0,304550002.0,0xc36442b4a4522e871399cd717abdd847ab11fe88,,0x14c16675740f2e1a7ddb24ca82a091dadcf1bdb7,0xc36442b4a4522e871399cd717abdd847ab11fe88,0xa0b86991c6218b36c1d19d4a2e9eb0ce3606eb48,USDC,6,0xc02aaa39b223fe8d0a0e5c4f27ead9083c756cc2,WETH,18,0.049975,2.336054873188e-05,0.10005105769187088,1080482958.0,,,-887270,887270,2026-04-01T07:30:35+00:00
mint,0xa7b0649afcb675231de72efdd503f12c6083b091b7cc6525943fc1b951926779#11184042,1775029067,24783305,0xa7b0649afcb675231de72efdd503f12c6083b091b7cc6525943fc1b951926779,83,0x88e6a0c2ddd26feeb64f039a2c41296fcb3f5640,500.0,0.0,269811779.0,0xc36442b4a4522e871399cd717abdd847ab11fe88,,0xb566d7dc0816653a890dbf24a45ea1dd89261b87,0xc36442b4a4522e871399cd717abdd847ab11fe88,0xa0b86991c6218b36c1d19d4a2e9eb0ce3606eb48,USDC,6,0xc02aaa39b223fe8d0a0e5c4f27ead9083c756cc2,WETH,18,0.018119,8.468156015903e-06,0.036267200539973815,391707185.0,,,-887270,887270,2026-04-01T07:37:47+00:00
mint,0xda169908b25e1c143975f819af860cd1b6f2983d6c333f801d1c9e667d5edc5a#11184060,1775029187,24783315,0xda169908b25e1c143975f819af860cd1b6f2983d6c333f801d1c9e667d5edc5a,93,0x88e6a0c2ddd26feeb64f039a2c41296fcb3f5640,500.0,0.0,425293944.0,0xc36442b4a4522e871399cd717abdd847ab11fe88,,0xb566d7dc0816653a890dbf24a45ea1dd89261b87,0xc36442b4a4522e871399cd717abdd847ab11fe88,0xa0b86991c6218b36c1d19d4a2e9eb0ce3606eb48,USDC,6,0xc02aaa39b223fe8d0a0e5c4f27ead9083c756cc2,WETH,18,0.018125,8.468173858427e-06,0.036273238778487975,391772448.0,,,-887270,887270,2026-04-01T07:39:47+00:00
mint,0xabf46cbdb61eac3a237a1cddabd0aed6c7c390bb9e2149928538d710da742241#11184070,1775029283,24783323,0xabf46cbdb61eac3a237a1cddabd0aed6c7c390bb9e2149928538d710da742241,64,0x88e6a0c2ddd26feeb64f039a2c41296fcb3f5640,500.0,0.0,2125052678.0,0xc36442b4a4522e871399cd717abdd847ab11fe88,,0x614e5a6cb279e163a4a1defe0c765a7c4adee932,0xc36442b4a4522e871399cd717abdd847ab11fe88,0xa0b86991c6218b36c1d19d4a2e9eb0ce3606eb48,USDC,6,0xc02aaa39b223fe8d0a0e5c4f27ead9083c756cc2,WETH,18,702.537392,0.2050138013848193,1141.9047815051392,264920252937078.0,,,198910,200820,2026-04-01T07:41:23+00:00
mint,0xcdb85a0e30975273e1591779a6a0d464114bc90ac72ca3d8fd935298509d771e#11184080,1775029391,24783332,0xcdb85a0e30975273e1591779a6a0d464114bc90ac72ca3d8fd935298509d771e,98,0x88e6a0c2ddd26feeb64f039a2c41296fcb3f5640,500.0,0.0,322196736.0,0xc36442b4a4522e871399cd717abdd847ab11fe88,,0xb566d7dc0816653a890dbf24a45ea1dd89261b87,0xc36442b4a4522e871399cd717abdd847ab11fe88,0xa0b86991c6218b36c1d19d4a2e9eb0ce3606eb48,USDC,6,0xc02aaa39b223fe8d0a0e5c4f27ead9083c756cc2,WETH,18,0.00181,8.46433007224e-07,0.003624000122249971,39141330.0,,,-887270,887270,2026-04-01T07:43:11+00:00
mint,0x65ec6980e8a1acb42746a2e32b641de03ce3c950a9b512eddfb7f4e53773a75d#11184089,1775029523,24783343,0x65ec6980e8a1acb42746a2e32b641de03ce3c950a9b512eddfb7f4e53773a75d,74,0x88e6a0c2ddd26feeb64f039a2c41296fcb3f5640,500.0,0.0,293471797.0,0xc36442b4a4522e871399cd717abdd847ab11fe88,,0xb566d7dc0816653a890dbf24a45ea1dd89261b87,0xc36442b4a4522e871399cd717abdd847ab11fe88,0xa0b86991c6218b36c1d19d4a2e9eb0ce3606eb48,USDC,6,0xc02aaa39b223fe8d0a0e5c4f27ead9083c756cc2,WETH,18,0.001811,8.46745217019e-07,0.003625669222582146,39159361.0,,,-887270,887270,2026-04-01T07:45:23+00:00
mint,0xb17204f67fabbb340b48f8423d0082f45973f4cc27d3a3074be1f889e63f289e#11184120,1775029979,24783381,0xb17204f67fabbb340b48f8423d0082f45973f4cc27d3a3074be1f889e63f289e,154,0x88e6a0c2ddd26feeb64f039a2c41296fcb3f5640,500.0,0.0,653713620.0,0xc36442b4a4522e871399cd717abdd847ab11fe88,,0xb3fbc1bdfc96e408e2d96a5b5827fa839316b4ce,0xc36442b4a4522e871399cd717abdd847ab11fe88,0xa0b86991c6218b36c1d19d4a2e9eb0ce3606eb48,USDC,6,0xc02aaa39b223fe8d0a0e5c4f27ead9083c756cc2,WETH,18,5637.842771,3.3895612519493183,12888.157789580704,1.078780361598458e+16,,,199370,199890,2026-04-01T07:52:59+00:00
mint,0x59fc767bf69ea2b8add47a41a7e8c6c5c4d211af250268ecae51acb9511f97aa#11184136,1775030387,24783414,0x59fc767bf69ea2b8add47a41a7e8c6c5c4d211af250268ecae51acb9511f97aa,338,0x88e6a0c2ddd26feeb64f039a2c41296fcb3f5640,500.0,0.0,187290409.0,0xc36442b4a4522e871399cd717abdd847ab11fe88,,0x05854d0c70d2f696fb3d9c0863100956b795e2ff,0xc36442b4a4522e871399cd717abdd847ab11fe88,0xa0b86991c6218b36c1d19d4a2e9eb0ce3606eb48,USDC,6,0xc02aaa39b223fe8d0a0e5c4f27ead9083c756cc2,WETH,18,2.05347,0.000302966771010584,2.7005912751124175,603643710255.0,,,199210,201210,2026-04-01T07:59:47+00:00
mint,0xe66dda62f08f241d33537ed3bb085278f1b11de9927dee40a2c53199ebd8b63f#11184248,1775031311,24783491,0xe66dda62f08f241d33537ed3bb085278f1b11de9927dee40a2c53199ebd8b63f,472,0x88e6a0c2ddd26feeb64f039a2c41296fcb3f5640,500.0,0.0,187968627.0,0xc36442b4a4522e871399cd717abdd847ab11fe88,,0xae15c8c6829961b177586751debee41bc0d7ff2c,0xc36442b4a4522e871399cd717abdd847ab11fe88,0xa0b86991c6218b36c1d19d4a2e9eb0ce3606eb48,USDC,6,0xc02aaa39b223fe8d0a0e5c4f27ead9083c756cc2,WETH,18,1999.94012,0.0,1999.94012,232330149639172.0,,,199730,203870,2026-04-01T08:15:11+00:00
mint,0x8320baf917035439978e6348006fd35f70b03af33506617a973d0717adc673d9#11184278,1775031887,24783539,0x8320baf917035439978e6348006fd35f70b03af33506617a973d0717adc673d9,144,0x88e6a0c2ddd26feeb64f039a2c41296fcb3f5640,500.0,0.0,2147786980.0,0xc36442b4a4522e871399cd717abdd847ab11fe88,,0x72f002e3332ab46a90ea2ef6238a083938519083,0xc36442b4a4522e871399cd717abdd847ab11fe88,0xa0b86991c6218b36c1d19d4a2e9eb0ce3606eb48,USDC,6,0xc02aaa39b223fe8d0a0e5c4f27ead9083c756cc2,WETH,18,0.0,3.499999999999999,7442.209138379959,2407389448361521.0,,,198280,199670,2026-04-01T08:24:47+00:00
mint,0xcedbbb302a5521d478bbdd3a516fee9f4cf7bd2d21f144ef3fd4374f70d1c9b2#11184298,1775032331,24783576,0xcedbbb302a5521d478bbdd3a516fee9f4cf7bd2d21f144ef3fd4374f70d1c9b2,142,0x88e6a0c2ddd26feeb64f039a2c41296fcb3f5640,500.0,0.0,679053537.0,0xc36442b4a4522e871399cd717abdd847ab11fe88,,0xaa7699c3df002dedfb9304520e3f38b242d46dfd,0xc36442b4a4522e871399cd717abdd847ab11fe88,0xa0b86991c6218b36c1d19d4a2e9eb0ce3606eb48,USDC,6,0xc02aaa39b223fe8d0a0e5c4f27ead9083c756cc2,WETH,18,99.981874,0.03195266965233535,168.06470440513,9210473170492.0,,,196160,205010,2026-04-01T08:32:11+00:00
mint,0x9dbe7724e011a79215b9072287b084c78bbd759f0c254e4e6b40dc14acfa224e#11184416,1775034155,24783725,0x9dbe7724e011a79215b9072287b084c78bbd759f0c254e4e6b40dc14acfa224e,359,0x88e6a0c2ddd26feeb64f039a2c41296fcb3f5640,500.0,0.0,151276266.0,0xc36442b4a4522e871399cd717abdd847ab11fe88,,0x58073810dd77faac0c43ebb37f5a4165c0b3969e,0xc36442b4a4522e871399cd717abdd847ab11fe88,0xa0b86991c6218b36c1d19d4a2e9eb0ce3606eb48,USDC,6,0xc02aaa39b223fe8d0a0e5c4f27ead9083c756cc2,WETH,18,3.905154,0.005095723972680636,14.788197267243165,2600120649388.0,,,197750,200310,2026-04-01T09:02:35+00:00
mint,0xb7cedc78a0a372616251ba0a9c92c429f24e821fe506fdc602e9015b39d93862#11184434,1775034491,24783753,0xb7cedc78a0a372616251ba0a9c92c429f24e821fe506fdc602e9015b39d93862,340,0x88e6a0c2ddd26feeb64f039a2c41296fcb3f5640,500.0,0.0,233223084.0,0xc36442b4a4522e871399cd717abdd847ab11fe88,,0xd3962c301d3a2ea59bad2398d236c8cfd7789a27,0xc36442b4a4522e871399cd717abdd847ab11fe88,0xa0b86991c6218b36c1d19d4a2e9eb0ce3606eb48,USDC,6,0xc02aaa39b223fe8d0a0e5c4f27ead9083c756cc2,WETH,18,23925.906921,10.860922959217698,47121.80511349592,5.124036998434645e+16,,,199460,199860,2026-04-01T09:08:11+00:00
mint,0xeb1ddede4c6061e150dc7ba65179d8d44b949730d0d5adcd87861acd7be1d85a#11184441,1775034587,24783761,0xeb1ddede4c6061e150dc7ba65179d8d44b949730d0d5adcd87861acd7be1d85a,253,0x88e6a0c2ddd26feeb64f039a2c41296fcb3f5640,500.0,0.0,252432107.0,0xc36442b4a4522e871399cd717abdd847ab11fe88,,0xd3962c301d3a2ea59bad2398d236c8cfd7789a27,0xc36442b4a4522e871399cd717abdd847ab11fe88,0xa0b86991c6218b36c1d19d4a2e9eb0ce3606eb48,USDC,6,0xc02aaa39b223fe8d0a0e5c4f27ead9083c756cc2,WETH,18,570.094487,0.2875632848305073,1184.249352463534,1287730264517128.0,,,199460,199860,2026-04-01T09:09:47+00:00
mint,0xe17dff1cc6874e44370188b7ec4ceadc5d531d368bebeabc0f72f7e7452897a3#11184509,1775035859,24783867,0xe17dff1cc6874e44370188b7ec4ceadc5d531d368bebeabc0f72f7e7452897a3,199,0x88e6a0c2ddd26feeb64f039a2c41296fcb3f5640,500.0,0.0,2143826399.0,0xc36442b4a4522e871399cd717abdd847ab11fe88,,0xc3077830399c105b806060df791a65fea0c596b8,0xc36442b4a4522e871399cd717abdd847ab11fe88,0xa0b86991c6218b36c1d19d4a2e9eb0ce3606eb48,USDC,6,0xc02aaa39b223fe8d0a0e5c4f27ead9083c756cc2,WETH,18,4760.092703,2.2305896058135724,9520.762793714488,103042774157244.0,,,-887270,887270,2026-04-01T09:30:59+00:00
mint,0x4d2627642e4fedeaae9c9b5d2fecca4b1c5c5c8ca2fde527705d0048283a4300#11184525,1775036327,24783906,0x4d2627642e4fedeaae9c9b5d2fecca4b1c5c5c8ca2fde527705d0048283a4300,129,0x88e6a0c2ddd26feeb64f039a2c41296fcb3f5640,500.0,0.0,2168304890.0,0xc36442b4a4522e871399cd717abdd847ab11fe88,,0xc3077830399c105b806060df791a65fea0c596b8,0xc36442b4a4522e871399cd717abdd847ab11fe88,0xa0b86991c6218b36c1d19d4a2e9eb0ce3606eb48,USDC,6,0xc02aaa39b223fe8d0a0e5c4f27ead9083c756cc2,WETH,18,47.34944,0.02219967574918877,94.72944072408355,1025252268910.0,,,-887270,887270,2026-04-01T09:38:47+00:00
mint,0x53238d9252b3192928c68a2a8edeeb62739833c290a83c8cb8e360d0d4d22353#11184534,1775036411,24783913,0x53238d9252b3192928c68a2a8edeeb62739833c290a83c8cb8e360d0d4d22353,220,0x88e6a0c2ddd26feeb64f039a2c41296fcb3f5640,500.0,0.0,312165933.0,0xc36442b4a4522e871399cd717abdd847ab11fe88,,0x14c16675740f2e1a7ddb24ca82a091dadcf1bdb7,0xc36442b4a4522e871399cd717abdd847ab11fe88,0xa0b86991c6218b36c1d19d4a2e9eb0ce3606eb48,USDC,6,0xc02aaa39b223fe8d0a0e5c4f27ead9083c756cc2,WETH,18,0.004997,2.345931716793e-06,0.010003840987052011,108271052.0,,,-887270,887270,2026-04-01T09:40:11+00:00
mint,0xdd1bb171ee9f2526d96278044fb622d465714faba8092405967a9eadfe292eb5#11184540,1775036639,24783932,0xdd1bb171ee9f2526d96278044fb622d465714faba8092405967a9eadfe292eb5,103,0x88e6a0c2ddd26feeb64f039a2c41296fcb3f5640,500.0,0.0,2152660937.0,0xc36442b4a4522e871399cd717abdd847ab11fe88,,0xc3077830399c105b806060df791a65fea0c596b8,0xc36442b4a4522e871399cd717abdd847ab11fe88,0xa0b86991c6218b36c1d19d4a2e9eb0ce3606eb48,USDC,6,0xc02aaa39b223fe8d0a0e5c4f27ead9083c756cc2,WETH,18,2222.581889,1.1004677741550615,4571.269074350372,1608108135991884.0,,,199040,200290,2026-04-01T09:43:59+00:00
mint,0xd3f89d0f3627cd3603ce0483e38ca31de6f5491d883dda84bb213c487b5e1eeb#11184571,1775037215,24783979,0xd3f89d0f3627cd3603ce0483e38ca31de6f5491d883dda84bb213c487b5e1eeb,21,0x88e6a0c2ddd26feeb64f039a2c41296fcb3f5640,500.0,0.0,1075794568.0,0xc36442b4a4522e871399cd717abdd847ab11fe88,,0x976d17a0e86f3533c4873a4ecce67a74d88f4ba5,0xc36442b4a4522e871399cd717abdd847ab11fe88,0xa0b86991c6218b36c1d19d4a2e9eb0ce3606eb48,USDC,6,0xc02aaa39b223fe8d0a0e5c4f27ead9083c756cc2,WETH,18,37150.0,4.721254309918033,47226.39638061971,7.33375267621101e+16,,,199590,199870,2026-04-01T09:53:35+00:00
mint,0x4fc11329dc19caf8e7782a2e2c25e7457331becc52a5f54678e41a1cb248a6c1#11184573,1775037227,24783980,0x4fc11329dc19caf8e7782a2e2c25e7457331becc52a5f54678e41a1cb248a6c1,36,0x88e6a0c2ddd26feeb64f039a2c41296fcb3f5640,500.0,0.0,2261808664.0,0xc36442b4a4522e871399cd717abdd847ab11fe88,,0xc3077830399c105b806060df791a65fea0c596b8,0xc36442b4a4522e871399cd717abdd847ab11fe88,0xa0b86991c6218b36c1d19d4a2e9eb0ce3606eb48,USDC,6,0xc02aaa39b223fe8d0a0e5c4f27ead9083c756cc2,WETH,18,2368.652554,1.1085199955312253,4734.52529407897,51241572169429.0,,,-887270,887270,2026-04-01T09:53:47+00:00
mint,0x9c69a086405aff76591b80fc3d0be190d92e9357d1df194d8afd1daefe134d46#11184575,1775037335,24783989,0x9c69a086405aff76591b80fc3d0be190d92e9357d1df194d8afd1daefe134d46,258,0x88e6a0c2ddd26feeb64f039a2c41296fcb3f5640,500.0,0.0,2152216062.0,0xc36442b4a4522e871399cd717abdd847ab11fe88,,0xc3077830399c105b806060df791a65fea0c596b8,0xc36442b4a4522e871399cd717abdd847ab11fe88,0xa0b86991c6218b36c1d19d4a2e9eb0ce3606eb48,USDC,6,0xc02aaa39b223fe8d0a0e5c4f27ead9083c756cc2,WETH,18,34.250379,0.016029058697392566,68.46059908999798,740946243258.0,,,-887270,887270,2026-04-01T09:55:35+00:00
mint,0x1b05071c521d7aebd52b30429d6be48f4fe22353603c4a240ddb7ee3e82dd278#11184578,1775037575,24784009,0x1b05071c521d7aebd52b30429d6be48f4fe22353603c4a240ddb7ee3e82dd278,99,0x88e6a0c2ddd26feeb64f039a2c41296fcb3f5640,500.0,0.0,227636858.0,0xc36442b4a4522e871399cd717abdd847ab11fe88,,0x05854d0c70d2f696fb3d9c0863100956b795e2ff,0xc36442b4a4522e871399cd717abdd847ab11fe88,0xa0b86991c6218b36c1d19d4a2e9eb0ce3606eb48,USDC,6,0xc02aaa39b223fe8d0a0e5c4f27ead9083c756cc2,WETH,18,1.996359,0.000270792443995806,2.574301178807538,575526485590.0,,,199210,201210,2026-04-01T09:59:35+00:00
mint,0x704cc46089f79b59a0ab567de8256c464dda1c39e0ad4fa5b00b4af5bd283694#11184607,1775038067,24784050,0x704cc46089f79b59a0ab567de8256c464dda1c39e0ad4fa5b00b4af5bd283694,141,0x88e6a0c2ddd26feeb64f039a2c41296fcb3f5640,500.0,0.0,321219517.0,0xc36442b4a4522e871399cd717abdd847ab11fe88,,0x7f643610ab2c4a3374dee9d9a366169660645e03,0xc36442b4a4522e871399cd717abdd847ab11fe88,0xa0b86991c6218b36c1d19d4a2e9eb0ce3606eb48,USDC,6,0xc02aaa39b223fe8d0a0e5c4f27ead9083c756cc2,WETH,18,13.394639,0.005347873406017487,24.808405066192396,5427425682317.0,,,198740,200770,2026-04-01T10:07:47+00:00
mint,0xb16119d66fe5cd7855a61ea305986600497ba0bca3d095c11085c18b8a5eaa0d#11184648,1775039039,24784129,0xb16119d66fe5cd7855a61ea305986600497ba0bca3d095c11085c18b8a5eaa0d,99,0x88e6a0c2ddd26feeb64f039a2c41296fcb3f5640,500.0,0.0,444391368.0,0xc36442b4a4522e871399cd717abdd847ab11fe88,,0x8ad3fa2efcdf2827c7169750c4880bca3c2495b3,0xc36442b4a4522e871399cd717abdd847ab11fe88,0xa0b86991c6218b36c1d19d4a2e9eb0ce3606eb48,USDC,6,0xc02aaa39b223fe8d0a0e5c4f27ead9083c756cc2,WETH,18,100.0,0.1257365212580734,368.35475162924683,215026404072091.0,,,199120,199870,2026-04-01T10:23:59+00:00
mint,0xd8a959882b933edef58790cb3b35fc913736965bf5930f613374733c1d02afd3#11184688,1775039927,24784203,0xd8a959882b933edef58790cb3b35fc913736965bf5930f613374733c1d02afd3,83,0x88e6a0c2ddd26feeb64f039a2c41296fcb3f5640,500.0,0.0,343013813.0,0xc36442b4a4522e871399cd717abdd847ab11fe88,,0xb3fbc1bdfc96e408e2d96a5b5827fa839316b4ce,0xc36442b4a4522e871399cd717abdd847ab11fe88,0xa0b86991c6218b36c1d19d4a2e9eb0ce3606eb48,USDC,6,0xc02aaa39b223fe8d0a0e5c4f27ead9083c756cc2,WETH,18,4610.501445,3.4078352960744067,11878.240251115873,9958802440831404.0,,,199370,199890,2026-04-01T10:38:47+00:00
mint,0x92db966f3fab0c93cba0f6de089dd2f706a4861e6853ca4a31d98debe78aeb0a#11184701,1775040191,24784224,0x92db966f3fab0c93cba0f6de089dd2f706a4861e6853ca4a31d98debe78aeb0a,63,0x88e6a0c2ddd26feeb64f039a2c41296fcb3f5640,500.0,0.0,610336353.0,0xc36442b4a4522e871399cd717abdd847ab11fe88,,0x9905ecb4e10d05c78dcd024ef8c8c9374849c340,0xc36442b4a4522e871399cd717abdd847ab11fe88,0xa0b86991c6218b36c1d19d4a2e9eb0ce3606eb48,USDC,6,0xc02aaa39b223fe8d0a0e5c4f27ead9083c756cc2,WETH,18,7799.629753,3.473353634609818,15207.096606429239,5860222720878538.0,,,199120,200260,2026-04-01T10:43:11+00:00
mint,0xa89d90437308e0c969a0de04cbd3747e77103655ccbbb65440fec2115f0614dd#11184710,1775040395,24784241,0xa89d90437308e0c969a0de04cbd3747e77103655ccbbb65440fec2115f0614dd,114,0x88e6a0c2ddd26feeb64f039a2c41296fcb3f5640,500.0,0.0,553279385.0,0xc36442b4a4522e871399cd717abdd847ab11fe88,,0xfe93f956046ec168689c4b2f36c9d7ed32303c74,0xc36442b4a4522e871399cd717abdd847ab11fe88,0xa0b86991c6218b36c1d19d4a2e9eb0ce3606eb48,USDC,6,0xc02aaa39b223fe8d0a0e5c4f27ead9083c756cc2,WETH,18,5414.580433,2.3942881964863316,10520.77240732274,4089639814927118.0,,,199120,200250,2026-04-01T10:46:35+00:00
mint,0x30aa3bb307cdff973b21e5a120127f07896d8a4af45dbfdde1153e5b9d8c9c39#11184723,1775040743,24784270,0x30aa3bb307cdff973b21e5a120127f07896d8a4af45dbfdde1153e5b9d8c9c39,38,0x88e6a0c2ddd26feeb64f039a2c41296fcb3f5640,500.0,0.0,608579388.0,0xc36442b4a4522e871399cd717abdd847ab11fe88,,0xb3fbc1bdfc96e408e2d96a5b5827fa839316b4ce,0xc36442b4a4522e871399cd717abdd847ab11fe88,0xa0b86991c6218b36c1d19d4a2e9eb0ce3606eb48,USDC,6,0xc02aaa39b223fe8d0a0e5c4f27ead9083c756cc2,WETH,18,467.603642,0.280296936698088,1065.38064239849,893250831547830.0,,,199370,199890,2026-04-01T10:52:23+00:00
mint,0x5ae55518722b600878c6a9f3b352c4a09621b707ddaebcce7d6fc12c51d363a8#11184762,1775041655,24784344,0x5ae55518722b600878c6a9f3b352c4a09621b707ddaebcce7d6fc12c51d363a8,116,0x88e6a0c2ddd26feeb64f039a2c41296fcb3f5640,500.0,0.0,522833976.0,0xc36442b4a4522e871399cd717abdd847ab11fe88,,0xb3fbc1bdfc96e408e2d96a5b5827fa839316b4ce,0xc36442b4a4522e871399cd717abdd847ab11fe88,0xa0b86991c6218b36c1d19d4a2e9eb0ce3606eb48,USDC,6,0xc02aaa39b223fe8d0a0e5c4f27ead9083c756cc2,WETH,18,80.760763,0.050489296946799794,188.43725397722358,157992648556399.0,,,199370,199890,2026-04-01T11:07:35+00:00
mint,0x289632af14077092857b652c334592e059087b9d3af7fc42facbbb9cf53afe64#11184794,1775042087,24784379,0x289632af14077092857b652c334592e059087b9d3af7fc42facbbb9cf53afe64,749,0x88e6a0c2ddd26feeb64f039a2c41296fcb3f5640,500.0,0.0,197144953.0,0xc36442b4a4522e871399cd717abdd847ab11fe88,,0xc4acf16479de2e59fc22e2fbf3f40f939baff8e4,0xc36442b4a4522e871399cd717abdd847ab11fe88,0xa0b86991c6218b36c1d19d4a2e9eb0ce3606eb48,USDC,6,0xc02aaa39b223fe8d0a0e5c4f27ead9083c756cc2,WETH,18,10965.318795,0.0,10965.318795,1413105736466593.0,,,199820,203530,2026-04-01T11:14:47+00:00
mint,0x9022774a0fb99bcd794dfc2761ebcb32d59c63a13e533b39b33d734a8607197c#11184818,1775042723,24784432,0x9022774a0fb99bcd794dfc2761ebcb32d59c63a13e533b39b33d734a8607197c,9,0x88e6a0c2ddd26feeb64f039a2c41296fcb3f5640,500.0,0.0,147165663.0,0x1f2f10d1c40777ae1da742455c65828ff36df387,,0xae2fc483527b8ef99eb5d9b44875f005ba1fae13,0x1f2f10d1c40777ae1da742455c65828ff36df387,0xa0b86991c6218b36c1d19d4a2e9eb0ce3606eb48,USDC,6,0xc02aaa39b223fe8d0a0e5c4f27ead9083c756cc2,WETH,18,7941.594822,42.60028107156414,98793.499241719,4.279639382354297e+18,,,199660,199670,2026-04-01T11:25:23+00:00
mint,0xeebc03fd4c06ecd7e8dd251c19fac7929ba637ca280d2743694bf786159b1749#11184835,1775042975,24784453,0xeebc03fd4c06ecd7e8dd251c19fac7929ba637ca280d2743694bf786159b1749,64,0x88e6a0c2ddd26feeb64f039a2c41296fcb3f5640,500.0,0.0,491260839.0,0xc36442b4a4522e871399cd717abdd847ab11fe88,,0xb3fbc1bdfc96e408e2d96a5b5827fa839316b4ce,0xc36442b4a4522e871399cd717abdd847ab11fe88,0xa0b86991c6218b36c1d19d4a2e9eb0ce3606eb48,USDC,6,0xc02aaa39b223fe8d0a0e5c4f27ead9083c756cc2,WETH,18,91.376783,0.05231274950596493,202.94207784076767,170151384722211.0,,,199370,199890,2026-04-01T11:29:35+00:00
mint,0x60c69f1497f15e5381e59e4d781c3f35fc49065a5c1adac3e3d478b4f4175fcc#11184844,1775043263,24784477,0x60c69f1497f15e5381e59e4d781c3f35fc49065a5c1adac3e3d478b4f4175fcc,190,0x88e6a0c2ddd26feeb64f039a2c41296fcb3f5640,500.0,0.0,125835772.0,0xc36442b4a4522e871399cd717abdd847ab11fe88,,0x05854d0c70d2f696fb3d9c0863100956b795e2ff,0xc36442b4a4522e871399cd717abdd847ab11fe88,0xa0b86991c6218b36c1d19d4a2e9eb0ce3606eb48,USDC,6,0xc02aaa39b223fe8d0a0e5c4f27ead9083c756cc2,WETH,18,22.786951,0.012050879686358032,48.48737709620407,8980080724796.0,,,198380,200790,2026-04-01T11:34:23+00:00
mint,0xbb97f035dbf7ef1331d0eeec0e5e95a59f4e79e1478bbcad7bdc3aa17b1549f2#11184847,1775043335,24784483,0xbb97f035dbf7ef1331d0eeec0e5e95a59f4e79e1478bbcad7bdc3aa17b1549f2,88,0x88e6a0c2ddd26feeb64f039a2c41296fcb3f5640,500.0,0.0,1467273061.0,0xc36442b4a4522e871399cd717abdd847ab11fe88,,0x59703b890ac11e04c0bc904c72ddfbae9ed18449,0xc36442b4a4522e871399cd717abdd847ab11fe88,0xa0b86991c6218b36c1d19d4a2e9eb0ce3606eb48,USDC,6,0xc02aaa39b223fe8d0a0e5c4f27ead9083c756cc2,WETH,18,2329.258938,2.7999999996051583,8300.706245758462,1029381417266427.0,,,196980,200670,2026-04-01T11:35:35+00:00
mint,0xc0e80d414610fa7cf855e730d71f1c1d2b8e08ff964be2a8d05bf9d5f304b5da#11184857,1775043503,24784497,0xc0e80d414610fa7cf855e730d71f1c1d2b8e08ff964be2a8d05bf9d5f304b5da,163,0x88e6a0c2ddd26feeb64f039a2c41296fcb3f5640,500.0,0.0,500945094.0,0xc36442b4a4522e871399cd717abdd847ab11fe88,,0xe2a8e8f6e6b8a66dae21ada3365786482e5ddc89,0xc36442b4a4522e871399cd717abdd847ab11fe88,0xa0b86991c6218b36c1d19d4a2e9eb0ce3606eb48,USDC,6,0xc02aaa39b223fe8d0a0e5c4f27ead9083c756cc2,WETH,18,207.350384,0.10496430243584909,431.20352922942266,156696094449260.0,,,199030,200240,2026-04-01T11:38:23+00:00
mint,0x6d079cfb68aad4fc5fa901149553f84812a140f92a3b368580fa62b8652a3d79#11184908,1775044475,24784578,0x6d079cfb68aad4fc5fa901149553f84812a140f92a3b368580fa62b8652a3d79,233,0x88e6a0c2ddd26feeb64f039a2c41296fcb3f5640,500.0,0.0,1135201597.0,0xc36442b4a4522e871399cd717abdd847ab11fe88,,0x661c3b4d400cef00bab3af7d6012f7c6c8450760,0xc36442b4a4522e871399cd717abdd847ab11fe88,0xa0b86991c6218b36c1d19d4a2e9eb0ce3606eb48,USDC,6,0xc02aaa39b223fe8d0a0e5c4f27ead9083c756cc2,WETH,18,4867.012733,0.5499999999792394,6039.975607180789,2741063628349085.0,,,199470,200440,2026-04-01T11:54:35+00:00
mint,0xa59e9f56eefa2c6845326b3a3a9cb79e5068d64fec205b37e0513f3f6e854525#11184912,1775044691,24784596,0xa59e9f56eefa2c6845326b3a3a9cb79e5068d64fec205b37e0513f3f6e854525,264,0x88e6a0c2ddd26feeb64f039a2c41296fcb3f5640,500.0,0.0,254428849.0,0xc36442b4a4522e871399cd717abdd847ab11fe88,,0xfe2311e29f03ecb5360b86ca6e412cd4903ca924,0xc36442b4a4522e871399cd717abdd847ab11fe88,0xa0b86991c6218b36c1d19d4a2e9eb0ce3606eb48,USDC,6,0xc02aaa39b223fe8d0a0e5c4f27ead9083c756cc2,WETH,18,474.0,0.02226780656473276,521.4896552561031,783140795490925.0,,,199630,199920,2026-04-01T11:58:11+00:00
mint,0x08cc5b2c672a297d40f7b0dd19eab9d9830f1e169e76683379226a0f25cb3f44#11184924,1775044955,24784618,0x08cc5b2c672a297d40f7b0dd19eab9d9830f1e169e76683379226a0f25cb3f44,195,0x88e6a0c2ddd26feeb64f039a2c41296fcb3f5640,500.0,0.0,427191311.0,0xc36442b4a4522e871399cd717abdd847ab11fe88,,0xb3fbc1bdfc96e408e2d96a5b5827fa839316b4ce,0xc36442b4a4522e871399cd717abdd847ab11fe88,0xa0b86991c6218b36c1d19d4a2e9eb0ce3606eb48,USDC,6,0xc02aaa39b223fe8d0a0e5c4f27ead9083c756cc2,WETH,18,9.434761,0.005790803095953161,21.784573908239686,18264955891946.0,,,199370,199890,2026-04-01T12:02:35+00:00
mint,0xeb6a0e12399078c4395415ba73d7689e38a136461827ad925c2fedd58fc96595#11184961,1775045483,24784662,0xeb6a0e12399078c4395415ba73d7689e38a136461827ad925c2fedd58fc96595,250,0x88e6a0c2ddd26feeb64f039a2c41296fcb3f5640,500.0,0.0,2169392340.0,0xc36442b4a4522e871399cd717abdd847ab11fe88,,0x3bee0723575af352afff38b620af5c2e5ae639ba,0xc36442b4a4522e871399cd717abdd847ab11fe88,0xa0b86991c6218b36c1d19d4a2e9eb0ce3606eb48,USDC,6,0xc02aaa39b223fe8d0a0e5c4f27ead9083c756cc2,WETH,18,214.0,0.06393188748328756,350.34496566477935,22056332078289.0,,,196780,204370,2026-04-01T12:11:23+00:00
mint,0x5d21b9e2ed1adeeb9d0ef346b8d3ed5fd297889c2f857826b102c7b57ceff1a3#11184978,1775045831,24784691,0x5d21b9e2ed1adeeb9d0ef346b8d3ed5fd297889c2f857826b102c7b57ceff1a3,148,0x88e6a0c2ddd26feeb64f039a2c41296fcb3f5640,500.0,0.0,217558650.0,0xc36442b4a4522e871399cd717abdd847ab11fe88,,0xfe2311e29f03ecb5360b86ca6e412cd4903ca924,0xc36442b4a4522e871399cd717abdd847ab11fe88,0xa0b86991c6218b36c1d19d4a2e9eb0ce3606eb48,USDC,6,0xc02aaa39b223fe8d0a0e5c4f27ead9083c756cc2,WETH,18,480.0,0.0,480.0,552595993317827.0,,,199680,200060,2026-04-01T12:17:11+00:00
mint,0xfec3d08895a71e960975ef07411918ef324dc81bcfefcef0ee40d6b6bcf646ca#11185106,1775047835,24784858,0xfec3d08895a71e960975ef07411918ef324dc81bcfefcef0ee40d6b6bcf646ca,266,0x88e6a0c2ddd26feeb64f039a2c41296fcb3f5640,500.0,0.0,2589031614.0,0xc36442b4a4522e871399cd717abdd847ab11fe88,,0x42f22ad8f1b62de038633457a4febded8b4c956c,0xc36442b4a4522e871399cd717abdd847ab11fe88,0xa0b86991c6218b36c1d19d4a2e9eb0ce3606eb48,USDC,6,0xc02aaa39b223fe8d0a0e5c4f27ead9083c756cc2,WETH,18,30168.967156,12.978524337421888,57881.32253844347,1.5781166028383372e+16,,,198890,200510,2026-04-01T12:50:35+00:00
mint,0x6aaefe0ba11a090d9093d5025d9198912549fb826f617c5b6809c50b5274d281#11185249,1775049575,24785002,0x6aaefe0ba11a090d9093d5025d9198912549fb826f617c5b6809c50b5274d281,170,0x88e6a0c2ddd26feeb64f039a2c41296fcb3f5640,500.0,0.0,295348383.0,0xc36442b4a4522e871399cd717abdd847ab11fe88,,0x0ec662f77a16c8178656b109e0f1c809a6b4ef1f,0xc36442b4a4522e871399cd717abdd847ab11fe88,0xa0b86991c6218b36c1d19d4a2e9eb0ce3606eb48,USDC,6,0xc02aaa39b223fe8d0a0e5c4f27ead9083c756cc2,WETH,18,240.012355,0.121982082351955,499.33611607888713,91882556902051.0,,,198410,200840,2026-04-01T13:19:35+00:00
mint,0xb3b5d0fe1513bd367254eab065925058e729617be6f914526815ace1f61c505a#11185266,1775049863,24785026,0xb3b5d0fe1513bd367254eab065925058e729617be6f914526815ace1f61c505a,108,0x88e6a0c2ddd26feeb64f039a2c41296fcb3f5640,500.0,0.0,636406601.0,0xc36442b4a4522e871399cd717abdd847ab11fe88,,0x976d17a0e86f3533c4873a4ecce67a74d88f4ba5,0xc36442b4a4522e871399cd717abdd847ab11fe88,0xa0b86991c6218b36c1d19d4a2e9eb0ce3606eb48,USDC,6,0xc02aaa39b223fe8d0a0e5c4f27ead9083c756cc2,WETH,18,22500.0,10.869511206121187,45607.86526475877,3.959337356857375e+17,,,199660,199710,2026-04-01T13:24:23+00:00
mint,0x953d6bf823ee6e2366b3dbf5591cf95642a03e390ee83780afe5b8d2071012cd#11185267,1775049863,24785026,0x953d6bf823ee6e2366b3dbf5591cf95642a03e390ee83780afe5b8d2071012cd,189,0x88e6a0c2ddd26feeb64f039a2c41296fcb3f5640,500.0,0.0,266793997.0,0xc36442b4a4522e871399cd717abdd847ab11fe88,,0x0ec662f77a16c8178656b109e0f1c809a6b4ef1f,0xc36442b4a4522e871399cd717abdd847ab11fe88,0xa0b86991c6218b36c1d19d4a2e9eb0ce3606eb48,USDC,6,0xc02aaa39b223fe8d0a0e5c4f27ead9083c756cc2,WETH,18,237.880092,0.12303614557323136,499.44683779813465,91903358557321.0,,,198410,200840,2026-04-01T13:24:23+00:00
mint,0x709a4ba4c32ce9414259f2d7171bfce4d4b07ae275756e07aae739844b1488ea#11185299,1775050451,24785074,0x709a4ba4c32ce9414259f2d7171bfce4d4b07ae275756e07aae739844b1488ea,270,0x88e6a0c2ddd26feeb64f039a2c41296fcb3f5640,500.0,0.0,2205526691.0,0xc36442b4a4522e871399cd717abdd847ab11fe88,,0x3ae95b33f729bb0f21fe7fd31aa8ba912510f5b3,0xc36442b4a4522e871399cd717abdd847ab11fe88,0xa0b86991c6218b36c1d19d4a2e9eb0ce3606eb48,USDC,6,0xc02aaa39b223fe8d0a0e5c4f27ead9083c756cc2,WETH,18,2298.97,0.6278610183674489,3634.779223782951,817211265078357.0,,,198960,200940,2026-04-01T13:34:11+00:00
mint,0xa73ee3a39c295e20044947ab74fa4666e7692d32735c89853b45049dc0b30513#11185333,1775050847,24785107,0xa73ee3a39c295e20044947ab74fa4666e7692d32735c89853b45049dc0b30513,628,0x88e6a0c2ddd26feeb64f039a2c41296fcb3f5640,500.0,0.0,236970125.0,0xc36442b4a4522e871399cd717abdd847ab11fe88,,0x2b7cee173327c2c261bba51d46e23d5e6875097f,0xc36442b4a4522e871399cd717abdd847ab11fe88,0xa0b86991c6218b36c1d19d4a2e9eb0ce3606eb48,USDC,6,0xc02aaa39b223fe8d0a0e5c4f27ead9083c756cc2,WETH,18,711.235783,0.2509493768641533,1245.1446196591048,146903716061955.0,,,198070,201930,2026-04-01T13:40:47+00:00
mint,0x8b74483ad0d668b4698f58db37f0aaf77fada7c0ada3f3399c264d231a903d31#11185429,1775051723,24785179,0x8b74483ad0d668b4698f58db37f0aaf77fada7c0ada3f3399c264d231a903d31,1003,0x88e6a0c2ddd26feeb64f039a2c41296fcb3f5640,500.0,0.0,435282395.0,0xaceffc3d113a13193d8862b57263a2cd6935466a,,0x5f488f12c1e9a61f75c94be7a46044c2f9d74afc,0xaceffc3d113a13193d8862b57263a2cd6935466a,0xa0b86991c6218b36c1d19d4a2e9eb0ce3606eb48,USDC,6,0xc02aaa39b223fe8d0a0e5c4f27ead9083c756cc2,WETH,18,13.965072,0.007433573214215987,29.701031033977955,46275186738782.0,,,199590,199870,2026-04-01T13:55:23+00:00
mint,0xb05aaa9588cb52427e4c2efabb06ccd249f608ed6e8a05b09aa969a9636da7b4#11185481,1775052431,24785238,0xb05aaa9588cb52427e4c2efabb06ccd249f608ed6e8a05b09aa969a9636da7b4,190,0x88e6a0c2ddd26feeb64f039a2c41296fcb3f5640,500.0,0.0,493648150.0,0xaceffc3d113a13193d8862b57263a2cd6935466a,,0x5f488f12c1e9a61f75c94be7a46044c2f9d74afc,0xaceffc3d113a13193d8862b57263a2cd6935466a,0xa0b86991c6218b36c1d19d4a2e9eb0ce3606eb48,USDC,6,0xc02aaa39b223fe8d0a0e5c4f27ead9083c756cc2,WETH,18,15.554416,0.007433981524721424,31.29123967261664,48751509505531.0,,,199600,199880,2026-04-01T14:07:11+00:00
mint,0x0e857d6915399aafe4c61514e1f6253e059032d61ae5fa11c1be0251342a3952#11185529,1775053223,24785304,0x0e857d6915399aafe4c61514e1f6253e059032d61ae5fa11c1be0251342a3952,813,0x88e6a0c2ddd26feeb64f039a2c41296fcb3f5640,500.0,0.0,263221640.0,0xc36442b4a4522e871399cd717abdd847ab11fe88,,0xacbc9960c499f8f5127696dcf0e0520cce2e9835,0xc36442b4a4522e871399cd717abdd847ab11fe88,0xa0b86991c6218b36c1d19d4a2e9eb0ce3606eb48,USDC,6,0xc02aaa39b223fe8d0a0e5c4f27ead9083c756cc2,WETH,18,0.0,87.06432658881657,184393.5210091769,6.190295157398767e+17,,,199590,199720,2026-04-01T14:20:23+00:00
mint,0xa1f66bf8aebb571ae1a62e989dc2990aa934b88c5ee4fdcb2bb66306aebb78a0#11185576,1775053799,24785352,0xa1f66bf8aebb571ae1a62e989dc2990aa934b88c5ee4fdcb2bb66306aebb78a0,245,0x88e6a0c2ddd26feeb64f039a2c41296fcb3f5640,500.0,0.0,460925723.0,0xaceffc3d113a13193d8862b57263a2cd6935466a,,0x5f488f12c1e9a61f75c94be7a46044c2f9d74afc,0xaceffc3d113a13193d8862b57263a2cd6935466a,0xa0b86991c6218b36c1d19d4a2e9eb0ce3606eb48,USDC,6,0xc02aaa39b223fe8d0a0e5c4f27ead9083c756cc2,WETH,18,13.703025,0.007422036115841766,29.437981290758678,45833698741409.0,,,199560,199840,2026-04-01T14:29:59+00:00
mint,0xb6b5704f57ab5abcf3dbecff388d1c7aff8bd989314d38c56c41c2b9e8a71470#11185586,1775053895,24785360,0xb6b5704f57ab5abcf3dbecff388d1c7aff8bd989314d38c56c41c2b9e8a71470,212,0x88e6a0c2ddd26feeb64f039a2c41296fcb3f5640,500.0,0.0,2296929801.0,0xc36442b4a4522e871399cd717abdd847ab11fe88,,0x371d98623613ef5e9bb04014b999e2b7da4d3739,0xc36442b4a4522e871399cd717abdd847ab11fe88,0xa0b86991c6218b36c1d19d4a2e9eb0ce3606eb48,USDC,6,0xc02aaa39b223fe8d0a0e5c4f27ead9083c756cc2,WETH,18,1000.0,0.26735548338753284,1567.29841871591,321307795729133.0,,,198910,201090,2026-04-01T14:31:35+00:00
mint,0x028b2908a5a952051322c75333321755da05be6012708cf4b162c040a94a807d#11185614,1775054243,24785389,0x028b2908a5a952051322c75333321755da05be6012708cf4b162c040a94a807d,115,0x88e6a0c2ddd26feeb64f039a2c41296fcb3f5640,500.0,0.0,566212526.0,0xaceffc3d113a13193d8862b57263a2cd6935466a,,0x5f488f12c1e9a61f75c94be7a46044c2f9d74afc,0xaceffc3d113a13193d8862b57263a2cd6935466a,0xa0b86991c6218b36c1d19d4a2e9eb0ce3606eb48,USDC,6,0xc02aaa39b223fe8d0a0e5c4f27ead9083c756cc2,WETH,18,14.41943,0.00743484586104267,30.192950339163175,46986038248722.0,,,199600,199880,2026-04-01T14:37:23+00:00
mint,0x4fd0cfb061a2abbc20232a9f3bcc85b4bfe3ca976992be8c330d603555bb3f0f#11185634,1775054459,24785407,0x4fd0cfb061a2abbc20232a9f3bcc85b4bfe3ca976992be8c330d603555bb3f0f,120,0x88e6a0c2ddd26feeb64f039a2c41296fcb3f5640,500.0,0.0,596799969.0,0xc36442b4a4522e871399cd717abdd847ab11fe88,,0x0ec662f77a16c8178656b109e0f1c809a6b4ef1f,0xc36442b4a4522e871399cd717abdd847ab11fe88,0xa0b86991c6218b36c1d19d4a2e9eb0ce3606eb48,USDC,6,0xc02aaa39b223fe8d0a0e5c4f27ead9083c756cc2,WETH,18,956.513523,0.49139892317942413,1998.9765767022734,442812653465246.0,,,198690,200700,2026-04-01T14:40:59+00:00
mint,0xb6b6f23539d677ff41d325840f271bddc25384814d38693e7ec7e101bec5ac39#11185678,1775055083,24785459,0xb6b6f23539d677ff41d325840f271bddc25384814d38693e7ec7e101bec5ac39,194,0x88e6a0c2ddd26feeb64f039a2c41296fcb3f5640,500.0,0.0,503597041.0,0xc36442b4a4522e871399cd717abdd847ab11fe88,,0x0ec662f77a16c8178656b109e0f1c809a6b4ef1f,0xc36442b4a4522e871399cd717abdd847ab11fe88,0xa0b86991c6218b36c1d19d4a2e9eb0ce3606eb48,USDC,6,0xc02aaa39b223fe8d0a0e5c4f27ead9083c756cc2,WETH,18,992.94777,0.473781067676803,1998.0359795305214,442603122979622.0,,,198690,200700,2026-04-01T14:51:23+00:00
mint,0xf8f009aa3c1232067363023f351bef35d126a10ee462999befbabdd6efd33ce8#11185690,1775055299,24785477,0xf8f009aa3c1232067363023f351bef35d126a10ee462999befbabdd6efd33ce8,148,0x88e6a0c2ddd26feeb64f039a2c41296fcb3f5640,500.0,0.0,508011562.0,0xaceffc3d113a13193d8862b57263a2cd6935466a,,0x5f488f12c1e9a61f75c94be7a46044c2f9d74afc,0xaceffc3d113a13193d8862b57263a2cd6935466a,0xa0b86991c6218b36c1d19d4a2e9eb0ce3606eb48,USDC,6,0xc02aaa39b223fe8d0a0e5c4f27ead9083c756cc2,WETH,18,14.135784,0.007410272242142372,29.873364155653864,46470435165308.0,,,199540,199820,2026-04-01T14:54:59+00:00
mint,0x1a7534394c984fbd0d9965147ce08cc3b379182832eb2103cd6ad57e982ca81c#11185712,1775055647,24785506,0x1a7534394c984fbd0d9965147ce08cc3b379182832eb2103cd6ad57e982ca81c,431,0x88e6a0c2ddd26feeb64f039a2c41296fcb3f5640,500.0,0.0,488597888.0,0xaceffc3d113a13193d8862b57263a2cd6935466a,,0x5f488f12c1e9a61f75c94be7a46044c2f9d74afc,0xaceffc3d113a13193d8862b57263a2cd6935466a,0xa0b86991c6218b36c1d19d4a2e9eb0ce3606eb48,USDC,6,0xc02aaa39b223fe8d0a0e5c4f27ead9083c756cc2,WETH,18,14.475424,0.007413751519769849,30.22039327831454,47008603947227.0,,,199550,199830,2026-04-01T15:00:47+00:00
mint,0x0694d800576f867dd9b27daffefaa849be09095219847ab8ea2ad92e377fe70e#11185726,1775055863,24785524,0x0694d800576f867dd9b27daffefaa849be09095219847ab8ea2ad92e377fe70e,214,0x88e6a0c2ddd26feeb64f039a2c41296fcb3f5640,500.0,0.0,2351173882.0,0xc36442b4a4522e871399cd717abdd847ab11fe88,,0x57b224514d696fdf65b5acf8922b5265ef8080b9,0xc36442b4a4522e871399cd717abdd847ab11fe88,0xa0b86991c6218b36c1d19d4a2e9eb0ce3606eb48,USDC,6,0xc02aaa39b223fe8d0a0e5c4f27ead9083c756cc2,WETH,18,0.0,4.499999999999998,9556.883794051802,593463020676617.0,,,191080,199690,2026-04-01T15:04:23+00:00
mint,0x341879f454003cc78660f0fa6f640a1c4a41ff5e39150e3061bdce0e50c85c95#11185730,1775055887,24785526,0x341879f454003cc78660f0fa6f640a1c4a41ff5e39150e3061bdce0e50c85c95,96,0x88e6a0c2ddd26feeb64f039a2c41296fcb3f5640,500.0,0.0,606085589.0,0xc36442b4a4522e871399cd717abdd847ab11fe88,,0x0ec662f77a16c8178656b109e0f1c809a6b4ef1f,0xc36442b4a4522e871399cd717abdd847ab11fe88,0xa0b86991c6218b36c1d19d4a2e9eb0ce3606eb48,USDC,6,0xc02aaa39b223fe8d0a0e5c4f27ead9083c756cc2,WETH,18,1000.954787,0.46962635349203796,1998.3246729883783,442419980739444.0,,,198690,200700,2026-04-01T15:04:47+00:00
mint,0x519850601fddde1ab52907c3ecacfa283be2b6ca6ce1cae5ce1201382229c91a#11185738,1775055995,24785535,0x519850601fddde1ab52907c3ecacfa283be2b6ca6ce1cae5ce1201382229c91a,317,0x88e6a0c2ddd26feeb64f039a2c41296fcb3f5640,500.0,0.0,812557939.0,0xc36442b4a4522e871399cd717abdd847ab11fe88,,0xc097cb19f77fd234a39423646342d237c94d1732,0xc36442b4a4522e871399cd717abdd847ab11fe88,0xa0b86991c6218b36c1d19d4a2e9eb0ce3606eb48,USDC,6,0xc02aaa39b223fe8d0a0e5c4f27ead9083c756cc2,WETH,18,0.0,24.999999999999996,53095.02816914459,3752204788231375.0,,,192200,199590,2026-04-01T15:06:35+00:00
mint,0xc999dc34643fe2f5c73fabc8a9093635ce7ecf977f82a986ac26a2a165ce19a6#11185744,1775056091,24785543,0xc999dc34643fe2f5c73fabc8a9093635ce7ecf977f82a986ac26a2a165ce19a6,404,0x88e6a0c2ddd26feeb64f039a2c41296fcb3f5640,500.0,0.0,807942664.0,0xc36442b4a4522e871399cd717abdd847ab11fe88,,0x77edbdb05aaf573ebc5a6588b0ed09f98a2f2798,0xc36442b4a4522e871399cd717abdd847ab11fe88,0xa0b86991c6218b36c1d19d4a2e9eb0ce3606eb48,USDC,6,0xc02aaa39b223fe8d0a0e5c4f27ead9083c756cc2,WETH,18,433.410045,0.01207321641150317,459.0511556184376,80523847977976.0,,,199550,202170,2026-04-01T15:08:11+00:00
mint,0xa8425bbaba777df5228638fad44d99e5f78eb83e4685a48c274e0c2330dbe02d#11185757,1775056451,24785573,0xa8425bbaba777df5228638fad44d99e5f78eb83e4685a48c274e0c2330dbe02d,685,0x88e6a0c2ddd26feeb64f039a2c41296fcb3f5640,500.0,0.0,450457349.0,0xaceffc3d113a13193d8862b57263a2cd6935466a,,0x5f488f12c1e9a61f75c94be7a46044c2f9d74afc,0xaceffc3d113a13193d8862b57263a2cd6935466a,0xa0b86991c6218b36c1d19d4a2e9eb0ce3606eb48,USDC,6,0xc02aaa39b223fe8d0a0e5c4f27ead9083c756cc2,WETH,18,13.590233,0.007416138023340618,29.34063571836418,212399687171724.0,,,199670,199730,2026-04-01T15:14:11+00:00
mint,0x02a8c7de790e5898c5fca5fd323a67f375efcc9a2e794a186d91723130b66315#11185763,1775056499,24785577,0x02a8c7de790e5898c5fca5fd323a67f375efcc9a2e794a186d91723130b66315,210,0x88e6a0c2ddd26feeb64f039a2c41296fcb3f5640,500.0,0.0,533533044.0,0xc36442b4a4522e871399cd717abdd847ab11fe88,,0x0ec662f77a16c8178656b109e0f1c809a6b4ef1f,0xc36442b4a4522e871399cd717abdd847ab11fe88,0xa0b86991c6218b36c1d19d4a2e9eb0ce3606eb48,USDC,6,0xc02aaa39b223fe8d0a0e5c4f27ead9083c756cc2,WETH,18,988.780751,0.4759458527553496,1999.5951168382549,442699041775088.0,,,198690,200700,2026-04-01T15:14:59+00:00
mint,0x4a739dcc2059be62b8914086dc7038482e8f20c5445878f20558bd29f038885d#11185775,1775056655,24785590,0x4a739dcc2059be62b8914086dc7038482e8f20c5445878f20558bd29f038885d,173,0x88e6a0c2ddd26feeb64f039a2c41296fcb3f5640,500.0,0.0,838770334.0,0xc36442b4a4522e871399cd717abdd847ab11fe88,,0x2bd16697415adbc6beca7af4444a94e3004c2c72,0xc36442b4a4522e871399cd717abdd847ab11fe88,0xa0b86991c6218b36c1d19d4a2e9eb0ce3606eb48,USDC,6,0xc02aaa39b223fe8d0a0e5c4f27ead9083c756cc2,WETH,18,104.931411,0.007531807752455452,120.92747322606871,9170958587384.0,,,198940,205420,2026-04-01T15:17:35+00:00
mint,0xcd9279eab843df3024be40258bb4813f0c0f4eb81f93c40b55259c51ea48d593#11185834,1775057339,24785646,0xcd9279eab843df3024be40258bb4813f0c0f4eb81f93c40b55259c51ea48d593,293,0x88e6a0c2ddd26feeb64f039a2c41296fcb3f5640,500.0,0.0,263590616.0,0xc36442b4a4522e871399cd717abdd847ab11fe88,,0x82c1b84b9892e33852f57c23ba1b0393b9b96bec,0xc36442b4a4522e871399cd717abdd847ab11fe88,0xa0b86991c6218b36c1d19d4a2e9eb0ce3606eb48,USDC,6,0xc02aaa39b223fe8d0a0e5c4f27ead9083c756cc2,WETH,18,44.864227,0.001205012912547488,47.428469958682186,2055908148653646.0,,,199680,199690,2026-04-01T15:28:59+00:00
mint,0xa8a4881f746b3bbc6092076e1f8fa5ee5fc8de3b5d075b9d10800e538806f7f6#11185840,1775057399,24785651,0xa8a4881f746b3bbc6092076e1f8fa5ee5fc8de3b5d075b9d10800e538806f7f6,323,0x88e6a0c2ddd26feeb64f039a2c41296fcb3f5640,500.0,0.0,462664744.0,0xaceffc3d113a13193d8862b57263a2cd6935466a,,0x5f488f12c1e9a61f75c94be7a46044c2f9d74afc,0xaceffc3d113a13193d8862b57263a2cd6935466a,0xa0b86991c6218b36c1d19d4a2e9eb0ce3606eb48,USDC,6,0xc02aaa39b223fe8d0a0e5c4f27ead9083c756cc2,WETH,18,13.705657,0.007405452599972417,29.464309448950946,45787777572514.0,,,199530,199810,2026-04-01T15:29:59+00:00
mint,0x92c23796fd5b6a3aefae6a51770d861b856f19c9c6598e5111f1262a0cfefca9#11185842,1775057435,24785654,0x92c23796fd5b6a3aefae6a51770d861b856f19c9c6598e5111f1262a0cfefca9,675,0x88e6a0c2ddd26feeb64f039a2c41296fcb3f5640,500.0,0.0,283314193.0,0xc36442b4a4522e871399cd717abdd847ab11fe88,,0x82c1b84b9892e33852f57c23ba1b0393b9b96bec,0xc36442b4a4522e871399cd717abdd847ab11fe88,0xa0b86991c6218b36c1d19d4a2e9eb0ce3606eb48,USDC,6,0xc02aaa39b223fe8d0a0e5c4f27ead9083c756cc2,WETH,18,43.580285,0.001339714061167655,46.431169262089846,2012692865530255.0,,,199680,199690,2026-04-01T15:30:35+00:00
mint,0xac756c947deb4045c7a80cf27fe86742de283f24685318dc43d2bb7e7d4c59c5#11185880,1775057915,24785694,0xac756c947deb4045c7a80cf27fe86742de283f24685318dc43d2bb7e7d4c59c5,257,0x88e6a0c2ddd26feeb64f039a2c41296fcb3f5640,500.0,0.0,453434583.0,0xc36442b4a4522e871399cd717abdd847ab11fe88,,0x432c2ae9ee0992f8e0d7bccdcae13ab0bc514293,0xc36442b4a4522e871399cd717abdd847ab11fe88,0xa0b86991c6218b36c1d19d4a2e9eb0ce3606eb48,USDC,6,0xc02aaa39b223fe8d0a0e5c4f27ead9083c756cc2,WETH,18,27.981565,0.013131604074389062,55.928023626099524,2068801801696.0,,,192730,206600,2026-04-01T15:38:35+00:00
mint,0xb0472a18a4154720259055763d4861c740675b1b8b9c6be072e93a079562cbe0#11185900,1775058227,24785720,0xb0472a18a4154720259055763d4861c740675b1b8b9c6be072e93a079562cbe0,383,0x88e6a0c2ddd26feeb64f039a2c41296fcb3f5640,500.0,0.0,380474331.0,0xc36442b4a4522e871399cd717abdd847ab11fe88,,0x82c1b84b9892e33852f57c23ba1b0393b9b96bec,0xc36442b4a4522e871399cd717abdd847ab11fe88,0xa0b86991c6218b36c1d19d4a2e9eb0ce3606eb48,USDC,6,0xc02aaa39b223fe8d0a0e5c4f27ead9083c756cc2,WETH,18,0.5535,0.023601477409348683,50.78176672192915,2203307010116456.0,,,199670,199680,2026-04-01T15:43:47+00:00
mint,0x3c08b6ab409960ec08a24d957f8fcef6a9ab589893b59bfd83cabac1f0c1eecf#11185903,1775058251,24785722,0x3c08b6ab409960ec08a24d957f8fcef6a9ab589893b59bfd83cabac1f0c1eecf,93,0x88e6a0c2ddd26feeb64f039a2c41296fcb3f5640,500.0,0.0,905768030.0,0xc36442b4a4522e871399cd717abdd847ab11fe88,,0xeca71300cf56e61963ec1598da2d302e8f6508ff,0xc36442b4a4522e871399cd717abdd847ab11fe88,0xa0b86991c6218b36c1d19d4a2e9eb0ce3606eb48,USDC,6,0xc02aaa39b223fe8d0a0e5c4f27ead9083c756cc2,WETH,18,3151.621186,1.4950995479780897,6333.466863251253,2780404084079267.0,,,199170,200170,2026-04-01T15:44:11+00:00
mint,0xbbc8eb42c39c0c990cb3520fb88ebf631166722ca3c92826877135156e0360f3#11185906,1775058275,24785724,0xbbc8eb42c39c0c990cb3520fb88ebf631166722ca3c92826877135156e0360f3,206,0x88e6a0c2ddd26feeb64f039a2c41296fcb3f5640,500.0,0.0,355231553.0,0xc36442b4a4522e871399cd717abdd847ab11fe88,,0x82c1b84b9892e33852f57c23ba1b0393b9b96bec,0xc36442b4a4522e871399cd717abdd847ab11fe88,0xa0b86991c6218b36c1d19d4a2e9eb0ce3606eb48,USDC,6,0xc02aaa39b223fe8d0a0e5c4f27ead9083c756cc2,WETH,18,43.580283,0.00839762466308473,61.45196637355837,2663741310332360.0,,,199670,199680,2026-04-01T15:44:35+00:00
mint,0x3a94c69b6823ab6ce1657b3e94bb7fb8eb251f374f2ef1fda24aa58bb4c62464#11185908,1775058287,24785725,0x3a94c69b6823ab6ce1657b3e94bb7fb8eb251f374f2ef1fda24aa58bb4c62464,1047,0x88e6a0c2ddd26feeb64f039a2c41296fcb3f5640,500.0,0.0,363919344.0,0xc36442b4a4522e871399cd717abdd847ab11fe88,,0x558787f44a6696f899f8f06c3880b0ae17898216,0xc36442b4a4522e871399cd717abdd847ab11fe88,0xa0b86991c6218b36c1d19d4a2e9eb0ce3606eb48,USDC,6,0xc02aaa39b223fe8d0a0e5c4f27ead9083c756cc2,WETH,18,19.478908,0.009143674678562941,38.938322451380465,1441214900919.0,,,192740,206600,2026-04-01T15:44:47+00:00
mint,0x80f61d6d34f22ef195d0609e9001739aed9bd518c0ddd345fdc9fbd37105972d#11185909,1775058311,24785727,0x80f61d6d34f22ef195d0609e9001739aed9bd518c0ddd345fdc9fbd37105972d,102,0x88e6a0c2ddd26feeb64f039a2c41296fcb3f5640,500.0,0.0,818389462.0,0xc36442b4a4522e871399cd717abdd847ab11fe88,,0x9ef7e045bbae3c06ff38babeeb55d0d6d335df82,0xc36442b4a4522e871399cd717abdd847ab11fe88,0xa0b86991c6218b36c1d19d4a2e9eb0ce3606eb48,USDC,6,0xc02aaa39b223fe8d0a0e5c4f27ead9083c756cc2,WETH,18,39500.0,0.0,39500.0,1.4703714611112188e+16,,,199690,200890,2026-04-01T15:45:11+00:00
mint,0xf3381687cf6f18015906daec46c335d150c2719395754de1f236248f1abc6f5b#11185918,1775058515,24785743,0xf3381687cf6f18015906daec46c335d150c2719395754de1f236248f1abc6f5b,535,0x88e6a0c2ddd26feeb64f039a2c41296fcb3f5640,500.0,0.0,414486841.0,0xc36442b4a4522e871399cd717abdd847ab11fe88,,0x82c1b84b9892e33852f57c23ba1b0393b9b96bec,0xc36442b4a4522e871399cd717abdd847ab11fe88,0xa0b86991c6218b36c1d19d4a2e9eb0ce3606eb48,USDC,6,0xc02aaa39b223fe8d0a0e5c4f27ead9083c756cc2,WETH,18,31.813962,0.02360147740934868,82.04222872192915,3558427501442132.0,,,199660,199670,2026-04-01T15:48:35+00:00
mint,0xe61d7aeba20fff7dcfc66535d52c76fb7375f0df11e43d95c33ec27463fe6acb#11185921,1775058563,24785747,0xe61d7aeba20fff7dcfc66535d52c76fb7375f0df11e43d95c33ec27463fe6acb,111,0x88e6a0c2ddd26feeb64f039a2c41296fcb3f5640,500.0,0.0,804108199.0,0xc36442b4a4522e871399cd717abdd847ab11fe88,,0x0ec662f77a16c8178656b109e0f1c809a6b4ef1f,0xc36442b4a4522e871399cd717abdd847ab11fe88,0xa0b86991c6218b36c1d19d4a2e9eb0ce3606eb48,USDC,6,0xc02aaa39b223fe8d0a0e5c4f27ead9083c756cc2,WETH,18,1029.902677,0.45466022323592753,1997.5908621444548,441770688149360.0,,,198690,200700,2026-04-01T15:49:23+00:00
mint,0x356b8f5d24c3a28830677e9e6941250e886c8134122611a3fb6be6b8b6fa86a2#11185922,1775058563,24785747,0x356b8f5d24c3a28830677e9e6941250e886c8134122611a3fb6be6b8b6fa86a2,375,0x88e6a0c2ddd26feeb64f039a2c41296fcb3f5640,500.0,0.0,425077715.0,0xc36442b4a4522e871399cd717abdd847ab11fe88,,0x82c1b84b9892e33852f57c23ba1b0393b9b96bec,0xc36442b4a4522e871399cd717abdd847ab11fe88,0xa0b86991c6218b36c1d19d4a2e9eb0ce3606eb48,USDC,6,0xc02aaa39b223fe8d0a0e5c4f27ead9083c756cc2,WETH,18,43.580281,0.014674320914827028,74.81276241926786,3243172978053272.0,,,199660,199670,2026-04-01T15:49:23+00:00
mint,0x836cb81ada1287261c2d483520ec9155496659966b801d7d0ff8ae0a68948df9#11185923,1775058575,24785748,0x836cb81ada1287261c2d483520ec9155496659966b801d7d0ff8ae0a68948df9,69,0x88e6a0c2ddd26feeb64f039a2c41296fcb3f5640,500.0,0.0,1020827463.0,0xc36442b4a4522e871399cd717abdd847ab11fe88,,0xe05c50ececf3dab4f1bee32d92dede9543584df7,0xc36442b4a4522e871399cd717abdd847ab11fe88,0xa0b86991c6218b36c1d19d4a2e9eb0ce3606eb48,USDC,6,0xc02aaa39b223fe8d0a0e5c4f27ead9083c756cc2,WETH,18,244.904495,0.020881157615850847,289.3474624828024,70844624053303.0,,,199390,201220,2026-04-01T15:49:35+00:00
mint,0x10587cb13427df03ee7307bddd09c4432893bea889119fc6019bd1a31e769ddf#11185929,1775058671,24785756,0x10587cb13427df03ee7307bddd09c4432893bea889119fc6019bd1a31e769ddf,391,0x88e6a0c2ddd26feeb64f039a2c41296fcb3f5640,500.0,0.0,380822783.0,0xc36442b4a4522e871399cd717abdd847ab11fe88,,0x82c1b84b9892e33852f57c23ba1b0393b9b96bec,0xc36442b4a4522e871399cd717abdd847ab11fe88,0xa0b86991c6218b36c1d19d4a2e9eb0ce3606eb48,USDC,6,0xc02aaa39b223fe8d0a0e5c4f27ead9083c756cc2,WETH,18,27.020249,0.02360147740934868,77.25308150606502,3350810010527394.0,,,199660,199670,2026-04-01T15:51:11+00:00
mint,0xb09c45e12d23db241018d9bf305c8057f3216944b0b754c3bfdede8ae9691490#11185933,1775058695,24785758,0xb09c45e12d23db241018d9bf305c8057f3216944b0b754c3bfdede8ae9691490,237,0x88e6a0c2ddd26feeb64f039a2c41296fcb3f5640,500.0,0.0,381617902.0,0xc36442b4a4522e871399cd717abdd847ab11fe88,,0x82c1b84b9892e33852f57c23ba1b0393b9b96bec,0xc36442b4a4522e871399cd717abdd847ab11fe88,0xa0b86991c6218b36c1d19d4a2e9eb0ce3606eb48,USDC,6,0xc02aaa39b223fe8d0a0e5c4f27ead9083c756cc2,WETH,18,26.05081,0.024056194969958703,77.25145272673544,3350833765428812.0,,,199660,199670,2026-04-01T15:51:35+00:00
mint,0xe6f25932cada1bbcbf9bae465f36fe1ed8a1581a28bd555037a40a5d06a9f2da#11185935,1775058731,24785761,0xe6f25932cada1bbcbf9bae465f36fe1ed8a1581a28bd555037a40a5d06a9f2da,356,0x88e6a0c2ddd26feeb64f039a2c41296fcb3f5640,500.0,0.0,372555753.0,0xc36442b4a4522e871399cd717abdd847ab11fe88,,0x82c1b84b9892e33852f57c23ba1b0393b9b96bec,0xc36442b4a4522e871399cd717abdd847ab11fe88,0xa0b86991c6218b36c1d19d4a2e9eb0ce3606eb48,USDC,6,0xc02aaa39b223fe8d0a0e5c4f27ead9083c756cc2,WETH,18,26.05081,0.024056194969958703,77.25145272673544,3350833765428812.0,,,199660,199670,2026-04-01T15:52:11+00:00
mint,0x62f750928c4d65c032c380eb937fdfe44d7ba74ec73a13e2df00d73727dd33dc#11185938,1775058779,24785765,0x62f750928c4d65c032c380eb937fdfe44d7ba74ec73a13e2df00d73727dd33dc,21,0x88e6a0c2ddd26feeb64f039a2c41296fcb3f5640,500.0,0.0,839010865.0,0xc36442b4a4522e871399cd717abdd847ab11fe88,,0xfaa0c5bb392b9f1cf4e2f4c97cad8b5206584bdf,0xc36442b4a4522e871399cd717abdd847ab11fe88,0xa0b86991c6218b36c1d19d4a2e9eb0ce3606eb48,USDC,6,0xc02aaa39b223fe8d0a0e5c4f27ead9083c756cc2,WETH,18,22.321299,0.01044298290232336,44.547899559688716,1647768744222.0,,,192740,206610,2026-04-01T15:52:59+00:00
mint,0x1ef80bcbd660c66ed88d03cd102d1d3abd944c1212d87298d09e31eeee62960f#11185941,1775058791,24785766,0x1ef80bcbd660c66ed88d03cd102d1d3abd944c1212d87298d09e31eeee62960f,466,0x88e6a0c2ddd26feeb64f039a2c41296fcb3f5640,500.0,0.0,559216878.0,0xaceffc3d113a13193d8862b57263a2cd6935466a,,0x5f488f12c1e9a61f75c94be7a46044c2f9d74afc,0xaceffc3d113a13193d8862b57263a2cd6935466a,0xa0b86991c6218b36c1d19d4a2e9eb0ce3606eb48,USDC,6,0xc02aaa39b223fe8d0a0e5c4f27ead9083c756cc2,WETH,18,11.287772,0.007402485794693553,27.04304962961465,146730343680034.0,,,199620,199700,2026-04-01T15:53:11+00:00
mint,0xb3548df3b9d6d735994030ca680a792f34fa45e13d813fb3e7f65e5d45e5391b#11185942,1775058791,24785766,0xb3548df3b9d6d735994030ca680a792f34fa45e13d813fb3e7f65e5d45e5391b,745,0x88e6a0c2ddd26feeb64f039a2c41296fcb3f5640,500.0,0.0,414104500.0,0xc36442b4a4522e871399cd717abdd847ab11fe88,,0x82c1b84b9892e33852f57c23ba1b0393b9b96bec,0xc36442b4a4522e871399cd717abdd847ab11fe88,0xa0b86991c6218b36c1d19d4a2e9eb0ce3606eb48,USDC,6,0xc02aaa39b223fe8d0a0e5c4f27ead9083c756cc2,WETH,18,25.759932,0.024056194969958703,76.96057472673543,3338235450208977.0,,,199660,199670,2026-04-01T15:53:11+00:00
mint,0xf3ce9386b4dae2bdfb18b83b4424235c0410cf3b122a98d2ee819db76ab58e97#11185963,1775059067,24785789,0xf3ce9386b4dae2bdfb18b83b4424235c0410cf3b122a98d2ee819db76ab58e97,336,0x88e6a0c2ddd26feeb64f039a2c41296fcb3f5640,500.0,0.0,500337728.0,0xc36442b4a4522e871399cd717abdd847ab11fe88,,0xd3962c301d3a2ea59bad2398d236c8cfd7789a27,0xc36442b4a4522e871399cd717abdd847ab11fe88,0xa0b86991c6218b36c1d19d4a2e9eb0ce3606eb48,USDC,6,0xc02aaa39b223fe8d0a0e5c4f27ead9083c756cc2,WETH,18,23955.623252,9.757977778146104,44749.793760207125,4.871249634924502e+16,,,199470,199870,2026-04-01T15:57:47+00:00
mint,0xe926d7f2191449cb1447db3251900b58a77f8d28362c3b04ebd9ffbe4249f999#11185966,1775059103,24785792,0xe926d7f2191449cb1447db3251900b58a77f8d28362c3b04ebd9ffbe4249f999,318,0x88e6a0c2ddd26feeb64f039a2c41296fcb3f5640,500.0,0.0,383530238.0,0xc36442b4a4522e871399cd717abdd847ab11fe88,,0x82c1b84b9892e33852f57c23ba1b0393b9b96bec,0xc36442b4a4522e871399cd717abdd847ab11fe88,0xa0b86991c6218b36c1d19d4a2e9eb0ce3606eb48,USDC,6,0xc02aaa39b223fe8d0a0e5c4f27ead9083c756cc2,WETH,18,49.907298,0.0,49.907298,2161072714369210.0,,,199660,199670,2026-04-01T15:58:23+00:00
mint,0x51e85b39147ba074b81817340607c01608c916b744a383efed4b987548a5cce4#11185970,1775059139,24785795,0x51e85b39147ba074b81817340607c01608c916b744a383efed4b987548a5cce4,260,0x88e6a0c2ddd26feeb64f039a2c41296fcb3f5640,500.0,0.0,463736297.0,0xc36442b4a4522e871399cd717abdd847ab11fe88,,0xd3962c301d3a2ea59bad2398d236c8cfd7789a27,0xc36442b4a4522e871399cd717abdd847ab11fe88,0xa0b86991c6218b36c1d19d4a2e9eb0ce3606eb48,USDC,6,0xc02aaa39b223fe8d0a0e5c4f27ead9083c756cc2,WETH,18,1797.062695,0.7208993753075024,3333.2933434215233,3628434860349177.0,,,199470,199870,2026-04-01T15:58:59+00:00
mint,0xd2ac2c935ba923cf5fb01fada60ed2512b0df5d3c46d69868c7a74f313054d4a#11185971,1775059139,24785795,0xd2ac2c935ba923cf5fb01fada60ed2512b0df5d3c46d69868c7a74f313054d4a,302,0x88e6a0c2ddd26feeb64f039a2c41296fcb3f5640,500.0,0.0,373736297.0,0xc36442b4a4522e871399cd717abdd847ab11fe88,,0x82c1b84b9892e33852f57c23ba1b0393b9b96bec,0xc36442b4a4522e871399cd717abdd847ab11fe88,0xa0b86991c6218b36c1d19d4a2e9eb0ce3606eb48,USDC,6,0xc02aaa39b223fe8d0a0e5c4f27ead9083c756cc2,WETH,18,49.907297,0.0,49.907297,2161072671067472.0,,,199660,199670,2026-04-01T15:58:59+00:00
mint,0xed0ddfee7c574e64c0aace6939c9facdeae2045685bd0b3d8ff226cb41463d34#11185974,1775059163,24785797,0xed0ddfee7c574e64c0aace6939c9facdeae2045685bd0b3d8ff226cb41463d34,544,0x88e6a0c2ddd26feeb64f039a2c41296fcb3f5640,500.0,0.0,354650781.0,0xc36442b4a4522e871399cd717abdd847ab11fe88,,0x82c1b84b9892e33852f57c23ba1b0393b9b96bec,0xc36442b4a4522e871399cd717abdd847ab11fe88,0xa0b86991c6218b36c1d19d4a2e9eb0ce3606eb48,USDC,6,0xc02aaa39b223fe8d0a0e5c4f27ead9083c756cc2,WETH,18,49.907296,0.0,49.907296,2161072627765735.0,,,199660,199670,2026-04-01T15:59:23+00:00
mint,0xfabecfcd65a64443061aefaa8553c306c5add72a61fd50dbad6db46ccab57e36#11185977,1775059247,24785804,0xfabecfcd65a64443061aefaa8553c306c5add72a61fd50dbad6db46ccab57e36,537,0x88e6a0c2ddd26feeb64f039a2c41296fcb3f5640,500.0,0.0,327403755.0,0xc36442b4a4522e871399cd717abdd847ab11fe88,,0x82c1b84b9892e33852f57c23ba1b0393b9b96bec,0xc36442b4a4522e871399cd717abdd847ab11fe88,0xa0b86991c6218b36c1d19d4a2e9eb0ce3606eb48,USDC,6,0xc02aaa39b223fe8d0a0e5c4f27ead9083c756cc2,WETH,18,49.907295,0.0,49.907295,2161072584463998.0,,,199660,199670,2026-04-01T16:00:47+00:00
mint,0x6cdbd301bde4e4e4c0b6cb351429df08f7670907c98d5e3efb86600d3a133860#11185982,1775059319,24785810,0x6cdbd301bde4e4e4c0b6cb351429df08f7670907c98d5e3efb86600d3a133860,327,0x88e6a0c2ddd26feeb64f039a2c41296fcb3f5640,500.0,0.0,334971309.0,0xc36442b4a4522e871399cd717abdd847ab11fe88,,0x82c1b84b9892e33852f57c23ba1b0393b9b96bec,0xc36442b4a4522e871399cd717abdd847ab11fe88,0xa0b86991c6218b36c1d19d4a2e9eb0ce3606eb48,USDC,6,0xc02aaa39b223fe8d0a0e5c4f27ead9083c756cc2,WETH,18,49.907294,0.0,49.907294,2161072541162260.0,,,199660,199670,2026-04-01T16:01:59+00:00
mint,0x1859a8a2f87334883fb12e8cb3a80751a376fa00d841d56fe55a6f10e69db7c3#11185985,1775059355,24785813,0x1859a8a2f87334883fb12e8cb3a80751a376fa00d841d56fe55a6f10e69db7c3,377,0x88e6a0c2ddd26feeb64f039a2c41296fcb3f5640,500.0,0.0,341875596.0,0xc36442b4a4522e871399cd717abdd847ab11fe88,,0x82c1b84b9892e33852f57c23ba1b0393b9b96bec,0xc36442b4a4522e871399cd717abdd847ab11fe88,0xa0b86991c6218b36c1d19d4a2e9eb0ce3606eb48,USDC,6,0xc02aaa39b223fe8d0a0e5c4f27ead9083c756cc2,WETH,18,49.907293,0.0,49.907293,2161072497860523.0,,,199660,199670,2026-04-01T16:02:35+00:00
mint,0xbbcd5e3a65d1b4d947a4278445bd78cfc9a35b30abfb2567b80697d93c022f5c#11186053,1775060183,24785882,0xbbcd5e3a65d1b4d947a4278445bd78cfc9a35b30abfb2567b80697d93c022f5c,649,0x88e6a0c2ddd26feeb64f039a2c41296fcb3f5640,500.0,0.0,294276017.0,0xc36442b4a4522e871399cd717abdd847ab11fe88,,0x82c1b84b9892e33852f57c23ba1b0393b9b96bec,0xc36442b4a4522e871399cd717abdd847ab11fe88,0xa0b86991c6218b36c1d19d4a2e9eb0ce3606eb48,USDC,6,0xc02aaa39b223fe8d0a0e5c4f27ead9083c756cc2,WETH,18,31.375612,0.022822963389144153,80.01116599090778,3466394030926655.0,,,199690,199700,2026-04-01T16:16:23+00:00
mint,0x22294b4494a853fe412d6fd1e8708132968962515f3d2e1ad3c04c7b4c6af04c#11186059,1775060267,24785889,0x22294b4494a853fe412d6fd1e8708132968962515f3d2e1ad3c04c7b4c6af04c,521,0x88e6a0c2ddd26feeb64f039a2c41296fcb3f5640,500.0,0.0,274719379.0,0xc36442b4a4522e871399cd717abdd847ab11fe88,,0x82c1b84b9892e33852f57c23ba1b0393b9b96bec,0xc36442b4a4522e871399cd717abdd847ab11fe88,0xa0b86991c6218b36c1d19d4a2e9eb0ce3606eb48,USDC,6,0xc02aaa39b223fe8d0a0e5c4f27ead9083c756cc2,WETH,18,24.757908,0.022987684833989885,73.74448208359502,3194543816084772.0,,,199690,199700,2026-04-01T16:17:47+00:00
mint,0x253d0486846640daa160462031716651b307922f2f32d87c3e8f5bf82208dca9#11186064,1775060315,24785893,0x253d0486846640daa160462031716651b307922f2f32d87c3e8f5bf82208dca9,439,0x88e6a0c2ddd26feeb64f039a2c41296fcb3f5640,500.0,0.0,295363125.0,0xc36442b4a4522e871399cd717abdd847ab11fe88,,0x82c1b84b9892e33852f57c23ba1b0393b9b96bec,0xc36442b4a4522e871399cd717abdd847ab11fe88,0xa0b86991c6218b36c1d19d4a2e9eb0ce3606eb48,USDC,6,0xc02aaa39b223fe8d0a0e5c4f27ead9083c756cc2,WETH,18,0.0,0.0250862355773265,53.458569075654424,2315257560562643.0,,,199680,199690,2026-04-01T16:18:35+00:00
mint,0x488888b3aa30c128a22df21f196a66ef0b8924a2061504eac4c62f02e8ee20b7#11186072,1775060411,24785901,0x488888b3aa30c128a22df21f196a66ef0b8924a2061504eac4c62f02e8ee20b7,251,0x88e6a0c2ddd26feeb64f039a2c41296fcb3f5640,500.0,0.0,799629045.0,0xc36442b4a4522e871399cd717abdd847ab11fe88,,0x8cadb20a4811f363dadb863a190708bed26245f8,0xc36442b4a4522e871399cd717abdd847ab11fe88,0xa0b86991c6218b36c1d19d4a2e9eb0ce3606eb48,USDC,6,0xc02aaa39b223fe8d0a0e5c4f27ead9083c756cc2,WETH,18,2.022721,0.000864606377102665,3.865190333077991,1695744144264.0,,,199200,200200,2026-04-01T16:20:11+00:00
mint,0x6b6f81a17ac176d652ca45e0c4f1d68dfe846613f89ae2443bb12e5090f0eb6a#11186079,1775060663,24785922,0x6b6f81a17ac176d652ca45e0c4f1d68dfe846613f89ae2443bb12e5090f0eb6a,713,0x88e6a0c2ddd26feeb64f039a2c41296fcb3f5640,500.0,0.0,307778227.0,0xc36442b4a4522e871399cd717abdd847ab11fe88,,0x82c1b84b9892e33852f57c23ba1b0393b9b96bec,0xc36442b4a4522e871399cd717abdd847ab11fe88,0xa0b86991c6218b36c1d19d4a2e9eb0ce3606eb48,USDC,6,0xc02aaa39b223fe8d0a0e5c4f27ead9083c756cc2,WETH,18,0.0,0.0250862355773265,53.458570425531356,2318732878977684.0,,,199650,199660,2026-04-01T16:24:23+00:00
mint,0xc2829c18b98b979896ddace63bf2f99a9b181e5d835832b5ba819c9cc29329a7#11186083,1775060735,24785928,0xc2829c18b98b979896ddace63bf2f99a9b181e5d835832b5ba819c9cc29329a7,395,0x88e6a0c2ddd26feeb64f039a2c41296fcb3f5640,500.0,0.0,369871399.0,0xc36442b4a4522e871399cd717abdd847ab11fe88,,0xa678264b9c64dcd5d16a76f38a034dced282c7a3,0xc36442b4a4522e871399cd717abdd847ab11fe88,0xa0b86991c6218b36c1d19d4a2e9eb0ce3606eb48,USDC,6,0xc02aaa39b223fe8d0a0e5c4f27ead9083c756cc2,WETH,18,8.995853,0.00488400750767453,19.403634530355376,973220320488.0,,,194400,204140,2026-04-01T16:25:35+00:00
mint,0x321f5ca1057f014c1a5d77ad61b79f56ba1074c288e94bd600e14b00291475f0#11186084,1775060747,24785929,0x321f5ca1057f014c1a5d77ad61b79f56ba1074c288e94bd600e14b00291475f0,373,0x88e6a0c2ddd26feeb64f039a2c41296fcb3f5640,500.0,0.0,295331908.0,0xc36442b4a4522e871399cd717abdd847ab11fe88,,0x82c1b84b9892e33852f57c23ba1b0393b9b96bec,0xc36442b4a4522e871399cd717abdd847ab11fe88,0xa0b86991c6218b36c1d19d4a2e9eb0ce3606eb48,USDC,6,0xc02aaa39b223fe8d0a0e5c4f27ead9083c756cc2,WETH,18,0.0,0.025086235577326498,53.45857042553134,2317573860266987.0,,,199660,199670,2026-04-01T16:25:47+00:00
mint,0x99648cdbd4e6527de0ebc8efc9cf37aac7aebbd048a61f1620bcd95b282fa1fa#11186139,1775061287,24785974,0x99648cdbd4e6527de0ebc8efc9cf37aac7aebbd048a61f1620bcd95b282fa1fa,90,0x88e6a0c2ddd26feeb64f039a2c41296fcb3f5640,500.0,0.0,2312664193.0,0xc36442b4a4522e871399cd717abdd847ab11fe88,,0x0f13745b77ca953cbdaf50b6dfd03cf24699e583,0xc36442b4a4522e871399cd717abdd847ab11fe88,0xa0b86991c6218b36c1d19d4a2e9eb0ce3606eb48,USDC,6,0xc02aaa39b223fe8d0a0e5c4f27ead9083c756cc2,WETH,18,1.952827,0.001583438531692822,5.335845399396843,1080639044196.0,,,198260,200460,2026-04-01T16:34:47+00:00
mint,0xab2221fc58f4b8b3366397e0f6c69a664f5896223e60caccb24006a008ccfe28#11186216,1775061815,24786018,0xab2221fc58f4b8b3366397e0f6c69a664f5896223e60caccb24006a008ccfe28,381,0x88e6a0c2ddd26feeb64f039a2c41296fcb3f5640,500.0,0.0,1900000000.0,0xc36442b4a4522e871399cd717abdd847ab11fe88,,0x907be5882608700b4b94a7b6d8e8741734c30021,0xc36442b4a4522e871399cd717abdd847ab11fe88,0xa0b86991c6218b36c1d19d4a2e9eb0ce3606eb48,USDC,6,0xc02aaa39b223fe8d0a0e5c4f27ead9083c756cc2,WETH,18,726.514948,0.17209827284526197,1096.4452443230075,283223962258208.0,,,199020,200730,2026-04-01T16:43:35+00:00
mint,0xa854eb82209adc0f6cfb6d0bdd4452a36664b231133b8924b286bc5aed944360#11186242,1775062043,24786037,0xa854eb82209adc0f6cfb6d0bdd4452a36664b231133b8924b286bc5aed944360,108,0x88e6a0c2ddd26feeb64f039a2c41296fcb3f5640,500.0,0.0,573390397.0,0xc36442b4a4522e871399cd717abdd847ab11fe88,,0x9e9031061f85d5203e1a96ece24f439498e7a171,0xc36442b4a4522e871399cd717abdd847ab11fe88,0xa0b86991c6218b36c1d19d4a2e9eb0ce3606eb48,USDC,6,0xc02aaa39b223fe8d0a0e5c4f27ead9083c756cc2,WETH,18,667.748621,0.33877424826855923,1395.9538259486476,463787458438351.0,,,198920,200240,2026-04-01T16:47:23+00:00
mint,0x023bf7777bd40ef62b98ef66b5e960db5857ba9be6e29195db92032c70398264#11186296,1775062307,24786059,0x023bf7777bd40ef62b98ef66b5e960db5857ba9be6e29195db92032c70398264,249,0x88e6a0c2ddd26feeb64f039a2c41296fcb3f5640,500.0,0.0,641540930.0,0xc36442b4a4522e871399cd717abdd847ab11fe88,,0x9e9031061f85d5203e1a96ece24f439498e7a171,0xc36442b4a4522e871399cd717abdd847ab11fe88,0xa0b86991c6218b36c1d19d4a2e9eb0ce3606eb48,USDC,6,0xc02aaa39b223fe8d0a0e5c4f27ead9083c756cc2,WETH,18,825.583765,0.09930480524587176,1039.2854799866543,119334327043577.0,,,198810,202830,2026-04-01T16:51:47+00:00
mint,0xef67d1a35d181ed0918413ab2c27162d34d915053fd93d8f383309828c309312#11186309,1775062427,24786069,0xef67d1a35d181ed0918413ab2c27162d34d915053fd93d8f383309828c309312,491,0x88e6a0c2ddd26feeb64f039a2c41296fcb3f5640,500.0,0.0,256404816.0,0xc36442b4a4522e871399cd717abdd847ab11fe88,,0x82c1b84b9892e33852f57c23ba1b0393b9b96bec,0xc36442b4a4522e871399cd717abdd847ab11fe88,0xa0b86991c6218b36c1d19d4a2e9eb0ce3606eb48,USDC,6,0xc02aaa39b223fe8d0a0e5c4f27ead9083c756cc2,WETH,18,0.0,0.025086235577326504,53.98501665816177,2325699173523054.0,,,199590,199600,2026-04-01T16:53:47+00:00
mint,0x11fe977a92ec84a278a8bda86d8c517241469158c5c8337f6e84326e07380cd3#11186311,1775062475,24786073,0x11fe977a92ec84a278a8bda86d8c517241469158c5c8337f6e84326e07380cd3,158,0x88e6a0c2ddd26feeb64f039a2c41296fcb3f5640,500.0,0.0,270963885.0,0xc36442b4a4522e871399cd717abdd847ab11fe88,,0x82c1b84b9892e33852f57c23ba1b0393b9b96bec,0xc36442b4a4522e871399cd717abdd847ab11fe88,0xa0b86991c6218b36c1d19d4a2e9eb0ce3606eb48,USDC,6,0xc02aaa39b223fe8d0a0e5c4f27ead9083c756cc2,WETH,18,0.0,0.02508623557732649,53.98501665816174,2325699173523053.0,,,199590,199600,2026-04-01T16:54:35+00:00
mint,0xe7d925eb5d2331c72ddec3690d2f677f5decad941935321026f41ab0e640b83f#11186313,1775062511,24786076,0xe7d925eb5d2331c72ddec3690d2f677f5decad941935321026f41ab0e640b83f,466,0x88e6a0c2ddd26feeb64f039a2c41296fcb3f5640,500.0,0.0,250486438.0,0xc36442b4a4522e871399cd717abdd847ab11fe88,,0x82c1b84b9892e33852f57c23ba1b0393b9b96bec,0xc36442b4a4522e871399cd717abdd847ab11fe88,0xa0b86991c6218b36c1d19d4a2e9eb0ce3606eb48,USDC,6,0xc02aaa39b223fe8d0a0e5c4f27ead9083c756cc2,WETH,18,0.0,0.02508623557732649,53.98501665816174,2325699173523053.0,,,199590,199600,2026-04-01T16:55:11+00:00
mint,0x9f6a95d0ea8c69a0dccb526b60433e1e780105bed5df4a94eb77928d195e8bc7#11186315,1775062547,24786079,0x9f6a95d0ea8c69a0dccb526b60433e1e780105bed5df4a94eb77928d195e8bc7,429,0x88e6a0c2ddd26feeb64f039a2c41296fcb3f5640,500.0,0.0,257763053.0,0xc36442b4a4522e871399cd717abdd847ab11fe88,,0x82c1b84b9892e33852f57c23ba1b0393b9b96bec,0xc36442b4a4522e871399cd717abdd847ab11fe88,0xa0b86991c6218b36c1d19d4a2e9eb0ce3606eb48,USDC,6,0xc02aaa39b223fe8d0a0e5c4f27ead9083c756cc2,WETH,18,0.0,0.02508623557732649,53.98501665816174,2325699173523053.0,,,199590,199600,2026-04-01T16:55:47+00:00
mint,0x1daf49500334dbfafb324e3bcf5ddd6f9e95ce695e2edbb8758103f47135e771#11186323,1775062691,24786091,0x1daf49500334dbfafb324e3bcf5ddd6f9e95ce695e2edbb8758103f47135e771,315,0x88e6a0c2ddd26feeb64f039a2c41296fcb3f5640,500.0,0.0,241777951.0,0xc36442b4a4522e871399cd717abdd847ab11fe88,,0x82c1b84b9892e33852f57c23ba1b0393b9b96bec,0xc36442b4a4522e871399cd717abdd847ab11fe88,0xa0b86991c6218b36c1d19d4a2e9eb0ce3606eb48,USDC,6,0xc02aaa39b223fe8d0a0e5c4f27ead9083c756cc2,WETH,18,0.0,0.02508623557732649,53.958193207569714,2325699173523053.0,,,199590,199600,2026-04-01T16:58:11+00:00
mint,0x4d1cbaa80d9432ff6b7b5828a7f5e4c63888501d0ed25ca6a601a37f517af5c5#11186325,1775062751,24786096,0x4d1cbaa80d9432ff6b7b5828a7f5e4c63888501d0ed25ca6a601a37f517af5c5,268,0x88e6a0c2ddd26feeb64f039a2c41296fcb3f5640,500.0,0.0,248500814.0,0xc36442b4a4522e871399cd717abdd847ab11fe88,,0x82c1b84b9892e33852f57c23ba1b0393b9b96bec,0xc36442b4a4522e871399cd717abdd847ab11fe88,0xa0b86991c6218b36c1d19d4a2e9eb0ce3606eb48,USDC,6,0xc02aaa39b223fe8d0a0e5c4f27ead9083c756cc2,WETH,18,0.0,0.02508623557732649,53.958193207569714,2325699173523053.0,,,199590,199600,2026-04-01T16:59:11+00:00
mint,0x580634791ec0b3cdf9d28e2f621ba26c20d3f99d23e732d930fbde63461d7c14#11186329,1775062799,24786100,0x580634791ec0b3cdf9d28e2f621ba26c20d3f99d23e732d930fbde63461d7c14,900,0x88e6a0c2ddd26feeb64f039a2c41296fcb3f5640,500.0,0.0,206142388.0,0xc36442b4a4522e871399cd717abdd847ab11fe88,,0x82c1b84b9892e33852f57c23ba1b0393b9b96bec,0xc36442b4a4522e871399cd717abdd847ab11fe88,0xa0b86991c6218b36c1d19d4a2e9eb0ce3606eb48,USDC,6,0xc02aaa39b223fe8d0a0e5c4f27ead9083c756cc2,WETH,18,0.0,0.02508623557732649,53.958193207569714,2325699173523053.0,,,199590,199600,2026-04-01T16:59:59+00:00
mint,0x5ac0eb5afcc6a389ca1aa2a6fae62094a1c0619c2df8122815c8d5bacb4807c8#11186331,1775062847,24786104,0x5ac0eb5afcc6a389ca1aa2a6fae62094a1c0619c2df8122815c8d5bacb4807c8,312,0x88e6a0c2ddd26feeb64f039a2c41296fcb3f5640,500.0,0.0,256989833.0,0xc36442b4a4522e871399cd717abdd847ab11fe88,,0x82c1b84b9892e33852f57c23ba1b0393b9b96bec,0xc36442b4a4522e871399cd717abdd847ab11fe88,0xa0b86991c6218b36c1d19d4a2e9eb0ce3606eb48,USDC,6,0xc02aaa39b223fe8d0a0e5c4f27ead9083c756cc2,WETH,18,0.0,0.02508623557732649,53.958193207569714,2325699173523053.0,,,199590,199600,2026-04-01T17:00:47+00:00
mint,0x26f57212205c5996bcd292653f85d4535059b951bfc6944a94adb3b5e8afda3d#11186452,1775063207,24786133,0x26f57212205c5996bcd292653f85d4535059b951bfc6944a94adb3b5e8afda3d,241,0x88e6a0c2ddd26feeb64f039a2c41296fcb3f5640,500.0,0.0,1853282018.0,0xc36442b4a4522e871399cd717abdd847ab11fe88,,0xc5f5e4e6dbd759a9ac9890de04035b792af641c3,0xc36442b4a4522e871399cd717abdd847ab11fe88,0xa0b86991c6218b36c1d19d4a2e9eb0ce3606eb48,USDC,6,0xc02aaa39b223fe8d0a0e5c4f27ead9083c756cc2,WETH,18,3094.256696,2.3286128908552626,8123.188401106777,2.501763610764257e+16,,,199460,199600,2026-04-01T17:06:47+00:00
mint,0x6966d9def82605a09c434783f19ea4859f81a2efa38b79d950946f45546668ef#11186461,1775063291,24786140,0x6966d9def82605a09c434783f19ea4859f81a2efa38b79d950946f45546668ef,200,0x88e6a0c2ddd26feeb64f039a2c41296fcb3f5640,500.0,0.0,1832642904.0,0xc36442b4a4522e871399cd717abdd847ab11fe88,,0xc5f5e4e6dbd759a9ac9890de04035b792af641c3,0xc36442b4a4522e871399cd717abdd847ab11fe88,0xa0b86991c6218b36c1d19d4a2e9eb0ce3606eb48,USDC,6,0xc02aaa39b223fe8d0a0e5c4f27ead9083c756cc2,WETH,18,155.374467,0.14381782455791717,465.96710372338225,1435030560524851.0,,,199460,199600,2026-04-01T17:08:11+00:00
mint,0x26a6acbf1988fa58dabe7f83fbd3093d3f2e65af2d1e38591f69462f99d5257e#11186468,1775063471,24786155,0x26a6acbf1988fa58dabe7f83fbd3093d3f2e65af2d1e38591f69462f99d5257e,95,0x88e6a0c2ddd26feeb64f039a2c41296fcb3f5640,500.0,0.0,2324148524.0,0xc36442b4a4522e871399cd717abdd847ab11fe88,,0xd36e324e495848e91f28c4a4013641ce8b5da932,0xc36442b4a4522e871399cd717abdd847ab11fe88,0xa0b86991c6218b36c1d19d4a2e9eb0ce3606eb48,USDC,6,0xc02aaa39b223fe8d0a0e5c4f27ead9083c756cc2,WETH,18,3620.007382,2.276776842588677,8536.992637089688,1.5353462944264736e+16,,,199430,199670,2026-04-01T17:11:11+00:00
mint,0x41572090a590a42caba1798718627e87c5ac8880aa59e71b4903a8c737fd98e5#11186474,1775063663,24786171,0x41572090a590a42caba1798718627e87c5ac8880aa59e71b4903a8c737fd98e5,228,0x88e6a0c2ddd26feeb64f039a2c41296fcb3f5640,500.0,0.0,2284009962.0,0xc36442b4a4522e871399cd717abdd847ab11fe88,,0x0c743580e161dc9bc89fb5df4658f46c4d15173e,0xc36442b4a4522e871399cd717abdd847ab11fe88,0xa0b86991c6218b36c1d19d4a2e9eb0ce3606eb48,USDC,6,0xc02aaa39b223fe8d0a0e5c4f27ead9083c756cc2,WETH,18,7590.267588,4.591542568644797,17500.948306400733,645380803303048.0,,,191560,205420,2026-04-01T17:14:23+00:00
mint,0xf283d6463fe602afc535991e0906251eac038ca78f785a779bd350fc3e7ae0be#11186480,1775063735,24786177,0xf283d6463fe602afc535991e0906251eac038ca78f785a779bd350fc3e7ae0be,356,0x88e6a0c2ddd26feeb64f039a2c41296fcb3f5640,500.0,0.0,278182148.0,0xc36442b4a4522e871399cd717abdd847ab11fe88,,0x82c1b84b9892e33852f57c23ba1b0393b9b96bec,0xc36442b4a4522e871399cd717abdd847ab11fe88,0xa0b86991c6218b36c1d19d4a2e9eb0ce3606eb48,USDC,6,0xc02aaa39b223fe8d0a0e5c4f27ead9083c756cc2,WETH,18,0.0,0.025086235577326487,54.134616733606926,2329190165325980.0,,,199560,199570,2026-04-01T17:15:35+00:00
mint,0xa6cf691ca07f44f7c9339cd24257f05b40927786f2d254ba7ad8962694b561e8#11186485,1775063891,24786190,0xa6cf691ca07f44f7c9339cd24257f05b40927786f2d254ba7ad8962694b561e8,391,0x88e6a0c2ddd26feeb64f039a2c41296fcb3f5640,500.0,0.0,249774215.0,0xc36442b4a4522e871399cd717abdd847ab11fe88,,0x82c1b84b9892e33852f57c23ba1b0393b9b96bec,0xc36442b4a4522e871399cd717abdd847ab11fe88,0xa0b86991c6218b36c1d19d4a2e9eb0ce3606eb48,USDC,6,0xc02aaa39b223fe8d0a0e5c4f27ead9083c756cc2,WETH,18,0.0,0.02508623557732649,54.13461881160772,2330354993350953.0,,,199550,199560,2026-04-01T17:18:11+00:00
mint,0xbe838b795c8ac60bdc5faabdec3de0baeba608aaecc9cadc3ea3b7738d173943#11186527,1775064143,24786211,0xbe838b795c8ac60bdc5faabdec3de0baeba608aaecc9cadc3ea3b7738d173943,179,0x88e6a0c2ddd26feeb64f039a2c41296fcb3f5640,500.0,0.0,2205813935.0,0xc36442b4a4522e871399cd717abdd847ab11fe88,,0xc6d80f4148482f8f77306718342d9c0e0cf06069,0xc36442b4a4522e871399cd717abdd847ab11fe88,0xa0b86991c6218b36c1d19d4a2e9eb0ce3606eb48,USDC,6,0xc02aaa39b223fe8d0a0e5c4f27ead9083c756cc2,WETH,18,0.487333,0.000312283041908855,1.1597174440393088,87334307000.0,,,195970,202160,2026-04-01T17:22:23+00:00
mint,0x08e7513a82b57184899a23b0cc5e6489f93d6842f0bd7f060a304473e0e93abd#11186538,1775064347,24786228,0x08e7513a82b57184899a23b0cc5e6489f93d6842f0bd7f060a304473e0e93abd,336,0x88e6a0c2ddd26feeb64f039a2c41296fcb3f5640,500.0,0.0,2234749864.0,0xc36442b4a4522e871399cd717abdd847ab11fe88,,0x778c75d0fb2a0ce301ac6c50808d9d9ea4a3a220,0xc36442b4a4522e871399cd717abdd847ab11fe88,0xa0b86991c6218b36c1d19d4a2e9eb0ce3606eb48,USDC,6,0xc02aaa39b223fe8d0a0e5c4f27ead9083c756cc2,WETH,18,200.0,0.06628451316728204,342.4272310239898,127149394999513.0,,,199130,200310,2026-04-01T17:25:47+00:00
mint,0xa6e61c8bb700ce96276544b164bc4948c90d902dfc56fb78d69f658f9eca2112#11186626,1775065499,24786324,0xa6e61c8bb700ce96276544b164bc4948c90d902dfc56fb78d69f658f9eca2112,92,0x88e6a0c2ddd26feeb64f039a2c41296fcb3f5640,500.0,0.0,224997797.0,0xc36442b4a4522e871399cd717abdd847ab11fe88,,0x82c1b84b9892e33852f57c23ba1b0393b9b96bec,0xc36442b4a4522e871399cd717abdd847ab11fe88,0xa0b86991c6218b36c1d19d4a2e9eb0ce3606eb48,USDC,6,0xc02aaa39b223fe8d0a0e5c4f27ead9083c756cc2,WETH,18,0.0,0.025086235577326487,53.70956146678333,2322213414021012.0,,,199620,199630,2026-04-01T17:44:59+00:00
mint,0x2a6697ac2e9afc1fcd351f17a2cf35092890bbeeb35bb68bf875274cf5df5840#11186631,1775065535,24786327,0x2a6697ac2e9afc1fcd351f17a2cf35092890bbeeb35bb68bf875274cf5df5840,494,0x88e6a0c2ddd26feeb64f039a2c41296fcb3f5640,500.0,0.0,200373930.0,0xc36442b4a4522e871399cd717abdd847ab11fe88,,0x82c1b84b9892e33852f57c23ba1b0393b9b96bec,0xc36442b4a4522e871399cd717abdd847ab11fe88,0xa0b86991c6218b36c1d19d4a2e9eb0ce3606eb48,USDC,6,0xc02aaa39b223fe8d0a0e5c4f27ead9083c756cc2,WETH,18,0.0,0.025086235577326487,53.70956146678333,2322213414021012.0,,,199620,199630,2026-04-01T17:45:35+00:00
mint,0xe7415ded1b93bf97cbf64ac16bac8615ea40bbe5bebae5a68d7ced47ba3a8351#11186635,1775065595,24786332,0xe7415ded1b93bf97cbf64ac16bac8615ea40bbe5bebae5a68d7ced47ba3a8351,195,0x88e6a0c2ddd26feeb64f039a2c41296fcb3f5640,500.0,0.0,208548504.0,0xc36442b4a4522e871399cd717abdd847ab11fe88,,0x82c1b84b9892e33852f57c23ba1b0393b9b96bec,0xc36442b4a4522e871399cd717abdd847ab11fe88,0xa0b86991c6218b36c1d19d4a2e9eb0ce3606eb48,USDC,6,0xc02aaa39b223fe8d0a0e5c4f27ead9083c756cc2,WETH,18,0.0,0.025086235577326487,53.70956146678333,2322213414021012.0,,,199620,199630,2026-04-01T17:46:35+00:00
mint,0xe0670f91cb748379cf5d235a41fc45e9c2e145c27208128e1b4e45588b8cbfb7#11186640,1775065679,24786339,0xe0670f91cb748379cf5d235a41fc45e9c2e145c27208128e1b4e45588b8cbfb7,327,0x88e6a0c2ddd26feeb64f039a2c41296fcb3f5640,500.0,0.0,517953838.0,0xc36442b4a4522e871399cd717abdd847ab11fe88,,0x14b3f5dc640733bac6c78462005027a88e0f7666,0xc36442b4a4522e871399cd717abdd847ab11fe88,0xa0b86991c6218b36c1d19d4a2e9eb0ce3606eb48,USDC,6,0xc02aaa39b223fe8d0a0e5c4f27ead9083c756cc2,WETH,18,0.0,0.004099999999998175,8.778088738540898,1051921310744.0,,,195200,199260,2026-04-01T17:47:59+00:00
mint,0x70765fab4d94492cad6ced4f8306a6751417bb36408d3d3d58223362e74db3e9#11186643,1775065739,24786344,0x70765fab4d94492cad6ced4f8306a6751417bb36408d3d3d58223362e74db3e9,497,0x88e6a0c2ddd26feeb64f039a2c41296fcb3f5640,500.0,0.0,280063657.0,0xc36442b4a4522e871399cd717abdd847ab11fe88,,0x82c1b84b9892e33852f57c23ba1b0393b9b96bec,0xc36442b4a4522e871399cd717abdd847ab11fe88,0xa0b86991c6218b36c1d19d4a2e9eb0ce3606eb48,USDC,6,0xc02aaa39b223fe8d0a0e5c4f27ead9083c756cc2,WETH,18,0.0,0.025086235577326484,53.709557834634275,2321052655564752.0,,,199630,199640,2026-04-01T17:48:59+00:00
mint,0x83a187733b04f79e3ba943f442a91a977a61933245fec9f3478cf4650253b2e8#11186647,1775065763,24786346,0x83a187733b04f79e3ba943f442a91a977a61933245fec9f3478cf4650253b2e8,178,0x88e6a0c2ddd26feeb64f039a2c41296fcb3f5640,500.0,0.0,468749030.0,0xc36442b4a4522e871399cd717abdd847ab11fe88,,0x14b3f5dc640733bac6c78462005027a88e0f7666,0xc36442b4a4522e871399cd717abdd847ab11fe88,0xa0b86991c6218b36c1d19d4a2e9eb0ce3606eb48,USDC,6,0xc02aaa39b223fe8d0a0e5c4f27ead9083c756cc2,WETH,18,0.444367,0.02050190570481757,44.338884864704696,7706857760854.0,,,197020,199670,2026-04-01T17:49:23+00:00
mint,0x16a56fcc812c723ab646d3045a33f92ed74f8fbef08f3484e760b56bc3e6527b#11186674,1775066291,24786390,0x16a56fcc812c723ab646d3045a33f92ed74f8fbef08f3484e760b56bc3e6527b,460,0x88e6a0c2ddd26feeb64f039a2c41296fcb3f5640,500.0,0.0,260384203.0,0xc36442b4a4522e871399cd717abdd847ab11fe88,,0x82c1b84b9892e33852f57c23ba1b0393b9b96bec,0xc36442b4a4522e871399cd717abdd847ab11fe88,0xa0b86991c6218b36c1d19d4a2e9eb0ce3606eb48,USDC,6,0xc02aaa39b223fe8d0a0e5c4f27ead9083c756cc2,WETH,18,0.0,0.02508623557732649,53.688807787039245,2319892477313648.0,,,199640,199650,2026-04-01T17:58:11+00:00
mint,0xcd865e793a3fab7dc388df7b40ed615f2ab560f94bba2a220f28e80d20023a90#11186678,1775066315,24786392,0xcd865e793a3fab7dc388df7b40ed615f2ab560f94bba2a220f28e80d20023a90,317,0x88e6a0c2ddd26feeb64f039a2c41296fcb3f5640,500.0,0.0,269000990.0,0xc36442b4a4522e871399cd717abdd847ab11fe88,,0x82c1b84b9892e33852f57c23ba1b0393b9b96bec,0xc36442b4a4522e871399cd717abdd847ab11fe88,0xa0b86991c6218b36c1d19d4a2e9eb0ce3606eb48,USDC,6,0xc02aaa39b223fe8d0a0e5c4f27ead9083c756cc2,WETH,18,0.0,0.024859622928561795,53.20381820364252,2300085783569209.0,,,199630,199640,2026-04-01T17:58:35+00:00
mint,0x7ba59a96207e134d4cbe0d24221649533c1b01bbf8c61a1ebfa82bb3dec78c2d#11186763,1775066963,24786446,0x7ba59a96207e134d4cbe0d24221649533c1b01bbf8c61a1ebfa82bb3dec78c2d,7,0x88e6a0c2ddd26feeb64f039a2c41296fcb3f5640,500.0,0.0,2289254274.0,0xc36442b4a4522e871399cd717abdd847ab11fe88,,0xd36e324e495848e91f28c4a4013641ce8b5da932,0xc36442b4a4522e871399cd717abdd847ab11fe88,0xa0b86991c6218b36c1d19d4a2e9eb0ce3606eb48,USDC,6,0xc02aaa39b223fe8d0a0e5c4f27ead9083c756cc2,WETH,18,4126.337897,2.445538791497711,9339.72099490292,1.6908066833919398e+16,,,199550,199790,2026-04-01T18:09:23+00:00
mint,0xae9cd87005acded2b74490b088fb37a2fbc7aab7129ea8e59d98308bc83b60c3#11186771,1775067059,24786454,0xae9cd87005acded2b74490b088fb37a2fbc7aab7129ea8e59d98308bc83b60c3,503,0x88e6a0c2ddd26feeb64f039a2c41296fcb3f5640,500.0,0.0,787531647.0,0xc36442b4a4522e871399cd717abdd847ab11fe88,,0x3ab5549291f85d97f6c6634bc35f08ef84bfca02,0xc36442b4a4522e871399cd717abdd847ab11fe88,0xa0b86991c6218b36c1d19d4a2e9eb0ce3606eb48,USDC,6,0xc02aaa39b223fe8d0a0e5c4f27ead9083c756cc2,WETH,18,11.829003,0.005548471135809038,23.6571963368613,874348846564.0,,,192750,206620,2026-04-01T18:10:59+00:00
mint,0x7fd78d4357fe13b453561aba56620228555fccf6abb702f6bd9efbf09d66f933#11186843,1775068043,24786536,0x7fd78d4357fe13b453561aba56620228555fccf6abb702f6bd9efbf09d66f933,106,0x88e6a0c2ddd26feeb64f039a2c41296fcb3f5640,500.0,0.0,727390660.0,0xc36442b4a4522e871399cd717abdd847ab11fe88,,0x951ad653ebfec61856546db89c4088c39cefb095,0xc36442b4a4522e871399cd717abdd847ab11fe88,0xa0b86991c6218b36c1d19d4a2e9eb0ce3606eb48,USDC,6,0xc02aaa39b223fe8d0a0e5c4f27ead9083c756cc2,WETH,18,37.054999,0.003874607786438497,45.31375361462609,11382940845210.0,,,199370,201150,2026-04-01T18:27:23+00:00
mint,0xdee33c9a5f3297fdb826c750a727439d0ccaa6148a6cb7c178c9f5236c2c498a#11186889,1775068559,24786579,0xdee33c9a5f3297fdb826c750a727439d0ccaa6148a6cb7c178c9f5236c2c498a,85,0x88e6a0c2ddd26feeb64f039a2c41296fcb3f5640,500.0,0.0,2324429068.0,0xc36442b4a4522e871399cd717abdd847ab11fe88,,0x98e9e70353a4e36a563ee9ae89887d8be18d70fa,0xc36442b4a4522e871399cd717abdd847ab11fe88,0xa0b86991c6218b36c1d19d4a2e9eb0ce3606eb48,USDC,6,0xc02aaa39b223fe8d0a0e5c4f27ead9083c756cc2,WETH,18,298.126771,0.08170120057297622,472.2893143339721,147884139395834.0,,,199170,200580,2026-04-01T18:35:59+00:00
mint,0xe20935fd4623caca803914ae72410d2d4649b5fec76ef808b09def107f99589b#11186893,1775068607,24786583,0xe20935fd4623caca803914ae72410d2d4649b5fec76ef808b09def107f99589b,436,0x88e6a0c2ddd26feeb64f039a2c41296fcb3f5640,500.0,0.0,230211693.0,0xc36442b4a4522e871399cd717abdd847ab11fe88,,0x82c1b84b9892e33852f57c23ba1b0393b9b96bec,0xc36442b4a4522e871399cd717abdd847ab11fe88,0xa0b86991c6218b36c1d19d4a2e9eb0ce3606eb48,USDC,6,0xc02aaa39b223fe8d0a0e5c4f27ead9083c756cc2,WETH,18,0.0,0.0248596229285618,52.9932868207316,2294343037666039.0,,,199680,199690,2026-04-01T18:36:47+00:00
mint,0x3aeffee1af42e2effe3d5db37fc15746ef904a4bf7381569c7849865532966fe#11186896,1775068643,24786586,0x3aeffee1af42e2effe3d5db37fc15746ef904a4bf7381569c7849865532966fe,98,0x88e6a0c2ddd26feeb64f039a2c41296fcb3f5640,500.0,0.0,223196555.0,0xc36442b4a4522e871399cd717abdd847ab11fe88,,0x82c1b84b9892e33852f57c23ba1b0393b9b96bec,0xc36442b4a4522e871399cd717abdd847ab11fe88,0xa0b86991c6218b36c1d19d4a2e9eb0ce3606eb48,USDC,6,0xc02aaa39b223fe8d0a0e5c4f27ead9083c756cc2,WETH,18,0.0,0.02485962292856179,52.993286820731576,2294343037666038.0,,,199680,199690,2026-04-01T18:37:23+00:00
mint,0xa5193ff9276dde2f782311d8440d0848e5c78d123e41f4520b7d5460e28e9dff#11186900,1775068667,24786588,0xa5193ff9276dde2f782311d8440d0848e5c78d123e41f4520b7d5460e28e9dff,328,0x88e6a0c2ddd26feeb64f039a2c41296fcb3f5640,500.0,0.0,221747917.0,0xc36442b4a4522e871399cd717abdd847ab11fe88,,0x82c1b84b9892e33852f57c23ba1b0393b9b96bec,0xc36442b4a4522e871399cd717abdd847ab11fe88,0xa0b86991c6218b36c1d19d4a2e9eb0ce3606eb48,USDC,6,0xc02aaa39b223fe8d0a0e5c4f27ead9083c756cc2,WETH,18,0.0,0.02485962292856179,52.993289925586524,2294343037666038.0,,,199680,199690,2026-04-01T18:37:47+00:00
mint,0x0999a300c2b1eab0013cb2330156eb6998ae18e0b2021194a7db26d3eb06c879#11186903,1775068727,24786593,0x0999a300c2b1eab0013cb2330156eb6998ae18e0b2021194a7db26d3eb06c879,131,0x88e6a0c2ddd26feeb64f039a2c41296fcb3f5640,500.0,0.0,219317972.0,0xc36442b4a4522e871399cd717abdd847ab11fe88,,0x82c1b84b9892e33852f57c23ba1b0393b9b96bec,0xc36442b4a4522e871399cd717abdd847ab11fe88,0xa0b86991c6218b36c1d19d4a2e9eb0ce3606eb48,USDC,6,0xc02aaa39b223fe8d0a0e5c4f27ead9083c756cc2,WETH,18,0.0,0.02485962292856179,52.9932907635526,2294343037666038.0,,,199680,199690,2026-04-01T18:38:47+00:00
mint,0x7e1733c69facfb792ade78651de7501b8a66a802db4ebbb75afa105d257370b8#11186966,1775069519,24786659,0x7e1733c69facfb792ade78651de7501b8a66a802db4ebbb75afa105d257370b8,189,0x88e6a0c2ddd26feeb64f039a2c41296fcb3f5640,500.0,0.0,318796714.0,0xc36442b4a4522e871399cd717abdd847ab11fe88,,0x82c1b84b9892e33852f57c23ba1b0393b9b96bec,0xc36442b4a4522e871399cd717abdd847ab11fe88,0xa0b86991c6218b36c1d19d4a2e9eb0ce3606eb48,USDC,6,0xc02aaa39b223fe8d0a0e5c4f27ead9083c756cc2,WETH,18,49.082557,0.0,49.082557,2128550268720176.0,,,199690,199700,2026-04-01T18:51:59+00:00
mint,0xe4f427df340233ef567aca7854a8a137540bf45d2ee7bc67514496e1cc6552ce#11186968,1775069579,24786664,0xe4f427df340233ef567aca7854a8a137540bf45d2ee7bc67514496e1cc6552ce,303,0x88e6a0c2ddd26feeb64f039a2c41296fcb3f5640,500.0,0.0,346569747.0,0xc36442b4a4522e871399cd717abdd847ab11fe88,,0x82c1b84b9892e33852f57c23ba1b0393b9b96bec,0xc36442b4a4522e871399cd717abdd847ab11fe88,0xa0b86991c6218b36c1d19d4a2e9eb0ce3606eb48,USDC,6,0xc02aaa39b223fe8d0a0e5c4f27ead9083c756cc2,WETH,18,49.082556,0.0,49.082556,2128550225353441.0,,,199690,199700,2026-04-01T18:52:59+00:00
mint,0xfb6aa7da35a6fb97fabef0e71d4a31cfd639623cdd31b7426819b29e7a21baad#11186975,1775069663,24786671,0xfb6aa7da35a6fb97fabef0e71d4a31cfd639623cdd31b7426819b29e7a21baad,220,0x88e6a0c2ddd26feeb64f039a2c41296fcb3f5640,500.0,0.0,279174702.0,0xc36442b4a4522e871399cd717abdd847ab11fe88,,0x82c1b84b9892e33852f57c23ba1b0393b9b96bec,0xc36442b4a4522e871399cd717abdd847ab11fe88,0xa0b86991c6218b36c1d19d4a2e9eb0ce3606eb48,USDC,6,0xc02aaa39b223fe8d0a0e5c4f27ead9083c756cc2,WETH,18,49.082555,0.0,49.082555,2128550181986705.0,,,199690,199700,2026-04-01T18:54:23+00:00
mint,0xdb267448ee2239b56c51ddcd9fdf50d9dc454a5051d4212aeefc87375ba4a57b#11186978,1775069687,24786673,0xdb267448ee2239b56c51ddcd9fdf50d9dc454a5051d4212aeefc87375ba4a57b,263,0x88e6a0c2ddd26feeb64f039a2c41296fcb3f5640,500.0,0.0,272015518.0,0xc36442b4a4522e871399cd717abdd847ab11fe88,,0x82c1b84b9892e33852f57c23ba1b0393b9b96bec,0xc36442b4a4522e871399cd717abdd847ab11fe88,0xa0b86991c6218b36c1d19d4a2e9eb0ce3606eb48,USDC,6,0xc02aaa39b223fe8d0a0e5c4f27ead9083c756cc2,WETH,18,49.082554,0.0,49.082554,2128550138619970.0,,,199690,199700,2026-04-01T18:54:47+00:00
mint,0x83e75f1be4730273a26d3eddda19dd2de24c5130fbaa260d18b445815493dea6#11186980,1775069711,24786675,0x83e75f1be4730273a26d3eddda19dd2de24c5130fbaa260d18b445815493dea6,509,0x88e6a0c2ddd26feeb64f039a2c41296fcb3f5640,500.0,0.0,258402690.0,0xc36442b4a4522e871399cd717abdd847ab11fe88,,0x82c1b84b9892e33852f57c23ba1b0393b9b96bec,0xc36442b4a4522e871399cd717abdd847ab11fe88,0xa0b86991c6218b36c1d19d4a2e9eb0ce3606eb48,USDC,6,0xc02aaa39b223fe8d0a0e5c4f27ead9083c756cc2,WETH,18,49.082553,0.0,49.082553,2128550095253234.0,,,199690,199700,2026-04-01T18:55:11+00:00
mint,0x76e61e97c7d50db8e83a2fc750f81a6ee1a66cf46ed272b02773256ef4076fe4#11187002,1775069975,24786697,0x76e61e97c7d50db8e83a2fc750f81a6ee1a66cf46ed272b02773256ef4076fe4,50,0x88e6a0c2ddd26feeb64f039a2c41296fcb3f5640,500.0,0.0,461043859.0,0xc36442b4a4522e871399cd717abdd847ab11fe88,,0xdae7c03252ab4098036bc92371ee38527725e6e3,0xc36442b4a4522e871399cd717abdd847ab11fe88,0xa0b86991c6218b36c1d19d4a2e9eb0ce3606eb48,USDC,6,0xc02aaa39b223fe8d0a0e5c4f27ead9083c756cc2,WETH,18,12733.432996,5.28651450426987,24002.704040471304,2443766344584109.0,,,197590,202090,2026-04-01T18:59:35+00:00
mint,0x7c1db005d1cef50a9d03bd001b311628eb2870e29e102d9aa8a1596b77b0473c#11187006,1775070023,24786701,0x7c1db005d1cef50a9d03bd001b311628eb2870e29e102d9aa8a1596b77b0473c,459,0x88e6a0c2ddd26feeb64f039a2c41296fcb3f5640,500.0,0.0,403445677.0,0xc36442b4a4522e871399cd717abdd847ab11fe88,,0xa6c8e4705d9f6aa0c8deacb47007c24e333566b3,0xc36442b4a4522e871399cd717abdd847ab11fe88,0xa0b86991c6218b36c1d19d4a2e9eb0ce3606eb48,USDC,6,0xc02aaa39b223fe8d0a0e5c4f27ead9083c756cc2,WETH,18,10.319653,0.003646710249213896,18.0933508089912,4183640214320.0,,,198870,200790,2026-04-01T19:00:23+00:00
mint,0x3a635bc50ddaa20ce4c7a9e123a4122c668918705dd2422fb68ecbe70aafb16b#11187063,1775070827,24786768,0x3a635bc50ddaa20ce4c7a9e123a4122c668918705dd2422fb68ecbe70aafb16b,243,0x88e6a0c2ddd26feeb64f039a2c41296fcb3f5640,500.0,0.0,318188621.0,0xc36442b4a4522e871399cd717abdd847ab11fe88,,0x82c1b84b9892e33852f57c23ba1b0393b9b96bec,0xc36442b4a4522e871399cd717abdd847ab11fe88,0xa0b86991c6218b36c1d19d4a2e9eb0ce3606eb48,USDC,6,0xc02aaa39b223fe8d0a0e5c4f27ead9083c756cc2,WETH,18,49.082552,0.0,49.082552,2127486096068579.0,,,199680,199690,2026-04-01T19:13:47+00:00
mint,0x3076fb9f91972463b6df426e7d930fe76f2647cd95f59e60e706920248f0f8e1#11187077,1775071103,24786791,0x3076fb9f91972463b6df426e7d930fe76f2647cd95f59e60e706920248f0f8e1,354,0x88e6a0c2ddd26feeb64f039a2c41296fcb3f5640,500.0,0.0,799079927.0,0xc36442b4a4522e871399cd717abdd847ab11fe88,,0xa2a392b35b42cee816dc25e64a7ca0df77c9cc38,0xc36442b4a4522e871399cd717abdd847ab11fe88,0xa0b86991c6218b36c1d19d4a2e9eb0ce3606eb48,USDC,6,0xc02aaa39b223fe8d0a0e5c4f27ead9083c756cc2,WETH,18,14.357809,0.004883777944644307,24.768566015568187,3878416526545.0,,,198490,201360,2026-04-01T19:18:23+00:00
mint,0x77d5c707259db98e01662158463a1da5ec4d52286c222ea53c24616141c0a2cb#11187086,1775071271,24786805,0x77d5c707259db98e01662158463a1da5ec4d52286c222ea53c24616141c0a2cb,284,0x88e6a0c2ddd26feeb64f039a2c41296fcb3f5640,500.0,0.0,279396166.0,0xc36442b4a4522e871399cd717abdd847ab11fe88,,0x82c1b84b9892e33852f57c23ba1b0393b9b96bec,0xc36442b4a4522e871399cd717abdd847ab11fe88,0xa0b86991c6218b36c1d19d4a2e9eb0ce3606eb48,USDC,6,0xc02aaa39b223fe8d0a0e5c4f27ead9083c756cc2,WETH,18,49.082551,0.0,49.082551,2127486052723520.0,,,199680,199690,2026-04-01T19:21:11+00:00
mint,0x890b6f66548b8a0aae2268f9ffb5f13a41990725c3e24c60920c508d98ee55cd#11187091,1775071475,24786822,0x890b6f66548b8a0aae2268f9ffb5f13a41990725c3e24c60920c508d98ee55cd,101,0x88e6a0c2ddd26feeb64f039a2c41296fcb3f5640,500.0,0.0,325893217.0,0xc36442b4a4522e871399cd717abdd847ab11fe88,,0x82c1b84b9892e33852f57c23ba1b0393b9b96bec,0xc36442b4a4522e871399cd717abdd847ab11fe88,0xa0b86991c6218b36c1d19d4a2e9eb0ce3606eb48,USDC,6,0xc02aaa39b223fe8d0a0e5c4f27ead9083c756cc2,WETH,18,49.08255,0.0,49.08255,2128549965153027.0,,,199690,199700,2026-04-01T19:24:35+00:00
mint,0xd6008946fa08838c29c6866e305a91624591b577d2137d05cd1ca4d0fe929b3d#11187139,1775072411,24786899,0xd6008946fa08838c29c6866e305a91624591b577d2137d05cd1ca4d0fe929b3d,413,0x88e6a0c2ddd26feeb64f039a2c41296fcb3f5640,500.0,0.0,332070625.0,0xc36442b4a4522e871399cd717abdd847ab11fe88,,0x11a9b09786ead6eb7be64671a5e2eb67484385db,0xc36442b4a4522e871399cd717abdd847ab11fe88,0xa0b86991c6218b36c1d19d4a2e9eb0ce3606eb48,USDC,6,0xc02aaa39b223fe8d0a0e5c4f27ead9083c756cc2,WETH,18,9.971577,0.002343209228306981,14.974967633514376,857932434476.0,,,196940,205430,2026-04-01T19:40:11+00:00
mint,0x62ab09492f5b0f0fd17ee9b22ab54721aaa583d25237eabdd0afbdf1015d398e#11187154,1775072579,24786913,0x62ab09492f5b0f0fd17ee9b22ab54721aaa583d25237eabdd0afbdf1015d398e,70,0x88e6a0c2ddd26feeb64f039a2c41296fcb3f5640,500.0,0.0,2271890445.0,0xc36442b4a4522e871399cd717abdd847ab11fe88,,0x3522bc811c5a2e56eafe1d66cbb71c70a868f0dc,0xc36442b4a4522e871399cd717abdd847ab11fe88,0xa0b86991c6218b36c1d19d4a2e9eb0ce3606eb48,USDC,6,0xc02aaa39b223fe8d0a0e5c4f27ead9083c756cc2,WETH,18,15.0,0.007004222199860594,29.98001610360877,324134745126.0,,,-887270,887270,2026-04-01T19:42:59+00:00
mint,0x517d68b2df276c26a1b6ed24116327315ffaebae2e4a906f0a24a00e533b67ce#11187174,1775072819,24786933,0x517d68b2df276c26a1b6ed24116327315ffaebae2e4a906f0a24a00e533b67ce,306,0x88e6a0c2ddd26feeb64f039a2c41296fcb3f5640,500.0,0.0,302812595.0,0xc36442b4a4522e871399cd717abdd847ab11fe88,,0x82c1b84b9892e33852f57c23ba1b0393b9b96bec,0xc36442b4a4522e871399cd717abdd847ab11fe88,0xa0b86991c6218b36c1d19d4a2e9eb0ce3606eb48,USDC,6,0xc02aaa39b223fe8d0a0e5c4f27ead9083c756cc2,WETH,18,49.082549,0.0,49.082549,2123235458547419.0,,,199640,199650,2026-04-01T19:46:59+00:00
mint,0xd2ca51554b205d1ac231009a5f1aac362bba92d0b042f31b26708e4b8e4f9172#11187207,1775072951,24786944,0xd2ca51554b205d1ac231009a5f1aac362bba92d0b042f31b26708e4b8e4f9172,128,0x88e6a0c2ddd26feeb64f039a2c41296fcb3f5640,500.0,0.0,2273289912.0,0xc36442b4a4522e871399cd717abdd847ab11fe88,,0x6ec41784853006c30520116c3e107d6f02d45358,0xc36442b4a4522e871399cd717abdd847ab11fe88,0xa0b86991c6218b36c1d19d4a2e9eb0ce3606eb48,USDC,6,0xc02aaa39b223fe8d0a0e5c4f27ead9083c756cc2,WETH,18,7035.48551,1.2811867031017663,9775.57525823441,2135127739399657.0,,,199050,201090,2026-04-01T19:49:11+00:00
mint,0x32530e954d59ef21b3edd1c1d262b5800be17f0a555a62e3dc74294000ce1e9d#11187307,1775073743,24787010,0x32530e954d59ef21b3edd1c1d262b5800be17f0a555a62e3dc74294000ce1e9d,911,0x88e6a0c2ddd26feeb64f039a2c41296fcb3f5640,500.0,0.0,250730597.0,0xc36442b4a4522e871399cd717abdd847ab11fe88,,0x6eca14de283f6bfe0ea7bd5d03008f520f0b52df,0xc36442b4a4522e871399cd717abdd847ab11fe88,0xa0b86991c6218b36c1d19d4a2e9eb0ce3606eb48,USDC,6,0xc02aaa39b223fe8d0a0e5c4f27ead9083c756cc2,WETH,18,0.015507,8.4593251534548e-05,0.1969094938395953,15495346621.0,,,193810,200070,2026-04-01T20:02:23+00:00
mint,0xcb497e8f69f04a54a6aaf7015f198960e54de7d34f08a3596196d3ff4434ccee#11187368,1775074175,24787046,0xcb497e8f69f04a54a6aaf7015f198960e54de7d34f08a3596196d3ff4434ccee,22,0x88e6a0c2ddd26feeb64f039a2c41296fcb3f5640,500.0,0.0,2289037454.0,0xc36442b4a4522e871399cd717abdd847ab11fe88,,0xe10f681aae813316ec28275339a05667513af0b4,0xc36442b4a4522e871399cd717abdd847ab11fe88,0xa0b86991c6218b36c1d19d4a2e9eb0ce3606eb48,USDC,6,0xc02aaa39b223fe8d0a0e5c4f27ead9083c756cc2,WETH,18,313.94485,0.14140307529373145,616.1346801096508,41896371824569.0,,,196260,203190,2026-04-01T20:09:35+00:00
mint,0x768fbba9309e0465916187ff139af8fc987a74381b634879232a08e7cf3a3eb2#11187425,1775074667,24787087,0x768fbba9309e0465916187ff139af8fc987a74381b634879232a08e7cf3a3eb2,406,0x88e6a0c2ddd26feeb64f039a2c41296fcb3f5640,500.0,0.0,216274576.0,0xc36442b4a4522e871399cd717abdd847ab11fe88,,0x82c1b84b9892e33852f57c23ba1b0393b9b96bec,0xc36442b4a4522e871399cd717abdd847ab11fe88,0xa0b86991c6218b36c1d19d4a2e9eb0ce3606eb48,USDC,6,0xc02aaa39b223fe8d0a0e5c4f27ead9083c756cc2,WETH,18,49.082548,0.0,49.082548,2124297245341379.0,,,199650,199660,2026-04-01T20:17:47+00:00
mint,0x575b2bf8dbb77e2a9b285564d6512c88e8e89327052e821ab0b94f12c73fd42e#11187437,1775074787,24787097,0x575b2bf8dbb77e2a9b285564d6512c88e8e89327052e821ab0b94f12c73fd42e,311,0x88e6a0c2ddd26feeb64f039a2c41296fcb3f5640,500.0,0.0,183695974.0,0xc36442b4a4522e871399cd717abdd847ab11fe88,,0x82c1b84b9892e33852f57c23ba1b0393b9b96bec,0xc36442b4a4522e871399cd717abdd847ab11fe88,0xa0b86991c6218b36c1d19d4a2e9eb0ce3606eb48,USDC,6,0xc02aaa39b223fe8d0a0e5c4f27ead9083c756cc2,WETH,18,49.082547,0.000241486415531166,49.599408690178095,2146628954621986.0,,,199650,199660,2026-04-01T20:19:47+00:00
mint,0xcdb2e180d5173f28b01dae7c134ca52fe1c74037f07c87e622bab12124531fb7#11187439,1775074835,24787101,0xcdb2e180d5173f28b01dae7c134ca52fe1c74037f07c87e622bab12124531fb7,401,0x88e6a0c2ddd26feeb64f039a2c41296fcb3f5640,500.0,0.0,178521535.0,0xc36442b4a4522e871399cd717abdd847ab11fe88,,0x82c1b84b9892e33852f57c23ba1b0393b9b96bec,0xc36442b4a4522e871399cd717abdd847ab11fe88,0xa0b86991c6218b36c1d19d4a2e9eb0ce3606eb48,USDC,6,0xc02aaa39b223fe8d0a0e5c4f27ead9083c756cc2,WETH,18,49.082546,0.0,49.082546,2125359519811543.0,,,199660,199670,2026-04-01T20:20:35+00:00
mint,0x366059abde53a0dad5dcddf6c2e92de72184c1d8d2c785b201fc6640c389ef2e#11187449,1775074895,24787106,0x366059abde53a0dad5dcddf6c2e92de72184c1d8d2c785b201fc6640c389ef2e,860,0x88e6a0c2ddd26feeb64f039a2c41296fcb3f5640,500.0,0.0,181076534.0,0xc36442b4a4522e871399cd717abdd847ab11fe88,,0x7795eac45aca48415f2d72761d335b61ce888ebe,0xc36442b4a4522e871399cd717abdd847ab11fe88,0xa0b86991c6218b36c1d19d4a2e9eb0ce3606eb48,USDC,6,0xc02aaa39b223fe8d0a0e5c4f27ead9083c756cc2,WETH,18,5.085727,0.002296911221019059,10.001885175082629,678707017387.0,,,196250,203190,2026-04-01T20:21:35+00:00
mint,0x5267d81be39f6b4472a85472267f45181507e4a88b9af21ac57f7da50c22bd4a#11187461,1775075147,24787127,0x5267d81be39f6b4472a85472267f45181507e4a88b9af21ac57f7da50c22bd4a,613,0x88e6a0c2ddd26feeb64f039a2c41296fcb3f5640,500.0,0.0,217472775.0,0xc36442b4a4522e871399cd717abdd847ab11fe88,,0x7795eac45aca48415f2d72761d335b61ce888ebe,0xc36442b4a4522e871399cd717abdd847ab11fe88,0xa0b86991c6218b36c1d19d4a2e9eb0ce3606eb48,USDC,6,0xc02aaa39b223fe8d0a0e5c4f27ead9083c756cc2,WETH,18,5.104482,0.002289053417172543,10.003821648186143,678840049328.0,,,196250,203190,2026-04-01T20:25:47+00:00
mint,0xfbd142cf89d12fbc20413e5ce24e46895ffdd9d556f774be3b76b39391b6dcc5#11187531,1775075975,24787195,0xfbd142cf89d12fbc20413e5ce24e46895ffdd9d556f774be3b76b39391b6dcc5,103,0x88e6a0c2ddd26feeb64f039a2c41296fcb3f5640,500.0,0.0,459200915.0,0xc36442b4a4522e871399cd717abdd847ab11fe88,,0x97b3c6cb376154ef9be9163e7a47fbbfd0240db8,0xc36442b4a4522e871399cd717abdd847ab11fe88,0xa0b86991c6218b36c1d19d4a2e9eb0ce3606eb48,USDC,6,0xc02aaa39b223fe8d0a0e5c4f27ead9083c756cc2,WETH,18,100.144375,0.03433503554137157,173.55909410949087,64583357822455.0,,,199140,200320,2026-04-01T20:39:35+00:00
mint,0x04cd2a9ab7af960f68c71662fc9297d6b0b9a12612abf6dab6c74b118e43abf2#11187546,1775076299,24787222,0x04cd2a9ab7af960f68c71662fc9297d6b0b9a12612abf6dab6c74b118e43abf2,154,0x88e6a0c2ddd26feeb64f039a2c41296fcb3f5640,500.0,0.0,728449673.0,0xc36442b4a4522e871399cd717abdd847ab11fe88,,0x6cca101bd459cf402a6834d117abca78171761fd,0xc36442b4a4522e871399cd717abdd847ab11fe88,0xa0b86991c6218b36c1d19d4a2e9eb0ce3606eb48,USDC,6,0xc02aaa39b223fe8d0a0e5c4f27ead9083c756cc2,WETH,18,39.993702,0.01940066501425142,81.47595148820257,28412961460682.0,,,198990,200250,2026-04-01T20:44:59+00:00
mint,0x5f0db78a8cf6187cdd0c82d301ba0738fff4ebb97fb8ac1d7622b2ee26f384ae#11187552,1775076563,24787244,0x5f0db78a8cf6187cdd0c82d301ba0738fff4ebb97fb8ac1d7622b2ee26f384ae,332,0x88e6a0c2ddd26feeb64f039a2c41296fcb3f5640,500.0,0.0,210297257.0,0xc36442b4a4522e871399cd717abdd847ab11fe88,,0x82c1b84b9892e33852f57c23ba1b0393b9b96bec,0xc36442b4a4522e871399cd717abdd847ab11fe88,0xa0b86991c6218b36c1d19d4a2e9eb0ce3606eb48,USDC,6,0xc02aaa39b223fe8d0a0e5c4f27ead9083c756cc2,WETH,18,49.082545,0.0,49.082545,2122173986281819.0,,,199630,199640,2026-04-01T20:49:23+00:00
mint,0x42366f5f0e39e93554cb3a8b049ee4decb7c301e9fb036974992aeba564137c6#11187554,1775076599,24787247,0x42366f5f0e39e93554cb3a8b049ee4decb7c301e9fb036974992aeba564137c6,215,0x88e6a0c2ddd26feeb64f039a2c41296fcb3f5640,500.0,0.0,212587093.0,0xc36442b4a4522e871399cd717abdd847ab11fe88,,0x82c1b84b9892e33852f57c23ba1b0393b9b96bec,0xc36442b4a4522e871399cd717abdd847ab11fe88,0xa0b86991c6218b36c1d19d4a2e9eb0ce3606eb48,USDC,6,0xc02aaa39b223fe8d0a0e5c4f27ead9083c756cc2,WETH,18,49.082544,0.0,49.082544,2122173943044982.0,,,199630,199640,2026-04-01T20:49:59+00:00
mint,0x752d64d8c7a436dd35b7aa314b392ab07be8150b95c285cd4906d77e7549cb7f#11187559,1775076647,24787251,0x752d64d8c7a436dd35b7aa314b392ab07be8150b95c285cd4906d77e7549cb7f,313,0x88e6a0c2ddd26feeb64f039a2c41296fcb3f5640,500.0,0.0,210218311.0,0xc36442b4a4522e871399cd717abdd847ab11fe88,,0x05854d0c70d2f696fb3d9c0863100956b795e2ff,0xc36442b4a4522e871399cd717abdd847ab11fe88,0xa0b86991c6218b36c1d19d4a2e9eb0ce3606eb48,USDC,6,0xc02aaa39b223fe8d0a0e5c4f27ead9083c756cc2,WETH,18,0.941452,0.00030786957139656,1.5997347445138912,354905936016.0,,,198800,200800,2026-04-01T20:50:47+00:00
mint,0x5b95796137ab969cdf5c7fed26096d7adc59490c4d70e7ea152bf916e615c1b5#11187560,1775076659,24787252,0x5b95796137ab969cdf5c7fed26096d7adc59490c4d70e7ea152bf916e615c1b5,258,0x88e6a0c2ddd26feeb64f039a2c41296fcb3f5640,500.0,0.0,215723187.0,0xc36442b4a4522e871399cd717abdd847ab11fe88,,0x82c1b84b9892e33852f57c23ba1b0393b9b96bec,0xc36442b4a4522e871399cd717abdd847ab11fe88,0xa0b86991c6218b36c1d19d4a2e9eb0ce3606eb48,USDC,6,0xc02aaa39b223fe8d0a0e5c4f27ead9083c756cc2,WETH,18,49.082543,0.0,49.082543,2121113131110065.0,,,199620,199630,2026-04-01T20:50:59+00:00
mint,0x87b3926fbe028756dbd1c8c63a57604d8ee09b29411c1b2cc3ff2eadd447c498#11187562,1775076671,24787253,0x87b3926fbe028756dbd1c8c63a57604d8ee09b29411c1b2cc3ff2eadd447c498,659,0x88e6a0c2ddd26feeb64f039a2c41296fcb3f5640,500.0,0.0,204209995.0,0xc36442b4a4522e871399cd717abdd847ab11fe88,,0xe4a661908fcf2c647ca8cfc4f167c44e68fcaf7f,0xc36442b4a4522e871399cd717abdd847ab11fe88,0xa0b86991c6218b36c1d19d4a2e9eb0ce3606eb48,USDC,6,0xc02aaa39b223fe8d0a0e5c4f27ead9083c756cc2,WETH,18,40.437107,0.005619107168084888,52.4518094324143,174777172404083.0,,,199590,199720,2026-04-01T20:51:11+00:00
mint,0x86a69264b51d333a58d22417ce4a6834de2bc98871be187b6ff2eb4d754e242d#11187594,1775077403,24787313,0x86a69264b51d333a58d22417ce4a6834de2bc98871be187b6ff2eb4d754e242d,252,0x88e6a0c2ddd26feeb64f039a2c41296fcb3f5640,500.0,0.0,186818480.0,0xc36442b4a4522e871399cd717abdd847ab11fe88,,0x82c1b84b9892e33852f57c23ba1b0393b9b96bec,0xc36442b4a4522e871399cd717abdd847ab11fe88,0xa0b86991c6218b36c1d19d4a2e9eb0ce3606eb48,USDC,6,0xc02aaa39b223fe8d0a0e5c4f27ead9083c756cc2,WETH,18,49.082542,0.0,49.082542,2121113087894840.0,,,199620,199630,2026-04-01T21:03:23+00:00
mint,0x47c59783ccbaef85562517445b220be2734f234136f000f5c9f29d324d6c3ee4#11187613,1775077631,24787332,0x47c59783ccbaef85562517445b220be2734f234136f000f5c9f29d324d6c3ee4,32,0x88e6a0c2ddd26feeb64f039a2c41296fcb3f5640,500.0,0.0,223031361.0,0x1f2f10d1c40777ae1da742455c65828ff36df387,,0xae2fc483527b8ef99eb5d9b44875f005ba1fae13,0x1f2f10d1c40777ae1da742455c65828ff36df387,0xa0b86991c6218b36c1d19d4a2e9eb0ce3606eb48,USDC,6,0xc02aaa39b223fe8d0a0e5c4f27ead9083c756cc2,WETH,18,5.67472,0.000410727399283689,6.555276488641341,282960985063424.0,,,199590,199600,2026-04-01T21:07:11+00:00
mint,0xfc57da4874b4cf1037e551728e31d467e491ce4187df18239c1b6d9d54a4f618#11187683,1775077967,24787360,0xfc57da4874b4cf1037e551728e31d467e491ce4187df18239c1b6d9d54a4f618,367,0x88e6a0c2ddd26feeb64f039a2c41296fcb3f5640,500.0,0.0,247545639.0,0xc36442b4a4522e871399cd717abdd847ab11fe88,,0x82c1b84b9892e33852f57c23ba1b0393b9b96bec,0xc36442b4a4522e871399cd717abdd847ab11fe88,0xa0b86991c6218b36c1d19d4a2e9eb0ce3606eb48,USDC,6,0xc02aaa39b223fe8d0a0e5c4f27ead9083c756cc2,WETH,18,49.082541,0.0,49.082541,2116875269663013.0,,,199580,199590,2026-04-01T21:12:47+00:00
mint,0x62a570b08d65e12c5ada04ac1f2decf8861215a236537f8c18beaf2eb3f6789f#11187917,1775078939,24787440,0x62a570b08d65e12c5ada04ac1f2decf8861215a236537f8c18beaf2eb3f6789f,9,0x88e6a0c2ddd26feeb64f039a2c41296fcb3f5640,500.0,0.0,2209125972.0,0xc36442b4a4522e871399cd717abdd847ab11fe88,,0xd36e324e495848e91f28c4a4013641ce8b5da932,0xc36442b4a4522e871399cd717abdd847ab11fe88,0xa0b86991c6218b36c1d19d4a2e9eb0ce3606eb48,USDC,6,0xc02aaa39b223fe8d0a0e5c4f27ead9083c756cc2,WETH,18,4087.544543,2.2891517903172613,9034.80579120809,1.6244134587232778e+16,,,199420,199660,2026-04-01T21:28:59+00:00
mint,0xffb9b98195609155f526bb36dc3bb2c2ec03d319cb0a9d6acb6cb4d71772fe08#11187920,1775078999,24787445,0xffb9b98195609155f526bb36dc3bb2c2ec03d319cb0a9d6acb6cb4d71772fe08,895,0x88e6a0c2ddd26feeb64f039a2c41296fcb3f5640,500.0,0.0,168207220.0,0xc36442b4a4522e871399cd717abdd847ab11fe88,,0xacbc9960c499f8f5127696dcf0e0520cce2e9835,0xc36442b4a4522e871399cd717abdd847ab11fe88,0xa0b86991c6218b36c1d19d4a2e9eb0ce3606eb48,USDC,6,0xc02aaa39b223fe8d0a0e5c4f27ead9083c756cc2,WETH,18,187310.795347,0.046667921559816264,187411.65296633475,5875107579314396.0,,,199550,222760,2026-04-01T21:29:59+00:00
mint,0x34d2af5c85e5d879dff4076ad2f2c7d9cb1291949b40050c8e470b4dc97fd587#11187922,1775079071,24787451,0x34d2af5c85e5d879dff4076ad2f2c7d9cb1291949b40050c8e470b4dc97fd587,121,0x88e6a0c2ddd26feeb64f039a2c41296fcb3f5640,500.0,0.0,525357185.0,0xc36442b4a4522e871399cd717abdd847ab11fe88,,0x97b3c6cb376154ef9be9163e7a47fbbfd0240db8,0xc36442b4a4522e871399cd717abdd847ab11fe88,0xa0b86991c6218b36c1d19d4a2e9eb0ce3606eb48,USDC,6,0xc02aaa39b223fe8d0a0e5c4f27ead9083c756cc2,WETH,18,120.385205,0.03082405331688298,187.00142727601624,69299950764843.0,,,199140,200320,2026-04-01T21:31:11+00:00
mint,0x7a3619daa8bb1d701d16965ef766ba6e4526a92cb77894302134da830af0e827#11187929,1775079215,24787463,0x7a3619daa8bb1d701d16965ef766ba6e4526a92cb77894302134da830af0e827,544,0x88e6a0c2ddd26feeb64f039a2c41296fcb3f5640,500.0,0.0,189639001.0,0xc36442b4a4522e871399cd717abdd847ab11fe88,,0xacbc9960c499f8f5127696dcf0e0520cce2e9835,0xc36442b4a4522e871399cd717abdd847ab11fe88,0xa0b86991c6218b36c1d19d4a2e9eb0ce3606eb48,USDC,6,0xc02aaa39b223fe8d0a0e5c4f27ead9083c756cc2,WETH,18,187309.701149,0.0,187309.701149,4.7662969513029184e+17,,,199560,199730,2026-04-01T21:33:35+00:00
mint,0x4fdff52ae97840fa199f32dde4965914221851a8a94badeabdbf0ecce76892cc#11188038,1775079851,24787516,0x4fdff52ae97840fa199f32dde4965914221851a8a94badeabdbf0ecce76892cc,209,0x88e6a0c2ddd26feeb64f039a2c41296fcb3f5640,500.0,0.0,166052110.0,0xc36442b4a4522e871399cd717abdd847ab11fe88,,0x7f8f108eb91c21ed89100e3b64b1e1e3483f3ea1,0xc36442b4a4522e871399cd717abdd847ab11fe88,0xa0b86991c6218b36c1d19d4a2e9eb0ce3606eb48,USDC,6,0xc02aaa39b223fe8d0a0e5c4f27ead9083c756cc2,WETH,18,40.357044,0.0,40.357044,134357966448969.0,,,199590,199720,2026-04-01T21:44:11+00:00
mint,0x4a9781d38f4a7bc17b428f65fef3afd0953a6b6cfdad20f6ab350ca179c62828#11188617,1775081819,24787680,0x4a9781d38f4a7bc17b428f65fef3afd0953a6b6cfdad20f6ab350ca179c62828,27,0x88e6a0c2ddd26feeb64f039a2c41296fcb3f5640,500.0,0.0,583913641.0,0xc36442b4a4522e871399cd717abdd847ab11fe88,,0x782df99676f014b6fd6000626073c78dba205d2e,0xc36442b4a4522e871399cd717abdd847ab11fe88,0xa0b86991c6218b36c1d19d4a2e9eb0ce3606eb48,USDC,6,0xc02aaa39b223fe8d0a0e5c4f27ead9083c756cc2,WETH,18,128.563142,0.060184914451984386,258.1053634897735,9499267296520.0,,,192650,206510,2026-04-01T22:16:59+00:00
mint,0xa38797c04341315146bfa4043c36f92ff5f8f30777ad2921943e92a17cfd6ae9#11188619,1775081855,24787683,0xa38797c04341315146bfa4043c36f92ff5f8f30777ad2921943e92a17cfd6ae9,686,0x88e6a0c2ddd26feeb64f039a2c41296fcb3f5640,500.0,0.0,648308639.0,0xc36442b4a4522e871399cd717abdd847ab11fe88,,0x84132ed66468adaeba2cf070451e5343909fdf89,0xc36442b4a4522e871399cd717abdd847ab11fe88,0xa0b86991c6218b36c1d19d4a2e9eb0ce3606eb48,USDC,6,0xc02aaa39b223fe8d0a0e5c4f27ead9083c756cc2,WETH,18,106.867748,0.05902963000369282,233.82793408031185,75419047837431.0,,,198870,200230,2026-04-01T22:17:35+00:00
mint,0xa52b27c430e79be20eff53046838c58c5d2fef45571408c6b7b4f63f25f82fc7#11188668,1775082875,24787768,0xa52b27c430e79be20eff53046838c58c5d2fef45571408c6b7b4f63f25f82fc7,262,0x88e6a0c2ddd26feeb64f039a2c41296fcb3f5640,500.0,0.0,129457855.0,0xc36442b4a4522e871399cd717abdd847ab11fe88,,0x82c1b84b9892e33852f57c23ba1b0393b9b96bec,0xc36442b4a4522e871399cd717abdd847ab11fe88,0xa0b86991c6218b36c1d19d4a2e9eb0ce3606eb48,USDC,6,0xc02aaa39b223fe8d0a0e5c4f27ead9083c756cc2,WETH,18,49.08254,0.0,49.08254,2120052763056384.0,,,199610,199620,2026-04-01T22:34:35+00:00
mint,0xb4133f2d4154b51ba7335be103eaedee8689f755cd2f95eb61eb82d46f56b4e8#11188678,1775083007,24787779,0xb4133f2d4154b51ba7335be103eaedee8689f755cd2f95eb61eb82d46f56b4e8,645,0x88e6a0c2ddd26feeb64f039a2c41296fcb3f5640,500.0,0.0,125848907.0,0xc36442b4a4522e871399cd717abdd847ab11fe88,,0x82c1b84b9892e33852f57c23ba1b0393b9b96bec,0xc36442b4a4522e871399cd717abdd847ab11fe88,0xa0b86991c6218b36c1d19d4a2e9eb0ce3606eb48,USDC,6,0xc02aaa39b223fe8d0a0e5c4f27ead9083c756cc2,WETH,18,49.082539,0.0,49.082539,2121112958249166.0,,,199620,199630,2026-04-01T22:36:47+00:00
mint,0xa3750565ad70d14fa533dba285d5e4be78427c1793a204688fc93e654093a5b0#11188688,1775083127,24787789,0xa3750565ad70d14fa533dba285d5e4be78427c1793a204688fc93e654093a5b0,632,0x88e6a0c2ddd26feeb64f039a2c41296fcb3f5640,500.0,0.0,131713030.0,0xc36442b4a4522e871399cd717abdd847ab11fe88,,0x82c1b84b9892e33852f57c23ba1b0393b9b96bec,0xc36442b4a4522e871399cd717abdd847ab11fe88,0xa0b86991c6218b36c1d19d4a2e9eb0ce3606eb48,USDC,6,0xc02aaa39b223fe8d0a0e5c4f27ead9083c756cc2,WETH,18,49.082538,0.0,49.082538,2121112915033941.0,,,199620,199630,2026-04-01T22:38:47+00:00
mint,0xef6488ead4237fd07d7af6cecf1981ac750dfa4ced215e3c29bd321210bef1ea#11188691,1775083175,24787793,0xef6488ead4237fd07d7af6cecf1981ac750dfa4ced215e3c29bd321210bef1ea,202,0x88e6a0c2ddd26feeb64f039a2c41296fcb3f5640,500.0,0.0,137523191.0,0xc36442b4a4522e871399cd717abdd847ab11fe88,,0x82c1b84b9892e33852f57c23ba1b0393b9b96bec,0xc36442b4a4522e871399cd717abdd847ab11fe88,0xa0b86991c6218b36c1d19d4a2e9eb0ce3606eb48,USDC,6,0xc02aaa39b223fe8d0a0e5c4f27ead9083c756cc2,WETH,18,49.082537,0.0,49.082537,2121112871818716.0,,,199620,199630,2026-04-01T22:39:35+00:00
mint,0xed3ad2f8aee8c2060e82f96beac9bb89e4070bc0a9c078305adeabc9f093dbbf#11188693,1775083199,24787795,0xed3ad2f8aee8c2060e82f96beac9bb89e4070bc0a9c078305adeabc9f093dbbf,167,0x88e6a0c2ddd26feeb64f039a2c41296fcb3f5640,500.0,0.0,1630177135.0,0xc36442b4a4522e871399cd717abdd847ab11fe88,,0xc5f5e4e6dbd759a9ac9890de04035b792af641c3,0xc36442b4a4522e871399cd717abdd847ab11fe88,0xa0b86991c6218b36c1d19d4a2e9eb0ce3606eb48,USDC,6,0xc02aaa39b223fe8d0a0e5c4f27ead9083c756cc2,WETH,18,4770.416914,2.325505943218479,9768.917916817754,3.0154958142460896e+16,,,199540,199680,2026-04-01T22:39:59+00:00
mint,0xdb2f0cd4761977417382d8133d2395c3505b3c49d1f4a3c7fcc91eea82ec66ea#11188694,1775083259,24787800,0xdb2f0cd4761977417382d8133d2395c3505b3c49d1f4a3c7fcc91eea82ec66ea,211,0x88e6a0c2ddd26feeb64f039a2c41296fcb3f5640,500.0,0.0,142866444.0,0xc36442b4a4522e871399cd717abdd847ab11fe88,,0x82c1b84b9892e33852f57c23ba1b0393b9b96bec,0xc36442b4a4522e871399cd717abdd847ab11fe88,0xa0b86991c6218b36c1d19d4a2e9eb0ce3606eb48,USDC,6,0xc02aaa39b223fe8d0a0e5c4f27ead9083c756cc2,WETH,18,49.082536,0.0,49.082536,2121112828603491.0,,,199620,199630,2026-04-01T22:40:59+00:00
mint,0xc5bdf9162715915025407b76d00629b0a96090e4e21f5ddcdf53f601f0b7e8c6#11188697,1775083271,24787801,0xc5bdf9162715915025407b76d00629b0a96090e4e21f5ddcdf53f601f0b7e8c6,448,0x88e6a0c2ddd26feeb64f039a2c41296fcb3f5640,500.0,0.0,1631614456.0,0xc36442b4a4522e871399cd717abdd847ab11fe88,,0xc5f5e4e6dbd759a9ac9890de04035b792af641c3,0xc36442b4a4522e871399cd717abdd847ab11fe88,0xa0b86991c6218b36c1d19d4a2e9eb0ce3606eb48,USDC,6,0xc02aaa39b223fe8d0a0e5c4f27ead9083c756cc2,WETH,18,230.989874,0.11893115901562189,486.6235004542556,1502077625711463.0,,,199540,199680,2026-04-01T22:41:11+00:00
mint,0xd768ba68209e6ffc3b6f9aae8c76d4a1d1a9b8bd5d3426a97208537c14dfcb09#11188714,1775083487,24787819,0xd768ba68209e6ffc3b6f9aae8c76d4a1d1a9b8bd5d3426a97208537c14dfcb09,249,0x88e6a0c2ddd26feeb64f039a2c41296fcb3f5640,500.0,0.0,139927996.0,0xc36442b4a4522e871399cd717abdd847ab11fe88,,0x0dd0b2715b48f8d2902aaa4cc5e776a465875f41,0xc36442b4a4522e871399cd717abdd847ab11fe88,0xa0b86991c6218b36c1d19d4a2e9eb0ce3606eb48,USDC,6,0xc02aaa39b223fe8d0a0e5c4f27ead9083c756cc2,WETH,18,10002.0,0.0,10002.0,976784774138304.0,,,199620,204620,2026-04-01T22:44:47+00:00
mint,0x0f45a7d800960f9f35f6e47b8d05e5f9b01189f1b572cb49a0c2ada4b3a6b539#11188718,1775083559,24787825,0x0f45a7d800960f9f35f6e47b8d05e5f9b01189f1b572cb49a0c2ada4b3a6b539,482,0x88e6a0c2ddd26feeb64f039a2c41296fcb3f5640,500.0,0.0,144969440.0,0xc36442b4a4522e871399cd717abdd847ab11fe88,,0x82c1b84b9892e33852f57c23ba1b0393b9b96bec,0xc36442b4a4522e871399cd717abdd847ab11fe88,0xa0b86991c6218b36c1d19d4a2e9eb0ce3606eb48,USDC,6,0xc02aaa39b223fe8d0a0e5c4f27ead9083c756cc2,WETH,18,49.082535,0.0,49.082535,2120052547088266.0,,,199610,199620,2026-04-01T22:45:59+00:00
mint,0x6ca09e7f58d481c698a5f9402ca9c7cbff5c8227d6c8d4ad84dbd3626c035c35#11188720,1775083583,24787827,0x6ca09e7f58d481c698a5f9402ca9c7cbff5c8227d6c8d4ad84dbd3626c035c35,88,0x88e6a0c2ddd26feeb64f039a2c41296fcb3f5640,500.0,0.0,151197982.0,0xc36442b4a4522e871399cd717abdd847ab11fe88,,0x82c1b84b9892e33852f57c23ba1b0393b9b96bec,0xc36442b4a4522e871399cd717abdd847ab11fe88,0xa0b86991c6218b36c1d19d4a2e9eb0ce3606eb48,USDC,6,0xc02aaa39b223fe8d0a0e5c4f27ead9083c756cc2,WETH,18,49.082534,0.0,49.082534,2120052503894642.0,,,199610,199620,2026-04-01T22:46:23+00:00
mint,0x07b2f5960f5670f942cc7ea7b507ec010995f832d5587d78e1f4b7966cdd1bee#11188751,1775084267,24787883,0x07b2f5960f5670f942cc7ea7b507ec010995f832d5587d78e1f4b7966cdd1bee,256,0x88e6a0c2ddd26feeb64f039a2c41296fcb3f5640,500.0,0.0,141205924.0,0xc36442b4a4522e871399cd717abdd847ab11fe88,,0x82c1b84b9892e33852f57c23ba1b0393b9b96bec,0xc36442b4a4522e871399cd717abdd847ab11fe88,0xa0b86991c6218b36c1d19d4a2e9eb0ce3606eb48,USDC,6,0xc02aaa39b223fe8d0a0e5c4f27ead9083c756cc2,WETH,18,49.082533,0.0,49.082533,2123234766412067.0,,,199640,199650,2026-04-01T22:57:47+00:00
mint,0xa0600841abb414bedb8223640a78ad6d35a3470beedb28dfc4832d219e54a3f1#11188765,1775084399,24787894,0xa0600841abb414bedb8223640a78ad6d35a3470beedb28dfc4832d219e54a3f1,363,0x88e6a0c2ddd26feeb64f039a2c41296fcb3f5640,500.0,0.0,103916278.0,0xc36442b4a4522e871399cd717abdd847ab11fe88,,0x82c1b84b9892e33852f57c23ba1b0393b9b96bec,0xc36442b4a4522e871399cd717abdd847ab11fe88,0xa0b86991c6218b36c1d19d4a2e9eb0ce3606eb48,USDC,6,0xc02aaa39b223fe8d0a0e5c4f27ead9083c756cc2,WETH,18,49.082532,0.0,49.082532,2123234723153608.0,,,199640,199650,2026-04-01T22:59:59+00:00
mint,0x594f07011a37e20bfa6a3d3bacacc24eab5026767fee4e7f1d40853f970302ae#11188768,1775084459,24787899,0x594f07011a37e20bfa6a3d3bacacc24eab5026767fee4e7f1d40853f970302ae,197,0x88e6a0c2ddd26feeb64f039a2c41296fcb3f5640,500.0,0.0,138733863.0,0xc36442b4a4522e871399cd717abdd847ab11fe88,,0x82c1b84b9892e33852f57c23ba1b0393b9b96bec,0xc36442b4a4522e871399cd717abdd847ab11fe88,0xa0b86991c6218b36c1d19d4a2e9eb0ce3606eb48,USDC,6,0xc02aaa39b223fe8d0a0e5c4f27ead9083c756cc2,WETH,18,49.082531,0.0,49.082531,2123234679895148.0,,,199640,199650,2026-04-01T23:00:59+00:00
mint,0x808eeabb3378651b2f1438a40241c458808ed77005feec6c742b8e9e3c7b60a0#11188770,1775084495,24787902,0x808eeabb3378651b2f1438a40241c458808ed77005feec6c742b8e9e3c7b60a0,526,0x88e6a0c2ddd26feeb64f039a2c41296fcb3f5640,500.0,0.0,144377364.0,0xc36442b4a4522e871399cd717abdd847ab11fe88,,0x82c1b84b9892e33852f57c23ba1b0393b9b96bec,0xc36442b4a4522e871399cd717abdd847ab11fe88,0xa0b86991c6218b36c1d19d4a2e9eb0ce3606eb48,USDC,6,0xc02aaa39b223fe8d0a0e5c4f27ead9083c756cc2,WETH,18,49.08253,0.0,49.08253,2123234636636688.0,,,199640,199650,2026-04-01T23:01:35+00:00
mint,0x894805fbe7bb898cf34c42e575d9937ef05a70b9de692056028984001f09548c#11188801,1775085287,24787968,0x894805fbe7bb898cf34c42e575d9937ef05a70b9de692056028984001f09548c,330,0x88e6a0c2ddd26feeb64f039a2c41296fcb3f5640,500.0,0.0,126253389.0,0xc36442b4a4522e871399cd717abdd847ab11fe88,,0x82c1b84b9892e33852f57c23ba1b0393b9b96bec,0xc36442b4a4522e871399cd717abdd847ab11fe88,0xa0b86991c6218b36c1d19d4a2e9eb0ce3606eb48,USDC,6,0xc02aaa39b223fe8d0a0e5c4f27ead9083c756cc2,WETH,18,49.082529,0.0,49.082529,2122173294492431.0,,,199630,199640,2026-04-01T23:14:47+00:00
mint,0xd02b23a616cafa61899567e33007b886a58a74eced0584ea724dbf33a45084a6#11188822,1775085611,24787995,0xd02b23a616cafa61899567e33007b886a58a74eced0584ea724dbf33a45084a6,193,0x88e6a0c2ddd26feeb64f039a2c41296fcb3f5640,500.0,0.0,114747818.0,0xc36442b4a4522e871399cd717abdd847ab11fe88,,0x82c1b84b9892e33852f57c23ba1b0393b9b96bec,0xc36442b4a4522e871399cd717abdd847ab11fe88,0xa0b86991c6218b36c1d19d4a2e9eb0ce3606eb48,USDC,6,0xc02aaa39b223fe8d0a0e5c4f27ead9083c756cc2,WETH,18,49.082528,0.0,49.082528,2123234550119769.0,,,199640,199650,2026-04-01T23:20:11+00:00
mint,0x0f2fbd9e89ba4f07f4de16310388c1890f464b4e223a2de6cabe6f92c38a0cb1#11188825,1775085743,24788006,0x0f2fbd9e89ba4f07f4de16310388c1890f464b4e223a2de6cabe6f92c38a0cb1,1003,0x88e6a0c2ddd26feeb64f039a2c41296fcb3f5640,500.0,0.0,113860149.0,0xc36442b4a4522e871399cd717abdd847ab11fe88,,0x82c1b84b9892e33852f57c23ba1b0393b9b96bec,0xc36442b4a4522e871399cd717abdd847ab11fe88,0xa0b86991c6218b36c1d19d4a2e9eb0ce3606eb48,USDC,6,0xc02aaa39b223fe8d0a0e5c4f27ead9083c756cc2,WETH,18,49.082527,0.0,49.082527,2123234506861310.0,,,199640,199650,2026-04-01T23:22:23+00:00
mint,0xac87f8d6f7d7e6a1a374ed6821c292bcdfc3bef658ef493705ff144c387eefe9#11188831,1775085875,24788017,0xac87f8d6f7d7e6a1a374ed6821c292bcdfc3bef658ef493705ff144c387eefe9,382,0x88e6a0c2ddd26feeb64f039a2c41296fcb3f5640,500.0,0.0,200146613.0,0xc36442b4a4522e871399cd717abdd847ab11fe88,,0xfe2311e29f03ecb5360b86ca6e412cd4903ca924,0xc36442b4a4522e871399cd717abdd847ab11fe88,0xa0b86991c6218b36c1d19d4a2e9eb0ce3606eb48,USDC,6,0xc02aaa39b223fe8d0a0e5c4f27ead9083c756cc2,WETH,18,260.0,0.0,260.0,472276318132657.0,,,199680,199920,2026-04-01T23:24:35+00:00
mint,0x8497077b071a48db34ad877d4694a7052466554bf9da4e5c25be20f643e914c4#11188832,1775085899,24788019,0x8497077b071a48db34ad877d4694a7052466554bf9da4e5c25be20f643e914c4,357,0x88e6a0c2ddd26feeb64f039a2c41296fcb3f5640,500.0,0.0,114907996.0,0xc36442b4a4522e871399cd717abdd847ab11fe88,,0x82c1b84b9892e33852f57c23ba1b0393b9b96bec,0xc36442b4a4522e871399cd717abdd847ab11fe88,0xa0b86991c6218b36c1d19d4a2e9eb0ce3606eb48,USDC,6,0xc02aaa39b223fe8d0a0e5c4f27ead9083c756cc2,WETH,18,49.082526,0.0,49.082526,2123234463602850.0,,,199640,199650,2026-04-01T23:24:59+00:00
mint,0x33cab11717e9c1ea62b551bcdb54272200a9f8df7bcba3098767737484089893#11188834,1775085923,24788021,0x33cab11717e9c1ea62b551bcdb54272200a9f8df7bcba3098767737484089893,378,0x88e6a0c2ddd26feeb64f039a2c41296fcb3f5640,500.0,0.0,116309018.0,0xc36442b4a4522e871399cd717abdd847ab11fe88,,0x82c1b84b9892e33852f57c23ba1b0393b9b96bec,0xc36442b4a4522e871399cd717abdd847ab11fe88,0xa0b86991c6218b36c1d19d4a2e9eb0ce3606eb48,USDC,6,0xc02aaa39b223fe8d0a0e5c4f27ead9083c756cc2,WETH,18,49.082525,0.0,49.082525,2123234420344391.0,,,199640,199650,2026-04-01T23:25:23+00:00
mint,0xa2e4d84d59c4d47a655b655c2dea7e2a118b2bc7952622b544498cfcbec4cf2e#11188840,1775085971,24788025,0xa2e4d84d59c4d47a655b655c2dea7e2a118b2bc7952622b544498cfcbec4cf2e,67,0x88e6a0c2ddd26feeb64f039a2c41296fcb3f5640,500.0,0.0,113170688.0,0xc36442b4a4522e871399cd717abdd847ab11fe88,,0x82c1b84b9892e33852f57c23ba1b0393b9b96bec,0xc36442b4a4522e871399cd717abdd847ab11fe88,0xa0b86991c6218b36c1d19d4a2e9eb0ce3606eb48,USDC,6,0xc02aaa39b223fe8d0a0e5c4f27ead9083c756cc2,WETH,18,49.082524,0.0,49.082524,2123234377085931.0,,,199640,199650,2026-04-01T23:26:11+00:00
mint,0x5b1682954cec64265e9373b983f890c05d53f6ac1f5bd7ccadc305efaa6f06db#11188846,1775086163,24788040,0x5b1682954cec64265e9373b983f890c05d53f6ac1f5bd7ccadc305efaa6f06db,822,0x88e6a0c2ddd26feeb64f039a2c41296fcb3f5640,500.0,0.0,120381548.0,0xc36442b4a4522e871399cd717abdd847ab11fe88,,0x82c1b84b9892e33852f57c23ba1b0393b9b96bec,0xc36442b4a4522e871399cd717abdd847ab11fe88,0xa0b86991c6218b36c1d19d4a2e9eb0ce3606eb48,USDC,6,0xc02aaa39b223fe8d0a0e5c4f27ead9083c756cc2,WETH,18,49.082523,0.0,49.082523,2123234333827472.0,,,199640,199650,2026-04-01T23:29:23+00:00
mint,0x08340f08bf8ae8bd78d1dba83d701a6a51b45d660b87628ffc87c9494797033a#11188877,1775086703,24788084,0x08340f08bf8ae8bd78d1dba83d701a6a51b45d660b87628ffc87c9494797033a,375,0x88e6a0c2ddd26feeb64f039a2c41296fcb3f5640,500.0,0.0,195632697.0,0xc36442b4a4522e871399cd717abdd847ab11fe88,,0xfe2311e29f03ecb5360b86ca6e412cd4903ca924,0xc36442b4a4522e871399cd717abdd847ab11fe88,0xa0b86991c6218b36c1d19d4a2e9eb0ce3606eb48,USDC,6,0xc02aaa39b223fe8d0a0e5c4f27ead9083c756cc2,WETH,18,320.0,0.0,320.0,579811890282976.0,,,199630,199870,2026-04-01T23:38:23+00:00
mint,0x776c293a6cdf32eac8d6af0e415e826144a27dbda26e5616147853465e55d326#11188885,1775086907,24788101,0x776c293a6cdf32eac8d6af0e415e826144a27dbda26e5616147853465e55d326,199,0x88e6a0c2ddd26feeb64f039a2c41296fcb3f5640,500.0,0.0,105482376.0,0xc36442b4a4522e871399cd717abdd847ab11fe88,,0x82c1b84b9892e33852f57c23ba1b0393b9b96bec,0xc36442b4a4522e871399cd717abdd847ab11fe88,0xa0b86991c6218b36c1d19d4a2e9eb0ce3606eb48,USDC,6,0xc02aaa39b223fe8d0a0e5c4f27ead9083c756cc2,WETH,18,49.082522,0.0,49.082522,2122172991834573.0,,,199630,199640,2026-04-01T23:41:47+00:00
mint,0x6691fe346ae653ddb57ca171480b368c4057e974ca74d3e0bcf0f08a16da630a#11188888,1775086943,24788104,0x6691fe346ae653ddb57ca171480b368c4057e974ca74d3e0bcf0f08a16da630a,204,0x88e6a0c2ddd26feeb64f039a2c41296fcb3f5640,500.0,0.0,208597143.0,0xc36442b4a4522e871399cd717abdd847ab11fe88,,0xfe2311e29f03ecb5360b86ca6e412cd4903ca924,0xc36442b4a4522e871399cd717abdd847ab11fe88,0xa0b86991c6218b36c1d19d4a2e9eb0ce3606eb48,USDC,6,0xc02aaa39b223fe8d0a0e5c4f27ead9083c756cc2,WETH,18,240.0,0.0,240.0,362138443432288.0,,,199730,200020,2026-04-01T23:42:23+00:00
mint,0xeb640aeddcae1c7918e7621ae52e364bfcd58e442924018a6cfb454965dd69a3#11188889,1775086955,24788105,0xeb640aeddcae1c7918e7621ae52e364bfcd58e442924018a6cfb454965dd69a3,211,0x88e6a0c2ddd26feeb64f039a2c41296fcb3f5640,500.0,0.0,112680405.0,0xc36442b4a4522e871399cd717abdd847ab11fe88,,0x82c1b84b9892e33852f57c23ba1b0393b9b96bec,0xc36442b4a4522e871399cd717abdd847ab11fe88,0xa0b86991c6218b36c1d19d4a2e9eb0ce3606eb48,USDC,6,0xc02aaa39b223fe8d0a0e5c4f27ead9083c756cc2,WETH,18,49.082521,0.0,49.082521,2122172948597736.0,,,199630,199640,2026-04-01T23:42:35+00:00
mint,0x0809a81b6491b50390baaaeaa42825eceb13ecec776743926b49ced4f5493cb7#11188891,1775086979,24788107,0x0809a81b6491b50390baaaeaa42825eceb13ecec776743926b49ced4f5493cb7,1083,0x88e6a0c2ddd26feeb64f039a2c41296fcb3f5640,500.0,0.0,110734499.0,0xc36442b4a4522e871399cd717abdd847ab11fe88,,0x82c1b84b9892e33852f57c23ba1b0393b9b96bec,0xc36442b4a4522e871399cd717abdd847ab11fe88,0xa0b86991c6218b36c1d19d4a2e9eb0ce3606eb48,USDC,6,0xc02aaa39b223fe8d0a0e5c4f27ead9083c756cc2,WETH,18,49.08252,0.0,49.08252,2122172905360900.0,,,199630,199640,2026-04-01T23:42:59+00:00
mint,0x2f399fbcc0c59c2393e7f20475b22da6e803febb9b5c2b5185364721f09e0e09#11188895,1775087039,24788112,0x2f399fbcc0c59c2393e7f20475b22da6e803febb9b5c2b5185364721f09e0e09,639,0x88e6a0c2ddd26feeb64f039a2c41296fcb3f5640,500.0,0.0,195614427.0,0xc36442b4a4522e871399cd717abdd847ab11fe88,,0xfe2311e29f03ecb5360b86ca6e412cd4903ca924,0xc36442b4a4522e871399cd717abdd847ab11fe88,0xa0b86991c6218b36c1d19d4a2e9eb0ce3606eb48,USDC,6,0xc02aaa39b223fe8d0a0e5c4f27ead9083c756cc2,WETH,18,160.0,0.0,160.0,242514437828312.0,,,199820,200110,2026-04-01T23:43:59+00:00
mint,0x5010627b3fa6b37b31a260ab858c1f471f1a3e53c254b01f5a573ebd3260e262#11188900,1775087183,24788124,0x5010627b3fa6b37b31a260ab858c1f471f1a3e53c254b01f5a573ebd3260e262,386,0x88e6a0c2ddd26feeb64f039a2c41296fcb3f5640,500.0,0.0,108344825.0,0xc36442b4a4522e871399cd717abdd847ab11fe88,,0x82c1b84b9892e33852f57c23ba1b0393b9b96bec,0xc36442b4a4522e871399cd717abdd847ab11fe88,0xa0b86991c6218b36c1d19d4a2e9eb0ce3606eb48,USDC,6,0xc02aaa39b223fe8d0a0e5c4f27ead9083c756cc2,WETH,18,49.082519,0.0,49.082519,2122172862124063.0,,,199630,199640,2026-04-01T23:46:23+00:00
mint,0xc03917fe9f9e644af7f186075b336eb26ad1e86c496d2777bcc27457625bbc84#11188903,1775087267,24788131,0xc03917fe9f9e644af7f186075b336eb26ad1e86c496d2777bcc27457625bbc84,377,0x88e6a0c2ddd26feeb64f039a2c41296fcb3f5640,500.0,0.0,101985019.0,0xc36442b4a4522e871399cd717abdd847ab11fe88,,0x82c1b84b9892e33852f57c23ba1b0393b9b96bec,0xc36442b4a4522e871399cd717abdd847ab11fe88,0xa0b86991c6218b36c1d19d4a2e9eb0ce3606eb48,USDC,6,0xc02aaa39b223fe8d0a0e5c4f27ead9083c756cc2,WETH,18,49.082518,0.0,49.082518,2122172818887226.0,,,199630,199640,2026-04-01T23:47:47+00:00
mint,0x7fac5b1947b7ee3f4c053a053a8f78ff45ad7fc0a632650b1a5746a5d7907882#11188905,1775087303,24788134,0x7fac5b1947b7ee3f4c053a053a8f78ff45ad7fc0a632650b1a5746a5d7907882,1011,0x88e6a0c2ddd26feeb64f039a2c41296fcb3f5640,500.0,0.0,100494670.0,0xc36442b4a4522e871399cd717abdd847ab11fe88,,0x82c1b84b9892e33852f57c23ba1b0393b9b96bec,0xc36442b4a4522e871399cd717abdd847ab11fe88,0xa0b86991c6218b36c1d19d4a2e9eb0ce3606eb48,USDC,6,0xc02aaa39b223fe8d0a0e5c4f27ead9083c756cc2,WETH,18,49.082517,0.0,49.082517,2122172775650389.0,,,199630,199640,2026-04-01T23:48:23+00:00
mint,0x8d8aaa27c08530c9f3eb71eb137e8a70a7ed65aae4d5ff8d08dbdf9119c6b6a3#11188907,1775087339,24788137,0x8d8aaa27c08530c9f3eb71eb137e8a70a7ed65aae4d5ff8d08dbdf9119c6b6a3,287,0x88e6a0c2ddd26feeb64f039a2c41296fcb3f5640,500.0,0.0,111956065.0,0xc36442b4a4522e871399cd717abdd847ab11fe88,,0x82c1b84b9892e33852f57c23ba1b0393b9b96bec,0xc36442b4a4522e871399cd717abdd847ab11fe88,0xa0b86991c6218b36c1d19d4a2e9eb0ce3606eb48,USDC,6,0xc02aaa39b223fe8d0a0e5c4f27ead9083c756cc2,WETH,18,49.082516,0.0,49.082516,2122172732413553.0,,,199630,199640,2026-04-01T23:48:59+00:00
mint,0xe6944e6a7fa686f9ad12e470d1566a43ca69bd747d1dba0b8d093cd8aaff1b93#11188910,1775087411,24788143,0xe6944e6a7fa686f9ad12e470d1566a43ca69bd747d1dba0b8d093cd8aaff1b93,308,0x88e6a0c2ddd26feeb64f039a2c41296fcb3f5640,500.0,0.0,109657796.0,0xc36442b4a4522e871399cd717abdd847ab11fe88,,0x82c1b84b9892e33852f57c23ba1b0393b9b96bec,0xc36442b4a4522e871399cd717abdd847ab11fe88,0xa0b86991c6218b36c1d19d4a2e9eb0ce3606eb48,USDC,6,0xc02aaa39b223fe8d0a0e5c4f27ead9083c756cc2,WETH,18,49.082515,0.0,49.082515,2122172689176716.0,,,199630,199640,2026-04-01T23:50:11+00:00
mint,0x538ea004cab6a44921869f673a0e3c3d53609353d3dcedc9e7bf9882c9281537#11188920,1775087495,24788150,0x538ea004cab6a44921869f673a0e3c3d53609353d3dcedc9e7bf9882c9281537,375,0x88e6a0c2ddd26feeb64f039a2c41296fcb3f5640,500.0,0.0,117045313.0,0xc36442b4a4522e871399cd717abdd847ab11fe88,,0x82c1b84b9892e33852f57c23ba1b0393b9b96bec,0xc36442b4a4522e871399cd717abdd847ab11fe88,0xa0b86991c6218b36c1d19d4a2e9eb0ce3606eb48,USDC,6,0xc02aaa39b223fe8d0a0e5c4f27ead9083c756cc2,WETH,18,49.082514,0.0,49.082514,2123233944501336.0,,,199640,199650,2026-04-01T23:51:35+00:00
mint,0xc4236630232654ad2b16f84f3225f7480fd4b5797508e4927ee1597a480ad35f#11188922,1775087519,24788152,0xc4236630232654ad2b16f84f3225f7480fd4b5797508e4927ee1597a480ad35f,264,0x88e6a0c2ddd26feeb64f039a2c41296fcb3f5640,500.0,0.0,110536913.0,0xc36442b4a4522e871399cd717abdd847ab11fe88,,0x82c1b84b9892e33852f57c23ba1b0393b9b96bec,0xc36442b4a4522e871399cd717abdd847ab11fe88,0xa0b86991c6218b36c1d19d4a2e9eb0ce3606eb48,USDC,6,0xc02aaa39b223fe8d0a0e5c4f27ead9083c756cc2,WETH,18,49.082513,0.0,49.082513,2123233901242877.0,,,199640,199650,2026-04-01T23:51:59+00:00
mint,0xfa0a9d17dbcc7685fff595d5921bd6a0b0a9052109967c2ffe5cc809e0125bd1#11188925,1775087543,24788154,0xfa0a9d17dbcc7685fff595d5921bd6a0b0a9052109967c2ffe5cc809e0125bd1,67,0x88e6a0c2ddd26feeb64f039a2c41296fcb3f5640,500.0,0.0,117596705.0,0xc36442b4a4522e871399cd717abdd847ab11fe88,,0x82c1b84b9892e33852f57c23ba1b0393b9b96bec,0xc36442b4a4522e871399cd717abdd847ab11fe88,0xa0b86991c6218b36c1d19d4a2e9eb0ce3606eb48,USDC,6,0xc02aaa39b223fe8d0a0e5c4f27ead9083c756cc2,WETH,18,49.082512,0.0,49.082512,2123233857984417.0,,,199640,199650,2026-04-01T23:52:23+00:00
mint,0x81bced2a68d2ef5a3acfcff2cf79dd63b344fc51d7e549ce547e65a9096bde46#11188927,1775087579,24788157,0x81bced2a68d2ef5a3acfcff2cf79dd63b344fc51d7e549ce547e65a9096bde46,244,0x88e6a0c2ddd26feeb64f039a2c41296fcb3f5640,500.0,0.0,111024470.0,0xc36442b4a4522e871399cd717abdd847ab11fe88,,0x82c1b84b9892e33852f57c23ba1b0393b9b96bec,0xc36442b4a4522e871399cd717abdd847ab11fe88,0xa0b86991c6218b36c1d19d4a2e9eb0ce3606eb48,USDC,6,0xc02aaa39b223fe8d0a0e5c4f27ead9083c756cc2,WETH,18,49.082511,0.0,49.082511,2123233814725958.0,,,199640,199650,2026-04-01T23:52:59+00:00
mint,0x0c16d4f602075d13616f8897a66bc8192bf8177bb9cddba1b2155c8cf79a1638#11188932,1775087651,24788163,0x0c16d4f602075d13616f8897a66bc8192bf8177bb9cddba1b2155c8cf79a1638,166,0x88e6a0c2ddd26feeb64f039a2c41296fcb3f5640,500.0,0.0,109369573.0,0xc36442b4a4522e871399cd717abdd847ab11fe88,,0x82c1b84b9892e33852f57c23ba1b0393b9b96bec,0xc36442b4a4522e871399cd717abdd847ab11fe88,0xa0b86991c6218b36c1d19d4a2e9eb0ce3606eb48,USDC,6,0xc02aaa39b223fe8d0a0e5c4f27ead9083c756cc2,WETH,18,49.08251,0.0,49.08251,2123233771467498.0,,,199640,199650,2026-04-01T23:54:11+00:00
mint,0xa0d499100e8a00b0d2d8224b249626d91571bd44291bd5bd79b67e247b130795#11188944,1775087987,24788191,0xa0d499100e8a00b0d2d8224b249626d91571bd44291bd5bd79b67e247b130795,185,0x88e6a0c2ddd26feeb64f039a2c41296fcb3f5640,500.0,0.0,119034642.0,0xc36442b4a4522e871399cd717abdd847ab11fe88,,0x82c1b84b9892e33852f57c23ba1b0393b9b96bec,0xc36442b4a4522e871399cd717abdd847ab11fe88,0xa0b86991c6218b36c1d19d4a2e9eb0ce3606eb48,USDC,6,0xc02aaa39b223fe8d0a0e5c4f27ead9083c756cc2,WETH,18,49.082509,0.0,49.082509,2123233728209039.0,,,199640,199650,2026-04-01T23:59:47+00:00
