variant,params,start_iso,end_iso,equity_start,equity_end,net_pct,max_dd_pct,min_total_pnl_pct,orders,first_buys,restart_buys,dca_buys,full_tp_closes,sub_sells,open_position_cost,open_position_qty,commission_paid,notes,wave
signal_boost_tp,"{""fresh_base_pct"": 16.0, ""fresh_callback_percent"": 0.25, ""fresh_tp_percent"": 1.2, ""freshness_ms"": 7200000, ""normal_base_pct"": 6.0, ""tp_freshness_ms"": 86400000}",2026-01-23T02:58:00Z,2026-05-24T02:58:00Z,500.0,695.9536855751023,39.190737115020454,-13.490421110054596,-1.1325772744668157,521,143,0,236,142,0,705.1433070115563,11.479669762208408,20.468838726360854,Lower normal base; signal-recency boosts base sizing; signal-aware TP fixed to current best.,0
signal_boost_tp,"{""fresh_base_pct"": 16.0, ""fresh_callback_percent"": 0.25, ""fresh_tp_percent"": 1.2, ""freshness_ms"": 21600000, ""normal_base_pct"": 6.0, ""tp_freshness_ms"": 86400000}",2026-01-23T02:58:00Z,2026-05-24T02:58:00Z,500.0,800.5328948919171,60.10657897838341,-32.41688528243797,-12.959868533507219,521,143,0,236,142,0,811.1034176206042,13.204690854607446,28.46698130517641,Lower normal base; signal-recency boosts base sizing; signal-aware TP fixed to current best.,0
signal_boost_tp,"{""fresh_base_pct"": 16.0, ""fresh_callback_percent"": 0.25, ""fresh_tp_percent"": 1.2, ""freshness_ms"": 86400000, ""normal_base_pct"": 6.0, ""tp_freshness_ms"": 86400000}",2026-01-23T02:58:00Z,2026-05-24T02:58:00Z,500.0,961.7327006413113,92.34654012826226,-32.41688528243796,-3.0792981227752847,521,143,0,236,142,0,974.431763273114,15.863661665583194,41.541701888919924,Lower normal base; signal-recency boosts base sizing; signal-aware TP fixed to current best.,0
signal_boost_tp,"{""fresh_base_pct"": 16.0, ""fresh_callback_percent"": 0.25, ""fresh_tp_percent"": 1.2, ""freshness_ms"": 259200000, ""normal_base_pct"": 6.0, ""tp_freshness_ms"": 86400000}",2026-01-23T02:58:00Z,2026-05-24T02:58:00Z,500.0,1107.796421601501,121.55928432030016,-32.416885282437946,-3.0792981227752847,521,143,0,236,142,0,1122.4241618580436,18.272964634467883,61.53640903498538,Lower normal base; signal-recency boosts base sizing; signal-aware TP fixed to current best.,0
signal_boost_tp,"{""fresh_base_pct"": 20.0, ""fresh_callback_percent"": 0.25, ""fresh_tp_percent"": 1.2, ""freshness_ms"": 7200000, ""normal_base_pct"": 6.0, ""tp_freshness_ms"": 86400000}",2026-01-23T02:58:00Z,2026-05-24T02:58:00Z,500.0,695.1609975731152,39.032199514623045,-14.685241737018861,-1.6173851804675696,518,144,0,231,143,0,493.00381174564757,7.995946872243165,19.72554380719762,Lower normal base; signal-recency boosts base sizing; signal-aware TP fixed to current best.,0
signal_boost_tp,"{""fresh_base_pct"": 20.0, ""fresh_callback_percent"": 0.25, ""fresh_tp_percent"": 1.2, ""freshness_ms"": 21600000, ""normal_base_pct"": 6.0, ""tp_freshness_ms"": 86400000}",2026-01-23T02:58:00Z,2026-05-24T02:58:00Z,500.0,749.9840712474088,49.99681424948177,-22.830908290987285,-3.843476157225091,485,139,0,208,138,0,529.8346479129094,8.63165883226866,23.797802615015158,Lower normal base; signal-recency boosts base sizing; signal-aware TP fixed to current best.,0
signal_boost_tp,"{""fresh_base_pct"": 20.0, ""fresh_callback_percent"": 0.25, ""fresh_tp_percent"": 1.2, ""freshness_ms"": 86400000, ""normal_base_pct"": 6.0, ""tp_freshness_ms"": 86400000}",2026-01-23T02:58:00Z,2026-05-24T02:58:00Z,500.0,868.8660793958508,73.77321587917017,-22.830908290987285,-2.395144855535393,451,133,0,186,132,0,613.8201741998146,9.999886471991188,32.055611814435075,Lower normal base; signal-recency boosts base sizing; signal-aware TP fixed to current best.,0
signal_boost_tp,"{""fresh_base_pct"": 20.0, ""fresh_callback_percent"": 0.25, ""fresh_tp_percent"": 1.2, ""freshness_ms"": 259200000, ""normal_base_pct"": 6.0, ""tp_freshness_ms"": 86400000}",2026-01-23T02:58:00Z,2026-05-24T02:58:00Z,500.0,934.4052096474223,86.88104192948447,-22.830908290987285,-2.395144855535393,393,120,0,154,119,0,660.1210268880639,10.75418437535101,41.824322358275694,Lower normal base; signal-recency boosts base sizing; signal-aware TP fixed to current best.,0
signal_boost_tp,"{""fresh_base_pct"": 24.0, ""fresh_callback_percent"": 0.25, ""fresh_tp_percent"": 1.2, ""freshness_ms"": 7200000, ""normal_base_pct"": 6.0, ""tp_freshness_ms"": 86400000}",2026-01-23T02:58:00Z,2026-05-24T02:58:00Z,500.0,700.7261797259769,40.14523594519537,-17.607608938979148,-4.451759302294548,518,144,0,231,143,0,598.4699359234241,9.706484408983307,20.420956384409415,Lower normal base; signal-recency boosts base sizing; signal-aware TP fixed to current best.,0
signal_boost_tp,"{""fresh_base_pct"": 24.0, ""fresh_callback_percent"": 0.25, ""fresh_tp_percent"": 1.2, ""freshness_ms"": 21600000, ""normal_base_pct"": 6.0, ""tp_freshness_ms"": 86400000}",2026-01-23T02:58:00Z,2026-05-24T02:58:00Z,500.0,780.7165259494756,56.14330518989512,-27.35861897003834,-7.079542416882019,485,139,0,208,138,0,663.7992933356205,10.814107865055878,26.501282810456267,Lower normal base; signal-recency boosts base sizing; signal-aware TP fixed to current best.,0
signal_boost_tp,"{""fresh_base_pct"": 24.0, ""fresh_callback_percent"": 0.25, ""fresh_tp_percent"": 1.2, ""freshness_ms"": 86400000, ""normal_base_pct"": 6.0, ""tp_freshness_ms"": 86400000}",2026-01-23T02:58:00Z,2026-05-24T02:58:00Z,500.0,952.210934476926,90.44218689538522,-27.35861897003833,-2.88821554617096,451,133,0,186,132,0,809.6113306216084,13.18956549971318,38.6872649434521,Lower normal base; signal-recency boosts base sizing; signal-aware TP fixed to current best.,0
signal_boost_tp,"{""fresh_base_pct"": 24.0, ""fresh_callback_percent"": 0.25, ""fresh_tp_percent"": 1.2, ""freshness_ms"": 259200000, ""normal_base_pct"": 6.0, ""tp_freshness_ms"": 86400000}",2026-01-23T02:58:00Z,2026-05-24T02:58:00Z,500.0,1056.0088293201907,111.20176586403812,-27.35861897003834,-2.88821554617096,393,120,0,154,119,0,897.8648348789822,14.62732375599663,53.74310948464476,Lower normal base; signal-recency boosts base sizing; signal-aware TP fixed to current best.,0
signal_boost_tp,"{""fresh_base_pct"": 28.0, ""fresh_callback_percent"": 0.25, ""fresh_tp_percent"": 1.2, ""freshness_ms"": 7200000, ""normal_base_pct"": 6.0, ""tp_freshness_ms"": 86400000}",2026-01-23T02:58:00Z,2026-05-24T02:58:00Z,500.0,706.3092439309424,41.26184878618848,-20.525110940744675,-7.494858717912001,518,144,0,231,143,0,706.2997966496221,11.45535899588587,21.12393329594184,Lower normal base; signal-recency boosts base sizing; signal-aware TP fixed to current best.,0
signal_boost_tp,"{""fresh_base_pct"": 28.0, ""fresh_callback_percent"": 0.25, ""fresh_tp_percent"": 1.2, ""freshness_ms"": 21600000, ""normal_base_pct"": 6.0, ""tp_freshness_ms"": 86400000}",2026-01-23T02:58:00Z,2026-05-24T02:58:00Z,500.0,812.6413377112821,62.52826754225642,-31.873631861457508,-10.824326150667822,485,139,0,208,138,0,808.4752185985265,13.171056835893038,29.31950936922247,Lower normal base; signal-recency boosts base sizing; signal-aware TP fixed to current best.,0
signal_boost_tp,"{""fresh_base_pct"": 28.0, ""fresh_callback_percent"": 0.25, ""fresh_tp_percent"": 1.2, ""freshness_ms"": 86400000, ""normal_base_pct"": 6.0, ""tp_freshness_ms"": 86400000}",2026-01-23T02:58:00Z,2026-05-24T02:58:00Z,500.0,1043.3552788475208,108.67105576950418,-31.873631861457508,-3.3861276637660733,451,133,0,186,132,0,1038.0063725503796,16.910401969499688,45.95318980425655,Lower normal base; signal-recency boosts base sizing; signal-aware TP fixed to current best.,0
signal_boost_tp,"{""fresh_base_pct"": 28.0, ""fresh_callback_percent"": 0.25, ""fresh_tp_percent"": 1.2, ""freshness_ms"": 259200000, ""normal_base_pct"": 6.0, ""tp_freshness_ms"": 86400000}",2026-01-23T02:58:00Z,2026-05-24T02:58:00Z,500.0,1193.1774254944512,138.63548509889023,-31.87363186145752,-3.3861276637660733,393,120,0,154,119,0,1187.0604350749618,19.33867618739741,67.26207369515085,Lower normal base; signal-recency boosts base sizing; signal-aware TP fixed to current best.,0
signal_boost_tp,"{""fresh_base_pct"": 32.0, ""fresh_callback_percent"": 0.25, ""fresh_tp_percent"": 1.2, ""freshness_ms"": 7200000, ""normal_base_pct"": 6.0, ""tp_freshness_ms"": 86400000}",2026-01-23T02:58:00Z,2026-05-24T02:58:00Z,500.0,682.9045664239829,36.58091328479658,-13.446567651812835,-1.4962337275607398,497,140,0,218,139,0,444.1288387136226,7.18352859175141,18.818255784076285,Lower normal base; signal-recency boosts base sizing; signal-aware TP fixed to current best.,0
signal_boost_tp,"{""fresh_base_pct"": 32.0, ""fresh_callback_percent"": 0.25, ""fresh_tp_percent"": 1.2, ""freshness_ms"": 21600000, ""normal_base_pct"": 6.0, ""tp_freshness_ms"": 86400000}",2026-01-23T02:58:00Z,2026-05-24T02:58:00Z,500.0,758.2526160990045,51.6505232198009,-21.31309300880956,-1.1325772744668157,446,132,0,183,131,0,493.50542090482924,7.95995743291901,24.14939961846321,Lower normal base; signal-recency boosts base sizing; signal-aware TP fixed to current best.,0
signal_boost_tp,"{""fresh_base_pct"": 32.0, ""fresh_callback_percent"": 0.25, ""fresh_tp_percent"": 1.2, ""freshness_ms"": 86400000, ""normal_base_pct"": 6.0, ""tp_freshness_ms"": 86400000}",2026-01-23T02:58:00Z,2026-05-24T02:58:00Z,500.0,865.9831075218724,73.19662150437448,-21.31309300880956,-2.330329182133925,381,122,0,138,121,0,563.6213432045088,9.090886766688046,32.81573494725031,Lower normal base; signal-recency boosts base sizing; signal-aware TP fixed to current best.,0
signal_boost_tp,"{""fresh_base_pct"": 32.0, ""fresh_callback_percent"": 0.25, ""fresh_tp_percent"": 1.2, ""freshness_ms"": 259200000, ""normal_base_pct"": 6.0, ""tp_freshness_ms"": 86400000}",2026-01-23T02:58:00Z,2026-05-24T02:58:00Z,500.0,889.9031511627629,77.9806302325526,-21.31309300880957,-2.330329182133925,280,101,0,79,100,0,579.1895996858266,9.341993752846063,37.24814487299297,Lower normal base; signal-recency boosts base sizing; signal-aware TP fixed to current best.,0
signal_boost_tp,"{""fresh_base_pct"": 16.0, ""fresh_callback_percent"": 0.25, ""fresh_tp_percent"": 1.2, ""freshness_ms"": 7200000, ""normal_base_pct"": 8.0, ""tp_freshness_ms"": 86400000}",2026-01-23T02:58:00Z,2026-05-24T02:58:00Z,500.0,767.1226892759822,53.424537855196455,-16.315144957369508,-1.5159211702259259,521,143,0,236,142,0,777.2520516974705,12.653593655026594,27.604972282438737,Lower normal base; signal-recency boosts base sizing; signal-aware TP fixed to current best.,0
signal_boost_tp,"{""fresh_base_pct"": 16.0, ""fresh_callback_percent"": 0.25, ""fresh_tp_percent"": 1.2, ""freshness_ms"": 21600000, ""normal_base_pct"": 8.0, ""tp_freshness_ms"": 86400000}",2026-01-23T02:58:00Z,2026-05-24T02:58:00Z,500.0,857.960932981108,71.59218659622162,-32.41688528243796,-10.21075829153115,521,143,0,236,142,0,869.2897560691672,14.151959223206802,34.65612323388798,Lower normal base; signal-recency boosts base sizing; signal-aware TP fixed to current best.,0
signal_boost_tp,"{""fresh_base_pct"": 16.0, ""fresh_callback_percent"": 0.25, ""fresh_tp_percent"": 1.2, ""freshness_ms"": 86400000, ""normal_base_pct"": 8.0, ""tp_freshness_ms"": 86400000}",2026-01-23T02:58:00Z,2026-05-24T02:58:00Z,500.0,993.4956300739339,98.69912601478677,-32.41688528243797,-3.0792981227752847,521,143,0,236,142,0,1006.6141017889104,16.38758724874255,45.81547031897762,Lower normal base; signal-recency boosts base sizing; signal-aware TP fixed to current best.,0
signal_boost_tp,"{""fresh_base_pct"": 16.0, ""fresh_callback_percent"": 0.25, ""fresh_tp_percent"": 1.2, ""freshness_ms"": 259200000, ""normal_base_pct"": 8.0, ""tp_freshness_ms"": 86400000}",2026-01-23T02:58:00Z,2026-05-24T02:58:00Z,500.0,1112.4165058498563,122.48330116997126,-32.416885282437946,-3.0792981227752847,521,143,0,236,142,0,1127.1052513516142,18.349172351366278,62.09756377781292,Lower normal base; signal-recency boosts base sizing; signal-aware TP fixed to current best.,0
signal_boost_tp,"{""fresh_base_pct"": 20.0, ""fresh_callback_percent"": 0.25, ""fresh_tp_percent"": 1.2, ""freshness_ms"": 7200000, ""normal_base_pct"": 8.0, ""tp_freshness_ms"": 86400000}",2026-01-23T02:58:00Z,2026-05-24T02:58:00Z,500.0,765.305937824743,53.0611875649486,-16.31514495736952,-1.5159211702259259,518,144,0,231,143,0,542.7501626477435,8.802774668346176,26.760256004572312,Lower normal base; signal-recency boosts base sizing; signal-aware TP fixed to current best.,0
signal_boost_tp,"{""fresh_base_pct"": 20.0, ""fresh_callback_percent"": 0.25, ""fresh_tp_percent"": 1.2, ""freshness_ms"": 21600000, ""normal_base_pct"": 8.0, ""tp_freshness_ms"": 86400000}",2026-01-23T02:58:00Z,2026-05-24T02:58:00Z,500.0,802.4719567995982,60.49439135991963,-22.830908290987285,-1.5159211702259259,485,139,0,208,138,0,566.9153025926582,9.23574835667698,29.353650970581562,Lower normal base; signal-recency boosts base sizing; signal-aware TP fixed to current best.,0
signal_boost_tp,"{""fresh_base_pct"": 20.0, ""fresh_callback_percent"": 0.25, ""fresh_tp_percent"": 1.2, ""freshness_ms"": 86400000, ""normal_base_pct"": 8.0, ""tp_freshness_ms"": 86400000}",2026-01-23T02:58:00Z,2026-05-24T02:58:00Z,500.0,895.8007199351159,79.16014398702318,-22.830908290987285,-2.395144855535393,451,133,0,186,132,0,632.8484527111785,10.309880559622997,35.59979279966446,Lower normal base; signal-recency boosts base sizing; signal-aware TP fixed to current best.,0
signal_boost_tp,"{""fresh_base_pct"": 20.0, ""fresh_callback_percent"": 0.25, ""fresh_tp_percent"": 1.2, ""freshness_ms"": 259200000, ""normal_base_pct"": 8.0, ""tp_freshness_ms"": 86400000}",2026-01-23T02:58:00Z,2026-05-24T02:58:00Z,500.0,937.6092875105195,87.5218575021039,-22.830908290987285,-2.395144855535393,393,120,0,154,119,0,662.3845835842161,10.791060501186962,42.17167201451472,Lower normal base; signal-recency boosts base sizing; signal-aware TP fixed to current best.,0
signal_boost_tp,"{""fresh_base_pct"": 24.0, ""fresh_callback_percent"": 0.25, ""fresh_tp_percent"": 1.2, ""freshness_ms"": 7200000, ""normal_base_pct"": 8.0, ""tp_freshness_ms"": 86400000}",2026-01-23T02:58:00Z,2026-05-24T02:58:00Z,500.0,771.4326724394991,54.286534487899814,-17.607608938979148,-1.5159211702259259,518,144,0,231,143,0,658.858303573937,10.685913305740213,27.540689741854806,Lower normal base; signal-recency boosts base sizing; signal-aware TP fixed to current best.,0
signal_boost_tp,"{""fresh_base_pct"": 24.0, ""fresh_callback_percent"": 0.25, ""fresh_tp_percent"": 1.2, ""freshness_ms"": 21600000, ""normal_base_pct"": 8.0, ""tp_freshness_ms"": 86400000}",2026-01-23T02:58:00Z,2026-05-24T02:58:00Z,500.0,835.3552326017156,67.0710465203431,-27.35861897003833,-4.476756914886725,485,139,0,208,138,0,710.2555084393293,11.570936813470768,32.283815722872916,Lower normal base; signal-recency boosts base sizing; signal-aware TP fixed to current best.,0
signal_boost_tp,"{""fresh_base_pct"": 24.0, ""fresh_callback_percent"": 0.25, ""fresh_tp_percent"": 1.2, ""freshness_ms"": 86400000, ""normal_base_pct"": 8.0, ""tp_freshness_ms"": 86400000}",2026-01-23T02:58:00Z,2026-05-24T02:58:00Z,500.0,981.7292455790518,96.34584911581037,-27.35861897003834,-2.88821554617096,451,133,0,186,132,0,834.7090881286913,13.598438873905494,42.533195075176636,Lower normal base; signal-recency boosts base sizing; signal-aware TP fixed to current best.,0
signal_boost_tp,"{""fresh_base_pct"": 24.0, ""fresh_callback_percent"": 0.25, ""fresh_tp_percent"": 1.2, ""freshness_ms"": 259200000, ""normal_base_pct"": 8.0, ""tp_freshness_ms"": 86400000}",2026-01-23T02:58:00Z,2026-05-24T02:58:00Z,500.0,1059.6298863073805,111.9259772614761,-27.35861897003834,-2.88821554617096,393,120,0,154,119,0,900.9436157031765,14.677480886713653,54.13498588974135,Lower normal base; signal-recency boosts base sizing; signal-aware TP fixed to current best.,0
signal_boost_tp,"{""fresh_base_pct"": 28.0, ""fresh_callback_percent"": 0.25, ""fresh_tp_percent"": 1.2, ""freshness_ms"": 7200000, ""normal_base_pct"": 8.0, ""tp_freshness_ms"": 86400000}",2026-01-23T02:58:00Z,2026-05-24T02:58:00Z,500.0,777.579093487623,55.5158186975246,-20.525110940744685,-3.74221729586519,518,144,0,231,143,0,777.5686929321889,12.611257377890306,28.329549989426337,Lower normal base; signal-recency boosts base sizing; signal-aware TP fixed to current best.,0
signal_boost_tp,"{""fresh_base_pct"": 28.0, ""fresh_callback_percent"": 0.25, ""fresh_tp_percent"": 1.2, ""freshness_ms"": 21600000, ""normal_base_pct"": 8.0, ""tp_freshness_ms"": 86400000}",2026-01-23T02:58:00Z,2026-05-24T02:58:00Z,500.0,869.514312970378,73.90286259407559,-31.87363186145752,-8.124066638972186,485,139,0,208,138,0,865.0566266209697,14.09283764472266,35.33775818966039,Lower normal base; signal-recency boosts base sizing; signal-aware TP fixed to current best.,0
signal_boost_tp,"{""fresh_base_pct"": 28.0, ""fresh_callback_percent"": 0.25, ""fresh_tp_percent"": 1.2, ""freshness_ms"": 86400000, ""normal_base_pct"": 8.0, ""tp_freshness_ms"": 86400000}",2026-01-23T02:58:00Z,2026-05-24T02:58:00Z,500.0,1075.6990428140466,115.13980856280935,-31.873631861457508,-3.3861276637660733,451,133,0,186,132,0,1070.1843217017017,17.434620383849133,50.12681075317718,Lower normal base; signal-recency boosts base sizing; signal-aware TP fixed to current best.,0
signal_boost_tp,"{""fresh_base_pct"": 28.0, ""fresh_callback_percent"": 0.25, ""fresh_tp_percent"": 1.2, ""freshness_ms"": 259200000, ""normal_base_pct"": 8.0, ""tp_freshness_ms"": 86400000}",2026-01-23T02:58:00Z,2026-05-24T02:58:00Z,500.0,1197.2688339501212,139.45376679002425,-31.87363186145752,-3.3861276637660733,393,120,0,154,119,0,1191.1308683547772,19.40498855769875,67.70408528421717,Lower normal base; signal-recency boosts base sizing; signal-aware TP fixed to current best.,0
signal_boost_tp,"{""fresh_base_pct"": 32.0, ""fresh_callback_percent"": 0.25, ""fresh_tp_percent"": 1.2, ""freshness_ms"": 7200000, ""normal_base_pct"": 8.0, ""tp_freshness_ms"": 86400000}",2026-01-23T02:58:00Z,2026-05-24T02:58:00Z,500.0,749.8175981106646,49.9635196221329,-16.315144957369508,-1.5159211702259259,497,140,0,218,139,0,487.6459105256205,7.88739220595899,25.532699256993514,Lower normal base; signal-recency boosts base sizing; signal-aware TP fixed to current best.,0
signal_boost_tp,"{""fresh_base_pct"": 32.0, ""fresh_callback_percent"": 0.25, ""fresh_tp_percent"": 1.2, ""freshness_ms"": 21600000, ""normal_base_pct"": 8.0, ""tp_freshness_ms"": 86400000}",2026-01-23T02:58:00Z,2026-05-24T02:58:00Z,500.0,807.9643093917566,61.592861878351314,-21.31309300880956,-1.5159211702259259,446,132,0,183,131,0,525.8600605083781,8.48181908446782,29.47317950467403,Lower normal base; signal-recency boosts base sizing; signal-aware TP fixed to current best.,0
signal_boost_tp,"{""fresh_base_pct"": 32.0, ""fresh_callback_percent"": 0.25, ""fresh_tp_percent"": 1.2, ""freshness_ms"": 86400000, ""normal_base_pct"": 8.0, ""tp_freshness_ms"": 86400000}",2026-01-23T02:58:00Z,2026-05-24T02:58:00Z,500.0,890.6566863103258,78.13133726206516,-21.313093008809545,-2.330329182133925,381,122,0,138,121,0,579.6800347628301,9.34990418740502,36.00377754300329,Lower normal base; signal-recency boosts base sizing; signal-aware TP fixed to current best.,0
signal_boost_tp,"{""fresh_base_pct"": 32.0, ""fresh_callback_percent"": 0.25, ""fresh_tp_percent"": 1.2, ""freshness_ms"": 259200000, ""normal_base_pct"": 8.0, ""tp_freshness_ms"": 86400000}",2026-01-23T02:58:00Z,2026-05-24T02:58:00Z,500.0,892.8772887001546,78.57545774003091,-21.31309300880957,-2.330329182133925,280,101,0,79,100,0,581.1253041806829,9.373215548451704,37.56660185019383,Lower normal base; signal-recency boosts base sizing; signal-aware TP fixed to current best.,0
signal_boost_tp,"{""fresh_base_pct"": 16.0, ""fresh_callback_percent"": 0.25, ""fresh_tp_percent"": 1.2, ""freshness_ms"": 7200000, ""normal_base_pct"": 10.0, ""tp_freshness_ms"": 86400000}",2026-01-23T02:58:00Z,2026-05-24T02:58:00Z,500.0,845.4677698566841,69.0935539713368,-20.360422360117948,-1.9022303919580288,521,143,0,236,142,0,856.6316287495149,13.945886046318215,35.48604735967029,Lower normal base; signal-recency boosts base sizing; signal-aware TP fixed to current best.,0
signal_boost_tp,"{""fresh_base_pct"": 16.0, ""fresh_callback_percent"": 0.25, ""fresh_tp_percent"": 1.2, ""freshness_ms"": 21600000, ""normal_base_pct"": 10.0, ""tp_freshness_ms"": 86400000}",2026-01-23T02:58:00Z,2026-05-24T02:58:00Z,500.0,919.4367164086241,83.88734328172482,-32.41688528243798,-7.526289165328446,521,143,0,236,142,0,931.5772877335528,15.16599464933973,41.30714465761091,Lower normal base; signal-recency boosts base sizing; signal-aware TP fixed to current best.,0
signal_boost_tp,"{""fresh_base_pct"": 16.0, ""fresh_callback_percent"": 0.25, ""fresh_tp_percent"": 1.2, ""freshness_ms"": 86400000, ""normal_base_pct"": 10.0, ""tp_freshness_ms"": 86400000}",2026-01-23T02:58:00Z,2026-05-24T02:58:00Z,500.0,1026.2766776085411,105.25533552170825,-32.41688528243797,-3.0792981227752847,521,143,0,236,142,0,1039.8280020023342,16.92830656377222,50.22993191244813,Lower normal base; signal-recency boosts base sizing; signal-aware TP fixed to current best.,0
signal_boost_tp,"{""fresh_base_pct"": 16.0, ""fresh_callback_percent"": 0.25, ""fresh_tp_percent"": 1.2, ""freshness_ms"": 259200000, ""normal_base_pct"": 10.0, ""tp_freshness_ms"": 86400000}",2026-01-23T02:58:00Z,2026-05-24T02:58:00Z,500.0,1117.0518750410918,123.41037500821837,-32.416885282437946,-3.0792981227752847,521,143,0,236,142,0,1131.8018276159187,18.425632191502515,62.6607017735122,Lower normal base; signal-recency boosts base sizing; signal-aware TP fixed to current best.,0
signal_boost_tp,"{""fresh_base_pct"": 20.0, ""fresh_callback_percent"": 0.25, ""fresh_tp_percent"": 1.2, ""freshness_ms"": 7200000, ""normal_base_pct"": 10.0, ""tp_freshness_ms"": 86400000}",2026-01-23T02:58:00Z,2026-05-24T02:58:00Z,500.0,842.430677613373,68.4861355226746,-20.360422360117937,-1.9022303919580288,518,144,0,231,143,0,597.4465435270326,9.689886177821506,34.517024690688665,Lower normal base; signal-recency boosts base sizing; signal-aware TP fixed to current best.,0
signal_boost_tp,"{""fresh_base_pct"": 20.0, ""fresh_callback_percent"": 0.25, ""fresh_tp_percent"": 1.2, ""freshness_ms"": 21600000, ""normal_base_pct"": 10.0, ""tp_freshness_ms"": 86400000}",2026-01-23T02:58:00Z,2026-05-24T02:58:00Z,500.0,858.567264589785,71.71345291795701,-22.830908290987296,-1.9022303919580288,485,139,0,208,138,0,606.5444611201804,9.881356146893989,35.31429662615364,Lower normal base; signal-recency boosts base sizing; signal-aware TP fixed to current best.,0
signal_boost_tp,"{""fresh_base_pct"": 20.0, ""fresh_callback_percent"": 0.25, ""fresh_tp_percent"": 1.2, ""freshness_ms"": 86400000, ""normal_base_pct"": 10.0, ""tp_freshness_ms"": 86400000}",2026-01-23T02:58:00Z,2026-05-24T02:58:00Z,500.0,923.5440490876974,84.70880981753947,-22.830908290987274,-2.395144855535393,451,133,0,186,132,0,652.4480383517658,10.62918194387522,39.252531862203455,Lower normal base; signal-recency boosts base sizing; signal-aware TP fixed to current best.,0
signal_boost_tp,"{""fresh_base_pct"": 20.0, ""fresh_callback_percent"": 0.25, ""fresh_tp_percent"": 1.2, ""freshness_ms"": 259200000, ""normal_base_pct"": 10.0, ""tp_freshness_ms"": 86400000}",2026-01-23T02:58:00Z,2026-05-24T02:58:00Z,500.0,940.8213897777881,88.16427795555761,-22.830908290987285,-2.395144855535393,393,120,0,154,119,0,664.6538092105789,10.828028980876542,42.5198611105483,Lower normal base; signal-recency boosts base sizing; signal-aware TP fixed to current best.,0
signal_boost_tp,"{""fresh_base_pct"": 24.0, ""fresh_callback_percent"": 0.25, ""fresh_tp_percent"": 1.2, ""freshness_ms"": 7200000, ""normal_base_pct"": 10.0, ""tp_freshness_ms"": 86400000}",2026-01-23T02:58:00Z,2026-05-24T02:58:00Z,500.0,849.1748421859592,69.83496843719183,-20.360422360117937,-1.9022303919580288,518,144,0,231,143,0,725.2556392135248,11.762800655460243,35.39114765101331,Lower normal base; signal-recency boosts base sizing; signal-aware TP fixed to current best.,0
signal_boost_tp,"{""fresh_base_pct"": 24.0, ""fresh_callback_percent"": 0.25, ""fresh_tp_percent"": 1.2, ""freshness_ms"": 21600000, ""normal_base_pct"": 10.0, ""tp_freshness_ms"": 86400000}",2026-01-23T02:58:00Z,2026-05-24T02:58:00Z,500.0,893.7491845521611,78.74983691043221,-27.35861897003834,-1.9351808386481415,485,139,0,208,138,0,759.9045971308227,12.379781604210955,38.48741764196429,Lower normal base; signal-recency boosts base sizing; signal-aware TP fixed to current best.,0
signal_boost_tp,"{""fresh_base_pct"": 24.0, ""fresh_callback_percent"": 0.25, ""fresh_tp_percent"": 1.2, ""freshness_ms"": 86400000, ""normal_base_pct"": 10.0, ""tp_freshness_ms"": 86400000}",2026-01-23T02:58:00Z,2026-05-24T02:58:00Z,500.0,1012.1338177039624,102.42676354079249,-27.35861897003835,-2.88821554617096,451,133,0,186,132,0,860.5603834706753,14.019588307305517,46.49703234412521,Lower normal base; signal-recency boosts base sizing; signal-aware TP fixed to current best.,0
signal_boost_tp,"{""fresh_base_pct"": 24.0, ""fresh_callback_percent"": 0.25, ""fresh_tp_percent"": 1.2, ""freshness_ms"": 259200000, ""normal_base_pct"": 10.0, ""tp_freshness_ms"": 86400000}",2026-01-23T02:58:00Z,2026-05-24T02:58:00Z,500.0,1063.2600119957824,112.65200239915649,-27.35861897003834,-2.88821554617096,393,120,0,154,119,0,904.0301071332765,14.727763632695419,54.527811101976624,Lower normal base; signal-recency boosts base sizing; signal-aware TP fixed to current best.,0
signal_boost_tp,"{""fresh_base_pct"": 28.0, ""fresh_callback_percent"": 0.25, ""fresh_tp_percent"": 1.2, ""freshness_ms"": 7200000, ""normal_base_pct"": 10.0, ""tp_freshness_ms"": 86400000}",2026-01-23T02:58:00Z,2026-05-24T02:58:00Z,500.0,855.9406771188288,71.18813542376576,-20.525110940744675,-1.9022303919580288,518,144,0,231,143,0,855.9292284333701,13.882173877560758,36.274645588442176,Lower normal base; signal-recency boosts base sizing; signal-aware TP fixed to current best.,0
signal_boost_tp,"{""fresh_base_pct"": 28.0, ""fresh_callback_percent"": 0.25, ""fresh_tp_percent"": 1.2, ""freshness_ms"": 21600000, ""normal_base_pct"": 10.0, ""tp_freshness_ms"": 86400000}",2026-01-23T02:58:00Z,2026-05-24T02:58:00Z,500.0,930.2960918235245,86.05921836470492,-31.873631861457508,-5.487311353197633,485,139,0,208,138,0,925.52679921089,15.077971216829843,41.7939867775927,Lower normal base; signal-recency boosts base sizing; signal-aware TP fixed to current best.,0
signal_boost_tp,"{""fresh_base_pct"": 28.0, ""fresh_callback_percent"": 0.25, ""fresh_tp_percent"": 1.2, ""freshness_ms"": 86400000, ""normal_base_pct"": 10.0, ""tp_freshness_ms"": 86400000}",2026-01-23T02:58:00Z,2026-05-24T02:58:00Z,500.0,1109.0138995112698,121.80277990225395,-31.873631861457508,-3.3861276637660733,451,133,0,186,132,0,1103.328385141452,17.97457798959261,54.428493793968194,Lower normal base; signal-recency boosts base sizing; signal-aware TP fixed to current best.,0
signal_boost_tp,"{""fresh_base_pct"": 28.0, ""fresh_callback_percent"": 0.25, ""fresh_tp_percent"": 1.2, ""freshness_ms"": 259200000, ""normal_base_pct"": 10.0, ""tp_freshness_ms"": 86400000}",2026-01-23T02:58:00Z,2026-05-24T02:58:00Z,500.0,1201.3704890715996,140.27409781431993,-31.87363186145752,-3.3861276637660733,393,120,0,154,119,0,1195.2114957694403,19.471467003009415,68.14716894629255,Lower normal base; signal-recency boosts base sizing; signal-aware TP fixed to current best.,0
signal_boost_tp,"{""fresh_base_pct"": 32.0, ""fresh_callback_percent"": 0.25, ""fresh_tp_percent"": 1.2, ""freshness_ms"": 7200000, ""normal_base_pct"": 10.0, ""tp_freshness_ms"": 86400000}",2026-01-23T02:58:00Z,2026-05-24T02:58:00Z,500.0,823.1935416893226,64.63870833786451,-20.360422360117948,-1.9022303919580288,497,140,0,218,139,0,535.3661546319881,8.659239715200533,32.91527836727245,Lower normal base; signal-recency boosts base sizing; signal-aware TP fixed to current best.,0
signal_boost_tp,"{""fresh_base_pct"": 32.0, ""fresh_callback_percent"": 0.25, ""fresh_tp_percent"": 1.2, ""freshness_ms"": 21600000, ""normal_base_pct"": 10.0, ""tp_freshness_ms"": 86400000}",2026-01-23T02:58:00Z,2026-05-24T02:58:00Z,500.0,860.8745473084532,72.17490946169065,-21.31309300880957,-1.9022303919580288,446,132,0,183,131,0,560.2964589841134,9.037258304380162,35.16192711642376,Lower normal base; signal-recency boosts base sizing; signal-aware TP fixed to current best.,0
signal_boost_tp,"{""fresh_base_pct"": 32.0, ""fresh_callback_percent"": 0.25, ""fresh_tp_percent"": 1.2, ""freshness_ms"": 86400000, ""normal_base_pct"": 10.0, ""tp_freshness_ms"": 86400000}",2026-01-23T02:58:00Z,2026-05-24T02:58:00Z,500.0,916.0075174892513,83.20150349785027,-21.31309300880957,-2.330329182133925,381,122,0,138,121,0,596.1795130971184,9.616031244257819,39.28096547525987,Lower normal base; signal-recency boosts base sizing; signal-aware TP fixed to current best.,0
signal_boost_tp,"{""fresh_base_pct"": 32.0, ""fresh_callback_percent"": 0.25, ""fresh_tp_percent"": 1.2, ""freshness_ms"": 259200000, ""normal_base_pct"": 10.0, ""tp_freshness_ms"": 86400000}",2026-01-23T02:58:00Z,2026-05-24T02:58:00Z,500.0,895.8585519859099,79.17171039718198,-21.31309300880957,-2.330329182133925,280,101,0,79,100,0,583.0656464379033,9.404512148485903,37.88581034752298,Lower normal base; signal-recency boosts base sizing; signal-aware TP fixed to current best.,0
signal_boost_tp,"{""fresh_base_pct"": 16.0, ""fresh_callback_percent"": 0.25, ""fresh_tp_percent"": 1.2, ""freshness_ms"": 7200000, ""normal_base_pct"": 12.0, ""tp_freshness_ms"": 86400000}",2026-01-23T02:58:00Z,2026-05-24T02:58:00Z,500.0,931.7023505672036,86.3404701134407,-24.39242814985517,-2.291539480318361,521,143,0,236,142,0,944.0048817134991,15.368314764144785,44.184868653194826,Lower normal base; signal-recency boosts base sizing; signal-aware TP fixed to current best.,0
signal_boost_tp,"{""fresh_base_pct"": 16.0, ""fresh_callback_percent"": 0.25, ""fresh_tp_percent"": 1.2, ""freshness_ms"": 21600000, ""normal_base_pct"": 12.0, ""tp_freshness_ms"": 86400000}",2026-01-23T02:58:00Z,2026-05-24T02:58:00Z,500.0,985.2405401663792,97.04810803327584,-32.41688528243797,-4.904866548931095,521,143,0,236,142,0,998.250008721021,16.25142056414807,48.45202287085764,Lower normal base; signal-recency boosts base sizing; signal-aware TP fixed to current best.,0
signal_boost_tp,"{""fresh_base_pct"": 16.0, ""fresh_callback_percent"": 0.25, ""fresh_tp_percent"": 1.2, ""freshness_ms"": 86400000, ""normal_base_pct"": 12.0, ""tp_freshness_ms"": 86400000}",2026-01-23T02:58:00Z,2026-05-24T02:58:00Z,500.0,1060.1075193601632,112.02150387203264,-32.41688528243796,-3.0792981227752847,521,143,0,236,142,0,1074.1055582911706,17.48634210426258,54.789479442514974,Lower normal base; signal-recency boosts base sizing; signal-aware TP fixed to current best.,0
signal_boost_tp,"{""fresh_base_pct"": 16.0, ""fresh_callback_percent"": 0.25, ""fresh_tp_percent"": 1.2, ""freshness_ms"": 259200000, ""normal_base_pct"": 12.0, ""tp_freshness_ms"": 86400000}",2026-01-23T02:58:00Z,2026-05-24T02:58:00Z,500.0,1121.7025700337192,124.34051400674386,-32.416885282437946,-3.0792981227752847,521,143,0,236,142,0,1136.5139320489793,18.502344828832687,63.22582864972576,Lower normal base; signal-recency boosts base sizing; signal-aware TP fixed to current best.,0
signal_boost_tp,"{""fresh_base_pct"": 20.0, ""fresh_callback_percent"": 0.25, ""fresh_tp_percent"": 1.2, ""freshness_ms"": 7200000, ""normal_base_pct"": 12.0, ""tp_freshness_ms"": 86400000}",2026-01-23T02:58:00Z,2026-05-24T02:58:00Z,500.0,927.220082986681,85.44401659733619,-24.39242814985516,-2.291539480318361,518,144,0,231,143,0,657.5786570814776,10.66515893199059,43.06525015561316,Lower normal base; signal-recency boosts base sizing; signal-aware TP fixed to current best.,0
signal_boost_tp,"{""fresh_base_pct"": 20.0, ""fresh_callback_percent"": 0.25, ""fresh_tp_percent"": 1.2, ""freshness_ms"": 21600000, ""normal_base_pct"": 12.0, ""tp_freshness_ms"": 86400000}",2026-01-23T02:58:00Z,2026-05-24T02:58:00Z,500.0,918.5134581476914,83.70269162953828,-22.830908290987285,-2.291539480318361,485,139,0,208,138,0,648.8941210331503,10.571284254599487,41.707109903388925,Lower normal base; signal-recency boosts base sizing; signal-aware TP fixed to current best.,0
signal_boost_tp,"{""fresh_base_pct"": 20.0, ""fresh_callback_percent"": 0.25, ""fresh_tp_percent"": 1.2, ""freshness_ms"": 86400000, ""normal_base_pct"": 12.0, ""tp_freshness_ms"": 86400000}",2026-01-23T02:58:00Z,2026-05-24T02:58:00Z,500.0,952.1195868294903,90.42391736589808,-22.830908290987285,-2.395144855535393,451,133,0,186,132,0,672.6355470720016,10.958061319040517,43.01699157613622,Lower normal base; signal-recency boosts base sizing; signal-aware TP fixed to current best.,0
signal_boost_tp,"{""fresh_base_pct"": 20.0, ""fresh_callback_percent"": 0.25, ""fresh_tp_percent"": 1.2, ""freshness_ms"": 259200000, ""normal_base_pct"": 12.0, ""tp_freshness_ms"": 86400000}",2026-01-23T02:58:00Z,2026-05-24T02:58:00Z,500.0,944.0415318799592,88.80830637599185,-22.830908290987285,-2.395144855535393,393,120,0,154,119,0,666.928714668365,10.865089992013933,42.86889114405549,Lower normal base; signal-recency boosts base sizing; signal-aware TP fixed to current best.,0
signal_boost_tp,"{""fresh_base_pct"": 24.0, ""fresh_callback_percent"": 0.25, ""fresh_tp_percent"": 1.2, ""freshness_ms"": 7200000, ""normal_base_pct"": 12.0, ""tp_freshness_ms"": 86400000}",2026-01-23T02:58:00Z,2026-05-24T02:58:00Z,500.0,934.6430377779133,86.92860755558264,-24.392428149855185,-2.291539480318361,518,144,0,231,143,0,798.2515497693571,12.946709194886663,44.04256171228903,Lower normal base; signal-recency boosts base sizing; signal-aware TP fixed to current best.,0
signal_boost_tp,"{""fresh_base_pct"": 24.0, ""fresh_callback_percent"": 0.25, ""fresh_tp_percent"": 1.2, ""freshness_ms"": 21600000, ""normal_base_pct"": 12.0, ""tp_freshness_ms"": 86400000}",2026-01-23T02:58:00Z,2026-05-24T02:58:00Z,500.0,956.1518218516188,91.23036437032377,-27.35861897003833,-2.291539480318361,485,139,0,208,138,0,812.9620452119714,13.244152766329748,45.14055800193845,Lower normal base; signal-recency boosts base sizing; signal-aware TP fixed to current best.,0
signal_boost_tp,"{""fresh_base_pct"": 24.0, ""fresh_callback_percent"": 0.25, ""fresh_tp_percent"": 1.2, ""freshness_ms"": 86400000, ""normal_base_pct"": 12.0, ""tp_freshness_ms"": 86400000}",2026-01-23T02:58:00Z,2026-05-24T02:58:00Z,500.0,1043.4504269508298,108.69008539016596,-27.35861897003833,-2.88821554617096,451,133,0,186,132,0,887.1871326130183,14.453370837977022,50.58221351522967,Lower normal base; signal-recency boosts base sizing; signal-aware TP fixed to current best.,0
signal_boost_tp,"{""fresh_base_pct"": 24.0, ""fresh_callback_percent"": 0.25, ""fresh_tp_percent"": 1.2, ""freshness_ms"": 259200000, ""normal_base_pct"": 12.0, ""tp_freshness_ms"": 86400000}",2026-01-23T02:58:00Z,2026-05-24T02:58:00Z,500.0,1066.899223824279,113.37984476485579,-27.35861897003834,-2.88821554617096,393,120,0,154,119,0,907.1243239965827,14.778172235496914,54.92158682112993,Lower normal base; signal-recency boosts base sizing; signal-aware TP fixed to current best.,0
signal_boost_tp,"{""fresh_base_pct"": 28.0, ""fresh_callback_percent"": 0.25, ""fresh_tp_percent"": 1.2, ""freshness_ms"": 7200000, ""normal_base_pct"": 12.0, ""tp_freshness_ms"": 86400000}",2026-01-23T02:58:00Z,2026-05-24T02:58:00Z,500.0,942.0898440192327,88.41796880384653,-24.39242814985516,-2.291539480318361,518,144,0,231,143,0,942.0772430404659,15.279394206362095,45.03029124996083,Lower normal base; signal-recency boosts base sizing; signal-aware TP fixed to current best.,0
signal_boost_tp,"{""fresh_base_pct"": 28.0, ""fresh_callback_percent"": 0.25, ""fresh_tp_percent"": 1.2, ""freshness_ms"": 21600000, ""normal_base_pct"": 12.0, ""tp_freshness_ms"": 86400000}",2026-01-23T02:58:00Z,2026-05-24T02:58:00Z,500.0,995.2504779114463,99.05009558228926,-31.873631861457508,-2.912493650020199,485,139,0,208,138,0,990.1481875828697,16.130733205672342,48.71780679263865,Lower normal base; signal-recency boosts base sizing; signal-aware TP fixed to current best.,0
signal_boost_tp,"{""fresh_base_pct"": 28.0, ""fresh_callback_percent"": 0.25, ""fresh_tp_percent"": 1.2, ""freshness_ms"": 86400000, ""normal_base_pct"": 12.0, ""tp_freshness_ms"": 86400000}",2026-01-23T02:58:00Z,2026-05-24T02:58:00Z,500.0,1143.3280922917447,128.66561845834897,-31.87363186145752,-3.3861276637660733,451,133,0,186,132,0,1137.4666614287,18.53073254685684,58.86197359848232,Lower normal base; signal-recency boosts base sizing; signal-aware TP fixed to current best.,0
signal_boost_tp,"{""fresh_base_pct"": 28.0, ""fresh_callback_percent"": 0.25, ""fresh_tp_percent"": 1.2, ""freshness_ms"": 259200000, ""normal_base_pct"": 12.0, ""tp_freshness_ms"": 86400000}",2026-01-23T02:58:00Z,2026-05-24T02:58:00Z,500.0,1205.4824105629666,141.09648211259332,-31.87363186145752,-3.3861276637660733,393,120,0,154,119,0,1199.3023369220155,19.538111842687467,68.59132660941897,Lower normal base; signal-recency boosts base sizing; signal-aware TP fixed to current best.,0
signal_boost_tp,"{""fresh_base_pct"": 32.0, ""fresh_callback_percent"": 0.25, ""fresh_tp_percent"": 1.2, ""freshness_ms"": 7200000, ""normal_base_pct"": 12.0, ""tp_freshness_ms"": 86400000}",2026-01-23T02:58:00Z,2026-05-24T02:58:00Z,500.0,903.6477043344735,80.7295408668947,-24.39242814985517,-2.291539480318361,497,140,0,218,139,0,587.6897377240998,9.505543585612847,41.02820290848496,Lower normal base; signal-recency boosts base sizing; signal-aware TP fixed to current best.,0
signal_boost_tp,"{""fresh_base_pct"": 32.0, ""fresh_callback_percent"": 0.25, ""fresh_tp_percent"": 1.2, ""freshness_ms"": 21600000, ""normal_base_pct"": 12.0, ""tp_freshness_ms"": 86400000}",2026-01-23T02:58:00Z,2026-05-24T02:58:00Z,500.0,917.1852862584475,83.43705725168951,-21.313093008809545,-2.291539480318361,446,132,0,183,131,0,596.9460587836483,9.628395183490701,41.23871967128334,Lower normal base; signal-recency boosts base sizing; signal-aware TP fixed to current best.,0
signal_boost_tp,"{""fresh_base_pct"": 32.0, ""fresh_callback_percent"": 0.25, ""fresh_tp_percent"": 1.2, ""freshness_ms"": 86400000, ""normal_base_pct"": 12.0, ""tp_freshness_ms"": 86400000}",2026-01-23T02:58:00Z,2026-05-24T02:58:00Z,500.0,942.0535118930296,88.41070237860593,-21.31309300880956,-2.330329182133925,381,122,0,138,121,0,613.1314353961153,9.889455960968657,42.649642486155216,Lower normal base; signal-recency boosts base sizing; signal-aware TP fixed to current best.,0
signal_boost_tp,"{""fresh_base_pct"": 32.0, ""fresh_callback_percent"": 0.25, ""fresh_tp_percent"": 1.2, ""freshness_ms"": 259200000, ""normal_base_pct"": 12.0, ""tp_freshness_ms"": 86400000}",2026-01-23T02:58:00Z,2026-05-24T02:58:00Z,500.0,898.8469538607789,79.76939077215577,-21.31309300880957,-2.330329182133925,280,101,0,79,100,0,585.0106348148341,9.435883687747834,38.2057716029757,Lower normal base; signal-recency boosts base sizing; signal-aware TP fixed to current best.,0
signal_boost_tp,"{""fresh_base_pct"": 14.0, ""fresh_callback_percent"": 0.15, ""fresh_tp_percent"": 0.8, ""freshness_ms"": 43200000, ""normal_base_pct"": 4.0, ""tp_freshness_ms"": 259200000}",2026-01-23T02:58:00Z,2026-05-24T02:58:00Z,500.0,809.8764047838807,61.97528095677613,-28.342737748995916,-5.417659232937321,554,154,0,247,153,0,717.4121180942996,11.643918907728281,32.76356771677655,Random consilium candidate: signal sizing boost plus signal-aware TP.,1
signal_boost_tp,"{""fresh_base_pct"": 18.0, ""fresh_callback_percent"": 0.25, ""fresh_tp_percent"": 1.0, ""freshness_ms"": 1800000, ""normal_base_pct"": 14.0, ""tp_freshness_ms"": 21600000}",2026-01-23T02:58:00Z,2026-05-24T02:58:00Z,500.0,1003.8822120069354,100.7764424013871,-28.435390907860715,-3.1141510606505047,693,198,0,298,197,0,639.6144648576237,10.373800684442585,66.45739563080062,Random consilium candidate: signal sizing boost plus signal-aware TP.,1
signal_boost_tp,"{""fresh_base_pct"": 28.0, ""fresh_callback_percent"": 0.15, ""fresh_tp_percent"": 1.0, ""freshness_ms"": 259200000, ""normal_base_pct"": 8.0, ""tp_freshness_ms"": 172800000}",2026-01-23T02:58:00Z,2026-05-24T02:58:00Z,500.0,1152.7975207562947,130.55950415125898,-31.86122310435482,-3.3861276637660733,380,117,0,147,116,0,1150.7775743580223,18.698930170140823,63.36193304772891,Random consilium candidate: signal sizing boost plus signal-aware TP.,1
signal_boost_tp,"{""fresh_base_pct"": 28.0, ""fresh_callback_percent"": 0.25, ""fresh_tp_percent"": 1.6, ""freshness_ms"": 14400000, ""normal_base_pct"": 14.0, ""tp_freshness_ms"": 172800000}",2026-01-23T02:58:00Z,2026-05-24T02:58:00Z,500.0,1123.7007163528256,124.74014327056513,-27.962896428055206,-2.6838835145009194,346,94,0,159,93,0,1122.9295875723783,18.183538049968302,41.53184272265757,Random consilium candidate: signal sizing boost plus signal-aware TP.,1
signal_boost_tp,"{""fresh_base_pct"": 20.0, ""fresh_callback_percent"": 0.2, ""fresh_tp_percent"": 1.4, ""freshness_ms"": 14400000, ""normal_base_pct"": 4.0, ""tp_freshness_ms"": 21600000}",2026-01-23T02:58:00Z,2026-05-24T02:58:00Z,500.0,678.3500475009523,35.67000950019046,-14.692302225921983,-2.761170723074538,660,189,0,283,188,0,168.9632653876899,2.760927896135329,18.912162442930427,Random consilium candidate: signal sizing boost plus signal-aware TP.,1
signal_boost_tp,"{""fresh_base_pct"": 18.0, ""fresh_callback_percent"": 0.15, ""fresh_tp_percent"": 1.2, ""freshness_ms"": 7200000, ""normal_base_pct"": 4.0, ""tp_freshness_ms"": 21600000}",2026-01-23T02:58:00Z,2026-05-24T02:58:00Z,500.0,613.8206944710328,22.764138894206543,-12.955065320643921,-4.178005119899796,655,190,0,276,189,0,390.4427736974108,6.349370930746926,15.257704285672371,Random consilium candidate: signal sizing boost plus signal-aware TP.,1
signal_boost_tp,"{""fresh_base_pct"": 32.0, ""fresh_callback_percent"": 0.2, ""fresh_tp_percent"": 0.8, ""freshness_ms"": 172800000, ""normal_base_pct"": 6.0, ""tp_freshness_ms"": 43200000}",2026-01-23T02:58:00Z,2026-05-24T02:58:00Z,500.0,884.2595949180359,76.85191898360716,-21.315218333822163,-2.330329182133925,403,141,0,122,140,0,575.5165156227835,9.282749028166544,45.990333708342945,Random consilium candidate: signal sizing boost plus signal-aware TP.,1
signal_boost_tp,"{""fresh_base_pct"": 18.0, ""fresh_callback_percent"": 0.2, ""fresh_tp_percent"": 1.6, ""freshness_ms"": 7200000, ""normal_base_pct"": 6.0, ""tp_freshness_ms"": 21600000}",2026-01-23T02:58:00Z,2026-05-24T02:58:00Z,500.0,682.73612618848,36.54722523769598,-12.061262518760751,-1.3104065942042349,659,190,0,280,189,0,434.46976411104004,7.035345381140956,22.719193651773047,Random consilium candidate: signal sizing boost plus signal-aware TP.,1
signal_boost_tp,"{""fresh_base_pct"": 36.0, ""fresh_callback_percent"": 0.15, ""fresh_tp_percent"": 0.8, ""freshness_ms"": 172800000, ""normal_base_pct"": 10.0, ""tp_freshness_ms"": 21600000}",2026-01-23T02:58:00Z,2026-05-24T02:58:00Z,500.0,935.7540901643902,87.15081803287804,-23.566959991670355,-2.8875425671557933,438,155,0,129,154,0,686.8625526704456,11.0786963018532,61.13479543332666,Random consilium candidate: signal sizing boost plus signal-aware TP.,1
signal_boost_tp,"{""fresh_base_pct"": 36.0, ""fresh_callback_percent"": 0.35, ""fresh_tp_percent"": 0.8, ""freshness_ms"": 172800000, ""normal_base_pct"": 14.0, ""tp_freshness_ms"": 43200000}",2026-01-23T02:58:00Z,2026-05-24T02:58:00Z,500.0,995.9989718330074,99.1997943666015,-23.954244544131853,-2.62938700075563,391,138,0,116,137,0,731.08352230678,11.79195500385945,57.534179396782186,Random consilium candidate: signal sizing boost plus signal-aware TP.,1
signal_boost_tp,"{""fresh_base_pct"": 28.0, ""fresh_callback_percent"": 0.35, ""fresh_tp_percent"": 1.0, ""freshness_ms"": 172800000, ""normal_base_pct"": 10.0, ""tp_freshness_ms"": 86400000}",2026-01-23T02:58:00Z,2026-05-24T02:58:00Z,500.0,1184.0193248101464,136.80386496202925,-32.41993020310381,-3.3861276637660733,441,134,0,174,133,0,1183.206802966314,19.159603737249093,69.4786257194792,Random consilium candidate: signal sizing boost plus signal-aware TP.,1
signal_boost_tp,"{""fresh_base_pct"": 20.0, ""fresh_callback_percent"": 0.15, ""fresh_tp_percent"": 1.2, ""freshness_ms"": 86400000, ""normal_base_pct"": 12.0, ""tp_freshness_ms"": 21600000}",2026-01-23T02:58:00Z,2026-05-24T02:58:00Z,500.0,957.9966901279904,91.59933802559807,-22.75801650311061,-2.7170966951297624,574,174,0,227,173,0,677.156548940487,11.029891431258662,56.399731283559234,Random consilium candidate: signal sizing boost plus signal-aware TP.,1
signal_boost_tp,"{""fresh_base_pct"": 24.0, ""fresh_callback_percent"": 0.35, ""fresh_tp_percent"": 1.2, ""freshness_ms"": 86400000, ""normal_base_pct"": 12.0, ""tp_freshness_ms"": 21600000}",2026-01-23T02:58:00Z,2026-05-24T02:58:00Z,500.0,1038.78110006154,107.75622001230798,-27.403252148550962,-3.2792965101051084,565,173,0,220,172,0,883.7203882232891,14.394514758727222,65.19175538507828,Random consilium candidate: signal sizing boost plus signal-aware TP.,1
signal_boost_tp,"{""fresh_base_pct"": 14.0, ""fresh_callback_percent"": 0.2, ""fresh_tp_percent"": 1.4, ""freshness_ms"": 259200000, ""normal_base_pct"": 12.0, ""tp_freshness_ms"": 259200000}",2026-01-23T02:58:00Z,2026-05-24T02:58:00Z,500.0,1064.211339144028,112.8422678288056,-27.962896428055195,-2.6838835145009194,356,92,0,173,91,0,936.3337451969869,15.313603465348427,38.267899971844386,Random consilium candidate: signal sizing boost plus signal-aware TP.,1
signal_boost_tp,"{""fresh_base_pct"": 26.0, ""fresh_callback_percent"": 0.25, ""fresh_tp_percent"": 0.8, ""freshness_ms"": 172800000, ""normal_base_pct"": 14.0, ""tp_freshness_ms"": 21600000}",2026-01-23T02:58:00Z,2026-05-24T02:58:00Z,500.0,1105.4777090279463,121.09554180558924,-30.15123089640396,-3.5628320175522337,560,175,0,211,174,0,1023.8636472073672,16.579368638084354,80.69481529108737,Random consilium candidate: signal sizing boost plus signal-aware TP.,1
signal_boost_tp,"{""fresh_base_pct"": 22.0, ""fresh_callback_percent"": 0.25, ""fresh_tp_percent"": 1.0, ""freshness_ms"": 86400000, ""normal_base_pct"": 14.0, ""tp_freshness_ms"": 172800000}",2026-01-23T02:58:00Z,2026-05-24T02:58:00Z,500.0,1006.7457646071064,101.34915292142126,-25.54966049087589,-2.6410794465568523,397,116,0,166,115,0,786.7751256316386,12.760574979486583,46.203403394107106,Random consilium candidate: signal sizing boost plus signal-aware TP.,1
signal_boost_tp,"{""fresh_base_pct"": 36.0, ""fresh_callback_percent"": 0.25, ""fresh_tp_percent"": 1.6, ""freshness_ms"": 3600000, ""normal_base_pct"": 6.0, ""tp_freshness_ms"": 21600000}",2026-01-23T02:58:00Z,2026-05-24T02:58:00Z,500.0,682.9857239229283,36.597144784585666,-12.061262518760763,-1.3104065942042349,673,193,0,288,192,0,501.32542588059823,8.086089597016029,23.287756799091667,Random consilium candidate: signal sizing boost plus signal-aware TP.,1
signal_boost_tp,"{""fresh_base_pct"": 32.0, ""fresh_callback_percent"": 0.35, ""fresh_tp_percent"": 0.8, ""freshness_ms"": 172800000, ""normal_base_pct"": 8.0, ""tp_freshness_ms"": 172800000}",2026-01-23T02:58:00Z,2026-05-24T02:58:00Z,500.0,890.7874384436592,78.15748768873183,-21.315218333822152,-2.330329182133925,332,115,0,103,114,0,579.765134220748,9.35127679251511,37.83424770350308,Random consilium candidate: signal sizing boost plus signal-aware TP.,1
signal_boost_tp,"{""fresh_base_pct"": 28.0, ""fresh_callback_percent"": 0.35, ""fresh_tp_percent"": 1.2, ""freshness_ms"": 3600000, ""normal_base_pct"": 14.0, ""tp_freshness_ms"": 259200000}",2026-01-23T02:58:00Z,2026-05-24T02:58:00Z,500.0,992.6521687542695,98.5304337508539,-27.922691134558843,-2.6838835145009194,353,96,0,162,95,0,987.5631990198319,16.088620558926138,36.16308637740584,Random consilium candidate: signal sizing boost plus signal-aware TP.,1
signal_boost_tp,"{""fresh_base_pct"": 18.0, ""fresh_callback_percent"": 0.2, ""fresh_tp_percent"": 0.8, ""freshness_ms"": 1800000, ""normal_base_pct"": 8.0, ""tp_freshness_ms"": 172800000}",2026-01-23T02:58:00Z,2026-05-24T02:58:00Z,500.0,745.9575750053807,49.19151500107615,-20.2079174904909,-2.223589228400955,567,157,0,254,156,0,374.13133268756815,6.072318530423455,27.223951366140287,Random consilium candidate: signal sizing boost plus signal-aware TP.,1
signal_boost_tp,"{""fresh_base_pct"": 22.0, ""fresh_callback_percent"": 0.35, ""fresh_tp_percent"": 1.4, ""freshness_ms"": 14400000, ""normal_base_pct"": 6.0, ""tp_freshness_ms"": 21600000}",2026-01-23T02:58:00Z,2026-05-24T02:58:00Z,500.0,755.9501362514073,51.190027250281474,-16.156265573560624,-1.3104065942042349,652,187,0,279,186,0,283.06432088778155,4.625385157812046,26.681745642354166,Random consilium candidate: signal sizing boost plus signal-aware TP.,1
signal_boost_tp,"{""fresh_base_pct"": 24.0, ""fresh_callback_percent"": 0.15, ""fresh_tp_percent"": 1.4, ""freshness_ms"": 7200000, ""normal_base_pct"": 10.0, ""tp_freshness_ms"": 43200000}",2026-01-23T02:58:00Z,2026-05-24T02:58:00Z,500.0,845.1061267679096,69.02122535358193,-20.252280387754674,-1.9022303919580288,558,156,0,247,155,0,529.764655073217,8.65656810799727,36.68495292223454,Random consilium candidate: signal sizing boost plus signal-aware TP.,1
signal_boost_tp,"{""fresh_base_pct"": 22.0, ""fresh_callback_percent"": 0.2, ""fresh_tp_percent"": 1.0, ""freshness_ms"": 7200000, ""normal_base_pct"": 10.0, ""tp_freshness_ms"": 259200000}",2026-01-23T02:58:00Z,2026-05-24T02:58:00Z,500.0,827.505993646466,65.50119872929318,-20.33393176518822,-1.9022303919580288,426,116,0,195,115,0,645.8290425013386,10.494045449502597,28.982103260305472,Random consilium candidate: signal sizing boost plus signal-aware TP.,1
signal_boost_tp,"{""fresh_base_pct"": 16.0, ""fresh_callback_percent"": 0.15, ""fresh_tp_percent"": 1.6, ""freshness_ms"": 21600000, ""normal_base_pct"": 6.0, ""tp_freshness_ms"": 259200000}",2026-01-23T02:58:00Z,2026-05-24T02:58:00Z,500.0,822.3051146664061,64.46102293328121,-32.38572942035803,-11.660086422442124,318,86,0,147,85,0,835.058929857902,13.553379176627864,20.61544987844043,Random consilium candidate: signal sizing boost plus signal-aware TP.,1
signal_boost_tp,"{""fresh_base_pct"": 18.0, ""fresh_callback_percent"": 0.15, ""fresh_tp_percent"": 1.4, ""freshness_ms"": 1800000, ""normal_base_pct"": 6.0, ""tp_freshness_ms"": 259200000}",2026-01-23T02:58:00Z,2026-05-24T02:58:00Z,500.0,673.6947551008386,34.73895102016773,-12.1558521653524,-1.1325772744668157,347,93,0,162,92,0,427.7189221232404,6.968067917823964,12.393324534738204,Random consilium candidate: signal sizing boost plus signal-aware TP.,1
signal_boost_tp,"{""fresh_base_pct"": 24.0, ""fresh_callback_percent"": 0.35, ""fresh_tp_percent"": 1.4, ""freshness_ms"": 259200000, ""normal_base_pct"": 14.0, ""tp_freshness_ms"": 259200000}",2026-01-23T02:58:00Z,2026-05-24T02:58:00Z,500.0,1061.6021692763882,112.32043385527763,-27.409125668945723,-2.88821554617096,262,78,0,107,77,0,905.8751342801175,14.668787032598303,36.18277306405684,Random consilium candidate: signal sizing boost plus signal-aware TP.,1
signal_boost_tp,"{""fresh_base_pct"": 28.0, ""fresh_callback_percent"": 0.25, ""fresh_tp_percent"": 1.2, ""freshness_ms"": 21600000, ""normal_base_pct"": 12.0, ""tp_freshness_ms"": 43200000}",2026-01-23T02:58:00Z,2026-05-24T02:58:00Z,500.0,1021.7246528940209,104.34493057880418,-31.873631861457508,-2.6014274495111693,567,161,0,246,160,0,770.2923343534277,12.586887387715738,55.9718870860552,Random consilium candidate: signal sizing boost plus signal-aware TP.,1
signal_boost_tp,"{""fresh_base_pct"": 16.0, ""fresh_callback_percent"": 0.35, ""fresh_tp_percent"": 1.2, ""freshness_ms"": 1800000, ""normal_base_pct"": 4.0, ""tp_freshness_ms"": 259200000}",2026-01-23T02:58:00Z,2026-05-24T02:58:00Z,500.0,603.3096073281906,20.661921465638123,-12.450842949170216,-0.7521646922691214,361,97,0,168,96,0,607.9370696027795,9.942723162054044,8.17571616734914,Random consilium candidate: signal sizing boost plus signal-aware TP.,1
signal_boost_tp,"{""fresh_base_pct"": 32.0, ""fresh_callback_percent"": 0.25, ""fresh_tp_percent"": 1.2, ""freshness_ms"": 21600000, ""normal_base_pct"": 14.0, ""tp_freshness_ms"": 21600000}",2026-01-23T02:58:00Z,2026-05-24T02:58:00Z,500.0,959.650034571634,91.9300069143268,-21.31309300880957,-3.1141510606505047,597,180,0,238,179,0,624.5840557321224,10.07418011294019,59.18598937802579,Random consilium candidate: signal sizing boost plus signal-aware TP.,1
signal_boost_tp,"{""fresh_base_pct"": 22.0, ""fresh_callback_percent"": 0.25, ""fresh_tp_percent"": 1.4, ""freshness_ms"": 3600000, ""normal_base_pct"": 12.0, ""tp_freshness_ms"": 86400000}",2026-01-23T02:58:00Z,2026-05-24T02:58:00Z,500.0,927.1627627870342,85.43255255740685,-24.006593540090815,-2.291539480318361,475,130,0,216,129,0,721.5616456616505,11.755127710759783,39.45001004822824,Random consilium candidate: signal sizing boost plus signal-aware TP.,1
signal_boost_tp,"{""fresh_base_pct"": 36.0, ""fresh_callback_percent"": 0.2, ""fresh_tp_percent"": 1.6, ""freshness_ms"": 43200000, ""normal_base_pct"": 14.0, ""tp_freshness_ms"": 43200000}",2026-01-23T02:58:00Z,2026-05-24T02:58:00Z,500.0,1088.6405104186083,117.72810208372167,-23.60634942152833,-2.62938700075563,479,145,0,190,144,0,959.6743297493218,15.681465566674106,57.64323361865413,Random consilium candidate: signal sizing boost plus signal-aware TP.,1
signal_boost_tp,"{""fresh_base_pct"": 16.0, ""fresh_callback_percent"": 0.25, ""fresh_tp_percent"": 1.0, ""freshness_ms"": 1800000, ""normal_base_pct"": 8.0, ""tp_freshness_ms"": 172800000}",2026-01-23T02:58:00Z,2026-05-24T02:58:00Z,500.0,737.8518355864369,47.57036711728737,-16.309375006827754,-1.5159211702259259,477,131,0,216,130,0,747.5946951843837,12.170774552292436,22.992090882596933,Random consilium candidate: signal sizing boost plus signal-aware TP.,1
signal_boost_tp,"{""fresh_base_pct"": 28.0, ""fresh_callback_percent"": 0.2, ""fresh_tp_percent"": 1.0, ""freshness_ms"": 86400000, ""normal_base_pct"": 4.0, ""tp_freshness_ms"": 172800000}",2026-01-23T02:58:00Z,2026-05-24T02:58:00Z,500.0,1063.9062396818974,112.78124793637949,-32.39964284098582,-3.3861276637660733,412,121,0,171,120,0,1062.0420497107607,17.257070843054443,48.303719294674664,Random consilium candidate: signal sizing boost plus signal-aware TP.,2
signal_boost_tp,"{""fresh_base_pct"": 24.0, ""fresh_callback_percent"": 0.35, ""fresh_tp_percent"": 1.2, ""freshness_ms"": 3600000, ""normal_base_pct"": 10.0, ""tp_freshness_ms"": 172800000}",2026-01-23T02:58:00Z,2026-05-24T02:58:00Z,500.0,824.1582746570132,64.83165493140264,-19.975702598142288,-1.9022303919580288,391,107,0,178,106,0,700.7353656933273,11.415841965405082,25.688787958871544,Random consilium candidate: signal sizing boost plus signal-aware TP.,2
signal_boost_tp,"{""fresh_base_pct"": 36.0, ""fresh_callback_percent"": 0.25, ""fresh_tp_percent"": 1.6, ""freshness_ms"": 3600000, ""normal_base_pct"": 14.0, ""tp_freshness_ms"": 172800000}",2026-01-23T02:58:00Z,2026-05-24T02:58:00Z,500.0,1030.4832311735092,106.09664623470185,-27.962896428055206,-2.6838835145009194,342,93,0,157,92,0,756.3956707082962,12.200225339456539,35.62647700418605,Random consilium candidate: signal sizing boost plus signal-aware TP.,2
signal_boost_tp,"{""fresh_base_pct"": 24.0, ""fresh_callback_percent"": 0.25, ""fresh_tp_percent"": 1.4, ""freshness_ms"": 259200000, ""normal_base_pct"": 12.0, ""tp_freshness_ms"": 43200000}",2026-01-23T02:58:00Z,2026-05-24T02:58:00Z,500.0,1131.3598467785896,126.27196935571794,-26.939803199089198,-2.88821554617096,437,133,0,172,132,0,965.4000178035268,15.632670250608248,61.82471615748232,Random consilium candidate: signal sizing boost plus signal-aware TP.,2
signal_boost_tp,"{""fresh_base_pct"": 36.0, ""fresh_callback_percent"": 0.15, ""fresh_tp_percent"": 0.8, ""freshness_ms"": 1800000, ""normal_base_pct"": 12.0, ""tp_freshness_ms"": 172800000}",2026-01-23T02:58:00Z,2026-05-24T02:58:00Z,500.0,907.0096029860866,81.40192059721734,-24.29825501313283,-2.291539480318361,577,161,0,256,160,0,686.5575840118794,11.143136047040368,45.97920129267386,Random consilium candidate: signal sizing boost plus signal-aware TP.,2
signal_boost_tp,"{""fresh_base_pct"": 16.0, ""fresh_callback_percent"": 0.2, ""fresh_tp_percent"": 1.6, ""freshness_ms"": 259200000, ""normal_base_pct"": 8.0, ""tp_freshness_ms"": 43200000}",2026-01-23T02:58:00Z,2026-05-24T02:58:00Z,500.0,1167.8029533978772,133.56059067957545,-31.906563953266144,-3.0792981227752847,563,155,0,254,154,0,1185.9153824489376,19.24793601388251,66.77599572757464,Random consilium candidate: signal sizing boost plus signal-aware TP.,2
signal_boost_tp,"{""fresh_base_pct"": 32.0, ""fresh_callback_percent"": 0.2, ""fresh_tp_percent"": 0.8, ""freshness_ms"": 7200000, ""normal_base_pct"": 10.0, ""tp_freshness_ms"": 43200000}",2026-01-23T02:58:00Z,2026-05-24T02:58:00Z,500.0,826.5059993104393,65.30119986208787,-20.653260567860553,-1.9022303919580288,638,185,0,269,184,0,537.9278388362429,8.676465379585682,42.04575711092881,Random consilium candidate: signal sizing boost plus signal-aware TP.,2
signal_boost_tp,"{""fresh_base_pct"": 22.0, ""fresh_callback_percent"": 0.35, ""fresh_tp_percent"": 1.4, ""freshness_ms"": 14400000, ""normal_base_pct"": 14.0, ""tp_freshness_ms"": 43200000}",2026-01-23T02:58:00Z,2026-05-24T02:58:00Z,500.0,1075.4553152803244,115.09106305606487,-27.89308198635665,-2.6838835145009194,555,155,0,246,154,0,948.0511233870295,15.491537687294185,58.0476110475652,Random consilium candidate: signal sizing boost plus signal-aware TP.,2
signal_boost_tp,"{""fresh_base_pct"": 20.0, ""fresh_callback_percent"": 0.35, ""fresh_tp_percent"": 1.6, ""freshness_ms"": 1800000, ""normal_base_pct"": 8.0, ""tp_freshness_ms"": 259200000}",2026-01-23T02:58:00Z,2026-05-24T02:58:00Z,500.0,744.7874296726794,48.95748593453588,-16.05583799579138,-1.5159211702259259,287,76,0,136,75,0,373.544452082785,6.062793196242085,14.284011005588324,Random consilium candidate: signal sizing boost plus signal-aware TP.,2
signal_boost_tp,"{""fresh_base_pct"": 24.0, ""fresh_callback_percent"": 0.2, ""fresh_tp_percent"": 1.4, ""freshness_ms"": 43200000, ""normal_base_pct"": 8.0, ""tp_freshness_ms"": 86400000}",2026-01-23T02:58:00Z,2026-05-24T02:58:00Z,500.0,954.2037021494666,90.84074042989332,-26.939803199089184,-2.88821554617096,454,131,0,193,130,0,814.2310102893069,13.18479869166815,38.60937898788165,Random consilium candidate: signal sizing boost plus signal-aware TP.,2
signal_boost_tp,"{""fresh_base_pct"": 16.0, ""fresh_callback_percent"": 0.35, ""fresh_tp_percent"": 1.6, ""freshness_ms"": 3600000, ""normal_base_pct"": 4.0, ""tp_freshness_ms"": 21600000}",2026-01-23T02:58:00Z,2026-05-24T02:58:00Z,500.0,607.7447353225401,21.548947064508027,-12.452222087016562,-0.8696573193515588,677,192,0,294,191,0,617.1707548129484,10.016956836961082,14.522707215606577,Random consilium candidate: signal sizing boost plus signal-aware TP.,2
signal_boost_tp,"{""fresh_base_pct"": 20.0, ""fresh_callback_percent"": 0.35, ""fresh_tp_percent"": 1.4, ""freshness_ms"": 7200000, ""normal_base_pct"": 4.0, ""tp_freshness_ms"": 86400000}",2026-01-23T02:58:00Z,2026-05-24T02:58:00Z,500.0,627.2839409338816,25.456788186776325,-9.646526936209465,-0.7521646922691214,482,133,0,217,132,0,443.15176645463157,7.219487955386279,11.92256314375497,Random consilium candidate: signal sizing boost plus signal-aware TP.,2
signal_boost_tp,"{""fresh_base_pct"": 32.0, ""fresh_callback_percent"": 0.25, ""fresh_tp_percent"": 0.8, ""freshness_ms"": 86400000, ""normal_base_pct"": 14.0, ""tp_freshness_ms"": 43200000}",2026-01-23T02:58:00Z,2026-05-24T02:58:00Z,500.0,956.8841781782246,91.37683563564491,-21.315218333822163,-2.330329182133925,453,151,0,152,150,0,622.7839101149345,10.045144803744195,54.464397859101695,Random consilium candidate: signal sizing boost plus signal-aware TP.,2
signal_boost_tp,"{""fresh_base_pct"": 28.0, ""fresh_callback_percent"": 0.15, ""fresh_tp_percent"": 1.2, ""freshness_ms"": 3600000, ""normal_base_pct"": 8.0, ""tp_freshness_ms"": 43200000}",2026-01-23T02:58:00Z,2026-05-24T02:58:00Z,500.0,746.7142052665668,49.34284105331335,-16.204813047238588,-1.5159211702259259,578,162,0,255,161,0,744.7678745798157,12.111397140816422,29.085855255885157,Random consilium candidate: signal sizing boost plus signal-aware TP.,2
signal_boost_tp,"{""fresh_base_pct"": 36.0, ""fresh_callback_percent"": 0.15, ""fresh_tp_percent"": 1.6, ""freshness_ms"": 259200000, ""normal_base_pct"": 4.0, ""tp_freshness_ms"": 21600000}",2026-01-23T02:58:00Z,2026-05-24T02:58:00Z,500.0,951.7495595582615,90.3499119116523,-23.566959991670345,-2.8875425671557933,362,134,0,95,133,0,695.8687841383855,11.30060710218561,55.3014570722564,Random consilium candidate: signal sizing boost plus signal-aware TP.,2
signal_boost_tp,"{""fresh_base_pct"": 16.0, ""fresh_callback_percent"": 0.35, ""fresh_tp_percent"": 1.6, ""freshness_ms"": 172800000, ""normal_base_pct"": 12.0, ""tp_freshness_ms"": 43200000}",2026-01-23T02:58:00Z,2026-05-24T02:58:00Z,500.0,1161.3322848751325,132.26645697502647,-31.906563953266144,-3.0792981227752847,550,151,0,249,150,0,1179.3443549365277,19.14128530424828,64.99036898977619,Random consilium candidate: signal sizing boost plus signal-aware TP.,2
signal_boost_tp,"{""fresh_base_pct"": 24.0, ""fresh_callback_percent"": 0.2, ""fresh_tp_percent"": 0.8, ""freshness_ms"": 259200000, ""normal_base_pct"": 6.0, ""tp_freshness_ms"": 172800000}",2026-01-23T02:58:00Z,2026-05-24T02:58:00Z,500.0,1043.9615339437148,108.79230678874295,-27.861030397961496,-2.88821554617096,445,137,0,172,136,0,890.8222139270399,14.425035907832712,59.641261391132424,Random consilium candidate: signal sizing boost plus signal-aware TP.,2
signal_boost_tp,"{""fresh_base_pct"": 20.0, ""fresh_callback_percent"": 0.15, ""fresh_tp_percent"": 1.2, ""freshness_ms"": 7200000, ""normal_base_pct"": 4.0, ""tp_freshness_ms"": 86400000}",2026-01-23T02:58:00Z,2026-05-24T02:58:00Z,500.0,621.1482729675613,24.22965459351225,-14.38761920525372,-5.056308366886007,514,145,0,225,144,0,439.70302553663413,7.150439953250162,13.019721821580287,Random consilium candidate: signal sizing boost plus signal-aware TP.,2
signal_boost_tp,"{""fresh_base_pct"": 36.0, ""fresh_callback_percent"": 0.2, ""fresh_tp_percent"": 1.2, ""freshness_ms"": 259200000, ""normal_base_pct"": 8.0, ""tp_freshness_ms"": 86400000}",2026-01-23T02:58:00Z,2026-05-24T02:58:00Z,500.0,953.0613810446591,90.61227620893182,-23.910741967075577,-2.62938700075563,281,102,0,78,101,0,699.5664565259373,11.283602934360303,43.71421690013469,Random consilium candidate: signal sizing boost plus signal-aware TP.,2
signal_boost_tp,"{""fresh_base_pct"": 20.0, ""fresh_callback_percent"": 0.25, ""fresh_tp_percent"": 1.6, ""freshness_ms"": 172800000, ""normal_base_pct"": 4.0, ""tp_freshness_ms"": 86400000}",2026-01-23T02:58:00Z,2026-05-24T02:58:00Z,500.0,922.7033003735492,84.54066007470983,-22.478612637214525,-2.395144855535393,400,120,0,161,119,0,653.6497014331012,10.584514246395816,36.525292858654424,Random consilium candidate: signal sizing boost plus signal-aware TP.,2
signal_boost_tp,"{""fresh_base_pct"": 22.0, ""fresh_callback_percent"": 0.15, ""fresh_tp_percent"": 1.6, ""freshness_ms"": 86400000, ""normal_base_pct"": 4.0, ""tp_freshness_ms"": 259200000}",2026-01-23T02:58:00Z,2026-05-24T02:58:00Z,500.0,897.7363076864887,79.54726153729774,-25.033818153421684,-2.6410794465568523,252,76,0,101,75,0,700.8818974544956,11.349342640841545,24.094781675912014,Random consilium candidate: signal sizing boost plus signal-aware TP.,2
signal_boost_tp,"{""fresh_base_pct"": 24.0, ""fresh_callback_percent"": 0.25, ""fresh_tp_percent"": 1.2, ""freshness_ms"": 21600000, ""normal_base_pct"": 10.0, ""tp_freshness_ms"": 21600000}",2026-01-23T02:58:00Z,2026-05-24T02:58:00Z,500.0,898.1034096278404,79.62068192556808,-27.35861897003834,-2.9370951142443547,651,189,0,274,188,0,562.9866213858804,9.19942843533907,48.112245371077094,Random consilium candidate: signal sizing boost plus signal-aware TP.,2
signal_boost_tp,"{""fresh_base_pct"": 16.0, ""fresh_callback_percent"": 0.2, ""fresh_tp_percent"": 1.4, ""freshness_ms"": 21600000, ""normal_base_pct"": 14.0, ""tp_freshness_ms"": 21600000}",2026-01-23T02:58:00Z,2026-05-24T02:58:00Z,500.0,1074.7211752245944,114.94423504491888,-31.906563953266154,-3.1141510606505047,688,193,0,303,192,0,949.1838975246254,15.479563067155329,71.45493588295507,Random consilium candidate: signal sizing boost plus signal-aware TP.,2
signal_boost_tp,"{""fresh_base_pct"": 22.0, ""fresh_callback_percent"": 0.15, ""fresh_tp_percent"": 1.0, ""freshness_ms"": 3600000, ""normal_base_pct"": 4.0, ""tp_freshness_ms"": 21600000}",2026-01-23T02:58:00Z,2026-05-24T02:58:00Z,500.0,607.5286655484039,21.50573310968078,-10.61325677162721,-0.8696573193515588,682,198,0,287,197,0,473.82235872317483,7.705287723282093,15.221639266992632,Random consilium candidate: signal sizing boost plus signal-aware TP.,2
signal_boost_tp,"{""fresh_base_pct"": 28.0, ""fresh_callback_percent"": 0.35, ""fresh_tp_percent"": 0.8, ""freshness_ms"": 3600000, ""normal_base_pct"": 12.0, ""tp_freshness_ms"": 172800000}",2026-01-23T02:58:00Z,2026-05-24T02:58:00Z,500.0,916.6871580688937,83.33743161377873,-31.385204395282006,-7.0140985232654565,499,138,0,224,137,0,916.0580903465311,14.833679089183153,41.806994147856386,Random consilium candidate: signal sizing boost plus signal-aware TP.,2
signal_boost_tp,"{""fresh_base_pct"": 22.0, ""fresh_callback_percent"": 0.25, ""fresh_tp_percent"": 1.0, ""freshness_ms"": 21600000, ""normal_base_pct"": 4.0, ""tp_freshness_ms"": 86400000}",2026-01-23T02:58:00Z,2026-05-24T02:58:00Z,500.0,721.9564054458872,44.39128108917745,-25.5496604908759,-6.937358418593852,509,146,0,218,145,0,564.2113049434374,9.150849367822442,20.878862407647038,Random consilium candidate: signal sizing boost plus signal-aware TP.,2
signal_boost_tp,"{""fresh_base_pct"": 28.0, ""fresh_callback_percent"": 0.35, ""fresh_tp_percent"": 1.6, ""freshness_ms"": 1800000, ""normal_base_pct"": 12.0, ""tp_freshness_ms"": 21600000}",2026-01-23T02:58:00Z,2026-05-24T02:58:00Z,500.0,947.1623180124042,89.43246360248082,-24.006593540090815,-2.6569903966498174,677,192,0,294,191,0,716.9510340142041,11.636435307294354,54.19346464068828,Random consilium candidate: signal sizing boost plus signal-aware TP.,2
signal_boost_tp,"{""fresh_base_pct"": 22.0, ""fresh_callback_percent"": 0.2, ""fresh_tp_percent"": 1.0, ""freshness_ms"": 43200000, ""normal_base_pct"": 6.0, ""tp_freshness_ms"": 172800000}",2026-01-23T02:58:00Z,2026-05-24T02:58:00Z,500.0,898.2895017730459,79.65790035460918,-25.527527652497273,-2.6410794465568523,423,122,0,180,121,0,701.0722016195373,11.391688919228223,34.43077945884593,Random consilium candidate: signal sizing boost plus signal-aware TP.,2
signal_boost_tp,"{""fresh_base_pct"": 18.0, ""fresh_callback_percent"": 0.2, ""fresh_tp_percent"": 1.6, ""freshness_ms"": 259200000, ""normal_base_pct"": 12.0, ""tp_freshness_ms"": 259200000}",2026-01-23T02:58:00Z,2026-05-24T02:58:00Z,500.0,873.4767374099597,74.69534748199193,-20.24372577490694,-2.150403032241777,253,76,0,102,75,0,555.8505218958039,9.000857424050752,23.489737667140755,Random consilium candidate: signal sizing boost plus signal-aware TP.,2
signal_boost_tp,"{""fresh_base_pct"": 16.0, ""fresh_callback_percent"": 0.25, ""fresh_tp_percent"": 1.4, ""freshness_ms"": 3600000, ""normal_base_pct"": 8.0, ""tp_freshness_ms"": 172800000}",2026-01-23T02:58:00Z,2026-05-24T02:58:00Z,500.0,767.9902491259995,53.59804982519991,-16.05583799579138,-1.5159211702259259,378,100,0,179,99,0,773.8808331013175,12.656709499510622,19.80998897313653,Random consilium candidate: signal sizing boost plus signal-aware TP.,2
signal_boost_tp,"{""fresh_base_pct"": 24.0, ""fresh_callback_percent"": 0.35, ""fresh_tp_percent"": 0.8, ""freshness_ms"": 259200000, ""normal_base_pct"": 8.0, ""tp_freshness_ms"": 172800000}",2026-01-23T02:58:00Z,2026-05-24T02:58:00Z,500.0,1055.782388292386,111.1564776584772,-27.861030397961496,-2.88821554617096,407,125,0,158,124,0,900.9090603279918,14.588371665805223,55.07400466889203,Random consilium candidate: signal sizing boost plus signal-aware TP.,2
signal_boost_tp,"{""fresh_base_pct"": 22.0, ""fresh_callback_percent"": 0.35, ""fresh_tp_percent"": 1.2, ""freshness_ms"": 172800000, ""normal_base_pct"": 14.0, ""tp_freshness_ms"": 86400000}",2026-01-23T02:58:00Z,2026-05-24T02:58:00Z,500.0,1031.6302389312477,106.32604778624955,-25.138406214570573,-2.6410794465568523,423,128,0,168,127,0,802.8631463584081,13.079629268614145,51.152131575842034,Random consilium candidate: signal sizing boost plus signal-aware TP.,2
signal_boost_tp,"{""fresh_base_pct"": 22.0, ""fresh_callback_percent"": 0.2, ""fresh_tp_percent"": 1.6, ""freshness_ms"": 7200000, ""normal_base_pct"": 8.0, ""tp_freshness_ms"": 172800000}",2026-01-23T02:58:00Z,2026-05-24T02:58:00Z,500.0,775.9173335377182,55.18346670754364,-16.055837995791368,-1.5159211702259259,356,95,0,167,94,0,605.7752241292508,9.809285425897043,18.838454236801503,Random consilium candidate: signal sizing boost plus signal-aware TP.,3
signal_boost_tp,"{""fresh_base_pct"": 24.0, ""fresh_callback_percent"": 0.2, ""fresh_tp_percent"": 1.2, ""freshness_ms"": 21600000, ""normal_base_pct"": 8.0, ""tp_freshness_ms"": 259200000}",2026-01-23T02:58:00Z,2026-05-24T02:58:00Z,500.0,841.1318513488728,68.22637026977456,-27.822467958249987,-3.5539500226315113,362,102,0,159,101,0,715.1670420303072,11.650951743539132,26.862138697368504,Random consilium candidate: signal sizing boost plus signal-aware TP.,3
signal_boost_tp,"{""fresh_base_pct"": 18.0, ""fresh_callback_percent"": 0.15, ""fresh_tp_percent"": 1.6, ""freshness_ms"": 43200000, ""normal_base_pct"": 8.0, ""tp_freshness_ms"": 259200000}",2026-01-23T02:58:00Z,2026-05-24T02:58:00Z,500.0,826.7790336552131,65.35580673104262,-20.48221485279955,-2.150403032241777,266,79,0,109,78,0,526.1337110275725,8.51965471363471,20.252762437773256,Random consilium candidate: signal sizing boost plus signal-aware TP.,3
signal_boost_tp,"{""fresh_base_pct"": 16.0, ""fresh_callback_percent"": 0.15, ""fresh_tp_percent"": 0.8, ""freshness_ms"": 259200000, ""normal_base_pct"": 12.0, ""tp_freshness_ms"": 21600000}",2026-01-23T02:58:00Z,2026-05-24T02:58:00Z,500.0,1036.3790116700484,107.27580233400968,-32.385729420358025,-3.575557734586744,698,203,0,293,202,0,1052.4530773026656,17.081783227824594,75.96035192132989,Random consilium candidate: signal sizing boost plus signal-aware TP.,3
signal_boost_tp,"{""fresh_base_pct"": 16.0, ""fresh_callback_percent"": 0.25, ""fresh_tp_percent"": 1.4, ""freshness_ms"": 3600000, ""normal_base_pct"": 10.0, ""tp_freshness_ms"": 259200000}",2026-01-23T02:58:00Z,2026-05-24T02:58:00Z,500.0,845.1303902643299,69.02607805286598,-20.037594467094742,-1.9022303919580288,331,86,0,160,85,0,851.6126490424989,13.928002147106351,22.989317233878936,Random consilium candidate: signal sizing boost plus signal-aware TP.,3
signal_boost_tp,"{""fresh_base_pct"": 22.0, ""fresh_callback_percent"": 0.2, ""fresh_tp_percent"": 0.8, ""freshness_ms"": 21600000, ""normal_base_pct"": 12.0, ""tp_freshness_ms"": 43200000}",2026-01-23T02:58:00Z,2026-05-24T02:58:00Z,500.0,926.478903475094,85.29578069501879,-25.56603167534295,-2.291539480318361,613,180,0,254,179,0,723.321855492954,11.712711667134748,52.90484898790863,Random consilium candidate: signal sizing boost plus signal-aware TP.,3
signal_boost_tp,"{""fresh_base_pct"": 16.0, ""fresh_callback_percent"": 0.25, ""fresh_tp_percent"": 1.0, ""freshness_ms"": 7200000, ""normal_base_pct"": 4.0, ""tp_freshness_ms"": 43200000}",2026-01-23T02:58:00Z,2026-05-24T02:58:00Z,500.0,645.0668179769682,29.01336359539364,-13.490421110054607,-0.7521646922691214,621,174,0,274,173,0,160.67308664628956,2.625463032228007,16.53730984575705,Random consilium candidate: signal sizing boost plus signal-aware TP.,3
signal_boost_tp,"{""fresh_base_pct"": 18.0, ""fresh_callback_percent"": 0.35, ""fresh_tp_percent"": 1.4, ""freshness_ms"": 43200000, ""normal_base_pct"": 8.0, ""tp_freshness_ms"": 43200000}",2026-01-23T02:58:00Z,2026-05-24T02:58:00Z,500.0,840.3975357018662,68.07950714037325,-20.61796820814864,-2.150403032241777,508,147,0,215,146,0,534.8000568452269,8.659988382525007,32.44810904491448,Random consilium candidate: signal sizing boost plus signal-aware TP.,3
signal_boost_tp,"{""fresh_base_pct"": 36.0, ""fresh_callback_percent"": 0.15, ""fresh_tp_percent"": 1.4, ""freshness_ms"": 1800000, ""normal_base_pct"": 4.0, ""tp_freshness_ms"": 172800000}",2026-01-23T02:58:00Z,2026-05-24T02:58:00Z,500.0,608.0404193911828,21.608083878236563,-9.055583394236756,-0.7521646922691214,392,106,0,181,105,0,444.3684069620066,7.217111926167246,8.822210825660175,Random consilium candidate: signal sizing boost plus signal-aware TP.,3
signal_boost_tp,"{""fresh_base_pct"": 22.0, ""fresh_callback_percent"": 0.35, ""fresh_tp_percent"": 1.0, ""freshness_ms"": 86400000, ""normal_base_pct"": 4.0, ""tp_freshness_ms"": 21600000}",2026-01-23T02:58:00Z,2026-05-24T02:58:00Z,500.0,883.7616512433133,76.75233024866266,-25.5496604908759,-2.997389393315501,566,174,0,219,173,0,689.9715848824123,11.172672539717563,45.26715458368305,Random consilium candidate: signal sizing boost plus signal-aware TP.,3
signal_boost_tp,"{""fresh_base_pct"": 24.0, ""fresh_callback_percent"": 0.2, ""fresh_tp_percent"": 1.4, ""freshness_ms"": 86400000, ""normal_base_pct"": 6.0, ""tp_freshness_ms"": 86400000}",2026-01-23T02:58:00Z,2026-05-24T02:58:00Z,500.0,962.7612810664641,92.55225621329282,-26.939803199089173,-2.88821554617096,450,130,0,191,129,0,821.533273015307,13.303043836865669,38.22079878010735,Random consilium candidate: signal sizing boost plus signal-aware TP.,3
signal_boost_tp,"{""fresh_base_pct"": 36.0, ""fresh_callback_percent"": 0.35, ""fresh_tp_percent"": 1.2, ""freshness_ms"": 1800000, ""normal_base_pct"": 8.0, ""tp_freshness_ms"": 43200000}",2026-01-23T02:58:00Z,2026-05-24T02:58:00Z,500.0,747.8892375145309,49.577847502906195,-15.992960154142754,-1.5159211702259259,575,160,0,256,159,0,546.5727909850546,8.877041991587904,27.794470582009684,Random consilium candidate: signal sizing boost plus signal-aware TP.,3
signal_boost_tp,"{""fresh_base_pct"": 24.0, ""fresh_callback_percent"": 0.35, ""fresh_tp_percent"": 1.2, ""freshness_ms"": 14400000, ""normal_base_pct"": 6.0, ""tp_freshness_ms"": 21600000}",2026-01-23T02:58:00Z,2026-05-24T02:58:00Z,500.0,763.471254739276,52.6942509478552,-17.7335903831355,-2.01064227652837,661,191,0,280,190,0,285.8805916905651,4.671404158478465,28.63775833388263,Random consilium candidate: signal sizing boost plus signal-aware TP.,3
signal_boost_tp,"{""fresh_base_pct"": 28.0, ""fresh_callback_percent"": 0.35, ""fresh_tp_percent"": 1.2, ""freshness_ms"": 43200000, ""normal_base_pct"": 14.0, ""tp_freshness_ms"": 21600000}",2026-01-23T02:58:00Z,2026-05-24T02:58:00Z,500.0,1136.6355973162456,127.32711946324913,-31.9228188872423,-3.848010049411447,591,176,0,240,175,0,1001.9836618097643,16.37281711509795,78.07773102911307,Random consilium candidate: signal sizing boost plus signal-aware TP.,3
signal_boost_tp,"{""fresh_base_pct"": 24.0, ""fresh_callback_percent"": 0.15, ""fresh_tp_percent"": 1.2, ""freshness_ms"": 14400000, ""normal_base_pct"": 6.0, ""tp_freshness_ms"": 21600000}",2026-01-23T02:58:00Z,2026-05-24T02:58:00Z,500.0,738.0390669374308,47.60781338748616,-17.610625695177838,-1.631589659422578,641,187,0,268,186,0,628.9407162297134,10.227818696644443,28.08624931393838,Random consilium candidate: signal sizing boost plus signal-aware TP.,3
signal_boost_tp,"{""fresh_base_pct"": 22.0, ""fresh_callback_percent"": 0.25, ""fresh_tp_percent"": 0.8, ""freshness_ms"": 7200000, ""normal_base_pct"": 4.0, ""tp_freshness_ms"": 172800000}",2026-01-23T02:58:00Z,2026-05-24T02:58:00Z,500.0,625.6250143431432,25.12500286862864,-24.68304626039576,-16.230557142139173,525,148,0,230,147,0,488.4388025675679,7.90926310060903,14.557568076159738,Random consilium candidate: signal sizing boost plus signal-aware TP.,3
signal_boost_tp,"{""fresh_base_pct"": 20.0, ""fresh_callback_percent"": 0.15, ""fresh_tp_percent"": 1.0, ""freshness_ms"": 3600000, ""normal_base_pct"": 10.0, ""tp_freshness_ms"": 86400000}",2026-01-23T02:58:00Z,2026-05-24T02:58:00Z,500.0,821.6148590388977,64.32297180777955,-20.252280387754674,-1.9022303919580288,554,156,0,243,155,0,581.6107925717846,9.458140624279809,35.49806277100136,Random consilium candidate: signal sizing boost plus signal-aware TP.,3
signal_boost_tp,"{""fresh_base_pct"": 18.0, ""fresh_callback_percent"": 0.25, ""fresh_tp_percent"": 1.6, ""freshness_ms"": 3600000, ""normal_base_pct"": 14.0, ""tp_freshness_ms"": 43200000}",2026-01-23T02:58:00Z,2026-05-24T02:58:00Z,500.0,1076.3047056077608,115.26094112155216,-27.962896428055195,-2.6838835145009194,562,156,0,251,155,0,684.9232574927664,11.090925247461445,56.98418967552471,Random consilium candidate: signal sizing boost plus signal-aware TP.,3
signal_boost_tp,"{""fresh_base_pct"": 26.0, ""fresh_callback_percent"": 0.2, ""fresh_tp_percent"": 1.2, ""freshness_ms"": 86400000, ""normal_base_pct"": 14.0, ""tp_freshness_ms"": 21600000}",2026-01-23T02:58:00Z,2026-05-24T02:58:00Z,500.0,1124.6080953633589,124.92161907267176,-30.113169109463765,-3.5628320175522337,573,175,0,224,174,0,1038.0011435899155,16.907522990411653,77.09248389947342,Random consilium candidate: signal sizing boost plus signal-aware TP.,3
signal_boost_tp,"{""fresh_base_pct"": 36.0, ""fresh_callback_percent"": 0.25, ""fresh_tp_percent"": 1.6, ""freshness_ms"": 86400000, ""normal_base_pct"": 10.0, ""tp_freshness_ms"": 21600000}",2026-01-23T02:58:00Z,2026-05-24T02:58:00Z,500.0,941.7302172728894,88.34604345457788,-23.606349421528318,-2.8875425671557933,476,160,0,157,159,0,688.543172622238,11.181642349901557,55.426067518182,Random consilium candidate: signal sizing boost plus signal-aware TP.,3
signal_boost_tp,"{""fresh_base_pct"": 28.0, ""fresh_callback_percent"": 0.35, ""fresh_tp_percent"": 1.6, ""freshness_ms"": 259200000, ""normal_base_pct"": 10.0, ""tp_freshness_ms"": 43200000}",2026-01-23T02:58:00Z,2026-05-24T02:58:00Z,500.0,1244.9826206757086,148.99652413514173,-31.38958612375098,-3.3861276637660733,427,133,0,162,132,0,1244.128263357974,20.146101648918005,73.08180275925281,Random consilium candidate: signal sizing boost plus signal-aware TP.,3
signal_boost_tp,"{""fresh_base_pct"": 28.0, ""fresh_callback_percent"": 0.35, ""fresh_tp_percent"": 0.8, ""freshness_ms"": 86400000, ""normal_base_pct"": 8.0, ""tp_freshness_ms"": 86400000}",2026-01-23T02:58:00Z,2026-05-24T02:58:00Z,500.0,1077.6526167716945,115.53052335433888,-32.436648202648,-3.3861276637660733,500,149,0,203,148,0,1076.9130880555304,17.438395363239497,57.91060964108563,Random consilium candidate: signal sizing boost plus signal-aware TP.,3
signal_boost_tp,"{""fresh_base_pct"": 32.0, ""fresh_callback_percent"": 0.15, ""fresh_tp_percent"": 1.4, ""freshness_ms"": 43200000, ""normal_base_pct"": 12.0, ""tp_freshness_ms"": 43200000}",2026-01-23T02:58:00Z,2026-05-24T02:58:00Z,500.0,919.4247494956127,83.88494989912255,-20.94840888148478,-2.330329182133925,438,138,0,163,137,0,598.4036037020476,9.651904541271929,42.469938300878205,Random consilium candidate: signal sizing boost plus signal-aware TP.,3
signal_boost_tp,"{""fresh_base_pct"": 18.0, ""fresh_callback_percent"": 0.2, ""fresh_tp_percent"": 1.2, ""freshness_ms"": 3600000, ""normal_base_pct"": 14.0, ""tp_freshness_ms"": 21600000}",2026-01-23T02:58:00Z,2026-05-24T02:58:00Z,500.0,1004.304622898384,100.86092457967682,-28.40163508394229,-3.1141510606505047,682,195,0,293,194,0,639.1899144567844,10.386166573113304,65.38128739231072,Random consilium candidate: signal sizing boost plus signal-aware TP.,3
signal_boost_tp,"{""fresh_base_pct"": 14.0, ""fresh_callback_percent"": 0.25, ""fresh_tp_percent"": 1.2, ""freshness_ms"": 1800000, ""normal_base_pct"": 8.0, ""tp_freshness_ms"": 86400000}",2026-01-23T02:58:00Z,2026-05-24T02:58:00Z,500.0,746.7859326292895,49.3571865258579,-16.315144957369508,-1.5159211702259259,521,143,0,236,142,0,660.2755277428292,10.749226341917662,25.464908727965526,Random consilium candidate: signal sizing boost plus signal-aware TP.,3
signal_boost_tp,"{""fresh_base_pct"": 32.0, ""fresh_callback_percent"": 0.2, ""fresh_tp_percent"": 1.2, ""freshness_ms"": 14400000, ""normal_base_pct"": 12.0, ""tp_freshness_ms"": 21600000}",2026-01-23T02:58:00Z,2026-05-24T02:58:00Z,500.0,920.3770244546625,84.0754048909325,-24.372455683358453,-2.6569903966498174,634,186,0,263,185,0,596.5445212408067,9.680078558413767,52.95215515371562,Random consilium candidate: signal sizing boost plus signal-aware TP.,3
signal_boost_tp,"{""fresh_base_pct"": 24.0, ""fresh_callback_percent"": 0.2, ""fresh_tp_percent"": 1.2, ""freshness_ms"": 172800000, ""normal_base_pct"": 4.0, ""tp_freshness_ms"": 172800000}",2026-01-23T02:58:00Z,2026-05-24T02:58:00Z,500.0,1030.5056297247017,106.10112594494035,-27.822467958249998,-2.88821554617096,369,108,0,154,107,0,876.1809005614726,14.27406576521149,41.13268751532239,Random consilium candidate: signal sizing boost plus signal-aware TP.,3
signal_boost_tp,"{""fresh_base_pct"": 22.0, ""fresh_callback_percent"": 0.2, ""fresh_tp_percent"": 1.2, ""freshness_ms"": 14400000, ""normal_base_pct"": 6.0, ""tp_freshness_ms"": 86400000}",2026-01-23T02:58:00Z,2026-05-24T02:58:00Z,500.0,734.4762322727803,46.89524645455605,-16.152005218099074,-1.1325772744668157,498,141,0,217,140,0,573.2237415447345,9.314285361349178,22.5580644998379,Random consilium candidate: signal sizing boost plus signal-aware TP.,3
signal_boost_tp,"{""fresh_base_pct"": 36.0, ""fresh_callback_percent"": 0.25, ""fresh_tp_percent"": 1.4, ""freshness_ms"": 43200000, ""normal_base_pct"": 14.0, ""tp_freshness_ms"": 172800000}",2026-01-23T02:58:00Z,2026-05-24T02:58:00Z,500.0,1033.3671700800526,106.67343401601053,-23.606349421528318,-2.62938700075563,298,94,0,111,93,0,758.5125405781849,12.234369227935916,40.02307141029978,Random consilium candidate: signal sizing boost plus signal-aware TP.,3
signal_boost_tp,"{""fresh_base_pct"": 14.0, ""fresh_callback_percent"": 0.15, ""fresh_tp_percent"": 1.0, ""freshness_ms"": 21600000, ""normal_base_pct"": 12.0, ""tp_freshness_ms"": 259200000}",2026-01-23T02:58:00Z,2026-05-24T02:58:00Z,500.0,923.9041999525822,84.78083999051644,-28.342737748995916,-2.291539480318361,436,120,0,197,119,0,815.4155513054831,13.306554573873356,37.88228700457161,Random consilium candidate: signal sizing boost plus signal-aware TP.,3
signal_boost_tp,"{""fresh_base_pct"": 14.0, ""fresh_callback_percent"": 0.2, ""fresh_tp_percent"": 0.8, ""freshness_ms"": 86400000, ""normal_base_pct"": 10.0, ""tp_freshness_ms"": 172800000}",2026-01-23T02:58:00Z,2026-05-24T02:58:00Z,500.0,958.898033279819,91.77960665596379,-27.18000373848267,-2.6838835145009194,578,159,0,261,158,0,849.4198189108981,13.78646281622425,50.247065350844636,Random consilium candidate: signal sizing boost plus signal-aware TP.,3
signal_boost_tp,"{""fresh_base_pct"": 18.0, ""fresh_callback_percent"": 0.15, ""fresh_tp_percent"": 1.2, ""freshness_ms"": 172800000, ""normal_base_pct"": 10.0, ""tp_freshness_ms"": 43200000}",2026-01-23T02:58:00Z,2026-05-24T02:58:00Z,500.0,916.7256018474767,83.34512036949533,-20.48221485279955,-2.150403032241777,473,142,0,190,141,0,582.3259026541754,9.485238670341426,42.884212283983395,Random consilium candidate: signal sizing boost plus signal-aware TP.,3
signal_boost_tp,"{""fresh_base_pct"": 24.0, ""fresh_callback_percent"": 0.35, ""fresh_tp_percent"": 1.2, ""freshness_ms"": 21600000, ""normal_base_pct"": 4.0, ""tp_freshness_ms"": 21600000}",2026-01-23T02:58:00Z,2026-05-24T02:58:00Z,500.0,734.938310938216,46.98766218764319,-27.403252148550948,-10.873644651900984,647,188,0,272,187,0,183.0582563266645,2.9912457323223713,24.108810441260616,Random consilium candidate: signal sizing boost plus signal-aware TP.,4
signal_boost_tp,"{""fresh_base_pct"": 32.0, ""fresh_callback_percent"": 0.2, ""fresh_tp_percent"": 0.8, ""freshness_ms"": 14400000, ""normal_base_pct"": 14.0, ""tp_freshness_ms"": 21600000}",2026-01-23T02:58:00Z,2026-05-24T02:58:00Z,500.0,964.4744961610721,92.89489923221443,-20.73767786801348,-3.1141510606505047,675,201,0,274,200,0,627.7240355973868,10.12482617478466,66.88209560169288,Random consilium candidate: signal sizing boost plus signal-aware TP.,4
signal_boost_tp,"{""fresh_base_pct"": 24.0, ""fresh_callback_percent"": 0.15, ""fresh_tp_percent"": 1.6, ""freshness_ms"": 43200000, ""normal_base_pct"": 14.0, ""tp_freshness_ms"": 259200000}",2026-01-23T02:58:00Z,2026-05-24T02:58:00Z,500.0,1022.4996721860109,104.49993443720219,-27.309619803732744,-2.88821554617096,266,79,0,109,78,0,872.5086050589332,14.128484630378736,32.753337894311564,Random consilium candidate: signal sizing boost plus signal-aware TP.,4
signal_boost_tp,"{""fresh_base_pct"": 24.0, ""fresh_callback_percent"": 0.35, ""fresh_tp_percent"": 1.6, ""freshness_ms"": 21600000, ""normal_base_pct"": 14.0, ""tp_freshness_ms"": 21600000}",2026-01-23T02:58:00Z,2026-05-24T02:58:00Z,500.0,1051.8132682948578,110.36265365897155,-26.939803199089173,-3.1141510606505047,633,184,0,266,183,0,897.5221728339831,14.533527979878833,64.96388110778987,Random consilium candidate: signal sizing boost plus signal-aware TP.,4
signal_boost_tp,"{""fresh_base_pct"": 20.0, ""fresh_callback_percent"": 0.15, ""fresh_tp_percent"": 1.4, ""freshness_ms"": 259200000, ""normal_base_pct"": 4.0, ""tp_freshness_ms"": 86400000}",2026-01-23T02:58:00Z,2026-05-24T02:58:00Z,500.0,937.1785091754883,87.43570183509766,-22.7580165031106,-2.395144855535393,382,115,0,153,114,0,663.9040441971712,10.75056226391309,41.07295315074317,Random consilium candidate: signal sizing boost plus signal-aware TP.,4
signal_boost_tp,"{""fresh_base_pct"": 36.0, ""fresh_callback_percent"": 0.35, ""fresh_tp_percent"": 0.8, ""freshness_ms"": 259200000, ""normal_base_pct"": 8.0, ""tp_freshness_ms"": 21600000}",2026-01-23T02:58:00Z,2026-05-24T02:58:00Z,500.0,947.934066101835,89.586813220367,-23.954244544131853,-2.8875425671557933,389,144,0,102,143,0,695.8029029737909,11.222898989068943,59.77907941419035,Random consilium candidate: signal sizing boost plus signal-aware TP.,4
signal_boost_tp,"{""fresh_base_pct"": 14.0, ""fresh_callback_percent"": 0.25, ""fresh_tp_percent"": 1.2, ""freshness_ms"": 7200000, ""normal_base_pct"": 6.0, ""tp_freshness_ms"": 21600000}",2026-01-23T02:58:00Z,2026-05-24T02:58:00Z,500.0,699.4951368357432,39.89902736714863,-12.256530307005086,-1.3104065942042349,685,195,0,296,194,0,261.92483654353845,4.279957458471493,24.987099718516948,Random consilium candidate: signal sizing boost plus signal-aware TP.,4
signal_boost_tp,"{""fresh_base_pct"": 24.0, ""fresh_callback_percent"": 0.25, ""fresh_tp_percent"": 1.4, ""freshness_ms"": 43200000, ""normal_base_pct"": 4.0, ""tp_freshness_ms"": 172800000}",2026-01-23T02:58:00Z,2026-05-24T02:58:00Z,500.0,909.0832554095928,81.81665108191855,-26.939803199089184,-2.88821554617096,345,98,0,150,97,0,775.7293079264319,12.561342708628812,28.162520087790423,Random consilium candidate: signal sizing boost plus signal-aware TP.,4
signal_boost_tp,"{""fresh_base_pct"": 36.0, ""fresh_callback_percent"": 0.35, ""fresh_tp_percent"": 0.8, ""freshness_ms"": 14400000, ""normal_base_pct"": 12.0, ""tp_freshness_ms"": 259200000}",2026-01-23T02:58:00Z,2026-05-24T02:58:00Z,500.0,915.2191698525896,83.04383397051794,-23.24233223493438,-2.291539480318361,412,120,0,173,119,0,671.7895031027224,10.835576717222551,38.62517726395505,Random consilium candidate: signal sizing boost plus signal-aware TP.,4
signal_boost_tp,"{""fresh_base_pct"": 32.0, ""fresh_callback_percent"": 0.35, ""fresh_tp_percent"": 1.4, ""freshness_ms"": 14400000, ""normal_base_pct"": 12.0, ""tp_freshness_ms"": 43200000}",2026-01-23T02:58:00Z,2026-05-24T02:58:00Z,500.0,962.5409353980002,92.50818707960005,-23.941176849011846,-2.291539480318361,528,150,0,229,149,0,624.0814154323999,10.135881299503827,46.253993159368385,Random consilium candidate: signal sizing boost plus signal-aware TP.,4
signal_boost_tp,"{""fresh_base_pct"": 28.0, ""fresh_callback_percent"": 0.2, ""fresh_tp_percent"": 1.4, ""freshness_ms"": 86400000, ""normal_base_pct"": 8.0, ""tp_freshness_ms"": 21600000}",2026-01-23T02:58:00Z,2026-05-24T02:58:00Z,500.0,1072.930339854545,114.58606797090903,-31.389586123751002,-3.848010049411447,571,173,0,226,172,0,1072.1940517553771,17.36198026377763,68.89484494615154,Random consilium candidate: signal sizing boost plus signal-aware TP.,4
signal_boost_tp,"{""fresh_base_pct"": 22.0, ""fresh_callback_percent"": 0.2, ""fresh_tp_percent"": 1.4, ""freshness_ms"": 14400000, ""normal_base_pct"": 8.0, ""tp_freshness_ms"": 43200000}",2026-01-23T02:58:00Z,2026-05-24T02:58:00Z,500.0,810.7612655846013,62.15225311692028,-16.149032531215123,-1.5159211702259259,560,156,0,249,155,0,405.6842396967092,6.629044081452158,31.764790195452857,Random consilium candidate: signal sizing boost plus signal-aware TP.,4
signal_boost_tp,"{""fresh_base_pct"": 32.0, ""fresh_callback_percent"": 0.35, ""fresh_tp_percent"": 1.2, ""freshness_ms"": 14400000, ""normal_base_pct"": 14.0, ""tp_freshness_ms"": 21600000}",2026-01-23T02:58:00Z,2026-05-24T02:58:00Z,500.0,998.2064885682737,99.64129771365474,-27.922691134558818,-3.1141510606505047,628,184,0,261,183,0,647.205843792925,10.511451626043298,62.52111027346894,Random consilium candidate: signal sizing boost plus signal-aware TP.,4
signal_boost_tp,"{""fresh_base_pct"": 24.0, ""fresh_callback_percent"": 0.15, ""fresh_tp_percent"": 1.6, ""freshness_ms"": 86400000, ""normal_base_pct"": 14.0, ""tp_freshness_ms"": 43200000}",2026-01-23T02:58:00Z,2026-05-24T02:58:00Z,500.0,1095.4824302624713,119.09648605249426,-27.30961980373271,-2.88821554617096,461,138,0,186,137,0,934.7854802255608,15.136930700157363,56.41320341240752,Random consilium candidate: signal sizing boost plus signal-aware TP.,4
signal_boost_tp,"{""fresh_base_pct"": 32.0, ""fresh_callback_percent"": 0.25, ""fresh_tp_percent"": 1.2, ""freshness_ms"": 43200000, ""normal_base_pct"": 12.0, ""tp_freshness_ms"": 86400000}",2026-01-23T02:58:00Z,2026-05-24T02:58:00Z,500.0,942.0582277976779,88.41164555953557,-21.313093008809545,-2.330329182133925,403,126,0,152,125,0,613.1345047221669,9.889505467425291,42.906116402325885,Random consilium candidate: signal sizing boost plus signal-aware TP.,4
signal_boost_tp,"{""fresh_base_pct"": 36.0, ""fresh_callback_percent"": 0.25, ""fresh_tp_percent"": 0.8, ""freshness_ms"": 21600000, ""normal_base_pct"": 6.0, ""tp_freshness_ms"": 172800000}",2026-01-23T02:58:00Z,2026-05-24T02:58:00Z,500.0,763.4134562964342,52.68269125928684,-23.954244544131864,-1.751497677688789,454,136,0,183,135,0,560.3610188255961,9.038299617339067,27.131738128055872,Random consilium candidate: signal sizing boost plus signal-aware TP.,4
signal_boost_tp,"{""fresh_base_pct"": 16.0, ""fresh_callback_percent"": 0.35, ""fresh_tp_percent"": 1.0, ""freshness_ms"": 172800000, ""normal_base_pct"": 6.0, ""tp_freshness_ms"": 86400000}",2026-01-23T02:58:00Z,2026-05-24T02:58:00Z,500.0,1028.6947178266373,105.73894356532745,-32.457402579239016,-3.0792981227752847,515,144,0,228,143,0,1044.6496013432638,16.955129329768,52.8000197212624,Random consilium candidate: signal sizing boost plus signal-aware TP.,4
signal_boost_tp,"{""fresh_base_pct"": 16.0, ""fresh_callback_percent"": 0.25, ""fresh_tp_percent"": 0.8, ""freshness_ms"": 14400000, ""normal_base_pct"": 8.0, ""tp_freshness_ms"": 21600000}",2026-01-23T02:58:00Z,2026-05-24T02:58:00Z,500.0,795.6331671995755,59.12663343991509,-31.062146724938845,-11.287263333215655,725,208,0,310,207,0,807.9733049339786,13.113767393909342,40.54158086906241,Random consilium candidate: signal sizing boost plus signal-aware TP.,4
signal_boost_tp,"{""fresh_base_pct"": 22.0, ""fresh_callback_percent"": 0.25, ""fresh_tp_percent"": 1.0, ""freshness_ms"": 1800000, ""normal_base_pct"": 14.0, ""tp_freshness_ms"": 43200000}",2026-01-23T02:58:00Z,2026-05-24T02:58:00Z,500.0,1006.5053637048279,101.30107274096561,-28.435390907860715,-2.6838835145009194,615,173,0,270,172,0,786.5872515359715,12.757527880758673,59.925051781726935,Random consilium candidate: signal sizing boost plus signal-aware TP.,4
signal_boost_tp,"{""fresh_base_pct"": 32.0, ""fresh_callback_percent"": 0.2, ""fresh_tp_percent"": 1.6, ""freshness_ms"": 3600000, ""normal_base_pct"": 4.0, ""tp_freshness_ms"": 86400000}",2026-01-23T02:58:00Z,2026-05-24T02:58:00Z,500.0,615.7886631224613,23.157732624492276,-8.836987742250724,-0.7521646922691214,451,124,0,204,123,0,400.7833760549704,6.464404397767211,10.810057726464915,Random consilium candidate: signal sizing boost plus signal-aware TP.,4
signal_boost_tp,"{""fresh_base_pct"": 22.0, ""fresh_callback_percent"": 0.25, ""fresh_tp_percent"": 1.4, ""freshness_ms"": 7200000, ""normal_base_pct"": 14.0, ""tp_freshness_ms"": 43200000}",2026-01-23T02:58:00Z,2026-05-24T02:58:00Z,500.0,1043.798583568543,108.75971671370861,-27.962896428055195,-2.6838835145009194,564,156,0,253,155,0,920.1446175232381,15.035534127311973,56.28208061188198,Random consilium candidate: signal sizing boost plus signal-aware TP.,4
signal_boost_tp,"{""fresh_base_pct"": 36.0, ""fresh_callback_percent"": 0.15, ""fresh_tp_percent"": 0.8, ""freshness_ms"": 21600000, ""normal_base_pct"": 10.0, ""tp_freshness_ms"": 43200000}",2026-01-23T02:58:00Z,2026-05-24T02:58:00Z,500.0,859.5103653870093,71.90207307740187,-23.566959991670355,-1.9022303919580288,561,172,0,218,171,0,630.8981064808545,10.17602210506471,45.346029243864294,Random consilium candidate: signal sizing boost plus signal-aware TP.,4
signal_boost_tp,"{""fresh_base_pct"": 28.0, ""fresh_callback_percent"": 0.35, ""fresh_tp_percent"": 1.2, ""freshness_ms"": 172800000, ""normal_base_pct"": 14.0, ""tp_freshness_ms"": 21600000}",2026-01-23T02:58:00Z,2026-05-24T02:58:00Z,500.0,1197.067057458252,139.4134114916504,-31.9228188872423,-3.848010049411447,540,168,0,205,167,0,1191.6382356962847,19.410046887432213,87.32336294429155,Random consilium candidate: signal sizing boost plus signal-aware TP.,4
signal_boost_tp,"{""fresh_base_pct"": 22.0, ""fresh_callback_percent"": 0.35, ""fresh_tp_percent"": 1.0, ""freshness_ms"": 259200000, ""normal_base_pct"": 6.0, ""tp_freshness_ms"": 86400000}",2026-01-23T02:58:00Z,2026-05-24T02:58:00Z,500.0,1016.057597473753,103.21151949475063,-25.5496604908759,-2.6410794465568523,427,131,0,166,130,0,793.257853941177,12.845181505777965,52.835452850154084,Random consilium candidate: signal sizing boost plus signal-aware TP.,4
signal_boost_tp,"{""fresh_base_pct"": 20.0, ""fresh_callback_percent"": 0.35, ""fresh_tp_percent"": 1.4, ""freshness_ms"": 3600000, ""normal_base_pct"": 14.0, ""tp_freshness_ms"": 259200000}",2026-01-23T02:58:00Z,2026-05-24T02:58:00Z,500.0,1073.8487002245058,114.76974004490117,-27.89308198635665,-2.6838835145009194,339,89,0,162,88,0,758.6324427515663,12.35905664289147,36.55108473100302,Random consilium candidate: signal sizing boost plus signal-aware TP.,4
signal_boost_tp,"{""fresh_base_pct"": 28.0, ""fresh_callback_percent"": 0.15, ""fresh_tp_percent"": 1.0, ""freshness_ms"": 172800000, ""normal_base_pct"": 6.0, ""tp_freshness_ms"": 172800000}",2026-01-23T02:58:00Z,2026-05-24T02:58:00Z,500.0,1101.7075026056184,120.34150052112369,-31.86122310435482,-3.3861276637660733,395,119,0,158,118,0,1099.7770767834165,17.870225506407696,54.54624416252274,Random consilium candidate: signal sizing boost plus signal-aware TP.,4
signal_boost_tp,"{""fresh_base_pct"": 22.0, ""fresh_callback_percent"": 0.25, ""fresh_tp_percent"": 1.4, ""freshness_ms"": 259200000, ""normal_base_pct"": 12.0, ""tp_freshness_ms"": 172800000}",2026-01-23T02:58:00Z,2026-05-24T02:58:00Z,500.0,1010.4192090055134,102.08384180110266,-24.71063661277213,-2.6410794465568523,316,94,0,129,93,0,788.8558437134861,12.773899992353236,39.1316667330584,Random consilium candidate: signal sizing boost plus signal-aware TP.,4
signal_boost_tp,"{""fresh_base_pct"": 20.0, ""fresh_callback_percent"": 0.25, ""fresh_tp_percent"": 1.6, ""freshness_ms"": 43200000, ""normal_base_pct"": 6.0, ""tp_freshness_ms"": 172800000}",2026-01-23T02:58:00Z,2026-05-24T02:58:00Z,500.0,851.2199594517062,70.24399189034125,-22.478612637214525,-2.395144855535393,317,91,0,136,90,0,603.0103849463312,9.764514534613157,22.44665779779374,Random consilium candidate: signal sizing boost plus signal-aware TP.,4
signal_boost_tp,"{""fresh_base_pct"": 22.0, ""fresh_callback_percent"": 0.35, ""fresh_tp_percent"": 1.2, ""freshness_ms"": 21600000, ""normal_base_pct"": 8.0, ""tp_freshness_ms"": 43200000}",2026-01-23T02:58:00Z,2026-05-24T02:58:00Z,500.0,827.7466384062172,65.54932768124344,-25.138406214570562,-3.669495061056563,561,160,0,242,159,0,414.18328664381977,6.767921936073397,34.15493894879288,Random consilium candidate: signal sizing boost plus signal-aware TP.,4
signal_boost_tp,"{""fresh_base_pct"": 16.0, ""fresh_callback_percent"": 0.35, ""fresh_tp_percent"": 1.4, ""freshness_ms"": 7200000, ""normal_base_pct"": 12.0, ""tp_freshness_ms"": 21600000}",2026-01-23T02:58:00Z,2026-05-24T02:58:00Z,500.0,956.4843210331723,91.29686420663445,-23.941176849011846,-2.6569903966498174,683,193,0,298,192,0,722.2828744033809,11.779196145037108,55.911254025620494,Random consilium candidate: signal sizing boost plus signal-aware TP.,4
signal_boost_tp,"{""fresh_base_pct"": 28.0, ""fresh_callback_percent"": 0.2, ""fresh_tp_percent"": 1.4, ""freshness_ms"": 3600000, ""normal_base_pct"": 10.0, ""tp_freshness_ms"": 86400000}",2026-01-23T02:58:00Z,2026-05-24T02:58:00Z,500.0,848.8579231870524,69.77158463741048,-20.037594467094742,-1.9022303919580288,494,137,0,221,136,0,844.5061346996938,13.75804482624903,33.69606715330744,Random consilium candidate: signal sizing boost plus signal-aware TP.,4
signal_boost_tp,"{""fresh_base_pct"": 14.0, ""fresh_callback_percent"": 0.25, ""fresh_tp_percent"": 1.4, ""freshness_ms"": 43200000, ""normal_base_pct"": 12.0, ""tp_freshness_ms"": 259200000}",2026-01-23T02:58:00Z,2026-05-24T02:58:00Z,500.0,990.6143670366328,98.12287340732655,-27.962896428055206,-2.6838835145009194,331,86,0,160,85,0,871.5803207654234,14.254570540544725,31.914123583619258,Random consilium candidate: signal sizing boost plus signal-aware TP.,5
signal_boost_tp,"{""fresh_base_pct"": 28.0, ""fresh_callback_percent"": 0.35, ""fresh_tp_percent"": 1.6, ""freshness_ms"": 1800000, ""normal_base_pct"": 10.0, ""tp_freshness_ms"": 86400000}",2026-01-23T02:58:00Z,2026-05-24T02:58:00Z,500.0,836.8615015212799,67.37230030425599,-20.037594467094742,-1.9022303919580288,450,124,0,203,123,0,526.263740753772,8.54149542064078,29.061507658814655,Random consilium candidate: signal sizing boost plus signal-aware TP.,5
signal_boost_tp,"{""fresh_base_pct"": 16.0, ""fresh_callback_percent"": 0.25, ""fresh_tp_percent"": 1.6, ""freshness_ms"": 21600000, ""normal_base_pct"": 10.0, ""tp_freshness_ms"": 21600000}",2026-01-23T02:58:00Z,2026-05-24T02:58:00Z,500.0,899.8801565573219,79.97603131146438,-31.906563953266154,-8.421806710720592,684,195,0,295,194,0,913.8371477112469,14.831984816599965,48.416730162202924,Random consilium candidate: signal sizing boost plus signal-aware TP.,5
signal_boost_tp,"{""fresh_base_pct"": 14.0, ""fresh_callback_percent"": 0.25, ""fresh_tp_percent"": 1.4, ""freshness_ms"": 172800000, ""normal_base_pct"": 8.0, ""tp_freshness_ms"": 43200000}",2026-01-23T02:58:00Z,2026-05-24T02:58:00Z,500.0,1014.2773090886386,102.85546181772771,-27.962896428055206,-2.6838835145009194,566,155,0,257,154,0,895.8004286184753,14.6089701548321,52.308913828861556,Random consilium candidate: signal sizing boost plus signal-aware TP.,5
signal_boost_tp,"{""fresh_base_pct"": 28.0, ""fresh_callback_percent"": 0.15, ""fresh_tp_percent"": 1.6, ""freshness_ms"": 86400000, ""normal_base_pct"": 4.0, ""tp_freshness_ms"": 172800000}",2026-01-23T02:58:00Z,2026-05-24T02:58:00Z,500.0,1041.0655657427099,108.21311314854198,-31.861223104354842,-3.3861276637660733,310,92,0,127,91,0,1040.351144537496,16.84634979021454,34.336781164362144,Random consilium candidate: signal sizing boost plus signal-aware TP.,5
signal_boost_tp,"{""fresh_base_pct"": 36.0, ""fresh_callback_percent"": 0.2, ""fresh_tp_percent"": 1.6, ""freshness_ms"": 1800000, ""normal_base_pct"": 4.0, ""tp_freshness_ms"": 21600000}",2026-01-23T02:58:00Z,2026-05-24T02:58:00Z,500.0,614.7005823924605,22.9401164784921,-8.053806031261267,-0.8696573193515588,667,190,0,288,189,0,153.21311744299348,2.486717285798578,13.92477781912937,Random consilium candidate: signal sizing boost plus signal-aware TP.,5
signal_boost_tp,"{""fresh_base_pct"": 32.0, ""fresh_callback_percent"": 0.25, ""fresh_tp_percent"": 0.8, ""freshness_ms"": 43200000, ""normal_base_pct"": 6.0, ""tp_freshness_ms"": 172800000}",2026-01-23T02:58:00Z,2026-05-24T02:58:00Z,500.0,832.336823379395,66.467364675879,-21.315218333822163,-2.330329182133925,400,128,0,145,127,0,541.7228053490868,8.73767599779167,33.26585698618252,Random consilium candidate: signal sizing boost plus signal-aware TP.,5
signal_boost_tp,"{""fresh_base_pct"": 28.0, ""fresh_callback_percent"": 0.2, ""fresh_tp_percent"": 1.0, ""freshness_ms"": 21600000, ""normal_base_pct"": 8.0, ""tp_freshness_ms"": 172800000}",2026-01-23T02:58:00Z,2026-05-24T02:58:00Z,500.0,891.1651076477801,78.23302152955603,-32.39964284098581,-4.92460237355559,437,123,0,192,122,0,889.6035968732963,14.455126609779256,34.38149028102687,Random consilium candidate: signal sizing boost plus signal-aware TP.,5
signal_boost_tp,"{""fresh_base_pct"": 36.0, ""fresh_callback_percent"": 0.25, ""fresh_tp_percent"": 1.6, ""freshness_ms"": 259200000, ""normal_base_pct"": 6.0, ""tp_freshness_ms"": 172800000}",2026-01-23T02:58:00Z,2026-05-24T02:58:00Z,500.0,1009.0307277535098,101.80614555070196,-23.606349421528318,-2.62938700075563,213,75,0,64,74,0,736.3780591313791,11.982394583538836,33.374073592747784,Random consilium candidate: signal sizing boost plus signal-aware TP.,5
signal_boost_tp,"{""fresh_base_pct"": 22.0, ""fresh_callback_percent"": 0.35, ""fresh_tp_percent"": 1.2, ""freshness_ms"": 3600000, ""normal_base_pct"": 12.0, ""tp_freshness_ms"": 172800000}",2026-01-23T02:58:00Z,2026-05-24T02:58:00Z,500.0,909.8592514166725,81.97185028333449,-23.95227481573109,-2.291539480318361,391,107,0,178,106,0,708.0952397173564,11.535743375918988,32.08447917079466,Random consilium candidate: signal sizing boost plus signal-aware TP.,5
signal_boost_tp,"{""fresh_base_pct"": 22.0, ""fresh_callback_percent"": 0.35, ""fresh_tp_percent"": 1.4, ""freshness_ms"": 172800000, ""normal_base_pct"": 14.0, ""tp_freshness_ms"": 86400000}",2026-01-23T02:58:00Z,2026-05-24T02:58:00Z,500.0,1032.7524281999954,106.55048563999907,-25.149884950187783,-2.6410794465568523,404,122,0,161,121,0,806.2918646377527,13.056240535718793,49.24569263737152,Random consilium candidate: signal sizing boost plus signal-aware TP.,5
signal_boost_tp,"{""fresh_base_pct"": 14.0, ""fresh_callback_percent"": 0.15, ""fresh_tp_percent"": 0.8, ""freshness_ms"": 172800000, ""normal_base_pct"": 12.0, ""tp_freshness_ms"": 172800000}",2026-01-23T02:58:00Z,2026-05-24T02:58:00Z,500.0,979.8221284908254,95.96442569816507,-28.342737748995916,-2.6838835145009194,577,161,0,256,160,0,867.9549921495118,14.087296951427335,54.01560933967467,Random consilium candidate: signal sizing boost plus signal-aware TP.,5
signal_boost_tp,"{""fresh_base_pct"": 22.0, ""fresh_callback_percent"": 0.15, ""fresh_tp_percent"": 1.2, ""freshness_ms"": 43200000, ""normal_base_pct"": 14.0, ""tp_freshness_ms"": 172800000}",2026-01-23T02:58:00Z,2026-05-24T02:58:00Z,500.0,1076.3158577466172,115.26317154932345,-25.03381815342166,-2.6410794465568523,399,114,0,172,113,0,837.6395954825123,13.646180447211957,47.11699820536639,Random consilium candidate: signal sizing boost plus signal-aware TP.,5
signal_boost_tp,"{""fresh_base_pct"": 28.0, ""fresh_callback_percent"": 0.35, ""fresh_tp_percent"": 1.2, ""freshness_ms"": 86400000, ""normal_base_pct"": 8.0, ""tp_freshness_ms"": 259200000}",2026-01-23T02:58:00Z,2026-05-24T02:58:00Z,500.0,1067.9461372229832,113.58922744459665,-31.9228188872423,-3.3861276637660733,306,91,0,125,90,0,1062.4711624620277,17.308963522150705,40.701793003703465,Random consilium candidate: signal sizing boost plus signal-aware TP.,5
signal_boost_tp,"{""fresh_base_pct"": 16.0, ""fresh_callback_percent"": 0.15, ""fresh_tp_percent"": 0.8, ""freshness_ms"": 43200000, ""normal_base_pct"": 12.0, ""tp_freshness_ms"": 21600000}",2026-01-23T02:58:00Z,2026-05-24T02:58:00Z,500.0,968.5713218268336,93.71426436536672,-32.38572942035801,-3.875572067007845,698,203,0,293,202,0,983.5937014983665,15.964164821779418,65.02792498350179,Random consilium candidate: signal sizing boost plus signal-aware TP.,5
signal_boost_tp,"{""fresh_base_pct"": 24.0, ""fresh_callback_percent"": 0.25, ""fresh_tp_percent"": 0.8, ""freshness_ms"": 14400000, ""normal_base_pct"": 12.0, ""tp_freshness_ms"": 259200000}",2026-01-23T02:58:00Z,2026-05-24T02:58:00Z,500.0,915.5139974740257,83.10279949480514,-26.918502317815285,-2.291539480318361,483,136,0,212,135,0,781.2167207254371,12.650200087159824,43.094697762884564,Random consilium candidate: signal sizing boost plus signal-aware TP.,5
signal_boost_tp,"{""fresh_base_pct"": 32.0, ""fresh_callback_percent"": 0.15, ""fresh_tp_percent"": 1.2, ""freshness_ms"": 43200000, ""normal_base_pct"": 12.0, ""tp_freshness_ms"": 172800000}",2026-01-23T02:58:00Z,2026-05-24T02:58:00Z,500.0,959.2374282194152,91.84748564388303,-20.922225242035918,-2.330329182133925,341,107,0,128,106,0,624.3155126803788,10.06984866860293,38.485596794376264,Random consilium candidate: signal sizing boost plus signal-aware TP.,5
signal_boost_tp,"{""fresh_base_pct"": 24.0, ""fresh_callback_percent"": 0.35, ""fresh_tp_percent"": 1.0, ""freshness_ms"": 259200000, ""normal_base_pct"": 14.0, ""tp_freshness_ms"": 86400000}",2026-01-23T02:58:00Z,2026-05-24T02:58:00Z,500.0,1096.1267111492557,119.22534222985112,-27.844352304917543,-2.88821554617096,427,131,0,166,130,0,935.3352511771668,15.145833111428677,61.40938514576962,Random consilium candidate: signal sizing boost plus signal-aware TP.,5
signal_boost_tp,"{""fresh_base_pct"": 28.0, ""fresh_callback_percent"": 0.15, ""fresh_tp_percent"": 1.4, ""freshness_ms"": 14400000, ""normal_base_pct"": 14.0, ""tp_freshness_ms"": 172800000}",2026-01-23T02:58:00Z,2026-05-24T02:58:00Z,500.0,1046.9838750886306,109.39677501772613,-28.342737748995926,-2.6838835145009194,374,104,0,167,103,0,1041.6163662869762,16.969213212674656,41.71560619374235,Random consilium candidate: signal sizing boost plus signal-aware TP.,5
signal_boost_tp,"{""fresh_base_pct"": 28.0, ""fresh_callback_percent"": 0.15, ""fresh_tp_percent"": 1.4, ""freshness_ms"": 14400000, ""normal_base_pct"": 14.0, ""tp_freshness_ms"": 259200000}",2026-01-23T02:58:00Z,2026-05-24T02:58:00Z,500.0,1028.225768812479,105.6451537624958,-28.342737748995926,-2.6838835145009194,328,91,0,147,90,0,1022.9544260578236,16.665187226754774,37.12672218000197,Random consilium candidate: signal sizing boost plus signal-aware TP.,5
signal_boost_tp,"{""fresh_base_pct"": 22.0, ""fresh_callback_percent"": 0.25, ""fresh_tp_percent"": 0.8, ""freshness_ms"": 86400000, ""normal_base_pct"": 6.0, ""tp_freshness_ms"": 259200000}",2026-01-23T02:58:00Z,2026-05-24T02:58:00Z,500.0,919.3168833172529,83.86337666345057,-25.56603167534295,-2.6410794465568523,434,129,0,177,128,0,717.7303134835066,11.622168129933463,41.827803024411196,Random consilium candidate: signal sizing boost plus signal-aware TP.,5
signal_boost_tp,"{""fresh_base_pct"": 24.0, ""fresh_callback_percent"": 0.2, ""fresh_tp_percent"": 1.2, ""freshness_ms"": 21600000, ""normal_base_pct"": 6.0, ""tp_freshness_ms"": 172800000}",2026-01-23T02:58:00Z,2026-05-24T02:58:00Z,500.0,794.9751771743663,58.99503543487326,-27.822467958249987,-6.137948930529104,404,114,0,177,113,0,675.9226214482038,11.011611808204325,24.117484011417215,Random consilium candidate: signal sizing boost plus signal-aware TP.,5
signal_boost_tp,"{""fresh_base_pct"": 24.0, ""fresh_callback_percent"": 0.25, ""fresh_tp_percent"": 1.0, ""freshness_ms"": 172800000, ""normal_base_pct"": 10.0, ""tp_freshness_ms"": 86400000}",2026-01-23T02:58:00Z,2026-05-24T02:58:00Z,500.0,1038.2880231770866,107.65760463541731,-27.844352304917553,-2.88821554617096,430,129,0,173,128,0,886.7717300698621,14.382403284751827,54.81429021293722,Random consilium candidate: signal sizing boost plus signal-aware TP.,5
signal_boost_tp,"{""fresh_base_pct"": 22.0, ""fresh_callback_percent"": 0.35, ""fresh_tp_percent"": 1.0, ""freshness_ms"": 14400000, ""normal_base_pct"": 8.0, ""tp_freshness_ms"": 259200000}",2026-01-23T02:58:00Z,2026-05-24T02:58:00Z,500.0,796.7558487445118,59.35116974890236,-16.309375006827754,-1.5159211702259259,377,104,0,170,103,0,622.0442977461023,10.072729654657014,23.201078815343056,Random consilium candidate: signal sizing boost plus signal-aware TP.,5
signal_boost_tp,"{""fresh_base_pct"": 22.0, ""fresh_callback_percent"": 0.25, ""fresh_tp_percent"": 1.0, ""freshness_ms"": 3600000, ""normal_base_pct"": 8.0, ""tp_freshness_ms"": 259200000}",2026-01-23T02:58:00Z,2026-05-24T02:58:00Z,500.0,743.0799470395505,48.6159894079101,-16.309375006827754,-1.5159211702259259,424,117,0,191,116,0,580.719422161716,9.41859177689375,21.27544970805094,Random consilium candidate: signal sizing boost plus signal-aware TP.,5
signal_boost_tp,"{""fresh_base_pct"": 36.0, ""fresh_callback_percent"": 0.15, ""fresh_tp_percent"": 1.2, ""freshness_ms"": 259200000, ""normal_base_pct"": 14.0, ""tp_freshness_ms"": 86400000}",2026-01-23T02:58:00Z,2026-05-24T02:58:00Z,500.0,991.7216827280465,98.3443365456093,-23.53036573948406,-2.62938700075563,297,107,0,84,106,0,727.9439050248221,11.741314790274314,48.576139184115746,Random consilium candidate: signal sizing boost plus signal-aware TP.,5
signal_boost_tp,"{""fresh_base_pct"": 24.0, ""fresh_callback_percent"": 0.15, ""fresh_tp_percent"": 1.4, ""freshness_ms"": 1800000, ""normal_base_pct"": 10.0, ""tp_freshness_ms"": 43200000}",2026-01-23T02:58:00Z,2026-05-24T02:58:00Z,500.0,846.5843436098389,69.31686872196778,-20.252280387754674,-1.9022303919580288,564,156,0,253,155,0,530.6912925813169,8.671709738575066,36.46820526649718,Random consilium candidate: signal sizing boost plus signal-aware TP.,5
signal_boost_tp,"{""fresh_base_pct"": 16.0, ""fresh_callback_percent"": 0.25, ""fresh_tp_percent"": 0.8, ""freshness_ms"": 172800000, ""normal_base_pct"": 12.0, ""tp_freshness_ms"": 86400000}",2026-01-23T02:58:00Z,2026-05-24T02:58:00Z,500.0,1092.2388148488224,118.4477629697645,-31.062146724938845,-3.0792981227752847,618,172,0,275,171,0,1109.1792567129246,18.002474440502827,70.61147157086359,Random consilium candidate: signal sizing boost plus signal-aware TP.,5
signal_boost_tp,"{""fresh_base_pct"": 24.0, ""fresh_callback_percent"": 0.15, ""fresh_tp_percent"": 1.0, ""freshness_ms"": 7200000, ""normal_base_pct"": 14.0, ""tp_freshness_ms"": 259200000}",2026-01-23T02:58:00Z,2026-05-24T02:58:00Z,500.0,988.0791021858894,97.61582043717787,-28.342737748995916,-2.6838835145009194,429,120,0,190,119,0,842.0193537980963,13.692898340782882,43.47537616753783,Random consilium candidate: signal sizing boost plus signal-aware TP.,5
signal_boost_tp,"{""fresh_base_pct"": 18.0, ""fresh_callback_percent"": 0.25, ""fresh_tp_percent"": 1.0, ""freshness_ms"": 3600000, ""normal_base_pct"": 12.0, ""tp_freshness_ms"": 172800000}",2026-01-23T02:58:00Z,2026-05-24T02:58:00Z,500.0,903.9136176475728,80.78272352951457,-24.40340720773587,-2.291539480318361,468,130,0,209,129,0,575.920379815612,9.340756906811873,37.36115902017616,Random consilium candidate: signal sizing boost plus signal-aware TP.,5
signal_boost_tp,"{""fresh_base_pct"": 16.0, ""fresh_callback_percent"": 0.35, ""fresh_tp_percent"": 1.2, ""freshness_ms"": 259200000, ""normal_base_pct"": 14.0, ""tp_freshness_ms"": 172800000}",2026-01-23T02:58:00Z,2026-05-24T02:58:00Z,500.0,1122.510297977455,124.50205959549096,-31.886965837949933,-3.0792981227752847,399,108,0,184,107,0,1131.120096319192,18.499306166814165,48.351752189064854,Random consilium candidate: signal sizing boost plus signal-aware TP.,5
signal_boost_tp,"{""fresh_base_pct"": 28.0, ""fresh_callback_percent"": 0.25, ""fresh_tp_percent"": 1.0, ""freshness_ms"": 7200000, ""normal_base_pct"": 8.0, ""tp_freshness_ms"": 21600000}",2026-01-23T02:58:00Z,2026-05-24T02:58:00Z,500.0,758.7296027923592,51.74592055847182,-20.523032506779828,-2.8694601243482207,685,198,0,290,197,0,758.7194543594096,12.305544710727524,34.92642597874739,Random consilium candidate: signal sizing boost plus signal-aware TP.,6
signal_boost_tp,"{""fresh_base_pct"": 20.0, ""fresh_callback_percent"": 0.2, ""fresh_tp_percent"": 0.8, ""freshness_ms"": 43200000, ""normal_base_pct"": 10.0, ""tp_freshness_ms"": 86400000}",2026-01-23T02:58:00Z,2026-05-24T02:58:00Z,500.0,908.8242117422342,81.76484234844683,-23.266219633517306,-2.395144855535393,560,166,0,229,165,0,643.8176545157985,10.425304442674864,47.55227149514241,Random consilium candidate: signal sizing boost plus signal-aware TP.,6
signal_boost_tp,"{""fresh_base_pct"": 14.0, ""fresh_callback_percent"": 0.2, ""fresh_tp_percent"": 0.8, ""freshness_ms"": 3600000, ""normal_base_pct"": 8.0, ""tp_freshness_ms"": 43200000}",2026-01-23T02:58:00Z,2026-05-24T02:58:00Z,500.0,748.7759438590931,49.75518877181862,-27.18000373848266,-11.545082786454604,674,191,0,293,190,0,663.2875494197903,10.765452998571565,33.08850688853002,Random consilium candidate: signal sizing boost plus signal-aware TP.,6
signal_boost_tp,"{""fresh_base_pct"": 24.0, ""fresh_callback_percent"": 0.2, ""fresh_tp_percent"": 0.8, ""freshness_ms"": 21600000, ""normal_base_pct"": 12.0, ""tp_freshness_ms"": 43200000}",2026-01-23T02:58:00Z,2026-05-24T02:58:00Z,500.0,946.3735385745579,89.27470771491157,-27.861030397961486,-2.291539480318361,613,180,0,254,179,0,807.5494579289812,13.076604675835425,55.075215113665564,Random consilium candidate: signal sizing boost plus signal-aware TP.,6
signal_boost_tp,"{""fresh_base_pct"": 14.0, ""fresh_callback_percent"": 0.2, ""fresh_tp_percent"": 1.6, ""freshness_ms"": 1800000, ""normal_base_pct"": 4.0, ""tp_freshness_ms"": 43200000}",2026-01-23T02:58:00Z,2026-05-24T02:58:00Z,500.0,622.1141332093242,24.422826641864837,-8.053806031261267,-0.7521646922691214,563,155,0,254,154,0,155.0609328908867,2.5167081553267794,12.250100684242122,Random consilium candidate: signal sizing boost plus signal-aware TP.,6
signal_boost_tp,"{""fresh_base_pct"": 36.0, ""fresh_callback_percent"": 0.15, ""fresh_tp_percent"": 0.8, ""freshness_ms"": 1800000, ""normal_base_pct"": 8.0, ""tp_freshness_ms"": 86400000}",2026-01-23T02:58:00Z,2026-05-24T02:58:00Z,500.0,740.017491324483,48.003498264896606,-16.2048130472386,-1.5159211702259259,618,176,0,267,175,0,371.15211309348604,6.023964466578039,29.298036088389395,Random consilium candidate: signal sizing boost plus signal-aware TP.,6
signal_boost_tp,"{""fresh_base_pct"": 20.0, ""fresh_callback_percent"": 0.2, ""fresh_tp_percent"": 1.0, ""freshness_ms"": 86400000, ""normal_base_pct"": 4.0, ""tp_freshness_ms"": 21600000}",2026-01-23T02:58:00Z,2026-05-24T02:58:00Z,500.0,859.7414203413927,71.94828406827854,-23.228336413885277,-2.7170966951297624,585,178,0,230,177,0,608.9829037850293,9.895334290849764,43.17357806641147,Random consilium candidate: signal sizing boost plus signal-aware TP.,6
signal_boost_tp,"{""fresh_base_pct"": 28.0, ""fresh_callback_percent"": 0.2, ""fresh_tp_percent"": 1.2, ""freshness_ms"": 21600000, ""normal_base_pct"": 6.0, ""tp_freshness_ms"": 21600000}",2026-01-23T02:58:00Z,2026-05-24T02:58:00Z,500.0,818.2588581921301,63.65177163842601,-32.39964284098582,-11.104082854341792,639,187,0,266,186,0,306.39572228020177,5.006629665678647,34.788600649433306,Random consilium candidate: signal sizing boost plus signal-aware TP.,6
signal_boost_tp,"{""fresh_base_pct"": 22.0, ""fresh_callback_percent"": 0.15, ""fresh_tp_percent"": 1.0, ""freshness_ms"": 1800000, ""normal_base_pct"": 14.0, ""tp_freshness_ms"": 86400000}",2026-01-23T02:58:00Z,2026-05-24T02:58:00Z,500.0,990.7341825409247,98.14683650818495,-28.342737748995926,-2.6838835145009194,550,154,0,243,153,0,772.6911236615814,12.565484341183383,54.32941528684248,Random consilium candidate: signal sizing boost plus signal-aware TP.,6
signal_boost_tp,"{""fresh_base_pct"": 24.0, ""fresh_callback_percent"": 0.2, ""fresh_tp_percent"": 0.8, ""freshness_ms"": 259200000, ""normal_base_pct"": 6.0, ""tp_freshness_ms"": 21600000}",2026-01-23T02:58:00Z,2026-05-24T02:58:00Z,500.0,1030.1121677616986,106.02243355233973,-27.861030397961496,-3.2792965101051084,546,173,0,201,172,0,879.0044192644878,14.233670998321518,71.70069089951683,Random consilium candidate: signal sizing boost plus signal-aware TP.,6
signal_boost_tp,"{""fresh_base_pct"": 20.0, ""fresh_callback_percent"": 0.15, ""fresh_tp_percent"": 1.6, ""freshness_ms"": 86400000, ""normal_base_pct"": 14.0, ""tp_freshness_ms"": 86400000}",2026-01-23T02:58:00Z,2026-05-24T02:58:00Z,500.0,986.161858611313,97.2323717222626,-22.7580165031106,-2.395144855535393,410,120,0,171,119,0,698.6042037402856,11.312460069773088,42.98888194850205,Random consilium candidate: signal sizing boost plus signal-aware TP.,6
signal_boost_tp,"{""fresh_base_pct"": 22.0, ""fresh_callback_percent"": 0.15, ""fresh_tp_percent"": 0.8, ""freshness_ms"": 3600000, ""normal_base_pct"": 10.0, ""tp_freshness_ms"": 21600000}",2026-01-23T02:58:00Z,2026-05-24T02:58:00Z,500.0,802.1580565465217,60.431611309304344,-20.252280387754684,-2.2040174264640946,702,205,0,293,204,0,626.2619166864274,10.14102532994282,42.72004154625393,Random consilium candidate: signal sizing boost plus signal-aware TP.,6
signal_boost_tp,"{""fresh_base_pct"": 22.0, ""fresh_callback_percent"": 0.35, ""fresh_tp_percent"": 1.6, ""freshness_ms"": 7200000, ""normal_base_pct"": 10.0, ""tp_freshness_ms"": 172800000}",2026-01-23T02:58:00Z,2026-05-24T02:58:00Z,500.0,832.3165937845715,66.46331875691432,-20.037594467094756,-1.9022303919580288,322,88,0,147,87,0,649.8073304375198,10.522294940774621,21.704445818261185,Random consilium candidate: signal sizing boost plus signal-aware TP.,6
signal_boost_tp,"{""fresh_base_pct"": 14.0, ""fresh_callback_percent"": 0.15, ""fresh_tp_percent"": 1.2, ""freshness_ms"": 3600000, ""normal_base_pct"": 8.0, ""tp_freshness_ms"": 259200000}",2026-01-23T02:58:00Z,2026-05-24T02:58:00Z,500.0,749.8559275737363,49.97118551474726,-16.204813047238588,-1.5159211702259259,403,108,0,188,107,0,661.8047462210952,10.799819746803244,20.584879596195837,Random consilium candidate: signal sizing boost plus signal-aware TP.,6
signal_boost_tp,"{""fresh_base_pct"": 16.0, ""fresh_callback_percent"": 0.15, ""fresh_tp_percent"": 1.0, ""freshness_ms"": 14400000, ""normal_base_pct"": 4.0, ""tp_freshness_ms"": 21600000}",2026-01-23T02:58:00Z,2026-05-24T02:58:00Z,500.0,684.3870409514931,36.87740819029861,-20.462933577542554,-5.6388780133818805,684,197,0,291,196,0,170.46695825287838,2.7854988439635022,21.748583864158743,Random consilium candidate: signal sizing boost plus signal-aware TP.,6
signal_boost_tp,"{""fresh_base_pct"": 14.0, ""fresh_callback_percent"": 0.15, ""fresh_tp_percent"": 1.6, ""freshness_ms"": 172800000, ""normal_base_pct"": 4.0, ""tp_freshness_ms"": 172800000}",2026-01-23T02:58:00Z,2026-05-24T02:58:00Z,500.0,956.6000059250305,91.32000118500609,-28.342737748995926,-2.6838835145009194,365,98,0,170,97,0,847.3841593185218,13.753423152383146,29.338687106610777,Random consilium candidate: signal sizing boost plus signal-aware TP.,6
signal_boost_tp,"{""fresh_base_pct"": 16.0, ""fresh_callback_percent"": 0.2, ""fresh_tp_percent"": 1.0, ""freshness_ms"": 3600000, ""normal_base_pct"": 14.0, ""tp_freshness_ms"": 86400000}",2026-01-23T02:58:00Z,2026-05-24T02:58:00Z,500.0,1013.5163048024864,102.70326096049729,-28.4016350839423,-2.6838835145009194,559,155,0,250,154,0,1024.9235076894752,16.71793078373433,56.44388958120545,Random consilium candidate: signal sizing boost plus signal-aware TP.,6
signal_boost_tp,"{""fresh_base_pct"": 32.0, ""fresh_callback_percent"": 0.35, ""fresh_tp_percent"": 1.2, ""freshness_ms"": 21600000, ""normal_base_pct"": 10.0, ""tp_freshness_ms"": 86400000}",2026-01-23T02:58:00Z,2026-05-24T02:58:00Z,500.0,862.7598377591926,72.55196755183853,-21.34416391072682,-1.9022303919580288,432,128,0,177,127,0,561.5234920831967,9.057049639639615,33.53538571287767,Random consilium candidate: signal sizing boost plus signal-aware TP.,6
signal_boost_tp,"{""fresh_base_pct"": 36.0, ""fresh_callback_percent"": 0.2, ""fresh_tp_percent"": 0.8, ""freshness_ms"": 172800000, ""normal_base_pct"": 14.0, ""tp_freshness_ms"": 21600000}",2026-01-23T02:58:00Z,2026-05-24T02:58:00Z,500.0,969.4837113717429,93.89674227434857,-23.954244544131864,-2.8875425671557933,448,158,0,133,157,0,711.6207813189781,11.478032231731058,66.32270092392444,Random consilium candidate: signal sizing boost plus signal-aware TP.,6
signal_boost_tp,"{""fresh_base_pct"": 16.0, ""fresh_callback_percent"": 0.35, ""fresh_tp_percent"": 1.2, ""freshness_ms"": 1800000, ""normal_base_pct"": 6.0, ""tp_freshness_ms"": 21600000}",2026-01-23T02:58:00Z,2026-05-24T02:58:00Z,500.0,682.6096430578793,36.52192861157586,-12.004033111585455,-1.3104065942042349,676,191,0,295,190,0,255.8308682621277,4.172163128890386,23.10684306377849,Random consilium candidate: signal sizing boost plus signal-aware TP.,6
signal_boost_tp,"{""fresh_base_pct"": 32.0, ""fresh_callback_percent"": 0.15, ""fresh_tp_percent"": 1.6, ""freshness_ms"": 21600000, ""normal_base_pct"": 6.0, ""tp_freshness_ms"": 86400000}",2026-01-23T02:58:00Z,2026-05-24T02:58:00Z,500.0,755.975823055149,51.195164611029796,-20.94840888148477,-1.1325772744668157,396,118,0,161,117,0,489.53296141799075,7.965714122821426,20.616408215446423,Random consilium candidate: signal sizing boost plus signal-aware TP.,6
signal_boost_tp,"{""fresh_base_pct"": 28.0, ""fresh_callback_percent"": 0.2, ""fresh_tp_percent"": 0.8, ""freshness_ms"": 172800000, ""normal_base_pct"": 10.0, ""tp_freshness_ms"": 21600000}",2026-01-23T02:58:00Z,2026-05-24T02:58:00Z,500.0,1125.796678343337,125.15933566866737,-32.436648202648,-3.848010049411447,561,176,0,210,175,0,1125.0241112291853,18.217454558208544,84.26409097200057,Random consilium candidate: signal sizing boost plus signal-aware TP.,6
signal_boost_tp,"{""fresh_base_pct"": 16.0, ""fresh_callback_percent"": 0.15, ""fresh_tp_percent"": 0.8, ""freshness_ms"": 259200000, ""normal_base_pct"": 12.0, ""tp_freshness_ms"": 86400000}",2026-01-23T02:58:00Z,2026-05-24T02:58:00Z,500.0,1064.1160891553056,112.82321783106113,-32.385729420358025,-3.0792981227752847,618,176,0,267,175,0,1080.6203522339679,17.538950672978707,69.95838101003697,Random consilium candidate: signal sizing boost plus signal-aware TP.,6
signal_boost_tp,"{""fresh_base_pct"": 36.0, ""fresh_callback_percent"": 0.2, ""fresh_tp_percent"": 0.8, ""freshness_ms"": 172800000, ""normal_base_pct"": 12.0, ""tp_freshness_ms"": 43200000}",2026-01-23T02:58:00Z,2026-05-24T02:58:00Z,500.0,975.9974471531583,95.19948943063166,-23.954244544131853,-2.62938700075563,403,141,0,122,140,0,716.4019959920101,11.55515046318879,57.72604363776576,Random consilium candidate: signal sizing boost plus signal-aware TP.,6
signal_boost_tp,"{""fresh_base_pct"": 36.0, ""fresh_callback_percent"": 0.25, ""fresh_tp_percent"": 1.6, ""freshness_ms"": 259200000, ""normal_base_pct"": 10.0, ""tp_freshness_ms"": 172800000}",2026-01-23T02:58:00Z,2026-05-24T02:58:00Z,500.0,1016.4062394886132,103.28124789772266,-23.606349421528318,-2.62938700075563,213,75,0,64,74,0,741.7606157445837,12.06997991611071,34.03827025943939,Random consilium candidate: signal sizing boost plus signal-aware TP.,6
signal_boost_tp,"{""fresh_base_pct"": 24.0, ""fresh_callback_percent"": 0.2, ""fresh_tp_percent"": 1.0, ""freshness_ms"": 172800000, ""normal_base_pct"": 8.0, ""tp_freshness_ms"": 172800000}",2026-01-23T02:58:00Z,2026-05-24T02:58:00Z,500.0,1050.158230754863,110.03164615097263,-27.822467958249973,-2.88821554617096,400,118,0,165,117,0,895.5862065240146,14.552337749956713,49.13495545757238,Random consilium candidate: signal sizing boost plus signal-aware TP.,6
signal_boost_tp,"{""fresh_base_pct"": 22.0, ""fresh_callback_percent"": 0.2, ""fresh_tp_percent"": 0.8, ""freshness_ms"": 3600000, ""normal_base_pct"": 10.0, ""tp_freshness_ms"": 172800000}",2026-01-23T02:58:00Z,2026-05-24T02:58:00Z,500.0,820.7783176671393,64.15566353342786,-24.68304626039576,-2.1420352614710767,554,155,0,245,154,0,640.7991519899083,10.37642599460395,35.904609099763036,Random consilium candidate: signal sizing boost plus signal-aware TP.,6
signal_boost_tp,"{""fresh_base_pct"": 32.0, ""fresh_callback_percent"": 0.15, ""fresh_tp_percent"": 1.6, ""freshness_ms"": 259200000, ""normal_base_pct"": 8.0, ""tp_freshness_ms"": 86400000}",2026-01-23T02:58:00Z,2026-05-24T02:58:00Z,500.0,934.7215508093369,86.94431016186739,-20.94840888148476,-2.330329182133925,257,92,0,74,91,0,605.2799506466902,9.849157117349119,35.51487955635165,Random consilium candidate: signal sizing boost plus signal-aware TP.,6
signal_boost_tp,"{""fresh_base_pct"": 36.0, ""fresh_callback_percent"": 0.15, ""fresh_tp_percent"": 1.4, ""freshness_ms"": 43200000, ""normal_base_pct"": 4.0, ""tp_freshness_ms"": 172800000}",2026-01-23T02:58:00Z,2026-05-24T02:58:00Z,500.0,832.1375366004985,66.42750732009969,-23.566959991670345,-2.62938700075563,290,95,0,101,94,0,610.8058928835718,9.851946303274625,24.61293226841777,Random consilium candidate: signal sizing boost plus signal-aware TP.,6
signal_boost_tp,"{""fresh_base_pct"": 20.0, ""fresh_callback_percent"": 0.15, ""fresh_tp_percent"": 1.4, ""freshness_ms"": 1800000, ""normal_base_pct"": 6.0, ""tp_freshness_ms"": 86400000}",2026-01-23T02:58:00Z,2026-05-24T02:58:00Z,500.0,675.7134582959563,35.14269165919126,-12.15585216535241,-1.1325772744668157,478,132,0,215,131,0,477.365341467563,7.77686922161181,16.6202752462306,Random consilium candidate: signal sizing boost plus signal-aware TP.,6
signal_boost_tp,"{""fresh_base_pct"": 16.0, ""fresh_callback_percent"": 0.2, ""fresh_tp_percent"": 1.4, ""freshness_ms"": 1800000, ""normal_base_pct"": 4.0, ""tp_freshness_ms"": 21600000}",2026-01-23T02:58:00Z,2026-05-24T02:58:00Z,500.0,618.939206325154,23.787841265030796,-8.053806031261256,-0.8696573193515588,688,193,0,303,192,0,154.26576601704858,2.515810329685853,15.027952435345485,Random consilium candidate: signal sizing boost plus signal-aware TP.,6
signal_boost_tp,"{""fresh_base_pct"": 16.0, ""fresh_callback_percent"": 0.15, ""fresh_tp_percent"": 1.2, ""freshness_ms"": 86400000, ""normal_base_pct"": 12.0, ""tp_freshness_ms"": 259200000}",2026-01-23T02:58:00Z,2026-05-24T02:58:00Z,500.0,1057.168975088433,111.4337950176866,-32.385729420358025,-3.0792981227752847,403,108,0,188,107,0,1068.892746245307,17.44298307624747,44.99635259607602,Random consilium candidate: signal sizing boost plus signal-aware TP.,6
signal_boost_tp,"{""fresh_base_pct"": 18.0, ""fresh_callback_percent"": 0.25, ""fresh_tp_percent"": 1.0, ""freshness_ms"": 21600000, ""normal_base_pct"": 12.0, ""tp_freshness_ms"": 259200000}",2026-01-23T02:58:00Z,2026-05-24T02:58:00Z,500.0,884.5578367835195,76.9115673567039,-20.946401567059645,-2.291539480318361,382,108,0,167,107,0,563.5880192346702,9.140740400518753,31.740106873381023,Random consilium candidate: signal sizing boost plus signal-aware TP.,7
signal_boost_tp,"{""fresh_base_pct"": 16.0, ""fresh_callback_percent"": 0.25, ""fresh_tp_percent"": 1.2, ""freshness_ms"": 7200000, ""normal_base_pct"": 10.0, ""tp_freshness_ms"": 43200000}",2026-01-23T02:58:00Z,2026-05-24T02:58:00Z,500.0,867.1662575192394,73.43325150384787,-20.360422360117937,-1.9022303919580288,600,166,0,269,165,0,543.5933059233106,8.88253383972206,40.69950160265405,Random consilium candidate: signal sizing boost plus signal-aware TP.,7
signal_boost_tp,"{""fresh_base_pct"": 32.0, ""fresh_callback_percent"": 0.2, ""fresh_tp_percent"": 0.8, ""freshness_ms"": 172800000, ""normal_base_pct"": 10.0, ""tp_freshness_ms"": 43200000}",2026-01-23T02:58:00Z,2026-05-24T02:58:00Z,500.0,903.1434380443809,80.62868760887618,-21.315218333822163,-2.330329182133925,403,141,0,122,140,0,587.8069828793459,9.48098716709833,48.79409332340992,Random consilium candidate: signal sizing boost plus signal-aware TP.,7
signal_boost_tp,"{""fresh_base_pct"": 32.0, ""fresh_callback_percent"": 0.15, ""fresh_tp_percent"": 0.8, ""freshness_ms"": 1800000, ""normal_base_pct"": 10.0, ""tp_freshness_ms"": 21600000}",2026-01-23T02:58:00Z,2026-05-24T02:58:00Z,500.0,796.0119925820882,59.202398516417645,-20.252280387754674,-2.2040174264640946,698,203,0,293,202,0,500.5753618007261,8.124561563717911,41.58742748302799,Random consilium candidate: signal sizing boost plus signal-aware TP.,7
signal_boost_tp,"{""fresh_base_pct"": 24.0, ""fresh_callback_percent"": 0.35, ""fresh_tp_percent"": 1.4, ""freshness_ms"": 172800000, ""normal_base_pct"": 8.0, ""tp_freshness_ms"": 86400000}",2026-01-23T02:58:00Z,2026-05-24T02:58:00Z,500.0,1054.2570179003635,110.85140358007268,-27.409125668945723,-2.88821554617096,404,122,0,161,121,0,899.6074473992595,14.567294718080387,50.03694116331159,Random consilium candidate: signal sizing boost plus signal-aware TP.,7
signal_boost_tp,"{""fresh_base_pct"": 20.0, ""fresh_callback_percent"": 0.35, ""fresh_tp_percent"": 0.8, ""freshness_ms"": 86400000, ""normal_base_pct"": 6.0, ""tp_freshness_ms"": 43200000}",2026-01-23T02:58:00Z,2026-05-24T02:58:00Z,500.0,876.7253590296016,75.34507180592031,-23.266219633517306,-2.395144855535393,523,159,0,206,158,0,621.0785947514482,10.057092078318657,39.37241332366033,Random consilium candidate: signal sizing boost plus signal-aware TP.,7
signal_boost_tp,"{""fresh_base_pct"": 20.0, ""fresh_callback_percent"": 0.25, ""fresh_tp_percent"": 1.0, ""freshness_ms"": 14400000, ""normal_base_pct"": 10.0, ""tp_freshness_ms"": 43200000}",2026-01-23T02:58:00Z,2026-05-24T02:58:00Z,500.0,848.6338328015529,69.72676656031058,-20.361414346406647,-1.9022303919580288,589,169,0,252,168,0,601.8457822117388,9.761236698777264,39.72008226039012,Random consilium candidate: signal sizing boost plus signal-aware TP.,7
signal_boost_tp,"{""fresh_base_pct"": 20.0, ""fresh_callback_percent"": 0.15, ""fresh_tp_percent"": 1.6, ""freshness_ms"": 172800000, ""normal_base_pct"": 4.0, ""tp_freshness_ms"": 43200000}",2026-01-23T02:58:00Z,2026-05-24T02:58:00Z,500.0,917.9549240522423,83.59098481044846,-22.7580165031106,-2.395144855535393,427,130,0,168,129,0,650.28591725301,10.530044671181576,38.23094437732246,Random consilium candidate: signal sizing boost plus signal-aware TP.,7
signal_boost_tp,"{""fresh_base_pct"": 32.0, ""fresh_callback_percent"": 0.35, ""fresh_tp_percent"": 1.0, ""freshness_ms"": 7200000, ""normal_base_pct"": 12.0, ""tp_freshness_ms"": 43200000}",2026-01-23T02:58:00Z,2026-05-24T02:58:00Z,500.0,898.1068757233495,79.6213751446699,-24.40340720773588,-2.3083598954073636,571,164,0,244,163,0,584.528958174411,9.4281145217128,45.80987630488621,Random consilium candidate: signal sizing boost plus signal-aware TP.,7
signal_boost_tp,"{""fresh_base_pct"": 36.0, ""fresh_callback_percent"": 0.15, ""fresh_tp_percent"": 1.2, ""freshness_ms"": 86400000, ""normal_base_pct"": 6.0, ""tp_freshness_ms"": 259200000}",2026-01-23T02:58:00Z,2026-05-24T02:58:00Z,500.0,929.4792650794964,85.89585301589928,-23.530365739484072,-2.62938700075563,276,92,0,93,91,0,682.2567033125085,11.004406611652032,33.398170787790825,Random consilium candidate: signal sizing boost plus signal-aware TP.,7
signal_boost_tp,"{""fresh_base_pct"": 20.0, ""fresh_callback_percent"": 0.25, ""fresh_tp_percent"": 0.8, ""freshness_ms"": 3600000, ""normal_base_pct"": 12.0, ""tp_freshness_ms"": 21600000}",2026-01-23T02:58:00Z,2026-05-24T02:58:00Z,500.0,896.0532523872278,79.21065047744555,-22.451506103207784,-2.6569903966498174,714,206,0,303,205,0,634.7706144043838,10.27880621168503,55.39317704912668,Random consilium candidate: signal sizing boost plus signal-aware TP.,7
signal_boost_tp,"{""fresh_base_pct"": 32.0, ""fresh_callback_percent"": 0.35, ""fresh_tp_percent"": 1.2, ""freshness_ms"": 3600000, ""normal_base_pct"": 6.0, ""tp_freshness_ms"": 172800000}",2026-01-23T02:58:00Z,2026-05-24T02:58:00Z,500.0,677.9370500720612,35.587410014412235,-12.004033111585466,-1.1325772744668157,381,105,0,172,104,0,439.55316415513846,7.138906217245616,13.856639269347719,Random consilium candidate: signal sizing boost plus signal-aware TP.,7
signal_boost_tp,"{""fresh_base_pct"": 18.0, ""fresh_callback_percent"": 0.2, ""fresh_tp_percent"": 1.4, ""freshness_ms"": 172800000, ""normal_base_pct"": 12.0, ""tp_freshness_ms"": 172800000}",2026-01-23T02:58:00Z,2026-05-24T02:58:00Z,500.0,893.7034988923075,78.7406997784615,-20.24372577490694,-2.150403032241777,331,97,0,138,96,0,568.7221364960541,9.209286782791015,29.849612918693044,Random consilium candidate: signal sizing boost plus signal-aware TP.,7
signal_boost_tp,"{""fresh_base_pct"": 20.0, ""fresh_callback_percent"": 0.2, ""fresh_tp_percent"": 0.8, ""freshness_ms"": 86400000, ""normal_base_pct"": 12.0, ""tp_freshness_ms"": 259200000}",2026-01-23T02:58:00Z,2026-05-24T02:58:00Z,500.0,930.6880849109972,86.13761698219943,-23.266219633517306,-2.395144855535393,443,131,0,182,130,0,659.3061806358929,10.676109308055182,44.66443501610612,Random consilium candidate: signal sizing boost plus signal-aware TP.,7
signal_boost_tp,"{""fresh_base_pct"": 32.0, ""fresh_callback_percent"": 0.2, ""fresh_tp_percent"": 1.6, ""freshness_ms"": 7200000, ""normal_base_pct"": 12.0, ""tp_freshness_ms"": 86400000}",2026-01-23T02:58:00Z,2026-05-24T02:58:00Z,500.0,939.4259647148912,87.88519294297824,-24.006593540090815,-2.291539480318361,449,124,0,202,123,0,611.4213077307921,9.861872589349616,38.40153981104392,Random consilium candidate: signal sizing boost plus signal-aware TP.,7
signal_boost_tp,"{""fresh_base_pct"": 16.0, ""fresh_callback_percent"": 0.25, ""fresh_tp_percent"": 1.6, ""freshness_ms"": 259200000, ""normal_base_pct"": 10.0, ""tp_freshness_ms"": 21600000}",2026-01-23T02:58:00Z,2026-05-24T02:58:00Z,500.0,1130.72898307032,126.145796614064,-31.906563953266144,-3.575557734586744,684,195,0,295,194,0,1148.2664010244778,18.636876239997626,78.71561890899163,Random consilium candidate: signal sizing boost plus signal-aware TP.,7
signal_boost_tp,"{""fresh_base_pct"": 24.0, ""fresh_callback_percent"": 0.15, ""fresh_tp_percent"": 1.0, ""freshness_ms"": 14400000, ""normal_base_pct"": 4.0, ""tp_freshness_ms"": 43200000}",2026-01-23T02:58:00Z,2026-05-24T02:58:00Z,500.0,691.7774994960304,38.35549989920608,-17.248612060082092,-2.162287233920123,589,169,0,252,168,0,589.5176224343679,9.586721300030144,20.277997587589706,Random consilium candidate: signal sizing boost plus signal-aware TP.,7
signal_boost_tp,"{""fresh_base_pct"": 22.0, ""fresh_callback_percent"": 0.25, ""fresh_tp_percent"": 1.2, ""freshness_ms"": 43200000, ""normal_base_pct"": 10.0, ""tp_freshness_ms"": 86400000}",2026-01-23T02:58:00Z,2026-05-24T02:58:00Z,500.0,956.0940386761106,91.2188077352221,-25.096354199483173,-2.6410794465568523,462,135,0,193,134,0,744.077324547266,12.121935844737262,42.00284539272016,Random consilium candidate: signal sizing boost plus signal-aware TP.,7
signal_boost_tp,"{""fresh_base_pct"": 32.0, ""fresh_callback_percent"": 0.15, ""fresh_tp_percent"": 1.2, ""freshness_ms"": 43200000, ""normal_base_pct"": 6.0, ""tp_freshness_ms"": 43200000}",2026-01-23T02:58:00Z,2026-05-24T02:58:00Z,500.0,835.7019062712496,67.14038125424993,-20.922225242035918,-2.330329182133925,469,146,0,178,145,0,543.9129549294049,8.773001845680216,32.63247659945747,Random consilium candidate: signal sizing boost plus signal-aware TP.,7
signal_boost_tp,"{""fresh_base_pct"": 36.0, ""fresh_callback_percent"": 0.35, ""fresh_tp_percent"": 1.6, ""freshness_ms"": 1800000, ""normal_base_pct"": 8.0, ""tp_freshness_ms"": 172800000}",2026-01-23T02:58:00Z,2026-05-24T02:58:00Z,500.0,754.3571733277147,50.871434665542935,-16.05583799579138,-1.5159211702259259,333,89,0,156,88,0,378.34410968678606,6.140693781576919,16.496658710602333,Random consilium candidate: signal sizing boost plus signal-aware TP.,7
signal_boost_tp,"{""fresh_base_pct"": 22.0, ""fresh_callback_percent"": 0.2, ""fresh_tp_percent"": 0.8, ""freshness_ms"": 7200000, ""normal_base_pct"": 14.0, ""tp_freshness_ms"": 172800000}",2026-01-23T02:58:00Z,2026-05-24T02:58:00Z,500.0,973.9926132911559,94.79852265823116,-24.704582827856846,-2.6838835145009194,546,154,0,239,153,0,760.4168229191945,12.313388467463424,52.8587909040124,Random consilium candidate: signal sizing boost plus signal-aware TP.,7
signal_boost_tp,"{""fresh_base_pct"": 36.0, ""fresh_callback_percent"": 0.25, ""fresh_tp_percent"": 1.4, ""freshness_ms"": 172800000, ""normal_base_pct"": 14.0, ""tp_freshness_ms"": 259200000}",2026-01-23T02:58:00Z,2026-05-24T02:58:00Z,500.0,1011.2612609913564,102.25225219827125,-23.606349421528318,-2.62938700075563,230,79,0,73,78,0,742.2863532653457,11.972650197429708,35.716393373032304,Random consilium candidate: signal sizing boost plus signal-aware TP.,7
signal_boost_tp,"{""fresh_base_pct"": 16.0, ""fresh_callback_percent"": 0.2, ""fresh_tp_percent"": 1.2, ""freshness_ms"": 1800000, ""normal_base_pct"": 12.0, ""tp_freshness_ms"": 43200000}",2026-01-23T02:58:00Z,2026-05-24T02:58:00Z,500.0,948.5305950785621,89.70611901571242,-24.372455683358453,-2.291539480318361,600,165,0,271,164,0,715.1103227461206,11.685191064187077,49.56135891327807,Random consilium candidate: signal sizing boost plus signal-aware TP.,7
signal_boost_tp,"{""fresh_base_pct"": 16.0, ""fresh_callback_percent"": 0.2, ""fresh_tp_percent"": 0.8, ""freshness_ms"": 7200000, ""normal_base_pct"": 12.0, ""tp_freshness_ms"": 43200000}",2026-01-23T02:58:00Z,2026-05-24T02:58:00Z,500.0,919.00899854255,83.80179970851,-31.062146724938845,-5.906884794033392,674,191,0,293,190,0,933.2626748455218,15.147269792956667,54.74147060717661,Random consilium candidate: signal sizing boost plus signal-aware TP.,7
signal_boost_tp,"{""fresh_base_pct"": 32.0, ""fresh_callback_percent"": 0.15, ""fresh_tp_percent"": 0.8, ""freshness_ms"": 21600000, ""normal_base_pct"": 10.0, ""tp_freshness_ms"": 172800000}",2026-01-23T02:58:00Z,2026-05-24T02:58:00Z,500.0,836.4083340303475,67.28166680606951,-20.94840888148477,-1.9022303919580288,490,148,0,195,147,0,544.3727303672874,8.780417757966523,38.67390100851228,Random consilium candidate: signal sizing boost plus signal-aware TP.,7
signal_boost_tp,"{""fresh_base_pct"": 22.0, ""fresh_callback_percent"": 0.35, ""fresh_tp_percent"": 0.8, ""freshness_ms"": 14400000, ""normal_base_pct"": 14.0, ""tp_freshness_ms"": 21600000}",2026-01-23T02:58:00Z,2026-05-24T02:58:00Z,500.0,999.3247547549912,99.86495095099824,-24.704582827856836,-3.1141510606505047,692,201,0,291,200,0,780.194166470681,12.633641921442853,68.02038080846535,Random consilium candidate: signal sizing boost plus signal-aware TP.,7
signal_boost_tp,"{""fresh_base_pct"": 20.0, ""fresh_callback_percent"": 0.35, ""fresh_tp_percent"": 0.8, ""freshness_ms"": 21600000, ""normal_base_pct"": 14.0, ""tp_freshness_ms"": 172800000}",2026-01-23T02:58:00Z,2026-05-24T02:58:00Z,500.0,974.1249544613341,94.82499089226684,-23.266219633517327,-2.6838835145009194,457,132,0,194,131,0,690.0771736531194,11.174382332968229,45.37583971394089,Random consilium candidate: signal sizing boost plus signal-aware TP.,7
signal_boost_tp,"{""fresh_base_pct"": 36.0, ""fresh_callback_percent"": 0.25, ""fresh_tp_percent"": 1.0, ""freshness_ms"": 172800000, ""normal_base_pct"": 10.0, ""tp_freshness_ms"": 259200000}",2026-01-23T02:58:00Z,2026-05-24T02:58:00Z,500.0,964.0428294047939,92.80856588095878,-23.9457825898283,-2.62938700075563,277,97,0,84,96,0,707.6270631873899,11.413615864696565,40.41230566147772,Random consilium candidate: signal sizing boost plus signal-aware TP.,7
signal_boost_tp,"{""fresh_base_pct"": 24.0, ""fresh_callback_percent"": 0.2, ""fresh_tp_percent"": 1.0, ""freshness_ms"": 172800000, ""normal_base_pct"": 8.0, ""tp_freshness_ms"": 21600000}",2026-01-23T02:58:00Z,2026-05-24T02:58:00Z,500.0,1032.0010833786785,106.40021667573566,-27.822467958249998,-3.2792965101051084,544,168,0,209,167,0,880.1015964303092,14.300729055708757,67.0147480931438,Random consilium candidate: signal sizing boost plus signal-aware TP.,7
signal_boost_tp,"{""fresh_base_pct"": 22.0, ""fresh_callback_percent"": 0.35, ""fresh_tp_percent"": 1.6, ""freshness_ms"": 1800000, ""normal_base_pct"": 6.0, ""tp_freshness_ms"": 21600000}",2026-01-23T02:58:00Z,2026-05-24T02:58:00Z,500.0,688.6322963713528,37.72645927427056,-12.061262518760751,-1.3104065942042349,677,192,0,294,191,0,258.245503921137,4.191439801617479,22.70054210664182,Random consilium candidate: signal sizing boost plus signal-aware TP.,7
signal_boost_tp,"{""fresh_base_pct"": 14.0, ""fresh_callback_percent"": 0.15, ""fresh_tp_percent"": 1.6, ""freshness_ms"": 14400000, ""normal_base_pct"": 12.0, ""tp_freshness_ms"": 86400000}",2026-01-23T02:58:00Z,2026-05-24T02:58:00Z,500.0,948.2599933013554,89.65199866027108,-24.29825501313283,-2.291539480318361,464,129,0,207,128,0,839.9963331194358,13.633515435469949,39.79243683980748,Random consilium candidate: signal sizing boost plus signal-aware TP.,7
signal_boost_tp,"{""fresh_base_pct"": 28.0, ""fresh_callback_percent"": 0.35, ""fresh_tp_percent"": 0.8, ""freshness_ms"": 21600000, ""normal_base_pct"": 12.0, ""tp_freshness_ms"": 172800000}",2026-01-23T02:58:00Z,2026-05-24T02:58:00Z,500.0,994.0192933420616,98.80385866841233,-32.436648202648,-2.291539480318361,457,132,0,194,131,0,993.3371571876023,16.085054836979175,46.677465742776356,Random consilium candidate: signal sizing boost plus signal-aware TP.,7
signal_boost_tp,"{""fresh_base_pct"": 20.0, ""fresh_callback_percent"": 0.35, ""fresh_tp_percent"": 1.4, ""freshness_ms"": 21600000, ""normal_base_pct"": 12.0, ""tp_freshness_ms"": 172800000}",2026-01-23T02:58:00Z,2026-05-24T02:58:00Z,500.0,958.1548795946263,91.63097591892526,-22.886170230936887,-2.291539480318361,354,99,0,157,98,0,678.7638569409522,10.991186407610375,32.34058519227836,Random consilium candidate: signal sizing boost plus signal-aware TP.,8
signal_boost_tp,"{""fresh_base_pct"": 36.0, ""fresh_callback_percent"": 0.25, ""fresh_tp_percent"": 1.2, ""freshness_ms"": 1800000, ""normal_base_pct"": 4.0, ""tp_freshness_ms"": 86400000}",2026-01-23T02:58:00Z,2026-05-24T02:58:00Z,500.0,604.6714654721658,20.934293094433155,-9.518541098840572,-0.7521646922691214,519,143,0,234,142,0,443.40637136679254,7.171843097835741,11.423003158568918,Random consilium candidate: signal sizing boost plus signal-aware TP.,8
signal_boost_tp,"{""fresh_base_pct"": 18.0, ""fresh_callback_percent"": 0.35, ""fresh_tp_percent"": 1.4, ""freshness_ms"": 14400000, ""normal_base_pct"": 12.0, ""tp_freshness_ms"": 259200000}",2026-01-23T02:58:00Z,2026-05-24T02:58:00Z,500.0,961.81864980907,92.36372996181402,-23.941176849011846,-2.291539480318361,325,87,0,152,86,0,610.6445583249188,9.948151779059323,29.29384755737044,Random consilium candidate: signal sizing boost plus signal-aware TP.,8
signal_boost_tp,"{""fresh_base_pct"": 22.0, ""fresh_callback_percent"": 0.2, ""fresh_tp_percent"": 1.6, ""freshness_ms"": 3600000, ""normal_base_pct"": 10.0, ""tp_freshness_ms"": 259200000}",2026-01-23T02:58:00Z,2026-05-24T02:58:00Z,500.0,844.6184520195962,68.92369040391925,-20.03759446709473,-1.9022303919580288,307,80,0,148,79,0,659.4116537428788,10.677817228369468,21.24719619775807,Random consilium candidate: signal sizing boost plus signal-aware TP.,8
signal_boost_tp,"{""fresh_base_pct"": 18.0, ""fresh_callback_percent"": 0.2, ""fresh_tp_percent"": 1.4, ""freshness_ms"": 3600000, ""normal_base_pct"": 8.0, ""tp_freshness_ms"": 21600000}",2026-01-23T02:58:00Z,2026-05-24T02:58:00Z,500.0,763.6518568950713,52.730371379014265,-16.055837995791368,-1.7551748970252108,682,193,0,297,192,0,382.1118942258225,6.243862450175209,32.77507826838334,Random consilium candidate: signal sizing boost plus signal-aware TP.,8
signal_boost_tp,"{""fresh_base_pct"": 36.0, ""fresh_callback_percent"": 0.25, ""fresh_tp_percent"": 1.4, ""freshness_ms"": 7200000, ""normal_base_pct"": 4.0, ""tp_freshness_ms"": 21600000}",2026-01-23T02:58:00Z,2026-05-24T02:58:00Z,500.0,626.3786507744373,25.275730154887466,-15.14302459275273,-5.739190816557529,638,185,0,269,184,0,457.7703625004836,7.434776844814299,15.713794595361806,Random consilium candidate: signal sizing boost plus signal-aware TP.,8
signal_boost_tp,"{""fresh_base_pct"": 36.0, ""fresh_callback_percent"": 0.25, ""fresh_tp_percent"": 1.0, ""freshness_ms"": 21600000, ""normal_base_pct"": 8.0, ""tp_freshness_ms"": 259200000}",2026-01-23T02:58:00Z,2026-05-24T02:58:00Z,500.0,806.6105395775589,61.32210791551178,-23.94578258982828,-1.5159211702259259,365,109,0,148,108,0,592.0685573789983,9.54972390265891,27.66100425426562,Random consilium candidate: signal sizing boost plus signal-aware TP.,8
signal_boost_tp,"{""fresh_base_pct"": 16.0, ""fresh_callback_percent"": 0.15, ""fresh_tp_percent"": 1.6, ""freshness_ms"": 43200000, ""normal_base_pct"": 8.0, ""tp_freshness_ms"": 86400000}",2026-01-23T02:58:00Z,2026-05-24T02:58:00Z,500.0,963.6024332286498,92.72048664572996,-32.385729420358025,-6.339518334835076,464,129,0,207,128,0,978.5477462666934,15.88226671600766,36.99274929305676,Random consilium candidate: signal sizing boost plus signal-aware TP.,8
signal_boost_tp,"{""fresh_base_pct"": 32.0, ""fresh_callback_percent"": 0.15, ""fresh_tp_percent"": 1.2, ""freshness_ms"": 172800000, ""normal_base_pct"": 10.0, ""tp_freshness_ms"": 172800000}",2026-01-23T02:58:00Z,2026-05-24T02:58:00Z,500.0,926.115992310532,85.2231984621064,-20.922225242035907,-2.330329182133925,300,101,0,99,100,0,602.7585700175505,9.722147632887093,35.78818569099302,Random consilium candidate: signal sizing boost plus signal-aware TP.,8
signal_boost_tp,"{""fresh_base_pct"": 20.0, ""fresh_callback_percent"": 0.15, ""fresh_tp_percent"": 0.8, ""freshness_ms"": 1800000, ""normal_base_pct"": 6.0, ""tp_freshness_ms"": 86400000}",2026-01-23T02:58:00Z,2026-05-24T02:58:00Z,500.0,669.2349150184991,33.84698300369982,-12.15585216535241,-1.1325772744668157,618,176,0,267,175,0,250.9712495060975,4.073375405454364,20.60763809502255,Random consilium candidate: signal sizing boost plus signal-aware TP.,8
signal_boost_tp,"{""fresh_base_pct"": 20.0, ""fresh_callback_percent"": 0.25, ""fresh_tp_percent"": 1.6, ""freshness_ms"": 21600000, ""normal_base_pct"": 4.0, ""tp_freshness_ms"": 21600000}",2026-01-23T02:58:00Z,2026-05-24T02:58:00Z,500.0,681.6376113455833,36.32752226911666,-22.478612637214525,-8.344508829933519,639,187,0,266,186,0,482.8770212063122,7.819201475973568,19.757408866643424,Random consilium candidate: signal sizing boost plus signal-aware TP.,8
signal_boost_tp,"{""fresh_base_pct"": 24.0, ""fresh_callback_percent"": 0.35, ""fresh_tp_percent"": 1.2, ""freshness_ms"": 86400000, ""normal_base_pct"": 6.0, ""tp_freshness_ms"": 21600000}",2026-01-23T02:58:00Z,2026-05-24T02:58:00Z,500.0,957.4037415360414,91.48074830720827,-27.403252148550962,-3.2792965101051084,565,173,0,220,172,0,814.4903734834376,13.266858904907652,53.617249588704496,Random consilium candidate: signal sizing boost plus signal-aware TP.,8
signal_boost_tp,"{""fresh_base_pct"": 36.0, ""fresh_callback_percent"": 0.2, ""fresh_tp_percent"": 1.0, ""freshness_ms"": 259200000, ""normal_base_pct"": 10.0, ""tp_freshness_ms"": 172800000}",2026-01-23T02:58:00Z,2026-05-24T02:58:00Z,500.0,978.1324384004749,95.62648768009498,-23.910741967075555,-2.62938700075563,278,100,0,79,99,0,717.9691230326232,11.580427317316117,43.702901133136365,Random consilium candidate: signal sizing boost plus signal-aware TP.,8
signal_boost_tp,"{""fresh_base_pct"": 36.0, ""fresh_callback_percent"": 0.35, ""fresh_tp_percent"": 1.4, ""freshness_ms"": 43200000, ""normal_base_pct"": 6.0, ""tp_freshness_ms"": 86400000}",2026-01-23T02:58:00Z,2026-05-24T02:58:00Z,500.0,875.3696299443629,75.07392598887259,-23.571869085708897,-2.62938700075563,385,119,0,148,118,0,642.539129535775,10.363785084087116,30.975559654198147,Random consilium candidate: signal sizing boost plus signal-aware TP.,8
signal_boost_tp,"{""fresh_base_pct"": 22.0, ""fresh_callback_percent"": 0.25, ""fresh_tp_percent"": 1.2, ""freshness_ms"": 43200000, ""normal_base_pct"": 12.0, ""tp_freshness_ms"": 21600000}",2026-01-23T02:58:00Z,2026-05-24T02:58:00Z,500.0,961.5027293527438,92.30054587054877,-25.096354199483184,-2.997389393315501,598,178,0,243,177,0,724.8901940287625,11.844998104983208,59.06527397759113,Random consilium candidate: signal sizing boost plus signal-aware TP.,8
signal_boost_tp,"{""fresh_base_pct"": 36.0, ""fresh_callback_percent"": 0.15, ""fresh_tp_percent"": 1.6, ""freshness_ms"": 43200000, ""normal_base_pct"": 10.0, ""tp_freshness_ms"": 172800000}",2026-01-23T02:58:00Z,2026-05-24T02:58:00Z,500.0,960.3475311294332,92.06950622588663,-23.566959991670345,-2.62938700075563,283,89,0,106,88,0,700.8496685122323,11.404274160153482,31.372483255556087,Random consilium candidate: signal sizing boost plus signal-aware TP.,8
signal_boost_tp,"{""fresh_base_pct"": 16.0, ""fresh_callback_percent"": 0.2, ""fresh_tp_percent"": 0.8, ""freshness_ms"": 1800000, ""normal_base_pct"": 6.0, ""tp_freshness_ms"": 259200000}",2026-01-23T02:58:00Z,2026-05-24T02:58:00Z,500.0,683.9756514188869,36.79513028377737,-31.062146724938856,-23.473851264083155,538,147,0,245,146,0,256.4992053105897,4.163096595673444,19.401647398908324,Random consilium candidate: signal sizing boost plus signal-aware TP.,8
signal_boost_tp,"{""fresh_base_pct"": 16.0, ""fresh_callback_percent"": 0.2, ""fresh_tp_percent"": 1.4, ""freshness_ms"": 43200000, ""normal_base_pct"": 12.0, ""tp_freshness_ms"": 21600000}",2026-01-23T02:58:00Z,2026-05-24T02:58:00Z,500.0,1056.168646604439,111.23372932088778,-31.906563953266154,-3.575557734586744,688,193,0,303,192,0,797.5588403792831,13.006818174660495,68.29339173889419,Random consilium candidate: signal sizing boost plus signal-aware TP.,8
signal_boost_tp,"{""fresh_base_pct"": 18.0, ""fresh_callback_percent"": 0.35, ""fresh_tp_percent"": 1.6, ""freshness_ms"": 259200000, ""normal_base_pct"": 10.0, ""tp_freshness_ms"": 21600000}",2026-01-23T02:58:00Z,2026-05-24T02:58:00Z,500.0,925.937031220701,85.1874062441402,-20.243725774906952,-2.438404602889286,532,166,0,201,165,0,589.2344466697748,9.541441511515323,50.314196828000455,Random consilium candidate: signal sizing boost plus signal-aware TP.,8
signal_boost_tp,"{""fresh_base_pct"": 32.0, ""fresh_callback_percent"": 0.35, ""fresh_tp_percent"": 1.2, ""freshness_ms"": 3600000, ""normal_base_pct"": 4.0, ""tp_freshness_ms"": 86400000}",2026-01-23T02:58:00Z,2026-05-24T02:58:00Z,500.0,614.1121149829654,22.822422996593072,-8.05259115705863,-0.7521646922691214,477,133,0,212,132,0,398.1710739338911,6.466808083835721,11.086749002761616,Random consilium candidate: signal sizing boost plus signal-aware TP.,8
signal_boost_tp,"{""fresh_base_pct"": 22.0, ""fresh_callback_percent"": 0.25, ""fresh_tp_percent"": 1.6, ""freshness_ms"": 1800000, ""normal_base_pct"": 10.0, ""tp_freshness_ms"": 86400000}",2026-01-23T02:58:00Z,2026-05-24T02:58:00Z,500.0,863.1909888026146,72.63819776052291,-20.037594467094742,-1.9022303919580288,464,126,0,213,125,0,542.821145346546,8.810229487905817,30.92212741160227,Random consilium candidate: signal sizing boost plus signal-aware TP.,8
signal_boost_tp,"{""fresh_base_pct"": 22.0, ""fresh_callback_percent"": 0.15, ""fresh_tp_percent"": 1.2, ""freshness_ms"": 21600000, ""normal_base_pct"": 14.0, ""tp_freshness_ms"": 43200000}",2026-01-23T02:58:00Z,2026-05-24T02:58:00Z,500.0,1039.6370099825308,107.92740199650615,-25.03381815342166,-2.6838835145009194,557,158,0,242,157,0,916.4760462146769,14.975588192664414,58.807955380094555,Random consilium candidate: signal sizing boost plus signal-aware TP.,8
signal_boost_tp,"{""fresh_base_pct"": 22.0, ""fresh_callback_percent"": 0.25, ""fresh_tp_percent"": 1.6, ""freshness_ms"": 7200000, ""normal_base_pct"": 12.0, ""tp_freshness_ms"": 259200000}",2026-01-23T02:58:00Z,2026-05-24T02:58:00Z,500.0,922.6924493694745,84.53848987389489,-24.006593540090815,-2.291539480318361,298,79,0,141,78,0,720.3656899514152,11.664842638478387,25.589619188991314,Random consilium candidate: signal sizing boost plus signal-aware TP.,8
signal_boost_tp,"{""fresh_base_pct"": 18.0, ""fresh_callback_percent"": 0.15, ""fresh_tp_percent"": 1.0, ""freshness_ms"": 259200000, ""normal_base_pct"": 10.0, ""tp_freshness_ms"": 43200000}",2026-01-23T02:58:00Z,2026-05-24T02:58:00Z,500.0,866.6231029576196,73.32462059152391,-20.48221485279952,-2.150403032241777,452,141,0,171,140,0,551.5624785706095,8.962312527696959,41.306756079552805,Random consilium candidate: signal sizing boost plus signal-aware TP.,8
signal_boost_tp,"{""fresh_base_pct"": 18.0, ""fresh_callback_percent"": 0.2, ""fresh_tp_percent"": 1.2, ""freshness_ms"": 43200000, ""normal_base_pct"": 4.0, ""tp_freshness_ms"": 86400000}",2026-01-23T02:58:00Z,2026-05-24T02:58:00Z,500.0,800.8731781827738,60.17463563655476,-20.924882420419166,-2.150403032241777,477,138,0,202,137,0,508.4626382143604,8.283482477618229,25.406344178308913,Random consilium candidate: signal sizing boost plus signal-aware TP.,8
signal_boost_tp,"{""fresh_base_pct"": 28.0, ""fresh_callback_percent"": 0.15, ""fresh_tp_percent"": 1.4, ""freshness_ms"": 7200000, ""normal_base_pct"": 6.0, ""tp_freshness_ms"": 43200000}",2026-01-23T02:58:00Z,2026-05-24T02:58:00Z,500.0,701.9716623325298,40.394332466505965,-13.487183805851434,-1.1325772744668157,558,156,0,247,155,0,262.85216755955673,4.295110421248353,21.364648326815804,Random consilium candidate: signal sizing boost plus signal-aware TP.,8
signal_boost_tp,"{""fresh_base_pct"": 18.0, ""fresh_callback_percent"": 0.15, ""fresh_tp_percent"": 1.2, ""freshness_ms"": 86400000, ""normal_base_pct"": 12.0, ""tp_freshness_ms"": 86400000}",2026-01-23T02:58:00Z,2026-05-24T02:58:00Z,500.0,944.0285986686035,88.80571973372071,-20.48221485279954,-2.150403032241777,458,133,0,193,132,0,599.3499156982612,9.764148142887663,41.849955084676765,Random consilium candidate: signal sizing boost plus signal-aware TP.,8
signal_boost_tp,"{""fresh_base_pct"": 14.0, ""fresh_callback_percent"": 0.2, ""fresh_tp_percent"": 1.2, ""freshness_ms"": 86400000, ""normal_base_pct"": 10.0, ""tp_freshness_ms"": 43200000}",2026-01-23T02:58:00Z,2026-05-24T02:58:00Z,500.0,991.6028682777991,98.32057365555981,-28.4016350839423,-2.6838835145009194,600,165,0,271,164,0,874.1322859885884,14.283674074129681,52.844263083774436,Random consilium candidate: signal sizing boost plus signal-aware TP.,8
signal_boost_tp,"{""fresh_base_pct"": 14.0, ""fresh_callback_percent"": 0.2, ""fresh_tp_percent"": 1.0, ""freshness_ms"": 21600000, ""normal_base_pct"": 4.0, ""tp_freshness_ms"": 86400000}",2026-01-23T02:58:00Z,2026-05-24T02:58:00Z,500.0,716.7834324480453,43.35668648960906,-28.4016350839423,-12.393956909997101,559,155,0,250,154,0,632.6836825183265,10.319952594495597,21.975275779146774,Random consilium candidate: signal sizing boost plus signal-aware TP.,8
signal_boost_tp,"{""fresh_base_pct"": 22.0, ""fresh_callback_percent"": 0.2, ""fresh_tp_percent"": 1.0, ""freshness_ms"": 86400000, ""normal_base_pct"": 12.0, ""tp_freshness_ms"": 259200000}",2026-01-23T02:58:00Z,2026-05-24T02:58:00Z,500.0,994.4844630604737,98.89689261209473,-25.527527652497273,-2.6410794465568523,372,109,0,155,108,0,776.1477904596279,12.611588597918265,42.477099389875974,Random consilium candidate: signal sizing boost plus signal-aware TP.,8
signal_boost_tp,"{""fresh_base_pct"": 16.0, ""fresh_callback_percent"": 0.25, ""fresh_tp_percent"": 1.4, ""freshness_ms"": 14400000, ""normal_base_pct"": 14.0, ""tp_freshness_ms"": 259200000}",2026-01-23T02:58:00Z,2026-05-24T02:58:00Z,500.0,1048.9576725069294,109.79153450138588,-27.962896428055195,-2.6838835145009194,331,86,0,160,85,0,1057.0033127523463,17.28713685272953,35.97973644311659,Random consilium candidate: signal sizing boost plus signal-aware TP.,8
