symbol,side,entry_time,exit_time,entry,exit,tp,sl,action,reason,gross_return,net_return,notional,fees_paid,realized_pnl
TA/USDT:USDT,SHORT,2025-09-06T17:57:00+00:00,2025-09-06T19:24:00+00:00,0.10885,0.10712,0.09778876466007058,0.10990081735729329,EXIT,heat<0.85,0.015893431327514886,0.010693431327514887,4.5,0.009000000000000001,0.048120440973816986
PRCL/USDT:USDT,LONG,2025-09-07T01:00:00+00:00,2025-09-07T01:03:00+00:00,0.0823,0.08166874806711619,0.0889447571882506,0.08166874806711619,SL,SL,-0.0076701328418446076,-0.012870132841844607,4.5,0.009000000000000001,-0.05791559778830073
PRCL/USDT:USDT,LONG,2025-09-07T01:03:00+00:00,2025-09-07T01:06:00+00:00,0.0814,0.08075955177660789,0.0881415602462327,0.08075955177660789,SL,SL,-0.00786791429228639,-0.01306791429228639,4.5,0.009000000000000001,-0.05880561431528875
PRCL/USDT:USDT,LONG,2025-09-07T01:06:00+00:00,2025-09-07T01:30:00+00:00,0.0793,0.07863472664970733,0.08630287737150179,0.07863472664970733,SL,SL,-0.008389323458923882,-0.013589323458923882,4.5,0.009000000000000001,-0.06115195556515747
PRCL/USDT:USDT,LONG,2025-09-07T01:30:00+00:00,2025-09-07T01:54:00+00:00,0.0778,0.079,0.0844637648312048,0.07716694234103554,EXIT,heat<0.85,0.01542416452442168,0.01022416452442168,4.5,0.009000000000000001,0.04600874035989756
GOR/USDT:USDT,LONG,2025-09-07T11:39:00+00:00,2025-09-07T11:42:00+00:00,0.01234,0.012244386407360445,0.013346458869890051,0.012244386407360445,SL,SL,-0.007748265205798629,-0.012948265205798629,4.5,0.009000000000000001,-0.05826719342609383
GOR/USDT:USDT,LONG,2025-09-07T11:42:00+00:00,2025-09-07T11:57:00+00:00,0.01218,0.01237,0.01316599752204076,0.012086330235406128,EXIT,heat<0.85,0.015599343185550158,0.010399343185550159,4.5,0.009000000000000001,0.04679704433497572
ASR/USDT:USDT,LONG,2025-09-07T14:00:00+00:00,2025-09-07T14:03:00+00:00,2.815,2.7931284436991626,3.0452269084298678,2.7931284436991626,SL,SL,-0.007769646998521268,-0.012969646998521269,4.5,0.009000000000000001,-0.05836341149334571
ASR/USDT:USDT,LONG,2025-09-07T14:03:00+00:00,2025-09-07T14:45:00+00:00,2.773,2.905,3.0010678435420206,2.773,TP_PARTIAL,TP50,0.047601875225387544,0.04240187522538754,2.25,0.0045000000000000005,0.09540421925712196
TA/USDT:USDT,LONG,2025-09-07T15:06:00+00:00,2025-09-07T15:27:00+00:00,0.11617,0.1222,0.1256664855246076,0.11617,TP_PARTIAL,TP50,0.05190668847378848,0.04670668847378848,2.25,0.0045000000000000005,0.10509004906602407
ASR/USDT:USDT,LONG,2025-09-07T14:03:00+00:00,2025-09-07T15:42:00+00:00,2.773,2.824,3.0010678435420206,2.773,EXIT,heat<0.85,0.018391633609808767,0.013191633609808767,2.25,0.0045000000000000005,0.029681175622069726
TAC/USDT:USDT,LONG,2025-09-07T15:51:00+00:00,2025-09-07T16:27:00+00:00,0.01086,0.01077389926094169,0.011766323569034835,0.01077389926094169,SL,SL,-0.00792824484883147,-0.01312824484883147,4.5,0.009000000000000001,-0.059077101819741615
TA/USDT:USDT,LONG,2025-09-07T15:06:00+00:00,2025-09-07T16:33:00+00:00,0.11617,0.1256664855246076,0.1256664855246076,0.11617,TP,TP,0.08174645368518212,0.07654645368518212,2.25,0.0045000000000000005,0.17222952079165976
B3/USDT:USDT,LONG,2025-09-07T16:09:00+00:00,2025-09-07T16:48:00+00:00,0.003008,0.002984296833812482,0.0032575070125001864,0.002984296833812482,SL,SL,-0.00788004195063752,-0.013080041950637519,4.5,0.009000000000000001,-0.05886018877786883
TA/USDT:USDT,LONG,2025-09-07T16:33:00+00:00,2025-09-07T16:48:00+00:00,0.12612,0.1250084678626668,0.1378203382877179,0.1250084678626668,SL,SL,-0.008813290020085622,-0.014013290020085622,4.5,0.009000000000000001,-0.06305980509038529
B3/USDT:USDT,LONG,2025-09-07T16:48:00+00:00,2025-09-07T17:27:00+00:00,0.002967,0.0029432510745881465,0.003216988688545829,0.0029432510745881465,SL,SL,-0.008004356390917953,-0.013204356390917953,4.5,0.009000000000000001,-0.05941960375913079
TA/USDT:USDT,LONG,2025-09-07T16:48:00+00:00,2025-09-07T17:30:00+00:00,0.12257,0.12651,0.1339847575858676,0.12148559802934258,EXIT,heat<0.85,0.03214489679366903,0.02694489679366903,4.5,0.009000000000000001,0.12125203557151062
TA/USDT:USDT,LONG,2025-09-07T18:51:00+00:00,2025-09-07T18:54:00+00:00,0.12142,0.12031681806636851,0.1330324414066472,0.12031681806636851,SL,SL,-0.009085669030073186,-0.014285669030073186,4.5,0.009000000000000001,-0.06428551063532933
TA/USDT:USDT,LONG,2025-09-07T18:54:00+00:00,2025-09-07T19:06:00+00:00,0.12028,0.11919183106162791,0.13173440987760096,0.11919183106162791,SL,SL,-0.009046964901663526,-0.014246964901663526,4.5,0.009000000000000001,-0.06411134205748587
GPS/USDT:USDT,LONG,2025-09-07T19:18:00+00:00,2025-09-07T19:21:00+00:00,0.01523,0.01511279423078484,0.01646374493910695,0.01511279423078484,SL,SL,-0.007695716954376937,-0.012895716954376937,4.5,0.009000000000000001,-0.05803072629469622
TA/USDT:USDT,LONG,2025-09-07T19:06:00+00:00,2025-09-07T19:36:00+00:00,0.11813,0.11996,0.12880608601921492,0.11711577182817458,EXIT,heat<0.85,0.015491407771099622,0.010291407771099622,4.5,0.009000000000000001,0.0463113349699483
GPS/USDT:USDT,LONG,2025-09-07T19:21:00+00:00,2025-09-07T19:39:00+00:00,0.01492,0.016197048872027883,0.016197048872027883,0.01479868035715735,TP,TP,0.0855930879375257,0.0803930879375257,4.5,0.009000000000000001,0.3617688957188656
GPS/USDT:USDT,LONG,2025-09-07T19:39:00+00:00,2025-09-07T19:42:00+00:00,0.01657,0.016414013516643036,0.018211962982704916,0.016414013516643036,SL,SL,-0.009413788977487379,-0.014613788977487378,4.5,0.009000000000000001,-0.0657620503986932
GPS/USDT:USDT,LONG,2025-09-07T19:42:00+00:00,2025-09-07T19:45:00+00:00,0.01635,0.01619158397973996,0.018017537055368852,0.01619158397973996,SL,SL,-0.009689053226913864,-0.014889053226913864,4.5,0.009000000000000001,-0.06700073952111239
GPS/USDT:USDT,LONG,2025-09-07T19:45:00+00:00,2025-09-07T20:06:00+00:00,0.01605,0.01698,0.017869855837128218,0.01605,TP_PARTIAL,TP50,0.05794392523364488,0.05274392523364488,2.25,0.0045000000000000005,0.11867383177570098
GPS/USDT:USDT,LONG,2025-09-07T19:45:00+00:00,2025-09-07T20:18:00+00:00,0.01605,0.01605,0.017869855837128218,0.01605,SL,SL,0.0,-0.0052,2.25,0.0045000000000000005,-0.011699999999999999
NAORIS/USDT:USDT,LONG,2025-09-07T20:12:00+00:00,2025-09-07T20:27:00+00:00,0.02825,0.0299,0.03051124554584078,0.02825,TP_PARTIAL,TP50,0.05840707964601765,0.053207079646017647,2.25,0.0045000000000000005,0.11971592920353971
GPS/USDT:USDT,LONG,2025-09-07T20:18:00+00:00,2025-09-07T20:33:00+00:00,0.01578,0.01708,0.017906127054849768,0.01578,TP_PARTIAL,TP50,0.08238276299112818,0.07718276299112818,2.25,0.0045000000000000005,0.1736612167300384
NAORIS/USDT:USDT,LONG,2025-09-07T20:12:00+00:00,2025-09-07T20:36:00+00:00,0.02825,0.03051124554584078,0.03051124554584078,0.02825,TP,TP,0.08004409011825772,0.07484409011825773,2.25,0.0045000000000000005,0.1683992027660799
GPS/USDT:USDT,LONG,2025-09-07T20:18:00+00:00,2025-09-07T21:00:00+00:00,0.01578,0.017906127054849768,0.017906127054849768,0.01578,TP,TP,0.13473555480670274,0.12953555480670273,2.25,0.0045000000000000005,0.29145499831508115
GPS/USDT:USDT,LONG,2025-09-07T21:00:00+00:00,2025-09-07T21:03:00+00:00,0.01852,0.018324678374279472,0.02057601711284765,0.018324678374279472,SL,SL,-0.010546524066983034,-0.015746524066983035,4.5,0.009000000000000001,-0.07085935830142366
GPS/USDT:USDT,LONG,2025-09-07T21:03:00+00:00,2025-09-07T21:09:00+00:00,0.01816,0.017965329918973795,0.02020915874764425,0.017965329918973795,SL,SL,-0.010719718118183043,-0.015919718118183043,4.5,0.009000000000000001,-0.0716387315318237
NAORIS/USDT:USDT,LONG,2025-09-07T20:39:00+00:00,2025-09-07T21:15:00+00:00,0.02975,0.03184,0.03243529903357425,0.02975,TP_PARTIAL,TP50,0.07025210084033619,0.06505210084033619,2.25,0.0045000000000000005,0.14636722689075643
NAORIS/USDT:USDT,LONG,2025-09-07T20:39:00+00:00,2025-09-07T21:24:00+00:00,0.02975,0.03243529903357425,0.03243529903357425,0.02975,TP,TP,0.09026215238905042,0.08506215238905042,2.25,0.0045000000000000005,0.19138984287536345
NAORIS/USDT:USDT,LONG,2025-09-07T21:30:00+00:00,2025-09-07T21:45:00+00:00,0.03217,0.03190595421124628,0.034949429355302306,0.03190595421124628,SL,SL,-0.00820782681858003,-0.01340782681858003,4.5,0.009000000000000001,-0.060335220683610136
GPS/USDT:USDT,LONG,2025-09-07T21:09:00+00:00,2025-09-07T21:48:00+00:00,0.01789,0.01929,0.01983136647118305,0.01789,TP_PARTIAL,TP50,0.078256008943544,0.073056008943544,2.25,0.0045000000000000005,0.164376020122974
GPS/USDT:USDT,LONG,2025-09-07T21:09:00+00:00,2025-09-07T22:00:00+00:00,0.01789,0.01983136647118305,0.01983136647118305,0.01789,TP,TP,0.10851685137971218,0.10331685137971218,2.25,0.0045000000000000005,0.2324629156043524
GPS/USDT:USDT,LONG,2025-09-07T22:00:00+00:00,2025-09-07T22:06:00+00:00,0.02036,0.020143261479926053,0.022641458106041526,0.020143261479926053,SL,SL,-0.010645310416205636,-0.015845310416205634,4.5,0.009000000000000001,-0.07130389687292535
NAORIS/USDT:USDT,LONG,2025-09-07T21:45:00+00:00,2025-09-07T22:30:00+00:00,0.03182,0.03347,0.034738886519787626,0.03182,TP_PARTIAL,TP50,0.051854179761156464,0.04665417976115646,2.25,0.0045000000000000005,0.10497190446260204
GPS/USDT:USDT,LONG,2025-09-07T22:06:00+00:00,2025-09-07T23:00:00+00:00,0.01995,0.019715870357691342,0.02241452255061744,0.019715870357691342,SL,SL,-0.011735821669606879,-0.01693582166960688,4.5,0.009000000000000001,-0.07621119751323097
GPS/USDT:USDT,LONG,2025-09-07T23:00:00+00:00,2025-09-07T23:03:00+00:00,0.01903,0.01880630805031289,0.021384652101969565,0.01880630805031289,SL,SL,-0.011754700456495444,-0.016954700456495442,4.5,0.009000000000000001,-0.07629615205422949
GPS/USDT:USDT,LONG,2025-09-07T23:03:00+00:00,2025-09-07T23:09:00+00:00,0.01832,0.018077543189576255,0.020872176951828882,0.018077543189576255,SL,SL,-0.013234542053697817,-0.018434542053697815,4.5,0.009000000000000001,-0.08295543924164017
GPS/USDT:USDT,LONG,2025-09-07T23:09:00+00:00,2025-09-07T23:30:00+00:00,0.01791,0.017670407137950955,0.020432030126832045,0.017670407137950955,SL,SL,-0.013377602571135877,-0.01857760257113588,4.5,0.009000000000000001,-0.08359921157011146
NAORIS/USDT:USDT,LONG,2025-09-07T21:45:00+00:00,2025-09-07T23:36:00+00:00,0.03182,0.03262,0.034738886519787626,0.03182,EXIT,heat<0.85,0.025141420490257766,0.019941420490257766,2.25,0.0045000000000000005,0.044868196103079974
GPS/USDT:USDT,LONG,2025-09-07T23:30:00+00:00,2025-09-08T00:18:00+00:00,0.01724,0.017009879926348306,0.01966231656475467,0.017009879926348306,SL,SL,-0.013348032114367327,-0.018548032114367327,4.499999999999999,0.008999999999999998,-0.08346614451465295
GPS/USDT:USDT,LONG,2025-09-08T00:18:00+00:00,2025-09-08T00:21:00+00:00,0.01672,0.016538803916417585,0.018627327195604344,0.016538803916417585,SL,SL,-0.010837086338661086,-0.016037086338661084,4.5,0.009000000000000001,-0.07216688852397488
NAORIS/USDT:USDT,LONG,2025-09-08T00:21:00+00:00,2025-09-08T00:42:00+00:00,0.03217,0.03187123898370679,0.03531485280308638,0.03187123898370679,SL,SL,-0.009286944864569614,-0.014486944864569614,4.5,0.009000000000000001,-0.06519125189056327
TA/USDT:USDT,LONG,2025-09-08T00:42:00+00:00,2025-09-08T00:48:00+00:00,0.15254,0.15099600689223244,0.16879255902913243,0.15099600689223244,SL,SL,-0.01012189004698811,-0.015321890046988109,4.5,0.009000000000000001,-0.06894850521144649
TA/USDT:USDT,LONG,2025-09-08T00:48:00+00:00,2025-09-08T00:51:00+00:00,0.14866,0.14715128247340448,0.16454123712205804,0.14715128247340448,SL,SL,-0.010148779272134468,-0.015348779272134468,4.5,0.009000000000000001,-0.0690695067246051
GPS/USDT:USDT,LONG,2025-09-08T00:21:00+00:00,2025-09-08T00:54:00+00:00,0.01639,0.01620491792238776,0.01833823239591832,0.01620491792238776,SL,SL,-0.011292378133754678,-0.016492378133754676,4.5,0.009000000000000001,-0.07421570160189604
TA/USDT:USDT,LONG,2025-09-08T00:51:00+00:00,2025-09-08T01:00:00+00:00,0.14276,0.1531,0.1596782916133396,0.14276,TP_PARTIAL,TP50,0.07242925189128618,0.06722925189128619,2.25,0.0045000000000000005,0.1512658167553939
GPS/USDT:USDT,LONG,2025-09-08T00:54:00+00:00,2025-09-08T01:03:00+00:00,0.0162,0.016054001918166902,0.017736821914032603,0.016054001918166902,SL,SL,-0.009012227273647975,-0.014212227273647975,4.5,0.009000000000000001,-0.06395502273141589
TA/USDT:USDT,LONG,2025-09-08T00:51:00+00:00,2025-09-08T01:18:00+00:00,0.14276,0.1596782916133396,0.1596782916133396,0.14276,TP,TP,0.11850862715984592,0.11330862715984592,2.25,0.0045000000000000005,0.2549444111096533
GPS/USDT:USDT,LONG,2025-09-08T01:03:00+00:00,2025-09-08T01:27:00+00:00,0.01601,0.015867508387103747,0.017509911714697388,0.015867508387103747,SL,SL,-0.008900163204013283,-0.014100163204013283,4.5,0.009000000000000001,-0.06345073441805978
NAORIS/USDT:USDT,LONG,2025-09-08T01:00:00+00:00,2025-09-08T01:33:00+00:00,0.03199,0.03171710448043261,0.03486258441649879,0.03171710448043261,SL,SL,-0.008530650814860406,-0.013730650814860405,4.5,0.009000000000000001,-0.06178792866687183
TA/USDT:USDT,LONG,2025-09-08T01:27:00+00:00,2025-09-08T01:36:00+00:00,0.1674,0.18468,0.18570165330222904,0.1674,TP_PARTIAL,TP50,0.10322580645161301,0.09802580645161302,2.25,0.0045000000000000005,0.2205580645161293
TA/USDT:USDT,LONG,2025-09-08T01:27:00+00:00,2025-09-08T01:39:00+00:00,0.1674,0.18570165330222904,0.18570165330222904,0.1674,TP,TP,0.10932887277317234,0.10412887277317234,2.25,0.0045000000000000005,0.23428996373963779
TA/USDT:USDT,LONG,2025-09-08T01:39:00+00:00,2025-09-08T01:42:00+00:00,0.19557,0.19321860775727115,0.22032149729188263,0.19321860775727115,SL,SL,-0.012023276794645625,-0.017223276794645623,4.5,0.009000000000000001,-0.07750474557590531
TA/USDT:USDT,LONG,2025-09-08T01:42:00+00:00,2025-09-08T01:45:00+00:00,0.18997,0.18751649291746605,0.21579639034246245,0.18751649291746605,SL,SL,-0.012915234418771099,-0.018115234418771102,4.5,0.009000000000000001,-0.08151855488446996
TA/USDT:USDT,LONG,2025-09-08T01:45:00+00:00,2025-09-08T02:03:00+00:00,0.17778,0.19734,0.20722450531800085,0.17778,TP_PARTIAL,TP50,0.11002362470469117,0.10482362470469117,2.25,0.0045000000000000005,0.23585315558555514
TA/USDT:USDT,LONG,2025-09-08T01:45:00+00:00,2025-09-08T02:15:00+00:00,0.17778,0.17778,0.20722450531800085,0.17778,SL,SL,0.0,-0.0052,2.25,0.0045000000000000005,-0.011699999999999999
TA/USDT:USDT,LONG,2025-09-08T02:15:00+00:00,2025-09-08T02:54:00+00:00,0.17317,0.19133,0.2077644069136002,0.17317,TP_PARTIAL,TP50,0.10486804873823416,0.09966804873823416,2.25,0.0045000000000000005,0.22425310966102688
TA/USDT:USDT,LONG,2025-09-08T02:15:00+00:00,2025-09-08T03:18:00+00:00,0.17317,0.2077644069136002,0.2077644069136002,0.17317,TP,TP,0.19977136290119663,0.19457136290119662,2.25,0.0045000000000000005,0.4377855665276924
TA/USDT:USDT,LONG,2025-09-08T03:18:00+00:00,2025-09-08T03:30:00+00:00,0.21042,0.2234,0.2360885052227173,0.21042,TP_PARTIAL,TP50,0.06168615150651075,0.05648615150651075,2.25,0.0045000000000000005,0.12709384088964917
TA/USDT:USDT,LONG,2025-09-08T03:18:00+00:00,2025-09-08T03:51:00+00:00,0.21042,0.21042,0.2360885052227173,0.21042,SL,SL,0.0,-0.0052,2.25,0.0045000000000000005,-0.011699999999999999
SOON/USDT:USDT,LONG,2025-09-08T03:54:00+00:00,2025-09-08T04:06:00+00:00,0.35171,0.3490023197501419,0.3802118973669276,0.3490023197501419,SL,SL,-0.007698616046908317,-0.012898616046908317,4.5,0.009000000000000001,-0.058043772211087426
TA/USDT:USDT,LONG,2025-09-08T03:51:00+00:00,2025-09-08T04:12:00+00:00,0.16093,0.15668009767538416,0.20566581394332445,0.15668009767538416,SL,SL,-0.026408390757570586,-0.03160839075757059,4.5,0.009000000000000001,-0.14223775840906766
SOON/USDT:USDT,LONG,2025-09-08T04:06:00+00:00,2025-09-08T04:15:00+00:00,0.34644,0.36169,0.3758582447599131,0.34644,TP_PARTIAL,TP50,0.04401916637801635,0.03881916637801635,2.25,0.0045000000000000005,0.08734312435053679
TA/USDT:USDT,LONG,2025-09-08T04:12:00+00:00,2025-09-08T04:15:00+00:00,0.15313,0.14886960228674406,0.19797629171848355,0.14886960228674406,SL,SL,-0.027822096997687756,-0.03302209699768776,4.5,0.009000000000000001,-0.14859943648959492
TA/USDT:USDT,LONG,2025-09-08T04:15:00+00:00,2025-09-08T04:33:00+00:00,0.14216,0.13755900212340522,0.19059155659573473,0.13755900212340522,SL,SL,-0.03236492597492116,-0.037564925974921164,4.5,0.009000000000000001,-0.16904216688714524
SOON/USDT:USDT,LONG,2025-09-08T04:06:00+00:00,2025-09-08T04:54:00+00:00,0.34644,0.34644,0.3758582447599131,0.34644,SL,SL,0.0,-0.0052,2.25,0.0045000000000000005,-0.011699999999999999
TA/USDT:USDT,LONG,2025-09-08T04:48:00+00:00,2025-09-08T05:33:00+00:00,0.13745,0.13424285990134346,0.1712093694595422,0.13424285990134346,SL,SL,-0.023333140041153326,-0.02853314004115333,4.5,0.009000000000000001,-0.12839913018518997
TA/USDT:USDT,LONG,2025-09-08T06:12:00+00:00,2025-09-08T06:15:00+00:00,0.14493,0.15374,0.16202370492196894,0.14493,TP_PARTIAL,TP50,0.06078796660456762,0.055587966604567614,2.25,0.0045000000000000005,0.12507292486027713
NAORIS/USDT:USDT,LONG,2025-09-08T05:54:00+00:00,2025-09-08T06:27:00+00:00,0.03277,0.032500402248155646,0.03560787107204584,0.032500402248155646,SL,SL,-0.008226968319937565,-0.013426968319937565,4.5,0.009000000000000001,-0.06042135743971904
SPK/USDT:USDT,LONG,2025-09-08T06:30:00+00:00,2025-09-08T06:51:00+00:00,0.07108,0.07258,0.07676676210175158,0.07053975760033361,EXIT,heat<0.85,0.021102982554867773,0.015902982554867773,4.5,0.009000000000000001,0.07156342149690498
TA/USDT:USDT,LONG,2025-09-08T06:12:00+00:00,2025-09-08T07:21:00+00:00,0.14493,0.16202370492196894,0.16202370492196894,0.14493,TP,TP,0.11794455890408427,0.11274455890408427,2.25,0.0045000000000000005,0.2536752575341896
TA/USDT:USDT,LONG,2025-09-08T07:21:00+00:00,2025-09-08T07:36:00+00:00,0.17159,0.16961072147758122,0.19242451076230285,0.16961072147758122,SL,SL,-0.011534929322330998,-0.016734929322330998,4.5,0.009000000000000001,-0.0753071819504895
BULLA/USDT,LONG,2025-09-08T06:54:00+00:00,2025-09-08T07:39:00+00:00,0.0663,0.0698,0.07170593150818673,0.0663,TP_PARTIAL,TP50,0.052790346907994015,0.04759034690799401,2.25,0.0045000000000000005,0.10707828054298653
TA/USDT:USDT,LONG,2025-09-08T07:36:00+00:00,2025-09-08T08:03:00+00:00,0.16149,0.17736,0.18393925723743773,0.16149,TP_PARTIAL,TP50,0.09827233884451048,0.09307233884451048,2.25,0.0045000000000000005,0.20941276240014858
BULLA/USDT,LONG,2025-09-08T06:54:00+00:00,2025-09-08T08:06:00+00:00,0.0663,0.0663,0.07170593150818673,0.0663,SL,SL,0.0,-0.0052,2.25,0.0045000000000000005,-0.011699999999999999
TA/USDT:USDT,LONG,2025-09-08T07:36:00+00:00,2025-09-08T08:12:00+00:00,0.16149,0.18393925723743773,0.18393925723743773,0.16149,TP,TP,0.13901329641115695,0.13381329641115694,2.25,0.0045000000000000005,0.3010799169251031
BULLA/USDT,LONG,2025-09-08T08:06:00+00:00,2025-09-08T08:15:00+00:00,0.0659,0.06533152630531994,0.07188393362821117,0.06533152630531994,SL,SL,-0.008626307961761205,-0.013826307961761205,4.5,0.009000000000000001,-0.062218385827925424
TA/USDT:USDT,LONG,2025-09-08T08:12:00+00:00,2025-09-08T08:15:00+00:00,0.18434,0.18234101587543167,0.205381938153351,0.18234101587543167,SL,SL,-0.010844006317502099,-0.0160440063175021,4.5,0.009000000000000001,-0.07219802842875946
TA/USDT:USDT,LONG,2025-09-08T08:15:00+00:00,2025-09-08T08:18:00+00:00,0.1822,0.18017850045575798,0.2034789425709688,0.18017850045575798,SL,SL,-0.01109494810231626,-0.01629494810231626,4.5,0.009000000000000001,-0.07332726646042317
BULLA/USDT,LONG,2025-09-08T08:24:00+00:00,2025-09-08T08:30:00+00:00,0.0658,0.06526630025200159,0.07141789208419382,0.06526630025200159,SL,SL,-0.00811093841942875,-0.01331093841942875,4.5,0.009000000000000001,-0.059899222887429375
TA/USDT:USDT,LONG,2025-09-08T08:18:00+00:00,2025-09-08T08:36:00+00:00,0.17946,0.1963,0.20076473238732817,0.17946,TP_PARTIAL,TP50,0.09383706675582298,0.08863706675582299,2.25,0.0045000000000000005,0.1994334002006017
TA/USDT:USDT,LONG,2025-09-08T08:18:00+00:00,2025-09-08T08:48:00+00:00,0.17946,0.20076473238732817,0.20076473238732817,0.17946,TP,TP,0.11871577168911268,0.11351577168911269,2.25,0.0045000000000000005,0.25541048630050356
TA/USDT:USDT,LONG,2025-09-08T08:48:00+00:00,2025-09-08T08:51:00+00:00,0.20308,0.20092281973723541,0.22578716066068005,0.20092281973723541,SL,SL,-0.010622317622437445,-0.015822317622437444,4.5,0.009000000000000001,-0.0712004293009685
TA/USDT:USDT,LONG,2025-09-08T08:51:00+00:00,2025-09-08T09:03:00+00:00,0.20003,0.19783337547029003,0.22315236347063147,0.19783337547029003,SL,SL,-0.010981475427235807,-0.016181475427235806,4.5,0.009000000000000001,-0.07281663942256113
TA/USDT:USDT,LONG,2025-09-08T09:03:00+00:00,2025-09-08T09:21:00+00:00,0.19227,0.20866,0.22473903954302127,0.19227,TP_PARTIAL,TP50,0.08524470796276079,0.0800447079627608,2.25,0.0045000000000000005,0.18010059291621178
GPS/USDT:USDT,LONG,2025-09-08T09:21:00+00:00,2025-09-08T09:24:00+00:00,0.01719,0.01705628433366281,0.018597533329865152,0.01705628433366281,SL,SL,-0.007778689141197778,-0.012978689141197779,4.5,0.009000000000000001,-0.058404101135390005
BULLA/USDT,LONG,2025-09-08T08:36:00+00:00,2025-09-08T09:51:00+00:00,0.0655,0.0659,0.0709324296078889,0.06498391918725056,EXIT,heat<0.85,0.006106870229007596,0.000906870229007596,4.5,0.009000000000000001,0.004080916030534182
GPS/USDT:USDT,SHORT,2025-09-08T09:48:00+00:00,2025-09-08T09:51:00+00:00,0.01631,0.01643845990481098,0.014957790475673919,0.01643845990481098,SL,SL,-0.007876143765234643,-0.013076143765234643,4.5,0.009000000000000001,-0.05884264694355589
TA/USDT:USDT,LONG,2025-09-08T09:03:00+00:00,2025-09-08T10:33:00+00:00,0.19227,0.22473903954302127,0.22473903954302127,0.19227,TP,TP,0.16887210455620363,0.16367210455620362,2.25,0.0045000000000000005,0.3682622352514582
TA/USDT:USDT,LONG,2025-09-08T10:33:00+00:00,2025-09-08T10:36:00+00:00,0.22852,0.22577191834549354,0.25744717531059425,0.22577191834549354,SL,SL,-0.012025562990138555,-0.017225562990138554,4.5,0.009000000000000001,-0.0775150334556235
TA/USDT:USDT,LONG,2025-09-08T10:36:00+00:00,2025-09-08T10:39:00+00:00,0.22531,0.22256359560652972,0.2542195199312661,0.22256359560652972,SL,SL,-0.01218944739900711,-0.017389447399007107,4.5,0.009000000000000001,-0.07825251329553198
TA/USDT:USDT,LONG,2025-09-08T10:39:00+00:00,2025-09-08T10:42:00+00:00,0.21964,0.2165591244917776,0.2520702685076042,0.2165591244917776,SL,SL,-0.014026932745503512,-0.019226932745503515,4.5,0.009000000000000001,-0.08652119735476582
TA/USDT:USDT,LONG,2025-09-08T10:42:00+00:00,2025-09-08T10:51:00+00:00,0.21369,0.2104589584566506,0.24770096361420393,0.2104589584566506,SL,SL,-0.015120228103090381,-0.02032022810309038,4.5,0.009000000000000001,-0.0914410264639067
TA/USDT:USDT,LONG,2025-09-08T10:51:00+00:00,2025-09-08T11:24:00+00:00,0.19852,0.19462257905585328,0.23954548362259698,0.19462257905585328,SL,SL,-0.019632384365034845,-0.02483238436503485,4.5,0.009000000000000001,-0.11174572964265682
BROCCOLIF3B/USDT:USDT,LONG,2025-09-08T11:21:00+00:00,2025-09-08T11:36:00+00:00,0.011699,0.01160507797337831,0.012687652911807248,0.01160507797337831,SL,SL,-0.00802820981465843,-0.01322820981465843,4.5,0.009000000000000001,-0.059526944165962936
BROCCOLIF3B/USDT:USDT,LONG,2025-09-08T11:36:00+00:00,2025-09-08T11:39:00+00:00,0.011574,0.011470209121700691,0.01266653556104534,0.011470209121700691,SL,SL,-0.008967589277631565,-0.014167589277631565,4.5,0.009000000000000001,-0.06375415174934204
TA/USDT:USDT,LONG,2025-09-08T11:24:00+00:00,2025-09-08T12:06:00+00:00,0.19429,0.22815012166486054,0.22815012166486054,0.19107328844183824,TP,TP,0.1742761936530987,0.1690761936530987,4.5,0.009000000000000001,0.7608428714389441
TA/USDT:USDT,LONG,2025-09-08T12:06:00+00:00,2025-09-08T12:09:00+00:00,0.22863,0.225598786510647,0.26053751041424206,0.225598786510647,SL,SL,-0.01325816161200633,-0.01845816161200633,4.5,0.009000000000000001,-0.08306172725402848
TA/USDT:USDT,LONG,2025-09-08T12:09:00+00:00,2025-09-08T12:12:00+00:00,0.22441,0.24323,0.25589554538465337,0.22441,TP_PARTIAL,TP50,0.08386435542088144,0.07866435542088145,2.25,0.0045000000000000005,0.17699479969698326
AIOT/USDT:USDT,SHORT,2025-09-08T12:09:00+00:00,2025-09-08T12:12:00+00:00,0.63469,0.6628900211017842,0.33784767261279774,0.6628900211017842,SL,SL,-0.04443117285885111,-0.049631172858851116,4.5,0.009000000000000001,-0.22334027786483002
AIOT/USDT:USDT,SHORT,2025-09-08T12:12:00+00:00,2025-09-08T12:15:00+00:00,1.20265,1.248330276737371,0.7218049817118837,1.248330276737371,SL,SL,-0.037983018116136004,-0.04318301811613601,4.5,0.009000000000000001,-0.19432358152261203
TA/USDT:USDT,LONG,2025-09-08T12:09:00+00:00,2025-09-08T12:18:00+00:00,0.22441,0.25589554538465337,0.25589554538465337,0.22441,TP,TP,0.1403036646524369,0.1351036646524369,2.25,0.0045000000000000005,0.303983245467983
AIOT/USDT:USDT,SHORT,2025-09-08T12:15:00+00:00,2025-09-08T12:39:00+00:00,1.29341,1.3429675998275588,0.771751054446749,1.3429675998275588,SL,SL,-0.038315460548131536,-0.04351546054813154,4.5,0.009000000000000001,-0.19581957246659193
AIOT/USDT:USDT,SHORT,2025-09-08T12:39:00+00:00,2025-09-08T12:42:00+00:00,1.34586,1.382496697490296,0.9602105527337281,1.382496697490296,SL,SL,-0.027221774545863504,-0.03242177454586351,4.5,0.009000000000000001,-0.14589798545638577
AIOT/USDT:USDT,SHORT,2025-09-08T12:42:00+00:00,2025-09-08T12:54:00+00:00,1.42576,1.4622829048124175,1.0413083703956045,1.4622829048124175,SL,SL,-0.025616446535474135,-0.030816446535474135,4.5,0.009000000000000001,-0.1386740094096336
NAORIS/USDT:USDT,LONG,2025-09-08T12:54:00+00:00,2025-09-08T13:00:00+00:00,0.03408,0.03380936694403112,0.03692876901019872,0.03380936694403112,SL,SL,-0.007941110797208967,-0.013141110797208966,4.5,0.009000000000000001,-0.05913499858744035
TA/USDT:USDT,LONG,2025-09-08T12:18:00+00:00,2025-09-08T13:12:00+00:00,0.26694,0.28928,0.30871495014944733,0.26694,TP_PARTIAL,TP50,0.08368921855098513,0.07848921855098513,2.25,0.0045000000000000005,0.17660074173971654
AIOT/USDT:USDT,SHORT,2025-09-08T13:00:00+00:00,2025-09-08T13:15:00+00:00,1.45006,1.4801787531248831,1.133020493422282,1.4801787531248831,SL,SL,-0.020770694402220055,-0.02597069440222006,4.5,0.009000000000000001,-0.11686812480999026
NAORIS/USDT:USDT,LONG,2025-09-08T13:12:00+00:00,2025-09-08T13:24:00+00:00,0.0335,0.03504,0.036252746769169876,0.0335,TP_PARTIAL,TP50,0.04597014925373133,0.040770149253731326,2.25,0.0045000000000000005,0.09173283582089549
TA/USDT:USDT,LONG,2025-09-08T12:18:00+00:00,2025-09-08T13:27:00+00:00,0.26694,0.30871495014944733,0.30871495014944733,0.26694,TP,TP,0.15649565501403806,0.15129565501403805,2.25,0.0045000000000000005,0.3404152237815856
TA/USDT:USDT,LONG,2025-09-08T13:27:00+00:00,2025-09-08T13:30:00+00:00,0.31901,0.31416228235200455,0.37003860682100487,0.31416228235200455,SL,SL,-0.015196130679274831,-0.02039613067927483,4.5,0.009000000000000001,-0.09178258805673672
TA/USDT:USDT,LONG,2025-09-08T13:30:00+00:00,2025-09-08T13:33:00+00:00,0.30416,0.29899979075543276,0.35847799204807596,0.29899979075543276,SL,SL,-0.016965443334321498,-0.0221654433343215,4.5,0.009000000000000001,-0.09974449500444675
TA/USDT:USDT,LONG,2025-09-08T13:33:00+00:00,2025-09-08T13:36:00+00:00,0.29558,0.29023221998718757,0.3518724211874991,0.29023221998718757,SL,SL,-0.018092496152691123,-0.023292496152691126,4.5,0.009000000000000001,-0.10481623268711007
NAORIS/USDT:USDT,LONG,2025-09-08T13:12:00+00:00,2025-09-08T13:57:00+00:00,0.0335,0.0335,0.036252746769169876,0.0335,SL,SL,0.0,-0.0052,2.25,0.0045000000000000005,-0.011699999999999999
TA/USDT:USDT,LONG,2025-09-08T13:36:00+00:00,2025-09-08T14:00:00+00:00,0.28494,0.27934774713095994,0.34380581967410634,0.27934774713095994,SL,SL,-0.019626071695936272,-0.024826071695936272,4.5,0.009000000000000001,-0.11171732263171322
TA/USDT:USDT,LONG,2025-09-08T14:00:00+00:00,2025-09-08T14:27:00+00:00,0.27685,0.30984,0.32837109379573465,0.27685,TP_PARTIAL,TP50,0.11916200108361936,0.11396200108361937,2.25,0.0045000000000000005,0.25641450243814357
TA/USDT:USDT,LONG,2025-09-08T14:00:00+00:00,2025-09-08T14:39:00+00:00,0.27685,0.32837109379573465,0.32837109379573465,0.27685,TP,TP,0.1860975033257528,0.1808975033257528,2.25,0.0045000000000000005,0.4070193824829438
TA/USDT:USDT,LONG,2025-09-08T14:39:00+00:00,2025-09-08T14:48:00+00:00,0.34086,0.33595308773694216,0.3925117080321876,0.33595308773694216,SL,SL,-0.014395682283218443,-0.019595682283218445,4.5,0.009000000000000001,-0.088180570274483
TA/USDT:USDT,LONG,2025-09-08T14:48:00+00:00,2025-09-08T14:54:00+00:00,0.33332,0.32780493139871064,0.39137335369778287,0.32780493139871064,SL,SL,-0.016545867638573634,-0.021745867638573634,4.5,0.009000000000000001,-0.09785640437358135
WLD/USDT:USDT,LONG,2025-09-08T15:12:00+00:00,2025-09-08T15:15:00+00:00,1.5374,1.525688435067199,1.6606796308715899,1.525688435067199,SL,SL,-0.007617773470014967,-0.012817773470014967,4.5,0.009000000000000001,-0.05767998061506735
WLD/USDT:USDT,LONG,2025-09-08T15:15:00+00:00,2025-09-08T15:18:00+00:00,1.5207,1.5088315468481133,1.6456310858093333,1.5088315468481133,SL,SL,-0.00780459864002543,-0.01300459864002543,4.5,0.009000000000000001,-0.05852069388011443
AIOT/USDT:USDT,SHORT,2025-09-08T13:15:00+00:00,2025-09-08T15:24:00+00:00,1.50552,1.231890900823019,1.231890900823019,1.50552,TP,TP,0.18175055740008833,0.17655055740008832,4.5,0.009000000000000001,0.7944775083003974
WLD/USDC:USDC,LONG,2025-09-08T15:24:00+00:00,2025-09-08T15:27:00+00:00,1.55025,1.5384420934952194,1.6745437526819005,1.5384420934952194,SL,SL,-0.007616775684425399,-0.012816775684425399,4.5,0.009000000000000001,-0.05767549057991429
WLD/USDT:USDT,LONG,2025-09-08T15:18:00+00:00,2025-09-08T15:45:00+00:00,1.498,1.4855000077875338,1.629578865394381,1.4855000077875338,SL,SL,-0.008344454080418041,-0.013544454080418041,4.5,0.009000000000000001,-0.06095004336188119
AIOT/USDT:USDT,SHORT,2025-09-08T15:27:00+00:00,2025-09-08T15:51:00+00:00,1.24724,1.24724,1.132303868627576,1.24724,SL,SL,0.0,-0.0052,4.5,0.009000000000000001,-0.023399999999999997
AIOT/USDT:USDT,SHORT,2025-09-08T15:51:00+00:00,2025-09-08T15:54:00+00:00,1.28423,1.2976688836974986,1.1427680663421194,1.2976688836974986,SL,SL,-0.01046454583485713,-0.01566454583485713,4.5,0.009000000000000001,-0.07049045625685708
TA/USDT:USDT,LONG,2025-09-08T14:54:00+00:00,2025-09-08T16:00:00+00:00,0.31619,0.34774,0.3770857998720679,0.31619,TP_PARTIAL,TP50,0.0997817767797842,0.0945817767797842,2.25,0.0045000000000000005,0.21280899775451445
TA/USDT:USDT,LONG,2025-09-08T14:54:00+00:00,2025-09-08T17:00:00+00:00,0.31619,0.31619,0.3770857998720679,0.31619,SL,SL,0.0,-0.0052,2.25,0.0045000000000000005,-0.011699999999999999
TA/USDT:USDT,LONG,2025-09-08T17:00:00+00:00,2025-09-08T17:06:00+00:00,0.28548,0.2789866467226546,0.3538310871299516,0.2789866467226546,SL,SL,-0.022745387688613575,-0.027945387688613578,4.5,0.009000000000000001,-0.1257542445987611
AIOT/USDT:USDT,SHORT,2025-09-08T15:54:00+00:00,2025-09-08T17:09:00+00:00,1.32918,1.28447,1.1790396330319681,1.32918,EXIT,heat<0.85,0.03363728012759749,0.028437280127597483,4.5,0.009000000000000001,0.12796776057418868
TA/USDT:USDT,LONG,2025-09-08T17:06:00+00:00,2025-09-08T17:12:00+00:00,0.24477,0.23719816375575828,0.3244735394130705,0.23719816375575828,SL,SL,-0.03093449460408428,-0.03613449460408428,4.5,0.009000000000000001,-0.16260522571837926
M/USDT:USDT,LONG,2025-09-08T17:09:00+00:00,2025-09-08T17:15:00+00:00,1.96,1.9412731450418503,2.157124789033155,1.9412731450418503,SL,SL,-0.009554517835790628,-0.014754517835790628,4.5,0.009000000000000001,-0.06639533026105783
TA/USDT:USDT,LONG,2025-09-08T17:12:00+00:00,2025-09-08T17:15:00+00:00,0.21035,0.20220509834042427,0.29608580694290265,0.20220509834042427,SL,SL,-0.038720711478848285,-0.04392071147884829,4.5,0.009000000000000001,-0.1976432016548173
TA/USDT:USDT,LONG,2025-09-08T17:15:00+00:00,2025-09-08T17:27:00+00:00,0.20102,0.19292569131610823,0.2862232493041239,0.19292569131610823,SL,SL,-0.040266185871514135,-0.04546618587151414,4.5,0.009000000000000001,-0.20459783642181362
M/USDT:USDT,LONG,2025-09-08T17:24:00+00:00,2025-09-08T17:30:00+00:00,1.9072,1.889649995809082,2.0919368862201897,1.889649995809082,SL,SL,-0.009201973673929326,-0.014401973673929326,4.5,0.009000000000000001,-0.06480888153268197
BULLA/USDT,LONG,2025-09-08T15:45:00+00:00,2025-09-08T17:36:00+00:00,0.0681,0.0711,0.0736845579744437,0.0681,TP_PARTIAL,TP50,0.04405286343612339,0.03885286343612339,2.25,0.0045000000000000005,0.08741894273127762
TA/USDT:USDT,LONG,2025-09-08T17:30:00+00:00,2025-09-08T17:36:00+00:00,0.1781,0.1693703849047863,0.269990685212776,0.1693703849047863,SL,SL,-0.0490152447794145,-0.0542152447794145,4.5,0.009000000000000001,-0.24396860150736527
M/USDT:USDT,LONG,2025-09-08T17:36:00+00:00,2025-09-08T17:54:00+00:00,1.9135,1.9439,2.0777199658302488,1.8978991032461263,EXIT,heat<0.85,0.015887117846877442,0.010687117846877443,4.5,0.009000000000000001,0.04809203031094849
TA/USDT:USDT,LONG,2025-09-08T17:39:00+00:00,2025-09-08T18:09:00+00:00,0.17141,0.16339340161655083,0.25579524614157034,0.16339340161655083,SL,SL,-0.04676855716381293,-0.051968557163812934,4.5,0.009000000000000001,-0.2338585072371582
REX/USDT:USDT,LONG,2025-09-08T18:12:00+00:00,2025-09-08T18:15:00+00:00,0.08254,0.08190638445261915,0.08920963734085104,0.08190638445261915,SL,SL,-0.00767646652993522,-0.01287646652993522,4.5,0.009000000000000001,-0.05794409938470849
REX/USDT:USDT,LONG,2025-09-08T18:15:00+00:00,2025-09-08T18:18:00+00:00,0.08089,0.08024545699171778,0.08767466324507596,0.08024545699171778,SL,SL,-0.007968142023516128,-0.013168142023516127,4.5,0.009000000000000001,-0.05925663910582257
REX/USDT:USDT,LONG,2025-09-08T18:18:00+00:00,2025-09-08T18:21:00+00:00,0.07668,0.0759661386351665,0.08419433015614196,0.0759661386351665,SL,SL,-0.009309616129805595,-0.014509616129805595,4.5,0.009000000000000001,-0.06529327258412518
REX/USDT:USDT,LONG,2025-09-08T18:21:00+00:00,2025-09-08T18:24:00+00:00,0.07517,0.07443411444694034,0.08291616371641754,0.07443411444694034,SL,SL,-0.009789617574293724,-0.014989617574293724,4.5,0.009000000000000001,-0.06745327908432176
TA/USDT:USDT,SHORT,2025-09-08T18:09:00+00:00,2025-09-08T18:33:00+00:00,0.15374,0.16048519424043609,0.08273795536383044,0.16048519424043609,SL,SL,-0.043874035647431364,-0.04907403564743137,4.5,0.009000000000000001,-0.22083316041344114
REX/USDT:USDT,LONG,2025-09-08T18:24:00+00:00,2025-09-08T18:39:00+00:00,0.07285,0.07738,0.08075715202238772,0.07285,TP_PARTIAL,TP50,0.06218256691832541,0.05698256691832541,2.25,0.0045000000000000005,0.12821077556623217
BULLA/USDT,LONG,2025-09-08T15:45:00+00:00,2025-09-08T18:57:00+00:00,0.0681,0.0687,0.0736845579744437,0.0681,EXIT,heat<0.85,0.008810572687224719,0.0036105726872247192,2.25,0.0045000000000000005,0.008123788546255619
TA/USDT:USDT,SHORT,2025-09-08T18:33:00+00:00,2025-09-08T19:09:00+00:00,0.16404,0.16895442436040628,0.11230921725888121,0.16895442436040628,SL,SL,-0.029958695198770355,-0.03515869519877036,4.5,0.009000000000000001,-0.1582141283944666
H/USDT:USDT,LONG,2025-09-08T19:09:00+00:00,2025-09-08T19:12:00+00:00,0.0456,0.04524113076696126,0.04937757087409197,0.04524113076696126,SL,SL,-0.007869939321024975,-0.013069939321024975,4.5,0.009000000000000001,-0.058814726944612386
BULLA/USDT,LONG,2025-09-08T19:06:00+00:00,2025-09-08T19:15:00+00:00,0.0702,0.0695960179491579,0.0765577057983379,0.0695960179491579,SL,SL,-0.008603732917978595,-0.013803732917978595,4.5,0.009000000000000001,-0.06211679813090368
H/USDT:USDT,LONG,2025-09-08T19:12:00+00:00,2025-09-08T19:24:00+00:00,0.04224,0.04180172142646403,0.04685345866879968,0.04180172142646403,SL,SL,-0.01037591319924169,-0.01557591319924169,4.5,0.009000000000000001,-0.0700916093965876
REX/USDT:USDT,LONG,2025-09-08T18:24:00+00:00,2025-09-08T19:30:00+00:00,0.07285,0.08075715202238772,0.08075715202238772,0.07285,TP,TP,0.10854017875618006,0.10334017875618007,2.25,0.0045000000000000005,0.23251540220140515
ATH/USDT:USDT,LONG,2025-09-08T19:24:00+00:00,2025-09-08T19:33:00+00:00,0.0493,0.04888297355678308,0.05368975203386224,0.04888297355678308,SL,SL,-0.008458954223466845,-0.013658954223466845,4.5,0.009000000000000001,-0.0614652940056008
TA/USDT:USDT,SHORT,2025-09-08T19:15:00+00:00,2025-09-08T19:54:00+00:00,0.16663,0.17050102297269323,0.12588238976112381,0.17050102297269323,SL,SL,-0.023231248710875792,-0.028431248710875795,4.5,0.009000000000000001,-0.12794061919894106
ATH/USDT:USDT,LONG,2025-09-08T19:33:00+00:00,2025-09-08T20:00:00+00:00,0.04837,0.05156,0.05265609519620822,0.04837,TP_PARTIAL,TP50,0.06594996898904276,0.060749968989042766,2.25,0.0045000000000000005,0.1366874302253462
H/USDT:USDT,LONG,2025-09-08T19:54:00+00:00,2025-09-08T20:30:00+00:00,0.04029,0.0418,0.04380711548298308,0.03995587402911661,EXIT,heat<0.85,0.03747828245222133,0.03227828245222133,4.5,0.009000000000000001,0.14525227103499597
REX/USDT:USDT,LONG,2025-09-08T20:30:00+00:00,2025-09-08T20:33:00+00:00,0.06943,0.06875288824415747,0.07655749216676351,0.06875288824415747,SL,SL,-0.009752437791193077,-0.014952437791193077,4.5,0.009000000000000001,-0.06728597006036885
REX/USDT:USDT,LONG,2025-09-08T20:33:00+00:00,2025-09-08T20:36:00+00:00,0.06786,0.06716991051243194,0.07512409986913754,0.06716991051243194,SL,SL,-0.01016931163524993,-0.015369311635249929,4.5,0.009000000000000001,-0.06916190235862468
ATH/USDT:USDT,LONG,2025-09-08T19:33:00+00:00,2025-09-08T20:39:00+00:00,0.04837,0.04837,0.05265609519620822,0.04837,SL,SL,0.0,-0.0052,2.25,0.0045000000000000005,-0.011699999999999999
TA/USDT:USDT,SHORT,2025-09-08T20:00:00+00:00,2025-09-08T20:45:00+00:00,0.16746,0.1700955302928071,0.1397175758651883,0.1700955302928071,SL,SL,-0.015738267603052126,-0.020938267603052126,4.5,0.009000000000000001,-0.09422220421373456
REX/USDT:USDT,LONG,2025-09-08T20:36:00+00:00,2025-09-08T21:12:00+00:00,0.06392,0.06314131690440108,0.07211666416419915,0.06314131690440108,SL,SL,-0.012182151057555067,-0.017382151057555067,4.5,0.009000000000000001,-0.0782196797589978
TA/USDT:USDT,SHORT,2025-09-08T21:12:00+00:00,2025-09-08T21:15:00+00:00,0.16288,0.16459844046981287,0.1447911529493382,0.16459844046981287,SL,SL,-0.010550346695805936,-0.015750346695805936,4.5,0.009000000000000001,-0.07087656013112671
ATH/USDT:USDT,LONG,2025-09-08T20:45:00+00:00,2025-09-08T21:21:00+00:00,0.04876,0.04916,0.053391083094899316,0.04832004710598456,EXIT,heat<0.85,0.00820344544708787,0.0030034454470878706,4.5,0.009000000000000001,0.013515504511895418
LAUNCHCOIN/USDT:USDT,LONG,2025-09-08T21:39:00+00:00,2025-09-08T21:42:00+00:00,0.09694,0.0961974665209256,0.10475614188499358,0.0961974665209256,SL,SL,-0.007659722292906899,-0.012859722292906899,4.5,0.009000000000000001,-0.057868750318081044
LAUNCHCOIN/USDT:USDT,LONG,2025-09-08T21:42:00+00:00,2025-09-08T21:54:00+00:00,0.09564,0.0998,0.10374070317892262,0.09564,TP_PARTIAL,TP50,0.04349644500209114,0.03829644500209114,2.25,0.0045000000000000005,0.08616700125470506
LAUNCHCOIN/USDT:USDT,LONG,2025-09-08T21:42:00+00:00,2025-09-08T21:57:00+00:00,0.09564,0.10374070317892262,0.10374070317892262,0.09564,TP,TP,0.08469994959141168,0.07949994959141168,2.25,0.0045000000000000005,0.1788748865806763
LAUNCHCOIN/USDT:USDT,LONG,2025-09-08T21:57:00+00:00,2025-09-08T22:00:00+00:00,0.10489,0.10397104596668405,0.11456320035069412,0.10397104596668405,SL,SL,-0.008761121492191314,-0.013961121492191314,4.5,0.009000000000000001,-0.06282504671486092
LAUNCHCOIN/USDT:USDT,LONG,2025-09-08T22:00:00+00:00,2025-09-08T22:06:00+00:00,0.10211,0.10794,0.1137665431827874,0.10211,TP_PARTIAL,TP50,0.05709528939379089,0.051895289393790886,2.25,0.0045000000000000005,0.1167644011360295
LAUNCHCOIN/USDT:USDT,LONG,2025-09-08T22:00:00+00:00,2025-09-08T22:09:00+00:00,0.10211,0.1137665431827874,0.1137665431827874,0.10211,TP,TP,0.11415672493181263,0.10895672493181263,2.25,0.0045000000000000005,0.24515263109657842
LAUNCHCOIN/USDT:USDT,LONG,2025-09-08T22:09:00+00:00,2025-09-08T22:12:00+00:00,0.12814,0.12627900313032236,0.14772944073344896,0.12627900313032236,SL,SL,-0.01452315334538504,-0.01972315334538504,4.5,0.009000000000000001,-0.08875419005423268
LAUNCHCOIN/USDT:USDT,LONG,2025-09-08T22:12:00+00:00,2025-09-08T22:18:00+00:00,0.11618,0.11392128862101361,0.1399559092524883,0.11392128862101361,SL,SL,-0.019441482001948653,-0.024641482001948656,4.5,0.009000000000000001,-0.11088666900876895
LAUNCHCOIN/USDT:USDT,LONG,2025-09-08T22:18:00+00:00,2025-09-08T22:24:00+00:00,0.11361,0.11132330702526173,0.13768045236566595,0.11132330702526173,SL,SL,-0.020127567773420202,-0.025327567773420205,4.5,0.009000000000000001,-0.11397405498039093
TA/USDT:USDT,SHORT,2025-09-08T21:15:00+00:00,2025-09-08T22:27:00+00:00,0.16585,0.1675512804362548,0.14794178488152834,0.1675512804362548,SL,SL,-0.01025794655565155,-0.01545794655565155,4.5,0.009000000000000001,-0.06956075950043197
TA/USDT:USDT,SHORT,2025-09-08T22:36:00+00:00,2025-09-08T22:39:00+00:00,0.16733,0.16861321060423431,0.15382251995542834,0.16861321060423431,SL,SL,-0.00766874203211802,-0.01286874203211802,4.5,0.009000000000000001,-0.05790933914453109
LAUNCHCOIN/USDT:USDT,LONG,2025-09-08T22:24:00+00:00,2025-09-08T22:45:00+00:00,0.1079,0.10567287697586343,0.1313434002540691,0.10567287697586343,SL,SL,-0.020640621169013582,-0.025840621169013582,4.5,0.009000000000000001,-0.11628279526056112
LAUNCHCOIN/USDT:USDT,LONG,2025-09-08T22:45:00+00:00,2025-09-08T22:54:00+00:00,0.1055,0.10350902359264592,0.1264576463932008,0.10350902359264592,SL,SL,-0.018871814287716327,-0.024071814287716327,4.5,0.009000000000000001,-0.10832316429472347
LAUNCHCOIN/USDT:USDT,LONG,2025-09-08T22:54:00+00:00,2025-09-08T23:00:00+00:00,0.10346,0.10163216160096322,0.1227004042003871,0.10163216160096322,SL,SL,-0.01766710225243354,-0.02286710225243354,4.5,0.009000000000000001,-0.10290196013595093
TA/USDT:USDT,SHORT,2025-09-08T22:39:00+00:00,2025-09-08T23:09:00+00:00,0.17012,0.1658,0.1564230542443263,0.171421209846789,EXIT,heat<0.85,0.025393839642605165,0.02019383964260516,4.5,0.009000000000000001,0.09087227839172322
LAUNCHCOIN/USDT:USDT,LONG,2025-09-08T23:00:00+00:00,2025-09-08T23:09:00+00:00,0.09953,0.09772238831919787,0.11855749137686439,0.09772238831919787,SL,SL,-0.01816147574401812,-0.023361475744018124,4.5,0.009000000000000001,-0.10512664084808156
LAUNCHCOIN/USDT:USDT,LONG,2025-09-08T23:09:00+00:00,2025-09-09T00:09:00+00:00,0.09646,0.09477123933574262,0.11423642804481454,0.09477123933574262,SL,SL,-0.017507367450314976,-0.02270736745031498,4.5,0.009000000000000001,-0.10218315352641741
LAUNCHCOIN/USDT:USDT,LONG,2025-09-09T00:09:00+00:00,2025-09-09T00:18:00+00:00,0.09292,0.09192698757757396,0.10337276234132667,0.09192698757757396,SL,SL,-0.010686745828950064,-0.015886745828950062,4.5,0.009000000000000001,-0.07149035623027528
WLD/USDT:USDT,LONG,2025-09-09T00:15:00+00:00,2025-09-09T00:18:00+00:00,1.8634,1.8486329629125322,2.018842495657555,1.8486329629125322,SL,SL,-0.007924781092340741,-0.013124781092340741,4.5,0.009000000000000001,-0.05906151491553334
WLD/USDC:USDC,LONG,2025-09-09T00:18:00+00:00,2025-09-09T00:21:00+00:00,1.8129,1.7974108427817919,1.975943760191665,1.7974108427817919,SL,SL,-0.00854385637277737,-0.01374385637277737,4.5,0.009000000000000001,-0.06184735367749816
WLD/USDT:USDT,LONG,2025-09-09T00:18:00+00:00,2025-09-09T00:24:00+00:00,1.8135,1.796807465561637,1.989210888824872,1.796807465561637,SL,SL,-0.009204595775220748,-0.014404595775220748,4.5,0.009000000000000001,-0.06482068098849336
WLD/USDC:USDC,LONG,2025-09-09T00:21:00+00:00,2025-09-09T00:30:00+00:00,1.7962,1.780135711154521,1.9652977773208318,1.780135711154521,SL,SL,-0.008943485605989837,-0.014143485605989837,4.5,0.009000000000000001,-0.06364568522695427
WLD/USDT:USDT,LONG,2025-09-09T00:24:00+00:00,2025-09-09T00:30:00+00:00,1.7939,1.7766924269383504,1.9750323480173644,1.7766924269383504,SL,SL,-0.009592269949077241,-0.01479226994907724,4.5,0.009000000000000001,-0.06656521477084758
WLD/USDT:USDT,LONG,2025-09-09T00:30:00+00:00,2025-09-09T00:42:00+00:00,1.755,1.7374225926152103,1.9400253408925232,1.7374225926152103,SL,SL,-0.010015616743469877,-0.015215616743469877,4.5,0.009000000000000001,-0.06847027534561445
WLD/USDC:USDC,LONG,2025-09-09T00:30:00+00:00,2025-09-09T00:42:00+00:00,1.75474,1.7382225156000302,1.9286082568417884,1.7382225156000302,SL,SL,-0.009413066551152767,-0.014613066551152767,4.5,0.009000000000000001,-0.06575879948018745
WLD/USDT:USDT,LONG,2025-09-09T00:42:00+00:00,2025-09-09T00:45:00+00:00,1.7342,1.7187579598001619,1.8967477915772428,1.7187579598001619,SL,SL,-0.008904417137491686,-0.014104417137491686,4.5,0.009000000000000001,-0.06346987711871259
WLD/USDT:USDT,LONG,2025-09-09T00:45:00+00:00,2025-09-09T01:21:00+00:00,1.7174,1.8084,1.8825658064645827,1.7174,TP_PARTIAL,TP50,0.05298707348317222,0.04778707348317222,2.25,0.0045000000000000005,0.1075209153371375
WLD/USDC:USDC,LONG,2025-09-09T00:42:00+00:00,2025-09-09T01:27:00+00:00,1.73304,1.77824,1.8841805852680737,1.718681644399533,EXIT,heat<0.85,0.026081336841619427,0.020881336841619427,4.5,0.009000000000000001,0.09396601578728742
KAITO/USDT:USDT,LONG,2025-09-09T01:30:00+00:00,2025-09-09T01:33:00+00:00,1.3352,1.3921,1.4468841307777947,1.3352,TP_PARTIAL,TP50,0.04261533852606347,0.03741533852606347,2.25,0.0045000000000000005,0.08418451168364281
KAITO/USDC:USDC,LONG,2025-09-09T01:30:00+00:00,2025-09-09T01:33:00+00:00,1.335,1.3924,1.4462239947220419,1.335,TP_PARTIAL,TP50,0.04299625468164803,0.037796254681648024,2.25,0.0045000000000000005,0.08504157303370806
WLD/USDT:USDT,LONG,2025-09-09T00:45:00+00:00,2025-09-09T01:45:00+00:00,1.7174,1.7174,1.8825658064645827,1.7174,SL,SL,0.0,-0.0052,2.25,0.0045000000000000005,-0.011699999999999999
KAITO/USDT:USDT,LONG,2025-09-09T01:30:00+00:00,2025-09-09T02:18:00+00:00,1.3352,1.4468841307777947,1.4468841307777947,1.3352,TP,TP,0.08364599369217698,0.07844599369217699,2.25,0.0045000000000000005,0.17650348580739822
KAITO/USDC:USDC,LONG,2025-09-09T01:30:00+00:00,2025-09-09T02:18:00+00:00,1.335,1.4462239947220419,1.4462239947220419,1.335,TP,TP,0.08331385372437597,0.07811385372437597,2.25,0.0045000000000000005,0.17575617087984594
KAITO/USDC:USDC,LONG,2025-09-09T02:18:00+00:00,2025-09-09T02:21:00+00:00,1.4592,1.4448825863523371,1.6099096173438199,1.4448825863523371,SL,SL,-0.009811824045821631,-0.015011824045821631,4.5,0.009000000000000001,-0.06755320820619734
KAITO/USDT:USDT,LONG,2025-09-09T02:18:00+00:00,2025-09-09T02:21:00+00:00,1.4593,1.4448132748453713,1.6117918437329353,1.4448132748453713,SL,SL,-0.009927174093489198,-0.015127174093489197,4.5,0.009000000000000001,-0.06807228342070139
KAITO/USDT:USDT,LONG,2025-09-09T02:21:00+00:00,2025-09-09T02:30:00+00:00,1.4358,1.5169,1.5880567120377256,1.4358,TP_PARTIAL,TP50,0.056484189998607014,0.05128418999860701,2.25,0.0045000000000000005,0.11538942749686577
KAITO/USDC:USDC,LONG,2025-09-09T02:21:00+00:00,2025-09-09T02:30:00+00:00,1.4355,1.5175,1.5862160732478325,1.4355,TP_PARTIAL,TP50,0.057122953674677866,0.05192295367467786,2.25,0.0045000000000000005,0.11682664576802519
FLOCK/USDT:USDT,LONG,2025-09-09T02:39:00+00:00,2025-09-09T02:42:00+00:00,0.53041,0.57071,0.605473532176215,0.53041,TP_PARTIAL,TP50,0.07597895967270601,0.07077895967270602,2.25,0.0045000000000000005,0.15925265926358853
KAITO/USDT:USDT,LONG,2025-09-09T02:21:00+00:00,2025-09-09T02:45:00+00:00,1.4358,1.4358,1.5880567120377256,1.4358,SL,SL,0.0,-0.0052,2.25,0.0045000000000000005,-0.011699999999999999
KAITO/USDC:USDC,LONG,2025-09-09T02:21:00+00:00,2025-09-09T02:45:00+00:00,1.4355,1.4355,1.5862160732478325,1.4355,SL,SL,0.0,-0.0052,2.25,0.0045000000000000005,-0.011699999999999999
FLOCK/USDT:USDT,LONG,2025-09-09T02:39:00+00:00,2025-09-09T02:48:00+00:00,0.53041,0.605473532176215,0.605473532176215,0.53041,TP,TP,0.14151982838976446,0.13631982838976445,2.25,0.0045000000000000005,0.30671961387697
KAITO/USDT:USDT,LONG,2025-09-09T02:45:00+00:00,2025-09-09T03:42:00+00:00,1.3977,1.3816522756629277,1.5666234140744457,1.3816522756629277,SL,SL,-0.011481522742414142,-0.01668152274241414,4.5,0.009000000000000001,-0.07506685234086363
KAITO/USDC:USDC,LONG,2025-09-09T02:45:00+00:00,2025-09-09T03:42:00+00:00,1.3956,1.379773279110065,1.5621970619993153,1.379773279110065,SL,SL,-0.01134044202488892,-0.01654044202488892,4.5,0.009000000000000001,-0.07443198911200014
BR/USDT:USDT,LONG,2025-09-09T03:42:00+00:00,2025-09-09T03:48:00+00:00,0.10541,0.10451094299041838,0.11487375799559602,0.10451094299041838,SL,SL,-0.008529143435932283,-0.013729143435932283,4.5,0.009000000000000001,-0.061781145461695275
BR/USDT:USDT,LONG,2025-09-09T03:48:00+00:00,2025-09-09T03:51:00+00:00,0.10304,0.10203229472133014,0.1136474239859986,0.10203229472133014,SL,SL,-0.009779748434296026,-0.014979748434296026,4.5,0.009000000000000001,-0.06740886795433211
KAITO/USDC:USDC,LONG,2025-09-09T03:51:00+00:00,2025-09-09T04:00:00+00:00,1.406,1.3951464673743075,1.520247711849395,1.3951464673743075,SL,SL,-0.0077194399898239275,-0.012919439989823927,4.5,0.009000000000000001,-0.05813747995420767
KAITO/USDC:USDC,LONG,2025-09-09T04:00:00+00:00,2025-09-09T04:30:00+00:00,1.3742,1.3631280192497646,1.4907471657919538,1.3631280192497646,SL,SL,-0.008057037367366847,-0.013257037367366846,4.5,0.009000000000000001,-0.05965666815315081
AIN/USDT:USDT,LONG,2025-09-09T04:30:00+00:00,2025-09-09T04:48:00+00:00,0.12802,0.13483,0.13909824538797955,0.12802,TP_PARTIAL,TP50,0.05319481331042033,0.047994813310420326,2.25,0.0045000000000000005,0.10798832994844573
BR/USDT:USDT,LONG,2025-09-09T04:48:00+00:00,2025-09-09T04:51:00+00:00,0.08689,0.08542942085097231,0.1022645173581862,0.08542942085097231,SL,SL,-0.01680951949623297,-0.02200951949623297,4.5,0.009000000000000001,-0.09904283773304837
ESPORTS/USDT:USDT,LONG,2025-09-09T04:51:00+00:00,2025-09-09T04:54:00+00:00,0.12805,0.1267806627463065,0.141411444775721,0.1267806627463065,SL,SL,-0.009912825097176822,-0.015112825097176822,4.5,0.009000000000000001,-0.0680077129372957
BR/USDT:USDT,LONG,2025-09-09T04:54:00+00:00,2025-09-09T05:00:00+00:00,0.08589,0.08451575063170572,0.10035578282415035,0.08451575063170572,SL,SL,-0.016000109073166586,-0.021200109073166586,4.5,0.009000000000000001,-0.09540049082924963
AIN/USDT:USDT,LONG,2025-09-09T04:30:00+00:00,2025-09-09T05:21:00+00:00,0.12802,0.12802,0.13909824538797955,0.12802,SL,SL,0.0,-0.0052,2.25,0.0045000000000000005,-0.011699999999999999
ESPORTS/USDT:USDT,LONG,2025-09-09T05:00:00+00:00,2025-09-09T05:21:00+00:00,0.12719,0.12603461255598958,0.1393519730948466,0.12603461255598958,SL,SL,-0.009083948769639276,-0.014283948769639275,4.500000000000001,0.009000000000000003,-0.06427776946337675
BID/USDT:USDT,LONG,2025-09-09T05:21:00+00:00,2025-09-09T05:36:00+00:00,0.12226,0.12084790639454769,0.13712414321528738,0.12084790639454769,SL,SL,-0.011549923159269612,-0.01674992315926961,4.5,0.009000000000000001,-0.07537465421671324
BID/USDT:USDT,LONG,2025-09-09T05:36:00+00:00,2025-09-09T06:06:00+00:00,0.10571,0.10346642663724713,0.12932656171318813,0.10346642663724713,SL,SL,-0.021223851695703982,-0.026423851695703986,4.5,0.009000000000000001,-0.11890733263066794
FLOCK/USDT:USDT,LONG,2025-09-09T03:42:00+00:00,2025-09-09T06:33:00+00:00,0.45596,0.47173,0.5705189230850308,0.44507690230692204,EXIT,heat<0.85,0.03458636722519521,0.029386367225195206,4.5,0.009000000000000001,0.13223865251337844
BR/USDT:USDT,LONG,2025-09-09T06:33:00+00:00,2025-09-09T06:36:00+00:00,0.08248,0.08179142038651209,0.08972820645776741,0.08179142038651209,SL,SL,-0.008348443422501309,-0.013548443422501309,4.5,0.009000000000000001,-0.06096799540125589
BID/USDT:USDT,LONG,2025-09-09T06:06:00+00:00,2025-09-09T07:21:00+00:00,0.10343,0.11839,0.12426131576746333,0.10343,TP_PARTIAL,TP50,0.14463888620322926,0.13943888620322925,2.25,0.0045000000000000005,0.3137374939572658
TA/USDT:USDT,SHORT,2025-09-09T06:36:00+00:00,2025-09-09T07:54:00+00:00,0.15459,0.15606854581693314,0.13902635982175654,0.15606854581693314,SL,SL,-0.009564304398299566,-0.014764304398299566,4.5,0.009000000000000001,-0.06643936979234805
BID/USDT:USDT,LONG,2025-09-09T06:06:00+00:00,2025-09-09T08:00:00+00:00,0.10343,0.12426131576746333,0.12426131576746333,0.10343,TP,TP,0.20140496729636792,0.1962049672963679,2.25,0.0045000000000000005,0.4414611764168278
AXL/USDT:USDT,LONG,2025-09-09T07:54:00+00:00,2025-09-09T08:03:00+00:00,0.351,0.37935498343969404,0.37935498343969404,0.34830627657322905,TP,TP,0.08078342860311698,0.07558342860311698,4.5,0.009000000000000001,0.3401254287140264
BID/USDT:USDT,LONG,2025-09-09T08:00:00+00:00,2025-09-09T08:06:00+00:00,0.12467,0.13305,0.13766246605340926,0.12467,TP_PARTIAL,TP50,0.06721745407876793,0.062017454078767936,2.25,0.0045000000000000005,0.13953927167722785
AXL/USDT:USDT,LONG,2025-09-09T08:03:00+00:00,2025-09-09T08:06:00+00:00,0.381,0.3775800727519622,0.41699923418987167,0.3775800727519622,SL,SL,-0.008976187002723889,-0.014176187002723889,4.5,0.009000000000000001,-0.0637928415122575
AXL/USDT:USDT,LONG,2025-09-09T08:06:00+00:00,2025-09-09T08:09:00+00:00,0.3734,0.3697873532696792,0.41142786031916656,0.3697873532696792,SL,SL,-0.009675004633960366,-0.014875004633960366,4.5,0.009000000000000001,-0.06693752085282165
AXL/USDT:USDT,LONG,2025-09-09T08:09:00+00:00,2025-09-09T08:15:00+00:00,0.3616,0.3578246851789878,0.4013401560106546,0.3578246851789878,SL,SL,-0.010440583022710666,-0.015640583022710666,4.5,0.009000000000000001,-0.07038262360219799
AXL/USDT:USDT,LONG,2025-09-09T08:15:00+00:00,2025-09-09T08:27:00+00:00,0.3557,0.3520602948737191,0.3940126855397992,0.3520602948737191,SL,SL,-0.010232513708970827,-0.015432513708970827,4.5,0.009000000000000001,-0.06944631169036872
BID/USDT:USDT,LONG,2025-09-09T08:00:00+00:00,2025-09-09T08:30:00+00:00,0.12467,0.13766246605340926,0.13766246605340926,0.12467,TP,TP,0.10421485564617997,0.09901485564617997,2.25,0.0045000000000000005,0.22278342520390493
BID/USDT:USDT,LONG,2025-09-09T08:30:00+00:00,2025-09-09T08:42:00+00:00,0.14355,0.15304,0.1614401792533881,0.14355,TP_PARTIAL,TP50,0.0661093695576454,0.06090936955764541,2.25,0.0045000000000000005,0.13704608150470216
AXL/USDT:USDT,LONG,2025-09-09T08:27:00+00:00,2025-09-09T09:00:00+00:00,0.3493,0.3460450703844307,0.38356241700599236,0.3460450703844307,SL,SL,-0.009318435773172859,-0.014518435773172859,4.5,0.009000000000000001,-0.06533296097927786
BID/USDT:USDT,LONG,2025-09-09T08:30:00+00:00,2025-09-09T09:18:00+00:00,0.14355,0.1614401792533881,0.1614401792533881,0.14355,TP,TP,0.12462681472231343,0.11942681472231344,2.25,0.0045000000000000005,0.26871033312520526
BID/USDT:USDT,LONG,2025-09-09T09:18:00+00:00,2025-09-09T09:30:00+00:00,0.1619,0.18153,0.18777441271270687,0.1619,TP_PARTIAL,TP50,0.12124768375540464,0.11604768375540464,2.25,0.0045000000000000005,0.26110728844966047
PUMPBTC/USDT:USDT,LONG,2025-09-09T09:42:00+00:00,2025-09-09T09:45:00+00:00,0.04912,0.04873216732629668,0.05320244919687706,0.04873216732629668,SL,SL,-0.007895616321321661,-0.013095616321321661,4.5,0.009000000000000001,-0.05893027344594748
BID/USDT:USDT,LONG,2025-09-09T09:18:00+00:00,2025-09-09T09:57:00+00:00,0.1619,0.1619,0.18777441271270687,0.1619,SL,SL,0.0,-0.0052,2.25,0.0045000000000000005,-0.011699999999999999
BID/USDT:USDT,LONG,2025-09-09T09:57:00+00:00,2025-09-09T10:03:00+00:00,0.14661,0.14327908472338946,0.18167226606958464,0.14327908472338946,SL,SL,-0.022719563990249846,-0.02791956399024985,4.5,0.009000000000000001,-0.12563803795612433
BID/USDT:USDT,LONG,2025-09-09T10:03:00+00:00,2025-09-09T10:06:00+00:00,0.13884,0.1350202230523103,0.1790481783967337,0.1350202230523103,SL,SL,-0.027512078274918625,-0.03271207827491863,4.5,0.009000000000000001,-0.14720435223713382
PUMPBTC/USDT:USDT,LONG,2025-09-09T09:45:00+00:00,2025-09-09T10:24:00+00:00,0.04677,0.046336312517275484,0.05133513139710013,0.046336312517275484,SL,SL,-0.009272770637684738,-0.014472770637684738,4.5,0.009000000000000001,-0.06512746786958132
BID/USDT:USDT,LONG,2025-09-09T10:06:00+00:00,2025-09-09T10:24:00+00:00,0.12958,0.12567287854857384,0.17070759422553844,0.12567287854857384,SL,SL,-0.03015219518001358,-0.03535219518001358,4.5,0.009000000000000001,-0.15908487831006113
OG/USDT:USDT,LONG,2025-09-09T10:24:00+00:00,2025-09-09T10:51:00+00:00,21.1399,22.5121,23.163317761242325,21.1399,TP_PARTIAL,TP50,0.06491043003987718,0.05971043003987717,2.25,0.0045000000000000005,0.13434846758972363
BID/USDT:USDT,LONG,2025-09-09T10:24:00+00:00,2025-09-09T11:06:00+00:00,0.12392,0.12050546567599427,0.1598624665684814,0.12050546567599427,SL,SL,-0.02755434412528838,-0.03275434412528838,4.5,0.009000000000000001,-0.14739454856379772
WLD/USDT:USDT,LONG,2025-09-09T10:54:00+00:00,2025-09-09T11:12:00+00:00,2.0288,2.0553,2.1942397811142236,2.0130832207941487,EXIT,heat<0.85,0.013061908517350142,0.007861908517350143,4.5,0.009000000000000001,0.03537858832807564
OG/USDT:USDT,LONG,2025-09-09T10:24:00+00:00,2025-09-09T11:18:00+00:00,21.1399,22.2615,23.163317761242325,21.1399,EXIT,heat<0.85,0.05305606932861559,0.04785606932861559,2.25,0.0045000000000000005,0.10767615598938507
BID/USDT:USDT,LONG,2025-09-09T11:06:00+00:00,2025-09-09T11:21:00+00:00,0.11335,0.11073208636388117,0.14090698564335624,0.11073208636388117,SL,SL,-0.02309584151847232,-0.028295841518472323,4.5,0.009000000000000001,-0.12733128683312545
WLD/USDT:USDT,LONG,2025-09-09T12:33:00+00:00,2025-09-09T12:36:00+00:00,1.9334,1.9180211171375037,2.0952829774999606,1.9180211171375037,SL,SL,-0.00795432029714303,-0.01315432029714303,4.5,0.009000000000000001,-0.05919444133714363
WLD/USDC:USDC,LONG,2025-09-09T12:36:00+00:00,2025-09-09T12:39:00+00:00,1.89887,1.8841011962981355,2.054331091598573,1.8841011962981355,SL,SL,-0.007777680252921215,-0.012977680252921215,4.5,0.009000000000000001,-0.05839956113814547
BID/USDT:USDT,LONG,2025-09-09T11:21:00+00:00,2025-09-09T12:48:00+00:00,0.1037,0.11758,0.12889012589709398,0.1037,TP_PARTIAL,TP50,0.13384763741562203,0.12864763741562202,2.25,0.0045000000000000005,0.28945718418514954
BID/USDT:USDT,LONG,2025-09-09T11:21:00+00:00,2025-09-09T14:33:00+00:00,0.1037,0.10972,0.12889012589709398,0.1037,EXIT,heat<0.85,0.0580520732883317,0.0528520732883317,2.25,0.0045000000000000005,0.11891716489874632
BID/USDT:USDT,LONG,2025-09-09T14:36:00+00:00,2025-09-09T14:42:00+00:00,0.1134,0.12166,0.1263039645460584,0.1134,TP_PARTIAL,TP50,0.07283950617283953,0.06763950617283954,2.25,0.0045000000000000005,0.15218888888888896
IP/USDC:USDC,LONG,2025-09-09T14:39:00+00:00,2025-09-09T15:00:00+00:00,10.7136,11.2908,11.618086464554752,10.7136,TP_PARTIAL,TP50,0.05387544802867396,0.048675448028673955,2.25,0.0045000000000000005,0.1095197580645164
IP/USDT:USDT,LONG,2025-09-09T14:42:00+00:00,2025-09-09T15:00:00+00:00,10.81975,11.29221,11.72266388584671,10.81975,TP_PARTIAL,TP50,0.04366644330968829,0.038466443309688285,2.25,0.0045000000000000005,0.08654949744679864
IP/USDC:USDC,LONG,2025-09-09T14:39:00+00:00,2025-09-09T15:15:00+00:00,10.7136,11.618086464554752,11.618086464554752,10.7136,TP,TP,0.08442413983672643,0.07922413983672644,2.25,0.0045000000000000005,0.17825431463263447
IP/USDT:USDT,LONG,2025-09-09T14:42:00+00:00,2025-09-09T15:15:00+00:00,10.81975,11.72266388584671,11.72266388584671,10.81975,TP,TP,0.0834505312827662,0.0782505312827662,2.25,0.0045000000000000005,0.17606369538622393
BID/USDT:USDT,LONG,2025-09-09T14:36:00+00:00,2025-09-09T15:21:00+00:00,0.1134,0.1263039645460584,0.1263039645460584,0.1134,TP,TP,0.1137915744802329,0.1085915744802329,2.25,0.0045000000000000005,0.24433104258052404
IP/USDC:USDC,LONG,2025-09-09T15:15:00+00:00,2025-09-09T15:21:00+00:00,11.751,11.655043721812413,12.761066086185119,11.655043721812413,SL,SL,-0.008165796799215898,-0.013365796799215898,4.5,0.009000000000000001,-0.06014608559647154
IP/USDT:USDT,LONG,2025-09-09T15:15:00+00:00,2025-09-09T15:21:00+00:00,11.74574,11.647980151589616,12.774791035898783,11.647980151589616,SL,SL,-0.008323004630647678,-0.013523004630647678,4.5,0.009000000000000001,-0.06085352083791455
IP/USDT:USDT,LONG,2025-09-09T15:21:00+00:00,2025-09-09T15:30:00+00:00,11.02153,10.905370851115537,12.24425788299436,10.905370851115537,SL,SL,-0.010539294352459554,-0.015739294352459555,4.5,0.009000000000000001,-0.070826824586068
IP/USDC:USDC,LONG,2025-09-09T15:21:00+00:00,2025-09-09T15:30:00+00:00,11.0189,10.904282127481112,12.225403921251456,10.904282127481112,SL,SL,-0.01040193417844687,-0.01560193417844687,4.5,0.009000000000000001,-0.07020870380301092
BID/USDT:USDT,LONG,2025-09-09T15:21:00+00:00,2025-09-09T15:30:00+00:00,0.12841,0.1266884191285249,0.14653190391026397,0.1266884191285249,SL,SL,-0.013406906560821484,-0.018606906560821486,4.5,0.009000000000000001,-0.08373107952369668
BID/USDT:USDT,LONG,2025-09-09T15:30:00+00:00,2025-09-09T16:00:00+00:00,0.12313,0.12125012231245236,0.14291818618471208,0.12125012231245236,SL,SL,-0.015267422135528676,-0.020467422135528678,4.5,0.009000000000000001,-0.09210339960987905
BID/USDT:USDT,LONG,2025-09-09T16:00:00+00:00,2025-09-09T16:18:00+00:00,0.11846,0.12821,0.13643407134563587,0.11846,TP_PARTIAL,TP50,0.08230626371771058,0.07710626371771058,2.25,0.0045000000000000005,0.1734890933648488
IP/USDC:USDC,LONG,2025-09-09T15:30:00+00:00,2025-09-09T16:27:00+00:00,10.8742,11.3821,12.020359298465543,10.765314866645774,EXIT,heat<0.85,0.04670688418458363,0.04150688418458363,4.5,0.009000000000000001,0.18678097883062633
IP/USDT:USDT,LONG,2025-09-09T15:30:00+00:00,2025-09-09T16:36:00+00:00,10.87613,11.20325,12.038499474831854,10.765704899890974,EXIT,heat<0.85,0.03007687477071355,0.02487687477071355,4.5,0.009000000000000001,0.11194593646821097
X/USDT:USDT,LONG,2025-09-09T16:27:00+00:00,2025-09-09T16:39:00+00:00,5.773e-05,5.720700024147211e-05,6.323526061608306e-05,5.720700024147211e-05,SL,SL,-0.009059410333065818,-0.014259410333065818,4.5,0.009000000000000001,-0.06416734649879619
PROMPT/USDT:USDT,LONG,2025-09-09T16:36:00+00:00,2025-09-09T16:57:00+00:00,0.20956,0.207554761886616,0.23066776961456817,0.207554761886616,SL,SL,-0.009568801839015028,-0.014768801839015027,4.5,0.009000000000000001,-0.06645960827556763
PROMPT/USDT:USDT,LONG,2025-09-09T16:57:00+00:00,2025-09-09T17:03:00+00:00,0.20704,0.20485727580396415,0.23001604416879848,0.20485727580396415,SL,SL,-0.010542524130775943,-0.015742524130775943,4.5,0.009000000000000001,-0.07084135858849175
X/USDT:USDT,LONG,2025-09-09T16:39:00+00:00,2025-09-09T17:06:00+00:00,5.54e-05,5.486233168202532e-05,6.105966650499658e-05,5.486233168202532e-05,SL,SL,-0.00970520429557178,-0.01490520429557178,4.5,0.009000000000000001,-0.06707341933007302
PROMPT/USDT:USDT,LONG,2025-09-09T17:03:00+00:00,2025-09-09T17:15:00+00:00,0.19934,0.1970113020962752,0.22385260951289257,0.1970113020962752,SL,SL,-0.0116820402514537,-0.0168820402514537,4.5,0.009000000000000001,-0.07596918113154165
NAORIS/USDT:USDT,LONG,2025-09-09T17:45:00+00:00,2025-09-09T17:48:00+00:00,0.03956,0.04122,0.04275292998855226,0.03956,TP_PARTIAL,TP50,0.0419615773508595,0.0367615773508595,2.25,0.0045000000000000005,0.08271354903943387
NAORIS/USDT:USDT,LONG,2025-09-09T17:45:00+00:00,2025-09-09T17:51:00+00:00,0.03956,0.03956,0.04275292998855226,0.03956,SL,SL,0.0,-0.0052,2.25,0.0045000000000000005,-0.011699999999999999
NAORIS/USDT:USDT,LONG,2025-09-09T17:51:00+00:00,2025-09-09T17:54:00+00:00,0.03871,0.038291745454254046,0.04311267942890476,0.038291745454254046,SL,SL,-0.010804819058278356,-0.016004819058278358,4.5,0.009000000000000001,-0.07202168576225261
NAORIS/USDT:USDT,LONG,2025-09-09T17:54:00+00:00,2025-09-09T17:57:00+00:00,0.03525,0.03476336363609304,0.040372488041125844,0.03476336363609304,SL,SL,-0.013805286919346349,-0.019005286919346352,4.5,0.009000000000000001,-0.08552379113705859
NAORIS/USDT:USDT,LONG,2025-09-09T17:57:00+00:00,2025-09-09T18:00:00+00:00,0.03401,0.03348049480494354,0.03958373889533114,0.03348049480494354,SL,SL,-0.015569103059584142,-0.02076910305958414,4.5,0.009000000000000001,-0.09346096376812862
PROMPT/USDT:USDT,LONG,2025-09-09T17:15:00+00:00,2025-09-09T18:18:00+00:00,0.19664,0.19453120614253738,0.21883783007855387,0.19453120614253738,SL,SL,-0.010724134751132151,-0.01592413475113215,4.5,0.009000000000000001,-0.07165860638009466
TA/USDT:USDT,SHORT,2025-09-09T18:39:00+00:00,2025-09-09T18:45:00+00:00,0.13959,0.14075886937113544,0.12728611188278477,0.14075886937113544,SL,SL,-0.008373589591915215,-0.013573589591915215,4.5,0.009000000000000001,-0.061081153163618465
TA/USDT:USDT,SHORT,2025-09-09T18:45:00+00:00,2025-09-09T19:03:00+00:00,0.14085,0.14227391287613209,0.12586144340913585,0.14227391287613209,SL,SL,-0.010109427590572118,-0.015309427590572118,4.5,0.009000000000000001,-0.06889242415757453
NAORIS/USDT:USDT,LONG,2025-09-09T18:21:00+00:00,2025-09-09T19:33:00+00:00,0.0347,0.03754,0.03965712027410116,0.0347,TP_PARTIAL,TP50,0.08184438040345808,0.07664438040345808,2.25,0.0045000000000000005,0.1724498559077807
BAKE/USDT:USDT,LONG,2025-09-09T19:51:00+00:00,2025-09-09T19:57:00+00:00,0.0413,0.0409671020109974,0.044804189357922145,0.0409671020109974,SL,SL,-0.008060483995220356,-0.013260483995220356,4.5,0.009000000000000001,-0.0596721779784916
BID/USDT:USDT,LONG,2025-09-09T16:00:00+00:00,2025-09-09T20:00:00+00:00,0.11846,0.13643407134563587,0.13643407134563587,0.11846,TP,TP,0.15173114423126688,0.14653114423126687,2.25,0.0045000000000000005,0.32969507452035046
BAKE/USDT:USDT,LONG,2025-09-09T19:57:00+00:00,2025-09-09T20:00:00+00:00,0.0409,0.040509042040094694,0.045015346946371645,0.040509042040094694,SL,SL,-0.00955887432531309,-0.014758874325313089,4.5,0.009000000000000001,-0.0664149344639089
BID/USDT:USDT,LONG,2025-09-09T20:00:00+00:00,2025-09-09T20:03:00+00:00,0.13679,0.13555734722009116,0.14976529242009312,0.13555734722009116,SL,SL,-0.009011278455361012,-0.014211278455361012,4.5,0.009000000000000001,-0.06395075304912455
BAKE/USDT:USDT,LONG,2025-09-09T20:00:00+00:00,2025-09-09T20:03:00+00:00,0.0391,0.038669110465802216,0.043635679307345104,0.038669110465802216,SL,SL,-0.011020192690480485,-0.016220192690480487,4.5,0.009000000000000001,-0.07299086710716218
BAKE/USDT:USDT,LONG,2025-09-09T20:03:00+00:00,2025-09-09T20:06:00+00:00,0.0386,0.03816731686110206,0.04315455935682045,0.03816731686110206,SL,SL,-0.011209407743470075,-0.016409407743470075,4.5,0.009000000000000001,-0.07384233484561534
BAKE/USDT:USDT,LONG,2025-09-09T20:06:00+00:00,2025-09-09T20:12:00+00:00,0.0376,0.0418,0.042229233688476135,0.0376,TP_PARTIAL,TP50,0.11170212765957434,0.10650212765957434,2.25,0.0045000000000000005,0.23962978723404227
BID/USDT:USDT,LONG,2025-09-09T20:03:00+00:00,2025-09-09T20:15:00+00:00,0.13169,0.1303439938472275,0.1458584858186579,0.1303439938472275,SL,SL,-0.010221020220005313,-0.015421020220005313,4.5,0.009000000000000001,-0.0693945909900239
TA/USDT:USDT,SHORT,2025-09-09T20:12:00+00:00,2025-09-09T20:15:00+00:00,0.15018,0.1513864886717272,0.1374801192449771,0.1513864886717272,SL,SL,-0.00803361747054987,-0.01323361747054987,4.5,0.009000000000000001,-0.05955127861747441
BID/USDT:USDT,LONG,2025-09-09T20:15:00+00:00,2025-09-09T20:30:00+00:00,0.12879,0.1296,0.14282356527141524,0.12745681129921554,EXIT,heat<0.85,0.006289308176100669,0.001089308176100669,4.5,0.009000000000000001,0.004901886792453011
NAORIS/USDT:USDT,LONG,2025-09-09T18:21:00+00:00,2025-09-09T20:51:00+00:00,0.0347,0.03965712027410116,0.03965712027410116,0.0347,TP,TP,0.1428564920490248,0.1376564920490248,2.25,0.0045000000000000005,0.3097271071103058
BID/USDT:USDT,SHORT,2025-09-09T20:42:00+00:00,2025-09-09T20:54:00+00:00,0.1301,0.13111362327416687,0.11943028132455935,0.13111362327416687,SL,SL,-0.007791108948246541,-0.012991108948246542,4.5,0.009000000000000001,-0.058459990267109435
BAKE/USDT:USDT,LONG,2025-09-09T20:06:00+00:00,2025-09-09T21:30:00+00:00,0.0376,0.0376,0.042229233688476135,0.0376,SL,SL,0.0,-0.0052,2.25,0.0045000000000000005,-0.011699999999999999
NAORIS/USDT:USDT,LONG,2025-09-09T21:27:00+00:00,2025-09-09T21:30:00+00:00,0.03699,0.036500411103452236,0.04214356733208174,0.036500411103452236,SL,SL,-0.013235709557928242,-0.01843570955792824,4.5,0.009000000000000001,-0.08296069301067707
BAKE/USDT:USDT,LONG,2025-09-09T21:30:00+00:00,2025-09-09T22:00:00+00:00,0.037,0.03660434247754149,0.04116481602587903,0.03660434247754149,SL,SL,-0.01069344655293264,-0.01589344655293264,4.5,0.009000000000000001,-0.07152050948819688
NAORIS/USDT:USDT,LONG,2025-09-09T21:30:00+00:00,2025-09-09T22:12:00+00:00,0.03585,0.03858,0.04129545537979019,0.03585,TP_PARTIAL,TP50,0.07615062761506285,0.07095062761506285,2.25,0.0045000000000000005,0.15963891213389142
NAORIS/USDT:USDT,LONG,2025-09-09T21:30:00+00:00,2025-09-09T22:33:00+00:00,0.03585,0.03585,0.04129545537979019,0.03585,SL,SL,0.0,-0.0052,2.25,0.0045000000000000005,-0.011699999999999999
BID/USDT:USDT,LONG,2025-09-09T22:30:00+00:00,2025-09-09T22:33:00+00:00,0.14737,0.14621340710560946,0.15954466204621615,0.14621340710560946,SL,SL,-0.007848224838098295,-0.013048224838098295,4.5,0.009000000000000001,-0.058717011771442326
BID/USDT:USDT,LONG,2025-09-09T22:33:00+00:00,2025-09-09T22:42:00+00:00,0.14548,0.15321,0.15855075761434356,0.14548,TP_PARTIAL,TP50,0.053134451470992675,0.04793445147099267,2.25,0.0045000000000000005,0.10785251580973351
NAORIS/USDT:USDT,LONG,2025-09-09T22:33:00+00:00,2025-09-09T22:42:00+00:00,0.0357,0.03531633652010047,0.03973856294631081,0.03531633652010047,SL,SL,-0.010746876187661882,-0.01594687618766188,4.5,0.009000000000000001,-0.07176094284447847
NAORIS/USDT:USDT,SHORT,2025-09-09T22:45:00+00:00,2025-09-09T22:48:00+00:00,0.03133,0.03177288615288969,0.026668040495897976,0.03177288615288969,SL,SL,-0.014136168301617954,-0.019336168301617954,4.5,0.009000000000000001,-0.08701275735728078
BID/USDT:USDT,LONG,2025-09-09T22:33:00+00:00,2025-09-09T22:51:00+00:00,0.14548,0.15855075761434356,0.15855075761434356,0.14548,TP,TP,0.0898457355948829,0.0846457355948829,2.25,0.0045000000000000005,0.19045290508848653
BID/USDT:USDT,LONG,2025-09-09T22:51:00+00:00,2025-09-09T23:18:00+00:00,0.1593,0.15785209153019195,0.17454114178745303,0.15785209153019195,SL,SL,-0.009089193156359393,-0.014289193156359393,4.5,0.009000000000000001,-0.06430136920361727
BID/USDT:USDT,LONG,2025-09-09T23:18:00+00:00,2025-09-09T23:33:00+00:00,0.15318,0.1511816580554083,0.174215178364123,0.1511816580554083,SL,SL,-0.013045710566599407,-0.018245710566599405,4.5,0.009000000000000001,-0.08210569754969732
NAORIS/USDT:USDT,LONG,2025-09-09T23:21:00+00:00,2025-09-09T23:33:00+00:00,0.03629,0.035864765923872506,0.04076614816976311,0.035864765923872506,SL,SL,-0.011717665365872048,-0.016917665365872046,4.5,0.009000000000000001,-0.07612949414642421
BID/USDT:USDT,LONG,2025-09-09T23:33:00+00:00,2025-09-09T23:48:00+00:00,0.143,0.14091279807551674,0.1649705465735079,0.14091279807551674,SL,SL,-0.014595817653729026,-0.01979581765372903,4.5,0.009000000000000001,-0.08908117944178064
NAORIS/USDT:USDT,SHORT,2025-09-09T23:48:00+00:00,2025-09-09T23:54:00+00:00,0.03506,0.03457,0.03101917915272904,0.03544387798049074,EXIT,heat<0.85,0.013976041072447357,0.008776041072447357,4.5,0.009000000000000001,0.039492184826013105
BID/USDT:USDT,LONG,2025-09-09T23:48:00+00:00,2025-09-10T00:00:00+00:00,0.1378,0.13584674728619928,0.15836055488211287,0.13584674728619928,SL,SL,-0.014174547995651156,-0.019374547995651158,4.5,0.009000000000000001,-0.08718546598043021
BID/USDT:USDT,LONG,2025-09-10T00:00:00+00:00,2025-09-10T00:09:00+00:00,0.13263,0.14357,0.15238251582642717,0.13263,TP_PARTIAL,TP50,0.08248510894970976,0.07728510894970976,2.25,0.0045000000000000005,0.17389149513684696
NAORIS/USDT:USDT,LONG,2025-09-10T00:00:00+00:00,2025-09-10T00:15:00+00:00,0.03436,0.03402293565699719,0.037908045715819086,0.03402293565699719,SL,SL,-0.009809788795192424,-0.015009788795192424,4.5,0.009000000000000001,-0.0675440495783659
PROMPT/USDT:USDT,LONG,2025-09-10T00:09:00+00:00,2025-09-10T00:18:00+00:00,0.22656,0.22475499967995502,0.24556000336889458,0.22475499967995502,SL,SL,-0.0079669858759048,-0.0131669858759048,4.5,0.009000000000000001,-0.059251436441571596
BID/USDT:USDT,LONG,2025-09-10T00:00:00+00:00,2025-09-10T00:24:00+00:00,0.13263,0.13263,0.15238251582642717,0.13263,SL,SL,0.0,-0.0052,2.25,0.0045000000000000005,-0.011699999999999999
PROMPT/USDT:USDT,LONG,2025-09-10T00:18:00+00:00,2025-09-10T00:24:00+00:00,0.22419,0.22223850032684445,0.24473210182269,0.22223850032684445,SL,SL,-0.008704668687968039,-0.013904668687968039,4.5,0.009000000000000001,-0.06257100909585617
PROMPT/USDT:USDT,LONG,2025-09-10T00:24:00+00:00,2025-09-10T00:27:00+00:00,0.21861,0.2166335854859016,0.23941436330629906,0.2166335854859016,SL,SL,-0.009040823906035462,-0.014240823906035462,4.5,0.009000000000000001,-0.06408370757715957
PROMPT/USDT:USDT,LONG,2025-09-10T00:27:00+00:00,2025-09-10T00:51:00+00:00,0.21636,0.21440071509405148,0.2369840516415634,0.21440071509405148,SL,SL,-0.009055670669016991,-0.014255670669016991,4.5,0.009000000000000001,-0.06415051801057646
PROMPT/USDT:USDT,LONG,2025-09-10T00:51:00+00:00,2025-09-10T01:21:00+00:00,0.2139,0.2121056892816183,0.23278748124612314,0.2121056892816183,SL,SL,-0.008388549408049128,-0.013588549408049128,4.5,0.009000000000000001,-0.061148472336221074
KAITO/USDC:USDC,LONG,2025-09-10T00:33:00+00:00,2025-09-10T01:24:00+00:00,1.3818,1.4002,1.4987923800838334,1.3706857238920358,EXIT,heat<0.85,0.01331596468374582,0.00811596468374582,4.5,0.009000000000000001,0.03652184107685619
PROMPT/USDT:USDT,LONG,2025-09-10T01:24:00+00:00,2025-09-10T01:36:00+00:00,0.20977,0.2081657059090332,0.22665730622070346,0.2081657059090332,SL,SL,-0.007647871911936041,-0.01284787191193604,4.5,0.009000000000000001,-0.05781542360371218
PRCL/USDT:USDT,LONG,2025-09-10T01:45:00+00:00,2025-09-10T01:51:00+00:00,0.09692,0.09617612033033944,0.1047503123122165,0.09617612033033944,SL,SL,-0.0076751926295972545,-0.012875192629597255,4.5,0.009000000000000001,-0.05793836683318765
BID/USDT:USDT,LONG,2025-09-10T00:24:00+00:00,2025-09-10T02:12:00+00:00,0.12959,0.13285,0.14940191508861234,0.12770786806658183,EXIT,heat<0.85,0.02515626205725739,0.01995626205725739,4.5,0.009000000000000001,0.08980317925765825
GORK/USDT:USDT,LONG,2025-09-10T01:51:00+00:00,2025-09-10T02:33:00+00:00,0.01289,0.013,0.01402199819325766,0.012782460171640522,EXIT,heat<0.85,0.008533747090767959,0.003333747090767959,4.5,0.009000000000000001,0.015001861908455816
PRCL/USDT:USDT,LONG,2025-09-10T02:12:00+00:00,2025-09-10T02:48:00+00:00,0.09883,0.10406,0.10772485299509857,0.09883,TP_PARTIAL,TP50,0.05291915410300514,0.04771915410300514,2.25,0.0045000000000000005,0.10736809673176156
BAKE/USDT:USDT,LONG,2025-09-10T02:51:00+00:00,2025-09-10T03:00:00+00:00,0.0423,0.04569461727129043,0.04569461727129043,0.04197751135922741,TP,TP,0.08025099932128676,0.07505099932128677,4.5,0.009000000000000001,0.33772949694579046
BAKE/USDT:USDT,LONG,2025-09-10T03:00:00+00:00,2025-09-10T03:09:00+00:00,0.0457,0.04530529389804031,0.04985480107325986,0.04530529389804031,SL,SL,-0.008636895010058761,-0.013836895010058761,4.5,0.009000000000000001,-0.062266027545264425
BAKE/USDT:USDT,LONG,2025-09-10T03:09:00+00:00,2025-09-10T03:12:00+00:00,0.0427,0.04216517153571231,0.04832977330829152,0.04216517153571231,SL,SL,-0.012525256774887417,-0.01772525677488742,4.5,0.009000000000000001,-0.07976365548699339
BAKE/USDT:USDT,LONG,2025-09-10T03:12:00+00:00,2025-09-10T03:15:00+00:00,0.0421,0.04153551642601857,0.04804193235769926,0.04153551642601857,SL,SL,-0.01340816090217172,-0.018608160902171718,4.5,0.009000000000000001,-0.08373672405977273
PRCL/USDT:USDT,LONG,2025-09-10T02:12:00+00:00,2025-09-10T03:27:00+00:00,0.09883,0.0999,0.10772485299509857,0.09883,EXIT,heat<0.85,0.010826672063138738,0.005626672063138738,2.25,0.0045000000000000005,0.01266001214206216
10000SATS/USDT:USDT,LONG,2025-09-10T03:30:00+00:00,2025-09-10T03:33:00+00:00,0.000467,0.00046300171689425733,0.0005090871905867651,0.00046300171689425733,SL,SL,-0.00856163405940619,-0.01376163405940619,4.5,0.009000000000000001,-0.06192735326732786
OMNINETWORK/USDT:USDT,LONG,2025-09-10T03:33:00+00:00,2025-09-10T03:36:00+00:00,3.833,3.800953260185997,4.170334103305296,3.800953260185997,SL,SL,-0.008360746103314163,-0.013560746103314163,4.5,0.009000000000000001,-0.06102335746491373
BAKE/USDT:USDT,LONG,2025-09-10T03:15:00+00:00,2025-09-10T03:54:00+00:00,0.041,0.0446,0.047146080046435036,0.041,TP_PARTIAL,TP50,0.08780487804878045,0.08260487804878046,2.25,0.0045000000000000005,0.18586097560975604
10000SATS/USDT:USDT,LONG,2025-09-10T03:33:00+00:00,2025-09-10T04:00:00+00:00,0.000453,0.000481,0.0004989381055448533,0.000453,TP_PARTIAL,TP50,0.06181015452538626,0.05661015452538626,2.25,0.0045000000000000005,0.1273728476821191
OMNINETWORK/USDT:USDT,LONG,2025-09-10T03:36:00+00:00,2025-09-10T04:00:00+00:00,3.788,3.7554737416012824,4.130381667354918,3.7554737416012824,SL,SL,-0.00858665744422317,-0.01378665744422317,4.5,0.009000000000000001,-0.06203995849900426
OMNINETWORK/USDT:USDT,LONG,2025-09-10T04:00:00+00:00,2025-09-10T04:15:00+00:00,3.617,3.586368146860375,3.9394405593644737,3.586368146860375,SL,SL,-0.008468856273050815,-0.013668856273050815,4.5,0.009000000000000001,-0.061509853228728664
10000SATS/USDT:USDT,LONG,2025-09-10T03:33:00+00:00,2025-09-10T04:18:00+00:00,0.000453,0.0004989381055448533,0.0004989381055448533,0.000453,TP,TP,0.1014086215118175,0.0962086215118175,2.25,0.0045000000000000005,0.21646939840158938
10000SATS/USDT:USDT,LONG,2025-09-10T04:18:00+00:00,2025-09-10T04:21:00+00:00,0.000502,0.0004978171553145315,0.0005460299440575621,0.0004978171553145315,SL,SL,-0.008332359931211985,-0.013532359931211985,4.5,0.009000000000000001,-0.060895619690453935
10000SATS/USDT:USDT,LONG,2025-09-10T04:21:00+00:00,2025-09-10T04:24:00+00:00,0.000497,0.0004928173585063508,0.0005410278051963078,0.0004928173585063508,SL,SL,-0.008415777653217809,-0.013615777653217809,4.5,0.009000000000000001,-0.06127099943948014
10000SATS/USDT:USDT,LONG,2025-09-10T04:24:00+00:00,2025-09-10T04:27:00+00:00,0.000485,0.0004807632614701829,0.0005295972476822857,0.0004807632614701829,SL,SL,-0.008735543360447684,-0.013935543360447684,4.5,0.009000000000000001,-0.06270994512201458
BAKE/USDT:USDT,LONG,2025-09-10T03:15:00+00:00,2025-09-10T04:45:00+00:00,0.041,0.047146080046435036,0.047146080046435036,0.041,TP,TP,0.14990439137646425,0.14470439137646424,2.25,0.0045000000000000005,0.32558488059704455
BAKE/USDT:USDT,LONG,2025-09-10T04:45:00+00:00,2025-09-10T04:48:00+00:00,0.0474,0.046942391098787624,0.05221693580223552,0.046942391098787624,SL,SL,-0.009654196228109152,-0.014854196228109151,4.5,0.009000000000000001,-0.06684388302649118
BAKE/USDT:USDT,LONG,2025-09-10T04:48:00+00:00,2025-09-10T04:57:00+00:00,0.0469,0.0513,0.05163001181636155,0.0469,TP_PARTIAL,TP50,0.093816631130064,0.088616631130064,2.25,0.0045000000000000005,0.199387420042644
BAKE/USDT:USDT,LONG,2025-09-10T04:48:00+00:00,2025-09-10T05:00:00+00:00,0.0469,0.05163001181636155,0.05163001181636155,0.0469,TP,TP,0.10085313041282631,0.09565313041282632,2.25,0.0045000000000000005,0.2152195434288592
BAKE/USDT:USDT,LONG,2025-09-10T05:00:00+00:00,2025-09-10T05:03:00+00:00,0.0556,0.0592,0.0622175100866072,0.0556,TP_PARTIAL,TP50,0.06474820143884903,0.05954820143884903,2.25,0.0045000000000000005,0.13398345323741032
10000SATS/USDT:USDT,LONG,2025-09-10T04:27:00+00:00,2025-09-10T05:06:00+00:00,0.000473,0.0004686587427937412,0.0005186974442764082,0.0004686587427937412,SL,SL,-0.009178133628454077,-0.014378133628454077,4.5,0.009000000000000001,-0.06470160132804334
BAKE/USDT:USDT,LONG,2025-09-10T05:00:00+00:00,2025-09-10T05:09:00+00:00,0.0556,0.0622175100866072,0.0622175100866072,0.0556,TP,TP,0.11901996558646045,0.11381996558646046,2.25,0.0045000000000000005,0.25609492256953603
HIFI/USDT:USDT,LONG,2025-09-10T05:12:00+00:00,2025-09-10T05:15:00+00:00,0.07025,0.0744,0.07607982046552345,0.07025,TP_PARTIAL,TP50,0.05907473309608522,0.05387473309608522,2.25,0.0045000000000000005,0.12121814946619174
BAKE/USDT:USDT,LONG,2025-09-10T05:09:00+00:00,2025-09-10T05:21:00+00:00,0.0634,0.0699,0.07313245978873033,0.0634,TP_PARTIAL,TP50,0.10252365930599379,0.09732365930599379,2.25,0.0045000000000000005,0.21897823343848605
BAKE/USDT:USDT,LONG,2025-09-10T05:09:00+00:00,2025-09-10T05:24:00+00:00,0.0634,0.07313245978873033,0.07313245978873033,0.0634,TP,TP,0.1535088294752418,0.1483088294752418,2.25,0.0045000000000000005,0.333694866319294
HIFI/USDT:USDT,LONG,2025-09-10T05:12:00+00:00,2025-09-10T05:24:00+00:00,0.07025,0.07607982046552345,0.07607982046552345,0.07025,TP,TP,0.08298676819250446,0.07778676819250446,2.25,0.0045000000000000005,0.17502022843313503
AVAAI/USDT:USDT,LONG,2025-09-10T05:21:00+00:00,2025-09-10T05:24:00+00:00,0.02477,0.024541799796731618,0.027172107402825066,0.024541799796731618,SL,SL,-0.009212765574016254,-0.014412765574016254,4.5,0.009000000000000001,-0.06485744508307315
10000SATS/USDT:USDT,LONG,2025-09-10T05:06:00+00:00,2025-09-10T05:27:00+00:00,0.00046,0.0004558851392792211,0.0005033143233766206,0.0004558851392792211,SL,SL,-0.008945349392997681,-0.014145349392997681,4.5,0.009000000000000001,-0.06365407226848957
HIFI/USDT:USDT,LONG,2025-09-10T05:24:00+00:00,2025-09-10T05:30:00+00:00,0.07861,0.07786001668783833,0.08650456118064909,0.07786001668783833,SL,SL,-0.00954055860783192,-0.01474055860783192,4.5,0.009000000000000001,-0.06633251373524364
HIFI/USDT:USDT,LONG,2025-09-10T05:30:00+00:00,2025-09-10T05:36:00+00:00,0.07654,0.07543316234818713,0.08819092265066171,0.07543316234818713,SL,SL,-0.014460904779368526,-0.019660904779368528,4.5,0.009000000000000001,-0.08847407150715837
BAKE/USDT:USDT,LONG,2025-09-10T05:24:00+00:00,2025-09-10T05:39:00+00:00,0.0766,0.07528175916234303,0.09047621934375753,0.07528175916234303,SL,SL,-0.01720941041327637,-0.02240941041327637,4.5,0.009000000000000001,-0.10084234685974366
HIFI/USDT:USDT,LONG,2025-09-10T05:36:00+00:00,2025-09-10T05:45:00+00:00,0.07448,0.08108,0.08679656085694812,0.07448,TP_PARTIAL,TP50,0.08861439312567125,0.08341439312567125,2.25,0.0045000000000000005,0.18768238453276032
BAKE/USDT:USDT,LONG,2025-09-10T05:39:00+00:00,2025-09-10T05:45:00+00:00,0.0715,0.0867,0.09100725796692183,0.0715,TP_PARTIAL,TP50,0.21258741258741268,0.20738741258741267,2.25,0.0045000000000000005,0.4666216783216785
BAKE/USDT:USDT,LONG,2025-09-10T05:39:00+00:00,2025-09-10T05:57:00+00:00,0.0715,0.09100725796692183,0.09100725796692183,0.0715,TP,TP,0.27282878275415157,0.2676287827541516,2.25,0.0045000000000000005,0.602164761196841
HIFI/USDT:USDT,LONG,2025-09-10T05:36:00+00:00,2025-09-10T06:00:00+00:00,0.07448,0.08679656085694812,0.08679656085694812,0.07448,TP,TP,0.16536735844452355,0.16016735844452354,2.25,0.0045000000000000005,0.36037655650017797
10000SATS/USDT:USDT,LONG,2025-09-10T05:27:00+00:00,2025-09-10T06:03:00+00:00,0.000447,0.0004432800959149368,0.0004861568851059289,0.0004432800959149368,SL,SL,-0.008321933076204083,-0.013521933076204083,4.5,0.009000000000000001,-0.060848698842918374
BAKE/USDT:USDT,LONG,2025-09-10T06:00:00+00:00,2025-09-10T06:09:00+00:00,0.1051,0.10281179623658773,0.12918635540433965,0.10281179623658773,SL,SL,-0.021771681859298446,-0.02697168185929845,4.5,0.009000000000000001,-0.12137256836684301
HIFI/USDT:USDT,LONG,2025-09-10T06:03:00+00:00,2025-09-10T06:09:00+00:00,0.09395,0.09223961321774697,0.1119540713921372,0.09223961321774697,SL,SL,-0.018205287730207922,-0.023405287730207926,4.5,0.009000000000000001,-0.10532379478593566
BSW/USDT:USDT,LONG,2025-09-10T05:48:00+00:00,2025-09-10T06:12:00+00:00,0.01735,0.017150868876791223,0.019446117086408195,0.017150868876791223,SL,SL,-0.011477298167652921,-0.01667729816765292,4.5,0.009000000000000001,-0.07504784175443814
HIFI/USDT:USDT,LONG,2025-09-10T06:09:00+00:00,2025-09-10T06:27:00+00:00,0.08152,0.07954694302958794,0.10228902074117951,0.07954694302958794,SL,SL,-0.024203348508489417,-0.02940334850848942,4.5,0.009000000000000001,-0.1323150682882024
VELVET/USDT:USDT,LONG,2025-09-10T06:12:00+00:00,2025-09-10T06:33:00+00:00,0.08794,0.09215,0.0960629121153181,0.08794,TP_PARTIAL,TP50,0.047873550147827966,0.04267355014782796,2.25,0.0045000000000000005,0.09601548783261292
HIFI/USDT:USDT,LONG,2025-09-10T06:27:00+00:00,2025-09-10T06:48:00+00:00,0.07884,0.07698154120109159,0.0984027241990359,0.07698154120109159,SL,SL,-0.023572536769513004,-0.028772536769513003,4.5,0.009000000000000001,-0.12947641546280853
VELVET/USDT:USDT,LONG,2025-09-10T06:12:00+00:00,2025-09-10T06:57:00+00:00,0.08794,0.09307,0.0960629121153181,0.08794,EXIT,heat<0.85,0.058335228564930584,0.05313522856493058,2.25,0.0045000000000000005,0.11955426427109381
HIFI/USDT:USDT,LONG,2025-09-10T06:48:00+00:00,2025-09-10T07:30:00+00:00,0.07582,0.07420587929973844,0.0928107442132795,0.07420587929973844,SL,SL,-0.021288851230038958,-0.02648885123003896,4.5,0.009000000000000001,-0.11919983053517533
BROCCOLIF3B/USDT:USDT,LONG,2025-09-10T07:30:00+00:00,2025-09-10T07:33:00+00:00,0.01492,0.015866,0.01674938491799682,0.01492,TP_PARTIAL,TP50,0.06340482573726558,0.05820482573726558,2.25,0.0045000000000000005,0.13096085790884754
BROCCOLIF3B/USDT:USDT,LONG,2025-09-10T07:30:00+00:00,2025-09-10T07:45:00+00:00,0.01492,0.01492,0.01674938491799682,0.01492,SL,SL,0.0,-0.0052,2.25,0.0045000000000000005,-0.011699999999999999
BROCCOLIF3B/USDT:USDT,LONG,2025-09-10T07:45:00+00:00,2025-09-10T07:51:00+00:00,0.014105,0.013842108578821342,0.01687227811767008,0.013842108578821342,SL,SL,-0.018638172362896662,-0.023838172362896662,4.5,0.009000000000000001,-0.10727177563303497
NAORIS/USDT:USDT,LONG,2025-09-10T06:57:00+00:00,2025-09-10T08:03:00+00:00,0.04026,0.04165,0.043780309335025074,0.03992557061317262,EXIT,heat<0.85,0.03452558370591163,0.02932558370591163,4.5,0.009000000000000001,0.13196512667660235
B2/USDT:USDT,LONG,2025-09-10T08:03:00+00:00,2025-09-10T08:24:00+00:00,0.4959,0.5387,0.5648534534251881,0.4959,TP_PARTIAL,TP50,0.0863077233313167,0.0811077233313167,2.25,0.0045000000000000005,0.18249237749546257
B2/USDT:USDT,LONG,2025-09-10T08:03:00+00:00,2025-09-10T08:36:00+00:00,0.4959,0.4959,0.5648534534251881,0.4959,SL,SL,0.0,-0.0052,2.25,0.0045000000000000005,-0.011699999999999999
VELVET/USDT:USDT,LONG,2025-09-10T08:36:00+00:00,2025-09-10T09:03:00+00:00,0.09801,0.10474,0.10923824726164821,0.09801,TP_PARTIAL,TP50,0.06866646260585654,0.06346646260585655,2.25,0.0045000000000000005,0.14279954086317723
HIFI/USDT:USDT,LONG,2025-09-10T07:51:00+00:00,2025-09-10T09:21:00+00:00,0.07409,0.0791,0.08410196743626028,0.07409,TP_PARTIAL,TP50,0.06762046160075584,0.062420461600755844,2.25,0.0045000000000000005,0.14044603860170066
BAKE/USDT:USDT,LONG,2025-09-10T06:09:00+00:00,2025-09-10T09:39:00+00:00,0.0921,0.1156,0.12271593397351832,0.0921,TP_PARTIAL,TP50,0.25515743756786097,0.24995743756786098,2.25,0.0045000000000000005,0.5624042345276872
VELVET/USDT:USDT,LONG,2025-09-10T08:36:00+00:00,2025-09-10T09:39:00+00:00,0.09801,0.10923824726164821,0.10923824726164821,0.09801,TP,TP,0.11456226162277537,0.10936226162277538,2.25,0.0045000000000000005,0.2460650886512446
VELVET/USDT:USDT,LONG,2025-09-10T09:39:00+00:00,2025-09-10T09:42:00+00:00,0.10984,0.10874019924846043,0.12141685001620599,0.10874019924846043,SL,SL,-0.010012752654220363,-0.015212752654220363,4.5,0.009000000000000001,-0.06845738694399163
BAKE/USDT:USDT,LONG,2025-09-10T06:09:00+00:00,2025-09-10T09:45:00+00:00,0.0921,0.12271593397351832,0.12271593397351832,0.0921,TP,TP,0.3324205643161598,0.3272205643161598,2.25,0.0045000000000000005,0.7362462697113595
HIFI/USDT:USDT,LONG,2025-09-10T07:51:00+00:00,2025-09-10T09:45:00+00:00,0.07409,0.08410196743626028,0.08410196743626028,0.07409,TP,TP,0.13513250690053008,0.12993250690053007,2.25,0.0045000000000000005,0.2923481405261927
B2/USDT:USDT,LONG,2025-09-10T09:21:00+00:00,2025-09-10T09:54:00+00:00,0.4598,0.4649,0.5106819838712842,0.454966211532228,EXIT,heat<0.85,0.011091779034362752,0.005891779034362752,4.5,0.009000000000000001,0.026513005654632382
VELVET/USDT:USDT,LONG,2025-09-10T09:42:00+00:00,2025-09-10T09:54:00+00:00,0.10864,0.11458,0.120178503586477,0.10864,TP_PARTIAL,TP50,0.05467599410898381,0.0494759941089838,2.25,0.0045000000000000005,0.11132098674521355
BAKE/USDT:USDT,LONG,2025-09-10T09:45:00+00:00,2025-09-10T10:00:00+00:00,0.1304,0.1458,0.15227150704617484,0.1304,TP_PARTIAL,TP50,0.11809815950920266,0.11289815950920266,2.25,0.0045000000000000005,0.25402085889570597
HIFI/USDT:USDT,LONG,2025-09-10T09:54:00+00:00,2025-09-10T10:06:00+00:00,0.0871,0.09225,0.09696744393183458,0.0871,TP_PARTIAL,TP50,0.059127439724454674,0.05392743972445467,2.25,0.0045000000000000005,0.12133673938002301
BSW/USDT:USDT,LONG,2025-09-10T10:00:00+00:00,2025-09-10T10:06:00+00:00,0.0206,0.02295259632534502,0.02295259632534502,0.020376503349092225,TP,TP,0.11420370511383593,0.10900370511383593,4.5,0.009000000000000001,0.4905166730122617
HIFI/USDT:USDT,LONG,2025-09-10T09:54:00+00:00,2025-09-10T10:09:00+00:00,0.0871,0.09696744393183458,0.09696744393183458,0.0871,TP,TP,0.11328867889591947,0.10808867889591947,2.25,0.0045000000000000005,0.2431995275158188
BSW/USDT:USDT,LONG,2025-09-10T10:06:00+00:00,2025-09-10T10:12:00+00:00,0.0245,0.027902799892771984,0.027902799892771984,0.024176734010186662,TP,TP,0.13888979154171358,0.13368979154171357,4.5,0.009000000000000001,0.601604061937711
HIFI/USDT:USDT,LONG,2025-09-10T10:09:00+00:00,2025-09-10T10:12:00+00:00,0.09818,0.09696863606518238,0.11093119931386972,0.09696863606518238,SL,SL,-0.012338194487855156,-0.017538194487855156,4.5,0.009000000000000001,-0.0789218751953482
HIFI/USDT:USDT,LONG,2025-09-10T10:12:00+00:00,2025-09-10T10:15:00+00:00,0.09396,0.0927032477748122,0.10718897079145044,0.0927032477748122,SL,SL,-0.013375396181223912,-0.018575396181223912,4.5,0.009000000000000001,-0.0835892828155076
BSW/USDT:USDT,LONG,2025-09-10T10:12:00+00:00,2025-09-10T10:18:00+00:00,0.02872,0.033296699907543185,0.033296699907543185,0.028285213508783397,TP,TP,0.15935584636292432,0.15415584636292431,4.5,0.009000000000000001,0.6937013086331594
BSW/USDT:USDT,LONG,2025-09-10T10:18:00+00:00,2025-09-10T10:21:00+00:00,0.03346,0.03275696981114486,0.04086031777742244,0.03275696981114486,SL,SL,-0.021011063623883244,-0.026211063623883243,4.5,0.009000000000000001,-0.1179497863074746
BAKE/USDT:USDT,LONG,2025-09-10T09:45:00+00:00,2025-09-10T10:24:00+00:00,0.1304,0.15227150704617484,0.15227150704617484,0.1304,TP,TP,0.1677262810289483,0.16252628102894828,2.25,0.0045000000000000005,0.36568413231513364
HIFI/USDT:USDT,LONG,2025-09-10T10:15:00+00:00,2025-09-10T10:24:00+00:00,0.08608,0.099,0.10210404430634684,0.08608,TP_PARTIAL,TP50,0.15009293680297398,0.14489293680297397,2.25,0.0045000000000000005,0.3260091078066914
HIFI/USDT:USDT,LONG,2025-09-10T10:15:00+00:00,2025-09-10T10:30:00+00:00,0.08608,0.10210404430634684,0.10210404430634684,0.08608,TP,TP,0.18615293106815564,0.18095293106815563,2.25,0.0045000000000000005,0.4071440949033502
BAKE/USDT:USDT,LONG,2025-09-10T10:24:00+00:00,2025-09-10T10:30:00+00:00,0.1556,0.15279484718373895,0.18512792438169506,0.15279484718373895,SL,SL,-0.0180279743975645,-0.0232279743975645,4.5,0.009000000000000001,-0.10452588478904025
BSW/USDT:USDT,LONG,2025-09-10T10:21:00+00:00,2025-09-10T10:33:00+00:00,0.03123,0.030488700538920235,0.03903315222189227,0.030488700538920235,SL,SL,-0.023736774290098156,-0.02893677429009816,4.5,0.009000000000000001,-0.13021548430544172
BAKE/USDT:USDT,LONG,2025-09-10T10:30:00+00:00,2025-09-10T10:36:00+00:00,0.1525,0.1714,0.1814562205127881,0.1525,TP_PARTIAL,TP50,0.1239344262295082,0.11873442622950821,2.25,0.0045000000000000005,0.26715245901639345
BAKE/USDT:USDT,LONG,2025-09-10T10:30:00+00:00,2025-09-10T10:39:00+00:00,0.1525,0.1814562205127881,0.1814562205127881,0.1525,TP,TP,0.18987685582156127,0.18467685582156126,2.25,0.0045000000000000005,0.41552292559851284
VELVET/USDT:USDT,LONG,2025-09-10T09:42:00+00:00,2025-09-10T10:42:00+00:00,0.10864,0.10864,0.120178503586477,0.10864,SL,SL,0.0,-0.0052,2.25,0.0045000000000000005,-0.011699999999999999
HIFI/USDT:USDT,LONG,2025-09-10T10:36:00+00:00,2025-09-10T10:42:00+00:00,0.10769,0.10563458876806023,0.12932590770462915,0.10563458876806023,SL,SL,-0.019086370433092824,-0.024286370433092827,4.5,0.009000000000000001,-0.10928866694891773
BAKE/USDT:USDT,LONG,2025-09-10T10:42:00+00:00,2025-09-10T10:45:00+00:00,0.1937,0.190188676219902,0.2306613029484002,0.190188676219902,SL,SL,-0.018127639546195274,-0.023327639546195274,4.5,0.009000000000000001,-0.10497437795787873
BSW/USDT:USDT,LONG,2025-09-10T10:33:00+00:00,2025-09-10T10:48:00+00:00,0.03001,0.02916228398303053,0.03893332649441548,0.02916228398303053,SL,SL,-0.0282477846374365,-0.0334477846374365,4.5,0.009000000000000001,-0.15051503086846424
BAKE/USDT:USDT,LONG,2025-09-10T10:45:00+00:00,2025-09-10T10:51:00+00:00,0.1884,0.213,0.22663549559494303,0.1884,TP_PARTIAL,TP50,0.1305732484076432,0.1253732484076432,2.25,0.0045000000000000005,0.28208980891719715
BSW/USDT:USDT,LONG,2025-09-10T10:48:00+00:00,2025-09-10T10:51:00+00:00,0.0276,0.02672268536084547,0.036834890938468735,0.02672268536084547,SL,SL,-0.03178676228820755,-0.036986762288207554,4.5,0.009000000000000001,-0.166440430296934
HIFI/USDT:USDT,LONG,2025-09-10T10:42:00+00:00,2025-09-10T10:57:00+00:00,0.10425,0.10209978725409274,0.12688381837797108,0.10209978725409274,SL,SL,-0.020625541927167878,-0.025825541927167878,4.5,0.009000000000000001,-0.11621493867225545
BAKE/USDT:USDT,LONG,2025-09-10T10:45:00+00:00,2025-09-10T10:57:00+00:00,0.1884,0.1884,0.22663549559494303,0.1884,SL,SL,0.0,-0.0052,2.25,0.0045000000000000005,-0.011699999999999999
BSW/USDT:USDT,LONG,2025-09-10T10:51:00+00:00,2025-09-10T11:00:00+00:00,0.0263,0.025419664977927938,0.03556668444286382,0.025419664977927938,SL,SL,-0.03347281452745484,-0.038672814527454843,4.5,0.009000000000000001,-0.1740276653735468
BAKE/USDT:USDT,LONG,2025-09-10T10:57:00+00:00,2025-09-10T11:00:00+00:00,0.1685,0.16306197805549041,0.22574233625799586,0.16306197805549041,SL,SL,-0.03227312726711927,-0.03747312726711927,4.5,0.009000000000000001,-0.16862907270203673
BAKE/USDT:USDT,LONG,2025-09-10T11:00:00+00:00,2025-09-10T11:27:00+00:00,0.162,0.194,0.22423931223956758,0.162,TP_PARTIAL,TP50,0.19753086419753085,0.19233086419753084,2.25,0.0045000000000000005,0.4327444444444444
BAKE/USDT:USDT,LONG,2025-09-10T11:00:00+00:00,2025-09-10T12:00:00+00:00,0.162,0.162,0.22423931223956758,0.162,SL,SL,0.0,-0.0052,2.25,0.0045000000000000005,-0.011699999999999999
BAKE/USDT:USDT,LONG,2025-09-10T12:00:00+00:00,2025-09-10T12:24:00+00:00,0.1607,0.15554740423558175,0.2149378501517711,0.15554740423558175,SL,SL,-0.03206344595157598,-0.037263445951575984,4.5,0.009000000000000001,-0.16768550678209193
HIFI/USDT:USDT,LONG,2025-09-10T10:57:00+00:00,2025-09-10T12:30:00+00:00,0.08719,0.08446973418652544,0.11582437698394274,0.08446973418652544,SL,SL,-0.0311992867699801,-0.0363992867699801,4.5,0.009000000000000001,-0.16379679046491047
BAKE/USDT:USDT,LONG,2025-09-10T12:24:00+00:00,2025-09-10T12:30:00+00:00,0.149,0.14409736354807848,0.20060669949391075,0.14409736354807848,SL,SL,-0.03290360034846655,-0.038103600348466556,4.5,0.009000000000000001,-0.1714662015680995
BSW/USDT:USDT,LONG,2025-09-10T11:00:00+00:00,2025-09-10T12:33:00+00:00,0.02417,0.023335198380651487,0.03295738546682647,0.023335198380651487,SL,SL,-0.03453875131768776,-0.03973875131768776,4.5,0.009000000000000001,-0.17882438092959493
HIFI/USDT:USDT,LONG,2025-09-10T12:30:00+00:00,2025-09-10T12:57:00+00:00,0.08413,0.09272,0.10065705131494546,0.08413,TP_PARTIAL,TP50,0.10210388684179247,0.09690388684179248,2.25,0.0045000000000000005,0.21803374539403308
BSW/USDT:USDT,LONG,2025-09-10T12:33:00+00:00,2025-09-10T14:00:00+00:00,0.0231,0.022601887844039086,0.02834328585222012,0.022601887844039086,SL,SL,-0.02156329679484471,-0.02676329679484471,4.5,0.009000000000000001,-0.1204348355768012
HIFI/USDT:USDT,LONG,2025-09-10T12:30:00+00:00,2025-09-10T14:15:00+00:00,0.08413,0.08413,0.10065705131494546,0.08413,SL,SL,0.0,-0.0052,2.25,0.0045000000000000005,-0.011699999999999999
BAKE/USDT:USDT,LONG,2025-09-10T12:30:00+00:00,2025-09-10T14:18:00+00:00,0.1394,0.1343446757123738,0.19261393986974956,0.1343446757123738,SL,SL,-0.03626488011209613,-0.041464880112096134,4.5,0.009000000000000001,-0.1865919605044326
GUN/USDT:USDT,LONG,2025-09-10T14:15:00+00:00,2025-09-10T14:18:00+00:00,0.03157,0.031241142584126018,0.035031657009199815,0.031241142584126018,SL,SL,-0.010416769587392554,-0.015616769587392554,4.5,0.009000000000000001,-0.07027546314326649
BAKE/USDT:USDT,LONG,2025-09-10T14:18:00+00:00,2025-09-10T14:21:00+00:00,0.1333,0.1305423526607448,0.16232786672900235,0.1305423526607448,SL,SL,-0.020687526926145606,-0.025887526926145606,4.5,0.009000000000000001,-0.11649387116765522
NAORIS/USDT:USDT,LONG,2025-09-10T14:18:00+00:00,2025-09-10T14:24:00+00:00,0.05412,0.06125667158752973,0.06125667158752973,0.05344201619918468,TP,TP,0.13186754596322486,0.12666754596322485,4.5,0.009000000000000001,0.5700039568345119
NAORIS/USDT:USDT,LONG,2025-09-10T14:24:00+00:00,2025-09-10T14:27:00+00:00,0.06478,0.06373274253909292,0.07580376274639043,0.06373274253909292,SL,SL,-0.016166370189982803,-0.021366370189982803,4.499999999999999,0.008999999999999998,-0.0961486658549226
NAORIS/USDT:USDT,LONG,2025-09-10T14:27:00+00:00,2025-09-10T14:30:00+00:00,0.06327,0.062184903786300566,0.07469206540736255,0.062184903786300566,SL,SL,-0.0171502483594032,-0.022350248359403205,4.5,0.009000000000000001,-0.10057611761731441
BDXN/USDT,LONG,2025-09-10T14:30:00+00:00,2025-09-10T14:33:00+00:00,0.06976,0.06906978663030769,0.07702540389149805,0.06906978663030769,SL,SL,-0.009894113671048073,-0.015094113671048072,4.5,0.009000000000000001,-0.06792351151971633
NAORIS/USDT:USDT,LONG,2025-09-10T14:33:00+00:00,2025-09-10T14:36:00+00:00,0.05859,0.057364941530024464,0.07148535231553199,0.057364941530024464,SL,SL,-0.02090900273042394,-0.026109002730423943,4.5,0.009000000000000001,-0.11749051228690774
BAKE/USDT:USDT,LONG,2025-09-10T14:21:00+00:00,2025-09-10T14:45:00+00:00,0.127,0.1436,0.15712587624835933,0.127,TP_PARTIAL,TP50,0.13070866141732287,0.12550866141732286,2.25,0.0045000000000000005,0.28239448818897644
BSW/USDT:USDT,LONG,2025-09-10T14:00:00+00:00,2025-09-10T15:03:00+00:00,0.0226,0.022348476825481606,0.02524761236335149,0.022348476825481606,SL,SL,-0.011129344005238621,-0.01632934400523862,4.5,0.009000000000000001,-0.07348204802357379
BSW/USDT:USDT,LONG,2025-09-10T15:03:00+00:00,2025-09-10T15:06:00+00:00,0.02197,0.021779253628446318,0.023977856542670352,0.021779253628446318,SL,SL,-0.00868212888273474,-0.01388212888273474,4.5,0.009000000000000001,-0.06246957997230633
NAORIS/USDT:USDT,LONG,2025-09-10T14:36:00+00:00,2025-09-10T15:12:00+00:00,0.05503,0.06327,0.06912139857870828,0.05503,TP_PARTIAL,TP50,0.1497365073596221,0.1445365073596221,2.25,0.0045000000000000005,0.3252071415591497
HIFI/USDT:USDT,LONG,2025-09-10T15:12:00+00:00,2025-09-10T15:15:00+00:00,0.08086,0.08013071342064321,0.08853670083533474,0.08013071342064321,SL,SL,-0.009019126630680118,-0.014219126630680118,4.5,0.009000000000000001,-0.06398606983806053
GUN/USDT:USDT,LONG,2025-09-10T15:15:00+00:00,2025-09-10T15:36:00+00:00,0.02758,0.02727355049506051,0.030805784262520935,0.02727355049506051,SL,SL,-0.011111294595340458,-0.016311294595340458,4.5,0.009000000000000001,-0.07340082567903206
GUN/USDT:USDT,LONG,2025-09-10T15:36:00+00:00,2025-09-10T15:42:00+00:00,0.02722,0.026979550524999747,0.029751047105265827,0.026979550524999747,SL,SL,-0.008833558964006415,-0.014033558964006414,4.5,0.009000000000000001,-0.06315101533802886
NAORIS/USDT:USDT,LONG,2025-09-10T14:36:00+00:00,2025-09-10T15:54:00+00:00,0.05503,0.06912139857870828,0.06912139857870828,0.05503,TP,TP,0.25606757366360666,0.2508675736636067,2.25,0.0045000000000000005,0.5644520407431151
BAKE/USDT:USDT,LONG,2025-09-10T14:21:00+00:00,2025-09-10T16:00:00+00:00,0.127,0.127,0.15712587624835933,0.127,SL,SL,0.0,-0.0052,2.25,0.0045000000000000005,-0.011699999999999999
BSW/USDT:USDT,LONG,2025-09-10T15:06:00+00:00,2025-09-10T16:00:00+00:00,0.02171,0.021515235512128722,0.023760152503908186,0.021515235512128722,SL,SL,-0.008971187833776055,-0.014171187833776055,4.5,0.009000000000000001,-0.06377034525199225
BDXN/USDT,LONG,2025-09-10T15:42:00+00:00,2025-09-10T16:00:00+00:00,0.04691,0.051460149035252346,0.051460149035252346,0.046477735841651026,TP,TP,0.09699742134411311,0.09179742134411312,4.5,0.009000000000000001,0.413088396048509
BDXN/USDT,LONG,2025-09-10T16:00:00+00:00,2025-09-10T16:03:00+00:00,0.0581,0.05751916849289302,0.06421401586428398,0.05751916849289302,SL,SL,-0.009997099950206168,-0.015197099950206168,4.5,0.009000000000000001,-0.06838694977592776
NAORIS/USDT:USDT,LONG,2025-09-10T16:00:00+00:00,2025-09-10T16:09:00+00:00,0.07491,0.08945764245949446,0.08945764245949446,0.07352797396634803,TP,TP,0.19420160805626024,0.18900160805626023,4.5,0.009000000000000001,0.850507236253171
BAKE/USDT:USDT,LONG,2025-09-10T16:00:00+00:00,2025-09-10T16:09:00+00:00,0.1265,0.12466175274805183,0.14584997107313868,0.12466175274805183,SL,SL,-0.014531598829629816,-0.01973159882962982,4.5,0.009000000000000001,-0.08879219473333419
BDXN/USDT,LONG,2025-09-10T16:03:00+00:00,2025-09-10T16:09:00+00:00,0.05004,0.04928188502911495,0.0580201575882637,0.04928188502911495,SL,SL,-0.015150179274281578,-0.02035017927428158,4.5,0.009000000000000001,-0.0915758067342671
NAORIS/USDT:USDT,LONG,2025-09-10T16:09:00+00:00,2025-09-10T16:12:00+00:00,0.09198,0.09030594176533041,0.10960166562810107,0.09030594176533041,SL,SL,-0.018200241733742066,-0.02340024173374207,4.5,0.009000000000000001,-0.1053010878018393
NAORIS/USDT:USDT,LONG,2025-09-10T16:12:00+00:00,2025-09-10T16:15:00+00:00,0.08646,0.0845874030678068,0.10617154665466527,0.0845874030678068,SL,SL,-0.021658534954813808,-0.026858534954813808,4.5,0.009000000000000001,-0.12086340729666213
NAORIS/USDT:USDT,LONG,2025-09-10T16:15:00+00:00,2025-09-10T16:18:00+00:00,0.08284,0.09399,0.10400929332218917,0.08284,TP_PARTIAL,TP50,0.1345968131337519,0.1293968131337519,2.25,0.0045000000000000005,0.2911428295509418
BAKE/USDT:USDT,LONG,2025-09-10T16:09:00+00:00,2025-09-10T16:27:00+00:00,0.1237,0.12172256369805753,0.1445151189678155,0.12172256369805753,SL,SL,-0.01598574213373056,-0.021185742133730562,4.5,0.009000000000000001,-0.09533583960178753
BAKE/USDT:USDT,LONG,2025-09-10T16:27:00+00:00,2025-09-10T16:36:00+00:00,0.1175,0.11546338842032992,0.13893801662810598,0.11546338842032992,SL,SL,-0.017332864507830382,-0.02253286450783038,4.5,0.009000000000000001,-0.10139789028523671
NAORIS/USDT:USDT,LONG,2025-09-10T16:15:00+00:00,2025-09-10T16:42:00+00:00,0.08284,0.10400929332218917,0.10400929332218917,0.08284,TP,TP,0.2555443423731189,0.2503443423731189,2.25,0.0045000000000000005,0.5632747703395176
BAKE/USDT:USDT,LONG,2025-09-10T16:36:00+00:00,2025-09-10T16:45:00+00:00,0.1102,0.10811457957706445,0.13215179392563733,0.10811457957706445,SL,SL,-0.018923960280721887,-0.02412396028072189,4.5,0.009000000000000001,-0.1085578212632485
NAORIS/USDT:USDT,LONG,2025-09-10T16:42:00+00:00,2025-09-10T16:48:00+00:00,0.1101,0.12952,0.1391169755232034,0.1101,TP_PARTIAL,TP50,0.17638510445049949,0.17118510445049948,2.25,0.0045000000000000005,0.3851664850136238
BDXN/USDT,LONG,2025-09-10T16:09:00+00:00,2025-09-10T16:51:00+00:00,0.04739,0.0486,0.05560656445110493,0.04660942637714503,EXIT,heat<0.85,0.02553281282971082,0.02033281282971082,4.5,0.009000000000000001,0.0914976577336987
BB/USDT:USDT,LONG,2025-09-10T16:51:00+00:00,2025-09-10T17:00:00+00:00,0.16053,0.159297539943389,0.17350326375380007,0.159297539943389,SL,SL,-0.007677443821161229,-0.01287744382116123,4.5,0.009000000000000001,-0.05794849719522553
NAORIS/USDT:USDT,LONG,2025-09-10T16:42:00+00:00,2025-09-10T17:03:00+00:00,0.1101,0.1101,0.1391169755232034,0.1101,SL,SL,0.0,-0.0052,2.25,0.0045000000000000005,-0.011699999999999999
AGT/USDT,LONG,2025-09-10T17:00:00+00:00,2025-09-10T17:03:00+00:00,0.00848,0.008386780730297758,0.009461255470549913,0.008386780730297758,SL,SL,-0.010992838408283223,-0.01619283840828322,4.5,0.009000000000000001,-0.0728677728372745
NAORIS/USDT:USDT,LONG,2025-09-10T17:03:00+00:00,2025-09-10T17:06:00+00:00,0.10313,0.09889240128155402,0.14773630229943133,0.09889240128155402,SL,SL,-0.04108987412436709,-0.046289874124367095,4.5,0.009000000000000001,-0.20830443355965192
NAORIS/USDT:USDT,LONG,2025-09-10T17:06:00+00:00,2025-09-10T17:12:00+00:00,0.09706,0.0927426440471573,0.14250585213518624,0.0927426440471573,SL,SL,-0.04448131004371202,-0.049681310043712026,4.5,0.009000000000000001,-0.2235658951967041
BAKE/USDT:USDT,LONG,2025-09-10T16:45:00+00:00,2025-09-10T17:15:00+00:00,0.1076,0.1211,0.13050149098200628,0.1076,TP_PARTIAL,TP50,0.12546468401486988,0.12026468401486988,2.25,0.0045000000000000005,0.27059553903345723
NAORIS/USDT:USDT,LONG,2025-09-10T17:12:00+00:00,2025-09-10T17:15:00+00:00,0.09186,0.08765088491821216,0.13616647454513509,0.08765088491821216,SL,SL,-0.04582097846492314,-0.05102097846492314,4.5,0.009000000000000001,-0.22959440309215415
BAKE/USDT:USDT,LONG,2025-09-10T16:45:00+00:00,2025-09-10T17:30:00+00:00,0.1076,0.1104,0.13050149098200628,0.1076,EXIT,heat<0.85,0.026022304832713727,0.020822304832713724,2.25,0.0045000000000000005,0.04685018587360588
NAORIS/USDT:USDT,LONG,2025-09-10T17:15:00+00:00,2025-09-10T17:36:00+00:00,0.07993,0.0756697645669113,0.12477458350619686,0.0756697645669113,SL,SL,-0.05329958004614919,-0.05849958004614919,4.5,0.009000000000000001,-0.26324811020767136
REX/USDT:USDT,LONG,2025-09-10T17:30:00+00:00,2025-09-10T17:39:00+00:00,0.0627,0.062051436241660374,0.0695269869298909,0.062051436241660374,SL,SL,-0.01034391959074373,-0.01554391959074373,4.5,0.009000000000000001,-0.06994763815834679
AGT/USDT,LONG,2025-09-10T17:03:00+00:00,2025-09-10T17:48:00+00:00,0.00678,0.006637524963847918,0.008279737222653492,0.006637524963847918,SL,SL,-0.02101401713157548,-0.02621401713157548,4.5,0.009000000000000001,-0.11796307709208965
REX/USDT:USDT,LONG,2025-09-10T17:39:00+00:00,2025-09-10T17:57:00+00:00,0.0613,0.06069453805500285,0.06767328363154894,0.06069453805500285,SL,SL,-0.009877030097832815,-0.015077030097832815,4.5,0.009000000000000001,-0.06784663544024766
NAORIS/USDT:USDT,LONG,2025-09-10T17:36:00+00:00,2025-09-10T18:00:00+00:00,0.0752,0.09547,0.11254860390084856,0.0752,TP_PARTIAL,TP50,0.2695478723404255,0.2643478723404255,2.25,0.0045000000000000005,0.5947827127659574
AGT/USDT,LONG,2025-09-10T17:48:00+00:00,2025-09-10T18:00:00+00:00,0.00661,0.006511048439232686,0.007651595376498043,0.006511048439232686,SL,SL,-0.014969978936053618,-0.02016997893605362,4.5,0.009000000000000001,-0.0907649052122413
REX/USDT:USDT,LONG,2025-09-10T17:57:00+00:00,2025-09-10T18:00:00+00:00,0.0605,0.05998648080736054,0.06590546518567852,0.05998648080736054,SL,SL,-0.008487920539495156,-0.013687920539495156,4.5,0.009000000000000001,-0.061595642427728206
LAUNCHCOIN/USDT:USDT,LONG,2025-09-10T18:00:00+00:00,2025-09-10T18:03:00+00:00,0.0924,0.09161562864649596,0.10065654056320038,0.09161562864649596,SL,SL,-0.00848886746216491,-0.01368886746216491,4.5,0.009000000000000001,-0.06159990357974209
REX/USDT:USDT,LONG,2025-09-10T18:00:00+00:00,2025-09-10T18:18:00+00:00,0.05966,0.059153846463977644,0.06498793195813006,0.059153846463977644,SL,SL,-0.008483968086194331,-0.01368396808619433,4.5,0.009000000000000001,-0.06157785638787449
AGT/USDT,LONG,2025-09-10T18:18:00+00:00,2025-09-10T18:36:00+00:00,0.00655,0.006474377387849384,0.007346027496322285,0.006474377387849384,SL,SL,-0.011545436969559796,-0.016745436969559796,4.5,0.009000000000000001,-0.07535446636301908
LAUNCHCOIN/USDT:USDT,LONG,2025-09-10T18:03:00+00:00,2025-09-10T18:57:00+00:00,0.09143,0.09597,0.09973393052297178,0.09143,TP_PARTIAL,TP50,0.04965547413321669,0.04445547413321669,2.25,0.0045000000000000005,0.10002481679973756
AGT/USDT,LONG,2025-09-10T18:36:00+00:00,2025-09-10T19:00:00+00:00,0.00642,0.006356872941953913,0.007084495347853556,0.006356872941953913,SL,SL,-0.009832875085060363,-0.015032875085060363,4.5,0.009000000000000001,-0.06764793788277162
BAKE/USDT:USDT,SHORT,2025-09-10T18:57:00+00:00,2025-09-10T19:06:00+00:00,0.121,0.1185,0.09757170024879691,0.1232256884763643,EXIT,heat<0.85,0.020661157024793406,0.015461157024793405,4.5,0.009000000000000001,0.06957520661157032
NAORIS/USDT:USDT,LONG,2025-09-10T17:36:00+00:00,2025-09-10T19:18:00+00:00,0.0752,0.0752,0.11254860390084856,0.0752,SL,SL,0.0,-0.0052,2.25,0.0045000000000000005,-0.011699999999999999
LAUNCHCOIN/USDT:USDT,LONG,2025-09-10T18:03:00+00:00,2025-09-10T19:21:00+00:00,0.09143,0.09143,0.09973393052297178,0.09143,SL,SL,0.0,-0.0052,2.25,0.0045000000000000005,-0.011699999999999999
HIFI/USDT:USDT,SHORT,2025-09-10T19:06:00+00:00,2025-09-10T19:33:00+00:00,0.07756,0.07854120516003048,0.06723152463125812,0.07854120516003048,SL,SL,-0.01265091748363169,-0.01785091748363169,4.5,0.009000000000000001,-0.0803291286763426
REX/USDT:USDT,SHORT,2025-09-10T19:00:00+00:00,2025-09-10T19:45:00+00:00,0.05522,0.05522,0.05069165308796755,0.05522,SL,SL,0.0,-0.0052,4.5,0.009000000000000001,-0.023399999999999997
BDXN/USDT,LONG,2025-09-10T19:45:00+00:00,2025-09-10T20:00:00+00:00,0.04814,0.04664344306657119,0.06389323087819798,0.04664344306657119,SL,SL,-0.031087597287677803,-0.0362875972876778,4.5,0.009000000000000001,-0.16329418779455013
BAKE/USDT:USDT,LONG,2025-09-10T19:33:00+00:00,2025-09-10T20:03:00+00:00,0.126,0.12399485351124098,0.14710680514483176,0.12399485351124098,SL,SL,-0.015913861021896975,-0.021113861021896975,4.5,0.009000000000000001,-0.09501237459853638
BAKE/USDT:USDT,LONG,2025-09-10T20:03:00+00:00,2025-09-10T20:15:00+00:00,0.1236,0.12189577928065563,0.14153916546678275,0.12189577928065563,SL,SL,-0.013788193522203625,-0.018988193522203628,4.5,0.009000000000000001,-0.08544687084991633
BDXN/USDT,LONG,2025-09-10T20:00:00+00:00,2025-09-10T20:30:00+00:00,0.0461,0.04758,0.06246849064463238,0.044544993388759925,EXIT,mom_reverse,0.03210412147505413,0.026904121475054124,4.5,0.009000000000000001,0.12106854663774355
LAUNCHCOIN/USDT:USDT,LONG,2025-09-10T20:30:00+00:00,2025-09-10T20:33:00+00:00,0.09646,0.09566438847022433,0.10483485820816488,0.09566438847022433,SL,SL,-0.008248097965744033,-0.013448097965744032,4.5,0.009000000000000001,-0.060516440845848146
LAUNCHCOIN/USDT:USDT,LONG,2025-09-10T20:33:00+00:00,2025-09-10T20:45:00+00:00,0.0943,0.09350068929377973,0.10271379690758166,0.09350068929377973,SL,SL,-0.008476253512409972,-0.013676253512409971,4.5,0.009000000000000001,-0.06154314080584487
HIFI/USDT:USDT,SHORT,2025-09-10T20:15:00+00:00,2025-09-10T20:54:00+00:00,0.07476,0.075397045091324,0.06805426219658936,0.075397045091324,SL,SL,-0.008521202398662477,-0.013721202398662476,4.5,0.009000000000000001,-0.061745410793981145
LAUNCHCOIN/USDT:USDT,LONG,2025-09-10T20:45:00+00:00,2025-09-10T21:03:00+00:00,0.09344,0.09862,0.10106974629002083,0.09344,TP_PARTIAL,TP50,0.055436643835616486,0.05023664383561648,2.25,0.0045000000000000005,0.11303244863013709
LAUNCHCOIN/USDT:USDT,LONG,2025-09-10T20:45:00+00:00,2025-09-10T21:06:00+00:00,0.09344,0.10106974629002083,0.10106974629002083,0.09344,TP,TP,0.08165396286409282,0.07645396286409283,2.25,0.0045000000000000005,0.17202141644420885
LAUNCHCOIN/USDT:USDT,LONG,2025-09-10T21:06:00+00:00,2025-09-10T21:09:00+00:00,0.10229,0.10149552264585968,0.11065291951726659,0.10149552264585968,SL,SL,-0.007766911273245966,-0.012966911273245967,4.5,0.009000000000000001,-0.05835110072960685
LAUNCHCOIN/USDT:USDT,LONG,2025-09-10T21:09:00+00:00,2025-09-10T21:12:00+00:00,0.10087,0.10007418531401256,0.10924699669460469,0.10007418531401256,SL,SL,-0.007889508139064532,-0.013089508139064532,4.5,0.009000000000000001,-0.0589027866257904
LAUNCHCOIN/USDT:USDT,LONG,2025-09-10T21:12:00+00:00,2025-09-10T21:15:00+00:00,0.09909,0.09829430064872594,0.10746578264499007,0.09829430064872594,SL,SL,-0.008030067123565066,-0.013230067123565066,4.5,0.009000000000000001,-0.059535302056042794
BDXN/USDT,LONG,2025-09-10T20:54:00+00:00,2025-09-10T21:39:00+00:00,0.04758,0.04715238405764727,0.052081220445818185,0.04715238405764727,SL,SL,-0.008987304378998105,-0.014187304378998105,4.5,0.009000000000000001,-0.06384286970549147
LAUNCHCOIN/USDT:USDT,LONG,2025-09-10T21:15:00+00:00,2025-09-10T21:51:00+00:00,0.09791,0.09958,0.10626179817034792,0.09711657917381694,EXIT,heat<0.85,0.01705648044122158,0.01185648044122158,4.5,0.009000000000000001,0.053354161985497105
BAKE/USDT:USDT,SHORT,2025-09-10T21:48:00+00:00,2025-09-10T22:15:00+00:00,0.1265,0.12784177150291093,0.11237608944304278,0.12784177150291093,SL,SL,-0.01060688935107452,-0.01580688935107452,4.5,0.009000000000000001,-0.07113100207983535
NAORIS/USDT:USDT,LONG,2025-09-10T19:21:00+00:00,2025-09-10T23:06:00+00:00,0.06762,0.07867,0.08843966399669312,0.06762,TP_PARTIAL,TP50,0.163413191363502,0.15821319136350198,2.25,0.0045000000000000005,0.35597968056787943
NAORIS/USDT:USDT,LONG,2025-09-10T19:21:00+00:00,2025-09-10T23:48:00+00:00,0.06762,0.08843966399669312,0.08843966399669312,0.06762,TP,TP,0.30789210287922386,0.3026921028792239,2.25,0.0045000000000000005,0.6810572314782537
NAORIS/USDT:USDT,LONG,2025-09-10T23:48:00+00:00,2025-09-10T23:51:00+00:00,0.08918,0.08819436840707053,0.09955506939925765,0.08819436840707053,SL,SL,-0.01105215959777383,-0.01625215959777383,4.5,0.009000000000000001,-0.07313471818998223
NAORIS/USDT:USDT,LONG,2025-09-10T23:51:00+00:00,2025-09-10T23:54:00+00:00,0.08486,0.08373034209227978,0.09675113587073925,0.08373034209227978,SL,SL,-0.013312018709877733,-0.01851201870987773,4.5,0.009000000000000001,-0.08330408419444979
NAORIS/USDT:USDT,LONG,2025-09-10T23:54:00+00:00,2025-09-11T00:15:00+00:00,0.08315,0.09473,0.09506891187997216,0.08315,TP_PARTIAL,TP50,0.13926638604930838,0.13406638604930837,2.25,0.0045000000000000005,0.3016493686109438
NAORIS/USDT:USDT,LONG,2025-09-10T23:54:00+00:00,2025-09-11T00:18:00+00:00,0.08315,0.09506891187997216,0.09506891187997216,0.08315,TP,TP,0.14334229561000789,0.13814229561000788,2.25,0.0045000000000000005,0.3108201651225177
NAORIS/USDT:USDT,LONG,2025-09-11T00:18:00+00:00,2025-09-11T00:30:00+00:00,0.09874,0.10955,0.11312429498538383,0.09874,TP_PARTIAL,TP50,0.10947944095604618,0.10427944095604619,2.25,0.0045000000000000005,0.2346287421511039
NAORIS/USDT:USDT,LONG,2025-09-11T00:18:00+00:00,2025-09-11T00:48:00+00:00,0.09874,0.09874,0.11312429498538383,0.09874,SL,SL,0.0,-0.0052,2.25,0.0045000000000000005,-0.011699999999999999
NAORIS/USDT:USDT,LONG,2025-09-11T00:48:00+00:00,2025-09-11T00:51:00+00:00,0.09171,0.08926760724903267,0.11741939737860349,0.08926760724903267,SL,SL,-0.02663169502744882,-0.03183169502744882,4.5,0.009000000000000001,-0.1432426276235197
NAORIS/USDT:USDT,LONG,2025-09-11T00:51:00+00:00,2025-09-11T00:54:00+00:00,0.08772,0.08515186387410177,0.1147530118515604,0.08515186387410177,SL,SL,-0.02927651762309889,-0.03447651762309889,4.5,0.009000000000000001,-0.155144329303945
NAORIS/USDT:USDT,LONG,2025-09-11T00:54:00+00:00,2025-09-11T00:57:00+00:00,0.0848,0.08227633074023735,0.11136493957644893,0.08227633074023735,SL,SL,-0.02976025070474821,-0.03496025070474821,4.5,0.009000000000000001,-0.15732112817136695
BAKE/USDT:USDT,SHORT,2025-09-10T22:18:00+00:00,2025-09-11T01:15:00+00:00,0.1273,0.1256,0.11404698960363918,0.1273,EXIT,heat<0.85,0.013354281225451745,0.008154281225451745,4.500000000000001,0.009000000000000003,0.03669426551453286
BAKE/USDT:USDT,SHORT,2025-09-11T01:24:00+00:00,2025-09-11T01:27:00+00:00,0.1263,0.12751045876065217,0.11355832883524021,0.12751045876065217,SL,SL,-0.009583996521394914,-0.014783996521394914,4.5,0.009000000000000001,-0.06652798434627712
TAC/USDT:USDT,SHORT,2025-09-11T01:27:00+00:00,2025-09-11T01:30:00+00:00,0.01058,0.01067150460578989,0.009616793623264317,0.01067150460578989,SL,SL,-0.00864882852456424,-0.01384882852456424,4.5,0.009000000000000001,-0.062319728360539076
BAKE/USDT:USDT,SHORT,2025-09-11T01:39:00+00:00,2025-09-11T01:42:00+00:00,0.1279,0.12965427468580584,0.1094339506757282,0.12965427468580584,SL,SL,-0.013715986597387245,-0.018915986597387247,4.5,0.009000000000000001,-0.08512193968824261
HIFI/USDT:USDT,SHORT,2025-09-11T00:45:00+00:00,2025-09-11T02:06:00+00:00,0.07885,0.07947687754712515,0.07225128897762997,0.07947687754712515,SL,SL,-0.00795025424381926,-0.01315025424381926,4.5,0.009000000000000001,-0.05917614409718667
BAKE/USDT:USDT,LONG,2025-09-11T02:06:00+00:00,2025-09-11T02:09:00+00:00,0.14,0.13838858959242212,0.15696221481660955,0.13838858959242212,SL,SL,-0.011510074339842111,-0.01671007433984211,4.5,0.009000000000000001,-0.0751953345292895
BAKE/USDT:USDT,LONG,2025-09-11T02:12:00+00:00,2025-09-11T02:15:00+00:00,0.1378,0.13627563082203742,0.15384599134697458,0.13627563082203742,SL,SL,-0.011062185616564489,-0.01626218561656449,4.5,0.009000000000000001,-0.0731798352745402
BAKE/USDT:USDT,LONG,2025-09-11T02:18:00+00:00,2025-09-11T02:21:00+00:00,0.132,0.13039616127002207,0.14888251294713623,0.13039616127002207,SL,SL,-0.012150293408923754,-0.017350293408923752,4.5,0.009000000000000001,-0.07807632034015688
BAKE/USDT:USDT,LONG,2025-09-11T02:21:00+00:00,2025-09-11T02:51:00+00:00,0.1292,0.12756414975073477,0.14641947630805507,0.12756414975073477,SL,SL,-0.012661379638275863,-0.017861379638275866,4.5,0.009000000000000001,-0.0803762083722414
BAKE/USDT:USDT,SHORT,2025-09-11T02:54:00+00:00,2025-09-11T03:00:00+00:00,0.1267,0.12804432318282918,0.11254922965442982,0.12804432318282918,SL,SL,-0.010610285578762247,-0.015810285578762247,4.5,0.009000000000000001,-0.07114628510443011
BAKE/USDT:USDT,SHORT,2025-09-11T03:09:00+00:00,2025-09-11T03:12:00+00:00,0.1265,0.1277718907105711,0.11311167673083056,0.1277718907105711,SL,SL,-0.010054472020324898,-0.015254472020324898,4.5,0.009000000000000001,-0.06864512409146203
HIFI/USDT:USDT,LONG,2025-09-11T03:12:00+00:00,2025-09-11T03:15:00+00:00,0.09299,0.09803,0.10096740402171517,0.09299,TP_PARTIAL,TP50,0.05419937627701906,0.04899937627701906,2.25,0.0045000000000000005,0.11024859662329288
HIFI/USDT:USDT,LONG,2025-09-11T03:12:00+00:00,2025-09-11T03:21:00+00:00,0.09299,0.09299,0.10096740402171517,0.09299,SL,SL,0.0,-0.0052,2.25,0.0045000000000000005,-0.011699999999999999
HIFI/USDT:USDT,LONG,2025-09-11T03:21:00+00:00,2025-09-11T03:24:00+00:00,0.08983,0.08863705769665003,0.10238728740368375,0.08863705769665003,SL,SL,-0.013279998924078357,-0.01847999892407836,4.5,0.009000000000000001,-0.08315999515835262
BAKE/USDT:USDT,SHORT,2025-09-11T03:18:00+00:00,2025-09-11T03:30:00+00:00,0.1279,0.1267,0.1151256026886424,0.129113567744579,EXIT,heat<0.85,0.009382329945269793,0.004182329945269793,4.5,0.009000000000000001,0.01882048475371407
HIFI/USDT:USDT,LONG,2025-09-11T03:24:00+00:00,2025-09-11T03:30:00+00:00,0.08772,0.08644696786117505,0.10112033830342063,0.08644696786117505,SL,SL,-0.014512450283002265,-0.019712450283002267,4.5,0.009000000000000001,-0.08870602627351021
NAORIS/USDT:USDT,LONG,2025-09-11T00:57:00+00:00,2025-09-11T03:39:00+00:00,0.07982,0.09394,0.10681887246384543,0.07982,TP_PARTIAL,TP50,0.17689802054622894,0.17169802054622893,2.25,0.0045000000000000005,0.38632054622901507
BAKE/USDT:USDT,SHORT,2025-09-11T03:39:00+00:00,2025-09-11T03:54:00+00:00,0.1264,0.1252,0.11546087589635123,0.12743921678984665,EXIT,heat<0.85,0.009493670886076,0.004293670886076,4.5,0.009000000000000001,0.019321518987342003
BSW/USDT:USDT,LONG,2025-09-11T03:57:00+00:00,2025-09-11T04:00:00+00:00,0.02158,0.021383139367167785,0.02365221718770753,0.021383139367167785,SL,SL,-0.009122364820769871,-0.014322364820769871,4.5,0.009000000000000001,-0.06445064169346441
BSW/USDT:USDT,LONG,2025-09-11T04:00:00+00:00,2025-09-11T04:09:00+00:00,0.02128,0.02262,0.02341277310287128,0.02128,TP_PARTIAL,TP50,0.06296992481203012,0.05776992481203012,2.25,0.0045000000000000005,0.12998233082706775
F/USDT:USDT,LONG,2025-09-11T04:09:00+00:00,2025-09-11T04:15:00+00:00,0.008501,0.008388368500473578,0.009686594731857075,0.008388368500473578,SL,SL,-0.01324920592005907,-0.018449205920059074,4.5,0.009000000000000001,-0.08302142664026584
NAORIS/USDT:USDT,LONG,2025-09-11T00:57:00+00:00,2025-09-11T04:21:00+00:00,0.07982,0.07982,0.10681887246384543,0.07982,SL,SL,0.0,-0.0052,2.25,0.0045000000000000005,-0.011699999999999999
HIFI/USDT:USDT,LONG,2025-09-11T03:30:00+00:00,2025-09-11T04:21:00+00:00,0.08428,0.08300817432927847,0.09766763863917391,0.08300817432927847,SL,SL,-0.015090480193658332,-0.020290480193658332,4.5,0.009000000000000001,-0.0913071608714625
F/USDT:USDT,LONG,2025-09-11T04:15:00+00:00,2025-09-11T04:24:00+00:00,0.008268,0.008149749472347114,0.009512742396346151,0.008149749472347114,SL,SL,-0.014302192507605858,-0.01950219250760586,4.5,0.009000000000000001,-0.08775986628422638
F/USDT:USDT,LONG,2025-09-11T04:24:00+00:00,2025-09-11T04:27:00+00:00,0.008027,0.007909983021409115,0.009258757669377731,0.007909983021409115,SL,SL,-0.014577921837658492,-0.019777921837658495,4.5,0.009000000000000001,-0.08900064826946323
BSW/USDT:USDT,LONG,2025-09-11T04:00:00+00:00,2025-09-11T04:36:00+00:00,0.02128,0.02128,0.02341277310287128,0.02128,SL,SL,0.0,-0.0052,2.25,0.0045000000000000005,-0.011699999999999999
F/USDT:USDT,LONG,2025-09-11T04:27:00+00:00,2025-09-11T04:36:00+00:00,0.007787,0.00766808137702275,0.009038774978707894,0.00766808137702275,SL,SL,-0.015271429687588241,-0.020471429687588243,4.5,0.009000000000000001,-0.0921214335941471
NMR/USDT:USDT,LONG,2025-09-11T04:36:00+00:00,2025-09-11T04:39:00+00:00,19.648,19.485319751751305,21.360423665775734,19.485319751751305,SL,SL,-0.008279735761843161,-0.013479735761843161,4.5,0.009000000000000001,-0.06065881092829423
NMR/USDT:USDT,LONG,2025-09-11T04:39:00+00:00,2025-09-11T04:42:00+00:00,19.463,19.30089262662621,21.169393403934613,19.30089262662621,SL,SL,-0.008329002382664,-0.013529002382664,4.5,0.009000000000000001,-0.060880510721987996
NMR/USDT:USDT,LONG,2025-09-11T04:42:00+00:00,2025-09-11T04:48:00+00:00,19.065,20.017,20.777508160796426,19.065,TP_PARTIAL,TP50,0.04993443482821915,0.04473443482821915,2.25,0.0045000000000000005,0.10065247836349309
HIFI/USDT:USDT,LONG,2025-09-11T04:21:00+00:00,2025-09-11T05:03:00+00:00,0.08298,0.08200122199695713,0.09328292634781965,0.08200122199695713,SL,SL,-0.011795348313363114,-0.016995348313363114,4.5,0.009000000000000001,-0.07647906741013401
HIFI/USDT:USDT,LONG,2025-09-11T05:03:00+00:00,2025-09-11T05:06:00+00:00,0.08171,0.0810585575663437,0.0885672887753296,0.0810585575663437,SL,SL,-0.007972615758858246,-0.013172615758858246,4.5,0.009000000000000001,-0.05927677091486211
HIFI/USDT:USDT,LONG,2025-09-11T05:06:00+00:00,2025-09-11T05:21:00+00:00,0.0792,0.07848896059731915,0.08668462529137749,0.07848896059731915,SL,SL,-0.008977770235869412,-0.014177770235869412,4.5,0.009000000000000001,-0.06379996606141235
NMR/USDT:USDT,LONG,2025-09-11T04:42:00+00:00,2025-09-11T05:33:00+00:00,19.065,19.065,20.777508160796426,19.065,SL,SL,0.0,-0.0052,2.25,0.0045000000000000005,-0.011699999999999999
NMR/USDT:USDT,LONG,2025-09-11T05:33:00+00:00,2025-09-11T05:36:00+00:00,18.678,18.504836433794836,20.500774381106986,18.504836433794836,SL,SL,-0.009270990802289599,-0.014470990802289599,4.5,0.009000000000000001,-0.06511945861030319
NMR/USDT:USDT,LONG,2025-09-11T05:36:00+00:00,2025-09-11T05:45:00+00:00,18.453,18.284170974238062,20.23014763959934,18.284170974238062,SL,SL,-0.009149137037984997,-0.014349137037984997,4.5,0.009000000000000001,-0.06457111667093249
NMR/USDT:USDT,LONG,2025-09-11T05:45:00+00:00,2025-09-11T06:06:00+00:00,18.12,18.987,19.80189262543723,18.12,TP_PARTIAL,TP50,0.04784768211920515,0.042647682119205145,2.25,0.0045000000000000005,0.09595728476821158
NMR/USDT:USDT,LONG,2025-09-11T05:45:00+00:00,2025-09-11T06:24:00+00:00,18.12,19.80189262543723,19.80189262543723,18.12,TP,TP,0.09281968131552033,0.08761968131552034,2.25,0.0045000000000000005,0.19714428295992076
BSW/USDT:USDT,LONG,2025-09-11T05:21:00+00:00,2025-09-11T06:27:00+00:00,0.02249,0.02386,0.02466499899989165,0.02249,TP_PARTIAL,TP50,0.060915962650066685,0.05571596265006668,2.25,0.0045000000000000005,0.12536091596265003
BSW/USDT:USDT,LONG,2025-09-11T05:21:00+00:00,2025-09-11T06:30:00+00:00,0.02249,0.02466499899989165,0.02466499899989165,0.02249,TP,TP,0.09670960426374609,0.09150960426374609,2.25,0.0045000000000000005,0.2058966095934287
F/USDT:USDT,LONG,2025-09-11T04:36:00+00:00,2025-09-11T06:33:00+00:00,0.007625,0.008315,0.008760961234774505,0.007625,TP_PARTIAL,TP50,0.09049180327868848,0.08529180327868849,2.25,0.0045000000000000005,0.1919065573770491
NMR/USDT:USDT,LONG,2025-09-11T06:24:00+00:00,2025-09-11T06:33:00+00:00,20.097,19.925099310419597,21.906480942951617,19.925099310419597,SL,SL,-0.008553549762671258,-0.013753549762671258,4.5,0.009000000000000001,-0.061890973932020664
BSW/USDT:USDT,LONG,2025-09-11T06:30:00+00:00,2025-09-11T06:39:00+00:00,0.02506,0.024845791137391566,0.02731483013272034,0.024845791137391566,SL,SL,-0.008547839689083523,-0.013747839689083522,4.5,0.009000000000000001,-0.06186527860087585
NMR/USDT:USDT,LONG,2025-09-11T06:33:00+00:00,2025-09-11T07:00:00+00:00,19.734,19.563370388116567,21.530101177720372,19.563370388116567,SL,SL,-0.008646478761702365,-0.013846478761702365,4.5,0.009000000000000001,-0.06230915442766064
BSW/USDT:USDT,LONG,2025-09-11T06:39:00+00:00,2025-09-11T07:03:00+00:00,0.0224,0.02206292927436198,0.02594811290145284,0.02206292927436198,SL,SL,-0.015047800251697331,-0.020247800251697333,4.5,0.009000000000000001,-0.091115101132638
ACE/USDT:USDT,LONG,2025-09-11T07:00:00+00:00,2025-09-11T07:09:00+00:00,0.818,0.8103260870391144,0.8987780311672169,0.8103260870391144,SL,SL,-0.009381311688124203,-0.014581311688124203,4.5,0.009000000000000001,-0.06561590259655892
ACE/USDT:USDT,LONG,2025-09-11T07:09:00+00:00,2025-09-11T07:15:00+00:00,0.7944,0.8974873667909533,0.8974873667909533,0.7846067001548594,TP,TP,0.1297675815596089,0.1245675815596089,4.5,0.009000000000000001,0.56055411701824
ACE/USDT:USDT,LONG,2025-09-11T07:15:00+00:00,2025-09-11T07:30:00+00:00,0.9177,0.9049734098274043,1.0516641070799546,0.9049734098274043,SL,SL,-0.013867919987572952,-0.01906791998757295,4.5,0.009000000000000001,-0.08580563994407828
ACE/USDT:USDT,LONG,2025-09-11T07:30:00+00:00,2025-09-11T07:33:00+00:00,0.8507,0.834755220163188,1.0185397877559157,0.834755220163188,SL,SL,-0.018743128995899815,-0.023943128995899815,4.5,0.009000000000000001,-0.10774408048154917
ACE/USDT:USDT,LONG,2025-09-11T07:33:00+00:00,2025-09-11T07:39:00+00:00,0.8114,0.7948352758658175,0.9857655172019217,0.7948352758658175,SL,SL,-0.02041499153830728,-0.025614991538307284,4.5,0.009000000000000001,-0.11526746192238278
ACE/USDT:USDT,LONG,2025-09-11T07:39:00+00:00,2025-09-11T08:09:00+00:00,0.7659,0.8812,0.9473743490159426,0.7659,TP_PARTIAL,TP50,0.15054184619402006,0.14534184619402005,2.25,0.0045000000000000005,0.3270191539365451
PIXEL/USDT:USDT,LONG,2025-09-11T08:09:00+00:00,2025-09-11T08:21:00+00:00,0.03923,0.038889862568896545,0.04281039401161535,0.038889862568896545,SL,SL,-0.00867033981910415,-0.01387033981910415,4.5,0.009000000000000001,-0.062416529185968676
BSW/USDT:USDT,LONG,2025-09-11T07:03:00+00:00,2025-09-11T08:24:00+00:00,0.0218,0.02254,0.024645515330187898,0.02152967604363215,EXIT,heat<0.85,0.03394495412844042,0.028744954128440414,4.5,0.009000000000000001,0.12935229357798186
PIXEL/USDT:USDT,LONG,2025-09-11T08:21:00+00:00,2025-09-11T08:27:00+00:00,0.03857,0.038225096502245266,0.04220056313426036,0.038225096502245266,SL,SL,-0.00894227372970531,-0.01414227372970531,4.5,0.009000000000000001,-0.0636402317836739
NAORIS/USDT:USDT,SHORT,2025-09-11T08:24:00+00:00,2025-09-11T08:30:00+00:00,0.07248,0.07316868925614087,0.06523063940904346,0.07316868925614087,SL,SL,-0.00950178333527683,-0.01470178333527683,4.5,0.009000000000000001,-0.06615802500874574
PIXEL/USDT:USDT,LONG,2025-09-11T08:27:00+00:00,2025-09-11T08:30:00+00:00,0.03801,0.03767976586162985,0.04148614882494899,0.03767976586162985,SL,SL,-0.008688085724024054,-0.013888085724024054,4.5,0.009000000000000001,-0.062496385758108244
BAKE/USDT:USDT,SHORT,2025-09-11T08:42:00+00:00,2025-09-11T08:45:00+00:00,0.1021,0.10287687004604593,0.09392242056793751,0.10287687004604593,SL,SL,-0.007608913281546816,-0.012808913281546817,4.5,0.009000000000000001,-0.05764010976696068
PIXEL/USDT:USDT,LONG,2025-09-11T08:30:00+00:00,2025-09-11T08:48:00+00:00,0.03756,0.03723761115722772,0.04095356676602407,0.03723761115722772,SL,SL,-0.008583302523223705,-0.013783302523223705,4.5,0.009000000000000001,-0.062024861354506675
F/USDT:USDT,LONG,2025-09-11T04:36:00+00:00,2025-09-11T09:00:00+00:00,0.007625,0.008760961234774505,0.008760961234774505,0.007625,TP,TP,0.1489785225933777,0.1437785225933777,2.25,0.0045000000000000005,0.3235016758350998
F/USDT:USDT,LONG,2025-09-11T09:00:00+00:00,2025-09-11T09:21:00+00:00,0.009035,0.008960008217051731,0.009824387188929149,0.008960008217051731,SL,SL,-0.00830014199759476,-0.01350014199759476,4.5,0.009000000000000001,-0.060750638989176424
ACE/USDT:USDT,LONG,2025-09-11T07:39:00+00:00,2025-09-11T09:42:00+00:00,0.7659,0.7659,0.9473743490159426,0.7659,SL,SL,0.0,-0.0052,2.25,0.0045000000000000005,-0.011699999999999999
F/USDT:USDT,LONG,2025-09-11T09:21:00+00:00,2025-09-11T10:03:00+00:00,0.008778,0.009595,0.009759612871004675,0.008778,TP_PARTIAL,TP50,0.09307359307359309,0.08787359307359309,2.25,0.0045000000000000005,0.19771558441558446
ACE/USDT:USDT,LONG,2025-09-11T09:42:00+00:00,2025-09-11T10:03:00+00:00,0.7637,0.7561112871122937,0.8435811882916461,0.7561112871122937,SL,SL,-0.00993677214574617,-0.01513677214574617,4.5,0.009000000000000001,-0.06811547465585777
F/USDT:USDT,LONG,2025-09-11T09:21:00+00:00,2025-09-11T10:09:00+00:00,0.008778,0.009759612871004675,0.009759612871004675,0.008778,TP,TP,0.1118264833680424,0.10662648336804241,2.25,0.0045000000000000005,0.2399095875780954
ACE/USDT:USDT,LONG,2025-09-11T10:03:00+00:00,2025-09-11T10:18:00+00:00,0.7528,0.7463050890248715,0.8211674839487221,0.7463050890248715,SL,SL,-0.008627671327216464,-0.013827671327216464,4.5,0.009000000000000001,-0.062224520972474086
NAORIS/USDT:USDT,SHORT,2025-09-11T09:12:00+00:00,2025-09-11T10:21:00+00:00,0.07642,0.07252,0.06978014395333054,0.07642,EXIT,heat<0.85,0.051033760795603254,0.04583376079560325,4.5,0.009000000000000001,0.20625192358021463
F/USDT:USDT,LONG,2025-09-11T10:09:00+00:00,2025-09-11T10:24:00+00:00,0.010032,0.01058,0.011097238404679625,0.010032,TP_PARTIAL,TP50,0.05462519936204163,0.04942519936204163,2.25,0.0045000000000000005,0.11120669856459367
ACE/USDT:USDT,LONG,2025-09-11T10:18:00+00:00,2025-09-11T10:33:00+00:00,0.7412,0.7491,0.8007585362828228,0.7355419390531318,EXIT,heat<0.85,0.010658391797085831,0.005458391797085831,4.5,0.009000000000000001,0.024562763086886243
MAVIA/USDT:USDT,LONG,2025-09-11T10:30:00+00:00,2025-09-11T10:39:00+00:00,0.1757,0.1742284391753737,0.1911901139434346,0.1742284391753737,SL,SL,-0.00837541732855034,-0.013575417328550339,4.5,0.009000000000000001,-0.06108937797847652
F/USDT:USDT,LONG,2025-09-11T10:09:00+00:00,2025-09-11T10:51:00+00:00,0.010032,0.011097238404679625,0.011097238404679625,0.010032,TP,TP,0.10618405150315254,0.10098405150315254,2.25,0.0045000000000000005,0.22721411588209323
F/USDT:USDT,LONG,2025-09-11T10:51:00+00:00,2025-09-11T10:54:00+00:00,0.011347,0.011195937956216167,0.012937126776671923,0.011195937956216167,SL,SL,-0.01331295001179456,-0.01851295001179456,4.5,0.009000000000000001,-0.08330827505307552
F/USDT:USDT,LONG,2025-09-11T10:54:00+00:00,2025-09-11T11:03:00+00:00,0.010935,0.010775212387915012,0.012616974864052501,0.010775212387915012,SL,SL,-0.014612493103336842,-0.01981249310333684,4.5,0.009000000000000001,-0.08915621896501577
MAVIA/USDT:USDT,LONG,2025-09-11T10:39:00+00:00,2025-09-11T11:21:00+00:00,0.1731,0.1844,0.1884723689262849,0.1731,TP_PARTIAL,TP50,0.06528018486424035,0.06008018486424035,2.25,0.0045000000000000005,0.13518041594454078
F/USDT:USDT,LONG,2025-09-11T11:03:00+00:00,2025-09-11T11:39:00+00:00,0.010674,0.01049647107735032,0.012542725501575563,0.01049647107735032,SL,SL,-0.016631902065737173,-0.021831902065737173,4.5,0.009000000000000001,-0.09824355929581728
F/USDT:USDT,LONG,2025-09-11T11:39:00+00:00,2025-09-11T11:45:00+00:00,0.010373,0.010187779345372407,0.012322691101343092,0.010187779345372407,SL,SL,-0.017856035344412734,-0.023056035344412737,4.5,0.009000000000000001,-0.10375215904985732
NAORIS/USDT:USDT,SHORT,2025-09-11T11:36:00+00:00,2025-09-11T11:54:00+00:00,0.07236,0.0664942111816701,0.0664942111816701,0.07236,TP,TP,0.08106396929698592,0.07586396929698593,4.5,0.009000000000000001,0.34138786183643666
NAORIS/USDT:USDT,SHORT,2025-09-11T11:54:00+00:00,2025-09-11T12:00:00+00:00,0.06622,0.06691608850326758,0.0588927525971834,0.06691608850326758,SL,SL,-0.0105117563163331,-0.0157117563163331,4.5,0.009000000000000001,-0.07070290342349894
F/USDT:USDT,LONG,2025-09-11T11:45:00+00:00,2025-09-11T12:30:00+00:00,0.009848,0.00966455412942825,0.011779009163913178,0.00966455412942825,SL,SL,-0.01862772853084392,-0.023827728530843924,4.5,0.009000000000000001,-0.10722477838879765
F/USDT:USDT,LONG,2025-09-11T12:30:00+00:00,2025-09-11T12:33:00+00:00,0.009587,0.009435551829569167,0.011181191267692982,0.009435551829569167,SL,SL,-0.015797243186693736,-0.020997243186693736,4.5,0.009000000000000001,-0.09448759434012181
NAORIS/USDT:USDT,SHORT,2025-09-11T12:00:00+00:00,2025-09-11T12:39:00+00:00,0.06787,0.06857212018904194,0.06047926116797956,0.06857212018904194,SL,SL,-0.010345074245497797,-0.015545074245497796,4.5,0.009000000000000001,-0.06995283410474008
F/USDT:USDT,LONG,2025-09-11T12:33:00+00:00,2025-09-11T13:00:00+00:00,0.009358,0.009201219556028511,0.01100832046285777,0.009201219556028511,SL,SL,-0.016753627267737606,-0.021953627267737606,4.5,0.009000000000000001,-0.09879132270481923
NAORIS/USDT:USDT,SHORT,2025-09-11T12:39:00+00:00,2025-09-11T13:12:00+00:00,0.0701,0.0708703583206948,0.061990965045317835,0.0708703583206948,SL,SL,-0.010989419696074221,-0.016189419696074223,4.5,0.009000000000000001,-0.07285238863233401
F/USDT:USDT,LONG,2025-09-11T13:00:00+00:00,2025-09-11T13:12:00+00:00,0.009109,0.008986095580863718,0.010402730727750347,0.008986095580863718,SL,SL,-0.013492635759829074,-0.018692635759829074,4.5,0.009000000000000001,-0.08411686091923083
MAVIA/USDT:USDT,LONG,2025-09-11T10:39:00+00:00,2025-09-11T13:54:00+00:00,0.1731,0.1775,0.1884723689262849,0.1731,EXIT,heat<0.85,0.025418833044482884,0.02021883304448288,2.25,0.0045000000000000005,0.04549237435008648
F/USDT:USDT,LONG,2025-09-11T13:12:00+00:00,2025-09-11T14:00:00+00:00,0.008752,0.008630184055733252,0.010034273097544712,0.008630184055733252,SL,SL,-0.013918640798302927,-0.01911864079830293,4.5,0.009000000000000001,-0.08603388359236319
BAKE/USDT:USDT,SHORT,2025-09-11T13:54:00+00:00,2025-09-11T14:06:00+00:00,0.1008,0.101763619419341,0.09065663769114737,0.101763619419341,SL,SL,-0.009559716461716323,-0.014759716461716322,4.5,0.009000000000000001,-0.06641872407772345
NAORIS/USDT:USDT,SHORT,2025-09-11T13:12:00+00:00,2025-09-11T14:24:00+00:00,0.07113,0.06423152035702649,0.06423152035702649,0.07113,TP,TP,0.09698410857547458,0.09178410857547459,4.5,0.009000000000000001,0.41302848858963565
NAORIS/USDT:USDT,SHORT,2025-09-11T14:24:00+00:00,2025-09-11T14:30:00+00:00,0.06376,0.06433234648517665,0.057735300156035195,0.06433234648517665,SL,SL,-0.00897657599085085,-0.01417657599085085,4.5,0.009000000000000001,-0.06379459195882882
F/USDT:USDT,LONG,2025-09-11T14:00:00+00:00,2025-09-11T14:33:00+00:00,0.008471,0.008383583920619258,0.009391169256639386,0.008383583920619258,SL,SL,-0.010319452175745656,-0.015519452175745655,4.5,0.009000000000000001,-0.06983753479085544
NAORIS/USDT:USDT,SHORT,2025-09-11T14:30:00+00:00,2025-09-11T14:36:00+00:00,0.06435,0.06493026304079008,0.058241967991683415,0.06493026304079008,SL,SL,-0.00901729667117447,-0.01421729667117447,4.5,0.009000000000000001,-0.06397783502028512
NAORIS/USDT:USDT,SHORT,2025-09-11T14:36:00+00:00,2025-09-11T14:42:00+00:00,0.06542,0.06598147782598737,0.05950970709486989,0.06598147782598737,SL,SL,-0.008582663191491386,-0.013782663191491386,4.5,0.009000000000000001,-0.06202198436171123
BAKE/USDT:USDT,SHORT,2025-09-11T14:06:00+00:00,2025-09-11T14:51:00+00:00,0.1027,0.1009,0.09329270692151342,0.10359369284245623,EXIT,heat<0.85,0.01752677702044787,0.01232677702044787,4.5,0.009000000000000001,0.05547049659201542
F/USDT:USDT,LONG,2025-09-11T14:33:00+00:00,2025-09-11T14:57:00+00:00,0.00834,0.008262821608290371,0.009152404123259258,0.008262821608290371,SL,SL,-0.009254003802113782,-0.014454003802113782,4.5,0.009000000000000001,-0.06504301710951202
NAORIS/USDT:USDT,SHORT,2025-09-11T14:42:00+00:00,2025-09-11T15:00:00+00:00,0.06736,0.06792594771730544,0.06140265560731128,0.06792594771730544,SL,SL,-0.008401836658334834,-0.013601836658334834,4.5,0.009000000000000001,-0.06120826496250675
EPT/USDT:USDT,LONG,2025-09-11T15:00:00+00:00,2025-09-11T15:03:00+00:00,0.006249,0.006186405082759368,0.006907893865690865,0.006186405082759368,SL,SL,-0.010016789444812357,-0.015216789444812357,4.5,0.009000000000000001,-0.0684755525016556
EPT/USDT:USDT,LONG,2025-09-11T15:03:00+00:00,2025-09-11T15:06:00+00:00,0.005939,0.005867359005419413,0.006693115732427232,0.005867359005419413,SL,SL,-0.012062804273545499,-0.0172628042735455,4.5,0.009000000000000001,-0.07768261923095474
F/USDT:USDT,LONG,2025-09-11T15:06:00+00:00,2025-09-11T15:09:00+00:00,0.008935,0.008853581873995885,0.009792032905306466,0.008853581873995885,SL,SL,-0.00911226927858029,-0.01431226927858029,4.5,0.009000000000000001,-0.0644052117536113
NAORIS/USDT:USDT,SHORT,2025-09-11T15:00:00+00:00,2025-09-11T15:15:00+00:00,0.06814,0.06866879922741845,0.06257369234296384,0.06866879922741845,SL,SL,-0.007760481764285906,-0.012960481764285907,4.5,0.009000000000000001,-0.05832216793928658
F/USDT:USDT,LONG,2025-09-11T15:09:00+00:00,2025-09-11T15:18:00+00:00,0.008597,0.009119,0.009575101983498861,0.008597,TP_PARTIAL,TP50,0.06071885541467952,0.05551885541467952,2.25,0.0045000000000000005,0.12491742468302891
F/USDT:USDT,LONG,2025-09-11T15:09:00+00:00,2025-09-11T15:57:00+00:00,0.008597,0.008979,0.009575101983498861,0.008597,EXIT,heat<0.85,0.044434104920320884,0.03923410492032088,2.25,0.0045000000000000005,0.08827673607072198
B2/USDT:USDT,LONG,2025-09-11T15:57:00+00:00,2025-09-11T16:03:00+00:00,0.5381,0.533731255196978,0.5840867874002322,0.533731255196978,SL,SL,-0.008118834423010729,-0.013318834423010729,4.5,0.009000000000000001,-0.05993475490354828
F/USDT:USDT,SHORT,2025-09-11T16:06:00+00:00,2025-09-11T16:12:00+00:00,0.009034,0.00912857696067471,0.008038453045529387,0.00912857696067471,SL,SL,-0.01046900162438664,-0.01566900162438664,4.5,0.009000000000000001,-0.07051050730973989
B2/USDT:USDT,LONG,2025-09-11T16:03:00+00:00,2025-09-11T16:18:00+00:00,0.5075,0.501724500654537,0.5682947299522411,0.501724500654537,SL,SL,-0.011380294276774294,-0.016580294276774293,4.5,0.009000000000000001,-0.07461132424548432
EPT/USDT:USDT,SHORT,2025-09-11T15:57:00+00:00,2025-09-11T16:39:00+00:00,0.005402,0.005353,0.004899053482140856,0.005449779919196618,EXIT,heat<0.85,0.009070714550166526,0.003870714550166526,4.5,0.009000000000000001,0.017418215475749368
F/USDT:USDT,LONG,2025-09-11T16:33:00+00:00,2025-09-11T16:42:00+00:00,0.009211,0.00912620030862027,0.010103628330312952,0.00912620030862027,SL,SL,-0.009206350166076563,-0.014406350166076562,4.5,0.009000000000000001,-0.06482857574734453
HIFI/USDT:USDT,LONG,2025-09-11T16:39:00+00:00,2025-09-11T16:42:00+00:00,0.08569,0.08485449648175171,0.0944847738762978,0.08485449648175171,SL,SL,-0.009750303632259223,-0.014950303632259222,4.5,0.009000000000000001,-0.0672763663451665
HIFI/USDT:USDT,LONG,2025-09-11T16:42:00+00:00,2025-09-11T16:45:00+00:00,0.08419,0.08330288959019802,0.0935280043137051,0.08330288959019802,SL,SL,-0.010537004511248135,-0.015737004511248133,4.5,0.009000000000000001,-0.0708165203006166
HIFI/USDT:USDT,LONG,2025-09-11T16:45:00+00:00,2025-09-11T17:12:00+00:00,0.08262,0.08796,0.09236243257701188,0.08262,TP_PARTIAL,TP50,0.06463326071169205,0.05943326071169205,2.25,0.0045000000000000005,0.1337248366013071
F/USDT:USDT,LONG,2025-09-11T17:15:00+00:00,2025-09-11T17:18:00+00:00,0.009815,0.00973984174241828,0.010606139553491796,0.00973984174241828,SL,SL,-0.007657489310414707,-0.012857489310414708,4.5,0.009000000000000001,-0.057858701896866184
F/USDT:USDT,LONG,2025-09-11T17:18:00+00:00,2025-09-11T17:24:00+00:00,0.009653,0.009575745903674117,0.010466201013956669,0.009575745903674117,SL,SL,-0.008003117820976234,-0.013203117820976234,4.5,0.009000000000000001,-0.05941403019439305
B2/USDT:USDT,LONG,2025-09-11T16:18:00+00:00,2025-09-11T17:30:00+00:00,0.5017,0.528,0.5695345147634867,0.4952557210974688,EXIT,heat<0.85,0.052421765995614884,0.04722176599561488,4.5,0.009000000000000001,0.21249794698026697
PUMPBTC/USDT:USDT,LONG,2025-09-11T18:12:00+00:00,2025-09-11T18:15:00+00:00,0.04987,0.04947908665707226,0.05398487729397615,0.04947908665707226,SL,SL,-0.007838647341642963,-0.013038647341642963,4.5,0.009000000000000001,-0.05867391303739333
PUMPBTC/USDT:USDT,LONG,2025-09-11T18:15:00+00:00,2025-09-11T18:21:00+00:00,0.0492,0.048813123324424244,0.053272386058692146,0.048813123324424244,SL,SL,-0.007863347064547893,-0.013063347064547893,4.5,0.009000000000000001,-0.05878506179046552
PUMPBTC/USDT:USDT,LONG,2025-09-11T18:21:00+00:00,2025-09-11T18:27:00+00:00,0.04829,0.04790790939708009,0.05231200634652537,0.04790790939708009,SL,SL,-0.007912416709875959,-0.013112416709875958,4.5,0.009000000000000001,-0.05900587519444181
HIFI/USDT:USDT,LONG,2025-09-11T16:45:00+00:00,2025-09-11T18:30:00+00:00,0.08262,0.08262,0.09236243257701188,0.08262,SL,SL,0.0,-0.0052,2.25,0.0045000000000000005,-0.011699999999999999
F/USDT:USDT,LONG,2025-09-11T17:45:00+00:00,2025-09-11T18:39:00+00:00,0.009177,0.009426,0.010053484815017706,0.009093733942573318,EXIT,heat<0.85,0.027133050016345316,0.021933050016345317,4.5,0.009000000000000001,0.09869872507355393
PUMPBTC/USDT:USDT,LONG,2025-09-11T18:27:00+00:00,2025-09-11T18:45:00+00:00,0.04763,0.04793,0.05149387281919789,0.0472629320821762,EXIT,heat<0.85,0.0062985513331934,0.0010985513331934,4.5,0.009000000000000001,0.0049434809993703
HIFI/USDT:USDT,LONG,2025-09-11T18:30:00+00:00,2025-09-11T18:57:00+00:00,0.08125,0.08256,0.08862372704642814,0.08054949593058933,EXIT,heat<0.85,0.01612307692307682,0.01092307692307682,4.5,0.009000000000000001,0.04915384615384569
PUMPBTC/USDT:USDT,LONG,2025-09-11T19:18:00+00:00,2025-09-11T19:21:00+00:00,0.05747,0.05698142647029041,0.06261287926010095,0.05698142647029041,SL,SL,-0.00850136644700866,-0.01370136644700866,4.5,0.009000000000000001,-0.06165614901153897
PUMPBTC/USDT:USDT,LONG,2025-09-11T19:21:00+00:00,2025-09-11T19:30:00+00:00,0.05681,0.05629932457955538,0.062185530741522305,0.05629932457955538,SL,SL,-0.008989181842010538,-0.014189181842010538,4.5,0.009000000000000001,-0.06385131828904742
PUMPBTC/USDT:USDT,LONG,2025-09-11T19:30:00+00:00,2025-09-11T19:36:00+00:00,0.05503,0.054461066290555096,0.061018775888893775,0.054461066290555096,SL,SL,-0.010338610020805128,-0.015538610020805128,4.5,0.009000000000000001,-0.06992374509362308
PUMPBTC/USDT:USDT,LONG,2025-09-11T19:36:00+00:00,2025-09-11T20:15:00+00:00,0.05305,0.05616,0.05917113839399514,0.05305,TP_PARTIAL,TP50,0.058623939679547626,0.05342393967954762,2.25,0.0045000000000000005,0.12020386427898215
PUMPBTC/USDT:USDT,LONG,2025-09-11T19:36:00+00:00,2025-09-11T20:42:00+00:00,0.05305,0.05891,0.05917113839399514,0.05305,EXIT,heat<0.85,0.11046182846371343,0.10526182846371343,2.25,0.0045000000000000005,0.23683911404335523
PUMPBTC/USDT:USDT,LONG,2025-09-11T20:45:00+00:00,2025-09-11T21:03:00+00:00,0.05933,0.06202,0.0641482292085059,0.05933,TP_PARTIAL,TP50,0.04533962582167534,0.04013962582167534,2.25,0.0045000000000000005,0.09031415809876951
PUMPBTC/USDT:USDT,LONG,2025-09-11T20:45:00+00:00,2025-09-11T21:24:00+00:00,0.05933,0.0641482292085059,0.0641482292085059,0.05933,TP,TP,0.08121067265305736,0.07601067265305736,2.25,0.0045000000000000005,0.17102401346937907
PUMPBTC/USDT:USDT,LONG,2025-09-11T21:24:00+00:00,2025-09-11T21:45:00+00:00,0.06519,0.06462233845410098,0.07116538469367392,0.06462233845410098,SL,SL,-0.008707800980196618,-0.013907800980196618,4.5,0.009000000000000001,-0.06258510441088479
PUMPBTC/USDT:USDT,LONG,2025-09-11T21:45:00+00:00,2025-09-11T21:54:00+00:00,0.06422,0.06862,0.07190580011639247,0.06422,TP_PARTIAL,TP50,0.06851448146994707,0.06331448146994707,2.25,0.0045000000000000005,0.14245758330738093
PUMPBTC/USDT:USDT,LONG,2025-09-11T21:45:00+00:00,2025-09-11T22:00:00+00:00,0.06422,0.07190580011639247,0.07190580011639247,0.06422,TP,TP,0.11967922946733839,0.11447922946733839,2.25,0.0045000000000000005,0.25757826630151137
PUMPBTC/USDT:USDT,LONG,2025-09-11T22:00:00+00:00,2025-09-11T22:03:00+00:00,0.0746,0.07366351774790918,0.08445770791674546,0.07366351774790918,SL,SL,-0.01255338139531934,-0.01775338139531934,4.5,0.009000000000000001,-0.07989021627893703
PUMPBTC/USDT:USDT,LONG,2025-09-11T22:03:00+00:00,2025-09-11T22:06:00+00:00,0.07241,0.07141772362305852,0.08285501449412079,0.07141772362305852,SL,SL,-0.013703582059680683,-0.018903582059680686,4.5,0.009000000000000001,-0.08506611926856308
PUMPBTC/USDT:USDT,LONG,2025-09-11T22:06:00+00:00,2025-09-11T22:09:00+00:00,0.06558,0.06442435764998292,0.0777446563159693,0.06442435764998292,SL,SL,-0.017621871759943324,-0.022821871759943324,4.5,0.009000000000000001,-0.10269842291974496
PUMPBTC/USDT:USDT,LONG,2025-09-11T22:09:00+00:00,2025-09-11T22:15:00+00:00,0.06271,0.06155086067498414,0.07491146657911435,0.06155086067498414,SL,SL,-0.018484122548490908,-0.023684122548490907,4.5,0.009000000000000001,-0.10657855146820908
PUMPBTC/USDT:USDT,LONG,2025-09-11T22:15:00+00:00,2025-09-11T22:57:00+00:00,0.06046,0.05925913803098122,0.07310065230546084,0.05925913803098122,SL,SL,-0.019862090126013553,-0.025062090126013556,4.5,0.009000000000000001,-0.11277940556706101
PUMPBTC/USDT:USDT,LONG,2025-09-11T22:57:00+00:00,2025-09-11T23:00:00+00:00,0.05921,0.058333613703289273,0.0684351189127445,0.058333613703289273,SL,SL,-0.014801322356202082,-0.020001322356202084,4.5,0.009000000000000001,-0.09000595060290938
PUMPBTC/USDT:USDT,LONG,2025-09-11T23:00:00+00:00,2025-09-11T23:39:00+00:00,0.05827,0.057370984153054326,0.06773332470469132,0.057370984153054326,SL,SL,-0.015428451123145294,-0.02062845112314529,4.5,0.009000000000000001,-0.09282803005415381
PUMPBTC/USDT:USDT,LONG,2025-09-11T23:39:00+00:00,2025-09-12T00:03:00+00:00,0.05706,0.05646800767015431,0.06329149820890201,0.05646800767015431,SL,SL,-0.010374909390916438,-0.015574909390916438,4.5,0.009000000000000001,-0.07008709225912398
HIFI/USDT:USDT,LONG,2025-09-12T00:00:00+00:00,2025-09-12T00:06:00+00:00,0.08476,0.08408860036357624,0.0918273645939343,0.08408860036357624,SL,SL,-0.007921184950728693,-0.013121184950728693,4.5,0.009000000000000001,-0.05904533227827912
F/USDT:USDT,LONG,2025-09-12T00:03:00+00:00,2025-09-12T00:12:00+00:00,0.010349,0.010259959668616116,0.011286266646146143,0.010259959668616116,SL,SL,-0.008603761849829372,-0.013803761849829371,4.5,0.009000000000000001,-0.06211692832423217
HIFI/USDT:USDT,LONG,2025-09-12T00:06:00+00:00,2025-09-12T00:15:00+00:00,0.08395,0.08771,0.09075706436925966,0.08395,TP_PARTIAL,TP50,0.044788564621798685,0.03958856462179868,2.25,0.0045000000000000005,0.08907427039904703
F/USDT:USDT,LONG,2025-09-12T00:12:00+00:00,2025-09-12T00:18:00+00:00,0.010198,0.010092729654500586,0.011306108899993833,0.010092729654500586,SL,SL,-0.010322646156051662,-0.015522646156051662,4.5,0.009000000000000001,-0.06985190770223249
F/USDT:USDT,LONG,2025-09-12T00:24:00+00:00,2025-09-12T00:30:00+00:00,0.010102,0.010001051969548917,0.011164610846853495,0.010001051969548917,SL,SL,-0.009992875712837324,-0.015192875712837324,4.5,0.009000000000000001,-0.06836794070776796
PUMPBTC/USDT:USDT,LONG,2025-09-12T00:03:00+00:00,2025-09-12T00:36:00+00:00,0.05626,0.05572763379947649,0.06186385474235272,0.05572763379947649,SL,SL,-0.009462605768281318,-0.014662605768281317,4.5,0.009000000000000001,-0.06598172595726592
HIFI/USDT:USDT,LONG,2025-09-12T00:06:00+00:00,2025-09-12T00:54:00+00:00,0.08395,0.09075706436925966,0.09075706436925966,0.08395,TP,TP,0.08108474531577924,0.07588474531577924,2.25,0.0045000000000000005,0.1707406769605033
PUMPBTC/USDT:USDT,LONG,2025-09-12T00:36:00+00:00,2025-09-12T01:06:00+00:00,0.05494,0.05564,0.05943273406790371,0.05451319026354915,EXIT,heat<0.85,0.012741172187841267,0.007541172187841267,4.5,0.009000000000000001,0.033935274845285704
NAORIS/USDT:USDT,LONG,2025-09-12T01:03:00+00:00,2025-09-12T01:06:00+00:00,0.07586,0.07527552143429034,0.08201240595483848,0.07527552143429034,SL,SL,-0.007704700312544939,-0.01290470031254494,4.5,0.009000000000000001,-0.05807115140645223
F/USDT:USDT,LONG,2025-09-12T00:30:00+00:00,2025-09-12T01:09:00+00:00,0.009983,0.010538,0.011005659352644085,0.009983,TP_PARTIAL,TP50,0.055594510668135824,0.05039451066813582,2.25,0.0045000000000000005,0.1133876490033056
NAORIS/USDT:USDT,LONG,2025-09-12T01:21:00+00:00,2025-09-12T01:30:00+00:00,0.07497,0.07839,0.0812217392405678,0.07497,TP_PARTIAL,TP50,0.045618247298919654,0.04041824729891965,2.25,0.0045000000000000005,0.09094105642256921
HIFI/USDT:USDT,LONG,2025-09-12T01:33:00+00:00,2025-09-12T01:48:00+00:00,0.08887,0.08816128898917759,0.09633011590339387,0.08816128898917759,SL,SL,-0.007974693494119648,-0.013174693494119647,4.5,0.009000000000000001,-0.059286120723538414
IDOL/USDT:USDT,LONG,2025-09-12T02:09:00+00:00,2025-09-12T02:12:00+00:00,0.03406,0.03378972638322083,0.03690498543978073,0.03378972638322083,SL,SL,-0.007935220692283348,-0.013135220692283348,4.500000000000001,0.009000000000000003,-0.05910849311527508
IDOL/USDT:USDT,LONG,2025-09-12T02:12:00+00:00,2025-09-12T02:24:00+00:00,0.03359,0.0333200316415622,0.036431772194082106,0.0333200316415622,SL,SL,-0.00803716458582324,-0.01323716458582324,4.5,0.009000000000000001,-0.05956724063620458
IDOL/USDT:USDT,LONG,2025-09-12T02:24:00+00:00,2025-09-12T02:30:00+00:00,0.03239,0.032088389106483185,0.03556485151070332,0.032088389106483185,SL,SL,-0.009311852223427503,-0.014511852223427503,4.499999999999999,0.008999999999999998,-0.06530333500542375
F/USDT:USDT,LONG,2025-09-12T00:30:00+00:00,2025-09-12T02:45:00+00:00,0.009983,0.009983,0.011005659352644085,0.009983,SL,SL,0.0,-0.0052,2.25,0.0045000000000000005,-0.011699999999999999
IDOL/USDT:USDT,LONG,2025-09-12T02:30:00+00:00,2025-09-12T02:45:00+00:00,0.03191,0.03161156917854928,0.03505137706790235,0.03161156917854928,SL,SL,-0.009352266419640308,-0.014552266419640308,4.5,0.009000000000000001,-0.06548519888838139
M/USDT:USDT,SHORT,2025-09-12T02:42:00+00:00,2025-09-12T02:45:00+00:00,1.8726,1.8895051167962729,1.6946514021444974,1.8895051167962729,SL,SL,-0.009027617641927173,-0.014227617641927173,4.5,0.009000000000000001,-0.06402427938867228
IDOL/USDT:USDT,LONG,2025-09-12T02:45:00+00:00,2025-09-12T03:15:00+00:00,0.03115,0.03139,0.03395741743706616,0.030883295343478716,EXIT,heat<0.85,0.0077046548956661515,0.002504654895666151,4.5,0.009000000000000001,0.011270947030497679
M/USDT:USDT,SHORT,2025-09-12T03:15:00+00:00,2025-09-12T03:21:00+00:00,1.8719,1.886396283578765,1.7193075412761558,1.886396283578765,SL,SL,-0.007744154911461724,-0.012944154911461725,4.5,0.009000000000000001,-0.05824869710157776
F/USDT:USDT,LONG,2025-09-12T02:48:00+00:00,2025-09-12T03:24:00+00:00,0.009705,0.009768,0.01050017412648106,0.0096294584579843,EXIT,heat<0.85,0.00649149922720253,0.0012914992272025296,4.5,0.009000000000000001,0.005811746522411383
NAORIS/USDT:USDT,LONG,2025-09-12T01:21:00+00:00,2025-09-12T03:30:00+00:00,0.07497,0.0812217392405678,0.0812217392405678,0.07497,TP,TP,0.08338987915923447,0.07818987915923448,2.25,0.0045000000000000005,0.17592722810827757
NAORIS/USDT:USDT,LONG,2025-09-12T03:30:00+00:00,2025-09-12T03:33:00+00:00,0.0818,0.0811387937493386,0.08876006579643564,0.0811387937493386,SL,SL,-0.008083205998305525,-0.013283205998305524,4.5,0.009000000000000001,-0.05977442699237486
NAORIS/USDT:USDT,LONG,2025-09-12T03:33:00+00:00,2025-09-12T03:45:00+00:00,0.0781,0.07738559419581444,0.08562006109669025,0.07738559419581444,SL,SL,-0.009147321436434912,-0.014347321436434912,4.5,0.009000000000000001,-0.0645629464639571
M/USDT:USDT,LONG,2025-09-12T03:57:00+00:00,2025-09-12T04:09:00+00:00,2.0285,2.1152,2.1915388737026573,2.0285,TP_PARTIAL,TP50,0.04274094158245008,0.037540941582450076,2.25,0.0045000000000000005,0.08446711856051267
M/USDT:USDT,LONG,2025-09-12T03:57:00+00:00,2025-09-12T04:36:00+00:00,2.0285,2.0409,2.1915388737026573,2.0285,EXIT,heat<0.85,0.006112891298989384,0.0009128912989893839,2.25,0.0045000000000000005,0.002054005422726114
NAORIS/USDT:USDT,LONG,2025-09-12T03:45:00+00:00,2025-09-12T04:39:00+00:00,0.07712,0.07643355866375093,0.08434569827630596,0.07643355866375093,SL,SL,-0.008900950936839552,-0.014100950936839551,4.5,0.009000000000000001,-0.06345427921577798
PUMPBTC/USDT:USDT,SHORT,2025-09-12T04:27:00+00:00,2025-09-12T04:48:00+00:00,0.05042,0.04999,0.045834003224428425,0.0508556696936793,EXIT,heat<0.85,0.008528361761205867,0.0033283617612058676,4.5,0.009000000000000001,0.014977627925426404
OG/USDT:USDT,SHORT,2025-09-12T05:03:00+00:00,2025-09-12T05:06:00+00:00,16.3342,16.46673259288213,14.93912007492494,16.46673259288213,SL,SL,-0.008113809851852687,-0.013313809851852687,4.5,0.009000000000000001,-0.05991214433333709
OG/USDT:USDT,SHORT,2025-09-12T05:06:00+00:00,2025-09-12T05:09:00+00:00,16.5418,16.711453979104835,14.75596864100173,16.711453979104835,SL,SL,-0.010256077277251363,-0.015456077277251363,4.5,0.009000000000000001,-0.06955234774763114
BDXN/USDT,LONG,2025-09-12T05:36:00+00:00,2025-09-12T05:39:00+00:00,0.05839,0.05787594018401694,0.0638011559577164,0.05787594018401694,SL,SL,-0.00880390162670074,-0.014003901626700739,4.5,0.009000000000000001,-0.06301755732015332
BDXN/USDT,LONG,2025-09-12T05:39:00+00:00,2025-09-12T05:42:00+00:00,0.05748,0.05697795874230145,0.06276464481787952,0.05697795874230145,SL,SL,-0.00873419028703117,-0.01393419028703117,4.5,0.009000000000000001,-0.06270385629164027
BDXN/USDT,LONG,2025-09-12T05:42:00+00:00,2025-09-12T05:45:00+00:00,0.05016,0.04949513311785134,0.05715859875945956,0.04949513311785134,SL,SL,-0.013254921892915864,-0.018454921892915865,4.5,0.009000000000000001,-0.0830471485181214
YGG/USDT:USDT,LONG,2025-09-12T05:45:00+00:00,2025-09-12T05:51:00+00:00,0.2215,0.2348,0.24012461642108257,0.2215,TP_PARTIAL,TP50,0.06004514672686233,0.054845146726862325,2.25,0.0045000000000000005,0.12340158013544023
NAORIS/USDT:USDT,LONG,2025-09-12T05:48:00+00:00,2025-09-12T06:06:00+00:00,0.0779,0.08155,0.08456650091209227,0.0779,TP_PARTIAL,TP50,0.046854942233632874,0.04165494223363287,2.25,0.0045000000000000005,0.09372362002567396
OG/USDT:USDT,SHORT,2025-09-12T05:09:00+00:00,2025-09-12T06:09:00+00:00,17.1671,15.22939945235875,15.22939945235875,17.1671,TP,TP,0.11287291083766338,0.10767291083766338,4.5,0.009000000000000001,0.4845280987694852
OG/USDT:USDT,SHORT,2025-09-12T06:09:00+00:00,2025-09-12T06:42:00+00:00,15.1347,15.1347,13.463465366784597,15.1347,SL,SL,0.0,-0.0052,4.5,0.009000000000000001,-0.023399999999999997
OG/USDT:USDT,SHORT,2025-09-12T06:42:00+00:00,2025-09-12T06:48:00+00:00,15.2948,15.47305181896634,13.418465063512212,15.47305181896634,SL,SL,-0.011654406658886653,-0.016854406658886652,4.5,0.009000000000000001,-0.07584482996498994
YGG/USDT:USDT,LONG,2025-09-12T05:45:00+00:00,2025-09-12T06:51:00+00:00,0.2215,0.2215,0.24012461642108257,0.2215,SL,SL,0.0,-0.0052,2.25,0.0045000000000000005,-0.011699999999999999
OG/USDT:USDT,SHORT,2025-09-12T06:48:00+00:00,2025-09-12T06:54:00+00:00,15.5887,15.766212639823017,13.720145896599815,15.766212639823017,SL,SL,-0.011387263840026288,-0.01658726384002629,4.5,0.009000000000000001,-0.0746426872801183
BAKE/USDT:USDT,SHORT,2025-09-12T06:06:00+00:00,2025-09-12T07:00:00+00:00,0.0879,0.08893314263798155,0.0770248143370364,0.08893314263798155,SL,SL,-0.011753613628914032,-0.01695361362891403,4.5,0.009000000000000001,-0.07629126133011314
NAORIS/USDT:USDT,LONG,2025-09-12T05:48:00+00:00,2025-09-12T07:03:00+00:00,0.0779,0.08456650091209227,0.08456650091209227,0.0779,TP,TP,0.08557767537987508,0.08037767537987509,2.25,0.0045000000000000005,0.18084976960471894
BAKE/USDT:USDT,SHORT,2025-09-12T07:00:00+00:00,2025-09-12T07:03:00+00:00,0.0893,0.09012484026804946,0.08061747086263732,0.09012484026804946,SL,SL,-0.009236733124853874,-0.014436733124853874,4.5,0.009000000000000001,-0.06496529906184244
BAKE/USDT:USDT,SHORT,2025-09-12T07:03:00+00:00,2025-09-12T07:09:00+00:00,0.0906,0.09143378024890307,0.08182336580102037,0.09143378024890307,SL,SL,-0.009202872504448907,-0.014402872504448907,4.5,0.009000000000000001,-0.06481292627002008
YGG/USDT:USDT,LONG,2025-09-12T06:54:00+00:00,2025-09-12T07:51:00+00:00,0.2214,0.2289,0.2450541224336249,0.21915285836880566,EXIT,heat<0.85,0.033875338753387434,0.02867533875338743,4.5,0.009000000000000001,0.12903902439024345
NAORIS/USDT:USDT,LONG,2025-09-12T07:03:00+00:00,2025-09-12T07:54:00+00:00,0.08478,0.0885,0.09187263200594074,0.08478,TP_PARTIAL,TP50,0.04387827317763625,0.038678273177636245,2.25,0.0045000000000000005,0.08702611464968155
BAKE/USDT:USDT,SHORT,2025-09-12T07:09:00+00:00,2025-09-12T07:54:00+00:00,0.0927,0.09351644317379908,0.08410586132843083,0.09351644317379908,SL,SL,-0.008807369728145333,-0.014007369728145333,4.5,0.009000000000000001,-0.063033163776654
OG/USDT:USDT,SHORT,2025-09-12T07:51:00+00:00,2025-09-12T08:00:00+00:00,17.0283,17.169339564919802,15.5436730008442,17.169339564919802,SL,SL,-0.008282656807772992,-0.013482656807772992,4.5,0.009000000000000001,-0.060671955634978465
OG/USDT:USDT,SHORT,2025-09-12T08:00:00+00:00,2025-09-12T08:09:00+00:00,17.4531,17.60033988780204,15.903206444189031,17.60033988780204,SL,SL,-0.008436317204510413,-0.013636317204510412,4.5,0.009000000000000001,-0.06136342742029686
OG/USDT:USDT,SHORT,2025-09-12T08:09:00+00:00,2025-09-12T08:12:00+00:00,17.6091,17.75733192547416,16.0487639423773,17.75733192547416,SL,SL,-0.008417916047620653,-0.013617916047620653,4.5,0.009000000000000001,-0.06128062221429294
OG/USDT:USDT,SHORT,2025-09-12T08:12:00+00:00,2025-09-12T08:15:00+00:00,18.2028,18.360491645083144,16.542887946493206,18.360491645083144,SL,SL,-0.008663043327572903,-0.013863043327572903,4.5,0.009000000000000001,-0.062383694974078065
NAORIS/USDT:USDT,LONG,2025-09-12T07:03:00+00:00,2025-09-12T08:24:00+00:00,0.08478,0.09187263200594074,0.09187263200594074,0.08478,TP,TP,0.0836592593293318,0.0784592593293318,2.25,0.0045000000000000005,0.17653333349099656
BAKE/USDT:USDT,LONG,2025-09-12T08:33:00+00:00,2025-09-12T08:36:00+00:00,0.1095,0.1183,0.12081431115030683,0.1095,TP_PARTIAL,TP50,0.080365296803653,0.075165296803653,2.25,0.0045000000000000005,0.16912191780821925
BAKE/USDT:USDT,LONG,2025-09-12T08:33:00+00:00,2025-09-12T08:39:00+00:00,0.1095,0.12081431115030683,0.12081431115030683,0.1095,TP,TP,0.10332704246855552,0.09812704246855553,2.25,0.0045000000000000005,0.22078584555424993
NAORIS/USDT:USDT,LONG,2025-09-12T08:24:00+00:00,2025-09-12T08:45:00+00:00,0.09254,0.09172260109027777,0.1011441990497077,0.09172260109027777,SL,SL,-0.008832925326585531,-0.014032925326585531,4.5,0.009000000000000001,-0.0631481639696349
BAKE/USDT:USDT,LONG,2025-09-12T08:39:00+00:00,2025-09-12T08:45:00+00:00,0.1281,0.138,0.1437189723693972,0.1281,TP_PARTIAL,TP50,0.07728337236533973,0.07208337236533974,2.25,0.0045000000000000005,0.16218758782201442
BAKE/USDT:USDT,LONG,2025-09-12T08:39:00+00:00,2025-09-12T08:51:00+00:00,0.1281,0.1281,0.1437189723693972,0.1281,SL,SL,0.0,-0.0052,2.25,0.0045000000000000005,-0.011699999999999999
BAKE/USDT:USDT,LONG,2025-09-12T08:51:00+00:00,2025-09-12T09:00:00+00:00,0.1273,0.12505464010737652,0.15093536729077348,0.12505464010737652,SL,SL,-0.017638333799084662,-0.022838333799084662,4.500000000000001,0.009000000000000003,-0.102772502095881
BAKE/USDT:USDT,LONG,2025-09-12T09:00:00+00:00,2025-09-12T09:06:00+00:00,0.116,0.11341326833670053,0.1432287543505209,0.11341326833670053,SL,SL,-0.022299410890512756,-0.027499410890512756,4.5,0.009000000000000001,-0.1237473490073074
HIFI/USDT:USDT,LONG,2025-09-12T09:06:00+00:00,2025-09-12T09:09:00+00:00,0.10217,0.1010038023007883,0.11444576525485997,0.1010038023007883,SL,SL,-0.011414286964976962,-0.016614286964976962,4.5,0.009000000000000001,-0.07476429134239633
OG/USDT:USDT,SHORT,2025-09-12T08:15:00+00:00,2025-09-12T09:12:00+00:00,18.8702,18.3679,17.01796737888655,18.8702,EXIT,heat<0.85,0.0266186897860119,0.0214186897860119,4.5,0.009000000000000001,0.09638410403705355
HIFI/USDT:USDT,LONG,2025-09-12T09:09:00+00:00,2025-09-12T09:12:00+00:00,0.09895,0.09775635927930341,0.11151463916522712,0.09775635927930341,SL,SL,-0.012063069436044281,-0.017263069436044283,4.5,0.009000000000000001,-0.07768381246219927
HIFI/USDT:USDT,LONG,2025-09-12T09:12:00+00:00,2025-09-12T09:15:00+00:00,0.09773,0.09655729075935318,0.11007430779628233,0.09655729075935318,SL,SL,-0.011999480616461843,-0.017199480616461843,4.5,0.009000000000000001,-0.0773976627740783
BAKE/USDT:USDT,LONG,2025-09-12T09:12:00+00:00,2025-09-12T09:15:00+00:00,0.113,0.1106913465473892,0.13730161529064003,0.1106913465473892,SL,SL,-0.020430561527529235,-0.02563056152752924,4.5,0.009000000000000001,-0.11533752687388157
HIFI/USDT:USDT,LONG,2025-09-12T09:15:00+00:00,2025-09-12T09:18:00+00:00,0.09644,0.09526229856225651,0.10883685723940502,0.09526229856225651,SL,SL,-0.01221175277627005,-0.01741175277627005,4.5,0.009000000000000001,-0.07835288749321523
BAKE/USDT:USDT,LONG,2025-09-12T09:15:00+00:00,2025-09-12T09:18:00+00:00,0.1081,0.10572282179400426,0.13312292848416574,0.10572282179400426,SL,SL,-0.021990547696537854,-0.027190547696537858,4.5,0.009000000000000001,-0.12235746463442036
NAORIS/USDT:USDT,LONG,2025-09-12T08:45:00+00:00,2025-09-12T09:21:00+00:00,0.08552,0.09185,0.09741215558095828,0.08552,TP_PARTIAL,TP50,0.07401777362020583,0.06881777362020583,2.25,0.0045000000000000005,0.1548399906454631
HIFI/USDT:USDT,LONG,2025-09-12T09:18:00+00:00,2025-09-12T09:36:00+00:00,0.09356,0.10008,0.10655136743659038,0.09356,TP_PARTIAL,TP50,0.06968790081231294,0.06448790081231294,2.25,0.0045000000000000005,0.1450977768277041
BAKE/USDT:USDT,LONG,2025-09-12T09:39:00+00:00,2025-09-12T09:42:00+00:00,0.1068,0.10459333169550732,0.1300280874157126,0.10459333169550732,SL,SL,-0.020661688244313574,-0.025861688244313577,4.5,0.009000000000000001,-0.11637759709941109
BAKE/USDT:USDT,LONG,2025-09-12T09:45:00+00:00,2025-09-12T10:09:00+00:00,0.107,0.1077,0.1295344223125277,0.10485922988030986,EXIT,heat<0.85,0.006542056074766413,0.0013420560747664126,4.5,0.009000000000000001,0.006039252336448857
HIFI/USDT:USDT,LONG,2025-09-12T09:18:00+00:00,2025-09-12T10:15:00+00:00,0.09356,0.10655136743659038,0.10655136743659038,0.09356,TP,TP,0.13885600081862312,0.1336560008186231,2.25,0.0045000000000000005,0.300726001841902
HIFI/USDT:USDT,LONG,2025-09-12T10:15:00+00:00,2025-09-12T10:18:00+00:00,0.10666,0.1054431155301468,0.11946931020898108,0.1054431155301468,SL,SL,-0.011409004967684225,-0.016609004967684225,4.5,0.009000000000000001,-0.07474052235457901
BAKE/USDT:USDT,LONG,2025-09-12T10:21:00+00:00,2025-09-12T10:24:00+00:00,0.1107,0.10905934312292828,0.12797007239022873,0.10905934312292828,SL,SL,-0.014820748663701219,-0.020020748663701217,4.5,0.009000000000000001,-0.09009336898665547
HIFI/USDT:USDT,LONG,2025-09-12T10:18:00+00:00,2025-09-12T10:30:00+00:00,0.10511,0.11394,0.11768150233691099,0.10511,TP_PARTIAL,TP50,0.08400723052040723,0.07880723052040724,2.25,0.0045000000000000005,0.1773162686709163
HIFI/USDT:USDT,LONG,2025-09-12T10:18:00+00:00,2025-09-12T10:33:00+00:00,0.10511,0.11768150233691099,0.11768150233691099,0.10511,TP,TP,0.11960329499487202,0.11440329499487202,2.25,0.0045000000000000005,0.25740741373846204
HIFI/USDT:USDT,LONG,2025-09-12T10:33:00+00:00,2025-09-12T10:36:00+00:00,0.12487,0.1373,0.14137547290038877,0.12487,TP_PARTIAL,TP50,0.09954352526627702,0.09434352526627703,2.25,0.0045000000000000005,0.2122729318491233
VELVET/USDT:USDT,LONG,2025-09-12T10:48:00+00:00,2025-09-12T10:51:00+00:00,0.1133,0.11243456785208017,0.12240981208336664,0.11243456785208017,SL,SL,-0.007638412602999369,-0.01283841260299937,4.5,0.009000000000000001,-0.05777285671349716
NAORIS/USDT:USDT,LONG,2025-09-12T08:45:00+00:00,2025-09-12T11:00:00+00:00,0.08552,0.09741215558095828,0.09741215558095828,0.08552,TP,TP,0.13905701100278628,0.13385701100278627,2.25,0.0045000000000000005,0.3011782747562691
HIFI/USDT:USDT,LONG,2025-09-12T10:33:00+00:00,2025-09-12T11:06:00+00:00,0.12487,0.14137547290038877,0.14137547290038877,0.12487,TP,TP,0.13218125170488326,0.12698125170488325,2.25,0.0045000000000000005,0.2857078163359873
VELVET/USDT:USDT,LONG,2025-09-12T10:51:00+00:00,2025-09-12T11:12:00+00:00,0.11008,0.11534,0.12013625407741188,0.11008,TP_PARTIAL,TP50,0.04778343023255815,0.042583430232558145,2.25,0.0045000000000000005,0.09581271802325583
HIFI/USDT:USDT,LONG,2025-09-12T11:06:00+00:00,2025-09-12T11:18:00+00:00,0.14163,0.1598,0.16655101155561652,0.14163,TP_PARTIAL,TP50,0.12829202852502994,0.12309202852502993,2.25,0.0045000000000000005,0.2769570641813173
NAORIS/USDT:USDT,LONG,2025-09-12T11:18:00+00:00,2025-09-12T11:24:00+00:00,0.10003,0.09894390119790102,0.1114626189694629,0.09894390119790102,SL,SL,-0.010857730701779249,-0.01605773070177925,4.5,0.009000000000000001,-0.07225978815800661
VELVET/USDT:USDT,LONG,2025-09-12T10:51:00+00:00,2025-09-12T11:30:00+00:00,0.11008,0.12013625407741188,0.12013625407741188,0.11008,TP,TP,0.09135405230207017,0.08615405230207017,2.25,0.0045000000000000005,0.19384661767965788
BAKE/USDT:USDT,LONG,2025-09-12T10:30:00+00:00,2025-09-12T11:33:00+00:00,0.1096,0.1182,0.1261912350733719,0.1096,TP_PARTIAL,TP50,0.07846715328467149,0.0732671532846715,2.25,0.0045000000000000005,0.16485109489051086
VELVET/USDT:USDT,LONG,2025-09-12T11:33:00+00:00,2025-09-12T11:36:00+00:00,0.12085,0.11954495673145349,0.13458729756364746,0.11954495673145349,SL,SL,-0.010798868585407614,-0.015998868585407614,4.5,0.009000000000000001,-0.07199490863433426
VELVET/USDT:USDT,LONG,2025-09-12T11:36:00+00:00,2025-09-12T11:42:00+00:00,0.1193,0.11803307410777825,0.13263606202338693,0.11803307410777825,SL,SL,-0.010619663807391088,-0.01581966380739109,4.5,0.009000000000000001,-0.0711884871332599
VELVET/USDT:USDT,LONG,2025-09-12T11:42:00+00:00,2025-09-12T11:48:00+00:00,0.11628,0.11488920267456389,0.13091997184669585,0.11488920267456389,SL,SL,-0.011960761312660027,-0.017160761312660026,4.5,0.009000000000000001,-0.07722342590697012
HIFI/USDT:USDT,LONG,2025-09-12T11:06:00+00:00,2025-09-12T11:51:00+00:00,0.14163,0.14163,0.16655101155561652,0.14163,SL,SL,0.0,-0.0052,2.25,0.0045000000000000005,-0.011699999999999999
NAORIS/USDT:USDT,LONG,2025-09-12T11:24:00+00:00,2025-09-12T12:06:00+00:00,0.09721,0.10356,0.10868914594815936,0.09721,TP_PARTIAL,TP50,0.06532249768542325,0.06012249768542325,2.25,0.0045000000000000005,0.13527561979220232
VELVET/USDT:USDT,LONG,2025-09-12T11:48:00+00:00,2025-09-12T12:12:00+00:00,0.10912,0.11766,0.12474344511271225,0.10912,TP_PARTIAL,TP50,0.07826246334310856,0.07306246334310856,2.25,0.0045000000000000005,0.16439054252199425
HIFI/USDT:USDT,LONG,2025-09-12T12:06:00+00:00,2025-09-12T12:39:00+00:00,0.14147,0.13862489464647304,0.17141847740554705,0.13862489464647304,SL,SL,-0.020111015434558364,-0.025311015434558368,4.5,0.009000000000000001,-0.11389956945551266
HIFI/USDT:USDT,LONG,2025-09-12T12:39:00+00:00,2025-09-12T13:06:00+00:00,0.1375,0.15245,0.16214227534671183,0.1375,TP_PARTIAL,TP50,0.10872727272727266,0.10352727272727266,2.25,0.0045000000000000005,0.2329363636363635
NAORIS/USDT:USDT,LONG,2025-09-12T11:24:00+00:00,2025-09-12T13:12:00+00:00,0.09721,0.10868914594815936,0.10868914594815936,0.09721,TP,TP,0.11808606057153948,0.11288606057153948,2.25,0.0045000000000000005,0.25399363628596383
NAORIS/USDT:USDT,LONG,2025-09-12T13:12:00+00:00,2025-09-12T13:21:00+00:00,0.10956,0.10851978449449574,0.12050963690004485,0.10851978449449574,SL,SL,-0.00949448252559566,-0.014694482525595659,4.5,0.009000000000000001,-0.06612517136518047
NAORIS/USDT:USDT,LONG,2025-09-12T13:21:00+00:00,2025-09-12T13:36:00+00:00,0.10617,0.10498241163790348,0.11867093012733182,0.10498241163790348,SL,SL,-0.01118572442400417,-0.01638572442400417,4.5,0.009000000000000001,-0.07373575990801876
HIFI/USDT:USDT,LONG,2025-09-12T12:39:00+00:00,2025-09-12T13:45:00+00:00,0.1375,0.16214227534671183,0.16214227534671183,0.1375,TP,TP,0.17921654797608594,0.17401654797608593,2.25,0.0045000000000000005,0.39153723294619336
HIFI/USDT:USDT,LONG,2025-09-12T13:45:00+00:00,2025-09-12T13:48:00+00:00,0.16343,0.16118933752690956,0.18701592076937307,0.16118933752690956,SL,SL,-0.013710227455732927,-0.018910227455732925,4.5,0.009000000000000001,-0.08509602355079816
BAKE/USDT:USDT,LONG,2025-09-12T10:30:00+00:00,2025-09-12T14:00:00+00:00,0.1096,0.1096,0.1261912350733719,0.1096,SL,SL,0.0,-0.0052,2.25,0.0045000000000000005,-0.011699999999999999
HIFI/USDT:USDT,LONG,2025-09-12T13:48:00+00:00,2025-09-12T14:15:00+00:00,0.156,0.1813840692858464,0.1813840692858464,0.1535885134178446,TP,TP,0.1627183928579898,0.1575183928579898,4.5,0.009000000000000001,0.7088327678609541
NAORIS/USDT:USDT,LONG,2025-09-12T13:36:00+00:00,2025-09-12T14:18:00+00:00,0.10476,0.11073,0.1165303370057257,0.10476,TP_PARTIAL,TP50,0.05698739977090482,0.05178739977090482,2.25,0.0045000000000000005,0.11652164948453583
BAKE/USDT:USDT,LONG,2025-09-12T14:18:00+00:00,2025-09-12T14:27:00+00:00,0.1167,0.11562988484784757,0.12796437002265706,0.11562988484784757,SL,SL,-0.009169795648264149,-0.014369795648264148,4.5,0.009000000000000001,-0.06466408041718867
HIFI/USDT:USDT,LONG,2025-09-12T14:15:00+00:00,2025-09-12T14:30:00+00:00,0.18608,0.20744,0.2151871571350558,0.18608,TP_PARTIAL,TP50,0.11478933791917464,0.10958933791917465,2.25,0.0045000000000000005,0.24657601031814297
BSW/USDT:USDT,LONG,2025-09-12T14:27:00+00:00,2025-09-12T14:33:00+00:00,0.02793,0.02770432836601411,0.03030549088406199,0.02770432836601411,SL,SL,-0.008079900966197219,-0.013279900966197218,4.5,0.009000000000000001,-0.05975955434788748
BSW/USDT:USDT,LONG,2025-09-12T14:33:00+00:00,2025-09-12T14:36:00+00:00,0.02556,0.025203353540083594,0.02931417326227794,0.025203353540083594,SL,SL,-0.013953304378576123,-0.019153304378576125,4.5,0.009000000000000001,-0.08618986970359256
VELVET/USDT:USDT,LONG,2025-09-12T11:48:00+00:00,2025-09-12T14:57:00+00:00,0.10912,0.12474344511271225,0.12474344511271225,0.10912,TP,TP,0.1431767330710434,0.13797673307104338,2.25,0.0045000000000000005,0.3104476494098476
VELVET/USDT:USDT,LONG,2025-09-12T14:57:00+00:00,2025-09-12T15:03:00+00:00,0.12537,0.1242455543451339,0.1372062700512222,0.1242455543451339,SL,SL,-0.008969016948760528,-0.014169016948760528,4.5,0.009000000000000001,-0.06376057626942237
VELVET/USDT:USDT,LONG,2025-09-12T15:03:00+00:00,2025-09-12T15:12:00+00:00,0.12301,0.12172286165473278,0.13655882468702324,0.12172286165473278,SL,SL,-0.010463688686019112,-0.01566368868601911,4.5,0.009000000000000001,-0.070486599087086
RDO/USDT:USDT,LONG,2025-09-12T15:12:00+00:00,2025-09-12T15:18:00+00:00,0.000851,0.0008426177329667643,0.0009392343898235341,0.0008426177329667643,SL,SL,-0.009849902506739979,-0.015049902506739979,4.5,0.009000000000000001,-0.0677245612803299
RDO/USDT:USDT,LONG,2025-09-12T15:18:00+00:00,2025-09-12T15:27:00+00:00,0.000833,0.000901,0.0009258551626539657,0.000833,TP_PARTIAL,TP50,0.08163265306122452,0.07643265306122453,2.25,0.0045000000000000005,0.17197346938775518
NAORIS/USDT:USDT,LONG,2025-09-12T13:36:00+00:00,2025-09-12T15:33:00+00:00,0.10476,0.10476,0.1165303370057257,0.10476,SL,SL,0.0,-0.0052,2.25,0.0045000000000000005,-0.011699999999999999
NAORIS/USDT:USDT,LONG,2025-09-12T15:33:00+00:00,2025-09-12T15:42:00+00:00,0.1045,0.10360414736669916,0.11393002771895612,0.10360414736669916,SL,SL,-0.008572752471778288,-0.013772752471778288,4.5,0.009000000000000001,-0.06197738612300229
RDO/USDT:USDT,LONG,2025-09-12T15:18:00+00:00,2025-09-12T15:48:00+00:00,0.000833,0.000833,0.0009258551626539657,0.000833,SL,SL,0.0,-0.0052,2.25,0.0045000000000000005,-0.011699999999999999
BSW/USDT:USDT,LONG,2025-09-12T14:36:00+00:00,2025-09-12T15:57:00+00:00,0.02483,0.02697,0.02871887517211523,0.02483,TP_PARTIAL,TP50,0.08618606524365684,0.08098606524365684,2.25,0.0045000000000000005,0.18221864679822788
NAORIS/USDT:USDT,LONG,2025-09-12T15:57:00+00:00,2025-09-12T16:06:00+00:00,0.10488,0.10945,0.1136974267637841,0.10488,TP_PARTIAL,TP50,0.04357360793287571,0.038373607932875704,2.25,0.0045000000000000005,0.08634061784897033
VELVET/USDT:USDT,LONG,2025-09-12T15:42:00+00:00,2025-09-12T16:18:00+00:00,0.12055,0.12885,0.13560927541735704,0.12055,TP_PARTIAL,TP50,0.06885109912899201,0.06365109912899201,2.25,0.0045000000000000005,0.14321497304023204
RDO/USDT:USDT,LONG,2025-09-12T16:18:00+00:00,2025-09-12T16:27:00+00:00,0.000847,0.0008356165397087138,0.0009668258978030125,0.0008356165397087138,SL,SL,-0.013439740603643701,-0.0186397406036437,4.5,0.009000000000000001,-0.08387883271639665
HIFI/USDT:USDT,LONG,2025-09-12T14:15:00+00:00,2025-09-12T16:48:00+00:00,0.18608,0.2151871571350558,0.2151871571350558,0.18608,TP,TP,0.15642281349449588,0.15122281349449587,2.25,0.0045000000000000005,0.34025133036261573
RDO/USDT:USDT,LONG,2025-09-12T16:27:00+00:00,2025-09-12T16:51:00+00:00,0.000831,0.0008184911070481211,0.0009626725573881992,0.0008184911070481211,SL,SL,-0.015052819436677424,-0.02025281943667742,4.5,0.009000000000000001,-0.0911376874650484
HIFI/USDT:USDT,LONG,2025-09-12T16:51:00+00:00,2025-09-12T17:00:00+00:00,0.21973,0.24533,0.2481319144050442,0.21973,TP_PARTIAL,TP50,0.11650662176307279,0.1113066217630728,2.25,0.0045000000000000005,0.25043989896691377
VELVET/USDT:USDT,LONG,2025-09-12T15:42:00+00:00,2025-09-12T17:06:00+00:00,0.12055,0.13560927541735704,0.13560927541735704,0.12055,TP,TP,0.12492140537002931,0.11972140537002932,2.25,0.0045000000000000005,0.26937316208256595
NAORIS/USDT:USDT,LONG,2025-09-12T15:57:00+00:00,2025-09-12T17:09:00+00:00,0.10488,0.1136974267637841,0.1136974267637841,0.10488,TP,TP,0.08407157478817787,0.07887157478817787,2.25,0.0045000000000000005,0.1774610432734002
RDO/USDT:USDT,LONG,2025-09-12T17:00:00+00:00,2025-09-12T17:12:00+00:00,0.000803,0.0007959810642842948,0.0008768835338495287,0.0007959810642842948,SL,SL,-0.008740891302248123,-0.013940891302248123,4.5,0.009000000000000001,-0.06273401086011655
VELVET/USDT:USDT,LONG,2025-09-12T17:09:00+00:00,2025-09-12T17:21:00+00:00,0.13668,0.13556695224224063,0.14839629218694073,0.13556695224224063,SL,SL,-0.008143457402395093,-0.013343457402395092,4.5,0.009000000000000001,-0.060045558310777916
HIFI/USDT:USDT,LONG,2025-09-12T16:51:00+00:00,2025-09-12T17:24:00+00:00,0.21973,0.2481319144050442,0.2481319144050442,0.21973,TP,TP,0.129258246052174,0.124058246052174,2.25,0.0045000000000000005,0.2791310536173915
NAORIS/USDT:USDT,LONG,2025-09-12T17:21:00+00:00,2025-09-12T17:24:00+00:00,0.11547,0.11454451598356813,0.12521193701507238,0.11454451598356813,SL,SL,-0.00801493042722676,-0.013214930427226759,4.5,0.009000000000000001,-0.05946718692252041
HIFI/USDT:USDT,LONG,2025-09-12T17:24:00+00:00,2025-09-12T17:30:00+00:00,0.26392,0.26015048095083065,0.30359914788599274,0.26015048095083065,SL,SL,-0.01428280937090533,-0.01948280937090533,4.5,0.009000000000000001,-0.08767264216907399
RDO/USDT:USDT,LONG,2025-09-12T17:12:00+00:00,2025-09-12T17:36:00+00:00,0.000777,0.0007704696906763781,0.0008457400981433879,0.0007704696906763781,SL,SL,-0.008404516504017853,-0.013604516504017852,4.5,0.009000000000000001,-0.061220324268080335
VELVET/USDT:USDT,LONG,2025-09-12T17:36:00+00:00,2025-09-12T17:39:00+00:00,0.13383,0.13236617379391605,0.14923869690614694,0.13236617379391605,SL,SL,-0.01093795267192675,-0.016137952671926747,4.5,0.009000000000000001,-0.07262078702367036
VELVET/USDT:USDT,LONG,2025-09-12T17:39:00+00:00,2025-09-12T17:42:00+00:00,0.13155,0.13007998995149347,0.1470237899842793,0.13007998995149347,SL,SL,-0.011174534766298183,-0.01637453476629818,4.5,0.009000000000000001,-0.07368540644834182
BSW/USDT:USDT,LONG,2025-09-12T14:36:00+00:00,2025-09-12T18:03:00+00:00,0.02483,0.02871887517211523,0.02871887517211523,0.02483,TP,TP,0.15662002304128989,0.15142002304128988,2.25,0.0045000000000000005,0.3406950518429022
HIFI/USDT:USDT,LONG,2025-09-12T17:30:00+00:00,2025-09-12T18:03:00+00:00,0.2342,0.26135,0.28049640812618765,0.2342,TP_PARTIAL,TP50,0.11592655849701125,0.11072655849701125,2.25,0.0045000000000000005,0.24913475661827533
NAORIS/USDT:USDT,LONG,2025-09-12T17:42:00+00:00,2025-09-12T18:03:00+00:00,0.10849,0.11534,0.11919761301742895,0.10849,TP_PARTIAL,TP50,0.06313945985805139,0.057939459858051386,2.25,0.0045000000000000005,0.13036378468061563
BSW/USDT:USDT,LONG,2025-09-12T18:03:00+00:00,2025-09-12T18:06:00+00:00,0.02982,0.02957159144446106,0.032434826900409885,0.02957159144446106,SL,SL,-0.008330266785343387,-0.013530266785343387,4.5,0.009000000000000001,-0.06088620053404524
BSW/USDT:USDT,LONG,2025-09-12T18:06:00+00:00,2025-09-12T18:12:00+00:00,0.02904,0.028778120626999557,0.03179662497895204,0.028778120626999557,SL,SL,-0.009017884745194306,-0.014217884745194306,4.5,0.009000000000000001,-0.06398048135337438
HIFI/USDT:USDT,LONG,2025-09-12T17:30:00+00:00,2025-09-12T18:15:00+00:00,0.2342,0.28049640812618765,0.28049640812618765,0.2342,TP,TP,0.1976789416148064,0.1924789416148064,2.25,0.0045000000000000005,0.4330776186333144
BSW/USDT:USDT,LONG,2025-09-12T18:12:00+00:00,2025-09-12T18:21:00+00:00,0.02849,0.028232904010014926,0.03119627357879028,0.028232904010014926,SL,SL,-0.00902407827255442,-0.01422407827255442,4.5,0.009000000000000001,-0.06400835222649488
HIFI/USDT:USDT,LONG,2025-09-12T18:21:00+00:00,2025-09-12T18:24:00+00:00,0.28752,0.2834657469973388,0.33019634739643383,0.2834657469973388,SL,SL,-0.01410076865143716,-0.019300768651437164,4.5,0.009000000000000001,-0.08685345893146723
VELVET/USDT:USDT,LONG,2025-09-12T18:03:00+00:00,2025-09-12T18:27:00+00:00,0.13171,0.13958,0.1448593257055558,0.13171,TP_PARTIAL,TP50,0.05975248652342279,0.05455248652342279,2.25,0.0045000000000000005,0.12274309467770128
HIFI/USDT:USDT,LONG,2025-09-12T18:24:00+00:00,2025-09-12T18:30:00+00:00,0.28268,0.2782769364975289,0.3290280368681171,0.2782769364975289,SL,SL,-0.015576140874738593,-0.020776140874738593,4.5,0.009000000000000001,-0.09349263393632366
BSW/USDT:USDT,LONG,2025-09-12T18:27:00+00:00,2025-09-12T18:30:00+00:00,0.02824,0.027988603579963838,0.030886278105643816,0.027988603579963838,SL,SL,-0.008902139519694159,-0.014102139519694159,4.5,0.009000000000000001,-0.06345962783862372
HIFI/USDT:USDT,LONG,2025-09-12T18:30:00+00:00,2025-09-12T18:45:00+00:00,0.2775,0.30353,0.32649927668730505,0.2775,TP_PARTIAL,TP50,0.09380180180180178,0.08860180180180179,2.25,0.0045000000000000005,0.19935405405405401
BSW/USDT:USDT,LONG,2025-09-12T18:30:00+00:00,2025-09-12T18:51:00+00:00,0.02768,0.02932,0.03033440109809783,0.02768,TP_PARTIAL,TP50,0.05924855491329477,0.054048554913294765,2.25,0.0045000000000000005,0.12160924855491322
PUMPBTC/USDT:USDT,LONG,2025-09-12T18:51:00+00:00,2025-09-12T19:00:00+00:00,0.08409,0.09089,0.09763040609591929,0.08409,TP_PARTIAL,TP50,0.08086573908907124,0.07566573908907125,2.25,0.0045000000000000005,0.1702479129504103
PUMPBTC/USDT:USDT,LONG,2025-09-12T18:51:00+00:00,2025-09-12T19:06:00+00:00,0.08409,0.08409,0.09763040609591929,0.08409,SL,SL,0.0,-0.0052,2.25,0.0045000000000000005,-0.011699999999999999
VELVET/USDT:USDT,LONG,2025-09-12T18:03:00+00:00,2025-09-12T19:12:00+00:00,0.13171,0.1448593257055558,0.1448593257055558,0.13171,TP,TP,0.09983543926471641,0.09463543926471642,2.25,0.0045000000000000005,0.21292973834561194
PUMPBTC/USDT:USDT,LONG,2025-09-12T19:06:00+00:00,2025-09-12T19:15:00+00:00,0.07946,0.09058,0.09827083380543107,0.07946,TP_PARTIAL,TP50,0.13994462622703235,0.13474462622703234,2.25,0.0045000000000000005,0.3031754090108228
BSW/USDT:USDT,LONG,2025-09-12T18:30:00+00:00,2025-09-12T19:24:00+00:00,0.02768,0.03033440109809783,0.03033440109809783,0.02768,TP,TP,0.09589599342838978,0.09069599342838978,2.25,0.0045000000000000005,0.204065985213877
VELVET/USDT:USDT,LONG,2025-09-12T19:12:00+00:00,2025-09-12T19:27:00+00:00,0.14531,0.15383,0.15700816615334723,0.14531,TP_PARTIAL,TP50,0.05863326680889134,0.053433266808891336,2.25,0.0045000000000000005,0.1202248503200055
BSW/USDT:USDT,LONG,2025-09-12T19:24:00+00:00,2025-09-12T19:27:00+00:00,0.03136,0.031092487033888803,0.03417592595906521,0.031092487033888803,SL,SL,-0.008530387949974348,-0.013730387949974348,4.5,0.009000000000000001,-0.06178674577488456
VELVET/USDT:USDT,LONG,2025-09-12T19:12:00+00:00,2025-09-12T19:36:00+00:00,0.14531,0.15700816615334723,0.15700816615334723,0.14531,TP,TP,0.08050489404271718,0.07530489404271719,2.25,0.0045000000000000005,0.16943601159611368
VELVET/USDT:USDT,LONG,2025-09-12T19:36:00+00:00,2025-09-12T19:42:00+00:00,0.15775,0.1562080820520118,0.17398071524198086,0.1562080820520118,SL,SL,-0.009774440240812626,-0.014974440240812625,4.5,0.009000000000000001,-0.06738498108365681
BSW/USDT:USDT,LONG,2025-09-12T19:27:00+00:00,2025-09-12T19:45:00+00:00,0.03008,0.03203,0.03336335981913198,0.03008,TP_PARTIAL,TP50,0.0648271276595746,0.0596271276595746,2.25,0.0045000000000000005,0.13416103723404285
VELVET/USDT:USDT,LONG,2025-09-12T19:42:00+00:00,2025-09-12T19:51:00+00:00,0.15261,0.15084616462647957,0.17117668814232023,0.15084616462647957,SL,SL,-0.011557796825374668,-0.01675779682537467,4.5,0.009000000000000001,-0.07541008571418602
BSW/USDT:USDT,LONG,2025-09-12T19:27:00+00:00,2025-09-12T19:57:00+00:00,0.03008,0.03336335981913198,0.03336335981913198,0.03008,TP,TP,0.10915424930624935,0.10395424930624936,2.25,0.0045000000000000005,0.23389706093906104
NAORIS/USDT:USDT,LONG,2025-09-12T17:42:00+00:00,2025-09-12T20:00:00+00:00,0.10849,0.11919761301742895,0.11919761301742895,0.10849,TP,TP,0.09869677405686193,0.09349677405686194,2.25,0.0045000000000000005,0.21036774162793936
BSW/USDT:USDT,LONG,2025-09-12T19:57:00+00:00,2025-09-12T20:00:00+00:00,0.03341,0.03305709639929979,0.03712477474421277,0.03305709639929979,SL,SL,-0.010562813549841767,-0.015762813549841766,4.500000000000001,0.009000000000000003,-0.07093266097428796
VELVET/USDT:USDT,LONG,2025-09-12T19:51:00+00:00,2025-09-12T20:03:00+00:00,0.15035,0.1485371654826442,0.16943246860374547,0.1485371654826442,SL,SL,-0.012057429446995744,-0.017257429446995744,4.5,0.009000000000000001,-0.07765843251148084
BSW/USDT:USDT,LONG,2025-09-12T20:00:00+00:00,2025-09-12T20:03:00+00:00,0.0322,0.03181693237077837,0.03623229083391185,0.03181693237077837,SL,SL,-0.011896510224274131,-0.01709651022427413,4.5,0.009000000000000001,-0.07693429600923359
HIFI/USDT:USDT,LONG,2025-09-12T18:30:00+00:00,2025-09-12T20:06:00+00:00,0.2775,0.2775,0.32649927668730505,0.2775,SL,SL,0.0,-0.0052,2.25,0.0045000000000000005,-0.011699999999999999
HIFI/USDT:USDT,LONG,2025-09-12T20:06:00+00:00,2025-09-12T20:12:00+00:00,0.27539,0.27147713347718583,0.316578068661202,0.27147713347718583,SL,SL,-0.014208455364443862,-0.019408455364443862,4.5,0.009000000000000001,-0.08733804913999738
HIFI/USDT:USDT,LONG,2025-09-12T20:12:00+00:00,2025-09-12T20:30:00+00:00,0.2694,0.29638,0.3107099163456282,0.2694,TP_PARTIAL,TP50,0.10014847809948035,0.09494847809948036,2.25,0.0045000000000000005,0.2136340757238308
BSW/USDT:USDT,LONG,2025-09-12T20:03:00+00:00,2025-09-12T20:33:00+00:00,0.03079,0.03316,0.035139984345775296,0.03079,TP_PARTIAL,TP50,0.07697304319584282,0.07177304319584282,2.25,0.0045000000000000005,0.16148934719064634
HIFI/USDT:USDT,LONG,2025-09-12T20:12:00+00:00,2025-09-12T20:33:00+00:00,0.2694,0.3107099163456282,0.3107099163456282,0.2694,TP,TP,0.1533404467172541,0.1481404467172541,2.25,0.0045000000000000005,0.3333160051138217
VELVET/USDT:USDT,LONG,2025-09-12T20:03:00+00:00,2025-09-12T20:39:00+00:00,0.14764,0.15809,0.16551889384088853,0.14764,TP_PARTIAL,TP50,0.0707802763478733,0.0655802763478733,2.25,0.0045000000000000005,0.14755562178271495
HIFI/USDT:USDT,LONG,2025-09-12T20:33:00+00:00,2025-09-12T20:45:00+00:00,0.32022,0.34702,0.36927798279243457,0.32022,TP_PARTIAL,TP50,0.08369246143276494,0.07849246143276495,2.25,0.0045000000000000005,0.17660803822372112
VELVET/USDT:USDT,LONG,2025-09-12T20:03:00+00:00,2025-09-12T20:54:00+00:00,0.14764,0.16551889384088853,0.16551889384088853,0.14764,TP,TP,0.12109789922032331,0.11589789922032331,2.25,0.0045000000000000005,0.26077027324572744
VELVET/USDT:USDT,LONG,2025-09-12T20:54:00+00:00,2025-09-12T21:00:00+00:00,0.16872,0.1788,0.1843061089621133,0.16872,TP_PARTIAL,TP50,0.05974395448079645,0.05454395448079645,2.25,0.0045000000000000005,0.12272389758179202
NAORIS/USDT:USDT,LONG,2025-09-12T20:48:00+00:00,2025-09-12T21:03:00+00:00,0.12827,0.13576,0.14008775974979526,0.12827,TP_PARTIAL,TP50,0.05839245341857018,0.05319245341857018,2.25,0.0045000000000000005,0.1196830201917829
NAORIS/USDT:USDT,LONG,2025-09-12T20:48:00+00:00,2025-09-12T21:06:00+00:00,0.12827,0.12827,0.14008775974979526,0.12827,SL,SL,0.0,-0.0052,2.25,0.0045000000000000005,-0.011699999999999999
VELVET/USDT:USDT,LONG,2025-09-12T20:54:00+00:00,2025-09-12T21:15:00+00:00,0.16872,0.1843061089621133,0.1843061089621133,0.16872,TP,TP,0.09237855003623335,0.08717855003623336,2.25,0.0045000000000000005,0.19615173758152504
VELVET/USDT:USDT,LONG,2025-09-12T21:15:00+00:00,2025-09-12T21:18:00+00:00,0.18863,0.18662021943610907,0.2097855848830622,0.18662021943610907,SL,SL,-0.010654617843879144,-0.01585461784387914,4.5,0.009000000000000001,-0.07134578029745614
HIFI/USDT:USDT,LONG,2025-09-12T20:33:00+00:00,2025-09-12T21:30:00+00:00,0.32022,0.32022,0.36927798279243457,0.32022,SL,SL,0.0,-0.0052,2.25,0.0045000000000000005,-0.011699999999999999
VELVET/USDT:USDT,LONG,2025-09-12T21:18:00+00:00,2025-09-12T21:30:00+00:00,0.17707,0.17479663233352988,0.2010001859628435,0.17479663233352988,SL,SL,-0.012838807626758498,-0.018038807626758496,4.5,0.009000000000000001,-0.08117463432041323
VELVET/USDT:USDT,LONG,2025-09-12T21:30:00+00:00,2025-09-12T21:33:00+00:00,0.17435,0.17208197203451547,0.1982239785840476,0.17208197203451547,SL,SL,-0.013008477003065852,-0.018208477003065854,4.5,0.009000000000000001,-0.08193814651379634
PUMPBTC/USDT:USDT,LONG,2025-09-12T19:06:00+00:00,2025-09-12T21:39:00+00:00,0.07946,0.09827083380543107,0.09827083380543107,0.07946,TP,TP,0.23673337283452137,0.23153337283452136,2.25,0.0045000000000000005,0.520950088877673
HIFI/USDT:USDT,LONG,2025-09-12T21:30:00+00:00,2025-09-12T21:39:00+00:00,0.31917,0.31420940731170766,0.3713867651399193,0.31420940731170766,SL,SL,-0.01554216464044977,-0.02074216464044977,4.5,0.009000000000000001,-0.09333974088202396
VELVET/USDT:USDT,LONG,2025-09-12T21:33:00+00:00,2025-09-12T21:39:00+00:00,0.16699,0.1646342597463358,0.1917872658280442,0.1646342597463358,SL,SL,-0.014107073798815473,-0.019307073798815473,4.5,0.009000000000000001,-0.08688183209466963
PUMPBTC/USDT:USDT,LONG,2025-09-12T21:39:00+00:00,2025-09-12T21:45:00+00:00,0.09988,0.09855784614549172,0.11379740899482395,0.09855784614549172,SL,SL,-0.013237423453226633,-0.01843742345322663,4.5,0.009000000000000001,-0.08296840553951984
VELVET/USDT:USDT,LONG,2025-09-12T21:39:00+00:00,2025-09-12T21:45:00+00:00,0.16415,0.16187763008740177,0.1880696832905075,0.16187763008740177,SL,SL,-0.013843252589693667,-0.019043252589693666,4.5,0.009000000000000001,-0.0856946366536215
VELVET/USDT:USDT,LONG,2025-09-12T21:45:00+00:00,2025-09-12T21:57:00+00:00,0.15928,0.15691338206515767,0.1841917677351825,0.15691338206515767,SL,SL,-0.014858224101220051,-0.020058224101220053,4.5,0.009000000000000001,-0.09026200845549023
PUMPBTC/USDT:USDT,LONG,2025-09-12T21:45:00+00:00,2025-09-12T22:00:00+00:00,0.09807,0.09665857040095971,0.11292715367410841,0.09665857040095971,SL,SL,-0.014392062802491029,-0.019592062802491032,4.5,0.009000000000000001,-0.08816428261120965
HIFI/USDT:USDT,LONG,2025-09-12T21:39:00+00:00,2025-09-12T22:03:00+00:00,0.31171,0.33774,0.362781484333966,0.31171,TP_PARTIAL,TP50,0.08350710596387667,0.07830710596387667,2.25,0.0045000000000000005,0.17619098841872252
PUMPBTC/USDT:USDT,LONG,2025-09-12T22:00:00+00:00,2025-09-12T22:12:00+00:00,0.09488,0.09357758311619328,0.10858965140849189,0.09357758311619328,SL,SL,-0.013726990765247922,-0.018926990765247925,4.5,0.009000000000000001,-0.08517145844361566
BSW/USDT:USDT,LONG,2025-09-12T20:03:00+00:00,2025-09-12T22:15:00+00:00,0.03079,0.035139984345775296,0.035139984345775296,0.03079,TP,TP,0.14127912782641425,0.13607912782641424,2.25,0.0045000000000000005,0.306178037609432
BSW/USDT:USDT,LONG,2025-09-12T22:15:00+00:00,2025-09-12T22:18:00+00:00,0.03527,0.034838948068582676,0.03980738875176132,0.034838948068582676,SL,SL,-0.012221489407919674,-0.017421489407919676,4.5,0.009000000000000001,-0.07839670233563854
HIFI/USDT:USDT,LONG,2025-09-12T21:39:00+00:00,2025-09-12T22:33:00+00:00,0.31171,0.362781484333966,0.362781484333966,0.31171,TP,TP,0.16384294483322967,0.15864294483322966,2.25,0.0045000000000000005,0.3569466258747667
NAORIS/USDT:USDT,LONG,2025-09-12T22:18:00+00:00,2025-09-12T22:36:00+00:00,0.14304,0.1413318108660047,0.16102093825258212,0.1413318108660047,SL,SL,-0.011942038129161869,-0.017142038129161867,4.5,0.009000000000000001,-0.0771391715812284
HIFI/USDT:USDT,LONG,2025-09-12T22:36:00+00:00,2025-09-12T22:39:00+00:00,0.38836,0.41988,0.44218739040172944,0.38836,TP_PARTIAL,TP50,0.08116180863116694,0.07596180863116694,2.25,0.0045000000000000005,0.17091406942012563
VELVET/USDT:USDT,LONG,2025-09-12T21:57:00+00:00,2025-09-12T22:42:00+00:00,0.15687,0.16945,0.17946098496159277,0.15687,TP_PARTIAL,TP50,0.0801937910371644,0.0749937910371644,2.25,0.0045000000000000005,0.1687360298336199
PUMPBTC/USDT:USDT,LONG,2025-09-12T22:12:00+00:00,2025-09-12T22:42:00+00:00,0.09292,0.09175132760260298,0.10522181470944234,0.09175132760260298,SL,SL,-0.012577188951754492,-0.017777188951754494,4.5,0.009000000000000001,-0.07999735028289523
BSW/USDT:USDT,LONG,2025-09-12T22:39:00+00:00,2025-09-12T22:48:00+00:00,0.03538,0.03497647167568852,0.03962766657169976,0.03497647167568852,SL,SL,-0.011405549019544393,-0.01660554901954439,4.5,0.009000000000000001,-0.07472497058794976
HIFI/USDT:USDT,LONG,2025-09-12T22:36:00+00:00,2025-09-12T22:51:00+00:00,0.38836,0.44218739040172944,0.44218739040172944,0.38836,TP,TP,0.13860178803617637,0.13340178803617636,2.25,0.0045000000000000005,0.3001540230813968
PUMPBTC/USDT:USDT,LONG,2025-09-12T22:42:00+00:00,2025-09-12T22:51:00+00:00,0.09135,0.09046119781000099,0.1007058125263054,0.09046119781000099,SL,SL,-0.00972963535850039,-0.01492963535850039,4.5,0.009000000000000001,-0.06718335911325175
BSW/USDT:USDT,LONG,2025-09-12T22:48:00+00:00,2025-09-12T22:57:00+00:00,0.03486,0.03749,0.03887653187245787,0.03486,TP_PARTIAL,TP50,0.07544463568559955,0.07024463568559955,2.2499999999999996,0.004499999999999999,0.15805043029259896
HIFI/USDT:USDT,LONG,2025-09-12T22:51:00+00:00,2025-09-12T22:57:00+00:00,0.48107,0.52784,0.5692013874881547,0.48107,TP_PARTIAL,TP50,0.09722077868085721,0.09202077868085722,2.25,0.0045000000000000005,0.20704675203192874
PUMPBTC/USDT:USDT,LONG,2025-09-12T22:51:00+00:00,2025-09-12T23:00:00+00:00,0.09044,0.08966024110370706,0.09864798838203097,0.08966024110370706,SL,SL,-0.008621836535746882,-0.013821836535746881,4.5,0.009000000000000001,-0.062198264410860966
HIFI/USDT:USDT,LONG,2025-09-12T22:51:00+00:00,2025-09-12T23:03:00+00:00,0.48107,0.5692013874881547,0.5692013874881547,0.48107,TP,TP,0.1831986768831038,0.17799867688310378,2.25,0.0045000000000000005,0.40049702298698353
PUMPBTC/USDT:USDT,LONG,2025-09-12T23:00:00+00:00,2025-09-12T23:03:00+00:00,0.08956,0.08881237387202785,0.09742974871549637,0.08881237387202785,SL,SL,-0.00834776828910393,-0.01354776828910393,4.5,0.009000000000000001,-0.06096495730096768
HIFI/USDT:USDT,LONG,2025-09-12T23:03:00+00:00,2025-09-12T23:06:00+00:00,0.59051,0.7283463046139418,0.7283463046139418,0.5774155510616755,TP,TP,0.23341908623722174,0.22821908623722173,4.5,0.009000000000000001,1.0269858880674978
BSW/USDT:USDT,LONG,2025-09-12T22:48:00+00:00,2025-09-12T23:09:00+00:00,0.03486,0.03486,0.03887653187245787,0.03486,SL,SL,0.0,-0.0052,2.2499999999999996,0.004499999999999999,-0.011699999999999997
NAORIS/USDT:USDT,LONG,2025-09-12T22:57:00+00:00,2025-09-12T23:09:00+00:00,0.15288,0.15117719072886465,0.17080430811721395,0.15117719072886465,SL,SL,-0.011138208209938097,-0.016338208209938095,4.5,0.009000000000000001,-0.07352193694472142
HIFI/USDT:USDT,LONG,2025-09-12T23:06:00+00:00,2025-09-12T23:09:00+00:00,0.7347,0.88809,0.9123851399986602,0.7347,TP_PARTIAL,TP50,0.20877909350755414,0.20357909350755413,2.25,0.0045000000000000005,0.4580529603919968
PUMPBTC/USDT:USDT,LONG,2025-09-12T23:09:00+00:00,2025-09-12T23:12:00+00:00,0.08523,0.08444018031954999,0.093543891373158,0.08444018031954999,SL,SL,-0.00926692104247346,-0.01446692104247346,4.5,0.009000000000000001,-0.06510114469113057
HIFI/USDT:USDT,LONG,2025-09-12T23:06:00+00:00,2025-09-12T23:15:00+00:00,0.7347,0.7347,0.9123851399986602,0.7347,SL,SL,0.0,-0.0052,2.25,0.0045000000000000005,-0.011699999999999999
BSW/USDT:USDT,LONG,2025-09-12T23:09:00+00:00,2025-09-12T23:18:00+00:00,0.03413,0.03353600422401862,0.040382587115593505,0.03353600422401862,SL,SL,-0.017403919600978122,-0.02260391960097812,4.5,0.009000000000000001,-0.10171763820440155
PUMPBTC/USDT:USDT,LONG,2025-09-12T23:12:00+00:00,2025-09-12T23:18:00+00:00,0.08421,0.0834119960110107,0.09261004198936099,0.0834119960110107,SL,SL,-0.009476356596476651,-0.01467635659647665,4.5,0.009000000000000001,-0.06604360468414493
HIFI/USDT:USDT,LONG,2025-09-12T23:15:00+00:00,2025-09-12T23:18:00+00:00,0.728,0.6962487021155902,1.0622241882569448,0.6962487021155902,SL,SL,-0.04361442017089256,-0.04881442017089256,4.5,0.009000000000000001,-0.21966489076901652
VELVET/USDT:USDT,LONG,2025-09-12T21:57:00+00:00,2025-09-12T23:21:00+00:00,0.15687,0.17946098496159277,0.17946098496159277,0.15687,TP,TP,0.1440108686274798,0.1388108686274798,2.25,0.0045000000000000005,0.31232445441182954
PUMPBTC/USDT:USDT,LONG,2025-09-12T23:18:00+00:00,2025-09-12T23:30:00+00:00,0.08273,0.08817,0.09132921987858167,0.08273,TP_PARTIAL,TP50,0.06575607397558322,0.06055607397558323,2.25,0.0045000000000000005,0.13625116644506227
HIFI/USDT:USDT,LONG,2025-09-12T23:18:00+00:00,2025-09-12T23:36:00+00:00,0.61724,0.5823823662501909,0.984162460524306,0.5823823662501909,SL,SL,-0.05647338757988643,-0.061673387579886434,4.5,0.009000000000000001,-0.27753024410948895
PUMPBTC/USDT:USDT,LONG,2025-09-12T23:18:00+00:00,2025-09-12T23:36:00+00:00,0.08273,0.09132921987858167,0.09132921987858167,0.08273,TP,TP,0.10394318721844158,0.09874318721844158,2.25,0.0045000000000000005,0.22217217124149355
BSW/USDT:USDT,LONG,2025-09-12T23:18:00+00:00,2025-09-12T23:36:00+00:00,0.03289,0.039292658124256176,0.039292658124256176,0.03228174747819566,TP,TP,0.19466883929024545,0.18946883929024544,4.5,0.009000000000000001,0.8526097768061045
VELVET/USDT:USDT,LONG,2025-09-12T23:30:00+00:00,2025-09-12T23:39:00+00:00,0.20526,0.20105926628520504,0.24947824962942058,0.20105926628520504,SL,SL,-0.020465427822249624,-0.025665427822249627,4.5,0.009000000000000001,-0.11549442520012332
PUMPBTC/USDT:USDT,LONG,2025-09-12T23:36:00+00:00,2025-09-12T23:42:00+00:00,0.09627,0.10242,0.10842196343345949,0.09627,TP_PARTIAL,TP50,0.0638828295419134,0.0586828295419134,2.25,0.0045000000000000005,0.13203636646930517
VELVET/USDT:USDT,LONG,2025-09-12T23:42:00+00:00,2025-09-12T23:45:00+00:00,0.1648,0.1596344470421632,0.21917424166144006,0.1596344470421632,SL,SL,-0.031344374744155336,-0.03654437474415534,4.5,0.009000000000000001,-0.16444968634869903
HIFI/USDT:USDT,LONG,2025-09-12T23:36:00+00:00,2025-09-12T23:48:00+00:00,0.53432,0.5000225234958858,0.8953460684643603,0.5000225234958858,SL,SL,-0.06418901876050716,-0.06938901876050715,4.5,0.009000000000000001,-0.3122505844222822
PUMPBTC/USDT:USDT,LONG,2025-09-12T23:36:00+00:00,2025-09-12T23:48:00+00:00,0.09627,0.09627,0.10842196343345949,0.09627,SL,SL,0.0,-0.0052,2.25,0.0045000000000000005,-0.011699999999999999
BSW/USDT:USDT,LONG,2025-09-12T23:39:00+00:00,2025-09-12T23:48:00+00:00,0.03708,0.03638053693310174,0.04444276912524488,0.03638053693310174,SL,SL,-0.018863621005886247,-0.02406362100588625,4.5,0.009000000000000001,-0.10828629452648812
VELVET/USDT:USDT,LONG,2025-09-12T23:45:00+00:00,2025-09-12T23:48:00+00:00,0.15365,0.1484864436820087,0.20800322439990865,0.1484864436820087,SL,SL,-0.03360596367062358,-0.03880596367062358,4.5,0.009000000000000001,-0.17462683651780614
H/USDT:USDT,LONG,2025-09-12T23:48:00+00:00,2025-09-12T23:51:00+00:00,0.05894,0.058487913750908796,0.06369880262201269,0.058487913750908796,SL,SL,-0.007670279081968161,-0.012870279081968162,4.5,0.009000000000000001,-0.05791625586885673
PUMPBTC/USDT:USDT,LONG,2025-09-12T23:48:00+00:00,2025-09-12T23:54:00+00:00,0.09571,0.11014,0.11635921146457301,0.09571,TP_PARTIAL,TP50,0.15076794483335074,0.14556794483335073,2.25,0.0045000000000000005,0.3275278758750391
HIFI/USDT:USDT,LONG,2025-09-12T23:48:00+00:00,2025-09-13T00:00:00+00:00,0.46601,0.4341910300334755,0.8009465259634161,0.4341910300334755,SL,SL,-0.06827958620313836,-0.07347958620313835,4.5,0.009000000000000001,-0.3306581379141226
PUMPBTC/USDT:USDT,LONG,2025-09-12T23:48:00+00:00,2025-09-13T00:00:00+00:00,0.09571,0.11635921146457301,0.11635921146457301,0.09571,TP,TP,0.21574769057123608,0.21054769057123607,2.25,0.0045000000000000005,0.47373230378528114
H/USDT:USDT,LONG,2025-09-12T23:51:00+00:00,2025-09-13T00:09:00+00:00,0.05692,0.06191,0.062107459577583214,0.05692,TP_PARTIAL,TP50,0.08766690091356293,0.08246690091356293,2.25,0.0045000000000000005,0.18555052705551658
H/USDT:USDT,LONG,2025-09-12T23:51:00+00:00,2025-09-13T00:15:00+00:00,0.05692,0.05692,0.062107459577583214,0.05692,SL,SL,0.0,-0.0052,2.25,0.0045000000000000005,-0.011699999999999999
PUMPBTC/USDT:USDT,LONG,2025-09-13T00:00:00+00:00,2025-09-13T00:15:00+00:00,0.13721,0.1343418269257401,0.16740129551852534,0.1343418269257401,SL,SL,-0.02090352798090449,-0.02610352798090449,4.500000000000001,0.009000000000000003,-0.11746587591407023
PUMPBTC/USDT:USDT,LONG,2025-09-13T00:15:00+00:00,2025-09-13T00:18:00+00:00,0.12967,0.1258912499180751,0.1694463166518412,0.1258912499180751,SL,SL,-0.029141282346918398,-0.0343412823469184,4.5,0.009000000000000001,-0.1545357705611328
VELVET/USDT:USDT,LONG,2025-09-12T23:54:00+00:00,2025-09-13T01:12:00+00:00,0.14726,0.17418,0.19965135350094726,0.14726,TP_PARTIAL,TP50,0.18280592149938882,0.1776059214993888,2.25,0.0045000000000000005,0.3996133233736248
H/USDT:USDT,LONG,2025-09-13T01:12:00+00:00,2025-09-13T01:21:00+00:00,0.05603,0.05553324167426893,0.06125903500769554,0.05553324167426893,SL,SL,-0.008865934780136961,-0.01406593478013696,4.5,0.009000000000000001,-0.06329670651061632
H/USDT:USDT,LONG,2025-09-13T01:21:00+00:00,2025-09-13T01:33:00+00:00,0.05468,0.05421401288570293,0.059585127518916585,0.05421401288570293,SL,SL,-0.00852207597470872,-0.01372207597470872,4.5,0.009000000000000001,-0.06174934188618924
PUMPBTC/USDT:USDT,LONG,2025-09-13T00:18:00+00:00,2025-09-13T01:42:00+00:00,0.1182,0.11418168920964115,0.16049800831956682,0.11418168920964115,SL,SL,-0.033995861170548605,-0.03919586117054861,4.5,0.009000000000000001,-0.17638137526746875
PUMPBTC/USDT:USDT,LONG,2025-09-13T01:42:00+00:00,2025-09-13T01:45:00+00:00,0.11292,0.11008948607811758,0.14271488338823612,0.11008948607811758,SL,SL,-0.02506654199329104,-0.03026654199329104,4.5,0.009000000000000001,-0.13619943896980968
HIFI/USDT:USDT,LONG,2025-09-13T00:09:00+00:00,2025-09-13T01:48:00+00:00,0.40202,0.3759994730162318,0.675920284039665,0.3759994730162318,SL,SL,-0.06472445894176451,-0.06992445894176451,4.5,0.009000000000000001,-0.31466006523794027
H/USDT:USDT,LONG,2025-09-13T01:33:00+00:00,2025-09-13T01:48:00+00:00,0.0542,0.05377644613256354,0.05865846176248898,0.05377644613256354,SL,SL,-0.007814647000672623,-0.013014647000672622,4.5,0.009000000000000001,-0.0585659115030268
VOXEL/USDT:USDT,LONG,2025-09-13T01:48:00+00:00,2025-09-13T01:54:00+00:00,0.0857,0.08449690622430575,0.09836414500730786,0.08449690622430575,SL,SL,-0.014038433788731007,-0.01923843378873101,4.5,0.009000000000000001,-0.08657295204928955
VOXEL/USDT:USDT,LONG,2025-09-13T01:54:00+00:00,2025-09-13T01:57:00+00:00,0.08062,0.07931380791789629,0.09436939033793382,0.07931380791789629,SL,SL,-0.016201836791164853,-0.021401836791164856,4.5,0.009000000000000001,-0.09630826556024186
VOXEL/USDT:USDT,LONG,2025-09-13T01:57:00+00:00,2025-09-13T02:00:00+00:00,0.07812,0.07679880735233226,0.0920272910280814,0.07679880735233226,SL,SL,-0.01691234828043699,-0.02211234828043699,4.5,0.009000000000000001,-0.09950556726196645
HIFI/USDT:USDT,LONG,2025-09-13T01:48:00+00:00,2025-09-13T02:21:00+00:00,0.36864,0.41878,0.46060693226029964,0.36864,TP_PARTIAL,TP50,0.136013454861111,0.13081345486111098,2.25,0.0045000000000000005,0.29433027343749973
PUMPBTC/USDT:USDT,LONG,2025-09-13T01:45:00+00:00,2025-09-13T02:51:00+00:00,0.10768,0.10482502278682346,0.1377323917176478,0.10482502278682346,SL,SL,-0.0265135328118178,-0.0317135328118178,4.5,0.009000000000000001,-0.14271089765318012
VOXEL/USDT:USDT,LONG,2025-09-13T02:00:00+00:00,2025-09-13T02:51:00+00:00,0.07503,0.08354,0.08901534166893274,0.07503,TP_PARTIAL,TP50,0.11342129814740776,0.10822129814740776,2.25,0.0045000000000000005,0.24349792083166746
PUMPBTC/USDT:USDT,LONG,2025-09-13T02:51:00+00:00,2025-09-13T02:54:00+00:00,0.09448,0.09231659314894722,0.11725270369529234,0.09231659314894722,SL,SL,-0.02289804033713777,-0.028098040337137774,4.5,0.009000000000000001,-0.12644118151711997
HIFI/USDT:USDT,LONG,2025-09-13T01:48:00+00:00,2025-09-13T03:00:00+00:00,0.36864,0.46060693226029964,0.46060693226029964,0.36864,TP,TP,0.24947627023735788,0.24427627023735787,2.25,0.0045000000000000005,0.5496216080340552
VELVET/USDT:USDT,LONG,2025-09-12T23:54:00+00:00,2025-09-13T03:36:00+00:00,0.14726,0.19965135350094726,0.19965135350094726,0.14726,TP,TP,0.35577450428458,0.35057450428458004,2.25,0.0045000000000000005,0.7887926346403051
BSW/USDT:USDT,LONG,2025-09-13T02:57:00+00:00,2025-09-13T03:39:00+00:00,0.03319,0.03274942019494355,0.03782768215848895,0.03274942019494355,SL,SL,-0.01327447439157724,-0.01847447439157724,4.5,0.009000000000000001,-0.08313513476209758
HIFI/USDT:USDT,LONG,2025-09-13T03:36:00+00:00,2025-09-13T03:39:00+00:00,0.49828,0.48815019779462965,0.6049094968986355,0.48815019779462965,SL,SL,-0.020329538021534786,-0.025529538021534785,4.5,0.009000000000000001,-0.11488292109690654
VELVET/USDT:USDT,LONG,2025-09-13T03:39:00+00:00,2025-09-13T03:48:00+00:00,0.19958,0.19700984266338267,0.22663428775386654,0.19700984266338267,SL,SL,-0.012877830126352012,-0.018077830126352015,4.5,0.009000000000000001,-0.08135023556858406
HIFI/USDT:USDT,LONG,2025-09-13T03:39:00+00:00,2025-09-13T04:03:00+00:00,0.47732,0.53189,0.5857273899773044,0.47732,TP_PARTIAL,TP50,0.11432581915695958,0.10912581915695958,2.25,0.0045000000000000005,0.24553309310315907
VELVET/USDT:USDT,LONG,2025-09-13T03:48:00+00:00,2025-09-13T04:33:00+00:00,0.19458,0.19190075245315297,0.22278260575628453,0.19190075245315297,SL,SL,-0.013769388153186533,-0.018969388153186537,4.5,0.009000000000000001,-0.08536224668933942
HIFI/USDT:USDT,LONG,2025-09-13T03:39:00+00:00,2025-09-13T04:45:00+00:00,0.47732,0.5857273899773044,0.5857273899773044,0.47732,TP,TP,0.2271167979077022,0.2219167979077022,2.25,0.0045000000000000005,0.4993127952923299
HIFI/USDT:USDT,LONG,2025-09-13T04:45:00+00:00,2025-09-13T05:00:00+00:00,0.60443,0.6847,0.6972917724813649,0.60443,TP_PARTIAL,TP50,0.1328028059494068,0.1276028059494068,2.25,0.0045000000000000005,0.28710631338616527
HIFI/USDT:USDT,LONG,2025-09-13T04:45:00+00:00,2025-09-13T05:06:00+00:00,0.60443,0.60443,0.6972917724813649,0.60443,SL,SL,0.0,-0.0052,2.25,0.0045000000000000005,-0.011699999999999999
PUMPBTC/USDT:USDT,LONG,2025-09-13T02:54:00+00:00,2025-09-13T05:15:00+00:00,0.0865,0.09924,0.1119032248599143,0.0865,TP_PARTIAL,TP50,0.1472832369942197,0.14208323699421968,2.25,0.0045000000000000005,0.3196872832369943
VELVET/USDT:USDT,LONG,2025-09-13T04:33:00+00:00,2025-09-13T05:27:00+00:00,0.18937,0.1865307423316196,0.21925692282505704,0.1865307423316196,SL,SL,-0.01499317562644779,-0.02019317562644779,4.5,0.009000000000000001,-0.09086929031901506
HIFI/USDT:USDT,LONG,2025-09-13T05:06:00+00:00,2025-09-13T05:27:00+00:00,0.59904,0.5852644507040548,0.7440457820625814,0.5852644507040548,SL,SL,-0.02299604249456675,-0.028196042494566753,4.5,0.009000000000000001,-0.1268821912255504
HIFI/USDT:USDT,LONG,2025-09-13T05:27:00+00:00,2025-09-13T05:42:00+00:00,0.54454,0.530124982413876,0.6962770272223585,0.530124982413876,SL,SL,-0.026471916821765282,-0.03167191682176528,4.5,0.009000000000000001,-0.14252362569794377
VOXEL/USDT:USDT,LONG,2025-09-13T02:00:00+00:00,2025-09-13T06:00:00+00:00,0.07503,0.08133,0.08901534166893274,0.07503,EXIT,heat<0.85,0.08396641343462614,0.07876641343462615,2.25,0.0045000000000000005,0.17722443022790885
HIFI/USDT:USDT,LONG,2025-09-13T05:42:00+00:00,2025-09-13T06:03:00+00:00,0.52885,0.62852,0.672537213825473,0.52885,TP_PARTIAL,TP50,0.18846553843244762,0.1832655384324476,2.25,0.0045000000000000005,0.4123474614730071
BAKE/USDT:USDT,LONG,2025-09-13T06:00:00+00:00,2025-09-13T06:03:00+00:00,0.137,0.13578113515619603,0.14983015625056834,0.13578113515619603,SL,SL,-0.00889682367740135,-0.01409682367740135,4.5,0.009000000000000001,-0.06343570654830608
VELVET/USDT:USDT,LONG,2025-09-13T05:27:00+00:00,2025-09-13T06:06:00+00:00,0.18611,0.20238,0.21351182323652368,0.18611,TP_PARTIAL,TP50,0.0874214174412982,0.0822214174412982,2.25,0.0045000000000000005,0.18499818924292094
BAKE/USDT:USDT,LONG,2025-09-13T06:03:00+00:00,2025-09-13T06:09:00+00:00,0.1342,0.1329270540736106,0.14759943080409918,0.1329270540736106,SL,SL,-0.009485439093810782,-0.014685439093810782,4.499999999999999,0.008999999999999998,-0.0660844759221485
BDXN/USDT,LONG,2025-09-13T06:06:00+00:00,2025-09-13T06:21:00+00:00,0.05354,0.05311011445080118,0.05806511104419807,0.05311011445080118,SL,SL,-0.00802924073961181,-0.013229240739611809,4.5,0.009000000000000001,-0.05953158332825314
BSW/USDT:USDT,LONG,2025-09-13T06:09:00+00:00,2025-09-13T06:27:00+00:00,0.03422,0.03613,0.03759130346013768,0.03422,TP_PARTIAL,TP50,0.05581531268264179,0.050615312682641786,2.25,0.0045000000000000005,0.11388445353594402
BSW/USDT:USDT,LONG,2025-09-13T06:09:00+00:00,2025-09-13T06:36:00+00:00,0.03422,0.03759130346013768,0.03759130346013768,0.03422,TP,TP,0.09851851140086725,0.09331851140086725,2.25,0.0045000000000000005,0.2099666506519513
VELVET/USDT:USDT,LONG,2025-09-13T05:27:00+00:00,2025-09-13T06:39:00+00:00,0.18611,0.18611,0.21351182323652368,0.18611,SL,SL,0.0,-0.0052,2.25,0.0045000000000000005,-0.011699999999999999
BSW/USDT:USDT,LONG,2025-09-13T06:36:00+00:00,2025-09-13T06:42:00+00:00,0.03762,0.03722838935208301,0.04174221734649467,0.03722838935208301,SL,SL,-0.010409639763875371,-0.01560963976387537,4.5,0.009000000000000001,-0.07024337893743916
PUMPBTC/USDT:USDT,LONG,2025-09-13T02:54:00+00:00,2025-09-13T06:48:00+00:00,0.0865,0.10023,0.1119032248599143,0.0865,EXIT,heat<0.85,0.15872832369942205,0.15352832369942204,2.25,0.0045000000000000005,0.3454387283236996
BSW/USDT:USDT,LONG,2025-09-13T06:42:00+00:00,2025-09-13T06:54:00+00:00,0.03719,0.03681040000256137,0.041185789446722444,0.03681040000256137,SL,SL,-0.010207044835671766,-0.015407044835671766,4.5,0.009000000000000001,-0.06933170176052295
SKATE/USDT:USDT,LONG,2025-09-13T06:51:00+00:00,2025-09-13T06:57:00+00:00,0.05949,0.05885658527508105,0.06615752342019945,0.05885658527508105,SL,SL,-0.01064741511042108,-0.01584741511042108,4.5,0.009000000000000001,-0.07131336799689486
BSW/USDT:USDT,LONG,2025-09-13T06:54:00+00:00,2025-09-13T06:57:00+00:00,0.03671,0.036314278552508204,0.04087548892096626,0.036314278552508204,SL,SL,-0.010779663511081321,-0.01597966351108132,4.5,0.009000000000000001,-0.07190848579986595
SQD/USDT:USDT,LONG,2025-09-13T06:57:00+00:00,2025-09-13T07:00:00+00:00,0.0933,0.09256487631125868,0.10103814409201384,0.09256487631125868,SL,SL,-0.007879139214805125,-0.013079139214805125,4.5,0.009000000000000001,-0.05885612646662306
VELVET/USDT:USDT,LONG,2025-09-13T06:39:00+00:00,2025-09-13T07:03:00+00:00,0.18596,0.18392781107770312,0.20735146233996693,0.18392781107770312,SL,SL,-0.01092809702246111,-0.01612809702246111,4.5,0.009000000000000001,-0.07257643660107499
BSW/USDT:USDT,LONG,2025-09-13T06:57:00+00:00,2025-09-13T07:06:00+00:00,0.03621,0.03581974437018619,0.0403179539980401,0.03581974437018619,SL,SL,-0.010777565032140606,-0.015977565032140605,4.5,0.009000000000000001,-0.07189904264463272
BAKE/USDT:USDT,LONG,2025-09-13T07:00:00+00:00,2025-09-13T07:06:00+00:00,0.1444,0.14313468659532205,0.1577190884702942,0.14313468659532205,SL,SL,-0.008762558204140914,-0.013962558204140914,4.5,0.009000000000000001,-0.06283151191863412
VELVET/USDT:USDT,LONG,2025-09-13T07:03:00+00:00,2025-09-13T07:06:00+00:00,0.18189,0.18006341762727476,0.20111718287079206,0.18006341762727476,SL,SL,-0.010042236366623965,-0.015242236366623965,4.5,0.009000000000000001,-0.06859006364980784
BAKE/USDT:USDT,LONG,2025-09-13T07:06:00+00:00,2025-09-13T07:09:00+00:00,0.1415,0.14021297976841543,0.1550475813851006,0.14021297976841543,SL,SL,-0.00909554933982019,-0.01429554933982019,4.5,0.009000000000000001,-0.06432997202919086
BAKE/USDT:USDT,LONG,2025-09-13T07:09:00+00:00,2025-09-13T07:12:00+00:00,0.14,0.13866919549924292,0.15400846842902202,0.13866919549924292,SL,SL,-0.009505746433979239,-0.014705746433979238,4.5,0.009000000000000001,-0.06617585895290658
BAKE/USDT:USDT,LONG,2025-09-13T07:12:00+00:00,2025-09-13T07:15:00+00:00,0.1381,0.13675839582072555,0.1522221492555204,0.13675839582072555,SL,SL,-0.00971472975578894,-0.01491472975578894,4.5,0.009000000000000001,-0.06711628390105023
VOXEL/USDT:USDT,LONG,2025-09-13T07:15:00+00:00,2025-09-13T07:18:00+00:00,0.08835,0.08765310450421915,0.09568574206085112,0.08765310450421915,SL,SL,-0.007887894689087151,-0.013087894689087151,4.5,0.009000000000000001,-0.05889552610089218
VOXEL/USDT:USDT,LONG,2025-09-13T07:18:00+00:00,2025-09-13T07:27:00+00:00,0.08636,0.0856588684682035,0.09374033191364747,0.0856588684682035,SL,SL,-0.008118706945304578,-0.013318706945304577,4.5,0.009000000000000001,-0.059934181253870594
VOXEL/USDT:USDT,LONG,2025-09-13T07:27:00+00:00,2025-09-13T07:36:00+00:00,0.08503,0.08972,0.09248964621511788,0.08503,TP_PARTIAL,TP50,0.05515700341056098,0.049957003410560974,2.25,0.0045000000000000005,0.11240325767376219
VOXEL/USDT:USDT,LONG,2025-09-13T07:27:00+00:00,2025-09-13T07:42:00+00:00,0.08503,0.09248964621511788,0.09248964621511788,0.08503,TP,TP,0.08772958032597769,0.0825295803259777,2.25,0.0045000000000000005,0.1856915557334498
BSW/USDT:USDT,LONG,2025-09-13T07:06:00+00:00,2025-09-13T07:45:00+00:00,0.03485,0.034419549774525895,0.039381055004990555,0.034419549774525895,SL,SL,-0.012351512926086185,-0.017551512926086185,4.5,0.009000000000000001,-0.07898180816738784
VOXEL/USDT:USDT,LONG,2025-09-13T07:45:00+00:00,2025-09-13T07:48:00+00:00,0.09767,0.09677217962995928,0.10712074073727079,0.09677217962995928,SL,SL,-0.00919238630122584,-0.01439238630122584,4.5,0.009000000000000001,-0.06476573835551627
VELVET/USDT:USDT,LONG,2025-09-13T07:06:00+00:00,2025-09-13T07:51:00+00:00,0.17607,0.1741391020824694,0.19639524123716406,0.1741391020824694,SL,SL,-0.010966649159598989,-0.01616664915959899,4.5,0.009000000000000001,-0.07274992121819544
F/USDT:USDT,LONG,2025-09-13T07:42:00+00:00,2025-09-13T07:51:00+00:00,0.012337,0.012969,0.013376187149656944,0.012337,TP_PARTIAL,TP50,0.05122801329334513,0.046028013293345126,2.25,0.0045000000000000005,0.10356302991002653
VOXEL/USDT:USDT,LONG,2025-09-13T07:48:00+00:00,2025-09-13T07:51:00+00:00,0.09506,0.09414732394210505,0.10466711639889431,0.09414732394210505,SL,SL,-0.009601052576214537,-0.014801052576214536,4.5,0.009000000000000001,-0.06660473659296541
VOXEL/USDT:USDT,LONG,2025-09-13T07:51:00+00:00,2025-09-13T07:57:00+00:00,0.09284,0.09786,0.102735179513259,0.09284,TP_PARTIAL,TP50,0.054071520896165404,0.0488715208961654,2.25,0.0045000000000000005,0.10996092201637216
VOXEL/USDT:USDT,LONG,2025-09-13T07:51:00+00:00,2025-09-13T08:03:00+00:00,0.09284,0.09284,0.102735179513259,0.09284,SL,SL,0.0,-0.0052,2.25,0.0045000000000000005,-0.011699999999999999
F/USDT:USDT,LONG,2025-09-13T07:42:00+00:00,2025-09-13T08:06:00+00:00,0.012337,0.013376187149656944,0.013376187149656944,0.012337,TP,TP,0.08423337518496746,0.07903337518496746,2.25,0.0045000000000000005,0.17782509416617678
VOXEL/USDT:USDT,LONG,2025-09-13T08:03:00+00:00,2025-09-13T08:09:00+00:00,0.09046,0.08923007874590201,0.10340653951682086,0.08923007874590201,SL,SL,-0.013596299514680384,-0.018796299514680384,4.5,0.009000000000000001,-0.08458334781606172
F/USDT:USDT,LONG,2025-09-13T08:06:00+00:00,2025-09-13T08:15:00+00:00,0.013779,0.014877,0.015224716867844556,0.013779,TP_PARTIAL,TP50,0.07968647942521229,0.07448647942521229,2.25,0.0045000000000000005,0.16759457870672764
VOXEL/USDT:USDT,LONG,2025-09-13T08:09:00+00:00,2025-09-13T08:15:00+00:00,0.08894,0.08774931789825226,0.10147349580787104,0.08774931789825226,SL,SL,-0.01338747584605068,-0.01858747584605068,4.5,0.009000000000000001,-0.08364364130722807
VELVET/USDT:USDT,LONG,2025-09-13T07:51:00+00:00,2025-09-13T08:18:00+00:00,0.17375,0.1721576646999476,0.19051142421107778,0.1721576646999476,SL,SL,-0.009164519712531799,-0.014364519712531798,4.5,0.009000000000000001,-0.06464033870639309
F/USDT:USDT,LONG,2025-09-13T08:06:00+00:00,2025-09-13T08:30:00+00:00,0.013779,0.015224716867844556,0.015224716867844556,0.013779,TP,TP,0.10492175541364078,0.09972175541364078,2.25,0.0045000000000000005,0.22437394968069177
BAKE/USDT:USDT,LONG,2025-09-13T08:18:00+00:00,2025-09-13T08:30:00+00:00,0.1302,0.1291758182632365,0.1409808603869842,0.1291758182632365,SL,SL,-0.00786621917637094,-0.013066219176370939,4.5,0.009000000000000001,-0.058797986293669224
F/USDT:USDT,LONG,2025-09-13T08:30:00+00:00,2025-09-13T08:33:00+00:00,0.015933,0.015756990913168956,0.01778572722980045,0.015756990913168956,SL,SL,-0.011046826512963261,-0.01624682651296326,4.5,0.009000000000000001,-0.07311071930833468
F/USDT:USDT,LONG,2025-09-13T08:33:00+00:00,2025-09-13T08:36:00+00:00,0.015474,0.015294412990799746,0.01736438957052899,0.015294412990799746,SL,SL,-0.011605726328050507,-0.016805726328050507,4.5,0.009000000000000001,-0.07562576847622728
MBOX/USDT:USDT,LONG,2025-09-13T08:39:00+00:00,2025-09-13T08:42:00+00:00,0.08081,0.08017456822356804,0.08749875554138917,0.08017456822356804,SL,SL,-0.007863281480410421,-0.013063281480410421,4.5,0.009000000000000001,-0.05878476666184689
VOXEL/USDT:USDT,LONG,2025-09-13T08:15:00+00:00,2025-09-13T08:45:00+00:00,0.08528,0.0841044618612481,0.09765408567107248,0.0841044618612481,SL,SL,-0.013784452846527778,-0.018984452846527777,4.5,0.009000000000000001,-0.085430037809375
F/USDT:USDT,LONG,2025-09-13T08:36:00+00:00,2025-09-13T08:51:00+00:00,0.013972,0.013760264920028336,0.016200790315491206,0.013760264920028336,SL,SL,-0.015154242769228747,-0.020354242769228745,4.5,0.009000000000000001,-0.09159409246152936
MBOX/USDT:USDT,LONG,2025-09-13T08:42:00+00:00,2025-09-13T08:51:00+00:00,0.07909,0.07841852763617031,0.08615813014557565,0.07841852763617031,SL,SL,-0.008489978048168935,-0.013689978048168934,4.5,0.009000000000000001,-0.061604901216760204
VOXEL/USDT:USDT,LONG,2025-09-13T08:45:00+00:00,2025-09-13T09:03:00+00:00,0.08384,0.08295837574939327,0.09312025526954448,0.08295837574939327,SL,SL,-0.010515556424221462,-0.015715556424221462,4.5,0.009000000000000001,-0.07072000390899658
MBOX/USDT:USDT,LONG,2025-09-13T08:51:00+00:00,2025-09-13T09:12:00+00:00,0.07778,0.07696761837342062,0.08633138554294086,0.07696761837342062,SL,SL,-0.010444608210071824,-0.015644608210071825,4.5,0.009000000000000001,-0.07040073694532321
VOXEL/USDT:USDT,LONG,2025-09-13T09:03:00+00:00,2025-09-13T09:18:00+00:00,0.08218,0.0813776585900583,0.09062569905201792,0.0813776585900583,SL,SL,-0.009763219882473882,-0.014963219882473882,4.5,0.009000000000000001,-0.06733448947113246
MBOX/USDT:USDT,LONG,2025-09-13T09:12:00+00:00,2025-09-13T09:18:00+00:00,0.07658,0.0757883150048204,0.08491352626504835,0.0757883150048204,SL,SL,-0.010338012472964122,-0.015538012472964121,4.5,0.009000000000000001,-0.06992105612833854
MBOX/USDT:USDT,LONG,2025-09-13T09:18:00+00:00,2025-09-13T09:30:00+00:00,0.07487,0.07409896548885025,0.08298615274894475,0.07409896548885025,SL,SL,-0.010298310553622963,-0.015498310553622963,4.5,0.009000000000000001,-0.06974239749130333
HIFI/USDT:USDT,LONG,2025-09-13T05:42:00+00:00,2025-09-13T09:33:00+00:00,0.52885,0.52885,0.672537213825473,0.52885,SL,SL,0.0,-0.0052,2.25,0.0045000000000000005,-0.011699999999999999
VOXEL/USDT:USDT,LONG,2025-09-13T09:18:00+00:00,2025-09-13T09:51:00+00:00,0.08105,0.08243,0.08814515525175687,0.0803759602510831,EXIT,heat<0.85,0.017026526835286937,0.011826526835286937,4.5,0.009000000000000001,0.05321937075879122
HIFI/USDT:USDT,LONG,2025-09-13T09:51:00+00:00,2025-09-13T10:18:00+00:00,0.49632,0.4898702373045275,0.5642122388997101,0.4898702373045275,SL,SL,-0.012995169840974539,-0.018195169840974537,4.5,0.009000000000000001,-0.08187826428438541
MBOX/USDT:USDT,LONG,2025-09-13T09:30:00+00:00,2025-09-13T10:27:00+00:00,0.0736,0.07663,0.08148066218925996,0.0728513370920203,EXIT,heat<0.85,0.04116847826086963,0.03596847826086963,4.5,0.009000000000000001,0.16185815217391333
F/USDT:USDT,LONG,2025-09-13T08:51:00+00:00,2025-09-13T10:39:00+00:00,0.01369,0.014978,0.016011853228211602,0.01369,TP_PARTIAL,TP50,0.09408327246165078,0.08888327246165079,2.25,0.0045000000000000005,0.19998736303871428
HIFI/USDT:USDT,LONG,2025-09-13T10:18:00+00:00,2025-09-13T10:39:00+00:00,0.48937,0.4828023339370253,0.5585033269786812,0.4828023339370253,SL,SL,-0.013420655256707008,-0.01862065525670701,4.5,0.009000000000000001,-0.08379294865518154
F/USDT:USDT,LONG,2025-09-13T08:51:00+00:00,2025-09-13T10:48:00+00:00,0.01369,0.016011853228211602,0.016011853228211602,0.01369,TP,TP,0.1696021350044997,0.16440213500449968,2.25,0.0045000000000000005,0.3699048037601243
F/USDT:USDT,LONG,2025-09-13T10:48:00+00:00,2025-09-13T10:54:00+00:00,0.016099,0.015919338867255457,0.017990169818363617,0.015919338867255457,SL,SL,-0.011159769721382828,-0.016359769721382828,4.5,0.009000000000000001,-0.07361896374622273
BDXN/USDT,LONG,2025-09-13T10:36:00+00:00,2025-09-13T10:57:00+00:00,0.05767,0.05720208520169321,0.06259541892954516,0.05720208520169321,SL,SL,-0.00811366045269271,-0.01331366045269271,4.5,0.009000000000000001,-0.05991147203711719
F/USDT:USDT,LONG,2025-09-13T10:54:00+00:00,2025-09-13T11:00:00+00:00,0.015764,0.016907,0.0178445494862421,0.015764,TP_PARTIAL,TP50,0.07250697792438456,0.06730697792438456,2.25,0.0045000000000000005,0.15144070032986526
VELVET/USDT:USDT,SHORT,2025-09-13T10:42:00+00:00,2025-09-13T11:18:00+00:00,0.1453,0.14269,0.1335514415092837,0.14641611305661806,EXIT,heat<0.85,0.017962835512732284,0.012762835512732284,4.5,0.009000000000000001,0.05743275980729528
HIFI/USDT:USDT,SHORT,2025-09-13T10:57:00+00:00,2025-09-13T12:00:00+00:00,0.51494,0.47888,0.4525334699814651,0.51494,EXIT,heat<0.85,0.07002757602827511,0.06482757602827512,4.5,0.009000000000000001,0.29172409212723804
HIFI/USDT:USDT,LONG,2025-09-13T12:15:00+00:00,2025-09-13T12:24:00+00:00,0.4972,0.4920674574447833,0.5512267637391225,0.4920674574447833,SL,SL,-0.010322893312986059,-0.015522893312986058,4.5,0.009000000000000001,-0.06985301990843726
F/USDT:USDT,LONG,2025-09-13T10:54:00+00:00,2025-09-13T12:36:00+00:00,0.015764,0.0178445494862421,0.0178445494862421,0.015764,TP,TP,0.13198106357790532,0.1267810635779053,2.25,0.0045000000000000005,0.28525739305028697
HIFI/USDT:USDT,SHORT,2025-09-13T12:39:00+00:00,2025-09-13T12:42:00+00:00,0.46992,0.46194,0.421139439529025,0.47455415324474265,EXIT,heat<0.85,0.016981613891726224,0.011781613891726224,4.5,0.009000000000000001,0.053017262512768004
F/USDT:USDT,LONG,2025-09-13T12:36:00+00:00,2025-09-13T12:45:00+00:00,0.017926,0.017733897338070948,0.0199481332834637,0.017733897338070948,SL,SL,-0.010716426527337541,-0.01591642652733754,4.5,0.009000000000000001,-0.07162391937301893
HIFI/USDT:USDT,SHORT,2025-09-13T12:45:00+00:00,2025-09-13T12:48:00+00:00,0.4361,0.4414265892773546,0.3800306391857409,0.4414265892773546,SL,SL,-0.012214146474099134,-0.017414146474099133,4.5,0.009000000000000001,-0.0783636591334461
HIFI/USDT:USDT,SHORT,2025-09-13T12:48:00+00:00,2025-09-13T12:57:00+00:00,0.44265,0.4479552186146864,0.3868055935296166,0.4479552186146864,SL,SL,-0.011985131852900515,-0.017185131852900513,4.5,0.009000000000000001,-0.07733309333805231
F/USDT:USDT,LONG,2025-09-13T12:45:00+00:00,2025-09-13T13:03:00+00:00,0.016656,0.0164101279926173,0.019244126393502096,0.0164101279926173,SL,SL,-0.014761767974465644,-0.019961767974465645,4.5,0.009000000000000001,-0.0898279558850954
BDXN/USDT,SHORT,2025-09-13T12:54:00+00:00,2025-09-13T13:09:00+00:00,0.0541,0.05303,0.04942284126093871,0.054544330080210826,EXIT,heat<0.85,0.019778188539741247,0.014578188539741245,4.5,0.009000000000000001,0.06560184842883561
H/USDT:USDT,LONG,2025-09-13T13:15:00+00:00,2025-09-13T13:18:00+00:00,0.0638,0.06330048626814906,0.06905803928264138,0.06330048626814906,SL,SL,-0.007829368837788935,-0.013029368837788935,4.5,0.009000000000000001,-0.05863215977005021
HIFI/USDT:USDT,SHORT,2025-09-13T12:57:00+00:00,2025-09-13T13:30:00+00:00,0.45074,0.45600389187188994,0.3953306118748424,0.45600389187188994,SL,SL,-0.011678333123064228,-0.016878333123064228,4.5,0.009000000000000001,-0.07595249905378902
F/USDT:USDT,LONG,2025-09-13T13:03:00+00:00,2025-09-13T13:36:00+00:00,0.015194,0.014890518049722735,0.01838854684502384,0.014890518049722735,SL,SL,-0.019973802176995157,-0.025173802176995157,4.5,0.009000000000000001,-0.11328210979647821
F/USDT:USDT,LONG,2025-09-13T13:36:00+00:00,2025-09-13T13:42:00+00:00,0.01488,0.014659216874203455,0.017204032903121523,0.014659216874203455,SL,SL,-0.014837575658369993,-0.020037575658369992,4.5,0.009000000000000001,-0.09016909046266497
HIFI/USDT:USDT,LONG,2025-09-13T13:45:00+00:00,2025-09-13T13:48:00+00:00,0.47068,0.46530699580861584,0.5272379388566754,0.46530699580861584,SL,SL,-0.01141540790215039,-0.016615407902150388,4.5,0.009000000000000001,-0.07476933555967674
H/USDT:USDT,LONG,2025-09-13T13:18:00+00:00,2025-09-13T13:51:00+00:00,0.06295,0.062436765820424144,0.06835246504816701,0.062436765820424144,SL,SL,-0.008153044949576844,-0.013353044949576844,4.5,0.009000000000000001,-0.0600887022730958
F/USDT:USDT,LONG,2025-09-13T13:42:00+00:00,2025-09-13T14:00:00+00:00,0.014572,0.014359338835410122,0.01681053857463029,0.014359338835410122,SL,SL,-0.014593821341605653,-0.019793821341605657,4.5,0.009000000000000001,-0.08907219603722545
HIFI/USDT:USDT,LONG,2025-09-13T13:48:00+00:00,2025-09-13T14:03:00+00:00,0.459,0.47398,0.5150123717954843,0.453678824679429,EXIT,heat<0.85,0.03263616557734203,0.027436165577342027,4.5,0.009000000000000001,0.12346274509803912
F/USDT:USDT,LONG,2025-09-13T14:00:00+00:00,2025-09-13T14:12:00+00:00,0.014331,0.014138801483091002,0.016354142283252604,0.014138801483091002,SL,SL,-0.013411382102365333,-0.018611382102365334,4.5,0.009000000000000001,-0.08375121946064401
VELVET/USDT:USDT,SHORT,2025-09-13T14:15:00+00:00,2025-09-13T14:24:00+00:00,0.1419,0.14299226573681093,0.13040246592830607,0.14299226573681093,SL,SL,-0.007697432958498427,-0.012897432958498427,4.5,0.009000000000000001,-0.058038448313242924
H/USDT:USDT,LONG,2025-09-13T13:51:00+00:00,2025-09-13T14:30:00+00:00,0.06081,0.06020027517585457,0.06722815604363609,0.06020027517585457,SL,SL,-0.010026719686654027,-0.015226719686654027,4.5,0.009000000000000001,-0.06852023858994312
H/USDT:USDT,LONG,2025-09-13T14:30:00+00:00,2025-09-13T14:57:00+00:00,0.06006,0.06204,0.06551980587542812,0.05954131844183433,EXIT,heat<0.85,0.03296703296703289,0.02776703296703289,4.5,0.009000000000000001,0.124951648351648
F/USDT:USDT,LONG,2025-09-13T14:12:00+00:00,2025-09-13T15:00:00+00:00,0.014088,0.013909859235697682,0.015963165940024407,0.013909859235697682,SL,SL,-0.0126448583405961,-0.017844858340596098,4.5,0.009000000000000001,-0.08030186253268244
F/USDT:USDT,LONG,2025-09-13T15:00:00+00:00,2025-09-13T15:03:00+00:00,0.013901,0.013776515520239754,0.015211362944844695,0.013776515520239754,SL,SL,-0.008955073718455256,-0.014155073718455256,4.5,0.009000000000000001,-0.06369783173304865
PUMPBTC/USDT:USDT,LONG,2025-09-13T14:57:00+00:00,2025-09-13T15:09:00+00:00,0.09669,0.09587700345562904,0.10524785836179953,0.09587700345562904,SL,SL,-0.008408279494993912,-0.013608279494993911,4.5,0.009000000000000001,-0.0612372577274726
PUMPBTC/USDT:USDT,LONG,2025-09-13T15:09:00+00:00,2025-09-13T15:12:00+00:00,0.09569,0.09471682551791495,0.10593394191668463,0.09471682551791495,SL,SL,-0.01017007505575343,-0.01537007505575343,4.5,0.009000000000000001,-0.06916533775089044
F/USDT:USDT,LONG,2025-09-13T15:03:00+00:00,2025-09-13T15:18:00+00:00,0.013667,0.01456,0.01501290844878436,0.013667,TP_PARTIAL,TP50,0.06533986975927414,0.060139869759274135,2.25,0.0045000000000000005,0.1353147069583668
HIFI/USDT:USDT,SHORT,2025-09-13T14:24:00+00:00,2025-09-13T15:21:00+00:00,0.45801,0.4630727976096351,0.40471739358278785,0.4630727976096351,SL,SL,-0.011053901900908557,-0.016253901900908557,4.5,0.009000000000000001,-0.07314255855408851
F/USDT:USDT,LONG,2025-09-13T15:03:00+00:00,2025-09-13T15:24:00+00:00,0.013667,0.01501290844878436,0.01501290844878436,0.013667,TP,TP,0.0984787040889998,0.0932787040889998,2.25,0.0045000000000000005,0.20987708420024953
ELX/USDT:USDT,LONG,2025-09-13T15:18:00+00:00,2025-09-13T15:27:00+00:00,0.1611,0.15958509386009323,0.17704638042007131,0.15958509386009323,SL,SL,-0.009403514214194681,-0.01460351421419468,4.5,0.009000000000000001,-0.06571581396387606
HIFI/USDT:USDT,SHORT,2025-09-13T15:21:00+00:00,2025-09-13T15:48:00+00:00,0.46373,0.4680853456169693,0.4178842566634807,0.4680853456169693,SL,SL,-0.009391985890430466,-0.014591985890430465,4.5,0.009000000000000001,-0.0656639365069371
F/USDT:USDT,LONG,2025-09-13T15:27:00+00:00,2025-09-13T15:48:00+00:00,0.016208,0.017181,0.018110205762807106,0.016208,TP_PARTIAL,TP50,0.06003208292201371,0.054832082922013706,2.25,0.0045000000000000005,0.12337218657453083
PUMPBTC/USDT:USDT,LONG,2025-09-13T15:12:00+00:00,2025-09-13T15:51:00+00:00,0.09253,0.09359,0.10313937463692144,0.09152210940949246,EXIT,heat<0.85,0.011455744083000166,0.006255744083000166,4.5,0.009000000000000001,0.02815084837350075
F/USDT:USDT,LONG,2025-09-13T15:27:00+00:00,2025-09-13T16:15:00+00:00,0.016208,0.018110205762807106,0.018110205762807106,0.016208,TP,TP,0.11736215219688464,0.11216215219688465,2.25,0.0045000000000000005,0.25236484244299046
ELX/USDT:USDT,LONG,2025-09-13T15:48:00+00:00,2025-09-13T16:39:00+00:00,0.1563,0.1589,0.1720518141655708,0.15480357765427077,EXIT,heat<0.85,0.016634676903391037,0.011434676903391037,4.5,0.009000000000000001,0.051456046065259664
H/USDT:USDT,LONG,2025-09-13T16:03:00+00:00,2025-09-13T16:42:00+00:00,0.06099,0.06504,0.06689911759753447,0.06099,TP_PARTIAL,TP50,0.06640432857845545,0.06120432857845545,2.25,0.0045000000000000005,0.13770973930152478
HIFI/USDT:USDT,SHORT,2025-09-13T15:48:00+00:00,2025-09-13T16:48:00+00:00,0.46955,0.46955,0.42570188516091223,0.46955,SL,SL,0.0,-0.0052,4.5,0.009000000000000001,-0.023399999999999997
H/USDT:USDT,LONG,2025-09-13T16:03:00+00:00,2025-09-13T16:51:00+00:00,0.06099,0.06689911759753447,0.06689911759753447,0.06099,TP,TP,0.09688666334701544,0.09168666334701545,2.25,0.0045000000000000005,0.20629499253078476
NAORIS/USDT:USDT,LONG,2025-09-13T16:42:00+00:00,2025-09-13T16:57:00+00:00,0.0915,0.09062085653426714,0.10075414174455635,0.09062085653426714,SL,SL,-0.009608125308555782,-0.014808125308555782,4.5,0.009000000000000001,-0.06663656388850102
VOXEL/USDT:USDT,LONG,2025-09-13T16:48:00+00:00,2025-09-13T17:30:00+00:00,0.08602,0.08813,0.0936932617948095,0.0852910401294931,EXIT,heat<0.85,0.02452917926063707,0.01932917926063707,4.5,0.009000000000000001,0.08698130667286681
H/USDT:USDT,LONG,2025-09-13T16:57:00+00:00,2025-09-13T17:48:00+00:00,0.07268,0.07631,0.07932993352797893,0.07268,TP_PARTIAL,TP50,0.049944964226747504,0.0447449642267475,2.25,0.0045000000000000005,0.10067616951018188
F/USDT:USDT,LONG,2025-09-13T16:39:00+00:00,2025-09-13T17:54:00+00:00,0.017836,0.020237,0.020374588257303632,0.017836,TP_PARTIAL,TP50,0.13461538461538464,0.12941538461538463,2.25,0.0045000000000000005,0.29118461538461543
H/USDT:USDT,LONG,2025-09-13T16:57:00+00:00,2025-09-13T18:06:00+00:00,0.07268,0.07932993352797893,0.07932993352797893,0.07268,TP,TP,0.09149605844770137,0.08629605844770137,2.25,0.0045000000000000005,0.1941661315073281
H/USDT:USDT,LONG,2025-09-13T18:06:00+00:00,2025-09-13T18:15:00+00:00,0.08011,0.07946148241629977,0.08693650088105499,0.07946148241629977,SL,SL,-0.008095338705532746,-0.013295338705532745,4.5,0.009000000000000001,-0.059829024174897355
H/USDT:USDT,LONG,2025-09-13T18:18:00+00:00,2025-09-13T18:24:00+00:00,0.07802,0.0774211454522058,0.08432373208204426,0.0774211454522058,SL,SL,-0.007675654291133153,-0.012875654291133153,4.5,0.009000000000000001,-0.05794044431009919
H/USDT:USDT,LONG,2025-09-13T18:24:00+00:00,2025-09-13T18:27:00+00:00,0.07344,0.07276012439501418,0.0805965853156402,0.07276012439501418,SL,SL,-0.009257565427366854,-0.014457565427366854,4.5,0.009000000000000001,-0.06505904442315084
NAORIS/USDT:USDT,LONG,2025-09-13T17:30:00+00:00,2025-09-13T18:30:00+00:00,0.08929,0.08841943856677172,0.09845380456029773,0.08841943856677172,SL,SL,-0.009749820060793802,-0.014949820060793801,4.5,0.009000000000000001,-0.06727419027357211
PUMPBTC/USDT:USDT,LONG,2025-09-13T18:42:00+00:00,2025-09-13T18:48:00+00:00,0.10041,0.0994934661967525,0.11005772424471043,0.0994934661967525,SL,SL,-0.009127913586769182,-0.014327913586769181,4.5,0.009000000000000001,-0.06447561114046131
F/USDT:USDT,LONG,2025-09-13T16:39:00+00:00,2025-09-13T18:51:00+00:00,0.017836,0.020374588257303632,0.020374588257303632,0.017836,TP,TP,0.14232946049022377,0.13712946049022376,2.25,0.0045000000000000005,0.30854128610300346
PUMPBTC/USDT:USDT,LONG,2025-09-13T18:48:00+00:00,2025-09-13T18:51:00+00:00,0.09843,0.09752766217985293,0.10792829284365339,0.09752766217985293,SL,SL,-0.009167304888215771,-0.014367304888215771,4.5,0.009000000000000001,-0.06465287199697096
H/USDT:USDT,LONG,2025-09-13T18:27:00+00:00,2025-09-13T19:06:00+00:00,0.07107,0.0764,0.07955540065023732,0.07107,TP_PARTIAL,TP50,0.07499648234135362,0.06979648234135362,2.25,0.0045000000000000005,0.15704208526804564
BSW/USDT:USDT,LONG,2025-09-13T18:48:00+00:00,2025-09-13T19:09:00+00:00,0.03312,0.03468,0.036233196224610756,0.03312,TP_PARTIAL,TP50,0.0471014492753625,0.0419014492753625,2.25,0.0045000000000000005,0.09427826086956562
ACE/USDT:USDT,LONG,2025-09-13T19:06:00+00:00,2025-09-13T19:09:00+00:00,0.737,0.7306754529353965,0.8035741796274054,0.7306754529353965,SL,SL,-0.00858147498589349,-0.01378147498589349,4.5,0.009000000000000001,-0.06201663743652071
F/USDT:USDT,LONG,2025-09-13T18:51:00+00:00,2025-09-13T19:15:00+00:00,0.020514,0.02030591587812992,0.02270435917757979,0.02030591587812992,SL,SL,-0.010143517688899324,-0.015343517688899324,4.5,0.009000000000000001,-0.06904582960004696
ACE/USDT:USDT,LONG,2025-09-13T19:09:00+00:00,2025-09-13T19:15:00+00:00,0.7261,0.7198064920114395,0.7923474525111622,0.7198064920114395,SL,SL,-0.008667549908498048,-0.013867549908498047,4.5,0.009000000000000001,-0.062403974588241214
H/USDT:USDT,LONG,2025-09-13T18:27:00+00:00,2025-09-13T19:18:00+00:00,0.07107,0.07955540065023732,0.07955540065023732,0.07107,TP,TP,0.11939497186207017,0.11419497186207017,2.25,0.0045000000000000005,0.2569386866896579
F/USDT:USDT,LONG,2025-09-13T19:15:00+00:00,2025-09-13T19:18:00+00:00,0.020183,0.019956206024102776,0.022570305009444475,0.019956206024102776,SL,SL,-0.011236881330685409,-0.01643688133068541,4.5,0.009000000000000001,-0.07396596598808435
H/USDT:USDT,LONG,2025-09-13T19:18:00+00:00,2025-09-13T19:33:00+00:00,0.0814,0.08063518563142245,0.08945067756397417,0.08063518563142245,SL,SL,-0.009395753913729066,-0.014595753913729066,4.5,0.009000000000000001,-0.0656808926117808
F/USDT:USDT,LONG,2025-09-13T19:18:00+00:00,2025-09-13T19:39:00+00:00,0.019801,0.02164,0.022301211794484153,0.019801,TP_PARTIAL,TP50,0.09287409726781477,0.08767409726781478,2.25,0.0045000000000000005,0.19726671885258323
F/USDT:USDT,LONG,2025-09-13T19:18:00+00:00,2025-09-13T19:42:00+00:00,0.019801,0.022301211794484153,0.022301211794484153,0.019801,TP,TP,0.12626694583526865,0.12106694583526866,2.25,0.0045000000000000005,0.27240062812935445
ACE/USDT:USDT,LONG,2025-09-13T19:15:00+00:00,2025-09-13T19:51:00+00:00,0.7042,0.7179,0.7719949973182981,0.6977594752547618,EXIT,heat<0.85,0.019454700369213197,0.014254700369213195,4.5,0.009000000000000001,0.06414615166145937
F/USDT:USDT,LONG,2025-09-13T19:42:00+00:00,2025-09-13T19:51:00+00:00,0.022371,0.022139545952901882,0.024807358390506497,0.022139545952901882,SL,SL,-0.010346164547767918,-0.015546164547767917,4.5,0.009000000000000001,-0.06995774046495563
F/USDT:USDT,LONG,2025-09-13T19:51:00+00:00,2025-09-13T19:54:00+00:00,0.022003,0.021778450072348923,0.02436668344895874,0.021778450072348923,SL,SL,-0.010205423244606573,-0.015405423244606573,4.5,0.009000000000000001,-0.06932440460072958
D/USDT:USDT,LONG,2025-09-13T19:51:00+00:00,2025-09-13T20:00:00+00:00,0.04006,0.03966835194094109,0.044182611147988445,0.03966835194094109,SL,SL,-0.009776536671465427,-0.014976536671465427,4.5,0.009000000000000001,-0.06739441502159442
H/USDT:USDT,LONG,2025-09-13T19:33:00+00:00,2025-09-13T20:24:00+00:00,0.07968,0.08387,0.08749424812719525,0.07968,TP_PARTIAL,TP50,0.052585341365461835,0.04738534136546183,2.25,0.0045000000000000005,0.10661701807228913
D/USDT:USDT,LONG,2025-09-13T20:00:00+00:00,2025-09-13T20:42:00+00:00,0.03937,0.03983,0.04332981657876481,0.03899381742501735,EXIT,heat<0.85,0.011684023368046612,0.0064840233680466125,4.5,0.009000000000000001,0.029178105156209756
HIFI/USDT:USDT,SHORT,2025-09-13T20:42:00+00:00,2025-09-13T20:48:00+00:00,0.48101,0.4862381902569855,0.4259764183475209,0.4862381902569855,SL,SL,-0.01086919244295443,-0.01606919244295443,4.5,0.009000000000000001,-0.07231136599329493
F/USDT:USDT,LONG,2025-09-13T19:54:00+00:00,2025-09-13T20:51:00+00:00,0.021638,0.023159,0.02410427748831883,0.021638,TP_PARTIAL,TP50,0.07029300305018939,0.06509300305018939,2.25,0.0045000000000000005,0.14645925686292613
H/USDT:USDT,LONG,2025-09-13T19:33:00+00:00,2025-09-13T20:54:00+00:00,0.07968,0.08249,0.08749424812719525,0.07968,EXIT,heat<0.85,0.035266064257028024,0.03006606425702802,2.25,0.0045000000000000005,0.06764864457831304
BSW/USDT:USDT,LONG,2025-09-13T18:48:00+00:00,2025-09-13T21:18:00+00:00,0.03312,0.03312,0.036233196224610756,0.03312,SL,SL,0.0,-0.0052,2.25,0.0045000000000000005,-0.011699999999999999
BSW/USDT:USDT,LONG,2025-09-13T21:18:00+00:00,2025-09-13T21:24:00+00:00,0.03271,0.03244898875290883,0.03545748681148602,0.03244898875290883,SL,SL,-0.00797955509297378,-0.01317955509297378,4.5,0.009000000000000001,-0.05930799791838201
HIFI/USDT:USDT,LONG,2025-09-13T21:21:00+00:00,2025-09-13T21:24:00+00:00,0.52448,0.5194592042074319,0.5773304820270325,0.5194592042074319,SL,SL,-0.009572902289063625,-0.014772902289063625,4.5,0.009000000000000001,-0.06647806030078632
HIFI/USDT:USDT,LONG,2025-09-13T21:24:00+00:00,2025-09-13T21:33:00+00:00,0.51676,0.56538,0.5694154475965303,0.51676,TP_PARTIAL,TP50,0.09408622958433314,0.08888622958433315,2.25,0.0045000000000000005,0.19999401656474958
HIFI/USDT:USDT,LONG,2025-09-13T21:24:00+00:00,2025-09-13T21:36:00+00:00,0.51676,0.5694154475965303,0.5694154475965303,0.51676,TP,TP,0.10189536263745315,0.09669536263745315,2.25,0.0045000000000000005,0.2175645659342696
HIFI/USDT:USDT,LONG,2025-09-13T21:36:00+00:00,2025-09-13T21:39:00+00:00,0.57909,0.572456845489212,0.6489126790609252,0.572456845489212,SL,SL,-0.011454444923566185,-0.016654444923566186,4.5,0.009000000000000001,-0.07494500215604784
HIFI/USDT:USDT,LONG,2025-09-13T21:39:00+00:00,2025-09-13T21:45:00+00:00,0.56079,0.5539273708114113,0.6330282019851449,0.5539273708114113,SL,SL,-0.012237431460241283,-0.017437431460241282,4.5,0.009000000000000001,-0.07846844157108578
F/USDT:USDT,LONG,2025-09-13T19:54:00+00:00,2025-09-13T21:51:00+00:00,0.021638,0.02410427748831883,0.02410427748831883,0.021638,TP,TP,0.11397899474622558,0.10877899474622559,2.25,0.0045000000000000005,0.24475273817900756
BSW/USDT:USDT,LONG,2025-09-13T21:24:00+00:00,2025-09-13T21:54:00+00:00,0.0324,0.03267,0.035028598322148656,0.03215028315939587,EXIT,heat<0.85,0.008333333333333316,0.003133333333333316,4.5,0.009000000000000001,0.014099999999999922
F/USDT:USDT,LONG,2025-09-13T21:54:00+00:00,2025-09-13T21:57:00+00:00,0.024677,0.0244382014522042,0.02719066892416632,0.0244382014522042,SL,SL,-0.009676968342821257,-0.014876968342821257,4.5,0.009000000000000001,-0.06694635754269565
GPS/USDT:USDT,LONG,2025-09-13T21:30:00+00:00,2025-09-13T22:00:00+00:00,0.01704,0.016907448669050737,0.018435277167886992,0.016907448669050737,SL,SL,-0.007778833975895695,-0.012978833975895694,4.5,0.009000000000000001,-0.058404752891530624
HIFI/USDT:USDT,LONG,2025-09-13T21:45:00+00:00,2025-09-13T22:00:00+00:00,0.53465,0.5271585829955535,0.613507021099436,0.5271585829955535,SL,SL,-0.01401181521452622,-0.019211815214526223,4.5,0.009000000000000001,-0.086453168465368
F/USDT:USDT,LONG,2025-09-13T21:57:00+00:00,2025-09-13T22:03:00+00:00,0.024012,0.025673,0.026628121143868724,0.024012,TP_PARTIAL,TP50,0.0691737464601034,0.0639737464601034,2.25,0.0045000000000000005,0.14394092953523263
NAORIS/USDT:USDT,LONG,2025-09-13T22:00:00+00:00,2025-09-13T22:03:00+00:00,0.09448,0.09372781123000662,0.10239777652624604,0.09372781123000662,SL,SL,-0.007961354466483652,-0.013161354466483652,4.5,0.009000000000000001,-0.05922609509917644
F/USDT:USDT,LONG,2025-09-13T21:57:00+00:00,2025-09-13T22:06:00+00:00,0.024012,0.026628121143868724,0.026628121143868724,0.024012,TP,TP,0.10895057237500938,0.10375057237500938,2.25,0.0045000000000000005,0.23343878784377112
NAORIS/USDT:USDT,LONG,2025-09-13T22:03:00+00:00,2025-09-13T22:09:00+00:00,0.09303,0.092285396142149,0.10086793534579991,0.092285396142149,SL,SL,-0.008003911188337043,-0.013203911188337043,4.5,0.009000000000000001,-0.05941760034751669
HIFI/USDT:USDT,LONG,2025-09-13T22:03:00+00:00,2025-09-13T22:09:00+00:00,0.5218,0.5153668398437813,0.589517475328619,0.5153668398437813,SL,SL,-0.012328785274470589,-0.01752878527447059,4.5,0.009000000000000001,-0.07887953373511766
NAORIS/USDT:USDT,LONG,2025-09-13T22:09:00+00:00,2025-09-13T22:15:00+00:00,0.09162,0.09082982728583255,0.09993760751755196,0.09082982728583255,SL,SL,-0.008624456605189252,-0.013824456605189252,4.5,0.009000000000000001,-0.06221005472335163
GPS/USDT:USDT,LONG,2025-09-13T22:00:00+00:00,2025-09-13T22:30:00+00:00,0.01676,0.016622878354155966,0.018203385745726674,0.016622878354155966,SL,SL,-0.0081814824489281,-0.0133814824489281,4.5,0.009000000000000001,-0.06021667102017645
F/USDT:USDT,LONG,2025-09-13T22:09:00+00:00,2025-09-13T23:03:00+00:00,0.026266,0.02592975898430203,0.029805379112610234,0.02592975898430203,SL,SL,-0.012801378805222405,-0.018001378805222408,4.5,0.009000000000000001,-0.08100620462350083
GPS/USDT:USDT,LONG,2025-09-13T22:30:00+00:00,2025-09-13T23:03:00+00:00,0.01577,0.01601,0.01735581391030503,0.015619347678521021,EXIT,heat<0.85,0.015218769816106571,0.010018769816106571,4.5,0.009000000000000001,0.04508446417247957
HIFI/USDT:USDT,LONG,2025-09-13T22:15:00+00:00,2025-09-13T23:06:00+00:00,0.5169,0.5111572558043065,0.5773499389020378,0.5111572558043065,SL,SL,-0.011109971359438071,-0.01630997135943807,4.5,0.009000000000000001,-0.07339487111747131
OBOL/USDT:USDT,LONG,2025-09-13T23:12:00+00:00,2025-09-13T23:15:00+00:00,0.1793,0.17771353567175804,0.1959996245078098,0.17771353567175804,SL,SL,-0.008848099990194888,-0.014048099990194888,4.5,0.009000000000000001,-0.063216449955877
HIFI/USDT:USDT,LONG,2025-09-13T23:12:00+00:00,2025-09-13T23:18:00+00:00,0.50907,0.5043165754869141,0.5591060475061674,0.5043165754869141,SL,SL,-0.009337467368114234,-0.014537467368114234,4.5,0.009000000000000001,-0.06541860315651406
F/USDT:USDT,LONG,2025-09-13T23:03:00+00:00,2025-09-13T23:24:00+00:00,0.023653,0.02322857850107524,0.028120594725523786,0.02322857850107524,SL,SL,-0.017943664605959513,-0.023143664605959513,4.5,0.009000000000000001,-0.10414649072681781
OBOL/USDT:USDT,LONG,2025-09-13T23:15:00+00:00,2025-09-13T23:51:00+00:00,0.1776,0.17951,0.19384107990010913,0.17605709740948963,EXIT,heat<0.85,0.010754504504504476,0.005554504504504476,4.5,0.009000000000000001,0.024995270270270143
HIFI/USDT:USDT,LONG,2025-09-13T23:18:00+00:00,2025-09-14T00:03:00+00:00,0.50334,0.52799,0.550345775655828,0.50334,TP_PARTIAL,TP50,0.04897286128660538,0.043772861286605375,2.25,0.0045000000000000005,0.0984889378948621
HIFI/USDT:USDT,LONG,2025-09-13T23:18:00+00:00,2025-09-14T00:30:00+00:00,0.50334,0.550345775655828,0.550345775655828,0.50334,TP,TP,0.0933877213331505,0.0881877213331505,2.25,0.0045000000000000005,0.19842237299958865
HIFI/USDT:USDT,LONG,2025-09-14T00:30:00+00:00,2025-09-14T00:45:00+00:00,0.5522,0.58083,0.6016693951805483,0.5522,TP_PARTIAL,TP50,0.05184715682723638,0.04664715682723638,2.25,0.0045000000000000005,0.10495610286128185
PUMPBTC/USDT:USDT,LONG,2025-09-14T00:51:00+00:00,2025-09-14T00:54:00+00:00,0.11463,0.11375677284993234,0.12382186473755423,0.11375677284993234,SL,SL,-0.007617788973808401,-0.0128177889738084,4.5,0.009000000000000001,-0.057680050382137804
PUMPBTC/USDT:USDT,LONG,2025-09-14T00:54:00+00:00,2025-09-14T00:57:00+00:00,0.11361,0.11267157478922289,0.12348816011344323,0.11267157478922289,SL,SL,-0.00826005818833827,-0.013460058188338269,4.5,0.009000000000000001,-0.06057026184752221
PUMPBTC/USDT:USDT,LONG,2025-09-14T00:57:00+00:00,2025-09-14T01:00:00+00:00,0.11135,0.11039961944713556,0.12135400581962585,0.11039961944713556,SL,SL,-0.008535074565464295,-0.013735074565464295,4.5,0.009000000000000001,-0.06180783554458933
ZEREBRO/USDT:USDT,LONG,2025-09-14T00:30:00+00:00,2025-09-14T01:03:00+00:00,0.02568,0.02546763504270304,0.027915420603125893,0.02546763504270304,SL,SL,-0.008269663446143305,-0.013469663446143304,4.5,0.009000000000000001,-0.06061348550764487
PUMPBTC/USDT:USDT,LONG,2025-09-14T01:00:00+00:00,2025-09-14T01:09:00+00:00,0.10638,0.10534957520091158,0.11722657683250973,0.10534957520091158,SL,SL,-0.009686264326832322,-0.014886264326832321,4.5,0.009000000000000001,-0.06698818947074545
HIFI/USDT:USDT,LONG,2025-09-14T00:30:00+00:00,2025-09-14T01:15:00+00:00,0.5522,0.6016693951805483,0.6016693951805483,0.5522,TP,TP,0.08958601083040252,0.08438601083040252,2.25,0.0045000000000000005,0.18986852436840568
PUMPBTC/USDT:USDT,LONG,2025-09-14T01:09:00+00:00,2025-09-14T01:15:00+00:00,0.10412,0.10298322496953453,0.11608605295226818,0.10298322496953453,SL,SL,-0.010917931525792067,-0.016117931525792065,4.5,0.009000000000000001,-0.07253069186606428
HIFI/USDT:USDT,LONG,2025-09-14T01:15:00+00:00,2025-09-14T01:27:00+00:00,0.60812,0.6009224609266851,0.6838835691927877,0.6009224609266851,SL,SL,-0.011835721688671454,-0.017035721688671453,4.5,0.009000000000000001,-0.07666074759902154
HIFI/USDT:USDT,LONG,2025-09-14T01:27:00+00:00,2025-09-14T01:39:00+00:00,0.59117,0.5837447678031824,0.6693303389138695,0.5837447678031824,SL,SL,-0.012560231738446751,-0.01776023173844675,4.5,0.009000000000000001,-0.07992104282301038
HIFI/USDT:USDT,LONG,2025-09-14T01:39:00+00:00,2025-09-14T01:45:00+00:00,0.58319,0.5765129859336394,0.6534743585932691,0.5765129859336394,SL,SL,-0.01144912304113679,-0.01664912304113679,4.5,0.009000000000000001,-0.07492105368511556
HIFI/USDT:USDT,LONG,2025-09-14T01:45:00+00:00,2025-09-14T01:48:00+00:00,0.56772,0.5613999521570666,0.6342468193992984,0.5613999521570666,SL,SL,-0.011132332563470347,-0.016332332563470345,4.5,0.009000000000000001,-0.07349549653561654
PUMPBTC/USDT:USDT,LONG,2025-09-14T01:15:00+00:00,2025-09-14T02:18:00+00:00,0.10263,0.10532,0.11401317831088428,0.101548598060466,EXIT,heat<0.85,0.0262106596511741,0.0210106596511741,4.5,0.009000000000000001,0.09454796843028346
F/USDT:USDT,LONG,2025-09-13T23:24:00+00:00,2025-09-14T02:27:00+00:00,0.023018,0.023685,0.026918385235155825,0.022647463402660196,EXIT,heat<0.85,0.02897732209575119,0.02377732209575119,4.5,0.009000000000000001,0.10699794943088034
BSW/USDT:USDT,LONG,2025-09-14T02:21:00+00:00,2025-09-14T02:27:00+00:00,0.03255,0.03229943218360202,0.03518755596208405,0.03229943218360202,SL,SL,-0.0076979359876492804,-0.012897935987649281,4.5,0.009000000000000001,-0.058040711944421765
HIFI/USDT:USDT,LONG,2025-09-14T01:48:00+00:00,2025-09-14T02:45:00+00:00,0.55898,0.5528605841458476,0.62339490372792,0.5528605841458476,SL,SL,-0.010947468342610527,-0.01614746834261053,4.5,0.009000000000000001,-0.07266360754174737
H/USDT:USDT,LONG,2025-09-14T02:39:00+00:00,2025-09-14T02:48:00+00:00,0.07606,0.07544352074103353,0.08254925535754186,0.07544352074103353,SL,SL,-0.008105170378207682,-0.013305170378207682,4.5,0.009000000000000001,-0.05987326670193457
H/USDT:USDT,LONG,2025-09-14T02:48:00+00:00,2025-09-14T02:51:00+00:00,0.07447,0.07384480119098055,0.08105104009494149,0.07384480119098055,SL,SL,-0.008395310984550049,-0.013595310984550048,4.5,0.009000000000000001,-0.06117889943047522
F/USDT:USDT,LONG,2025-09-14T03:03:00+00:00,2025-09-14T03:06:00+00:00,0.021825,0.021634007759911183,0.023835444632513875,0.021634007759911183,SL,SL,-0.008751076292729339,-0.013951076292729339,4.5,0.009000000000000001,-0.06277984331728202
F/USDT:USDT,LONG,2025-09-14T03:06:00+00:00,2025-09-14T03:09:00+00:00,0.02156,0.021371114348488953,0.023548270015905738,0.021371114348488953,SL,SL,-0.008760930032979881,-0.01396093003297988,4.5,0.009000000000000001,-0.06282418514840947
F/USDT:USDT,LONG,2025-09-14T03:09:00+00:00,2025-09-14T03:12:00+00:00,0.020786,0.020570570466454028,0.023053679300483902,0.020570570466454028,SL,SL,-0.010364164993070862,-0.015564164993070862,4.5,0.009000000000000001,-0.07003874246881887
HIFI/USDT:USDT,LONG,2025-09-14T02:45:00+00:00,2025-09-14T03:24:00+00:00,0.5388,0.5681,0.5920752917674065,0.5388,TP_PARTIAL,TP50,0.054380103934669834,0.04918010393466983,2.25,0.0045000000000000005,0.11065523385300712
NAORIS/USDT:USDT,LONG,2025-09-14T03:24:00+00:00,2025-09-14T03:30:00+00:00,0.09151,0.09076235009130926,0.09937999903884986,0.09076235009130926,SL,SL,-0.008170144341500785,-0.013370144341500785,4.5,0.009000000000000001,-0.06016564953675353
F/USDT:USDT,LONG,2025-09-14T03:12:00+00:00,2025-09-14T03:45:00+00:00,0.020496,0.021614,0.022729702207592194,0.020496,TP_PARTIAL,TP50,0.05454722872755664,0.04934722872755664,2.25,0.0045000000000000005,0.11103126463700244
F/USDT:USDT,LONG,2025-09-14T03:12:00+00:00,2025-09-14T04:00:00+00:00,0.020496,0.021041,0.022729702207592194,0.020496,EXIT,heat<0.85,0.026590554254488696,0.021390554254488693,2.25,0.0045000000000000005,0.04812874707259956
HIFI/USDT:USDT,LONG,2025-09-14T02:45:00+00:00,2025-09-14T04:06:00+00:00,0.5388,0.5920752917674065,0.5920752917674065,0.5388,TP,TP,0.09887767588605519,0.09367767588605519,2.25,0.0045000000000000005,0.21077477074362416
HIFI/USDT:USDT,LONG,2025-09-14T04:06:00+00:00,2025-09-14T04:09:00+00:00,0.59788,0.593254176913914,0.6465728745903779,0.593254176913914,SL,SL,-0.007737042694329874,-0.012937042694329874,4.5,0.009000000000000001,-0.05821669212448444
F/USDT:USDT,SHORT,2025-09-14T04:15:00+00:00,2025-09-14T04:18:00+00:00,0.020757,0.020929511940493747,0.01894108483690795,0.020929511940493747,SL,SL,-0.008311024738341069,-0.013511024738341069,4.5,0.009000000000000001,-0.06079961132253481
HIFI/USDT:USDT,LONG,2025-09-14T04:09:00+00:00,2025-09-14T04:30:00+00:00,0.5882,0.61815,0.6377090978339224,0.5882,TP_PARTIAL,TP50,0.05091805508330506,0.04571805508330506,2.25,0.0045000000000000005,0.10286562393743638
H/USDT:USDT,SHORT,2025-09-14T03:00:00+00:00,2025-09-14T04:48:00+00:00,0.06587,0.06022,0.05794983428384985,0.06587,EXIT,heat<0.85,0.08577501138606339,0.08057501138606339,4.5,0.009000000000000001,0.36258755123728525
F/USDT:USDT,SHORT,2025-09-14T04:30:00+00:00,2025-09-14T05:57:00+00:00,0.020051,0.019371,0.018059001159022398,0.02024023988989287,EXIT,heat<0.85,0.033913520522667204,0.0287135205226672,4.5,0.009000000000000001,0.1292108423520024
HIFI/USDT:USDT,LONG,2025-09-14T04:09:00+00:00,2025-09-14T06:09:00+00:00,0.5882,0.6377090978339224,0.6377090978339224,0.5882,TP,TP,0.08417051654866106,0.07897051654866107,2.25,0.0045000000000000005,0.1776836622344874
HIFI/USDT:USDT,LONG,2025-09-14T06:09:00+00:00,2025-09-14T06:12:00+00:00,0.65795,0.6525618960325906,0.714666883867467,0.6525618960325906,SL,SL,-0.008189230135130949,-0.013389230135130948,4.5,0.009000000000000001,-0.06025153560808927
HIFI/USDT:USDT,LONG,2025-09-14T06:12:00+00:00,2025-09-14T06:21:00+00:00,0.64196,0.6362496891731199,0.7020685350197908,0.6362496891731199,SL,SL,-0.00889511936394809,-0.01409511936394809,4.5,0.009000000000000001,-0.0634280371377664
HIFI/USDT:USDT,LONG,2025-09-14T06:21:00+00:00,2025-09-14T06:27:00+00:00,0.63275,0.6269627491666707,0.6936684298245192,0.6269627491666707,SL,SL,-0.00914618859475198,-0.01434618859475198,4.5,0.009000000000000001,-0.06455784867638391
HIFI/USDT:USDT,LONG,2025-09-14T06:27:00+00:00,2025-09-14T06:54:00+00:00,0.62553,0.6200836041284049,0.6828604828588966,0.6200836041284049,SL,SL,-0.008706849985764266,-0.013906849985764266,4.5,0.009000000000000001,-0.0625808249359392
F/USDT:USDT,SHORT,2025-09-14T06:30:00+00:00,2025-09-14T07:00:00+00:00,0.018658,0.01880102049909674,0.017152521062139593,0.01880102049909674,SL,SL,-0.007665371374034745,-0.012865371374034745,4.5,0.009000000000000001,-0.05789417118315635
PUMPBTC/USDT:USDT,LONG,2025-09-14T08:15:00+00:00,2025-09-14T08:57:00+00:00,0.1233,0.12229121818910027,0.13391875590420776,0.12229121818910027,SL,SL,-0.008181523202755364,-0.013381523202755364,4.5,0.009000000000000001,-0.060216854412399136
PUMPBTC/USDT:USDT,LONG,2025-09-14T08:57:00+00:00,2025-09-14T09:03:00+00:00,0.12018,0.11904978313329126,0.13207701964956564,0.11904978313329126,SL,SL,-0.009404367338232118,-0.014604367338232118,4.5,0.009000000000000001,-0.06571965302204454
BAKE/USDT:USDT,SHORT,2025-09-14T08:57:00+00:00,2025-09-14T09:06:00+00:00,0.111,0.11193585413796904,0.10114890381085224,0.11193585413796904,SL,SL,-0.008431118360081431,-0.013631118360081431,4.5,0.009000000000000001,-0.06134003262036644
NAORIS/USDT:USDT,SHORT,2025-09-14T09:06:00+00:00,2025-09-14T09:15:00+00:00,0.08969,0.0904797739261202,0.08137659025136645,0.0904797739261202,SL,SL,-0.00880559623280397,-0.01400559623280397,4.5,0.009000000000000001,-0.06302518304761787
HIFI/USDT:USDT,LONG,2025-09-14T09:03:00+00:00,2025-09-14T09:21:00+00:00,0.57446,0.5687382439544838,0.6346890110054334,0.5687382439544838,SL,SL,-0.009960234038081274,-0.015160234038081274,4.5,0.009000000000000001,-0.06822105317136573
PUMPBTC/USDT:USDT,LONG,2025-09-14T09:03:00+00:00,2025-09-14T09:24:00+00:00,0.11847,0.11725882933431747,0.1312191649019214,0.11725882933431747,SL,SL,-0.010223437711509532,-0.015423437711509532,4.5,0.009000000000000001,-0.0694054697017929
HIFI/USDT:USDT,LONG,2025-09-14T09:21:00+00:00,2025-09-14T09:36:00+00:00,0.5661,0.58881,0.623513728854225,0.5606456957588487,EXIT,heat<0.85,0.04011658717541052,0.03491658717541052,4.5,0.009000000000000001,0.15712464228934733
BSW/USDT:USDT,SHORT,2025-09-14T09:36:00+00:00,2025-09-14T09:42:00+00:00,0.02406,0.02429259892729673,0.021611590238981807,0.02429259892729673,SL,SL,-0.009667453337353677,-0.014867453337353677,4.5,0.009000000000000001,-0.06690354001809155
HIFI/USDT:USDT,LONG,2025-09-14T09:42:00+00:00,2025-09-14T09:48:00+00:00,0.59847,0.62707,0.6509890980901528,0.59847,TP_PARTIAL,TP50,0.04778852741156628,0.042588527411566275,2.25,0.0045000000000000005,0.09582418667602412
PUMPBTC/USDT:USDT,LONG,2025-09-14T09:24:00+00:00,2025-09-14T10:09:00+00:00,0.11607,0.11839,0.12761598168621754,0.11497313173980934,EXIT,heat<0.85,0.01998793831308683,0.01478793831308683,4.5,0.009000000000000001,0.06654572240889073
BSW/USDT:USDT,SHORT,2025-09-14T09:48:00+00:00,2025-09-14T10:18:00+00:00,0.02493,0.025148030319724124,0.02263494400290398,0.025148030319724124,SL,SL,-0.008745700751067917,-0.013945700751067916,4.5,0.009000000000000001,-0.06275565337980563
HIFI/USDT:USDT,LONG,2025-09-14T09:42:00+00:00,2025-09-14T10:21:00+00:00,0.59847,0.59847,0.6509890980901528,0.59847,SL,SL,0.0,-0.0052,2.25,0.0045000000000000005,-0.011699999999999999
BAKE/USDT:USDT,SHORT,2025-09-14T09:15:00+00:00,2025-09-14T10:42:00+00:00,0.113,0.11392989008112003,0.10321168335663126,0.11392989008112003,SL,SL,-0.00822911576212416,-0.013429115762124159,4.5,0.009000000000000001,-0.06043102092955872
HIFI/USDT:USDT,LONG,2025-09-14T10:21:00+00:00,2025-09-14T10:51:00+00:00,0.59382,0.59955,0.6413499474420477,0.5893046549930054,EXIT,heat<0.85,0.009649388703647592,0.004449388703647592,4.5,0.009000000000000001,0.020022249166414163
PUMPBTC/USDT:USDT,LONG,2025-09-14T11:12:00+00:00,2025-09-14T11:33:00+00:00,0.13708,0.13603388357834661,0.14809175180687767,0.13603388357834661,SL,SL,-0.007631429979963469,-0.01283142997996347,4.5,0.009000000000000001,-0.05774143490983562
PUMPBTC/USDT:USDT,LONG,2025-09-14T11:33:00+00:00,2025-09-14T11:39:00+00:00,0.1344,0.14189,0.147581680548762,0.1344,TP_PARTIAL,TP50,0.05572916666666664,0.05052916666666664,2.25,0.0045000000000000005,0.11369062499999993
HEI/USDT:USDT,LONG,2025-09-14T12:06:00+00:00,2025-09-14T12:09:00+00:00,0.5178,0.5135100355209397,0.5629575208322151,0.5135100355209397,SL,SL,-0.008284983543955932,-0.013484983543955931,4.5,0.009000000000000001,-0.06068242594780169
PUMPBTC/USDT:USDT,LONG,2025-09-14T11:33:00+00:00,2025-09-14T12:18:00+00:00,0.1344,0.147581680548762,0.147581680548762,0.1344,TP,TP,0.09807798027352686,0.09287798027352687,2.25,0.0045000000000000005,0.20897545561543546
HEI/USDT:USDT,LONG,2025-09-14T12:09:00+00:00,2025-09-14T12:18:00+00:00,0.5007,0.4961871758408725,0.5482034122013425,0.4961871758408725,SL,SL,-0.009013030076148423,-0.014213030076148422,4.5,0.009000000000000001,-0.06395863534266791
PUMPBTC/USDT:USDT,LONG,2025-09-14T12:18:00+00:00,2025-09-14T12:24:00+00:00,0.14872,0.14726593140699434,0.16402598518953307,0.14726593140699434,SL,SL,-0.009777222922308012,-0.014977222922308011,4.5,0.009000000000000001,-0.06739750315038605
PUMPBTC/USDT:USDT,LONG,2025-09-14T12:24:00+00:00,2025-09-14T12:33:00+00:00,0.14695,0.14552267759072474,0.16197444641342396,0.14552267759072474,SL,SL,-0.009712979988263091,-0.014912979988263091,4.5,0.009000000000000001,-0.06710840994718391
PUMPBTC/USDT:USDT,LONG,2025-09-14T12:33:00+00:00,2025-09-14T12:36:00+00:00,0.14246,0.1409464177357224,0.1583924448871328,0.1409464177357224,SL,SL,-0.010624612272059616,-0.015824612272059616,4.5,0.009000000000000001,-0.07121075522426827
HEI/USDT:USDT,LONG,2025-09-14T12:18:00+00:00,2025-09-14T12:45:00+00:00,0.4945,0.4900094567501446,0.5417688763142673,0.4900094567501446,SL,SL,-0.009080977249454747,-0.014280977249454747,4.5,0.009000000000000001,-0.06426439762254636
HIFI/USDT:USDT,SHORT,2025-09-14T12:30:00+00:00,2025-09-14T12:48:00+00:00,0.56386,0.5685781964189471,0.5141947745373993,0.5685781964189471,SL,SL,-0.008367673569586611,-0.013567673569586611,4.5,0.009000000000000001,-0.06105453106313975
PUMPBTC/USDT:USDT,LONG,2025-09-14T12:36:00+00:00,2025-09-14T12:51:00+00:00,0.13233,0.13056543075459937,0.15090441310948047,0.13056543075459937,SL,SL,-0.013334612298047591,-0.018534612298047592,4.5,0.009000000000000001,-0.08340575534121417
HIFI/USDT:USDT,SHORT,2025-09-14T12:48:00+00:00,2025-09-14T13:33:00+00:00,0.57021,0.55226,0.5232587888164808,0.57021,EXIT,heat<0.85,0.03147963031163961,0.026279630311639608,4.5,0.009000000000000001,0.11825833640237823
AWE/USDT:USDT,LONG,2025-09-14T14:03:00+00:00,2025-09-14T14:06:00+00:00,0.081443,0.08081841703377297,0.08801755753923182,0.08081841703377297,SL,SL,-0.007668958243520345,-0.012868958243520346,4.5,0.009000000000000001,-0.057910312095841555
VELVET/USDT:USDT,LONG,2025-09-14T14:03:00+00:00,2025-09-14T14:06:00+00:00,0.17555,0.17418084146916996,0.1899621950613689,0.17418084146916996,SL,SL,-0.007799251101282004,-0.012999251101282003,4.5,0.009000000000000001,-0.058496629955769014
AWE/USDT:USDT,LONG,2025-09-14T14:06:00+00:00,2025-09-14T14:12:00+00:00,0.079495,0.07883012724564634,0.08649366057214383,0.07883012724564634,SL,SL,-0.008363705319248503,-0.013563705319248503,4.5,0.009000000000000001,-0.06103667393661826
AWE/USDT:USDT,LONG,2025-09-14T14:12:00+00:00,2025-09-14T14:15:00+00:00,0.077709,0.07701157706384812,0.08505029406475667,0.07701157706384812,SL,SL,-0.008974802611690813,-0.014174802611690813,4.5,0.009000000000000001,-0.06378661175260866
VELVET/USDT:USDT,LONG,2025-09-14T14:06:00+00:00,2025-09-14T14:21:00+00:00,0.17385,0.17247576707851497,0.18831560969984257,0.17247576707851497,SL,SL,-0.007904704754012252,-0.013104704754012252,4.5,0.009000000000000001,-0.05897117139305513
VELVET/USDT:USDT,LONG,2025-09-14T14:21:00+00:00,2025-09-14T14:24:00+00:00,0.17084,0.1693012195779345,0.18703768865332088,0.1693012195779345,SL,SL,-0.009007143655265063,-0.014207143655265063,4.5,0.009000000000000001,-0.06393214644869279
VELVET/USDT:USDT,LONG,2025-09-14T14:27:00+00:00,2025-09-14T14:36:00+00:00,0.17174,0.17017949443199457,0.1881663744000573,0.17017949443199457,SL,SL,-0.009086442110198194,-0.014286442110198194,4.5,0.009000000000000001,-0.06428898949589187
AWE/USDT:USDT,LONG,2025-09-14T14:15:00+00:00,2025-09-14T14:45:00+00:00,0.076834,0.07615311584500183,0.08400120163155977,0.07615311584500183,SL,SL,-0.008861755928341278,-0.014061755928341278,4.5,0.009000000000000001,-0.06327790167753575
AWE/USDT:USDT,LONG,2025-09-14T14:45:00+00:00,2025-09-14T14:48:00+00:00,0.075289,0.07464795342890455,0.08203685864310988,0.07464795342890455,SL,SL,-0.00851447849082125,-0.01371447849082125,4.5,0.009000000000000001,-0.061715153208695625
PUMPBTC/USDT:USDT,LONG,2025-09-14T12:51:00+00:00,2025-09-14T14:51:00+00:00,0.1279,0.12613890655896254,0.1464378256951314,0.12613890655896254,SL,SL,-0.013769299773553366,-0.01896929977355337,4.5,0.009000000000000001,-0.08536184898099017
VELVET/USDT:USDT,LONG,2025-09-14T14:36:00+00:00,2025-09-14T14:51:00+00:00,0.16847,0.167028029324742,0.18364863868692635,0.167028029324742,SL,SL,-0.008559213362960783,-0.013759213362960782,4.5,0.009000000000000001,-0.06191646013332352
AWE/USDT:USDT,LONG,2025-09-14T14:48:00+00:00,2025-09-14T14:51:00+00:00,0.074564,0.07394374389826852,0.08109301159717346,0.07394374389826852,SL,SL,-0.008318439216397777,-0.013518439216397777,4.5,0.009000000000000001,-0.06083297647379
AWE/USDT:USDT,LONG,2025-09-14T14:51:00+00:00,2025-09-14T14:57:00+00:00,0.073245,0.0726301250483922,0.07971736791166106,0.0726301250483922,SL,SL,-0.008394770313438566,-0.013594770313438566,4.5,0.009000000000000001,-0.06117646641047354
VELVET/USDT:USDT,LONG,2025-09-14T14:51:00+00:00,2025-09-14T14:57:00+00:00,0.16684,0.16556405122172202,0.180271039771347,0.16556405122172202,SL,SL,-0.0076477390210858845,-0.012847739021085885,4.5,0.009000000000000001,-0.05781482559488648
PUMPBTC/USDT:USDT,LONG,2025-09-14T14:54:00+00:00,2025-09-14T15:00:00+00:00,0.12545,0.12404446001460778,0.14024515774097077,0.12404446001460778,SL,SL,-0.011203985535211028,-0.016403985535211028,4.5,0.009000000000000001,-0.07381793490844962
AWE/USDT:USDT,LONG,2025-09-14T14:57:00+00:00,2025-09-14T15:00:00+00:00,0.072581,0.07200104721009327,0.0786857662095445,0.07200104721009327,SL,SL,-0.007990421596653833,-0.013190421596653833,4.5,0.009000000000000001,-0.05935689718494225
PUMPBTC/USDT:USDT,LONG,2025-09-14T15:00:00+00:00,2025-09-14T15:03:00+00:00,0.12359,0.12218697521667712,0.1383586819297146,0.12218697521667712,SL,SL,-0.011352251665368407,-0.016552251665368407,4.5,0.009000000000000001,-0.07448513249415784
AWE/USDT:USDT,LONG,2025-09-14T15:00:00+00:00,2025-09-14T15:18:00+00:00,0.071922,0.073528,0.0779424257660056,0.07135005955222946,EXIT,heat<0.85,0.022329746113845503,0.017129746113845504,4.5,0.009000000000000001,0.07708385751230476
PUMPBTC/USDT:USDT,LONG,2025-09-14T15:03:00+00:00,2025-09-14T15:21:00+00:00,0.12145,0.12000469127262875,0.13666377607759211,0.12000469127262875,SL,SL,-0.01190044238263691,-0.01710044238263691,4.5,0.009000000000000001,-0.07695199072186609
ESPORTS/USDT:USDT,LONG,2025-09-14T15:18:00+00:00,2025-09-14T15:21:00+00:00,0.14821,0.1469364967731888,0.1616152971243285,0.1469364967731888,SL,SL,-0.008592559387431467,-0.013792559387431466,4.5,0.009000000000000001,-0.0620665172434416
PUMPBTC/USDT:USDT,LONG,2025-09-14T15:21:00+00:00,2025-09-14T15:24:00+00:00,0.11952,0.11821390055166027,0.1332684152456813,0.11821390055166027,SL,SL,-0.010927873563752773,-0.016127873563752775,4.5,0.009000000000000001,-0.07257543103688749
ESPORTS/USDT:USDT,LONG,2025-09-14T15:24:00+00:00,2025-09-14T15:27:00+00:00,0.14589,0.14429261609524952,0.1627045674184261,0.14429261609524952,SL,SL,-0.01094923507266075,-0.01614923507266075,4.5,0.009000000000000001,-0.07267155782697338
F/USDT:USDT,SHORT,2025-09-14T15:15:00+00:00,2025-09-14T16:00:00+00:00,0.019816,0.019816,0.018175532429903177,0.019816,SL,SL,0.0,-0.0052,4.5,0.009000000000000001,-0.023399999999999997
PUMPBTC/USDT:USDT,LONG,2025-09-14T15:24:00+00:00,2025-09-14T16:15:00+00:00,0.11814,0.11685417908368453,0.13167495701384693,0.11685417908368453,SL,SL,-0.01088387435513341,-0.01608387435513341,4.5,0.009000000000000001,-0.07237743459810035
BANK/USDT:USDT,LONG,2025-09-14T16:00:00+00:00,2025-09-14T16:21:00+00:00,0.088953,0.094883,0.0988885089232309,0.088953,TP_PARTIAL,TP50,0.06666441828830945,0.06146441828830945,2.25,0.0045000000000000005,0.13829494114869628
BANK/USDT:USDT,LONG,2025-09-14T16:00:00+00:00,2025-09-14T16:30:00+00:00,0.088953,0.088953,0.0988885089232309,0.088953,SL,SL,0.0,-0.0052,2.25,0.0045000000000000005,-0.011699999999999999
ESPORTS/USDT:USDT,LONG,2025-09-14T15:30:00+00:00,2025-09-14T16:42:00+00:00,0.14855,0.15069,0.1673658259883368,0.14676249653110798,EXIT,heat<0.85,0.014405923931336271,0.009205923931336272,4.5,0.009000000000000001,0.041426657691013224
CUDIS/USDT:USDT,LONG,2025-09-14T16:15:00+00:00,2025-09-14T16:48:00+00:00,0.10509,0.11278,0.11678058171067587,0.10509,TP_PARTIAL,TP50,0.07317537348939007,0.06797537348939008,2.25,0.0045000000000000005,0.15294459035112767
BANK/USDT:USDT,LONG,2025-09-14T16:48:00+00:00,2025-09-14T16:51:00+00:00,0.089088,0.08791858944915809,0.10139758474570434,0.08791858944915809,SL,SL,-0.01312646541444313,-0.018326465414443133,4.5,0.009000000000000001,-0.0824690943649941
B3/USDT:USDT,LONG,2025-09-14T16:42:00+00:00,2025-09-14T17:03:00+00:00,0.003194,0.003165028206859508,0.003498966243584121,0.003165028206859508,SL,SL,-0.009070692905601654,-0.014270692905601654,4.5,0.009000000000000001,-0.06421811807520744
ZKJ/USDT:USDT,LONG,2025-09-14T17:03:00+00:00,2025-09-14T17:06:00+00:00,0.2383,0.23445763984711882,0.2787458963461178,0.23445763984711882,SL,SL,-0.016124045962573212,-0.021324045962573215,4.5,0.009000000000000001,-0.09595820683157946
HIFI/USDT:USDT,SHORT,2025-09-14T16:21:00+00:00,2025-09-14T17:15:00+00:00,0.53395,0.4760801196218902,0.4760801196218902,0.53395,TP,TP,0.108380710512426,0.103180710512426,4.5,0.009000000000000001,0.464313197305917
ZKJ/USDT:USDT,LONG,2025-09-14T17:06:00+00:00,2025-09-14T17:15:00+00:00,0.2289,0.22474580842946745,0.2726283323213951,0.22474580842946745,SL,SL,-0.018148499652828918,-0.023348499652828918,4.5,0.009000000000000001,-0.10506824843773013
B3/USDT:USDT,LONG,2025-09-14T17:15:00+00:00,2025-09-14T17:24:00+00:00,0.003142,0.003113396073199867,0.0034430939663171916,0.003113396073199867,SL,SL,-0.009103732272480281,-0.014303732272480281,4.5,0.009000000000000001,-0.06436679522616126
ZKJ/USDT:USDT,LONG,2025-09-14T17:15:00+00:00,2025-09-14T17:33:00+00:00,0.2192,0.2144511928278207,0.2691874439176768,0.2144511928278207,SL,SL,-0.02166426629643838,-0.02686426629643838,4.5,0.009000000000000001,-0.1208891983339727
B3/USDT:USDT,LONG,2025-09-14T17:24:00+00:00,2025-09-14T17:57:00+00:00,0.003074,0.003095,0.00334957122594711,0.0030478207335350245,EXIT,heat<0.85,0.006831489915419709,0.001631489915419709,4.5,0.009000000000000001,0.007341704619388691
ZKJ/USDT:USDT,LONG,2025-09-14T17:33:00+00:00,2025-09-14T18:00:00+00:00,0.2092,0.20442352703646818,0.2594786627740192,0.20442352703646818,SL,SL,-0.022832088735811728,-0.028032088735811728,4.5,0.009000000000000001,-0.1261443993111528
BANK/USDT:USDT,LONG,2025-09-14T16:51:00+00:00,2025-09-14T18:18:00+00:00,0.082686,0.084621,0.09609118583529688,0.08141250734564678,EXIT,heat<0.85,0.023401785066395838,0.01820178506639584,4.5,0.009000000000000001,0.08190803279878127
PUMPBTC/USDT:USDT,SHORT,2025-09-14T18:18:00+00:00,2025-09-14T18:21:00+00:00,0.09364,0.09438177640207453,0.08583182734658393,0.09438177640207453,SL,SL,-0.007921576271620311,-0.01312157627162031,4.5,0.009000000000000001,-0.059047093222291396
CUDIS/USDT:USDT,LONG,2025-09-14T16:15:00+00:00,2025-09-14T18:24:00+00:00,0.10509,0.11045,0.11678058171067587,0.10509,EXIT,heat<0.85,0.05100390141783237,0.04580390141783237,2.25,0.0045000000000000005,0.10305877819012282
HIFI/USDT:USDT,SHORT,2025-09-14T17:57:00+00:00,2025-09-14T18:24:00+00:00,0.48954,0.4482210481277419,0.4482210481277419,0.48954,TP,TP,0.0844036276346327,0.0792036276346327,4.5,0.009000000000000001,0.3564163243558472
HIFI/USDT:USDT,SHORT,2025-09-14T18:24:00+00:00,2025-09-14T18:27:00+00:00,0.4436,0.4477645635533321,0.3997624889122937,0.4477645635533321,SL,SL,-0.009388105395248224,-0.014588105395248224,4.5,0.009000000000000001,-0.065646474278617
HIFI/USDT:USDT,SHORT,2025-09-14T18:27:00+00:00,2025-09-14T18:30:00+00:00,0.45314,0.4573178804423798,0.4091623111328441,0.4573178804423798,SL,SL,-0.00921984473315051,-0.01441984473315051,4.5,0.009000000000000001,-0.06488930129917729
HIFI/USDT:USDT,SHORT,2025-09-14T18:30:00+00:00,2025-09-14T18:36:00+00:00,0.46275,0.4183307174804981,0.4183307174804981,0.46275,TP,TP,0.09598980555267832,0.09078980555267832,4.5,0.009000000000000001,0.40855412498705246
PUMPBTC/USDT:USDT,SHORT,2025-09-14T18:21:00+00:00,2025-09-14T19:12:00+00:00,0.095,0.09575122094478349,0.08709241110754222,0.09575122094478349,SL,SL,-0.007907588892457731,-0.01310758889245773,4.5,0.009000000000000001,-0.05898415001605979
CUDIS/USDT:USDT,LONG,2025-09-14T19:12:00+00:00,2025-09-14T19:24:00+00:00,0.11977,0.11856142717107171,0.13249181925187678,0.11856142717107171,SL,SL,-0.010090780904469333,-0.015290780904469333,4.5,0.009000000000000001,-0.068808514070112
CUDIS/USDT:USDT,LONG,2025-09-14T19:24:00+00:00,2025-09-14T19:27:00+00:00,0.11777,0.11657010677407796,0.13040045500970565,0.11657010677407796,SL,SL,-0.010188445494795266,-0.015388445494795266,4.5,0.009000000000000001,-0.0692480047265787
ZKJ/USDT:USDT,LONG,2025-09-14T18:00:00+00:00,2025-09-14T19:36:00+00:00,0.2016,0.2031,0.24311881173243682,0.1976557128854185,EXIT,heat<0.85,0.007440476190476197,0.0022404761904761972,4.5,0.009000000000000001,0.010082142857142887
DOLO/USDT:USDT,LONG,2025-09-14T19:36:00+00:00,2025-09-14T19:39:00+00:00,0.199185,0.19745235747872902,0.21742334232916818,0.19745235747872902,SL,SL,-0.00869865964440584,-0.01389865964440584,4.5,0.009000000000000001,-0.06254396839982627
DOLO/USDT:USDT,LONG,2025-09-14T19:39:00+00:00,2025-09-14T19:42:00+00:00,0.197036,0.19520679908739122,0.2162907464485133,0.19520679908739122,SL,SL,-0.009283587327233446,-0.014483587327233446,4.5,0.009000000000000001,-0.0651761429725505
CUDIS/USDT:USDT,LONG,2025-09-14T19:27:00+00:00,2025-09-14T19:45:00+00:00,0.11655,0.11534352771878668,0.12924970822329812,0.11534352771878668,SL,SL,-0.010351542524352782,-0.015551542524352781,4.5,0.009000000000000001,-0.06998194135958752
DOLO/USDT:USDT,LONG,2025-09-14T19:42:00+00:00,2025-09-14T19:48:00+00:00,0.193907,0.203445,0.21294897884504807,0.193907,TP_PARTIAL,TP50,0.04918852852140455,0.043988528521404544,2.25,0.0045000000000000005,0.09897418917316023
HIFI/USDT:USDT,SHORT,2025-09-14T18:36:00+00:00,2025-09-14T20:06:00+00:00,0.3939,0.3939,0.32491378190920495,0.3939,SL,SL,0.0,-0.0052,4.5,0.009000000000000001,-0.023399999999999997
CUDIS/USDT:USDT,LONG,2025-09-14T19:45:00+00:00,2025-09-14T20:06:00+00:00,0.11503,0.12148,0.12581225069241841,0.11503,TP_PARTIAL,TP50,0.05607232895766332,0.05087232895766332,2.25,0.0045000000000000005,0.11446274015474246
DOLO/USDT:USDT,LONG,2025-09-14T19:42:00+00:00,2025-09-14T20:15:00+00:00,0.193907,0.193907,0.21294897884504807,0.193907,SL,SL,0.0,-0.0052,2.25,0.0045000000000000005,-0.011699999999999999
CUDIS/USDT:USDT,LONG,2025-09-14T19:45:00+00:00,2025-09-14T20:15:00+00:00,0.11503,0.12581225069241841,0.12581225069241841,0.11503,TP,TP,0.09373424926035315,0.08853424926035315,2.25,0.0045000000000000005,0.1992020608357946
DOLO/USDT:USDT,LONG,2025-09-14T20:15:00+00:00,2025-09-14T20:18:00+00:00,0.193508,0.19170314225977791,0.21250650252865355,0.19170314225977791,SL,SL,-0.009327044567780654,-0.014527044567780653,4.5,0.009000000000000001,-0.06537170055501294
CUDIS/USDT:USDT,LONG,2025-09-14T20:15:00+00:00,2025-09-14T20:24:00+00:00,0.12649,0.12549099676063544,0.13700582357225835,0.12549099676063544,SL,SL,-0.007897883147794722,-0.013097883147794722,4.5,0.009000000000000001,-0.05894047416507625
CUDIS/USDT:USDT,LONG,2025-09-14T20:24:00+00:00,2025-09-14T20:30:00+00:00,0.12531,0.12433021125477993,0.13562356573915876,0.12433021125477993,SL,SL,-0.007818919042535117,-0.013018919042535116,4.5,0.009000000000000001,-0.058585135691408025
CUDIS/USDT:USDT,LONG,2025-09-14T20:30:00+00:00,2025-09-14T20:42:00+00:00,0.12083,0.12767,0.13282261535672363,0.12083,TP_PARTIAL,TP50,0.05660845816436314,0.05140845816436314,2.25,0.0045000000000000005,0.11566903086981706
CUDIS/USDT:USDT,LONG,2025-09-14T20:30:00+00:00,2025-09-14T20:48:00+00:00,0.12083,0.13282261535672363,0.13282261535672363,0.12083,TP,TP,0.09925196852374096,0.09405196852374097,2.25,0.0045000000000000005,0.21161692917841718
DOLO/USDT:USDT,LONG,2025-09-14T20:18:00+00:00,2025-09-14T20:54:00+00:00,0.190412,0.18860373924122234,0.20944632377660688,0.18860373924122234,SL,SL,-0.009496569327446053,-0.014696569327446053,4.5,0.009000000000000001,-0.06613456197350724
HIFI/USDT:USDT,SHORT,2025-09-14T20:06:00+00:00,2025-09-14T20:57:00+00:00,0.3943,0.32928088637814457,0.32928088637814457,0.3943,TP,TP,0.16489757449113726,0.15969757449113725,4.5,0.009000000000000001,0.7186390852101177
VELVET/USDT:USDT,SHORT,2025-09-14T20:54:00+00:00,2025-09-14T21:00:00+00:00,0.15254,0.15372010056639454,0.14011788877479434,0.15372010056639454,SL,SL,-0.0077363351671334195,-0.01293633516713342,4.5,0.009000000000000001,-0.05821350825210039
CUDIS/USDT:USDT,LONG,2025-09-14T20:48:00+00:00,2025-09-14T21:06:00+00:00,0.13569,0.13432984787245186,0.15000739081629622,0.13432984787245186,SL,SL,-0.010023967333982918,-0.015223967333982917,4.5,0.009000000000000001,-0.06850785300292313
CUDIS/USDT:USDT,LONG,2025-09-14T21:06:00+00:00,2025-09-14T21:15:00+00:00,0.13093,0.1291985905368646,0.1491553627698461,0.1291985905368646,SL,SL,-0.013223932354199806,-0.018423932354199805,4.5,0.009000000000000001,-0.08290769559389913
CUDIS/USDT:USDT,LONG,2025-09-14T21:15:00+00:00,2025-09-14T21:21:00+00:00,0.12817,0.12642947391016457,0.1464913272614256,0.12642947391016457,SL,SL,-0.013579824372594498,-0.018779824372594497,4.5,0.009000000000000001,-0.08450920967667525
BSW/USDT:USDT,LONG,2025-09-14T21:24:00+00:00,2025-09-14T21:27:00+00:00,0.02573,0.02551485220949899,0.027994713584221172,0.02551485220949899,SL,SL,-0.008361748562029177,-0.013561748562029177,4.5,0.009000000000000001,-0.06102786852913129
BSW/USDT:USDT,LONG,2025-09-14T21:27:00+00:00,2025-09-14T21:33:00+00:00,0.02542,0.02518819133739192,0.027860091185348233,0.02518819133739192,SL,SL,-0.009119144870498938,-0.014319144870498937,4.5,0.009000000000000001,-0.06443615191724522
HIFI/USDT:USDT,SHORT,2025-09-14T20:57:00+00:00,2025-09-14T21:42:00+00:00,0.32687,0.33135640445231945,0.2796446899755848,0.33135640445231945,SL,SL,-0.013725347851804874,-0.018925347851804872,4.5,0.009000000000000001,-0.08516406533312193
BSW/USDT:USDT,LONG,2025-09-14T21:33:00+00:00,2025-09-14T21:45:00+00:00,0.02512,0.02644,0.02743926229757067,0.02512,TP_PARTIAL,TP50,0.052547770700637014,0.04734777070063701,2.25,0.0045000000000000005,0.10653248407643327
CUDIS/USDT:USDT,LONG,2025-09-14T21:21:00+00:00,2025-09-14T21:51:00+00:00,0.12588,0.12419178005519291,0.14365073626112718,0.12419178005519291,SL,SL,-0.013411343698817005,-0.018611343698817007,4.5,0.009000000000000001,-0.08375104664467653
CUDIS/USDT:USDT,LONG,2025-09-14T21:51:00+00:00,2025-09-14T22:06:00+00:00,0.12359,0.1383399526382765,0.1383399526382765,0.12218875449936374,TP,TP,0.11934584220629903,0.11414584220629903,4.5,0.009000000000000001,0.5136562899283457
CUDIS/USDT:USDT,LONG,2025-09-14T22:06:00+00:00,2025-09-14T22:12:00+00:00,0.1482,0.14645746488727215,0.16654247487081944,0.14645746488727215,SL,SL,-0.011757996712063727,-0.016957996712063727,4.5,0.009000000000000001,-0.07631098520428677
CUDIS/USDT:USDT,LONG,2025-09-14T22:12:00+00:00,2025-09-14T22:21:00+00:00,0.14635,0.14459618452014794,0.16481121557739023,0.14459618452014794,SL,SL,-0.011983706729429906,-0.017183706729429905,4.5,0.009000000000000001,-0.07732668028243457
CUDIS/USDT:USDT,LONG,2025-09-14T22:21:00+00:00,2025-09-14T22:27:00+00:00,0.14174,0.15408,0.16297322544589155,0.14174,TP_PARTIAL,TP50,0.08706081557781847,0.08186081557781848,2.25,0.0045000000000000005,0.18418683505009156
BSW/USDT:USDT,LONG,2025-09-14T21:33:00+00:00,2025-09-14T22:45:00+00:00,0.02512,0.02642,0.02743926229757067,0.02512,EXIT,heat<0.85,0.05175159235668786,0.046551592356687856,2.25,0.0045000000000000005,0.10474108280254768
HIFI/USDT:USDT,SHORT,2025-09-14T21:42:00+00:00,2025-09-14T22:45:00+00:00,0.33781,0.2947721561160891,0.2947721561160891,0.33781,TP,TP,0.12740251586368345,0.12220251586368346,4.5,0.009000000000000001,0.5499113213865755
ZKJ/USDT:USDT,LONG,2025-09-14T22:48:00+00:00,2025-09-14T22:51:00+00:00,0.227,0.2252242604275223,0.24569199549976536,0.2252242604275223,SL,SL,-0.00782264128844803,-0.013022641288448029,4.5,0.009000000000000001,-0.05860188579801613
CUDIS/USDT:USDT,LONG,2025-09-14T22:21:00+00:00,2025-09-14T22:54:00+00:00,0.14174,0.16297322544589155,0.16297322544589155,0.14174,TP,TP,0.14980404575907677,0.14460404575907676,2.25,0.0045000000000000005,0.3253591029579227
ZKJ/USDT:USDT,LONG,2025-09-14T22:51:00+00:00,2025-09-14T22:54:00+00:00,0.2215,0.21964752753984212,0.24099971010692497,0.21964752753984212,SL,SL,-0.008363306817868524,-0.013563306817868524,4.5,0.009000000000000001,-0.061034880680408354
CUDIS/USDT:USDT,LONG,2025-09-14T22:54:00+00:00,2025-09-14T23:12:00+00:00,0.16423,0.16164310997914322,0.19146042127217647,0.16164310997914322,SL,SL,-0.015751628940247026,-0.020951628940247026,4.5,0.009000000000000001,-0.09428233023111161
CUDIS/USDT:USDT,LONG,2025-09-14T23:12:00+00:00,2025-09-14T23:15:00+00:00,0.15488,0.1518923958276736,0.18632846497185654,0.1518923958276736,SL,SL,-0.01928979966636351,-0.024489799666363513,4.5,0.009000000000000001,-0.1102040984986358
CUDIS/USDT:USDT,LONG,2025-09-14T23:15:00+00:00,2025-09-14T23:21:00+00:00,0.1454,0.14231229612569693,0.17790214604529536,0.14231229612569693,SL,SL,-0.021235927608686873,-0.026435927608686877,4.5,0.009000000000000001,-0.11896167423909094
ZKJ/USDT:USDT,LONG,2025-09-14T22:54:00+00:00,2025-09-14T23:33:00+00:00,0.2161,0.2305,0.23763544509928747,0.2161,TP_PARTIAL,TP50,0.06663581675150405,0.06143581675150406,2.25,0.0045000000000000005,0.13823058769088414
BSW/USDT:USDT,LONG,2025-09-14T23:33:00+00:00,2025-09-14T23:39:00+00:00,0.02479,0.024568799073704867,0.027118430803106663,0.024568799073704867,SL,SL,-0.008922990169226791,-0.01412299016922679,4.5,0.009000000000000001,-0.06355345576152056
HIFI/USDT:USDT,SHORT,2025-09-14T22:45:00+00:00,2025-09-14T23:51:00+00:00,0.29445,0.29445,0.2611782955681659,0.29445,SL,SL,0.0,-0.0052,4.5,0.009000000000000001,-0.023399999999999997
CUDIS/USDT:USDT,LONG,2025-09-14T23:21:00+00:00,2025-09-14T23:51:00+00:00,0.14033,0.15874,0.17121725857987202,0.14033,TP_PARTIAL,TP50,0.13119076462623802,0.125990764626238,2.25,0.0045000000000000005,0.2834792204090355
BSW/USDT:USDT,LONG,2025-09-14T23:45:00+00:00,2025-09-14T23:51:00+00:00,0.0245,0.02429296995377147,0.02667926364451087,0.02429296995377147,SL,SL,-0.008450205968511502,-0.013650205968511502,4.5,0.009000000000000001,-0.06142592685830176
HIFI/USDT:USDT,SHORT,2025-09-14T23:51:00+00:00,2025-09-14T23:54:00+00:00,0.29752,0.3018792979989284,0.2516326526428595,0.3018792979989284,SL,SL,-0.014652117501103686,-0.01985211750110369,4.5,0.009000000000000001,-0.0893345287549666
HIFI/USDT:USDT,SHORT,2025-09-14T23:54:00+00:00,2025-09-14T23:57:00+00:00,0.34173,0.34746511957043347,0.28136032031122665,0.34746511957043347,SL,SL,-0.0167826048940201,-0.021982604894020104,4.5,0.009000000000000001,-0.09892172202309046
HIFI/USDT:USDT,SHORT,2025-09-14T23:57:00+00:00,2025-09-15T00:00:00+00:00,0.37823,0.3849625538868311,0.30736101171756763,0.3849625538868311,SL,SL,-0.017800158334429005,-0.023000158334429005,4.5,0.009000000000000001,-0.10350071250493052
HIFI/USDT:USDT,SHORT,2025-09-15T00:00:00+00:00,2025-09-15T00:03:00+00:00,0.40654,0.41429537146634315,0.3249045108805985,0.41429537146634315,SL,SL,-0.019076527442178238,-0.024276527442178238,4.5,0.009000000000000001,-0.10924437348980207
BSW/USDT:USDT,LONG,2025-09-15T00:00:00+00:00,2025-09-15T00:27:00+00:00,0.0249,0.024655902946030057,0.027469442673367817,0.024655902946030057,SL,SL,-0.009803094536945453,-0.015003094536945453,4.5,0.009000000000000001,-0.06751392541625453
BSW/USDT:USDT,LONG,2025-09-15T00:27:00+00:00,2025-09-15T00:51:00+00:00,0.02433,0.024085583398454,0.026902806332063163,0.024085583398454,SL,SL,-0.010045894021619452,-0.015245894021619452,4.5,0.009000000000000001,-0.06860652309728754
HIFI/USDT:USDT,SHORT,2025-09-15T00:03:00+00:00,2025-09-15T01:00:00+00:00,0.46242,0.42695,0.36938990296055574,0.46242,EXIT,heat<0.85,0.07670515981142685,0.07150515981142685,4.5,0.009000000000000001,0.3217732191514209
HIFI/USDT:USDT,SHORT,2025-09-15T01:03:00+00:00,2025-09-15T01:24:00+00:00,0.40965,0.41903337351214476,0.3108776472405815,0.41903337351214476,SL,SL,-0.02290583061673317,-0.02810583061673317,4.5,0.009000000000000001,-0.12647623777529926
BSW/USDT:USDT,LONG,2025-09-15T00:54:00+00:00,2025-09-15T01:39:00+00:00,0.02457,0.02435031074250088,0.026882518499990744,0.02435031074250088,SL,SL,-0.008941361721575959,-0.014141361721575959,4.5,0.009000000000000001,-0.06363612774709182
VELVET/USDT:USDT,SHORT,2025-09-15T02:03:00+00:00,2025-09-15T02:06:00+00:00,0.15632,0.1582927273246481,0.13555444921423032,0.1582927273246481,SL,SL,-0.012619801206807328,-0.01781980120680733,4.5,0.009000000000000001,-0.08018910543063298
ZKJ/USDT:USDT,LONG,2025-09-14T22:54:00+00:00,2025-09-15T02:27:00+00:00,0.2161,0.2161,0.23763544509928747,0.2161,SL,SL,0.0,-0.0052,2.25,0.0045000000000000005,-0.011699999999999999
HIFI/USDT:USDT,SHORT,2025-09-15T01:24:00+00:00,2025-09-15T02:54:00+00:00,0.42313,0.41211,0.34298742894862533,0.4307435442498806,EXIT,heat<0.85,0.02604400538841498,0.02084400538841498,4.5,0.009000000000000001,0.0937980242478674
ZKJ/USDT:USDT,LONG,2025-09-15T02:27:00+00:00,2025-09-15T02:54:00+00:00,0.2073,0.212,0.22553735670701636,0.20556745111283345,EXIT,heat<0.85,0.022672455378678156,0.017472455378678156,4.5,0.009000000000000001,0.0786260492040517
VELVET/USDT:USDT,SHORT,2025-09-15T02:06:00+00:00,2025-09-15T03:00:00+00:00,0.15904,0.16096111823003037,0.1388177028417853,0.16096111823003037,SL,SL,-0.012079465732082389,-0.01727946573208239,4.5,0.009000000000000001,-0.07775759579437075
CUDIS/USDT:USDT,LONG,2025-09-14T23:21:00+00:00,2025-09-15T04:12:00+00:00,0.14033,0.17121725857987202,0.17121725857987202,0.14033,TP,TP,0.22010445791970362,0.2149044579197036,2.25,0.0045000000000000005,0.48353503031933315
CUDIS/USDT:USDT,LONG,2025-09-15T04:15:00+00:00,2025-09-15T04:33:00+00:00,0.16737,0.16597399260162016,0.18206481471978772,0.16597399260162016,SL,SL,-0.00834084602007429,-0.01354084602007429,4.5,0.009000000000000001,-0.0609338070903343
CUDIS/USDT:USDT,LONG,2025-09-15T04:33:00+00:00,2025-09-15T04:45:00+00:00,0.15904,0.1573334502530081,0.1770036815472831,0.1573334502530081,SL,SL,-0.010730317825653212,-0.015930317825653212,4.5,0.009000000000000001,-0.07168643021543945
CUDIS/USDT:USDT,LONG,2025-09-15T04:45:00+00:00,2025-09-15T05:00:00+00:00,0.14787,0.14592003966254072,0.168395898289045,0.14592003966254072,SL,SL,-0.013186990853177002,-0.018386990853177,4.5,0.009000000000000001,-0.0827414588392965
CUDIS/USDT:USDT,LONG,2025-09-15T05:00:00+00:00,2025-09-15T05:06:00+00:00,0.14581,0.14396569559525743,0.16522373057623754,0.14396569559525743,SL,SL,-0.012648682564587916,-0.017848682564587916,4.5,0.009000000000000001,-0.08031907154064562
HIFI/USDT:USDT,LONG,2025-09-15T05:03:00+00:00,2025-09-15T05:27:00+00:00,0.38064,0.40898,0.41662020651370335,0.38064,TP_PARTIAL,TP50,0.07445355191256839,0.06925355191256839,2.25,0.0045000000000000005,0.1558204918032789
HIFI/USDT:USDT,LONG,2025-09-15T05:03:00+00:00,2025-09-15T05:54:00+00:00,0.38064,0.3888,0.41662020651370335,0.38064,EXIT,heat<0.85,0.021437578814628,0.016237578814628,2.25,0.0045000000000000005,0.036534552332913
BSW/USDT:USDT,SHORT,2025-09-15T06:18:00+00:00,2025-09-15T06:21:00+00:00,0.01844,0.018594304291488374,0.016815744300122396,0.018594304291488374,SL,SL,-0.008367911685920422,-0.013567911685920421,4.5,0.009000000000000001,-0.061055602586641895
HIFI/USDT:USDT,SHORT,2025-09-15T05:57:00+00:00,2025-09-15T06:42:00+00:00,0.39618,0.3603789233431385,0.3603789233431385,0.39618,TP,TP,0.09036568392362436,0.08516568392362436,4.5,0.009000000000000001,0.3832455776563096
BSW/USDT:USDT,SHORT,2025-09-15T06:21:00+00:00,2025-09-15T07:06:00+00:00,0.01891,0.017198905421542225,0.017198905421542225,0.01891,TP,TP,0.09048622836899918,0.08528622836899918,4.5,0.009000000000000001,0.38378802766049636
CUDIS/USDT:USDT,LONG,2025-09-15T05:06:00+00:00,2025-09-15T07:15:00+00:00,0.14388,0.14194242630407403,0.16427551258869463,0.14194242630407403,SL,SL,-0.013466595050917301,-0.0186665950509173,4.5,0.009000000000000001,-0.08399967772912785
HIFI/USDT:USDT,SHORT,2025-09-15T07:06:00+00:00,2025-09-15T07:15:00+00:00,0.3309,0.334636926943714,0.29156392690827426,0.334636926943714,SL,SL,-0.011293221346974825,-0.016493221346974826,4.5,0.009000000000000001,-0.07421949606138672
BANK/USDT:USDT,LONG,2025-09-15T07:15:00+00:00,2025-09-15T07:18:00+00:00,0.095144,0.09438954545404997,0.1030856267994741,0.09438954545404997,SL,SL,-0.007929607184373548,-0.013129607184373547,4.5,0.009000000000000001,-0.05908323232968096
CUDIS/USDT:USDT,LONG,2025-09-15T07:15:00+00:00,2025-09-15T07:24:00+00:00,0.14172,0.14052531477812924,0.15429563391442908,0.14052531477812924,SL,SL,-0.008429898545517728,-0.013629898545517728,4.5,0.009000000000000001,-0.061334543454829776
IO/USDT:USDT,LONG,2025-09-15T06:42:00+00:00,2025-09-15T07:27:00+00:00,0.7159,0.7212,0.7792367176682992,0.7098830118215116,EXIT,heat<0.85,0.0074032686129347275,0.002203268612934727,4.5,0.009000000000000001,0.00991470875820627
BANK/USDT:USDT,LONG,2025-09-15T07:18:00+00:00,2025-09-15T07:30:00+00:00,0.091158,0.0903174864930464,0.10000551059951165,0.0903174864930464,SL,SL,-0.0092204031127669,-0.0144204031127669,4.5,0.009000000000000001,-0.06489181400745105
BSW/USDT:USDT,SHORT,2025-09-15T07:30:00+00:00,2025-09-15T07:33:00+00:00,0.01517,0.0153919484499075,0.012833700527289478,0.0153919484499075,SL,SL,-0.014630748181114024,-0.019830748181114022,4.5,0.009000000000000001,-0.0892383668150131
BANK/USDT:USDT,LONG,2025-09-15T07:33:00+00:00,2025-09-15T07:36:00+00:00,0.089126,0.0881952478818771,0.09892339071708306,0.0881952478818771,SL,SL,-0.010443104348034169,-0.01564310434803417,4.5,0.009000000000000001,-0.07039396956615376
CUDIS/USDT:USDT,LONG,2025-09-15T07:27:00+00:00,2025-09-15T07:39:00+00:00,0.1396,0.1384135280450372,0.1520891784732926,0.1384135280450372,SL,SL,-0.008499082771939812,-0.013699082771939812,4.5,0.009000000000000001,-0.06164587247372916
BANK/USDT:USDT,LONG,2025-09-15T07:39:00+00:00,2025-09-15T07:48:00+00:00,0.089183,0.08825099424508791,0.09899358689381142,0.08825099424508791,SL,SL,-0.010450486694909241,-0.01565048669490924,4.5,0.009000000000000001,-0.07042719012709157
FLOCK/USDT:USDT,LONG,2025-09-15T07:51:00+00:00,2025-09-15T08:00:00+00:00,0.41325,0.43584,0.44968275954300835,0.41325,TP_PARTIAL,TP50,0.05466424682395644,0.049464246823956434,2.25,0.0045000000000000005,0.11129455535390198
FLOCK/USDT:USDT,LONG,2025-09-15T07:51:00+00:00,2025-09-15T08:06:00+00:00,0.41325,0.41325,0.44968275954300835,0.41325,SL,SL,0.0,-0.0052,2.25,0.0045000000000000005,-0.011699999999999999
BSW/USDT:USDT,SHORT,2025-09-15T07:36:00+00:00,2025-09-15T08:27:00+00:00,0.01562,0.013258598924040417,0.013258598924040417,0.01562,TP,TP,0.15117804583608088,0.14597804583608087,4.5,0.009000000000000001,0.6569012062623639
BANK/USDT:USDT,LONG,2025-09-15T08:00:00+00:00,2025-09-15T08:45:00+00:00,0.089817,0.08896061730826954,0.09883155464979423,0.08896061730826954,SL,SL,-0.009534750567603612,-0.014734750567603611,4.5,0.009000000000000001,-0.06630637755421626
FLOCK/USDT:USDT,LONG,2025-09-15T08:27:00+00:00,2025-09-15T09:00:00+00:00,0.39026,0.3856372330101055,0.4389207051567842,0.3856372330101055,SL,SL,-0.011845351790843284,-0.017045351790843283,4.5,0.009000000000000001,-0.07670408305879478
BANK/USDT:USDT,LONG,2025-09-15T08:45:00+00:00,2025-09-15T09:00:00+00:00,0.087955,0.086916585365223,0.09888568036607376,0.086916585365223,SL,SL,-0.011806203567472117,-0.017006203567472115,4.5,0.009000000000000001,-0.07652791605362452
CUDIS/USDT:USDT,SHORT,2025-09-15T09:00:00+00:00,2025-09-15T09:06:00+00:00,0.13377,0.1348013131420492,0.12291407218895556,0.1348013131420492,SL,SL,-0.007709599626591999,-0.012909599626592,4.5,0.009000000000000001,-0.058093198319663995
HIFI/USDT:USDT,SHORT,2025-09-15T07:24:00+00:00,2025-09-15T09:42:00+00:00,0.33401,0.33401,0.2962272675416121,0.33401,SL,SL,0.0,-0.0052,4.5,0.009000000000000001,-0.023399999999999997
FLOCK/USDT:USDT,LONG,2025-09-15T09:00:00+00:00,2025-09-15T10:09:00+00:00,0.38145,0.38504,0.421475596788186,0.37764756830512236,EXIT,heat<0.85,0.009411456285227375,0.004211456285227375,4.5,0.009000000000000001,0.018951553283523187
CUDIS/USDT:USDT,SHORT,2025-09-15T09:06:00+00:00,2025-09-15T10:12:00+00:00,0.13512,0.12837,0.12414422550986473,0.13512,EXIT,heat<0.85,0.049955595026642825,0.04475559502664282,4.5,0.009000000000000001,0.2014001776198927
HIFI/USDT:USDT,SHORT,2025-09-15T09:42:00+00:00,2025-09-15T10:21:00+00:00,0.33565,0.2800867526518901,0.2800867526518901,0.33565,TP,TP,0.16553924429646927,0.16033924429646926,4.5,0.009000000000000001,0.7215265993341117
BSW/USDT:USDT,SHORT,2025-09-15T10:09:00+00:00,2025-09-15T10:54:00+00:00,0.01331,0.013497348064423136,0.011337915111335414,0.013497348064423136,SL,SL,-0.014075737372136408,-0.019275737372136406,4.5,0.009000000000000001,-0.08674081817461382
HIFI/USDT:USDT,SHORT,2025-09-15T10:21:00+00:00,2025-09-15T11:48:00+00:00,0.27504,0.21869509807350776,0.21869509807350776,0.27504,TP,TP,0.20486075453203986,0.19966075453203985,4.5,0.009000000000000001,0.8984733953941794
HIFI/USDT:USDT,SHORT,2025-09-15T11:48:00+00:00,2025-09-15T11:54:00+00:00,0.21275,0.21822869757707902,0.15507949918864186,0.21822869757707902,SL,SL,-0.025751809998021284,-0.030951809998021287,4.5,0.009000000000000001,-0.1392831449910958
HIFI/USDT:USDT,SHORT,2025-09-15T11:54:00+00:00,2025-09-15T12:09:00+00:00,0.2386,0.2446603382169712,0.1748069661371453,0.2446603382169712,SL,SL,-0.025399573415637842,-0.03059957341563784,4.5,0.009000000000000001,-0.1376980803703703
BSW/USDT:USDT,SHORT,2025-09-15T10:54:00+00:00,2025-09-15T12:12:00+00:00,0.01362,0.013757475804431846,0.012172886269138474,0.013757475804431846,SL,SL,-0.010093671397345487,-0.015293671397345486,4.5,0.009000000000000001,-0.06882152128805469
BSW/USDT:USDT,SHORT,2025-09-15T12:12:00+00:00,2025-09-15T12:21:00+00:00,0.01429,0.014409965370458454,0.01302720662675313,0.014409965370458454,SL,SL,-0.008395057414867284,-0.013595057414867284,4.5,0.009000000000000001,-0.06117775836690278
BSW/USDT:USDT,SHORT,2025-09-15T12:21:00+00:00,2025-09-15T12:24:00+00:00,0.01452,0.014645793192017937,0.013195861136653289,0.014645793192017937,SL,SL,-0.008663442976441945,-0.013863442976441945,4.5,0.009000000000000001,-0.06238549339398875
BSW/USDT:USDT,SHORT,2025-09-15T12:24:00+00:00,2025-09-15T12:42:00+00:00,0.01533,0.01547639367830237,0.013789013912606625,0.01547639367830237,SL,SL,-0.009549489778367302,-0.014749489778367302,4.5,0.009000000000000001,-0.06637270400265285
HIFI/USDT:USDT,SHORT,2025-09-15T12:09:00+00:00,2025-09-15T12:51:00+00:00,0.24693,0.24693,0.1945052356866913,0.24693,SL,SL,0.0,-0.0052,4.5,0.009000000000000001,-0.023399999999999997
BSW/USDT:USDT,SHORT,2025-09-15T12:42:00+00:00,2025-09-15T12:51:00+00:00,0.01559,0.015751153179368954,0.013893650743484708,0.015751153179368954,SL,SL,-0.010336958266129211,-0.01553695826612921,4.5,0.009000000000000001,-0.06991631219758145
BSW/USDT:USDT,SHORT,2025-09-15T12:51:00+00:00,2025-09-15T12:54:00+00:00,0.01576,0.015915348518612822,0.014124752435654484,0.015915348518612822,SL,SL,-0.009857139505889748,-0.015057139505889747,4.5,0.009000000000000001,-0.06775712777650386
BSW/USDT:USDT,SHORT,2025-09-15T12:54:00+00:00,2025-09-15T13:06:00+00:00,0.01618,0.016341080767283335,0.014484412975964879,0.016341080767283335,SL,SL,-0.009955548039761127,-0.015155548039761126,4.5,0.009000000000000001,-0.06819996617892507
BSW/USDT:USDT,SHORT,2025-09-15T13:06:00+00:00,2025-09-15T13:33:00+00:00,0.01635,0.016533142029216456,0.014422189166142567,0.016533142029216456,SL,SL,-0.011201347352688462,-0.016401347352688462,4.5,0.009000000000000001,-0.07380606308709808
BSW/USDT:USDT,SHORT,2025-09-15T13:33:00+00:00,2025-09-15T14:27:00+00:00,0.01677,0.014978149054435456,0.014978149054435456,0.01677,TP,TP,0.10684859544213145,0.10164859544213145,4.5,0.009000000000000001,0.45741867948959153
PROM/USDT:USDT,LONG,2025-09-15T14:30:00+00:00,2025-09-15T14:36:00+00:00,10.02,9.930876443227552,10.958142702867866,9.930876443227552,SL,SL,-0.008894566544156442,-0.014094566544156441,4.5,0.009000000000000001,-0.06342554944870399
BSW/USDT:USDT,SHORT,2025-09-15T14:27:00+00:00,2025-09-15T14:39:00+00:00,0.01435,0.01456113286784037,0.012127548759575049,0.01456113286784037,SL,SL,-0.014713091835565857,-0.01991309183556586,4.5,0.009000000000000001,-0.08960891326004637
PROM/USDT:USDT,LONG,2025-09-15T14:36:00+00:00,2025-09-15T14:39:00+00:00,9.864,9.777042953599269,10.779337330534029,9.777042953599269,SL,SL,-0.008815596755954187,-0.014015596755954186,4.5,0.009000000000000001,-0.06307018540179384
ZORA/USDT:USDT,LONG,2025-09-15T14:39:00+00:00,2025-09-15T14:42:00+00:00,0.08874,0.08790047689550187,0.0975770853105066,0.08790047689550187,SL,SL,-0.009460481231666974,-0.014660481231666973,4.5,0.009000000000000001,-0.06597216554250138
ZORA/USDT:USDT,LONG,2025-09-15T14:42:00+00:00,2025-09-15T14:45:00+00:00,0.08372,0.08276428568868031,0.09378015064547042,0.08276428568868031,SL,SL,-0.011415603336355573,-0.016615603336355575,4.5,0.009000000000000001,-0.0747702150136001
ZORA/USDT:USDT,LONG,2025-09-15T14:45:00+00:00,2025-09-15T14:48:00+00:00,0.0814,0.08037303671091743,0.09221013988507967,0.08037303671091743,SL,SL,-0.012616256622635985,-0.017816256622635987,4.5,0.009000000000000001,-0.08017315480186193
ZORA/USDT:USDT,LONG,2025-09-15T14:48:00+00:00,2025-09-15T14:51:00+00:00,0.07333,0.0721209769458519,0.08605655846471685,0.0721209769458519,SL,SL,-0.016487427439630522,-0.02168742743963052,4.5,0.009000000000000001,-0.09759342347833735
HIFI/USDT:USDT,SHORT,2025-09-15T12:51:00+00:00,2025-09-15T15:00:00+00:00,0.25391,0.19286602449367377,0.19286602449367377,0.25391,TP,TP,0.2404157989300392,0.2352157989300392,4.5,0.009000000000000001,1.0584710951851763
BSW/USDT:USDT,SHORT,2025-09-15T14:39:00+00:00,2025-09-15T15:15:00+00:00,0.01465,0.01465,0.012442456531711344,0.01465,SL,SL,0.0,-0.0052,4.5,0.009000000000000001,-0.023399999999999997
AERO/USDT:USDT,LONG,2025-09-15T15:00:00+00:00,2025-09-15T15:27:00+00:00,1.2659,1.2866,1.3708868999942279,1.2559262445005483,EXIT,heat<0.85,0.016352002527845754,0.011152002527845754,4.5,0.009000000000000001,0.0501840113753059
PROM/USDT:USDT,SHORT,2025-09-15T15:27:00+00:00,2025-09-15T15:30:00+00:00,8.88,8.969489572786108,7.938004496988342,8.969489572786108,SL,SL,-0.010077654593030057,-0.015277654593030057,4.5,0.009000000000000001,-0.06874944566863525
DEGEN/USDT:USDT,LONG,2025-09-15T15:15:00+00:00,2025-09-15T15:57:00+00:00,0.003663,0.00384,0.0039952929346723405,0.003663,TP_PARTIAL,TP50,0.04832104832104834,0.043121048321048336,2.25,0.0045000000000000005,0.09702235872235876
ZORA/USDT:USDT,LONG,2025-09-15T14:51:00+00:00,2025-09-15T16:00:00+00:00,0.06951,0.0782,0.08271037571723708,0.06951,TP_PARTIAL,TP50,0.12501798302402536,0.11981798302402537,2.2500000000000004,0.004500000000000001,0.26959046180405716
PROM/USDT:USDT,SHORT,2025-09-15T15:30:00+00:00,2025-09-15T16:06:00+00:00,9.071,8.932,8.132861318632031,9.160123174729957,EXIT,heat<0.85,0.015323558593319297,0.010123558593319298,4.5,0.009000000000000001,0.04555601366993684
F/USDT:USDT,SHORT,2025-09-15T15:57:00+00:00,2025-09-15T16:09:00+00:00,0.016749,0.016899904350400275,0.015160533153681315,0.016899904350400275,SL,SL,-0.009009752844962391,-0.01420975284496239,4.5,0.009000000000000001,-0.06394388780233076
BULLA/USDT,SHORT,2025-09-15T16:06:00+00:00,2025-09-15T16:15:00+00:00,0.0652,0.06571076346364839,0.05982354248791168,0.06571076346364839,SL,SL,-0.007833795454729984,-0.013033795454729984,4.5,0.009000000000000001,-0.05865207954628493
F/USDT:USDT,SHORT,2025-09-15T16:09:00+00:00,2025-09-15T16:15:00+00:00,0.016978,0.01711435047510887,0.015542731840959289,0.01711435047510887,SL,SL,-0.008031009253673534,-0.013231009253673534,4.5,0.009000000000000001,-0.0595395416415309
DEGEN/USDT:USDT,LONG,2025-09-15T15:15:00+00:00,2025-09-15T16:48:00+00:00,0.003663,0.003743,0.0039952929346723405,0.003663,EXIT,heat<0.85,0.02184002184002178,0.01664002184002178,2.25,0.0045000000000000005,0.037440049140049
BULLA/USDT,SHORT,2025-09-15T16:48:00+00:00,2025-09-15T16:51:00+00:00,0.0652,0.06570136643454716,0.059922458583714026,0.06570136643454716,SL,SL,-0.00768966924152094,-0.01288966924152094,4.5,0.009000000000000001,-0.05800351158684423
F/USDT:USDT,SHORT,2025-09-15T16:15:00+00:00,2025-09-15T17:15:00+00:00,0.017277,0.016441,0.015876855515929184,0.017277,EXIT,heat<0.85,0.04838803032933958,0.04318803032933958,4.5,0.009000000000000001,0.19434613648202811
ZORA/USDT:USDT,LONG,2025-09-15T14:51:00+00:00,2025-09-15T17:18:00+00:00,0.06951,0.07533,0.08271037571723708,0.06951,EXIT,heat<0.85,0.08372895986189026,0.07852895986189026,2.2500000000000004,0.004500000000000001,0.17669015968925314
HIFI/USDT:USDT,SHORT,2025-09-15T16:51:00+00:00,2025-09-15T17:24:00+00:00,0.16079,0.16352860774922123,0.1319625500081973,0.16352860774922123,SL,SL,-0.017032201935575874,-0.022232201935575874,4.5,0.009000000000000001,-0.10004490871009143
BSW/USDT:USDT,SHORT,2025-09-15T16:15:00+00:00,2025-09-15T17:27:00+00:00,0.01365,0.013794738197835624,0.01212644002278292,0.013794738197835624,SL,SL,-0.010603530976968721,-0.01580353097696872,4.5,0.009000000000000001,-0.07111588939635924
HIFI/USDT:USDT,SHORT,2025-09-15T17:24:00+00:00,2025-09-15T17:30:00+00:00,0.16401,0.16644601610112614,0.13836772525130364,0.16644601610112614,SL,SL,-0.014852851052534288,-0.020052851052534286,4.5,0.009000000000000001,-0.09023782973640429
BULLA/USDT,SHORT,2025-09-15T17:39:00+00:00,2025-09-15T17:48:00+00:00,0.0655,0.06603837025484133,0.05983294468588078,0.06603837025484133,SL,SL,-0.00821939320368435,-0.01341939320368435,4.5,0.009000000000000001,-0.06038726941657958
PUMPBTC/USDT:USDT,SHORT,2025-09-15T18:12:00+00:00,2025-09-15T18:27:00+00:00,0.09326,0.09261,0.08566778740161664,0.09398126019684641,EXIT,heat<0.85,0.006969761955822409,0.0017697619558224085,4.5,0.009000000000000001,0.007963928801200839
HIFI/USDT:USDT,SHORT,2025-09-15T17:30:00+00:00,2025-09-15T18:48:00+00:00,0.16694,0.1693478934749506,0.14159375289525672,0.1693478934749506,SL,SL,-0.014423705971909673,-0.019623705971909676,4.5,0.009000000000000001,-0.08830667687359355
HIFI/USDT:USDT,SHORT,2025-09-16T00:48:00+00:00,2025-09-16T01:00:00+00:00,0.15388,0.15553287552511683,0.1364813102619279,0.15553287552511683,SL,SL,-0.01074132782113879,-0.01594132782113879,4.5,0.009000000000000001,-0.07173597519512456
HIFI/USDT:USDT,SHORT,2025-09-16T01:00:00+00:00,2025-09-16T01:15:00+00:00,0.15646,0.1580922856120591,0.13927804618885156,0.1580922856120591,SL,SL,-0.010432606494050294,-0.015632606494050294,4.5,0.009000000000000001,-0.07034672922322632
MERL/USDT:USDT,LONG,2025-09-16T02:15:00+00:00,2025-09-16T02:24:00+00:00,0.19334,0.19163279859781782,0.211310541075602,0.19163279859781782,SL,SL,-0.00883004759585288,-0.01403004759585288,4.5,0.009000000000000001,-0.06313521418133795
MERL/USDT:USDT,LONG,2025-09-16T02:24:00+00:00,2025-09-16T03:12:00+00:00,0.19136,0.20155,0.21147196747197433,0.19136,TP_PARTIAL,TP50,0.05325041806020069,0.04805041806020069,2.25,0.0045000000000000005,0.10811344063545156
AWE/USDT:USDT,LONG,2025-09-16T03:09:00+00:00,2025-09-16T03:15:00+00:00,0.078525,0.077921905822859,0.08487335975937887,0.077921905822859,SL,SL,-0.007680282421407129,-0.01288028242140713,4.5,0.009000000000000001,-0.05796127089633208
AWE/USDT:USDT,LONG,2025-09-16T03:15:00+00:00,2025-09-16T03:33:00+00:00,0.077269,0.07664905093909782,0.08379477958844404,0.07664905093909782,SL,SL,-0.008023257204081594,-0.013223257204081594,4.5,0.009000000000000001,-0.05950465741836718
MERL/USDT:USDT,LONG,2025-09-16T02:24:00+00:00,2025-09-16T03:48:00+00:00,0.19136,0.20024,0.21147196747197433,0.19136,EXIT,heat<0.85,0.04640468227424749,0.041204682274247485,2.25,0.0045000000000000005,0.09271053511705685
HIFI/USDT:USDT,SHORT,2025-09-16T03:36:00+00:00,2025-09-16T03:48:00+00:00,0.15947,0.15726,0.14591074619949673,0.1607581291110478,EXIT,heat<0.85,0.013858405969774815,0.008658405969774815,4.5,0.009000000000000001,0.038962826863986666
MERL/USDT:USDT,LONG,2025-09-16T04:09:00+00:00,2025-09-16T04:18:00+00:00,0.21008,0.20846954883366625,0.22703211754035513,0.20846954883366625,SL,SL,-0.007665894736927539,-0.012865894736927539,4.5,0.009000000000000001,-0.057896526316173924
MERL/USDT:USDT,LONG,2025-09-16T04:18:00+00:00,2025-09-16T05:03:00+00:00,0.20277,0.21149,0.22208702705399425,0.20093488242987056,EXIT,heat<0.85,0.043004389209449156,0.03780438920944915,4.5,0.009000000000000001,0.1701197514425212
RFC/USDT,LONG,2025-09-16T05:30:00+00:00,2025-09-16T05:33:00+00:00,0.00797,0.007907210665716277,0.008630940360881294,0.007907210665716277,SL,SL,-0.007878210073240003,-0.013078210073240002,4.5,0.009000000000000001,-0.05885194532958001
RFC/USDT,LONG,2025-09-16T05:33:00+00:00,2025-09-16T05:39:00+00:00,0.00787,0.00844,0.008526587477961202,0.00787,TP_PARTIAL,TP50,0.07242693773824642,0.06722693773824642,2.25,0.0045000000000000005,0.15126060991105444
RFC/USDT,LONG,2025-09-16T05:33:00+00:00,2025-09-16T06:54:00+00:00,0.00787,0.00801,0.008526587477961202,0.00787,EXIT,heat<0.85,0.017789072426937676,0.012589072426937676,2.25,0.0045000000000000005,0.02832541296060977
MERL/USDT:USDT,LONG,2025-09-16T07:51:00+00:00,2025-09-16T08:42:00+00:00,0.22224,0.22518,0.24218207091277516,0.22034550326328636,EXIT,heat<0.85,0.01322894168466522,0.00802894168466522,4.5,0.009000000000000001,0.03613023758099349
ESPORTS/USDT:USDT,LONG,2025-09-16T08:27:00+00:00,2025-09-16T08:51:00+00:00,0.15969,0.16257,0.17397347649341804,0.15833306973312528,EXIT,heat<0.85,0.018034942701484084,0.012834942701484085,4.5,0.009000000000000001,0.05775724215667838
MERL/USDT:USDT,LONG,2025-09-16T09:24:00+00:00,2025-09-16T09:30:00+00:00,0.22061,0.21886426450205382,0.23898616313627574,0.21886426450205382,SL,SL,-0.0079132201529676,-0.0131132201529676,4.5,0.009000000000000001,-0.059009490688354205
MERL/USDT:USDT,LONG,2025-09-16T09:30:00+00:00,2025-09-16T09:54:00+00:00,0.20531,0.20301056786146476,0.22951454882668673,0.20301056786146476,SL,SL,-0.01119980584742696,-0.01639980584742696,4.5,0.009000000000000001,-0.07379912631342131
HIFI/USDT:USDT,SHORT,2025-09-16T10:00:00+00:00,2025-09-16T10:03:00+00:00,0.13755,0.13881923056755507,0.12418967823626248,0.13881923056755507,SL,SL,-0.009227412341367274,-0.014427412341367274,4.5,0.009000000000000001,-0.06492335553615274
MERL/USDT:USDT,LONG,2025-09-16T09:54:00+00:00,2025-09-16T10:09:00+00:00,0.19757,0.1954086121744641,0.22032145079511478,0.1954086121744641,SL,SL,-0.010939858407328563,-0.016139858407328563,4.5,0.009000000000000001,-0.07262936283297854
F/USDT:USDT,LONG,2025-09-16T10:03:00+00:00,2025-09-16T10:09:00+00:00,0.015939,0.015814029558343122,0.017254478333230287,0.015814029558343122,SL,SL,-0.007840544680147832,-0.013040544680147832,4.5,0.009000000000000001,-0.05868245106066524
OG/USDT:USDT,LONG,2025-09-16T10:09:00+00:00,2025-09-16T10:12:00+00:00,16.6979,16.56553091052565,18.09125883657212,16.56553091052565,SL,SL,-0.007927289627698819,-0.013127289627698819,4.5,0.009000000000000001,-0.059072803324644686
F/USDT:USDT,LONG,2025-09-16T10:09:00+00:00,2025-09-16T10:12:00+00:00,0.015694,0.01556733793551014,0.01702728488936693,0.01556733793551014,SL,SL,-0.008070731775828932,-0.013270731775828932,4.5,0.009000000000000001,-0.059718292991230194
OG/USDT:USDT,LONG,2025-09-16T10:12:00+00:00,2025-09-16T10:15:00+00:00,16.136,15.992169559773815,17.650004633959824,15.992169559773815,SL,SL,-0.008913636603010899,-0.014113636603010899,4.5,0.009000000000000001,-0.06351136471354904
HIFI/USDT:USDT,SHORT,2025-09-16T10:03:00+00:00,2025-09-16T10:27:00+00:00,0.13909,0.1252725583622437,0.1252725583622437,0.13909,TP,TP,0.09934173296251549,0.09414173296251549,4.5,0.009000000000000001,0.4236377983313197
MERL/USDT:USDT,LONG,2025-09-16T10:27:00+00:00,2025-09-16T10:36:00+00:00,0.19556,0.19354049667730797,0.21681792971254776,0.19354049667730797,SL,SL,-0.010326770928063231,-0.015526770928063231,4.5,0.009000000000000001,-0.06987046917628453
F/USDT:USDT,LONG,2025-09-16T10:12:00+00:00,2025-09-16T10:45:00+00:00,0.01499,0.015803,0.016442907397269294,0.01499,TP_PARTIAL,TP50,0.05423615743829228,0.049036157438292274,2.25,0.0045000000000000005,0.11033135423615761
OG/USDT:USDT,LONG,2025-09-16T10:15:00+00:00,2025-09-16T10:51:00+00:00,15.9447,16.2069,17.469532874391263,15.799840876932828,EXIT,heat<0.85,0.016444335735385538,0.011244335735385538,4.5,0.009000000000000001,0.05059951080923492
MERL/USDT:USDT,LONG,2025-09-16T10:45:00+00:00,2025-09-16T10:51:00+00:00,0.19329,0.19167699451760375,0.21026900507785512,0.19167699451760375,SL,SL,-0.008345002237033654,-0.013545002237033654,4.5,0.009000000000000001,-0.06095251006665144
HIFI/USDT:USDT,SHORT,2025-09-16T10:51:00+00:00,2025-09-16T11:03:00+00:00,0.11921,0.12064444463206699,0.10411058282034752,0.12064444463206699,SL,SL,-0.012032922003749594,-0.017232922003749596,4.5,0.009000000000000001,-0.07754814901687318
F/USDT:USDT,LONG,2025-09-16T10:12:00+00:00,2025-09-16T11:06:00+00:00,0.01499,0.016442907397269294,0.016442907397269294,0.01499,TP,TP,0.09692510989121372,0.09172510989121373,2.25,0.0045000000000000005,0.2063814972552309
HIFI/USDT:USDT,SHORT,2025-09-16T11:03:00+00:00,2025-09-16T11:15:00+00:00,0.12122,0.12266369626032031,0.10602319725978616,0.12266369626032031,SL,SL,-0.011909720015841571,-0.017109720015841573,4.5,0.009000000000000001,-0.07699374007128708
BANK/USDT:USDT,LONG,2025-09-16T11:15:00+00:00,2025-09-16T11:18:00+00:00,0.092642,0.09174554857120953,0.10207833082937329,0.09174554857120953,SL,SL,-0.009676512044110316,-0.014876512044110316,4.5,0.009000000000000001,-0.06694430419849642
BAKE/USDT:USDT,SHORT,2025-09-16T10:36:00+00:00,2025-09-16T11:21:00+00:00,0.0527,0.05320037625328445,0.04743288154437415,0.05320037625328445,SL,SL,-0.009494805565169882,-0.014694805565169881,4.5,0.009000000000000001,-0.06612662504326447
F/USDT:USDT,LONG,2025-09-16T11:06:00+00:00,2025-09-16T11:30:00+00:00,0.016507,0.017299,0.01788258785729317,0.016507,TP_PARTIAL,TP50,0.047979644999091145,0.04277964499909114,2.25,0.0045000000000000005,0.09625420124795507
BANK/USDT:USDT,LONG,2025-09-16T11:18:00+00:00,2025-09-16T11:33:00+00:00,0.091525,0.09063777938755171,0.1008641643415609,0.09063777938755171,SL,SL,-0.00969375157004404,-0.01489375157004404,4.5,0.009000000000000001,-0.06702188206519819
HIFI/USDT:USDT,SHORT,2025-09-16T11:30:00+00:00,2025-09-16T11:39:00+00:00,0.12753,0.12880789229979,0.11407850210747375,0.12880789229979,SL,SL,-0.010020326980239951,-0.015220326980239951,4.5,0.009000000000000001,-0.06849147141107978
MERL/USDT:USDT,SHORT,2025-09-16T12:06:00+00:00,2025-09-16T12:15:00+00:00,0.17873,0.1800991664442458,0.16431772163951763,0.1800991664442458,SL,SL,-0.007660529537547204,-0.012860529537547204,4.5,0.009000000000000001,-0.05787238291896242
BAKE/USDT:USDT,SHORT,2025-09-16T11:21:00+00:00,2025-09-16T12:21:00+00:00,0.0533,0.0525,0.048558667792231516,0.053750426559738,EXIT,heat<0.85,0.01500938086303944,0.00980938086303944,4.5,0.009000000000000001,0.04414221388367748
RARE/USDT:USDT,LONG,2025-09-16T13:15:00+00:00,2025-09-16T13:18:00+00:00,0.06674,0.06620859070084216,0.07233378209639832,0.06620859070084216,SL,SL,-0.007962380868412257,-0.013162380868412257,4.5,0.009000000000000001,-0.059230713907855156
BAKE/USDT:USDT,SHORT,2025-09-16T12:45:00+00:00,2025-09-16T13:21:00+00:00,0.0548,0.0533,0.05040178401708968,0.05521783051837648,EXIT,heat<0.85,0.02737226277372265,0.022172262773722647,4.5,0.009000000000000001,0.0997751824817519
RARE/USDT:USDT,LONG,2025-09-16T13:18:00+00:00,2025-09-16T13:21:00+00:00,0.06566,0.06509814850792486,0.07157422623236986,0.06509814850792486,SL,SL,-0.008556982821735193,-0.013756982821735193,4.5,0.009000000000000001,-0.06190642269780837
RARE/USDT:USDT,LONG,2025-09-16T13:21:00+00:00,2025-09-16T13:33:00+00:00,0.06497,0.0682,0.07107321007291488,0.06497,TP_PARTIAL,TP50,0.04971525319378169,0.04451525319378169,2.2500000000000004,0.004500000000000001,0.10015931968600882
HIFI/USDT:USDT,SHORT,2025-09-16T11:39:00+00:00,2025-09-16T13:39:00+00:00,0.1304,0.12679,0.11561850551389206,0.1304,EXIT,heat<0.85,0.027684049079754407,0.022484049079754403,4.5,0.009000000000000001,0.10117822085889482
RARE/USDT:USDT,LONG,2025-09-16T13:21:00+00:00,2025-09-16T13:48:00+00:00,0.06497,0.06497,0.07107321007291488,0.06497,SL,SL,0.0,-0.0052,2.2500000000000004,0.004500000000000001,-0.011700000000000002
F/USDT:USDT,LONG,2025-09-16T11:06:00+00:00,2025-09-16T13:51:00+00:00,0.016507,0.01788258785729317,0.01788258785729317,0.016507,TP,TP,0.08333360739644805,0.07813360739644805,2.25,0.0045000000000000005,0.1758006166420081
RARE/USDT:USDT,LONG,2025-09-16T13:48:00+00:00,2025-09-16T13:51:00+00:00,0.06489,0.06405702158574637,0.07365819383424872,0.06405702158574637,SL,SL,-0.012836776302259661,-0.01803677630225966,4.5,0.009000000000000001,-0.08116549336016847
F/USDT:USDT,LONG,2025-09-16T14:00:00+00:00,2025-09-16T14:03:00+00:00,0.018078,0.01793372030058726,0.019596733678028846,0.01793372030058726,SL,SL,-0.007980954719147039,-0.013180954719147039,4.5,0.009000000000000001,-0.059314296236161676
F/USDT:USDT,LONG,2025-09-16T14:03:00+00:00,2025-09-16T14:15:00+00:00,0.017464,0.01731336027911674,0.01904968127245536,0.01731336027911674,SL,SL,-0.00862572840605018,-0.01382572840605018,4.5,0.009000000000000001,-0.06221577782722581
F/USDT:USDT,LONG,2025-09-16T14:15:00+00:00,2025-09-16T14:42:00+00:00,0.017249,0.018047,0.018834608049317927,0.017249,TP_PARTIAL,TP50,0.04626355151023248,0.04106355151023248,2.25,0.0045000000000000005,0.09239299089802308
F/USDT:USDT,LONG,2025-09-16T14:15:00+00:00,2025-09-16T15:00:00+00:00,0.017249,0.018834608049317927,0.018834608049317927,0.017249,TP,TP,0.09192463617125207,0.08672463617125208,2.25,0.0045000000000000005,0.19513043138531716
F/USDT:USDT,LONG,2025-09-16T15:00:00+00:00,2025-09-16T15:09:00+00:00,0.019485,0.01931774517246087,0.02124557713199085,0.01931774517246087,SL,SL,-0.008583773545759794,-0.013783773545759794,4.5,0.009000000000000001,-0.062026980955919075
PROM/USDT:USDT,LONG,2025-09-16T15:03:00+00:00,2025-09-16T15:15:00+00:00,11.598,11.508074262221854,12.544586713454176,11.508074262221854,SL,SL,-0.0077535555939081775,-0.012953555593908178,4.5,0.009000000000000001,-0.0582910001725868
PROM/USDT:USDT,LONG,2025-09-16T15:15:00+00:00,2025-09-16T15:24:00+00:00,11.491,12.101,12.418745916362054,11.491,TP_PARTIAL,TP50,0.05308502306152652,0.04788502306152652,2.25,0.0045000000000000005,0.10774130188843467
F/USDT:USDT,LONG,2025-09-16T15:09:00+00:00,2025-09-16T15:36:00+00:00,0.01929,0.019114407873140137,0.02113833817747227,0.019114407873140137,SL,SL,-0.009102754114041735,-0.014302754114041735,4.5,0.009000000000000001,-0.06436239351318782
F/USDT:USDT,LONG,2025-09-16T15:36:00+00:00,2025-09-16T15:39:00+00:00,0.019003,0.018820340710359443,0.020925729364637435,0.018820340710359443,SL,SL,-0.009612129118589502,-0.014812129118589501,4.5,0.009000000000000001,-0.06665458103365275
F/USDT:USDT,LONG,2025-09-16T15:39:00+00:00,2025-09-16T15:48:00+00:00,0.018578,0.018393377802476626,0.02052139155287762,0.018393377802476626,SL,SL,-0.009937678841822317,-0.015137678841822317,4.5,0.009000000000000001,-0.06811955478820042
HIFI/USDT:USDT,SHORT,2025-09-16T15:42:00+00:00,2025-09-16T15:54:00+00:00,0.11457,0.1155444164381672,0.104312984861398,0.1155444164381672,SL,SL,-0.008504987677116075,-0.013704987677116075,4.5,0.009000000000000001,-0.06167244454702234
F/USDT:USDT,LONG,2025-09-16T15:48:00+00:00,2025-09-16T15:54:00+00:00,0.017628,0.01742625935570013,0.01975158572947235,0.01742625935570013,SL,SL,-0.011444329719756792,-0.016644329719756792,4.5,0.009000000000000001,-0.07489948373890556
HIFI/USDT:USDT,SHORT,2025-09-16T15:54:00+00:00,2025-09-16T15:57:00+00:00,0.11561,0.11669839387470048,0.10415322237157404,0.11669839387470048,SL,SL,-0.009414357535684386,-0.014614357535684385,4.5,0.009000000000000001,-0.06576460891057974
F/USDT:USDT,LONG,2025-09-16T15:54:00+00:00,2025-09-16T16:12:00+00:00,0.017347,0.01714250281180266,0.019499601981024628,0.01714250281180266,SL,SL,-0.011788619830364964,-0.016988619830364964,4.5,0.009000000000000001,-0.07644878923664233
F/USDT:USDT,LONG,2025-09-16T16:12:00+00:00,2025-09-16T16:15:00+00:00,0.016996,0.01678534096669893,0.019213463508432328,0.01678534096669893,SL,SL,-0.012394624223409752,-0.017594624223409752,4.5,0.009000000000000001,-0.07917580900534388
PROM/USDT:USDT,LONG,2025-09-16T15:15:00+00:00,2025-09-16T16:21:00+00:00,11.491,11.491,12.418745916362054,11.491,SL,SL,0.0,-0.0052,2.25,0.0045000000000000005,-0.011699999999999999
RARE/USDT:USDT,LONG,2025-09-16T13:51:00+00:00,2025-09-16T16:24:00+00:00,0.06269,0.06182722004390734,0.07177189427465952,0.06182722004390734,SL,SL,-0.01376264086924003,-0.01896264086924003,4.5,0.009000000000000001,-0.08533188391158014
PROM/USDT:USDT,LONG,2025-09-16T16:24:00+00:00,2025-09-16T16:51:00+00:00,11.169,11.743,12.235761598757932,11.169,TP_PARTIAL,TP50,0.05139224639627539,0.04619224639627539,2.25,0.0045000000000000005,0.10393255439161962
PROM/USDT:USDT,LONG,2025-09-16T16:24:00+00:00,2025-09-16T17:27:00+00:00,11.169,12.176,12.235761598757932,11.169,EXIT,heat<0.85,0.09016026501924967,0.08496026501924968,2.25,0.0045000000000000005,0.19116059629331178
F/USDT:USDT,LONG,2025-09-16T16:15:00+00:00,2025-09-16T17:30:00+00:00,0.016404,0.016672,0.018668501829258586,0.016188872326220433,EXIT,heat<0.85,0.016337478663740607,0.011137478663740607,4.5,0.009000000000000001,0.05011865398683273
TST/USDT:USDT,LONG,2025-09-16T18:03:00+00:00,2025-09-16T18:09:00+00:00,0.03228,0.032034611835845384,0.03486303330689077,0.032034611835845384,SL,SL,-0.007601863821394659,-0.012801863821394659,4.5,0.009000000000000001,-0.057608387196275965
HIFI/USDT:USDT,SHORT,2025-09-16T15:57:00+00:00,2025-09-16T18:18:00+00:00,0.11898,0.11309,0.10706442077360447,0.11898,EXIT,heat<0.85,0.04950411833921673,0.04430411833921673,4.5,0.009000000000000001,0.19936853252647527
MUBARAK/USDT:USDT,LONG,2025-09-16T18:09:00+00:00,2025-09-16T18:18:00+00:00,0.03687,0.03658963393283561,0.039821221759625124,0.03658963393283561,SL,SL,-0.007604178659191464,-0.012804178659191465,4.5,0.009000000000000001,-0.05761880396636159
TST/USDT:USDT,LONG,2025-09-16T18:09:00+00:00,2025-09-16T18:18:00+00:00,0.03178,0.03151769694009117,0.03454108484114561,0.03151769694009117,SL,SL,-0.008253714912172224,-0.013453714912172223,4.5,0.009000000000000001,-0.060541717104775
MUBARAK/USDT:USDT,LONG,2025-09-16T18:18:00+00:00,2025-09-16T18:21:00+00:00,0.03571,0.03539783241634105,0.038995974564831046,0.03539783241634105,SL,SL,-0.008741741351412759,-0.013941741351412759,4.5,0.009000000000000001,-0.06273783608135741
TST/USDT:USDT,LONG,2025-09-16T18:18:00+00:00,2025-09-16T18:21:00+00:00,0.0314,0.031116551595255205,0.034383667418366216,0.031116551595255205,SL,SL,-0.009027019259388277,-0.014227019259388277,4.5,0.009000000000000001,-0.06402158666724725
TST/USDT:USDT,LONG,2025-09-16T18:21:00+00:00,2025-09-16T18:36:00+00:00,0.03098,0.03306,0.03399626260276863,0.03098,TP_PARTIAL,TP50,0.06714009038089085,0.06194009038089085,2.25,0.0045000000000000005,0.13936520335700442
TST/USDT:USDT,LONG,2025-09-16T18:21:00+00:00,2025-09-16T18:39:00+00:00,0.03098,0.03399626260276863,0.03399626260276863,0.03098,TP,TP,0.09736160757807076,0.09216160757807076,2.25,0.0045000000000000005,0.20736361705065923
TST/USDT:USDT,LONG,2025-09-16T18:39:00+00:00,2025-09-16T18:42:00+00:00,0.03435,0.03401608480746308,0.03786489676354653,0.03401608480746308,SL,SL,-0.009720966303840497,-0.014920966303840497,4.5,0.009000000000000001,-0.06714434836728224
MUBARAK/USDT:USDT,LONG,2025-09-16T18:21:00+00:00,2025-09-16T18:48:00+00:00,0.03515,0.034829187243745265,0.03852697638162883,0.034829187243745265,SL,SL,-0.009126963193591353,-0.014326963193591353,4.5,0.009000000000000001,-0.0644713343711611
TST/USDT:USDT,LONG,2025-09-16T18:42:00+00:00,2025-09-16T19:09:00+00:00,0.03373,0.0365,0.037225261280436066,0.03373,TP_PARTIAL,TP50,0.08212273940112642,0.07692273940112643,2.25,0.0045000000000000005,0.17307616365253448
TST/USDT:USDT,LONG,2025-09-16T18:42:00+00:00,2025-09-16T19:12:00+00:00,0.03373,0.037225261280436066,0.037225261280436066,0.03373,TP,TP,0.10362470443036058,0.09842470443036058,2.25,0.0045000000000000005,0.2214555849683113
TST/USDT:USDT,LONG,2025-09-16T19:12:00+00:00,2025-09-16T19:15:00+00:00,0.0373,0.04037,0.04171307251613314,0.0373,TP_PARTIAL,TP50,0.08230563002680974,0.07710563002680974,2.25,0.0045000000000000005,0.1734876675603219
TST/USDT:USDT,LONG,2025-09-16T19:12:00+00:00,2025-09-16T19:18:00+00:00,0.0373,0.04171307251613314,0.04171307251613314,0.0373,TP,TP,0.11831293608936033,0.11311293608936034,2.25,0.0045000000000000005,0.25450410620106073
MUBARAK/USDT:USDT,LONG,2025-09-16T18:48:00+00:00,2025-09-16T19:27:00+00:00,0.03475,0.03674,0.037590197365950595,0.03475,TP_PARTIAL,TP50,0.05726618705035967,0.05206618705035967,2.25,0.0045000000000000005,0.11714892086330925
TST/USDT:USDT,LONG,2025-09-16T19:18:00+00:00,2025-09-16T19:30:00+00:00,0.04197,0.04749188395523725,0.04749188395523725,0.041445421024252464,TP,TP,0.13156740422295088,0.12636740422295087,4.5,0.009000000000000001,0.5686533190032789
TST/USDT:USDT,LONG,2025-09-16T19:30:00+00:00,2025-09-16T19:33:00+00:00,0.04858,0.047907359029406356,0.055660431269406785,0.047907359029406356,SL,SL,-0.013846047150960114,-0.019046047150960116,4.5,0.009000000000000001,-0.08570721217932052
TST/USDT:USDT,LONG,2025-09-16T19:33:00+00:00,2025-09-16T19:39:00+00:00,0.04514,0.0443606905273059,0.0533432576073063,0.0443606905273059,SL,SL,-0.017264277197476696,-0.0224642771974767,4.5,0.009000000000000001,-0.10108924738864515
STO/USDT:USDT,LONG,2025-09-16T19:33:00+00:00,2025-09-16T19:39:00+00:00,0.09612,0.09538749944959508,0.10383053210952534,0.09538749944959508,SL,SL,-0.007620688206459771,-0.012820688206459771,4.5,0.009000000000000001,-0.057693096929068974
BROCCOLI/USDT:USDT,LONG,2025-09-16T19:36:00+00:00,2025-09-16T19:39:00+00:00,0.0292,0.028972890185528323,0.03159062962601764,0.028972890185528323,SL,SL,-0.007777733372317714,-0.012977733372317715,4.5,0.009000000000000001,-0.058399800175429714
TST/USDT:USDT,LONG,2025-09-16T19:39:00+00:00,2025-09-16T19:42:00+00:00,0.044,0.04321229948527906,0.05229158436548349,0.04321229948527906,SL,SL,-0.01790228442547579,-0.023102284425475794,4.5,0.009000000000000001,-0.10396027991464107
TST/USDT:USDT,LONG,2025-09-16T19:42:00+00:00,2025-09-16T19:45:00+00:00,0.04317,0.042388620950616275,0.051395042625091814,0.042388620950616275,SL,SL,-0.018100047472405026,-0.02330004747240503,4.5,0.009000000000000001,-0.10485021362582263
HIFI/USDT:USDT,SHORT,2025-09-16T19:48:00+00:00,2025-09-16T19:51:00+00:00,0.12216,0.12314466921973594,0.111795060844885,0.12314466921973594,SL,SL,-0.008060488046299372,-0.013260488046299371,4.5,0.009000000000000001,-0.05967219620834717
TST/USDT:USDT,LONG,2025-09-16T19:45:00+00:00,2025-09-16T19:54:00+00:00,0.04124,0.04044033373985797,0.0496575395804424,0.04044033373985797,SL,SL,-0.01939054946998134,-0.024590549469981342,4.5,0.009000000000000001,-0.11065747261491604
BROCCOLI/USDT:USDT,LONG,2025-09-16T19:39:00+00:00,2025-09-16T20:00:00+00:00,0.0288,0.02947,0.031182727509873522,0.028573640886562016,EXIT,heat<0.85,0.023263888888888907,0.018063888888888907,4.5,0.009000000000000001,0.08128750000000008
MUBARAK/USDT:USDT,LONG,2025-09-16T18:48:00+00:00,2025-09-16T20:09:00+00:00,0.03475,0.0356,0.037590197365950595,0.03475,EXIT,heat<0.85,0.024460431654676158,0.019260431654676155,2.25,0.0045000000000000005,0.04333597122302135
TST/USDT:USDT,LONG,2025-09-16T19:54:00+00:00,2025-09-16T20:30:00+00:00,0.04021,0.03942971436824635,0.04842353296582797,0.03942971436824635,SL,SL,-0.019405263162239613,-0.024605263162239613,4.5,0.009000000000000001,-0.11072368423007825
BULLA/USDT,LONG,2025-09-16T20:36:00+00:00,2025-09-16T20:39:00+00:00,0.0726,0.07193631362881045,0.07958617232831099,0.07193631362881045,SL,SL,-0.009141685553575042,-0.014341685553575042,4.5,0.009000000000000001,-0.0645375849910877
BULLA/USDT,LONG,2025-09-16T20:42:00+00:00,2025-09-16T21:00:00+00:00,0.0718,0.07108097450647433,0.07936868940553346,0.07108097450647433,SL,SL,-0.01001428263963338,-0.01521428263963338,4.5,0.009000000000000001,-0.0684642718783502
HIFI/USDT:USDT,SHORT,2025-09-16T19:51:00+00:00,2025-09-16T21:03:00+00:00,0.12452,0.11985,0.1140268422131075,0.12452,EXIT,heat<0.85,0.03750401541920982,0.03230401541920982,4.5,0.009000000000000001,0.14536806938644417
BULLA/USDT,LONG,2025-09-16T21:00:00+00:00,2025-09-16T21:18:00+00:00,0.0706,0.0743,0.07766917278047858,0.0706,TP_PARTIAL,TP50,0.05240793201133157,0.04720793201133157,2.25,0.0045000000000000005,0.10621784702549603
TST/USDT:USDT,LONG,2025-09-16T20:30:00+00:00,2025-09-16T22:36:00+00:00,0.03833,0.04201,0.04493321480190001,0.03833,TP_PARTIAL,TP50,0.09600834855204789,0.09080834855204789,2.25,0.0045000000000000005,0.20431878424210775
F/USDT:USDT,LONG,2025-09-16T23:57:00+00:00,2025-09-17T00:03:00+00:00,0.018971,0.018813943590930277,0.020624225358628654,0.018813943590930277,SL,SL,-0.008278762799521465,-0.013478762799521465,4.5,0.009000000000000001,-0.06065443259784659
F/USDT:USDT,LONG,2025-09-17T00:03:00+00:00,2025-09-17T00:18:00+00:00,0.018801,0.018632588708506207,0.02057375043677675,0.018632588708506207,SL,SL,-0.008957570953342438,-0.014157570953342438,4.5,0.009000000000000001,-0.06370906929004097
F/USDT:USDT,LONG,2025-09-17T00:18:00+00:00,2025-09-17T00:21:00+00:00,0.018611,0.018461999023597672,0.020179431330550793,0.018461999023597672,SL,SL,-0.008006070410097625,-0.013206070410097625,4.5,0.009000000000000001,-0.05942731684543931
TST/USDT:USDT,LONG,2025-09-16T20:30:00+00:00,2025-09-17T00:24:00+00:00,0.03833,0.04493321480190001,0.04493321480190001,0.03833,TP,TP,0.17227275768066808,0.16707275768066807,2.25,0.0045000000000000005,0.37591370478150316
F/USDT:USDT,LONG,2025-09-17T00:21:00+00:00,2025-09-17T00:24:00+00:00,0.018111,0.01795399480762641,0.01976368623551145,0.01795399480762641,SL,SL,-0.00866905153628113,-0.01386905153628113,4.5,0.009000000000000001,-0.06241073191326508
BULLA/USDT,LONG,2025-09-16T21:00:00+00:00,2025-09-17T00:30:00+00:00,0.0706,0.07766917278047858,0.07766917278047858,0.0706,TP,TP,0.10012992606910175,0.09492992606910175,2.25,0.0045000000000000005,0.21359233365547894
TST/USDT:USDT,LONG,2025-09-17T00:24:00+00:00,2025-09-17T00:30:00+00:00,0.04494,0.04714,0.04875296712310518,0.04494,TP_PARTIAL,TP50,0.04895416110369383,0.043754161103693824,2.25,0.0045000000000000005,0.09844686248331111
HIFI/USDT:USDT,SHORT,2025-09-17T00:27:00+00:00,2025-09-17T00:30:00+00:00,0.11467,0.11564315303591634,0.10442628383245955,0.11564315303591634,SL,SL,-0.008486553029705622,-0.013686553029705622,4.5,0.009000000000000001,-0.0615894886336753
BULLA/USDT,LONG,2025-09-17T00:30:00+00:00,2025-09-17T00:33:00+00:00,0.0813,0.08050830978219059,0.08963358124009899,0.08050830978219059,SL,SL,-0.009737887057926286,-0.014937887057926286,4.5,0.009000000000000001,-0.06722049176066829
HIFI/USDT:USDT,SHORT,2025-09-17T00:33:00+00:00,2025-09-17T00:36:00+00:00,0.11578,0.11687078807688704,0.10429802024329421,0.11687078807688704,SL,SL,-0.009421213308749763,-0.014621213308749763,4.5,0.009000000000000001,-0.06579545988937394
BULLA/USDT,LONG,2025-09-17T00:33:00+00:00,2025-09-17T00:39:00+00:00,0.0741,0.07316400194060556,0.08395261115152049,0.07316400194060556,SL,SL,-0.01263155275835953,-0.01783155275835953,4.5,0.009000000000000001,-0.08024198741261787
F/USDT:USDT,LONG,2025-09-17T00:24:00+00:00,2025-09-17T00:45:00+00:00,0.017874,0.018719,0.019494922932974917,0.017874,TP_PARTIAL,TP50,0.04727537204878586,0.04207537204878586,2.25,0.0045000000000000005,0.09466958710976818
HIFI/USDT:USDT,SHORT,2025-09-17T00:39:00+00:00,2025-09-17T00:45:00+00:00,0.11673,0.11775922543364241,0.10589604806692206,0.11775922543364241,SL,SL,-0.008817145837765855,-0.014017145837765855,4.5,0.009000000000000001,-0.06307715626994635
TST/USDT:USDT,LONG,2025-09-17T00:24:00+00:00,2025-09-17T01:03:00+00:00,0.04494,0.04875296712310518,0.04875296712310518,0.04494,TP,TP,0.08484573037617221,0.07964573037617222,2.25,0.0045000000000000005,0.17920289334638748
TST/USDT:USDT,LONG,2025-09-17T01:03:00+00:00,2025-09-17T01:06:00+00:00,0.05132,0.05078362637733985,0.056966038133264674,0.05078362637733985,SL,SL,-0.010451551493767447,-0.015651551493767447,4.5,0.009000000000000001,-0.07043198172195352
HIFI/USDT:USDT,SHORT,2025-09-17T01:06:00+00:00,2025-09-17T01:12:00+00:00,0.11741,0.1183409586110188,0.10761043567348628,0.1183409586110188,SL,SL,-0.007929125381303132,-0.013129125381303132,4.5,0.009000000000000001,-0.05908106421586409
TST/USDT:USDT,LONG,2025-09-17T01:06:00+00:00,2025-09-17T01:18:00+00:00,0.05058,0.05377,0.05632846398088863,0.05058,TP_PARTIAL,TP50,0.06306840648477656,0.057868406484776556,2.25,0.0045000000000000005,0.13020391459074726
PUMPBTC/USDT:USDT,LONG,2025-09-17T01:12:00+00:00,2025-09-17T01:27:00+00:00,0.10892,0.11463,0.11982995741753903,0.10892,TP_PARTIAL,TP50,0.05242379728240904,0.04722379728240904,2.25,0.0045000000000000005,0.10625354388542034
TST/USDT:USDT,LONG,2025-09-17T01:06:00+00:00,2025-09-17T01:33:00+00:00,0.05058,0.05058,0.05632846398088863,0.05058,SL,SL,0.0,-0.0052,2.25,0.0045000000000000005,-0.011699999999999999
BULLA/USDT,LONG,2025-09-17T00:39:00+00:00,2025-09-17T01:48:00+00:00,0.073,0.07214233840797112,0.08202801675819879,0.07214233840797112,SL,SL,-0.011748788931902466,-0.016948788931902464,4.5,0.009000000000000001,-0.07626955019356109
F/USDT:USDT,LONG,2025-09-17T00:24:00+00:00,2025-09-17T01:51:00+00:00,0.017874,0.018704,0.019494922932974917,0.017874,EXIT,heat<0.85,0.04643616426093753,0.04123616426093753,2.25,0.0045000000000000005,0.09278136958710943
BULLA/USDT,LONG,2025-09-17T01:48:00+00:00,2025-09-17T01:57:00+00:00,0.072,0.07127477565266602,0.07963394049825234,0.07127477565266602,SL,SL,-0.010072560379638579,-0.015272560379638579,4.5,0.009000000000000001,-0.06872652170837361
PUMPBTC/USDT:USDT,LONG,2025-09-17T01:12:00+00:00,2025-09-17T02:12:00+00:00,0.10892,0.11982995741753903,0.11982995741753903,0.10892,TP,TP,0.10016486795390221,0.09496486795390222,2.25,0.0045000000000000005,0.21367095289628
TST/USDT:USDT,LONG,2025-09-17T01:33:00+00:00,2025-09-17T02:12:00+00:00,0.05045,0.05464,0.057786129562696915,0.05045,TP_PARTIAL,TP50,0.08305252725470762,0.07785252725470762,2.25,0.0045000000000000005,0.17516818632309214
TST/USDT:USDT,LONG,2025-09-17T01:33:00+00:00,2025-09-17T02:15:00+00:00,0.05045,0.057786129562696915,0.057786129562696915,0.05045,TP,TP,0.14541386645583573,0.14021386645583572,2.25,0.0045000000000000005,0.31548119952563036
TST/USDT:USDT,LONG,2025-09-17T02:15:00+00:00,2025-09-17T02:18:00+00:00,0.05805,0.06221,0.06572540241475855,0.05805,TP_PARTIAL,TP50,0.07166236003445313,0.06646236003445313,2.25,0.0045000000000000005,0.14954031007751956
TST/USDT:USDT,LONG,2025-09-17T02:15:00+00:00,2025-09-17T02:21:00+00:00,0.05805,0.06572540241475855,0.06572540241475855,0.05805,TP,TP,0.13222054116724466,0.12702054116724465,2.25,0.0045000000000000005,0.2857962176263005
TST/USDT:USDT,LONG,2025-09-17T02:21:00+00:00,2025-09-17T02:24:00+00:00,0.07,0.06894329803179108,0.08112317861272549,0.06894329803179108,SL,SL,-0.015095742402984611,-0.02029574240298461,4.5,0.009000000000000001,-0.09133084081343074
TST/USDT:USDT,LONG,2025-09-17T02:24:00+00:00,2025-09-17T02:30:00+00:00,0.06852,0.06740333388666314,0.08027438014038794,0.06740333388666314,SL,SL,-0.016296936855470755,-0.021496936855470758,4.5,0.009000000000000001,-0.09673621584961842
BULLA/USDT,LONG,2025-09-17T01:57:00+00:00,2025-09-17T02:36:00+00:00,0.0712,0.0719,0.07789889477939518,0.07056360499595746,EXIT,heat<0.85,0.00983146067415739,0.00463146067415739,4.5,0.009000000000000001,0.020841573033708254
PUMPBTC/USDT:USDT,LONG,2025-09-17T02:12:00+00:00,2025-09-17T02:39:00+00:00,0.12092,0.12848,0.13531468390216822,0.12092,TP_PARTIAL,TP50,0.06252067482633156,0.057320674826331554,2.25,0.0045000000000000005,0.128971518359246
TOSHI/USDT:USDT,LONG,2025-09-17T02:36:00+00:00,2025-09-17T02:39:00+00:00,0.000818,0.0008096062399532805,0.0009063553689128376,0.0008096062399532805,SL,SL,-0.010261320350512906,-0.015461320350512906,4.5,0.009000000000000001,-0.06957594157730808
MUBARAK/USDT:USDT,LONG,2025-09-17T02:39:00+00:00,2025-09-17T02:45:00+00:00,0.04165,0.04128525962776635,0.04548937233930158,0.04128525962776635,SL,SL,-0.008757271842344512,-0.013957271842344512,4.5,0.009000000000000001,-0.0628077232905503
TOSHI/USDT:USDT,LONG,2025-09-17T02:39:00+00:00,2025-09-17T02:54:00+00:00,0.000781,0.0007719029370994747,0.000876758556847635,0.0007719029370994747,SL,SL,-0.011647967862388342,-0.01684796786238834,4.5,0.009000000000000001,-0.07581585538074753
MUBARAK/USDT:USDT,LONG,2025-09-17T02:45:00+00:00,2025-09-17T02:57:00+00:00,0.04123,0.0437,0.04494986696603045,0.04123,TP_PARTIAL,TP50,0.059907834101382486,0.05470783410138248,2.25,0.0045000000000000005,0.12309262672811058
TST/USDT:USDT,LONG,2025-09-17T02:30:00+00:00,2025-09-17T03:03:00+00:00,0.06724,0.06604157972880648,0.07985495022308961,0.06604157972880648,SL,SL,-0.01782302604392501,-0.02302302604392501,4.5,0.009000000000000001,-0.10360361719766255
TST/USDT:USDT,LONG,2025-09-17T03:03:00+00:00,2025-09-17T03:15:00+00:00,0.06376,0.06254527720201104,0.07654655576830478,0.06254527720201104,SL,SL,-0.019051486794055116,-0.024251486794055116,4.5,0.009000000000000001,-0.10913169057324802
PUMPBTC/USDT:USDT,LONG,2025-09-17T02:12:00+00:00,2025-09-17T03:24:00+00:00,0.12092,0.12092,0.13531468390216822,0.12092,SL,SL,0.0,-0.0052,2.25,0.0045000000000000005,-0.011699999999999999
TOSHI/USDT:USDT,LONG,2025-09-17T02:54:00+00:00,2025-09-17T03:30:00+00:00,0.00077,0.0007599663276917267,0.0008756176032449815,0.0007599663276917267,SL,SL,-0.013030743257497783,-0.01823074325749778,4.5,0.009000000000000001,-0.08203834465874002
PUMPBTC/USDT:USDT,LONG,2025-09-17T03:24:00+00:00,2025-09-17T03:33:00+00:00,0.12049,0.11930454087885504,0.13296851706468368,0.11930454087885504,SL,SL,-0.009838651515851565,-0.015038651515851565,4.5,0.009000000000000001,-0.06767393182133204
MUBARAK/USDT:USDT,LONG,2025-09-17T02:45:00+00:00,2025-09-17T03:39:00+00:00,0.04123,0.04123,0.04494986696603045,0.04123,SL,SL,0.0,-0.0052,2.25,0.0045000000000000005,-0.011699999999999999
TST/USDT:USDT,LONG,2025-09-17T03:15:00+00:00,2025-09-17T03:39:00+00:00,0.06248,0.06136559802078919,0.0742105471495875,0.06136559802078919,SL,SL,-0.017836139231927187,-0.02303613923192719,4.5,0.009000000000000001,-0.10366262654367235
HIFI/USDT:USDT,LONG,2025-09-17T03:30:00+00:00,2025-09-17T03:39:00+00:00,0.1619,0.15966460366066965,0.18543048778242452,0.15966460366066965,SL,SL,-0.01380726583897679,-0.019007265838976793,4.5,0.009000000000000001,-0.08553269627539557
HIFI/USDT:USDT,LONG,2025-09-17T03:39:00+00:00,2025-09-17T03:42:00+00:00,0.15391,0.15156432807670964,0.17860128340305637,0.15156432807670964,SL,SL,-0.015240542676176692,-0.02044054267617669,4.5,0.009000000000000001,-0.0919824420427951
HIFI/USDT:USDT,LONG,2025-09-17T03:42:00+00:00,2025-09-17T03:45:00+00:00,0.14241,0.13970394749980183,0.17089476315998092,0.13970394749980183,SL,SL,-0.019001843270824905,-0.024201843270824905,4.5,0.009000000000000001,-0.10890829471871208
TOSHI/USDT:USDT,LONG,2025-09-17T03:33:00+00:00,2025-09-17T03:48:00+00:00,0.000759,0.0008,0.0008382564264910766,0.000759,TP_PARTIAL,TP50,0.05401844532279317,0.04881844532279317,2.25,0.0045000000000000005,0.10984150197628463
MUBARAK/USDT:USDT,LONG,2025-09-17T03:45:00+00:00,2025-09-17T03:48:00+00:00,0.03956,0.03923112197723359,0.04302187392385689,0.03923112197723359,SL,SL,-0.008313397946572411,-0.01351339794657241,4.5,0.009000000000000001,-0.06081029075957585
MUBARAK/USDT:USDT,LONG,2025-09-17T03:48:00+00:00,2025-09-17T03:54:00+00:00,0.03916,0.03881172755028834,0.04282602578643854,0.03881172755028834,SL,SL,-0.008893576346058744,-0.014093576346058744,4.5,0.009000000000000001,-0.06342109355726434
TST/USDT:USDT,LONG,2025-09-17T03:39:00+00:00,2025-09-17T04:03:00+00:00,0.05465,0.06049,0.06617369321796726,0.05465,TP_PARTIAL,TP50,0.10686184812442827,0.10166184812442827,2.25,0.0045000000000000005,0.2287391582799636
MUBARAK/USDT:USDT,LONG,2025-09-17T03:54:00+00:00,2025-09-17T04:09:00+00:00,0.03881,0.03847746202040168,0.04231039978524548,0.03847746202040168,SL,SL,-0.00856835814476475,-0.01376835814476475,4.5,0.009000000000000001,-0.061957611651441376
BROCCOLI/USDT:USDT,LONG,2025-09-17T04:09:00+00:00,2025-09-17T04:12:00+00:00,0.03174,0.031487373102269484,0.03439923050242647,0.031487373102269484,SL,SL,-0.00795925953782337,-0.01315925953782337,4.5,0.009000000000000001,-0.05921666792020517
HIFI/USDT:USDT,LONG,2025-09-17T03:48:00+00:00,2025-09-17T04:15:00+00:00,0.13859,0.13585341595646175,0.16739614782671824,0.13585341595646175,SL,SL,-0.019745898286588088,-0.024945898286588088,4.500000000000001,0.009000000000000003,-0.11225654228964642
MUBARAK/USDT:USDT,LONG,2025-09-17T04:12:00+00:00,2025-09-17T04:15:00+00:00,0.03819,0.03789940106115875,0.04124893619832895,0.03789940106115875,SL,SL,-0.00760929402569392,-0.01280929402569392,4.5,0.009000000000000001,-0.05764182311562264
HIFI/USDT:USDT,LONG,2025-09-17T04:15:00+00:00,2025-09-17T04:21:00+00:00,0.13294,0.13024139405255666,0.16134637839414026,0.13024139405255666,SL,SL,-0.020299427918183684,-0.025499427918183687,4.5,0.009000000000000001,-0.11474742563182659
HIFI/USDT:USDT,LONG,2025-09-17T04:21:00+00:00,2025-09-17T04:42:00+00:00,0.13021,0.12770231119837794,0.15660672422760052,0.12770231119837794,SL,SL,-0.019258803483772787,-0.024458803483772787,4.5,0.009000000000000001,-0.11006461567697753
HIFI/USDT:USDT,LONG,2025-09-17T04:42:00+00:00,2025-09-17T04:48:00+00:00,0.12718,0.1253285570062419,0.14666887361850628,0.1253285570062419,SL,SL,-0.014557658387781764,-0.019757658387781762,4.5,0.009000000000000001,-0.08890946274501793
BULLA/USDT,LONG,2025-09-17T04:48:00+00:00,2025-09-17T04:51:00+00:00,0.0763,0.07556908879552098,0.08399380215241087,0.07556908879552098,SL,SL,-0.009579439115059393,-0.014779439115059393,4.5,0.009000000000000001,-0.06650747601776727
HIFI/USDT:USDT,LONG,2025-09-17T04:51:00+00:00,2025-09-17T05:03:00+00:00,0.12674,0.12500676462926874,0.14498458284980256,0.12500676462926874,SL,SL,-0.013675519731191818,-0.018875519731191816,4.5,0.009000000000000001,-0.08493983879036317
F/USDT:USDT,LONG,2025-09-17T04:15:00+00:00,2025-09-17T05:06:00+00:00,0.019234,0.019471,0.020799380761375115,0.019085288827669366,EXIT,heat<0.85,0.012321929915774027,0.007121929915774027,4.5,0.009000000000000001,0.03204868462098312
HIFI/USDT:USDT,LONG,2025-09-17T05:03:00+00:00,2025-09-17T05:39:00+00:00,0.12315,0.12156381086986008,0.13984672768568335,0.12156381086986008,SL,SL,-0.012880139099796302,-0.018080139099796305,4.5,0.009000000000000001,-0.08136062594908337
BAKE/USDT:USDT,SHORT,2025-09-17T05:39:00+00:00,2025-09-17T05:42:00+00:00,0.048,0.04844181746743592,0.04334928981646397,0.04844181746743592,SL,SL,-0.009204530571581675,-0.014404530571581675,4.5,0.009000000000000001,-0.06482038757211754
BULLA/USDT,LONG,2025-09-17T05:06:00+00:00,2025-09-17T05:45:00+00:00,0.0756,0.077,0.08237723587130417,0.07495616259222611,EXIT,heat<0.85,0.018518518518518497,0.013318518518518497,4.5,0.009000000000000001,0.059933333333333234
TOSHI/USDT:USDT,LONG,2025-09-17T03:33:00+00:00,2025-09-17T06:06:00+00:00,0.000759,0.0008382564264910766,0.0008382564264910766,0.000759,TP,TP,0.104422169289956,0.099222169289956,2.25,0.0045000000000000005,0.223249880902401
TOSHI/USDT:USDT,LONG,2025-09-17T06:06:00+00:00,2025-09-17T06:09:00+00:00,0.00085,0.000839541298197988,0.0009600915979159152,0.000839541298197988,SL,SL,-0.012304355061190571,-0.017504355061190573,4.5,0.009000000000000001,-0.07876959777535758
TOSHI/USDT:USDT,LONG,2025-09-17T06:09:00+00:00,2025-09-17T06:12:00+00:00,0.000823,0.000933,0.0009357993409219212,0.000823,TP_PARTIAL,TP50,0.13365735115431357,0.12845735115431356,2.25,0.0045000000000000005,0.28902904009720554
BAKE/USDT:USDT,SHORT,2025-09-17T05:57:00+00:00,2025-09-17T06:21:00+00:00,0.0481,0.0476,0.043629914968162264,0.048524658078024585,EXIT,heat<0.85,0.01039501039501026,0.0051950103950102605,4.5,0.009000000000000001,0.023377546777546172
TOSHI/USDT:USDT,LONG,2025-09-17T06:09:00+00:00,2025-09-17T06:21:00+00:00,0.000823,0.0009357993409219212,0.0009357993409219212,0.000823,TP,TP,0.1370587374506941,0.1318587374506941,2.25,0.0045000000000000005,0.2966821592640617
VELVET/USDT:USDT,LONG,2025-09-17T06:24:00+00:00,2025-09-17T06:30:00+00:00,0.18679,0.18534101197638006,0.20204250551178907,0.18534101197638006,SL,SL,-0.007757310474971633,-0.012957310474971633,4.5,0.009000000000000001,-0.05830789713737235
VELVET/USDT:USDT,LONG,2025-09-17T06:30:00+00:00,2025-09-17T06:33:00+00:00,0.17507,0.17330676440820525,0.19363037465047117,0.17330676440820525,SL,SL,-0.010071603311788165,-0.015271603311788165,4.5,0.009000000000000001,-0.06872221490304674
TOSHI/USDT:USDT,LONG,2025-09-17T06:21:00+00:00,2025-09-17T06:39:00+00:00,0.000943,0.001100022437944372,0.001100022437944372,0.0009280828683952847,TP,TP,0.16651371998342723,0.16131371998342722,4.5,0.009000000000000001,0.7259117399254225
HIFI/USDT:USDT,LONG,2025-09-17T05:45:00+00:00,2025-09-17T06:42:00+00:00,0.12246,0.12338,0.1337074251888905,0.1213914946070554,EXIT,heat<0.85,0.00751265719418589,0.0023126571941858905,4.5,0.009000000000000001,0.010406957373836508
TOSHI/USDT:USDT,LONG,2025-09-17T06:39:00+00:00,2025-09-17T06:45:00+00:00,0.0011117,0.0010936819321026123,0.0013013638726040802,0.0010936819321026123,SL,SL,-0.01620767104199663,-0.02140767104199663,4.5,0.009000000000000001,-0.09633451968898485
TOSHI/USDT:USDT,LONG,2025-09-17T06:45:00+00:00,2025-09-17T06:48:00+00:00,0.001027,0.0010073615639048035,0.0012337203799494365,0.0010073615639048035,SL,SL,-0.01912213835949017,-0.024322138359490174,4.5,0.009000000000000001,-0.10944962261770579
VELVET/USDT:USDT,LONG,2025-09-17T06:33:00+00:00,2025-09-17T06:57:00+00:00,0.17048,0.18057,0.19048891931829465,0.17048,TP_PARTIAL,TP50,0.059185828249648145,0.05398582824964814,2.25,0.0045000000000000005,0.12146811356170832
TST/USDT:USDT,LONG,2025-09-17T03:39:00+00:00,2025-09-17T07:00:00+00:00,0.05465,0.05465,0.06617369321796726,0.05465,SL,SL,0.0,-0.0052,2.25,0.0045000000000000005,-0.011699999999999999
THE/USDT:USDT,LONG,2025-09-17T07:06:00+00:00,2025-09-17T07:15:00+00:00,0.4143,0.4111454142467872,0.4475061658232925,0.4111454142467872,SL,SL,-0.007614254774831796,-0.012814254774831797,4.5,0.009000000000000001,-0.05766414648674308
THE/USDT:USDT,LONG,2025-09-17T07:15:00+00:00,2025-09-17T07:21:00+00:00,0.411,0.4361,0.4459635372863607,0.411,TP_PARTIAL,TP50,0.06107055961070563,0.055870559610705625,2.25,0.0045000000000000005,0.12570875912408766
TOSHI/USDT:USDT,LONG,2025-09-17T06:48:00+00:00,2025-09-17T07:33:00+00:00,0.0009708,0.0009501485950544604,0.0011881832099530482,0.0009501485950544604,SL,SL,-0.021272563808755213,-0.026472563808755213,4.5,0.009000000000000001,-0.11912653713939846
THE/USDT:USDT,LONG,2025-09-17T07:15:00+00:00,2025-09-17T07:36:00+00:00,0.411,0.4459635372863607,0.4459635372863607,0.411,TP,TP,0.08506943378676571,0.07986943378676571,2.25,0.0045000000000000005,0.17970622602022285
THE/USDT:USDT,LONG,2025-09-17T07:36:00+00:00,2025-09-17T07:39:00+00:00,0.4574,0.4530105611589349,0.5036046193796322,0.4530105611589349,SL,SL,-0.009596499433898283,-0.014796499433898283,4.5,0.009000000000000001,-0.06658424745254227
THE/USDT:USDT,LONG,2025-09-17T07:39:00+00:00,2025-09-17T07:45:00+00:00,0.4487,0.44427123536186813,0.49531857513822986,0.44427123536186813,SL,SL,-0.00987021314493393,-0.01507021314493393,4.5,0.009000000000000001,-0.06781595915220269
THE/USDT:USDT,LONG,2025-09-17T07:45:00+00:00,2025-09-17T07:48:00+00:00,0.4378,0.43321317742936594,0.4860823428487799,0.43321317742936594,SL,SL,-0.010476981659739803,-0.015676981659739804,4.5,0.009000000000000001,-0.07054641746882911
TST/USDT:USDT,LONG,2025-09-17T07:00:00+00:00,2025-09-17T07:54:00+00:00,0.05363,0.05301754584946445,0.06007688579511101,0.05301754584946445,SL,SL,-0.011419991619159943,-0.016619991619159943,4.5,0.009000000000000001,-0.07478996228621974
THE/USDT:USDT,LONG,2025-09-17T07:48:00+00:00,2025-09-17T08:00:00+00:00,0.4322,0.42762052189869687,0.48040503264529555,0.42762052189869687,SL,SL,-0.010595738318609679,-0.015795738318609677,4.5,0.009000000000000001,-0.07108082243374354
TOSHI/USDT:USDT,LONG,2025-09-17T07:33:00+00:00,2025-09-17T08:03:00+00:00,0.000927,0.0009099343045702321,0.001106638899260714,0.0009099343045702321,SL,SL,-0.01840959593286714,-0.023609595932867142,4.5,0.009000000000000001,-0.10624318169790214
TST/USDT:USDT,LONG,2025-09-17T07:54:00+00:00,2025-09-17T08:03:00+00:00,0.05296,0.05241698455151637,0.058675952089301396,0.05241698455151637,SL,SL,-0.010253312849011197,-0.015453312849011197,4.5,0.009000000000000001,-0.06953990782055039
THE/USDT:USDT,LONG,2025-09-17T08:00:00+00:00,2025-09-17T08:03:00+00:00,0.4261,0.42136520371586533,0.475939960885628,0.42136520371586533,SL,SL,-0.011111936832045637,-0.016311936832045636,4.5,0.009000000000000001,-0.07340371574420536
THE/USDT:USDT,LONG,2025-09-17T08:03:00+00:00,2025-09-17T08:27:00+00:00,0.418,0.4132206891647321,0.4683085351080832,0.4132206891647321,SL,SL,-0.011433757979109789,-0.01663375797910979,4.5,0.009000000000000001,-0.07485191090599405
CUDIS/USDT:USDT,LONG,2025-09-17T08:03:00+00:00,2025-09-17T08:33:00+00:00,0.12067,0.12687,0.1325188683999883,0.12067,TP_PARTIAL,TP50,0.051379796138228316,0.04617979613822831,2.25,0.0045000000000000005,0.1039045413110137
VELVET/USDT:USDT,LONG,2025-09-17T06:33:00+00:00,2025-09-17T08:36:00+00:00,0.17048,0.18529,0.19048891931829465,0.17048,EXIT,heat<0.85,0.08687236039418124,0.08167236039418124,2.25,0.0045000000000000005,0.1837628108869078
TOSHI/USDT:USDT,LONG,2025-09-17T08:03:00+00:00,2025-09-17T08:42:00+00:00,0.0008683,0.0008539356108207582,0.0010195040966235976,0.0008539356108207582,SL,SL,-0.016543117792516163,-0.021743117792516163,4.5,0.009000000000000001,-0.09784403006632274
TOSHI/USDT:USDT,LONG,2025-09-17T08:42:00+00:00,2025-09-17T08:45:00+00:00,0.000849,0.0008398311586088097,0.0009455141199072673,0.0008398311586088097,SL,SL,-0.010799577610353805,-0.015999577610353803,4.5,0.009000000000000001,-0.07199809924659212
ALPHA/USDT:USDT,LONG,2025-09-17T08:45:00+00:00,2025-09-17T08:48:00+00:00,0.02382,0.02579,0.026689650226587026,0.02382,TP_PARTIAL,TP50,0.08270361041141895,0.07750361041141896,2.25,0.0045000000000000005,0.17438312342569265
ALPHA/USDT:USDT,LONG,2025-09-17T08:45:00+00:00,2025-09-17T08:51:00+00:00,0.02382,0.026689650226587026,0.026689650226587026,0.02382,TP,TP,0.12047230170390531,0.11527230170390532,2.25,0.0045000000000000005,0.25936267883378694
ALPHA/USDT:USDT,LONG,2025-09-17T08:51:00+00:00,2025-09-17T08:54:00+00:00,0.02804,0.027657997783735434,0.03206107596067963,0.027657997783735434,SL,SL,-0.013623474189178482,-0.018823474189178485,4.5,0.009000000000000001,-0.08470563385130318
THE/USDT:USDT,LONG,2025-09-17T08:27:00+00:00,2025-09-17T09:00:00+00:00,0.4125,0.40816124213184013,0.45817113545431426,0.40816124213184013,SL,SL,-0.010518200892508723,-0.01571820089250872,4.5,0.009000000000000001,-0.07073190401628925
ALPHA/USDT:USDT,LONG,2025-09-17T08:54:00+00:00,2025-09-17T09:00:00+00:00,0.02619,0.02573838365632576,0.03094385624920251,0.02573838365632576,SL,SL,-0.01724384664659184,-0.02244384664659184,4.5,0.009000000000000001,-0.10099730990966327
ALPHA/USDT:USDT,LONG,2025-09-17T09:00:00+00:00,2025-09-17T09:03:00+00:00,0.02496,0.02928,0.03016715156181237,0.02496,TP_PARTIAL,TP50,0.17307692307692313,0.16787692307692312,2.25,0.0045000000000000005,0.377723076923077
THE/USDT:USDT,LONG,2025-09-17T09:00:00+00:00,2025-09-17T09:03:00+00:00,0.4069,0.4037622115814873,0.43992935177381787,0.4037622115814873,SL,SL,-0.00771144855864512,-0.01291144855864512,4.5,0.009000000000000001,-0.05810151851390304
CUDIS/USDT:USDT,LONG,2025-09-17T08:03:00+00:00,2025-09-17T09:09:00+00:00,0.12067,0.1325188683999883,0.1325188683999883,0.12067,TP,TP,0.09819232949356348,0.09299232949356348,2.25,0.0045000000000000005,0.20923274136051784
TOSHI/USDT:USDT,LONG,2025-09-17T08:45:00+00:00,2025-09-17T09:12:00+00:00,0.000834,0.0008248346472796089,0.0009304773970567481,0.0008248346472796089,SL,SL,-0.010989631559221927,-0.01618963155922193,4.5,0.009000000000000001,-0.07285334201649868
ALPHA/USDT:USDT,LONG,2025-09-17T09:00:00+00:00,2025-09-17T09:12:00+00:00,0.02496,0.02496,0.03016715156181237,0.02496,SL,SL,0.0,-0.0052,2.25,0.0045000000000000005,-0.011699999999999999
CUDIS/USDT:USDT,LONG,2025-09-17T09:09:00+00:00,2025-09-17T09:12:00+00:00,0.1329,0.13163681396824617,0.1461966950710929,0.13163681396824617,SL,SL,-0.009504785791977588,-0.014704785791977587,4.499999999999999,0.008999999999999998,-0.06617153606389913
ALPHA/USDT:USDT,LONG,2025-09-17T09:12:00+00:00,2025-09-17T09:15:00+00:00,0.02437,0.023700926158452006,0.03141288254261045,0.023700926158452006,SL,SL,-0.027454814999917674,-0.032654814999917674,4.5,0.009000000000000001,-0.14694666749962954
THE/USDT:USDT,LONG,2025-09-17T09:03:00+00:00,2025-09-17T09:18:00+00:00,0.4023,0.4204,0.435484398075688,0.4023,TP_PARTIAL,TP50,0.04499130002485709,0.03979130002485708,2.25,0.0045000000000000005,0.08953042505592844
TOSHI/USDT:USDT,LONG,2025-09-17T09:18:00+00:00,2025-09-17T09:27:00+00:00,0.000829,0.000868,0.0009036765343784002,0.000829,TP_PARTIAL,TP50,0.0470446320868516,0.041844632086851595,2.25,0.0045000000000000005,0.09415042219541608
THE/USDT:USDT,LONG,2025-09-17T09:03:00+00:00,2025-09-17T09:42:00+00:00,0.4023,0.4066,0.435484398075688,0.4023,EXIT,heat<0.85,0.010688540889883236,0.005488540889883237,2.25,0.0045000000000000005,0.012349217002237282
TOSHI/USDT:USDT,LONG,2025-09-17T09:18:00+00:00,2025-09-17T10:00:00+00:00,0.000829,0.0009036765343784002,0.0009036765343784002,0.000829,TP,TP,0.09008025859879401,0.08488025859879401,2.25,0.0045000000000000005,0.19098058184728653
CUDIS/USDT:USDT,LONG,2025-09-17T09:12:00+00:00,2025-09-17T10:03:00+00:00,0.13162,0.1303865129705143,0.14460407399458627,0.1303865129705143,SL,SL,-0.009371577491913821,-0.014571577491913821,4.5,0.009000000000000001,-0.06557209871361219
TOSHI/USDT:USDT,LONG,2025-09-17T10:00:00+00:00,2025-09-17T10:12:00+00:00,0.000919,0.000963,0.0010001274388130863,0.000919,TP_PARTIAL,TP50,0.04787812840043524,0.042678128400435236,2.25,0.0045000000000000005,0.09602578890097928
CUDIS/USDT:USDT,LONG,2025-09-17T10:03:00+00:00,2025-09-17T10:15:00+00:00,0.12009,0.11863120130829682,0.13544577570213878,0.11863120130829682,SL,SL,-0.012147545105364128,-0.017347545105364126,4.5,0.009000000000000001,-0.07806395297413857
ALPHA/USDT:USDT,LONG,2025-09-17T09:15:00+00:00,2025-09-17T10:21:00+00:00,0.02308,0.02239330286141972,0.03030839093242399,0.02239330286141972,SL,SL,-0.029752908950618683,-0.034952908950618686,4.5,0.009000000000000001,-0.1572880902777841
CUDIS/USDT:USDT,LONG,2025-09-17T10:15:00+00:00,2025-09-17T10:24:00+00:00,0.11755,0.11618701670570246,0.13189719257155313,0.11618701670570246,SL,SL,-0.011594923813675396,-0.016794923813675394,4.5,0.009000000000000001,-0.07557715716153927
CUDIS/USDT:USDT,LONG,2025-09-17T10:24:00+00:00,2025-09-17T10:30:00+00:00,0.11614,0.11484879828805696,0.12973159696782152,0.11484879828805696,SL,SL,-0.011117631409876339,-0.01631763140987634,4.5,0.009000000000000001,-0.07342934134444354
BULLA/USDT,SHORT,2025-09-17T10:27:00+00:00,2025-09-17T10:33:00+00:00,0.0711,0.07167628996756853,0.065033789815068,0.07167628996756853,SL,SL,-0.008105344128952642,-0.013305344128952642,4.5,0.009000000000000001,-0.05987404858028689
CUDIS/USDT:USDT,LONG,2025-09-17T10:30:00+00:00,2025-09-17T10:36:00+00:00,0.11474,0.11353752301368175,0.12739765248756038,0.11353752301368175,SL,SL,-0.010480015568400239,-0.01568001556840024,4.5,0.009000000000000001,-0.07056007005780107
CUDIS/USDT:USDT,LONG,2025-09-17T10:36:00+00:00,2025-09-17T10:45:00+00:00,0.11286,0.11171393974138887,0.12492379219590667,0.11171393974138887,SL,SL,-0.010154707235611703,-0.015354707235611702,4.5,0.009000000000000001,-0.06909618256025266
ALPHA/USDT:USDT,LONG,2025-09-17T10:21:00+00:00,2025-09-17T11:00:00+00:00,0.02222,0.021743567391688277,0.027235080087491828,0.021743567391688277,SL,SL,-0.02144161153518104,-0.02664161153518104,4.5,0.009000000000000001,-0.11988725190831469
ARPA/USDT:USDT,LONG,2025-09-17T10:33:00+00:00,2025-09-17T11:00:00+00:00,0.02539,0.025181642635686636,0.027583235413824868,0.025181642635686636,SL,SL,-0.008206276656690173,-0.013406276656690173,4.5,0.009000000000000001,-0.060328244955105775
ARPA/USDT:USDT,LONG,2025-09-17T11:00:00+00:00,2025-09-17T11:06:00+00:00,0.02499,0.024744728211917647,0.02757180829560369,0.024744728211917647,SL,SL,-0.009814797442270954,-0.015014797442270954,4.5,0.009000000000000001,-0.06756658849021929
ASP/USDT:USDT,LONG,2025-09-17T11:06:00+00:00,2025-09-17T11:09:00+00:00,0.1865,0.18483022471224206,0.20407658197639944,0.18483022471224206,SL,SL,-0.008953218701114964,-0.014153218701114963,4.5,0.009000000000000001,-0.06368948415501734
CUDIS/USDT:USDT,LONG,2025-09-17T10:45:00+00:00,2025-09-17T11:15:00+00:00,0.11066,0.10959845561655661,0.12183415140466725,0.10959845561655661,SL,SL,-0.009592846407404534,-0.014792846407404534,4.5,0.009000000000000001,-0.0665678088333204
ASP/USDT:USDT,LONG,2025-09-17T11:09:00+00:00,2025-09-17T11:15:00+00:00,0.1772,0.1919,0.1999782546923709,0.1772,TP_PARTIAL,TP50,0.08295711060948076,0.07775711060948076,2.25,0.0045000000000000005,0.17495349887133171
VELVET/USDT:USDT,LONG,2025-09-17T11:15:00+00:00,2025-09-17T11:18:00+00:00,0.19477,0.19306002031684827,0.21276978613843914,0.19306002031684827,SL,SL,-0.008779481866569442,-0.013979481866569441,4.5,0.009000000000000001,-0.06290766839956248
ASP/USDT:USDT,LONG,2025-09-17T11:09:00+00:00,2025-09-17T11:21:00+00:00,0.1772,0.1999782546923709,0.1999782546923709,0.1772,TP,TP,0.12854545537455367,0.12334545537455366,2.25,0.0045000000000000005,0.27752727459274573
VELVET/USDT:USDT,LONG,2025-09-17T11:18:00+00:00,2025-09-17T11:21:00+00:00,0.19168,0.18994966172278768,0.20989408712855062,0.18994966172278768,SL,SL,-0.009027223900314622,-0.014227223900314622,4.5,0.009000000000000001,-0.0640225075514158
ASP/USDT:USDT,LONG,2025-09-17T11:21:00+00:00,2025-09-17T11:39:00+00:00,0.218,0.21456803465833152,0.2541259509649314,0.21456803465833152,SL,SL,-0.015742960282882936,-0.020942960282882936,4.5,0.009000000000000001,-0.09424332127297322
ASP/USDT:USDT,LONG,2025-09-17T11:39:00+00:00,2025-09-17T11:45:00+00:00,0.2124,0.20812377440112464,0.2574129010407932,0.20812377440112464,SL,SL,-0.020132888883593977,-0.02533288888359398,4.5,0.009000000000000001,-0.11399799997617291
ALPHA/USDT:USDT,LONG,2025-09-17T11:00:00+00:00,2025-09-17T12:00:00+00:00,0.02169,0.021399980334553325,0.024742838583649236,0.021399980334553325,SL,SL,-0.013371123349316548,-0.01857112334931655,4.5,0.009000000000000001,-0.08357005507192447
ASP/USDT:USDT,LONG,2025-09-17T11:45:00+00:00,2025-09-17T12:03:00+00:00,0.203,0.1986592850703575,0.24869173610150028,0.1986592850703575,SL,SL,-0.021382832165726725,-0.026582832165726725,4.5,0.009000000000000001,-0.11962274474577025
ALPHA/USDT:USDT,LONG,2025-09-17T12:00:00+00:00,2025-09-17T12:03:00+00:00,0.02112,0.02091353964632711,0.023293266880767226,0.02091353964632711,SL,SL,-0.009775584927693568,-0.014975584927693568,4.5,0.009000000000000001,-0.06739013217462106
ASP/USDT:USDT,LONG,2025-09-17T12:03:00+00:00,2025-09-17T12:12:00+00:00,0.1956,0.1915972764950147,0.2377339316314241,0.1915972764950147,SL,SL,-0.02046382160012929,-0.02566382160012929,4.5,0.009000000000000001,-0.1154871972005818
VELVET/USDT:USDT,LONG,2025-09-17T11:21:00+00:00,2025-09-17T12:21:00+00:00,0.18519,0.18330802874258856,0.20500022376222557,0.18330802874258856,SL,SL,-0.010162380568126982,-0.015362380568126981,4.5,0.009000000000000001,-0.06913071255657141
TOSHI/USDT:USDT,LONG,2025-09-17T10:00:00+00:00,2025-09-17T12:33:00+00:00,0.000919,0.000919,0.0010001274388130863,0.000919,SL,SL,0.0,-0.0052,2.25,0.0045000000000000005,-0.011699999999999999
ASP/USDT:USDT,LONG,2025-09-17T12:12:00+00:00,2025-09-17T12:33:00+00:00,0.188,0.2091,0.2262798279133523,0.188,TP_PARTIAL,TP50,0.11223404255319153,0.10703404255319153,2.25,0.0045000000000000005,0.24082659574468093
ALPHA/USDT:USDT,LONG,2025-09-17T12:03:00+00:00,2025-09-17T12:39:00+00:00,0.02055,0.020337115385875175,0.02279089067499814,0.020337115385875175,SL,SL,-0.010359348619212843,-0.015559348619212843,4.5,0.009000000000000001,-0.07001706878645779
ALPHA/USDT:USDT,LONG,2025-09-17T12:39:00+00:00,2025-09-17T13:00:00+00:00,0.02021,0.02004234747580325,0.02197476341259737,0.02004234747580325,SL,SL,-0.008295523216068744,-0.013495523216068743,4.5,0.009000000000000001,-0.060729854472309344
PUMPBTC/USDT:USDT,LONG,2025-09-17T13:00:00+00:00,2025-09-17T13:06:00+00:00,0.10396,0.10315090840610362,0.11247675361996176,0.10315090840610362,SL,SL,-0.007782720218318338,-0.012982720218318339,4.5,0.009000000000000001,-0.058422240982432525
TOSHI/USDT:USDT,LONG,2025-09-17T12:33:00+00:00,2025-09-17T13:48:00+00:00,0.000911,0.000956,0.0009877715094533104,0.000911,TP_PARTIAL,TP50,0.049396267837541176,0.04419626783754117,2.25,0.0045000000000000005,0.09944160263446764
TOSHI/USDT:USDT,LONG,2025-09-17T12:33:00+00:00,2025-09-17T13:57:00+00:00,0.000911,0.000954,0.0009877715094533104,0.000911,EXIT,heat<0.85,0.04720087815587262,0.04200087815587262,2.25,0.0045000000000000005,0.09450197585071339
BULLA/USDT,SHORT,2025-09-17T12:21:00+00:00,2025-09-17T14:00:00+00:00,0.0706,0.0711735080347417,0.06456307331850833,0.0711735080347417,SL,SL,-0.008123343268296173,-0.013323343268296173,4.5,0.009000000000000001,-0.05995504470733278
ALPHA/USDT:USDT,LONG,2025-09-17T13:42:00+00:00,2025-09-17T14:12:00+00:00,0.01889,0.01903,0.0204198922920732,0.018744660232253046,EXIT,heat<0.85,0.007411328745367801,0.0022113287453678007,4.5,0.009000000000000001,0.009950979354155103
ASP/USDT:USDT,LONG,2025-09-17T12:12:00+00:00,2025-09-17T14:54:00+00:00,0.188,0.188,0.2262798279133523,0.188,SL,SL,0.0,-0.0052,2.25,0.0045000000000000005,-0.011699999999999999
ASP/USDT:USDT,LONG,2025-09-17T14:54:00+00:00,2025-09-17T14:57:00+00:00,0.1867,0.18473754374716067,0.20735743424041403,0.18473754374716067,SL,SL,-0.010511281482803074,-0.015711281482803076,4.5,0.009000000000000001,-0.07070076667261384
ASP/USDT:USDT,LONG,2025-09-17T14:57:00+00:00,2025-09-17T15:03:00+00:00,0.1843,0.18235829062236347,0.20473904608038443,0.18235829062236347,SL,SL,-0.010535590763084749,-0.01573559076308475,4.5,0.009000000000000001,-0.07081015843388137
ASP/USDT:USDT,LONG,2025-09-17T15:03:00+00:00,2025-09-17T15:30:00+00:00,0.1785,0.1921,0.20013978973257637,0.1785,TP_PARTIAL,TP50,0.0761904761904762,0.0709904761904762,2.25,0.0045000000000000005,0.15972857142857144
GOR/USDT:USDT,LONG,2025-09-17T15:45:00+00:00,2025-09-17T15:48:00+00:00,0.00961,0.009530418843117481,0.010447696388237055,0.009530418843117481,SL,SL,-0.008281077719304846,-0.013481077719304846,4.5,0.009000000000000001,-0.060664849736871806
GOR/USDT:USDT,LONG,2025-09-17T15:48:00+00:00,2025-09-17T15:57:00+00:00,0.00949,0.009411488925751946,0.010316432360505836,0.009411488925751946,SL,SL,-0.008273032059858139,-0.013473032059858139,4.5,0.009000000000000001,-0.060628644269361626
GOR/USDT:USDT,LONG,2025-09-17T15:57:00+00:00,2025-09-17T16:00:00+00:00,0.00932,0.009248496854911453,0.010072664685142611,0.009248496854911453,SL,SL,-0.007672011275595238,-0.012872011275595239,4.5,0.009000000000000001,-0.057924050740178576
GOR/USDT:USDT,LONG,2025-09-17T16:12:00+00:00,2025-09-17T16:15:00+00:00,0.00884,0.008770241463658443,0.00957430038254272,0.008770241463658443,SL,SL,-0.007891237142710134,-0.013091237142710134,4.5,0.009000000000000001,-0.0589105671421956
GOR/USDT:USDT,LONG,2025-09-17T16:15:00+00:00,2025-09-17T16:36:00+00:00,0.00843,0.00891,0.009280421783789667,0.00843,TP_PARTIAL,TP50,0.05693950177935937,0.05173950177935937,2.25,0.0045000000000000005,0.11641387900355858
GOR/USDT:USDT,LONG,2025-09-17T16:15:00+00:00,2025-09-17T16:51:00+00:00,0.00843,0.00915,0.009280421783789667,0.00843,EXIT,heat<0.85,0.08540925266903916,0.08020925266903917,2.25,0.0045000000000000005,0.18047081850533814
TANSSI/USDT:USDT,LONG,2025-09-17T17:00:00+00:00,2025-09-17T17:03:00+00:00,0.0504,0.05000808817972229,0.054525387581870643,0.05000808817972229,SL,SL,-0.007776028180113266,-0.012976028180113267,4.5,0.009000000000000001,-0.058392126810509704
ASP/USDT:USDT,LONG,2025-09-17T15:03:00+00:00,2025-09-17T17:12:00+00:00,0.1785,0.1853,0.20013978973257637,0.1785,EXIT,heat<0.85,0.0380952380952381,0.032895238095238095,2.25,0.0045000000000000005,0.07401428571428571
TANSSI/USDT:USDT,LONG,2025-09-17T17:03:00+00:00,2025-09-17T17:24:00+00:00,0.04989,0.04949052473831355,0.05409500275459417,0.04949052473831355,SL,SL,-0.008007120899708292,-0.013207120899708292,4.5,0.009000000000000001,-0.059432044048687314
ALPHA/USDT:USDT,LONG,2025-09-17T18:09:00+00:00,2025-09-17T18:12:00+00:00,0.02318,0.022976330271760263,0.025323891876207733,0.022976330271760263,SL,SL,-0.00878644211560552,-0.01398644211560552,4.5,0.009000000000000001,-0.06293898952022484
TST/USDT:USDT,SHORT,2025-09-17T18:12:00+00:00,2025-09-17T18:15:00+00:00,0.04612,0.04649093796337398,0.04221538985922127,0.04649093796337398,SL,SL,-0.008042887323807014,-0.013242887323807014,4.5,0.009000000000000001,-0.059592992957131566
TST/USDT:USDT,SHORT,2025-09-17T18:15:00+00:00,2025-09-17T18:21:00+00:00,0.04726,0.04764461382313299,0.043211433440705466,0.04764461382313299,SL,SL,-0.008138252711235385,-0.013338252711235385,4.5,0.009000000000000001,-0.06002213720055923
TST/USDT:USDT,LONG,2025-09-17T18:27:00+00:00,2025-09-17T18:30:00+00:00,0.05434,0.053744565566365546,0.06060773088036264,0.053744565566365546,SL,SL,-0.010957571469165506,-0.016157571469165508,4.5,0.009000000000000001,-0.07270907161124479
TST/USDT:USDT,LONG,2025-09-17T18:36:00+00:00,2025-09-17T18:39:00+00:00,0.05171,0.0510275245442074,0.05889395216623787,0.0510275245442074,SL,SL,-0.013198132968334945,-0.018398132968334945,4.5,0.009000000000000001,-0.08279159835750725
ALPHA/USDT:USDT,LONG,2025-09-17T18:12:00+00:00,2025-09-17T19:03:00+00:00,0.0216,0.02378,0.024319328170764324,0.0216,TP_PARTIAL,TP50,0.10092592592592582,0.09572592592592583,2.25,0.0045000000000000005,0.2153833333333331
HIFI/USDT:USDT,LONG,2025-09-17T19:18:00+00:00,2025-09-17T19:48:00+00:00,0.14488,0.143719512840416,0.15709565431141062,0.143719512840416,SL,SL,-0.008009988677415796,-0.013209988677415796,4.5,0.009000000000000001,-0.05944494904837108
TST/USDT:USDT,SHORT,2025-09-17T19:21:00+00:00,2025-09-17T20:03:00+00:00,0.04646,0.04615,0.040050784909252755,0.04706887543362099,EXIT,heat<0.85,0.006672406371071991,0.0014724063710719912,4.5,0.009000000000000001,0.0066258286698239605
HIFI/USDT:USDT,LONG,2025-09-17T19:48:00+00:00,2025-09-17T20:03:00+00:00,0.14319,0.15277,0.15869164343038825,0.14319,TP_PARTIAL,TP50,0.06690411341574116,0.06170411341574117,2.25,0.0045000000000000005,0.13883425518541764
ALPHA/USDT:USDT,LONG,2025-09-17T18:12:00+00:00,2025-09-17T20:48:00+00:00,0.0216,0.024319328170764324,0.024319328170764324,0.0216,TP,TP,0.12589482272057048,0.12069482272057049,2.25,0.0045000000000000005,0.2715633511212836
ALPHA/USDT:USDT,LONG,2025-09-17T20:48:00+00:00,2025-09-17T20:54:00+00:00,0.02491,0.02469710139680574,0.02715103792836063,0.02469710139680574,SL,SL,-0.008546712292021736,-0.013746712292021736,4.5,0.009000000000000001,-0.06186020531409781
HIFI/USDT:USDT,LONG,2025-09-17T19:48:00+00:00,2025-09-17T21:00:00+00:00,0.14319,0.14319,0.15869164343038825,0.14319,SL,SL,0.0,-0.0052,2.25,0.0045000000000000005,-0.011699999999999999
HIFI/USDT:USDT,LONG,2025-09-17T21:00:00+00:00,2025-09-17T21:06:00+00:00,0.13998,0.13833133991814428,0.15733431665111286,0.13833133991814428,SL,SL,-0.011777825988396292,-0.01697782598839629,4.5,0.009000000000000001,-0.0764002169477833
ALPHA/USDT:USDT,LONG,2025-09-17T20:54:00+00:00,2025-09-17T21:15:00+00:00,0.02432,0.024093058857449848,0.02670885413210687,0.024093058857449848,SL,SL,-0.009331461453542498,-0.014531461453542498,4.5,0.009000000000000001,-0.06539157654094124
ALPHA/USDT:USDT,LONG,2025-09-17T21:15:00+00:00,2025-09-17T21:51:00+00:00,0.02377,0.023528321073720236,0.026313988697681732,0.023528321073720236,SL,SL,-0.010167392775757818,-0.015367392775757818,4.5,0.009000000000000001,-0.06915326749091018
ALPHA/USDT:USDT,LONG,2025-09-17T21:51:00+00:00,2025-09-17T22:06:00+00:00,0.02319,0.02298783185608079,0.02531808572546535,0.02298783185608079,SL,SL,-0.008717901850763647,-0.013917901850763647,4.5,0.009000000000000001,-0.0626305583284364
ALPHA/USDT:USDT,LONG,2025-09-17T22:06:00+00:00,2025-09-17T22:12:00+00:00,0.02275,0.022561193439749445,0.024737437476321636,0.022561193439749445,SL,SL,-0.008299189461562812,-0.013499189461562812,4.5,0.009000000000000001,-0.060746352577032654
ASP/USDT:USDT,LONG,2025-09-17T22:00:00+00:00,2025-09-17T22:18:00+00:00,0.1929,0.2034,0.20936163933686608,0.1929,TP_PARTIAL,TP50,0.0544323483670296,0.049232348367029596,2.25,0.0045000000000000005,0.1107727838258166
HIFI/USDT:USDT,LONG,2025-09-17T21:06:00+00:00,2025-09-17T22:27:00+00:00,0.1377,0.1461,0.1542538750716228,0.1377,TP_PARTIAL,TP50,0.06100217864923761,0.05580217864923761,2.25,0.0045000000000000005,0.12555490196078462
ASP/USDT:USDT,LONG,2025-09-17T22:00:00+00:00,2025-09-17T22:39:00+00:00,0.1929,0.1994,0.20936163933686608,0.1929,EXIT,heat<0.85,0.03369621565578023,0.028496215655780227,2.25,0.0045000000000000005,0.0641164852255055
ALPHA/USDT:USDT,LONG,2025-09-17T22:12:00+00:00,2025-09-17T22:39:00+00:00,0.02246,0.02327,0.02439243333417529,0.022276418833253347,EXIT,heat<0.85,0.03606411398040954,0.030864113980409537,4.5,0.009000000000000001,0.13888851291184293
HIFI/USDT:USDT,LONG,2025-09-17T21:06:00+00:00,2025-09-17T23:51:00+00:00,0.1377,0.14204,0.1542538750716228,0.1377,EXIT,heat<0.85,0.03151779230210611,0.026317792302106104,2.25,0.0045000000000000005,0.05921503267973873
TST/USDT:USDT,LONG,2025-09-18T00:03:00+00:00,2025-09-18T00:09:00+00:00,0.05101,0.05059879793225233,0.05533844281839652,0.05059879793225233,SL,SL,-0.008061205013677082,-0.013261205013677082,4.5,0.009000000000000001,-0.05967542256154687
TST/USDT:USDT,LONG,2025-09-18T00:09:00+00:00,2025-09-18T00:12:00+00:00,0.05053,0.050130327808931854,0.05473707569545414,0.050130327808931854,SL,SL,-0.007909602039741623,-0.013109602039741623,4.5,0.009000000000000001,-0.058993209178837304
TST/USDT:USDT,LONG,2025-09-18T00:12:00+00:00,2025-09-18T00:21:00+00:00,0.05011,0.049715804394008155,0.05425942743149313,0.049715804394008155,SL,SL,-0.007866605587544342,-0.013066605587544342,4.5,0.009000000000000001,-0.05879972514394954
TST/USDT:USDT,SHORT,2025-09-18T00:27:00+00:00,2025-09-18T00:30:00+00:00,0.04625,0.0467368332639219,0.041125439327137914,0.0467368332639219,SL,SL,-0.010526124625338319,-0.015726124625338317,4.5,0.009000000000000001,-0.07076756081402243
ASP/USDT:USDT,LONG,2025-09-18T00:15:00+00:00,2025-09-18T00:36:00+00:00,0.2392,0.23726413238648947,0.25957755382642667,0.23726413238648947,SL,SL,-0.008093092029726287,-0.013293092029726287,4.5,0.009000000000000001,-0.05981891413376829
ASP/USDT:USDT,LONG,2025-09-18T00:36:00+00:00,2025-09-18T00:57:00+00:00,0.2353,0.23315312177052652,0.25789871820498395,0.23315312177052652,SL,SL,-0.00912400437515294,-0.01432400437515294,4.5,0.009000000000000001,-0.06445801968818823
ASP/USDT:USDT,LONG,2025-09-18T00:57:00+00:00,2025-09-18T01:03:00+00:00,0.2272,0.22498283713313386,0.2505385564933279,0.22498283713313386,SL,SL,-0.00975863937881231,-0.014958639378812309,4.5,0.009000000000000001,-0.06731387720465538
ASP/USDT:USDT,LONG,2025-09-18T01:03:00+00:00,2025-09-18T01:21:00+00:00,0.2246,0.22245328303826337,0.24719702064985927,0.22245328303826337,SL,SL,-0.009557956196512144,-0.014757956196512144,4.5,0.009000000000000001,-0.06641080288430465
ASP/USDT:USDT,LONG,2025-09-18T01:21:00+00:00,2025-09-18T02:30:00+00:00,0.2186,0.2301,0.24104744417795818,0.2186,TP_PARTIAL,TP50,0.05260750228728276,0.04740750228728276,2.25,0.0045000000000000005,0.1066668801463862
HIFI/USDT:USDT,LONG,2025-09-18T02:27:00+00:00,2025-09-18T02:45:00+00:00,0.16777,0.17833,0.18169613618989883,0.16777,TP_PARTIAL,TP50,0.06294331525302489,0.05774331525302489,2.25,0.0045000000000000005,0.129922459319306
HIFI/USDT:USDT,LONG,2025-09-18T02:27:00+00:00,2025-09-18T02:57:00+00:00,0.16777,0.18169613618989883,0.18169613618989883,0.16777,TP,TP,0.08300730875543198,0.07780730875543199,2.25,0.0045000000000000005,0.17506644469972196
BAKE/USDT:USDT,LONG,2025-09-18T02:36:00+00:00,2025-09-18T03:03:00+00:00,0.0547,0.0576,0.059344942365238254,0.0547,TP_PARTIAL,TP50,0.05301645338208409,0.04781645338208409,2.25,0.0045000000000000005,0.1075870201096892
HIFI/USDT:USDT,LONG,2025-09-18T02:57:00+00:00,2025-09-18T03:03:00+00:00,0.18527,0.2011,0.20456525228757533,0.18527,TP_PARTIAL,TP50,0.08544286716683765,0.08024286716683765,2.25,0.0045000000000000005,0.1805464511253847
HIFI/USDT:USDT,LONG,2025-09-18T02:57:00+00:00,2025-09-18T03:12:00+00:00,0.18527,0.20456525228757533,0.20456525228757533,0.18527,TP,TP,0.10414666318116986,0.09894666318116986,2.25,0.0045000000000000005,0.22262999215763218
ASP/USDT:USDT,LONG,2025-09-18T01:21:00+00:00,2025-09-18T03:18:00+00:00,0.2186,0.24104744417795818,0.24104744417795818,0.2186,TP,TP,0.10268730182048576,0.09748730182048576,2.25,0.0045000000000000005,0.21934642909609298
ASP/USDT:USDT,LONG,2025-09-18T03:18:00+00:00,2025-09-18T03:21:00+00:00,0.2433,0.2414430900937499,0.2628464200657905,0.2414430900937499,SL,SL,-0.007632182105425782,-0.012832182105425782,4.5,0.009000000000000001,-0.057744819474416016
ASP/USDT:USDT,LONG,2025-09-18T03:21:00+00:00,2025-09-18T03:24:00+00:00,0.2384,0.23650201222991063,0.25837881863251977,0.23650201222991063,SL,SL,-0.007961358096012462,-0.013161358096012462,4.5,0.009000000000000001,-0.059226111432056076
NAORIS/USDT:USDT,LONG,2025-09-18T03:27:00+00:00,2025-09-18T03:30:00+00:00,0.06905,0.07221,0.07466449349340856,0.06905,TP_PARTIAL,TP50,0.045763939174511166,0.04056393917451116,2.25,0.0045000000000000005,0.09126886314265012
ASP/USDT:USDT,LONG,2025-09-18T03:24:00+00:00,2025-09-18T03:36:00+00:00,0.2354,0.23350729707063128,0.25532318873019694,0.23350729707063128,SL,SL,-0.00804036928363941,-0.013240369283639409,4.5,0.009000000000000001,-0.05958166177637734
NAORIS/USDT:USDT,LONG,2025-09-18T03:27:00+00:00,2025-09-18T03:36:00+00:00,0.06905,0.06905,0.07466449349340856,0.06905,SL,SL,0.0,-0.0052,2.25,0.0045000000000000005,-0.011699999999999999
HIFI/USDT:USDT,LONG,2025-09-18T03:12:00+00:00,2025-09-18T03:42:00+00:00,0.20479,0.22,0.23057628627136517,0.20479,TP_PARTIAL,TP50,0.07427120464866449,0.0690712046486645,2.25,0.0045000000000000005,0.1554102104594951
NAORIS/USDT:USDT,LONG,2025-09-18T03:36:00+00:00,2025-09-18T03:48:00+00:00,0.06537,0.07,0.07402545269862194,0.06537,TP_PARTIAL,TP50,0.07082759675692228,0.06562759675692229,2.25,0.0045000000000000005,0.14766209270307515
HIFI/USDT:USDT,LONG,2025-09-18T03:12:00+00:00,2025-09-18T03:51:00+00:00,0.20479,0.23057628627136517,0.23057628627136517,0.20479,TP,TP,0.12591574916433992,0.12071574916433993,2.25,0.0045000000000000005,0.27161043561976483
NAORIS/USDT:USDT,LONG,2025-09-18T03:36:00+00:00,2025-09-18T03:57:00+00:00,0.06537,0.07402545269862194,0.07402545269862194,0.06537,TP,TP,0.13240710874440792,0.1272071087444079,2.25,0.0045000000000000005,0.2862159946749178
HIFI/USDT:USDT,LONG,2025-09-18T03:51:00+00:00,2025-09-18T03:57:00+00:00,0.23497,0.23204491622632611,0.2657603555123568,0.23204491622632611,SL,SL,-0.01244875419702046,-0.017648754197020458,4.5,0.009000000000000001,-0.07941939388659205
BAKE/USDT:USDT,LONG,2025-09-18T02:36:00+00:00,2025-09-18T04:00:00+00:00,0.0547,0.059344942365238254,0.059344942365238254,0.0547,TP,TP,0.08491667943762807,0.07971667943762807,2.25,0.0045000000000000005,0.17936252873466316
NAORIS/USDT:USDT,LONG,2025-09-18T03:57:00+00:00,2025-09-18T04:03:00+00:00,0.07768,0.07673858009603583,0.08758968319962285,0.07673858009603583,SL,SL,-0.012119205766788958,-0.017319205766788956,4.5,0.009000000000000001,-0.07793642595055031
HIFI/USDT:USDT,LONG,2025-09-18T03:57:00+00:00,2025-09-18T04:12:00+00:00,0.2266,0.24478,0.2588729085795321,0.2266,TP_PARTIAL,TP50,0.08022947925860548,0.07502947925860548,2.25,0.0045000000000000005,0.16881632833186233
HIFI/USDT:USDT,LONG,2025-09-18T03:57:00+00:00,2025-09-18T04:15:00+00:00,0.2266,0.2266,0.2588729085795321,0.2266,SL,SL,0.0,-0.0052,2.25,0.0045000000000000005,-0.011699999999999999
BAKE/USDT:USDT,LONG,2025-09-18T04:12:00+00:00,2025-09-18T04:15:00+00:00,0.0611,0.06047371176166408,0.06769250777195708,0.06047371176166408,SL,SL,-0.010250216666709052,-0.015450216666709052,4.5,0.009000000000000001,-0.06952597500019073
ASP/USDT:USDT,LONG,2025-09-18T03:36:00+00:00,2025-09-18T04:18:00+00:00,0.2308,0.22902009479472876,0.249535844266013,0.22902009479472876,SL,SL,-0.007711894303601571,-0.012911894303601571,4.5,0.009000000000000001,-0.05810352436620707
NAORIS/USDT:USDT,LONG,2025-09-18T04:03:00+00:00,2025-09-18T04:18:00+00:00,0.07615,0.07501982161341865,0.08804661459559315,0.07501982161341865,SL,SL,-0.01484147585792969,-0.02004147585792969,4.5,0.009000000000000001,-0.0901866413606836
HIFI/USDT:USDT,LONG,2025-09-18T04:15:00+00:00,2025-09-18T04:18:00+00:00,0.21925,0.215399483047236,0.25978175739751597,0.215399483047236,SL,SL,-0.017562220993222372,-0.022762220993222372,4.5,0.009000000000000001,-0.10242999446950067
BAKE/USDT:USDT,LONG,2025-09-18T04:18:00+00:00,2025-09-18T04:24:00+00:00,0.0558,0.05501259840674097,0.06408843782377932,0.05501259840674097,SL,SL,-0.014111139664140362,-0.019311139664140366,4.5,0.009000000000000001,-0.08690012848863164
HIFI/USDT:USDT,LONG,2025-09-18T04:18:00+00:00,2025-09-18T04:27:00+00:00,0.20119,0.196555948543862,0.24996948901197913,0.196555948543862,SL,SL,-0.02303320968307578,-0.02823320968307578,4.5,0.009000000000000001,-0.12704944357384101
BAKE/USDT:USDT,LONG,2025-09-18T04:24:00+00:00,2025-09-18T04:27:00+00:00,0.0549,0.05416387311601644,0.06264870404193217,0.05416387311601644,SL,SL,-0.013408504261995568,-0.01860850426199557,4.5,0.009000000000000001,-0.08373826917898006
NAORIS/USDT:USDT,LONG,2025-09-18T04:18:00+00:00,2025-09-18T04:30:00+00:00,0.07391,0.07258914576313265,0.08781372880913008,0.07258914576313265,SL,SL,-0.017871116721246857,-0.023071116721246857,4.5,0.009000000000000001,-0.10382002524561085
HIFI/USDT:USDT,LONG,2025-09-18T04:27:00+00:00,2025-09-18T04:30:00+00:00,0.19652,0.1920703101861752,0.2433588401455241,0.1920703101861752,SL,SL,-0.022642427304217342,-0.027842427304217342,4.5,0.009000000000000001,-0.12529092286897803
BAKE/USDT:USDT,LONG,2025-09-18T04:27:00+00:00,2025-09-18T04:30:00+00:00,0.0536,0.05285402503630099,0.061452368038937014,0.05285402503630099,SL,SL,-0.013917443352593524,-0.01911744335259352,4.5,0.009000000000000001,-0.08602849508667085
NAORIS/USDT:USDT,LONG,2025-09-18T04:30:00+00:00,2025-09-18T05:06:00+00:00,0.07212,0.0791,0.08604775818715026,0.07212,TP_PARTIAL,TP50,0.09678313921242374,0.09158313921242374,2.25,0.0045000000000000005,0.20606206322795342
VELVET/USDT:USDT,LONG,2025-09-18T05:36:00+00:00,2025-09-18T05:39:00+00:00,0.20064,0.19907193341234194,0.21714596408061135,0.19907193341234194,SL,SL,-0.007815323901804564,-0.013015323901804564,4.5,0.009000000000000001,-0.05856895755812054
BAKE/USDT:USDT,LONG,2025-09-18T04:30:00+00:00,2025-09-18T06:00:00+00:00,0.0525,0.0576,0.06056291317901294,0.0525,TP_PARTIAL,TP50,0.09714285714285716,0.09194285714285716,2.25,0.0045000000000000005,0.2068714285714286
VELVET/USDT:USDT,LONG,2025-09-18T05:39:00+00:00,2025-09-18T06:00:00+00:00,0.19437,0.20361,0.21193125236056765,0.19437,TP_PARTIAL,TP50,0.04753820033955871,0.04233820033955871,2.25,0.0045000000000000005,0.09526095076400709
HIFI/USDT:USDT,LONG,2025-09-18T04:30:00+00:00,2025-09-18T06:18:00+00:00,0.18747,0.21326,0.23616892299227238,0.18747,TP_PARTIAL,TP50,0.1375686776550915,0.1323686776550915,2.25,0.0045000000000000005,0.29782952472395585
VELVET/USDT:USDT,LONG,2025-09-18T05:39:00+00:00,2025-09-18T06:33:00+00:00,0.19437,0.20803,0.21193125236056765,0.19437,EXIT,heat<0.85,0.07027833513402278,0.06507833513402278,2.25,0.0045000000000000005,0.14642625405155124
TST/USDT:USDT,LONG,2025-09-18T06:39:00+00:00,2025-09-18T06:45:00+00:00,0.0519,0.051501127343291986,0.05609865954429488,0.051501127343291986,SL,SL,-0.007685407643699727,-0.012885407643699727,4.5,0.009000000000000001,-0.05798433439664877
HIFI/USDT:USDT,LONG,2025-09-18T04:30:00+00:00,2025-09-18T07:06:00+00:00,0.18747,0.18747,0.23616892299227238,0.18747,SL,SL,0.0,-0.0052,2.25,0.0045000000000000005,-0.011699999999999999
TST/USDT:USDT,LONG,2025-09-18T06:45:00+00:00,2025-09-18T07:06:00+00:00,0.05118,0.05469,0.05540864011727467,0.05118,TP_PARTIAL,TP50,0.0685814771395076,0.0633814771395076,2.25,0.0045000000000000005,0.1426083235638921
TST/USDT:USDT,LONG,2025-09-18T06:45:00+00:00,2025-09-18T07:09:00+00:00,0.05118,0.05540864011727467,0.05540864011727467,0.05118,TP,TP,0.08262290186156053,0.07742290186156053,2.25,0.0045000000000000005,0.1742015291885112
TST/USDT:USDT,LONG,2025-09-18T07:09:00+00:00,2025-09-18T07:15:00+00:00,0.05646,0.055999492654134286,0.0613074457459549,0.055999492654134286,SL,SL,-0.008156346898082126,-0.013356346898082126,4.5,0.009000000000000001,-0.06010356104136957
TST/USDT:USDT,LONG,2025-09-18T07:15:00+00:00,2025-09-18T07:18:00+00:00,0.05583,0.05536577070688109,0.06071662413809376,0.05536577070688109,SL,SL,-0.008315050924572947,-0.013515050924572947,4.5,0.009000000000000001,-0.06081772916057826
BAKE/USDT:USDT,LONG,2025-09-18T04:30:00+00:00,2025-09-18T07:30:00+00:00,0.0525,0.0571,0.06056291317901294,0.0525,EXIT,heat<0.85,0.08761904761904762,0.08241904761904763,2.25,0.0045000000000000005,0.18544285714285716
TST/USDT:USDT,LONG,2025-09-18T07:18:00+00:00,2025-09-18T07:30:00+00:00,0.05474,0.054275272799246724,0.05963186527108706,0.054275272799246724,SL,SL,-0.008489718683837655,-0.013689718683837655,4.5,0.009000000000000001,-0.06160373407726945
TST/USDT:USDT,LONG,2025-09-18T07:30:00+00:00,2025-09-18T08:00:00+00:00,0.05426,0.05705,0.059286316222603025,0.05426,TP_PARTIAL,TP50,0.051419093254699476,0.04621909325469947,2.25,0.0045000000000000005,0.10399295982307381
BROCCOLI/USDT:USDT,LONG,2025-09-18T08:21:00+00:00,2025-09-18T08:24:00+00:00,0.03779,0.037495801177192534,0.04088682971376277,0.037495801177192534,SL,SL,-0.007785097189930233,-0.012985097189930234,4.5,0.009000000000000001,-0.058432937354686056
TST/USDT:USDT,LONG,2025-09-18T07:30:00+00:00,2025-09-18T08:30:00+00:00,0.05426,0.059286316222603025,0.059286316222603025,0.05426,TP,TP,0.09263391490237785,0.08743391490237785,2.25,0.0045000000000000005,0.19672630853035017
BROCCOLI/USDT:USDT,LONG,2025-09-18T08:24:00+00:00,2025-09-18T08:33:00+00:00,0.03695,0.03664668680739307,0.040142770448494,0.03664668680739307,SL,SL,-0.008208746755261974,-0.013408746755261974,4.5,0.009000000000000001,-0.06033936039867888
BROCCOLI/USDT:USDT,LONG,2025-09-18T08:33:00+00:00,2025-09-18T08:39:00+00:00,0.0363,0.03819,0.039910348642617104,0.0363,TP_PARTIAL,TP50,0.05206611570247942,0.046866115702479415,2.25,0.0045000000000000005,0.10544876033057868
HIFI/USDT:USDT,LONG,2025-09-18T07:06:00+00:00,2025-09-18T08:51:00+00:00,0.18564,0.19069,0.21335242074016814,0.18300732002968403,EXIT,heat<0.85,0.027203188967894844,0.02200318896789484,4.5,0.009000000000000001,0.09901435035552678
TST/USDT:USDT,LONG,2025-09-18T08:30:00+00:00,2025-09-18T08:57:00+00:00,0.06011,0.059580689143948616,0.06568169322159349,0.059580689143948616,SL,SL,-0.008805703810537028,-0.014005703810537028,4.5,0.009000000000000001,-0.06302566714741663
TST/USDT:USDT,LONG,2025-09-18T08:57:00+00:00,2025-09-18T09:03:00+00:00,0.0595,0.058961648629841504,0.06516685652798417,0.058961648629841504,SL,SL,-0.009047922187537707,-0.014247922187537707,4.5,0.009000000000000001,-0.06411564984391968
BROCCOLI/USDT:USDT,LONG,2025-09-18T08:33:00+00:00,2025-09-18T09:15:00+00:00,0.0363,0.039910348642617104,0.039910348642617104,0.0363,TP,TP,0.09945864029248222,0.09425864029248222,2.25,0.0045000000000000005,0.212081940658085
TST/USDT:USDT,LONG,2025-09-18T09:03:00+00:00,2025-09-18T09:15:00+00:00,0.05821,0.05763097560430211,0.06430499363892513,0.05763097560430211,SL,SL,-0.009947163643667559,-0.015147163643667558,4.5,0.009000000000000001,-0.06816223639650401
BROCCOLI/USDT:USDT,LONG,2025-09-18T09:15:00+00:00,2025-09-18T09:18:00+00:00,0.04013,0.04226,0.04367310861919775,0.04013,TP_PARTIAL,TP50,0.05307749813107401,0.047877498131074,2.25,0.0045000000000000005,0.10772437079491651
TST/USDT:USDT,LONG,2025-09-18T09:15:00+00:00,2025-09-18T09:18:00+00:00,0.05726,0.056722766410726586,0.06291509041340432,0.056722766410726586,SL,SL,-0.00938235398661217,-0.01458235398661217,4.5,0.009000000000000001,-0.06562059293975477
BROCCOLI/USDT:USDT,LONG,2025-09-18T09:15:00+00:00,2025-09-18T09:24:00+00:00,0.04013,0.04367310861919775,0.04367310861919775,0.04013,TP,TP,0.08829077047589713,0.08309077047589714,2.25,0.0045000000000000005,0.18695423357076857
TST/USDT:USDT,LONG,2025-09-18T09:18:00+00:00,2025-09-18T09:36:00+00:00,0.05603,0.055472511667103264,0.06189829824101831,0.055472511667103264,SL,SL,-0.009949818541794391,-0.015149818541794391,4.5,0.009000000000000001,-0.06817418343807476
BROCCOLI/USDT:USDT,LONG,2025-09-18T09:24:00+00:00,2025-09-18T09:39:00+00:00,0.04388,0.04345654062847819,0.048337467068650684,0.04345654062847819,SL,SL,-0.009650395887005796,-0.014850395887005796,4.5,0.009000000000000001,-0.06682678149152609
BROCCOLI/USDT:USDT,LONG,2025-09-18T09:39:00+00:00,2025-09-18T09:48:00+00:00,0.04322,0.042774945970372374,0.04790477925923818,0.042774945970372374,SL,SL,-0.010297409292633666,-0.015497409292633666,4.5,0.009000000000000001,-0.0697383418168515
BROCCOLI/USDT:USDT,LONG,2025-09-18T09:48:00+00:00,2025-09-18T09:54:00+00:00,0.04178,0.04130030885455834,0.046829380478333196,0.04130030885455834,SL,SL,-0.011481358196305795,-0.016681358196305795,4.5,0.009000000000000001,-0.07506611188337607
TST/USDT:USDT,LONG,2025-09-18T09:36:00+00:00,2025-09-18T10:03:00+00:00,0.05524,0.0547588167560098,0.060305086778844184,0.0547588167560098,SL,SL,-0.008710775597215772,-0.013910775597215772,4.5,0.009000000000000001,-0.06259849018747098
BROCCOLI/USDT:USDT,LONG,2025-09-18T09:54:00+00:00,2025-09-18T10:06:00+00:00,0.04081,0.040356256104185514,0.045586251534889335,0.040356256104185514,SL,SL,-0.01111844880701996,-0.01631844880701996,4.5,0.009000000000000001,-0.07343301963158982
BROCCOLI/USDT:USDT,LONG,2025-09-18T10:06:00+00:00,2025-09-18T10:09:00+00:00,0.04015,0.03969958921261043,0.04489116618304806,0.03969958921261043,SL,SL,-0.011218201429379042,-0.01641820142937904,4.5,0.009000000000000001,-0.07388190643220569
LA/USDT:USDT,LONG,2025-09-18T10:03:00+00:00,2025-09-18T10:15:00+00:00,0.525,0.5775,0.6030867166840916,0.525,TP_PARTIAL,TP50,0.09999999999999998,0.09479999999999998,2.25,0.0045000000000000005,0.21329999999999996
BROCCOLI/USDT:USDT,LONG,2025-09-18T10:09:00+00:00,2025-09-18T10:15:00+00:00,0.03884,0.0383658471259954,0.043831082884258916,0.0383658471259954,SL,SL,-0.012207849485185282,-0.017407849485185284,4.5,0.009000000000000001,-0.07833532268333378
TST/USDT:USDT,LONG,2025-09-18T10:15:00+00:00,2025-09-18T10:21:00+00:00,0.05321,0.0527670266844801,0.057872877005472646,0.0527670266844801,SL,SL,-0.008325001231345634,-0.013525001231345634,4.5,0.009000000000000001,-0.06086250554105535
NAORIS/USDT:USDT,LONG,2025-09-18T04:30:00+00:00,2025-09-18T10:27:00+00:00,0.07212,0.07939,0.08604775818715026,0.07212,EXIT,heat<0.85,0.10080421519689405,0.09560421519689405,2.25,0.0045000000000000005,0.21510948419301162
TST/USDT:USDT,LONG,2025-09-18T10:21:00+00:00,2025-09-18T10:27:00+00:00,0.05271,0.05230034341672009,0.05702217456084121,0.05230034341672009,SL,SL,-0.007771894958829667,-0.012971894958829668,4.5,0.009000000000000001,-0.058373527314733505
LA/USDT:USDT,LONG,2025-09-18T10:03:00+00:00,2025-09-18T10:30:00+00:00,0.525,0.525,0.6030867166840916,0.525,SL,SL,0.0,-0.0052,2.25,0.0045000000000000005,-0.011699999999999999
TST/USDT:USDT,LONG,2025-09-18T10:27:00+00:00,2025-09-18T10:30:00+00:00,0.05199,0.05159408386441681,0.05615753826929676,0.05159408386441681,SL,SL,-0.007615236306658849,-0.01281523630665885,4.5,0.009000000000000001,-0.05766856337996482
LA/USDT:USDT,LONG,2025-09-18T10:30:00+00:00,2025-09-18T10:36:00+00:00,0.5246,0.5159321233667651,0.6158408066656298,0.5159321233667651,SL,SL,-0.01652283002904093,-0.021722830029040935,4.5,0.009000000000000001,-0.0977527351306842
TST/USDT:USDT,LONG,2025-09-18T10:30:00+00:00,2025-09-18T10:39:00+00:00,0.05153,0.05113766358838703,0.055659856964346985,0.05113766358838703,SL,SL,-0.007613747557014671,-0.01281374755701467,4.5,0.009000000000000001,-0.05766186400656602
HIFI/USDT:USDT,LONG,2025-09-18T09:54:00+00:00,2025-09-18T10:45:00+00:00,0.1943,0.20458,0.2142984090403347,0.1943,TP_PARTIAL,TP50,0.052907874420998514,0.04770787442099851,2.25,0.0045000000000000005,0.10734271744724665
HIFI/USDT:USDT,LONG,2025-09-18T09:54:00+00:00,2025-09-18T10:51:00+00:00,0.1943,0.20226,0.2142984090403347,0.1943,EXIT,heat<0.85,0.040967575913535746,0.03576757591353574,2.25,0.0045000000000000005,0.08047704580545542
BULLA/USDT,SHORT,2025-09-18T10:48:00+00:00,2025-09-18T11:00:00+00:00,0.0684,0.06893161153216343,0.06280408913512184,0.06893161153216343,SL,SL,-0.007772098423441896,-0.012972098423441896,4.5,0.009000000000000001,-0.05837444290548853
LA/USDT:USDT,LONG,2025-09-18T10:36:00+00:00,2025-09-18T11:09:00+00:00,0.4851,0.4759252798417516,0.5816760016657727,0.4759252798417516,SL,SL,-0.018913049182124067,-0.02411304918212407,4.5,0.009000000000000001,-0.10850872131955831
BROCCOLI/USDT:USDT,LONG,2025-09-18T10:15:00+00:00,2025-09-18T11:12:00+00:00,0.03692,0.03641028961374094,0.042285372486937534,0.03641028961374094,SL,SL,-0.01380580677841449,-0.019005806778414493,4.5,0.009000000000000001,-0.08552613050286521
LA/USDT:USDT,LONG,2025-09-18T11:09:00+00:00,2025-09-18T11:18:00+00:00,0.4755,0.46843753509638875,0.5498417358274866,0.46843753509638875,SL,SL,-0.014852712731043601,-0.0200527127310436,4.5,0.009000000000000001,-0.0902372072896962
LA/USDT:USDT,LONG,2025-09-18T11:18:00+00:00,2025-09-18T11:27:00+00:00,0.4642,0.4576020286467807,0.5336523300338879,0.4576020286467807,SL,SL,-0.014213639278800781,-0.019413639278800784,4.5,0.009000000000000001,-0.08736137675460354
BROCCOLI/USDT:USDT,LONG,2025-09-18T11:12:00+00:00,2025-09-18T11:51:00+00:00,0.03615,0.03699,0.03940304278820573,0.03584096093512046,EXIT,heat<0.85,0.023236514522821588,0.018036514522821588,4.5,0.009000000000000001,0.08116431535269715
LA/USDT:USDT,LONG,2025-09-18T11:27:00+00:00,2025-09-18T12:09:00+00:00,0.4554,0.4495020243939421,0.5174839537479781,0.4495020243939421,SL,SL,-0.012951198080935278,-0.01815119808093528,4.5,0.009000000000000001,-0.08168039136420877
NAORIS/USDT:USDT,LONG,2025-09-18T11:48:00+00:00,2025-09-18T12:12:00+00:00,0.07945,0.08384,0.08648890371700586,0.07945,TP_PARTIAL,TP50,0.05525487728130888,0.05005487728130888,2.25,0.0045000000000000005,0.11262347388294497
LA/USDT:USDT,LONG,2025-09-18T12:09:00+00:00,2025-09-18T12:21:00+00:00,0.4474,0.44362608533004577,0.4871254175784659,0.44362608533004577,SL,SL,-0.008435213835391702,-0.013635213835391702,4.5,0.009000000000000001,-0.06135846225926266
HIFI/USDT:USDT,LONG,2025-09-18T11:51:00+00:00,2025-09-18T12:42:00+00:00,0.194,0.20049,0.2137267550333954,0.19212595827182744,EXIT,heat<0.85,0.033453608247422655,0.02825360824742265,4.5,0.009000000000000001,0.12714123711340192
LA/USDT:USDT,LONG,2025-09-18T12:21:00+00:00,2025-09-18T12:42:00+00:00,0.4375,0.4407,0.4739913278701209,0.4340333238523385,EXIT,heat<0.85,0.00731428571428567,0.0021142857142856693,4.5,0.009000000000000001,0.009514285714285512
NAORIS/USDT:USDT,LONG,2025-09-18T11:48:00+00:00,2025-09-18T13:45:00+00:00,0.07945,0.08173,0.08648890371700586,0.07945,EXIT,heat<0.85,0.028697293895531658,0.023497293895531658,2.25,0.0045000000000000005,0.05286891126494623
NAORIS/USDT:USDT,LONG,2025-09-18T15:27:00+00:00,2025-09-18T15:45:00+00:00,0.08474,0.08974,0.09177281539675529,0.08474,TP_PARTIAL,TP50,0.05900401227283461,0.05380401227283461,2.25,0.0045000000000000005,0.12105902761387786
NAORIS/USDT:USDT,LONG,2025-09-18T15:27:00+00:00,2025-09-18T15:57:00+00:00,0.08474,0.09177281539675529,0.09177281539675529,0.08474,TP,TP,0.08299286519654583,0.07779286519654584,2.25,0.0045000000000000005,0.17503394669222813
NAORIS/USDT:USDT,LONG,2025-09-18T16:00:00+00:00,2025-09-18T16:09:00+00:00,0.09759,0.0968112838171297,0.1057870124512663,0.0968112838171297,SL,SL,-0.007979466982993145,-0.013179466982993144,4.5,0.009000000000000001,-0.05930760142346915
NAORIS/USDT:USDT,LONG,2025-09-18T16:09:00+00:00,2025-09-18T16:12:00+00:00,0.0964,0.09562045034483745,0.10460578584381636,0.09562045034483745,SL,SL,-0.008086614680109476,-0.013286614680109476,4.5,0.009000000000000001,-0.05978976606049264
NAORIS/USDT:USDT,LONG,2025-09-18T16:12:00+00:00,2025-09-18T16:39:00+00:00,0.09468,0.10177,0.10353680114068661,0.09468,TP_PARTIAL,TP50,0.07488381918039712,0.06968381918039712,2.25,0.0045000000000000005,0.15678859315589352
NAORIS/USDT:USDT,LONG,2025-09-18T16:12:00+00:00,2025-09-18T16:54:00+00:00,0.09468,0.10353680114068661,0.10353680114068661,0.09468,TP,TP,0.09354458323496634,0.08834458323496634,2.25,0.0045000000000000005,0.19877531227867426
BULLA/USDT,LONG,2025-09-18T17:03:00+00:00,2025-09-18T17:06:00+00:00,0.0731,0.07211069503659895,0.08351373645685314,0.07211069503659895,SL,SL,-0.013533583630657316,-0.018733583630657316,4.5,0.009000000000000001,-0.08430112633795792
NAORIS/USDT:USDT,LONG,2025-09-18T16:54:00+00:00,2025-09-18T17:09:00+00:00,0.10383,0.10288803867743336,0.11374538234280673,0.10288803867743336,SL,SL,-0.009072149885068333,-0.014272149885068332,4.5,0.009000000000000001,-0.0642246744828075
NAORIS/USDT:USDT,LONG,2025-09-18T17:09:00+00:00,2025-09-18T17:12:00+00:00,0.09725,0.09607642703981277,0.10960339958091819,0.09607642703981277,SL,SL,-0.012067588279560237,-0.017267588279560236,4.5,0.009000000000000001,-0.07770414725802106
NAORIS/USDT:USDT,LONG,2025-09-18T17:12:00+00:00,2025-09-18T17:21:00+00:00,0.09379,0.092476596536969,0.1076152996108526,0.092476596536969,SL,SL,-0.014003662043192165,-0.01920366204319217,4.5,0.009000000000000001,-0.08641647919436476
BULLA/USDT,LONG,2025-09-18T17:12:00+00:00,2025-09-18T17:30:00+00:00,0.073,0.07189374234526526,0.08464481741826033,0.07189374234526526,SL,SL,-0.01515421444842107,-0.020354214448421074,4.5,0.009000000000000001,-0.09159396501789482
NAORIS/USDT:USDT,LONG,2025-09-18T17:21:00+00:00,2025-09-18T17:33:00+00:00,0.09007,0.08860137813109362,0.10552917756743554,0.08860137813109362,SL,SL,-0.016305338835421124,-0.021505338835421127,4.5,0.009000000000000001,-0.09677402475939507
NAORIS/USDT:USDT,LONG,2025-09-18T17:33:00+00:00,2025-09-18T17:57:00+00:00,0.08785,0.08648815736677855,0.10218518561285732,0.08648815736677855,SL,SL,-0.015501908175542966,-0.020701908175542967,4.5,0.009000000000000001,-0.09315858678994335
BULLA/USDT,LONG,2025-09-18T17:51:00+00:00,2025-09-18T18:00:00+00:00,0.0721,0.0711408254520605,0.0821965741888367,0.0711408254520605,SL,SL,-0.013303391788342476,-0.018503391788342476,4.5,0.009000000000000001,-0.08326526304754114
NAORIS/USDT:USDT,LONG,2025-09-18T17:57:00+00:00,2025-09-18T18:00:00+00:00,0.08377,0.08250900779299893,0.09704360217895866,0.08250900779299893,SL,SL,-0.015053028614075105,-0.020253028614075103,4.5,0.009000000000000001,-0.09113862876333796
SUN/USDT:USDT,LONG,2025-09-18T18:15:00+00:00,2025-09-18T18:24:00+00:00,0.026567,0.026360902429080655,0.02873644811494049,0.026360902429080655,SL,SL,-0.007757653138079021,-0.012957653138079022,4.5,0.009000000000000001,-0.0583094391213556
BULLA/USDT,LONG,2025-09-18T18:39:00+00:00,2025-09-18T18:42:00+00:00,0.0718,0.07101416347071188,0.08007196346619086,0.07101416347071188,SL,SL,-0.010944798458051883,-0.016144798458051883,4.5,0.009000000000000001,-0.07265159306123348
NAORIS/USDT:USDT,LONG,2025-09-18T18:42:00+00:00,2025-09-18T18:48:00+00:00,0.08199,0.08097760737220204,0.09264676450313636,0.08097760737220204,SL,SL,-0.012347757382582675,-0.017547757382582675,4.5,0.009000000000000001,-0.07896490822162204
SUN/USDT:USDT,LONG,2025-09-18T18:24:00+00:00,2025-09-18T18:57:00+00:00,0.026048,0.026608,0.02825427022905403,0.025838404328239868,EXIT,heat<0.85,0.02149877149877142,0.016298771498771417,4.5,0.009000000000000001,0.07334447174447137
NAORIS/USDT:USDT,SHORT,2025-09-18T18:51:00+00:00,2025-09-18T18:57:00+00:00,0.07421,0.07533858863093007,0.06233011967442033,0.07533858863093007,SL,SL,-0.015208039764587952,-0.02040803976458795,4.5,0.009000000000000001,-0.09183617894064577
BULLA/USDT,LONG,2025-09-18T19:03:00+00:00,2025-09-18T19:18:00+00:00,0.0728,0.07209942031323999,0.08017452301852654,0.07209942031323999,SL,SL,-0.009623347345604624,-0.014823347345604624,4.5,0.009000000000000001,-0.06670506305522081
BULLA/USDT,LONG,2025-09-18T19:18:00+00:00,2025-09-18T19:21:00+00:00,0.0717,0.0762,0.07802944155544894,0.0717,TP_PARTIAL,TP50,0.06276150627615068,0.05756150627615068,2.25,0.0045000000000000005,0.12951338912133903
BULLA/USDT,LONG,2025-09-18T19:18:00+00:00,2025-09-18T19:24:00+00:00,0.0717,0.07802944155544894,0.07802944155544894,0.0717,TP,TP,0.08827673020151941,0.08307673020151941,2.25,0.0045000000000000005,0.18692264295341868
BULLA/USDT,LONG,2025-09-18T19:24:00+00:00,2025-09-18T19:27:00+00:00,0.0783,0.07755954497871054,0.08609426338199423,0.07755954497871054,SL,SL,-0.00945664139577851,-0.01465664139577851,4.5,0.009000000000000001,-0.0659548862810033
BULLA/USDT,LONG,2025-09-18T19:27:00+00:00,2025-09-18T19:30:00+00:00,0.0772,0.07639029176594551,0.08572324456899466,0.07639029176594551,SL,SL,-0.010488448627648838,-0.015688448627648836,4.5,0.009000000000000001,-0.07059801882441977
HIFI/USDT:USDT,SHORT,2025-09-18T19:27:00+00:00,2025-09-18T19:30:00+00:00,0.16723,0.16852377838704752,0.15361128013634184,0.16852377838704752,SL,SL,-0.007736520881705008,-0.012936520881705008,4.5,0.009000000000000001,-0.058214343967672534
BULLA/USDT,LONG,2025-09-18T19:30:00+00:00,2025-09-18T19:42:00+00:00,0.0744,0.07355584235409225,0.0832858699569236,0.07355584235409225,SL,SL,-0.011346204918114814,-0.016546204918114815,4.5,0.009000000000000001,-0.07445792213151667
HIFI/USDT:USDT,SHORT,2025-09-18T19:30:00+00:00,2025-09-18T20:09:00+00:00,0.16948,0.17080676564511554,0.15551404584088888,0.17080676564511554,SL,SL,-0.007828449640757327,-0.013028449640757327,4.5,0.009000000000000001,-0.05862802338340797
PORT3/USDT:USDT,LONG,2025-09-18T20:09:00+00:00,2025-09-18T20:15:00+00:00,0.03909,0.03863621010251638,0.04386673576298542,0.03863621010251638,SL,SL,-0.011608848746063398,-0.0168088487460634,4.5,0.009000000000000001,-0.0756398193572853
PORT3/USDT:USDT,LONG,2025-09-18T20:15:00+00:00,2025-09-18T20:21:00+00:00,0.03826,0.03782905462921056,0.042796267060941515,0.03782905462921056,SL,SL,-0.011263600909290194,-0.016463600909290194,4.5,0.009000000000000001,-0.07408620409180587
NAORIS/USDT:USDT,SHORT,2025-09-18T18:57:00+00:00,2025-09-18T20:45:00+00:00,0.07617,0.07724065958483256,0.0648998991070257,0.07724065958483256,SL,SL,-0.014056184650552172,-0.01925618465055217,4.5,0.009000000000000001,-0.08665283092748477
NAORIS/USDT:USDT,SHORT,2025-09-18T20:45:00+00:00,2025-09-18T20:57:00+00:00,0.07728,0.07789152419146556,0.07084290324773104,0.07789152419146556,SL,SL,-0.007913097715651577,-0.013113097715651577,4.5,0.009000000000000001,-0.0590089397204321
PORT3/USDT:USDT,LONG,2025-09-18T20:21:00+00:00,2025-09-18T21:00:00+00:00,0.03782,0.037415673634370324,0.04207606700662814,0.037415673634370324,SL,SL,-0.010690808186929556,-0.015890808186929554,4.5,0.009000000000000001,-0.071508636841183
BULLA/USDT,LONG,2025-09-18T19:42:00+00:00,2025-09-18T21:15:00+00:00,0.0725,0.0738,0.08223772729695165,0.07157491590678959,EXIT,heat<0.85,0.01793103448275875,0.012731034482758752,4.5,0.009000000000000001,0.05728965517241438
NAORIS/USDT:USDT,SHORT,2025-09-18T21:06:00+00:00,2025-09-18T21:15:00+00:00,0.07713,0.07772886502239683,0.07082615765898084,0.07772886502239683,SL,SL,-0.007764359165004855,-0.012964359165004855,4.5,0.009000000000000001,-0.05833961624252185
AWE/USDT:USDT,LONG,2025-09-19T03:03:00+00:00,2025-09-19T03:06:00+00:00,0.080665,0.07996627276656655,0.08802002350982584,0.07996627276656655,SL,SL,-0.008662086821216752,-0.013862086821216752,4.5,0.009000000000000001,-0.062379390695475385
AWE/USDT:USDT,LONG,2025-09-19T03:06:00+00:00,2025-09-19T03:12:00+00:00,0.079885,0.07919535899752607,0.08714437897340971,0.07919535899752607,SL,SL,-0.008632922356812024,-0.013832922356812024,4.5,0.009000000000000001,-0.062248150605654105
AWE/USDT:USDT,LONG,2025-09-19T03:12:00+00:00,2025-09-19T03:18:00+00:00,0.07918,0.07852508209480565,0.08607387268625633,0.07852508209480565,SL,SL,-0.008271254170173716,-0.013471254170173716,4.5,0.009000000000000001,-0.06062064376578172
AWE/USDT:USDT,LONG,2025-09-19T03:18:00+00:00,2025-09-19T03:24:00+00:00,0.077728,0.07705885272460283,0.08477165553049654,0.07705885272460283,SL,SL,-0.008608831764578688,-0.013808831764578687,4.5,0.009000000000000001,-0.06213974294060409
TWT/USDT:USDT,LONG,2025-09-19T04:42:00+00:00,2025-09-19T04:45:00+00:00,1.17,1.2817973235500664,1.2817973235500664,1.1593792542627437,TP,TP,0.09555326799150979,0.09035326799150979,4.5,0.009000000000000001,0.40658970596179406
TWT/USDT:USDT,LONG,2025-09-19T04:45:00+00:00,2025-09-19T04:48:00+00:00,1.2957,1.2822251646725478,1.4375403718679187,1.2822251646725478,SL,SL,-0.01039965680902393,-0.01559965680902393,4.5,0.009000000000000001,-0.07019845564060768
TWT/USDT:USDT,LONG,2025-09-19T04:48:00+00:00,2025-09-19T04:51:00+00:00,1.1794,1.1622299386245085,1.3601374881630675,1.1622299386245085,SL,SL,-0.014558301997194748,-0.01975830199719475,4.5,0.009000000000000001,-0.08891235898737637
TWT/USDT:USDT,LONG,2025-09-19T04:51:00+00:00,2025-09-19T04:57:00+00:00,1.1465,1.1293458001513295,1.3270705247228483,1.1293458001513295,SL,SL,-0.01496223275069395,-0.020162232750693954,4.5,0.009000000000000001,-0.09073004737812279
TWT/USDT:USDT,LONG,2025-09-19T04:57:00+00:00,2025-09-19T05:00:00+00:00,1.1073,1.0887620011508912,1.302436829990619,1.0887620011508912,SL,SL,-0.016741622730162362,-0.021941622730162362,4.5,0.009000000000000001,-0.09873730228573063
TWT/USDT:USDT,LONG,2025-09-19T05:00:00+00:00,2025-09-19T05:18:00+00:00,1.0742,1.2018,1.2664270564198608,1.0742,TP_PARTIAL,TP50,0.11878607335691671,0.11358607335691671,2.25,0.0045000000000000005,0.2555686650530626
TWT/USDT:USDT,LONG,2025-09-19T05:00:00+00:00,2025-09-19T05:54:00+00:00,1.0742,1.224,1.2664270564198608,1.0742,EOD,EOD,0.13945261590020475,0.13425261590020474,2.25,0.0045000000000000005,0.30206838577546063
