symbol,side,entry_time,exit_time,entry,exit,tp,sl,reason,gross_return,net_return,notional,fees_paid,realized_pnl
AERGO/USDT:USDT,LONG,2025-08-18T06:15:00+00:00,2025-08-18T06:20:00+00:00,0.11478,0.11379340583090378,0.11898216034985422,0.11379340583090378,SL,-0.008595523341141458,-0.013795523341141458,2.2,0.0044,-0.03035015135051121
AAVE/USDT:USDT,LONG,2025-08-18T06:15:00+00:00,2025-08-18T06:45:00+00:00,287.47,285.9862397959184,293.7897193877552,285.9862397959184,SL,-0.005161443643098924,-0.010361443643098925,2.2,0.0044,-0.022795176014817637
ALPINE/USDT:USDT,LONG,2025-08-18T06:15:00+00:00,2025-08-18T07:05:00+00:00,2.2076,2.1787390860058307,2.330526115160349,2.1787390860058307,SL,-0.01307343449636217,-0.01827343449636217,2.2,0.0044,-0.04020155589199678
ARB/USDT:USDT,LONG,2025-08-18T06:15:00+00:00,2025-08-18T07:50:00+00:00,0.521,0.5162132463556852,0.541388024781341,0.5162132463556852,SL,-0.00918762695645835,-0.01438762695645835,2.2,0.0044,-0.03165277930420837
API3/USDT:USDT,LONG,2025-08-18T06:15:00+00:00,2025-08-18T08:00:00+00:00,0.795,0.8709445918367346,0.8709445918367346,0.7771695306122449,TP,0.0955277884738799,0.0903277884738799,2.2,0.0044,0.1987211346425358
1000000BOB/USDT:USDT,LONG,2025-08-18T06:45:00+00:00,2025-08-18T08:10:00+00:00,0.07075,0.07029827120113413,0.07267403006924347,0.07029827120113413,SL,-0.006384859347927362,-0.011584859347927362,2.2,0.0044,-0.025486690565440197
1000BONK/USDC:USDC,LONG,2025-08-18T07:05:00+00:00,2025-08-18T08:45:00+00:00,0.022453,0.022329948444922035,0.02297710847533207,0.022329948444922035,SL,-0.005480405962586971,-0.01068040596258697,2.2,0.0044,-0.023496893117691337
1000PEPE/USDT:USDT,LONG,2025-08-18T06:20:00+00:00,2025-08-18T09:00:00+00:00,0.0106589,0.010605947084964599,0.010884440193669307,0.010605947084964599,SL,-0.0049679530754019475,-0.010167953075401947,2.2,0.0044,-0.022369496765884286
1000BONK/USDT:USDT,LONG,2025-08-18T07:50:00+00:00,2025-08-18T09:00:00+00:00,0.022358,0.022256076252094387,0.02279211966700538,0.022256076252094387,SL,-0.004558714907666729,-0.00975871490766673,2.2,0.0044,-0.021469172796866807
1000CAT/USDT:USDT,LONG,2025-08-18T08:00:00+00:00,2025-08-18T09:15:00+00:00,0.007786,0.007750314367622014,0.007937994360128462,0.007750314367622014,SL,-0.004583307523501989,-0.00978330752350199,2.2,0.0044,-0.02152327655170438
1000000BABYDOGE/USDT:USDT,LONG,2025-08-18T09:00:00+00:00,2025-08-18T09:45:00+00:00,0.0012515,0.001269072011209741,0.001269072011209741,0.0012473743973681478,TP,0.014040760055725946,0.008840760055725946,2.2,0.0044,0.019449672122597083
1000BONK/USDT:USDT,LONG,2025-08-18T09:00:00+00:00,2025-08-18T09:45:00+00:00,0.022248,0.02257925678653253,0.02257925678653253,0.022170226667509754,TP,0.014889283824727104,0.009689283824727104,2.2,0.0044,0.02131642441439963
1000CAT/USDT:USDT,LONG,2025-08-18T09:15:00+00:00,2025-08-18T09:45:00+00:00,0.007745,0.007868263599966768,0.007868263599966768,0.007716059850442585,TP,0.015915248543159125,0.010715248543159125,2.2,0.0044,0.02357354679495008
1000CHEEMS/USDT:USDT,LONG,2025-08-18T09:45:00+00:00,2025-08-18T09:50:00+00:00,0.0012701,0.0012656102301643777,0.0012892230937443167,0.0012656102301643777,SL,-0.0035349734947029486,-0.008734973494702949,2.2,0.0044,-0.01921694168834649
1000BONK/USDT:USDT,LONG,2025-08-18T09:45:00+00:00,2025-08-18T09:55:00+00:00,0.022608,0.022515289289421685,0.023002878952463186,0.022515289289421685,SL,-0.004100792223032301,-0.009300792223032301,2.2,0.0044,-0.020461742890671066
1000CAT/USDT:USDT,LONG,2025-08-18T09:45:00+00:00,2025-08-18T09:55:00+00:00,0.007869,0.007829180005665013,0.008038603679574942,0.007829180005665013,SL,-0.005060362731603233,-0.010260362731603233,2.2,0.0044,-0.022572798009527113
1000CHEEMS/USDT:USDT,LONG,2025-08-18T09:50:00+00:00,2025-08-18T10:05:00+00:00,0.0012645,0.0012597600708669223,0.001284688587048294,0.0012597600708669223,SL,-0.003748461157040477,-0.008948461157040477,2.2,0.0044,-0.01968661454548905
1000BONK/USDT:USDT,LONG,2025-08-18T09:55:00+00:00,2025-08-18T10:10:00+00:00,0.0225,0.02240774535669523,0.022892936443705502,0.02240774535669523,SL,-0.004100206369100912,-0.009300206369100911,2.2,0.0044,-0.020460454012022008
1000000BOB/USDT:USDT,LONG,2025-08-18T08:10:00+00:00,2025-08-18T10:20:00+00:00,0.06988,0.07162714248999434,0.07162714248999434,0.06946980132843611,TP,0.02500203906689101,0.019802039066891007,2.2,0.0044,0.04356448594716022
1000CAT/USDT:USDT,LONG,2025-08-18T09:55:00+00:00,2025-08-18T11:30:00+00:00,0.007828,0.007789450106925445,0.00799219398902125,0.007789450106925445,SL,-0.004924615875645757,-0.010124615875645757,2.2,0.0044,-0.022274154926420667
ADA/USDT:USDT,LONG,2025-08-18T06:15:00+00:00,2025-08-18T11:45:00+00:00,0.91081,0.9058858297376093,0.9317833177842566,0.9058858297376093,SL,-0.005406363854580725,-0.010606363854580724,2.2,0.0044,-0.023334000480077596
1000CHEEMS/USDT:USDT,LONG,2025-08-18T10:05:00+00:00,2025-08-18T11:50:00+00:00,0.0012596,0.0012551008220461474,0.0012787631653590024,0.0012551008220461474,SL,-0.0035719100935635503,-0.00877191009356355,2.2,0.0044,-0.01929820220583981
1000CAT/USDT:USDT,LONG,2025-08-18T11:30:00+00:00,2025-08-18T12:45:00+00:00,0.007769,0.00790218344421112,0.00790218344421112,0.007737730843533041,TP,0.017142932708343356,0.011942932708343356,2.2,0.0044,0.026274451958355385
1000BONK/USDC:USDC,LONG,2025-08-18T08:45:00+00:00,2025-08-18T12:50:00+00:00,0.022328,0.022687840039418462,0.022687840039418462,0.022243515816832187,TP,0.016116089189289758,0.010916089189289758,2.2,0.0044,0.02401539621643747
1000CHEEMS/USDT:USDT,LONG,2025-08-18T11:50:00+00:00,2025-08-18T12:50:00+00:00,0.0012549,0.0012680477313243785,0.0012680477313243785,0.0012518131413412328,TP,0.010477114769605922,0.005277114769605922,2.2,0.0044,0.011609652493133029
MEME/USDT:USDT,LONG,2025-08-18T12:50:00+00:00,2025-08-18T12:55:00+00:00,0.002191,0.0021598845392770552,0.00232352881419032,0.0021598845392770552,SL,-0.014201488235027189,-0.019401488235027187,2.2,0.0044,-0.04268327411705981
MEME/USDT:USDT,LONG,2025-08-18T12:55:00+00:00,2025-08-18T13:50:00+00:00,0.002134,0.0020994756436144087,0.002281048184605297,0.0020994756436144087,SL,-0.016178236356884423,-0.021378236356884427,2.2,0.0044,-0.04703211998514574
1000000BOB/USDT:USDT,LONG,2025-08-18T10:20:00+00:00,2025-08-18T13:55:00+00:00,0.07176,0.07132947459383188,0.07359371932256793,0.07132947459383188,SL,-0.005999517923190189,-0.011199517923190188,2.2,0.0044,-0.024638939431018417
1000PEPE/USDT:USDT,LONG,2025-08-18T11:45:00+00:00,2025-08-18T13:55:00+00:00,0.0106986,0.01066079993419587,0.010859600280276853,0.01066079993419587,SL,-0.003533178715358134,-0.008733178715358135,2.2,0.0044,-0.0192129931737879
REX/USDT:USDT,LONG,2025-08-18T12:45:00+00:00,2025-08-18T14:05:00+00:00,0.03415,0.033554931872568944,0.03668454943165079,0.033554931872568944,SL,-0.017425128182461374,-0.022625128182461374,2.2,0.0044,-0.049775282001415025
TAC/USDT:USDT,LONG,2025-08-18T12:50:00+00:00,2025-08-18T14:05:00+00:00,0.01514,0.01497052358709477,0.01586184398089265,0.01497052358709477,SL,-0.01119395065424246,-0.01639395065424246,2.2,0.0044,-0.036066691439333415
TAC/USDT:USDT,LONG,2025-08-18T14:05:00+00:00,2025-08-18T14:30:00+00:00,0.01497,0.014818646095514185,0.015614655519106251,0.014818646095514185,SL,-0.010110481261577556,-0.015310481261577556,2.2,0.0044,-0.03368305877547063
PLUME/USDT:USDT,LONG,2025-08-18T13:50:00+00:00,2025-08-18T15:00:00+00:00,0.09981,0.09868909626417818,0.10458421961553732,0.09868909626417818,SL,-0.011230375070852748,-0.016430375070852748,2.2,0.0044,-0.03614682515587605
MEME/USDT:USDT,LONG,2025-08-18T13:55:00+00:00,2025-08-18T15:10:00+00:00,0.002089,0.0020507030023823635,0.0022521168417047486,0.0020507030023823635,SL,-0.018332693928978776,-0.023532693928978776,2.2,0.0044,-0.05177192664375331
TAC/USDT:USDT,LONG,2025-08-18T14:30:00+00:00,2025-08-18T15:10:00+00:00,0.01477,0.014628616073551474,0.015372190797836312,0.014628616073551474,SL,-0.009572371458938772,-0.014772371458938772,2.2,0.0044,-0.0324992172096653
AIOT/USDT:USDT,LONG,2025-08-18T13:55:00+00:00,2025-08-18T15:40:00+00:00,1.03941,1.0845815034296038,1.0845815034296038,1.0288045165860928,TP,0.04345879242031908,0.03825879242031908,2.2,0.0044,0.08416934332470198
TAC/USDT:USDT,LONG,2025-08-18T15:10:00+00:00,2025-08-18T15:40:00+00:00,0.01459,0.014460430026806172,0.015141872108047792,0.014460430026806172,SL,-0.008880738395738785,-0.014080738395738784,2.2,0.0044,-0.03097762447062533
AIOT/USDT:USDT,LONG,2025-08-18T15:40:00+00:00,2025-08-18T15:50:00+00:00,1.13636,1.1191824416259288,1.2095236745562292,1.1191824416259288,SL,-0.015116299741341828,-0.02031629974134183,2.2,0.0044,-0.044695859430952035
BROCCOLIF3B/USDT:USDT,LONG,2025-08-18T15:10:00+00:00,2025-08-18T16:00:00+00:00,0.011751,0.012560544319151233,0.012560544319151233,0.011560933072894927,TP,0.06889152575535987,0.06369152575535987,2.2,0.0044,0.14012135666179173
BROCCOLIF3B/USDT:USDT,LONG,2025-08-18T16:00:00+00:00,2025-08-18T16:15:00+00:00,0.012794,0.01253537869985465,0.013895535167285752,0.01253537869985465,SL,-0.0202142645103447,-0.025414264510344703,2.2,0.0044,-0.05591138192275835
POL/USDT:USDT,LONG,2025-08-18T15:40:00+00:00,2025-08-18T16:25:00+00:00,0.25519,0.253365573979656,0.26296070341998357,0.253365573979656,SL,-0.0071492849263058685,-0.012349284926305869,2.2,0.0044,-0.027168426837872916
BROCCOLIF3B/USDT:USDT,LONG,2025-08-18T16:15:00+00:00,2025-08-18T16:30:00+00:00,0.012521,0.012251935642704322,0.013667014855148249,0.012251935642704322,SL,-0.021489046984719817,-0.02668904698471982,2.2,0.0044,-0.05871590336638361
BIO/USDT:USDT,LONG,2025-08-18T15:00:00+00:00,2025-08-18T16:55:00+00:00,0.13543,0.13326958301275457,0.14463177605678607,0.13326958301275457,SL,-0.01595227783537933,-0.021152277835379332,2.2,0.0044,-0.04653501123783454
1000BONK/USDT:USDT,LONG,2025-08-18T10:10:00+00:00,2025-08-18T17:30:00+00:00,0.022403,0.022784601955838552,0.022784601955838552,0.02231340649732486,TP,0.017033520324891888,0.011833520324891888,2.2,0.0044,0.026033744714762157
DOLO/USDT:USDT,LONG,2025-08-18T16:25:00+00:00,2025-08-18T17:30:00+00:00,0.203596,0.21042636228731618,0.21042636228731618,0.2019923497238475,TP,0.033548607474194865,0.028348607474194862,2.2,0.0044,0.0623669364432287
GOR/USDT:USDT,LONG,2025-08-18T17:30:00+00:00,2025-08-18T17:35:00+00:00,0.01665,0.016347219683521343,0.01793961986648317,0.016347219683521343,SL,-0.018185003992712206,-0.023385003992712206,2.2,0.0044,-0.05144700878396686
REX/USDT:USDT,LONG,2025-08-18T14:05:00+00:00,2025-08-18T17:45:00+00:00,0.03343,0.03582077072263416,0.03582077072263416,0.03286868861294676,TP,0.07151572607341194,0.06631572607341195,2.2,0.0044,0.1458945973615063
GOR/USDT:USDT,LONG,2025-08-18T17:35:00+00:00,2025-08-18T17:45:00+00:00,0.0162,0.015879503991841244,0.0175650755903058,0.015879503991841244,SL,-0.01978370420733055,-0.02498370420733055,2.2,0.0044,-0.054964149256127214
FHE/USDT:USDT,LONG,2025-08-18T16:55:00+00:00,2025-08-18T17:55:00+00:00,0.06939,0.06860928210050951,0.07271527994227428,0.06860928210050951,SL,-0.011251158661053213,-0.016451158661053213,2.2,0.0044,-0.03619254905431707
BIO/USDT:USDT,LONG,2025-08-18T17:45:00+00:00,2025-08-18T18:15:00+00:00,0.1356,0.1330111628450694,0.14662652862285264,0.1330111628450694,SL,-0.019091719431641643,-0.024291719431641642,2.2,0.0044,-0.053441782749611616
MEME/USDT:USDT,LONG,2025-08-18T17:55:00+00:00,2025-08-18T18:25:00+00:00,0.002123,0.0021003335541326194,0.00221954226943514,0.0021003335541326194,SL,-0.010676611336495771,-0.01587661133649577,2.2,0.0044,-0.0349285449402907
AIOT/USDT:USDT,LONG,2025-08-18T15:50:00+00:00,2025-08-18T18:50:00+00:00,1.11875,1.1961834846938915,1.1961834846938915,1.1005699644631732,TP,0.06921428799453994,0.06401428799453994,2.2,0.0044,0.1408314335879879
DOLO/USDT:USDT,LONG,2025-08-18T17:30:00+00:00,2025-08-18T19:50:00+00:00,0.212743,0.22101363006056224,0.22101363006056224,0.2108011998988245,TP,0.03887615602187734,0.03367615602187734,2.2,0.0044,0.07408754324813015
MEME/USDT:USDT,LONG,2025-08-18T18:25:00+00:00,2025-08-18T19:50:00+00:00,0.002099,0.002196391307378032,0.002196391307378032,0.0020761342147895055,TP,0.0463989077551367,0.041198907755136696,2.2,0.0044,0.09063759706130074
DOLO/USDT:USDT,LONG,2025-08-18T19:50:00+00:00,2025-08-18T20:00:00+00:00,0.222361,0.22032176338858778,0.23104663741897802,0.22032176338858778,SL,-0.009170837563296739,-0.014370837563296738,2.2,0.0044,-0.03161584263925283
MEME/USDT:USDT,LONG,2025-08-18T19:50:00+00:00,2025-08-18T20:00:00+00:00,0.002217,0.0021894991130424085,0.002334133407411962,0.0021894991130424085,SL,-0.012404549823000146,-0.017604549823000144,2.2,0.0044,-0.03873000961060032
GOR/USDT:USDT,LONG,2025-08-18T17:45:00+00:00,2025-08-18T22:35:00+00:00,0.01572,0.01539582538072026,0.017100743748784085,0.01539582538072026,SL,-0.020621795119576465,-0.02582179511957647,2.2,0.0044,-0.05680794926306824
AIOT/USDT:USDT,LONG,2025-08-18T18:50:00+00:00,2025-08-18T22:35:00+00:00,1.2168,1.305508908301654,1.305508908301654,1.1959726910943944,TP,0.0729034420625032,0.0677034420625032,2.2,0.0044,0.14894757253750704
DOLO/USDT:USDT,LONG,2025-08-18T20:00:00+00:00,2025-08-18T22:45:00+00:00,0.219327,0.21720408496260885,0.22836904552962897,0.21720408496260885,SL,-0.009679223430727402,-0.014879223430727402,2.2,0.0044,-0.03273429154760029
MEME/USDT:USDT,LONG,2025-08-18T20:00:00+00:00,2025-08-18T23:15:00+00:00,0.002176,0.0021480281127763626,0.002295139519656233,0.0021480281127763626,SL,-0.01285472758439216,-0.01805472758439216,2.2,0.0044,-0.03972040068566275
ZORA/USDT:USDT,LONG,2025-08-18T23:15:00+00:00,2025-08-18T23:30:00+00:00,0.11114,0.11024178170097645,0.11496574460695214,0.11024178170097645,SL,-0.008081863406726186,-0.013281863406726185,2.2,0.0044,-0.02922009949479761
AIOT/USDT:USDT,LONG,2025-08-18T22:35:00+00:00,2025-08-18T23:40:00+00:00,1.30588,1.282317775985088,1.4062376208042546,1.282317775985088,SL,-0.018043177026152508,-0.023243177026152508,2.2,0.0044,-0.05113498945753552
GOR/USDT:USDT,LONG,2025-08-18T22:35:00+00:00,2025-08-18T23:45:00+00:00,0.01537,0.015256282749975874,0.01585435125010276,0.015256282749975874,SL,-0.0073986499690387566,-0.012598649969038757,2.2,0.0044,-0.027717029931885268
ZORA/USDT:USDT,LONG,2025-08-18T23:45:00+00:00,2025-08-19T00:15:00+00:00,0.1089,0.10793274392699742,0.11301979438501097,0.10793274392699742,SL,-0.008882057603329439,-0.014082057603329439,2.2,0.0044,-0.030980526727324768
AIOT/USDT:USDT,LONG,2025-08-18T23:40:00+00:00,2025-08-19T00:20:00+00:00,1.27926,1.2596347883911934,1.3628488642597323,1.2596347883911934,SL,-0.0153410656229435,-0.0205410656229435,2.2,0.0044,-0.045190344370475706
XCN/USDT:USDT,LONG,2025-08-18T23:30:00+00:00,2025-08-19T01:30:00+00:00,0.01319,0.014104835191533518,0.014104835191533518,0.012975212607205175,TP,0.06935824044984969,0.06415824044984969,2.2,0.0044,0.14114812898966933
XCN/USDT:USDT,LONG,2025-08-19T01:30:00+00:00,2025-08-19T02:40:00+00:00,0.01418,0.01390046184221036,0.0153706254868818,0.01390046184221036,SL,-0.0197135513250804,-0.0249135513250804,2.2,0.0044,-0.054809812915176885
BROCCOLIF3B/USDT:USDT,LONG,2025-08-18T16:30:00+00:00,2025-08-19T03:20:00+00:00,0.012008,0.013273827564417166,0.013273827564417166,0.011710805702267273,TP,0.10541535346578668,0.10021535346578668,2.2,0.0044,0.22047377762473072
XCN/USDT:USDT,LONG,2025-08-19T02:40:00+00:00,2025-08-19T03:25:00+00:00,0.01389,0.01357380226570694,0.015236768127544511,0.01357380226570694,SL,-0.022764415715843006,-0.02796441571584301,2.2,0.0044,-0.06152171457485463
XCN/USDT:USDT,LONG,2025-08-19T03:25:00+00:00,2025-08-19T03:40:00+00:00,0.01357,0.013313860519860136,0.01466096445244757,0.013313860519860136,SL,-0.018875422265281085,-0.024075422265281088,2.2,0.0044,-0.0529659289836184
BROCCOLIF3B/USDT:USDT,LONG,2025-08-19T03:20:00+00:00,2025-08-19T03:55:00+00:00,0.013335,0.013144969819773863,0.014144387804666881,0.013144969819773863,SL,-0.014250482206684428,-0.01945048220668443,2.2,0.0044,-0.04279106085470575
XCN/USDT:USDT,LONG,2025-08-19T03:40:00+00:00,2025-08-19T04:00:00+00:00,0.01329,0.013049820394363235,0.014312987209193625,0.013049820394363235,SL,-0.018072205089297577,-0.02327220508929758,2.2,0.0044,-0.05119885119645468
FHE/USDT:USDT,LONG,2025-08-19T00:15:00+00:00,2025-08-19T04:05:00+00:00,0.07181,0.07108451009322278,0.07490004960293997,0.07108451009322278,SL,-0.010102909159966837,-0.015302909159966837,2.2,0.0044,-0.033666400151927046
REX/USDT:USDT,LONG,2025-08-18T18:15:00+00:00,2025-08-19T04:25:00+00:00,0.03488,0.03427672190785019,0.03744951779989735,0.03427672190785019,SL,-0.017295816862093298,-0.0224958168620933,2.2,0.0044,-0.04949079709660527
AIOT/USDT:USDT,LONG,2025-08-19T00:20:00+00:00,2025-08-19T04:55:00+00:00,1.25106,1.3389698057291004,1.3389698057291004,1.230420306480994,TP,0.0702682571012584,0.06506825710125841,2.2,0.0044,0.1431501656227685
DOLO/USDT:USDT,LONG,2025-08-18T22:45:00+00:00,2025-08-19T05:05:00+00:00,0.216157,0.2131328217861423,0.22903775905902346,0.2131328217861423,SL,-0.013990655929984677,-0.01919065592998468,2.2,0.0044,-0.0422194430459663
GOR/USDT:USDT,LONG,2025-08-19T04:25:00+00:00,2025-08-19T05:35:00+00:00,0.01542,0.016122597032056867,0.016122597032056867,0.015255042435951867,TP,0.04556400986101601,0.04036400986101601,2.2,0.0044,0.08880082169423523
BROCCOLIF3B/USDT:USDT,LONG,2025-08-19T05:05:00+00:00,2025-08-19T06:10:00+00:00,0.013197,0.0139103139832129,0.0139103139832129,0.013029526282202188,TP,0.05405122249093734,0.04885122249093734,2.2,0.0044,0.10747268948006215
KERNEL/USDT:USDT,LONG,2025-08-19T05:35:00+00:00,2025-08-19T06:10:00+00:00,0.2097,0.20769920118092727,0.21822192089605047,0.20769920118092727,SL,-0.00954124377240212,-0.014741243772402119,2.2,0.0044,-0.03243073629928466
KERNEL/USDT:USDT,LONG,2025-08-19T06:10:00+00:00,2025-08-19T06:15:00+00:00,0.207,0.2045350948003003,0.2174986702950172,0.2045350948003003,SL,-0.011907754587921211,-0.01710775458792121,2.2,0.0044,-0.03763706009342667
AIOT/USDT:USDT,LONG,2025-08-19T04:55:00+00:00,2025-08-19T06:30:00+00:00,1.3477,1.4432184740592378,1.4432184740592378,1.325273923481744,TP,0.07087517552811298,0.06567517552811299,2.2,0.0044,0.14448538616184858
BIO/USDT:USDT,LONG,2025-08-19T06:15:00+00:00,2025-08-19T06:30:00+00:00,0.13925,0.1377896362177095,0.14547006796160775,0.1377896362177095,SL,-0.01048735211698745,-0.01568735211698745,2.2,0.0044,-0.03451217465737239
MYRO/USDT:USDT,LONG,2025-08-19T04:00:00+00:00,2025-08-19T06:55:00+00:00,0.02757,0.029188865522174916,0.029188865522174916,0.027189918529576324,TP,0.0587183722225214,0.0535183722225214,2.2,0.0044,0.11774041888954709
MYRO/USDT:USDT,LONG,2025-08-19T06:55:00+00:00,2025-08-19T07:05:00+00:00,0.0293,0.028911395487291814,0.030955167368942264,0.028911395487291814,SL,-0.013262952652156507,-0.018462952652156507,2.2,0.0044,-0.04061849583474432
BROCCOLIF3B/USDT:USDT,LONG,2025-08-19T06:10:00+00:00,2025-08-19T07:35:00+00:00,0.01394,0.013736915943869644,0.014804987646481138,0.013736915943869644,SL,-0.01456844018151756,-0.019768440181517563,2.2,0.0044,-0.043490568399338646
BIO/USDT:USDT,LONG,2025-08-19T06:30:00+00:00,2025-08-19T07:35:00+00:00,0.13744,0.1359040508638148,0.14398200558004817,0.1359040508638148,SL,-0.011175415717296352,-0.01637541571729635,2.2,0.0044,-0.036025914578051974
MYRO/USDT:USDT,LONG,2025-08-19T07:05:00+00:00,2025-08-19T07:45:00+00:00,0.02857,0.02816406651710366,0.030298975945669607,0.02816406651710366,SL,-0.014208382320487982,-0.019408382320487985,2.2,0.0044,-0.04269844110507357
BIO/USDT:USDT,LONG,2025-08-19T07:45:00+00:00,2025-08-19T07:55:00+00:00,0.13591,0.13389474979228,0.1444934731069556,0.13389474979228,SL,-0.014827828766978177,-0.02002782876697818,2.2,0.0044,-0.044061223287352
AIOT/USDT:USDT,LONG,2025-08-19T06:30:00+00:00,2025-08-19T08:00:00+00:00,1.44363,1.4154929765580055,1.56347287762331,1.4154929765580055,SL,-0.01949046739261059,-0.02469046739261059,2.2,0.0044,-0.0543190282637433
ARPA/USDT:USDT,LONG,2025-08-19T07:55:00+00:00,2025-08-19T08:00:00+00:00,0.02418,0.023891710934999606,0.025407897869446118,0.023891710934999606,SL,-0.01192262468984262,-0.01712262468984262,2.2,0.0044,-0.03766977431765377
BROCCOLI/USDT:USDT,LONG,2025-08-19T08:00:00+00:00,2025-08-19T08:10:00+00:00,0.02743,0.02720680138723155,0.028380660758087838,0.02720680138723155,SL,-0.008137025620431934,-0.013337025620431934,2.2,0.0044,-0.029341456364950256
BROCCOLIF3B/USDT:USDT,LONG,2025-08-19T07:35:00+00:00,2025-08-19T08:40:00+00:00,0.013585,0.01328823996845351,0.014848977912142455,0.01328823996845351,SL,-0.021844683956311332,-0.027044683956311336,2.2,0.0044,-0.059498304703884945
IDOL/USDT:USDT,LONG,2025-08-19T08:10:00+00:00,2025-08-19T08:40:00+00:00,0.01239,0.012307686334769669,0.012740595240795852,0.012307686334769669,SL,-0.0066435565157652475,-0.011843556515765248,2.2,0.0044,-0.026055824334683547
UMA/USDT:USDT,LONG,2025-08-19T08:40:00+00:00,2025-08-19T09:20:00+00:00,1.323,1.3977859355075486,1.3977859355075486,1.305441562967793,TP,0.05652754006617433,0.05132754006617433,2.2,0.0044,0.11292058814558353
UMA/USDT:USDT,LONG,2025-08-19T09:20:00+00:00,2025-08-19T09:30:00+00:00,1.438,1.4130360117433778,1.5443280981300571,1.4130360117433778,SL,-0.01736021436482765,-0.02256021436482765,2.2,0.0044,-0.04963247160262083
UMA/USDT:USDT,LONG,2025-08-19T09:30:00+00:00,2025-08-19T09:40:00+00:00,1.407,1.3769396223705657,1.5350349417549984,1.3769396223705657,SL,-0.021364873937053563,-0.026564873937053562,2.2,0.0044,-0.05844272266151784
ARPA/USDT:USDT,LONG,2025-08-19T08:40:00+00:00,2025-08-19T09:55:00+00:00,0.02363,0.023225374833836233,0.025353403485512356,0.023225374833836233,SL,-0.017123367167319888,-0.02232336716731989,2.2,0.0044,-0.049111407768103764
CTC/USDT:USDT,LONG,2025-08-19T09:55:00+00:00,2025-08-19T10:10:00+00:00,0.7705,0.7567927913545374,0.8288825553417852,0.7567927913545374,SL,-0.017790017709880077,-0.02299001770988008,2.2,0.0044,-0.05057803896173618
AIOT/USDT:USDT,LONG,2025-08-19T08:00:00+00:00,2025-08-19T10:25:00+00:00,1.40928,1.5480726140245316,1.5480726140245316,1.3766939080116318,TP,0.09848476812594478,0.09328476812594479,2.2,0.0044,0.20522648987707853
CTC/USDT:USDT,LONG,2025-08-19T10:10:00+00:00,2025-08-19T10:25:00+00:00,0.7512,0.7348143785006992,0.8209906100896145,0.7348143785006992,SL,-0.021812595180112866,-0.02701259518011287,2.2,0.0044,-0.059427709396248314
UMA/USDT:USDT,LONG,2025-08-19T09:40:00+00:00,2025-08-19T10:35:00+00:00,1.37,1.3400361029623755,1.4976240059009935,1.3400361029623755,SL,-0.021871457691696777,-0.027071457691696776,2.2,0.0044,-0.059557206921732914
GOR/USDT:USDT,LONG,2025-08-19T10:25:00+00:00,2025-08-19T10:35:00+00:00,0.01694,0.016792001527342195,0.01757036386502399,0.016792001527342195,SL,-0.008736627665750007,-0.013936627665750007,2.2,0.0044,-0.030660580864650018
AIOT/USDT:USDT,LONG,2025-08-19T10:25:00+00:00,2025-08-19T10:45:00+00:00,1.55259,1.5223500790493945,1.6813896633081344,1.5223500790493945,SL,-0.019477080845944815,-0.024677080845944818,2.2,0.0044,-0.0542895778610786
AIOT/USDT:USDT,LONG,2025-08-19T10:45:00+00:00,2025-08-19T11:30:00+00:00,1.51672,1.6380854343435973,1.6380854343435973,1.4882255067193295,TP,0.08001835166912631,0.07481835166912632,2.2,0.0044,0.16460037367207792
GOR/USDT:USDT,LONG,2025-08-19T10:35:00+00:00,2025-08-19T11:55:00+00:00,0.01675,0.016597758459800157,0.01739843618974007,0.016597758459800157,SL,-0.009089047176110093,-0.014289047176110093,2.2,0.0044,-0.03143590378744221
AIOT/USDT:USDT,LONG,2025-08-19T11:30:00+00:00,2025-08-19T11:55:00+00:00,1.65879,1.8104951074806916,1.8104951074806916,1.6231722791132288,TP,0.09145528215186471,0.08625528215186472,2.2,0.0044,0.18976162073410238
AIOT/USDT:USDT,LONG,2025-08-19T11:55:00+00:00,2025-08-19T12:00:00+00:00,1.84697,1.7898607412231289,2.090213139234821,1.7898607412231289,SL,-0.030920512394284217,-0.03612051239428422,2.2,0.0044,-0.07946512726742529
PUMPBTC/USDT:USDT,LONG,2025-08-19T11:55:00+00:00,2025-08-19T12:05:00+00:00,0.04318,0.04270465333647942,0.04520462467795804,0.04270465333647942,SL,-0.011008491512750816,-0.016208491512750816,2.2,0.0044,-0.0356586813280518
AIOT/USDT:USDT,LONG,2025-08-19T12:00:00+00:00,2025-08-19T12:05:00+00:00,1.7845,1.724022602564334,2.042088915003762,1.724022602564334,SL,-0.03389038802783191,-0.039090388027831914,2.2,0.0044,-0.08599885366123022
XCN/USDT:USDT,LONG,2025-08-19T04:05:00+00:00,2025-08-19T14:00:00+00:00,0.01291,0.013913545564837435,0.013913545564837435,0.012674384954342515,TP,0.07773397094015766,0.07253397094015766,2.2,0.0044,0.15957473606834688
UMA/USDT:USDT,LONG,2025-08-19T14:00:00+00:00,2025-08-19T14:45:00+00:00,1.368,1.3504923690896125,1.4425695390627624,1.3504923690896125,SL,-0.012797975811686879,-0.017997975811686877,2.2,0.0044,-0.03959554678571113
BROCCOLIF3B/USDT:USDT,LONG,2025-08-19T14:45:00+00:00,2025-08-19T15:00:00+00:00,0.014122,0.013857185160844571,0.015249915055662009,0.013857185160844571,SL,-0.01875193592659877,-0.02395193592659877,2.2,0.0044,-0.0526942590385173
API3/USDT:USDT,LONG,2025-08-19T07:35:00+00:00,2025-08-19T15:45:00+00:00,1.4369,1.356309166667947,1.7801572530809668,1.356309166667947,SL,-0.05608659846339556,-0.06128659846339556,2.2,0.0044,-0.13483051661947024
API3/USDT:USDT,LONG,2025-08-19T15:45:00+00:00,2025-08-19T16:35:00+00:00,1.3523,1.318393484029197,1.4967166420978646,1.318393484029197,SL,-0.025073220417660993,-0.030273220417660993,2.2,0.0044,-0.06660108491885419
PUMPBTC/USDT:USDT,LONG,2025-08-19T12:05:00+00:00,2025-08-19T16:50:00+00:00,0.04259,0.04209208170339297,0.044710763115178104,0.04209208170339297,SL,-0.011690967283564934,-0.016890967283564935,2.2,0.0044,-0.03716012802384286
RARE/USDT:USDT,LONG,2025-08-19T16:50:00+00:00,2025-08-19T17:00:00+00:00,0.05858,0.05785181868958539,0.06168151298880298,0.05785181868958539,SL,-0.012430544732239878,-0.017630544732239878,2.2,0.0044,-0.03878719841092773
CUDIS/USDT:USDT,LONG,2025-08-19T03:55:00+00:00,2025-08-19T17:35:00+00:00,0.10421,0.10929179492295277,0.10929179492295277,0.10301688293113283,TP,0.04876494504320862,0.04356494504320862,2.2,0.0044,0.09584287909505897
VELVET/USDT:USDT,LONG,2025-08-19T17:00:00+00:00,2025-08-19T18:15:00+00:00,0.06063,0.06364953441731229,0.06364953441731229,0.05992106583245712,TP,0.0498026458405457,0.0446026458405457,2.2,0.0044,0.09812582084920055
VELVET/USDT:USDT,LONG,2025-08-19T18:15:00+00:00,2025-08-19T18:25:00+00:00,0.06399,0.06279339060765289,0.06908666963407106,0.06279339060765289,SL,-0.018699943621614538,-0.023899943621614538,2.2,0.0044,-0.05257987596755199
AIOT/USDT:USDT,LONG,2025-08-19T12:05:00+00:00,2025-08-19T20:25:00+00:00,1.64009,1.9401869925034938,1.9401869925034938,1.5696324452383101,TP,0.18297592967672124,0.17777592967672123,2.2,0.0044,0.39110704528878676
AIOT/USDT:USDT,LONG,2025-08-19T20:25:00+00:00,2025-08-19T21:10:00+00:00,1.95958,1.9070266365519943,2.1834183998711354,1.9070266365519943,SL,-0.026818687396281734,-0.032018687396281734,2.2,0.0044,-0.07044111227181982
M/USDT:USDT,LONG,2025-08-19T21:10:00+00:00,2025-08-19T21:25:00+00:00,0.4433,0.4813403589249112,0.4813403589249112,0.43436878529589046,TP,0.08581177289625806,0.08061177289625807,2.2,0.0044,0.17734590037176776
M/USDT:USDT,LONG,2025-08-19T21:25:00+00:00,2025-08-19T21:35:00+00:00,0.4857,0.47361261709004054,0.5371832975794569,0.47361261709004054,SL,-0.02488652030051364,-0.03008652030051364,2.2,0.0044,-0.06619034466113001
VELVET/USDT:USDT,LONG,2025-08-19T18:25:00+00:00,2025-08-19T22:30:00+00:00,0.0627,0.06792609779672454,0.06792609779672454,0.06147300312598642,TP,0.08335084205302284,0.07815084205302285,2.2,0.0044,0.17193185251665027
M/USDT:USDT,LONG,2025-08-19T21:35:00+00:00,2025-08-19T22:35:00+00:00,0.4721,0.4575505728990656,0.5340697820965726,0.4575505728990656,SL,-0.030818528068067,-0.036018528068067004,2.2,0.0044,-0.07924076174974741
IDOL/USDT:USDT,LONG,2025-08-19T17:35:00+00:00,2025-08-19T22:40:00+00:00,0.01299,0.013521303676431794,0.013521303676431794,0.012865259136837752,TP,0.0409009758608002,0.0357009758608002,2.2,0.0044,0.07854214689376045
VELVET/USDT:USDT,LONG,2025-08-19T22:30:00+00:00,2025-08-19T22:40:00+00:00,0.06864,0.06737767583324823,0.07401656589542424,0.06737767583324823,SL,-0.018390503594868504,-0.023590503594868507,2.2,0.0044,-0.05189910790871072
M/USDT:USDT,LONG,2025-08-19T22:35:00+00:00,2025-08-19T22:45:00+00:00,0.4261,0.4070150014927865,0.5073879566047981,0.4070150014927865,SL,-0.04478995190615691,-0.04998995190615691,2.2,0.0044,-0.10997789419354521
AIOT/USDT:USDT,LONG,2025-08-19T22:45:00+00:00,2025-08-19T23:00:00+00:00,1.7862,1.7373853405890134,1.9941142900838318,1.7373853405890134,SL,-0.027328775843123175,-0.03252877584312318,2.2,0.0044,-0.071563306854871
OBOL/USDT:USDT,LONG,2025-08-19T15:00:00+00:00,2025-08-19T23:15:00+00:00,0.11644,0.11536040845737687,0.12103826027413558,0.11536040845737687,SL,-0.009271655295629781,-0.014471655295629781,2.2,0.0044,-0.03183764165038552
UMA/USDT:USDT,LONG,2025-08-19T23:15:00+00:00,2025-08-19T23:20:00+00:00,1.466,1.4464145276853568,1.54941960430311,1.4464145276853568,SL,-0.013359803761693819,-0.01855980376169382,2.2,0.0044,-0.040831568275726406
REX/USDT:USDT,LONG,2025-08-19T22:40:00+00:00,2025-08-19T23:25:00+00:00,0.03868,0.03820155031790407,0.04071784123855673,0.03820155031790407,SL,-0.01236943335304879,-0.01756943335304879,2.2,0.0044,-0.038652753376707344
REX/USDT:USDT,LONG,2025-08-19T23:25:00+00:00,2025-08-19T23:40:00+00:00,0.03811,0.03763530821117885,0.0401318353968308,0.03763530821117885,SL,-0.01245583282133683,-0.017655832821336828,2.2,0.0044,-0.03884283220694103
API3/USDT:USDT,LONG,2025-08-19T16:35:00+00:00,2025-08-20T00:15:00+00:00,1.313,1.2788398769746032,1.4584968202933564,1.2788398769746032,SL,-0.026016849219647167,-0.031216849219647166,2.2,0.0044,-0.06867706828322377
UMA/USDT:USDT,LONG,2025-08-19T23:20:00+00:00,2025-08-20T00:15:00+00:00,1.44,1.4184192042792598,1.531918203995745,1.4184192042792598,SL,-0.014986663694958418,-0.020186663694958418,2.2,0.0044,-0.04441066012890852
REX/USDT:USDT,LONG,2025-08-19T23:40:00+00:00,2025-08-20T00:20:00+00:00,0.03761,0.03713415996354225,0.03963672608120892,0.03713415996354225,SL,-0.012651955236845116,-0.017851955236845116,2.2,0.0044,-0.039274301521059256
M/USDT:USDT,LONG,2025-08-19T23:00:00+00:00,2025-08-20T00:30:00+00:00,0.4241,0.40600989356603867,0.5011504533298352,0.40600989356603867,SL,-0.04265528515435347,-0.04785528515435347,2.2,0.0044,-0.10528162733957765
UMA/USDT:USDT,LONG,2025-08-20T00:15:00+00:00,2025-08-20T01:35:00+00:00,1.413,1.3871538927322373,1.5230852716960268,1.3871538927322373,SL,-0.0182916541173126,-0.023491654117312605,2.2,0.0044,-0.05168163905808774
REX/USDT:USDT,LONG,2025-08-20T00:20:00+00:00,2025-08-20T02:00:00+00:00,0.0367,0.036235385004047126,0.03867891572350301,0.036235385004047126,SL,-0.012659809154029367,-0.01785980915402937,2.2,0.0044,-0.039291580138864614
VELVET/USDT:USDT,LONG,2025-08-19T22:40:00+00:00,2025-08-20T02:45:00+00:00,0.06656,0.06519809599907626,0.0723607022261566,0.06519809599907626,SL,-0.02046129809080124,-0.02566129809080124,2.2,0.0044,-0.05645485579976273
X/USDT:USDT,LONG,2025-08-20T00:15:00+00:00,2025-08-20T02:45:00+00:00,5.548e-05,5.7219302654952324e-05,5.7219302654952324e-05,5.507164198535901e-05,TP,0.03135008390325031,0.026150083903250305,2.2,0.0044,0.05753018458715067
X/USDT:USDT,LONG,2025-08-20T02:45:00+00:00,2025-08-20T02:55:00+00:00,5.733e-05,5.688918021059047e-05,5.9207565769707265e-05,5.688918021059047e-05,SL,-0.007689164301579089,-0.01288916430157909,2.2,0.0044,-0.028356161463474
GOR/USDT:USDT,LONG,2025-08-20T02:55:00+00:00,2025-08-20T03:05:00+00:00,0.01606,0.015987299104325677,0.016369651963057306,0.015987299104325677,SL,-0.004526830365773651,-0.009726830365773651,2.2,0.0044,-0.021399026804702036
TAI/USDT:USDT,LONG,2025-08-20T03:05:00+00:00,2025-08-20T03:45:00+00:00,0.06012,0.059796913702348166,0.061496108304813356,0.059796913702348166,SL,-0.005374023580369826,-0.010574023580369827,2.2,0.0044,-0.023262851876813623
UMA/USDT:USDT,LONG,2025-08-20T02:45:00+00:00,2025-08-20T03:50:00+00:00,1.469,1.5528556870153982,1.5528556870153982,1.4493121430485587,TP,0.0570835173692295,0.0518835173692295,2.2,0.0044,0.1141437382123049
USELESS/USDT:USDT,LONG,2025-08-20T01:35:00+00:00,2025-08-20T04:05:00+00:00,0.2728,0.2700514452521592,0.28450680725932204,0.2700514452521592,SL,-0.010075347316131978,-0.015275347316131978,2.2,0.0044,-0.033605764095490355
X/USDT:USDT,LONG,2025-08-20T03:45:00+00:00,2025-08-20T04:20:00+00:00,5.664e-05,5.606270539317905e-05,5.9098847399422567e-05,5.606270539317905e-05,SL,-0.010192348284268214,-0.015392348284268213,2.2,0.0044,-0.033863166225390075
HOUSE/USDT:USDT,LONG,2025-08-20T04:05:00+00:00,2025-08-20T04:35:00+00:00,0.01776,0.017645258047687084,0.018248715722814283,0.017645258047687084,SL,-0.006460695513114727,-0.011660695513114726,2.2,0.0044,-0.025653530128852402
REDSTONE/USDT:USDT,LONG,2025-08-20T04:35:00+00:00,2025-08-20T04:40:00+00:00,0.3876,0.3851192930719925,0.3981659739526246,0.3851192930719925,SL,-0.0064001726728779755,-0.011600172672877976,2.2,0.0044,-0.02552037988033155
UMA/USDT:USDT,LONG,2025-08-20T03:50:00+00:00,2025-08-20T05:25:00+00:00,1.553,1.5265433870613867,1.6656855736274268,1.5265433870613867,SL,-0.01703581000554619,-0.02223581000554619,2.2,0.0044,-0.04891878201220162
MEME/USDT:USDT,LONG,2025-08-20T02:00:00+00:00,2025-08-20T05:35:00+00:00,0.002148,0.0022195849323505415,0.0022195849323505415,0.0021311931028394383,TP,0.03332631859894849,0.028126318598948485,2.2,0.0044,0.061877900917686676
GOR/USDT:USDT,LONG,2025-08-20T05:35:00+00:00,2025-08-20T05:45:00+00:00,0.01654,0.01644563984481854,0.016941904364661763,0.01644563984481854,SL,-0.0057049670605477405,-0.01090496706054774,2.2,0.0044,-0.02399092753320503
HOUSE/USDT:USDT,LONG,2025-08-20T04:40:00+00:00,2025-08-20T05:50:00+00:00,0.01769,0.018152916810422876,0.018152916810422876,0.017581315183639847,TP,0.02616827645126486,0.02096827645126486,2.2,0.0044,0.0461302081927827
HOUSE/USDT:USDT,LONG,2025-08-20T05:50:00+00:00,2025-08-20T06:05:00+00:00,0.01816,0.018052147148992913,0.01861937325428945,0.018052147148992913,SL,-0.005939033645764663,-0.011139033645764664,2.2,0.0044,-0.024505874020682262
UMA/USDT:USDT,LONG,2025-08-20T05:25:00+00:00,2025-08-20T06:10:00+00:00,1.526,1.4986020274738843,1.6426950681667891,1.4986020274738843,SL,-0.01795411043651098,-0.02315411043651098,2.2,0.0044,-0.05093904296032416
GRASS/USDT:USDT,LONG,2025-08-20T04:20:00+00:00,2025-08-20T06:25:00+00:00,0.7902,0.7845051917078174,0.8144556649481851,0.7845051917078174,SL,-0.007206793586664904,-0.012406793586664903,2.2,0.0044,-0.02729494589066279
GOR/USDT:USDT,LONG,2025-08-20T05:45:00+00:00,2025-08-20T06:30:00+00:00,0.0164,0.0163056343559915,0.016801927742999177,0.0163056343559915,SL,-0.005754002683445232,-0.010954002683445232,2.2,0.0044,-0.02409880590357951
BROCCOLIF3B/USDT:USDT,LONG,2025-08-20T06:05:00+00:00,2025-08-20T06:30:00+00:00,0.012861,0.01277909799184185,0.013209841886599525,0.01277909799184185,SL,-0.006368245716363388,-0.011568245716363388,2.2,0.0044,-0.025450140575999456
AERO/USDT:USDT,LONG,2025-08-20T06:30:00+00:00,2025-08-20T06:55:00+00:00,1.3212,1.314468432169804,1.3498714926100943,1.314468432169804,SL,-0.005095040743412063,-0.010295040743412063,2.2,0.0044,-0.02264908963550654
BROCCOLIF3B/USDT:USDT,LONG,2025-08-20T06:30:00+00:00,2025-08-20T07:00:00+00:00,0.01276,0.012681057661177143,0.013096235887578833,0.012681057661177143,SL,-0.006186703669502913,-0.011386703669502913,2.2,0.0044,-0.02505074807290641
API3/USDT:USDT,LONG,2025-08-20T06:55:00+00:00,2025-08-20T07:05:00+00:00,1.46,1.4356539998551614,1.5636959265428305,1.4356539998551614,SL,-0.01667534256495792,-0.02187534256495792,2.2,0.0044,-0.04812575364290743
API3/USDT:USDT,LONG,2025-08-20T07:05:00+00:00,2025-08-20T07:35:00+00:00,1.4296,1.5315908754374405,1.5315908754374405,1.4056543162016444,TP,0.07134224638880846,0.06614224638880846,2.2,0.0044,0.14551294205537862
AERO/USDT:USDT,LONG,2025-08-20T07:00:00+00:00,2025-08-20T07:55:00+00:00,1.3253,1.3177394003047596,1.357502554257505,1.3177394003047596,SL,-0.005704821319882568,-0.010904821319882569,2.2,0.0044,-0.023990606903741652
API3/USDT:USDT,LONG,2025-08-20T07:35:00+00:00,2025-08-20T08:00:00+00:00,1.5331,1.503182116641841,1.660528021710676,1.503182116641841,SL,-0.019514632677684964,-0.024714632677684964,2.2,0.0044,-0.054372191890906925
PHA/USDT:USDT,LONG,2025-08-20T07:55:00+00:00,2025-08-20T08:05:00+00:00,0.11747,0.11610099849974058,0.12330093231591978,0.11610099849974058,SL,-0.011654052100616546,-0.016854052100616544,2.2,0.0044,-0.0370789146213564
API3/USDT:USDT,LONG,2025-08-20T08:00:00+00:00,2025-08-20T08:20:00+00:00,1.4882,1.457370589736232,1.6195104511234568,1.457370589736232,SL,-0.020715905297519193,-0.025915905297519193,2.2,0.0044,-0.05701499165454223
TAI/USDT:USDT,LONG,2025-08-20T08:05:00+00:00,2025-08-20T10:10:00+00:00,0.0636,0.0631041069420985,0.06571213709846935,0.0631041069420985,SL,-0.007797060658828621,-0.012997060658828621,2.2,0.0044,-0.02859353344942297
HYPERLANE/USDT:USDT,LONG,2025-08-20T10:10:00+00:00,2025-08-20T10:20:00+00:00,0.36,0.35559840590629443,0.37874753039911613,0.35559840590629443,SL,-0.0122266502602932,-0.0174266502602932,2.2,0.0044,-0.03833863057264504
CUDIS/USDT:USDT,LONG,2025-08-20T10:20:00+00:00,2025-08-20T10:30:00+00:00,0.12246,0.11942897307289248,0.13536992950434684,0.11942897307289248,SL,-0.024751158967071057,-0.02995115896707106,2.2,0.0044,-0.06589254972755634
VVV/USDT:USDT,LONG,2025-08-20T06:25:00+00:00,2025-08-20T10:45:00+00:00,4.291,4.408748634236437,4.408748634236437,4.263354668483619,TP,0.027440837622101245,0.022240837622101245,2.2,0.0044,0.04892984276862274
M/USDT:USDT,LONG,2025-08-20T00:30:00+00:00,2025-08-20T10:50:00+00:00,0.405,0.4438614411114847,0.4438614411114847,0.3958760094781732,TP,0.09595417558391271,0.09075417558391272,2.2,0.0044,0.199659186284608
HYPERLANE/USDT:USDT,LONG,2025-08-20T10:45:00+00:00,2025-08-20T10:55:00+00:00,0.3592,0.353969555071654,0.3814778209911034,0.353969555071654,SL,-0.014561372294949922,-0.019761372294949925,2.2,0.0044,-0.04347501904888984
BIO/USDT:USDT,LONG,2025-08-20T10:30:00+00:00,2025-08-20T11:15:00+00:00,0.14098,0.14735368849244015,0.14735368849244015,0.13948356878873144,TP,0.045209877233935034,0.04000987723393503,2.2,0.0044,0.08802172991465708
KERNEL/USDT:USDT,LONG,2025-08-20T10:50:00+00:00,2025-08-20T11:15:00+00:00,0.2244,0.22115509195978955,0.2382209046157111,0.22115509195978955,SL,-0.014460374510741699,-0.0196603745107417,2.2,0.0044,-0.04325282392363174
API3/USDT:USDT,LONG,2025-08-20T08:20:00+00:00,2025-08-20T11:25:00+00:00,1.4406,1.4085987961645283,1.576901423743676,1.4085987961645283,SL,-0.02221380246804927,-0.027413802468049274,2.2,0.0044,-0.060310365429708405
HYPERLANE/USDT:USDT,LONG,2025-08-20T10:55:00+00:00,2025-08-20T11:30:00+00:00,0.3529,0.34755417758729346,0.37566924360967585,0.34755417758729346,SL,-0.015148264133484092,-0.02034826413348409,2.2,0.0044,-0.044766181093665
MEME/USDT:USDT,LONG,2025-08-20T11:15:00+00:00,2025-08-20T11:35:00+00:00,0.002323,0.0022963184271005462,0.002436643736423599,0.0022963184271005462,SL,-0.011485825613195763,-0.016685825613195763,2.2,0.0044,-0.036708816349030685
PUMP/USDT:USDT,LONG,2025-08-20T06:10:00+00:00,2025-08-20T11:40:00+00:00,0.003001,0.002977819650002292,0.0030997311203606087,0.002977819650002292,SL,-0.0077242085963705924,-0.012924208596370593,2.2,0.0044,-0.028433258912015306
KERNEL/USDT:USDT,LONG,2025-08-20T11:25:00+00:00,2025-08-20T11:50:00+00:00,0.2211,0.21795966522838875,0.23447549995315903,0.21795966522838875,SL,-0.014203232797879882,-0.01940323279787988,2.2,0.0044,-0.04268711215533574
BIO/USDT:USDT,LONG,2025-08-20T11:15:00+00:00,2025-08-20T12:10:00+00:00,0.14928,0.15732144479143012,0.15732144479143012,0.14739200861418597,TP,0.05386819929950512,0.04866819929950512,2.2,0.0044,0.10707003845891126
CFX/USDT:USDT,LONG,2025-08-20T11:50:00+00:00,2025-08-20T12:25:00+00:00,0.18526,0.18257442215150316,0.19669857231767174,0.18257442215150316,SL,-0.014496263891270919,-0.019696263891270917,2.2,0.0044,-0.04333178056079602
CTC/USDT:USDT,LONG,2025-08-19T10:35:00+00:00,2025-08-20T13:10:00+00:00,0.7401,0.7252484815193447,0.8033564676027906,0.7252484815193447,SL,-0.020066907824152474,-0.025266907824152474,2.2,0.0044,-0.055587197213135445
MEME/USDT:USDT,LONG,2025-08-20T12:25:00+00:00,2025-08-20T14:15:00+00:00,0.002342,0.0024450668358377216,0.0024450668358377216,0.002317801699412013,TP,0.044008042629257775,0.03880804262925777,2.2,0.0044,0.0853776937843671
MEME/USDT:USDT,LONG,2025-08-20T14:15:00+00:00,2025-08-20T14:40:00+00:00,0.002446,0.0025924621630615432,0.0025924621630615432,0.002411613231281203,TP,0.059878235102838684,0.05467823510283868,2.2,0.0044,0.12029211722624511
BIO/USDT:USDT,LONG,2025-08-20T12:10:00+00:00,2025-08-20T15:00:00+00:00,0.15771,0.1701297534045794,0.1701297534045794,0.15479405789631612,TP,0.07875057640339486,0.07355057640339487,2.2,0.0044,0.1618112680874687
MEME/USDT:USDT,LONG,2025-08-20T14:40:00+00:00,2025-08-20T15:00:00+00:00,0.002594,0.002552042932859247,0.002772706026710615,0.002552042932859247,SL,-0.016174659653335793,-0.021374659653335792,2.2,0.0044,-0.04702425123733875
M/USDT:USDT,LONG,2025-08-20T11:35:00+00:00,2025-08-20T15:05:00+00:00,0.4565,0.4490838245191614,0.4880874140850534,0.4490838245191614,SL,-0.016245729421333222,-0.021445729421333222,2.2,0.0044,-0.04718060472693309
CROSS/USDT:USDT,LONG,2025-08-20T13:10:00+00:00,2025-08-20T15:20:00+00:00,0.23645,0.24663369886607286,0.24663369886607286,0.23405904461405244,TP,0.043069143015744854,0.03786914301574485,2.2,0.0044,0.08331211463463868
HYPERLANE/USDT:USDT,LONG,2025-08-20T11:30:00+00:00,2025-08-20T15:30:00+00:00,0.3465,0.3690472913028191,0.3690472913028191,0.3412062881289033,TP,0.06507154777148377,0.05987154777148377,2.2,0.0044,0.13171740509726432
BIO/USDT:USDT,LONG,2025-08-20T15:00:00+00:00,2025-08-20T15:30:00+00:00,0.17247,0.16882538996040905,0.18799333905751703,0.16882538996040905,SL,-0.02113184924677313,-0.026331849246773134,2.2,0.0044,-0.057930068342900896
REX/USDT:USDT,LONG,2025-08-20T11:40:00+00:00,2025-08-20T15:35:00+00:00,0.03946,0.04213845447876796,0.04213845447876796,0.038831145470202305,TP,0.06787771106862543,0.06267771106862544,2.2,0.0044,0.13789096435097598
BIO/USDT:USDT,LONG,2025-08-20T15:30:00+00:00,2025-08-20T15:40:00+00:00,0.16858,0.1653393648394552,0.18238270531343165,0.1653393648394552,SL,-0.019223129437328384,-0.024423129437328384,2.2,0.0044,-0.05373088476212245
REX/USDT:USDT,LONG,2025-08-20T15:35:00+00:00,2025-08-20T15:45:00+00:00,0.04235,0.04177402426686071,0.044803229974482175,0.04177402426686071,SL,-0.013600371502698742,-0.01880037150269874,2.2,0.0044,-0.04136081730593723
BIO/USDT:USDT,LONG,2025-08-20T15:40:00+00:00,2025-08-20T15:45:00+00:00,0.15853,0.15478185233606084,0.1744943326427038,0.15478185233606084,SL,-0.02364314428776358,-0.028843144287763585,2.2,0.0044,-0.06345491743307989
HYPERLANE/USDT:USDT,LONG,2025-08-20T15:30:00+00:00,2025-08-20T15:50:00+00:00,0.3693,0.3646321373812182,0.38918163707999676,0.3646321373812182,SL,-0.012639757971247837,-0.017839757971247837,2.2,0.0044,-0.03924746753674525
BIO/USDT:USDT,LONG,2025-08-20T15:45:00+00:00,2025-08-20T15:55:00+00:00,0.15333,0.14921777716919934,0.17084502316822497,0.14921777716919934,SL,-0.02681942757973423,-0.03201942757973423,2.2,0.0044,-0.07044274067541531
MEME/USDT:USDT,LONG,2025-08-20T15:00:00+00:00,2025-08-20T16:05:00+00:00,0.00253,0.0027335441542295363,0.0027335441542295363,0.0024822113724852395,TP,0.08045223487333447,0.07525223487333448,2.2,0.0044,0.16555491672133585
SIREN/USDT:USDT,LONG,2025-08-20T15:05:00+00:00,2025-08-20T16:10:00+00:00,0.08808,0.09216827162317834,0.09216827162317834,0.08712014492325379,TP,0.04641543623045337,0.041215436230453366,2.2,0.0044,0.09067395970699742
REX/USDT:USDT,LONG,2025-08-20T15:55:00+00:00,2025-08-20T16:55:00+00:00,0.04188,0.04127712740227532,0.044447790694012536,0.04127712740227532,SL,-0.014395238723129885,-0.019595238723129883,2.2,0.0044,-0.04310952519088575
CROSS/USDT:USDT,LONG,2025-08-20T15:20:00+00:00,2025-08-20T17:05:00+00:00,0.24799,0.24560203693165109,0.2581609538096342,0.24560203693165109,SL,-0.009629271617197883,-0.014829271617197883,2.2,0.0044,-0.03262439755783535
TOSHI/USDT:USDT,LONG,2025-08-20T17:05:00+00:00,2025-08-20T17:25:00+00:00,0.000721,0.0007148678517041595,0.0007471184094082095,0.0007148678517041595,SL,-0.008505060049709441,-0.013705060049709441,2.2,0.0044,-0.030151132109360775
SIREN/USDT:USDT,LONG,2025-08-20T16:10:00+00:00,2025-08-20T17:35:00+00:00,0.09304,0.09166610157271732,0.09889178959768549,0.09166610157271732,SL,-0.014766750078274719,-0.01996675007827472,2.2,0.0044,-0.043926850172204386
SERAPH/USDT:USDT,LONG,2025-08-20T17:35:00+00:00,2025-08-20T17:45:00+00:00,0.17098,0.16861833415956645,0.18103894709814286,0.16861833415956645,SL,-0.013812526847780683,-0.01901252684778068,2.2,0.0044,-0.0418275590651175
HOUSE/USDT:USDT,LONG,2025-08-20T16:55:00+00:00,2025-08-20T18:35:00+00:00,0.01964,0.01913791505152288,0.021778509965735875,0.01913791505152288,SL,-0.025564406745270857,-0.03076440674527086,2.2,0.0044,-0.0676816948395959
PLAYSOUT/USDT:USDT,LONG,2025-08-20T15:50:00+00:00,2025-08-20T20:35:00+00:00,0.0484,0.05081165022940748,0.05081165022940748,0.04783378646787824,TP,0.04982748407866695,0.04462748407866695,2.2,0.0044,0.0981804649730673
HOUSE/USDT:USDT,LONG,2025-08-20T20:35:00+00:00,2025-08-20T21:10:00+00:00,0.02036,0.02009610296326173,0.021484005897218557,0.02009610296326173,SL,-0.012961544044119411,-0.01816154404411941,2.2,0.0044,-0.039955396897062706
TAG/USDT:USDT,LONG,2025-08-20T15:45:00+00:00,2025-08-21T00:45:00+00:00,0.0010876,0.001077343849074644,0.0011312836057931822,0.001077343849074644,SL,-0.0094300762461897,-0.0146300762461897,2.2,0.0044,-0.03218616774161734
HOUSE/USDT:USDT,LONG,2025-08-20T21:10:00+00:00,2025-08-21T01:05:00+00:00,0.01991,0.019614538700567046,0.021168446275362587,0.019614538700567046,SL,-0.014839844270866622,-0.020039844270866622,2.2,0.0044,-0.044087657395906574
KAITO/USDT:USDT,LONG,2025-08-20T17:25:00+00:00,2025-08-21T01:15:00+00:00,1.1404,1.1261424380033707,1.2011266529486069,1.1261424380033707,SL,-0.012502246577191704,-0.017702246577191702,2.2,0.0044,-0.03894494246982175
FLOCK/USDT:USDT,LONG,2025-08-21T01:05:00+00:00,2025-08-21T01:40:00+00:00,0.2082,0.21757855999484454,0.21757855999484454,0.20599807721860172,TP,0.045045917362365746,0.03984591736236574,2.2,0.0044,0.08766101819720465
PLAYSOUT/USDT:USDT,LONG,2025-08-21T01:15:00+00:00,2025-08-21T02:00:00+00:00,0.05147,0.05096119857337463,0.05363711718747842,0.05096119857337463,SL,-0.009885397836125319,-0.015085397836125319,2.2,0.0044,-0.0331878752394757
BB/USDT:USDT,LONG,2025-08-21T02:00:00+00:00,2025-08-21T02:05:00+00:00,0.12574,0.12490954163254522,0.12927713749101102,0.12490954163254522,SL,-0.0066045678976838496,-0.01180456789768385,2.2,0.0044,-0.02597004937490447
KAITO/USDC:USDC,LONG,2025-08-20T18:35:00+00:00,2025-08-21T02:10:00+00:00,1.1309,1.120012734831872,1.17727168497536,1.120012734831872,SL,-0.009627080350276762,-0.014827080350276762,2.2,0.0044,-0.03261957677060888
SCR/USDT:USDT,LONG,2025-08-21T00:45:00+00:00,2025-08-21T02:10:00+00:00,0.4206,0.41583156717291136,0.44090999167093287,0.41583156717291136,SL,-0.011337215470966736,-0.016537215470966735,2.2,0.0044,-0.03638187403612682
DOLO/USDT:USDT,LONG,2025-08-21T02:05:00+00:00,2025-08-21T02:35:00+00:00,0.233233,0.23130329341479058,0.24145212064070679,0.23130329341479058,SL,-0.008273728782845532,-0.013473728782845532,2.2,0.0044,-0.029642203322260172
FLOCK/USDT:USDT,LONG,2025-08-21T01:40:00+00:00,2025-08-21T02:40:00+00:00,0.21796,0.2290523690360774,0.2290523690360774,0.21535570466109485,TP,0.050891764709476095,0.04569176470947609,2.2,0.0044,0.10052188236084741
NEO/USDT:USDT,LONG,2025-08-21T02:35:00+00:00,2025-08-21T02:45:00+00:00,6.742,6.684965013090286,6.9849267960969295,6.684965013090286,SL,-0.008459653946857573,-0.013659653946857572,2.2,0.0044,-0.03005123868308666
API3/USDT:USDT,LONG,2025-08-21T02:45:00+00:00,2025-08-21T03:00:00+00:00,1.4872,1.4690172354117499,1.5646451084314363,1.4690172354117499,SL,-0.01222617306902245,-0.01742617306902245,2.2,0.0044,-0.03833758075184939
FLOCK/USDT:USDT,LONG,2025-08-21T02:40:00+00:00,2025-08-21T03:15:00+00:00,0.23051,0.2448469769402371,0.2448469769402371,0.22714392715316173,TP,0.06219676777683013,0.056996767776830125,2.2,0.0044,0.1253928891090263
NEO/USDT:USDT,LONG,2025-08-21T03:00:00+00:00,2025-08-21T03:30:00+00:00,6.759,6.698041099031155,7.018639763385824,6.698041099031155,SL,-0.009018923060932918,-0.014218923060932918,2.2,0.0044,-0.03128163073405242
GTC/USDT:USDT,LONG,2025-08-21T03:30:00+00:00,2025-08-21T03:40:00+00:00,0.364,0.3599811447379544,0.3811173464864906,0.3599811447379544,SL,-0.01104081115946592,-0.01624081115946592,2.2,0.0044,-0.035729784550825025
BB/USDT:USDT,LONG,2025-08-21T02:10:00+00:00,2025-08-21T04:05:00+00:00,0.12419,0.12335580273418441,0.1277430624284738,0.12335580273418441,SL,-0.006717104966708967,-0.011917104966708968,2.2,0.0044,-0.02621763092675973
FLOCK/USDT:USDT,LONG,2025-08-21T03:15:00+00:00,2025-08-21T04:05:00+00:00,0.24686,0.24222553410100978,0.26659939179199543,0.24222553410100978,SL,-0.018773660775298632,-0.02397366077529863,2.2,0.0044,-0.052742053705656995
1000CAT/USDT:USDT,LONG,2025-08-21T03:40:00+00:00,2025-08-21T04:25:00+00:00,0.008563,0.008488686050071026,0.008879522379327109,0.008488686050071026,SL,-0.008678494678147086,-0.013878494678147085,2.2,0.0044,-0.030532688291923592
FLOCK/USDT:USDT,LONG,2025-08-21T04:05:00+00:00,2025-08-21T04:55:00+00:00,0.24188,0.23500627422930442,0.2711569801344441,0.23500627422930442,SL,-0.028417917027846816,-0.03361791702784682,2.2,0.0044,-0.07395941746126301
SCR/USDT:USDT,LONG,2025-08-21T02:10:00+00:00,2025-08-21T06:20:00+00:00,0.4138,0.409565086000109,0.4318375966662025,0.409565086000109,SL,-0.010234204929654447,-0.015434204929654447,2.2,0.0044,-0.03395525084523979
API3/USDT:USDT,LONG,2025-08-21T06:20:00+00:00,2025-08-21T06:30:00+00:00,1.5843,1.5581119045794989,1.6958418879021346,1.5581119045794989,SL,-0.016529757887080197,-0.021729757887080196,2.2,0.0044,-0.04780546735157644
API3/USDT:USDT,LONG,2025-08-21T06:30:00+00:00,2025-08-21T06:55:00+00:00,1.5531,1.5256131626221188,1.6701735666094937,1.5256131626221188,SL,-0.017698047374851044,-0.022898047374851044,2.2,0.0044,-0.0503757042246723
KOMA/USDT:USDT,LONG,2025-08-21T06:55:00+00:00,2025-08-21T07:05:00+00:00,0.0269,0.026631980925407767,0.02804156272511507,0.026631980925407767,SL,-0.009963534371458475,-0.015163534371458474,2.2,0.0044,-0.03335977561720865
PHA/USDT:USDT,LONG,2025-08-21T07:05:00+00:00,2025-08-21T07:20:00+00:00,0.12189,0.12093292479210903,0.1259664314410171,0.12093292479210903,SL,-0.007851958387816637,-0.013051958387816637,2.2,0.0044,-0.028714308453196603
KOMA/USDT:USDT,LONG,2025-08-21T07:20:00+00:00,2025-08-21T08:05:00+00:00,0.02688,0.028067367028797804,0.028067367028797804,0.02660122687149965,TP,0.044172880535632536,0.03897288053563253,2.2,0.0044,0.08574033717839158
KOMA/USDT:USDT,LONG,2025-08-21T08:05:00+00:00,2025-08-21T08:15:00+00:00,0.0282,0.02779970181929932,0.029904973732614012,0.02779970181929932,SL,-0.01419497094683264,-0.019394970946832638,2.2,0.0044,-0.04266893608303181
IDOL/USDT:USDT,LONG,2025-08-21T04:25:00+00:00,2025-08-21T08:25:00+00:00,0.01397,0.0138595020114318,0.01444063958093863,0.0138595020114318,SL,-0.007909662746471051,-0.013109662746471051,2.2,0.0044,-0.028841258042236313
MEME/USDT:USDT,LONG,2025-08-20T16:05:00+00:00,2025-08-21T08:45:00+00:00,0.002757,0.00270070104753682,0.002996791834565395,0.00270070104753682,SL,-0.020420367233652415,-0.025620367233652415,2.2,0.0044,-0.056364807914035316
KOMA/USDT:USDT,LONG,2025-08-21T08:15:00+00:00,2025-08-21T08:55:00+00:00,0.02777,0.02952150286128453,0.02952150286128453,0.02735877758908972,TP,0.06307176309991112,0.05787176309991112,2.2,0.0044,0.12731787881980447
GTC/USDT:USDT,LONG,2025-08-21T04:05:00+00:00,2025-08-21T09:00:00+00:00,0.359,0.35383191392963265,0.38101221844786076,0.35383191392963265,SL,-0.014395782925814315,-0.019595782925814313,2.2,0.0044,-0.043110722436791496
ASR/USDT:USDT,LONG,2025-08-21T08:45:00+00:00,2025-08-21T09:10:00+00:00,3.528,3.808852187343246,3.808852187343246,3.462060790797673,TP,0.07960662906554596,0.07440662906554596,2.2,0.0044,0.1636945839442011
KOMA/USDT:USDT,LONG,2025-08-21T08:55:00+00:00,2025-08-21T09:10:00+00:00,0.02973,0.02917818332576793,0.032080330279136586,0.02917818332576793,SL,-0.01856093757928253,-0.023760937579282534,2.2,0.0044,-0.05227406267442158
API3/USDT:USDT,LONG,2025-08-21T08:25:00+00:00,2025-08-21T10:00:00+00:00,1.5433,1.5216883457985033,1.6353496382656334,1.5216883457985033,SL,-0.014003534116177399,-0.019203534116177402,2.2,0.0044,-0.04224777505559029
SOON/USDT:USDT,LONG,2025-08-21T09:00:00+00:00,2025-08-21T10:20:00+00:00,0.29606,0.3172258313688644,0.3172258313688644,0.29109063089600573,TP,0.07149169549707629,0.0662916954970763,2.2,0.0044,0.14584173009356785
ASR/USDT:USDT,LONG,2025-08-21T09:10:00+00:00,2025-08-21T10:35:00+00:00,3.894,3.8125699038303242,4.240831891093064,3.8125699038303242,SL,-0.020911683659392884,-0.026111683659392884,2.2,0.0044,-0.05744570405066435
KOMA/USDT:USDT,LONG,2025-08-21T09:10:00+00:00,2025-08-21T10:40:00+00:00,0.029,0.028378315877081686,0.0316479138568743,0.028378315877081686,SL,-0.02143738354890742,-0.02663738354890742,2.2,0.0044,-0.05860224380759633
SOON/USDT:USDT,LONG,2025-08-21T10:20:00+00:00,2025-08-21T10:40:00+00:00,0.32053,0.3149946682978687,0.3441064128053738,0.3149946682978687,SL,-0.0172693092756724,-0.0224693092756724,2.2,0.0044,-0.04943248040647929
SOON/USDT:USDT,LONG,2025-08-21T10:40:00+00:00,2025-08-21T10:50:00+00:00,0.29623,0.28794834692980603,0.33150370752119646,0.28794834692980603,SL,-0.02795683445361362,-0.03315683445361362,2.2,0.0044,-0.07294503579794998
SOON/USDT:USDT,LONG,2025-08-21T10:50:00+00:00,2025-08-21T11:00:00+00:00,0.28707,0.27842082362825116,0.3239090845463377,0.27842082362825116,SL,-0.030129154463193072,-0.035329154463193076,2.2,0.0044,-0.07772413981902478
KOMA/USDT:USDT,LONG,2025-08-21T10:40:00+00:00,2025-08-21T11:10:00+00:00,0.02835,0.02784012917995239,0.03052167201131388,0.02784012917995239,SL,-0.017984861377340698,-0.0231848613773407,2.2,0.0044,-0.05100669503014955
PHA/USDT:USDT,LONG,2025-08-21T11:00:00+00:00,2025-08-21T11:40:00+00:00,0.12174,0.12080933243251214,0.12570395445411497,0.12080933243251214,SL,-0.007644714699259556,-0.012844714699259557,2.2,0.0044,-0.028258372338371026
ASR/USDT:USDT,LONG,2025-08-21T10:35:00+00:00,2025-08-21T12:00:00+00:00,3.799,3.7026869278793577,4.20922234421755,3.7026869278793577,SL,-0.025352216930940304,-0.030552216930940304,2.2,0.0044,-0.06721487724806867
ASR/USDT:USDT,LONG,2025-08-21T12:00:00+00:00,2025-08-21T12:10:00+00:00,3.685,3.6029626738850697,4.034418240859888,3.6029626738850697,SL,-0.022262503694689365,-0.027462503694689368,2.2,0.0044,-0.060417508128316616
KOMA/USDT:USDT,LONG,2025-08-21T11:10:00+00:00,2025-08-21T12:35:00+00:00,0.02784,0.02729804334792434,0.030148333888470415,0.02729804334792434,SL,-0.019466833767085506,-0.024666833767085505,2.2,0.0044,-0.05426703428758812
API3/USDT:USDT,LONG,2025-08-21T12:35:00+00:00,2025-08-21T13:25:00+00:00,1.6108,1.583144326906862,1.7285926816929955,1.583144326906862,SL,-0.017168905570609697,-0.0223689055706097,2.2,0.0044,-0.049211592255341344
BB/USDT:USDT,LONG,2025-08-21T11:40:00+00:00,2025-08-21T13:30:00+00:00,0.13126,0.12949233066183743,0.1387889619958775,0.12949233066183743,SL,-0.013466930810319619,-0.018666930810319622,2.2,0.0044,-0.041067247782703174
UMA/USDT:USDT,LONG,2025-08-21T13:30:00+00:00,2025-08-21T13:40:00+00:00,1.494,1.477157734676344,1.5657355745266825,1.477157734676344,SL,-0.011273269962286451,-0.01647326996228645,2.2,0.0044,-0.03624119391703019
ASR/USDT:USDT,LONG,2025-08-21T12:10:00+00:00,2025-08-21T13:45:00+00:00,3.547,3.461182305543759,3.9125198097210263,3.461182305543759,SL,-0.024194444447770223,-0.029394444447770222,2.2,0.0044,-0.0646677777850945
KOMA/USDT:USDT,LONG,2025-08-21T13:45:00+00:00,2025-08-21T14:00:00+00:00,0.02723,0.026920456022042814,0.02854842805426209,0.026920456022042814,SL,-0.011367755341798985,-0.016567755341798985,2.2,0.0044,-0.03644906175195777
FLOCK/USDT:USDT,LONG,2025-08-21T04:55:00+00:00,2025-08-21T14:15:00+00:00,0.23025,0.2546089497946583,0.2546089497946583,0.22453094222212372,TP,0.10579348445019891,0.10059348445019892,2.2,0.0044,0.22130566579043764
REX/USDT:USDT,LONG,2025-08-21T10:00:00+00:00,2025-08-21T14:20:00+00:00,0.04431,0.04628084805076265,0.04628084805076265,0.04384727915329921,TP,0.04447862899486906,0.03927862899486906,2.2,0.0044,0.08641298378871194
UMA/USDT:USDT,LONG,2025-08-21T14:00:00+00:00,2025-08-21T14:20:00+00:00,1.516,1.4945072663010563,1.6075431250140197,1.4945072663010563,SL,-0.014177264972917986,-0.019377264972917987,2.2,0.0044,-0.04262998294041957
FLOCK/USDT:USDT,LONG,2025-08-21T14:15:00+00:00,2025-08-21T14:25:00+00:00,0.25771,0.2538025302205129,0.27435292683855617,0.2538025302205129,SL,-0.015162274570203263,-0.020362274570203266,2.2,0.0044,-0.04479700405444719
BB/USDT:USDT,LONG,2025-08-21T13:40:00+00:00,2025-08-21T14:35:00+00:00,0.12928,0.12738112518255612,0.13736780014837208,0.12738112518255612,SL,-0.014688078724039953,-0.019888078724039956,2.2,0.0044,-0.04375377319288791
KOMA/USDT:USDT,LONG,2025-08-21T14:20:00+00:00,2025-08-21T14:35:00+00:00,0.02778,0.02732202504863614,0.029730634052105333,0.02732202504863614,SL,-0.016485779386747987,-0.02168577938674799,2.2,0.0044,-0.047708714650845585
SKL/USDT:USDT,LONG,2025-08-21T14:35:00+00:00,2025-08-21T14:45:00+00:00,0.03238,0.03194075667012354,0.03425085121984418,0.03194075667012354,SL,-0.013565266518729413,-0.018765266518729416,2.2,0.0044,-0.04128358634120472
KOMA/USDT:USDT,LONG,2025-08-21T14:35:00+00:00,2025-08-21T14:45:00+00:00,0.02717,0.02671204702327026,0.029120540456441475,0.02671204702327026,SL,-0.016855096677575995,-0.022055096677576,2.2,0.0044,-0.0485212126906672
REX/USDT:USDT,LONG,2025-08-21T14:20:00+00:00,2025-08-21T15:00:00+00:00,0.0464,0.04576994464249464,0.04908356911530059,0.04576994464249464,SL,-0.01357877925658095,-0.018778779256580953,2.2,0.0044,-0.0413133143644781
FLOCK/USDT:USDT,LONG,2025-08-21T14:25:00+00:00,2025-08-21T15:00:00+00:00,0.25374,0.2495437224860545,0.27161303385569385,0.2495437224860545,SL,-0.016537705974404994,-0.021737705974404997,2.2,0.0044,-0.047822953143691
SKL/USDT:USDT,LONG,2025-08-21T14:45:00+00:00,2025-08-21T15:00:00+00:00,0.03176,0.03126687284311672,0.03386035640894728,0.03126687284311672,SL,-0.015526673705392735,-0.02072667370539274,2.2,0.0044,-0.04559868215186403
SKL/USDT:USDT,LONG,2025-08-21T15:00:00+00:00,2025-08-21T15:05:00+00:00,0.03115,0.030608087768340907,0.033458144690399844,0.030608087768340907,SL,-0.0173968613694733,-0.022596861369473302,2.2,0.0044,-0.04971309501284127
API3/USDT:USDT,LONG,2025-08-21T13:25:00+00:00,2025-08-21T15:40:00+00:00,1.5699,1.544619221019673,1.6775773919532453,1.544619221019673,SL,-0.016103432690188612,-0.021303432690188612,2.2,0.0044,-0.04686755191841495
UMA/USDT:USDT,LONG,2025-08-21T14:45:00+00:00,2025-08-21T15:40:00+00:00,1.466,1.4441669206667826,1.5589927453081476,1.4441669206667826,SL,-0.014892959981730777,-0.02009295998173078,2.2,0.0044,-0.04420451195980772
PHA/USDT:USDT,LONG,2025-08-21T15:40:00+00:00,2025-08-21T15:55:00+00:00,0.12116,0.1200479186231116,0.12589664290156172,0.1200479186231116,SL,-0.009178618165140394,-0.014378618165140394,2.2,0.0044,-0.031632959963308865
HOUSE/USDT:USDT,LONG,2025-08-21T15:40:00+00:00,2025-08-21T15:55:00+00:00,0.01861,0.018390372582567798,0.019545450111285306,0.018390372582567798,SL,-0.011801580732520332,-0.01700158073252033,2.2,0.0044,-0.03740347761154473
MERL/USDT:USDT,LONG,2025-08-21T15:00:00+00:00,2025-08-21T16:05:00+00:00,0.11494,0.11751853663973243,0.11751853663973243,0.1143346044411063,TP,0.022433762308442892,0.01723376230844289,2.2,0.0044,0.03791427707857436
ASR/USDT:USDT,LONG,2025-08-21T15:55:00+00:00,2025-08-21T16:05:00+00:00,3.674,3.596629262440615,4.003542030345528,3.596629262440615,SL,-0.021058992258950693,-0.026258992258950696,2.2,0.0044,-0.057769782969691534
MERL/USDT:USDT,LONG,2025-08-21T16:05:00+00:00,2025-08-21T16:15:00+00:00,0.11777,0.11697526525782515,0.12115498130926325,0.11697526525782515,SL,-0.0067481934463348445,-0.011948193446334845,2.2,0.0044,-0.026286025581936663
M/USDT:USDT,LONG,2025-08-21T16:05:00+00:00,2025-08-21T16:30:00+00:00,0.4747,0.46949940790744515,0.4968506700238447,0.46949940790744515,SL,-0.010955534216462727,-0.01615553421646273,2.2,0.0044,-0.03554217527621801
FLOCK/USDT:USDT,LONG,2025-08-21T16:15:00+00:00,2025-08-21T17:50:00+00:00,0.24966,0.2447985448076672,0.2703661980414174,0.2447985448076672,SL,-0.01947230310154932,-0.024672303101549324,2.2,0.0044,-0.054279066823408516
REX/USDT:USDT,LONG,2025-08-21T15:00:00+00:00,2025-08-21T19:00:00+00:00,0.04562,0.04847783575146087,0.04847783575146087,0.04494902986704832,TP,0.0626443610578884,0.057444361057888395,2.2,0.0044,0.1263775943273545
M/USDT:USDT,LONG,2025-08-21T16:30:00+00:00,2025-08-21T19:20:00+00:00,0.468,0.4587710772746829,0.5073083745707953,0.4587710772746829,SL,-0.01971992035324169,-0.02491992035324169,2.2,0.0044,-0.05482382477713173
SKL/USDT:USDT,LONG,2025-08-21T17:50:00+00:00,2025-08-21T19:20:00+00:00,0.03399,0.03324546793395622,0.037161155096112404,0.03324546793395622,SL,-0.02190444442611888,-0.02710444442611888,2.2,0.0044,-0.059629777737461545
REX/USDT:USDT,LONG,2025-08-21T19:00:00+00:00,2025-08-21T19:30:00+00:00,0.04849,0.047665880745804114,0.052000137564167666,0.047665880745804114,SL,-0.01699565382957073,-0.022195653829570734,2.2,0.0044,-0.04883043842505562
TANSSI/USDT:USDT,LONG,2025-08-21T19:20:00+00:00,2025-08-21T19:35:00+00:00,0.04793,0.04718830211243661,0.0510890835951774,0.04718830211243661,SL,-0.015474606458656172,-0.020674606458656174,2.2,0.0044,-0.045484134209043584
M/USDT:USDT,LONG,2025-08-21T19:35:00+00:00,2025-08-21T20:00:00+00:00,0.4595,0.45478531382523285,0.4795810707443788,0.45478531382523285,SL,-0.010260470456511793,-0.015460470456511792,2.2,0.0044,-0.034013035004325946
REX/USDT:USDT,LONG,2025-08-21T19:30:00+00:00,2025-08-21T21:30:00+00:00,0.04687,0.05038346812259914,0.05038346812259914,0.04604509878860716,TP,0.0749619825602547,0.0697619825602547,2.2,0.0044,0.15347636163256037
REX/USDT:USDT,LONG,2025-08-21T21:30:00+00:00,2025-08-21T21:50:00+00:00,0.05046,0.049572461958857554,0.054240254619680774,0.049572461958857554,SL,-0.017588942551376215,-0.022788942551376215,2.2,0.0044,-0.050135673613027676
M/USDT:USDT,LONG,2025-08-21T20:00:00+00:00,2025-08-21T23:10:00+00:00,0.4537,0.44956804999797734,0.4712990463049113,0.44956804999797734,SL,-0.009107229451229128,-0.014307229451229128,2.2,0.0044,-0.03147590479270408
CUDIS/USDT:USDT,LONG,2025-08-21T23:10:00+00:00,2025-08-22T00:10:00+00:00,0.09852,0.09667781155896563,0.10636635817477601,0.09667781155896563,SL,-0.018698624046227876,-0.023898624046227876,2.2,0.0044,-0.05257697290170133
REX/USDT:USDT,LONG,2025-08-22T00:10:00+00:00,2025-08-22T00:35:00+00:00,0.04932,0.048626745036405496,0.052272752622717335,0.048626745036405496,SL,-0.014056264468663971,-0.01925626446866397,2.2,0.0044,-0.04236378183106074
BIO/USDT:USDT,LONG,2025-08-21T21:50:00+00:00,2025-08-22T01:50:00+00:00,0.16801,0.18058232258313459,0.18058232258313459,0.1650582373065684,TP,0.07483079925679777,0.06963079925679777,2.2,0.0044,0.1531877583649551
BIO/USDT:USDT,LONG,2025-08-22T01:50:00+00:00,2025-08-22T01:55:00+00:00,0.18283,0.18003232084386206,0.19474604085021707,0.18003232084386206,SL,-0.015302079287523565,-0.020502079287523567,2.2,0.0044,-0.04510457443255185
UMA/USDT:USDT,LONG,2025-08-21T15:55:00+00:00,2025-08-22T02:45:00+00:00,1.455,1.5246929294248732,1.5246929294248732,1.4386373122219864,TP,0.047898920566923124,0.04269892056692312,2.2,0.0044,0.09393762524723087
CUDIS/USDT:USDT,LONG,2025-08-22T00:35:00+00:00,2025-08-22T03:10:00+00:00,0.10162,0.09963314561501743,0.1100825279360369,0.09963314561501743,SL,-0.0195518046150617,-0.0247518046150617,2.2,0.0044,-0.05445397015313574
BIO/USDT:USDT,LONG,2025-08-22T01:55:00+00:00,2025-08-22T03:20:00+00:00,0.17999,0.19203732364663015,0.19203732364663015,0.17716149792644337,TP,0.0669332943309636,0.0617332943309636,2.2,0.0044,0.13581324752811993
BIO/USDT:USDT,LONG,2025-08-22T03:20:00+00:00,2025-08-22T03:35:00+00:00,0.1928,0.18933910018614314,0.20754086957753848,0.18933910018614314,SL,-0.01795072517560612,-0.023150725175606124,2.2,0.0044,-0.050931595386333475
BIO/USDT:USDT,LONG,2025-08-22T03:35:00+00:00,2025-08-22T04:00:00+00:00,0.18792,0.18440409326128152,0.20289515833157873,0.18440409326128152,SL,-0.018709593117914477,-0.023909593117914477,2.2,0.0044,-0.05260110485941185
RATS/USDT:USDT,LONG,2025-08-22T02:45:00+00:00,2025-08-22T04:05:00+00:00,1.881e-05,1.9559088614989096e-05,1.9559088614989096e-05,1.8634127020828647e-05,TP,0.039823956139771105,0.0346239561397711,2.2,0.0044,0.07617270350749643
RATS/USDT:USDT,LONG,2025-08-22T04:05:00+00:00,2025-08-22T04:35:00+00:00,1.958e-05,1.931673997573549e-05,2.070129269594141e-05,1.931673997573549e-05,SL,-0.013445353639658202,-0.018645353639658205,2.2,0.0044,-0.041019778007248056
BIO/USDT:USDT,LONG,2025-08-22T04:00:00+00:00,2025-08-22T06:15:00+00:00,0.18303,0.19739851287485657,0.19739851287485657,0.1796565230641641,TP,0.07850359435533287,0.07330359435533287,2.2,0.0044,0.16126790758173234
SKL/USDT:USDT,LONG,2025-08-21T19:20:00+00:00,2025-08-22T06:25:00+00:00,0.03312,0.032491999961099007,0.0357948149805042,0.032491999961099007,SL,-0.018961353831551637,-0.024161353831551637,2.2,0.0044,-0.05315497842941361
BIO/USDT:USDT,LONG,2025-08-22T06:15:00+00:00,2025-08-22T06:30:00+00:00,0.19759,0.19465101513753194,0.21010789848828976,0.19465101513753194,SL,-0.01487415791521862,-0.02007415791521862,2.2,0.0044,-0.044163147413480965
BB/USDT:USDT,LONG,2025-08-22T06:25:00+00:00,2025-08-22T06:40:00+00:00,0.13852,0.13678911415874254,0.1458922915460966,0.13678911415874254,SL,-0.012495566281096361,-0.017695566281096364,2.2,0.0044,-0.03893024581841201
BIO/USDT:USDT,LONG,2025-08-22T06:30:00+00:00,2025-08-22T07:35:00+00:00,0.19436,0.1913183133590225,0.20731533198934862,0.1913183133590225,SL,-0.01564975633349202,-0.020849756333492023,2.2,0.0044,-0.04586946393368246
FLOCK/USDT:USDT,LONG,2025-08-22T03:10:00+00:00,2025-08-22T08:25:00+00:00,0.27999,0.27448885263232037,0.3034208128623392,0.27448885263232037,SL,-0.019647656586591122,-0.024847656586591126,2.2,0.0044,-0.05466484449050048
KOMA/USDT:USDT,LONG,2025-08-21T15:05:00+00:00,2025-08-22T08:30:00+00:00,0.02714,0.026699102974306003,0.029017894739067032,0.026699102974306003,SL,-0.016245284660795806,-0.02144528466079581,2.2,0.0044,-0.04717962625375079
GOR/USDT:USDT,LONG,2025-08-22T08:25:00+00:00,2025-08-22T08:30:00+00:00,0.01385,0.013722687392318453,0.014392257403088072,0.013722687392318453,SL,-0.009192246041988929,-0.014392246041988929,2.2,0.0044,-0.031662941292375645
BB/USDT:USDT,LONG,2025-08-22T06:40:00+00:00,2025-08-22T08:40:00+00:00,0.13645,0.1347932664018795,0.14350645791792063,0.1347932664018795,SL,-0.012141689982561314,-0.017341689982561314,2.2,0.0044,-0.03815171796163489
HFT/USDT:USDT,LONG,2025-08-22T08:30:00+00:00,2025-08-22T08:45:00+00:00,0.08961,0.08828444192400169,0.09525589550888171,0.08828444192400169,SL,-0.014792524003998542,-0.019992524003998542,2.2,0.0044,-0.043983552808796796
BB/USDT:USDT,LONG,2025-08-22T08:45:00+00:00,2025-08-22T08:55:00+00:00,0.13411,0.13268631792821192,0.14017383104650477,0.13268631792821192,SL,-0.0106157786279031,-0.0158157786279031,2.2,0.0044,-0.034794712981386824
GOR/USDT:USDT,LONG,2025-08-22T08:40:00+00:00,2025-08-22T09:15:00+00:00,0.01341,0.013273670918703951,0.013990660901816507,0.013273670918703951,SL,-0.010166225301718793,-0.015366225301718793,2.2,0.0044,-0.033805695663781346
CUDIS/USDT:USDT,LONG,2025-08-22T08:55:00+00:00,2025-08-22T09:15:00+00:00,0.10198,0.10023372586119543,0.10941783429490834,0.10023372586119543,SL,-0.017123692280884204,-0.022323692280884204,2.2,0.0044,-0.04911212301794525
BB/USDT:USDT,LONG,2025-08-22T09:15:00+00:00,2025-08-22T09:25:00+00:00,0.13393,0.1326067113718501,0.13956622934211999,0.1326067113718501,SL,-0.00988044969872246,-0.01508044969872246,2.2,0.0044,-0.03317698933718941
HFT/USDT:USDT,LONG,2025-08-22T09:15:00+00:00,2025-08-22T10:00:00+00:00,0.08818,0.08704207576101879,0.09302671435121627,0.08704207576101879,SL,-0.012904561567035703,-0.0181045615670357,2.2,0.0044,-0.03983003544747855
MORPHO/USDT:USDT,LONG,2025-08-22T09:25:00+00:00,2025-08-22T10:40:00+00:00,2.4975,2.4790346368679046,2.576148768895963,2.4790346368679046,SL,-0.007393538791629813,-0.012593538791629813,2.2,0.0044,-0.027705785341585593
CUDIS/USDT:USDT,LONG,2025-08-22T10:00:00+00:00,2025-08-22T11:45:00+00:00,0.10271,0.10067708528841776,0.111368710808591,0.10067708528841776,SL,-0.01979276323222894,-0.02499276323222894,2.2,0.0044,-0.054984079110903666
MORPHO/USDT:USDT,LONG,2025-08-22T10:40:00+00:00,2025-08-22T11:50:00+00:00,2.4756,2.45975159729892,2.5431024559490454,2.45975159729892,SL,-0.006401843068783375,-0.011601843068783375,2.2,0.0044,-0.025524054751323428
CYBER/USDT:USDT,LONG,2025-08-22T11:45:00+00:00,2025-08-22T12:00:00+00:00,2.2559,2.2322069435721286,2.356814869970563,2.2322069435721286,SL,-0.010502706869928389,-0.01570270686992839,2.2,0.0044,-0.03454595511384246
CUDIS/USDT:USDT,LONG,2025-08-22T11:50:00+00:00,2025-08-22T12:30:00+00:00,0.10207,0.10039128753610307,0.10922007160548687,0.10039128753610307,SL,-0.01644667839616851,-0.02164667839616851,2.2,0.0044,-0.04762269247157073
SIREN/USDT:USDT,LONG,2025-08-20T17:45:00+00:00,2025-08-22T12:35:00+00:00,0.0928,0.09106407094312817,0.10019377190889849,0.09106407094312817,SL,-0.018706132078360173,-0.023906132078360176,2.2,0.0044,-0.05259349057239239
CYBER/USDT:USDT,LONG,2025-08-22T12:00:00+00:00,2025-08-22T12:35:00+00:00,2.2131,2.1882485783629617,2.318948647713311,2.1882485783629617,SL,-0.011229235749418523,-0.01642923574941852,2.2,0.0044,-0.036144318648720745
KERNEL/USDT:USDT,LONG,2025-08-22T12:35:00+00:00,2025-08-22T13:25:00+00:00,0.2259,0.23584158716077397,0.23584158716077397,0.22356588823181828,TP,0.04400879663910571,0.038808796639105705,2.2,0.0044,0.08537935260603256
BIO/USDT:USDT,LONG,2025-08-22T07:35:00+00:00,2025-08-22T14:00:00+00:00,0.18792,0.20906853513317178,0.20906853513317178,0.18295469175134227,TP,0.11254009755838534,0.10734009755838535,2.2,0.0044,0.2361482146284478
BANK/USDT:USDT,LONG,2025-08-22T12:35:00+00:00,2025-08-22T14:00:00+00:00,0.055929,0.057462345415296406,0.057462345415296406,0.05556899716336519,TP,0.0274159276099413,0.022215927609941295,2.2,0.0044,0.04887504074187085
CUDIS/USDT:USDT,LONG,2025-08-22T12:30:00+00:00,2025-08-22T14:05:00+00:00,0.10014,0.10693177733314176,0.10693177733314176,0.09854540880004499,TP,0.0678228213814834,0.06262282138148341,2.2,0.0044,0.13777020703926351
CUDIS/USDT:USDT,LONG,2025-08-22T14:05:00+00:00,2025-08-22T14:15:00+00:00,0.11125,0.10874246018804089,0.12193026216204807,0.10874246018804089,SL,-0.02253968370300327,-0.027739683703003275,2.2,0.0044,-0.06102730414660721
FLOCK/USDT:USDT,LONG,2025-08-22T08:30:00+00:00,2025-08-22T14:30:00+00:00,0.27085,0.2888506093535814,0.2888506093535814,0.26662376997785475,TP,0.06645969855485119,0.061259698554851194,2.2,0.0044,0.13477133682067263
BIO/USDT:USDT,LONG,2025-08-22T14:00:00+00:00,2025-08-22T14:30:00+00:00,0.21268,0.23201872088381698,0.23201872088381698,0.20813960466206036,TP,0.09092872335817645,0.08572872335817645,2.2,0.0044,0.1886031913879882
KERNEL/USDT:USDT,LONG,2025-08-22T13:25:00+00:00,2025-08-22T14:40:00+00:00,0.2378,0.24974739667901225,0.24974739667901225,0.23499495904057974,TP,0.05024136534487903,0.04504136534487903,2.2,0.0044,0.09909100375873386
BIO/USDT:USDT,LONG,2025-08-22T14:30:00+00:00,2025-08-22T14:40:00+00:00,0.23363,0.22678252094387688,0.26279518857237627,0.22678252094387688,SL,-0.02930907441733991,-0.03450907441733991,2.2,0.0044,-0.07591996371814781
SPX/USDT:USDT,LONG,2025-08-22T14:30:00+00:00,2025-08-22T14:40:00+00:00,1.4554,1.423824756073106,1.5898871500589928,1.423824756073106,SL,-0.021695234249617924,-0.026895234249617928,2.2,0.0044,-0.05916951534915944
RATS/USDT:USDT,LONG,2025-08-22T04:35:00+00:00,2025-08-22T14:45:00+00:00,1.929e-05,2.0385725559238218e-05,2.0385725559238218e-05,1.903274269478755e-05,TP,0.056802776528679016,0.05160277652867901,2.2,0.0044,0.11352610836309383
MORPHO/USDT:USDT,LONG,2025-08-22T14:00:00+00:00,2025-08-22T14:50:00+00:00,2.5847,2.6907034984236535,2.6907034984236535,2.5598122221092297,TP,0.04101191566667439,0.03581191566667439,2.2,0.0044,0.07878621446668366
KERNEL/USDT:USDT,LONG,2025-08-22T14:40:00+00:00,2025-08-22T14:55:00+00:00,0.2503,0.2452351551482981,0.271872487331323,0.2452351551482981,SL,-0.02023509729005959,-0.02543509729005959,2.2,0.0044,-0.05595721403813111
HEI/USDT:USDT,LONG,2025-08-22T14:50:00+00:00,2025-08-22T15:00:00+00:00,0.4741,0.4670545926623761,0.504108216438028,0.4670545926623761,SL,-0.014860593414098148,-0.020060593414098146,2.2,0.0044,-0.04413330551101593
CUDIS/USDT:USDT,LONG,2025-08-22T14:15:00+00:00,2025-08-22T15:20:00+00:00,0.10851,0.12070712400707205,0.12070712400707205,0.10564632740703525,TP,0.11240552950946507,0.10720552950946508,2.2,0.0044,0.23585216492082317
AERO/USDT:USDT,LONG,2025-08-22T14:45:00+00:00,2025-08-22T15:25:00+00:00,1.557,1.5278884582918948,1.6809936035715594,1.5278884582918948,SL,-0.018697200840144604,-0.023897200840144607,2.2,0.0044,-0.05257384184831814
FLOCK/USDT:USDT,LONG,2025-08-22T15:00:00+00:00,2025-08-22T15:30:00+00:00,0.31068,0.3057273745512353,0.33177451580029416,0.3057273745512353,SL,-0.015941243236657448,-0.021141243236657448,2.2,0.0044,-0.046510735120646386
ELX/USDT:USDT,LONG,2025-08-22T15:30:00+00:00,2025-08-22T15:55:00+00:00,0.1557,0.15305842429422115,0.1669511557838729,0.15305842429422115,SL,-0.016965804147584196,-0.0221658041475842,2.2,0.0044,-0.04876476912468524
BIO/USDT:USDT,LONG,2025-08-22T14:40:00+00:00,2025-08-22T16:00:00+00:00,0.22317,0.2532195860649571,0.2532195860649571,0.21611487979344488,TP,0.13464885990481285,0.12944885990481284,2.2,0.0044,0.28478749179058827
BIO/USDT:USDT,LONG,2025-08-22T16:00:00+00:00,2025-08-22T16:15:00+00:00,0.26132,0.2538415823018064,0.29317251982563924,0.2538415823018064,SL,-0.028617854347901324,-0.03381785434790133,2.2,0.0044,-0.07439927956538292
BB/USDT:USDT,LONG,2025-08-22T14:40:00+00:00,2025-08-22T16:25:00+00:00,0.1484,0.15930978961171052,0.15930978961171052,0.14583857113464188,TP,0.07351610250478786,0.06831610250478787,2.2,0.0044,0.15029542551053332
FHE/USDT:USDT,LONG,2025-08-22T15:55:00+00:00,2025-08-22T16:55:00+00:00,0.05341,0.05675315907370991,0.05675315907370991,0.05262508439138985,TP,0.06259425339280868,0.057394253392808674,2.2,0.0044,0.12626735746417908
FHE/USDT:USDT,LONG,2025-08-22T16:55:00+00:00,2025-08-22T17:05:00+00:00,0.05768,0.056806645427891565,0.06139984354786928,0.056806645427891565,SL,-0.01514137607677595,-0.020341376076775948,2.2,0.0044,-0.04475102736890709
BB/USDT:USDT,LONG,2025-08-22T16:25:00+00:00,2025-08-22T17:40:00+00:00,0.16009,0.17229512088320012,0.17229512088320012,0.1572244498795965,TP,0.07623912101443006,0.07103912101443006,2.2,0.0044,0.15628606623174615
BIO/USDT:USDT,LONG,2025-08-22T16:15:00+00:00,2025-08-22T17:50:00+00:00,0.2527,0.24534770696686176,0.28401532217818126,0.24534770696686176,SL,-0.029094946708105363,-0.034294946708105366,2.2,0.0044,-0.0754488827578318
BB/USDT:USDT,LONG,2025-08-22T17:40:00+00:00,2025-08-22T17:50:00+00:00,0.17376,0.170132965095394,0.18920848200109958,0.170132965095394,SL,-0.020873819662787767,-0.026073819662787767,2.2,0.0044,-0.05736240325813309
ZORA/USDT:USDT,LONG,2025-08-22T15:25:00+00:00,2025-08-22T18:20:00+00:00,0.09553,0.09409452559080884,0.10164405766877715,0.09409452559080884,SL,-0.015026425302953618,-0.02022642530295362,2.2,0.0044,-0.04449813566649797
FHE/USDT:USDT,LONG,2025-08-22T17:05:00+00:00,2025-08-22T18:25:00+00:00,0.05594,0.060078681426479125,0.060078681426479125,0.05496830957813099,TP,0.07398429435965549,0.0687842943596555,2.2,0.0044,0.1513254475912421
FHE/USDT:USDT,LONG,2025-08-22T18:25:00+00:00,2025-08-22T18:50:00+00:00,0.06271,0.06969955697423773,0.06969955697423773,0.06106897357996158,TP,0.1114584113257491,0.1062584113257491,2.2,0.0044,0.23376850491664805
ETHW/USDT:USDT,LONG,2025-08-22T17:50:00+00:00,2025-08-22T19:55:00+00:00,2.0681,2.0067694520170214,2.329322704371944,2.0067694520170214,SL,-0.029655504077645393,-0.03485550407764539,2.2,0.0044,-0.07668210897081987
FHE/USDT:USDT,LONG,2025-08-22T18:50:00+00:00,2025-08-22T20:25:00+00:00,0.0718,0.08254792807988422,0.08254792807988422,0.06927657340733154,TP,0.14969259164184143,0.14449259164184142,2.2,0.0044,0.31788370161205115
MORPHO/USDT:USDT,LONG,2025-08-22T14:55:00+00:00,2025-08-22T22:10:00+00:00,2.7321,2.694937113023739,2.890386370454445,2.694937113023739,SL,-0.01360231579234318,-0.018802315792343177,2.2,0.0044,-0.041365094743154994
CUDIS/USDT:USDT,LONG,2025-08-22T15:20:00+00:00,2025-08-22T23:00:00+00:00,0.12202,0.11859657969862851,0.13660123461695264,0.11859657969862851,SL,-0.0280562227616087,-0.0332562227616087,2.2,0.0044,-0.07316369007553915
MEME/USDT:USDT,LONG,2025-08-22T22:10:00+00:00,2025-08-22T23:20:00+00:00,0.00351,0.0038760048105373336,0.0038760048105373336,0.0034240684357868868,TP,0.10427487479696111,0.09907487479696112,2.2,0.0044,0.21796472455331448
VINE/USDT:USDT,LONG,2025-08-22T23:00:00+00:00,2025-08-22T23:30:00+00:00,0.08083,0.07928923148945381,0.08739253254491894,0.07928923148945381,SL,-0.019061839793964946,-0.02426183979396495,2.2,0.0044,-0.05337604754672289
MEME/USDT:USDT,LONG,2025-08-22T23:20:00+00:00,2025-08-23T00:00:00+00:00,0.003988,0.003879801943782442,0.00444884357277849,0.003879801943782442,SL,-0.02713090677471371,-0.03233090677471371,2.2,0.0044,-0.07112799490437016
ZORA/USDT:USDT,LONG,2025-08-22T23:30:00+00:00,2025-08-23T01:00:00+00:00,0.1096,0.10824479475605751,0.11537217048345874,0.10824479475605751,SL,-0.012365011349840232,-0.01756501134984023,2.2,0.0044,-0.03864302496964851
FHE/USDT:USDT,LONG,2025-08-22T20:25:00+00:00,2025-08-23T01:25:00+00:00,0.08353,0.094772158792517,0.094772158792517,0.08089053663132209,TP,0.13458827717606864,0.12938827717606863,2.2,0.0044,0.284654209787351
ZORA/USDT:USDT,LONG,2025-08-23T01:00:00+00:00,2025-08-23T01:30:00+00:00,0.10786,0.10675452914512726,0.11256848697445793,0.10675452914512726,SL,-0.01024912715439217,-0.01544912715439217,2.2,0.0044,-0.03398807973966277
ETHW/USDT:USDT,LONG,2025-08-22T19:55:00+00:00,2025-08-23T01:40:00+00:00,2.0032,1.9500863870188063,2.2294246478828623,1.9500863870188063,SL,-0.02651438347703363,-0.031714383477033634,2.2,0.0044,-0.069771643649474
FHE/USDT:USDT,LONG,2025-08-23T01:25:00+00:00,2025-08-23T02:10:00+00:00,0.09478,0.09242225921690195,0.10482222926134355,0.09242225921690195,SL,-0.024875931452817638,-0.030075931452817638,2.2,0.0044,-0.06616704919619881
BIO/USDT:USDT,LONG,2025-08-22T17:50:00+00:00,2025-08-23T02:25:00+00:00,0.2365,0.2297857536345353,0.26509771600105336,0.2297857536345353,SL,-0.028390048056933164,-0.033590048056933164,2.2,0.0044,-0.07389810572525296
BB/USDT:USDT,LONG,2025-08-22T18:20:00+00:00,2025-08-23T02:25:00+00:00,0.16639,0.16272149264280736,0.18201512392878355,0.16272149264280736,SL,-0.022047643230919237,-0.027247643230919237,2.2,0.0044,-0.059944815108022326
ZORA/USDT:USDT,LONG,2025-08-23T01:30:00+00:00,2025-08-23T02:25:00+00:00,0.1066,0.10556683313931464,0.11100052551773394,0.10556683313931464,SL,-0.009691996816935819,-0.014891996816935819,2.2,0.0044,-0.032762392997258805
FHE/USDT:USDT,LONG,2025-08-23T02:10:00+00:00,2025-08-23T02:30:00+00:00,0.09213,0.09008257901332534,0.10085049679509579,0.09008257901332534,SL,-0.02222317363154962,-0.02742317363154962,2.2,0.0044,-0.06033098198940917
ZORA/USDT:USDT,LONG,2025-08-23T02:25:00+00:00,2025-08-23T02:35:00+00:00,0.10554,0.10456026942826219,0.10971292650925363,0.10456026942826219,SL,-0.00928302607293735,-0.01448302607293735,2.2,0.0044,-0.03186265736046217
VINE/USDT:USDT,LONG,2025-08-23T02:25:00+00:00,2025-08-23T02:40:00+00:00,0.07538,0.07434441116819172,0.0797908413206649,0.07434441116819172,SL,-0.013738243987905002,-0.018938243987905,2.2,0.0044,-0.04166413677339101
PROMPT/USDT:USDT,LONG,2025-08-23T01:40:00+00:00,2025-08-23T03:00:00+00:00,0.14176,0.15117582557387466,0.15117582557387466,0.13954932790874247,TP,0.06642089146356278,0.061220891463562785,2.2,0.0044,0.13468596121983814
ZORA/USDT:USDT,LONG,2025-08-23T02:35:00+00:00,2025-08-23T03:05:00+00:00,0.10431,0.10331122210906281,0.10856405397991767,0.10331122210906281,SL,-0.00957509242581911,-0.01477509242581911,2.2,0.0044,-0.03250520333680204
PROMPT/USDT:USDT,LONG,2025-08-23T03:00:00+00:00,2025-08-23T03:15:00+00:00,0.15226,0.1490089802093307,0.1661069361454434,0.1490089802093307,SL,-0.02135176534000592,-0.026551765340005924,2.2,0.0044,-0.05841388374801304
USELESS/USDT:USDT,LONG,2025-08-23T03:05:00+00:00,2025-08-23T03:30:00+00:00,0.2742,0.2708890032198801,0.2883023936931034,0.2708890032198801,SL,-0.012075115901239691,-0.01727511590123969,2.2,0.0044,-0.038005254982727325
FHE/USDT:USDT,LONG,2025-08-23T02:30:00+00:00,2025-08-23T04:00:00+00:00,0.08885,0.0975558970992485,0.0975558970992485,0.08680600676800253,TP,0.0979842104586213,0.0927842104586213,2.2,0.0044,0.20412526300896688
PLAYSOUT/USDT:USDT,LONG,2025-08-23T02:25:00+00:00,2025-08-23T04:25:00+00:00,0.05237,0.05562170412156627,0.05562170412156627,0.051606556423632266,TP,0.062090970432810234,0.05689097043281023,2.2,0.0044,0.1251601349521825
FLOCK/USDT:USDT,LONG,2025-08-23T03:30:00+00:00,2025-08-23T04:25:00+00:00,0.31766,0.3350369544908213,0.3350369544908213,0.3135801932934593,TP,0.05470299846005581,0.049502998460055805,2.2,0.0044,0.10890659661212278
PLAYSOUT/USDT:USDT,LONG,2025-08-23T04:25:00+00:00,2025-08-23T04:55:00+00:00,0.05571,0.05491200639657915,0.05910886164419994,0.05491200639657915,SL,-0.01432406396375609,-0.01952406396375609,2.2,0.0044,-0.0429529407202634
FHE/USDT:USDT,LONG,2025-08-23T04:00:00+00:00,2025-08-23T05:00:00+00:00,0.09973,0.10891774989730625,0.10891774989730625,0.09757287611106723,TP,0.09212623982057808,0.08692623982057808,2.2,0.0044,0.1912377276052718
FHE/USDT:USDT,LONG,2025-08-23T05:00:00+00:00,2025-08-23T05:20:00+00:00,0.11204,0.10910559234652341,0.12453840296851142,0.10910559234652341,SL,-0.02619071450800243,-0.03139071450800243,2.2,0.0044,-0.06905957191760535
FHE/USDT:USDT,LONG,2025-08-23T05:20:00+00:00,2025-08-23T05:25:00+00:00,0.10891,0.10605344758978173,0.12107679730278152,0.10605344758978173,SL,-0.02622855945476333,-0.03142855945476333,2.2,0.0044,-0.06914283080047934
PROMPT/USDT:USDT,LONG,2025-08-23T03:15:00+00:00,2025-08-23T05:30:00+00:00,0.14801,0.1626593020085784,0.1626593020085784,0.14457059865885552,TP,0.09897508282263624,0.09377508282263625,2.2,0.0044,0.20630518220979976
FHE/USDT:USDT,LONG,2025-08-23T05:25:00+00:00,2025-08-23T05:40:00+00:00,0.10504,0.11804959749543997,0.11804959749543997,0.10198557276194017,TP,0.12385374614851466,0.11865374614851466,2.2,0.0044,0.2610382415267323
FHE/USDT:USDT,LONG,2025-08-23T05:40:00+00:00,2025-08-23T06:30:00+00:00,0.14777,0.1403155176960578,0.17952057277605016,0.1403155176960578,SL,-0.05044652029466209,-0.05564652029466209,2.2,0.0044,-0.12242234464825662
FHE/USDT:USDT,LONG,2025-08-23T06:30:00+00:00,2025-08-23T06:35:00+00:00,0.128,0.11852513722523954,0.1683558970036094,0.11852513722523954,SL,-0.07402236542781612,-0.07922236542781612,2.2,0.0044,-0.1742892039411955
PLAYSOUT/USDT:USDT,LONG,2025-08-23T04:55:00+00:00,2025-08-23T06:40:00+00:00,0.05483,0.05412151057848263,0.05784764012868509,0.05412151057848263,SL,-0.012921565229206079,-0.018121565229206077,2.2,0.0044,-0.03986744350425337
FLOCK/USDT:USDT,LONG,2025-08-23T04:25:00+00:00,2025-08-23T07:00:00+00:00,0.33916,0.35805126382655916,0.35805126382655916,0.33472465979724264,TP,0.0557001528085834,0.050500152808583394,2.2,0.0044,0.11110033617888347
FHE/USDT:USDT,LONG,2025-08-23T06:35:00+00:00,2025-08-23T07:10:00+00:00,0.11121,0.10078959885200814,0.15559319007478015,0.10078959885200814,SL,-0.09370021713867335,-0.09890021713867335,2.2,0.0044,-0.21758047770508138
FHE/USDT:USDT,LONG,2025-08-23T07:10:00+00:00,2025-08-23T07:45:00+00:00,0.09821,0.08796035308898198,0.14186590350989162,0.08796035308898198,SL,-0.1043645953672541,-0.1095645953672541,2.2,0.0044,-0.24104210980795904
BERA/USDC:USDC,LONG,2025-08-23T07:45:00+00:00,2025-08-23T08:00:00+00:00,2.765,2.7311223054395763,2.9092938842388425,2.7311223054395763,SL,-0.012252330763263571,-0.017452330763263572,2.2,0.0044,-0.03839512767917986
FLOCK/USDT:USDT,LONG,2025-08-23T08:00:00+00:00,2025-08-23T08:15:00+00:00,0.35401,0.347465877230678,0.38188311549896387,0.347465877230678,SL,-0.01848570031728477,-0.023685700317284772,2.2,0.0044,-0.0521085406980265
VINE/USDT:USDT,LONG,2025-08-23T02:40:00+00:00,2025-08-23T08:20:00+00:00,0.07426,0.07322177672613601,0.07868206209238367,0.07322177672613601,SL,-0.01398092208273622,-0.019180922082736224,2.2,0.0044,-0.042198028582019695
PROMPT/USDT:USDT,LONG,2025-08-23T05:30:00+00:00,2025-08-23T08:20:00+00:00,0.16279,0.17517730353764666,0.17517730353764666,0.15988167656072644,TP,0.07609376213309581,0.07089376213309581,2.2,0.0044,0.1559662766928108
BOME/USDC:USDC,LONG,2025-08-23T07:00:00+00:00,2025-08-23T08:25:00+00:00,0.00235,0.0023044838369179342,0.0025438651390532435,0.0023044838369179342,SL,-0.019368580034921645,-0.02456858003492165,2.2,0.0044,-0.05405087607682763
DOGS/USDT:USDT,LONG,2025-08-23T08:20:00+00:00,2025-08-23T08:40:00+00:00,0.0001575,0.00015550314932944825,0.00016600510470790564,0.00015550314932944825,SL,-0.012678416955884148,-0.01787841695588415,2.2,0.0044,-0.03933251730294513
BOME/USDT:USDT,LONG,2025-08-23T06:40:00+00:00,2025-08-23T08:45:00+00:00,0.002328,0.002282026811227797,0.0025238117299556796,0.002282026811227797,SL,-0.01974793332139308,-0.024947933321393084,2.2,0.0044,-0.05488545330706479
FLOCK/USDT:USDT,LONG,2025-08-23T08:40:00+00:00,2025-08-23T08:55:00+00:00,0.34592,0.3402119602856329,0.3702320210056376,0.3402119602856329,SL,-0.016501039877333253,-0.021701039877333253,2.2,0.0044,-0.047742287730133164
PROMPT/USDT:USDT,LONG,2025-08-23T08:20:00+00:00,2025-08-23T09:30:00+00:00,0.17543,0.19220911842290622,0.19220911842290622,0.1714905548050568,TP,0.0956456616479862,0.0904456616479862,2.2,0.0044,0.19898045562556965
PROMPT/USDT:USDT,LONG,2025-08-23T09:30:00+00:00,2025-08-23T10:05:00+00:00,0.19381,0.1894146298054134,0.21253102119916514,0.1894146298054134,SL,-0.022678758550057306,-0.02787875855005731,2.2,0.0044,-0.06133326881012609
BR/USDT:USDT,LONG,2025-08-23T10:05:00+00:00,2025-08-23T10:15:00+00:00,0.06946,0.06636651728594509,0.08263594489319684,0.06636651728594509,SL,-0.04453617497919533,-0.04973617497919533,2.2,0.0044,-0.10941958495422974
PROMPT/USDT:USDT,LONG,2025-08-23T10:15:00+00:00,2025-08-23T10:40:00+00:00,0.19263,0.1875695794842209,0.2141836429375776,0.1875695794842209,SL,-0.02627015789741523,-0.03147015789741523,2.2,0.0044,-0.06923434737431351
BOME/USDC:USDC,LONG,2025-08-23T08:25:00+00:00,2025-08-23T11:20:00+00:00,0.002287,0.0022383623874885194,0.0024941602014377866,0.0022383623874885194,SL,-0.021266992790328197,-0.0264669927903282,2.2,0.0044,-0.05822738413872205
BOME/USDT:USDT,LONG,2025-08-23T08:45:00+00:00,2025-08-23T11:25:00+00:00,0.002275,0.0022314233501304448,0.0024606042494444025,0.0022314233501304448,SL,-0.019154571371233112,-0.024354571371233112,2.2,0.0044,-0.053580057016712854
BERA/USDT:USDT,LONG,2025-08-23T08:55:00+00:00,2025-08-23T11:50:00+00:00,2.712,2.678262796487818,2.855695496440776,2.678262796487818,SL,-0.012439971796527331,-0.017639971796527334,2.2,0.0044,-0.038807937952360136
BERA/USDC:USDC,LONG,2025-08-23T08:15:00+00:00,2025-08-23T12:20:00+00:00,2.67,2.6330572289708813,2.827348839568468,2.6330572289708813,SL,-0.013836243831130555,-0.019036243831130555,2.2,0.0044,-0.041879736428487226
ALPHA/USDT:USDT,LONG,2025-08-23T11:50:00+00:00,2025-08-23T12:40:00+00:00,0.01732,0.01694679638846171,0.018909570938033443,0.01694679638846171,SL,-0.021547552629231397,-0.026747552629231397,2.2,0.0044,-0.05884461578430908
ALPHA/USDT:USDT,LONG,2025-08-23T12:40:00+00:00,2025-08-23T12:50:00+00:00,0.01682,0.016498990712187467,0.018187261781423762,0.016498990712187467,SL,-0.019084975494205396,-0.0242849754942054,2.2,0.0044,-0.05342694608725188
MEME/USDT:USDT,LONG,2025-08-23T00:00:00+00:00,2025-08-23T13:00:00+00:00,0.003784,0.0036480363134730634,0.0043631045907628774,0.0036480363134730634,SL,-0.03593120679887332,-0.041131206798873325,2.2,0.0044,-0.09048865495752133
UMA/USDT:USDT,LONG,2025-08-23T12:50:00+00:00,2025-08-23T13:10:00+00:00,1.719,1.8214219102905351,1.8214219102905351,1.6949531167143963,TP,0.059582263112585826,0.05438226311258582,2.2,0.0044,0.11964097884768882
BANK/USDT:USDT,LONG,2025-08-23T13:00:00+00:00,2025-08-23T13:30:00+00:00,0.064543,0.06395754942781236,0.06703658577042887,0.06395754942781236,SL,-0.009070705919892874,-0.014270705919892874,2.2,0.0044,-0.031395553023764323
AAVE/USDC:USDC,LONG,2025-08-23T13:30:00+00:00,2025-08-23T13:35:00+00:00,370.12,367.61966614161304,380.769570137574,367.61966614161304,SL,-0.006755468114089933,-0.011955468114089934,2.2,0.0044,-0.026302029850997857
UMA/USDT:USDT,LONG,2025-08-23T13:10:00+00:00,2025-08-23T13:55:00+00:00,1.83,1.7986676657246947,1.963452534876301,1.7986676657246947,SL,-0.01712149413951112,-0.022321494139511122,2.2,0.0044,-0.049107287106924476
PLAYSOUT/USDT:USDT,LONG,2025-08-23T13:35:00+00:00,2025-08-23T14:05:00+00:00,0.05773,0.05702734246146551,0.060722800627091324,0.05702734246146551,SL,-0.012171445323652923,-0.017371445323652923,2.2,0.0044,-0.038217179712036434
FLOCK/USDT:USDT,LONG,2025-08-23T12:20:00+00:00,2025-08-23T14:35:00+00:00,0.34623,0.3421985821167161,0.3634008539473202,0.3421985821167161,SL,-0.011643756703012079,-0.01684375670301208,2.2,0.0044,-0.03705626474662658
BANK/USDT:USDT,LONG,2025-08-23T14:35:00+00:00,2025-08-23T14:55:00+00:00,0.065789,0.06796983034546171,0.06796983034546171,0.06527697896236986,TP,0.03314885992280943,0.027948859922809426,2.2,0.0044,0.06148749183018074
PLAYSOUT/USDT:USDT,LONG,2025-08-23T14:05:00+00:00,2025-08-23T15:00:00+00:00,0.05702,0.05634142417565756,0.05991023036294004,0.05634142417565756,SL,-0.01190066335219997,-0.01710066335219997,2.2,0.0044,-0.03762145937483993
BANK/USDT:USDT,LONG,2025-08-23T14:55:00+00:00,2025-08-23T15:05:00+00:00,0.068271,0.06740314974552909,0.07196739923200572,0.06740314974552909,SL,-0.012711843307859941,-0.017911843307859943,2.2,0.0044,-0.03940605527729188
BR/USDT:USDT,LONG,2025-08-23T10:40:00+00:00,2025-08-23T15:20:00+00:00,0.06491,0.07944642166551855,0.07944642166551855,0.061497101000269554,TP,0.22394733732119168,0.21874733732119167,2.2,0.0044,0.4812441421066217
PROMPT/USDT:USDT,LONG,2025-08-23T11:20:00+00:00,2025-08-23T15:30:00+00:00,0.19076,0.21153082079880756,0.21153082079880756,0.18588337250810608,TP,0.1088845711826774,0.1036845711826774,2.2,0.0044,0.22810605660189032
UMA/USDT:USDT,LONG,2025-08-23T13:55:00+00:00,2025-08-23T15:45:00+00:00,1.778,1.7336500865304607,1.9668977795924822,1.7336500865304607,SL,-0.024943708363070482,-0.03014370836307048,2.2,0.0044,-0.06631615839875507
DOLO/USDT:USDT,LONG,2025-08-23T15:45:00+00:00,2025-08-23T15:55:00+00:00,0.282528,0.27579593160459265,0.3112016246471053,0.27579593160459265,SL,-0.023827968893020704,-0.029027968893020707,2.2,0.0044,-0.06386153156464557
FHE/USDT:USDT,LONG,2025-08-23T11:25:00+00:00,2025-08-23T16:10:00+00:00,0.11813,0.11189250529564203,0.14469710707411731,0.11189250529564203,SL,-0.05280195297010049,-0.058001952970100495,2.2,0.0044,-0.1276042965342211
BANK/USDT:USDT,LONG,2025-08-23T15:05:00+00:00,2025-08-23T16:10:00+00:00,0.066676,0.07101299015412739,0.07101299015412739,0.06565775013772661,TP,0.06504574590748381,0.05984574590748381,2.2,0.0044,0.13166064099646438
BR/USDT:USDT,LONG,2025-08-23T15:20:00+00:00,2025-08-23T16:25:00+00:00,0.08037,0.07836066245845925,0.08892828952878463,0.07836066245845925,SL,-0.025001089231563304,-0.030201089231563304,2.2,0.0044,-0.06644239630943927
PROMPT/USDT:USDT,LONG,2025-08-23T15:30:00+00:00,2025-08-23T17:05:00+00:00,0.21399,0.2374658721129788,0.2374658721129788,0.20847827350390935,TP,0.10970546340005968,0.10450546340005969,2.2,0.0044,0.22991201948013132
BANK/USDT:USDT,LONG,2025-08-23T16:10:00+00:00,2025-08-23T17:25:00+00:00,0.071163,0.07009820504699929,0.0756982377627808,0.07009820504699929,SL,-0.014962760886987815,-0.02016276088698782,2.2,0.0044,-0.04435807395137321
UMA/USDT:USDT,LONG,2025-08-23T16:10:00+00:00,2025-08-23T17:25:00+00:00,1.705,1.6800660297918713,1.8112002434790677,1.6800660297918713,SL,-0.014624029447582884,-0.019824029447582887,2.2,0.0044,-0.043612864784682355
PROMPT/USDT:USDT,LONG,2025-08-23T17:05:00+00:00,2025-08-23T18:00:00+00:00,0.24468,0.2827038405431773,0.2827038405431773,0.23575266352464533,TP,0.15540232361932854,0.15020232361932853,2.2,0.0044,0.3304451119625228
PROMPT/USDT:USDT,LONG,2025-08-23T18:00:00+00:00,2025-08-23T18:10:00+00:00,0.28514,0.2736171024809159,0.3342190079516544,0.2736171024809159,SL,-0.04041136816680958,-0.045611368166809586,2.2,0.0044,-0.10034500996698109
BR/USDT:USDT,LONG,2025-08-23T16:25:00+00:00,2025-08-23T18:45:00+00:00,0.07606,0.07346615398807481,0.08710786264338506,0.07346615398807481,SL,-0.03410262965981059,-0.039302629659810594,2.2,0.0044,-0.08646578525158331
DOLO/USDT:USDT,LONG,2025-08-23T15:55:00+00:00,2025-08-23T19:00:00+00:00,0.275301,0.3064380957416368,0.3064380957416368,0.26799055143457223,TP,0.1131020074087517,0.10790200740875171,2.2,0.0044,0.23738441629925378
DOLO/USDT:USDT,LONG,2025-08-23T19:00:00+00:00,2025-08-23T19:10:00+00:00,0.309592,0.302041431484135,0.3417518288638695,0.302041431484135,SL,-0.024388771401925753,-0.029588771401925756,2.2,0.0044,-0.06509529708423667
PROMPT/USDT:USDT,LONG,2025-08-23T18:10:00+00:00,2025-08-23T19:25:00+00:00,0.26904,0.25692934244527954,0.3206224303256612,0.25692934244527954,SL,-0.045014338220043346,-0.05021433822004335,2.2,0.0044,-0.11047154408409537
PROMPT/USDT:USDT,LONG,2025-08-23T19:25:00+00:00,2025-08-23T21:10:00+00:00,0.25544,0.24465645646132267,0.30136990766473676,0.24465645646132267,SL,-0.04221556349309948,-0.047415563493099486,2.2,0.0044,-0.10431423968481887
DOLO/USDT:USDT,LONG,2025-08-23T19:10:00+00:00,2025-08-23T21:25:00+00:00,0.296968,0.2872475804123409,0.3383697871326222,0.2872475804123409,SL,-0.03273221218332993,-0.037932212183329934,2.2,0.0044,-0.08345086680332586
BR/USDT:USDT,LONG,2025-08-23T18:45:00+00:00,2025-08-23T22:00:00+00:00,0.07309,0.07137985115760373,0.0803739672916878,0.07137985115760373,SL,-0.02339784980703615,-0.028597849807036155,2.2,0.0044,-0.06291526957547955
PROMPT/USDT:USDT,LONG,2025-08-23T21:10:00+00:00,2025-08-23T22:10:00+00:00,0.24042,0.2323585700542989,0.2747557201390972,0.2323585700542989,SL,-0.03353061286790235,-0.03873061286790235,2.2,0.0044,-0.08520734830938519
ORDER/USDT:USDT,LONG,2025-08-23T22:00:00+00:00,2025-08-23T23:00:00+00:00,0.1764,0.18709946874761546,0.18709946874761546,0.17388795081577724,TP,0.060654584737049086,0.05545458473704908,2.2,0.0044,0.12200008642150799
ORDER/USDT:USDT,LONG,2025-08-23T23:00:00+00:00,2025-08-23T23:25:00+00:00,0.1891,0.18511868562792244,0.20605745010329324,0.18511868562792244,SL,-0.021054015716962186,-0.02625401571696219,2.2,0.0044,-0.05775883457731682
PROMPT/USDT:USDT,LONG,2025-08-23T23:25:00+00:00,2025-08-24T00:00:00+00:00,0.24097,0.23520142810953237,0.26553984323717683,0.23520142810953237,SL,-0.02393896290188661,-0.02913896290188661,2.2,0.0044,-0.06410571838415055
FORTH/USDT:USDT,LONG,2025-08-23T17:25:00+00:00,2025-08-24T00:10:00+00:00,3.147,3.381187901589891,3.381187901589891,3.0920167535397645,TP,0.07441623819189422,0.06921623819189422,2.2,0.0044,0.1522757240221673
ES/USDT:USDT,LONG,2025-08-24T00:00:00+00:00,2025-08-24T00:10:00+00:00,0.1948,0.19209217669086817,0.2063333215018578,0.19209217669086817,SL,-0.013900530334352306,-0.019100530334352307,2.2,0.0044,-0.04202116673557508
FORTH/USDT:USDT,LONG,2025-08-24T00:10:00+00:00,2025-08-24T00:35:00+00:00,3.3863,3.343176040194647,3.569976125096874,3.343176040194647,SL,-0.012734831469554675,-0.017934831469554678,2.2,0.0044,-0.0394566292330203
BOME/USDT:USDT,LONG,2025-08-23T15:00:00+00:00,2025-08-24T00:55:00+00:00,0.002283,0.0023802035398644136,0.0023802035398644136,0.002260178299336181,TP,0.04257710900762757,0.037377109007627564,2.2,0.0044,0.08222963981678065
TAI/USDT:USDT,LONG,2025-08-23T22:10:00+00:00,2025-08-24T00:55:00+00:00,0.07203,0.07092792425820472,0.07672402630764653,0.07092792425820472,SL,-0.015300232428089297,-0.0205002324280893,2.2,0.0044,-0.04510051134179646
MERL/USDT:USDT,LONG,2025-08-24T00:55:00+00:00,2025-08-24T01:05:00+00:00,0.13742,0.13564890802110677,0.14496353991010075,0.13564890802110677,SL,-0.012888167507591464,-0.018088167507591464,2.2,0.0044,-0.03979396851670122
FORTH/USDT:USDT,LONG,2025-08-24T00:35:00+00:00,2025-08-24T01:15:00+00:00,3.3388,3.2965931734098723,3.518569816957952,3.2965931734098723,SL,-0.012641316218440052,-0.017841316218440054,2.2,0.0044,-0.039250895680568124
TAI/USDT:USDT,LONG,2025-08-24T00:55:00+00:00,2025-08-24T01:15:00+00:00,0.07086,0.07008004980280028,0.07418201009918403,0.07008004980280028,SL,-0.011006917826696728,-0.016206917826696726,2.2,0.0044,-0.0356552192187328
ORDER/USDT:USDT,LONG,2025-08-24T00:10:00+00:00,2025-08-24T01:45:00+00:00,0.1814,0.19724693039105468,0.19724693039105468,0.17767941634296977,TP,0.08735904294958473,0.08215904294958473,2.2,0.0044,0.18074989448908643
FORTH/USDT:USDT,LONG,2025-08-24T01:15:00+00:00,2025-08-24T01:55:00+00:00,3.292,3.251764456410104,3.4633736115865923,3.251764456410104,SL,-0.012222218587453156,-0.017422218587453155,2.2,0.0044,-0.038328880892396944
PROMPT/USDT:USDT,LONG,2025-08-24T01:05:00+00:00,2025-08-24T02:15:00+00:00,0.25434,0.2803556241909103,0.2803556241909103,0.24823198388561238,TP,0.10228679795120824,0.09708679795120824,2.2,0.0044,0.21359095549265814
PROMPT/USDT:USDT,LONG,2025-08-24T02:15:00+00:00,2025-08-24T02:45:00+00:00,0.28153,0.31414171674989644,0.31414171674989644,0.2738733360674156,TP,0.11583744805134953,0.11063744805134954,2.2,0.0044,0.243402385712969
BR/USDT:USDT,LONG,2025-08-24T01:15:00+00:00,2025-08-24T03:00:00+00:00,0.07728,0.07619125845676435,0.08191723249896668,0.07619125845676435,SL,-0.014088270487003817,-0.019288270487003815,2.2,0.0044,-0.042434195071408394
MERL/USDT:USDT,LONG,2025-08-24T03:00:00+00:00,2025-08-24T03:20:00+00:00,0.1376,0.1348809559921528,0.14918111336675657,0.1348809559921528,SL,-0.019760494243075574,-0.024960494243075573,2.2,0.0044,-0.05491308733476626
PROMPT/USDT:USDT,LONG,2025-08-24T02:45:00+00:00,2025-08-24T03:35:00+00:00,0.32219,0.3118041469773205,0.3664260406521532,0.3118041469773205,SL,-0.03223518117470893,-0.03743518117470893,2.2,0.0044,-0.08235739858435966
HAEDAL/USDT:USDT,LONG,2025-08-24T03:20:00+00:00,2025-08-24T04:10:00+00:00,0.149999,0.1567922914033871,0.1567922914033871,0.14840405332268303,TP,0.04528891128198927,0.04008891128198927,2.2,0.0044,0.0881956048203764
ORDER/USDT:USDT,LONG,2025-08-24T01:45:00+00:00,2025-08-24T04:30:00+00:00,0.1999,0.19595890292706702,0.21668615419952936,0.19595890292706702,SL,-0.019715343036182942,-0.024915343036182945,2.2,0.0044,-0.054813754679602485
HAEDAL/USDT:USDT,LONG,2025-08-24T04:10:00+00:00,2025-08-24T04:40:00+00:00,0.157115,0.16600043699864586,0.16600043699864586,0.15502885392205706,TP,0.05655371542275312,0.05135371542275312,2.2,0.0044,0.11297817393005687
HAEDAL/USDT:USDT,LONG,2025-08-24T04:40:00+00:00,2025-08-24T04:45:00+00:00,0.166555,0.16349842197023964,0.17957375827490524,0.16349842197023964,SL,-0.018351763860348622,-0.023551763860348622,2.2,0.0044,-0.05181388049276697
HAEDAL/USDT:USDT,LONG,2025-08-24T04:45:00+00:00,2025-08-24T05:55:00+00:00,0.158247,0.15456010040093682,0.17395046125526914,0.15456010040093682,SL,-0.02329838542950692,-0.028498385429506924,2.2,0.0044,-0.06269644794491523
BID/USDT:USDT,LONG,2025-08-24T05:55:00+00:00,2025-08-24T06:05:00+00:00,0.092,0.0909225079833203,0.09658931784882091,0.0909225079833203,SL,-0.011711869746518463,-0.01691186974651846,2.2,0.0044,-0.037206113442340615
HAEDAL/USDT:USDT,LONG,2025-08-24T06:05:00+00:00,2025-08-24T06:10:00+00:00,0.155527,0.15194845270120275,0.17076896071709943,0.15194845270120275,SL,-0.023009170747183783,-0.028209170747183786,2.2,0.0044,-0.06206017564380433
ZORA/USDT:USDT,LONG,2025-08-24T04:30:00+00:00,2025-08-24T07:30:00+00:00,0.11559,0.11407498382846046,0.12204284665655728,0.11407498382846046,SL,-0.013106810031486638,-0.01830681003148664,2.2,0.0044,-0.04027498206927061
BID/USDT:USDT,LONG,2025-08-24T07:30:00+00:00,2025-08-24T07:45:00+00:00,0.08939,0.0881265451786217,0.09477138164661127,0.0881265451786217,SL,-0.01413418527104034,-0.01933418527104034,2.2,0.0044,-0.04253520759628875
HAEDAL/USDT:USDT,LONG,2025-08-24T06:10:00+00:00,2025-08-24T08:15:00+00:00,0.151431,0.14777133465111683,0.1670184635230209,0.14777133465111683,SL,-0.02416721377315859,-0.02936721377315859,2.2,0.0044,-0.0646078703009489
ES/USDT:USDT,LONG,2025-08-24T01:55:00+00:00,2025-08-24T08:20:00+00:00,0.1874,0.18526360709449127,0.1964994512642039,0.18526360709449127,SL,-0.011400175589694441,-0.01660017558969444,2.2,0.0044,-0.036520386297327775
BIO/USDT:USDT,LONG,2025-08-24T08:15:00+00:00,2025-08-24T08:40:00+00:00,0.26272,0.27966385312820086,0.27966385312820086,0.258741877961205,TP,0.06449395983633087,0.059293959836330866,2.2,0.0044,0.1304467116399279
ZORA/USDT:USDT,LONG,2025-08-24T07:45:00+00:00,2025-08-24T09:05:00+00:00,0.11426,0.1132192271024012,0.11869292160088378,0.1132192271024012,SL,-0.00910881233676524,-0.01430881233676524,2.2,0.0044,-0.03147938714088353
BID/USDT:USDT,LONG,2025-08-24T08:20:00+00:00,2025-08-24T09:35:00+00:00,0.09118,0.0963355824657156,0.0963355824657156,0.08996955889935372,TP,0.05654290925329674,0.05134290925329674,2.2,0.0044,0.11295440035725283
BID/USDT:USDT,LONG,2025-08-24T09:35:00+00:00,2025-08-24T10:10:00+00:00,0.09698,0.09539471537283793,0.10373213822680138,0.09539471537283793,SL,-0.01634651090082558,-0.02154651090082558,2.2,0.0044,-0.04740232398181628
ZORA/USDT:USDT,LONG,2025-08-24T09:05:00+00:00,2025-08-24T10:15:00+00:00,0.11248,0.11144828061561271,0.11687436034090878,0.11144828061561271,SL,-0.00917246963359963,-0.01437246963359963,2.2,0.0044,-0.03161943319391919
BID/USDT:USDT,LONG,2025-08-24T10:10:00+00:00,2025-08-24T10:20:00+00:00,0.09539,0.09394511223541419,0.10154415158990253,0.09394511223541419,SL,-0.01514716180507199,-0.02034716180507199,2.2,0.0044,-0.044763755971158385
CTK/USDT:USDT,LONG,2025-08-24T10:20:00+00:00,2025-08-24T10:55:00+00:00,0.3709,0.3669578400072466,0.3876906814506162,0.3669578400072466,SL,-0.0106286330351938,-0.0158286330351938,2.2,0.0044,-0.03482299267742636
BIO/USDT:USDT,LONG,2025-08-24T08:40:00+00:00,2025-08-24T11:00:00+00:00,0.28203,0.31062795428156625,0.31062795428156625,0.27531569769041486,TP,0.10140039811922934,0.09620039811922934,2.2,0.0044,0.21164087586230457
EDU/USDT:USDT,LONG,2025-08-24T10:55:00+00:00,2025-08-24T11:00:00+00:00,0.1543,0.15256500845709864,0.16168977879383906,0.15256500845709864,SL,-0.011244274419321803,-0.0164442744193218,2.2,0.0044,-0.03617740372250797
NEO/USDC:USDC,LONG,2025-08-24T11:00:00+00:00,2025-08-24T11:05:00+00:00,7.492,7.428400343812939,7.7628874245004456,7.428400343812939,SL,-0.008489009101316216,-0.013689009101316216,2.2,0.0044,-0.030115820022895676
BR/USDT:USDT,LONG,2025-08-24T10:15:00+00:00,2025-08-24T11:10:00+00:00,0.07959,0.07822419560975072,0.08540731499550616,0.07822419560975072,SL,-0.017160502453188536,-0.02236050245318854,2.2,0.0044,-0.04919310539701479
NEO/USDC:USDC,LONG,2025-08-24T11:05:00+00:00,2025-08-24T11:20:00+00:00,7.398,7.323128890683443,7.716895465607556,7.323128890683443,SL,-0.010120452732705678,-0.015320452732705677,2.2,0.0044,-0.033704996011952496
TUT/USDT:USDT,LONG,2025-08-24T11:10:00+00:00,2025-08-24T11:40:00+00:00,0.06852,0.06798531311774493,0.07079737005404937,0.06798531311774493,SL,-0.007803369560056438,-0.013003369560056438,2.2,0.0044,-0.028607413032124166
EDU/USDT:USDT,LONG,2025-08-24T11:40:00+00:00,2025-08-24T12:00:00+00:00,0.1497,0.14697528517759278,0.16130526683617885,0.14697528517759278,SL,-0.018201167818351467,-0.02340116781835147,2.2,0.0044,-0.05148256920037324
NEO/USDC:USDC,LONG,2025-08-24T12:00:00+00:00,2025-08-24T12:05:00+00:00,7.466,7.38353454874417,7.817241736830387,7.38353454874417,SL,-0.01104546628125235,-0.016245466281252348,2.2,0.0044,-0.03574002581875517
BIO/USDT:USDT,LONG,2025-08-24T11:00:00+00:00,2025-08-24T12:45:00+00:00,0.31199,0.3046948651951575,0.34306187046507,0.3046948651951575,SL,-0.02338259176525692,-0.028582591765256925,2.2,0.0044,-0.06288170188356523
BIO/USDT:USDT,LONG,2025-08-24T12:45:00+00:00,2025-08-24T13:20:00+00:00,0.30428,0.29827551277002196,0.329854667831388,0.29827551277002196,SL,-0.01973342720513356,-0.024933427205133564,2.2,0.0044,-0.05485353985129385
PROMPT/USDT:USDT,LONG,2025-08-24T03:35:00+00:00,2025-08-24T13:35:00+00:00,0.30714,0.36763417537918214,0.36763417537918214,0.2929370196935834,TP,0.1969596124867556,0.19175961248675558,2.2,0.0044,0.4218711474708623
PROMPT/USDT:USDT,LONG,2025-08-24T13:35:00+00:00,2025-08-24T13:50:00+00:00,0.37271,0.36302310404366084,0.41396900129551856,0.36302310404366084,SL,-0.02599043748850084,-0.03119043748850084,2.2,0.0044,-0.06861896247470185
BIO/USDT:USDT,LONG,2025-08-24T13:20:00+00:00,2025-08-24T14:00:00+00:00,0.29579,0.28973465147989996,0.32158129925227796,0.28973465147989996,SL,-0.020471782413536747,-0.02567178241353675,2.2,0.0044,-0.056477921309780854
BID/USDT:USDT,LONG,2025-08-24T13:50:00+00:00,2025-08-24T14:00:00+00:00,0.1034,0.1012792611157555,0.11243277672918958,0.1012792611157555,SL,-0.020510047236407234,-0.025710047236407234,2.2,0.0044,-0.05656210392009592
BIO/USDT:USDT,LONG,2025-08-24T14:00:00+00:00,2025-08-24T14:30:00+00:00,0.2821,0.27574351814152287,0.3091739042120322,0.27574351814152287,SL,-0.022532725482017537,-0.027732725482017537,2.2,0.0044,-0.061011996060438584
BID/USDT:USDT,LONG,2025-08-24T14:30:00+00:00,2025-08-24T15:35:00+00:00,0.10157,0.11276633531637045,0.11276633531637045,0.09894129518659127,TP,0.11023269977720251,0.10503269977720252,2.2,0.0044,0.23107193950984556
BID/USDT:USDT,LONG,2025-08-24T15:35:00+00:00,2025-08-24T15:50:00+00:00,0.11497,0.11115682574047847,0.13121129777203613,0.11115682574047847,SL,-0.033166689219113955,-0.03836668921911396,2.2,0.0044,-0.08440671628205071
DOLO/USDT:USDT,LONG,2025-08-23T21:25:00+00:00,2025-08-24T16:10:00+00:00,0.286705,0.2803978737799226,0.3135686857521814,0.2803978737799226,SL,-0.021998661411825386,-0.027198661411825385,2.2,0.0044,-0.05983705510601585
BANK/USDT:USDT,LONG,2025-08-23T17:25:00+00:00,2025-08-24T16:25:00+00:00,0.06734,0.06582449661345273,0.07379492183159023,0.06582449661345273,SL,-0.022505247795474723,-0.027705247795474723,2.2,0.0044,-0.060951545150044396
RDO/USDT:USDT,LONG,2025-08-24T16:25:00+00:00,2025-08-24T16:30:00+00:00,0.000808,0.0007863865407332433,0.0009000573265065566,0.0007863865407332433,SL,-0.026749330775689056,-0.03194933077568906,2.2,0.0044,-0.07028852770651593
EPT/USDT:USDT,LONG,2025-08-24T16:10:00+00:00,2025-08-24T16:45:00+00:00,0.004907,0.005321095834965901,0.005321095834965901,0.004809777499616702,TP,0.0843887986480336,0.0791887986480336,2.2,0.0044,0.17421535702567395
EPT/USDT:USDT,LONG,2025-08-24T16:45:00+00:00,2025-08-24T16:50:00+00:00,0.005338,0.005214402008667467,0.005864435889008936,0.005214402008667467,SL,-0.023154363306956353,-0.028354363306956357,2.2,0.0044,-0.06237959927530399
PROMPT/USDT:USDT,LONG,2025-08-24T14:00:00+00:00,2025-08-24T17:05:00+00:00,0.34549,0.33455507494809267,0.3920646807766425,0.33455507494809267,SL,-0.03165048207446627,-0.03685048207446627,2.2,0.0044,-0.0810710605638258
NEO/USDT:USDT,LONG,2025-08-24T12:05:00+00:00,2025-08-24T17:20:00+00:00,7.382,7.7349280438595835,7.7349280438595835,7.299138633180793,TP,0.0478092717230539,0.0426092717230539,2.2,0.0044,0.09374039779071859
AIOT/USDT:USDT,LONG,2025-08-24T17:05:00+00:00,2025-08-24T17:55:00+00:00,1.75353,1.7276510436226469,1.863755184570208,1.7276510436226469,SL,-0.014758205663634586,-0.019958205663634584,2.2,0.0044,-0.04390805245999609
NEO/USDT:USDT,LONG,2025-08-24T17:55:00+00:00,2025-08-24T18:20:00+00:00,7.919,8.232588844397204,8.232588844397204,7.845374793054569,TP,0.03959955100356166,0.03439955100356166,2.2,0.0044,0.07567901220783566
BSV/USDT:USDT,LONG,2025-08-24T11:20:00+00:00,2025-08-24T18:35:00+00:00,27.72,28.34445133823695,28.34445133823695,27.573389685805235,TP,0.022527104554002593,0.01732710455400259,2.2,0.0044,0.0381196300188057
EPT/USDT:USDT,LONG,2025-08-24T16:50:00+00:00,2025-08-24T18:35:00+00:00,0.004956,0.005609119039794013,0.005609119039794013,0.004802659008048362,TP,0.13178350278329548,0.12658350278329547,2.2,0.0044,0.2784837061232501
EPT/USDT:USDT,LONG,2025-08-24T18:35:00+00:00,2025-08-24T19:30:00+00:00,0.005618,0.0054616117732914585,0.00628409800264749,0.0054616117732914585,SL,-0.02783699300614831,-0.03303699300614831,2.2,0.0044,-0.07268138461352629
NEO/USDC:USDC,LONG,2025-08-24T18:20:00+00:00,2025-08-24T19:35:00+00:00,8.272,8.173843614969677,8.690073491795825,8.173843614969677,SL,-0.011866100704826346,-0.017066100704826344,2.2,0.0044,-0.037545421550617956
NEO/USDT:USDT,LONG,2025-08-24T18:35:00+00:00,2025-08-24T19:35:00+00:00,8.318,8.209334951279669,8.780832614919925,8.209334951279669,SL,-0.013063843318145122,-0.018263843318145123,2.2,0.0044,-0.040180455299919274
PLUME/USDT:USDT,LONG,2025-08-24T17:20:00+00:00,2025-08-24T20:05:00+00:00,0.09625,0.09462213730477378,0.103183489257445,0.09462213730477378,SL,-0.01691285917118148,-0.022112859171181484,2.2,0.0044,-0.04864829017659927
NEO/USDC:USDC,LONG,2025-08-24T19:35:00+00:00,2025-08-24T20:05:00+00:00,8.106,7.965900197005908,8.702721383122983,7.965900197005908,SL,-0.017283469404649872,-0.022483469404649875,2.2,0.0044,-0.04946363269022973
NEO/USDT:USDT,LONG,2025-08-24T19:35:00+00:00,2025-08-24T20:05:00+00:00,8.104,7.96456137345216,8.69790526122228,7.96456137345216,SL,-0.01720614838941752,-0.02240614838941752,2.2,0.0044,-0.04929352645671855
EPT/USDT:USDT,LONG,2025-08-24T19:30:00+00:00,2025-08-24T20:25:00+00:00,0.005419,0.005256040110600638,0.0061130884178120974,0.005256040110600638,SL,-0.03007194858818272,-0.03527194858818272,2.2,0.0044,-0.077598286894002
EPT/USDT:USDT,LONG,2025-08-24T20:25:00+00:00,2025-08-24T21:40:00+00:00,0.005157,0.004997852433843763,0.0058348507447395295,0.004997852433843763,SL,-0.03086049372818256,-0.03606049372818256,2.2,0.0044,-0.07933308620200165
LAUNCHCOIN/USDT:USDT,LONG,2025-08-24T21:40:00+00:00,2025-08-24T22:00:00+00:00,0.05292,0.05168713389571141,0.05817109637011808,0.05168713389571141,SL,-0.023296789574614337,-0.028496789574614337,2.2,0.0044,-0.06269293706415155
LAUNCHCOIN/USDT:USDT,LONG,2025-08-24T22:00:00+00:00,2025-08-24T22:25:00+00:00,0.05146,0.05021931118272109,0.056744415332854604,0.05021931118272109,SL,-0.024109771031459542,-0.02930977103145954,2.2,0.0044,-0.064481496269211
RDO/USDT:USDT,LONG,2025-08-24T16:30:00+00:00,2025-08-24T22:30:00+00:00,0.000775,0.0007515360735380115,0.0008749389460418025,0.0007515360735380115,SL,-0.030276034144501217,-0.03547603414450122,2.2,0.0044,-0.07804727511790269
NEO/USDC:USDC,LONG,2025-08-24T20:05:00+00:00,2025-08-24T23:45:00+00:00,7.898,7.751636171515734,8.521401491692245,7.751636171515734,SL,-0.018531758481168156,-0.02373175848116816,2.2,0.0044,-0.052209868658569955
NEO/USDT:USDT,LONG,2025-08-24T20:05:00+00:00,2025-08-24T23:45:00+00:00,7.896,7.750775933400312,8.514546950332006,7.750775933400312,SL,-0.01839210569904866,-0.02359210569904866,2.2,0.0044,-0.051902632537907056
IP/USDT:USDT,LONG,2025-08-24T23:45:00+00:00,2025-08-25T00:30:00+00:00,6.264,6.207927285618976,6.502828227919175,6.207927285618976,SL,-0.008951582755591317,-0.014151582755591316,2.2,0.0044,-0.031133482062300898
IP/USDC:USDC,LONG,2025-08-24T23:45:00+00:00,2025-08-25T00:30:00+00:00,6.2634,6.209165780147,6.494397603077592,6.209165780147,SL,-0.008658910472427103,-0.013858910472427103,2.2,0.0044,-0.03048960303933963
NTRN/USDT:USDT,LONG,2025-08-24T22:30:00+00:00,2025-08-25T00:35:00+00:00,0.10755,0.10584628296897504,0.11480657253955082,0.10584628296897504,SL,-0.015841162538586404,-0.021041162538586407,2.2,0.0044,-0.0462905575848901
ONT/USDT:USDT,LONG,2025-08-24T20:05:00+00:00,2025-08-25T00:40:00+00:00,0.1535,0.16933256470824654,0.16933256470824654,0.14978278915545515,TP,0.10314374402766474,0.09794374402766474,2.2,0.0044,0.21547623686086245
HOOK/USDT:USDT,LONG,2025-08-25T00:30:00+00:00,2025-08-25T00:55:00+00:00,0.1227,0.12079950968961803,0.13079468095162694,0.12079950968961803,SL,-0.015488918585020169,-0.020688918585020172,2.2,0.0044,-0.04551562088704438
BID/USDT:USDT,LONG,2025-08-24T15:50:00+00:00,2025-08-25T01:00:00+00:00,0.10949,0.12538369577447644,0.12538369577447644,0.10575843664425336,TP,0.14516116334346918,0.13996116334346917,2.2,0.0044,0.3079145593556322
TA/USDT:USDT,LONG,2025-08-25T00:30:00+00:00,2025-08-25T01:05:00+00:00,0.05157,0.05328729385436724,0.05328729385436724,0.05116680926897464,TP,0.03330024926056322,0.028100249260563218,2.2,0.0044,0.06182054837323908
BID/USDT:USDT,LONG,2025-08-25T01:00:00+00:00,2025-08-25T01:05:00+00:00,0.12882,0.12637739123147987,0.1392237040140672,0.12637739123147987,SL,-0.018961409474616688,-0.024161409474616688,2.2,0.0044,-0.05315510084415672
BID/USDT:USDT,LONG,2025-08-25T01:05:00+00:00,2025-08-25T01:15:00+00:00,0.12588,0.12332103471494558,0.13677929658449098,0.12332103471494558,SL,-0.02032860887396256,-0.025528608873962563,2.2,0.0044,-0.05616293952271764
TA/USDT:USDT,LONG,2025-08-25T01:05:00+00:00,2025-08-25T01:15:00+00:00,0.05335,0.05279725158174434,0.05570429881849634,0.05279725158174434,SL,-0.010360795093826897,-0.015560795093826896,2.2,0.0044,-0.034233749206419174
LAUNCHCOIN/USDT:USDT,LONG,2025-08-24T22:25:00+00:00,2025-08-25T01:35:00+00:00,0.05021,0.05580899911157104,0.05580899911157104,0.04889545238250071,TP,0.11151163337126159,0.1063116333712616,2.2,0.0044,0.23388559341677553
HOOK/USDT:USDT,LONG,2025-08-25T00:55:00+00:00,2025-08-25T02:15:00+00:00,0.1206,0.11874612534804573,0.12849613277684227,0.11874612534804573,SL,-0.015372094958161473,-0.020572094958161473,2.2,0.0044,-0.045258608907955244
ONG/USDT:USDT,LONG,2025-08-25T00:35:00+00:00,2025-08-25T02:20:00+00:00,0.19413,0.19230522819611467,0.20190217620173379,0.19230522819611467,SL,-0.00939974143040912,-0.01459974143040912,2.2,0.0044,-0.032119431146900065
TA/USDT:USDT,LONG,2025-08-25T01:15:00+00:00,2025-08-25T02:45:00+00:00,0.05212,0.051445413863850986,0.05499323724656062,0.051445413863850986,SL,-0.012942941982905095,-0.018142941982905093,2.2,0.0044,-0.03991447236239121
FLOCK/USDT:USDT,LONG,2025-08-25T02:15:00+00:00,2025-08-25T02:50:00+00:00,0.34732,0.3421819401063142,0.36920432917680995,0.3421819401063142,SL,-0.014793446659235921,-0.01999344665923592,2.2,0.0044,-0.04398558265031903
HOUSE/USDT:USDT,LONG,2025-08-25T02:20:00+00:00,2025-08-25T03:10:00+00:00,0.01977,0.019595603498158136,0.020512799915252372,0.019595603498158136,SL,-0.00882126969356922,-0.01402126969356922,2.2,0.0044,-0.030846793325852287
BOME/USDC:USDC,LONG,2025-08-25T03:10:00+00:00,2025-08-25T03:30:00+00:00,0.002443,0.002408841988271558,0.0025884878277322525,0.002408841988271558,SL,-0.01398199415818332,-0.01918199415818332,2.2,0.0044,-0.04220038714800331
BOME/USDC:USDC,LONG,2025-08-25T03:30:00+00:00,2025-08-25T03:40:00+00:00,0.002398,0.002359766429274885,0.002560846690125491,0.002359766429274885,SL,-0.015943941086369935,-0.02114394108636994,2.2,0.0044,-0.04651667039001387
BOME/USDT:USDT,LONG,2025-08-25T02:45:00+00:00,2025-08-25T03:45:00+00:00,0.002348,0.0023233058530836934,0.0024531787739027868,0.0023233058530836934,SL,-0.010517098345956728,-0.015717098345956727,2.2,0.0044,-0.034577616361104804
ONT/USDT:USDT,LONG,2025-08-25T00:40:00+00:00,2025-08-25T03:50:00+00:00,0.1698,0.18428196940598743,0.18428196940598743,0.16639988544381165,TP,0.08528839461712262,0.08008839461712262,2.2,0.0044,0.1761944681576698
ONG/USDT:USDT,LONG,2025-08-25T03:45:00+00:00,2025-08-25T04:00:00+00:00,0.20048,0.20820793526782402,0.20820793526782402,0.19866561519798914,TP,0.038547163147566,0.033347163147566,2.2,0.0044,0.07336375892464521
LAUNCHCOIN/USDT:USDT,LONG,2025-08-25T01:35:00+00:00,2025-08-25T04:05:00+00:00,0.05629,0.055154022193544566,0.06112842399045833,0.055154022193544566,SL,-0.02018081020528395,-0.025380810205283953,2.2,0.0044,-0.0558377824516247
ONG/USDT:USDT,LONG,2025-08-25T04:00:00+00:00,2025-08-25T04:05:00+00:00,0.20958,0.20690211202258824,0.22098581916305005,0.20690211202258824,SL,-0.01277740231611677,-0.017977402316116768,2.2,0.0044,-0.03955028509545689
ONG/USDT:USDT,LONG,2025-08-25T04:05:00+00:00,2025-08-25T04:25:00+00:00,0.20357,0.21662540350854648,0.21662540350854648,0.2005048183066891,TP,0.06413225675957399,0.05893225675957398,2.2,0.0044,0.12965096487106278
ONT/USDT:USDT,LONG,2025-08-25T03:50:00+00:00,2025-08-25T04:30:00+00:00,0.1907,0.1868988756687175,0.2068899740036107,0.1868988756687175,SL,-0.019932482072797682,-0.025132482072797682,2.2,0.0044,-0.0552914605601549
ONG/USDT:USDT,LONG,2025-08-25T04:25:00+00:00,2025-08-25T04:30:00+00:00,0.22307,0.21876274388945613,0.24141572047083495,0.21876274388945613,SL,-0.019308988705535757,-0.024508988705535757,2.2,0.0044,-0.05391977515217867
EPT/USDT:USDT,LONG,2025-08-25T03:40:00+00:00,2025-08-25T04:35:00+00:00,0.005222,0.005142552468287368,0.005560387635072323,0.005142552468287368,SL,-0.015214004540910016,-0.020414004540910018,2.2,0.0044,-0.04491080999000204
GTC/USDT:USDT,LONG,2025-08-25T04:35:00+00:00,2025-08-25T04:45:00+00:00,0.368,0.36471809957341705,0.3819784647798904,0.36471809957341705,SL,-0.008918207680931902,-0.014118207680931902,2.2,0.0044,-0.031060056898050185
ONG/USDT:USDT,LONG,2025-08-25T04:30:00+00:00,2025-08-25T04:50:00+00:00,0.21361,0.20847949075449498,0.23546216900863245,0.20847949075449498,SL,-0.024018113597233326,-0.02921811359723333,2.2,0.0044,-0.06427984991391333
GTC/USDT:USDT,LONG,2025-08-25T04:45:00+00:00,2025-08-25T04:50:00+00:00,0.363,0.35935468789748715,0.3785263293255177,0.35935468789748715,SL,-0.010042182100586345,-0.015242182100586345,2.2,0.0044,-0.03353280062128996
BID/USDT:USDT,LONG,2025-08-25T01:15:00+00:00,2025-08-25T05:00:00+00:00,0.11366,0.11023297993278472,0.12825656695295395,0.11023297993278472,SL,-0.03015150507843813,-0.03535150507843813,2.2,0.0044,-0.07777331117256389
FLOCK/USDT:USDT,LONG,2025-08-25T02:50:00+00:00,2025-08-25T05:00:00+00:00,0.34044,0.33419015689365605,0.36705970211961325,0.33419015689365605,SL,-0.01835813390419447,-0.02355813390419447,2.2,0.0044,-0.05182789458922784
IOST/USDT:USDT,LONG,2025-08-25T04:50:00+00:00,2025-08-25T05:00:00+00:00,0.00395,0.00390481860670168,0.0041424392677521064,0.00390481860670168,SL,-0.011438327417296354,-0.01663832741729635,2.2,0.0044,-0.036604320318051976
ONG/USDT:USDT,LONG,2025-08-25T04:50:00+00:00,2025-08-25T05:10:00+00:00,0.20548,0.20067669811118105,0.2259385080449696,0.20067669811118105,SL,-0.023376006856233915,-0.028576006856233918,2.2,0.0044,-0.06286721508371462
IOST/USDT:USDT,LONG,2025-08-25T05:00:00+00:00,2025-08-25T05:15:00+00:00,0.003855,0.0037852956353703255,0.004151888960459724,0.0037852956353703255,SL,-0.018081547245051725,-0.02328154724505173,2.2,0.0044,-0.051219403939113804
PHB/USDT:USDT,LONG,2025-08-25T05:15:00+00:00,2025-08-25T05:35:00+00:00,0.6125,0.6070157785112844,0.6358587211556409,0.6070157785112844,SL,-0.00895383100198471,-0.01415383100198471,2.2,0.0044,-0.031138428204366363
SPK/USDT:USDT,LONG,2025-08-25T05:00:00+00:00,2025-08-25T05:50:00+00:00,0.07192,0.07126609917856593,0.07470513312833033,0.07126609917856593,SL,-0.00909205814007331,-0.01429205814007331,2.2,0.0044,-0.03144252790816129
LAUNCHCOIN/USDT:USDT,LONG,2025-08-25T04:05:00+00:00,2025-08-25T06:00:00+00:00,0.05474,0.053500980004667846,0.06001730738752582,0.053500980004667846,SL,-0.022634636378007875,-0.027834636378007878,2.2,0.0044,-0.06123620003161734
FLOCK/USDT:USDT,LONG,2025-08-25T05:35:00+00:00,2025-08-25T06:00:00+00:00,0.33577,0.3319531370582532,0.3520270088259587,0.3319531370582532,SL,-0.011367492455391558,-0.016567492455391557,2.2,0.0044,-0.03644848340186143
NEO/USDC:USDC,LONG,2025-08-25T05:50:00+00:00,2025-08-25T06:40:00+00:00,8.133,8.03326605983961,8.557792708090545,8.03326605983961,SL,-0.012262872268583448,-0.017462872268583448,2.2,0.0044,-0.03841831899088359
FLOCK/USDT:USDT,LONG,2025-08-25T06:00:00+00:00,2025-08-25T07:00:00+00:00,0.33082,0.3468442755065164,0.3468442755065164,0.32705777879412223,TP,0.04843804941211661,0.043238049412116605,2.2,0.0044,0.09512370870665654
FLOCK/USDT:USDT,LONG,2025-08-25T07:00:00+00:00,2025-08-25T07:05:00+00:00,0.34902,0.3447983400865334,0.36700114407587636,0.3447983400865334,SL,-0.012095753577063276,-0.017295753577063276,2.2,0.0044,-0.03805065786953921
ASP/USDT:USDT,LONG,2025-08-25T05:00:00+00:00,2025-08-25T07:20:00+00:00,0.1429,0.14152734321620256,0.14874650111617432,0.14152734321620256,SL,-0.00960571577185055,-0.01480571577185055,2.2,0.0044,-0.03257257469807121
LAUNCHCOIN/USDT:USDT,LONG,2025-08-25T06:00:00+00:00,2025-08-25T07:40:00+00:00,0.0533,0.05249466435171138,0.05673013331678488,0.05249466435171138,SL,-0.01510948683468333,-0.02030948683468333,2.2,0.0044,-0.04468087103630333
RDO/USDT:USDT,LONG,2025-08-25T07:20:00+00:00,2025-08-25T07:40:00+00:00,0.000842,0.0008189908286687854,0.0009400020260403583,0.0008189908286687854,SL,-0.02732680680666813,-0.03252680680666813,2.2,0.0044,-0.0715589749746699
IOST/USDT:USDT,LONG,2025-08-25T06:40:00+00:00,2025-08-25T07:45:00+00:00,0.003777,0.003995362480966,0.003995362480966,0.0037257322870775478,TP,0.05781373602488755,0.052613736024887545,2.2,0.0044,0.11575021925475261
FLOCK/USDT:USDT,LONG,2025-08-25T07:05:00+00:00,2025-08-25T07:45:00+00:00,0.34299,0.3621214909275995,0.3621214909275995,0.338498258651781,TP,0.05577856767719021,0.050578567677190205,2.2,0.0044,0.11127284888981846
FLOCK/USDT:USDT,LONG,2025-08-25T07:45:00+00:00,2025-08-25T07:50:00+00:00,0.36491,0.3590106641719079,0.39003680074928115,0.3590106641719079,SL,-0.01616655018522951,-0.02136655018522951,2.2,0.0044,-0.047006410407504924
B/USDT:USDT,LONG,2025-08-25T07:40:00+00:00,2025-08-25T07:55:00+00:00,0.54958,0.5466858347125058,0.5619070002985861,0.5466858347125058,SL,-0.005266140120627023,-0.010466140120627023,2.2,0.0044,-0.02302550826537945
IOST/USDT:USDT,LONG,2025-08-25T07:45:00+00:00,2025-08-25T08:05:00+00:00,0.004039,0.0039677333925811475,0.004342542957524741,0.0039677333925811475,SL,-0.017644616840518094,-0.022844616840518098,2.2,0.0044,-0.05025815704913982
PHB/USDT:USDT,LONG,2025-08-25T07:55:00+00:00,2025-08-25T08:05:00+00:00,0.6017,0.5938222410509135,0.6352534177461091,0.5938222410509135,SL,-0.013092502823810019,-0.018292502823810022,2.2,0.0044,-0.040243506212382055
ONT/USDT:USDT,LONG,2025-08-25T04:30:00+00:00,2025-08-25T08:15:00+00:00,0.1867,0.20813229056814242,0.20813229056814242,0.1816680709100883,TP,0.11479534316091276,0.10959534316091277,2.2,0.0044,0.2411097549540081
PROMPT/USDT:USDT,LONG,2025-08-25T07:40:00+00:00,2025-08-25T08:15:00+00:00,0.34844,0.3429877791153439,0.3716624222864985,0.3429877791153439,SL,-0.015647517175571498,-0.020847517175571498,2.2,0.0044,-0.0458645377862573
FLOCK/USDT:USDT,LONG,2025-08-25T07:50:00+00:00,2025-08-25T08:15:00+00:00,0.35163,0.3446824738739145,0.3812213149814753,0.3446824738739145,SL,-0.01975805854473598,-0.024958058544735984,2.2,0.0044,-0.05490772879841917
ONT/USDT:USDT,LONG,2025-08-25T08:15:00+00:00,2025-08-25T08:20:00+00:00,0.2142,0.2084996770080174,0.2384791534843704,0.2084996770080174,SL,-0.02661215215678158,-0.031812152156781584,2.2,0.0044,-0.0699867347449195
FLM/USDT:USDT,LONG,2025-08-25T08:15:00+00:00,2025-08-25T08:25:00+00:00,0.03438,0.03401824268684103,0.03592081818567709,0.03401824268684103,SL,-0.010522318591011293,-0.015722318591011294,2.2,0.0044,-0.03458910090022485
PHB/USDT:USDT,LONG,2025-08-25T08:25:00+00:00,2025-08-25T08:55:00+00:00,0.6019,0.5934266625923189,0.6379901408104933,0.5934266625923189,SL,-0.014077649788471642,-0.019277649788471643,2.2,0.0044,-0.042410829534637616
B/USDT:USDT,LONG,2025-08-25T08:05:00+00:00,2025-08-25T09:30:00+00:00,0.54796,0.5449784466076457,0.5606592088933608,0.5449784466076457,SL,-0.00544118802896979,-0.01064118802896979,2.2,0.0044,-0.023410613663733537
MAV/USDT:USDT,LONG,2025-08-25T09:30:00+00:00,2025-08-25T10:30:00+00:00,0.06252,0.061603405096787474,0.06642401532849782,0.061603405096787474,SL,-0.01466082698676475,-0.01986082698676475,2.2,0.0044,-0.04369381937088246
JST/USDT:USDT,LONG,2025-08-25T08:55:00+00:00,2025-08-25T10:55:00+00:00,0.036473,0.036145632636289275,0.037867342475064195,0.036145632636289275,SL,-0.008975608359902484,-0.014175608359902484,2.2,0.0044,-0.031186338391785466
FLOCK/USDT:USDT,LONG,2025-08-25T08:15:00+00:00,2025-08-25T11:05:00+00:00,0.34423,0.37366812210949474,0.37366812210949474,0.33731844089603163,TP,0.08551875812536607,0.08031875812536607,2.2,0.0044,0.17670126787580537
PROMPT/USDT:USDT,LONG,2025-08-25T10:30:00+00:00,2025-08-25T11:20:00+00:00,0.33689,0.3308341455545815,0.36268345411937525,0.3308341455545815,SL,-0.017975761956183046,-0.023175761956183046,2.2,0.0044,-0.05098667630360271
ALCH/USDT:USDT,LONG,2025-08-25T10:55:00+00:00,2025-08-25T11:25:00+00:00,0.10373,0.10309333537472756,0.10644171970023444,0.10309333537472756,SL,-0.006137709681600694,-0.011337709681600694,2.2,0.0044,-0.02494296129952153
IOST/USDT:USDT,LONG,2025-08-25T08:05:00+00:00,2025-08-25T11:35:00+00:00,0.003965,0.0038721292259868323,0.004360560704130158,0.0038721292259868323,SL,-0.023422641617444506,-0.02862264161744451,2.2,0.0044,-0.06296981155837793
FLOCK/USDT:USDT,LONG,2025-08-25T11:05:00+00:00,2025-08-25T11:40:00+00:00,0.37573,0.4048743716627277,0.4048743716627277,0.36888740839222917,TP,0.07756732670462223,0.07236732670462223,2.2,0.0044,0.1592081187501689
SPK/USDT:USDT,LONG,2025-08-25T11:25:00+00:00,2025-08-25T11:45:00+00:00,0.07606,0.08017025959218294,0.08017025959218294,0.07509498253053097,TP,0.05403970013388026,0.048839700133880254,2.2,0.0044,0.10744734029453656
SPK/USDT:USDT,LONG,2025-08-25T11:45:00+00:00,2025-08-25T11:55:00+00:00,0.08139,0.0799484034166622,0.08753013359569806,0.0799484034166622,SL,-0.017712207683226417,-0.022912207683226417,2.2,0.0044,-0.050406856903098124
FLOCK/USDT:USDT,LONG,2025-08-25T11:40:00+00:00,2025-08-25T12:00:00+00:00,0.41039,0.40007239932976074,0.454335336188056,0.40007239932976074,SL,-0.02514096510694519,-0.030340965106945193,2.2,0.0044,-0.06675012323527943
SPK/USDT:USDT,LONG,2025-08-25T11:55:00+00:00,2025-08-25T12:10:00+00:00,0.07977,0.07815973559906077,0.08662853355955596,0.07815973559906077,SL,-0.020186340741371777,-0.025386340741371777,2.2,0.0044,-0.055849949631017914
REX/USDT:USDT,LONG,2025-08-25T11:35:00+00:00,2025-08-25T12:25:00+00:00,0.05976,0.059064451378212555,0.06272252190761318,0.059064451378212555,SL,-0.011639033162440514,-0.016839033162440516,2.2,0.0044,-0.037045872957369136
GPS/USDT:USDT,LONG,2025-08-25T12:25:00+00:00,2025-08-25T12:55:00+00:00,0.01318,0.012754127296360045,0.014993902256244258,0.012754127296360045,SL,-0.032312041247341126,-0.03751204124734113,2.2,0.0044,-0.08252649074415049
ESPORTS/USDT:USDT,LONG,2025-08-25T12:55:00+00:00,2025-08-25T13:05:00+00:00,0.09618,0.09505341051212231,0.10097843670762718,0.09505341051212231,SL,-0.011713344644184798,-0.0169133446441848,2.2,0.0044,-0.03720935821720656
ONT/USDT:USDT,LONG,2025-08-25T08:20:00+00:00,2025-08-25T13:50:00+00:00,0.2047,0.19865855722173043,0.23043207109262967,0.19865855722173043,SL,-0.029513643274399454,-0.03471364327439946,2.2,0.0044,-0.07637001520367881
BR/USDT:USDT,LONG,2025-08-25T13:50:00+00:00,2025-08-25T15:10:00+00:00,0.08183,0.08084794945332688,0.08601280788397811,0.08084794945332688,SL,-0.01200110652172946,-0.01720110652172946,2.2,0.0044,-0.037842434347804814
ONG/USDT:USDT,LONG,2025-08-25T05:10:00+00:00,2025-08-25T15:15:00+00:00,0.20061,0.19612189611498965,0.21972599802874784,0.19612189611498965,SL,-0.02237228395897694,-0.027572283958976943,2.2,0.0044,-0.06065902470974928
DBR/USDT:USDT,LONG,2025-08-25T15:10:00+00:00,2025-08-25T15:15:00+00:00,0.02919,0.028599556182402824,0.03170485329717316,0.028599556182402824,SL,-0.020227605947145493,-0.025427605947145493,2.2,0.0044,-0.055940733083720086
FLOCK/USDT:USDT,LONG,2025-08-25T12:00:00+00:00,2025-08-25T15:30:00+00:00,0.39925,0.44330777777142516,0.44330777777142516,0.3889060000014915,TP,0.11035135321584262,0.10515135321584262,2.2,0.0044,0.23133297707485379
DBR/USDT:USDT,LONG,2025-08-25T15:15:00+00:00,2025-08-25T15:30:00+00:00,0.02825,0.027356130740802623,0.03205722091880365,0.027356130740802623,SL,-0.03164138970610185,-0.03684138970610185,2.2,0.0044,-0.08105105735342408
EPT/USDT:USDT,LONG,2025-08-25T11:20:00+00:00,2025-08-25T15:40:00+00:00,0.005369,0.005277820180735375,0.0057573584894604355,0.005277820180735375,SL,-0.016982644675847324,-0.022182644675847324,2.2,0.0044,-0.04880181828686412
SPK/USDT:USDT,LONG,2025-08-25T12:10:00+00:00,2025-08-25T15:45:00+00:00,0.07695,0.07485480186265908,0.08587399206645208,0.07485480186265908,SL,-0.027228045969342727,-0.03242804596934273,2.2,0.0044,-0.071341701132554
DBR/USDT:USDT,LONG,2025-08-25T15:30:00+00:00,2025-08-25T15:50:00+00:00,0.02695,0.026013347244002685,0.03093944692369228,0.026013347244002685,SL,-0.034755204304167585,-0.03995520430416759,2.2,0.0044,-0.0879014494691687
IOST/USDT:USDT,LONG,2025-08-25T15:45:00+00:00,2025-08-25T15:55:00+00:00,0.004084,0.004017626603095825,0.004366701505332597,0.004017626603095825,SL,-0.016252056049014474,-0.021452056049014477,2.2,0.0044,-0.04719452330783185
HAEDAL/USDT:USDT,LONG,2025-08-25T15:15:00+00:00,2025-08-25T16:05:00+00:00,0.149567,0.1473384175434379,0.15905911046313484,0.1473384175434379,SL,-0.014900228369641033,-0.02010022836964103,2.2,0.0044,-0.04422050241321027
SPK/USDT:USDT,LONG,2025-08-25T15:55:00+00:00,2025-08-25T16:20:00+00:00,0.07293,0.07061875589021516,0.08277418787500948,0.07061875589021516,SL,-0.03169126710249332,-0.036891267102493325,2.2,0.0044,-0.08116078762548531
PROMPT/USDT:USDT,LONG,2025-08-25T16:20:00+00:00,2025-08-25T16:25:00+00:00,0.37303,0.36470714303481194,0.4084792055924674,0.36470714303481194,SL,-0.022311494960694934,-0.027511494960694938,2.2,0.0044,-0.06052528891352887
RDO/USDT:USDT,LONG,2025-08-25T16:05:00+00:00,2025-08-25T16:30:00+00:00,0.000824,0.0008083621075201016,0.0008906058383403075,0.0008083621075201016,SL,-0.018978024854245566,-0.02417802485424557,2.2,0.0044,-0.053191654679340256
BR/USDT:USDT,LONG,2025-08-25T15:40:00+00:00,2025-08-25T17:00:00+00:00,0.08065,0.07958456115760341,0.08518798025465209,0.07958456115760341,SL,-0.013210649006777247,-0.018410649006777247,2.2,0.0044,-0.04050342781490995
HAEDAL/USDT:USDT,LONG,2025-08-25T16:25:00+00:00,2025-08-25T17:00:00+00:00,0.149119,0.14668529448488016,0.15948478274958455,0.14668529448488016,SL,-0.016320559520382003,-0.021520559520382003,2.2,0.0044,-0.04734523094484041
PROMPT/USDT:USDT,LONG,2025-08-25T16:30:00+00:00,2025-08-25T17:00:00+00:00,0.36524,0.35643781822899606,0.40273077420983167,0.35643781822899606,SL,-0.02409972010459957,-0.029299720104599573,2.2,0.0044,-0.06445938423011907
DIA/USDT:USDT,LONG,2025-08-25T17:00:00+00:00,2025-08-25T17:20:00+00:00,0.7174,0.7053226234203182,0.7688406780245709,0.7053226234203182,SL,-0.016834926930139233,-0.022034926930139233,2.2,0.0044,-0.048476839246306316
ESPORTS/USDT:USDT,LONG,2025-08-25T13:05:00+00:00,2025-08-25T17:25:00+00:00,0.09415,0.09269486314565648,0.100347805120352,0.09269486314565648,SL,-0.015455516243691155,-0.020655516243691156,2.2,0.0044,-0.04544213573612055
HAEDAL/USDT:USDT,LONG,2025-08-25T17:00:00+00:00,2025-08-25T17:25:00+00:00,0.146511,0.1438952146631641,0.15765230791615287,0.1438952146631641,SL,-0.017853849450456975,-0.02305384945045698,2.2,0.0044,-0.050718468791005354
DIA/USDT:USDT,LONG,2025-08-25T17:25:00+00:00,2025-08-25T17:45:00+00:00,0.7151,0.7723859244395508,0.7723859244395508,0.7016502612185402,TP,0.08010896998958304,0.07490896998958305,2.2,0.0044,0.16479973397708272
HAEDAL/USDT:USDT,LONG,2025-08-25T17:25:00+00:00,2025-08-25T18:00:00+00:00,0.143552,0.1411834628654917,0.153640213721054,0.1411834628654917,SL,-0.016499506342707346,-0.02169950634270735,2.2,0.0044,-0.04773891395395617
DIA/USDT:USDT,LONG,2025-08-25T17:45:00+00:00,2025-08-25T18:50:00+00:00,0.7756,0.7578749800776428,0.8510954552248545,0.7578749800776428,SL,-0.02285330057034193,-0.02805330057034193,2.2,0.0044,-0.06171726125475225
MAV/USDT:USDT,LONG,2025-08-25T18:00:00+00:00,2025-08-25T19:30:00+00:00,0.06532,0.06395198939259181,0.07114671184636827,0.06395198939259181,SL,-0.020943211993389405,-0.026143211993389405,2.2,0.0044,-0.0575150663854567
DBR/USDT:USDT,LONG,2025-08-25T15:50:00+00:00,2025-08-25T19:35:00+00:00,0.02596,0.02511992499572992,0.0295380972404096,0.02511992499572992,SL,-0.03236036226001849,-0.03756036226001849,2.2,0.0044,-0.08263279697204069
FLOCK/USDT:USDT,LONG,2025-08-25T15:30:00+00:00,2025-08-25T19:45:00+00:00,0.44543,0.4343437388568254,0.49264926042463236,0.4343437388568254,SL,-0.024888896444277595,-0.030088896444277598,2.2,0.0044,-0.06619557217741072
PROMPT/USDT:USDT,LONG,2025-08-25T17:00:00+00:00,2025-08-25T19:45:00+00:00,0.3479,0.338546988607702,0.38773690037460257,0.338546988607702,SL,-0.026884194861448676,-0.03208419486144868,2.2,0.0044,-0.0705852286951871
M/USDT:USDT,LONG,2025-08-25T17:20:00+00:00,2025-08-25T19:45:00+00:00,0.4559,0.46890245521425167,0.46890245521425167,0.4528472496453496,TP,0.028520410647623687,0.023320410647623684,2.2,0.0044,0.051304903424772105
AIOT/USDT:USDT,LONG,2025-08-25T19:30:00+00:00,2025-08-25T20:05:00+00:00,1.76345,1.748449768063042,1.8273398767685243,1.748449768063042,SL,-0.008506184999267337,-0.013706184999267337,2.2,0.0044,-0.030153606998388142
M/USDT:USDT,LONG,2025-08-25T19:45:00+00:00,2025-08-25T20:05:00+00:00,0.4692,0.4657620115004278,0.48384328435002977,0.4657620115004278,SL,-0.007327341218184612,-0.012527341218184612,2.2,0.0044,-0.027560150680006147
IDOL/USDT:USDT,LONG,2025-08-25T20:05:00+00:00,2025-08-25T20:10:00+00:00,0.01298,0.012939284553154608,0.013153417643971117,0.012939284553154608,SL,-0.003136783270061054,-0.008336783270061054,2.2,0.0044,-0.01834092319413432
DIA/USDT:USDT,LONG,2025-08-25T18:50:00+00:00,2025-08-25T20:15:00+00:00,0.7567,0.7353408349597552,0.8476742214677093,0.7353408349597552,SL,-0.028226727950634096,-0.033426727950634096,2.2,0.0044,-0.07353880149139502
EDU/USDT:USDT,LONG,2025-08-25T19:35:00+00:00,2025-08-25T20:30:00+00:00,0.1423,0.1399374648403886,0.1523626497539004,0.1399374648403886,SL,-0.01660249585109913,-0.021802495851099134,2.2,0.0044,-0.047965490872418096
MAV/USDT:USDT,LONG,2025-08-25T19:45:00+00:00,2025-08-25T20:35:00+00:00,0.06445,0.06335433841636373,0.06911670674511743,0.06335433841636373,SL,-0.017000179730585915,-0.02220017973058592,2.2,0.0044,-0.048840395407289024
BID/USDT:USDT,LONG,2025-08-25T20:30:00+00:00,2025-08-25T21:10:00+00:00,0.10645,0.10553759154892939,0.11033618414344891,0.10553759154892939,SL,-0.008571239559141521,-0.01377123955914152,2.2,0.0044,-0.030296727030111346
IDOL/USDT:USDT,LONG,2025-08-25T20:10:00+00:00,2025-08-25T21:15:00+00:00,0.01293,0.01288216422792928,0.013133744955116038,0.01288216422792928,SL,-0.003699595674456391,-0.008899595674456392,2.2,0.0044,-0.019579110483804063
EDU/USDT:USDT,LONG,2025-08-25T20:35:00+00:00,2025-08-25T21:40:00+00:00,0.1391,0.13669237488741212,0.149354699553615,0.13669237488741212,SL,-0.017308591751170957,-0.02250859175117096,2.2,0.0044,-0.04951890185257612
DIA/USDT:USDT,LONG,2025-08-25T20:15:00+00:00,2025-08-25T21:50:00+00:00,0.7294,0.7120370007150362,0.8033535154729943,0.7120370007150362,SL,-0.023804495866416062,-0.029004495866416062,2.2,0.0044,-0.06380989090611534
SPK/USDT:USDT,LONG,2025-08-25T21:15:00+00:00,2025-08-25T21:50:00+00:00,0.07587,0.07442578760503195,0.08202127501560472,0.07442578760503195,SL,-0.019035355146540905,-0.024235355146540905,2.2,0.0044,-0.05331778132238999
M/USDT:USDT,LONG,2025-08-25T20:05:00+00:00,2025-08-25T21:55:00+00:00,0.4651,0.4616164664323125,0.4799372726031133,0.4616164664323125,SL,-0.007489859315604152,-0.012689859315604152,2.2,0.0044,-0.027917690494329135
MAV/USDT:USDT,LONG,2025-08-25T21:10:00+00:00,2025-08-25T21:55:00+00:00,0.06418,0.06317061500335808,0.06847923239310447,0.06317061500335808,SL,-0.015727407239668492,-0.020927407239668495,2.2,0.0044,-0.04604029592727069
AIOT/USDT:USDT,LONG,2025-08-25T21:40:00+00:00,2025-08-25T22:15:00+00:00,1.74176,1.7254485742957821,1.8112345909624095,1.7254485742957821,SL,-0.0093649100359509,-0.0145649100359509,2.2,0.0044,-0.032042802079091985
DIA/USDT:USDT,LONG,2025-08-25T21:50:00+00:00,2025-08-25T23:20:00+00:00,0.7099,0.7558696780350467,0.7558696780350467,0.6991071190700325,TP,0.06475514584455093,0.059555145844550926,2.2,0.0044,0.13102132085801205
EDU/USDT:USDT,LONG,2025-08-25T21:55:00+00:00,2025-08-25T23:25:00+00:00,0.1357,0.1436098111482193,0.1436098111482193,0.1338429139043311,TP,0.05828895466631773,0.053088954666317724,2.2,0.0044,0.116795700265899
DIA/USDT:USDT,LONG,2025-08-25T23:20:00+00:00,2025-08-25T23:35:00+00:00,0.7654,0.754418866230721,0.8121714956839661,0.754418866230721,SL,-0.014346921569478711,-0.01954692156947871,2.2,0.0044,-0.04300322745285316
DIA/USDT:USDT,LONG,2025-08-25T23:35:00+00:00,2025-08-26T00:00:00+00:00,0.7543,0.7418088502583433,0.8075030451959452,0.7418088502583433,SL,-0.01655992276502275,-0.021759922765022754,2.2,0.0044,-0.047871830083050064
SPK/USDT:USDT,LONG,2025-08-25T21:50:00+00:00,2025-08-26T00:10:00+00:00,0.07342,0.07209175728771464,0.07907733007084508,0.07209175728771464,SL,-0.01809102032532502,-0.02329102032532502,2.2,0.0044,-0.05124024471571505
EDU/USDT:USDT,LONG,2025-08-25T23:25:00+00:00,2025-08-26T00:15:00+00:00,0.1442,0.1510882045973671,0.1510882045973671,0.14258276935540076,TP,0.04776840913569424,0.042568409135694235,2.2,0.0044,0.09365050009852732
ESPORTS/USDT:USDT,LONG,2025-08-26T00:00:00+00:00,2025-08-26T00:15:00+00:00,0.0976,0.09635460801878008,0.10290444732741817,0.09635460801878008,SL,-0.01276016374200741,-0.017960163742007408,2.2,0.0044,-0.0395123602324163
EDU/USDT:USDT,LONG,2025-08-26T00:15:00+00:00,2025-08-26T00:30:00+00:00,0.1527,0.16304967194931708,0.16304967194931708,0.15027007702059514,TP,0.06777781237273788,0.06257781237273788,2.2,0.0044,0.13767118722002333
EDU/USDT:USDT,LONG,2025-08-26T00:30:00+00:00,2025-08-26T00:40:00+00:00,0.1656,0.17994934011393934,0.17994934011393934,0.16223102449498814,TP,0.08665060455277383,0.08145060455277384,2.2,0.0044,0.17919133001610246
BSW/USDT:USDT,LONG,2025-08-26T00:10:00+00:00,2025-08-26T00:45:00+00:00,0.01745,0.017295809550544192,0.018106737099533997,0.017295809550544192,SL,-0.008836128908642285,-0.014036128908642285,2.2,0.0044,-0.03087948359901303
EDU/USDT:USDT,LONG,2025-08-26T00:40:00+00:00,2025-08-26T00:50:00+00:00,0.1803,0.17589303642680099,0.19907040040436605,0.17589303642680099,SL,-0.024442393639484205,-0.029642393639484205,2.2,0.0044,-0.06521326600686525
DIA/USDT:USDT,LONG,2025-08-26T00:45:00+00:00,2025-08-26T01:00:00+00:00,0.76,0.7459783167759095,0.8197219841026075,0.7459783167759095,SL,-0.01844958318959273,-0.023649583189592732,2.2,0.0044,-0.052029083017104016
EDU/USDT:USDT,LONG,2025-08-26T00:50:00+00:00,2025-08-26T01:15:00+00:00,0.1755,0.1701038120210682,0.1984837636139687,0.1701038120210682,SL,-0.03074750985146321,-0.035947509851463215,2.2,0.0044,-0.07908452167321908
AIOT/USDT:USDT,LONG,2025-08-25T22:15:00+00:00,2025-08-26T02:15:00+00:00,1.72328,1.8010339809350118,1.8010339809350118,1.7050247175196058,TP,0.04511976053514916,0.03991976053514916,2.2,0.0044,0.08782347317732817
M/USDT:USDT,LONG,2025-08-25T21:55:00+00:00,2025-08-26T05:10:00+00:00,0.4598,0.45496979709125107,0.48037308646318977,0.45496979709125107,SL,-0.010505008500976328,-0.01570500850097633,2.2,0.0044,-0.034551018702147926
DIA/USDT:USDT,LONG,2025-08-26T01:00:00+00:00,2025-08-26T05:35:00+00:00,0.7445,0.7288645050862512,0.8110956264844857,0.7288645050862512,SL,-0.021001336351576663,-0.026201336351576662,2.2,0.0044,-0.057642939973468664
C/USDT:USDT,LONG,2025-08-26T02:15:00+00:00,2025-08-26T05:35:00+00:00,0.205,0.20071088133829207,0.22326846837394115,0.20071088133829207,SL,-0.020922530057111803,-0.026122530057111806,2.2,0.0044,-0.05746956612564598
FLOCK/USDT:USDT,LONG,2025-08-25T19:45:00+00:00,2025-08-26T05:45:00+00:00,0.42747,0.41583356464721066,0.4770325950211399,0.41583356464721066,SL,-0.02722164211006469,-0.032421642110064694,2.2,0.0044,-0.07132761264214234
EDU/USDT:USDT,LONG,2025-08-26T01:15:00+00:00,2025-08-26T05:55:00+00:00,0.168,0.16088362953073587,0.19831046681353248,0.16088362953073587,SL,-0.042359348031334156,-0.04755934803133416,2.2,0.0044,-0.10463056566893515
BID/USDT:USDT,LONG,2025-08-26T05:35:00+00:00,2025-08-26T06:00:00+00:00,0.11173,0.1106357442983763,0.11639071872913792,0.1106357442983763,SL,-0.00979375012640913,-0.01499375012640913,2.2,0.0044,-0.032986250278100086
EDU/USDT:USDT,LONG,2025-08-26T05:55:00+00:00,2025-08-26T06:00:00+00:00,0.16,0.15641904373175194,0.17525222114253805,0.15641904373175194,SL,-0.022380976676550368,-0.02758097667655037,2.2,0.0044,-0.06067814868841082
HAEDAL/USDT:USDT,LONG,2025-08-26T06:00:00+00:00,2025-08-26T06:05:00+00:00,0.157051,0.15419475651398162,0.16921648151452265,0.15419475651398162,SL,-0.018186725878971625,-0.02338672587897163,2.2,0.0044,-0.05145079693373759
HAEDAL/USDT:USDT,LONG,2025-08-26T06:05:00+00:00,2025-08-26T06:15:00+00:00,0.152984,0.1497032139058401,0.1669577185491996,0.1497032139058401,SL,-0.02144528901166076,-0.026645289011660758,2.2,0.0044,-0.058619635825653674
PARTI/USDT:USDT,LONG,2025-08-26T05:45:00+00:00,2025-08-26T06:20:00+00:00,0.1733,0.18251131713887786,0.18251131713887786,0.1711373429326113,TP,0.05315243588504241,0.04795243588504241,2.2,0.0044,0.1054953589470933
HAEDAL/USDT:USDT,LONG,2025-08-26T06:15:00+00:00,2025-08-26T06:20:00+00:00,0.148798,0.14556432974534173,0.16257103997354458,0.14556432974534173,SL,-0.021731947033281955,-0.02693194703328196,2.2,0.0044,-0.05925028347322031
PARTI/USDT:USDT,LONG,2025-08-26T06:20:00+00:00,2025-08-26T06:30:00+00:00,0.1923,0.18783127863668955,0.21133344284372968,0.18783127863668955,SL,-0.023238280620439138,-0.02843828062043914,2.2,0.0044,-0.06256421736496612
HYPERLANE/USDT:USDT,LONG,2025-08-26T06:20:00+00:00,2025-08-26T06:35:00+00:00,0.3136,0.3115243188256688,0.3224408642610403,0.3115243188256688,SL,-0.006618881295699018,-0.011818881295699019,2.2,0.0044,-0.026001538850537843
SKYAI/USDT:USDT,LONG,2025-08-26T05:10:00+00:00,2025-08-26T07:05:00+00:00,0.04232,0.042121596638795285,0.043165051353279346,0.042121596638795285,SL,-0.004688170160792029,-0.009888170160792029,2.2,0.0044,-0.021753974353742465
MELANIA/USDT:USDT,LONG,2025-08-26T05:35:00+00:00,2025-08-26T07:05:00+00:00,0.2015,0.20718224978169333,0.20718224978169333,0.20016590657299377,TP,0.02819975077763435,0.022999750777634345,2.2,0.0044,0.050599451710795565
ESPORTS/USDT:USDT,LONG,2025-08-26T00:15:00+00:00,2025-08-26T07:15:00+00:00,0.09611,0.09477076844652327,0.10181413439443796,0.09477076844652327,SL,-0.013934362225332774,-0.019134362225332775,2.2,0.0044,-0.042095596895732106
SKYAI/USDT:USDT,LONG,2025-08-26T07:15:00+00:00,2025-08-26T07:25:00+00:00,0.04216,0.041949335375307144,0.04305727525332144,0.041949335375307144,SL,-0.004996789010741443,-0.010196789010741444,2.2,0.0044,-0.022432935823631178
PARTI/USDT:USDT,LONG,2025-08-26T06:30:00+00:00,2025-08-26T07:50:00+00:00,0.1806,0.1752161331102068,0.203531284900971,0.1752161331102068,SL,-0.029811001604613502,-0.035011001604613505,2.2,0.0044,-0.07702420353014972
MELANIA/USDT:USDT,LONG,2025-08-26T07:05:00+00:00,2025-08-26T08:10:00+00:00,0.209,0.21836521207263898,0.21836521207263898,0.20680121107859778,TP,0.04480962714181335,0.03960962714181335,2.2,0.0044,0.08714117971198937
HOME/USDT:USDT,LONG,2025-08-26T07:25:00+00:00,2025-08-26T08:25:00+00:00,0.039605,0.03930514497632815,0.040882160286009744,0.03930514497632815,SL,-0.007571140605273345,-0.012771140605273346,2.2,0.0044,-0.028096509331601363
MELANIA/USDT:USDT,LONG,2025-08-26T08:10:00+00:00,2025-08-26T08:25:00+00:00,0.2184,0.215920980584615,0.22895878639886205,0.215920980584615,SL,-0.011350821499015581,-0.01655082149901558,2.2,0.0044,-0.036411807297834275
EDU/USDT:USDT,LONG,2025-08-26T06:00:00+00:00,2025-08-26T08:30:00+00:00,0.1556,0.15178111203662678,0.17186563391807103,0.15178111203662678,SL,-0.024542981769750692,-0.029742981769750695,2.2,0.0044,-0.06543455989345154
MELANIA/USDT:USDT,LONG,2025-08-26T08:25:00+00:00,2025-08-26T08:30:00+00:00,0.2158,0.2130130300088918,0.2276704277399052,0.2130130300088918,SL,-0.012914596807730286,-0.01811459680773029,2.2,0.0044,-0.03985211297700664
CYBER/USDT:USDT,LONG,2025-08-26T08:25:00+00:00,2025-08-26T08:35:00+00:00,2.12,2.096815101587609,2.218750493237962,2.096815101587609,SL,-0.010936272836033604,-0.016136272836033604,2.2,0.0044,-0.03549980023927393
PARTI/USDT:USDT,LONG,2025-08-26T07:50:00+00:00,2025-08-26T08:50:00+00:00,0.1725,0.16793496285439627,0.19194367673127508,0.16793496285439627,SL,-0.026463983452775175,-0.03166398345277518,2.2,0.0044,-0.0696607635961054
MELANIA/USDT:USDT,LONG,2025-08-26T08:30:00+00:00,2025-08-26T08:55:00+00:00,0.2129,0.2100343850082567,0.22510539718705486,0.2100343850082567,SL,-0.01345991071744159,-0.018659910717441594,2.2,0.0044,-0.04105180357837151
HAEDAL/USDT:USDT,LONG,2025-08-26T06:35:00+00:00,2025-08-26T09:15:00+00:00,0.145092,0.14169916038985592,0.15954298352468776,0.14169916038985592,SL,-0.023384057082017497,-0.0285840570820175,2.2,0.0044,-0.06288492558043851
CYBER/USDT:USDT,LONG,2025-08-26T08:35:00+00:00,2025-08-26T09:45:00+00:00,2.0935,2.0706221437158465,2.1909427212102837,2.0706221437158465,SL,-0.010928042170601202,-0.016128042170601202,2.2,0.0044,-0.03548169277532265
PARTI/USDT:USDT,LONG,2025-08-26T08:50:00+00:00,2025-08-26T10:05:00+00:00,0.1679,0.1646731660955831,0.18164392218547928,0.1646731660955831,SL,-0.019218784421780148,-0.02441878442178015,2.2,0.0044,-0.05372132572791634
BERA/USDT:USDT,LONG,2025-08-26T09:15:00+00:00,2025-08-26T10:15:00+00:00,2.455,2.5350266815175084,2.5350266815175084,2.4362111269480633,TP,0.03259742628004414,0.027397426280044136,2.2,0.0044,0.060274337816097104
BERA/USDC:USDC,LONG,2025-08-26T09:45:00+00:00,2025-08-26T10:20:00+00:00,2.464,2.5558129819570445,2.5558129819570445,2.442443908583998,TP,0.03726176215789147,0.032061762157891464,2.2,0.0044,0.07053587674736123
MELANIA/USDT:USDT,LONG,2025-08-26T08:55:00+00:00,2025-08-26T10:25:00+00:00,0.2092,0.2061286539181417,0.22228165923754456,0.2061286539181417,SL,-0.014681386624561666,-0.019881386624561667,2.2,0.0044,-0.043739050574035675
BERA/USDC:USDC,LONG,2025-08-26T10:20:00+00:00,2025-08-26T10:30:00+00:00,2.582,2.5532087331616395,2.7046294698670894,2.5532087331616395,SL,-0.011150761749945897,-0.016350761749945895,2.2,0.0044,-0.03597167584988097
RESOLV/USDT:USDT,LONG,2025-08-26T10:30:00+00:00,2025-08-26T10:35:00+00:00,0.15769,0.15590844551056565,0.1652781024549982,0.15590844551056565,SL,-0.011297827949992675,-0.016497827949992674,2.2,0.0044,-0.03629522148998389
MELANIA/USDT:USDT,LONG,2025-08-26T10:25:00+00:00,2025-08-26T11:05:00+00:00,0.2058,0.20329662927575676,0.21646250493659164,0.20329662927575676,SL,-0.012164094869986654,-0.017364094869986656,2.2,0.0044,-0.03820100871397065
PARTI/USDT:USDT,LONG,2025-08-26T11:05:00+00:00,2025-08-26T11:35:00+00:00,0.1655,0.16388057272114256,0.17239756063217063,0.16388057272114256,SL,-0.009785059086751926,-0.014985059086751925,2.2,0.0044,-0.03296712999085424
KERNEL/USDT:USDT,LONG,2025-08-26T10:05:00+00:00,2025-08-26T11:45:00+00:00,0.2038,0.20186239922690521,0.2120527440335519,0.20186239922690521,SL,-0.009507363950416065,-0.014707363950416065,2.2,0.0044,-0.03235620069091535
NTRN/USDT:USDT,LONG,2025-08-26T11:45:00+00:00,2025-08-26T11:55:00+00:00,0.1115,0.10993031727918684,0.11818568566272271,0.10993031727918684,SL,-0.014077871935544052,-0.019277871935544054,2.2,0.0044,-0.04241131825819692
BERA/USDT:USDT,LONG,2025-08-26T10:15:00+00:00,2025-08-26T12:30:00+00:00,2.552,2.5258192806576507,2.6635104712729696,2.5258192806576507,SL,-0.01025890256361651,-0.01545890256361651,2.2,0.0044,-0.034009585639956326
BERA/USDC:USDC,LONG,2025-08-26T10:35:00+00:00,2025-08-26T12:30:00+00:00,2.54,2.5104657386137474,2.66579407627478,2.5104657386137474,SL,-0.011627661963091571,-0.016827661963091572,2.2,0.0044,-0.03702085631880146
CROSS/USDT:USDT,LONG,2025-08-26T12:30:00+00:00,2025-08-26T12:40:00+00:00,0.23368,0.23050382742486555,0.24720814244964673,0.23050382742486555,SL,-0.013591974388627375,-0.018791974388627376,2.2,0.0044,-0.04134234365498023
BERA/USDC:USDC,LONG,2025-08-26T12:40:00+00:00,2025-08-26T12:50:00+00:00,2.536,2.4982003443200718,2.6969985334515467,2.4982003443200718,SL,-0.01490522700312629,-0.020105227003126287,2.2,0.0044,-0.04423149940687784
ORDER/USDT:USDT,LONG,2025-08-26T12:50:00+00:00,2025-08-26T12:55:00+00:00,0.187,0.1816829111980455,0.20964685971202845,0.1816829111980455,SL,-0.028433629956975938,-0.03363362995697594,2.2,0.0044,-0.07399398590534707
REX/USDT:USDT,LONG,2025-08-26T07:05:00+00:00,2025-08-26T13:00:00+00:00,0.06237,0.06152216534016257,0.06598114762523351,0.06152216534016257,SL,-0.013593629306356155,-0.018793629306356155,2.2,0.0044,-0.04134598447398354
ORDER/USDT:USDT,LONG,2025-08-26T12:55:00+00:00,2025-08-26T13:15:00+00:00,0.1778,0.1720912746838994,0.2021149411611693,0.1720912746838994,SL,-0.032107566457258804,-0.03730756645725881,2.2,0.0044,-0.08207664620596938
RESOLV/USDT:USDT,LONG,2025-08-26T12:30:00+00:00,2025-08-26T13:20:00+00:00,0.15422,0.15235806567897944,0.16215046099693944,0.15235806567897944,SL,-0.012073235125279167,-0.017273235125279167,2.2,0.0044,-0.03800111727561417
DOGS/USDT:USDT,LONG,2025-08-26T11:35:00+00:00,2025-08-26T13:45:00+00:00,0.0001479,0.0001462661199283864,0.00015485911882353928,0.0001462661199283864,SL,-0.011047194534236532,-0.01624719453423653,2.2,0.0044,-0.035743827975320365
BERA/USDC:USDC,LONG,2025-08-26T13:45:00+00:00,2025-08-26T14:55:00+00:00,2.491,2.6319753410711697,2.6319753410711697,2.4579014416615514,TP,0.056593874376222236,0.05139387437622223,2.2,0.0044,0.11306652362768892
BERA/USDT:USDT,LONG,2025-08-26T13:00:00+00:00,2025-08-26T15:00:00+00:00,2.5,2.660383889135631,2.660383889135631,2.4623446521159824,TP,0.06415355565425233,0.05895355565425233,2.2,0.0044,0.12969782243935513
BERA/USDT:USDT,LONG,2025-08-26T15:00:00+00:00,2025-08-26T15:05:00+00:00,2.666,2.631602386848965,2.812508352309965,2.631602386848965,SL,-0.012902330514266718,-0.01810233051426672,2.2,0.0044,-0.039825127131386785
NTRN/USDT:USDT,LONG,2025-08-26T13:20:00+00:00,2025-08-26T15:15:00+00:00,0.11674,0.11442697134335707,0.12659178872273838,0.11442697134335707,SL,-0.0198135057104928,-0.025013505710492802,2.2,0.0044,-0.05502971256308417
BERA/USDC:USDC,LONG,2025-08-26T14:55:00+00:00,2025-08-26T15:20:00+00:00,2.646,2.61241969604007,2.7890272205700724,2.61241969604007,SL,-0.012690968994682477,-0.017890968994682475,2.2,0.0044,-0.03936013178830145
BERA/USDT:USDT,LONG,2025-08-26T15:05:00+00:00,2025-08-26T15:20:00+00:00,2.63,2.5942793592168956,2.78214347000211,2.5942793592168956,SL,-0.013581992693195563,-0.01878199269319556,2.2,0.0044,-0.041320383925030235
CROSS/USDT:USDT,LONG,2025-08-26T15:20:00+00:00,2025-08-26T15:30:00+00:00,0.2351,0.23244222476028836,0.24642015379877177,0.23244222476028836,SL,-0.011304871287586732,-0.01650487128758673,2.2,0.0044,-0.036310716832690805
BERA/USDC:USDC,LONG,2025-08-26T15:20:00+00:00,2025-08-26T15:40:00+00:00,2.594,2.5589667700991505,2.74321560883695,2.5589667700991505,SL,-0.013505485698091495,-0.018705485698091495,2.2,0.0044,-0.04115206853580129
NMR/USDT:USDT,LONG,2025-08-26T15:30:00+00:00,2025-08-26T15:40:00+00:00,9.089,8.88183314120927,9.97137736151607,8.88183314120927,SL,-0.022793141026595888,-0.02799314102659589,2.2,0.0044,-0.06158491025851097
MAGIC/USDT:USDT,LONG,2025-08-26T15:40:00+00:00,2025-08-26T15:50:00+00:00,0.2207,0.2181350159898153,0.23162493189523112,0.2181350159898153,SL,-0.011622039013070714,-0.016822039013070715,2.2,0.0044,-0.03700848582875558
NMR/USDT:USDT,LONG,2025-08-26T15:50:00+00:00,2025-08-26T16:15:00+00:00,8.791,9.772840915823107,9.772840915823107,8.560480828458923,TP,0.11168705674247596,0.10648705674247597,2.2,0.0044,0.23427152483344715
NMR/USDT:USDT,LONG,2025-08-26T16:15:00+00:00,2025-08-26T17:00:00+00:00,10.452,12.149916679729259,12.149916679729259,10.053358692585304,TP,0.16244897433307107,0.15724897433307106,2.2,0.0044,0.34594774353275637
GOR/USDT:USDT,LONG,2025-08-26T15:40:00+00:00,2025-08-26T17:05:00+00:00,0.00999,0.009853416898588327,0.01057174283934602,0.009853416898588327,SL,-0.013671982123290625,-0.018871982123290623,2.2,0.0044,-0.041518360671239374
NMR/USDT:USDT,LONG,2025-08-26T17:00:00+00:00,2025-08-26T17:10:00+00:00,12.199,11.703261253400722,14.310479846626553,11.703261253400722,SL,-0.04063765444702662,-0.04583765444702662,2.2,0.0044,-0.10084283978345858
PARTI/USDT:USDT,LONG,2025-08-26T17:05:00+00:00,2025-08-26T17:35:00+00:00,0.1752,0.17319543271191518,0.1837379717825835,0.17319543271191518,SL,-0.011441594110073167,-0.01664159411007317,2.2,0.0044,-0.03661150704216097
OBOL/USDT:USDT,LONG,2025-08-26T11:55:00+00:00,2025-08-26T17:40:00+00:00,0.11381,0.11280326338064112,0.11809795226763965,0.11280326338064112,SL,-0.008845765920032316,-0.014045765920032316,2.2,0.0044,-0.030900685024071096
NTRN/USDT:USDT,LONG,2025-08-26T15:15:00+00:00,2025-08-26T18:05:00+00:00,0.11403,0.11121149609018129,0.1260347388751538,0.11121149609018129,SL,-0.02471721397718776,-0.02991721397718776,2.2,0.0044,-0.06581787074981307
MAGIC/USDT:USDT,LONG,2025-08-26T18:05:00+00:00,2025-08-26T18:35:00+00:00,0.2205,0.21778841255442044,0.2320493539348759,0.21778841255442044,SL,-0.012297448732787123,-0.01749744873278712,2.2,0.0044,-0.03849438721213167
NMR/USDT:USDT,LONG,2025-08-26T17:10:00+00:00,2025-08-26T18:40:00+00:00,11.6,11.10295240726899,13.717054561632079,11.10295240726899,SL,-0.04284893040784564,-0.04804893040784564,2.2,0.0044,-0.10570764689726042
SNX/USDT:USDT,LONG,2025-08-26T18:35:00+00:00,2025-08-26T19:10:00+00:00,0.695,0.7141340339084795,0.7141340339084795,0.690507661604096,TP,0.027530984040977792,0.02233098404097779,2.2,0.0044,0.04912816489015114
GOR/USDT:USDT,LONG,2025-08-26T19:10:00+00:00,2025-08-26T19:15:00+00:00,0.01255,0.012242503454457902,0.01385970750879042,0.012242503454457902,SL,-0.024501716776262825,-0.029701716776262828,2.2,0.0044,-0.06534377690777822
GOR/USDT:USDT,LONG,2025-08-26T19:15:00+00:00,2025-08-26T19:50:00+00:00,0.01176,0.011388838921996623,0.013340871258162532,0.011388838921996623,SL,-0.031561316156749696,-0.0367613161567497,2.2,0.0044,-0.08087489554484935
LAUNCHCOIN/USDT:USDT,LONG,2025-08-26T17:40:00+00:00,2025-08-26T20:15:00+00:00,0.04811,0.05027397879710459,0.05027397879710459,0.04760193541285371,TP,0.04497981286852188,0.03977981286852188,2.2,0.0044,0.08751558831074814
NMR/USDT:USDT,LONG,2025-08-26T18:40:00+00:00,2025-08-26T21:45:00+00:00,11.074,12.509106180594147,12.509106180594147,10.737062027164852,TP,0.12959239485227983,0.12439239485227982,2.2,0.0044,0.2736632686750156
LAUNCHCOIN/USDT:USDT,LONG,2025-08-26T20:15:00+00:00,2025-08-26T21:55:00+00:00,0.05029,0.05283500902898013,0.05283500902898013,0.049692476141022054,TP,0.05060666194034861,0.045406661940348605,2.2,0.0044,0.09989465626876694
LAUNCHCOIN/USDT:USDT,LONG,2025-08-26T21:55:00+00:00,2025-08-26T22:00:00+00:00,0.05476,0.05394501506935968,0.05823123211198657,0.05394501506935968,SL,-0.014882851180429627,-0.02008285118042963,2.2,0.0044,-0.04418227259694519
LAUNCHCOIN/USDT:USDT,LONG,2025-08-26T22:00:00+00:00,2025-08-26T22:40:00+00:00,0.05319,0.0523082568501197,0.0569455726754161,0.0523082568501197,SL,-0.01657723538034029,-0.021777235380340293,2.2,0.0044,-0.047909917836748646
SNX/USDT:USDT,LONG,2025-08-26T22:40:00+00:00,2025-08-26T23:00:00+00:00,0.757,0.7490816885293974,0.790726141448863,0.7490816885293974,SL,-0.010460120833028564,-0.015660120833028562,2.2,0.0044,-0.03445226583266284
NMR/USDT:USDT,LONG,2025-08-26T21:45:00+00:00,2025-08-26T23:35:00+00:00,12.752,14.045456563380363,14.045456563380363,12.448318893815046,TP,0.10143166274940102,0.09623166274940102,2.2,0.0044,0.21170965804868228
NMR/USDT:USDT,LONG,2025-08-26T23:35:00+00:00,2025-08-27T00:05:00+00:00,14.606,16.50776958110673,16.50776958110673,14.159497576609725,TP,0.13020468171345534,0.12500468171345533,2.2,0.0044,0.27501029976960173
GOR/USDT:USDT,LONG,2025-08-26T19:50:00+00:00,2025-08-27T00:50:00+00:00,0.01137,0.011062806930622159,0.012678414925127838,0.011062806930622159,SL,-0.027017860103591997,-0.032217860103592,2.2,0.0044,-0.0708792922279024
LAUNCHCOIN/USDT:USDT,LONG,2025-08-26T23:00:00+00:00,2025-08-27T01:25:00+00:00,0.05402,0.05319203391842598,0.05754652219929674,0.05319203391842598,SL,-0.015327028537097701,-0.020527028537097702,2.2,0.0044,-0.04515946278161495
NMR/USDT:USDT,LONG,2025-08-27T00:05:00+00:00,2025-08-27T06:10:00+00:00,16.742,16.11423491666658,19.415814243827533,16.11423491666658,SL,-0.0374964211762885,-0.0426964211762885,2.2,0.0044,-0.09393212658783472
CKB/USDT:USDT,LONG,2025-08-27T00:50:00+00:00,2025-08-27T06:30:00+00:00,0.005519,0.0054204472007803785,0.0059387619226020875,0.0054204472007803785,SL,-0.017857002938869552,-0.02305700293886955,2.2,0.0044,-0.05072540646551302
NMR/USDT:USDT,LONG,2025-08-27T06:10:00+00:00,2025-08-27T06:35:00+00:00,15.788,15.25787166225621,18.045954031130957,15.25787166225621,SL,-0.033577928663781974,-0.03877792866378198,2.2,0.0044,-0.08531144306032036
BB/USDT:USDT,LONG,2025-08-27T06:30:00+00:00,2025-08-27T06:35:00+00:00,0.15003,0.1478399212949196,0.15935811300312017,0.1478399212949196,SL,-0.014597605179500067,-0.01979760517950007,2.2,0.0044,-0.04355473139490016
LPT/USDT:USDT,LONG,2025-08-26T17:35:00+00:00,2025-08-27T06:45:00+00:00,6.553,7.025021013007381,7.025021013007381,6.442177675206962,TP,0.07203128536660777,0.06683128536660778,2.2,0.0044,0.14702882780653712
NMR/USDT:USDT,LONG,2025-08-27T06:35:00+00:00,2025-08-27T06:50:00+00:00,15.223,14.676090252153298,17.552430407495216,14.676090252153298,SL,-0.03592654193304231,-0.04112654193304231,2.2,0.0044,-0.0904783922526931
SYRUP/USDT:USDT,LONG,2025-08-27T06:35:00+00:00,2025-08-27T06:55:00+00:00,0.44953,0.44655062382598376,0.462219935555995,0.44655062382598376,SL,-0.006627758267559949,-0.011827758267559949,2.2,0.0044,-0.02602106818863189
BB/USDT:USDT,LONG,2025-08-27T06:45:00+00:00,2025-08-27T07:00:00+00:00,0.1463,0.1440354840688551,0.15594516044746906,0.1440354840688551,SL,-0.015478577793198263,-0.02067857779319826,2.2,0.0044,-0.045492871145036175
LAUNCHCOIN/USDT:USDT,LONG,2025-08-27T01:25:00+00:00,2025-08-27T07:05:00+00:00,0.05318,0.052419885069303195,0.056417526556671566,0.052419885069303195,SL,-0.014293248038676262,-0.01949324803867626,2.2,0.0044,-0.04288514568508778
LPT/USDT:USDT,LONG,2025-08-27T06:55:00+00:00,2025-08-27T07:10:00+00:00,7.45,7.884872098200949,7.884872098200949,7.34789959433543,TP,0.0583720937182482,0.053172093718248194,2.2,0.0044,0.11697860618014604
DRIFT/USDT:USDT,LONG,2025-08-27T07:05:00+00:00,2025-08-27T07:10:00+00:00,0.5706,0.56525888410912,0.5933491973130075,0.56525888410912,SL,-0.009360525571118198,-0.014560525571118197,2.2,0.0044,-0.032033156256460034
BB/USDT:USDT,LONG,2025-08-27T07:10:00+00:00,2025-08-27T07:30:00+00:00,0.1421,0.13987325363162934,0.15158429008750468,0.13987325363162934,SL,-0.015670277046943484,-0.020870277046943483,2.2,0.0044,-0.045914609503275666
SYRUP/USDT:USDT,LONG,2025-08-27T07:00:00+00:00,2025-08-27T07:35:00+00:00,0.44751,0.46010251619189935,0.46010251619189935,0.44455349619842366,TP,0.028139072181402266,0.022939072181402266,2.2,0.0044,0.05046595879908499
RLC/USDT:USDT,LONG,2025-08-27T07:30:00+00:00,2025-08-27T07:40:00+00:00,1.1525,1.1371005214605483,1.2180903715569242,1.1371005214605483,SL,-0.013361803504947317,-0.018561803504947315,2.2,0.0044,-0.040835967710884095
SYRUP/USDT:USDT,LONG,2025-08-27T07:35:00+00:00,2025-08-27T07:45:00+00:00,0.46349,0.45846873949703276,0.48487685029041605,0.45846873949703276,SL,-0.010833589727863063,-0.016033589727863062,2.2,0.0044,-0.03527389740129874
SYRUP/USDT:USDT,LONG,2025-08-27T07:45:00+00:00,2025-08-27T08:00:00+00:00,0.45203,0.44637187844387005,0.47612940662796077,0.44637187844387005,SL,-0.012517137261088725,-0.017717137261088728,2.2,0.0044,-0.03897770197439521
DRIFT/USDT:USDT,LONG,2025-08-27T08:00:00+00:00,2025-08-27T08:30:00+00:00,0.5705,0.5650585508958058,0.5936765424808269,0.5650585508958058,SL,-0.0095380352396042,-0.0147380352396042,2.2,0.0044,-0.03242367752712924
LPT/USDT:USDT,LONG,2025-08-27T07:10:00+00:00,2025-08-27T09:00:00+00:00,7.908,7.771243939050634,8.490479518858413,7.771243939050634,SL,-0.017293381505989698,-0.0224933815059897,2.2,0.0044,-0.049485439313177344
NMR/USDT:USDT,LONG,2025-08-27T06:50:00+00:00,2025-08-27T09:20:00+00:00,14.496,16.841222523785348,16.841222523785348,13.945382537893876,TP,0.16178411449954105,0.15658411449954104,2.2,0.0044,0.3444850518989903
RLC/USDT:USDT,LONG,2025-08-27T08:30:00+00:00,2025-08-27T09:40:00+00:00,1.1075,1.090495411340089,1.1799269516996207,1.090495411340089,SL,-0.015354030392696014,-0.020554030392696016,2.2,0.0044,-0.045218866863931236
NMR/USDT:USDT,LONG,2025-08-27T09:20:00+00:00,2025-08-27T09:50:00+00:00,16.871,16.33808268804662,19.14083299535699,16.33808268804662,SL,-0.03158777262482247,-0.036787772624822475,2.2,0.0044,-0.08093309977460945
LPT/USDT:USDT,LONG,2025-08-27T09:00:00+00:00,2025-08-27T11:00:00+00:00,7.69,7.506016057742817,8.473635309613927,7.506016057742817,SL,-0.023925090020439913,-0.029125090020439913,2.2,0.0044,-0.06407519804496781
MOVR/USDT:USDT,LONG,2025-08-27T07:40:00+00:00,2025-08-27T11:30:00+00:00,7.123,6.9110948337251825,8.02555904154089,6.9110948337251825,SL,-0.029749426684657826,-0.03494942668465783,2.2,0.0044,-0.07688873870624723
LPT/USDT:USDT,LONG,2025-08-27T11:30:00+00:00,2025-08-27T12:05:00+00:00,7.637,7.5217170539431,8.128019955427535,7.5217170539431,SL,-0.015095318326161995,-0.020295318326161993,2.2,0.0044,-0.04464970031755639
IDOL/USDT:USDT,LONG,2025-08-27T09:40:00+00:00,2025-08-27T12:10:00+00:00,0.0156,0.015157264663969614,0.017485724579388677,0.015157264663969614,SL,-0.028380470258358045,-0.033580470258358044,2.2,0.0044,-0.0738770345683877
BIO/USDT:USDT,LONG,2025-08-27T12:05:00+00:00,2025-08-27T13:00:00+00:00,0.18741,0.18332382847425077,0.20481406390596887,0.18332382847425077,SL,-0.021803380426600617,-0.027003380426600616,2.2,0.0044,-0.05940743693852136
PLAYSOUT/USDT:USDT,LONG,2025-08-27T13:00:00+00:00,2025-08-27T13:20:00+00:00,0.04363,0.0433608701495149,0.04477629380762172,0.0433608701495149,SL,-0.006168458640501923,-0.011368458640501924,2.2,0.0044,-0.025010609009104234
BANK/USDT:USDT,LONG,2025-08-27T09:50:00+00:00,2025-08-27T15:15:00+00:00,0.068752,0.07092386997374585,0.07092386997374585,0.06824208270181618,TP,0.03158991700235418,0.026389917002354178,2.2,0.0044,0.05805781740517919
BIO/USDT:USDT,LONG,2025-08-27T13:20:00+00:00,2025-08-27T15:30:00+00:00,0.18676,0.1804976734840553,0.2134328721975423,0.1804976734840553,SL,-0.03353141205796057,-0.038731412057960574,2.2,0.0044,-0.08520910652751326
REX/USDT:USDT,LONG,2025-08-27T15:30:00+00:00,2025-08-27T15:40:00+00:00,0.06134,0.060062667661703824,0.06678048958903925,0.060062667661703824,SL,-0.020823807275777224,-0.026023807275777223,2.2,0.0044,-0.0572523760067099
TUT/USDT:USDT,LONG,2025-08-27T15:15:00+00:00,2025-08-27T15:45:00+00:00,0.07031,0.06990362995018749,0.07204083539734957,0.06990362995018749,SL,-0.005779690653001059,-0.01097969065300106,2.2,0.0044,-0.024155319436602332
DOLO/USDT:USDT,LONG,2025-08-27T11:00:00+00:00,2025-08-27T15:50:00+00:00,0.293205,0.278761008500949,0.3547257045329951,0.278761008500949,SL,-0.04926243242458694,-0.05446243242458694,2.2,0.0044,-0.11981735133409127
BANK/USDT:USDT,LONG,2025-08-27T15:50:00+00:00,2025-08-27T16:00:00+00:00,0.074173,0.07327794066269153,0.07798528977001759,0.07327794066269153,SL,-0.012067185327659342,-0.01726718532765934,2.2,0.0044,-0.03798780772085055
TUT/USDT:USDT,LONG,2025-08-27T16:00:00+00:00,2025-08-27T16:30:00+00:00,0.07034,0.06997956004392095,0.07187520722033673,0.06997956004392095,SL,-0.005124253000839542,-0.010324253000839542,2.2,0.0044,-0.022713356601846996
IDOL/USDT:USDT,LONG,2025-08-27T12:10:00+00:00,2025-08-27T17:00:00+00:00,0.01511,0.014782491272073406,0.01650494458190957,0.014782491272073406,SL,-0.021674965448484095,-0.026874965448484098,2.2,0.0044,-0.059124923986665016
NMR/USDT:USDT,LONG,2025-08-27T15:40:00+00:00,2025-08-27T17:20:00+00:00,19.864,19.20074151098947,22.688989860600405,19.20074151098947,SL,-0.03338997628929373,-0.03858997628929373,2.2,0.0044,-0.08489794783644622
LPT/USDT:USDT,LONG,2025-08-27T17:00:00+00:00,2025-08-27T17:20:00+00:00,7.921,7.74454104767097,8.67258442658661,7.74454104767097,SL,-0.022277357950893837,-0.027477357950893837,2.2,0.0044,-0.06045018749196645
NTRN/USDT:USDT,LONG,2025-08-27T17:20:00+00:00,2025-08-27T17:30:00+00:00,0.11801,0.11683264783417852,0.12302464811368415,0.11683264783417852,SL,-0.009976715242958123,-0.015176715242958123,2.2,0.0044,-0.03338877353450787
BANK/USDT:USDT,LONG,2025-08-27T16:30:00+00:00,2025-08-27T18:55:00+00:00,0.074924,0.07379879679033984,0.0797165321892933,0.07379879679033984,SL,-0.015017927628799442,-0.02021792762879944,2.2,0.0044,-0.04447944078335877
NMR/USDT:USDT,LONG,2025-08-27T17:20:00+00:00,2025-08-27T20:25:00+00:00,19.099,22.85604947347841,22.85604947347841,18.216910123618113,TP,0.19671446010149277,0.19151446010149276,2.2,0.0044,0.4213318122232841
DRIFT/USDT:USDT,LONG,2025-08-27T17:30:00+00:00,2025-08-27T20:25:00+00:00,0.6136,0.6410749648466342,0.6410749648466342,0.607149356079486,TP,0.04477667021941679,0.039576670219416785,2.2,0.0044,0.08706867448271693
NMR/USDT:USDT,LONG,2025-08-27T20:25:00+00:00,2025-08-27T20:35:00+00:00,23.697,23.02575943636888,26.555987585836245,23.02575943636888,SL,-0.02832597221720554,-0.03352597221720554,2.2,0.0044,-0.0737571388778522
VELVET/USDT:USDT,LONG,2025-08-26T08:30:00+00:00,2025-08-27T20:55:00+00:00,0.05976,0.062098415645905555,0.062098415645905555,0.05921098067443956,TP,0.03913011455665252,0.03393011455665252,2.2,0.0044,0.07464625202463555
CATI/USDC:USDC,LONG,2025-08-27T20:25:00+00:00,2025-08-27T21:40:00+00:00,0.1036,0.11219134032468744,0.11219134032468744,0.10158290270637772,TP,0.08292799541204099,0.07772799541204099,2.2,0.0044,0.1710015899064902
NMR/USDT:USDT,LONG,2025-08-27T20:35:00+00:00,2025-08-27T22:10:00+00:00,22.946,22.20045992217521,26.12144847962411,22.20045992217521,SL,-0.03249106937264848,-0.03769106937264848,2.2,0.0044,-0.08292035261982666
MAV/USDT:USDT,LONG,2025-08-27T18:55:00+00:00,2025-08-27T22:15:00+00:00,0.06559,0.06489378769894126,0.0685553486896946,0.06489378769894126,SL,-0.010614610475053136,-0.015814610475053135,2.2,0.0044,-0.0347921430451169
CATI/USDC:USDC,LONG,2025-08-27T21:40:00+00:00,2025-08-27T22:15:00+00:00,0.1145,0.11166604444501486,0.12657055143789964,0.11166604444501486,SL,-0.024750703536988123,-0.029950703536988123,2.2,0.0044,-0.06589154778137388
CATI/USDT:USDT,LONG,2025-08-27T22:10:00+00:00,2025-08-27T22:30:00+00:00,0.1133,0.10970248045610943,0.12862276842768203,0.10970248045610943,SL,-0.031752158375027054,-0.03695215837502706,2.2,0.0044,-0.08129474842505953
RLC/USDT:USDT,LONG,2025-08-27T22:15:00+00:00,2025-08-27T22:30:00+00:00,1.2467,1.335937995385186,1.335937995385186,1.2257484706486954,TP,0.07157936583395048,0.06637936583395049,2.2,0.0044,0.14603460483469108
RLC/USDT:USDT,LONG,2025-08-27T22:30:00+00:00,2025-08-27T23:45:00+00:00,1.3436,1.4659104503867542,1.4659104503867542,1.3148836333874576,TP,0.09103189221997192,0.08583189221997192,2.2,0.0044,0.18883016288393825
REX/USDT:USDT,LONG,2025-08-27T15:45:00+00:00,2025-08-28T00:00:00+00:00,0.06059,0.05938515249736272,0.06572175788160321,0.05938515249736272,SL,-0.019885253385662337,-0.025085253385662337,2.2,0.0044,-0.055187557448457145
BR/USDT:USDT,LONG,2025-08-27T20:55:00+00:00,2025-08-28T00:00:00+00:00,0.08359,0.08261508030560694,0.08774243573537784,0.08261508030560694,SL,-0.01166311394177607,-0.01686311394177607,2.2,0.0044,-0.03709885067190736
CATI/USDC:USDC,LONG,2025-08-27T22:15:00+00:00,2025-08-28T00:00:00+00:00,0.1102,0.10637663123822134,0.12648471880016834,0.10637663123822134,SL,-0.034694816350078594,-0.0398948163500786,2.2,0.0044,-0.08776859597017292
CATI/USDT:USDT,LONG,2025-08-27T22:30:00+00:00,2025-08-28T00:00:00+00:00,0.10966,0.10601623567021401,0.12517973696019954,0.10601623567021401,SL,-0.03322783448646712,-0.038427834486467125,2.2,0.0044,-0.08454123587022767
NFP/USDT:USDT,LONG,2025-08-28T00:00:00+00:00,2025-08-28T00:15:00+00:00,0.0743,0.07340672017880777,0.07810471034952247,0.07340672017880777,SL,-0.012022608629774374,-0.017222608629774372,2.2,0.0044,-0.03788973898550362
UMA/USDT:USDT,LONG,2025-08-28T00:15:00+00:00,2025-08-28T00:40:00+00:00,1.578,1.54486077560732,1.719148548339193,1.54486077560732,SL,-0.021000775914245894,-0.026200775914245897,2.2,0.0044,-0.05764170701134098
NMR/USDT:USDT,LONG,2025-08-28T00:00:00+00:00,2025-08-28T02:45:00+00:00,21.056,20.449758085289513,23.638141488581706,20.449758085289513,SL,-0.028791884247268598,-0.0339918842472686,2.2,0.0044,-0.07478214534399093
LPT/USDT:USDT,LONG,2025-08-28T02:45:00+00:00,2025-08-28T04:00:00+00:00,8.613,8.398555394399732,9.526375172001138,8.398555394399732,SL,-0.02489778307213133,-0.03009778307213133,2.2,0.0044,-0.06621512275868893
RLC/USDT:USDT,LONG,2025-08-27T23:45:00+00:00,2025-08-28T04:30:00+00:00,1.5291,1.4774335302976658,1.7491608894729045,1.4774335302976658,SL,-0.03378881021668572,-0.038988810216685724,2.2,0.0044,-0.0857753824767086
CATI/USDC:USDC,LONG,2025-08-28T00:00:00+00:00,2025-08-28T05:00:00+00:00,0.106,0.10330800253937643,0.11746591511006337,0.10330800253937643,SL,-0.02539620245871291,-0.03059620245871291,2.2,0.0044,-0.06731164540916841
CATI/USDT:USDT,LONG,2025-08-28T00:00:00+00:00,2025-08-28T05:00:00+00:00,0.10596,0.10343052384971103,0.11673369471419372,0.10343052384971103,SL,-0.023871990848329225,-0.029071990848329225,2.2,0.0044,-0.0639583798663243
GMT/USDT:USDT,LONG,2025-08-28T04:00:00+00:00,2025-08-28T05:00:00+00:00,0.04532,0.04456590794251101,0.048531873578193836,0.04456590794251101,SL,-0.016639277526235452,-0.021839277526235455,2.2,0.0044,-0.04804641055771801
RLC/USDT:USDT,LONG,2025-08-28T04:30:00+00:00,2025-08-28T05:05:00+00:00,1.4763,1.4480273752248718,1.596720438857027,1.4480273752248718,SL,-0.019151002353944423,-0.024351002353944426,2.2,0.0044,-0.053572205178677744
RAY/USDT:USDT,LONG,2025-08-28T05:00:00+00:00,2025-08-28T05:05:00+00:00,3.9837,3.944215647825935,4.151874092593239,3.944215647825935,SL,-0.009911477313569013,-0.015111477313569013,2.2,0.0044,-0.03324525008985183
TREE/USDT:USDT,LONG,2025-08-28T05:00:00+00:00,2025-08-28T05:10:00+00:00,0.5435,0.5207454381493993,0.6404175782525582,0.5207454381493993,SL,-0.04186671913633975,-0.04706671913633975,2.2,0.0044,-0.10354678209994746
DRIFT/USDT:USDT,LONG,2025-08-28T05:05:00+00:00,2025-08-28T06:20:00+00:00,0.6572,0.6464799871063638,0.7028593141765989,0.6464799871063638,SL,-0.01631164469512511,-0.021511644695125114,2.2,0.0044,-0.04732561832927525
RLC/USDT:USDT,LONG,2025-08-28T05:05:00+00:00,2025-08-28T07:00:00+00:00,1.4479,1.4182658661494,1.5741194589932959,1.4182658661494,SL,-0.020466975516679243,-0.025666975516679243,2.2,0.0044,-0.05646734613669434
GOR/USDT:USDT,LONG,2025-08-28T06:20:00+00:00,2025-08-28T07:10:00+00:00,0.01042,0.010277035760504167,0.011028921760815586,0.010277035760504167,SL,-0.013720176535108783,-0.01892017653510878,2.2,0.0044,-0.04162438837723932
TREE/USDT:USDT,LONG,2025-08-28T05:10:00+00:00,2025-08-28T07:20:00+00:00,0.5159,0.49303834207779845,0.6132737281871548,0.49303834207779845,SL,-0.04431412661795226,-0.049514126617952264,2.2,0.0044,-0.10893107855949499
ASR/USDT:USDT,LONG,2025-08-28T07:10:00+00:00,2025-08-28T07:45:00+00:00,2.893,2.853278348050344,3.0621848138596452,2.853278348050344,SL,-0.013730263376998173,-0.01893026337699817,2.2,0.0044,-0.04164657942939598
TREE/USDT:USDT,LONG,2025-08-28T07:20:00+00:00,2025-08-28T08:05:00+00:00,0.4836,0.46320101394179053,0.5704845702479291,0.46320101394179053,SL,-0.0421815261749575,-0.0473815261749575,2.2,0.0044,-0.1042393575849065
RLC/USDT:USDT,LONG,2025-08-28T07:00:00+00:00,2025-08-28T08:20:00+00:00,1.4108,1.3904136423214157,1.497630782705081,1.3904136423214157,SL,-0.014450210999847123,-0.019650210999847123,2.2,0.0044,-0.04323046419966368
LAUNCHCOIN/USDT:USDT,LONG,2025-08-28T08:20:00+00:00,2025-08-28T08:40:00+00:00,0.05718,0.05969217598655943,0.05969217598655943,0.056590184768373006,TP,0.04393452232527859,0.03873452232527859,2.2,0.0044,0.08521594911561291
GOR/USDT:USDT,LONG,2025-08-28T07:45:00+00:00,2025-08-28T08:50:00+00:00,0.01027,0.010139150262587006,0.010827322955647938,0.010139150262587006,SL,-0.012740967615676155,-0.017940967615676158,2.2,0.0044,-0.03947012875448755
LAUNCHCOIN/USDT:USDT,LONG,2025-08-28T08:40:00+00:00,2025-08-28T08:55:00+00:00,0.05984,0.05904769921828148,0.06321461444065295,0.05904769921828148,SL,-0.013240320550108941,-0.01844032055010894,2.2,0.0044,-0.04056870521023967
LAUNCHCOIN/USDT:USDT,LONG,2025-08-28T08:55:00+00:00,2025-08-28T09:30:00+00:00,0.05856,0.06200747737832163,0.06200747737832163,0.0577505922676984,TP,0.05887085687024639,0.053670856870246385,2.2,0.0044,0.11807588511454206
TREE/USDT:USDT,LONG,2025-08-28T08:05:00+00:00,2025-08-28T09:40:00+00:00,0.4517,0.43267206841206474,0.532744893800465,0.43267206841206474,SL,-0.04212515295093038,-0.047325152950930385,2.2,0.0044,-0.10411533649204685
LAUNCHCOIN/USDT:USDT,LONG,2025-08-28T09:30:00+00:00,2025-08-28T10:00:00+00:00,0.06218,0.06122232680781906,0.06625897841114103,0.06122232680781906,SL,-0.015401627407219958,-0.020601627407219957,2.2,0.0044,-0.04532358029588391
RLC/USDT:USDT,LONG,2025-08-28T08:50:00+00:00,2025-08-28T10:10:00+00:00,1.4138,1.4983695027932946,1.4983695027932946,1.393944551518096,TP,0.059817161404225966,0.05461716140422596,2.2,0.0044,0.12015775508929713
IDOL/USDT:USDT,LONG,2025-08-28T05:00:00+00:00,2025-08-28T10:25:00+00:00,0.01584,0.016539105130228104,0.016539105130228104,0.01567586227377253,TP,0.04413542488813792,0.038935424888137914,2.2,0.0044,0.08565793475390342
RLC/USDT:USDT,LONG,2025-08-28T10:10:00+00:00,2025-08-28T10:35:00+00:00,1.5552,1.5277688803129401,1.672036250518958,1.5277688803129401,SL,-0.017638322844045654,-0.022838322844045654,2.2,0.0044,-0.050244310256900446
AIN/USDT:USDT,LONG,2025-08-28T10:25:00+00:00,2025-08-28T13:00:00+00:00,0.11323,0.11965860429322185,0.11965860429322185,0.1117206755137653,TP,0.056774744265846985,0.05157474426584698,2.2,0.0044,0.11346443738486336
ASR/USDT:USDT,LONG,2025-08-28T10:35:00+00:00,2025-08-28T13:05:00+00:00,2.851,2.814121966156788,3.008073107109977,2.814121966156788,SL,-0.01293512235819431,-0.01813512235819431,2.2,0.0044,-0.03989726918802749
AIN/USDT:USDT,LONG,2025-08-28T13:00:00+00:00,2025-08-28T13:35:00+00:00,0.12146,0.11977969519227182,0.1286168538106941,0.11977969519227182,SL,-0.013834223676339399,-0.019034223676339397,2.2,0.0044,-0.04187529208794668
TREE/USDT:USDT,LONG,2025-08-28T09:40:00+00:00,2025-08-28T14:00:00+00:00,0.4298,0.4170223377942453,0.48422337606154786,0.4170223377942453,SL,-0.029729321092961176,-0.03492932109296118,2.2,0.0044,-0.0768445064045146
LAUNCHCOIN/USDT:USDT,LONG,2025-08-28T10:00:00+00:00,2025-08-28T14:50:00+00:00,0.05841,0.06365057076793328,0.06365057076793328,0.057179605124050445,TP,0.08972043773212257,0.08452043773212257,2.2,0.0044,0.18594496301066968
PYTH/USDT:USDT,LONG,2025-08-28T14:00:00+00:00,2025-08-28T15:05:00+00:00,0.16876,0.18989424344047476,0.18989424344047476,0.16379804719223634,TP,0.12523253994118727,0.12003253994118727,2.2,0.0044,0.264071587870612
LAUNCHCOIN/USDT:USDT,LONG,2025-08-28T14:50:00+00:00,2025-08-28T15:30:00+00:00,0.06386,0.06292798185352037,0.06782970692019101,0.06292798185352037,SL,-0.014594709465700387,-0.01979470946570039,2.2,0.0044,-0.04354836082454086
UMA/USDT:USDT,LONG,2025-08-28T00:40:00+00:00,2025-08-28T15:45:00+00:00,1.539,1.5005502059364562,1.7027676413817605,1.5005502059364562,SL,-0.02498362187364767,-0.03018362187364767,2.2,0.0044,-0.06640396812202487
ID/USDT:USDT,LONG,2025-08-28T15:30:00+00:00,2025-08-28T15:45:00+00:00,0.18932,0.1839744556798367,0.21208805914143625,0.1839744556798367,SL,-0.02823549714854898,-0.03343549714854898,2.2,0.0044,-0.07355809372680776
W/USDT:USDT,LONG,2025-08-28T15:45:00+00:00,2025-08-28T15:50:00+00:00,0.08449,0.0830364117110825,0.09068120937872264,0.0830364117110825,SL,-0.017204264278819895,-0.022404264278819898,2.2,0.0044,-0.04928938141340378
PYTH/USDT:USDT,LONG,2025-08-28T15:05:00+00:00,2025-08-28T15:55:00+00:00,0.19471,0.1865936722633294,0.2292795440635969,0.1865936722633294,SL,-0.04168418538683474,-0.04688418538683475,2.2,0.0044,-0.10314520785103645
BR/USDT:USDT,LONG,2025-08-28T13:05:00+00:00,2025-08-28T16:45:00+00:00,0.09552,0.09397833072804773,0.10208636912127816,0.09397833072804773,SL,-0.016139753684592355,-0.021339753684592358,2.2,0.0044,-0.04694745810610319
ID/USDT:USDT,LONG,2025-08-28T15:50:00+00:00,2025-08-28T16:55:00+00:00,0.18306,0.17827008194168617,0.20346150284096629,0.17827008194168617,SL,-0.026165836656363104,-0.031365836656363104,2.2,0.0044,-0.06900484064399884
LAUNCHCOIN/USDT:USDT,LONG,2025-08-28T16:45:00+00:00,2025-08-28T16:55:00+00:00,0.06443,0.06347879459118759,0.06848143044494177,0.06347879459118759,SL,-0.014763392966202252,-0.019963392966202254,2.2,0.0044,-0.04391946452564496
PYTH/USDT:USDT,LONG,2025-08-28T15:55:00+00:00,2025-08-28T17:05:00+00:00,0.18585,0.17837444927922114,0.21769030862553956,0.17837444927922114,SL,-0.04022357127134168,-0.04542357127134168,2.2,0.0044,-0.09993185679695171
B/USDT:USDT,LONG,2025-08-28T16:55:00+00:00,2025-08-28T17:05:00+00:00,0.63077,0.657023510481533,0.657023510481533,0.6246061323217271,TP,0.04162136829832253,0.03642136829832253,2.2,0.0044,0.08012701025630957
LAUNCHCOIN/USDT:USDT,LONG,2025-08-28T16:55:00+00:00,2025-08-28T17:10:00+00:00,0.06342,0.06804009053671001,0.06804009053671001,0.06233528309138113,TP,0.07284910969268374,0.06764910969268374,2.2,0.0044,0.14882804132390426
B/USDT:USDT,LONG,2025-08-28T17:05:00+00:00,2025-08-28T17:15:00+00:00,0.69399,0.6821746283794483,0.7443147309764238,0.6821746283794483,SL,-0.01702527647451935,-0.02222527647451935,2.2,0.0044,-0.048895608243942575
B/USDT:USDT,LONG,2025-08-28T17:15:00+00:00,2025-08-28T17:30:00+00:00,0.68197,0.664884803041463,0.7547402833419165,0.664884803041463,SL,-0.025052710468989752,-0.030252710468989752,2.2,0.0044,-0.06655596303177747
LAUNCHCOIN/USDT:USDT,LONG,2025-08-28T17:10:00+00:00,2025-08-28T18:35:00+00:00,0.06839,0.0742806745295743,0.0742806745295743,0.06700697206696951,TP,0.0861335652810981,0.0809335652810981,2.2,0.0044,0.17805384361841584
LAUNCHCOIN/USDT:USDT,LONG,2025-08-28T18:35:00+00:00,2025-08-28T18:45:00+00:00,0.0746,0.07286788633238421,0.08197752117688206,0.07286788633238421,SL,-0.02321868187152533,-0.028418681871525332,2.2,0.0044,-0.06252110011735573
LAUNCHCOIN/USDT:USDT,LONG,2025-08-28T18:45:00+00:00,2025-08-28T19:20:00+00:00,0.07226,0.07025057341924966,0.0808186687698626,0.07025057341924966,SL,-0.02780828370814206,-0.03300828370814206,2.2,0.0044,-0.07261822415791254
PYTH/USDT:USDT,LONG,2025-08-28T17:05:00+00:00,2025-08-28T21:20:00+00:00,0.17469,0.1992475383462708,0.1992475383462708,0.16892431708391906,TP,0.14057781410653603,0.13537781410653602,2.2,0.0044,0.2978311910343793
AIN/USDT:USDT,LONG,2025-08-28T13:35:00+00:00,2025-08-28T21:25:00+00:00,0.11635,0.12593895222396606,0.12593895222396606,0.11409868078219927,TP,0.08241471614925712,0.07721471614925712,2.2,0.0044,0.16987237552836568
PYTH/USDT:USDT,LONG,2025-08-28T21:20:00+00:00,2025-08-28T21:30:00+00:00,0.20334,0.19915809027324527,0.22115183772506636,0.19915809027324527,SL,-0.020566094849782255,-0.025766094849782255,2.2,0.0044,-0.056685408669520966
PYTH/USDT:USDT,LONG,2025-08-28T21:30:00+00:00,2025-08-28T23:40:00+00:00,0.1982,0.21853625803845006,0.21853625803845006,0.19342540028662475,TP,0.1026047327873364,0.0974047327873364,2.2,0.0044,0.2142904121321401
PYTH/USDT:USDT,LONG,2025-08-28T23:40:00+00:00,2025-08-29T03:50:00+00:00,0.22108,0.21574959676466426,0.24378356933568918,0.21574959676466426,SL,-0.024110743782050546,-0.02931074378205055,2.2,0.0044,-0.06448363632051121
W/USDT:USDT,LONG,2025-08-29T03:50:00+00:00,2025-08-29T04:00:00+00:00,0.0945,0.1007150370413504,0.1007150370413504,0.09304081739029164,TP,0.0657675877391577,0.0605675877391577,2.2,0.0044,0.13324869302614695
W/USDT:USDT,LONG,2025-08-29T04:00:00+00:00,2025-08-29T04:05:00+00:00,0.10165,0.09958166193346576,0.11045958806116438,0.09958166193346576,SL,-0.020347644530587697,-0.0255476445305877,2.2,0.0044,-0.056204817967292944
W/USDT:USDT,LONG,2025-08-29T04:05:00+00:00,2025-08-29T04:45:00+00:00,0.09743,0.09498791465250392,0.10783147462822407,0.09498791465250392,SL,-0.025065024607370257,-0.03026502460737026,2.2,0.0044,-0.06658305413621457
DOLO/USDT:USDT,LONG,2025-08-28T15:45:00+00:00,2025-08-29T05:30:00+00:00,0.230887,0.2259704517613072,0.2518278536092471,0.2259704517613072,SL,-0.0212941752402379,-0.0264941752402379,2.2,0.0044,-0.05828718552852338
LAUNCHCOIN/USDT:USDT,LONG,2025-08-28T19:20:00+00:00,2025-08-29T06:15:00+00:00,0.0701,0.06808673603143611,0.07867501319943877,0.06808673603143611,SL,-0.028719885428871373,-0.03391988542887137,2.2,0.0044,-0.07462374794351703
FLOCK/USDT:USDT,LONG,2025-08-29T06:15:00+00:00,2025-08-29T06:25:00+00:00,0.26815,0.2646590338746167,0.2830189297932993,0.2646590338746167,SL,-0.013018706415749764,-0.018218706415749762,2.2,0.0044,-0.04008115411464948
W/USDT:USDT,LONG,2025-08-29T04:45:00+00:00,2025-08-29T06:45:00+00:00,0.09496,0.09218231875476457,0.10679086456303984,0.09218231875476457,SL,-0.029251066188241713,-0.034451066188241716,2.2,0.0044,-0.07579234561413178
BANK/USDT:USDT,LONG,2025-08-28T21:25:00+00:00,2025-08-29T06:55:00+00:00,0.078126,0.07747949844859797,0.08087961771893458,0.07747949844859797,SL,-0.008275113936487583,-0.013475113936487582,2.2,0.0044,-0.029645250660272682
PYTH/USDT:USDT,LONG,2025-08-29T05:30:00+00:00,2025-08-29T06:55:00+00:00,0.22057,0.2159221637674592,0.2403663395089699,0.2159221637674592,SL,-0.021071932867301905,-0.02627193286730191,2.2,0.0044,-0.0577982523080642
FLOCK/USDT:USDT,LONG,2025-08-29T06:25:00+00:00,2025-08-29T06:55:00+00:00,0.26374,0.26024150777964394,0.27864098538299786,0.26024150777964394,SL,-0.013264928415697395,-0.0184649284156974,2.2,0.0044,-0.04062284251453428
ZRO/USDT:USDT,LONG,2025-08-29T06:55:00+00:00,2025-08-29T07:00:00+00:00,2.1815,2.125131101455676,2.4215897530591586,2.125131101455676,SL,-0.025839513428523607,-0.03103951342852361,2.2,0.0044,-0.06828692954275195
STG/USDT:USDT,LONG,2025-08-29T06:55:00+00:00,2025-08-29T07:00:00+00:00,0.1867,0.18300927699901356,0.20241974611531266,0.18300927699901356,SL,-0.01976820032665474,-0.02496820032665474,2.2,0.0044,-0.05493004071864043
MAV/USDT:USDT,LONG,2025-08-29T06:55:00+00:00,2025-08-29T07:00:00+00:00,0.07458,0.07310945369615075,0.08084343796083933,0.07310945369615075,SL,-0.01971770318918263,-0.024917703189182634,2.2,0.0044,-0.0548189470162018
NMR/USDT:USDT,LONG,2025-08-29T07:00:00+00:00,2025-08-29T07:10:00+00:00,19.56,19.1062658970731,21.492571179133087,19.1062658970731,SL,-0.023197040026937527,-0.028397040026937527,2.2,0.0044,-0.06247348805926257
ZRO/USDT:USDT,LONG,2025-08-29T07:00:00+00:00,2025-08-29T07:10:00+00:00,2.123,2.063899737065985,2.3747233421263614,2.063899737065985,SL,-0.02783808899388383,-0.03303808899388383,2.2,0.0044,-0.07268379578654444
STG/USDT:USDT,LONG,2025-08-29T07:00:00+00:00,2025-08-29T07:10:00+00:00,0.1819,0.1780409000705126,0.19833690710707602,0.1780409000705126,SL,-0.02121550263599455,-0.02641550263599455,2.2,0.0044,-0.058114105799188014
SXP/USDT:USDT,LONG,2025-08-29T07:10:00+00:00,2025-08-29T07:15:00+00:00,0.1942,0.19112009073874606,0.20731813203867427,0.19112009073874606,SL,-0.015859470964232517,-0.021059470964232517,2.2,0.0044,-0.046330836121311544
W/USDT:USDT,LONG,2025-08-29T06:45:00+00:00,2025-08-29T07:45:00+00:00,0.09153,0.08855740447879694,0.10419105499771676,0.08855740447879694,SL,-0.032476734635672036,-0.03767673463567204,2.2,0.0044,-0.08288881619847849
TA/USDT:USDT,LONG,2025-08-29T07:15:00+00:00,2025-08-29T08:15:00+00:00,0.05659,0.059059535623260294,0.059059535623260294,0.05601019598410411,TP,0.04363908152076855,0.038439081520768546,2.2,0.0044,0.08456597934569081
M/USDT:USDT,LONG,2025-08-29T07:10:00+00:00,2025-08-29T08:40:00+00:00,0.4445,0.45989938666774216,0.45989938666774216,0.44088449182583445,TP,0.034644289466236565,0.029444289466236562,2.2,0.0044,0.06477743682572044
MAV/USDT:USDT,LONG,2025-08-29T07:10:00+00:00,2025-08-29T09:00:00+00:00,0.07296,0.0714996493332519,0.07918001209911225,0.0714996493332519,SL,-0.02001577119994655,-0.02521577119994655,2.2,0.0044,-0.055474696639882415
M/USDT:USDT,LONG,2025-08-29T08:40:00+00:00,2025-08-29T09:20:00+00:00,0.4615,0.4571988659412265,0.4798196450651465,0.4571988659412265,SL,-0.009319900452380337,-0.014519900452380337,2.2,0.0044,-0.031943780995236745
MAV/USDT:USDT,LONG,2025-08-29T09:00:00+00:00,2025-08-29T11:30:00+00:00,0.07054,0.06907682526292028,0.07677204054682109,0.06907682526292028,SL,-0.020742482805213045,-0.025942482805213045,2.2,0.0044,-0.057073462171468706
TA/USDT:USDT,LONG,2025-08-29T08:15:00+00:00,2025-08-29T11:35:00+00:00,0.05906,0.06366092934721991,0.06366092934721991,0.057979781805435324,TP,0.07790263032881661,0.07270263032881662,2.2,0.0044,0.15994578672339657
TA/USDT:USDT,LONG,2025-08-29T11:35:00+00:00,2025-08-29T11:45:00+00:00,0.06521,0.06433926510420825,0.06891868566726123,0.06433926510420825,SL,-0.013352781717401598,-0.0185527817174016,2.2,0.0044,-0.040816119778283526
PYTH/USDT:USDT,LONG,2025-08-29T11:30:00+00:00,2025-08-29T11:55:00+00:00,0.23388,0.22928316461931714,0.2534591136584641,0.22928316461931714,SL,-0.019654674964438464,-0.024854674964438467,2.2,0.0044,-0.05468028492176463
M/USDT:USDT,LONG,2025-08-29T09:20:00+00:00,2025-08-29T12:35:00+00:00,0.4567,0.47281608907839473,0.47281608907839473,0.45291622256420294,TP,0.035288130235153786,0.030088130235153783,2.2,0.0044,0.06619388651733833
CATI/USDT:USDT,LONG,2025-08-29T11:55:00+00:00,2025-08-29T13:00:00+00:00,0.11408,0.11216506067784386,0.12223622303881317,0.11216506067784386,SL,-0.01678593374961553,-0.02198593374961553,2.2,0.0044,-0.048369054249154164
PYTH/USDT:USDT,LONG,2025-08-29T13:00:00+00:00,2025-08-29T13:05:00+00:00,0.24463,0.23907936007862648,0.26827161447992415,0.23907936007862648,SL,-0.022689939587840827,-0.027889939587840827,2.2,0.0044,-0.06135786709324983
SYRUP/USDT:USDT,LONG,2025-08-29T13:05:00+00:00,2025-08-29T13:10:00+00:00,0.46588,0.4623713504743011,0.48082424797982865,0.4623713504743011,SL,-0.00753123020026381,-0.01273123020026381,2.2,0.0044,-0.028008706440580386
PUMP/USDT:USDT,LONG,2025-08-29T13:10:00+00:00,2025-08-29T13:15:00+00:00,0.003555,0.0035205620260798684,0.0037016802592894503,0.0035205620260798684,SL,-0.009687193789066559,-0.014887193789066559,2.2,0.0044,-0.03275182633594643
M/USDT:USDT,LONG,2025-08-29T12:35:00+00:00,2025-08-29T13:35:00+00:00,0.4749,0.4713614371593838,0.4899716565433654,0.4713614371593838,SL,-0.007451174648591726,-0.012651174648591727,2.2,0.0044,-0.0278325842269018
PUMP/USDT:USDT,LONG,2025-08-29T13:15:00+00:00,2025-08-29T13:35:00+00:00,0.003516,0.0034794704527884492,0.0036715888121973466,0.0034794704527884492,SL,-0.010389518547084984,-0.015589518547084983,2.2,0.0044,-0.034296940803586966
TA/USDT:USDT,LONG,2025-08-29T11:45:00+00:00,2025-08-29T13:40:00+00:00,0.06411,0.06908348917228135,0.06908348917228135,0.0629423112378122,TP,0.07757743210546487,0.07237743210546488,2.2,0.0044,0.15923035063202273
W/USDT:USDT,LONG,2025-08-29T07:45:00+00:00,2025-08-29T13:45:00+00:00,0.08837,0.08618792404002502,0.09766402723693048,0.08618792404002502,SL,-0.024692497000961638,-0.029892497000961638,2.2,0.0044,-0.06576349340211561
FLOCK/USDT:USDT,LONG,2025-08-29T13:35:00+00:00,2025-08-29T13:45:00+00:00,0.26153,0.259207562061018,0.2714218652956638,0.259207562061018,SL,-0.008880197067189073,-0.014080197067189073,2.2,0.0044,-0.030976433547815964
TA/USDT:USDT,LONG,2025-08-29T13:40:00+00:00,2025-08-29T13:50:00+00:00,0.07052,0.06899477629898497,0.07701632317098991,0.06899477629898497,SL,-0.021628243066010067,-0.026828243066010067,2.2,0.0044,-0.05902213474522215
TA/USDT:USDT,LONG,2025-08-29T13:50:00+00:00,2025-08-29T14:10:00+00:00,0.06822,0.0752544623260066,0.0752544623260066,0.06656843058432889,TP,0.10311437006752568,0.09791437006752568,2.2,0.0044,0.2154116141485565
PUMP/USDT:USDT,LONG,2025-08-29T13:45:00+00:00,2025-08-29T14:15:00+00:00,0.003468,0.003428287736497091,0.0036371448260309087,0.003428287736497091,SL,-0.011451056373387851,-0.016651056373387853,2.2,0.0044,-0.03663232402145328
ORDER/USDT:USDT,LONG,2025-08-26T13:15:00+00:00,2025-08-29T14:30:00+00:00,0.1709,0.16565996866531785,0.19321865198105362,0.16565996866531785,SL,-0.030661388734243122,-0.035861388734243126,2.2,0.0044,-0.07889505521533488
A2Z/USDT:USDT,LONG,2025-08-29T14:15:00+00:00,2025-08-29T14:30:00+00:00,0.006017,0.005923702458713075,0.0064143784165924585,0.005923702458713075,SL,-0.015505657518185974,-0.020705657518185976,2.2,0.0044,-0.04555244654000915
M/USDT:USDT,LONG,2025-08-29T13:35:00+00:00,2025-08-29T14:35:00+00:00,0.4682,0.48295246190774066,0.48295246190774066,0.46473637850861743,TP,0.03150888916646872,0.026308889166468716,2.2,0.0044,0.05787955616623118
EPT/USDT:USDT,LONG,2025-08-29T14:30:00+00:00,2025-08-29T14:40:00+00:00,0.004306,0.004261152794289716,0.004497015876173432,0.004261152794289716,SL,-0.01041505009528185,-0.01561505009528185,2.2,0.0044,-0.03435311020962007
HOOK/USDT:USDT,LONG,2025-08-29T14:40:00+00:00,2025-08-29T14:55:00+00:00,0.1169,0.11527034617780575,0.12384111813156815,0.11527034617780575,SL,-0.013940580172748091,-0.01914058017274809,2.2,0.0044,-0.0421092763800458
A2Z/USDT:USDT,LONG,2025-08-29T14:30:00+00:00,2025-08-29T15:00:00+00:00,0.00591,0.0057981619904492075,0.006386347077716339,0.0057981619904492075,SL,-0.018923521074584237,-0.024123521074584237,2.2,0.0044,-0.05307174636408533
TA/USDT:USDT,LONG,2025-08-29T14:10:00+00:00,2025-08-29T15:05:00+00:00,0.07849,0.08985461574586304,0.08985461574586304,0.07582178586836259,TP,0.14479061977147448,0.13959061977147447,2.2,0.0044,0.30709936349724387
M/USDT:USDT,LONG,2025-08-29T14:35:00+00:00,2025-08-29T15:05:00+00:00,0.4854,0.5034423582682579,0.5034423582682579,0.48116396805875683,TP,0.03717008295891614,0.03197008295891614,2.2,0.0044,0.07033418250961551
AGT/USDT:USDT,LONG,2025-08-29T14:55:00+00:00,2025-08-29T15:05:00+00:00,0.004869,0.004821165347679774,0.005072740185808368,0.004821165347679774,SL,-0.009824327853815092,-0.015024327853815092,2.2,0.0044,-0.03305352127839321
FLOCK/USDT:USDT,LONG,2025-08-29T13:45:00+00:00,2025-08-29T15:15:00+00:00,0.25603,0.26678575119881215,0.26678575119881215,0.25350473667506146,TP,0.042009730105113344,0.03680973010511334,2.2,0.0044,0.08098140623124936
FLOCK/USDT:USDT,LONG,2025-08-29T15:15:00+00:00,2025-08-29T15:25:00+00:00,0.27217,0.26882421088561537,0.2864205832649716,0.26882421088561537,SL,-0.012293012140884947,-0.017493012140884945,2.2,0.0044,-0.03848462670994688
TA/USDT:USDT,LONG,2025-08-29T15:05:00+00:00,2025-08-29T16:05:00+00:00,0.0935,0.11219593466921671,0.11219593466921671,0.08911051968635782,TP,0.1999565205263819,0.1947565205263819,2.2,0.0044,0.4284643451580402
HOOK/USDT:USDT,LONG,2025-08-29T15:25:00+00:00,2025-08-29T16:40:00+00:00,0.1195,0.11757667045133592,0.1276919591887544,0.11757667045133592,SL,-0.016094807938611497,-0.0212948079386115,2.2,0.0044,-0.04684857746494531
VELVET/USDT:USDT,LONG,2025-08-29T15:05:00+00:00,2025-08-29T17:15:00+00:00,0.06398,0.06348125159864712,0.06610429874650299,0.06348125159864712,SL,-0.007795379827334711,-0.01299537982733471,2.2,0.0044,-0.028589835620136367
TANSSI/USDT:USDT,LONG,2025-08-29T16:40:00+00:00,2025-08-29T17:25:00+00:00,0.0477,0.04693804540446119,0.050945362166183825,0.04693804540446119,SL,-0.01597389089179891,-0.021173890891798913,2.2,0.0044,-0.04658255996195761
A2Z/USDT:USDT,LONG,2025-08-29T17:15:00+00:00,2025-08-29T18:15:00+00:00,0.005799,0.00570716160589614,0.006190163530442369,0.00570716160589614,SL,-0.015836936386249376,-0.02103693638624938,2.2,0.0044,-0.04628126004974864
FLOCK/USDT:USDT,LONG,2025-08-29T18:15:00+00:00,2025-08-29T18:30:00+00:00,0.28343,0.27963640982603966,0.2995878840742756,0.27963640982603966,SL,-0.013384575288291145,-0.018584575288291147,2.2,0.0044,-0.04088606563424053
M/USDT:USDT,LONG,2025-08-29T15:05:00+00:00,2025-08-29T19:30:00+00:00,0.5035,0.4979955652844637,0.5269448145291358,0.4979955652844637,SL,-0.010932343029863444,-0.016132343029863445,2.2,0.0044,-0.03549115466569958
M/USDT:USDT,LONG,2025-08-29T19:30:00+00:00,2025-08-29T21:05:00+00:00,0.4948,0.5219506046743839,0.5219506046743839,0.4884255102068838,TP,0.054871876868197056,0.04967187686819705,2.2,0.0044,0.10927812911003353
SPK/USDT:USDT,LONG,2025-08-29T17:25:00+00:00,2025-08-29T21:35:00+00:00,0.06359,0.0620190227787624,0.0702811992756416,0.0620190227787624,SL,-0.0247047841050101,-0.0299047841050101,2.2,0.0044,-0.06579052503102223
FLOCK/USDT:USDT,LONG,2025-08-29T18:30:00+00:00,2025-08-29T22:00:00+00:00,0.27852,0.2962034895448919,0.2962034895448919,0.27436822419380796,TP,0.06349091463769893,0.05829091463769893,2.2,0.0044,0.12824001220293765
USELESS/USDT:USDT,LONG,2025-08-29T21:35:00+00:00,2025-08-30T00:10:00+00:00,0.2211,0.21762489628848328,0.2359013676601638,0.21762489628848328,SL,-0.01571733926511404,-0.020917339265114042,2.2,0.0044,-0.0460181463832509
TA/USDT:USDT,LONG,2025-08-29T16:05:00+00:00,2025-08-30T00:30:00+00:00,0.11652,0.14418132184819582,0.14418132184819582,0.11002560269651054,TP,0.23739548445070222,0.2321954844507022,2.2,0.0044,0.5108300657915449
FLOCK/USDT:USDT,LONG,2025-08-30T00:10:00+00:00,2025-08-30T00:40:00+00:00,0.31118,0.30520902619660106,0.3366119254589214,0.30520902619660106,SL,-0.01918816698823494,-0.02438816698823494,2.2,0.0044,-0.05365396737411687
TA/USDT:USDT,LONG,2025-08-30T00:30:00+00:00,2025-08-30T00:40:00+00:00,0.14477,0.14023614114108582,0.16408088032500492,0.14023614114108582,SL,-0.031317668432093604,-0.03651766843209361,2.2,0.0044,-0.08033887055060594
TA/USDT:USDT,LONG,2025-08-30T00:40:00+00:00,2025-08-30T00:50:00+00:00,0.13921,0.13478897067777296,0.15804031007615219,0.13478897067777296,SL,-0.03175798665488861,-0.036957986654888614,2.2,0.0044,-0.08130757064075496
EPT/USDT:USDT,LONG,2025-08-29T15:00:00+00:00,2025-08-30T01:00:00+00:00,0.004275,0.0045154501072385885,0.0045154501072385885,0.0042185464965613755,TP,0.05624563912013763,0.051045639120137626,2.2,0.0044,0.11230040606430279
REDSTONE/USDT:USDT,LONG,2025-08-30T00:40:00+00:00,2025-08-30T01:05:00+00:00,0.4782,0.5206251366005281,0.5206251366005281,0.46823931575465866,TP,0.0887183952332248,0.08351839523322481,2.2,0.0044,0.18374046951309458
FLOCK/USDT:USDT,LONG,2025-08-30T01:00:00+00:00,2025-08-30T01:10:00+00:00,0.30317,0.2969408823182532,0.32970142716299544,0.2969408823182532,SL,-0.020546616359622575,-0.025746616359622575,2.2,0.0044,-0.05664255599116967
NAORIS/USDT:USDT,LONG,2025-08-30T01:10:00+00:00,2025-08-30T01:30:00+00:00,0.02739,0.02708253433977103,0.02869957596023452,0.02708253433977103,SL,-0.011225471348264768,-0.016425471348264768,2.2,0.0044,-0.03613603696618249
NAORIS/USDT:USDT,LONG,2025-08-30T01:30:00+00:00,2025-08-30T01:40:00+00:00,0.02708,0.026780927678003965,0.028353826556649784,0.026780927678003965,SL,-0.011044029615806313,-0.016244029615806312,2.2,0.0044,-0.03573686515477389
REDSTONE/USDT:USDT,LONG,2025-08-30T01:05:00+00:00,2025-08-30T01:55:00+00:00,0.5308,0.516804479451446,0.5904105504845821,0.516804479451446,SL,-0.02636684353533161,-0.03156684353533161,2.2,0.0044,-0.06944705577772954
ONT/USDT:USDT,LONG,2025-08-30T01:40:00+00:00,2025-08-30T02:05:00+00:00,0.1617,0.15988361284611016,0.16943646380360491,0.15988361284611016,SL,-0.011233068360481433,-0.01643306836048143,2.2,0.0044,-0.03615275039305915
FLOCK/USDT:USDT,LONG,2025-08-30T02:05:00+00:00,2025-08-30T03:55:00+00:00,0.29724,0.29257213138084115,0.31712166263715813,0.29257213138084115,SL,-0.01570403922473037,-0.020904039224730372,2.2,0.0044,-0.045988886294406825
NAORIS/USDT:USDT,LONG,2025-08-30T03:55:00+00:00,2025-08-30T04:05:00+00:00,0.02765,0.02740959394555732,0.02867395171336698,0.02740959394555732,SL,-0.008694613180567145,-0.013894613180567145,2.2,0.0044,-0.030568148997247722
1000BONK/USDT:USDT,LONG,2025-08-30T04:05:00+00:00,2025-08-30T04:10:00+00:00,0.02319,0.022953143467551635,0.02419883337894673,0.022953143467551635,SL,-0.010213735767501671,-0.015413735767501671,2.2,0.0044,-0.03391021868850368
REDSTONE/USDT:USDT,LONG,2025-08-30T01:55:00+00:00,2025-08-30T04:15:00+00:00,0.5155,0.4987273787409341,0.586938942399725,0.4987273787409341,SL,-0.032536607680050185,-0.03773660768005019,2.2,0.0044,-0.08302053689611041
M/USDT:USDT,LONG,2025-08-29T21:05:00+00:00,2025-08-30T05:25:00+00:00,0.5284,0.5591755945096312,0.5591755945096312,0.5211744256368692,TP,0.058242987338439044,0.05304298733843904,2.2,0.0044,0.1166945721445659
CATI/USDT:USDT,LONG,2025-08-30T05:25:00+00:00,2025-08-30T05:30:00+00:00,0.11672,0.11477998745223028,0.12498301640716733,0.11477998745223028,SL,-0.016621080772530186,-0.021821080772530185,2.2,0.0044,-0.048006377699566415
CATI/USDC:USDC,LONG,2025-08-30T05:30:00+00:00,2025-08-30T06:10:00+00:00,0.1144,0.1120052879386286,0.124599699520656,0.1120052879386286,SL,-0.0209327977392605,-0.0261327977392605,2.2,0.0044,-0.0574921550263731
REDSTONE/USDT:USDT,LONG,2025-08-30T04:15:00+00:00,2025-08-30T06:55:00+00:00,0.4952,0.5471251336755092,0.5471251336755092,0.48300888165879347,TP,0.10485689352889584,0.09965689352889584,2.2,0.0044,0.21924516576357087
M/USDT:USDT,LONG,2025-08-30T06:10:00+00:00,2025-08-30T07:00:00+00:00,0.576,0.603364061327846,0.603364061327846,0.5695753942969405,TP,0.047507050916399444,0.04230705091639944,2.2,0.0044,0.09307551201607878
NAORIS/USDT:USDT,LONG,2025-08-30T04:10:00+00:00,2025-08-30T07:10:00+00:00,0.02752,0.02856505536234229,0.02856505536234229,0.027274639175797897,TP,0.03797439543394954,0.032774395433949534,2.2,0.0044,0.07210366995468898
REDSTONE/USDT:USDT,LONG,2025-08-30T06:55:00+00:00,2025-08-30T07:10:00+00:00,0.5568,0.5452907848156335,0.6058207313408199,0.5452907848156335,SL,-0.020670285891462695,-0.025870285891462695,2.2,0.0044,-0.05691462896121793
REDSTONE/USDT:USDT,LONG,2025-08-30T07:10:00+00:00,2025-08-30T07:30:00+00:00,0.5452,0.5326928098542081,0.5984713654357805,0.5326928098542081,SL,-0.022940554192575083,-0.028140554192575086,2.2,0.0044,-0.06190921922366519
M/USDT:USDT,LONG,2025-08-30T07:00:00+00:00,2025-08-30T07:35:00+00:00,0.6066,0.6406892260573532,0.6406892260573532,0.5985964425778388,TP,0.05619720747997561,0.050997207479975604,2.2,0.0044,0.11219385645594633
M/USDT:USDT,LONG,2025-08-30T07:35:00+00:00,2025-08-30T07:55:00+00:00,0.6514,0.7020781520593098,0.7020781520593098,0.6395016512556403,TP,0.07779882109197085,0.07259882109197086,2.2,0.0044,0.1597174064023359
AGT/USDT:USDT,LONG,2025-08-30T07:10:00+00:00,2025-08-30T08:10:00+00:00,0.005318,0.005553701398137206,0.005553701398137206,0.005262661410872134,TP,0.04432143628003121,0.03912143628003121,2.2,0.0044,0.08606715981606866
M/USDT:USDT,LONG,2025-08-30T07:55:00+00:00,2025-08-30T08:15:00+00:00,0.7064,0.7745928373845781,0.7745928373845781,0.6903895077444904,TP,0.09653572676186019,0.09133572676186019,2.2,0.0044,0.20093859887609244
ESPORTS/USDT:USDT,LONG,2025-08-30T08:10:00+00:00,2025-08-30T08:15:00+00:00,0.11953,0.11743791672659026,0.1284407250534118,0.11743791672659026,SL,-0.01750257904634597,-0.02270257904634597,2.2,0.0044,-0.049945673901961134
NAORIS/USDT:USDT,LONG,2025-08-30T08:15:00+00:00,2025-08-30T08:30:00+00:00,0.02966,0.029244214932057484,0.03143093640049589,0.029244214932057484,SL,-0.014018377206423283,-0.019218377206423283,2.2,0.0044,-0.042280429854131225
REDSTONE/USDT:USDT,LONG,2025-08-30T07:30:00+00:00,2025-08-30T09:15:00+00:00,0.5318,0.5201075893962421,0.581601008127117,0.5201075893962421,SL,-0.02198648101496412,-0.02718648101496412,2.2,0.0044,-0.05981025823292106
SKL/USDT:USDT,LONG,2025-08-30T09:15:00+00:00,2025-08-30T09:35:00+00:00,0.032,0.0349265957201402,0.0349265957201402,0.031312886222227956,TP,0.0914561162543813,0.0862561162543813,2.2,0.0044,0.18976345575963888
SKL/USDT:USDT,LONG,2025-08-30T09:35:00+00:00,2025-08-30T09:40:00+00:00,0.03501,0.03410964000919025,0.03884486662752302,0.03410964000919025,SL,-0.025717223387882036,-0.03091722338788204,2.2,0.0044,-0.06801789145334049
PLAYSOUT/USDT:USDT,LONG,2025-08-29T22:00:00+00:00,2025-08-30T09:45:00+00:00,0.04934,0.04770733868648352,0.05629392781682949,0.04770733868648352,SL,-0.03309001446121775,-0.038290014461217756,2.2,0.0044,-0.08423803181467907
M/USDT:USDT,LONG,2025-08-30T08:15:00+00:00,2025-08-30T10:05:00+00:00,0.7747,0.7515196960300498,0.873430924316455,0.7515196960300498,SL,-0.02992165221369601,-0.03512165221369601,2.2,0.0044,-0.07726763487013122
DOLO/USDT:USDT,LONG,2025-08-30T09:45:00+00:00,2025-08-30T10:05:00+00:00,0.242037,0.2585225556082611,0.2585225556082611,0.2381664782484952,TP,0.06811171683776072,0.06291171683776073,2.2,0.0044,0.1384057770430736
DOLO/USDT:USDT,LONG,2025-08-30T10:05:00+00:00,2025-08-30T10:15:00+00:00,0.269213,0.26381569681630757,0.29220151356017143,0.26381569681630757,SL,-0.020048449308511903,-0.025248449308511903,2.2,0.0044,-0.05554658847872619
DOLO/USDT:USDT,LONG,2025-08-30T10:15:00+00:00,2025-08-30T10:25:00+00:00,0.263497,0.25694531225487743,0.2914023366921886,0.25694531225487743,SL,-0.024864373200159957,-0.030064373200159956,2.2,0.0044,-0.06614162104035191
SKL/USDT:USDT,LONG,2025-08-30T09:40:00+00:00,2025-08-30T10:30:00+00:00,0.03402,0.03308675143710523,0.037994947582699945,0.03308675143710523,SL,-0.027432350467218404,-0.03263235046721841,2.2,0.0044,-0.0717911710278805
DOLO/USDT:USDT,LONG,2025-08-30T10:25:00+00:00,2025-08-30T10:40:00+00:00,0.256348,0.249144896995277,0.2870278831682647,0.249144896995277,SL,-0.028098924137200273,-0.03329892413720027,2.2,0.0044,-0.07325763310184061
M/USDT:USDT,LONG,2025-08-30T10:05:00+00:00,2025-08-30T12:10:00+00:00,0.7434,0.7012529841456204,0.9229150675279126,0.7012529841456204,SL,-0.05669493658108626,-0.06189493658108626,2.2,0.0044,-0.13616886047838977
M/USDT:USDT,LONG,2025-08-30T12:10:00+00:00,2025-08-30T12:20:00+00:00,0.6744,0.641803665612478,0.813236239057964,0.641803665612478,SL,-0.04833382916299223,-0.053533829162992236,2.2,0.0044,-0.11777442415858293
NAORIS/USDT:USDT,LONG,2025-08-30T08:30:00+00:00,2025-08-30T13:20:00+00:00,0.02903,0.028399524564770517,0.03171535833523669,0.028399524564770517,SL,-0.02171806528520437,-0.026918065285204372,2.2,0.0044,-0.059219743627449625
C/USDT:USDT,LONG,2025-08-30T13:20:00+00:00,2025-08-30T14:20:00+00:00,0.21866,0.21531291463360627,0.23291610433834367,0.21531291463360627,SL,-0.015307259518859053,-0.020507259518859053,2.2,0.0044,-0.04511597094148992
TA/USDT:USDT,LONG,2025-08-30T00:50:00+00:00,2025-08-30T15:20:00+00:00,0.13433,0.15475632858607,0.15475632858607,0.12953425328848792,TP,0.1520608098419563,0.1468608098419563,2.2,0.0044,0.32309378165230385
IP/USDC:USDC,LONG,2025-08-30T15:20:00+00:00,2025-08-30T15:40:00+00:00,6.9666,7.310396811721088,7.310396811721088,6.885882487682874,TP,0.049349296891035496,0.04414929689103549,2.2,0.0044,0.09712845316027809
IP/USDC:USDC,LONG,2025-08-30T15:40:00+00:00,2025-08-30T15:55:00+00:00,7.4076,7.87061003382877,7.87061003382877,7.29889329640542,TP,0.06250472944391837,0.057304729443918366,2.2,0.0044,0.1260704047766204
IP/USDT:USDT,LONG,2025-08-30T15:55:00+00:00,2025-08-30T16:00:00+00:00,8.36219,8.172874013558145,9.168535868178271,8.172874013558145,SL,-0.022639522235425768,-0.027839522235425768,2.2,0.0044,-0.061246948917936694
ESPORTS/USDT:USDT,LONG,2025-08-30T14:20:00+00:00,2025-08-30T16:05:00+00:00,0.10855,0.10704260086388166,0.11497040372791138,0.10704260086388166,SL,-0.01388668020376169,-0.01908668020376169,2.2,0.0044,-0.04199069644827572
IP/USDT:USDT,LONG,2025-08-30T16:00:00+00:00,2025-08-30T16:25:00+00:00,7.98079,7.757085469732563,8.933605591879823,7.757085469732563,SL,-0.028030374219524225,-0.033230374219524225,2.2,0.0044,-0.0731068232829533
IP/USDC:USDC,LONG,2025-08-30T16:05:00+00:00,2025-08-30T17:00:00+00:00,7.8677,7.645069410383801,8.815941400217145,7.645069410383801,SL,-0.02829678172988282,-0.033496781729882824,2.2,0.0044,-0.07369291980574222
IP/USDT:USDT,LONG,2025-08-30T16:25:00+00:00,2025-08-30T17:30:00+00:00,7.74547,7.50793303283121,8.757201526830032,7.50793303283121,SL,-0.03066785710470635,-0.03586785710470635,2.2,0.0044,-0.07890928563035397
SKL/USDT:USDT,LONG,2025-08-30T10:30:00+00:00,2025-08-30T18:50:00+00:00,0.03289,0.03173951789369006,0.037790201563912704,0.03173951789369006,SL,-0.03497969310762971,-0.04017969310762971,2.2,0.0044,-0.08839532483678537
TA/USDT:USDT,LONG,2025-08-30T18:50:00+00:00,2025-08-30T18:55:00+00:00,0.15823,0.15530667799814232,0.17068118630420867,0.15530667799814232,SL,-0.01847514378978504,-0.02367514378978504,2.2,0.0044,-0.05208531633752709
DOLO/USDT:USDT,LONG,2025-08-30T10:40:00+00:00,2025-08-30T19:05:00+00:00,0.24463,0.27716764064164634,0.27716764064164634,0.23699072784935257,TP,0.13300756506416367,0.12780756506416366,2.2,0.0044,0.2811766431411601
M/USDT:USDT,LONG,2025-08-30T12:20:00+00:00,2025-08-30T19:05:00+00:00,0.6209,0.587547160655657,0.7629583897999792,0.587547160655657,SL,-0.053716925985413055,-0.05891692598541306,2.2,0.0044,-0.12961723716790874
JOE/USDT:USDT,LONG,2025-08-30T19:05:00+00:00,2025-08-30T20:15:00+00:00,0.16973,0.1682835549973632,0.1758907842704901,0.1682835549973632,SL,-0.00852203501229481,-0.01372203501229481,2.2,0.0044,-0.030188477027048584
DOLO/USDT:USDT,LONG,2025-08-30T19:05:00+00:00,2025-08-30T21:15:00+00:00,0.277607,0.2963241095577895,0.2963241095577895,0.27321254819077984,TP,0.06742304609678247,0.062223046096782475,2.2,0.0044,0.13689070141292145
DOLO/USDT:USDT,LONG,2025-08-30T21:15:00+00:00,2025-08-30T21:30:00+00:00,0.296756,0.2918863675295619,0.31749702718890316,0.2918863675295619,SL,-0.016409550170638994,-0.021609550170638994,2.2,0.0044,-0.04754101037540579
JOE/USDT:USDT,LONG,2025-08-30T20:15:00+00:00,2025-08-30T22:15:00+00:00,0.1674,0.17489923818221206,0.17489923818221206,0.1656393092963502,TP,0.044798316500669476,0.03959831650066947,2.2,0.0044,0.08711629630147284
IP/USDT:USDT,LONG,2025-08-30T17:30:00+00:00,2025-08-31T00:20:00+00:00,7.47687,8.248442760454981,8.248442760454981,7.295718134501874,TP,0.10319462026957558,0.09799462026957559,2.2,0.0044,0.21558816459306632
IP/USDC:USDC,LONG,2025-08-30T17:00:00+00:00,2025-08-31T00:25:00+00:00,7.5546,8.429174911528417,8.429174911528417,7.349265020771589,TP,0.11576720296619505,0.11056720296619506,2.2,0.0044,0.24324784652562914
JOE/USDT:USDT,LONG,2025-08-30T22:15:00+00:00,2025-08-31T00:25:00+00:00,0.17565,0.17398968808138865,0.18272169891260395,0.17398968808138865,SL,-0.009452387808775128,-0.014652387808775128,2.2,0.0044,-0.032235253179305284
TA/USDT:USDT,LONG,2025-08-30T18:55:00+00:00,2025-08-31T00:35:00+00:00,0.15305,0.14981322956970355,0.16683624442533662,0.14981322956970355,SL,-0.021148451031012334,-0.026348451031012333,2.2,0.0044,-0.05796659226822714
IP/USDT:USDT,LONG,2025-08-31T00:20:00+00:00,2025-08-31T00:35:00+00:00,8.37997,8.225001276552346,9.040021970240005,8.225001276552346,SL,-0.018492753965426368,-0.023692753965426368,2.2,0.0044,-0.052124058723938015
IP/USDC:USDC,LONG,2025-08-31T00:25:00+00:00,2025-08-31T00:35:00+00:00,8.4641,8.309504840287651,9.12256086544149,8.309504840287651,SL,-0.018264807801461315,-0.023464807801461318,2.2,0.0044,-0.0516225771632149
AXS/USDT:USDT,LONG,2025-08-31T00:25:00+00:00,2025-08-31T00:35:00+00:00,2.472,2.6078422875461063,2.6078422875461063,2.44010659335874,TP,0.054952381693408686,0.04975238169340868,2.2,0.0044,0.10945523972549911
AXS/USDT:USDT,LONG,2025-08-31T00:35:00+00:00,2025-08-31T00:45:00+00:00,2.652,2.608421297334832,2.8376129928331224,2.608421297334832,SL,-0.016432391653532406,-0.02163239165353241,2.2,0.0044,-0.047591261637771304
IP/USDT:USDT,LONG,2025-08-31T00:35:00+00:00,2025-08-31T01:20:00+00:00,8.13993,7.961380995257108,8.900416501682686,7.961380995257108,SL,-0.021934955797272424,-0.027134955797272424,2.2,0.0044,-0.05969690275399934
IP/USDC:USDC,LONG,2025-08-31T00:35:00+00:00,2025-08-31T01:20:00+00:00,8.1339,7.961278091880679,8.869141460508223,7.961278091880679,SL,-0.021222526477989823,-0.026422526477989823,2.2,0.0044,-0.05812955825157762
DOLO/USDT:USDT,LONG,2025-08-30T21:30:00+00:00,2025-08-31T02:15:00+00:00,0.289499,0.3106301979351386,0.3106301979351386,0.284537762223924,TP,0.07299230026749166,0.06779230026749167,2.2,0.0044,0.14914306058848167
DOLO/USDT:USDT,LONG,2025-08-31T02:15:00+00:00,2025-08-31T04:50:00+00:00,0.313885,0.30877633196343474,0.3356441416372226,0.30877633196343474,SL,-0.01627560423902158,-0.021475604239021583,2.2,0.0044,-0.047246329325847485
DOLO/USDT:USDT,LONG,2025-08-31T04:50:00+00:00,2025-08-31T06:10:00+00:00,0.307539,0.32746505312927243,0.32746505312927243,0.3028607092653013,TP,0.0647919552618446,0.0595919552618446,2.2,0.0044,0.13110230157605812
DOLO/USDT:USDT,LONG,2025-08-31T06:10:00+00:00,2025-08-31T06:15:00+00:00,0.329647,0.3242184113980942,0.35276876626737663,0.3242184113980942,SL,-0.01646788413638169,-0.02166788413638169,2.2,0.0044,-0.04766934510003972
DOLO/USDT:USDT,LONG,2025-08-31T06:15:00+00:00,2025-08-31T07:25:00+00:00,0.321173,0.3464651543911354,0.3464651543911354,0.315234842012516,TP,0.07874931700714385,0.07354931700714386,2.2,0.0044,0.1618084974157165
DOLO/USDT:USDT,LONG,2025-08-31T07:25:00+00:00,2025-08-31T08:45:00+00:00,0.354916,0.3483122831404182,0.38304294217970036,0.3483122831404182,SL,-0.018606421969090802,-0.023806421969090802,2.2,0.0044,-0.05237412833199977
IP/USDT:USDT,LONG,2025-08-31T01:20:00+00:00,2025-08-31T09:05:00+00:00,7.84841,7.662067145647717,8.64209252779676,7.662067145647717,SL,-0.023742752271132997,-0.028942752271133,2.2,0.0044,-0.0636740549964926
IP/USDC:USDC,LONG,2025-08-31T01:20:00+00:00,2025-08-31T09:05:00+00:00,7.8446,7.663766457221928,8.61481694146216,7.663766457221928,SL,-0.0230519775103985,-0.0282519775103985,2.2,0.0044,-0.062154350522876704
MAV/USDT:USDT,LONG,2025-08-31T09:05:00+00:00,2025-08-31T09:35:00+00:00,0.07404,0.07310288564205801,0.07803141300604921,0.07310288564205801,SL,-0.012656865990572454,-0.017856865990572457,2.2,0.0044,-0.03928510517925941
LRC/USDT:USDT,LONG,2025-08-31T09:35:00+00:00,2025-08-31T09:45:00+00:00,0.09885,0.097263053989028,0.105609214491177,0.097263053989028,SL,-0.016054082053333262,-0.021254082053333262,2.2,0.0044,-0.04675898051733318
JOE/USDT:USDT,LONG,2025-08-31T00:35:00+00:00,2025-08-31T09:55:00+00:00,0.17601,0.1736877739486612,0.1859009628112579,0.1736877739486612,SL,-0.013193716557802425,-0.018393716557802427,2.2,0.0044,-0.040466176427165344
LAUNCHCOIN/USDT:USDT,LONG,2025-08-31T09:05:00+00:00,2025-08-31T09:55:00+00:00,0.07516,0.07427268385192881,0.0789393095195625,0.07427268385192881,SL,-0.01180569648844057,-0.01700569648844057,2.2,0.0044,-0.037412532274569255
MAV/USDT:USDT,LONG,2025-08-31T09:45:00+00:00,2025-08-31T10:00:00+00:00,0.07291,0.07202700988073389,0.07667088384131865,0.07202700988073389,SL,-0.012110686041230435,-0.017310686041230434,2.2,0.0044,-0.03808350929070696
LAUNCHCOIN/USDT:USDT,LONG,2025-08-31T09:55:00+00:00,2025-08-31T10:00:00+00:00,0.07421,0.0731810698957749,0.07859248007355137,0.0731810698957749,SL,-0.013865113922990138,-0.019065113922990137,2.2,0.0044,-0.041943250630578306
MAV/USDT:USDT,LONG,2025-08-31T10:00:00+00:00,2025-08-31T10:35:00+00:00,0.07179,0.07094799719678294,0.07537630823592459,0.07094799719678294,SL,-0.0117286920631992,-0.016928692063199198,2.2,0.0044,-0.03724312253903824
AXS/USDT:USDT,LONG,2025-08-31T00:45:00+00:00,2025-08-31T11:35:00+00:00,2.598,2.5500928533142173,2.80204895810611,2.5500928533142173,SL,-0.018440010271663802,-0.023640010271663806,2.2,0.0044,-0.052008022597660374
LAUNCHCOIN/USDT:USDT,LONG,2025-08-31T10:00:00+00:00,2025-08-31T12:00:00+00:00,0.07218,0.07103787918893383,0.07704458863972627,0.07103787918893383,SL,-0.01582323096517275,-0.02102323096517275,2.2,0.0044,-0.046251108123380055
DOLO/USDT:USDT,LONG,2025-08-31T08:45:00+00:00,2025-08-31T12:10:00+00:00,0.347504,0.3399886733442721,0.37951372464476707,0.3399886733442721,SL,-0.021626590357889133,-0.026826590357889132,2.2,0.0044,-0.05901849878735609
CUDIS/USDT:USDT,LONG,2025-08-31T11:35:00+00:00,2025-08-31T12:10:00+00:00,0.08748,0.08657698516923226,0.09132617427919594,0.08657698516923226,SL,-0.010322528929672382,-0.015522528929672381,2.2,0.0044,-0.03414956364527924
GOR/USDT:USDT,LONG,2025-08-31T12:00:00+00:00,2025-08-31T12:30:00+00:00,0.0098,0.009719973990253088,0.01014085152299611,0.009719973990253088,SL,-0.008165919361929798,-0.013365919361929797,2.2,0.0044,-0.029405022596245556
GOR/USDT:USDT,LONG,2025-08-31T12:30:00+00:00,2025-08-31T12:50:00+00:00,0.00971,0.009632523191166031,0.010039993815403941,0.009632523191166031,SL,-0.007979074030274818,-0.013179074030274818,2.2,0.0044,-0.028993962866604602
POL/USDC:USDC,LONG,2025-08-31T12:10:00+00:00,2025-08-31T13:00:00+00:00,0.2859,0.2829443603255328,0.2984888356505086,0.2829443603255328,SL,-0.010338019148188927,-0.015538019148188927,2.2,0.0044,-0.03418364212601564
POL/USDT:USDT,LONG,2025-08-31T12:10:00+00:00,2025-08-31T13:00:00+00:00,0.28599,0.28318036702999655,0.2979569552426074,0.28318036702999655,SL,-0.009824235008229213,-0.015024235008229213,2.2,0.0044,-0.033053317018104274
RLC/USDT:USDT,LONG,2025-08-31T12:50:00+00:00,2025-08-31T13:00:00+00:00,1.3546,1.331035046159889,1.4549692478375096,1.331035046159889,SL,-0.017396245268057754,-0.022596245268057757,2.2,0.0044,-0.04971173958972707
B/USDT:USDT,LONG,2025-08-28T17:30:00+00:00,2025-08-31T13:10:00+00:00,0.66154,0.7318838237981744,0.7318838237981744,0.6450244935430374,TP,0.10633343984970582,0.10113343984970583,2.2,0.0044,0.22249356766935283
RLC/USDT:USDT,LONG,2025-08-31T13:00:00+00:00,2025-08-31T13:30:00+00:00,1.2959,1.2682207081684758,1.413793280023159,1.2682207081684758,SL,-0.021359126345801595,-0.026559126345801598,2.2,0.0044,-0.05843007796076352
LRC/USDT:USDT,LONG,2025-08-31T10:35:00+00:00,2025-08-31T14:00:00+00:00,0.09701,0.10315516310762571,0.10315516310762571,0.09556722257473135,TP,0.06334566650474908,0.05814566650474908,2.2,0.0044,0.12792046631044798
POL/USDC:USDC,LONG,2025-08-31T13:00:00+00:00,2025-08-31T14:00:00+00:00,0.2827,0.278968154712526,0.29859489659479677,0.278968154712526,SL,-0.013200726167223207,-0.018400726167223207,2.2,0.0044,-0.040481597567891055
POL/USDT:USDT,LONG,2025-08-31T13:00:00+00:00,2025-08-31T14:00:00+00:00,0.28254,0.278910428118136,0.29799928764497646,0.278910428118136,SL,-0.01284622312544781,-0.018046223125447812,2.2,0.0044,-0.03970169087598519
KERNEL/USDT:USDT,LONG,2025-08-31T13:10:00+00:00,2025-08-31T14:05:00+00:00,0.2037,0.20100551158778127,0.21517652471870943,0.20100551158778127,SL,-0.013227729073238716,-0.018427729073238718,2.2,0.0044,-0.04054100396112518
B/USDT:USDT,LONG,2025-08-31T14:00:00+00:00,2025-08-31T14:10:00+00:00,0.7261,0.7205364295217196,0.7497966890741572,0.7205364295217196,SL,-0.007662264809641065,-0.012862264809641066,2.2,0.0044,-0.02829698258121035
LRC/USDT:USDT,LONG,2025-08-31T14:00:00+00:00,2025-08-31T14:15:00+00:00,0.10449,0.10302292132822613,0.11073866841681462,0.10302292132822613,SL,-0.01404037392835553,-0.01924037392835553,2.2,0.0044,-0.04232882264238217
B/USDT:USDT,LONG,2025-08-31T14:10:00+00:00,2025-08-31T14:50:00+00:00,0.71795,0.7121753846386256,0.7425455839465946,0.7121753846386256,SL,-0.008043199890485908,-0.013243199890485908,2.2,0.0044,-0.029135039759069
KERNEL/USDT:USDT,LONG,2025-08-31T14:05:00+00:00,2025-08-31T15:00:00+00:00,0.1999,0.2105464867999417,0.2105464867999417,0.19740039005566584,TP,0.05325906353147427,0.048059063531474266,2.2,0.0044,0.1057299397692434
LRC/USDT:USDT,LONG,2025-08-31T14:15:00+00:00,2025-08-31T15:00:00+00:00,0.1021,0.1095965555800808,0.1095965555800808,0.10033993912467667,TP,0.07342365896259359,0.0682236589625936,2.2,0.0044,0.15009204971770593
LRC/USDT:USDT,LONG,2025-08-31T15:00:00+00:00,2025-08-31T15:05:00+00:00,0.1129,0.11055730104666178,0.12287816220866278,0.11055730104666178,SL,-0.020750212164200338,-0.02595021216420034,2.2,0.0044,-0.05709046676124076
KERNEL/USDT:USDT,LONG,2025-08-31T15:00:00+00:00,2025-08-31T15:05:00+00:00,0.2108,0.2080662123743483,0.22244391025740534,0.2080662123743483,SL,-0.012968632000245185,-0.018168632000245183,2.2,0.0044,-0.039970990400539405
C/USDT:USDT,LONG,2025-08-31T15:05:00+00:00,2025-08-31T15:10:00+00:00,0.23856,0.2359695107522296,0.2495935653145776,0.2359695107522296,SL,-0.010858858349138117,-0.016058858349138116,2.2,0.0044,-0.03532948836810386
PLAYSOUT/USDT:USDT,LONG,2025-08-31T14:50:00+00:00,2025-08-31T15:20:00+00:00,0.04998,0.04963385581571292,0.05145431782196348,0.04963385581571292,SL,-0.006925653947320494,-0.012125653947320495,2.2,0.0044,-0.026676438684105092
SERAPH/USDT:USDT,LONG,2025-08-31T15:10:00+00:00,2025-08-31T15:25:00+00:00,0.18784,0.19605862451395636,0.19605862451395636,0.1859104098967233,TP,0.04375332471228895,0.03855332471228895,2.2,0.0044,0.0848173143670357
M/USDT:USDT,LONG,2025-08-31T09:55:00+00:00,2025-08-31T15:50:00+00:00,0.6411,0.6881846365895813,0.6881846365895813,0.6300453461920114,TP,0.07344351363216547,0.06824351363216548,2.2,0.0044,0.15013572999076408
RLC/USDT:USDT,LONG,2025-08-31T13:30:00+00:00,2025-08-31T16:00:00+00:00,1.2656,1.240607912677484,1.3720477793366423,1.240607912677484,SL,-0.019747224496298996,-0.024947224496299,2.2,0.0044,-0.0548838938918578
SERAPH/USDT:USDT,LONG,2025-08-31T15:25:00+00:00,2025-08-31T16:05:00+00:00,0.19628,0.19353854888596977,0.20795655104123983,0.19353854888596977,SL,-0.01396704256180067,-0.01916704256180067,2.2,0.0044,-0.04216749363596148
KERNEL/USDT:USDT,LONG,2025-08-31T15:20:00+00:00,2025-08-31T16:10:00+00:00,0.2054,0.2023434665666327,0.21841856832730513,0.2023434665666327,SL,-0.01488088331727014,-0.02008088331727014,2.2,0.0044,-0.044177943297994314
M/USDT:USDT,LONG,2025-08-31T15:50:00+00:00,2025-08-31T16:10:00+00:00,0.6886,0.6781275489472045,0.7332048841137587,0.6781275489472045,SL,-0.015208322760376829,-0.02040832276037683,2.2,0.0044,-0.04489831007282903
LAUNCHCOIN/USDT:USDT,LONG,2025-08-31T16:00:00+00:00,2025-08-31T16:30:00+00:00,0.07573,0.07477874258041034,0.07978165197232638,0.07477874258041034,SL,-0.012561170204538038,-0.01776117020453804,2.2,0.0044,-0.03907457444998369
B/USDT:USDT,LONG,2025-08-31T16:05:00+00:00,2025-08-31T17:55:00+00:00,0.72247,0.7162913534994086,0.7487864573173332,0.7162913534994086,SL,-0.008552114967529865,-0.013752114967529865,2.2,0.0044,-0.030254652928565703
C/USDT:USDT,LONG,2025-08-31T17:55:00+00:00,2025-08-31T18:55:00+00:00,0.25444,0.24979875383759959,0.27420827069170545,0.24979875383759959,SL,-0.01824102406225599,-0.02344102406225599,2.2,0.0044,-0.051570252936963185
LRC/USDT:USDT,LONG,2025-08-31T15:05:00+00:00,2025-08-31T19:05:00+00:00,0.10793,0.10532186525761451,0.11903872205090114,0.10532186525761451,SL,-0.024165058300615997,-0.029365058300615997,2.2,0.0044,-0.0646031282613552
LAUNCHCOIN/USDT:USDT,LONG,2025-08-31T16:30:00+00:00,2025-08-31T19:15:00+00:00,0.07471,0.07374050421425805,0.07883933390223417,0.07374050421425805,SL,-0.012976787387792055,-0.018176787387792055,2.2,0.0044,-0.039988932253142526
PLAYSOUT/USDT:USDT,LONG,2025-08-31T18:55:00+00:00,2025-08-31T19:25:00+00:00,0.05408,0.053512991250373676,0.056495037266926944,0.053512991250373676,SL,-0.010484629246048947,-0.015684629246048947,2.2,0.0044,-0.034506184341307686
C/USDT:USDT,LONG,2025-08-31T19:15:00+00:00,2025-08-31T20:00:00+00:00,0.24695,0.24221319193983168,0.26712529358960585,0.24221319193983168,SL,-0.019181243410278694,-0.024381243410278697,2.2,0.0044,-0.05363873550261314
M/USDT:USDT,LONG,2025-08-31T16:10:00+00:00,2025-08-31T20:05:00+00:00,0.6691,0.6573406384183962,0.7191861696994238,0.6573406384183962,SL,-0.017574894009271924,-0.022774894009271927,2.2,0.0044,-0.050104766820398244
H/USDT:USDT,LONG,2025-08-31T20:05:00+00:00,2025-08-31T20:40:00+00:00,0.03033,0.03016127804992031,0.03104863052811719,0.03016127804992031,SL,-0.005562873395307902,-0.010762873395307902,2.2,0.0044,-0.023678321469677386
TAG/USDT:USDT,LONG,2025-08-31T20:40:00+00:00,2025-08-31T21:15:00+00:00,0.0009161,0.0009056322099360544,0.0009606850317538425,0.0009056322099360544,SL,-0.011426470979091352,-0.016626470979091354,2.2,0.0044,-0.03657823615400098
TA/USDT:USDT,LONG,2025-08-31T21:15:00+00:00,2025-08-31T21:20:00+00:00,0.13784,0.13444628223382948,0.15229472381887438,0.13444628223382948,SL,-0.024620703469025732,-0.029820703469025732,2.2,0.0044,-0.06560554763185661
TA/USDT:USDT,LONG,2025-08-31T21:20:00+00:00,2025-08-31T21:25:00+00:00,0.1342,0.1306699192171274,0.14923552926038336,0.1306699192171274,SL,-0.02630462580381981,-0.03150462580381981,2.2,0.0044,-0.06931017676840359
LAUNCHCOIN/USDT:USDT,LONG,2025-08-31T20:00:00+00:00,2025-08-31T22:05:00+00:00,0.07477,0.07425499105713906,0.07696355660848178,0.07425499105713906,SL,-0.006887908825209836,-0.012087908825209836,2.2,0.0044,-0.02659339941546164
PLAYSOUT/USDT:USDT,LONG,2025-08-31T19:25:00+00:00,2025-08-31T22:20:00+00:00,0.05349,0.05682169957422853,0.05682169957422853,0.05270777488257244,TP,0.062286400714685476,0.05708640071468547,2.2,0.0044,0.12559008157230805
CUDIS/USDT:USDT,LONG,2025-08-31T14:00:00+00:00,2025-08-31T22:30:00+00:00,0.08506,0.08427781872540793,0.08839151283622547,0.08427781872540793,SL,-0.009195641601129371,-0.014395641601129371,2.2,0.0044,-0.03167041152248462
MERL/USDT:USDT,LONG,2025-08-31T22:30:00+00:00,2025-08-31T22:35:00+00:00,0.1262,0.1250907890812668,0.13092441687608586,0.1250907890812668,SL,-0.008789309974114104,-0.013989309974114104,2.2,0.0044,-0.03077648194305103
TAG/USDT:USDT,LONG,2025-08-31T22:05:00+00:00,2025-08-31T22:45:00+00:00,0.0009028,0.0008940427119871354,0.0009400995600547939,0.0008940427119871354,SL,-0.00970014179537507,-0.01490014179537507,2.2,0.0044,-0.032780311949825156
MERL/USDT:USDT,LONG,2025-08-31T22:35:00+00:00,2025-08-31T22:45:00+00:00,0.1241,0.12288024700403347,0.12929524424207972,0.12288024700403347,SL,-0.00982879126483913,-0.01502879126483913,2.2,0.0044,-0.03306334078264609
PLAYSOUT/USDT:USDT,LONG,2025-08-31T22:20:00+00:00,2025-08-31T23:15:00+00:00,0.0569,0.05630365087325789,0.0594400055398275,0.05630365087325789,SL,-0.010480652491073918,-0.015680652491073917,2.2,0.0044,-0.034497435480362625
KERNEL/USDT:USDT,LONG,2025-08-31T16:10:00+00:00,2025-08-31T23:35:00+00:00,0.2013,0.1986882407178834,0.2124241599053115,0.1986882407178834,SL,-0.012974462404950815,-0.01817446240495082,2.2,0.0044,-0.0399838172908918
MERL/USDT:USDT,LONG,2025-08-31T22:45:00+00:00,2025-08-31T23:45:00+00:00,0.12245,0.12115979256980436,0.1279453279434259,0.12115979256980436,SL,-0.010536606208212696,-0.015736606208212697,2.2,0.0044,-0.034620533658067935
TAG/USDT:USDT,LONG,2025-08-31T22:45:00+00:00,2025-08-31T23:55:00+00:00,0.0008922,0.0008851851232078829,0.0009220781789293875,0.0008851851232078829,SL,-0.007862448769465432,-0.013062448769465431,2.2,0.0044,-0.028737387292823952
MERL/USDT:USDT,LONG,2025-08-31T23:45:00+00:00,2025-09-01T00:00:00+00:00,0.12075,0.11962047326598353,0.12556094720044048,0.11962047326598353,SL,-0.009354258666803018,-0.014554258666803018,2.2,0.0044,-0.03201936906696664
TAG/USDT:USDT,LONG,2025-08-31T23:55:00+00:00,2025-09-01T00:00:00+00:00,0.0008835,0.0008781814251818983,0.0009061531890400626,0.0008781814251818983,SL,-0.006019892267234498,-0.011219892267234499,2.2,0.0044,-0.0246837629879159
JOE/USDT:USDT,LONG,2025-09-01T00:00:00+00:00,2025-09-01T00:05:00+00:00,0.18973,0.18828025468328144,0.1959048411638013,0.18828025468328144,SL,-0.007641096909917094,-0.012841096909917095,2.2,0.0044,-0.02825041320181761
LRC/USDT:USDT,LONG,2025-08-31T19:05:00+00:00,2025-09-01T00:10:00+00:00,0.10342,0.10191490280743619,0.1098305991535125,0.10191490280743619,SL,-0.014553250749988485,-0.019753250749988488,2.2,0.0044,-0.04345715164997468
TA/USDT:USDT,LONG,2025-08-31T21:25:00+00:00,2025-09-01T00:15:00+00:00,0.12642,0.12228886784447543,0.14401556288464168,0.12228886784447543,SL,-0.03267783701569826,-0.03787783701569827,2.2,0.0044,-0.0833312414345362
JOE/USDT:USDT,LONG,2025-09-01T00:05:00+00:00,2025-09-01T00:15:00+00:00,0.18527,0.1835650936344756,0.19253163822352976,0.1835650936344756,SL,-0.009202279729715521,-0.014402279729715521,2.2,0.0044,-0.03168501540537415
IP/USDT:USDT,LONG,2025-09-01T00:15:00+00:00,2025-09-01T00:25:00+00:00,7.86577,7.802841237005292,8.133799916458944,7.802841237005292,SL,-0.00800033092687793,-0.01320033092687793,2.2,0.0044,-0.02904072803913145
MAV/USDT:USDT,LONG,2025-09-01T00:25:00+00:00,2025-09-01T00:35:00+00:00,0.07247,0.07175711908134018,0.0755063446535511,0.07175711908134018,SL,-0.00983691070318515,-0.01503691070318515,2.2,0.0044,-0.03308120354700733
ALPINE/USDT:USDT,LONG,2025-09-01T00:10:00+00:00,2025-09-01T00:55:00+00:00,1.8714,1.859682870090709,1.9213062940580903,1.859682870090709,SL,-0.006261157373779447,-0.011461157373779448,2.2,0.0044,-0.02521454622231479
ALPINE/USDT:USDT,LONG,2025-09-01T00:55:00+00:00,2025-09-01T01:00:00+00:00,1.8591,1.8476072072649354,1.9080507838715715,1.8476072072649354,SL,-0.006181912073080813,-0.011381912073080813,2.2,0.0044,-0.02504020656077779
TAG/USDT:USDT,LONG,2025-09-01T00:00:00+00:00,2025-09-01T01:05:00+00:00,0.0008776,0.0008722061805260485,0.000900573675537201,0.0008722061805260485,SL,-0.0061461024087870325,-0.011346102408787032,2.2,0.0044,-0.02496142529933147
PLAYSOUT/USDT:USDT,LONG,2025-08-31T23:15:00+00:00,2025-09-01T01:25:00+00:00,0.05618,0.05536771378977166,0.059639737562083704,0.05536771378977166,SL,-0.014458636707517692,-0.01965863670751769,2.2,0.0044,-0.043249000756538925
PARTI/USDT:USDT,LONG,2025-08-31T23:35:00+00:00,2025-09-01T01:30:00+00:00,0.1848,0.18897063441970113,0.18897063441970113,0.18382080757102667,TP,0.022568368071975875,0.017368368071975872,2.2,0.0044,0.03821040975834692
IP/USDC:USDC,LONG,2025-09-01T01:05:00+00:00,2025-09-01T01:45:00+00:00,7.9411,7.8659382177581145,8.261233516956178,7.8659382177581145,SL,-0.009464908166612319,-0.014664908166612318,2.2,0.0044,-0.0322627979665471
PARTI/USDT:USDT,LONG,2025-09-01T01:30:00+00:00,2025-09-01T01:50:00+00:00,0.1901,0.18851692376807913,0.1968427320989222,0.18851692376807913,SL,-0.00832759722209816,-0.01352759722209816,2.2,0.0044,-0.029760713888615953
PLAYSOUT/USDT:USDT,LONG,2025-09-01T01:25:00+00:00,2025-09-01T02:00:00+00:00,0.05529,0.054411969669388625,0.05902975881556697,0.054411969669388625,SL,-0.015880454523627664,-0.021080454523627667,2.2,0.0044,-0.04637699995198087
TAG/USDT:USDT,LONG,2025-09-01T01:45:00+00:00,2025-09-01T02:10:00+00:00,0.0008815,0.0008766831804830309,0.0009020160831278313,0.0008766831804830309,SL,-0.005464344318739746,-0.010664344318739746,2.2,0.0044,-0.023461557501227442
PARTI/USDT:USDT,LONG,2025-09-01T01:50:00+00:00,2025-09-01T02:50:00+00:00,0.187,0.1848437211510857,0.19618415065278313,0.1848437211510857,SL,-0.01153090293537065,-0.016730902935370648,2.2,0.0044,-0.036807986457815425
PLAYSOUT/USDT:USDT,LONG,2025-09-01T02:00:00+00:00,2025-09-01T03:05:00+00:00,0.05441,0.0535346916408387,0.05813816523346481,0.0535346916408387,SL,-0.01608726997172033,-0.021287269971720334,2.2,0.0044,-0.04683199393778474
ZRX/USDT:USDT,LONG,2025-09-01T02:10:00+00:00,2025-09-01T03:55:00+00:00,0.2726,0.27044126677208424,0.28179460448927085,0.27044126677208424,SL,-0.007919050726029954,-0.013119050726029953,2.2,0.0044,-0.0288619115972659
IP/USDC:USDC,LONG,2025-09-01T03:05:00+00:00,2025-09-01T04:00:00+00:00,7.9633,7.89841228806529,8.239673587870062,7.89841228806529,SL,-0.00814834452233496,-0.01334834452233496,2.2,0.0044,-0.029366357949136914
ALPINE/USDT:USDT,LONG,2025-09-01T04:00:00+00:00,2025-09-01T04:05:00+00:00,1.878,1.8692859337584988,1.9151154673249118,1.8692859337584988,SL,-0.004640077870873835,-0.009840077870873836,2.2,0.0044,-0.021648171315922442
PARTI/USDT:USDT,LONG,2025-09-01T03:55:00+00:00,2025-09-01T04:35:00+00:00,0.1881,0.18633245025422382,0.1956284526208985,0.18633245025422382,SL,-0.00939686201901207,-0.01459686201901207,2.2,0.0044,-0.032113096441826555
ALPINE/USDT:USDT,LONG,2025-09-01T04:05:00+00:00,2025-09-01T04:40:00+00:00,1.858,1.8479180813471776,1.9009415053731327,1.8479180813471776,SL,-0.005426221018741919,-0.01062622101874192,2.2,0.0044,-0.023377686241232223
PARTI/USDT:USDT,LONG,2025-09-01T04:40:00+00:00,2025-09-01T05:05:00+00:00,0.1856,0.18396700169669283,0.19255536314371566,0.18396700169669283,SL,-0.008798482237646304,-0.013998482237646303,2.2,0.0044,-0.03079666092282187
JOE/USDT:USDT,LONG,2025-09-01T00:15:00+00:00,2025-09-01T05:15:00+00:00,0.18313,0.1809358021644203,0.19247565744783945,0.1809358021644203,SL,-0.011981640559054757,-0.01718164055905476,2.2,0.0044,-0.03779960922992047
MERL/USDT:USDT,LONG,2025-09-01T05:15:00+00:00,2025-09-01T05:55:00+00:00,0.12189,0.12073110180011047,0.1268260478884184,0.12073110180011047,SL,-0.009507738123632184,-0.014707738123632184,2.2,0.0044,-0.032357023871990805
IP/USDC:USDC,LONG,2025-09-01T05:05:00+00:00,2025-09-01T06:10:00+00:00,7.9625,7.906945743515647,8.199119981322246,7.906945743515647,SL,-0.0069769866856331094,-0.01217698668563311,2.2,0.0044,-0.026789370708392844
IP/USDT:USDT,LONG,2025-09-01T01:00:00+00:00,2025-09-01T06:15:00+00:00,7.90977,7.832186372485352,8.240218783858685,7.832186372485352,SL,-0.009808581983375999,-0.015008581983375999,2.2,0.0044,-0.0330188803634272
OG/USDT:USDT,LONG,2025-09-01T06:15:00+00:00,2025-09-01T06:20:00+00:00,13.218,13.152648449960346,13.496349194613344,13.152648449960346,SL,-0.004944133003453959,-0.010144133003453959,2.2,0.0044,-0.02231709260759871
1000CHEEMS/USDT:USDT,LONG,2025-09-01T06:20:00+00:00,2025-09-01T06:25:00+00:00,0.001154,0.001150190360291177,0.0011702262432042468,0.001150190360291177,SL,-0.0033012475813024612,-0.008501247581302461,2.2,0.0044,-0.018702744678865416
TA/USDT:USDT,LONG,2025-09-01T00:35:00+00:00,2025-09-01T06:35:00+00:00,0.12004,0.11701543121257403,0.13292242261311055,0.11701543121257403,SL,-0.025196341114844745,-0.030396341114844745,2.2,0.0044,-0.06687195045265844
MERL/USDT:USDT,LONG,2025-09-01T06:10:00+00:00,2025-09-01T06:40:00+00:00,0.12224,0.12071096006441896,0.1287525775034007,0.12071096006441896,SL,-0.012508507326415568,-0.017708507326415567,2.2,0.0044,-0.03895871611811425
1000CHEEMS/USDT:USDT,LONG,2025-09-01T06:35:00+00:00,2025-09-01T06:55:00+00:00,0.0011454,0.0011411369932797797,0.0011635572508453826,0.0011411369932797797,SL,-0.003721849764466833,-0.008921849764466833,2.2,0.0044,-0.019628069481827035
XAUT/USDT:USDT,LONG,2025-09-01T06:40:00+00:00,2025-09-01T06:55:00+00:00,3498.4,3495.3439092446984,3511.416682846655,3495.3439092446984,SL,-0.0008735681326611419,-0.006073568132661142,2.2,0.0044,-0.013361849891854514
ASR/USDT:USDT,LONG,2025-09-01T06:55:00+00:00,2025-09-01T07:00:00+00:00,2.567,2.544470219079317,2.662960177995503,2.544470219079317,SL,-0.008776696891578983,-0.013976696891578983,2.2,0.0044,-0.030748733161473765
IDOL/USDT:USDT,LONG,2025-09-01T06:25:00+00:00,2025-09-01T07:10:00+00:00,0.01615,0.016050492267155565,0.01657382923248556,0.016050492267155565,SL,-0.006161469525971306,-0.011361469525971305,2.2,0.0044,-0.024995232957136872
REX/USDT:USDT,LONG,2025-09-01T06:55:00+00:00,2025-09-01T07:20:00+00:00,0.0528,0.054328710542849816,0.054328710542849816,0.05244108535080917,TP,0.028952851190337428,0.023752851190337425,2.2,0.0044,0.05225627261874234
ALCH/USDT:USDT,LONG,2025-09-01T07:10:00+00:00,2025-09-01T07:20:00+00:00,0.09211,0.09177790561004381,0.09352447610536894,0.09177790561004381,SL,-0.0036054108126824824,-0.008805410812682483,2.2,0.0044,-0.019371903787901466
ZRX/USDT:USDT,LONG,2025-09-01T04:35:00+00:00,2025-09-01T07:30:00+00:00,0.2737,0.2706765671250712,0.2865775844672893,0.2706765671250712,SL,-0.011046521282165834,-0.016246521282165832,2.2,0.0044,-0.03574234682076483
REX/USDT:USDT,LONG,2025-09-01T07:20:00+00:00,2025-09-01T07:35:00+00:00,0.05447,0.056361116401622724,0.056361116401622724,0.05402599875787988,TP,0.03471849461396597,0.029518494613965968,2.2,0.0044,0.06494068815072514
GORK/USDT:USDT,LONG,2025-09-01T05:55:00+00:00,2025-09-01T07:50:00+00:00,0.00893,0.009118427814782308,0.009118427814782308,0.00888576042609459,TP,0.02110053916935132,0.015900539169351316,2.2,0.0044,0.0349811861725729
REX/USDT:USDT,LONG,2025-09-01T07:35:00+00:00,2025-09-01T07:50:00+00:00,0.05686,0.059579152599987285,0.059579152599987285,0.05622159025913342,TP,0.04782188884958291,0.04262188884958291,2.2,0.0044,0.0937681554690824
SOON/USDT:USDT,LONG,2025-09-01T07:00:00+00:00,2025-09-01T08:40:00+00:00,0.25463,0.26022297408624323,0.26022297408624323,0.2533168669536647,TP,0.02196510264400584,0.01676510264400584,2.2,0.0044,0.036883225816812845
SERAPH/USDT:USDT,LONG,2025-09-01T07:50:00+00:00,2025-09-01T08:45:00+00:00,0.20657,0.2016462248740105,0.22754163479588121,0.2016462248740105,SL,-0.023835867386307382,-0.029035867386307382,2.2,0.0044,-0.06387890824987624
REX/USDT:USDT,LONG,2025-09-01T07:50:00+00:00,2025-09-01T08:50:00+00:00,0.05978,0.058884969314619576,0.06359216773402772,0.058884969314619576,SL,-0.014972075700575845,-0.020172075700575845,2.2,0.0044,-0.044378566541266866
REX/USDT:USDT,LONG,2025-09-01T08:50:00+00:00,2025-09-01T09:10:00+00:00,0.05887,0.05751027372381511,0.06466142673189858,0.05751027372381511,SL,-0.023097099986154,-0.028297099986154005,2.2,0.0044,-0.06225361996953881
PUMP/USDT:USDT,LONG,2025-09-01T08:40:00+00:00,2025-09-01T10:00:00+00:00,0.003585,0.0035519193166541315,0.003725899206843515,0.0035519193166541315,SL,-0.009227526735249262,-0.014427526735249262,2.2,0.0044,-0.03174055881754838
1000CHEEMS/USDT:USDT,LONG,2025-09-01T07:20:00+00:00,2025-09-01T10:20:00+00:00,0.0011491,0.0011447570521111255,0.0011675977410081685,0.0011447570521111255,SL,-0.0037794342432115927,-0.008979434243211593,2.2,0.0044,-0.019754755335065505
REX/USDT:USDT,LONG,2025-09-01T09:10:00+00:00,2025-09-01T10:25:00+00:00,0.05699,0.055709453171227705,0.06244418093736348,0.055709453171227705,SL,-0.02246967588651157,-0.02766967588651157,2.2,0.0044,-0.06087328695032546
FIL/USDT:USDT,LONG,2025-09-01T08:45:00+00:00,2025-09-01T10:30:00+00:00,2.434,2.4059392001089286,2.553518221758268,2.4059392001089286,SL,-0.011528677030021188,-0.016728677030021188,2.2,0.0044,-0.036803089466046615
ADA/USDT:USDT,LONG,2025-09-01T07:30:00+00:00,2025-09-01T10:35:00+00:00,0.83368,0.8275246019327634,0.8598974362123039,0.8275246019327634,SL,-0.00738340618371141,-0.01258340618371141,2.2,0.0044,-0.027683493604165107
SPK/USDT:USDT,LONG,2025-09-01T10:25:00+00:00,2025-09-01T10:35:00+00:00,0.06247,0.061821721026286254,0.06523118822137335,0.061821721026286254,SL,-0.010377444752901293,-0.015577444752901293,2.2,0.0044,-0.034270378456382845
FIL/USDC:USDC,LONG,2025-09-01T10:20:00+00:00,2025-09-01T10:45:00+00:00,2.42,2.3947435855405534,2.5275736171420866,2.3947435855405534,SL,-0.010436534900597722,-0.015636534900597722,2.2,0.0044,-0.03440037678131499
SPK/USDT:USDT,LONG,2025-09-01T10:35:00+00:00,2025-09-01T10:45:00+00:00,0.06122,0.06040871251756315,0.06467548372149028,0.06040871251756315,SL,-0.013252000693186022,-0.018452000693186026,2.2,0.0044,-0.04059440152500926
REX/USDT:USDT,LONG,2025-09-01T10:30:00+00:00,2025-09-01T10:50:00+00:00,0.05529,0.05435730782742119,0.05926257777209494,0.05435730782742119,SL,-0.016869093372740302,-0.022069093372740302,2.2,0.0044,-0.04855200542002867
AVAAI/USDT:USDT,LONG,2025-09-01T10:00:00+00:00,2025-09-01T11:00:00+00:00,0.02761,0.02719741798191059,0.02936729378075119,0.02719741798191059,SL,-0.014943209637428833,-0.020143209637428834,2.2,0.0044,-0.044315061202343436
ESPORTS/USDT:USDT,LONG,2025-09-01T10:45:00+00:00,2025-09-01T11:05:00+00:00,0.1076,0.10614201040760039,0.11380995567133168,0.10614201040760039,SL,-0.013550089148695245,-0.018750089148695248,2.2,0.0044,-0.041250196127129546
B2/USDT:USDT,LONG,2025-09-01T11:05:00+00:00,2025-09-01T11:25:00+00:00,0.3896,0.3862486710223794,0.4038741789787542,0.3862486710223794,SL,-0.00860197376185981,-0.01380197376185981,2.2,0.0044,-0.030364342276091586
FIS/USDT:USDT,LONG,2025-09-01T02:50:00+00:00,2025-09-01T11:40:00+00:00,0.12021,0.1193378472256801,0.1239247247795107,0.1193378472256801,SL,-0.0072552431105557015,-0.012455243110555701,2.2,0.0044,-0.027401534843222546
FIL/USDT:USDT,LONG,2025-09-01T10:35:00+00:00,2025-09-01T11:40:00+00:00,2.4,2.377544433475931,2.495644079639553,2.377544433475931,SL,-0.009356486051695367,-0.014556486051695367,2.2,0.0044,-0.03202426931372981
SPK/USDT:USDT,LONG,2025-09-01T11:40:00+00:00,2025-09-01T12:00:00+00:00,0.05993,0.059180671426900436,0.06312158466320184,0.059180671426900436,SL,-0.012503396847982002,-0.017703396847982,2.2,0.0044,-0.0389474730655604
IDOL/USDT:USDT,LONG,2025-09-01T10:50:00+00:00,2025-09-01T12:10:00+00:00,0.01682,0.016697776897182284,0.017340579882371768,0.016697776897182284,SL,-0.007266534055750137,-0.012466534055750137,2.2,0.0044,-0.027426374922650303
FUEL/USDT:USDT,LONG,2025-09-01T11:25:00+00:00,2025-09-01T12:10:00+00:00,0.00642,0.006772479631106691,0.006772479631106691,0.00633724391269669,TP,0.0549033693312602,0.0497033693312602,2.2,0.0044,0.10934741252877245
M/USDT:USDT,LONG,2025-09-01T12:10:00+00:00,2025-09-01T12:20:00+00:00,0.7129,0.7031697837635879,0.7543435135995331,0.7031697837635879,SL,-0.013648781366828623,-0.018848781366828625,2.2,0.0044,-0.041467319007022975
FIL/USDC:USDC,LONG,2025-09-01T10:45:00+00:00,2025-09-01T12:40:00+00:00,2.39,2.3668337103329504,2.488671233767063,2.3668337103329504,SL,-0.009693008228891088,-0.014893008228891088,2.2,0.0044,-0.0327646181035604
FIL/USDT:USDT,LONG,2025-09-01T12:00:00+00:00,2025-09-01T12:40:00+00:00,2.391,2.373349944680413,2.4661761615463895,2.373349944680413,SL,-0.007381871735502658,-0.012581871735502658,2.2,0.0044,-0.02768011781810585
FUEL/USDT:USDT,LONG,2025-09-01T12:10:00+00:00,2025-09-01T13:05:00+00:00,0.00686,0.006731655231327649,0.007406653644345194,0.006731655231327649,SL,-0.018709149952237675,-0.023909149952237675,2.2,0.0044,-0.05260012989492289
M/USDT:USDT,LONG,2025-09-01T12:20:00+00:00,2025-09-01T13:05:00+00:00,0.7031,0.6927017013063589,0.7473890499914341,0.6927017013063589,SL,-0.014789217314238462,-0.019989217314238465,2.2,0.0044,-0.04397627809132463
FIL/USDC:USDC,LONG,2025-09-01T12:40:00+00:00,2025-09-01T13:05:00+00:00,2.359,2.3429492566609773,2.4273642771847257,2.3429492566609773,SL,-0.006804045501917201,-0.012004045501917202,2.2,0.0044,-0.026408900104217845
M/USDT:USDT,LONG,2025-09-01T13:05:00+00:00,2025-09-01T13:30:00+00:00,0.6749,0.7302173701894586,0.7302173701894586,0.6619124435207359,TP,0.08196380232546835,0.07676380232546835,2.2,0.0044,0.16888036511603038
OG/USDT:USDT,LONG,2025-09-01T13:05:00+00:00,2025-09-01T13:45:00+00:00,13.789,13.675578257451075,14.272092607152825,13.675578257451075,SL,-0.00822552342801685,-0.01342552342801685,2.2,0.0044,-0.029536151541637072
HOME/USDT:USDT,LONG,2025-09-01T12:40:00+00:00,2025-09-01T13:50:00+00:00,0.03682,0.03659281786737508,0.03778762760192095,0.03659281786737508,SL,-0.0061700742157772236,-0.011370074215777223,2.2,0.0044,-0.025014163274709893
SYRUP/USDT:USDT,LONG,2025-09-01T13:45:00+00:00,2025-09-01T13:50:00+00:00,0.47969,0.4755487043112053,0.4973288520078294,0.4755487043112053,SL,-0.008633275008431971,-0.013833275008431971,2.2,0.0044,-0.03043320501855034
FUEL/USDT:USDT,LONG,2025-09-01T13:05:00+00:00,2025-09-01T14:15:00+00:00,0.00664,0.006479687457882055,0.00732281267939125,0.006479687457882055,SL,-0.02414345513824477,-0.029343455138244774,2.2,0.0044,-0.06455560130413851
M/USDT:USDT,LONG,2025-09-01T13:30:00+00:00,2025-09-01T15:10:00+00:00,0.7666,0.7492036478702039,0.8406955738861683,0.7492036478702039,SL,-0.022692867375157928,-0.027892867375157927,2.2,0.0044,-0.06136430822534745
AVAAI/USDT:USDT,LONG,2025-09-01T11:00:00+00:00,2025-09-01T16:00:00+00:00,0.02706,0.02658720020549532,0.02907377690251994,0.02658720020549532,SL,-0.017472276219685154,-0.022672276219685157,2.2,0.0044,-0.04987900768330735
IDOL/USDT:USDT,LONG,2025-09-01T13:50:00+00:00,2025-09-01T16:15:00+00:00,0.0166,0.016466592247768242,0.01716821820395008,0.016466592247768242,SL,-0.008036611580226392,-0.013236611580226392,2.2,0.0044,-0.029120545476498064
MAV/USDT:USDT,LONG,2025-09-01T16:00:00+00:00,2025-09-01T17:55:00+00:00,0.07539,0.07439086901873225,0.07964555788317747,0.07439086901873225,SL,-0.01325283169210437,-0.01845283169210437,2.2,0.0044,-0.04059622972262961
GOR/USDT:USDT,LONG,2025-09-01T16:15:00+00:00,2025-09-01T18:00:00+00:00,0.00954,0.009984852902147748,0.009984852902147748,0.00943555627514792,TP,0.04663028324399873,0.04143028324399873,2.2,0.0044,0.09114662313679721
ESPORTS/USDT:USDT,LONG,2025-09-01T11:40:00+00:00,2025-09-01T19:00:00+00:00,0.10667,0.11292118002368041,0.11292118002368041,0.10520233164661416,TP,0.05860298137883579,0.053402981378835784,2.2,0.0044,0.11748655903343873
FUEL/USDT:USDT,LONG,2025-09-01T14:15:00+00:00,2025-09-01T20:40:00+00:00,0.00638,0.006128082809944684,0.007452980624309679,0.006128082809944684,SL,-0.03948545298672665,-0.04468545298672665,2.2,0.0044,-0.09830799657079864
GOR/USDT:USDT,LONG,2025-09-01T18:00:00+00:00,2025-09-01T20:40:00+00:00,0.01,0.00989794564789885,0.010434675944134535,0.00989794564789885,SL,-0.010205435210115105,-0.015405435210115104,2.2,0.0044,-0.03389195746225323
GOR/USDT:USDT,LONG,2025-09-01T20:40:00+00:00,2025-09-01T21:00:00+00:00,0.00989,0.00980751101527988,0.010241341971956067,0.00980751101527988,SL,-0.008340645573318508,-0.013540645573318508,2.2,0.0044,-0.029789420261300718
MAV/USDT:USDT,LONG,2025-09-01T21:00:00+00:00,2025-09-01T21:15:00+00:00,0.07499,0.07419993383087405,0.07835509664627721,0.07419993383087405,SL,-0.010535620337724434,-0.015735620337724434,2.2,0.0044,-0.034618364742993755
ESPORTS/USDT:USDT,LONG,2025-09-01T19:00:00+00:00,2025-09-01T22:00:00+00:00,0.11313,0.11194554162974718,0.11817491528070645,0.11194554162974718,SL,-0.010469887476821479,-0.01566988747682148,2.2,0.0044,-0.03447375244900726
SPK/USDT:USDT,LONG,2025-09-01T21:15:00+00:00,2025-09-01T22:10:00+00:00,0.05939,0.05880635263308779,0.06187590545166312,0.05880635263308779,SL,-0.009827367686684772,-0.015027367686684771,2.2,0.0044,-0.0330602089107065
A2Z/USDT:USDT,LONG,2025-09-01T22:00:00+00:00,2025-09-01T23:35:00+00:00,0.005649,0.006000334691799041,0.006000334691799041,0.0055665127245341384,TP,0.06219413910409644,0.05699413910409644,2.2,0.0044,0.12538710602901218
A2Z/USDT:USDT,LONG,2025-09-01T23:35:00+00:00,2025-09-01T23:45:00+00:00,0.006068,0.00596461892657209,0.006508326794229982,0.00596461892657209,SL,-0.01703709186353151,-0.02223709186353151,2.2,0.0044,-0.048921602099769326
ESPORTS/USDT:USDT,LONG,2025-09-01T23:45:00+00:00,2025-09-01T23:50:00+00:00,0.124,0.12167553255142029,0.13390050950320986,0.12167553255142029,SL,-0.018745705230481545,-0.023945705230481548,2.2,0.0044,-0.05268055150705941
ESPORTS/USDT:USDT,LONG,2025-09-01T23:50:00+00:00,2025-09-01T23:55:00+00:00,0.12073,0.11826685165489027,0.13122118739583774,0.11826685165489027,SL,-0.0204021232925514,-0.025602123292551404,2.2,0.0044,-0.056324671243613095
MAV/USDT:USDT,LONG,2025-09-01T22:10:00+00:00,2025-09-02T00:35:00+00:00,0.07492,0.0781855738001528,0.0781855738001528,0.07415330006431195,TP,0.043587477311169236,0.03838747731116923,2.2,0.0044,0.08445245008457232
VELVET/USDT:USDT,LONG,2025-09-01T20:40:00+00:00,2025-09-02T01:50:00+00:00,0.06644,0.06978779799198945,0.06978779799198945,0.06565399525405465,TP,0.050388290066066356,0.04518829006606635,2.2,0.0044,0.09941423814534599
LAUNCHCOIN/USDT:USDT,LONG,2025-09-02T01:50:00+00:00,2025-09-02T01:55:00+00:00,0.06188,0.06104629555412914,0.06543096338056106,0.06104629555412914,SL,-0.013472922525385565,-0.018672922525385563,2.2,0.0044,-0.041080429555848244
VELVET/USDT:USDT,LONG,2025-09-02T01:55:00+00:00,2025-09-02T02:05:00+00:00,0.07066,0.06979325731359372,0.07435168181247119,0.06979325731359372,SL,-0.012266383900456874,-0.017466383900456874,2.2,0.0044,-0.038426044581005125
M/USDT:USDT,LONG,2025-09-01T15:10:00+00:00,2025-09-02T02:15:00+00:00,0.7433,0.8729576679667085,0.8729576679667085,0.7128586344773814,TP,0.17443517821432603,0.16923517821432602,2.2,0.0044,0.37231739207151726
M/USDT:USDT,LONG,2025-09-02T02:15:00+00:00,2025-09-02T03:55:00+00:00,0.8884,0.8715405388398942,0.9602088160523022,0.8715405388398942,SL,-0.018977331337354488,-0.024177331337354488,2.2,0.0044,-0.05319012894217988
MAV/USDT:USDT,LONG,2025-09-02T02:05:00+00:00,2025-09-02T04:15:00+00:00,0.07997,0.08396864742720107,0.08396864742720107,0.07903118712578758,TP,0.05000184353133768,0.044801843531337676,2.2,0.0044,0.0985640557689429
AERGO/USDT:USDT,LONG,2025-09-02T03:55:00+00:00,2025-09-02T04:25:00+00:00,0.11653,0.11469468306849682,0.12434709063418016,0.11469468306849682,SL,-0.015749737677020252,-0.020949737677020255,2.2,0.0044,-0.046089422889444565
AERGO/USDT:USDT,LONG,2025-09-02T04:25:00+00:00,2025-09-02T06:00:00+00:00,0.11455,0.11268365758930804,0.12249923619368798,0.11268365758930804,SL,-0.01629281894973339,-0.021492818949733393,2.2,0.0044,-0.04728420168941347
PUMP/USDT:USDT,LONG,2025-09-02T06:00:00+00:00,2025-09-02T07:20:00+00:00,0.003764,0.0037271552804963278,0.003920931212700826,0.0037271552804963278,SL,-0.009788714002038313,-0.014988714002038312,2.2,0.0044,-0.03297517080448429
ESPORTS/USDT:USDT,LONG,2025-09-02T00:35:00+00:00,2025-09-02T08:20:00+00:00,0.11716,0.1142510303110423,0.1295500560825976,0.1142510303110423,SL,-0.02482903455921555,-0.030029034559215552,2.2,0.0044,-0.06606387603027422
FORM/USDT:USDT,LONG,2025-09-01T17:55:00+00:00,2025-09-02T08:30:00+00:00,3.1503,3.2506612740164584,3.2506612740164584,3.1267369182743967,TP,0.031857687844477775,0.026657687844477772,2.2,0.0044,0.058646913257851103
MERL/USDT:USDT,LONG,2025-09-02T08:20:00+00:00,2025-09-02T09:55:00+00:00,0.13058,0.1347107871330042,0.1347107871330042,0.12961016302094686,TP,0.031634148667515606,0.026434148667515603,2.2,0.0044,0.05815512706853433
TA/USDT:USDT,LONG,2025-09-02T09:55:00+00:00,2025-09-02T10:15:00+00:00,0.139,0.1340476800108162,0.16009321476874583,0.1340476800108162,SL,-0.035628201361034534,-0.04082820136103454,2.2,0.0044,-0.08982204299427599
PUMP/USDT:USDT,LONG,2025-09-02T08:30:00+00:00,2025-09-02T10:45:00+00:00,0.003751,0.0037204510279080496,0.0038811159922434914,0.0037204510279080496,SL,-0.00814422076564926,-0.01334422076564926,2.2,0.0044,-0.029357285684428372
HOUSE/USDT:USDT,LONG,2025-09-02T04:15:00+00:00,2025-09-02T11:55:00+00:00,0.01413,0.013960606354494965,0.014851491453077001,0.013960606354494965,SL,-0.011988226858105815,-0.017188226858105816,2.2,0.0044,-0.0378140990878328
HOUSE/USDT:USDT,LONG,2025-09-02T11:55:00+00:00,2025-09-02T12:05:00+00:00,0.01395,0.013848452242452614,0.014382518226590719,0.013848452242452614,SL,-0.0072794091431818185,-0.01247940914318182,2.2,0.0044,-0.027454700115000005
LRC/USDT:USDT,LONG,2025-09-02T12:05:00+00:00,2025-09-02T12:20:00+00:00,0.11095,0.10980212227071409,0.11583910884695846,0.10980212227071409,SL,-0.010345901120197397,-0.015545901120197396,2.2,0.0044,-0.034200982464434274
IDOL/USDT:USDT,LONG,2025-09-02T07:20:00+00:00,2025-09-02T12:50:00+00:00,0.0187,0.018467065451238218,0.019692128633614997,0.018467065451238218,SL,-0.012456392981913537,-0.017656392981913537,2.2,0.0044,-0.038844064560209786
MERL/USDT:USDT,LONG,2025-09-02T10:15:00+00:00,2025-09-02T12:50:00+00:00,0.13755,0.1357959787776278,0.14502083113232597,0.1357959787776278,SL,-0.012751880933276616,-0.01795188093327662,2.2,0.0044,-0.03949413805320857
TA/USDT:USDT,LONG,2025-09-02T10:45:00+00:00,2025-09-02T12:55:00+00:00,0.15622,0.18421081859814475,0.18421081859814475,0.14964824259000079,TP,0.17917564075115067,0.17397564075115066,2.2,0.0044,0.3827464096525315
GORK/USDT:USDT,LONG,2025-09-02T12:20:00+00:00,2025-09-02T13:10:00+00:00,0.00952,0.009844898624732581,0.009844898624732581,0.009443719453323656,TP,0.0341280067996408,0.028928006799640797,2.2,0.0044,0.06364161495920975
MERL/USDT:USDT,LONG,2025-09-02T12:50:00+00:00,2025-09-02T13:10:00+00:00,0.13559,0.13368886003893474,0.14368744798231495,0.13368886003893474,SL,-0.01402124021731139,-0.01922124021731139,2.2,0.0044,-0.04228672847808507
A2Z/USDT:USDT,LONG,2025-09-01T23:55:00+00:00,2025-09-02T13:25:00+00:00,0.005945,0.0063921324023844895,0.0063921324023844895,0.005840021088135815,TP,0.07521150586787043,0.07001150586787043,2.2,0.0044,0.15402531290931495
RLC/USDT:USDT,LONG,2025-09-02T13:25:00+00:00,2025-09-02T13:45:00+00:00,1.2821,1.2687536525905836,1.3389455537808475,1.2687536525905836,SL,-0.010409755408639284,-0.015609755408639283,2.2,0.0044,-0.03434146189900643
GORK/USDT:USDT,LONG,2025-09-02T13:10:00+00:00,2025-09-02T14:20:00+00:00,0.00998,0.010469873559198834,0.010469873559198834,0.009864986207840272,TP,0.04908552697383115,0.04388552697383115,2.2,0.0044,0.09654815934242854
REX/USDT:USDT,LONG,2025-09-02T13:45:00+00:00,2025-09-02T14:30:00+00:00,0.04911,0.048602486712942414,0.05127163066709713,0.048602486712942414,SL,-0.010334214763950054,-0.015534214763950054,2.2,0.0044,-0.03417527248069012
TA/USDT:USDT,LONG,2025-09-02T12:55:00+00:00,2025-09-02T14:35:00+00:00,0.19541,0.2292203297091174,0.2292203297091174,0.1874719225900333,TP,0.1730225152710578,0.1678225152710578,2.2,0.0044,0.3692095335963272
TA/USDT:USDT,LONG,2025-09-02T14:35:00+00:00,2025-09-02T14:45:00+00:00,0.24494,0.28431034733567456,0.28431034733567456,0.2356965271472764,TP,0.1607346588375707,0.1555346588375707,2.2,0.0044,0.34217624944265557
MERL/USDT:USDT,LONG,2025-09-02T13:10:00+00:00,2025-09-02T14:55:00+00:00,0.13363,0.141431338291933,0.141431338291933,0.13179838144450268,TP,0.05838014137493824,0.05318014137493823,2.2,0.0044,0.11699631102486412
TA/USDT:USDT,LONG,2025-09-02T14:45:00+00:00,2025-09-02T15:00:00+00:00,0.29524,0.3634930239782092,0.3634930239782092,0.27921537697902915,TP,0.2311781058738965,0.2259781058738965,2.2,0.0044,0.4971518329225723
TA/USDT:USDT,LONG,2025-09-02T15:00:00+00:00,2025-09-02T15:05:00+00:00,0.36669,0.34154227566433204,0.4738006777259933,0.34154227566433204,SL,-0.06858033853027891,-0.0737803385302789,2.2,0.0044,-0.1623167447666136
MERL/USDT:USDT,LONG,2025-09-02T14:55:00+00:00,2025-09-02T15:10:00+00:00,0.14149,0.13991507046759508,0.14819803319357655,0.13991507046759508,SL,-0.011131030690542994,-0.016331030690542994,2.2,0.0044,-0.03592826751919459
TA/USDT:USDT,LONG,2025-09-02T15:05:00+00:00,2025-09-02T15:10:00+00:00,0.29188,0.2619050559740225,0.4195510578884223,0.2619050559740225,SL,-0.10269612178284723,-0.10789612178284723,2.2,0.0044,-0.23737146792226393
GORK/USDT:USDT,LONG,2025-09-02T14:20:00+00:00,2025-09-02T15:15:00+00:00,0.01048,0.011186301905182331,0.011186301905182331,0.010314172596174584,TP,0.06739521996014612,0.062195219960146125,2.2,0.0044,0.1368294839123215
ICNT/USDT:USDT,LONG,2025-09-02T14:30:00+00:00,2025-09-02T15:15:00+00:00,0.2843,0.28134585789938565,0.29688245709520933,0.28134585789938565,SL,-0.010390932467866138,-0.015590932467866138,2.2,0.0044,-0.034300051429305506
GORK/USDT:USDT,LONG,2025-09-02T15:15:00+00:00,2025-09-02T15:20:00+00:00,0.01123,0.010965314032428808,0.012357366158173599,0.010965314032428808,SL,-0.023569542971611058,-0.028769542971611058,2.2,0.0044,-0.06329299453754433
TA/USDT:USDT,LONG,2025-09-02T15:10:00+00:00,2025-09-02T15:25:00+00:00,0.25455,0.22261829483302098,0.3905554108963921,0.22261829483302098,SL,-0.12544374451769405,-0.13064374451769406,2.2,0.0044,-0.28741623793892696
GORK/USDT:USDT,LONG,2025-09-02T15:20:00+00:00,2025-09-02T15:40:00+00:00,0.01032,0.00996930588725532,0.011813697146875484,0.00996930588725532,SL,-0.033981987669058,-0.039181987669058005,2.2,0.0044,-0.08620037287192762
TA/USDT:USDT,LONG,2025-09-02T15:25:00+00:00,2025-09-02T15:40:00+00:00,0.22166,0.18940849334845009,0.3590275283306755,0.18940849334845009,SL,-0.14549989466547825,-0.15069989466547826,2.2,0.0044,-0.3315397682640522
ICNT/USDT:USDT,LONG,2025-09-02T15:15:00+00:00,2025-09-02T16:00:00+00:00,0.281,0.27755910352308094,0.2956556701794702,0.27755910352308094,SL,-0.012245183191882869,-0.017445183191882867,2.2,0.0044,-0.03837940302214231
MERL/USDT:USDT,LONG,2025-09-02T15:10:00+00:00,2025-09-02T16:05:00+00:00,0.13965,0.13795644862146733,0.1468632743900465,0.13795644862146733,SL,-0.012127113344308379,-0.01732711334430838,2.2,0.0044,-0.038119649357478434
MKR/USDT:USDT,LONG,2025-09-02T16:00:00+00:00,2025-09-02T17:25:00+00:00,1759.3,1818.8769975964847,1818.8769975964847,1745.3123570860428,TP,0.03386403546665419,0.028664035466654185,2.2,0.0044,0.0630608780266392
MERL/USDT:USDT,LONG,2025-09-02T16:05:00+00:00,2025-09-02T17:25:00+00:00,0.13684,0.14569226201921937,0.14569226201921937,0.13476164283027023,TP,0.06469060230356165,0.059490602303561645,2.2,0.0044,0.13087932506783562
TA/USDT:USDT,LONG,2025-09-02T15:40:00+00:00,2025-09-02T17:45:00+00:00,0.18834,0.15726328100821607,0.32070380311315383,0.15726328100821607,SL,-0.16500328656569999,-0.1702032865657,2.2,0.0044,-0.37444723044454004
MKR/USDT:USDT,LONG,2025-09-02T17:25:00+00:00,2025-09-02T17:50:00+00:00,1829.8,1815.8110724484304,1889.3824692011297,1815.8110724484304,SL,-0.007645058231265456,-0.012845058231265456,2.2,0.0044,-0.028259128108784004
MERL/USDT:USDT,LONG,2025-09-02T17:25:00+00:00,2025-09-02T19:15:00+00:00,0.1459,0.15323646778263048,0.15323646778263048,0.1441775249553824,TP,0.050284220580058075,0.04508422058005807,2.2,0.0044,0.09918528527612777
MERL/USDT:USDT,LONG,2025-09-02T19:15:00+00:00,2025-09-02T19:25:00+00:00,0.15332,0.15106471705964666,0.16292583474594946,0.15106471705964666,SL,-0.014709646101965483,-0.01990964610196548,2.2,0.0044,-0.04380122142432406
FLOCK/USDT:USDT,LONG,2025-09-02T17:50:00+00:00,2025-09-02T19:35:00+00:00,0.25465,0.2519258128902901,0.26625301917098654,0.2519258128902901,SL,-0.010697769918358127,-0.015897769918358125,2.2,0.0044,-0.034975093820387874
MERL/USDT:USDT,LONG,2025-09-02T19:25:00+00:00,2025-09-02T21:30:00+00:00,0.15084,0.16055116363298702,0.16055116363298702,0.14855998766877695,TP,0.0643805597519691,0.0591805597519691,2.2,0.0044,0.13019723145433204
MERL/USDT:USDT,LONG,2025-09-02T21:30:00+00:00,2025-09-02T21:40:00+00:00,0.16287,0.16042391379752713,0.17328851530682884,0.16042391379752713,SL,-0.015018641876790435,-0.020218641876790434,2.2,0.0044,-0.04448101212893896
MERL/USDT:USDT,LONG,2025-09-02T21:40:00+00:00,2025-09-02T22:00:00+00:00,0.15993,0.17118773003496976,0.17118773003496976,0.1572868807743984,TP,0.07039160904751936,0.06519160904751936,2.2,0.0044,0.1434215399045426
SWARMS/USDT:USDT,LONG,2025-09-02T19:35:00+00:00,2025-09-02T22:10:00+00:00,0.01954,0.020256572448853916,0.020256572448853916,0.019371761251138642,TP,0.036672080289350976,0.03147208028935097,2.2,0.0044,0.06923857663657215
MERL/USDT:USDT,LONG,2025-09-02T22:00:00+00:00,2025-09-02T22:10:00+00:00,0.17201,0.16886710309760497,0.18539641273242324,0.16886710309760497,SL,-0.018271594107290425,-0.023471594107290425,2.2,0.0044,-0.05163750703603894
FLOCK/USDT:USDT,LONG,2025-09-02T22:10:00+00:00,2025-09-02T22:20:00+00:00,0.27433,0.27094324938618025,0.2887550489107139,0.27094324938618025,SL,-0.01234553499004763,-0.01754553499004763,2.2,0.0044,-0.038600176978104785
MERL/USDT:USDT,LONG,2025-09-02T22:10:00+00:00,2025-09-02T22:40:00+00:00,0.16625,0.16271622256885326,0.18130127424377313,0.16271622256885326,SL,-0.021255804097123278,-0.02645580409712328,2.2,0.0044,-0.058202769013671225
MERL/USDT:USDT,LONG,2025-09-02T22:40:00+00:00,2025-09-02T23:55:00+00:00,0.16209,0.15842106752205504,0.17771693462828417,0.15842106752205504,SL,-0.022635156258529056,-0.02783515625852906,2.2,0.0044,-0.061237343768763934
MERL/USDT:USDT,LONG,2025-09-02T23:55:00+00:00,2025-09-03T00:05:00+00:00,0.1578,0.1549498452396993,0.16993954805313266,0.1549498452396993,SL,-0.01806181723891448,-0.023261817238914483,2.2,0.0044,-0.051175997925611866
FLOCK/USDT:USDT,LONG,2025-09-02T22:20:00+00:00,2025-09-03T00:10:00+00:00,0.27069,0.2673986793176758,0.28470858809138083,0.2673986793176758,SL,-0.012159003592021071,-0.01735900359202107,2.2,0.0044,-0.03818980790244635
TA/USDT:USDT,LONG,2025-09-02T17:45:00+00:00,2025-09-03T03:10:00+00:00,0.15219,0.13720620946819578,0.21600984856138827,0.13720620946819578,SL,-0.09845450116173342,-0.10365450116173341,2.2,0.0044,-0.22803990255581352
FLOCK/USDT:USDT,LONG,2025-09-03T00:10:00+00:00,2025-09-03T03:45:00+00:00,0.26661,0.2782052681050394,0.2782052681050394,0.26388763270577337,TP,0.04349149733708193,0.038291497337081926,2.2,0.0044,0.08424129414158024
AIOT/USDT:USDT,LONG,2025-09-03T03:10:00+00:00,2025-09-03T04:55:00+00:00,1.50687,1.5778067010675179,1.5778067010675179,1.4902152962711044,TP,0.047075528126193984,0.04187552812619398,2.2,0.0044,0.09212616187762676
IDOL/USDT:USDT,LONG,2025-09-03T03:45:00+00:00,2025-09-03T05:55:00+00:00,0.02096,0.02183183726619277,0.02183183726619277,0.020755307772285174,TP,0.04159528941759397,0.036395289417593964,2.2,0.0044,0.08006963671870673
FLOCK/USDT:USDT,LONG,2025-09-03T05:55:00+00:00,2025-09-03T06:25:00+00:00,0.29236,0.28785903072759167,0.3115307950491467,0.28785903072759167,SL,-0.01539529782599651,-0.020595297825996513,2.2,0.0044,-0.04530965521719233
IDOL/USDT:USDT,LONG,2025-09-03T06:25:00+00:00,2025-09-03T06:35:00+00:00,0.02205,0.021756281231444352,0.02330102438458887,0.021756281231444352,SL,-0.013320579072818505,-0.018520579072818504,2.2,0.0044,-0.04074527396020071
AIOT/USDT:USDT,LONG,2025-09-03T04:55:00+00:00,2025-09-03T06:40:00+00:00,1.57857,1.636479413448346,1.636479413448346,1.5649738768425623,TP,0.03668472950096986,0.03148472950096986,2.2,0.0044,0.06926640490213369
MERL/USDT:USDT,LONG,2025-09-03T00:05:00+00:00,2025-09-03T06:50:00+00:00,0.15463,0.1668471409233644,0.1668471409233644,0.1517616277832101,TP,0.0790088658304624,0.07380886583046241,2.2,0.0044,0.16237950482701732
MERL/USDT:USDT,LONG,2025-09-03T06:50:00+00:00,2025-09-03T07:05:00+00:00,0.16712,0.1650142521942267,0.17608892583940475,0.1650142521942267,SL,-0.012600214251874704,-0.017800214251874703,2.2,0.0044,-0.03916047135412435
AIOT/USDT:USDT,LONG,2025-09-03T06:40:00+00:00,2025-09-03T07:10:00+00:00,1.63663,1.6203081829000299,1.7061488506109836,1.6203081829000299,SL,-0.009972820429767363,-0.015172820429767362,2.2,0.0044,-0.0333802049454882
FLOCK/USDT:USDT,LONG,2025-09-03T07:05:00+00:00,2025-09-03T07:15:00+00:00,0.28483,0.2814175154231956,0.2993646565308338,0.2814175154231956,SL,-0.011980776522151567,-0.017180776522151567,2.2,0.0044,-0.03779770834873345
AIOT/USDT:USDT,LONG,2025-09-03T07:10:00+00:00,2025-09-03T08:10:00+00:00,1.61494,1.69699150979486,1.69699150979486,1.595675732482946,TP,0.05080777601326364,0.045607776013263636,2.2,0.0044,0.10033710722918
AIOT/USDT:USDT,LONG,2025-09-03T08:10:00+00:00,2025-09-03T08:15:00+00:00,1.71377,1.6893637706575055,1.8177224583106242,1.6893637706575055,SL,-0.01424125135957245,-0.019441251359572448,2.2,0.0044,-0.04277075299105939
IDOL/USDT:USDT,LONG,2025-09-03T06:35:00+00:00,2025-09-03T09:05:00+00:00,0.02165,0.02134946493935763,0.022930056739773056,0.02134946493935763,SL,-0.013881527050455922,-0.019081527050455925,2.2,0.0044,-0.04197935951100304
AIOT/USDT:USDT,LONG,2025-09-03T08:15:00+00:00,2025-09-03T09:05:00+00:00,1.67043,1.6428785298962554,1.7877788541455797,1.6428785298962554,SL,-0.016493639424426464,-0.021693639424426467,2.2,0.0044,-0.04772600673373823
M/USDT:USDT,LONG,2025-09-03T09:05:00+00:00,2025-09-03T11:15:00+00:00,0.9517,1.0429117114963602,1.0429117114963602,0.9302850764312893,TP,0.09584082325980897,0.09064082325980898,2.2,0.0044,0.19940981117157977
M/USDT:USDT,LONG,2025-09-03T11:15:00+00:00,2025-09-03T11:40:00+00:00,1.0655,1.0385982654408452,1.1800814620112146,1.0385982654408452,SL,-0.025247991139516358,-0.030447991139516357,2.2,0.0044,-0.066985580506936
M/USDT:USDT,LONG,2025-09-03T11:40:00+00:00,2025-09-03T11:45:00+00:00,1.0264,0.9928768942150736,1.1691835987135755,0.9928768942150736,SL,-0.03266085910456581,-0.03786085910456581,2.2,0.0044,-0.0832938900300448
BID/USDT:USDT,LONG,2025-09-03T07:15:00+00:00,2025-09-03T16:05:00+00:00,0.0841,0.08761244331801332,0.08761244331801332,0.08327533939490121,TP,0.041765081070313056,0.03656508107031305,2.2,0.0044,0.08044317835468873
TA/USDT:USDT,LONG,2025-09-03T16:05:00+00:00,2025-09-03T16:50:00+00:00,0.19269,0.1841950828516167,0.22887205452089177,0.1841950828516167,SL,-0.044085926350009325,-0.04928592635000933,2.2,0.0044,-0.10842903797002053
TA/USDT:USDT,LONG,2025-09-03T16:50:00+00:00,2025-09-03T20:15:00+00:00,0.1835,0.17304129373448285,0.22804634150127667,0.17304129373448285,SL,-0.0569956744714831,-0.0621956744714831,2.2,0.0044,-0.13683048383726285
IDOL/USDT:USDT,LONG,2025-09-03T20:15:00+00:00,2025-09-03T21:00:00+00:00,0.02796,0.030818775969813982,0.030818775969813982,0.02728880912013063,TP,0.10224520635958453,0.09704520635958454,2.2,0.0044,0.213499453991086
IDOL/USDT:USDT,LONG,2025-09-03T21:00:00+00:00,2025-09-03T21:35:00+00:00,0.03123,0.030304146597292015,0.03517344967820067,0.030304146597292015,SL,-0.02964628250746032,-0.03484628250746032,2.2,0.0044,-0.07666182151641272
IDOL/USDT:USDT,LONG,2025-09-03T21:35:00+00:00,2025-09-03T23:20:00+00:00,0.03018,0.03422224608730604,0.03422224608730604,0.02923095091863249,TP,0.13393790879079007,0.12873790879079006,2.2,0.0044,0.28322339933973817
IDOL/USDT:USDT,LONG,2025-09-03T23:20:00+00:00,2025-09-03T23:40:00+00:00,0.03436,0.03339827133881947,0.038456251705028185,0.03339827133881947,SL,-0.02798977477242517,-0.03318977477242517,2.2,0.0044,-0.07301750449933538
IDOL/USDT:USDT,LONG,2025-09-03T23:40:00+00:00,2025-09-03T23:50:00+00:00,0.0332,0.032255007291441665,0.037224968943859585,0.032255007291441665,SL,-0.028463635799949868,-0.03366363579994987,2.2,0.0044,-0.07405999875988971
IDOL/USDT:USDT,LONG,2025-09-03T23:50:00+00:00,2025-09-04T02:00:00+00:00,0.0316,0.03612240689547077,0.03612240689547077,0.03053821751149817,TP,0.1431141422617331,0.1379141422617331,2.2,0.0044,0.30341111297581286
IDOL/USDT:USDT,LONG,2025-09-04T02:00:00+00:00,2025-09-04T02:20:00+00:00,0.03695,0.03568182944264158,0.042351467188748805,0.03568182944264158,SL,-0.03432126000970001,-0.039521260009700014,2.2,0.0044,-0.08694677202134003
IDOL/USDT:USDT,LONG,2025-09-04T02:20:00+00:00,2025-09-04T02:35:00+00:00,0.03483,0.033528899966453724,0.0403717223651045,0.033528899966453724,SL,-0.03735572878398726,-0.042555728783987265,2.2,0.0044,-0.09362260332477199
M/USDT:USDT,LONG,2025-09-03T11:45:00+00:00,2025-09-04T02:50:00+00:00,0.9422,1.1070833416626058,1.1070833416626058,0.903488258913997,TP,0.1749982399305941,0.1697982399305941,2.2,0.0044,0.373556127847307
RATS/USDT:USDT,LONG,2025-09-02T12:50:00+00:00,2025-09-04T03:30:00+00:00,2.031e-05,2.002702163864818e-05,2.1515278205757764e-05,2.002702163864818e-05,SL,-0.013932957230518036,-0.019132957230518034,2.2,0.0044,-0.04209250590713968
MERL/USDT:USDT,LONG,2025-09-04T03:30:00+00:00,2025-09-04T03:40:00+00:00,0.1693,0.16723589991797055,0.1780915373864217,0.16723589991797055,SL,-0.01219196740714384,-0.01739196740714384,2.2,0.0044,-0.03826232829571645
GORK/USDT:USDT,LONG,2025-09-02T15:40:00+00:00,2025-09-04T04:10:00+00:00,0.00993,0.009552235991407206,0.011538994851413752,0.009552235991407206,SL,-0.03804269975758248,-0.043242699757582485,2.2,0.0044,-0.09513393946668147
NEWT/USDT:USDT,LONG,2025-09-04T03:40:00+00:00,2025-09-04T04:10:00+00:00,0.2825,0.2788348480819562,0.2981108322435198,0.2788348480819562,SL,-0.01297398909042048,-0.018173989090420478,2.2,0.0044,-0.03998277599892505
GOR/USDT:USDT,LONG,2025-09-04T04:10:00+00:00,2025-09-04T04:20:00+00:00,0.01,0.009901393496948843,0.01041999066114382,0.009901393496948843,SL,-0.009860650305115737,-0.015060650305115737,2.2,0.0044,-0.03313343067125462
NEWT/USDT:USDT,LONG,2025-09-04T04:20:00+00:00,2025-09-04T05:10:00+00:00,0.2795,0.27608445999588144,0.2940476703879125,0.27608445999588144,SL,-0.012220178905612123,-0.01742017890561212,2.2,0.0044,-0.03832439359234667
SPK/USDT:USDT,LONG,2025-09-04T05:10:00+00:00,2025-09-04T05:15:00+00:00,0.06617,0.0652374956140331,0.07014177794022947,0.0652374956140331,SL,-0.014092555326687498,-0.0192925553266875,2.2,0.0044,-0.0424436217187125
FLOCK/USDT:USDT,LONG,2025-09-04T04:10:00+00:00,2025-09-04T05:40:00+00:00,0.2998,0.2973237923475164,0.3103468103716896,0.2973237923475164,SL,-0.008259531862854004,-0.013459531862854004,2.2,0.0044,-0.02961097009827881
IDOL/USDT:USDT,LONG,2025-09-04T02:35:00+00:00,2025-09-04T06:05:00+00:00,0.03294,0.03987130613561756,0.03987130613561756,0.03131264986381153,TP,0.21042216562287688,0.20522216562287687,2.2,0.0044,0.45148876437032914
SPK/USDT:USDT,LONG,2025-09-04T05:15:00+00:00,2025-09-04T06:05:00+00:00,0.06415,0.06304958878445929,0.06883693665878449,0.06304958878445929,SL,-0.017153721208740542,-0.022353721208740546,2.2,0.0044,-0.049178186659229205
SPK/USDT:USDT,LONG,2025-09-04T06:05:00+00:00,2025-09-04T06:20:00+00:00,0.0629,0.06170252520979419,0.06800035558791362,0.06170252520979419,SL,-0.019037755011221104,-0.024237755011221107,2.2,0.0044,-0.05332306102468644
IDOL/USDT:USDT,LONG,2025-09-04T06:05:00+00:00,2025-09-04T06:25:00+00:00,0.04025,0.038983411831812434,0.045644727383021125,0.038983411831812434,SL,-0.03146802902329359,-0.036668029023293594,2.2,0.0044,-0.08066966385124591
FLOCK/USDT:USDT,LONG,2025-09-04T06:20:00+00:00,2025-09-04T06:55:00+00:00,0.29653,0.29258925479000575,0.3133146555240498,0.29258925479000575,SL,-0.01328953296460482,-0.018489532964604823,2.2,0.0044,-0.040676972522130615
M/USDT:USDT,LONG,2025-09-04T02:50:00+00:00,2025-09-04T07:05:00+00:00,1.1073,1.0835152504780825,1.2086054146303888,1.0835152504780825,SL,-0.021479950800973042,-0.026679950800973046,2.2,0.0044,-0.058695891762140705
ESPORTS/USDT:USDT,LONG,2025-09-04T06:55:00+00:00,2025-09-04T07:45:00+00:00,0.11492,0.12132762720276477,0.12132762720276477,0.11341560056978565,TP,0.05575728509193158,0.050557285091931574,2.2,0.0044,0.11122602720224947
ALCH/USDT:USDT,LONG,2025-09-04T05:40:00+00:00,2025-09-04T07:55:00+00:00,0.09411,0.09359391347781666,0.09630814629818829,0.09359391347781666,SL,-0.005483864862218013,-0.010683864862218014,2.2,0.0044,-0.02350450269687963
ESPORTS/USDT:USDT,LONG,2025-09-04T07:45:00+00:00,2025-09-04T07:55:00+00:00,0.12267,0.1202792416211145,0.13285285976191968,0.1202792416211145,SL,-0.019489348486879426,-0.024689348486879426,2.2,0.0044,-0.05431656667113474
ESPORTS/USDT:USDT,LONG,2025-09-04T07:55:00+00:00,2025-09-04T08:10:00+00:00,0.11316,0.1259125474477777,0.1259125474477777,0.11016592364269567,TP,0.11269483428576965,0.10749483428576966,2.2,0.0044,0.23648863542869325
IDOL/USDT:USDT,LONG,2025-09-04T06:25:00+00:00,2025-09-04T08:20:00+00:00,0.03889,0.037629490684308486,0.04425883597424163,0.037629490684308486,SL,-0.032412170627192455,-0.03761217062719246,2.2,0.0044,-0.08274677537982342
IDOL/USDT:USDT,LONG,2025-09-04T08:20:00+00:00,2025-09-04T08:30:00+00:00,0.03727,0.03629938253240541,0.041404111436051015,0.03629938253240541,SL,-0.02604286202292965,-0.031242862022929654,2.2,0.0044,-0.06873429645044525
AIOT/USDT:USDT,LONG,2025-09-03T09:05:00+00:00,2025-09-04T08:45:00+00:00,1.61929,1.5839533233949326,1.7697980670215827,1.5839533233949326,SL,-0.021822327442933227,-0.02702232744293323,2.2,0.0044,-0.05944912037445311
ESPORTS/USDT:USDT,LONG,2025-09-04T08:10:00+00:00,2025-09-04T09:15:00+00:00,0.12736,0.12306757166290175,0.14564256513949259,0.12306757166290175,SL,-0.03370311194329659,-0.03890311194329659,2.2,0.0044,-0.08558684627525251
ESPORTS/USDT:USDT,LONG,2025-09-04T09:15:00+00:00,2025-09-04T09:25:00+00:00,0.12273,0.11781014531355753,0.14368493662744017,0.11781014531355753,SL,-0.040086814034404575,-0.04528681403440458,2.2,0.0044,-0.09963099087569008
LAUNCHCOIN/USDT:USDT,LONG,2025-09-04T08:45:00+00:00,2025-09-04T09:35:00+00:00,0.06416,0.06725267642206956,0.06725267642206956,0.06343389336177496,TP,0.048202562688116624,0.04300256268811662,2.2,0.0044,0.09460563791385657
ESPORTS/USDT:USDT,LONG,2025-09-04T09:25:00+00:00,2025-09-04T09:35:00+00:00,0.11698,0.11179095182648582,0.1390815014797826,0.11179095182648582,SL,-0.04435842172605725,-0.049558421726057254,2.2,0.0044,-0.10902852779732597
M/USDT:USDT,LONG,2025-09-04T07:05:00+00:00,2025-09-04T10:20:00+00:00,1.0833,1.1741241147216448,1.1741241147216448,1.061976077413179,TP,0.0838402240576432,0.0786402240576432,2.2,0.0044,0.17300849292681506
LAUNCHCOIN/USDT:USDT,LONG,2025-09-04T09:35:00+00:00,2025-09-04T10:20:00+00:00,0.06856,0.07246037038505983,0.07246037038505983,0.06764426086611638,TP,0.05688988309597187,0.05168988309597187,2.2,0.0044,0.11371774281113813
GOR/USDT:USDT,LONG,2025-09-04T09:35:00+00:00,2025-09-04T10:40:00+00:00,0.01012,0.010044509550326038,0.01044153339675947,0.010044509550326038,SL,-0.007459530600193896,-0.012659530600193897,2.2,0.0044,-0.027850967320426575
LAUNCHCOIN/USDT:USDT,LONG,2025-09-04T10:20:00+00:00,2025-09-04T11:35:00+00:00,0.07327,0.07875925578979806,0.07875925578979806,0.0719812182058735,TP,0.07491819011598279,0.06971819011598279,2.2,0.0044,0.15338001825516215
M/USDT:USDT,LONG,2025-09-04T10:20:00+00:00,2025-09-04T11:45:00+00:00,1.1806,1.258919661010203,1.258919661010203,1.1622119056758655,TP,0.06633886245146774,0.06113886245146774,2.2,0.0044,0.13450549739322903
LAUNCHCOIN/USDT:USDT,LONG,2025-09-04T11:35:00+00:00,2025-09-04T11:50:00+00:00,0.07928,0.07783705099203658,0.08542589392280717,0.07783705099203658,SL,-0.018200668617096627,-0.02340066861709663,2.2,0.0044,-0.05148147095761259
ESPORTS/USDT:USDT,LONG,2025-09-04T10:40:00+00:00,2025-09-04T12:05:00+00:00,0.11501,0.11155720440634122,0.12971635160262077,0.11155720440634122,SL,-0.030021698927560937,-0.03522169892756094,2.2,0.0044,-0.07748773764063407
GPS/USDT:USDT,LONG,2025-09-04T12:05:00+00:00,2025-09-04T12:20:00+00:00,0.01036,0.01007574416470949,0.011570719298459578,0.01007574416470949,SL,-0.027437821939238348,-0.03263782193923835,2.2,0.0044,-0.07180320826632437
M/USDT:USDT,LONG,2025-09-04T11:45:00+00:00,2025-09-04T12:35:00+00:00,1.2621,1.2374808439170084,1.3669593685016308,1.2374808439170084,SL,-0.019506501927732817,-0.02470650192773282,2.2,0.0044,-0.05435430424101221
MORPHO/USDT:USDT,LONG,2025-09-04T12:20:00+00:00,2025-09-04T12:35:00+00:00,2.0928,2.0726241322900383,2.178734251357245,2.0726241322900383,SL,-0.009640609570891492,-0.014840609570891491,2.2,0.0044,-0.03264934105596128
LAUNCHCOIN/USDT:USDT,LONG,2025-09-04T11:50:00+00:00,2025-09-04T13:35:00+00:00,0.07554,0.07380486334894473,0.08293039684708721,0.07380486334894473,SL,-0.022969772981933593,-0.028169772981933593,2.2,0.0044,-0.06197350056025391
NEIROETH/USDT:USDT,LONG,2025-09-04T13:35:00+00:00,2025-09-04T13:40:00+00:00,0.09036,0.0860645651814418,0.10865537052348861,0.0860645651814418,SL,-0.04753690591587201,-0.05273690591587201,2.2,0.0044,-0.11602119301491844
NEIROETH/USDT:USDT,LONG,2025-09-04T13:40:00+00:00,2025-09-04T14:40:00+00:00,0.086,0.08154466766848167,0.10497641548609656,0.08154466766848167,SL,-0.05180618990137581,-0.05700618990137581,2.2,0.0044,-0.1254136177830268
M/USDT:USDT,LONG,2025-09-04T12:35:00+00:00,2025-09-04T14:45:00+00:00,1.2279,1.3900636750002882,1.3900636750002882,1.1898267893477583,TP,0.13206586448431318,0.12686586448431317,2.2,0.0044,0.279104901865489
NEIROETH/USDT:USDT,LONG,2025-09-04T14:40:00+00:00,2025-09-04T15:00:00+00:00,0.07718,0.07197216633373534,0.09936151376371984,0.07197216633373534,SL,-0.06747646626411848,-0.07267646626411847,2.2,0.0044,-0.15988822578106066
1000PEPE/USDT:USDT,LONG,2025-09-04T15:00:00+00:00,2025-09-04T15:10:00+00:00,0.0094977,0.009468577489067053,0.009621740324344027,0.009468577489067053,SL,-0.0030662698266892487,-0.008266269826689248,2.2,0.0044,-0.018185793618716348
M/USDT:USDT,LONG,2025-09-04T14:45:00+00:00,2025-09-04T15:25:00+00:00,1.4074,1.3708974534686718,1.562873809300102,1.3708974534686718,SL,-0.025936156409924846,-0.03113615640992485,2.2,0.0044,-0.06849954410183468
REX/USDT:USDT,LONG,2025-09-04T07:55:00+00:00,2025-09-04T15:30:00+00:00,0.04906,0.05180562803614743,0.05180562803614743,0.048415374287165386,TP,0.05596469702705732,0.05076469702705732,2.2,0.0044,0.1116823334595261
GPS/USDT:USDT,LONG,2025-09-04T12:35:00+00:00,2025-09-04T15:45:00+00:00,0.00993,0.009631347104777406,0.011202040109281419,0.009631347104777406,SL,-0.03007582026410815,-0.03527582026410815,2.2,0.0044,-0.07760680458103794
1000000BOB/USDT:USDT,LONG,2025-09-04T15:25:00+00:00,2025-09-04T16:10:00+00:00,0.05377,0.053433941451359754,0.055201360484949176,0.053433941451359754,SL,-0.006249926513673881,-0.01144992651367388,2.2,0.0044,-0.02518983833008254
IDOL/USDT:USDT,LONG,2025-09-04T08:30:00+00:00,2025-09-04T16:25:00+00:00,0.03491,0.04030781037088072,0.04030781037088072,0.033642687999880176,TP,0.15462074966716485,0.14942074966716484,2.2,0.0044,0.32872564926776265
1000000BOB/USDT:USDT,LONG,2025-09-04T16:10:00+00:00,2025-09-04T18:15:00+00:00,0.05343,0.05315196660852266,0.05461421629703312,0.05315196660852266,SL,-0.00520369439411081,-0.01040369439411081,2.2,0.0044,-0.022888127667043782
1000PEPE/USDT:USDT,LONG,2025-09-04T15:10:00+00:00,2025-09-04T18:25:00+00:00,0.0094442,0.00941353497781802,0.009574810279663983,0.00941353497781802,SL,-0.0032469687408122846,-0.008446968740812286,2.2,0.0044,-0.01858333122978703
1000BONK/USDT:USDT,LONG,2025-09-04T15:45:00+00:00,2025-09-04T18:30:00+00:00,0.019249,0.019169116701691306,0.019589243677981465,0.019169116701691306,SL,-0.004149997314597801,-0.009349997314597801,2.2,0.0044,-0.020569994092115164
1000CHEEMS/USDT:USDT,LONG,2025-09-04T18:25:00+00:00,2025-09-04T19:30:00+00:00,0.0011241,0.0011219659088902954,0.0011331896473191119,0.0011219659088902954,SL,-0.0018984886662259792,-0.007098488666225979,2.2,0.0044,-0.015616675065697154
1000CHEEMS/USDT:USDT,LONG,2025-09-04T19:30:00+00:00,2025-09-04T19:35:00+00:00,0.0011217,0.0011191726899534222,0.0011324644687169057,0.0011191726899534222,SL,-0.0022531069328499773,-0.007453106932849977,2.2,0.0044,-0.01639683525226995
1000CHEEMS/USDT:USDT,LONG,2025-09-04T19:35:00+00:00,2025-09-04T21:00:00+00:00,0.0011191,0.0011304755780942696,0.0011304755780942696,0.0011164292120996063,TP,0.010164934406460194,0.004964934406460194,2.2,0.0044,0.01092285569421243
1000BONK/USDT:USDT,LONG,2025-09-04T18:30:00+00:00,2025-09-04T21:40:00+00:00,0.019159,0.01939394930535208,0.01939394930535208,0.019103837989178207,TP,0.01226312987901676,0.00706312987901676,2.2,0.0044,0.015538885733836874
BIO/USDT:USDT,LONG,2025-09-04T21:00:00+00:00,2025-09-04T22:00:00+00:00,0.14242,0.14076640596044493,0.14946308572403086,0.14076640596044493,SL,-0.0116106869790413,-0.016810686979041298,2.2,0.0044,-0.03698351135389086
1000BONK/USDC:USDC,LONG,2025-09-04T15:30:00+00:00,2025-09-04T22:55:00+00:00,0.019142,0.019482076432694687,0.019482076432694687,0.01906215596797603,TP,0.017765982274301918,0.012565982274301918,2.2,0.0044,0.02764516100346422
1000CAT/USDT:USDT,LONG,2025-09-04T16:25:00+00:00,2025-09-04T22:55:00+00:00,0.006776,0.006910191829788709,0.006910191829788709,0.006744494092136564,TP,0.01980398904792042,0.014603989047920417,2.2,0.0044,0.03212877590542492
BIO/USDT:USDT,LONG,2025-09-04T22:55:00+00:00,2025-09-05T00:00:00+00:00,0.14196,0.1408857328188868,0.14653558243807469,0.1408857328188868,SL,-0.007567393498965889,-0.01276739349896589,2.2,0.0044,-0.02808826569772496
F/USDT:USDT,LONG,2025-09-04T22:00:00+00:00,2025-09-05T00:20:00+00:00,0.006763,0.006673145172471448,0.00714571500614013,0.006673145172471448,SL,-0.01328623799032265,-0.018486237990322653,2.2,0.0044,-0.04066972357870984
BIO/USDT:USDT,LONG,2025-09-05T00:00:00+00:00,2025-09-05T00:45:00+00:00,0.14086,0.1398118570871129,0.14532431240674137,0.1398118570871129,SL,-0.007441025932749546,-0.012641025932749546,2.2,0.0044,-0.027810257052049005
FHE/USDT:USDT,LONG,2025-09-04T21:40:00+00:00,2025-09-05T01:05:00+00:00,0.05558,0.054857093727710304,0.05865904523382647,0.054857093727710304,SL,-0.013006590001613767,-0.018206590001613766,2.2,0.0044,-0.040054498003550286
TANSSI/USDT:USDT,LONG,2025-09-05T01:05:00+00:00,2025-09-05T01:30:00+00:00,0.04022,0.03981011385852607,0.04196581134331489,0.03981011385852607,SL,-0.010191102473245351,-0.015391102473245351,2.2,0.0044,-0.03386042544113978
1000000BOB/USDT:USDT,LONG,2025-09-04T18:15:00+00:00,2025-09-05T02:10:00+00:00,0.05296,0.05407359140727771,0.05407359140727771,0.052698548104378275,TP,0.021027028083038305,0.015827028083038305,2.2,0.0044,0.034819461782684274
HIFI/USDT:USDT,LONG,2025-09-05T00:20:00+00:00,2025-09-05T02:10:00+00:00,0.06733,0.06671581661588684,0.06994596626566718,0.06671581661588684,SL,-0.009121986991135634,-0.014321986991135634,2.2,0.0044,-0.0315083713804984
TANSSI/USDT:USDT,LONG,2025-09-05T01:30:00+00:00,2025-09-05T02:10:00+00:00,0.0398,0.04135403825990178,0.04135403825990178,0.03943513884332741,TP,0.03904618743471812,0.033846187434718115,2.2,0.0044,0.07446161235637987
TANSSI/USDT:USDT,LONG,2025-09-05T02:10:00+00:00,2025-09-05T02:15:00+00:00,0.04159,0.04120383710292575,0.04323476789494587,0.04120383710292575,SL,-0.009284993918592223,-0.014484993918592223,2.2,0.0044,-0.03186698662090289
BIO/USDT:USDT,LONG,2025-09-05T02:10:00+00:00,2025-09-05T02:15:00+00:00,0.14116,0.14037535259413755,0.14450201672867335,0.14037535259413755,SL,-0.005558567624415232,-0.010758567624415231,2.2,0.0044,-0.023668848773713513
TANSSI/USDT:USDT,LONG,2025-09-05T02:15:00+00:00,2025-09-05T02:20:00+00:00,0.04094,0.04050813445271677,0.04277942733102116,0.04050813445271677,SL,-0.010548743216493142,-0.015748743216493142,2.2,0.0044,-0.034647235076284914
BIO/USDT:USDT,LONG,2025-09-05T02:15:00+00:00,2025-09-05T02:30:00+00:00,0.14034,0.13948797026598486,0.14396901553376812,0.13948797026598486,SL,-0.006071182371491597,-0.011271182371491597,2.2,0.0044,-0.024796601217281517
PROMPT/USDT:USDT,LONG,2025-09-05T02:30:00+00:00,2025-09-05T02:35:00+00:00,0.17663,0.17516741679575779,0.18285952105510578,0.17516741679575779,SL,-0.00828049144676569,-0.01348049144676569,2.2,0.0044,-0.02965708118288452
PUMP/USDT:USDT,LONG,2025-09-05T02:10:00+00:00,2025-09-05T03:10:00+00:00,0.004393,0.004359813881528252,0.004534348282379669,0.004359813881528252,SL,-0.007554317885669972,-0.012754317885669973,2.2,0.0044,-0.028059499348473942
TANSSI/USDT:USDT,LONG,2025-09-05T02:20:00+00:00,2025-09-05T04:00:00+00:00,0.04039,0.04228532537880537,0.04228532537880537,0.039945010563237,TP,0.04692560977482954,0.04172560977482954,2.2,0.0044,0.09179634150462498
NEIROETH/USDT:USDT,LONG,2025-09-04T22:55:00+00:00,2025-09-05T05:35:00+00:00,0.07436,0.0735025007827884,0.07801231148071605,0.0735025007827884,SL,-0.011531726966266725,-0.016731726966266725,2.2,0.0044,-0.0368097993257868
GRIFFAIN/USDT:USDT,LONG,2025-09-05T03:10:00+00:00,2025-09-05T06:15:00+00:00,0.03366,0.03339497772473464,0.03478879857983396,0.03339497772473464,SL,-0.00787350788072973,-0.01307350788072973,2.2,0.0044,-0.028761717337605408
AXL/USDT:USDT,LONG,2025-09-05T06:15:00+00:00,2025-09-05T06:25:00+00:00,0.3131,0.3104253934269916,0.32449184281096155,0.3104253934269916,SL,-0.008542339741323497,-0.013742339741323497,2.2,0.0044,-0.030233147430911694
VELVET/USDT:USDT,LONG,2025-09-05T00:45:00+00:00,2025-09-05T06:30:00+00:00,0.0715,0.07586172370318345,0.07586172370318345,0.07047594313055693,TP,0.061003128715852506,0.0558031287158525,2.2,0.0044,0.12276688317487551
M/USDT:USDT,LONG,2025-09-05T06:25:00+00:00,2025-09-05T06:30:00+00:00,1.4622,1.4434400088300383,1.5421036660942813,1.4434400088300383,SL,-0.012829976179702936,-0.018029976179702936,2.2,0.0044,-0.03966594759534646
VELVET/USDT:USDT,LONG,2025-09-05T06:30:00+00:00,2025-09-05T06:35:00+00:00,0.07651,0.07528135209087657,0.08174312998330346,0.07528135209087657,SL,-0.016058657811049912,-0.021258657811049915,2.2,0.0044,-0.04676904718430982
HIFI/USDT:USDT,LONG,2025-09-05T06:30:00+00:00,2025-09-05T06:40:00+00:00,0.06947,0.0689612050987521,0.07163708939420405,0.0689612050987521,SL,-0.007323951363867894,-0.012523951363867894,2.2,0.0044,-0.02755269300050937
REDSTONE/USDT:USDT,LONG,2025-09-05T05:35:00+00:00,2025-09-05T07:45:00+00:00,0.4594,0.48424441110889027,0.48424441110889027,0.4535669643483475,TP,0.05408012866541206,0.048880128665412054,2.2,0.0044,0.10753628306390653
VELVET/USDT:USDT,LONG,2025-09-05T06:35:00+00:00,2025-09-05T07:50:00+00:00,0.07525,0.07394402694152824,0.08081247784163895,0.07394402694152824,SL,-0.01735512370062136,-0.022555123700621363,2.2,0.0044,-0.049621272141367
TANSSI/USDT:USDT,LONG,2025-09-05T04:00:00+00:00,2025-09-05T08:05:00+00:00,0.04292,0.045148408197703646,0.045148408197703646,0.04239680851010436,TP,0.0519200418849871,0.046720041884987094,2.2,0.0044,0.10278409214697161
TANSSI/USDT:USDT,LONG,2025-09-05T08:05:00+00:00,2025-09-05T08:15:00+00:00,0.04546,0.04484114979842361,0.04809584345115871,0.04484114979842361,SL,-0.013613070866176675,-0.018813070866176673,2.2,0.0044,-0.04138875590558869
REDSTONE/USDT:USDT,LONG,2025-09-05T07:45:00+00:00,2025-09-05T08:30:00+00:00,0.6839,0.6501481957672391,0.8276576846950922,0.6501481957672391,SL,-0.04935195822892354,-0.054551958228923544,2.2,0.0044,-0.12001430810363181
M/USDT:USDT,LONG,2025-09-05T07:50:00+00:00,2025-09-05T08:45:00+00:00,1.5176,1.6219550667731029,1.6219550667731029,1.4930992451924021,TP,0.06876322270236084,0.06356322270236084,2.2,0.0044,0.13983908994519387
REDSTONE/USDT:USDT,LONG,2025-09-05T08:30:00+00:00,2025-09-05T09:15:00+00:00,0.6459,0.6089957086206932,0.8030849447637143,0.6089957086206932,SL,-0.05713623065382697,-0.06233623065382697,2.2,0.0044,-0.13713970743841936
TANSSI/USDT:USDT,LONG,2025-09-05T08:15:00+00:00,2025-09-05T09:40:00+00:00,0.04453,0.04379439548945709,0.04766313032268277,0.04379439548945709,SL,-0.016519301831190374,-0.021719301831190377,2.2,0.0044,-0.04778246402861883
M/USDT:USDT,LONG,2025-09-05T08:45:00+00:00,2025-09-05T11:05:00+00:00,1.6369,1.6058811268605548,1.76901742263097,1.6058811268605548,SL,-0.01894976671723696,-0.02414976671723696,2.2,0.0044,-0.053129486777921314
PROMPT/USDT:USDT,LONG,2025-09-05T02:35:00+00:00,2025-09-05T12:20:00+00:00,0.17457,0.1812318409797411,0.1812318409797411,0.1730059155960608,TP,0.03816143082855643,0.032961430828556425,2.2,0.0044,0.07251514782282414
PLAYSOUT/USDT:USDT,LONG,2025-09-05T11:05:00+00:00,2025-09-05T13:40:00+00:00,0.04293,0.04219876265339175,0.04604452943925738,0.04219876265339175,SL,-0.017033248232197803,-0.022233248232197807,2.2,0.0044,-0.04891314611083518
HFT/USDT:USDT,LONG,2025-09-05T09:40:00+00:00,2025-09-05T14:20:00+00:00,0.10015,0.09822546948219964,0.10834707442766825,0.09822546948219964,SL,-0.01921648045731768,-0.02441648045731768,2.2,0.0044,-0.0537162570060989
PUMP/USDT:USDT,LONG,2025-09-05T06:40:00+00:00,2025-09-05T14:25:00+00:00,0.004535,0.004494835691090771,0.004706070204613379,0.004494835691090771,SL,-0.008856517951318319,-0.014056517951318319,2.2,0.0044,-0.030924339492900303
HOUSE/USDT:USDT,LONG,2025-09-05T13:40:00+00:00,2025-09-05T14:25:00+00:00,0.01554,0.015332832996387236,0.016422377978350663,0.015332832996387236,SL,-0.01333121001369138,-0.01853121001369138,2.2,0.0044,-0.04076866203012104
VELVET/USDT:USDT,LONG,2025-09-05T14:25:00+00:00,2025-09-05T14:45:00+00:00,0.08148,0.08019509184888042,0.08695275693995373,0.08019509184888042,SL,-0.015769614029449885,-0.020969614029449885,2.2,0.0044,-0.04613315086478975
M/USDT:USDT,LONG,2025-09-05T12:20:00+00:00,2025-09-05T15:00:00+00:00,1.6991,1.6609097432543352,1.861762204657462,1.6609097432543352,SL,-0.02247675636846854,-0.027676756368468544,2.2,0.0044,-0.0608888640106308
HOUSE/USDT:USDT,LONG,2025-09-05T14:25:00+00:00,2025-09-05T15:00:00+00:00,0.01533,0.015037831968535992,0.016574419393272623,0.015037831968535992,SL,-0.0190585800041753,-0.0242585800041753,2.2,0.0044,-0.05336887600918567
M/USDT:USDT,LONG,2025-09-05T15:00:00+00:00,2025-09-05T15:15:00+00:00,1.6545,1.6238806346049852,1.7849158155713594,1.6238806346049852,SL,-0.018506718280456247,-0.02370671828045625,2.2,0.0044,-0.05215478021700375
PUMPBTC/USDT:USDT,LONG,2025-09-05T14:45:00+00:00,2025-09-05T15:30:00+00:00,0.0392,0.03872892580442129,0.04120642712931672,0.03872892580442129,SL,-0.012017198866803773,-0.01721719886680377,2.2,0.0044,-0.0378778375069683
HOME/USDT:USDT,LONG,2025-09-05T15:00:00+00:00,2025-09-05T15:30:00+00:00,0.04036,0.04004276192910578,0.04171119919084574,0.04004276192910578,SL,-0.00786020988340482,-0.01306020988340482,2.2,0.0044,-0.028732461743490607
PLAYSOUT/USDT:USDT,LONG,2025-09-05T14:20:00+00:00,2025-09-05T15:40:00+00:00,0.04077,0.03997686400668918,0.04414817182336093,0.03997686400668918,SL,-0.01945391202626497,-0.02465391202626497,2.2,0.0044,-0.05423860645778294
PLAYSOUT/USDT:USDT,LONG,2025-09-05T15:40:00+00:00,2025-09-05T15:45:00+00:00,0.03977,0.039274192807526115,0.041881771375351734,0.039274192807526115,SL,-0.01246686428146555,-0.01766686428146555,2.2,0.0044,-0.03886710141922421
EIGEN/USDT:USDT,LONG,2025-09-05T15:45:00+00:00,2025-09-05T16:15:00+00:00,1.3524,1.3378009308278098,1.414581220548218,1.3378009308278098,SL,-0.010794934318389697,-0.0159949343183897,2.2,0.0044,-0.03518885550045734
EIGEN/USDC:USDC,LONG,2025-09-05T15:30:00+00:00,2025-09-05T17:05:00+00:00,1.3353,1.3196596234617408,1.4019164185888815,1.3196596234617408,SL,-0.011713005720256959,-0.01691300572025696,2.2,0.0044,-0.037208612584565315
M/USDT:USDT,LONG,2025-09-05T15:15:00+00:00,2025-09-05T18:35:00+00:00,1.6021,1.5709229789457553,1.7348910156014128,1.5709229789457553,SL,-0.01946009678187679,-0.024660096781876792,2.2,0.0044,-0.054252212920128946
BIO/USDT:USDT,LONG,2025-09-05T18:35:00+00:00,2025-09-05T19:30:00+00:00,0.16542,0.16212230980251957,0.17946571750778706,0.16212230980251957,SL,-0.01993525690654359,-0.025135256906543592,2.2,0.0044,-0.05529756519439591
SKATE/USDT:USDT,LONG,2025-09-05T16:15:00+00:00,2025-09-05T22:15:00+00:00,0.04409,0.0435326404587426,0.046463938786837064,0.0435326404587426,SL,-0.01264140488222727,-0.01784140488222727,2.2,0.0044,-0.039251090740899997
HOUSE/USDT:USDT,LONG,2025-09-05T15:30:00+00:00,2025-09-05T23:25:00+00:00,0.01504,0.014731863712433069,0.016352432335933222,0.014731863712433069,SL,-0.02048778507758849,-0.02568778507758849,2.2,0.0044,-0.05651312717069468
BIO/USDT:USDT,LONG,2025-09-05T19:30:00+00:00,2025-09-05T23:30:00+00:00,0.16064,0.17353995689065424,0.17353995689065424,0.15761131446915075,TP,0.08030351650058662,0.07510351650058662,2.2,0.0044,0.1652277363012906
BIO/USDT:USDT,LONG,2025-09-05T23:30:00+00:00,2025-09-05T23:40:00+00:00,0.17406,0.17178835628155317,0.1837355195415327,0.17178835628155317,SL,-0.013050923350837755,-0.018250923350837757,2.2,0.0044,-0.04015203137184307
OG/USDT:USDT,LONG,2025-09-01T13:50:00+00:00,2025-09-06T00:05:00+00:00,13.5394,14.07886882137261,14.07886882137261,13.41274210280817,TP,0.03984436691231592,0.03464436691231592,2.2,0.0044,0.07621760720709503
BIO/USDT:USDT,LONG,2025-09-05T23:40:00+00:00,2025-09-06T00:10:00+00:00,0.17037,0.1680076643448086,0.1804318000128522,0.1680076643448086,SL,-0.01386591333680457,-0.019065913336804567,2.2,0.0044,-0.04194500934097005
PLAYSOUT/USDT:USDT,LONG,2025-09-05T17:05:00+00:00,2025-09-06T00:15:00+00:00,0.04453,0.04335203559806997,0.04954725578599827,0.04335203559806997,SL,-0.026453276486189704,-0.03165327648618971,2.2,0.0044,-0.06963720826961736
MERL/USDT:USDT,LONG,2025-09-06T00:05:00+00:00,2025-09-06T00:20:00+00:00,0.16302,0.16120567472511826,0.17074768172634816,0.16120567472511826,SL,-0.01112946432880465,-0.016329464328804652,2.2,0.0044,-0.03592482152337024
PUMPBTC/USDT:USDT,LONG,2025-09-06T00:15:00+00:00,2025-09-06T00:50:00+00:00,0.04208,0.04168719261456161,0.04375306849353388,0.04168719261456161,SL,-0.009334776269923753,-0.014534776269923753,2.2,0.0044,-0.03197650779383226
BIO/USDT:USDT,LONG,2025-09-06T00:10:00+00:00,2025-09-06T00:55:00+00:00,0.1668,0.17638772858543142,0.17638772858543142,0.16454896807124653,TP,0.05748038720282623,0.052280387202826226,2.2,0.0044,0.11501685184621771
ENA/USDC:USDC,LONG,2025-09-05T22:15:00+00:00,2025-09-06T03:00:00+00:00,0.7143,0.7541871549697013,0.7541871549697013,0.7049351897027658,TP,0.05584090013957902,0.05064090013957902,2.2,0.0044,0.11140998030707384
ENA/USDT:USDT,LONG,2025-09-05T23:25:00+00:00,2025-09-06T03:25:00+00:00,0.7303,0.7617392366558935,0.7617392366558935,0.7229186140025293,TP,0.04304975579336375,0.03784975579336375,2.2,0.0044,0.08326946274540026
MERL/USDT:USDT,LONG,2025-09-06T00:50:00+00:00,2025-09-06T03:25:00+00:00,0.16221,0.16069759470178105,0.1686517262701918,0.16069759470178105,SL,-0.009323748833111054,-0.014523748833111054,2.2,0.0044,-0.03195224743284432
ENA/USDT:USDT,LONG,2025-09-06T03:25:00+00:00,2025-09-06T03:30:00+00:00,0.7622,0.7567604538605291,0.7853684372607089,0.7567604538605291,SL,-0.007136638860497036,-0.012336638860497037,2.2,0.0044,-0.027140605493093484
REX/USDT:USDT,LONG,2025-09-06T00:20:00+00:00,2025-09-06T03:55:00+00:00,0.05664,0.05898712618091666,0.05898712618091666,0.05608893559230653,TP,0.041439374663076525,0.03623937466307652,2.2,0.0044,0.07972662425876835
ENA/USDC:USDC,LONG,2025-09-06T03:00:00+00:00,2025-09-06T03:55:00+00:00,0.7546,0.7494795654349836,0.7764092583324776,0.7494795654349836,SL,-0.006785627570920261,-0.011985627570920261,2.2,0.0044,-0.026368380656024575
ENA/USDT:USDT,LONG,2025-09-06T03:30:00+00:00,2025-09-06T03:55:00+00:00,0.7556,0.7499318500133486,0.7797421203135155,0.7499318500133486,SL,-0.007501521951629749,-0.01270152195162975,2.2,0.0044,-0.02794334829358545
AIOT/USDT:USDT,LONG,2025-09-06T03:55:00+00:00,2025-09-06T04:05:00+00:00,1.73406,1.7914119338115475,1.7914119338115475,1.7205947633659844,TP,0.03307378857222217,0.02787378857222217,2.2,0.0044,0.06132233485888878
NMR/USDT:USDT,LONG,2025-09-06T03:25:00+00:00,2025-09-06T04:10:00+00:00,14.389,15.085527605497814,15.085527605497814,14.225467431752687,TP,0.048406950135368346,0.04320695013536834,2.2,0.0044,0.09505529029781036
PYTH/USDT:USDT,LONG,2025-09-06T03:55:00+00:00,2025-09-06T04:10:00+00:00,0.16002,0.1586301495555196,0.16593973337463866,0.1586301495555196,SL,-0.008685479593053337,-0.013885479593053337,2.2,0.0044,-0.030548055104717343
ENA/USDC:USDC,LONG,2025-09-06T04:10:00+00:00,2025-09-06T04:20:00+00:00,0.7429,0.7375569172002897,0.765657574887655,0.7375569172002897,SL,-0.0071921965267334725,-0.012392196526733472,2.2,0.0044,-0.027262832358813643
REX/USDT:USDT,LONG,2025-09-06T03:55:00+00:00,2025-09-06T04:25:00+00:00,0.05943,0.058812961340819266,0.062058127622436454,0.058812961340819266,SL,-0.010382612471491354,-0.015582612471491354,2.2,0.0044,-0.034281747437280984
AIOT/USDT:USDT,LONG,2025-09-06T04:05:00+00:00,2025-09-06T04:35:00+00:00,1.79315,1.7663118337186294,1.907460708235467,1.7663118337186294,SL,-0.014967050320034906,-0.020167050320034907,2.2,0.0044,-0.0443675107040768
AIOT/USDT:USDT,LONG,2025-09-06T04:35:00+00:00,2025-09-06T04:50:00+00:00,1.75929,1.7266138689016672,1.898466113937343,1.7266138689016672,SL,-0.01857347628778245,-0.023773476287782452,2.2,0.0044,-0.0523016478331214
ENA/USDT:USDT,LONG,2025-09-06T04:50:00+00:00,2025-09-06T05:10:00+00:00,0.7442,0.7387087164166731,0.767588800447503,0.7387087164166731,SL,-0.00737877396308364,-0.01257877396308364,2.2,0.0044,-0.027673302718784012
GPS/USDT:USDT,LONG,2025-09-06T04:20:00+00:00,2025-09-06T06:20:00+00:00,0.01127,0.01189063447972328,0.01189063447972328,0.0111242858178041,TP,0.05506960778378707,0.049869607783787066,2.2,0.0044,0.10971313712433156
GPS/USDT:USDT,LONG,2025-09-06T06:20:00+00:00,2025-09-06T06:35:00+00:00,0.01209,0.01189408132521839,0.01292446842962538,0.01189408132521839,SL,-0.016205018592358195,-0.021405018592358195,2.2,0.0044,-0.04709104090318803
GPS/USDT:USDT,LONG,2025-09-06T06:35:00+00:00,2025-09-06T08:05:00+00:00,0.01185,0.01159836890360962,0.01292176207721828,0.01159836890360962,SL,-0.021234691678512975,-0.026434691678512978,2.2,0.0044,-0.05815632169272856
PYTH/USDT:USDT,LONG,2025-09-06T05:10:00+00:00,2025-09-06T08:25:00+00:00,0.16019,0.1591235955478272,0.16473209303703223,0.1591235955478272,SL,-0.006657122493119372,-0.011857122493119373,2.2,0.0044,-0.02608566948486262
NMR/USDT:USDT,LONG,2025-09-06T04:10:00+00:00,2025-09-06T08:30:00+00:00,15.114,16.00534471308148,16.00534471308148,14.904727763015654,TP,0.05897477260033612,0.05377477260033612,2.2,0.0044,0.11830449972073948
NMR/USDT:USDT,LONG,2025-09-06T08:30:00+00:00,2025-09-06T09:00:00+00:00,16.047,17.081189497855032,17.081189497855032,15.80419029180795,TP,0.06444752899950343,0.059247528999503425,2.2,0.0044,0.13034456379890755
BIO/USDT:USDT,LONG,2025-09-06T00:55:00+00:00,2025-09-06T09:05:00+00:00,0.1764,0.17406997124272816,0.1863241965587504,0.17406997124272816,SL,-0.013208779803128347,-0.01840877980312835,2.2,0.0044,-0.04049931556688237
C/USDT:USDT,LONG,2025-09-06T09:05:00+00:00,2025-09-06T09:15:00+00:00,0.23441,0.23229005915984877,0.24343937765249604,0.23229005915984877,SL,-0.009043730387574084,-0.014243730387574084,2.2,0.0044,-0.03133620685266299
AIOT/USDT:USDT,LONG,2025-09-06T08:05:00+00:00,2025-09-06T09:20:00+00:00,1.75283,1.7368042756627264,1.821087714769869,1.7368042756627264,SL,-0.009142771596374817,-0.014342771596374817,2.2,0.0044,-0.0315540975120246
NMR/USDT:USDT,LONG,2025-09-06T09:00:00+00:00,2025-09-06T09:25:00+00:00,17.132,16.85423031519223,18.315093101959025,16.85423031519223,SL,-0.01621350016389052,-0.02141350016389052,2.2,0.0044,-0.04710970036055915
OMNINETWORK/USDT:USDT,LONG,2025-09-06T09:15:00+00:00,2025-09-06T09:25:00+00:00,3.352,3.310570478068671,3.5284590748926967,3.310570478068671,SL,-0.012359642580945336,-0.017559642580945334,2.2,0.0044,-0.038631213678079736
AIOT/USDT:USDT,LONG,2025-09-06T09:20:00+00:00,2025-09-06T09:50:00+00:00,1.72793,1.7133540433399403,1.7900127783669204,1.7133540433399403,SL,-0.008435501820131383,-0.013635501820131382,2.2,0.0044,-0.029998104004289042
NMR/USDT:USDT,LONG,2025-09-06T09:25:00+00:00,2025-09-06T10:00:00+00:00,16.811,16.532940741169355,17.995326472797185,16.532940741169355,SL,-0.016540316389902134,-0.021740316389902134,2.2,0.0044,-0.0478286960577847
BAKE/USDT:USDT,LONG,2025-09-06T09:50:00+00:00,2025-09-06T10:00:00+00:00,0.0445,0.04380598520789119,0.04745598892935233,0.04380598520789119,SL,-0.015595838024917054,-0.02079583802491705,2.2,0.0044,-0.04575084365481752
BAKE/USDT:USDT,LONG,2025-09-06T10:00:00+00:00,2025-09-06T10:45:00+00:00,0.0438,0.0430737525517021,0.046893276168676244,0.0430737525517021,SL,-0.016580991970271648,-0.021780991970271647,2.2,0.0044,-0.04791818233459763
TA/USDT:USDT,LONG,2025-09-06T09:25:00+00:00,2025-09-06T11:05:00+00:00,0.14186,0.14719393053942334,0.14719393053942334,0.1406076858733528,TP,0.03759996150728412,0.032399961507284115,2.2,0.0044,0.07127991531602507
M/USDT:USDT,LONG,2025-09-06T10:45:00+00:00,2025-09-06T11:30:00+00:00,1.7053,1.6742298695974587,1.8376357406034165,1.6742298695974587,SL,-0.01821974456256457,-0.02341974456256457,2.2,0.0044,-0.05152343803764206
TA/USDT:USDT,LONG,2025-09-06T11:05:00+00:00,2025-09-06T12:35:00+00:00,0.14728,0.1545003274323029,0.1545003274323029,0.14558479268980715,TP,0.04902449370113331,0.04382449370113331,2.2,0.0044,0.09641388614249329
TA/USDT:USDT,LONG,2025-09-06T12:35:00+00:00,2025-09-06T13:00:00+00:00,0.15462,0.1521189316257962,0.16527269863086808,0.1521189316257962,SL,-0.016175581258593984,-0.021375581258593984,2.2,0.0044,-0.04702627876890677
NMR/USDT:USDT,LONG,2025-09-06T10:00:00+00:00,2025-09-06T13:05:00+00:00,16.023,17.299200603674688,17.299200603674688,15.72337029305029,TP,0.07964804366689686,0.07444804366689686,2.2,0.0044,0.1637856960671731
NMR/USDT:USDT,LONG,2025-09-06T13:05:00+00:00,2025-09-06T14:30:00+00:00,17.52,18.737098067683498,18.737098067683498,17.23424654063083,TP,0.069469067790154,0.064269067790154,2.2,0.0044,0.1413919491383388
GPS/USDT:USDT,LONG,2025-09-06T08:25:00+00:00,2025-09-06T15:00:00+00:00,0.01186,0.012794905184173803,0.012794905184173803,0.011640500521976587,TP,0.07882843036878606,0.07362843036878607,2.2,0.0044,0.16198254681132937
NMR/USDT:USDT,LONG,2025-09-06T14:30:00+00:00,2025-09-06T15:10:00+00:00,18.969,20.521759759120165,20.521759759120165,18.604439013076135,TP,0.08185775523855575,0.07665775523855575,2.2,0.0044,0.16864706152482267
USELESS/USDT:USDT,LONG,2025-09-06T15:00:00+00:00,2025-09-06T15:30:00+00:00,0.2192,0.21539119515347457,0.235422687309275,0.21539119515347457,SL,-0.017375934518820402,-0.022575934518820402,2.2,0.0044,-0.049667055941404886
NMR/USDT:USDT,LONG,2025-09-06T15:10:00+00:00,2025-09-06T15:30:00+00:00,20.553,20.08486807554177,22.54689523380358,20.08486807554177,SL,-0.02277681722659614,-0.02797681722659614,2.2,0.0044,-0.06154899789851151
TA/USDT:USDT,LONG,2025-09-06T13:00:00+00:00,2025-09-06T16:20:00+00:00,0.15185,0.14874695842531527,0.16506665855884248,0.14874695842531527,SL,-0.020434913234670695,-0.025634913234670695,2.2,0.0044,-0.05639680911627553
NMR/USDT:USDT,LONG,2025-09-06T15:30:00+00:00,2025-09-06T16:20:00+00:00,19.917,19.340185788878294,22.373801269592462,19.340185788878294,SL,-0.028960898283963817,-0.03416089828396382,2.2,0.0044,-0.0751539762247204
USELESS/USDT:USDT,LONG,2025-09-06T15:30:00+00:00,2025-09-06T16:20:00+00:00,0.2114,0.20729002309140263,0.2289054572032851,0.20729002309140263,SL,-0.019441707230829608,-0.02464170723082961,2.2,0.0044,-0.05421175590782515
GPS/USDT:USDT,LONG,2025-09-06T16:20:00+00:00,2025-09-06T17:00:00+00:00,0.01285,0.01262124304925424,0.013824335160583793,0.01262124304925424,SL,-0.01780209733430039,-0.023002097334300392,2.2,0.0044,-0.050604614135460864
REX/USDT:USDT,LONG,2025-09-06T04:25:00+00:00,2025-09-06T18:45:00+00:00,0.0583,0.06196336095970918,0.06196336095970918,0.05743990655728567,TP,0.06283638009792769,0.05763638009792769,2.2,0.0044,0.12680003621544092
H/USDT:USDT,LONG,2025-09-06T18:45:00+00:00,2025-09-06T19:00:00+00:00,0.03409,0.0335032467493122,0.03658913421589247,0.0335032467493122,SL,-0.017211887670513324,-0.022411887670513324,2.2,0.0044,-0.049306152875129315
NMR/USDT:USDT,LONG,2025-09-06T16:20:00+00:00,2025-09-06T20:10:00+00:00,19.325,18.684165698259292,22.054479433340045,18.684165698259292,SL,-0.03316089530352947,-0.03836089530352947,2.2,0.0044,-0.08439396966776484
H/USDT:USDT,LONG,2025-09-06T19:00:00+00:00,2025-09-06T20:20:00+00:00,0.03306,0.032484164689591435,0.035512631877666095,0.032484164689591435,SL,-0.01741788597727053,-0.022617885977270533,2.2,0.0044,-0.04975934914999518
H/USDT:USDT,LONG,2025-09-06T20:20:00+00:00,2025-09-06T21:20:00+00:00,0.03243,0.03193826278717358,0.03452443627685328,0.03193826278717358,SL,-0.015163034623078081,-0.020363034623078084,2.2,0.0044,-0.04479867617077179
NMR/USDT:USDT,LONG,2025-09-06T20:10:00+00:00,2025-09-06T21:45:00+00:00,18.673,18.324883937685424,20.155716561710225,18.324883937685424,SL,-0.01864274954825545,-0.02384274954825545,2.2,0.0044,-0.052454049006162
DOLO/USDT:USDT,LONG,2025-09-06T11:30:00+00:00,2025-09-06T22:20:00+00:00,0.189168,0.19986748879425117,0.19986748879425117,0.18665594610917582,TP,0.0565607755764779,0.0513607755764779,2.2,0.0044,0.11299370626825138
API3/USDT:USDT,LONG,2025-09-06T21:45:00+00:00,2025-09-06T22:50:00+00:00,1.08,1.069238057676722,1.1258379024880365,1.069238057676722,SL,-0.00996476141044268,-0.01516476141044268,2.2,0.0044,-0.0333624751029739
PYTH/USDT:USDT,LONG,2025-09-06T22:20:00+00:00,2025-09-06T22:50:00+00:00,0.17114,0.1694570290241409,0.17830820971199238,0.1694570290241409,SL,-0.009833884397914537,-0.015033884397914537,2.2,0.0044,-0.03307454567541199
API3/USDT:USDT,LONG,2025-09-06T22:50:00+00:00,2025-09-06T23:20:00+00:00,1.0692,1.0601025793378158,1.1079482731907844,1.0601025793378158,SL,-0.008508623889061082,-0.013708623889061081,2.2,0.0044,-0.03015897255593438
WLD/USDT:USDT,LONG,2025-09-06T23:20:00+00:00,2025-09-07T00:05:00+00:00,0.9649,0.9593211990461854,0.988661559618099,0.9593211990461854,SL,-0.005781740028826384,-0.010981740028826384,2.2,0.0044,-0.024159828063418046
H/USDT:USDT,LONG,2025-09-06T21:20:00+00:00,2025-09-07T00:25:00+00:00,0.03189,0.033486396467385146,0.033486396467385146,0.0315151938728748,TP,0.050059469030578375,0.04485946903057837,2.2,0.0044,0.09869083186727243
PRCL/USDT:USDT,LONG,2025-09-07T00:25:00+00:00,2025-09-07T00:35:00+00:00,0.0758,0.07854821626163987,0.07854821626163987,0.07515476661683239,TP,0.036256151208969134,0.03105615120896913,2.2,0.0044,0.0683235326597321
PRCL/USDT:USDT,LONG,2025-09-07T00:35:00+00:00,2025-09-07T00:45:00+00:00,0.0791,0.0830725946337609,0.0830725946337609,0.07816730386859527,TP,0.05022243531935399,0.04502243531935399,2.2,0.0044,0.09904935770257878
PRCL/USDT:USDT,LONG,2025-09-07T00:45:00+00:00,2025-09-07T00:50:00+00:00,0.0855,0.08407368547853368,0.0915750433321714,0.08407368547853368,SL,-0.01668204118674066,-0.021882041186740663,2.2,0.0044,-0.048140490610829464
PRCL/USDT:USDT,LONG,2025-09-07T00:50:00+00:00,2025-09-07T01:05:00+00:00,0.0827,0.08113642223006698,0.08935968309415915,0.08113642223006698,SL,-0.01890662357839198,-0.02410662357839198,2.2,0.0044,-0.05303457187246236
M/USDT:USDT,LONG,2025-09-06T17:00:00+00:00,2025-09-07T02:20:00+00:00,1.7591,1.8706259787870727,1.8706259787870727,1.7329156397630352,TP,0.06339945357687032,0.05819945357687032,2.2,0.0044,0.1280387978691147
ZORA/USDT:USDT,LONG,2025-09-07T00:05:00+00:00,2025-09-07T02:20:00+00:00,0.07431,0.07387643983143528,0.07615664516240526,0.07387643983143528,SL,-0.005834479458548206,-0.011034479458548206,2.2,0.0044,-0.024275854808806056
WLD/USDT:USDT,LONG,2025-09-07T02:20:00+00:00,2025-09-07T02:50:00+00:00,0.9935,0.9882970787705534,1.015660590421717,0.9882970787705534,SL,-0.005236961479060549,-0.01043696147906055,2.2,0.0044,-0.02296131525393321
M/USDT:USDT,LONG,2025-09-07T02:50:00+00:00,2025-09-07T03:00:00+00:00,1.9325,1.9092237209980352,2.031639706860221,1.9092237209980352,SL,-0.012044646314082762,-0.017244646314082762,2.2,0.0044,-0.03793822189098208
NIL/USDT:USDT,LONG,2025-09-06T22:50:00+00:00,2025-09-07T04:15:00+00:00,0.2893,0.29691812076410823,0.29691812076410823,0.28751139773364415,TP,0.02633294422436304,0.021132944224363036,2.2,0.0044,0.046492477293598684
PRCL/USDT:USDT,LONG,2025-09-07T01:05:00+00:00,2025-09-07T04:30:00+00:00,0.0796,0.07754011940213454,0.08837356550942699,0.07754011940213454,SL,-0.02587789695810886,-0.031077896958108864,2.2,0.0044,-0.0683713733078395
EIGEN/USDT:USDT,LONG,2025-09-07T04:15:00+00:00,2025-09-07T04:35:00+00:00,1.4269,1.4154691113233624,1.4755871184375309,1.4154691113233624,SL,-0.0080109949377235,-0.0132109949377235,2.2,0.0044,-0.0290641888629917
USELESS/USDT:USDT,LONG,2025-09-06T16:20:00+00:00,2025-09-07T05:20:00+00:00,0.2058,0.22090436980639952,0.22090436980639952,0.20225375665414969,TP,0.07339343929251461,0.06819343929251462,2.2,0.0044,0.15002556644353218
EIGEN/USDT:USDT,LONG,2025-09-07T05:20:00+00:00,2025-09-07T05:30:00+00:00,1.4046,1.3951698141885116,1.4447656062341172,1.3951698141885116,SL,-0.006713787420965732,-0.011913787420965731,2.2,0.0044,-0.026210332326124613
WLD/USDT:USDT,LONG,2025-09-07T04:30:00+00:00,2025-09-07T05:45:00+00:00,1.0218,1.0509512582018317,1.0509512582018317,1.0149557915526135,TP,0.028529319046615403,0.0233293190466154,2.2,0.0044,0.05132450190255389
MERL/USDT:USDT,LONG,2025-09-07T05:30:00+00:00,2025-09-07T06:00:00+00:00,0.16975,0.167306670364671,0.18015677437269756,0.167306670364671,SL,-0.014393694464382949,-0.01959369446438295,2.2,0.0044,-0.0431061278216425
WLD/USDT:USDT,LONG,2025-09-07T05:45:00+00:00,2025-09-07T06:05:00+00:00,1.0554,1.0474553613575242,1.089238275699434,1.0474553613575242,SL,-0.007527609098423104,-0.012727609098423104,2.2,0.0044,-0.028000740016530832
WLD/USDC:USDC,LONG,2025-09-07T06:00:00+00:00,2025-09-07T06:05:00+00:00,1.05277,1.0448799942651237,1.0863755799818806,1.0448799942651237,SL,-0.007494519918763172,-0.012694519918763173,2.2,0.0044,-0.027927943821278983
WLD/USDC:USDC,LONG,2025-09-07T06:05:00+00:00,2025-09-07T06:15:00+00:00,1.04302,1.0345618803890435,1.079045324268889,1.0345618803890435,SL,-0.008109259276865783,-0.013309259276865782,2.2,0.0044,-0.029280370409104722
WLD/USDT:USDT,LONG,2025-09-07T06:05:00+00:00,2025-09-07T06:20:00+00:00,1.0433,1.0342005807926968,1.0820567855125869,1.0342005807926968,SL,-0.008721766708811522,-0.013921766708811522,2.2,0.0044,-0.03062788675938535
WLD/USDC:USDC,LONG,2025-09-07T06:15:00+00:00,2025-09-07T06:25:00+00:00,1.03451,1.025604302988512,1.072441672456338,1.025604302988512,SL,-0.00860861375094298,-0.01380861375094298,2.2,0.0044,-0.03037895025207456
EIGEN/USDC:USDC,LONG,2025-09-07T03:00:00+00:00,2025-09-07T06:30:00+00:00,1.391,1.3817355427286586,1.430459725414973,1.3817355427286586,SL,-0.0066602856012519035,-0.011860285601251904,2.2,0.0044,-0.02609262832275419
WLD/USDT:USDT,LONG,2025-09-07T06:20:00+00:00,2025-09-07T06:45:00+00:00,1.0273,1.0177869562687885,1.0678185195959016,1.0177869562687885,SL,-0.009260239201023698,-0.014460239201023697,2.2,0.0044,-0.031812526242252136
H/USDT:USDT,LONG,2025-09-07T02:20:00+00:00,2025-09-07T07:00:00+00:00,0.03328,0.0347301472764052,0.0347301472764052,0.03293953063945269,TP,0.04357413691121404,0.03837413691121404,2.2,0.0044,0.08442310120467089
C/USDT:USDT,LONG,2025-09-07T06:45:00+00:00,2025-09-07T07:00:00+00:00,0.25388,0.25144507277446043,0.26425098633100175,0.25144507277446043,SL,-0.009590858773985989,-0.014790858773985989,2.2,0.0044,-0.03253988930276918
TAC/USDT:USDT,LONG,2025-09-07T07:00:00+00:00,2025-09-07T07:05:00+00:00,0.01016,0.01006491908779705,0.01056497425567924,0.01006491908779705,SL,-0.00935835750029047,-0.01455835750029047,2.2,0.0044,-0.032028386500639036
PRCL/USDT:USDT,LONG,2025-09-07T04:35:00+00:00,2025-09-07T07:20:00+00:00,0.0779,0.08271310842788804,0.08271310842788804,0.07676996584736541,TP,0.06178573078161799,0.056585730781617986,2.2,0.0044,0.12448860771955958
PRCL/USDT:USDT,LONG,2025-09-07T07:20:00+00:00,2025-09-07T07:30:00+00:00,0.0835,0.08246582109358656,0.08790483608287208,0.08246582109358656,SL,-0.012385376124711868,-0.017585376124711866,2.2,0.0044,-0.03868782747436611
WLD/USDC:USDC,LONG,2025-09-07T06:25:00+00:00,2025-09-07T07:40:00+00:00,1.02375,1.0149290632911148,1.0613206563526587,1.0149290632911148,SL,-0.008616299593538632,-0.013816299593538632,2.2,0.0044,-0.030395859105784993
EIGEN/USDT:USDT,LONG,2025-09-07T07:40:00+00:00,2025-09-07T08:05:00+00:00,1.3946,1.3879916990708148,1.422746466920604,1.3879916990708148,SL,-0.004738491989950735,-0.009938491989950735,2.2,0.0044,-0.021864682377891617
SKYAI/USDT:USDT,LONG,2025-09-07T08:05:00+00:00,2025-09-07T08:15:00+00:00,0.04812,0.04781066410883047,0.04943754175868505,0.04781066410883047,SL,-0.006428426666033558,-0.011628426666033559,2.2,0.0044,-0.02558253866527383
DOLO/USDT:USDT,LONG,2025-09-07T06:30:00+00:00,2025-09-07T08:25:00+00:00,0.211565,0.20924698862677385,0.22143801140448174,0.20924698862677385,SL,-0.010956497403758434,-0.016156497403758435,2.2,0.0044,-0.03554429428826856
AIXBT/USDT:USDT,LONG,2025-09-07T08:15:00+00:00,2025-09-07T08:45:00+00:00,0.11277,0.11212883629841208,0.11550088243268924,0.11212883629841208,SL,-0.005685587493020422,-0.010885587493020422,2.2,0.0044,-0.02394829248464493
TAC/USDT:USDT,LONG,2025-09-07T07:05:00+00:00,2025-09-07T08:55:00+00:00,0.01005,0.009943967724382973,0.01050161895170215,0.009943967724382973,SL,-0.010550475185773773,-0.01575047518577377,2.2,0.0044,-0.0346510454087023
PRCL/USDT:USDT,LONG,2025-09-07T07:30:00+00:00,2025-09-07T09:30:00+00:00,0.0821,0.08076250900416393,0.08779672090819073,0.08076250900416393,SL,-0.016290998731255505,-0.021490998731255505,2.2,0.0044,-0.047280197208762115
CUDIS/USDT:USDT,LONG,2025-09-07T08:25:00+00:00,2025-09-07T09:35:00+00:00,0.08595,0.08520952606694211,0.08910387045561691,0.08520952606694211,SL,-0.008615170832552489,-0.013815170832552489,2.2,0.0044,-0.030393375831615478
DOLO/USDT:USDT,LONG,2025-09-07T08:55:00+00:00,2025-09-07T09:35:00+00:00,0.209178,0.206079492890326,0.22237534509675957,0.206079492890326,SL,-0.014812777202545164,-0.020012777202545164,2.2,0.0044,-0.044028109845599364
SKYAI/USDT:USDT,LONG,2025-09-07T08:45:00+00:00,2025-09-07T09:55:00+00:00,0.04779,0.0473934349267712,0.04947907346004859,0.0473934349267712,SL,-0.008298076443373081,-0.01349807644337308,2.2,0.0044,-0.02969576817542078
GOR/USDT:USDT,LONG,2025-09-07T09:35:00+00:00,2025-09-07T09:55:00+00:00,0.01083,0.011035721144063107,0.011035721144063107,0.01078170025313301,TP,0.018995488833158602,0.013795488833158601,2.2,0.0044,0.030350075432948924
GOR/USDT:USDT,LONG,2025-09-07T09:55:00+00:00,2025-09-07T10:20:00+00:00,0.01107,0.011364288723333674,0.011364288723333674,0.011000906125826007,TP,0.026584347184613766,0.021384347184613767,2.2,0.0044,0.04704556380615029
REDSTONE/USDT:USDT,LONG,2025-09-05T09:15:00+00:00,2025-09-07T10:50:00+00:00,0.6067,0.7363171696412982,0.7363171696412982,0.5762681427798692,TP,0.21364293661001849,0.20844293661001848,2.2,0.0044,0.4585744605420407
GOR/USDT:USDT,LONG,2025-09-07T10:20:00+00:00,2025-09-07T10:50:00+00:00,0.0118,0.012311404204633355,0.012311404204633355,0.011679931186738256,TP,0.04333933937570809,0.038139339375708084,2.2,0.0044,0.08390654662655779
GOR/USDT:USDT,LONG,2025-09-07T10:50:00+00:00,2025-09-07T11:00:00+00:00,0.01239,0.013036228850165817,0.013036228850165817,0.012238276704743678,TP,0.052157292184488835,0.04695729218448883,2.2,0.0044,0.10330604280587544
REDSTONE/USDT:USDT,LONG,2025-09-07T10:50:00+00:00,2025-09-07T11:05:00+00:00,0.7542,0.7428447895163338,0.802564785393393,0.7428447895163338,SL,-0.015055967228409132,-0.02025596722840913,2.2,0.0044,-0.044563127902500096
GOR/USDT:USDT,LONG,2025-09-07T11:00:00+00:00,2025-09-07T11:10:00+00:00,0.01323,0.013014485526028989,0.014147932018765423,0.013014485526028989,SL,-0.016289831743840643,-0.021489831743840643,2.2,0.0044,-0.04727762983644942
GOR/USDT:USDT,LONG,2025-09-07T11:10:00+00:00,2025-09-07T11:30:00+00:00,0.01295,0.012694634968871932,0.014037665873323247,0.012694634968871932,SL,-0.019719307423016804,-0.024919307423016804,2.2,0.0044,-0.05482247633063697
GOR/USDT:USDT,LONG,2025-09-07T11:30:00+00:00,2025-09-07T11:40:00+00:00,0.01247,0.012185852752653875,0.013680256794252011,0.012185852752653875,SL,-0.022786467309232134,-0.027986467309232134,2.2,0.0044,-0.0615702280803107
REDSTONE/USDT:USDT,LONG,2025-09-07T11:05:00+00:00,2025-09-07T12:00:00+00:00,0.7404,0.7275494003525457,0.7951340355354535,0.7275494003525457,SL,-0.01735629341903603,-0.022556293419036033,2.2,0.0044,-0.049623845521879276
PRCL/USDT:USDT,LONG,2025-09-07T09:35:00+00:00,2025-09-07T12:10:00+00:00,0.0803,0.07918286970621959,0.0850581475475832,0.07918286970621959,SL,-0.013911958826655177,-0.01911195882665518,2.2,0.0044,-0.042046309418641396
WLD/USDT:USDT,LONG,2025-09-07T07:00:00+00:00,2025-09-07T13:05:00+00:00,1.0181,1.054293640382896,1.054293640382896,1.0096023626927113,TP,0.03555018208711911,0.030350182087119107,2.2,0.0044,0.06677040059166205
REDSTONE/USDT:USDT,LONG,2025-09-07T12:00:00+00:00,2025-09-07T13:20:00+00:00,0.7259,0.7723634205147561,0.7723634205147561,0.7149911969226225,TP,0.06400801834241102,0.05880801834241101,2.2,0.0044,0.12937764035330424
BB/USDT:USDT,LONG,2025-09-07T12:10:00+00:00,2025-09-07T13:20:00+00:00,0.15113,0.14976835363827407,0.15692960487401778,0.14976835363827407,SL,-0.009009768819730837,-0.014209768819730836,2.2,0.0044,-0.031261491403407844
ASR/USDT:USDT,LONG,2025-09-07T13:20:00+00:00,2025-09-07T13:35:00+00:00,2.524,2.6270972229664773,2.6270972229664773,2.499794565042653,TP,0.040846760287827764,0.03564676028782776,2.2,0.0044,0.07842287263322108
NMR/USDT:USDT,LONG,2025-09-07T09:30:00+00:00,2025-09-07T13:40:00+00:00,20.628,20.289857177020853,22.068237949726,20.289857177020853,SL,-0.016392419186501233,-0.021592419186501233,2.2,0.0044,-0.04750332221030271
REDSTONE/USDT:USDT,LONG,2025-09-07T13:20:00+00:00,2025-09-07T13:45:00+00:00,0.7777,0.7651838383223771,0.8310095775158008,0.7651838383223771,SL,-0.016093817252954633,-0.021293817252954636,2.2,0.0044,-0.0468463979565002
ASR/USDT:USDT,LONG,2025-09-07T13:35:00+00:00,2025-09-07T14:00:00+00:00,2.64,2.7945126089130286,2.7945126089130286,2.603723126603028,TP,0.05852750337614713,0.053327503376147126,2.2,0.0044,0.11732050742752369
REDSTONE/USDT:USDT,LONG,2025-09-07T13:45:00+00:00,2025-09-07T14:10:00+00:00,0.7578,0.7445470914764503,0.8142475733410452,0.7445470914764503,SL,-0.017488662606954034,-0.022688662606954034,2.2,0.0044,-0.049915057735298876
B3/USDT:USDT,LONG,2025-09-07T14:10:00+00:00,2025-09-07T14:15:00+00:00,0.002791,0.0027604735539107717,0.002921020048157824,0.0027604735539107717,SL,-0.010937458290658687,-0.016137458290658685,2.2,0.0044,-0.03550240823944911
B3/USDT:USDT,LONG,2025-09-07T14:15:00+00:00,2025-09-07T14:20:00+00:00,0.002737,0.0027027140143457166,0.0028830329018608367,0.0027027140143457166,SL,-0.012526848978547037,-0.01772684897854704,2.2,0.0044,-0.038999067752803485
NMR/USDT:USDT,LONG,2025-09-07T13:40:00+00:00,2025-09-07T14:30:00+00:00,20.261,19.91150232223179,21.749601220123846,19.91150232223179,SL,-0.017249774333360106,-0.02244977433336011,2.2,0.0044,-0.04938950353339224
GOR/USDT:USDT,LONG,2025-09-07T11:40:00+00:00,2025-09-07T14:40:00+00:00,0.01218,0.011875705689788291,0.013476068358309131,0.011875705689788291,SL,-0.024983112496856228,-0.030183112496856228,2.2,0.0044,-0.0664028474930837
H/USDT:USDT,LONG,2025-09-07T14:20:00+00:00,2025-09-07T14:45:00+00:00,0.03642,0.03579179604889253,0.03909568349545776,0.03579179604889253,SL,-0.017248872902456653,-0.022448872902456653,2.2,0.0044,-0.04938752038540464
TAC/USDT:USDT,LONG,2025-09-07T13:05:00+00:00,2025-09-07T15:25:00+00:00,0.01047,0.011062036248773428,0.011062036248773428,0.010331000185070587,TP,0.056545964543784896,0.05134596454378489,2.2,0.0044,0.11296112199632677
ASR/USDT:USDT,LONG,2025-09-07T14:00:00+00:00,2025-09-07T15:45:00+00:00,2.8,2.7389938004362357,3.0598412203641803,2.7389938004362357,SL,-0.02178792841563003,-0.02698792841563003,2.2,0.0044,-0.059373442514386074
B3/USDT:USDT,LONG,2025-09-07T14:30:00+00:00,2025-09-07T15:50:00+00:00,0.002733,0.0029028003226633597,0.0029028003226633597,0.0026931338372877334,TP,0.06212964605318678,0.056929646053186775,2.2,0.0044,0.1252452213170109
REDSTONE/USDT:USDT,LONG,2025-09-07T14:45:00+00:00,2025-09-07T16:20:00+00:00,0.7355,0.7243055556109328,0.7831800409163978,0.7243055556109328,SL,-0.015220182717970425,-0.020420182717970428,2.2,0.0044,-0.04492440197953495
BMT/USDT:USDT,LONG,2025-09-07T16:20:00+00:00,2025-09-07T16:35:00+00:00,0.07061,0.06984665229905362,0.07386129576329017,0.06984665229905362,SL,-0.010810759112680665,-0.016010759112680663,2.2,0.0044,-0.03522367004789746
SOLV/USDT:USDT,LONG,2025-09-07T16:35:00+00:00,2025-09-07T16:50:00+00:00,0.0474,0.04677071236569434,0.05008029918315372,0.04677071236569434,SL,-0.013276110428389365,-0.018476110428389363,2.2,0.0044,-0.0406474429424566
BMT/USDT:USDT,LONG,2025-09-07T16:50:00+00:00,2025-09-07T17:25:00+00:00,0.07106,0.06965270131154731,0.07705404996933554,0.06965270131154731,SL,-0.01980437219888383,-0.02500437219888383,2.2,0.0044,-0.05500961883754443
B3/USDT:USDT,LONG,2025-09-07T15:50:00+00:00,2025-09-07T17:30:00+00:00,0.00297,0.002918500995465704,0.0031893476119053354,0.002918500995465704,SL,-0.017339732166429665,-0.02253973216642967,2.2,0.0044,-0.04958741076614528
ASR/USDT:USDT,LONG,2025-09-07T15:45:00+00:00,2025-09-07T17:50:00+00:00,2.733,2.660749226132305,3.0407347775846274,2.660749226132305,SL,-0.026436433906950305,-0.031636433906950305,2.2,0.0044,-0.06960015459529068
BMT/USDT:USDT,LONG,2025-09-07T17:25:00+00:00,2025-09-07T17:55:00+00:00,0.06888,0.0672523143830941,0.07581273503496953,0.0672523143830941,SL,-0.0236307435671587,-0.0288307435671587,2.2,0.0044,-0.06342763584774914
TA/USDT:USDT,LONG,2025-09-07T15:25:00+00:00,2025-09-07T19:05:00+00:00,0.1222,0.11864236897385062,0.13735287288915476,0.11864236897385062,SL,-0.029113183520044026,-0.034313183520044026,2.2,0.0044,-0.07548900374409687
GPS/USDT:USDT,LONG,2025-09-07T19:05:00+00:00,2025-09-07T19:15:00+00:00,0.01402,0.015218348761811811,0.015218348761811811,0.013738648551574617,TP,0.08547423408072836,0.08027423408072837,2.2,0.0044,0.17660331497760243
GPS/USDT:USDT,LONG,2025-09-07T19:15:00+00:00,2025-09-07T19:20:00+00:00,0.01547,0.015102104108245461,0.01703696398339896,0.015102104108245461,SL,-0.02378124704295658,-0.028981247042956584,2.2,0.0044,-0.06375874349450449
GPS/USDT:USDT,LONG,2025-09-07T19:20:00+00:00,2025-09-07T20:05:00+00:00,0.01496,0.016651609413156177,0.016651609413156177,0.01456283952908507,TP,0.11307549553183008,0.10787549553183008,2.2,0.0044,0.2373260901700262
GPS/USDT:USDT,LONG,2025-09-07T20:05:00+00:00,2025-09-07T20:15:00+00:00,0.01678,0.01619355092721584,0.01927783864333994,0.01619355092721584,SL,-0.03494928920048629,-0.04014928920048629,2.2,0.0044,-0.08832843624106985
ASR/USDT:USDT,LONG,2025-09-07T17:50:00+00:00,2025-09-07T20:20:00+00:00,2.656,2.6079229039016303,2.8607728167152793,2.6079229039016303,SL,-0.018101316302097083,-0.023301316302097086,2.2,0.0044,-0.05126289586461359
GOR/USDT:USDT,LONG,2025-09-07T14:40:00+00:00,2025-09-07T21:05:00+00:00,0.01186,0.012610477906759102,0.012610477906759102,0.011683800839282646,TP,0.06327806970987362,0.05807806970987362,2.2,0.0044,0.12777175336172197
B3/USDT:USDT,LONG,2025-09-07T17:30:00+00:00,2025-09-07T21:15:00+00:00,0.002914,0.002846392997904638,0.0032019557496654307,0.002846392997904638,SL,-0.023200755695045296,-0.0284007556950453,2.2,0.0044,-0.06248166252909966
GPS/USDT:USDT,LONG,2025-09-07T20:15:00+00:00,2025-09-07T21:15:00+00:00,0.01599,0.018598820054716584,0.018598820054716584,0.015377494421936108,TP,0.163153224184902,0.15795322418490199,2.2,0.0044,0.3474970932067844
GPS/USDT:USDT,LONG,2025-09-07T21:15:00+00:00,2025-09-07T21:20:00+00:00,0.01864,0.017976878253632086,0.02146440743823371,0.017976878253632086,SL,-0.03557520098540314,-0.040775200985403146,2.2,0.0044,-0.08970544216788692
TA/USDT:USDT,LONG,2025-09-07T20:20:00+00:00,2025-09-07T23:25:00+00:00,0.12598,0.13652873314106123,0.13652873314106123,0.12350334091470737,TP,0.08373339530926514,0.07853339530926515,2.2,0.0044,0.17277346968038335
GPS/USDT:USDT,LONG,2025-09-07T21:20:00+00:00,2025-09-07T23:55:00+00:00,0.0179,0.017197072664086935,0.020893949764074157,0.017197072664086935,SL,-0.03926968357056222,-0.044469683570562225,2.2,0.0044,-0.0978333038552369
NAORIS/USDT:USDT,LONG,2025-09-07T21:05:00+00:00,2025-09-08T00:15:00+00:00,0.03075,0.03409456446372442,0.03409456446372442,0.029964754430256004,TP,0.10876632402355842,0.10356632402355842,2.2,0.0044,0.22784591285182854
GPS/USDT:USDT,LONG,2025-09-07T23:55:00+00:00,2025-09-08T00:20:00+00:00,0.01718,0.01648704984454241,0.020131454365837888,0.01648704984454241,SL,-0.04033470055050014,-0.04553470055050014,2.2,0.0044,-0.10017634121110032
NAORIS/USDT:USDT,LONG,2025-09-08T00:15:00+00:00,2025-09-08T00:20:00+00:00,0.03473,0.03387766342771955,0.0383603224374908,0.03387766342771955,SL,-0.024541795919390944,-0.029741795919390947,2.2,0.0044,-0.06543195102266008
TA/USDT:USDT,LONG,2025-09-07T23:25:00+00:00,2025-09-08T00:25:00+00:00,0.13702,0.1480575267501663,0.1480575267501663,0.1344285806760479,TP,0.08055412896048977,0.07535412896048978,2.2,0.0044,0.16577908371307754
CUDIS/USDT:USDT,LONG,2025-09-08T00:20:00+00:00,2025-09-08T00:30:00+00:00,0.1105,0.10826854338114153,0.12000435226550829,0.10826854338114153,SL,-0.02019417754623051,-0.02539417754623051,2.2,0.0044,-0.055867190601707126
NAORIS/USDT:USDT,LONG,2025-09-08T00:30:00+00:00,2025-09-08T00:40:00+00:00,0.03315,0.0321222353318877,0.03752751617899683,0.0321222353318877,SL,-0.031003459068244407,-0.03620345906824441,2.2,0.0044,-0.07964760995013771
NAORIS/USDT:USDT,LONG,2025-09-08T00:40:00+00:00,2025-09-08T00:45:00+00:00,0.0317,0.030671321281066435,0.03608140935842074,0.030671321281066435,SL,-0.03245043277392945,-0.03765043277392945,2.2,0.0044,-0.08283095210264481
TA/USDT:USDT,LONG,2025-09-08T00:25:00+00:00,2025-09-08T00:50:00+00:00,0.15156,0.1472414853700983,0.16995367342365542,0.1472414853700983,SL,-0.028493762403679793,-0.03369376240367979,2.2,0.0044,-0.07412627728809555
TA/USDT:USDT,LONG,2025-09-08T00:50:00+00:00,2025-09-08T01:20:00+00:00,0.1419,0.16467211887251088,0.16467211887251088,0.1365535025255844,TP,0.160480048432071,0.155280048432071,2.2,0.0044,0.3416161065505562
GPS/USDT:USDT,LONG,2025-09-08T00:20:00+00:00,2025-09-08T01:35:00+00:00,0.01646,0.015751933503022706,0.0194758387834218,0.015751933503022706,SL,-0.04301740564868122,-0.048217405648681225,2.2,0.0044,-0.10607829242709871
SOON/USDT:USDT,LONG,2025-09-07T21:15:00+00:00,2025-09-08T02:15:00+00:00,0.32906,0.34762457441607914,0.34762457441607914,0.3247013607892684,TP,0.05641698904783053,0.05121698904783053,2.2,0.0044,0.11267737590522717
SOON/USDT:USDT,LONG,2025-09-08T02:15:00+00:00,2025-09-08T02:20:00+00:00,0.34888,0.34425366667684454,0.3685847530430697,0.34425366667684454,SL,-0.013260528901500472,-0.018460528901500475,2.2,0.0044,-0.04061316358330105
SOLV/USDT:USDT,LONG,2025-09-07T17:55:00+00:00,2025-09-08T02:30:00+00:00,0.04663,0.04853409185530779,0.04853409185530779,0.04618295234701469,TP,0.04083405222620188,0.035634052226201876,2.2,0.0044,0.07839491489764414
GPS/USDT:USDT,LONG,2025-09-08T01:35:00+00:00,2025-09-08T02:50:00+00:00,0.01571,0.015252698368511201,0.017657766208193024,0.015252698368511201,SL,-0.029108951717937447,-0.03430895171793745,2.2,0.0044,-0.0754796937794624
TA/USDT:USDT,LONG,2025-09-08T01:20:00+00:00,2025-09-08T03:00:00+00:00,0.1668,0.19289803192453098,0.19289803192453098,0.1606726359829362,TP,0.1564630211302816,0.1512630211302816,2.2,0.0044,0.33277864648661953
OG/USDT:USDT,LONG,2025-09-08T02:50:00+00:00,2025-09-08T03:05:00+00:00,17.3277,17.13285273550657,18.157605015434978,17.13285273550657,SL,-0.011244842910105158,-0.01644484291010516,2.2,0.0044,-0.03617865440223135
SOON/USDT:USDT,LONG,2025-09-08T02:30:00+00:00,2025-09-08T03:25:00+00:00,0.34116,0.36251764811793885,0.36251764811793885,0.33614559565926655,TP,0.06260302531931888,0.05740302531931888,2.2,0.0044,0.12628665570250155
CUDIS/USDT:USDT,LONG,2025-09-08T00:45:00+00:00,2025-09-08T03:50:00+00:00,0.09687,0.09337810078392593,0.1117429040684636,0.09337810078392593,SL,-0.036047271767049326,-0.04124727176704933,2.2,0.0044,-0.09074399788750853
TA/USDT:USDT,LONG,2025-09-08T03:00:00+00:00,2025-09-08T03:50:00+00:00,0.19311,0.18437160451157197,0.23032909189515643,0.18437160451157197,SL,-0.045250869910558905,-0.05045086991055891,2.2,0.0044,-0.1109919138032296
SOON/USDT:USDT,LONG,2025-09-08T03:25:00+00:00,2025-09-08T03:55:00+00:00,0.36451,0.35879299421207955,0.388860209837439,0.35879299421207955,SL,-0.01568408490280225,-0.020884084902802254,2.2,0.0044,-0.04594498678616496
TA/USDT:USDT,LONG,2025-09-08T03:50:00+00:00,2025-09-08T04:15:00+00:00,0.1655,0.15093624452715582,0.22753081034729938,0.15093624452715582,SL,-0.08799852249452683,-0.09319852249452683,2.2,0.0044,-0.20503674948795902
SOON/USDT:USDT,LONG,2025-09-08T03:55:00+00:00,2025-09-08T04:50:00+00:00,0.35153,0.3432193966171373,0.38692701440848937,0.3432193966171373,SL,-0.023641235123211996,-0.028841235123211996,2.2,0.0044,-0.0634507172710664
WLD/USDC:USDC,LONG,2025-09-08T03:05:00+00:00,2025-09-08T04:55:00+00:00,1.18782,1.2524982066301633,1.2524982066301633,1.172634681921614,TP,0.0544511850534283,0.0492511850534283,2.2,0.0044,0.10835260711754227
BIO/USDT:USDT,LONG,2025-09-08T04:50:00+00:00,2025-09-08T04:55:00+00:00,0.17871,0.1764669170190258,0.18826387195600128,0.1764669170190258,SL,-0.01255152471028033,-0.017751524710280332,2.2,0.0044,-0.039053354362616734
WLD/USDT:USDT,LONG,2025-09-08T03:50:00+00:00,2025-09-08T05:00:00+00:00,1.1961,1.2668442991673197,1.2668442991673197,1.179490468891151,TP,0.05914580651059253,0.053945806510592526,2.2,0.0044,0.11868077432330357
SKYAI/USDT:USDT,LONG,2025-09-07T09:55:00+00:00,2025-09-08T05:40:00+00:00,0.04737,0.04698748917997995,0.048999212751937284,0.04698748917997995,SL,-0.008074959257337016,-0.013274959257337016,2.2,0.0044,-0.029204910366141437
NAORIS/USDT:USDT,LONG,2025-09-08T02:20:00+00:00,2025-09-08T05:40:00+00:00,0.03109,0.033853703077005096,0.033853703077005096,0.030441130581920543,TP,0.0888936338695753,0.0836936338695753,2.2,0.0044,0.1841259945130657
WLD/USDT:USDT,LONG,2025-09-08T05:00:00+00:00,2025-09-08T05:45:00+00:00,1.2925,1.2721050866733679,1.379367223428248,1.2721050866733679,SL,-0.015779430039947487,-0.02097943003994749,2.2,0.0044,-0.04615474608788448
BIO/USDT:USDT,LONG,2025-09-08T04:55:00+00:00,2025-09-08T05:50:00+00:00,0.17585,0.17353030866052396,0.1857301668162869,0.17353030866052396,SL,-0.013191307020051425,-0.01839130702005143,2.2,0.0044,-0.04046087544411314
NAORIS/USDT:USDT,LONG,2025-09-08T05:40:00+00:00,2025-09-08T05:55:00+00:00,0.03428,0.033693024497631945,0.03678008084341948,0.033693024497631945,SL,-0.017122972647842866,-0.022322972647842866,2.2,0.0044,-0.04911053982525431
SPK/USDT:USDT,LONG,2025-09-08T05:40:00+00:00,2025-09-08T06:00:00+00:00,0.06844,0.07253488844759412,0.07253488844759412,0.06747859140795616,TP,0.05983180081230449,0.05463180081230449,2.2,0.0044,0.12018996178706988
SPK/USDT:USDT,LONG,2025-09-08T06:00:00+00:00,2025-09-08T06:15:00+00:00,0.07387,0.07262716176599948,0.07916357025592814,0.07262716176599948,SL,-0.016824668119676773,-0.022024668119676773,2.2,0.0044,-0.04845426986328891
NAORIS/USDT:USDT,LONG,2025-09-08T05:55:00+00:00,2025-09-08T06:35:00+00:00,0.03265,0.031849194031085055,0.03606084023797106,0.031849194031085055,SL,-0.024526982202601626,-0.02972698220260163,2.2,0.0044,-0.06539936084572359
OG/USDT:USDT,LONG,2025-09-08T06:35:00+00:00,2025-09-08T07:00:00+00:00,17.5768,17.33175198315307,18.620523034718403,17.33175198315307,SL,-0.013941560286680726,-0.01914156028668073,2.2,0.0044,-0.04211143263069761
ARKM/USDT:USDT,LONG,2025-09-08T07:00:00+00:00,2025-09-08T07:10:00+00:00,0.5279,0.5237663281071753,0.5455063802842537,0.5237663281071753,SL,-0.00783040707108309,-0.01303040707108309,2.2,0.0044,-0.0286668955563828
GORK/USDT:USDT,LONG,2025-09-08T05:50:00+00:00,2025-09-08T07:25:00+00:00,0.01043,0.010796696256336757,0.010796696256336757,0.010343906096338326,TP,0.03515783857495274,0.02995783857495274,2.2,0.0044,0.06590724486489603
WLD/USDC:USDC,LONG,2025-09-08T04:55:00+00:00,2025-09-08T07:45:00+00:00,1.26163,1.2434436605722443,1.3390903345997005,1.2434436605722443,SL,-0.014414954802720065,-0.019614954802720068,2.2,0.0044,-0.043152900565984156
WLD/USDT:USDT,LONG,2025-09-08T05:45:00+00:00,2025-09-08T07:45:00+00:00,1.2619,1.2423170860153916,1.3453087077122214,1.2423170860153916,SL,-0.015518594171177137,-0.020718594171177135,2.2,0.0044,-0.0455809071765897
SPK/USDT:USDT,LONG,2025-09-08T06:15:00+00:00,2025-09-08T08:15:00+00:00,0.0708,0.0690186158891767,0.07838737676832147,0.0690186158891767,SL,-0.025160792525752908,-0.03036079252575291,2.2,0.0044,-0.0667937435566564
HYPE/USDT:USDT,LONG,2025-09-08T07:45:00+00:00,2025-09-08T08:40:00+00:00,49.888,50.79061699268786,50.79061699268786,49.67608122780372,TP,0.0180928678778035,0.012892867877803499,2.2,0.0044,0.028364309331167698
TA/USDT:USDT,LONG,2025-09-08T04:15:00+00:00,2025-09-08T09:25:00+00:00,0.14625,0.2095702265579071,0.2095702265579071,0.13138351202553483,TP,0.4329588140711598,0.42775881407115984,2.2,0.0044,0.9410693909565517
TA/USDT:USDT,LONG,2025-09-08T09:25:00+00:00,2025-09-08T10:50:00+00:00,0.21351,0.20296790037520185,0.25841153543895506,0.20296790037520185,SL,-0.04937520315113183,-0.05457520315113183,2.2,0.0044,-0.12006544693249004
GORK/USDT:USDT,LONG,2025-09-08T07:25:00+00:00,2025-09-08T10:55:00+00:00,0.01089,0.010760569744909852,0.011441277012421001,0.010760569744909852,SL,-0.011885239218562762,-0.01708523921856276,2.2,0.0044,-0.03758752628083808
WLD/USDT:USDT,LONG,2025-09-08T07:45:00+00:00,2025-09-08T11:00:00+00:00,1.2375,1.2238801940824418,1.2955102844636741,1.2238801940824418,SL,-0.011005903771764277,-0.016205903771764278,2.2,0.0044,-0.03565298829788142
WLD/USDC:USDC,LONG,2025-09-08T08:15:00+00:00,2025-09-08T11:00:00+00:00,1.25221,1.2387804593464433,1.3094098953762605,1.2387804593464433,SL,-0.010724671303979944,-0.015924671303979943,2.2,0.0044,-0.035034276868755876
USELESS/USDT:USDT,LONG,2025-09-08T10:55:00+00:00,2025-09-08T11:10:00+00:00,0.2394,0.236503711527309,0.25173604349479495,0.236503711527309,SL,-0.012098113921015013,-0.01729811392101501,2.2,0.0044,-0.038055850626233026
BROCCOLIF3B/USDT:USDT,LONG,2025-09-08T11:10:00+00:00,2025-09-08T11:15:00+00:00,0.012522,0.01232803000926281,0.013348168479065814,0.01232803000926281,SL,-0.015490336267145076,-0.020690336267145074,2.2,0.0044,-0.04551873978771916
BROCCOLIF3B/USDT:USDT,LONG,2025-09-08T11:15:00+00:00,2025-09-08T11:20:00+00:00,0.012233,0.012005442151458323,0.013202227873418257,0.012005442151458323,SL,-0.018601965874411645,-0.02380196587441165,2.2,0.0044,-0.05236432492370563
PENGU/USDT:USDT,LONG,2025-09-08T11:00:00+00:00,2025-09-08T11:30:00+00:00,0.032525,0.03228472528409233,0.03354839230849559,0.03228472528409233,SL,-0.00738738557748394,-0.01258738557748394,2.2,0.0044,-0.02769224827046467
BROCCOLIF3B/USDT:USDT,LONG,2025-09-08T11:20:00+00:00,2025-09-08T11:35:00+00:00,0.011674,0.011400981997782729,0.01283685445388838,0.011400981997782729,SL,-0.023386842746040037,-0.028586842746040037,2.2,0.0044,-0.06289105404128809
ARKM/USDT:USDT,LONG,2025-09-08T11:30:00+00:00,2025-09-08T12:10:00+00:00,0.5393,0.5333027096436189,0.5648440144808824,0.5333027096436189,SL,-0.01112050872683308,-0.016320508726833077,2.2,0.0044,-0.035905119199032776
TA/USDT:USDT,LONG,2025-09-08T10:50:00+00:00,2025-09-08T12:15:00+00:00,0.19764,0.2510310993391444,0.2510310993391444,0.18510469841602697,TP,0.2701431862939911,0.2649431862939911,2.2,0.0044,0.5828750098467805
ZBCN/USDT:USDT,LONG,2025-09-08T11:00:00+00:00,2025-09-08T12:15:00+00:00,0.004139,0.004103169571957821,0.004291611082401875,0.004103169571957821,SL,-0.008656783774385005,-0.013856783774385005,2.2,0.0044,-0.030484924303647014
OG/USDT:USDT,LONG,2025-09-08T07:10:00+00:00,2025-09-08T12:30:00+00:00,17.2432,18.246029773573976,18.246029773573976,17.007753009682634,TP,0.05815798538403398,0.05295798538403398,2.2,0.0044,0.11650756784487476
SQD/USDT:USDT,LONG,2025-09-08T12:15:00+00:00,2025-09-08T12:45:00+00:00,0.08599,0.08527253255860737,0.08904587984296858,0.08527253255860737,SL,-0.008343614855130018,-0.013543614855130018,2.2,0.0044,-0.029795952681286042
EPT/USDT:USDT,LONG,2025-09-08T12:45:00+00:00,2025-09-08T12:55:00+00:00,0.005121,0.005052364493718239,0.005413336415644536,0.005052364493718239,SL,-0.013402754595149481,-0.018602754595149484,2.2,0.0044,-0.040926060109328866
PENGU/USDT:USDT,LONG,2025-09-08T11:35:00+00:00,2025-09-08T13:15:00+00:00,0.032297,0.033199975551027175,0.033199975551027175,0.032084997044541444,TP,0.027958496176956858,0.022758496176956855,2.2,0.0044,0.05006869158930508
TA/USDT:USDT,LONG,2025-09-08T12:15:00+00:00,2025-09-08T13:25:00+00:00,0.25347,0.30996838278802025,0.30996838278802025,0.24020516230194303,TP,0.2228996835444837,0.21769968354448369,2.2,0.0044,0.47893930379786415
ZORA/USDT:USDT,LONG,2025-09-08T12:10:00+00:00,2025-09-08T13:30:00+00:00,0.08134,0.0806404771485347,0.08431944918216698,0.0806404771485347,SL,-0.008599985879829053,-0.013799985879829052,2.2,0.0044,-0.030359968935623916
TA/USDT:USDT,LONG,2025-09-08T13:25:00+00:00,2025-09-08T13:30:00+00:00,0.31901,0.3013741474150607,0.3941256684173342,0.3013741474150607,SL,-0.055283071329862155,-0.06048307132986216,2.2,0.0044,-0.13306275692569675
NAORIS/USDT:USDT,LONG,2025-09-08T13:30:00+00:00,2025-09-08T13:45:00+00:00,0.03521,0.034184642301335756,0.03957726427208844,0.034184642301335756,SL,-0.029121207005516677,-0.03432120700551668,2.2,0.0044,-0.07550665541213669
USELESS/USDT:USDT,LONG,2025-09-08T12:30:00+00:00,2025-09-08T13:55:00+00:00,0.2475,0.2448856030082755,0.25863539459438206,0.2448856030082755,SL,-0.010563220168583834,-0.015763220168583836,2.2,0.0044,-0.03467908437088444
WLD/USDC:USDC,LONG,2025-09-08T12:55:00+00:00,2025-09-08T14:00:00+00:00,1.26563,1.331028720622631,1.331028720622631,1.2502755177668605,TP,0.05167285906831457,0.04647285906831457,2.2,0.0044,0.10224028995029205
WLD/USDT:USDT,LONG,2025-09-08T13:55:00+00:00,2025-09-08T14:05:00+00:00,1.3011,1.3785640923349705,1.3785640923349705,1.2829127783213548,TP,0.059537385546822336,0.05433738554682233,2.2,0.0044,0.11954224820300914
ATH/USDT:USDT,LONG,2025-09-08T13:15:00+00:00,2025-09-08T14:30:00+00:00,0.03388,0.035200260197619154,0.035200260197619154,0.03357002586664594,TP,0.03896871893799155,0.03376871893799155,2.2,0.0044,0.07429118166358141
WLD/USDC:USDC,LONG,2025-09-08T14:00:00+00:00,2025-09-08T14:35:00+00:00,1.34949,1.4403446317378352,1.4403446317378352,1.3281589125485083,TP,0.0673251611629839,0.0621251611629839,2.2,0.0044,0.13667535455856458
PENGU/USDC:USDC,LONG,2025-09-08T08:40:00+00:00,2025-09-08T14:45:00+00:00,0.032358,0.033445928920999984,0.033445928920999984,0.03210257320985217,TP,0.03362163672043966,0.02842163672043966,2.2,0.0044,0.06252760078496726
WLD/USDT:USDT,LONG,2025-09-08T14:05:00+00:00,2025-09-08T14:55:00+00:00,1.3799,1.4829039367582144,1.4829039367582144,1.3557164670219843,TP,0.07464594300906914,0.06944594300906914,2.2,0.0044,0.15278107461995213
ATH/USDT:USDT,LONG,2025-09-08T14:30:00+00:00,2025-09-08T15:30:00+00:00,0.03529,0.03709958324184356,0.03709958324184356,0.034865141325828033,TP,0.051277507561449574,0.04607750756144957,2.2,0.0044,0.10137051663518906
ATH/USDT:USDT,LONG,2025-09-08T15:30:00+00:00,2025-09-08T15:40:00+00:00,0.03738,0.036824828152410685,0.03974462083232485,0.036824828152410685,SL,-0.014852109352309026,-0.020052109352309028,2.2,0.0044,-0.04411464057507986
NAORIS/USDT:USDT,LONG,2025-09-08T14:45:00+00:00,2025-09-08T15:50:00+00:00,0.03506,0.034152548838538174,0.03892506976178185,0.034152548838538174,SL,-0.025882805518021294,-0.031082805518021298,2.2,0.0044,-0.06838217213964685
GOAT/USDT:USDT,LONG,2025-09-08T15:50:00+00:00,2025-09-08T16:05:00+00:00,0.09465,0.093731926903988,0.09856031133486592,0.093731926903988,SL,-0.009699662926698313,-0.014899662926698313,2.2,0.0044,-0.03277925843873629
ATH/USDT:USDT,LONG,2025-09-08T15:40:00+00:00,2025-09-08T16:25:00+00:00,0.03665,0.03932513735032092,0.03932513735032092,0.036021924274272484,TP,0.07299146931298552,0.06779146931298552,2.2,0.0044,0.14914123248856814
FXS/USDT:USDT,LONG,2025-09-08T13:45:00+00:00,2025-09-08T16:35:00+00:00,3.0402,3.0122414048730874,3.1592829051701825,3.0122414048730874,SL,-0.009196301271927033,-0.014396301271927033,2.2,0.0044,-0.03167186279823948
ATH/USDT:USDT,LONG,2025-09-08T16:25:00+00:00,2025-09-08T16:35:00+00:00,0.03948,0.03871418651463504,0.04274179817840633,0.03871418651463504,SL,-0.01939750469516111,-0.02459750469516111,2.2,0.0044,-0.054114510329354444
TA/USDT:USDT,LONG,2025-09-08T13:30:00+00:00,2025-09-08T17:05:00+00:00,0.29383,0.2742493368854135,0.3772291206732389,0.2742493368854135,SL,-0.06663942795012935,-0.07183942795012935,2.2,0.0044,-0.15804674149028458
TA/USDT:USDT,LONG,2025-09-08T17:05:00+00:00,2025-09-08T17:10:00+00:00,0.24125,0.21479083518680447,0.35394644272286985,0.21479083518680447,SL,-0.10967529456246847,-0.11487529456246846,2.2,0.0044,-0.25272564803743064
TA/USDT:USDT,LONG,2025-09-08T17:10:00+00:00,2025-09-08T17:30:00+00:00,0.21035,0.182358718387747,0.329572125385522,0.182358718387747,SL,-0.1330700338115189,-0.13827003381151892,2.2,0.0044,-0.30419407438534163
REX/USDT:USDT,LONG,2025-09-08T16:05:00+00:00,2025-09-08T17:35:00+00:00,0.06729,0.07075625667604739,0.07075625667604739,0.06647618321518887,TP,0.0515122109681585,0.0463122109681585,2.2,0.0044,0.1018868641299487
AI16Z/USDT:USDT,LONG,2025-09-08T17:30:00+00:00,2025-09-08T17:45:00+00:00,0.1118,0.1104045485605369,0.11774358946437986,0.1104045485605369,SL,-0.012481676560492816,-0.01768167656049282,2.2,0.0044,-0.0388996884330842
ATH/USDT:USDT,LONG,2025-09-08T16:35:00+00:00,2025-09-08T18:00:00+00:00,0.03867,0.0419851831232177,0.0419851831232177,0.03789165265802715,TP,0.08573010403976465,0.08053010403976466,2.2,0.0044,0.17716622888748226
WLD/USDC:USDC,LONG,2025-09-08T14:35:00+00:00,2025-09-08T18:05:00+00:00,1.46093,1.4332514762670672,1.5788200084921216,1.4332514762670672,SL,-0.01894582473693667,-0.024145824736936675,2.2,0.0044,-0.05312081442126069
WLD/USDT:USDT,LONG,2025-09-08T14:55:00+00:00,2025-09-08T18:05:00+00:00,1.4949,1.4643427281246164,1.6250513431729297,1.4643427281246164,SL,-0.020441014031295397,-0.0256410140312954,2.2,0.0044,-0.05641023086884989
REX/USDT:USDT,LONG,2025-09-08T17:35:00+00:00,2025-09-08T18:05:00+00:00,0.07162,0.07532547812377438,0.07532547812377438,0.07075001817963558,TP,0.05173803579690558,0.046538035796905575,2.2,0.0044,0.10238367875319228
ATH/USDT:USDT,LONG,2025-09-08T18:00:00+00:00,2025-09-08T18:05:00+00:00,0.04372,0.04278433346688475,0.04770524634475015,0.04278433346688475,SL,-0.021401338817823762,-0.026601338817823762,2.2,0.0044,-0.05852294539921228
H/USDT:USDT,LONG,2025-09-08T16:35:00+00:00,2025-09-08T18:15:00+00:00,0.03854,0.041344056341105426,0.041344056341105426,0.03788165633730568,TP,0.07275704050610866,0.06755704050610867,2.2,0.0044,0.1486254891134391
ARKM/USDT:USDT,LONG,2025-09-08T17:45:00+00:00,2025-09-08T18:20:00+00:00,0.599,0.5897744946510421,0.6382938190788943,0.5897744946510421,SL,-0.01540151143398636,-0.020601511433986364,2.2,0.0044,-0.04532332515477001
REX/USDT:USDT,LONG,2025-09-08T18:05:00+00:00,2025-09-08T18:20:00+00:00,0.0792,0.077419300845368,0.08678445936232157,0.077419300845368,SL,-0.022483575184747626,-0.02768357518474763,2.2,0.0044,-0.06090386540644479
H/USDT:USDT,LONG,2025-09-08T18:15:00+00:00,2025-09-08T18:45:00+00:00,0.04163,0.04549983418402651,0.04549983418402651,0.040721430235054645,TP,0.09295782330114129,0.08775782330114129,2.2,0.0044,0.19306721126251086
ATH/USDT:USDT,LONG,2025-09-08T18:05:00+00:00,2025-09-08T19:10:00+00:00,0.04251,0.046920300177268,0.046920300177268,0.04147453821925012,TP,0.10374735773389786,0.09854735773389786,2.2,0.0044,0.21680418701457532
H/USDT:USDT,LONG,2025-09-08T18:45:00+00:00,2025-09-08T19:10:00+00:00,0.0456,0.04451882689624353,0.05020499655303684,0.04451882689624353,SL,-0.023709936485887574,-0.028909936485887577,2.2,0.0044,-0.06360186026895268
H/USDT:USDT,LONG,2025-09-08T19:10:00+00:00,2025-09-08T19:35:00+00:00,0.04224,0.040752007318354974,0.04857774660700658,0.040752007318354974,SL,-0.03522709947076292,-0.04042709947076292,2.2,0.0044,-0.08893961883567844
REX/USDT:USDT,LONG,2025-09-08T18:20:00+00:00,2025-09-08T20:15:00+00:00,0.07419,0.07172071077160112,0.08470734300984711,0.07172071077160112,SL,-0.03328331619354202,-0.038483316193542026,2.2,0.0044,-0.08466329562579246
REX/USDT:USDT,LONG,2025-09-08T20:15:00+00:00,2025-09-08T20:35:00+00:00,0.07111,0.06851319153819542,0.08217048048546399,0.06851319153819542,SL,-0.036518189590839356,-0.04171818959083936,2.2,0.0044,-0.0917800170998466
ARKM/USDT:USDT,LONG,2025-09-08T18:20:00+00:00,2025-09-08T21:00:00+00:00,0.5892,0.5785207307086322,0.6346857766113809,0.5785207307086322,SL,-0.018125032741628914,-0.023325032741628914,2.2,0.0044,-0.051315072031583614
AI16Z/USDT:USDT,LONG,2025-09-08T21:00:00+00:00,2025-09-08T21:40:00+00:00,0.1121,0.11830284003396012,0.11830284003396012,0.11064368103550502,TP,0.055333095753435445,0.05013309575343544,2.2,0.0044,0.11029281065755799
WLD/USDC:USDC,LONG,2025-09-08T18:05:00+00:00,2025-09-08T21:55:00+00:00,1.42587,1.5426317394574736,1.5426317394574736,1.3984563742143323,TP,0.08188806795673771,0.07668806795673772,2.2,0.0044,0.16871374950482299
ATH/USDT:USDT,LONG,2025-09-08T19:10:00+00:00,2025-09-08T22:00:00+00:00,0.04841,0.047156890281275926,0.05374731917234328,0.047156890281275926,SL,-0.02588534845536202,-0.031085348455362025,2.2,0.0044,-0.06838776660179646
WLD/USDT:USDT,LONG,2025-09-08T18:05:00+00:00,2025-09-08T22:05:00+00:00,1.4263,1.5500862627794407,1.5500862627794407,1.3972371383039572,TP,0.08678837746577918,0.08158837746577918,2.2,0.0044,0.17949443042471422
LAUNCHCOIN/USDT:USDT,LONG,2025-09-08T21:40:00+00:00,2025-09-08T22:05:00+00:00,0.09564,0.10601756907504464,0.10601756907504464,0.0932035272606417,TP,0.1085065775307888,0.1033065775307888,2.2,0.0044,0.22727447056773536
H/USDT:USDT,LONG,2025-09-08T19:35:00+00:00,2025-09-08T22:30:00+00:00,0.04032,0.04656473262806289,0.04656473262806289,0.03885384538297654,TP,0.15487928144997246,0.14967928144997245,2.2,0.0044,0.3292944191899394
BR/USDT:USDT,LONG,2025-09-08T22:05:00+00:00,2025-09-08T22:35:00+00:00,0.08457,0.08317680940812165,0.09050395992837078,0.08317680940812165,SL,-0.016473815677880504,-0.021673815677880508,2.2,0.0044,-0.04768239449133712
H/USDT:USDT,LONG,2025-09-08T22:30:00+00:00,2025-09-08T22:35:00+00:00,0.04774,0.046723519550667135,0.052069453765677,0.046723519550667135,SL,-0.021292007736339817,-0.02649200773633982,2.2,0.0044,-0.05828241701994761
AI16Z/USDT:USDT,LONG,2025-09-08T21:55:00+00:00,2025-09-08T22:45:00+00:00,0.1205,0.11872784884658502,0.1280480512089897,0.11872784884658502,SL,-0.014706648576057883,-0.01990664857605788,2.2,0.0044,-0.043794626867327345
LAUNCHCOIN/USDT:USDT,LONG,2025-09-08T22:05:00+00:00,2025-09-08T22:45:00+00:00,0.10977,0.10562883901124799,0.12740827828542525,0.10562883901124799,SL,-0.03772579929627417,-0.04292579929627417,2.2,0.0044,-0.09443675845180319
ATH/USDT:USDT,LONG,2025-09-08T22:00:00+00:00,2025-09-08T22:50:00+00:00,0.04648,0.0453186894654077,0.05142632264733758,0.0453186894654077,SL,-0.024985166406891128,-0.03018516640689113,2.2,0.0044,-0.0664073660951605
H/USDT:USDT,LONG,2025-09-08T22:35:00+00:00,2025-09-08T22:55:00+00:00,0.04671,0.045638068154190914,0.05127563563955723,0.045638068154190914,SL,-0.0229486586557287,-0.0281486586557287,2.2,0.0044,-0.06192704904260315
LAUNCHCOIN/USDT:USDT,LONG,2025-09-08T22:45:00+00:00,2025-09-08T23:00:00+00:00,0.10533,0.09916541000216458,0.13158658702781745,0.09916541000216458,SL,-0.0585264406895985,-0.0637264406895985,2.2,0.0044,-0.14019816951711672
H/USDT:USDT,LONG,2025-09-08T22:55:00+00:00,2025-09-08T23:20:00+00:00,0.04534,0.04424383360453578,0.05000885686956981,0.04424383360453578,SL,-0.024176585696167173,-0.029376585696167176,2.2,0.0044,-0.06462848853156779
ATH/USDT:USDT,LONG,2025-09-08T22:50:00+00:00,2025-09-08T23:25:00+00:00,0.04521,0.044227179498411186,0.049396087321581995,0.044227179498411186,SL,-0.021739006892033057,-0.02693900689203306,2.2,0.0044,-0.059265815162472736
BR/USDT:USDT,LONG,2025-09-08T22:35:00+00:00,2025-09-08T23:30:00+00:00,0.08282,0.0897737750304799,0.0897737750304799,0.08118737455806124,TP,0.08396250942380937,0.07876250942380937,2.2,0.0044,0.17327752073238062
BR/USDT:USDT,LONG,2025-09-08T23:30:00+00:00,2025-09-08T23:35:00+00:00,0.09037,0.08871281892042972,0.09742836385742898,0.08871281892042972,SL,-0.018337734641698442,-0.023537734641698442,2.2,0.0044,-0.051783016211736574
BR/USDT:USDT,LONG,2025-09-08T23:35:00+00:00,2025-09-08T23:40:00+00:00,0.08847,0.08666504614039902,0.09615776643904118,0.08666504614039902,SL,-0.020401874755295264,-0.025601874755295267,2.2,0.0044,-0.05632412446164959
WLD/USDC:USDC,LONG,2025-09-08T23:40:00+00:00,2025-09-09T00:00:00+00:00,1.55558,1.6205239441998445,1.6205239441998445,1.5403322913617756,TP,0.04174902235812013,0.036549022358120124,2.2,0.0044,0.08040784918786428
WLD/USDC:USDC,LONG,2025-09-09T00:00:00+00:00,2025-09-09T00:05:00+00:00,1.63542,1.7266337374607392,1.7266337374607392,1.6140046007700874,TP,0.05577389139226567,0.05057389139226567,2.2,0.0044,0.11126256106298447
LAUNCHCOIN/USDT:USDT,LONG,2025-09-08T23:00:00+00:00,2025-09-09T00:10:00+00:00,0.09877,0.09280019991791386,0.1241969262755521,0.09280019991791386,SL,-0.06044143041496548,-0.06564143041496548,2.2,0.0044,-0.14441114691292406
WLD/USDC:USDC,LONG,2025-09-09T00:10:00+00:00,2025-09-09T00:35:00+00:00,1.76977,1.7367415976027794,1.9104465287289027,1.7367415976027794,SL,-0.018662539424456687,-0.023862539424456687,2.2,0.0044,-0.05249758673380472
AI16Z/USDT:USDT,LONG,2025-09-08T22:45:00+00:00,2025-09-09T00:40:00+00:00,0.1182,0.12574378566125022,0.12574378566125022,0.11642885032301081,TP,0.0638222137161609,0.058622213716160894,2.2,0.0044,0.12896887017555397
ATH/USDT:USDT,LONG,2025-09-08T23:25:00+00:00,2025-09-09T00:45:00+00:00,0.04405,0.04317363274677318,0.04778267533781794,0.04317363274677318,SL,-0.019894829812186546,-0.025094829812186546,2.2,0.0044,-0.0552086255868104
AI16Z/USDT:USDT,LONG,2025-09-09T00:40:00+00:00,2025-09-09T01:00:00+00:00,0.1281,0.12592983722323442,0.13734328590103853,0.12592983722323442,SL,-0.016941161411128586,-0.02214116141112859,2.2,0.0044,-0.0487105551044829
LAUNCHCOIN/USDT:USDT,LONG,2025-09-09T00:45:00+00:00,2025-09-09T01:20:00+00:00,0.09264,0.08949612712837167,0.10603056963841695,0.08949612712837167,SL,-0.033936451550392176,-0.03913645155039218,2.2,0.0044,-0.08610019341086281
H/USDT:USDT,LONG,2025-09-08T23:20:00+00:00,2025-09-09T01:30:00+00:00,0.04404,0.04304731466154152,0.04826810421936021,0.04304731466154152,SL,-0.022540539020401533,-0.027740539020401536,2.2,0.0044,-0.061029185844883385
M/USDT:USDT,LONG,2025-09-08T20:35:00+00:00,2025-09-09T01:35:00+00:00,1.9984,1.9632797883006379,2.1479860868676535,1.9632797883006379,SL,-0.0175741651818265,-0.022774165181826504,2.2,0.0044,-0.050103163400018316
KAITO/USDT:USDT,LONG,2025-09-09T01:20:00+00:00,2025-09-09T01:35:00+00:00,1.2453,1.3633838817556156,1.3633838817556156,1.2175759581965078,TP,0.09482364229953871,0.08962364229953872,2.2,0.0044,0.19717201305898518
AI16Z/USDT:USDT,LONG,2025-09-09T01:00:00+00:00,2025-09-09T01:45:00+00:00,0.1252,0.1225698401950437,0.13640253250259168,0.1225698401950437,SL,-0.021007666173772387,-0.02620766617377239,2.2,0.0044,-0.05765686558229926
LAUNCHCOIN/USDT:USDT,LONG,2025-09-09T01:45:00+00:00,2025-09-09T02:00:00+00:00,0.08935,0.08719808792806366,0.09851555141750659,0.08719808792806366,SL,-0.024084074671923198,-0.029284074671923198,2.2,0.0044,-0.06442496427823104
AI16Z/USDT:USDT,LONG,2025-09-09T02:00:00+00:00,2025-09-09T02:10:00+00:00,0.1223,0.1200432702233091,0.13191199719701685,0.1200432702233091,SL,-0.018452410275477553,-0.023652410275477556,2.2,0.0044,-0.052035302606050625
FLOCK/USDT:USDT,LONG,2025-09-09T02:10:00+00:00,2025-09-09T02:25:00+00:00,0.31242,0.3077085039367137,0.33248748323251565,0.3077085039367137,SL,-0.015080648048416563,-0.02028064804841656,2.2,0.0044,-0.04461742570651644
FLOCK/USDT:USDT,LONG,2025-09-09T02:25:00+00:00,2025-09-09T02:40:00+00:00,0.30759,0.3260757713782204,0.3260757713782204,0.30324986237206997,TP,0.060098739810203326,0.05489873981020332,2.2,0.0044,0.12077722758244733
WLD/USDT:USDT,LONG,2025-09-09T00:05:00+00:00,2025-09-09T02:45:00+00:00,1.7354,1.7040062591694785,1.869114081315185,1.7040062591694785,SL,-0.01809020446612977,-0.02329020446612977,2.2,0.0044,-0.0512384498254855
FLOCK/USDT:USDT,LONG,2025-09-09T02:40:00+00:00,2025-09-09T03:05:00+00:00,0.57071,0.5430800124021276,0.6883932805094571,0.5430800124021276,SL,-0.04841335809408017,-0.053613358094080174,2.2,0.0044,-0.11794938780697639
BR/USDT:USDT,LONG,2025-09-09T01:35:00+00:00,2025-09-09T03:10:00+00:00,0.08635,0.09449011592434423,0.09449011592434423,0.08443884234819744,TP,0.09426885841742015,0.08906885841742015,2.2,0.0044,0.19595148851832436
FLOCK/USDT:USDT,LONG,2025-09-09T03:05:00+00:00,2025-09-09T03:20:00+00:00,0.51584,0.47088464691799375,0.7073165038678041,0.47088464691799375,SL,-0.08714980048465845,-0.09234980048465845,2.2,0.0044,-0.2031695610662486
BR/USDT:USDT,LONG,2025-09-09T03:10:00+00:00,2025-09-09T03:35:00+00:00,0.09526,0.10426722655882636,0.10426722655882636,0.09314525985140598,TP,0.09455413141745085,0.08935413141745085,2.2,0.0044,0.1965790891183919
WLD/USDT:USDT,LONG,2025-09-09T02:45:00+00:00,2025-09-09T03:40:00+00:00,1.6888,1.838318800036859,1.838318800036859,1.6536955860783027,TP,0.08853552820751955,0.08333552820751955,2.2,0.0044,0.18333816205654302
BR/USDT:USDT,LONG,2025-09-09T03:35:00+00:00,2025-09-09T03:50:00+00:00,0.1044,0.10164179597118776,0.11614790604864478,0.10164179597118776,SL,-0.026419578820040653,-0.031619578820040656,2.2,0.0044,-0.06956307340408945
BR/USDT:USDT,LONG,2025-09-09T03:50:00+00:00,2025-09-09T04:25:00+00:00,0.10025,0.09693404495214997,0.11437351224084277,0.09693404495214997,SL,-0.03307685833266871,-0.038276858332668716,2.2,0.0044,-0.08420908833187118
AIN/USDT:USDT,LONG,2025-09-09T04:25:00+00:00,2025-09-09T04:30:00+00:00,0.13338,0.1306254574314144,0.14511231094027197,0.1306254574314144,SL,-0.020651841119999955,-0.025851841119999955,2.2,0.0044,-0.0568740504639999
AIN/USDT:USDT,LONG,2025-09-09T04:30:00+00:00,2025-09-09T05:25:00+00:00,0.12991,0.12674123904345624,0.14340657444453825,0.12674123904345624,SL,-0.024391971030280606,-0.029591971030280606,2.2,0.0044,-0.06510233626661734
WLD/USDT:USDT,LONG,2025-09-09T03:40:00+00:00,2025-09-09T05:35:00+00:00,1.8518,1.8158539719635813,2.0049034527477083,1.8158539719635813,SL,-0.019411398658828467,-0.02461139865882847,2.2,0.0044,-0.05414507704942264
BID/USDT:USDT,LONG,2025-09-09T05:25:00+00:00,2025-09-09T05:35:00+00:00,0.12157,0.11726375002026931,0.13991143509885287,0.11726375002026931,SL,-0.03542197893995792,-0.04062197893995792,2.2,0.0044,-0.08936835366790744
WLD/USDC:USDC,LONG,2025-09-09T00:35:00+00:00,2025-09-09T06:45:00+00:00,1.73539,1.9345629306489491,1.9345629306489491,1.6886276597606815,TP,0.11477127945242807,0.10957127945242807,2.2,0.0044,0.24105681479534177
WLD/USDT:USDT,LONG,2025-09-09T05:35:00+00:00,2025-09-09T06:45:00+00:00,1.8113,1.9400041513647923,1.9400041513647923,1.7810825035926139,TP,0.07105623108529366,0.06585623108529366,2.2,0.0044,0.14488370838764608
WLD/USDT:USDT,LONG,2025-09-09T06:45:00+00:00,2025-09-09T07:35:00+00:00,1.9575,1.9272189613773938,2.0864747941333226,1.9272189613773938,SL,-0.015469240675660908,-0.020669240675660908,2.2,0.0044,-0.045472329486454
WLD/USDC:USDC,LONG,2025-09-09T06:45:00+00:00,2025-09-09T07:35:00+00:00,1.95683,1.927836803936205,2.0803195387902385,1.927836803936205,SL,-0.014816410247080749,-0.02001641024708075,2.2,0.0044,-0.044036102543577656
BID/USDT:USDT,LONG,2025-09-09T05:35:00+00:00,2025-09-09T08:30:00+00:00,0.10771,0.1355096863862558,0.1355096863862558,0.10118311710931385,TP,0.2580975432759799,0.2528975432759799,2.2,0.0044,0.5563745952071558
KAITO/USDC:USDC,LONG,2025-09-09T01:30:00+00:00,2025-09-09T09:00:00+00:00,1.3628,1.5112364374550433,1.5112364374550433,1.327949705988816,TP,0.10892019185136727,0.10372019185136727,2.2,0.0044,0.22818442207300801
OG/USDT:USDT,LONG,2025-09-09T07:35:00+00:00,2025-09-09T09:05:00+00:00,22.8787,22.38263405185103,24.991573482856708,22.38263405185103,SL,-0.021682435984079828,-0.026882435984079828,2.2,0.0044,-0.05914135916497563
KAITO/USDC:USDC,LONG,2025-09-09T09:00:00+00:00,2025-09-09T09:10:00+00:00,1.5202,1.4901636383890928,1.6481326513057153,1.4901636383890928,SL,-0.019758164459220608,-0.02495816445922061,2.2,0.0044,-0.05490796181028535
BID/USDT:USDT,LONG,2025-09-09T08:30:00+00:00,2025-09-09T09:20:00+00:00,0.14354,0.16945848781380451,0.16945848781380451,0.13745478981762851,TP,0.18056630774560758,0.17536630774560757,2.2,0.0044,0.3858058770403367
KAITO/USDC:USDC,LONG,2025-09-09T09:10:00+00:00,2025-09-09T09:30:00+00:00,1.4853,1.454124729019167,1.6180835615850302,1.454124729019167,SL,-0.02098920822785502,-0.026189208227855018,2.2,0.0044,-0.05761625810128104
PUMPBTC/USDT:USDT,LONG,2025-09-09T09:30:00+00:00,2025-09-09T09:40:00+00:00,0.05061,0.049764428029114065,0.05421151024636604,0.049764428029114065,SL,-0.01670760661699145,-0.021907606616991454,2.2,0.0044,-0.0481967345573812
BID/USDT:USDT,LONG,2025-09-09T09:20:00+00:00,2025-09-09T09:55:00+00:00,0.17108,0.16259133413382854,0.20723542868924888,0.16259133413382854,SL,-0.04961810770500043,-0.05481810770500043,2.2,0.0044,-0.12059983695100096
BID/USDT:USDT,LONG,2025-09-09T09:55:00+00:00,2025-09-09T10:05:00+00:00,0.14661,0.13548169392750684,0.19400834067913747,0.13548169392750684,SL,-0.07590414073046282,-0.08110414073046282,2.2,0.0044,-0.17842910960701822
KAITO/USDC:USDC,LONG,2025-09-09T09:40:00+00:00,2025-09-09T10:20:00+00:00,1.4308,1.4033677368130355,1.5476411209815157,1.4033677368130355,SL,-0.019172674858096567,-0.02437267485809657,2.2,0.0044,-0.05361988468781246
WLD/USDT:USDT,LONG,2025-09-09T07:35:00+00:00,2025-09-09T10:25:00+00:00,1.9186,2.079711447769384,2.079711447769384,1.8807738340019708,TP,0.08397344301541947,0.07877344301541947,2.2,0.0044,0.17330157463392284
WLD/USDC:USDC,LONG,2025-09-09T09:05:00+00:00,2025-09-09T10:25:00+00:00,1.96943,2.078271605277237,2.078271605277237,1.9438758839783878,TP,0.055265536361910395,0.05006553636191039,2.2,0.0044,0.11014417999620287
FLOCK/USDT:USDT,LONG,2025-09-09T03:20:00+00:00,2025-09-09T10:30:00+00:00,0.46954,0.42733686548062405,0.649294091471416,0.42733686548062405,SL,-0.08988187272516923,-0.09508187272516923,2.2,0.0044,-0.2091801199953723
FLOCK/USDT:USDT,LONG,2025-09-09T10:30:00+00:00,2025-09-09T10:35:00+00:00,0.42659,0.4171386221065928,0.46684586880525303,0.4171386221065928,SL,-0.022155648030678682,-0.027355648030678685,2.2,0.0044,-0.060182425667493114
WLD/USDC:USDC,LONG,2025-09-09T10:25:00+00:00,2025-09-09T10:50:00+00:00,2.08842,2.0491919175341735,2.2555025734655585,2.0491919175341735,SL,-0.01878361750310122,-0.02398361750310122,2.2,0.0044,-0.05276395850682269
ARKM/USDT:USDT,LONG,2025-09-09T10:35:00+00:00,2025-09-09T10:50:00+00:00,0.702,0.6880202494300515,0.761543382057188,0.6880202494300515,SL,-0.019914174601066228,-0.025114174601066228,2.2,0.0044,-0.055251184122345705
WLD/USDT:USDT,LONG,2025-09-09T10:25:00+00:00,2025-09-09T10:55:00+00:00,2.0882,2.0461444918739864,2.2673253123885764,2.0461444918739864,SL,-0.020139597800025697,-0.025339597800025697,2.2,0.0044,-0.05574711516005654
BID/USDT:USDT,LONG,2025-09-09T10:05:00+00:00,2025-09-09T11:05:00+00:00,0.13232,0.12016231976402376,0.18410271211619506,0.12016231976402376,SL,-0.09188089658385905,-0.09708089658385904,2.2,0.0044,-0.21357797248448993
KAITO/USDC:USDC,LONG,2025-09-09T10:20:00+00:00,2025-09-09T11:50:00+00:00,1.3892,1.364722017389401,1.493458074082181,1.364722017389401,SL,-0.017620200554707005,-0.02282020055470701,2.2,0.0044,-0.050204441220355424
KAITO/USDC:USDC,LONG,2025-09-09T11:50:00+00:00,2025-09-09T12:00:00+00:00,1.3615,1.3442921377196837,1.4347927467494952,1.3442921377196837,SL,-0.012638899948818387,-0.01783889994881839,2.2,0.0044,-0.03924557988740046
TIA/USDT:USDT,LONG,2025-09-09T12:00:00+00:00,2025-09-09T12:10:00+00:00,1.924,1.9007228295434955,2.023143503796223,1.9007228295434955,SL,-0.012098321443089637,-0.017298321443089636,2.2,0.0044,-0.0380563071747972
KAITO/USDT:USDT,LONG,2025-09-09T01:35:00+00:00,2025-09-09T12:20:00+00:00,1.3677,1.330311380523953,1.526947823694274,1.330311380523953,SL,-0.02733685711489865,-0.03253685711489865,2.2,0.0044,-0.07158108565277703
IP/USDC:USDC,LONG,2025-09-09T12:10:00+00:00,2025-09-09T12:20:00+00:00,9.5626,9.945181880320089,9.945181880320089,9.472776428098761,TP,0.04000814426203009,0.034808144262030084,2.2,0.0044,0.07657791737646619
WLD/USDC:USDC,LONG,2025-09-09T10:50:00+00:00,2025-09-09T12:30:00+00:00,2.04789,1.9992557410361305,2.2550359178090744,1.9992557410361305,SL,-0.023748472312414115,-0.02894847231241412,2.2,0.0044,-0.06368663908731106
WLD/USDT:USDT,LONG,2025-09-09T10:55:00+00:00,2025-09-09T12:30:00+00:00,2.019,1.9674073290648701,2.2387465613903688,1.9674073290648701,SL,-0.025553576490901425,-0.03075357649090143,2.2,0.0044,-0.06765786827998314
IP/USDC:USDC,LONG,2025-09-09T12:20:00+00:00,2025-09-09T12:45:00+00:00,9.9869,9.857325205860667,10.538792641704566,9.857325205860667,SL,-0.012974475977463847,-0.01817447597746385,2.2,0.0044,-0.03998384715042047
IP/USDT:USDT,LONG,2025-09-09T12:20:00+00:00,2025-09-09T12:45:00+00:00,9.98429,9.85327793023746,10.542304371210815,9.85327793023746,SL,-0.013121821357606698,-0.018321821357606696,2.2,0.0044,-0.040308006986734736
GOR/USDT:USDT,LONG,2025-09-09T12:30:00+00:00,2025-09-09T13:05:00+00:00,0.01167,0.011585821175798705,0.012028539436412923,0.011585821175798705,SL,-0.00721326685529518,-0.01241326685529518,2.2,0.0044,-0.027309187081649398
IDOL/USDT:USDT,LONG,2025-09-09T12:30:00+00:00,2025-09-09T13:05:00+00:00,0.03074,0.030219176013282674,0.0329583243878701,0.030219176013282674,SL,-0.01694287529984795,-0.02214287529984795,2.2,0.0044,-0.0487143256596655
HIFI/USDT:USDT,LONG,2025-09-09T13:05:00+00:00,2025-09-09T13:10:00+00:00,0.06194,0.06074069488826727,0.0670481514018246,0.06074069488826727,SL,-0.01936236861047355,-0.024562368610473555,2.2,0.0044,-0.05403721094304183
IP/USDC:USDC,LONG,2025-09-09T12:45:00+00:00,2025-09-09T14:05:00+00:00,9.8292,10.692022337858507,10.692022337858507,9.626624320676699,TP,0.08778154253230241,0.08258154253230242,2.2,0.0044,0.18167939357106533
IP/USDT:USDT,LONG,2025-09-09T12:45:00+00:00,2025-09-09T14:05:00+00:00,9.82878,10.697976570718259,10.697976570718259,9.624707761657453,TP,0.08843382095420377,0.08323382095420377,2.2,0.0044,0.1831144060992483
GOR/USDT:USDT,LONG,2025-09-09T13:10:00+00:00,2025-09-09T14:25:00+00:00,0.01156,0.011488742991663537,0.0118635020725442,0.011488742991663537,SL,-0.006164101067168112,-0.011364101067168113,2.2,0.0044,-0.02500102234776985
FLOCK/USDT:USDT,LONG,2025-09-09T13:05:00+00:00,2025-09-09T14:30:00+00:00,0.42702,0.41849437629118436,0.4633328417227334,0.41849437629118436,SL,-0.019965396723375144,-0.025165396723375144,2.2,0.0044,-0.05536387279142532
IDOL/USDT:USDT,LONG,2025-09-09T14:25:00+00:00,2025-09-09T16:00:00+00:00,0.03069,0.030198731675371546,0.032782439160454514,0.030198731675371546,SL,-0.01600743970767195,-0.02120743970767195,2.2,0.0044,-0.046656367356878295
FLOCK/USDT:USDT,LONG,2025-09-09T14:30:00+00:00,2025-09-09T16:00:00+00:00,0.41228,0.4047146972963628,0.44450258558956574,0.4047146972963628,SL,-0.018349914387399826,-0.023549914387399826,2.2,0.0044,-0.05180981165227962
X/USDT:USDT,LONG,2025-09-09T16:00:00+00:00,2025-09-09T16:15:00+00:00,5.599e-05,5.4919052967190706e-05,6.055144106566919e-05,5.4919052967190706e-05,SL,-0.019127469776911796,-0.024327469776911796,2.2,0.0044,-0.053520433509205954
PROMPT/USDT:USDT,LONG,2025-09-09T16:15:00+00:00,2025-09-09T16:30:00+00:00,0.19129,0.20862709864441312,0.20862709864441312,0.18721955075305083,TP,0.09063254035450431,0.08543254035450432,2.2,0.0044,0.1879515887799095
PROMPT/USDT:USDT,LONG,2025-09-09T16:30:00+00:00,2025-09-09T16:35:00+00:00,0.21384,0.20827547354389675,0.2375407608315509,0.20827547354389675,SL,-0.026021915713165228,-0.03122191571316523,2.2,0.0044,-0.06868821456896351
PROMPT/USDT:USDT,LONG,2025-09-09T16:35:00+00:00,2025-09-09T17:00:00+00:00,0.20793,0.20159345400504697,0.23491899220072585,0.20159345400504697,SL,-0.030474419251445367,-0.03567441925144537,2.2,0.0044,-0.07848372235317982
GORK/USDT:USDT,LONG,2025-09-09T16:00:00+00:00,2025-09-09T18:05:00+00:00,0.0114,0.01123242914603646,0.012113727711326197,0.01123242914603646,SL,-0.014699197716100093,-0.019899197716100096,2.2,0.0044,-0.043778234975420216
PROMPT/USDT:USDT,LONG,2025-09-09T17:00:00+00:00,2025-09-09T18:15:00+00:00,0.19865,0.19088001241948277,0.23174439154664742,0.19088001241948277,SL,-0.03911395711309954,-0.044313957113099545,2.2,0.0044,-0.09749070564881901
X/USDT:USDT,LONG,2025-09-09T18:05:00+00:00,2025-09-09T22:45:00+00:00,5.546e-05,5.4366124488973194e-05,6.011909939881788e-05,5.4366124488973194e-05,SL,-0.01972368393485046,-0.024923683934850463,2.2,0.0044,-0.05483210465667102
BID/USDT:USDT,LONG,2025-09-09T11:05:00+00:00,2025-09-09T22:55:00+00:00,0.11371,0.15805245599332757,0.15805245599332757,0.10329916250591441,TP,0.3899609180663755,0.3847609180663755,2.2,0.0044,0.8464740197460262
PROMPT/USDT:USDT,LONG,2025-09-09T18:15:00+00:00,2025-09-09T23:20:00+00:00,0.18945,0.2136351973303734,0.2136351973303734,0.18377173627895582,TP,0.12766005452823112,0.12246005452823112,2.2,0.0044,0.2694121199621085
IP/USDC:USDC,LONG,2025-09-09T14:05:00+00:00,2025-09-09T23:25:00+00:00,10.8292,10.603452734919903,11.790716129044858,10.603452734919903,SL,-0.020846162697161073,-0.026046162697161077,2.2,0.0044,-0.057301557933754375
IP/USDT:USDT,LONG,2025-09-09T14:05:00+00:00,2025-09-09T23:30:00+00:00,10.8145,10.58432439447899,11.79487757907097,10.58432439447899,SL,-0.02128398035239819,-0.02648398035239819,2.2,0.0044,-0.058264756775276025
BID/USDT:USDT,LONG,2025-09-09T22:55:00+00:00,2025-09-09T23:30:00+00:00,0.15926,0.15385369727939574,0.1822868449210923,0.15385369727939574,SL,-0.033946394076379956,-0.03914639407637996,2.2,0.0044,-0.08612206696803591
PRCL/USDT:USDT,LONG,2025-09-09T23:30:00+00:00,2025-09-09T23:45:00+00:00,0.08445,0.08366784248102609,0.08778141165488886,0.08366784248102609,SL,-0.009261782344273667,-0.014461782344273666,2.2,0.0044,-0.03181592115740207
PROMPT/USDT:USDT,LONG,2025-09-09T23:20:00+00:00,2025-09-10T00:05:00+00:00,0.21673,0.2306064069410999,0.2306064069410999,0.2134720609790461,TP,0.0640262397503802,0.0588262397503802,2.2,0.0044,0.12941772745083643
GOR/USDT:USDT,LONG,2025-09-09T23:45:00+00:00,2025-09-10T00:15:00+00:00,0.01306,0.012956933071417355,0.013498988769889048,0.012956933071417355,SL,-0.00789180157600654,-0.01309180157600654,2.2,0.0044,-0.02880196346721439
PROMPT/USDT:USDT,LONG,2025-09-10T00:05:00+00:00,2025-09-10T00:15:00+00:00,0.23097,0.22589350499484728,0.2525921083552802,0.22589350499484728,SL,-0.021979023272081767,-0.02717902327208177,2.2,0.0044,-0.0597938511985799
BID/USDT:USDT,LONG,2025-09-09T23:30:00+00:00,2025-09-10T00:20:00+00:00,0.14085,0.1339443755572134,0.17026284484890591,0.1339443755572134,SL,-0.04902821755617048,-0.05422821755617048,2.2,0.0044,-0.11930207862357506
KAITO/USDC:USDC,LONG,2025-09-10T00:20:00+00:00,2025-09-10T00:30:00+00:00,1.4361,1.4094169297889398,1.5497501138619223,1.4094169297889398,SL,-0.01858023132864013,-0.023780231328640135,2.2,0.0044,-0.0523165089230083
PRCL/USDT:USDT,LONG,2025-09-10T00:30:00+00:00,2025-09-10T00:35:00+00:00,0.09003,0.08835752509419882,0.09715350422841243,0.08835752509419882,SL,-0.018576862221494805,-0.023776862221494804,2.2,0.0044,-0.052309096887288575
PROMPT/USDT:USDT,LONG,2025-09-10T00:15:00+00:00,2025-09-10T00:40:00+00:00,0.2221,0.2160165833884142,0.2480108485308283,0.2160165833884142,SL,-0.02739043949385768,-0.03259043949385768,2.2,0.0044,-0.07169896688648691
PLAYSOUT/USDT:USDT,LONG,2025-09-09T23:25:00+00:00,2025-09-10T01:05:00+00:00,0.05271,0.05218809821153239,0.05493291502495464,0.05218809821153239,SL,-0.009901380923308839,-0.015101380923308838,2.2,0.0044,-0.03322303803127945
GORK/USDT:USDT,LONG,2025-09-10T00:15:00+00:00,2025-09-10T01:10:00+00:00,0.01197,0.012561656011378519,0.012561656011378519,0.011831089458198087,TP,0.0494282382104026,0.044228238210402594,2.2,0.0044,0.09730212406288571
PROMPT/USDT:USDT,LONG,2025-09-10T00:40:00+00:00,2025-09-10T01:20:00+00:00,0.21509,0.2090729502975592,0.24071817465854414,0.2090729502975592,SL,-0.02797456740174251,-0.03317456740174251,2.2,0.0044,-0.07298404828383352
PRCL/USDT:USDT,LONG,2025-09-10T01:20:00+00:00,2025-09-10T02:05:00+00:00,0.09,0.09833296738520123,0.09833296738520123,0.08804356417912666,TP,0.09258852650223588,0.08738852650223589,2.2,0.0044,0.19225475830491898
KAITO/USDT:USDT,LONG,2025-09-10T01:05:00+00:00,2025-09-10T02:30:00+00:00,1.4065,1.372696420300742,1.550478209830174,1.372696420300742,SL,-0.024033828438861128,-0.02923382843886113,2.2,0.0044,-0.0643144225654945
GORK/USDT:USDT,LONG,2025-09-10T01:10:00+00:00,2025-09-10T02:40:00+00:00,0.01301,0.012746796232065668,0.014131053085646234,0.012746796232065668,SL,-0.02023088147074039,-0.025430881470740394,2.2,0.0044,-0.05594793923562887
BID/USDT:USDT,LONG,2025-09-10T00:35:00+00:00,2025-09-10T03:05:00+00:00,0.13289,0.1266480887040249,0.15947591848285692,0.1266480887040249,SL,-0.04697051167111968,-0.05217051167111968,2.2,0.0044,-0.11477512567646331
BAKE/USDT:USDT,LONG,2025-09-10T03:05:00+00:00,2025-09-10T03:10:00+00:00,0.0456,0.044099112800321,0.05199266770233651,0.044099112800321,SL,-0.03291419297541671,-0.03811419297541671,2.2,0.0044,-0.08385122454591677
OMNINETWORK/USDT:USDT,LONG,2025-09-10T03:10:00+00:00,2025-09-10T03:15:00+00:00,3.91,3.841852568148834,4.200257580106819,3.841852568148834,SL,-0.017429010703623047,-0.022629010703623047,2.2,0.0044,-0.04978382354797071
10000SATS/USDT:USDT,LONG,2025-09-10T02:30:00+00:00,2025-09-10T03:20:00+00:00,0.000424,0.00045361393939949765,0.00045361393939949765,0.000417047162054031,TP,0.06984419669692842,0.06464419669692842,2.2,0.0044,0.14221723273324252
PRCL/USDT:USDT,LONG,2025-09-10T02:05:00+00:00,2025-09-10T03:50:00+00:00,0.10048,0.09747795946320409,0.11326646895301962,0.09747795946320409,SL,-0.029876995788175865,-0.035076995788175865,2.2,0.0044,-0.0771693907339869
OMNINETWORK/USDT:USDT,LONG,2025-09-10T03:15:00+00:00,2025-09-10T04:00:00+00:00,3.758,3.6790602418524885,4.094224895813475,3.6790602418524885,SL,-0.021005789821051498,-0.026205789821051498,2.2,0.0044,-0.0576527376063133
PRCL/USDT:USDT,LONG,2025-09-10T03:50:00+00:00,2025-09-10T04:05:00+00:00,0.0961,0.09372961473151756,0.10619608540279558,0.09372961473151756,SL,-0.024665819651222134,-0.029865819651222134,2.2,0.0044,-0.0657048032326887
BAKE/USDT:USDT,LONG,2025-09-10T04:00:00+00:00,2025-09-10T04:55:00+00:00,0.0434,0.05101687628456851,0.05101687628456851,0.04161168991579696,TP,0.17550406185641726,0.17030406185641725,2.2,0.0044,0.374668936084118
BAKE/USDT:USDT,LONG,2025-09-10T04:55:00+00:00,2025-09-10T05:05:00+00:00,0.0513,0.05987331125844482,0.05987331125844482,0.049287135617582516,TP,0.16712107716266708,0.16192107716266707,2.2,0.0044,0.3562263697578676
10000SATS/USDT:USDT,LONG,2025-09-10T03:20:00+00:00,2025-09-10T05:25:00+00:00,0.000466,0.00045525718037261244,0.0005117564539685026,0.00045525718037261244,SL,-0.023053261002977582,-0.028253261002977585,2.2,0.0044,-0.062157174206550696
BAKE/USDT:USDT,LONG,2025-09-10T05:05:00+00:00,2025-09-10T05:30:00+00:00,0.066,0.07890525307488355,0.07890525307488355,0.06297007101720126,TP,0.1955341374982356,0.19033413749823558,2.2,0.0044,0.4187351024961183
HIFI/USDT:USDT,LONG,2025-09-10T05:25:00+00:00,2025-09-10T05:35:00+00:00,0.07941,0.07689489240054595,0.09012249533100794,0.07689489240054595,SL,-0.03167242915821741,-0.03687242915821742,2.2,0.0044,-0.08111934414807832
BAKE/USDT:USDT,LONG,2025-09-10T05:30:00+00:00,2025-09-10T06:00:00+00:00,0.0827,0.10400340808504777,0.10400340808504777,0.07769833027568443,TP,0.25759864673576505,0.25239864673576506,2.2,0.0044,0.5552770228186832
HIFI/USDT:USDT,LONG,2025-09-10T05:35:00+00:00,2025-09-10T06:00:00+00:00,0.07522,0.09030630464765481,0.09030630464765481,0.07167799803924625,TP,0.20056241222620066,0.19536241222620065,2.2,0.0044,0.42979730689764145
GORK/USDT:USDT,LONG,2025-09-10T02:40:00+00:00,2025-09-10T06:05:00+00:00,0.01269,0.012391826941820163,0.013959996358914116,0.012391826941820163,SL,-0.023496694892028092,-0.028696694892028092,2.2,0.0044,-0.0631327287624618
BAKE/USDT:USDT,LONG,2025-09-10T06:00:00+00:00,2025-09-10T06:10:00+00:00,0.1046,0.09766006896144014,0.13415896553460682,0.09766006896144014,SL,-0.06634733306462581,-0.07154733306462581,2.2,0.0044,-0.1574041327421768
HIFI/USDT:USDT,LONG,2025-09-10T06:00:00+00:00,2025-09-10T06:10:00+00:00,0.09078,0.08590040092667092,0.11156347753454979,0.08590040092667092,SL,-0.05375191752951176,-0.05895191752951176,2.2,0.0044,-0.12969421856492588
HIFI/USDT:USDT,LONG,2025-09-10T06:10:00+00:00,2025-09-10T06:45:00+00:00,0.08247,0.0768652028398336,0.10634228420070875,0.0768652028398336,SL,-0.06796164860150845,-0.07316164860150845,2.2,0.0044,-0.1609556269233186
SOON/USDT:USDT,LONG,2025-09-09T22:45:00+00:00,2025-09-10T07:50:00+00:00,0.35138,0.34243687149312246,0.38947110289966375,0.34243687149312246,SL,-0.025451444324883492,-0.030651444324883495,2.2,0.0044,-0.06743317751474369
NAORIS/USDT:USDT,LONG,2025-09-10T06:05:00+00:00,2025-09-10T08:10:00+00:00,0.039,0.04243246196773245,0.04243246196773245,0.03819411762496716,TP,0.088011845326473,0.08281184532647301,2.2,0.0044,0.18218605971824064
B2/USDT:USDT,LONG,2025-09-10T07:50:00+00:00,2025-09-10T08:35:00+00:00,0.491,0.47295860780188487,0.5678429667697497,0.47295860780188487,SL,-0.036744179629562376,-0.04194417962956238,2.2,0.0044,-0.09227719518503724
BAKE/USDT:USDT,LONG,2025-09-10T06:10:00+00:00,2025-09-10T09:45:00+00:00,0.0898,0.12664155701708446,0.12664155701708446,0.0811502431351193,TP,0.4102623275844594,0.4050623275844594,2.2,0.0044,0.8911371206858109
VELVET/USDT:USDT,LONG,2025-09-10T08:10:00+00:00,2025-09-10T09:55:00+00:00,0.09686,0.11395107225583959,0.11395107225583959,0.09284731347036809,TP,0.1764512931637372,0.1712512931637372,2.2,0.0044,0.3767528449602218
HIFI/USDT:USDT,LONG,2025-09-10T06:45:00+00:00,2025-09-10T10:30:00+00:00,0.0764,0.09886610054898663,0.09886610054898663,0.0711253503058901,TP,0.2940589077092492,0.2888589077092492,2.2,0.0044,0.6354895969603483
BAKE/USDT:USDT,LONG,2025-09-10T09:45:00+00:00,2025-09-10T10:35:00+00:00,0.1287,0.15914138871769218,0.15914138871769218,0.12155289134454185,TP,0.236529826866295,0.231329826866295,2.2,0.0044,0.508925619105849
VELVET/USDT:USDT,LONG,2025-09-10T09:55:00+00:00,2025-09-10T10:35:00+00:00,0.11506,0.11062100130680144,0.13396684628584565,0.11062100130680144,SL,-0.03857986001389322,-0.043779860013893224,2.2,0.0044,-0.0963156920305651
BSW/USDT:USDT,LONG,2025-09-10T10:30:00+00:00,2025-09-10T10:55:00+00:00,0.02892,0.02632088583635411,0.03999030106738065,0.02632088583635411,SL,-0.08987255061016222,-0.09507255061016222,2.2,0.0044,-0.2091596113423569
HIFI/USDT:USDT,LONG,2025-09-10T10:35:00+00:00,2025-09-10T10:55:00+00:00,0.10511,0.09919665536854451,0.1302964678747178,0.09919665536854451,SL,-0.056258630305922236,-0.06145863030592224,2.2,0.0044,-0.13520898667302894
BAKE/USDT:USDT,LONG,2025-09-10T10:35:00+00:00,2025-09-10T11:00:00+00:00,0.1748,0.16429518458080758,0.21954273234100477,0.16429518458080758,SL,-0.06009619805029995,-0.06529619805029994,2.2,0.0044,-0.1436516357106599
PRCL/USDT:USDT,LONG,2025-09-10T04:05:00+00:00,2025-09-10T11:20:00+00:00,0.09354,0.10372158732869602,0.10372158732869602,0.09114954036630615,TP,0.10884741638546098,0.10364741638546099,2.2,0.0044,0.22802431604801418
OMNINETWORK/USDT:USDT,LONG,2025-09-10T08:35:00+00:00,2025-09-10T11:30:00+00:00,3.769,3.695021858019479,4.084092086213331,3.695021858019479,SL,-0.019628055712528784,-0.024828055712528788,2.2,0.0044,-0.054621722567563334
BROCCOLIF3B/USDT:USDT,LONG,2025-09-10T11:30:00+00:00,2025-09-10T11:55:00+00:00,0.01411,0.013588082436507956,0.016332982214873514,0.013588082436507956,SL,-0.03698919656215756,-0.04218919656215756,2.2,0.0044,-0.09281623243674664
BAKE/USDT:USDT,LONG,2025-09-10T11:00:00+00:00,2025-09-10T12:30:00+00:00,0.1593,0.14060265633471505,0.23893683412991737,0.14060265633471505,SL,-0.1173718999704014,-0.1225718999704014,2.2,0.0044,-0.2696581799348831
TST/USDT:USDT,LONG,2025-09-10T11:20:00+00:00,2025-09-10T12:30:00+00:00,0.03219,0.03060008360671347,0.03896186611955375,0.03060008360671347,SL,-0.049391624519618885,-0.05459162451961889,2.2,0.0044,-0.12010157394316157
PRCL/USDT:USDT,LONG,2025-09-10T11:55:00+00:00,2025-09-10T13:30:00+00:00,0.10714,0.1052233475239837,0.11530351980525459,0.1052233475239837,SL,-0.01788923348904518,-0.02308923348904518,2.2,0.0044,-0.0507963136758994
BSW/USDT:USDT,LONG,2025-09-10T10:55:00+00:00,2025-09-10T14:00:00+00:00,0.02543,0.0224632434358404,0.03806618536586498,0.0224632434358404,SL,-0.11666364782381446,-0.12186364782381445,2.2,0.0044,-0.2681000252123918
NAORIS/USDT:USDT,LONG,2025-09-10T12:30:00+00:00,2025-09-10T14:10:00+00:00,0.04236,0.04825091601626505,0.04825091601626505,0.0409769153700943,TP,0.13906789462382077,0.13386789462382076,2.2,0.0044,0.2945093681724057
NAORIS/USDT:USDT,LONG,2025-09-10T14:10:00+00:00,2025-09-10T14:20:00+00:00,0.04861,0.056169246592804124,0.056169246592804124,0.046835220365167726,TP,0.15550805580753185,0.15030805580753184,2.2,0.0044,0.3306777227765701
NAORIS/USDT:USDT,LONG,2025-09-10T14:20:00+00:00,2025-09-10T14:35:00+00:00,0.05852,0.05589047470261911,0.06971982997032601,0.05589047470261911,SL,-0.044933788403637924,-0.05013378840363793,2.2,0.0044,-0.11029433448800345
TST/USDT:USDT,LONG,2025-09-10T13:30:00+00:00,2025-09-10T15:25:00+00:00,0.02948,0.028502971726516297,0.03364141672039355,0.028502971726516297,SL,-0.03314207169212016,-0.038342071692120165,2.2,0.0044,-0.08435255772266437
REX/USDT:USDT,LONG,2025-09-10T15:25:00+00:00,2025-09-10T15:30:00+00:00,0.06759,0.06620580633976986,0.07348563966394317,0.06620580633976986,SL,-0.020479267054743903,-0.025679267054743903,2.2,0.0044,-0.05649438752043659
HIFI/USDT:USDT,LONG,2025-09-10T10:55:00+00:00,2025-09-10T15:45:00+00:00,0.08719,0.07897334001408268,0.12218688512520343,0.07897334001408268,SL,-0.09423855930631174,-0.09943855930631174,2.2,0.0044,-0.21876483047388584
NAORIS/USDT:USDT,LONG,2025-09-10T14:35:00+00:00,2025-09-10T15:50:00+00:00,0.05337,0.06949862625539585,0.06949862625539585,0.04958327905308097,TP,0.30220397705444724,0.29700397705444725,2.2,0.0044,0.653408749519784
BB/USDT:USDT,LONG,2025-09-10T15:45:00+00:00,2025-09-10T15:50:00+00:00,0.17392,0.17038298922399364,0.18898504589780477,0.17038298922399364,SL,-0.02033699848209723,-0.02553699848209723,2.2,0.0044,-0.056181396660613905
BB/USDT:USDT,LONG,2025-09-10T15:50:00+00:00,2025-09-10T15:55:00+00:00,0.16739,0.1634344899937084,0.18423754261939015,0.1634344899937084,SL,-0.02363050365190036,-0.02883050365190036,2.2,0.0044,-0.06342710803418079
W/USDT:USDT,LONG,2025-09-10T15:55:00+00:00,2025-09-10T16:00:00+00:00,0.10296,0.10129476458257873,0.11005266937049796,0.10129476458257873,SL,-0.016173615165319205,-0.02137361516531921,2.2,0.0044,-0.04702195336370226
NAORIS/USDT:USDT,LONG,2025-09-10T15:50:00+00:00,2025-09-10T16:15:00+00:00,0.07032,0.0900337034105168,0.0900337034105168,0.06569156528622648,TP,0.28034276749881687,0.2751427674988169,2.2,0.0044,0.6053140884973972
B2/USDT:USDT,LONG,2025-09-10T16:00:00+00:00,2025-09-10T16:20:00+00:00,0.4891,0.5119318756872965,0.5119318756872965,0.48373947266472167,TP,0.0466814060259589,0.0414814060259589,2.2,0.0044,0.09125909325710958
BAKE/USDT:USDT,LONG,2025-09-10T12:30:00+00:00,2025-09-10T16:25:00+00:00,0.1394,0.12157602489065916,0.2153169310212665,0.12157602489065916,SL,-0.12786208830230153,-0.13306208830230154,2.2,0.0044,-0.29273659426506343
BSW/USDT:USDT,LONG,2025-09-10T14:00:00+00:00,2025-09-10T16:30:00+00:00,0.02236,0.02120986707833751,0.027258714295969867,0.02120986707833751,SL,-0.05143707163070174,-0.056637071630701745,2.2,0.0044,-0.12460155758754385
B2/USDT:USDT,LONG,2025-09-10T16:20:00+00:00,2025-09-10T16:30:00+00:00,0.5177,0.549138984837174,0.549138984837174,0.5103186731251853,TP,0.060728191688572526,0.05552819168857252,2.2,0.0044,0.12216202171485956
BAKE/USDT:USDT,LONG,2025-09-10T16:25:00+00:00,2025-09-10T16:35:00+00:00,0.1175,0.10936317322624578,0.15215685477710122,0.10936317322624578,SL,-0.06924958956386565,-0.07444958956386565,2.2,0.0044,-0.16378909704050443
B2/USDT:USDT,LONG,2025-09-10T16:30:00+00:00,2025-09-10T16:35:00+00:00,0.6531,0.6335760191742669,0.7362576961096041,0.6335760191742669,SL,-0.029894320664114446,-0.03509432066411445,2.2,0.0044,-0.07720750546105179
B2/USDT:USDT,LONG,2025-09-10T16:35:00+00:00,2025-09-10T16:40:00+00:00,0.5831,0.5576651606618191,0.691433574958918,0.5576651606618191,SL,-0.04362002973448946,-0.04882002973448946,2.2,0.0044,-0.10740406541587683
NAORIS/USDT:USDT,LONG,2025-09-10T16:15:00+00:00,2025-09-10T16:45:00+00:00,0.093,0.12224276402763917,0.12224276402763917,0.08613430757611949,TP,0.31443832287784057,0.3092383228778406,2.2,0.0044,0.6803243103312493
PUMP/USDT:USDT,LONG,2025-09-10T16:40:00+00:00,2025-09-10T17:00:00+00:00,0.005736,0.005684149662271379,0.00595684403106635,0.005684149662271379,SL,-0.009039459157709397,-0.014239459157709397,2.2,0.0044,-0.031326810146960676
NAORIS/USDT:USDT,LONG,2025-09-10T16:45:00+00:00,2025-09-10T17:05:00+00:00,0.12546,0.11598225571068146,0.16582817012117146,0.11598225571068146,SL,-0.07554395256909394,-0.08074395256909393,2.2,0.0044,-0.17763669565200665
NAORIS/USDT:USDT,LONG,2025-09-10T17:05:00+00:00,2025-09-10T17:15:00+00:00,0.10008,0.08756078208436,0.1534025948258741,0.08756078208436,SL,-0.12509210547202246,-0.13029210547202247,2.2,0.0044,-0.2866426320384495
REX/USDT:USDT,LONG,2025-09-10T15:30:00+00:00,2025-09-10T17:20:00+00:00,0.06512,0.06362639160121487,0.07148166540223294,0.06362639160121487,SL,-0.02293624691009096,-0.028136246910090965,2.2,0.0044,-0.061899743202200125
REX/USDT:USDT,LONG,2025-09-10T17:20:00+00:00,2025-09-10T17:55:00+00:00,0.06284,0.060757968090891096,0.0717079136869453,0.060757968090891096,SL,-0.033132270991548335,-0.03833227099154834,2.2,0.0044,-0.08433099618140635
PRCL/USDT:USDT,LONG,2025-09-10T17:00:00+00:00,2025-09-10T18:25:00+00:00,0.10884,0.10631232251527988,0.11960603373121538,0.10631232251527988,SL,-0.023223791664095286,-0.02842379166409529,2.2,0.0044,-0.06253234166100964
W/USDT:USDT,LONG,2025-09-10T17:55:00+00:00,2025-09-10T18:35:00+00:00,0.09338,0.09213865668406322,0.0986672030123233,0.09213865668406322,SL,-0.013293460226352352,-0.01849346022635235,2.2,0.0044,-0.04068561249797517
NAORIS/USDT:USDT,LONG,2025-09-10T17:15:00+00:00,2025-09-10T19:20:00+00:00,0.08554,0.0729268906747798,0.13926250268149348,0.0729268906747798,SL,-0.1474527627451509,-0.1526527627451509,2.2,0.0044,-0.335836078039332
LAUNCHCOIN/USDT:USDT,LONG,2025-09-10T18:25:00+00:00,2025-09-10T19:20:00+00:00,0.09388,0.091144742668816,0.10553017011430223,0.091144742668816,SL,-0.029135676727567124,-0.03433567672756713,2.2,0.0044,-0.07553848880064769
PUMPBTC/USDT:USDT,LONG,2025-09-10T18:35:00+00:00,2025-09-10T19:25:00+00:00,0.0463,0.045658451263902694,0.04903252239448852,0.045658451263902694,SL,-0.013856344192166454,-0.019056344192166452,2.2,0.0044,-0.0419239572227662
SWARMS/USDT:USDT,LONG,2025-09-10T19:20:00+00:00,2025-09-10T20:35:00+00:00,0.0236,0.023223631826669262,0.025203049627149438,0.023223631826669262,SL,-0.01594780395469225,-0.02114780395469225,2.2,0.0044,-0.04652516870032295
LAUNCHCOIN/USDT:USDT,LONG,2025-09-10T20:35:00+00:00,2025-09-10T23:30:00+00:00,0.09367,0.10545151289554258,0.10545151289554258,0.09090390566800305,TP,0.12577680042214773,0.12057680042214773,2.2,0.0044,0.26526896092872504
LAUNCHCOIN/USDT:USDT,LONG,2025-09-10T23:30:00+00:00,2025-09-11T00:00:00+00:00,0.10577,0.10345539500871663,0.11562850274065142,0.10345539500871663,SL,-0.02188337894755954,-0.027083378947559543,2.2,0.0044,-0.059583433684630996
DOOD/USDT:USDT,LONG,2025-09-10T19:25:00+00:00,2025-09-11T00:20:00+00:00,0.0036528,0.0035900519224796616,0.003920060330179219,0.0035900519224796616,SL,-0.017178076412707594,-0.022378076412707594,2.2,0.0044,-0.04923176810795671
NAORIS/USDT:USDT,LONG,2025-09-10T19:20:00+00:00,2025-09-11T00:25:00+00:00,0.06849,0.10331240592525745,0.10331240592525745,0.06031430469580912,TP,0.5084305143124173,0.5032305143124173,2.2,0.0044,1.1071071314873182
NAORIS/USDT:USDT,LONG,2025-09-11T00:25:00+00:00,2025-09-11T00:50:00+00:00,0.10395,0.09889596081215951,0.12547646320746872,0.09889596081215951,SL,-0.048619905606931114,-0.05381990560693112,2.2,0.0044,-0.11840379233524846
NAORIS/USDT:USDT,LONG,2025-09-11T00:50:00+00:00,2025-09-11T00:55:00+00:00,0.0884,0.08070317416967102,0.12118277668473457,0.08070317416967102,SL,-0.08706816550145917,-0.09226816550145917,2.2,0.0044,-0.20298996410321019
LAUNCHCOIN/USDT:USDT,LONG,2025-09-11T00:20:00+00:00,2025-09-11T01:10:00+00:00,0.10343,0.10134046293586839,0.11232988008796796,0.10134046293586839,SL,-0.02020242738210969,-0.02540242738210969,2.2,0.0044,-0.05588534024064132
OL/USDT:USDT,LONG,2025-09-11T01:10:00+00:00,2025-09-11T01:15:00+00:00,0.04659,0.045675546317230226,0.0504848953155009,0.045675546317230226,SL,-0.019627681536161706,-0.02482768153616171,2.2,0.0044,-0.05462089937955576
LAUNCHCOIN/USDT:USDT,LONG,2025-09-11T01:15:00+00:00,2025-09-11T01:55:00+00:00,0.10136,0.09954147525425486,0.1091055683615071,0.09954147525425486,SL,-0.0179412465049837,-0.023141246504983705,2.2,0.0044,-0.05091074231096415
LAUNCHCOIN/USDT:USDT,LONG,2025-09-11T01:55:00+00:00,2025-09-11T02:20:00+00:00,0.09951,0.09794789092258466,0.10616342755195426,0.09794789092258466,SL,-0.01569801102819158,-0.020898011028191582,2.2,0.0044,-0.04597562426202149
NAORIS/USDT:USDT,LONG,2025-09-11T00:55:00+00:00,2025-09-11T04:30:00+00:00,0.07982,0.07175880458612309,0.11415472120725353,0.07175880458612309,SL,-0.10099217506736297,-0.10619217506736296,2.2,0.0044,-0.23362278514819854
NMR/USDT:USDT,LONG,2025-09-11T04:30:00+00:00,2025-09-11T05:35:00+00:00,18.941,18.53097413197593,20.687406474917324,18.53097413197593,SL,-0.02164753012111651,-0.026847530121116514,2.2,0.0044,-0.059064566266456335
ETHFI/USDT:USDT,LONG,2025-09-11T02:20:00+00:00,2025-09-11T05:40:00+00:00,1.4257,1.4909388630534874,1.4909388630534874,1.4103830495439638,TP,0.04575918008942097,0.040559180089420964,2.2,0.0044,0.08923019619672613
ETHFI/USDC:USDC,LONG,2025-09-11T05:40:00+00:00,2025-09-11T05:45:00+00:00,1.5095,1.4929769730210156,1.57987585565123,1.4929769730210156,SL,-0.01094602648491848,-0.01614602648491848,2.2,0.0044,-0.03552125826682066
BSW/USDT:USDT,LONG,2025-09-11T05:45:00+00:00,2025-09-11T06:40:00+00:00,0.02303,0.022283958516694544,0.02620758409556026,0.022283958516694544,SL,-0.03239433275316778,-0.037594332753167786,2.2,0.0044,-0.08270753205696914
F/USDT:USDT,LONG,2025-09-11T06:40:00+00:00,2025-09-11T07:00:00+00:00,0.008489,0.00821207237212707,0.009668506563162484,0.00821207237212707,SL,-0.032621937551293494,-0.0378219375512935,2.2,0.0044,-0.0832082626128457
ACE/USDT:USDT,LONG,2025-09-11T07:00:00+00:00,2025-09-11T07:05:00+00:00,0.8415,0.8169368217878021,0.9461209442371393,0.8169368217878021,SL,-0.029189754262861425,-0.03438975426286143,2.2,0.0044,-0.07565745937829516
BAKE/USDT:USDT,LONG,2025-09-10T16:35:00+00:00,2025-09-11T07:15:00+00:00,0.1088,0.10065612385324255,0.14348687988433728,0.10065612385324255,SL,-0.07485180281946184,-0.08005180281946184,2.2,0.0044,-0.17611396620281605
ACE/USDT:USDT,LONG,2025-09-11T07:05:00+00:00,2025-09-11T07:45:00+00:00,0.8112,0.7826519059458162,0.9327937339344865,0.7826519059458162,SL,-0.03519242363681434,-0.04039242363681434,2.2,0.0044,-0.08886333200099156
PIXEL/USDT:USDT,LONG,2025-09-11T07:15:00+00:00,2025-09-11T08:30:00+00:00,0.03881,0.037797942384799124,0.04312061576844817,0.037797942384799124,SL,-0.026077238216976894,-0.031277238216976894,2.2,0.0044,-0.06880992407734918
F/USDT:USDT,LONG,2025-09-11T08:30:00+00:00,2025-09-11T10:00:00+00:00,0.008445,0.009398966348008457,0.009398966348008457,0.00822102529220671,TP,0.11296226737814775,0.10776226737814776,2.2,0.0044,0.23707698823192508
ACE/USDT:USDT,LONG,2025-09-11T07:45:00+00:00,2025-09-11T10:45:00+00:00,0.7736,0.7252510445028512,0.9795307363767447,0.7252510445028512,SL,-0.06249864981534229,-0.0676986498153423,2.2,0.0044,-0.14893702959375305
F/USDT:USDT,LONG,2025-09-11T10:00:00+00:00,2025-09-11T10:50:00+00:00,0.009459,0.010793695313177983,0.010793695313177983,0.009145636752558214,TP,0.14110321526355663,0.13590321526355661,2.2,0.0044,0.29898707357982457
ACE/USDT:USDT,LONG,2025-09-11T10:45:00+00:00,2025-09-11T11:35:00+00:00,0.7252,0.7038241647306329,0.8162452242954521,0.7038241647306329,SL,-0.02947577946686023,-0.034675779466860235,2.2,0.0044,-0.07628671482709252
F/USDT:USDT,LONG,2025-09-11T10:50:00+00:00,2025-09-11T11:35:00+00:00,0.011238,0.010758969398498975,0.013278315524911771,0.010758969398498975,SL,-0.04262596560785054,-0.047825965607850546,2.2,0.0044,-0.1052171243372712
ACE/USDT:USDT,LONG,2025-09-11T11:35:00+00:00,2025-09-11T12:00:00+00:00,0.7019,0.6824343475937759,0.7848092602487323,0.6824343475937759,SL,-0.02773280012284387,-0.03293280012284387,2.2,0.0044,-0.07245216027025653
OG/USDT:USDT,LONG,2025-09-09T10:50:00+00:00,2025-09-11T12:15:00+00:00,22.3816,21.731805798702837,25.149241968487907,21.731805798702837,SL,-0.029032517840420796,-0.0342325178404208,2.2,0.0044,-0.07531153924892577
F/USDT:USDT,LONG,2025-09-11T11:35:00+00:00,2025-09-11T12:30:00+00:00,0.010269,0.009683259168571429,0.012763822059788356,0.009683259168571429,SL,-0.05703971481435109,-0.062239714814351095,2.2,0.0044,-0.13692737259157242
ACE/USDT:USDT,LONG,2025-09-11T12:00:00+00:00,2025-09-11T12:30:00+00:00,0.6745,0.6569005082947875,0.7494607980036825,0.6569005082947875,SL,-0.026092648932857624,-0.031292648932857624,2.2,0.0044,-0.06884382765228678
MAVIA/USDT:USDT,LONG,2025-09-11T12:15:00+00:00,2025-09-11T12:30:00+00:00,0.1802,0.1756290649368873,0.19966879749103558,0.1756290649368873,SL,-0.02536589935134688,-0.030565899351346883,2.2,0.0044,-0.06724497857296315
F/USDT:USDT,LONG,2025-09-11T12:30:00+00:00,2025-09-11T13:45:00+00:00,0.009286,0.008730628641747153,0.011651470599965833,0.008730628641747153,SL,-0.059807382969292285,-0.06500738296929229,2.2,0.0044,-0.14301624253244305
MAVIA/USDT:USDT,LONG,2025-09-11T12:30:00+00:00,2025-09-11T14:35:00+00:00,0.1744,0.16928099404750052,0.19620317350138672,0.16928099404750052,SL,-0.029352098351487832,-0.034552098351487835,2.2,0.0044,-0.07601461637327324
F/USDT:USDT,LONG,2025-09-11T13:45:00+00:00,2025-09-11T14:55:00+00:00,0.008663,0.008284440242161878,0.010275384153754969,0.008284440242161878,SL,-0.043698459868189155,-0.04889845986818916,2.2,0.0044,-0.10757661171001616
EPT/USDT:USDT,LONG,2025-09-11T14:55:00+00:00,2025-09-11T15:00:00+00:00,0.006708,0.006547038377512893,0.007393577280963607,0.006547038377512893,SL,-0.02399547145007562,-0.029195471450075623,2.2,0.0044,-0.06423003719016637
B2/USDT:USDT,LONG,2025-09-11T14:35:00+00:00,2025-09-11T15:10:00+00:00,0.5174,0.5071766349552925,0.5609439622274575,0.5071766349552925,SL,-0.019759112958460466,-0.02495911295846047,2.2,0.0044,-0.05491004850861304
B2/USDT:USDT,LONG,2025-09-11T15:10:00+00:00,2025-09-11T15:50:00+00:00,0.5063,0.5568387404381983,0.5568387404381983,0.49443438267972734,TP,0.09981975200118168,0.09461975200118168,2.2,0.0044,0.20816345440259973
B2/USDT:USDT,LONG,2025-09-11T15:50:00+00:00,2025-09-11T15:55:00+00:00,0.5687,0.5557647572398422,0.6237945524969684,0.5557647572398422,SL,-0.022745283559271644,-0.027945283559271644,2.2,0.0044,-0.06147962383039762
B2/USDT:USDT,LONG,2025-09-11T15:55:00+00:00,2025-09-11T16:05:00+00:00,0.5381,0.5231804174369964,0.6016463701757564,0.5231804174369964,SL,-0.027726412493966977,-0.03292641249396698,2.2,0.0044,-0.07243810748672737
USELESS/USDT:USDT,LONG,2025-09-11T00:00:00+00:00,2025-09-11T16:15:00+00:00,0.241,0.2602687449358984,0.2602687449358984,0.2364760337976586,TP,0.07995329848920506,0.07475329848920506,2.2,0.0044,0.16445725667625113
XAI/USDT:USDT,LONG,2025-09-11T16:05:00+00:00,2025-09-11T16:25:00+00:00,0.05799,0.05698032956217489,0.06229044816110693,0.05698032956217489,SL,-0.01741111291300408,-0.022611112913004085,2.2,0.0044,-0.04974444840860899
ACE/USDT:USDT,LONG,2025-09-11T12:30:00+00:00,2025-09-11T17:25:00+00:00,0.6367,0.6195474029260044,0.7097573579077591,0.6195474029260044,SL,-0.026939841485779225,-0.032139841485779225,2.2,0.0044,-0.0707076512687143
XAI/USDT:USDT,LONG,2025-09-11T16:25:00+00:00,2025-09-11T18:20:00+00:00,0.05683,0.05584280761727606,0.06103470829678715,0.05584280761727606,SL,-0.017370972773604446,-0.022570972773604446,2.2,0.0044,-0.049656140101929785
HIFI/USDT:USDT,LONG,2025-09-11T18:20:00+00:00,2025-09-11T18:30:00+00:00,0.08511,0.08248008093886917,0.0963115071122239,0.08248008093886917,SL,-0.03090023570826966,-0.03610023570826966,2.2,0.0044,-0.07942051855819325
F/USDT:USDT,LONG,2025-09-11T18:30:00+00:00,2025-09-11T19:10:00+00:00,0.009476,0.009222429978957905,0.010556020459994106,0.009222429978957905,SL,-0.026759183309634338,-0.03195918330963434,2.2,0.0044,-0.07031020328119555
PUMPBTC/USDT:USDT,LONG,2025-09-11T19:10:00+00:00,2025-09-11T20:35:00+00:00,0.0532,0.05855541158987192,0.05855541158987192,0.051942642496290936,TP,0.10066563138856992,0.09546563138856992,2.2,0.0044,0.21002438905485385
MAV/USDT:USDT,LONG,2025-09-11T16:15:00+00:00,2025-09-11T21:00:00+00:00,0.07282,0.07187800688293625,0.07683219290601223,0.07187800688293625,SL,-0.012935912071735096,-0.018135912071735094,2.2,0.0044,-0.03989900655781721
PUMPBTC/USDT:USDT,LONG,2025-09-11T20:35:00+00:00,2025-09-11T21:30:00+00:00,0.05878,0.06525215263030004,0.06525215263030004,0.05726045112158173,TP,0.11010807469037161,0.10490807469037161,2.2,0.0044,0.23079776431881757
PUMPBTC/USDT:USDT,LONG,2025-09-11T21:30:00+00:00,2025-09-11T21:40:00+00:00,0.06949,0.06733418505071125,0.0786721747840076,0.06733418505071125,SL,-0.0310233839299,-0.0362233839299,2.2,0.0044,-0.07969144464578001
PUMPBTC/USDT:USDT,LONG,2025-09-11T21:40:00+00:00,2025-09-11T22:05:00+00:00,0.06724,0.06505082282433776,0.0765642731555984,0.06505082282433776,SL,-0.032557661743935686,-0.03775766174393569,2.2,0.0044,-0.08306685583665852
PUMPBTC/USDT:USDT,LONG,2025-09-11T22:05:00+00:00,2025-09-11T22:15:00+00:00,0.06505,0.06164713492242228,0.07954368458968286,0.06164713492242228,SL,-0.052311530785207075,-0.05751153078520708,2.2,0.0044,-0.1265253677274556
GOR/USDT:USDT,LONG,2025-09-11T21:00:00+00:00,2025-09-11T22:55:00+00:00,0.0118,0.011719156417888196,0.01214433377566139,0.011719156417888196,SL,-0.00685115102642405,-0.01205115102642405,2.2,0.0044,-0.026512532258132913
PUMPBTC/USDT:USDT,LONG,2025-09-11T22:15:00+00:00,2025-09-11T23:40:00+00:00,0.06138,0.05782550307086411,0.07651952395743063,0.05782550307086411,SL,-0.057909692556791965,-0.06310969255679197,2.2,0.0044,-0.13884132362494234
PUMPBTC/USDT:USDT,LONG,2025-09-11T23:40:00+00:00,2025-09-12T00:35:00+00:00,0.05771,0.05530928435776066,0.06793527032805642,0.05530928435776066,SL,-0.04159964724032812,-0.046799647240328125,2.2,0.0044,-0.10295922392872188
B2/USDT:USDT,LONG,2025-09-11T17:25:00+00:00,2025-09-12T02:50:00+00:00,0.5281,0.5139275890243767,0.5884639726739511,0.5139275890243767,SL,-0.026836604763535832,-0.032036604763535835,2.2,0.0044,-0.07048053047977884
GOR/USDT:USDT,LONG,2025-09-12T02:50:00+00:00,2025-09-12T03:00:00+00:00,0.01449,0.014163105313884417,0.015882329218640447,0.014163105313884417,SL,-0.02256001974572686,-0.02776001974572686,2.2,0.0044,-0.0610720434405991
GOR/USDT:USDT,LONG,2025-09-12T03:00:00+00:00,2025-09-12T04:10:00+00:00,0.01412,0.013741597949216667,0.01573171243852161,0.013741597949216667,SL,-0.026799012095136972,-0.031999012095136975,2.2,0.0044,-0.07039782660930136
PUMPBTC/USDT:USDT,LONG,2025-09-12T00:35:00+00:00,2025-09-12T04:15:00+00:00,0.05507,0.05325742697125589,0.06279021845576195,0.05325742697125589,SL,-0.0329139827264229,-0.038113982726422906,2.2,0.0044,-0.0838507619981304
GOR/USDT:USDT,LONG,2025-09-12T04:10:00+00:00,2025-09-12T04:45:00+00:00,0.01366,0.013402020971193324,0.014758799567139543,0.013402020971193324,SL,-0.018885726852611712,-0.024085726852611712,2.2,0.0044,-0.05298859907574577
GOR/USDT:USDT,LONG,2025-09-12T04:45:00+00:00,2025-09-12T06:10:00+00:00,0.01335,0.013127992513901074,0.014295587440791726,0.013127992513901074,SL,-0.016629774239619963,-0.021829774239619966,2.2,0.0044,-0.04802550332716393
ATH/USDT:USDT,LONG,2025-09-12T04:15:00+00:00,2025-09-12T06:15:00+00:00,0.05517,0.05841137775588742,0.05841137775588742,0.054408980874704686,TP,0.058752542249183,0.053552542249182995,2.2,0.0044,0.1178155929482026
YGG/USDT:USDT,LONG,2025-09-12T06:10:00+00:00,2025-09-12T07:00:00+00:00,0.229,0.22095930779311365,0.26324739273303455,0.22095930779311365,SL,-0.03511219304317186,-0.040312193043171865,2.2,0.0044,-0.08868682469497811
KMNO/USDT:USDT,LONG,2025-09-11T22:55:00+00:00,2025-09-12T07:30:00+00:00,0.06795,0.06707198173398483,0.07168970742932382,0.06707198173398483,SL,-0.01292153445202594,-0.01812153445202594,2.2,0.0044,-0.039867375794457066
ATH/USDT:USDT,LONG,2025-09-12T06:15:00+00:00,2025-09-12T08:30:00+00:00,0.05942,0.05848263204712372,0.06341249313262119,0.05848263204712372,SL,-0.015775293720570165,-0.020975293720570165,2.2,0.0044,-0.046145646185254366
ATH/USDT:USDT,LONG,2025-09-12T08:30:00+00:00,2025-09-12T08:55:00+00:00,0.05804,0.05706612227635463,0.062187997711822866,0.05706612227635463,SL,-0.016779423219251736,-0.02197942321925174,2.2,0.0044,-0.04835473108235383
BAKE/USDT:USDT,LONG,2025-09-12T08:55:00+00:00,2025-09-12T09:00:00+00:00,0.1255,0.11837379722255721,0.15585234516318225,0.11837379722255721,SL,-0.05678249225054015,-0.06198249225054015,2.2,0.0044,-0.13636148295118836
AWE/USDT:USDT,LONG,2025-09-12T09:00:00+00:00,2025-09-12T09:20:00+00:00,0.065481,0.06420936316995406,0.07089723094278828,0.06420936316995406,SL,-0.019419936012674537,-0.024619936012674537,2.2,0.0044,-0.054163859227883984
YGG/USDT:USDT,LONG,2025-09-12T07:00:00+00:00,2025-09-12T09:25:00+00:00,0.2206,0.21265834062811517,0.2544255862135835,0.21265834062811517,SL,-0.036000269138190474,-0.04120026913819048,2.2,0.0044,-0.09064059210401906
ATH/USDT:USDT,LONG,2025-09-12T09:20:00+00:00,2025-09-12T09:35:00+00:00,0.05737,0.05658839814335143,0.06069904494498464,0.05658839814335143,SL,-0.013623877577977417,-0.01882387757797742,2.2,0.0044,-0.041412530671550325
YGG/USDT:USDT,LONG,2025-09-12T09:25:00+00:00,2025-09-12T10:10:00+00:00,0.2124,0.20752213064778166,0.233176110203893,0.20752213064778166,SL,-0.022965486592365088,-0.02816548659236509,2.2,0.0044,-0.061964070503203204
HIFI/USDT:USDT,LONG,2025-09-12T09:35:00+00:00,2025-09-12T10:30:00+00:00,0.09973,0.11576339098853451,0.11576339098853451,0.09596563863747451,TP,0.16076798344063484,0.15556798344063483,2.2,0.0044,0.3422495635693966
HIFI/USDT:USDT,LONG,2025-09-12T10:30:00+00:00,2025-09-12T10:40:00+00:00,0.11656,0.13599719212303307,0.13599719212303307,0.11199648532763572,TP,0.16675696742478618,0.16155696742478617,2.2,0.0044,0.3554253283345296
NAORIS/USDT:USDT,LONG,2025-09-12T07:30:00+00:00,2025-09-12T11:00:00+00:00,0.08704,0.09812802561993221,0.09812802561993221,0.0844367244196681,TP,0.1273900002290005,0.12219000022900049,2.2,0.0044,0.2688180005038011
CRCLX/USDT:USDT,LONG,2025-09-11T15:00:00+00:00,2025-09-12T11:15:00+00:00,127.74,135.84431298255842,135.84431298255842,125.83724825626888,TP,0.06344381542632242,0.05824381542632242,2.2,0.0044,0.12813639393790932
VELVET/USDT:USDT,LONG,2025-09-12T11:15:00+00:00,2025-09-12T11:45:00+00:00,0.11685,0.11360182311774941,0.1306848274614377,0.11360182311774941,SL,-0.0277978338232827,-0.0329978338232827,2.2,0.0044,-0.07259523441122195
YGG/USDT:USDT,LONG,2025-09-12T10:10:00+00:00,2025-09-12T12:00:00+00:00,0.2051,0.20042790301577687,0.22499967234020965,0.20042790301577687,SL,-0.022779604993774422,-0.027979604993774422,2.2,0.0044,-0.06155513098630373
HIFI/USDT:USDT,LONG,2025-09-12T10:40:00+00:00,2025-09-12T13:55:00+00:00,0.1365,0.16403347688159486,0.16403347688159486,0.13003561847127773,TP,0.20171045334501722,0.1965104533450172,2.2,0.0044,0.4323229973590379
BAKE/USDT:USDT,LONG,2025-09-12T12:00:00+00:00,2025-09-12T14:00:00+00:00,0.1175,0.11200495903476611,0.14090480411118136,0.11200495903476611,SL,-0.0467663060870969,-0.0519663060870969,2.2,0.0044,-0.1143258733916132
BSW/USDT:USDT,LONG,2025-09-12T14:00:00+00:00,2025-09-12T14:25:00+00:00,0.02546,0.027651527538702102,0.027651527538702102,0.024945467447435157,TP,0.08607727960338186,0.08087727960338187,2.2,0.0044,0.17793001512744014
HIFI/USDT:USDT,LONG,2025-09-12T13:55:00+00:00,2025-09-12T14:30:00+00:00,0.16414,0.2004742421404403,0.2004742421404403,0.15560935184528793,TP,0.22136128999902696,0.21616128999902695,2.2,0.0044,0.4755548379978593
BSW/USDT:USDT,LONG,2025-09-12T14:25:00+00:00,2025-09-12T14:30:00+00:00,0.02793,0.02723230163205908,0.03090167823382244,0.02723230163205908,SL,-0.02498024947872971,-0.030180249478729715,2.2,0.0044,-0.06639654885320538
HIFI/USDT:USDT,LONG,2025-09-12T14:30:00+00:00,2025-09-12T14:45:00+00:00,0.20531,0.19435878229178902,0.25195407542386156,0.19435878229178902,SL,-0.05333991382889765,-0.05853991382889765,2.2,0.0044,-0.12878781042357484
BSW/USDT:USDT,LONG,2025-09-12T14:30:00+00:00,2025-09-12T14:55:00+00:00,0.02601,0.02500110865834057,0.03030712978854941,0.02500110865834057,SL,-0.03878859445057393,-0.04398859445057393,2.2,0.0044,-0.09677490779126266
RDO/USDT:USDT,LONG,2025-09-12T14:55:00+00:00,2025-09-12T15:00:00+00:00,0.000844,0.0008260226540162643,0.0009205701773381339,0.0008260226540162643,SL,-0.021300172966511575,-0.026500172966511575,2.2,0.0044,-0.05830038052632547
NMR/USDT:USDT,LONG,2025-09-11T05:35:00+00:00,2025-09-12T15:20:00+00:00,18.372,17.824293954768965,20.704822044502556,17.824293954768965,SL,-0.02981199897839292,-0.035011998978392925,2.2,0.0044,-0.07702639775246443
VELVET/USDT:USDT,LONG,2025-09-12T11:45:00+00:00,2025-09-12T16:30:00+00:00,0.10919,0.12983829093510071,0.12983829093510071,0.10434214038915025,TP,0.18910423056232914,0.18390423056232913,2.2,0.0044,0.4045893072371241
VELVET/USDT:USDT,LONG,2025-09-12T16:30:00+00:00,2025-09-12T16:35:00+00:00,0.1313,0.12708915394239378,0.1492350850601747,0.12708915394239378,SL,-0.032070419326780016,-0.03727041932678002,2.2,0.0044,-0.08199492251891605
HIFI/USDT:USDT,LONG,2025-09-12T14:45:00+00:00,2025-09-12T17:00:00+00:00,0.19157,0.2462642950824431,0.2462642950824431,0.17872873071977421,TP,0.2855055336558079,0.2803055336558079,2.2,0.0044,0.6166721740427774
EPT/USDT:USDT,LONG,2025-09-12T15:20:00+00:00,2025-09-12T17:35:00+00:00,0.006192,0.006072144745110075,0.006702494604160788,0.006072144745110075,SL,-0.019356468812972316,-0.02455646881297232,2.2,0.0044,-0.05402423138853911
MOODENG/USDT:USDT,LONG,2025-09-12T17:35:00+00:00,2025-09-12T17:55:00+00:00,0.18603,0.18214362000069811,0.2025830999970265,0.18214362000069811,SL,-0.020891146585507104,-0.026091146585507104,2.2,0.0044,-0.057400522488115634
NAORIS/USDT:USDT,LONG,2025-09-12T11:00:00+00:00,2025-09-12T18:10:00+00:00,0.10011,0.11453780490807339,0.11453780490807339,0.0967226023259306,TP,0.14411951761136133,0.13891951761136132,2.2,0.0044,0.3056229387449949
VELVET/USDT:USDT,LONG,2025-09-12T16:35:00+00:00,2025-09-12T19:10:00+00:00,0.12577,0.14486200755587647,0.14486200755587647,0.1212875286607942,TP,0.1518009664934124,0.1466009664934124,2.2,0.0044,0.3225221262855073
BSW/USDT:USDT,LONG,2025-09-12T15:00:00+00:00,2025-09-12T19:20:00+00:00,0.02553,0.030067940470108433,0.030067940470108433,0.024464570498322367,TP,0.17774933294588452,0.1725493329458845,2.2,0.0044,0.37960853248094595
HIFI/USDT:USDT,LONG,2025-09-12T17:00:00+00:00,2025-09-12T20:30:00+00:00,0.24996,0.30520067725797034,0.30520067725797034,0.23699044968725913,TP,0.22099806872287708,0.21579806872287707,2.2,0.0044,0.4747557511903296
VELVET/USDT:USDT,LONG,2025-09-12T19:20:00+00:00,2025-09-12T20:50:00+00:00,0.14916,0.16757537758658483,0.16757537758658483,0.14483638961010614,TP,0.12346056306372251,0.11826056306372251,2.2,0.0044,0.26017323874018955
NAORIS/USDT:USDT,LONG,2025-09-12T18:10:00+00:00,2025-09-12T21:10:00+00:00,0.11551,0.13282380160392848,0.13282380160392848,0.11144502049299071,TP,0.14989006669490504,0.14469006669490503,2.2,0.0044,0.3183181467287911
VELVET/USDT:USDT,LONG,2025-09-12T20:50:00+00:00,2025-09-12T21:45:00+00:00,0.16765,0.1622624596674858,0.1905969310458939,0.1622624596674858,SL,-0.03213564170900213,-0.03733564170900213,2.2,0.0044,-0.0821384117598047
HIFI/USDT:USDT,LONG,2025-09-12T20:30:00+00:00,2025-09-12T22:35:00+00:00,0.31001,0.3747198722240303,0.3747198722240303,0.29481724739087983,TP,0.20873478992300343,0.20353478992300342,2.2,0.0044,0.44777653783060756
PUMPBTC/USDT:USDT,LONG,2025-09-12T19:10:00+00:00,2025-09-12T22:50:00+00:00,0.08365,0.09127,0.10440453263863418,0.07877719668484241,EOD,0.09109384339509864,0.08589384339509865,2.2,0.0044,0.18896645546921703
VELVET/USDT:USDT,LONG,2025-09-12T21:45:00+00:00,2025-09-12T22:50:00+00:00,0.15916,0.1641,0.19209649376977353,0.15142708407144448,EOD,0.031037949233475748,0.025837949233475745,2.2,0.0044,0.05684348831364664
