message_idx,dt_utc,symbol,side,leverage,entry_a,entry_b,sl,tp1,tp2,tp3,raw_text,entry_low,entry_high,entry_mid,zone_pct,sl_extra_pct,tp1_pct,tp2_pct,tp3_pct
2,2024-12-22T08:22:32+00:00,PERP,long,30,0.8092,0.7311,0.6955,0.8385,0.884,0.9,"заходжу в perp long 30x
📈
📣
точка входу: 0.8092 - 0.7311
✅
тейк-профіт: 0.8385, 0.8840, 0.9000
🤚
стоп-лосс: 0.6955
✍️
на графіку бачим ребалансований рух в зону ордер блоку на 1д тф, також зміну характеру ціни, зверху eqh, зараз знаходимось в зоні sell to buy, звідси хочу побачити подальший рух!",0.7311,0.8092,0.77015,0.1014088164643252,0.04869374914512374,0.03620860108749381,0.09243697478991593,0.11220958971824023
5,2024-12-26T07:08:33+00:00,UNI,long,30,9.245,8.319,7.765,9.685,10.793,12.122,"заходжу в uni long 30x
📈
📣
точка входу: 9.245 - 8.319
✅
тейк-профіт: 9.685, 10.793, 12.122
🤚
стоп-лосс: 7.765
✍️
на графіку бачим бичий наратив, також зміну характеру ціни, зверху buy side liquidity, зараз знаходимось в зоні блоку ордерів, звідси хочу побачити подальший рух!",8.319,9.245,8.782,0.10544295149168736,0.066594542613295,0.04759329367225541,0.1674418604651163,0.31119524067063287
10,2025-01-01T11:15:55+00:00,SSV,short,20,25.007,24.138,26.187,24.076,23.548,22.943,"заходжу в ssv short 20x
📈
📣
точка входу: 25.007 - 24.138
✅
тейк-профіт: 24.076,23.548,22.943
🤚
стоп-лосс: 26.187
✍️
на графіку бачим
о
ведмежий наратив, також зміну характеру ціни, знизу sell side liquidity, зараз знаходимос
я
в зоні шортового fvg, звідси хочу побачити подальший рух!",24.138,25.007,24.5725,0.03536473700274696,0.04718678769944414,0.0025685640898169344,0.02444278730632212,0.04950700140856741
13,2025-01-01T15:11:00+00:00,ORDI,long,20,27.235,25.855,25.32,27.733,28.082,28.824,"заходжу в ordi long 20x
📈
📣
точка входу: 27.235 - 25.855
✅
тейк-профіт: 27.733,28.082,28.824
🤚
стоп-лосс: 25.320
✍️
на графіку бачим
о
бичий наратив, також зміну характеру ціни, зверу buy side liquidity, зараз знаходимос
я
в зоні лонгового fvg, звідси хочу побачити подальший рух!
заходимо в угоду на BingX
🔀",25.855,27.235,26.545,0.0519871915614993,0.020692322568168636,0.018285294657609735,0.03109968790159726,0.0583440425922527
18,2025-01-02T11:51:05+00:00,VET,long,30,0.04835,0.04554,0.04433,0.04882,0.04986,0.05186,"заходжу в vet long 30x
📈
📣
точка входу: 0.04835 - 0.04554
✅
тейк-профіт: 0.04882, 0.04986, 0.05186
🤚
стоп-лосс: 0.04433
✍️
на графіку бачим
о
бичий htf raid, також зміну характеру ціни, зверу buy side liquidity, зараз знаходимос
я
в зоні лонгового fvg, звідси хочу побачити подальший рух!
заходимо в угоду на BingX
🔀",0.04554,0.04835,0.046945,0.059857279795505376,0.026570048309178654,0.009720785935884284,0.031230610134436496,0.07259565667011389
23,2025-01-03T11:00:46+00:00,MYRO,long,20,0.06814,0.06428,0.06279,0.06906,0.07244,0.0754,"заходжу в myro long 20x
📈
📣
точка входу: 0.06814 - 0.06428
✅
тейк-профіт: 0.06906,0.07244,0.07540
🤚
стоп-лосс: 0.06279
✍️
на графіку бачим
о
бичий наратив, також зміну характеру ціни, зверу buy side liquidity, зараз знаходимос
я
в зоні ltf raid, звідси хочу побачити подальший рух!
заходимо в угоду на BingX
🔀",0.06428,0.06814,0.06621,0.058299350551276274,0.023179838207840777,0.013501614323451573,0.06310537129439386,0.10654534781332534
29,2025-01-04T10:32:01+00:00,JTO,long,30,3.1403,2.8846,2.83,3.1991,3.2687,3.4641,"заходжу в jto long 30x
📈
📣
точка входу: 3.1403 - 2.8846
✅
тейк-профіт: 3.1991,3.2687,3.4641
🤚
стоп-лосс: 2.8300
✍️
на графіку бачим
о
бичий наратив після мітігації денної зони блоку ордерів та htf raid, також зміну характеру ціни, звер
х
у buy side liquidity, зараз знаходимос
я
в зоні лонгового fvg, звідси хочу побачити подальший рух!
заходимо в угоду на BingX
🔀",2.8846,3.1403,3.01245,0.08488107686434632,0.01892810094987165,0.01872432570136617,0.04088781326624847,0.10311116772282913
36,2025-01-06T11:12:47+00:00,PYTH,long,30,0.3923,0.365,0.3577,0.397,0.403,0.4087,"заходжу в pyth long 30x
📈
📣
точка входу: 0.3923 - 0.3650
✅
тейк-профіт: 0.3970,0.4030,0.4087
🤚
стоп-лосс: 0.3577
✍️
на графіку бачим
о
бичий наратив після мітігації денної зони блоку ордерів та htf raid, також зміну характеру ціни, звер
х
у buy side liquidity, зараз знаходимос
я
в зоні лонгового блоку ордерів, звідси хочу побачити подальший рух!
заходимо в угоду на BingX
🔀",0.365,0.3923,0.37865,0.07209824376072889,0.019999999999999928,0.011980627071119137,0.02727504460871793,0.04180474126943672
43,2025-01-07T11:16:30+00:00,JTO,long,30,3.2331,3.0729,2.9844,3.2571,3.348,3.4212,"заходжу в jto long 30x
📈
📣
точка входу: 3.2331 - 3.0729
✅
тейк-профіт: 3.2571,3.3480,3.4212
🤚
стоп-лосс: 2.9844
✍️
на графіку бачимо бичий наратив також зміну характеру ціни, зверху buy side liquidity, зараз знаходимось в зоні 1d брейкер блоку ордерів, звідси хочу побачити подальший рух!
заходимо в угоду на BingX
🔀",3.0729,3.2331,3.153,0.05080875356803034,0.028800156204237117,0.007423216108378962,0.03553864711886425,0.058179456249420045
49,2025-01-08T11:57:57+00:00,XRP,long,30,2.3302,2.1268,2.0548,2.3614,2.4001,2.474,"заходжу в xrp long 30x
📈
📣
точка входу: 2.3302 - 2.1268
✅
тейк-профіт: 2.3614,2.4001,2.4740
🤚
стоп-лосс: 2.0548
✍️
на графіку бачимо бичий наратив також зміну характеру ціни, зверху buy side liquidity, зараз знаходимось в зоні 1d фвг та htf raid, звідси хочу побачити подальший рух!
заходимо в угоду на BingX
🔀",2.1268,2.3302,2.2285,0.09127215615885136,0.03385367688546155,0.013389408634452028,0.029997425113724174,0.06171144107801912
53,2025-01-09T11:10:19+00:00,ORDI,long,30,23.797,21.831,20.67,24.019,24.307,24.846,"заходжу в ordi long 30x
📈
📣
точка входу: 23.797 - 21.831
✅
тейк-профіт: 24.019,24.307,24.846
🤚
стоп-лосс: 20.670
✍️
на графіку бачимо зміну характеру ціни, зверху buy side liquidity, зараз знаходимось в зоні 1h брейкер блоку ордерів, звідси хочу побачити подальший рух!
заходимо в угоду на BingX
🔀",21.831,23.797,22.814,0.08617515560620677,0.053181256012092795,0.00932890700508458,0.021431272849518762,0.04408118670420639
58,2025-01-10T10:57:11+00:00,PYTH,long,30,0.339,0.3152,0.3072,0.3444,0.3522,0.3601,"заходжу в pyth long 30x
📈
📣
точка входу: 0.3390 - 0.3152
✅
тейк-профіт: 0.3444,0.3522,0.3601
🤚
стоп-лосс: 0.3072
✍️
на графіку бачим
о
бичий htf raid, також зміну характеру ціни, зверу buy side liquidity,
зараз знаходимось в зоні 1h брейкер блоку ордерів, звідси хочу побачити подальший рух!
заходимо в угоду на BingX
🔀",0.3152,0.339,0.3271,0.07276062366248867,0.0253807106598985,0.01592920353982289,0.0389380530973451,0.06224188790560457
64,2025-01-11T10:43:15+00:00,XRP,long,30,2.3705,2.2366,2.1329,2.386,2.398,2.4991,"заходжу в xrp long 30x
📈
📣
точка входу: 2.3705 - 2.2366
✅
тейк-профіт: 2.3860,2.3980,2.4991
🤚
стоп-лосс: 2.1329
✍️
на графіку бачим
о
бичий htf raid, також зміну характеру ціни, зверу buy side liquidity,
зараз знаходимось в зоні 1h фвг, звідси хочу побачити подальший рух!
заходимо в угоду на BingX
🔀",2.2366,2.3705,2.30355,0.05812767250548054,0.04636501833139602,0.006538704914575108,0.011600928074246068,0.05425015819447376
72,2025-01-13T12:20:52+00:00,XRP,long,30,2.3841,2.1986,2.0644,2.406,2.5106,2.604,"заходжу в xrp long 30x
📈
📣
точка входу: 2.3841 - 2.1986
✅
тейк-профіт: 2.4060,2.5106,2.6040
🤚
стоп-лосс: 2.0644
✍️
на графіку бачим
о
бичий наратив пілся htf raid, також зміну характеру ціни, звер
х
у buy side liquidity, зараз знаходимос
я
в зоні бичого ltf raid, звідси хочу побачити подальший рух!
заходимо в угоду на BingX
🔀",2.1986,2.3841,2.29135,0.0809566412813408,0.061038842900027236,0.00918585629797409,0.05305985487185942,0.09223606392349314
79,2025-01-14T12:30:41+00:00,ORDI,long,30,24.928,23.147,22.586,25.45,25.739,26.378,"заходжу в ordi long 30x
📈
📣
точка входу: 24.928 - 23.147
✅
тейк-профіт: 25.450,25.739,26.378
🤚
стоп-лосс: 22.586
✍️
на графіку бачим
о
бичий наратив пілся htf raid, також зміну характеру ціни, звер
х
у buy side liquidity, зараз знаходимос
я
в зоні бичого ltf фвг, звідси хочу побачити подальший рух!
заходимо в угоду на BingX
🔀",23.147,24.928,24.0375,0.0740925637025482,0.024236402125545425,0.02094030808729134,0.032533697047496785,0.0581675224646983
84,2025-01-15T12:38:30+00:00,GALA,long,30,0.03622,0.0329,0.03065,0.03671,0.03808,0.03887,"заходжу в gala long 30x
📈
📣
точка входу: 0.03622 - 0.03290
✅
тейк-профіт: 0.03671,0.03808,0.03887
🤚
стоп-лосс: 0.03065
✍️
на графіку бачим
о
бичий наратив пілся htf raid, також зміну характеру ціни, звер
х
у buy side liquidity, зараз знаходимос
я
в зоні бичого ltf фвг, звідси хочу побачити подальший рух!
заходимо в угоду на BingX
🔀",0.0329,0.03622,0.03456,0.09606481481481491,0.06838905775075983,0.013528437327443328,0.051352843732744353,0.07316399779127553
89,2025-01-16T10:38:16+00:00,OP,long,30,1.8622,1.7201,1.6669,1.887,1.9136,1.9475,"заходжу в op long 30x
📈
📣
точка входу: 1.8622 - 1.7201
✅
тейк-профіт: 1.8870,1.9136,1.9475
🤚
стоп-лосс: 1.6669
✍️
на графіку бачим
о
бичий наратив пілся htf raid, також зміну характеру ціни, звер
х
у buy side liquidity, зараз знаходимос
я
в зоні бичого ltf фвг, звідси хочу побачити подальший рух!
заходимо в угоду на BingX
🔀",1.7201,1.8622,1.79115,0.07933450576445307,0.030928434393349174,0.013317581355386066,0.02760176135753404,0.045806035871549744
96,2025-01-17T11:19:30+00:00,APT,long,30,9.7137,8.9952,8.4935,9.8523,10.0695,10.2381,"заходжу в apt long 30x
📈
📣
точка входу: 9.7137 - 8.9952
✅
тейк-профіт: 9.8523,10.0695,10.2381
🤚
стоп-лосс: 8.4935
✍️
на графіку бачим
о
бичий наратив пілся htf raid, також зміну характеру ціни, звер
х
у buy side liquidity, зараз знаходимос
я
в зоні бичого ltf фвг, звідси хочу побачити подальший рух!
заходимо в угоду на BingX
🔀",8.9952,9.7137,9.35445,0.07680836393374264,0.055774190679473645,0.014268507365885325,0.03662867908212117,0.053985607955773805
100,2025-01-18T11:48:23+00:00,ONDO,long,30,1.3589,1.23,1.1617,1.3679,1.3912,1.4447,"заходжу в ondo long 30x
📈
📣
точка входу: 1.3589 - 1.2300
✅
тейк-профіт: 1.3679,1.3912,1.4447
🤚
стоп-лосс: 1.1617
✍️
на графіку бачим
о
бичий наратив пілся htf raid, також зміну характеру ціни, звер
х
у buy side liquidity, зараз знаходимос
я
в зоні бичого ltf фвг, звідси хочу побачити подальший рух!
заходимо в угоду на BingX
🔀",1.23,1.3589,1.2944499999999999,0.0995789717640697,0.05552845528455287,0.006623003900213332,0.023769225108543672,0.06313930384870123
107,2025-01-20T11:57:44+00:00,XRP,long,30,3.3148,3.0371,2.8541,3.3878,3.4249,3.4993,"заходжу в xrp long 30x
📈
📣
точка входу: 3.3148 - 3.0371
✅
тейк-профіт: 3.3878,3.4249,3.4993
🤚
стоп-лосс: 2.8541
✍️
на графіку бачим
о
бичий наратив пілся htf raid, також зміну характеру ціни, звер
х
у buy side liquidity, зараз знаходимос
я
в зоні бичого ltf блоку ордерів, звідси хочу побачити подальший рух!
заходимо в угоду на BingX
🔀",3.0371,3.3148,3.1759500000000003,0.08743840425699391,0.06025484837509475,0.02202244479304934,0.033214673585133365,0.05565946663448772
111,2025-01-21T11:28:37+00:00,TIA,long,30,4.7245,4.3096,4.03,4.8299,5.0398,5.2563,"заходжу в tia long 30x
📈
📣
точка входу: 4.7245 - 4.3096
✅
тейк-профіт: 4.8299,5.0398,5.2563
🤚
стоп-лосс: 4.0300
✍️
на графіку бачимо бичий htf raid, також зміну характеру ціни, зверу buy side liquidity, зараз знаходимось в зоні 1h брейкер блоку, звідси хочу побачити подальший рух!
заходимо в угоду на BingX
🔀",4.3096,4.7245,4.517049999999999,0.09185198304202971,0.06487841098941884,0.02230923907291785,0.06673722086993326,0.11256217589162885
118,2025-01-22T11:15:12+00:00,PYTH,long,30,0.3272,0.2984,0.2802,0.3337,0.3445,0.3583,"заходжу в pyth long 30x
📈
📣
точка входу: 0.3272 - 0.2984
✅
тейк-профіт: 0.3337,0.3445,0.3583
🤚
стоп-лосс: 0.2802
✍️
на графіку бачимо бичий htf raid, також зміну характеру ціни, зверу buy side liquidity, зараз знаходимось в зоні ltf фвг, звідси хочу побачити подальший рух!
заходимо в угоду на BingX
🔀",0.2984,0.3272,0.31279999999999997,0.09207161125319692,0.06099195710455762,0.019865525672371657,0.05287286063569677,0.09504889975550128
123,2025-01-23T11:55:52+00:00,RENDER,long,25,6.885,6.397,5.961,6.917,7.159,7.341,"заходжу в render long 25x
📈
📣
точка входу: 6.885 - 6.397
✅
тейк-профіт: 6.917,7.159,7.341
🤚
стоп-лосс: 5.961
✍️
на графіку бачимо бичий htf raid, також зміну характеру ціни, зверу buy side liquidity, зараз знаходимось в зоні ltf блоку ордерів, звідси хочу побачити подальший рух!
заходимо в угоду на BingX
🔀",6.397,6.885,6.641,0.07348290920042155,0.06815694856964201,0.004647785039941907,0.03979665940450255,0.06623093681917218
129,2025-01-24T11:17:07+00:00,PYTH,long,30,0.3238,0.3035,0.2835,0.3274,0.3324,0.337,"заходжу в pyth long 30x
📈
📣
точка входу: 0.3238 - 0.3035
✅
тейк-профіт: 0.3274,0.3324,0.3370
🤚
стоп-лосс: 0.2835
✍️
на графіку бачимо бичий htf raid, також зміну характеру ціни, зверу buy side liquidity, зараз знаходимось в зоні ltf фвг , звідси хочу побачити подальший рух!
заходимо в угоду на BingX
🔀",0.3035,0.3238,0.31365,0.06472182368882508,0.06589785831960468,0.011117974058060679,0.026559604694255706,0.04076590487955542
136,2025-01-26T11:43:28+00:00,ROSE,long,25,0.06564,0.06015,0.05608,0.06651,0.06722,0.06774,"заходжу в rose long 25x
📈
📣
точка входу: 0.06564 - 0.06015
✅
тейк-профіт: 0.06651,0.06722,0.06774
🤚
стоп-лосс: 0.05608
✍️
на графіку бачимо бичий htf raid, також зміну характеру ціни, зверу buy side liquidity, зараз знаходимось в зоні ltf фвг , звідси хочу побачити подальший рух!
заходимо в угоду на BingX
🔀",0.06015,0.06564,0.062895,0.08728833770569999,0.0676641729010807,0.013254113345520959,0.024070688604509415,0.03199268738574026
140,2025-01-27T12:41:06+00:00,SOL,long,30,226.76,206.194,192.325,229.53,235.544,238.595,"заходжу в sol long 30x
📈
📣
точка входу: 226.760 - 206.194
✅
тейк-профіт: 229.530,235.544,238.595
🤚
стоп-лосс: 192.325
✍️
на графіку бачимо бичий ltf raid, також зміну характеру ціни, зверу buy side liquidity, зараз знаходимось в зоні htf брейкер блоку ордерів , звідси хочу побачити подальший рух!
заходимо в угоду на BingX
🔀",206.194,226.76,216.47699999999998,0.09500316430844849,0.06726189898833138,0.012215558299523772,0.03873699065090854,0.052191744575762956
147,2025-01-28T11:49:18+00:00,VET,long,30,0.04556,0.04216,0.03959,0.04591,0.04747,0.04943,"заходжу в vet  long 30x
📈
📣
точка входу: 0.04556 - 0.04216
✅
тейк-профіт: 0.04591, 0.04747, 0.04943
🤚
стоп-лосс: 0.03959
✍️
на графіку бачимо бичий htf raid, також зміну характеру ціни, зверу buy side liquidity, зараз знаходимось в зоні ltf блоку ордерів , звідси хочу побачити подальший рух!
заходимо в угоду на BingX
🔀",0.04216,0.04556,0.04386,0.07751937984496124,0.06095825426944978,0.007682177348551276,0.0419227392449516,0.0849429323968393
151,2025-01-29T12:08:32+00:00,XRP,long,30,3.0993,2.8392,2.7017,3.1368,3.1847,3.2589,"заходжу в xrp long 30x
📈
📣
точка входу: 3.0993  - 2.8392
✅
тейк-профіт: 3.1368,3.1847,3.2589
🤚
стоп-лосс: 2.7017
✍️
на графіку бачимо бичий htf raid, також зміну характеру ціни, зверу buy side liquidity, зараз знаходимось в зоні ltf блоку ордерів , звідси хочу побачити подальший рух!
заходимо в угоду на BingX
🔀",2.8392,3.0993,2.9692499999999997,0.08759787825208387,0.04842913496759641,0.01209950634014135,0.027554609105281812,0.05149549898364153
155,2025-01-30T11:31:00+00:00,INJ,long,30,19.257,17.629,16.119,19.506,19.69,20.097,"заходжу в inj long 30x
📈
📣
точка входу: 19.257  - 17.629
✅
тейк-профіт: 19.506,19.690,20.097
🤚
стоп-лосс: 16.119
✍️
на графіку бачимо бичий htf raid, також зміну характеру ціни, зверу buy side liquidity, зараз знаходимось в зоні ltf блоку ордерів , звідси хочу побачити подальший рух!
заходимо в угоду на BingX
🔀",17.629,19.257,18.443,0.0882719731063276,0.08565431958704416,0.012930362984888548,0.022485330009866532,0.0436205016357688
161,2025-01-31T11:19:58+00:00,ROSE,long,25,0.06226,0.0568,0.05247,0.06302,0.06401,0.0652,"заходжу в rose long 25x
📈
📣
точка входу: 0.06226  - 0.05680
✅
тейк-профіт: 0.06302,0.06401,0.06520
🤚
стоп-лосс: 0.05247
✍️
на графіку бачимо бичий htf raid, також зміну характеру ціни, зверу buy side liquidity, зараз знаходимось в зоні ltf блоку ордерів , звідси хочу побачити подальший рух!
заходимо в угоду на BingX
🔀",0.0568,0.06226,0.05953,0.09171846128002686,0.07623239436619719,0.012206874397687178,0.02810793446835841,0.04722132990684213
168,2025-02-01T11:53:00+00:00,VET,long,30,0.04736,0.043,0.04018,0.04804,0.04888,0.0504,"заходжу в vet long 30x
📈
📣
точка входу: 0.04736  - 0.04300
✅
тейк-профіт: 0.04804,0.04888,0.05040
🤚
стоп-лосс: 0.04018
✍️
на графіку бачимо бичий htf raid, також зміну характеру ціни, зверу buy side liquidity, зараз знаходимось в зоні ltf блоку ордерів , звідси хочу побачити подальший рух!
заходимо в угоду на BingX
🔀",0.043,0.04736,0.04518,0.09650287737937147,0.06558139534883713,0.014358108108108109,0.03209459459459461,0.06418918918918921
177,2025-02-04T11:23:51+00:00,LDO,long,30,1.8405,1.6476,1.4817,1.8632,1.9327,2.0759,"заходжу в ldo long 30x
📈
📣
точка входу: 1.8405  - 1.6476
✅
тейк-профіт: 1.8632,1.9327,2.0759
🤚
стоп-лосс: 1.4817
✍️
на графіку бачимо бичий htf raid, також зміну характеру ціни, зверу buy side liquidity, зараз знаходимось в зоні ltf брейкер блоку ордерів , звідси хочу побачити подальший рух!
заходимо в угоду на BingX
🔀",1.6476,1.8405,1.74405,0.11060462716091858,0.1006919155134741,0.012333604998641641,0.050095082857919075,0.12790002716653073
182,2025-02-05T11:43:14+00:00,GALA,long,30,0.0233,0.02138,0.01998,0.02371,0.02439,0.02501,"заходжу в gala long 30x
📈
📣
точка входу: 0.02330  - 0.02138
✅
тейк-профіт: 0.02371,0.02439,0.02501
🤚
стоп-лосс: 0.01998
✍️
на графіку бачимо бичий htf raid, також зміну характеру ціни, зверу buy side liquidity, зараз знаходимось в зоні ltf блоку ордерів , звідси хочу побачити подальший рух!
заходимо в угоду на BingX
🔀",0.02138,0.0233,0.02234,0.08594449418084162,0.06548175865294661,0.01759656652360503,0.0467811158798282,0.07339055793991414
189,2025-02-06T12:30:12+00:00,ONDO,long,30,1.378,1.2565,1.1861,1.4306,1.4744,1.5114,"заходжу в ondo long 30x
📈
📣
точка входу: 1.3780 - 1.2565
✅
тейк-профіт: 1.4306,1.4744,1.5114
🤚
стоп-лосс: 1.1861
✍️
на графіку бачимо бичий htf raid, також зміну характеру ціни, зверу buy side liquidity, зараз знаходимось в зоні ltf інвертовоного fvg , звідси хочу побачити подальший рух!
заходимо в угоду на BingX
🔀",1.2565,1.378,1.31725,0.09223761624596694,0.05602865101472346,0.03817126269956474,0.06995645863570396,0.09680696661828751
194,2025-02-07T11:40:58+00:00,UNI,long,30,9.159,8.519,8.25,9.258,9.489,9.603,"заходжу в uni long 30x
📈
📣
точка входу: 9.159 - 8.519
✅
тейк-профіт: 9.258,9.489,9.603
🤚
стоп-лосс: 8.250
✍️
на графіку бачимо бичий htf raid, також зміну характеру ціни, зверу buy side liquidity, зараз знаходимось в зоні ltf інвертовоного fvg , звідси хочу побачити подальший рух!
заходимо в угоду на BingX
🔀",8.519,9.159,8.839,0.07240638081230914,0.03157647611221976,0.0108090402882409,0.03603013429413692,0.048476907959384107
205,2025-02-10T12:23:16+00:00,GALA,long,30,0.0227,0.02141,0.02036,0.02302,0.02338,0.02393,"заходжу в gala long 30x
📈
📣
точка входу: 0.02270 - 0.02141
✅
тейк-профіт: 0.02302,0.02338,0.02393
🤚
стоп-лосс: 0.02036
✍️
на графіку бачимо бичий htf raid, також зміну характеру ціни, зверу buy side liquidity, зараз знаходимось в зоні ltf блоку ордерів , звідси хочу побачити подальший рух!
заходимо в угоду на BingX
🔀",0.02141,0.0227,0.022054999999999998,0.058490138290637185,0.04904250350303591,0.014096916299559354,0.02995594713656388,0.05418502202643165
211,2025-02-11T11:20:59+00:00,JTO,long,30,2.6363,2.4597,2.382,2.6506,2.6771,2.7052,"заходжу в jto long 30x
📈
📣
точка входу: 2.6363 - 2.4597
✅
тейк-профіт: 2.6506,2.6771,2.7052
🤚
стоп-лосс: 2.3820
✍️
на графіку бачимо бичий htf raid, також зміну характеру ціни, зверу buy side liquidity, зараз знаходимось в зоні ltf фвг та ltf raid, звідси хочу побачити подальший рух!
заходимо в угоду на BingX
🔀",2.4597,2.6363,2.548,0.06930926216640489,0.03158921819734118,0.005424268861662171,0.015476235633273888,0.026135113606190565
217,2025-02-12T11:38:49+00:00,XRP,long,30,2.4196,2.2815,2.1997,2.4302,2.4673,2.5017,"заходжу в xrp long 30x
📈
📣
точка входу: 2.4196 - 2.2815
✅
тейк-профіт: 2.4302,2.4673,2.5017
🤚
стоп-лосс: 2.1997
✍️
на графіку бачимо бичий htf raid, також зміну характеру ціни, зверу buy side liquidity, зараз знаходимось в зоні ltf блоку ордерів , звідси хочу побачити подальший рух!
заходимо в угоду на BingX
🔀",2.2815,2.4196,2.35055,0.058752206930292955,0.03585360508437426,0.00438088940320721,0.01971400231443208,0.03393122830219874
222,2025-02-13T11:09:20+00:00,APT,long,30,6.1911,5.732,5.597,6.2675,6.4098,6.5725,"заходжу в apt long 30x
📈
📣
точка входу: 6.1911 - 5.7320
✅
тейк-профіт: 6.2675,6.4098,6.5725
🤚
стоп-лосс: 5.5970
✍️
на графіку бачимо бичий htf raid, також зміну характеру ціни, зверу buy side liquidity, зараз знаходимось в зоні ltf блоку ордерів та ltf raid, звідси хочу побачити подальший рух!
заходимо в угоду на BingX
🔀",5.732,6.1911,5.96155,0.0770101735286963,0.023551988834612663,0.012340294939510018,0.03532490187527259,0.06160456138650647
226,2025-02-14T11:32:40+00:00,BLUR,long,30,0.1443,0.132,0.1281,0.146,0.1489,0.152,"заходжу в blur long 30x
📈
📣
точка входу: 0.1443 - 0.1320
✅
тейк-профіт: 0.1460,0.1489,0.1520
🤚
стоп-лосс: 0.1281
✍️
на графіку бачим
о
бичий htf raid, також зміну характеру ціни, зверу buy side liquidity,
зараз знаходимось в зоні 1h брейкер блоку ордерів, звідси хочу побачити подальший рух!
заходимо в угоду на BingX
🔀",0.132,0.1443,0.13815,0.0890336590662324,0.029545454545454656,0.011781011781011637,0.03187803187803183,0.05336105336105325
231,2025-02-15T11:51:11+00:00,NEAR,long,30,3.4994,3.2023,3.0657,3.5291,3.616,3.778,"заходжу в near long 30x
📈
📣
точка входу: 3.4994 - 3.2023
✅
тейк-профіт: 3.5291,3.6160,3.7780
🤚
стоп-лосс: 3.0657
✍️
на графіку бачим
о
бичий htf raid, також зміну характеру ціни, зверу buy side liquidity,
зараз знаходимось в зоні 1h блоку ордерів, звідси хочу побачити подальший рух!
заходимо в угоду на BingX
🔀",3.2023,3.4994,3.3508500000000003,0.08866407031051819,0.042656840395965415,0.008487169229010704,0.03331999771389382,0.07961364805395209
239,2025-02-18T11:24:23+00:00,TAO,long,20,365.55,329.19,312.5,371.87,390.27,405.39,"заходжу в tao long 20x
📈
📣
точка входу: 365.55 - 329.19
✅
тейк-профіт: 371.87,390.27,405.39
🤚
стоп-лосс: 312.50
✍️
на графіку бачимо бичий htf raid, також зміну характеру ціни, зверу buy side liquidity, зараз знаходимось в зоні ltf фвг та ltf raid, звідси хочу побачити подальший рух!
заходимо в угоду на BingX
🔀",329.19,365.55,347.37,0.104672251489766,0.05070020352987636,0.017289016550403484,0.06762412802626172,0.10898645876077137
244,2025-02-19T12:42:29+00:00,AAVE,long,30,255.26,240.44,229.61,259.49,265.94,272.93,"заходжу в aave long 30x
📈
📣
точка входу: 255.26 - 240.44
✅
тейк-профіт: 259.49,265.94,272.93
🤚
стоп-лосс: 229.61
✍️
на графіку бачимо бичий htf raid, також зміну характеру ціни, зверу buy side liquidity, зараз знаходимось в зоні бичого блоку ордерів, звідси хочу побачити подальший рух!
заходимо в угоду на BingX
🔀",240.44,255.26,247.85,0.05979423038127897,0.04504242222591908,0.016571339026874632,0.04183969286217977,0.06922353678602217
250,2025-02-20T12:32:42+00:00,ENS,long,30,27.102,25.486,24.619,27.41,27.922,28.688,"заходжу в ens long 30x
📈
📣
точка входу: 27.102 - 25.486
✅
тейк-профіт: 27.410,27.922,28.688
🤚
стоп-лосс: 24.619
✍️
на графіку бачимо бичий htf raid, також зміну характеру ціни, зверу buy side liquidity, зараз знаходимось в зоні бичого блоку ордерів, звідси хочу побачити подальший рух!
заходимо в угоду на BingX
🔀",25.486,27.102,26.294,0.06145888795923023,0.03401867692066236,0.011364474946498407,0.030256069662755528,0.058519666445280734
255,2025-02-21T11:20:01+00:00,ORDI,long,30,13.164,12.136,11.419,13.413,13.79,14.048,"заходжу в ordi long 30x
📈
📣
точка входу: 13.164 - 12.136
✅
тейк-профіт: 13.413,13.790,14.048
🤚
стоп-лосс: 11.419
✍️
на графіку бачимо бичий htf raid, також зміну характеру ціни, зверу buy side liquidity, зараз знаходимось в зоні ltf фвг, звідси хочу побачити подальший рух!
заходимо в угоду на BingX
🔀",12.136,13.164,12.649999999999999,0.0812648221343874,0.059080421885299834,0.018915223336371967,0.047553934974171944,0.06715284108173811
265,2025-02-24T11:59:52+00:00,PYTH,long,30,0.2322,0.2125,0.1996,0.2351,0.2486,0.2579,"заходжу в pyth long 30x
📈
📣
точка входу: 0.2322 - 0.2125
✅
тейк-профіт: 0.2351,0.2486,0.2579
🤚
стоп-лосс: 0.1996
✍️
на графіку бачимо бичий htf raid, також зміну характеру ціни, зверу buy side liquidity, зараз знаходимось в зоні ltf блоку ордерів, звідси хочу побачити подальший рух!
заходимо в угоду на BingX
🔀",0.2125,0.2322,0.22235,0.08859905554306272,0.06070588235294115,0.012489233419466037,0.0706287683031869,0.11068044788975034
269,2025-02-25T12:07:35+00:00,SEI,long,30,0.2706,0.2467,0.2384,0.2773,0.2855,0.2945,"заходжу в sei long 30x
📈
📣
точка входу: 0.2706 - 0.2467
✅
тейк-профіт: 0.2773,0.2855,0.2945
🤚
стоп-лосс: 0.2384
✍️
на графіку бачимо бичий htf raid, також зміну характеру ціни, зверу buy side liquidity, зараз знаходимось в зоні ltf raid, звідси хочу побачити подальший рух!
заходимо в угоду на BingX
🔀",0.2467,0.2706,0.25865,0.09240286100908565,0.033644102148358335,0.024759793052475918,0.05506282335550616,0.08832224685883214
273,2025-02-26T12:57:25+00:00,DOT,long,30,4.769,4.402,4.138,4.865,4.988,5.204,"заходжу в dot long 30x
📈
📣
точка входу: 4.769 - 4.402
✅
тейк-профіт: 4.865,4.988,5.204
🤚
стоп-лосс: 4.138
✍️
на графіку бачимо бичий htf raid, також зміну характеру ціни, зверу buy side liquidity, зараз знаходимось в зоні ltf блоку ордерів, звідси хочу побачити подальший рух!
заходимо в угоду на BingX
🔀",4.402,4.769,4.5855,0.08003489259622724,0.059972739663789236,0.020130006290626983,0.04592157685049283,0.09121409100440335
280,2025-02-27T12:35:24+00:00,RENDER,long,25,3.863,3.565,3.349,3.911,4.036,4.192,"заходжу в render long 25x
📈
📣
точка входу: 3.863 - 3.565
✅
тейк-профіт: 3.911,4.036,4.192
🤚
стоп-лосс: 3.349
✍️
на графіку бачимо бичий htf raid, також зміну характеру ціни, зверу buy side liquidity, зараз знаходимось в зоні ltf блоку ордерів, звідси хочу побачити подальший рух!
заходимо в угоду на BingX
🔀",3.565,3.863,3.714,0.08023694130317718,0.06058906030855533,0.012425575977219789,0.04478384675122951,0.08516696867719394
284,2025-02-28T12:11:24+00:00,LTC,long,30,120.14,109.66,102.82,121.24,125.74,131.97,"заходжу в ltc long 30x
📈
📣
точка входу: 120.14 - 109.66
✅
тейк-профіт: 121.24,125.74,131.97
🤚
стоп-лосс: 102.82
✍️
на графіку бачимо бичий htf raid, також зміну характеру ціни, зверу buy side liquidity, зараз знаходимось в зоні ltf inversion фвг, звідси хочу побачити подальший рух!
заходимо в угоду на BingX
🔀",109.66,120.14,114.9,0.09120974760661447,0.062374612438446136,0.009155984684534662,0.04661228566672211,0.09846845347095054
295,2025-03-03T12:07:29+00:00,DOT,long,30,4.969,4.517,4.304,4.996,5.136,5.365,"заходжу в dot long 30x
📈
📣
точка входу: 4.969 - 4.517
✅
тейк-профіт: 4.996,5.136,5.365
🤚
стоп-лосс: 4.304
✍️
на графіку бачимо бичий htf raid, також зміну характеру ціни, зверу buy side liquidity, зараз знаходимось в зоні ltf блоку ордерів, звідси хочу побачити подальший рух!
заходимо в угоду на BingX
🔀",4.517,4.969,4.743,0.09529833438751843,0.04715519149878239,0.005433688871000228,0.03360837190581602,0.07969410344133626
300,2025-03-04T12:32:02+00:00,DRIFT,long,30,0.6937,0.6406,0.6139,0.7037,0.715,0.7422,"заходжу в drift long 30x
📈
📣
точка входу: 0.6937 - 0.6406
✅
тейк-профіт: 0.7037,0.7150,0.7422
🤚
стоп-лосс: 0.6139
✍️
на графіку бачимо бичий htf raid, також зміну характеру ціни, зверу buy side liquidity, зараз знаходимось в зоні htf блоку ордерів, звідси хочу побачити подальший рух!
заходимо в угоду на BingX
🔀",0.6406,0.6937,0.6671499999999999,0.07959229558570043,0.041679675304402045,0.014415453366008375,0.03070491566959779,0.06991494882514053
306,2025-03-05T12:15:34+00:00,NEAR,long,30,2.9065,2.6675,2.4996,2.9352,2.9884,3.0361,"заходжу в near long 30x
📈
📣
точка входу: 2.9065 - 2.6675
✅
тейк-профіт: 2.9352,2.9884,3.0361
🤚
стоп-лосс: 2.4996
✍️
на графіку бачимо бичий htf raid, також зміну характеру ціни, зверу buy side liquidity, зараз знаходимось в зоні htf блоку ордерів, звідси хочу побачити подальший рух!
заходимо в угоду на BingX
🔀",2.6675,2.9065,2.787,0.08575529242913522,0.06294283036551075,0.009874419404782443,0.02817822122828147,0.044589712712884894
310,2025-03-06T13:00:34+00:00,GALA,long,30,0.01909,0.0173,0.01638,0.01932,0.01977,0.02084,"заходжу в gala long 30x
📈
📣
точка входу: 0.01909 - 0.01730
✅
тейк-профіт: 0.01932,0.01977,0.02084
🤚
стоп-лосс: 0.01638
✍️
на графіку бачимо бичий htf raid, також зміну характеру ціни, зверу buy side liquidity, зараз знаходимось в зоні htf блоку ордерів, звідси хочу побачити подальший рух!
заходимо в угоду на BingX
🔀",0.0173,0.01909,0.018195,0.09837867546029129,0.05317919075144513,0.012048192771084392,0.035620743844945,0.09167103195390265
315,2025-03-07T12:12:03+00:00,NEO,long,30,9.141,8.544,8.277,9.172,9.252,9.454,"заходжу в neo long 30x
📈
📣
точка входу: 9.141 - 8.544
✅
тейк-профіт: 9.172,9.252,9.454
🤚
стоп-лосс: 8.277
✍️
на графіку бачимо бичий htf raid, також зміну характеру ціни, зверу buy side liquidity, зараз знаходимось в зоні htf блоку ордерів, звідси хочу побачити подальший рух!
заходимо в угоду на BingX
🔀",8.544,9.141,8.842500000000001,0.06751484308736211,0.031250000000000146,0.0033913138606280037,0.012143091565474308,0.0342413302702112
323,2025-03-10T12:20:34+00:00,BCH,long,30,368.57,337.01,326.4,373.35,386.43,401.86,"заходжу в bch long 30x
📈
📣
точка входу: 368.57 - 337.01
✅
тейк-профіт: 373.35,386.43,401.86
🤚
стоп-лосс: 326.40
✍️
на графіку бачимо бичий htf raid, також зміну характеру ціни, зверу buy side liquidity, зараз знаходимось в зоні htf блоку ордерів, звідси хочу побачити подальший рух!
заходимо в угоду на BingX
🔀",337.01,368.57,352.78999999999996,0.08945831797953459,0.031482745319130034,0.012969042515668746,0.04845755216105493,0.09032205551184312
327,2025-03-11T12:32:47+00:00,KAVA,long,30,0.4146,0.3818,0.3714,0.4192,0.4284,0.4423,"заходжу в kava long 30x
📈
📣
точка входу: 0.4146 - 0.3818
✅
тейк-профіт: 0.4192,0.4284,0.4423
🤚
стоп-лосс: 0.3714
✍️
на графіку бачимо бичий htf raid, також зміну характеру ціни, зверу buy side liquidity, зараз знаходимось в зоні htf блоку ордерів, звідси хочу побачити подальший рух!
заходимо в угоду на BingX
🔀",0.3818,0.4146,0.3982,0.08237066800602726,0.027239392352016674,0.011095031355523378,0.03328509406657013,0.0668113844669561
332,2025-03-12T11:37:56+00:00,ICP,long,25,5.458,4.973,4.729,5.529,5.695,6.05,"заходжу в icp long 25x
📈
📣
точка входу: 5.458 - 4.973
✅
тейк-профіт: 5.529,5.695,6.050
🤚
стоп-лосс: 4.729
✍️
на графіку бачимо бичий htf raid, також зміну характеру ціни, зверу buy side liquidity, зараз знаходимось в зоні ltf брейкер блоку ордерів, звідси хочу побачити подальший рух!
заходимо в угоду на BingX
🔀",4.973,5.458,5.2155000000000005,0.09299204294890236,0.04906495073396336,0.013008427995602735,0.04342249908391354,0.10846463906192738
337,2025-03-13T10:50:39+00:00,GALA,long,30,0.01665,0.01497,0.01404,0.01687,0.01735,0.01797,"заходжу в gala long 30x
📈
📣
точка входу: 0.01665 - 0.01497
✅
тейк-профіт: 0.01687,0.01735,0.01797
🤚
стоп-лосс: 0.01404
✍️
на графіку бачимо бичий htf raid, також зміну характеру ціни, зверу buy side liquidity, зараз знаходимось в зоні ltf брейкер блоку ордерів, звідси хочу побачити подальший рух!
заходимо в угоду на BingX
🔀",0.01497,0.01665,0.01581,0.10626185958254275,0.062124248496994,0.013213213213213091,0.04204204204204199,0.07927927927927916
342,2025-03-14T12:15:48+00:00,ROSE,long,25,0.03158,0.02863,0.0272,0.03189,0.033,0.03385,"заходжу в rose long 25x
📈
📣
точка входу: 0.03158 - 0.02863
✅
тейк-профіт: 0.03189,0.03300,0.03385
🤚
стоп-лосс: 0.02720
✍️
на графіку бачимо бичий htf raid, також зміну характеру ціни, зверу buy side liquidity, зараз знаходимось в зоні ltf брейкер блоку ордерів, звідси хочу побачити подальший рух!
заходимо в угоду на BingX
🔀",0.02863,0.03158,0.030105,0.09799036704866294,0.04994760740482015,0.009816339455351639,0.044965167827739225,0.07188093730208997
350,2025-03-17T11:39:41+00:00,LDO,long,30,0.9578,0.8871,0.8711,0.9742,1.0102,1.0583,"заходжу в ldo long 30x
📈
📣
точка входу: 0.9578 - 0.8871
✅
тейк-профіт: 0.9742,1.0102,1.0583
🤚
стоп-лосс: 0.8711
✍️
на графіку бачимо бичий htf raid, також зміну характеру ціни, зверу buy side liquidity, зараз знаходимось в зоні ltf брейкер блоку ордерів, звідси хочу побачити подальший рух!
заходимо в угоду на BingX
🔀",0.8871,0.9578,0.92245,0.0766437205268578,0.01803629804982529,0.017122572562121498,0.05470870745458342,0.10492795990812281
355,2025-03-18T12:17:25+00:00,ROSE,long,25,0.03248,0.02964,0.02874,0.03287,0.03351,0.03465,"заходжу в rose long 25x
📈
📣
точка входу: 0.03248 - 0.02964
✅
тейк-профіт: 0.03287,0.03351,0.03465
🤚
стоп-лосс: 0.02874
✍️
на графіку бачимо бичий htf raid, також зміну характеру ціни, зверу buy side liquidity, зараз знаходимось в зоні ltf брейкер блоку ордерів, звідси хочу побачити подальший рух!
заходимо в угоду на BingX
🔀",0.02964,0.03248,0.03106,0.09143593045717972,0.03036437246963556,0.01200738916256162,0.0317118226600984,0.06681034482758615
359,2025-03-19T11:20:07+00:00,INJ,long,30,9.866,9.121,8.906,9.963,10.06,10.405,"заходжу в inj long 30x
📈
📣
точка входу: 9.866 - 9.121
✅
тейк-профіт: 9.963,10.060,10.405
🤚
стоп-лосс: 8.906
✍️
на графіку бачимо бичий htf raid, також зміну характеру ціни, зверу buy side liquidity, зараз знаходимось в зоні ltf брейкер блоку ордерів, звідси хочу побачити подальший рух!
заходимо в угоду на BingX
🔀",9.121,9.866,9.493500000000001,0.07847474587875906,0.02357197675693453,0.009831745388201859,0.019663490776403898,0.054632069734441485
366,2025-03-20T12:10:48+00:00,LTC,long,30,91.82,85.63,82.53,92.58,94.46,96.51,"заходжу в ltc long 30x
📈
📣
точка входу: 91.82 - 85.63
✅
тейк-профіт: 92.58,94.46,96.51
🤚
стоп-лосс: 82.53
✍️
на графіку бачимо бичий htf raid, також зміну характеру ціни, знаходимось в бичому наративі, зверху buy side liquidity, зараз знаходимось в зоні ltf блоку ордерів, звідси хочу побачити подальший рух!
заходимо в угоду на BingX
🔀",85.63,91.82,88.725,0.06976613130459282,0.03620226556113505,0.008277063820518462,0.028751905902853418,0.05107819647135713
376,2025-03-23T11:19:50+00:00,ROSE,long,25,0.03308,0.03068,0.02881,0.0335,0.03404,0.03454,"заходжу в rose long 25x
📈
📣
точка входу: 0.03308 - 0.03068
✅
тейк-профіт: 0.03350,0.03404,0.03454
🤚
стоп-лосс: 0.02881
✍️
на графіку бачимо бичий htf raid, також зміну характеру ціни, знаходимось в бичому наративі, зверху buy side liquidity, зараз знаходимось в зоні ltf блоку ордерів, звідси хочу побачити подальший рух!
заходимо в угоду на BingX
🔀",0.03068,0.03308,0.03188,0.07528230865746548,0.060951760104302484,0.012696493349455978,0.029020556227327767,0.04413542926239429
380,2025-03-24T11:47:05+00:00,XRP,long,30,2.4668,2.2586,2.1682,2.4959,2.5559,2.6046,"заходжу в xrp long 30x
📈
📣
точка входу: 2.4668 - 2.2586
✅
тейк-профіт: 2.4959,2.5559,2.6046
🤚
стоп-лосс: 2.1682
✍️
на графіку бачимо бичий htf raid, також зміну характеру ціни, знаходимось в бичому наративі, зверху buy side liquidity, зараз знаходимось в зоні ltf блоку ордерів, звідси хочу побачити подальший рух!
заходимо в угоду на BingX
🔀",2.2586,2.4668,2.3627000000000002,0.08811952427307747,0.0400247941202514,0.011796659640019328,0.03611966920706978,0.05586184530565912
386,2025-03-25T12:13:30+00:00,ATOM,long,30,4.902,4.446,4.268,4.984,5.094,5.243,"заходжу в atom long 30x
📈
📣
точка входу: 4.902 - 4.446
✅
тейк-профіт: 4.984,5.094,5.243
🤚
стоп-лосс: 4.268
✍️
на графіку бачимо бичий htf raid, також зміну характеру ціни, знаходимось в бичому наративі, зверху buy side liquidity, зараз знаходимось в зоні ltf блоку ордерів, звідси хочу побачити подальший рух!
заходимо в угоду на BingX
🔀",4.446,4.902,4.6739999999999995,0.0975609756097562,0.040035987404408446,0.016727866177070554,0.03916768665850676,0.0695634434924521
390,2025-03-26T11:13:16+00:00,AAVE,long,30,189.44,175.18,169.7,193.02,196.36202,30.0,"заходжу в aave long 30x
📈
📣
точка входу: 189.44 - 175.18
✅
тейк-профіт: 193.02,196.36202.30
🤚
стоп-лосс: 169.70
✍️
на графіку бачимо бичий htf raid, також зміну характеру ціни, знаходимось в бичому наративі, зверху buy side liquidity, зараз знаходимось в зоні ltf блоку ордерів, звідси хочу побачити подальший рух!
заходимо в угоду на BingX
🔀",175.18,189.44,182.31,0.07821841917612853,0.03128210982988936,0.01889780405405412,0.03653937922297299,-0.8416385135135135
394,2025-03-27T12:16:28+00:00,SNX,long,30,0.911,0.838,0.814,0.917,0.948,0.975,"заходжу в snx long 30x
📈
📣
точка входу: 0.911 - 0.838
✅
тейк-профіт: 0.917,0.948,0.975
🤚
стоп-лосс: 0.814
✍️
на графіку бачимо бичий htf raid, також зміну характеру ціни, знаходимось в бичому наративі, зверху buy side liquidity, зараз знаходимось в зоні ltf блоку ордерів, звідси хочу побачити подальший рух!
заходимо в угоду на BingX
🔀",0.838,0.911,0.8745,0.0834762721555175,0.028639618138424847,0.006586169045005494,0.04061470911086709,0.07025246981339181
402,2025-03-29T12:49:23+00:00,AVAX,long,30,20.107,18.386,17.639,20.312,20.708,21.667,"заходжу в avax long 30x
📈
📣
точка входу: 20.107 - 18.386
✅
тейк-профіт: 20.312,20.708,21.667
🤚
стоп-лосс: 17.639
✍️
на графіку бачимо бичий htf raid, також зміну характеру ціни, знаходимось в бичому наративі, зверху buy side liquidity, зараз знаходимось в зоні ltf блоку ордерів, звідси хочу побачити подальший рух!
заходимо в угоду на BingX
🔀",18.386,20.107,19.246499999999997,0.0894188553763022,0.04062873925813118,0.01019545431939135,0.029890088029044568,0.07758492067439211
410,2025-04-01T12:26:38+00:00,NEAR,long,30,2.6315,2.4026,2.2621,2.6759,2.7449,2.8113,"заходжу в near long 30x
📈
📣
точка входу: 2.6315 - 2.4026
✅
тейк-профіт: 2.6759,2.7449,2.8113
🤚
стоп-лосс: 2.2621
✍️
на графіку бачимо бичий htf raid, також зміну характеру ціни, знаходимось в бичому наративі, зверху buy side liquidity, зараз знаходимось в зоні ltf блоку ордерів, звідси хочу побачити подальший рух!
заходимо в угоду на BingX
🔀",2.4026,2.6315,2.5170500000000002,0.09093979062791754,0.05847831515857814,0.016872506175185254,0.04309329279878394,0.06832604978149351
416,2025-04-02T12:09:43+00:00,ADA,long,30,0.68134,0.62348,0.58478,0.6937,0.70762,0.72718,"заходжу в ada long 30x
📈
📣
точка входу: 0.68134 - 0.62348
✅
тейк-профіт: 0.69370,0.70762,0.72718
🤚
стоп-лосс: 0.58478
✍️
на графіку бачимо бичий htf raid, також зміну характеру ціни, знаходимось в бичому наративі, зверху buy side liquidity, зараз знаходимось в зоні ltf блоку ордерів, звідси хочу побачити подальший рух!
заходимо в угоду на BingX
🔀",0.62348,0.68134,0.6524099999999999,0.08868656213117505,0.06207095656636952,0.018140722693515774,0.03857105116388306,0.06727918513517496
422,2025-04-03T12:37:19+00:00,ATOM,long,30,4.331,3.941,3.711,4.43,4.607,4.92,"заходжу в atom long 30x
📈
📣
точка входу: 4.331 - 3.941
✅
тейк-профіт: 4.430,4.607,4.920
🤚
стоп-лосс: 3.711
✍️
на графіку бачимо бичий htf raid, також зміну характеру ціни, знаходимось в бичому наративі, зверху buy side liquidity, зараз знаходимось в зоні ltf блоку ордерів, звідси хочу побачити подальший рух!
заходимо в угоду на BingX
🔀",3.941,4.331,4.136,0.09429400386847209,0.058360822126363864,0.022858462248903096,0.06372662202724538,0.13599630570307075
426,2025-04-04T12:49:14+00:00,MKR,long,30,1318.5,1203.5,1116.0,1343.8,1401.5,1486.6,"заходжу в mkr long 30x
📈
📣
точка входу: 1318.5 - 1203.5
✅
тейк-профіт: 1343.8,1401.5,1486.6
🤚
стоп-лосс: 1116.0
✍️
на графіку бачимо бичий htf raid, також зміну характеру ціни, знаходимось в бичому наративі, зверху buy side liquidity, зараз знаходимось в зоні ltf блоку ордерів, звідси хочу побачити подальший рух!
заходимо в угоду на BingX
🔀",1203.5,1318.5,1261.0,0.09119746233148295,0.07270461154964686,0.019188471748198675,0.06295032233598787,0.127493363670838
436,2025-04-07T12:03:44+00:00,CRV,long,30,0.4397,0.3935,0.3732,0.4466,0.4681,0.5468,"заходжу в crv long 30x
📈
📣
точка входу: 0.4397 - 0.3935
✅
тейк-профіт: 0.4466,0.4681,0.5468
🤚
стоп-лосс: 0.3732
✍️
на графіку бачимо бичий htf raid, також зміну характеру ціни, знаходимось в бичому наративі, зверху buy side liquidity, зараз знаходимось в зоні ltf блоку ордерів, звідси хочу побачити подальший рух!
заходимо в угоду на BingX
🔀",0.3935,0.4397,0.41659999999999997,0.11089774363898215,0.05158831003811954,0.015692517625653896,0.06458949283602465,0.2435751648851489
442,2025-04-08T11:34:39+00:00,RENDER,long,25,3.063,2.753,2.602,3.144,3.345,3.722,"заходжу в render long 25x
📈
📣
точка входу: 3.063 - 2.753
✅
тейк-профіт: 3.144,3.345,3.722
🤚
стоп-лосс: 2.602
✍️
на графіку бачимо бичий htf raid, також зміну характеру ціни, знаходимось в бичому наративі, зверху buy side liquidity, зараз знаходимось в зоні ltf блоку ордерів, звідси хочу побачити подальший рух!
заходимо в угоду на BingX
🔀",2.753,3.063,2.9080000000000004,0.10660247592847319,0.05484925535779159,0.026444662095984315,0.0920666013712047,0.2151485471759712
449,2025-04-09T11:50:55+00:00,CRV,long,30,0.469,0.422,0.4008,0.4884,0.5225,0.5601,"заходжу в crv long 30x
📈
📣
точка входу: 0.4690 - 0.4220
✅
тейк-профіт: 0.4884,0.5225,0.5601
🤚
стоп-лосс: 0.4008
✍️
на графіку бачимо бичий htf raid, також зміну характеру ціни, знаходимось в бичому наративі, зверху buy side liquidity, зараз знаходимось в зоні ltf блоку ордерів, звідси хочу побачити подальший рух!
заходимо в угоду на BingX
🔀",0.422,0.469,0.4455,0.10549943883277213,0.05023696682464454,0.04136460554371008,0.11407249466950958,0.1942430703624735
455,2025-04-10T12:24:48+00:00,MKR,long,30,1325.5,1199.1,1130.3,1353.7,1407.8,1492.8,"заходжу в mkr long 30x
📈
📣
точка входу: 1325.5 - 1199.1
✅
тейк-профіт: 1353.7,1407.8,1492.8
🤚
стоп-лосс: 1130.3
✍️
на графіку бачимо бичий htf raid, також зміну характеру ціни, знаходимось в бичому наративі, зверху buy side liquidity, зараз знаходимось в зоні ltf блоку ордерів, звідси хочу побачити подальший рух!
заходимо в угоду на BingX
🔀",1199.1,1325.5,1262.3,0.10013467479996839,0.057376365607538955,0.021274990569596412,0.0620897774424745,0.12621652206714443
461,2025-04-11T11:19:22+00:00,ADA,long,30,0.64216,0.57856,0.5563,0.64614,0.68236,0.70846,"заходжу в ada long 30x
📈
📣
точка входу: 0.64216 - 0.57856
✅
тейк-профіт: 0.64614,0.68236,0.70846
🤚
стоп-лосс: 0.55630
✍️
на графіку бачимо бичий htf raid, також зміну характеру ціни, знаходимось в бичому наративі, зверху buy side liquidity, зараз знаходимось в зоні ltf блоку ордерів, звідси хочу побачити подальший рух!
заходимо в угоду на BingX
🔀",0.57856,0.64216,0.61036,0.1042007995281473,0.03847483407079637,0.006197832315933871,0.06260122087953161,0.10324529712221257
469,2025-04-14T11:42:03+00:00,ONDO,long,30,0.8881,0.8151,0.7746,0.9045,0.9262,0.9602,"заходжу в ondo long 30x
📈
📣
точка входу: 0.8881 - 0.8151
✅
тейк-профіт: 0.9045,0.9262,0.9602
🤚
стоп-лосс: 0.7746
✍️
на графіку бачимо бичий htf raid, також зміну характеру ціни, знаходимось в бичому наративі, зверху buy side liquidity, зараз знаходимось в зоні ltf блоку ордерів, звідси хочу побачити подальший рух!
заходимо в угоду на BingX
🔀",0.8151,0.8881,0.8516,0.08572099577266316,0.04968715495031296,0.018466388920166613,0.04290057425965547,0.08118455128926928
476,2025-04-15T12:29:38+00:00,RENDER,long,25,3.935,3.59,3.401,4.062,4.176,4.325,"заходжу в render long 25x
📈
📣
точка входу: 3.935 - 3.590
✅
тейк-профіт: 4.062,4.176,4.325
🤚
стоп-лосс: 3.401
✍️
на графіку бачимо бичий htf raid, також зміну характеру ціни, знаходимось в бичому наративі, зверху buy side liquidity, зараз знаходимось в зоні ltf блоку ордерів, звідси хочу побачити подальший рух!
заходимо в угоду на BingX
🔀",3.59,3.935,3.7625,0.09169435215946849,0.05264623955431757,0.0322744599745871,0.06124523506988567,0.09911054637865314
482,2025-04-16T12:04:10+00:00,AAVE,long,30,135.37,123.48,118.24,150.42,,,"заходжу в aave long 30x
📈
📣
точка входу: 135.37 - 123.48
✅
тейк-профіт: 150.42
🤚
стоп-лосс: 118.24
✍️
на графіку бачимо бичий htf raid, також зміну характеру ціни, знаходимось в бичому наративі, зверху buy side liquidity, зараз знаходимось в зоні ltf блоку ордерів, звідси хочу побачити подальший рух!
заходимо в угоду на BingX
🔀",123.48,135.37,129.425,,,,,
486,2025-04-17T11:41:51+00:00,RENDER,long,25,3.883,3.532,3.4,4.211,,,"заходжу в render long 25x
📈
📣
точка входу: 3.883 - 3.532
✅
тейк-профіт: 4.211
🤚
стоп-лосс: 3.400
✍️
на графіку бачимо бичий htf raid, також зміну характеру ціни, знаходимось в бичому наративі, зверху buy side liquidity, зараз знаходимось в зоні ltf фвг, звідси хочу побачити подальший рух!
заходимо в угоду на BingX
🔀",3.532,3.883,3.7075,,,,,
493,2025-04-18T12:11:36+00:00,GALA,long,30,0.01419,0.01296,0.01251,0.01539,,,"заходжу в gala long 30x
📈
📣
точка входу: 0.01419 - 0.01296
✅
тейк-профіт: 0.01539
🤚
стоп-лосс: 0.01251
✍️
на графіку бачимо бичий htf raid, також зміну характеру ціни, знаходимось в бичому наративі, зверху buy side liquidity, зараз знаходимось в зоні ltf блоку ордерів, звідси хочу побачити подальший рух!
заходимо в угоду на BingX
🔀",0.01296,0.01419,0.013575,,,,,
498,2025-04-19T12:02:31+00:00,DOT,long,30,3.732,3.422,3.283,4.094,,,"заходжу в dot long 30x
📈
📣
точка входу: 3.732 - 3.422
✅
тейк-профіт: 4.094
🤚
стоп-лосс: 3.283
✍️
на графіку бачимо тестування бичого блоку ордерів, також зміну характеру ціни, знаходимось в бичому наративі, зверху buy side liquidity, зараз знаходимось в зоні ltf фвг, звідси хочу побачити подальший рух!
заходимо в угоду на BingX
🔀",3.422,3.732,3.577,,,,,
505,2025-04-21T11:45:35+00:00,JUP,long,30,0.4007,0.365,0.3506,0.4387,,,"заходжу в jup long 30x
📈
📣
точка входу: 0.4007 - 0.3650
✅
тейк-профіт: 0.4387
🤚
стоп-лосс: 0.3506
✍️
на графіку бачимо тестування бичого блоку ордерів, також зміну характеру ціни, знаходимось в бичому наративі, зверху buy side liquidity, зараз знаходимось в зоні ltf фвг, звідси хочу побачити подальший рух!
заходимо в угоду на BingX
🔀",0.365,0.4007,0.38285,,,,,
510,2025-04-22T12:11:12+00:00,ORDI,long,20,6.668,6.068,5.734,7.256,,,"заходжу в ordi long 20x
📈
📣
точка входу: 6.668 - 6.068
✅
тейк-профіт: 7.256
🤚
стоп-лосс: 5.734
✍️
на графіку бачимо тестування бичого блоку ордерів, також зміну характеру ціни, знаходимось в бичому наративі, зверху buy side liquidity, зараз знаходимось в зоні ltf фвг, звідси хочу побачити подальший рух!
заходимо в угоду на BingX
🔀",6.068,6.668,6.368,,,,,
517,2025-04-23T11:23:41+00:00,GALA,long,20,0.01712,0.01551,0.01487,0.01873,,,"заходжу в gala long 20x
📈
📣
точка входу: 0.01712  - 0.01551
✅
тейк-профіт: 0.01873
🤚
стоп-лосс: 0.01487
✍️
на графіку бачимо тестування бичого блоку ордерів, також зміну характеру ціни, знаходимось в бичому наративі, зверху buy side liquidity, зараз знаходимось в зоні ltf фвг, звідси хочу побачити подальший рух!
заходимо в угоду на BingX
🔀",0.01551,0.01712,0.016315,,,,,
522,2025-04-24T11:28:36+00:00,DOT,long,30,3.994,3.662,3.532,4.309,,,"заходжу в dot long 30x
📈
📣
точка входу: 3.994  - 3.662
✅
тейк-профіт: 4.309
🤚
стоп-лосс: 3.532
✍️
на графіку бачимо зміну характеру ціни, знаходимось в бичому наративі, зверху buy side liquidity, зараз знаходимось в зоні ltf фвг, звідси хочу побачити подальший рух!
заходимо в угоду на BingX
🔀",3.662,3.994,3.8280000000000003,,,,,
529,2025-04-25T11:17:58+00:00,ATOM,long,30,4.551,4.198,4.032,4.934,,,"заходжу в atom long 30x
📈
📣
точка входу: 4.551 - 4.198
✅
тейк-профіт: 4.934
🤚
стоп-лосс: 4.032
✍️
на графіку бачимо зміну характеру ціни, знаходимось в бичому наративі, зверху buy side liquidity, зараз знаходимось в зоні ltf фвг, звідси хочу побачити подальший рух!
заходимо в угоду на BingX
🔀",4.198,4.551,4.3745,,,,,
537,2025-04-28T11:33:30+00:00,RENDER,long,25,4.427,4.031,3.905,4.887,,,"заходжу в render long 25x
📈
📣
точка входу: 4.427 - 4.031
✅
тейк-профіт: 4.887
🤚
стоп-лосс: 3.905
✍️
на графіку бачимо зміну характеру ціни, знаходимось в бичому наративі, зверху buy side liquidity, зараз знаходимось в зоні ltf фвг, звідси хочу побачити подальший рух!
заходимо в угоду на BingX
🔀",4.031,4.427,4.228999999999999,,,,,
541,2025-04-29T12:07:28+00:00,GALA,long,20,0.01726,0.01563,0.01504,0.01893,,,"заходжу в gala long 20x
📈
📣
точка входу: 0.01726 - 0.01563
✅
тейк-профіт: 0.01893
🤚
стоп-лосс: 0.01504
✍️
на графіку бачимо зміну характеру ціни, знаходимось в бичому наративі, зверху buy side liquidity, зараз знаходимось в зоні ltf фвг, звідси хочу побачити подальший рух!
заходимо в угоду на BingX
🔀",0.01563,0.01726,0.016445,,,,,
546,2025-04-30T11:51:40+00:00,JTO,long,30,1.8188,1.6737,1.5862,1.9685,,,"заходжу в jto long 30x
📈
📣
точка входу: 1.8188 - 1.6737
✅
тейк-профіт: 1.9685
🤚
стоп-лосс: 1.5862
✍️
на графіку бачимо бичий htf raid, також зміну характеру ціни, знаходимось в бичому наративі, зверху buy side liquidity, зараз знаходимось в зоні ltf блоку ордерів, звідси хочу побачити подальший рух!
заходимо в угоду на BingX
🔀",1.6737,1.8188,1.7462499999999999,,,,,
551,2025-05-01T11:53:49+00:00,PYTH,long,30,0.1539,0.1419,0.1358,0.1699,,,"заходжу в pyth long 30x
📈
📣
точка входу: 0.1539 - 0.1419
✅
тейк-профіт: 0.1699
🤚
стоп-лосс: 0.1358
✍️
на графіку бачимо бичий htf raid, також зміну характеру ціни, знаходимось в бичому наративі, зверху buy side liquidity, зараз знаходимось в зоні ltf блоку ордерів, звідси хочу побачити подальший рух!
заходимо в угоду на BingX
🔀",0.1419,0.1539,0.1479,,,,,
555,2025-05-02T12:04:57+00:00,ETC,long,30,17.066,15.584,15.15,18.243,,,"заходжу в etc long 30x
📈
📣
точка входу: 17.066 - 15.584
✅
тейк-профіт: 18.243
🤚
стоп-лосс: 15.150
✍️
на графіку бачимо бичий htf raid, також зміну характеру ціни, знаходимось в бичому наративі, зверху buy side liquidity, зараз знаходимось в зоні ltf блоку ордерів, звідси хочу побачити подальший рух!
заходимо в угоду на BingX
🔀",15.584,17.066,16.325,,,,,
564,2025-05-05T12:34:37+00:00,RENDER,short,25,4.331,4.701,4.92,4.265,4.115,3.889,"заходжу в render short 25x
📈
📣
точка входу: 4.331 - 4.701
✅
тейк-профіт: 4.265,4.115,3.889
🤚
стоп-лосс: 4.920
✍️
на графіку бачимо ведмежий htf raid, також зміну характеру ціни, знаходимось в ведмежому наративі, знизу sell side liquidity, зараз знаходимось в зоні ltf фвг, звідси хочу побачити подальший рух!
заходимо в угоду на BingX
🔀",4.331,4.701,4.516,0.08193091231178017,0.04658583280153166,0.015238974832602337,0.04987300854306169,0.10205495266682073
570,2025-05-06T11:48:27+00:00,MKR,short,25,1494.0,1622.8,1699.4,1472.8,1437.2,1382.1,"заходжу в mkr short 25x
📈
📣
точка входу: 1494.0 - 1622.8
✅
тейк-профіт: 1472.8,1437.2,1382.1
🤚
стоп-лосс: 1699.4
✍️
на графіку бачимо ведмежий htf raid, також зміну характеру ціни, знаходимось в ведмежому наративі, знизу sell side liquidity, зараз знаходимось в зоні ltf фвг, звідси хочу побачити подальший рух!
заходимо в угоду на BingX
🔀",1494.0,1622.8,1558.4,0.08264887063655027,0.04720236628050292,0.014190093708166028,0.03801874163319943,0.07489959839357435
578,2025-05-07T13:00:14+00:00,ADA,long,30,0.68348,0.62627,0.60733,0.74455,,,"заходжу в ada long 30x
📈
📣
точка входу: 0.68348 - 0.62627
✅
тейк-профіт: 0.74455
🤚
стоп-лосс: 0.60733
✍️
на графіку бачимо бичий htf raid, також зміну характеру ціни, знаходимось в бичому наративі, зверху buy side liquidity, зараз знаходимось в зоні ltf блоку ордерів, звідси хочу побачити подальший рух!
заходимо в угоду на BingX
🔀",0.62627,0.68348,0.654875,,,,,
586,2025-05-09T12:28:17+00:00,AAVE,short,25,209.08,228.41,238.72,205.7,200.26,187.52,"заходжу в aave short 25x
📈
📣
точка входу: 209.08 - 228.41
✅
тейк-профіт: 205.70,200.26,187.52
🤚
стоп-лосс: 238.72
✍️
на графіку бачимо ведмежий htf raid, також інвертацію фвг покупця, знизу sell side liquidity, зараз знаходимось в зоні ltf фвг, звідси хочу побачити подальший рух!
заходимо в угоду на BingX
🔀",209.08,228.41,218.745,0.08836773411963694,0.04513812880346746,0.016166060837956877,0.042184809642242305,0.10311842356992539
595,2025-05-12T11:55:21+00:00,LTC,long,30,102.68,93.34,89.75,112.78,,,"заходжу в ltc long 30x
📈
📣
точка входу: 102.68 - 93.34
✅
тейк-профіт: 112.78
🤚
стоп-лосс: 89.75
✍️
на графіку бачимо бичий htf raid, також зміну характеру ціни, знаходимось в бичому наративі, зверху buy side liquidity, зараз знаходимось в зоні ltf блоку ордерів, звідси хочу побачити подальший рух!
заходимо в угоду на BingX
🔀",93.34,102.68,98.01,,,,,
600,2025-05-13T11:49:21+00:00,BLUR,long,20,0.12312,0.1115,0.1072,0.136,,,"заходжу в blur long 20x
📈
📣
точка входу: 0.12312 - 0.1115
✅
тейк-профіт: 0.1360
🤚
стоп-лосс: 0.1072
✍️
на графіку бачимо бичий htf raid, також зміну характеру ціни, зверху buy side liquidity, зараз знаходимось в зоні ltf блоку ордерів, звідси хочу побачити подальший рух!
заходимо в угоду на BingX
🔀",0.1115,0.12312,0.11731,,,,,
606,2025-05-14T11:49:08+00:00,LTC,short,25,101.9,110.44,115.14,100.26,98.58,96.38,"заходжу в ltc short 25x
📈
📣
точка входу: 101.90 - 110.44
✅
тейк-профіт: 100.26,98.58,96.38
🤚
стоп-лосс: 115.14
✍️
на графіку бачимо ведмежий htf raid, також інвертацію фвг покупця, знизу sell side liquidity, зараз знаходимось в зоні ltf фвг, звідси хочу побачити подальший рух!
заходимо в угоду на BingX
🔀",101.9,110.44,106.17,0.08043703494395772,0.042557044549076446,0.016094210009813547,0.03258096172718358,0.054170755642787144
613,2025-05-15T12:57:31+00:00,RENDER,long,25,4.85,4.385,4.15,5.518,,,"заходжу в render long 25x
📈
📣
точка входу: 4.850 - 4.385
✅
тейк-профіт: 5.518
🤚
стоп-лосс: 4.150
✍️
на графіку бачимо бичий htf raid, також зміну характеру ціни, зверху buy side liquidity, зараз знаходимось в зоні ltf блоку ордерів, звідси хочу побачити подальший рух!
заходимо в угоду на BingX
🔀",4.385,4.85,4.6175,,,,,
619,2025-05-16T11:34:00+00:00,SUI,long,30,3.9032,3.564,3.3929,4.3081,,,"заходжу в sui long 30x
📈
📣
точка входу: 3.9032 - 3.5640
✅
тейк-профіт: 4.3081
🤚
стоп-лосс: 3.3929
✍️
на графіку бачимо бичий htf raid, також зміну характеру ціни, зверху buy side liquidity, зараз знаходимось в зоні ltf блоку ордерів, звідси хочу побачити подальший рух!
заходимо в угоду на BingX
🔀",3.564,3.9032,3.7336,,,,,
628,2025-05-19T11:23:16+00:00,BNB,long,30,639.64,594.72,584.9,693.51,,,"заходжу в bnb long 30x
📈
📣
точка входу: 639.64 - 594.72
✅
тейк-профіт: 693.51
🤚
стоп-лосс: 584.90
✍️
на графіку бачимо бичий htf raid, також зміну характеру ціни, зверху buy side liquidity, зараз знаходимось в зоні ltf блоку ордерів, звідси хочу побачити подальший рух!
заходимо в угоду на BingX
🔀",594.72,639.64,617.1800000000001,,,,,
634,2025-05-20T11:52:31+00:00,TAO,long,30,419.65,386.59,375.31,454.67,,,"заходжу в tao long 30x
📈
📣
точка входу: 419.65 - 386.59
✅
тейк-профіт: 454.67
🤚
стоп-лосс: 375.31
✍️
на графіку бачимо бичий htf raid, також зміну характеру ціни, знаходимось в бичому наративі, зверху buy side liquidity, зараз знаходимось в зоні ltf блоку ордерів, звідси хочу побачити подальший рух!
заходимо в угоду на BingX
🔀",386.59,419.65,403.12,,,,,
638,2025-05-21T10:30:18+00:00,GRT,short,25,0.10924,0.1193,0.12237,0.10719,0.10316,0.09955,"заходжу в grt short 25x
📈
📣
точка входу: 0.10924 - 0.11930
✅
тейк-профіт: 0.10719,0.10316,0.09955
🤚
стоп-лосс: 0.12237
✍️
на графіку бачимо ведмежий htf raid, також інвертацію фвг покупця, знизу sell side liquidity, зараз знаходимось в зоні ltf фвг, звідси хочу побачити подальший рух!
заходимо в угоду на BingX
🔀",0.10924,0.1193,0.11427000000000001,0.08803710510195151,0.025733445096395666,0.018766019772977025,0.05565726839985355,0.0887037715122666
642,2025-05-22T12:34:48+00:00,LTC,long,30,98.06,90.23,87.6,107.16,,,"заходжу в ltc long 30x
📈
📣
точка входу: 98.06 - 90.23
✅
тейк-профіт: 107.16
🤚
стоп-лосс: 87.60
✍️
на графіку бачимо бичий htf raid, також зміну характеру ціни, знаходимось в бичому наративі, зверху buy side liquidity, зараз знаходимось в зоні ltf блоку ордерів, звідси хочу побачити подальший рух!
заходимо в угоду на BingX
🔀",90.23,98.06,94.14500000000001,,,,,
648,2025-05-23T10:56:14+00:00,ICP,long,25,5.72,5.273,5.093,6.136,,,"заходжу в icp long 25x
📈
📣
точка входу: 5.720 - 5.273
✅
тейк-профіт: 6.136
🤚
стоп-лосс: 5.093
✍️
на графіку бачимо бичий htf raid, також зміну характеру ціни, знаходимось в бичому наративі, зверху buy side liquidity, зараз знаходимось в зоні ltf блоку ордерів, звідси хочу побачити подальший рух!
заходимо в угоду на BingX
🔀",5.273,5.72,5.496499999999999,,,,,
658,2025-05-26T11:19:23+00:00,SOL,long,30,177.06,162.07,156.08,190.14,,,"заходжу в sol long 30x
📈
📣
точка входу: 177.06 - 162.07
✅
тейк-профіт: 190.14
🤚
стоп-лосс: 156.08
✍️
на графіку бачимо бичий htf raid, також зміну характеру ціни, знаходимось в бичому наративі, зверху buy side liquidity, зараз знаходимось в зоні ltf блоку ордерів, звідси хочу побачити подальший рух!
заходимо в угоду на BingX
🔀",162.07,177.06,169.565,,,,,
663,2025-05-27T11:30:32+00:00,SUI,long,30,3.5437,3.2466,3.1487,4.1386,,,"заходжу в sui long 30x
📈
📣
точка входу: 3.5437 - 3.2466
✅
тейк-профіт: 4.1386
🤚
стоп-лосс: 3.1487
✍️
на графіку зміну характеру ціни, зверху buy side liquidity, зараз знаходимось в зоні ltf інвертованого фвг, звідси хочу побачити подальший рух!
заходимо в угоду на BingX
🔀",3.2466,3.5437,3.39515,,,,,
670,2025-05-28T11:32:30+00:00,ETC,long,30,18.588,17.091,16.249,20.173,,,"заходжу в etc long 30x
📈
📣
точка входу: 18.588 - 17.091
✅
тейк-профіт: 20.173
🤚
стоп-лосс: 16.249
✍️
на графіку бачимо бичий htf raid, також зміну характеру ціни, знаходимось в бичому наративі, зверху buy side liquidity, зараз знаходимось в зоні ltf блоку ордерів, звідси хочу побачити подальший рух!
заходимо в угоду на BingX
🔀",17.091,18.588,17.8395,,,,,
677,2025-05-29T11:46:40+00:00,SUI,long,30,3.6687,3.346,3.2268,3.9808,,,"заходжу в sui long 30x
📈
📣
точка входу: 3.6687 - 3.3460
✅
тейк-профіт: 3.9808
🤚
стоп-лосс: 3.2268
✍️
на графіку бачимо бичий htf raid, також зміну характеру ціни, знаходимось в бичому наративі, зверху buy side liquidity, зараз знаходимось в зоні ltf блоку ордерів, звідси хочу побачити подальший рух!
заходимо в угоду на BingX
🔀",3.346,3.6687,3.5073499999999997,,,,,
682,2025-05-30T12:07:36+00:00,RENDER,long,25,4.122,3.753,3.613,4.577,,,"заходжу в render long 25x
📈
📣
точка входу: 4.122 - 3.753
✅
тейк-профіт: 4.577
🤚
стоп-лосс: 3.613
✍️
на графіку бачимо бичий htf raid, також зміну характеру ціни, знаходимось в бичому наративі, зверху buy side liquidity, зараз знаходимось в зоні ltf блоку ордерів, звідси хочу побачити подальший рух!
заходимо в угоду на BingX
🔀",3.753,4.122,3.9375,,,,,
690,2025-06-02T12:10:56+00:00,KAVA,long,30,0.4222,0.3845,0.3689,0.4279,0.4385,0.4537,"заходжу в kava long 30x
📈
📣
точка входу: 0.4222 - 0.3845
✅
тейк-профіт: 0.4279,0.4385,0.4537
🤚
стоп-лосс: 0.3689
✍️
на графіку бачимо бичий htf raid, також зміну характеру ціни, знаходимось в бичому наративі, зверху buy side liquidity, зараз знаходимось в зоні ltf блоку ордерів, звідси хочу побачити подальший рух!
заходимо в угоду на BingX
🔀",0.3845,0.4222,0.40335,0.09346721209867365,0.04057217165149545,0.013500710563713839,0.03860729512079578,0.07460918995736611
695,2025-06-03T12:01:44+00:00,FET,long,30,0.8029,0.7367,0.7176,0.8143,0.8376,0.9026,"заходжу в fet long 30x
📈
📣
точка входу: 0.8029 - 0.7367
✅
тейк-профіт: 0.8143,0.8376,0.9026
🤚
стоп-лосс: 0.7176
✍️
на графіку бачимо бичий htf raid, також зміну характеру ціни, знаходимось в бичому наративі, зверху buy side liquidity, зараз знаходимось в зоні ltf блоку ордерів, звідси хочу побачити подальший рух!
заходимо в угоду на BingX
🔀",0.7367,0.8029,0.7698,0.08599636269160811,0.025926428668386053,0.014198530327562683,0.04321833354091427,0.12417486611035
701,2025-06-04T12:04:53+00:00,XRP,long,30,2.2561,2.0858,2.0162,2.2859,2.3546,2.4004,"заходжу в xrp long 30x
📈
📣
точка входу: 2.2561 - 2.0858
✅
тейк-профіт: 2.2859,2.3546,2.4004
🤚
стоп-лосс: 2.0162
✍️
на графіку бачимо бичий htf raid, також зміну характеру ціни, знаходимось в бичому наративі, зверху buy side liquidity, зараз знаходимось в зоні ltf блоку ордерів, звідси хочу побачити подальший рух!
заходимо в угоду на BingX
🔀",2.0858,2.2561,2.17095,0.07844492042654143,0.03336849170582026,0.013208634369043848,0.04365941226009487,0.06395993085412875
708,2025-06-05T11:49:35+00:00,FET,long,30,0.8025,0.7311,0.7074,0.8123,0.8403,0.8759,"заходжу в fet long 30x
📈
📣
точка входу: 0.8025 - 0.7311
✅
тейк-профіт: 0.8123,0.8403,0.8759
🤚
стоп-лосс: 0.7074
✍️
на графіку бачимо бичий htf raid, також зміну характеру ціни, знаходимось в бичому наративі, зверху buy side liquidity, зараз знаходимось в зоні ltf блоку ордерів, звідси хочу побачити подальший рух!
заходимо в угоду на BingX
🔀",0.7311,0.8025,0.7667999999999999,0.09311424100156498,0.03241690603200649,0.012211838006230569,0.04710280373831783,0.09146417445482868
714,2025-06-06T11:21:01+00:00,ETC,long,30,16.59,15.129,14.525,16.764,17.281,17.933,"заходжу в etc long 30x
📈
📣
точка входу: 16.590 - 15.129
✅
тейк-профіт: 16.764,17.281,17.933
🤚
стоп-лосс: 14.525
✍️
на графіку бачимо бичий htf raid, також зміну характеру ціни, знаходимось в бичому наративі, зверху buy side liquidity, зараз знаходимось в зоні ltf блоку ордерів, звідси хочу побачити подальший рух!
заходимо в угоду на BingX
🔀",15.129,16.59,15.8595,0.09212144140735838,0.039923326062528866,0.010488245931283875,0.041651597347799815,0.08095238095238096
725,2025-06-09T10:40:37+00:00,RENDER,long,25,3.916,3.577,3.416,3.96,4.041,4.167,"заходжу в render long 25x
📈
📣
точка входу: 3.916 - 3.577
✅
тейк-профіт: 3.960,4.041,4.167
🤚
стоп-лосс: 3.416
✍️
на графіку бачимо бичий htf raid, також зміну характеру ціни, знаходимось в бичому наративі, зверху buy side liquidity, зараз знаходимось в зоні ltf блоку ордерів, звідси хочу побачити подальший рух!
заходимо в угоду на BingX
🔀",3.577,3.916,3.7465,0.09048445215534498,0.045009784735812144,0.011235955056179785,0.031920326864147204,0.06409601634320733
732,2025-06-10T11:51:18+00:00,ROSE,long,30,0.02917,0.02677,0.02585,0.02956,0.03014,0.03121,"заходжу в rose long 30x
📈
📣
точка входу: 0.02917 - 0.02677
✅
тейк-профіт: 0.02956,0.03014,0.03121
🤚
стоп-лосс: 0.02585
✍️
на графіку бачимо бичий htf raid, також зміну характеру ціни, знаходимось в бичому наративі, зверху buy side liquidity, зараз знаходимось в зоні ltf блоку ордерів, звідси хочу побачити подальший рух!
заходимо в угоду на BingX
🔀",0.02677,0.02917,0.027970000000000002,0.08580622095101904,0.034366828539409686,0.01336990058279047,0.03325334247514565,0.06993486458690436
739,2025-06-11T11:11:08+00:00,XRP,long,30,2.3277,2.1313,2.0431,2.3613,2.4249,2.4831,"заходжу в xrp long 30x
📈
📣
точка входу: 2.3277 - 2.1313
✅
тейк-профіт: 2.3613,2.4249,2.4831
🤚
стоп-лосс: 2.0431
✍️
на графіку бачимо бичий htf raid, також зміну характеру ціни, знаходимось в бичому наративі, зверху buy side liquidity, зараз знаходимось в зоні ltf блоку ордерів, звідси хочу побачити подальший рух!
заходимо в угоду на BingX
🔀",2.1313,2.3277,2.2295,0.08809150033639836,0.04138319335616762,0.01443484985178496,0.04175795849980665,0.06676118056450563
746,2025-06-13T11:35:59+00:00,BCH,long,30,415.13,379.6,364.4,420.49,429.29,445.99,"заходжу в bch long 30x
📈
📣
точка входу: 415.13 - 379.60
✅
тейк-профіт: 420.49,429.29,445.99
🤚
стоп-лосс: 364.40
✍️
на графіку бачим
о
бичий htf raid, також зміну характеру ціни, зверу buy side liquidity,
зараз знаходимось в зоні 1h фвг, звідси хочу побачити подальший рух!
заходимо в угоду на BingX
🔀",379.6,415.13,397.365,0.08941401482264409,0.04004214963119084,0.012911618047358691,0.03410979693108189,0.0743381591308747
756,2025-06-16T11:56:50+00:00,ICP,long,30,5.633,5.154,4.885,5.753,5.963,6.308,"заходжу в icp long 30x
📈
📣
точка входу: 5.633 - 5.154
✅
тейк-профіт: 5.753,5.963,6.308
🤚
стоп-лосс: 4.885
✍️
на графіку бачимо бичий htf raid, також зміну характеру ціни, знаходимось в бичому наративі, зверху buy side liquidity, зараз знаходимось в зоні ltf блоку ордерів, звідси хочу побачити подальший рух!
заходимо в угоду на BingX
🔀",5.154,5.633,5.3934999999999995,0.08881060535830168,0.05219247186651147,0.02130303568258479,0.05858334812710812,0.1198295757145393
761,2025-06-17T12:45:33+00:00,UNI,long,30,7.583,6.956,6.648,7.807,8.072,8.479,"заходжу в uni long 30x
📈
📣
точка входу: 7.583 - 6.956
✅
тейк-профіт: 7.807,8.072,8.479
🤚
стоп-лосс: 6.648
✍️
на графіку бачимо бичий htf raid, також зміну характеру ціни, знаходимось в бичому наративі, зверху buy side liquidity, зараз знаходимось в зоні ltf блоку ордерів, звідси хочу побачити подальший рух!
заходимо в угоду на BingX
🔀",6.956,7.583,7.269500000000001,0.08625077378086522,0.044278320874065656,0.02953975998945011,0.0644863510483976,0.11815903995780021
766,2025-06-18T11:36:27+00:00,DOT,short,25,3.67,3.963,4.037,3.635,3.535,3.48,"заходжу в dot short 25x
📈
📣
точка входу: 3.670 - 3.963
✅
тейк-профіт: 3.635,3.535,3.480
🤚
стоп-лосс: 4.037
✍️
на графіку бачимо ведмежий htf raid, також інвертацію фвг покупця, знизу sell side liquidity, зараз знаходимось в зоні ltf raid, звідси хочу побачити подальший рух!
заходимо в угоду на BingX
🔀",3.67,3.963,3.8165,0.0767719114371807,0.01867272268483468,0.009536784741144453,0.03678474114441411,0.05177111716621252
772,2025-06-19T12:07:24+00:00,MKR,short,25,2004.3,2169.8,2237.1,1980.6,1888.4,1802.8,"заходжу в mkr short 25x
📈
📣
точка входу: 2004.3 - 2169.8
✅
тейк-профіт: 1980.6,1888.4,1802.8
🤚
стоп-лосс: 2237.1
✍️
на графіку бачимо ведмежий htf raid, також інвертацію фвг покупця, знизу sell side liquidity, зараз знаходимось в зоні ltf raid, звідси хочу побачити подальший рух!
заходимо в угоду на BingX
🔀",2004.3,2169.8,2087.05,0.07929853141994692,0.03101668356530543,0.011824577159107941,0.057825674799181694,0.10053385221773188
780,2025-06-20T12:25:04+00:00,FET,long,30,0.6903,0.6332,0.6079,0.7024,0.7295,0.7501,"заходжу в fet long 30x
📈
📣
точка входу: 0.6903 - 0.6332
✅
тейк-профіт: 0.7024,0.7295,0.7501
🤚
стоп-лосс: 0.6079
✍️
на графіку бачимо бичий htf raid, також зміну характеру ціни, знаходимось в бичому наративі, зверху buy side liquidity, зараз знаходимось в зоні ltf блоку ордерів, звідси хочу побачити подальший рух!
заходимо в угоду на BingX
🔀",0.6332,0.6903,0.6617500000000001,0.08628636191915381,0.039955780164245086,0.017528610748949732,0.05678690424453138,0.08662900188323912
789,2025-06-23T11:10:09+00:00,JTO,short,25,1.9741,2.1347,2.1915,1.9474,1.8816,1.7931,"заходжу в jto short 25x
📈
📣
точка входу: 1.9741 - 2.1347
✅
тейк-профіт: 1.9474,1.8816,1.7931
🤚
стоп-лосс: 2.1915
✍️
на графіку бачимо ведмежий htf raid, також інвертацію фвг покупця, знизу sell side liquidity, зараз знаходимось в зоні ltf raid, звідси хочу побачити подальший рух!
заходимо в угоду на BingX
🔀",1.9741,2.1347,2.0544000000000002,0.07817367601246109,0.026607954279289813,0.013525150701585506,0.04685679550174764,0.09168735119801431
793,2025-06-24T12:25:50+00:00,BCH,long,30,464.29,429.19,409.76,471.6,486.38,502.59,"заходжу в bch long 30x
📈
📣
точка входу: 464.29 - 429.19
✅
тейк-профіт: 471.60,486.38,502.59
🤚
стоп-лосс: 409.76
✍️
на графіку бачимо бичий htf raid, також зміну характеру ціни, знаходимось в бичому наративі, зверху buy side liquidity, зараз знаходимось в зоні ltf блоку ордерів, звідси хочу побачити подальший рух!
заходимо в угоду на BingX
🔀",429.19,464.29,446.74,0.07856919013296329,0.04527132505417183,0.01574447005104569,0.047578022356716654,0.08249154623188083
797,2025-06-25T12:00:42+00:00,ETC,long,30,16.355,14.976,14.419,16.528,17.085,17.509,"заходжу в etc long 30x
📈
📣
точка входу: 16.355 - 14.976
✅
тейк-профіт: 16.528,17.085,17.509
🤚
стоп-лосс: 14.419
✍️
на графіку бачимо бичий htf raid, також зміну характеру ціни, знаходимось в бичому наративі, зверху buy side liquidity, зараз знаходимось в зоні ltf блоку ордерів, звідси хочу побачити подальший рух!
заходимо в угоду на BingX
🔀",14.976,16.355,15.665500000000002,0.08802783185981931,0.0371928418803419,0.010577804952613774,0.04463466829715686,0.07055946193824518
804,2025-06-27T11:54:32+00:00,SOL,long,30,142.209,129.237,124.495,143.999,148.617,158.596,"заходжу в sol long 30x
📈
📣
точка входу: 142.209 - 129.237
✅
тейк-профіт: 143.999,148.617,158.596
🤚
стоп-лосс: 124.495
✍️
на графіку бачимо бичий htf raid, також зміну характеру ціни, знаходимось в бичому наративі, зверху buy side liquidity, зараз знаходимось в зоні ltf блоку ордерів, звідси хочу побачити подальший рух!
заходимо в угоду на BingX
🔀",129.237,142.209,135.723,0.09557702084392482,0.03669227852704714,0.012587107707669642,0.04506043921270796,0.11523180670702979
813,2025-06-30T10:55:52+00:00,LINK,short,25,13.217,14.227,14.655,12.99,12.734,12.35,"заходжу в link short 25x
📈
📣
точка входу: 13.217 - 14.227
✅
тейк-профіт: 12.990,12.734,12.350
🤚
стоп-лосс: 14.655
✍️
на графіку бачимо ведмежий htf raid, також інвертацію фвг покупця, знизу sell side liquidity, зараз знаходимось в зоні ltf raid, звідси хочу побачити подальший рух!
заходимо в угоду на BingX
🔀",13.217,14.227,13.722000000000001,0.07360443084098525,0.03008364377591896,0.01717485057123404,0.03654384504804423,0.0655973367632595
818,2025-07-01T11:37:18+00:00,MKR,short,25,1901.0,2049.8,2127.5,1876.5,1818.2,1729.5,"заходжу в mkr short 25x
📈
📣
точка входу: 1901.0 - 2049.8
✅
тейк-профіт: 1876.5,1818.2,1729.5
🤚
стоп-лосс: 2127.5
✍️
на графіку бачимо ведмежий htf raid, також інвертацію фвг покупця, знизу sell side liquidity, зараз знаходимось в зоні ltf raid, звідси хочу побачити подальший рух!
заходимо в угоду на BingX
🔀",1901.0,2049.8,1975.4,0.07532651614862822,0.03790613718411543,0.012887953708574434,0.04355602314571276,0.09021567596002104
825,2025-07-02T11:17:30+00:00,SUI,long,30,2.7426,2.5193,2.411,2.8087,2.897,2.9699,"заходжу в sui long 30x
📈
📣
точка входу: 2.7426 - 2.5193
✅
тейк-профіт: 2.8087,2.8970,2.9699
🤚
стоп-лосс: 2.4110
✍️
на графіку бачимо бичий htf raid, також зміну характеру ціни, знаходимось в бичому наративі, зверху buy side liquidity, зараз знаходимось в зоні ltf блоку ордерів, звідси хочу побачити подальший рух!
заходимо в угоду на BingX
🔀",2.5193,2.7426,2.63095,0.08487428495410405,0.04298813162386371,0.024101217822504212,0.05629694450521398,0.08287756143805151
834,2025-07-04T11:11:57+00:00,NEAR,short,25,2.1878,2.3691,2.4449,2.1467,2.099,2.0078,"заходжу в near short 25x
📈
📣
точка входу: 2.1878 - 2.3691
✅
тейк-профіт: 2.1467,2.0990,2.0078
🤚
стоп-лосс: 2.4449
✍️
на графіку бачимо ведмежий htf raid, також інвертацію фвг покупця, знизу sell side liquidity, зараз знаходимось в зоні ltf raid, звідси хочу побачити подальший рух!
заходимо в угоду на BingX
🔀",2.1878,2.3691,2.2784500000000003,0.07957163861396992,0.03199527246633747,0.018785995063534205,0.04058871926135844,0.08227443093518609
845,2025-07-07T10:46:47+00:00,AVAX,short,25,18.197,19.591,20.154,17.965,17.365,16.653,"заходжу в avax short 25x
📈
📣
точка входу: 18.197 - 19.591
✅
тейк-профіт: 17.965,17.365,16.653
🤚
стоп-лосс: 20.154
✍️
на графіку бачимо ведмежий htf raid, також інвертацію фвг покупця, знизу sell side liquidity, зараз знаходимось в зоні ltf raid, звідси хочу побачити подальший рух!
заходимо в угоду на BingX
🔀",18.197,19.591,18.894,0.07378003599026156,0.02873768567199218,0.012749354289168508,0.04572182227839758,0.08484915095894931
851,2025-07-08T11:37:55+00:00,ADA,long,30,0.5827,0.53873,0.51714,0.59326,0.60614,0.62002,"заходжу в ada long 30x
📈
📣
точка входу: 0.58270 - 0.53873
✅
тейк-профіт: 0.59326,0.60614,0.62002
🤚
стоп-лосс: 0.51714
✍️
на графіку бачимо бичий htf raid, також зміну характеру ціни, знаходимось в бичому наративі, зверху buy side liquidity, зараз знаходимось в зоні ltf блоку ордерів, звідси хочу побачити подальший рух!
заходимо в угоду на BingX
🔀",0.53873,0.5827,0.5607150000000001,0.07841773449970119,0.040075733669927414,0.018122533035867538,0.04022653166294837,0.06404667925175908
856,2025-07-09T11:53:32+00:00,PENDLE,short,25,3.4339,3.662,3.7797,3.3882,3.3112,3.2495,"заходжу в pendle short 25x
📈
📣
точка входу: 3.4339 - 3.6620
✅
тейк-профіт: 3.3882,3.3112,3.2495
🤚
стоп-лосс: 3.7797
✍️
на графіку бачимо ведмежий htf raid, також інвертацію фвг покупця, знизу sell side liquidity, зараз знаходимось в зоні ltf raid, звідси хочу побачити подальший рух!
заходимо в угоду на BingX
🔀",3.4339,3.662,3.54795,0.06429064671148127,0.03214090660841074,0.013308483065901766,0.0357319665686246,0.053699874777949304
862,2025-07-10T11:20:53+00:00,FET,long,30,0.7016,0.634,0.6007,0.7127,0.7347,0.7608,"заходжу в fet long 30x
📈
📣
точка входу: 0.7016 - 0.6340
✅
тейк-профіт: 0.7127,0.7347,0.7608
🤚
стоп-лосс: 0.6007
✍️
на графіку бачимо бичий htf raid, також зміну характеру ціни, знаходимось в бичому наративі, зверху buy side liquidity, зараз знаходимось в зоні ltf блоку ордерів, звідси хочу побачити подальший рух!
заходимо в угоду на BingX
🔀",0.634,0.7016,0.6678,0.10122791254866727,0.05252365930599368,0.01582098061573546,0.04717787913340937,0.0843785632839225
876,2025-07-14T11:28:36+00:00,FET,long,30,0.7469,0.6809,0.655,0.7598,0.7801,0.8112,"заходжу в fet long 30x
📈
📣
точка входу: 0.7469 - 0.6809
✅
тейк-профіт: 0.7598,0.7801,0.8112
🤚
стоп-лосс: 0.6550
✍️
на графіку бачимо бичий htf raid, також зміну характеру ціни, знаходимось в бичому наративі, зверху buy side liquidity, зараз знаходимось в зоні ltf блоку ордерів, звідси хочу побачити подальший рух!
заходимо в угоду на BingX
🔀",0.6809,0.7469,0.7139,0.09244992295839762,0.03803789102658235,0.017271388405409056,0.04445039496585889,0.0860891685633954
881,2025-07-15T11:32:09+00:00,APT,short,25,4.8364,5.3129,5.4882,4.7644,4.6865,4.5756,"заходжу в apt short 25x
📈
📣
точка входу: 4.8364 - 5.3129
✅
тейк-профіт: 4.7644,4.6865,4.5756
🤚
стоп-лосс: 5.4882
✍️
на графіку бачимо ведмежий htf raid, також інвертацію фвг покупця, знизу sell side liquidity, зараз знаходимось в зоні ltf raid, звідси хочу побачити подальший рух!
заходимо в угоду на BingX
🔀",4.8364,5.3129,5.07465,0.09389810134689086,0.032995162717160124,0.014887106111984133,0.030994127863700392,0.053924406583409266
886,2025-07-16T12:13:19+00:00,PYTH,long,30,0.1227,0.1129,0.1071,0.1256,0.1271,0.1307,"заходжу в pyth long 30x
📈
📣
точка входу: 0.1227 - 0.1129
✅
тейк-профіт: 0.1256,0.1271,0.1307
🤚
стоп-лосс: 0.1071
✍️
на графіку бачимо бичий htf raid, також зміну характеру ціни, знаходимось в бичому наративі, зверху buy side liquidity, зараз знаходимось в зоні ltf блоку ордерів, звідси хочу побачити подальший рух!
заходимо в угоду на BingX
🔀",0.1129,0.1227,0.1178,0.08319185059422753,0.05137289636846767,0.023634881825590755,0.03585982070089639,0.06519967400163004
895,2025-07-18T11:06:26+00:00,VET,short,25,0.02771,0.03055,0.03165,0.02732,0.02553,0.02333,"заходжу в vet short 25x
📈
📣
точка входу: 0.02771 - 0.03055
✅
тейк-профіт: 0.02732,0.02553,0.02333
🤚
стоп-лосс: 0.03165
✍️
на графіку бачимо ведмежий htf raid, також інвертацію фвг покупця, знизу sell side liquidity, зараз знаходимось в зоні ltf raid, звідси хочу побачити подальший рух!
заходимо в угоду на BingX
🔀",0.02771,0.03055,0.02913,0.09749399244764854,0.036006546644844414,0.014074341392998846,0.07867195958137849,0.15806568025983395
903,2025-07-21T11:11:39+00:00,SUI,long,30,4.0036,3.6386,3.5002,4.0444,4.1982,4.3402,"заходжу в sui long 30x
📈
📣
точка входу: 4.0036 - 3.6386
✅
тейк-профіт: 4.0444,4.1982,4.3402
🤚
стоп-лосс: 3.5002
✍️
на графіку бачимо бичий htf raid, також зміну характеру ціни, знаходимось в бичому наративі, зверху buy side liquidity, зараз знаходимось в зоні ltf блоку ордерів, звідси хочу побачити подальший рух!
заходимо в угоду на BingX
🔀",3.6386,4.0036,3.8210999999999995,0.09552223181806281,0.038036607486395826,0.010190828254571096,0.04860625437106613,0.08407433310021
909,2025-07-22T11:27:43+00:00,ICP,long,30,5.9,5.4,5.174,6.01,6.24,6.374,"заходжу в icp long 30x
📈
📣
точка входу: 5.900 - 5.400
✅
тейк-профіт: 6.010,6.240,6.374
🤚
стоп-лосс: 5.174
✍️
на графіку бачимо бичий htf raid, також зміну характеру ціни, знаходимось в бичому наративі, зверху buy side liquidity, зараз знаходимось в зоні ltf блоку ордерів, звідси хочу побачити подальший рух!
заходимо в угоду на BingX
🔀",5.4,5.9,5.65,0.08849557522123894,0.04185185185185185,0.018644067796610073,0.05762711864406777,0.08033898305084733
917,2025-07-23T11:37:43+00:00,ROSE,long,30,0.03126,0.02755,0.02694,0.03168,0.03348,0.03556,"заходжу в rose long 30x
📈
📣
точка входу: 0.03126 - 0.02755
✅
тейк-профіт: 0.03168,0.03348,0.03556
🤚
стоп-лосс: 0.02694
✍️
на графіку бачимо бичий htf raid, також зміну характеру ціни, знаходимось в бичому наративі, зверху buy side liquidity, зараз знаходимось в зоні ltf блоку ордерів, звідси хочу побачити подальший рух!
заходимо в угоду на BingX
🔀",0.02755,0.03126,0.029405,0.12616901887434115,0.022141560798548197,0.013435700575815635,0.07101727447216889,0.1375559820857325
921,2025-07-24T11:09:48+00:00,GRT,short,25,0.10208,0.11171,0.11583,0.09962,0.09642,0.09011,"заходжу в grt short 25x
📈
📣
точка входу: 0.10208 - 0.11171
✅
тейк-профіт: 0.09962,0.09642,0.09011
🤚
стоп-лосс: 0.11583
✍️
на графіку бачимо ведмежий htf raid, також інвертацію фвг покупця, знизу sell side liquidity, зараз знаходимось в зоні ltf raid, звідси хочу побачити подальший рух!
заходимо в угоду на BingX
🔀",0.10208,0.11171,0.106895,0.0900884045090977,0.03688121027660907,0.024098746081504738,0.05544670846394983,0.11726097178683394
927,2025-07-25T11:14:59+00:00,INJ,long,30,13.786,12.362,11.848,14.09,14.618,15.615,"заходжу в inj long 30x
📈
📣
точка входу: 13.786 - 12.362
✅
тейк-профіт: 14.090,14.618,15.615
🤚
стоп-лосс: 11.848
✍️
на графіку бачимо бичий наратив також зміну характеру ціни, зверху buy side liquidity, зараз знаходимось в зоні 1h брейкер блоку ордерів, звідси хочу побачити подальший рух!
заходимо в угоду на BingX
🔀",12.362,13.786,13.074,0.10891846412727547,0.041579032519009816,0.022051356448571036,0.06035108080661546,0.13267082547511974
936,2025-07-28T11:18:29+00:00,PYTH,long,30,0.14061,0.1258,0.1188,0.1428,0.1487,0.1547,"заходжу в pyth long 30x
📈
📣
точка входу: 0.14061 - 0.1258
✅
тейк-профіт: 0.1428,0.1487,0.1547
🤚
стоп-лосс: 0.1188
✍️
на графіку бачимо бичий наратив також зміну характеру ціни, зверху buy side liquidity, зараз знаходимось в зоні 1h брейкер блоку ордерів, звідси хочу побачити подальший рух!
заходимо в угоду на BingX
🔀",0.1258,0.14061,0.13320500000000002,0.11118201268721156,0.05564387917329088,0.015574994666097698,0.05753502595832434,0.10020624422160579
940,2025-07-29T10:50:05+00:00,RENDER,short,25,4.11,4.522,4.682,4.054,3.872,3.616,"заходжу в render short 25x
📈
📣
точка входу: 4.110 - 4.522
✅
тейк-профіт: 4.054,3.872,3.616
🤚
стоп-лосс: 4.682
✍️
на графіку бачимо ведмежий htf raid, також інвертацію фвг покупця, знизу sell side liquidity, зараз знаходимось в зоні ltf raid, звідси хочу побачити подальший рух!
заходимо в угоду на BingX
🔀",4.11,4.522,4.316000000000001,0.09545875810936048,0.035382574082264515,0.013625304136253052,0.05790754257907553,0.12019464720194652
948,2025-07-30T11:48:49+00:00,ICP,short,25,5.369,5.83,6.127,5.264,5.15,5.069,"заходжу в icp short 25x
📈
📣
точка входу: 5.369 - 5.830
✅
тейк-профіт: 5.264,5.150,5.069
🤚
стоп-лосс: 6.127
✍️
на графіку бачимо ведмежий htf raid, також інвертацію фвг покупця, знизу sell side liquidity, зараз знаходимось в зоні ltf raid, звідси хочу побачити подальший рух!
заходимо в угоду на BingX
🔀",5.369,5.83,5.5995,0.08232877935529964,0.05094339622641504,0.019556714471968623,0.040789718755820346,0.05587632706276771
957,2025-08-01T10:33:52+00:00,LINK,short,25,16.466,18.117,18.959,16.226,15.907,15.003,"заходжу в link short 25x
📈
📣
точка входу: 16.466 - 18.117
✅
тейк-профіт: 16.226,15.907,15.003
🤚
стоп-лосс: 18.959
✍️
на графіку бачимо ведмежий htf raid, також інвертацію фвг покупця, знизу sell side liquidity, зараз знаходимось в зоні ltf raid, звідси хочу побачити подальший рух!
заходимо в угоду на BingX
🔀",16.466,18.117,17.2915,0.09548043836567098,0.04647568581994804,0.014575488886189845,0.03394874286408363,0.08884975100206491
966,2025-08-04T10:31:32+00:00,ICP,long,30,5.169,4.745,4.526,5.226,5.347,5.581,"заходжу в icp long 30x
📈
📣
точка входу: 5.169 - 4.745
✅
тейк-профіт: 5.226,5.347,5.581
🤚
стоп-лосс: 4.526
✍️
на графіку бачимо бичий наратив також зміну характеру ціни, зверху buy side liquidity, зараз знаходимось в зоні 1h брейкер блоку ордерів, звідси хочу побачити подальший рух!
заходимо в угоду на BingX
🔀",4.745,5.169,4.957,0.08553560621343545,0.04615384615384622,0.011027278003482374,0.03443606113368172,0.07970593925324064
972,2025-08-05T10:49:03+00:00,ONDO,long,30,0.9412,0.8305,0.7908,0.9511,0.9755,1.0138,"заходжу в ondo long 30x
📈
📣
точка входу: 0.9412 - 0.8305
✅
тейк-профіт: 0.9511,0.9755,1.0138
🤚
стоп-лосс: 0.7908
✍️
на графіку бачимо бичий наратив також зміну характеру ціни, зверху buy side liquidity, зараз знаходимось в зоні 1h брейкер блоку ордерів, звідси хочу побачити подальший рух!
заходимо в угоду на BingX
🔀",0.8305,0.9412,0.88585,0.12496472314725972,0.047802528597230665,0.010518487037823957,0.03644283892902677,0.07713557161070973
977,2025-08-06T11:04:28+00:00,ICP,short,25,5.036,5.471,5.694,4.939,4.867,4.757,"заходжу в icp short 25x
📈
📣
точка входу: 5.036 - 5.471
✅
тейк-профіт: 4.939,4.867,4.757
🤚
стоп-лосс: 5.694
✍️
на графіку бачимо ведмежий htf raid, також інвертацію фвг покупця, знизу sell side liquidity, зараз знаходимось в зоні ltf raid, звідси хочу побачити подальший рух!
заходимо в угоду на BingX
🔀",5.036,5.471,5.2535,0.08280194156276778,0.040760372875159906,0.0192613185067513,0.03355837966640183,0.05540111199364574
984,2025-08-08T10:48:59+00:00,RENDER,long,30,3.862,3.455,3.328,3.922,4.039,4.216,"заходжу в render long 30x
📈
📣
точка входу: 3.862 - 3.455
✅
тейк-профіт: 3.922,4.039,4.216
🤚
стоп-лосс: 3.328
✍️
на графіку бачимо бичий наратив також зміну характеру ціни, зверху buy side liquidity, зараз знаходимось в зоні 1h брейкер блоку ордерів, звідси хочу побачити подальший рух!
заходимо в угоду на BingX
🔀",3.455,3.862,3.6585,0.11124777914445812,0.036758321273516706,0.015535991714137765,0.045831175556706266,0.09166235111341275
994,2025-08-11T10:39:32+00:00,INJ,short,25,14.355,15.556,16.241,14.121,13.787,13.266,"заходжу в inj short 25x
📈
📣
точка входу: 14.355 - 15.556
✅
тейк-профіт: 14.121,13.787,13.266
🤚
стоп-лосс: 16.241
✍️
на графіку бачимо ведмежий htf raid, також інвертацію фвг покупця, знизу sell side liquidity, зараз знаходимось в зоні ltf raid, звідси хочу побачити подальший рух!
заходимо в угоду на BingX
🔀",14.355,15.556,14.9555,0.08030490455016541,0.04403445615839551,0.01630094043887147,0.03956809474050851,0.07586206896551727
1001,2025-08-12T11:16:52+00:00,RENDER,short,25,3.702,4.027,4.209,3.642,3.593,3.458,"заходжу в render short 25x
📈
📣
точка входу: 3.702 - 4.027
✅
тейк-профіт: 3.642,3.593,x3.458
🤚
стоп-лосс: 4.209
✍️
на графіку бачимо ведмежий htf raid, також інвертацію фвг покупця, знизу sell side liquidity, зараз знаходимось в зоні ltf raid, звідси хочу побачити подальший рух!
заходимо в угоду на BingX
🔀",3.702,4.027,3.8645,0.08409884849268992,0.045194934194189094,0.016207455429497582,0.029443544030253913,0.06591031874662338
1005,2025-08-13T10:56:26+00:00,SUI,long,30,3.9894,3.5675,3.4318,4.0326,4.142,4.2376,"заходжу в sui long 30x
📈
📣
точка входу: 3.9894 - 3.5675
✅
тейк-профіт: 4.0326,4.1420,4.2376
🤚
стоп-лосс: 3.4318
✍️
на графіку бачимо бичий наратив також зміну характеру ціни, зверху buy side liquidity, зараз знаходимось в зоні 1h брейкер блоку ордерів, звідси хочу побачити подальший рух!
заходимо в угоду на BingX
🔀",3.5675,3.9894,3.77845,0.11165954293427198,0.03803784162578835,0.010828696044518117,0.03825136612021871,0.06221486940392033
1012,2025-08-15T11:36:53+00:00,RENDER,short,25,3.89,4.269,4.436,3.825,3.6903,568.0,"заходжу в render short 25x
📈
📣
точка входу: 3.890 - 4.269
✅
тейк-профіт: 3.825,3.6903.568
🤚
стоп-лосс: 4.436
✍️
на графіку бачимо ведмежий htf raid, також інвертацію фвг покупця, знизу sell side liquidity, зараз знаходимось в зоні ltf raid, звідси хочу побачити подальший рух!
заходимо в угоду на BingX
🔀",3.89,4.269,4.0795,0.09290354210074764,0.039119231670180325,0.016709511568123378,0.051336760925449865,-145.01542416452443
1023,2025-08-18T11:53:19+00:00,INJ,short,25,14.243,15.535,16.149,14.068,13.728,13.373,"заходжу в inj short 25x
📈
📣
точка входу: 14.243 - 15.535
✅
тейк-профіт: 14.068,13.728,13.373
🤚
стоп-лосс: 16.149
✍️
на графіку бачимо ведмежий htf raid, також інвертацію фвг покупця, знизу sell side liquidity, зараз знаходимось в зоні ltf raid, звідси хочу побачити подальший рух!
заходимо в угоду на BingX
🔀",14.243,15.535,14.889,0.08677547182483712,0.03952365626005798,0.012286737344660584,0.0361581127571439,0.06108263708488387
1027,2025-08-19T10:26:00+00:00,FET,long,30,0.679,0.6126,0.5887,0.687,0.7069,0.762,"заходжу в fet long 30x
📈
📣
точка входу: 0.6790 - 0.6126
✅
тейк-профіт: 0.6870,0.7069,0.7620
🤚
стоп-лосс: 0.5887
✍️
на графіку бачимо бичий наратив також зміну характеру ціни, зверху buy side liquidity, зараз знаходимось в зоні 1h брейкер блоку ордерів, звідси хочу побачити подальший рух!
заходимо в угоду на BingX
🔀",0.6126,0.679,0.6458,0.10281820997212761,0.03901403852432261,0.011782032400589112,0.04108983799705438,0.12223858615611187
1032,2025-08-20T10:40:38+00:00,DOT,long,30,3.811,3.498,3.344,3.88,4.017,4.185,"заходжу в dot long 30x
📈
📣
точка входу: 3.811 - 3.498
✅
тейк-профіт: 3.880,4.017,4.185
🤚
стоп-лосс: 3.344
✍️
на графіку бачимо бичий наратив також зміну характеру ціни, зверху buy side liquidity, зараз знаходимось в зоні 1h брейкер блоку ордерів, звідси хочу побачити подальший рух!
заходимо в угоду на BingX
🔀",3.498,3.811,3.6545,0.08564783144068948,0.044025157232704504,0.018105484124901587,0.05405405405405416,0.0981369719233796
1039,2025-08-22T10:56:34+00:00,JTO,long,30,1.7773,1.6083,1.5508,1.8011,1.8392,1.9286,"заходжу в jto long 30x
📈
📣
точка входу: 1.7773 - 1.6083
✅
тейк-профіт: 1.8011,1.8392,1.9286
🤚
стоп-лосс: 1.5508
✍️
на графіку бачимо бичий наратив також зміну характеру ціни, зверху buy side liquidity, зараз знаходимось в зоні 1h брейкер блоку ордерів, звідси хочу побачити подальший рух!
заходимо в угоду на BingX
🔀",1.6083,1.7773,1.6928,0.09983459357277885,0.03575203631163347,0.013391098857817937,0.034828110054577074,0.08512912845327181
1052,2025-08-25T11:04:54+00:00,INJ,short,25,13.476,14.939,15.46,13.305,12.917,12.398,"заходжу в inj short 25x
📈
📣
точка входу: 13.476 - 14.939
✅
тейк-профіт: 13.305,12.917,12.398
🤚
стоп-лосс: 15.460
✍️
на графіку бачимо ведмежий htf raid, також інвертацію фвг покупця, знизу sell side liquidity, зараз знаходимось в зоні ltf raid, звідси хочу побачити подальший рух!
заходимо в угоду на BingX
🔀",13.476,14.939,14.2075,0.10297378145345763,0.034875158979851446,0.012689225289403468,0.04148115167705558,0.07999406352033253
1056,2025-08-26T11:38:51+00:00,DOT,long,30,3.8,3.435,3.264,3.849,3.948,4.139,"заходжу в dot long 30x
📈
📣
точка входу: 3.800 - 3.435
✅
тейк-профіт: 3.849,3.948,4.139
🤚
стоп-лосс: 3.264
✍️
на графіку бачимо бичий наратив також зміну характеру ціни, зверху buy side liquidity, зараз знаходимось в зоні 1h брейкер блоку ордерів, звідси хочу побачити подальший рух!
заходимо в угоду на BingX
🔀",3.435,3.8,3.6174999999999997,0.100898410504492,0.049781659388646364,0.012894736842105363,0.03894736842105267,0.08921052631578959
1061,2025-08-27T11:15:32+00:00,RENDER,long,30,3.616,3.278,3.136,3.674,3.799,3.949,"заходжу в render long 30x
📈
📣
точка входу: 3.616 - 3.278
✅
тейк-профіт: 3.674,3.799,3.949
🤚
стоп-лосс: 3.136
✍️
на графіку бачимо бичий наратив також зміну характеру ціни, зверху buy side liquidity, зараз знаходимось в зоні 1h брейкер блоку ордерів, звідси хочу побачити подальший рух!
заходимо в угоду на BingX
🔀",3.278,3.616,3.447,0.09805628082390487,0.04331909701037215,0.01603982300884951,0.05060840707964597,0.0920907079646017
1070,2025-08-29T12:04:07+00:00,DOT,short,25,3.795,4.146,4.277,3.744,3.66,3.583,"заходжу в dot short 25x
📈
📣
точка входу: 3.795 - 4.146
✅
тейк-профіт: 3.744,3.660,3.583
🤚
стоп-лосс: 4.277
✍️
на графіку бачимо ведмежий htf raid, також інвертацію фвг покупця, знизу sell side liquidity, зараз знаходимось в зоні ltf raid, звідси хочу побачити подальший рух!
заходимо в угоду на BingX
🔀",3.795,4.146,3.9705,0.08840196448809973,0.03159671972986016,0.013438735177865537,0.035573122529644216,0.05586297760210797
1080,2025-09-01T10:18:05+00:00,RENDER,long,30,3.483,3.136,3.023,3.549,3.628,3.78,"заходжу в render long 30x
📈
📣
точка входу: 3.483 - 3.136
✅
тейк-профіт: 3.549,3.628,3.780
🤚
стоп-лосс: 3.023
✍️
на графіку бачимо бичий наратив також зміну характеру ціни, зверху buy side liquidity, зараз знаходимось в зоні 1h брейкер блоку ордерів, звідси хочу побачити подальший рух!
заходимо в угоду на BingX
🔀",3.136,3.483,3.3095,0.10484967517751925,0.03603316326530612,0.01894918173987937,0.041630778064886596,0.08527131782945728
1086,2025-09-02T10:39:28+00:00,DOT,long,30,3.783,3.436,3.3,3.853,3.983,4.134,"заходжу в dot long 30x
📈
📣
точка входу: 3.783 - 3.436
✅
тейк-профіт: 3.853,3.983,4.134
🤚
стоп-лосс: 3.300
✍️
на графіку бачимо бичий наратив також зміну характеру ціни, зверху buy side liquidity, зараз знаходимось в зоні 1h брейкер блоку ордерів, звідси хочу побачити подальший рух!
заходимо в угоду на BingX
🔀",3.436,3.783,3.6094999999999997,0.0961351987809946,0.03958090803259608,0.018503832936822704,0.052868094105207555,0.09278350515463929
1092,2025-09-03T10:53:19+00:00,SUI,long,30,3.3338,3.009,2.8841,3.3727,3.4378,3.5809,"заходжу в sui long 30x
📈
📣
точка входу: 3.3338 - 3.0090
✅
тейк-профіт: 3.3727,3.4378,3.5809
🤚
стоп-лосс: 2.8841
✍️
на графіку бачимо бичий наратив також зміну характеру ціни, зверху buy side liquidity, зараз знаходимось в зоні 1h брейкер блоку ордерів, звідси хочу побачити подальший рух!
заходимо в угоду на BingX
🔀",3.009,3.3338,3.1714,0.10241533707510884,0.04150880691259548,0.011668366428699962,0.031195632611434425,0.07411962325274464
1102,2025-09-05T10:54:47+00:00,SUI,long,30,3.379,3.0646,2.9123,3.4202,3.4923,3.6427,"заходжу в sui long 30x
📈
📣
точка входу: 3.3790 - 3.0646
✅
тейк-профіт: 3.4202,3.4923,3.6427
🤚
стоп-лосс: 2.9123
✍️
на графіку бачимо бичий наратив також зміну характеру ціни, зверху buy side liquidity, зараз знаходимось в зоні 1h брейкер блоку ордерів, звідси хочу побачити подальший рух!
заходимо в угоду на BingX
🔀",3.0646,3.379,3.2218,0.09758520081941773,0.049696534621157695,0.012192956496004707,0.033530630364013075,0.0780408404853507
1112,2025-09-08T11:04:09+00:00,ONDO,long,30,0.9261,0.8448,0.8047,0.941,0.9618,0.991,"заходжу в ondo long 30x
📈
📣
точка входу: 0.9261 - 0.8448
✅
тейк-профіт: 0.9410,0.9618,0.9910
🤚
стоп-лосс: 0.8047
✍️
на графіку бачимо бичий наратив також зміну характеру ціни, зверху buy side liquidity, зараз знаходимось в зоні 1h брейкер блоку ордерів, звідси хочу побачити подальший рух!
заходимо в угоду на BingX
🔀",0.8448,0.9261,0.8854500000000001,0.09181771980348978,0.04746685606060609,0.01608897527264865,0.03854875283446707,0.07007882518086594
1119,2025-09-09T11:03:54+00:00,IMX,long,30,0.5556,0.5008,0.4772,0.5664,0.5765,0.6022,"заходжу в imx long 30x
📈
📣
точка входу: 0.5556 - 0.5008
✅
тейк-профіт: 0.5664,0.5765,0.6022
🤚
стоп-лосс: 0.4772
✍️
на графіку бачимо бичий наратив також зміну характеру ціни, зверху buy side liquidity, зараз знаходимось в зоні 1h брейкер блоку ордерів, звідси хочу побачити подальший рух!
заходимо в угоду на BingX
🔀",0.5008,0.5556,0.5282,0.1037485800833017,0.04712460063897765,0.019438444924406106,0.0376169906407488,0.08387329013678901
1123,2025-09-10T12:23:20+00:00,FET,short,25,0.643,0.7021,0.7232,0.634,0.6237,0.6123,"заходжу в fet short 25x
📈
📣
точка входу: 0.6430 - 0.7021
✅
тейк-профіт: 0.6340,0.6237,0.6123
🤚
стоп-лосс: 0.7232
✍️
на графіку бачимо ведмежий htf raid, також інвертацію фвг покупця, знизу sell side liquidity, зараз знаходимось в зоні ltf raid, звідси хочу побачити подальший рух!
заходимо в угоду на BingX
🔀",0.643,0.7021,0.67255,0.08787450747156335,0.030052699045719996,0.013996889580093324,0.03001555209953341,0.04774494556765173
1129,2025-09-12T11:29:54+00:00,AAVE,long,30,311.83,284.32,275.06,316.18,321.75,330.62,"заходжу в aave long 30x
📈
📣
точка входу: 311.83 - 284.32
✅
тейк-профіт: 316.18,321.75,330.62
🤚
стоп-лосс: 275.06
✍️
на графіку бачимо бичий наратив також зміну характеру ціни, зверху buy side liquidity, зараз знаходимось в зоні 1h брейкер блоку ордерів, звідси хочу побачити подальший рух!
заходимо в угоду на BingX
🔀",284.32,311.83,298.075,0.09229220833682795,0.0325689364096792,0.013949908604047151,0.031812205368309705,0.06025719141840112
1139,2025-09-15T11:44:30+00:00,INJ,long,30,13.632,12.359,11.848,13.89,14.306,14.732,"заходжу в inj long 30x
📈
📣
точка входу: 13.632 - 12.359
✅
тейк-профіт: 13.890,14.306,14.732
🤚
стоп-лосс: 11.848
✍️
на графіку бачимо бичий наратив також зміну характеру ціни, зверху buy side liquidity, зараз знаходимось в зоні 1h брейкер блоку ордерів, звідси хочу побачити подальший рух!
заходимо в угоду на BingX
🔀",12.359,13.632,12.9955,0.09795698511023045,0.04134638724815917,0.018926056338028234,0.04944248826291076,0.08069248826291077
1145,2025-09-16T10:18:40+00:00,FET,long,30,0.6483,0.5906,0.566,0.6584,0.6746,0.695,"заходжу в fet long 30x
📈
📣
точка входу: 0.6483 - 0.5906
✅
тейк-профіт: 0.6584,0.6746,0.6950
🤚
стоп-лосс: 0.5660
✍️
на графіку бачимо бичий наратив також зміну характеру ціни, зверху buy side liquidity, зараз знаходимось в зоні 1h брейкер блоку ордерів, звідси хочу побачити подальший рух!
заходимо в угоду на BingX
🔀",0.5906,0.6483,0.6194500000000001,0.09314714666236172,0.04165255672197776,0.015579207157180315,0.04056763843899428,0.0720345519049822
1149,2025-09-17T12:49:05+00:00,RENDER,long,30,3.814,3.492,3.363,3.863,3.994,4.139,"заходжу в render long 30x
📈
📣
точка входу: 3.814 - 3.492
✅
тейк-профіт: 3.863,3.994,4.139
🤚
стоп-лосс: 3.363
✍️
на графіку бачимо бичий наратив також зміну характеру ціни, зверху buy side liquidity, зараз знаходимось в зоні 1h брейкер блоку ордерів, звідси хочу побачити подальший рух!
заходимо в угоду на BingX
🔀",3.492,3.814,3.653,0.08814672871612375,0.036941580756013746,0.012847404299947544,0.047194546407970675,0.0852123754588359
1156,2025-09-19T12:22:57+00:00,RENDER,short,25,3.955,4.283,4.425,3.911,3.817,3.721,"заходжу в render short 25x
📈
📣
точка входу: 3.955 - 4.283
✅
тейк-профіт: 3.911,3.817,3.721
🤚
стоп-лосс: 4.425
✍️
на графіку бачимо ведмежий htf raid, також інвертацію фвг покупця, знизу sell side liquidity, зараз знаходимось в зоні ltf raid, звідси хочу побачити подальший рух!
заходимо в угоду на BingX
🔀",3.955,4.283,4.119,0.07963097839281387,0.03315433107634823,0.011125158027812904,0.034892541087231325,0.05916561314791403
1165,2025-09-22T11:51:43+00:00,RENDER,long,30,3.691,3.357,3.207,3.749,3.907,4.046,"заходжу в render long 30x
📈
📣
точка входу: 3.691 - 3.357
✅
тейк-профіт: 3.749,3.907,4.046
🤚
стоп-лосс: 3.207
✍️
на графіку бачимо бичий наратив також зміну характеру ціни, зверху buy side liquidity, зараз знаходимось в зоні 1h брейкер блоку ордерів, звідси хочу побачити подальший рух!
заходимо в угоду на BingX
🔀",3.357,3.691,3.524,0.09477866061293974,0.04468275245755149,0.015713898672446568,0.05852072609049044,0.09617989704687088
1170,2025-09-23T11:25:17+00:00,ADA,long,30,0.82461,0.74825,0.71988,0.83314,0.86232,0.89264,"заходжу в ada long 30x
📈
📣
точка входу: 0.82461 - 0.74825
✅
тейк-профіт: 0.83314,0.86232,0.89264
🤚
стоп-лосс: 0.71988
✍️
на графіку бачимо бичий наратив також зміну характеру ціни, зверху buy side liquidity, зараз знаходимось в зоні 1h брейкер блоку ордерів, звідси хочу побачити подальший рух!
заходимо в угоду на BingX
🔀",0.74825,0.82461,0.78643,0.09709700799816892,0.03791513531573673,0.01034428396454086,0.04573070906246592,0.08249960587429214
1174,2025-09-24T10:30:36+00:00,NEAR,long,30,3.025,2.7361,2.5945,3.0706,3.1389,3.3224,"заходжу в near long 30x
📈
📣
точка входу: 3.0250 - 2.7361
✅
тейк-профіт: 3.0706,3.1389,3.3224
🤚
стоп-лосс: 2.5945
✍️
на графіку бачимо бичий наратив також зміну характеру ціни, зверху buy side liquidity, зараз знаходимось в зоні 1h брейкер блоку ордерів, звідси хочу побачити подальший рух!
заходимо в угоду на BingX
🔀",2.7361,3.025,2.88055,0.10029334675669575,0.05175249442637329,0.015074380165289359,0.03765289256198351,0.09831404958677689
1182,2025-09-26T10:43:42+00:00,INJ,short,25,11.493,12.627,13.138,11.274,11.032,10.594,"заходжу в inj short 25x
📈
📣
точка входу: 11.493 - 12.627
✅
тейк-профіт: 11.274,11.032,10.594
🤚
стоп-лосс: 13.138
✍️
на графіку бачимо ведмежий htf raid, також інвертацію фвг покупця, знизу sell side liquidity, зараз знаходимось в зоні ltf raid, звідси хочу побачити подальший рух!
заходимо в угоду на BingX
🔀",11.493,12.627,12.06,0.09402985074626868,0.040468836619941335,0.019055077003393473,0.040111372139563235,0.07822152614635003
1191,2025-09-29T11:27:45+00:00,DOT,long,30,3.984,3.617,3.444,4.033,4.094,4.296,"заходжу в dot long 30x
📈
📣
точка входу: 3.984 - 3.617
✅
тейк-профіт: 4.033,4.094,4.296
🤚
стоп-лосс: 3.444
✍️
на графіку бачимо бичий наратив також зміну характеру ціни, зверху buy side liquidity, зараз знаходимось в зоні 1h брейкер блоку ордерів, звідси хочу побачити подальший рух!
заходимо в угоду на BingX
🔀",3.617,3.984,3.8005,0.09656624128404157,0.04782969311584187,0.012299196787148688,0.027610441767068353,0.07831325301204826
1196,2025-09-30T10:36:35+00:00,INJ,short,25,11.74,12.757,13.289,11.597,11.361,10.9,"заходжу в inj short 25x
📈
📣
точка входу: 11.740 - 12.757
✅
тейк-профіт: 11.597,11.361,10.900
🤚
стоп-лосс: 13.289
✍️
на графіку бачимо ведмежий htf raid, також інвертацію фвг покупця, знизу sell side liquidity, зараз знаходимось в зоні ltf raid, звідси хочу побачити подальший рух!
заходимо в угоду на BingX
🔀",11.74,12.757,12.2485,0.08303057517247006,0.0417025946539155,0.012180579216354402,0.032282793867120914,0.0715502555366269
1202,2025-10-01T12:11:14+00:00,NEAR,long,30,2.8102,2.5634,2.4537,2.8551,2.919,3.042,"заходжу в near long 30x
📈
📣
точка входу: 2.8102 - 2.5634
✅
тейк-профіт: 2.8551,2.9190,3.0420
🤚
стоп-лосс: 2.4537
✍️
на графіку бачимо бичий наратив також зміну характеру ціни, зверху buy side liquidity, зараз знаходимось в зоні 1h брейкер блоку ордерів, звідси хочу побачити подальший рух!
заходимо в угоду на BingX
🔀",2.5634,2.8102,2.6868,0.09185648354920349,0.04279472575485688,0.015977510497473545,0.038716105615258706,0.08248523236780292
1210,2025-10-03T10:29:50+00:00,NEAR,long,30,2.9279,2.6585,2.5501,2.9623,3.039,3.1643,"заходжу в near long 30x
📈
📣
точка входу: 2.9279 - 2.6585
✅
тейк-профіт: 2.9623,3.0390,3.1643
🤚
стоп-лосс: 2.5501
✍️
на графіку бачимо бичий наратив також зміну характеру ціни, зверху buy side liquidity, зараз знаходимось в зоні 1h брейкер блоку ордерів, звідси хочу побачити подальший рух!
заходимо в угоду на BingX
🔀",2.6585,2.9279,2.7932,0.09644851782901334,0.0407748730487117,0.011749035144642837,0.037945285016564766,0.08074046244748787
1221,2025-10-06T11:26:23+00:00,ADA,long,30,0.85091,0.77465,0.73986,0.86032,0.88475,0.91658,"заходжу в ada long 30x
📈
📣
точка входу: 0.85091 - 0.77465
✅
тейк-профіт: 0.86032,0.88475,0.91658
🤚
стоп-лосс: 0.73986
✍️
на графіку бачимо бичий наратив також зміну характеру ціни, зверху buy side liquidity, зараз знаходимось в зоні 1h брейкер блоку ордерів, звідси хочу побачити подальший рух!
заходимо в угоду на BingX
🔀",0.77465,0.85091,0.8127800000000001,0.09382612761140788,0.04491060478925965,0.01105874886885795,0.03976918828078173,0.07717619959807723
1228,2025-10-07T12:04:56+00:00,ORDI,long,30,8.626,7.849,7.447,8.786,8.915,9.185,"заходжу в ordi long 30x
📈
📣
точка входу: 8.626 - 7.849
✅
тейк-профіт: 8.786,8.915,9.185
🤚
стоп-лосс: 7.447
✍️
на графіку бачимо бичий наратив також зміну характеру ціни, зверху buy side liquidity, зараз знаходимось в зоні 1h брейкер блоку ордерів, звідси хочу побачити подальший рух!
заходимо в угоду на BingX
🔀",7.849,8.626,8.2375,0.0943247344461304,0.05121671550515991,0.018548574078367745,0.03350336192905167,0.06480408068629737
1235,2025-10-08T11:17:53+00:00,NEAR,short,25,2.9445,3.1969,3.3276,2.8902,2.8427,2.712,"заходжу в near short 25x
📈
📣
точка входу: 2.9445 - 3.1969
✅
тейк-профіт: 2.8902,2.8427,2.7120
🤚
стоп-лосс: 3.3276
✍️
на графіку бачимо ведмежий htf raid, також інвертацію фвг покупця, знизу sell side liquidity, зараз знаходимось в зоні ltf raid, звідси хочу побачити подальший рух!
заходимо в угоду на BingX
🔀",2.9445,3.1969,3.0707,0.08219624189924113,0.040883355750883685,0.01844116148751911,0.03457293258617773,0.07896077432501271
1243,2025-10-10T12:05:24+00:00,LDO,long,30,1.1921,1.0817,1.0339,1.2101,1.2383,1.2946,"заходжу в ldo long 30x
📈
📣
точка входу: 1.1921 - 1.0817
✅
тейк-профіт: 1.2101,1.2383,1.2946
🤚
стоп-лосс: 1.0339
✍️
на графіку бачимо бичий наратив також зміну характеру ціни, зверху buy side liquidity, зараз знаходимось в зоні 1h брейкер блоку ордерів, звідси хочу побачити подальший рух!
заходимо в угоду на BingX
🔀",1.0817,1.1921,1.1369,0.0971061658896999,0.044189701395950874,0.015099404412381525,0.03875513799177923,0.08598271957050586
1252,2025-10-13T11:09:25+00:00,BCH,long,30,545.63,497.13,475.66,552.13,566.66,582.72,"заходжу в bch long 30x
📈
📣
точка входу: 545.63 - 497.13
✅
тейк-профіт: 552.13,566.66,582.72
🤚
стоп-лосс: 475.66
✍️
на графіку бачимо бичий наратив також зміну характеру ціни, зверху buy side liquidity, зараз знаходимось в зоні 1h брейкер блоку ордерів, звідси хочу побачити подальший рух!
заходимо в угоду на BingX
🔀",497.13,545.63,521.38,0.09302236372703211,0.043187898537605796,0.011912834704836612,0.038542602129648246,0.0679764675695985
1256,2025-10-14T11:32:30+00:00,SUI,short,25,2.6812,2.9616,3.0637,2.6417,2.5704,2.4317,"заходжу в sui short 25x
📈
📣
точка входу: 2.6812 - 2.9616
✅
тейк-профіт: 2.6417,2.5704,2.4317
🤚
стоп-лосс: 3.0637
✍️
на графіку бачимо ведмежий htf raid, також інвертацію фвг покупця, знизу sell side liquidity, зараз знаходимось в зоні ltf raid, звідси хочу побачити подальший рух!
заходимо в угоду на BingX
🔀",2.6812,2.9616,2.8213999999999997,0.09938328489402416,0.03447460831982715,0.014732209458451391,0.04132477994927653,0.09305534835148435
1260,2025-10-15T11:02:52+00:00,NEAR,short,25,2.4405,2.6517,2.7819,2.4014,2.3382,2.202,"заходжу в near short 25x
📈
📣
точка входу: 2.4405 - 2.6517
✅
тейк-профіт: 2.4014,2.3382,2.2020
🤚
стоп-лосс: 2.7819
✍️
на графіку бачимо ведмежий htf raid, також інвертацію фвг покупця, знизу sell side liquidity, зараз знаходимось в зоні ltf raid, звідси хочу побачити подальший рух!
заходимо в угоду на BingX
🔀",2.4405,2.6517,2.5461,0.08295039472133844,0.04910057698834705,0.0160213071091989,0.04191763982790414,0.09772587584511376
1269,2025-10-17T11:11:14+00:00,ETC,short,25,14.907,16.359,17.002,14.622,14.308,13.628,"заходжу в etc short 25x
📈
📣
точка входу: 14.907 - 16.359
✅
тейк-профіт: 14.622,14.308,13.628
🤚
стоп-лосс: 17.002
✍️
на графіку бачимо ведмежий htf raid, також інвертацію фвг покупця, знизу sell side liquidity, зараз знаходимось в зоні ltf raid, звідси хочу побачити подальший рух!
заходимо в угоду на BingX
🔀",14.907,16.359,15.633000000000001,0.09288044521205154,0.03930558102573489,0.0191185349164822,0.040182464613939775,0.08579861809887972
1278,2025-10-20T11:34:29+00:00,INJ,long,30,8.866,8.016,7.606,8.96,9.243,9.697,"заходжу в inj long 30x
📈
📣
точка входу: 8.866 - 8.016
✅
тейк-профіт: 8.960,9.243,9.697
🤚
стоп-лосс: 7.606
✍️
на графіку бачимо бичий наратив також зміну характеру ціни, зверху buy side liquidity, зараз знаходимось в зоні 1h брейкер блоку ордерів, звідси хочу побачити подальший рух!
заходимо в угоду на BingX
🔀",8.016,8.866,8.440999999999999,0.10069896931643167,0.05114770459081838,0.010602300924881704,0.04252199413489744,0.09372885179336787
1284,2025-10-21T10:59:08+00:00,RENDER,short,25,2.458,2.684,2.798,2.418,2.359,2.269,"заходжу в render short 25x
📈
📣
точка входу: 2.458 - 2.684
✅
тейк-профіт: 2.418,2.359,2.269
🤚
стоп-лосс: 2.798
✍️
на графіку бачимо ведмежий htf raid, також інвертацію фвг покупця, знизу sell side liquidity, зараз знаходимось в зоні ltf raid, звідси хочу побачити подальший рух!
заходимо в угоду на BingX
🔀",2.458,2.684,2.571,0.08790353947880201,0.042473919523099805,0.016273393002441024,0.040276647681041576,0.07689178193653379
1291,2025-10-22T10:42:12+00:00,LINK,short,25,17.39,18.959,19.912,17.1,16.727,16.034,"заходжу в link short 25x
📈
📣
точка входу: 17.390 - 18.959
✅
тейк-профіт: 17.100,16.727,16.034
🤚
стоп-лосс: 19.912
✍️
на графіку бачимо ведмежий htf raid, також інвертацію фвг покупця, знизу sell side liquidity, зараз знаходимось в зоні ltf raid, звідси хочу побачити подальший рух!
заходимо в угоду на BingX
🔀",17.39,18.959,18.174500000000002,0.08632974772345862,0.05026636425971831,0.01667625071880386,0.03812535940195516,0.07797584818861424
1298,2025-10-24T12:04:07+00:00,RENDER,short,25,2.462,2.689,2.824,2.433,2.376,2.27,"заходжу в render short 25x
📈
📣
точка входу: 2.462 - 2.689
✅
тейк-профіт: 2.433,2.376,2.270
🤚
стоп-лосс: 2.824
✍️
на графіку бачимо ведмежий htf raid, також інвертацію фвг покупця, знизу sell side liquidity, зараз знаходимось в зоні ltf raid, звідси хочу побачити подальший рух!
заходимо в угоду на BingX
🔀",2.462,2.689,2.5755,0.08813822558726456,0.05020453700260312,0.01177904142973207,0.03493095044679134,0.0779853777416735
1307,2025-10-27T11:36:19+00:00,ADA,long,30,0.67661,0.62173,0.59993,0.68558,0.70963,0.73401,"заходжу в ada long 30x
📈
📣
точка входу: 0.67661 - 0.62173
✅
тейк-профіт: 0.68558,0.70963,0.73401
🤚
стоп-лосс: 0.59993
✍️
на графіку бачимо бичий наратив також зміну характеру ціни, зверху buy side liquidity, зараз знаходимось в зоні 1h брейкер блоку ордерів, звідси хочу побачити подальший рух!
заходимо в угоду на BingX
🔀",0.62173,0.67661,0.64917,0.08453871867153448,0.03506345198076342,0.013257267850016881,0.048802116433395805,0.08483469058985235
1312,2025-10-28T11:21:55+00:00,SUI,long,30,2.6318,2.4072,2.3246,2.6623,2.7125,2.8007,"заходжу в sui long 30x
📈
📣
точка входу: 2.6318 - 2.4072
✅
тейк-профіт: 2.6623,2.7125,2.8007
🤚
стоп-лосс: 2.3246
✍️
на графіку бачимо бичий наратив також зміну характеру ціни, зверху buy side liquidity, зараз знаходимось в зоні 1h брейкер блоку ордерів, звідси хочу побачити подальший рух!
заходимо в угоду на BingX
🔀",2.4072,2.6318,2.5195,0.08914467156181788,0.03431372549019599,0.011589026521772159,0.030663424272361035,0.06417660916483009
1317,2025-10-29T10:37:40+00:00,DOT,long,30,3.092,2.848,2.705,3.128,3.22,3.351,"заходжу в dot long 30x
📈
📣
точка входу: 3.092 - 2.848
✅
тейк-профіт: 3.128,3.220,3.351
🤚
стоп-лосс: 2.705
✍️
на графіку бачимо бичий наратив також зміну характеру ціни, зверху buy side liquidity, зараз знаходимось в зоні 1h брейкер блоку ордерів, звідси хочу побачити подальший рух!
заходимо в угоду на BingX
🔀",2.848,3.092,2.9699999999999998,0.08215488215488223,0.0502106741573033,0.011642949547218638,0.041397153945666273,0.08376455368693399
1325,2025-10-31T10:23:26+00:00,AAVE,long,30,218.88,201.41,188.55,221.68,230.31,246.12,"заходжу в aave long 30x
📈
📣
точка входу: 218.88 - 201.41
✅
тейк-профіт: 221.68,230.31,246.12
🤚
стоп-лосс: 188.55
✍️
на графіку бачимо бичий наратив також зміну характеру ціни, зверху buy side liquidity, зараз знаходимось в зоні 1h брейкер блоку ордерів, звідси хочу побачити подальший рух!
заходимо в угоду на BingX
🔀",201.41,218.88,210.14499999999998,0.08313307478169835,0.06384985849759191,0.012792397660818767,0.05222039473684214,0.12445175438596495
1335,2025-11-03T09:47:11+00:00,XRP,short,25,2.4043,2.6098,2.7246,2.3709,2.306,2.2349,"заходжу в xrp short 25x
📈
📣
точка входу: 2.4043 - 2.6098
✅
тейк-профіт: 2.3709,2.3060,2.2349
🤚
стоп-лосс: 2.7246
✍️
на графіку бачимо ведмежий htf raid, також інвертацію фвг покупця, знизу sell side liquidity, зараз знаходимось в зоні ltf raid, звідси хочу побачити подальший рух!
заходимо в угоду на BingX
🔀",2.4043,2.6098,2.50705,0.08196884784906555,0.043988045060924304,0.013891777232458644,0.04088508089672672,0.07045709769995424
1341,2025-11-04T11:59:06+00:00,ETC,long,30,14.983,13.713,13.069,15.239,15.836,16.419,"заходжу в etc long 30x
📈
📣
точка входу: 14.983 - 13.713
✅
тейк-профіт: 15.239,15.836,16.419
🤚
стоп-лосс: 13.069
✍️
на графіку бачимо бичий наратив також зміну характеру ціни, зверху buy side liquidity, зараз знаходимось в зоні 1h брейкер блоку ордерів, звідси хочу побачити подальший рух!
заходимо в угоду на BingX
🔀",13.713,14.983,14.347999999999999,0.08851407861722899,0.04696273608984164,0.017086030834946288,0.056931188680504556,0.09584195421477675
1347,2025-11-05T11:48:16+00:00,XRP,long,30,2.2373,2.0316,1.8573,2.2702,2.3659,2.4622,"заходжу в xrp long 30x
📈
📣
точка входу: 2.2373 - 2.0316
✅
тейк-профіт: 2.2702,2.3659,2.4622
🤚
стоп-лосс: 1.8573
✍️
на графіку бачимо бичий наратив також зміну характеру ціни, зверху buy side liquidity, зараз знаходимось в зоні 1h брейкер блоку ордерів, звідси хочу побачити подальший рух!
заходимо в угоду на BingX
🔀",2.0316,2.2373,2.13445,0.09637143057930603,0.08579444772593035,0.014705225048049057,0.05747999821213072,0.1005229517722256
1354,2025-11-07T12:33:46+00:00,INJ,short,25,6.495,7.158,7.475,6.415,6.27,6.029,"заходжу в inj short 25x
📈
📣
точка входу: 6.495 - 7.158
✅
тейк-профіт: 6.415,6.270,6.029
🤚
стоп-лосс: 7.475
✍️
на графіку бачимо ведмежий htf raid, також інвертацію фвг покупця, знизу sell side liquidity, зараз знаходимось в зоні ltf raid, звідси хочу побачити подальший рух!
заходимо в угоду на BingX
🔀",6.495,7.158,6.8265,0.09712151175565813,0.04428611343950814,0.012317167051578148,0.03464203233256359,0.07174749807544267
1362,2025-11-10T11:10:40+00:00,LDO,long,30,0.8546,0.7787,0.7341,0.8631,0.8937,0.9247,"заходжу в ldo long 30x
📈
📣
точка входу: 0.8546 - 0.7787
✅
тейк-профіт: 0.8631,0.8937,0.9247
🤚
стоп-лосс: 0.7341
✍️
на графіку бачимо бичий наратив також зміну характеру ціни, зверху buy side liquidity, зараз знаходимось в зоні 1h брейкер блоку ордерів, звідси хочу побачити подальший рух!
заходимо в угоду на BingX
🔀",0.7787,0.8546,0.81665,0.09294067225861762,0.05727494542185691,0.009946173648490465,0.045752398783056425,0.08202667914813941
1366,2025-11-11T11:49:50+00:00,ADA,short,25,0.57964,0.62935,0.65952,0.57393,0.55188,0.53476,"заходжу в ada short 25x
📈
📣
точка входу: 0.57964 - 0.62935
✅
тейк-профіт: 0.57393,0.55188,0.53476
🤚
стоп-лосс: 0.65952
✍️
на графіку бачимо ведмежий htf raid, також інвертацію фвг покупця, знизу sell side liquidity, зараз знаходимось в зоні ltf raid, звідси хочу побачити подальший рух!
заходимо в угоду на BingX
🔀",0.57964,0.62935,0.604495,0.08223393080174347,0.047938349090331345,0.009850941963977629,0.04789179490718378,0.07742736871161415
1372,2025-11-12T12:11:35+00:00,SUI,long,30,2.0713,1.9019,1.7977,2.0961,2.1446,2.2384,"заходжу в sui long 30x
📈
📣
точка входу: 2.0713 - 1.9019
✅
тейк-профіт: 2.0961,2.1446,2.2384
🤚
стоп-лосс: 1.7977
✍️
на графіку бачимо бичий наратив також зміну характеру ціни, зверху buy side liquidity, зараз знаходимось в зоні 1h брейкер блоку ордерів, звідси хочу побачити подальший рух!
заходимо в угоду на BingX
🔀",1.9019,2.0713,1.9866,0.08527131782945736,0.054787317945212605,0.011973156954569563,0.03538840341814327,0.08067397286728144
1379,2025-11-14T11:28:12+00:00,ATOM,short,25,2.804,3.042,3.216,2.77,2.698,2.542,"заходжу в atom short 25x
📈
📣
точка входу: 2.804 - 3.042
✅
тейк-профіт: 2.770,2.698,2.542
🤚
стоп-лосс: 3.216
✍️
на графіку бачимо ведмежий htf raid, також інвертацію фвг покупця, знизу sell side liquidity, зараз знаходимось в зоні ltf raid, звідси хочу побачити подальший рух!
заходимо в угоду на BingX
🔀",2.804,3.042,2.923,0.08142319534724597,0.05719921104536502,0.01212553495007126,0.03780313837375174,0.09343794579172611
1389,2025-11-17T10:46:00+00:00,APT,long,30,2.9131,2.6778,2.5134,2.9689,3.0596,3.234,"заходжу в apt long 30x
📈
📣
точка входу: 2.9131 - 2.6778
✅
тейк-профіт: 2.9689,3.0596,3.2340
🤚
стоп-лосс: 2.5134
✍️
на графіку бачимо бичий наратив також зміну характеру ціни, зверху buy side liquidity, зараз знаходимось в зоні 1h брейкер блоку ордерів, звідси хочу побачити подальший рух!
заходимо в угоду на BingX
🔀",2.6778,2.9131,2.7954499999999998,0.08417249458942212,0.06139368138023755,0.019154852219285323,0.050290068998661244,0.11015756410696508
1393,2025-11-18T11:54:45+00:00,ATOM,short,25,2.678,2.943,3.081,2.667,2.616,2.493,"заходжу в atom short 25x
📈
📣
точка входу: 2.678 - 2.943
✅
тейк-профіт: 2.667,2.616,2.493
🤚
стоп-лосс: 3.081
✍️
на графіку бачимо ведмежий htf raid, також інвертацію фвг покупця, знизу sell side liquidity, зараз знаходимось в зоні ltf raid, звідси хочу побачити подальший рух!
заходимо в угоду на BingX
🔀",2.678,2.943,2.8105,0.09428927237146419,0.04689092762487254,0.004107542942494444,0.02315160567587746,0.06908140403286037
1397,2025-11-19T12:06:54+00:00,OP,long,30,0.3826,0.3498,0.328,0.3871,0.3961,0.4135,"заходжу в op long 30x
📈
📣
точка входу: 0.3826 - 0.3498
✅
тейк-профіт: 0.3871,0.3961,0.4135
🤚
стоп-лосс: 0.3280
✍️
на графіку бачимо бичий наратив також зміну характеру ціни, зверху buy side liquidity, зараз знаходимось в зоні 1h брейкер блоку ордерів, звідси хочу побачити подальший рух!
заходимо в угоду на BingX
🔀",0.3498,0.3826,0.36619999999999997,0.08956854178044783,0.06232132647226983,0.011761630946157878,0.035284892838473636,0.08076319916361731
1403,2025-11-21T11:53:38+00:00,ATOM,short,25,2.538,2.795,2.9,2.498,2.459,2.331,"заходжу в atom short 25x
📈
📣
точка входу: 2.538 - 2.795
✅
тейк-профіт: 2.498,2.459,2.331
🤚
стоп-лосс: 2.900
✍️
на графіку бачимо ведмежий htf raid, також інвертацію фвг покупця, знизу sell side liquidity, зараз знаходимось в зоні ltf raid, звідси хочу побачити подальший рух!
заходимо в угоду на BingX
🔀",2.538,2.795,2.6665,0.09638102381398841,0.03756708407871198,0.015760441292356025,0.031126871552403367,0.08156028368794321
1413,2025-11-24T11:56:05+00:00,AAVE,long,30,170.3,154.89,146.15,173.24,177.6,186.63,"заходжу в aave long 30x
📈
📣
точка входу: 170.30 - 154.89
✅
тейк-профіт: 173.24,177.60,186.63
🤚
стоп-лосс: 146.15
✍️
на графіку бачимо бичий наратив також зміну характеру ціни, зверху buy side liquidity, зараз знаходимось в зоні 1h брейкер блоку ордерів, звідси хочу побачити подальший рух!
заходимо в угоду на BingX
🔀",154.89,170.3,162.595,0.09477536209600557,0.05642714184259785,0.01726365237815618,0.042865531415149635,0.09588960657662937
1418,2025-11-25T12:11:36+00:00,RENDER,short,25,1.771,1.948,2.021,1.748,1.71,1.636,"заходжу в render short 25x
📈
📣
точка входу: 1.771 - 1.948
✅
тейк-профіт: 1.748,1.710,1.636
🤚
стоп-лосс: 2.021
✍️
на графіку бачимо ведмежий htf raid, також інвертацію фвг покупця, знизу sell side liquidity, зараз знаходимось в зоні ltf raid, звідси хочу побачити подальший рух!
заходимо в угоду на BingX
🔀",1.771,1.948,1.8595,0.09518687819306268,0.037474332648870616,0.012987012987012936,0.034443817052512676,0.07622811970638059
1424,2025-11-26T11:22:17+00:00,ETC,short,25,13.868,15.111,15.55,13.706,13.429,12.834,"заходжу в etc short 25x
📈
📣
точка входу: 13.868 - 15.111
✅
тейк-профіт: 13.706,13.429,12.834
🤚
стоп-лосс: 15.550
✍️
на графіку бачимо ведмежий htf raid, також інвертацію фвг покупця, знизу sell side liquidity, зараз знаходимось в зоні ltf raid, звідси хочу побачити подальший рух!
заходимо в угоду на BingX
🔀",13.868,15.111,14.4895,0.08578625901514893,0.029051684203560323,0.011681569079896223,0.031655610037496396,0.07456013844822618
1430,2025-11-28T10:45:54+00:00,LINK,long,30,13.476,12.245,11.75,13.695,14.161,15.047,"заходжу в link long 30x
📈
📣
точка входу: 13.476 - 12.245
✅
тейк-профіт: 13.695,14.161,15.047
🤚
стоп-лосс: 11.750
✍️
на графіку бачимо бичий наратив також зміну характеру ціни, зверху buy side liquidity, зараз знаходимось в зоні 1h брейкер блоку ордерів, звідси хочу побачити подальший рух!
заходимо в угоду на BingX
🔀",12.245,13.476,12.8605,0.0957194510322306,0.04042466312780721,0.016251113089937624,0.0508311071534579,0.11657761947165328
1438,2025-12-01T11:05:54+00:00,SOL,short,25,126.886,138.636,143.841,124.846,121.916,117.331,"заходжу в sol short 25x
📈
📣
точка входу: 126.886 - 138.636
✅
тейк-профіт: 124.846,121.916,117.331
🤚
стоп-лосс: 143.841
✍️
на графіку бачимо ведмежий htf raid, також інвертацію фвг покупця, знизу sell side liquidity, зараз знаходимось в зоні ltf raid, звідси хочу побачити подальший рух!
заходимо в угоду на BingX
🔀",126.886,138.636,132.761,0.08850490731464813,0.03754436077209392,0.016077423829264,0.03916901785855019,0.07530381602383236
1445,2025-12-02T11:24:59+00:00,XRP,long,30,2.0317,1.8423,1.7576,2.0563,2.1488,2.2986,"заходжу в xrp long 30x
📈
📣
точка входу: 2.0317 - 1.8423
✅
тейк-профіт: 2.0563,2.1488,2.2986
🤚
стоп-лосс: 1.7576
✍️
на графіку бачимо бичий наратив також зміну характеру ціни, зверху buy side liquidity, зараз знаходимось в зоні 1h брейкер блоку ордерів, звідси хочу побачити подальший рух!
заходимо в угоду на BingX
🔀",1.8423,2.0317,1.9369999999999998,0.09778007227671648,0.0459751397709385,0.012108086823842082,0.05763646207609402,0.13136782005217312
1454,2025-12-04T12:57:21+00:00,ONDO,short,25,0.502,0.5422,0.5667,0.4956,0.4798,0.4644,"заходжу в ondo short 25x
📈
📣
точка входу: 0.5020 - 0.5422
✅
тейк-профіт: 0.4956,0.4798,0.4644
🤚
стоп-лосс: 0.5667
✍️
на графіку бачимо ведмежий htf raid, також інвертацію фвг покупця, знизу sell side liquidity, зараз знаходимось в зоні ltf raid, звідси хочу побачити подальший рух!
заходимо в угоду на BingX
🔀",0.502,0.5422,0.5221,0.07699674391878952,0.04518627812615265,0.012749003984063778,0.04422310756972111,0.07490039840637455
1461,2025-12-05T11:24:22+00:00,DOT,short,25,2.241,2.434,2.559,2.208,2.167,2.065,"заходжу в dot short 25x
📈
📣
точка входу: 2.241 - 2.434
✅
тейк-профіт: 2.208,2.167,2.065
🤚
стоп-лосс: 2.559
✍️
на графіку бачимо ведмежий htf raid, також інвертацію фвг покупця, знизу sell side liquidity, зараз знаходимось в зоні ltf raid, звідси хочу побачити подальший рух!
заходимо в угоду на BingX
🔀",2.241,2.434,2.3375000000000004,0.08256684491978611,0.05135579293344289,0.014725568942436375,0.03302097278000905,0.07853636769299427
1472,2025-12-08T12:36:31+00:00,DOT,short,25,2.12,2.312,2.403,2.089,2.032,1.96,"заходжу в dot short 25x
📈
📣
точка входу: 2.120 - 2.312
✅
тейк-профіт: 2.089,2.032,1.960
🤚
стоп-лосс: 2.403
✍️
на графіку бачимо ведмежий htf raid, також інвертацію фвг покупця, знизу sell side liquidity, зараз знаходимось в зоні ltf raid, звідси хочу побачити подальший рух!
заходимо в угоду на BingX
🔀",2.12,2.312,2.216,0.08664259927797821,0.039359861591695584,0.014622641509434027,0.04150943396226418,0.07547169811320761
1476,2025-12-09T11:39:04+00:00,RENDER,long,30,1.644,1.515,1.428,1.667,1.731,1.803,"заходжу в render long 30x
📈
📣
точка входу: 1.644 - 1.515
✅
тейк-профіт: 1.667,1.731,1.803
🤚
стоп-лосс: 1.428
✍️
на графіку бачимо бичий наратив також зміну характеру ціни, зверху buy side liquidity, зараз знаходимось в зоні 1h брейкер блоку ордерів, звідси хочу побачити подальший рух!
заходимо в угоду на BingX
🔀",1.515,1.644,1.5795,0.08167141500474835,0.05742574257425741,0.013990267639902756,0.052919708029197196,0.0967153284671533
1485,2025-12-11T11:42:56+00:00,BCH,short,25,557.97,604.92,630.39,551.07,542.76,524.1,"заходжу в bch short 25x
📈
📣
точка входу: 557.97 - 604.92
✅
тейк-профіт: 551.07,542.76,524.10
🤚
стоп-лосс: 630.39
✍️
на графіку бачимо ведмежий htf raid, також інвертацію фвг покупця, знизу sell side liquidity, зараз знаходимось в зоні ltf raid, звідси хочу побачити подальший рух!
заходимо в угоду на BingX
🔀",557.97,604.92,581.4449999999999,0.08074710419730144,0.042104741122793145,0.012366256250335998,0.02725953008226255,0.060702188289692996
1489,2025-12-12T12:33:22+00:00,LINK,long,30,14.116,13.061,12.292,14.329,14.831,15.381,"заходжу в link long 30x
📈
📣
точка входу: 14.116 - 13.061
✅
тейк-профіт: 14.329,14.831,15.381
🤚
стоп-лосс: 12.292
✍️
на графіку бачимо бичий наратив також зміну характеру ціни, зверху buy side liquidity, зараз знаходимось в зоні 1h брейкер блоку ордерів, звідси хочу побачити подальший рух!
заходимо в угоду на BingX
🔀",13.061,14.116,13.5885,0.07763918018913049,0.05887757445831101,0.015089260413715002,0.05065174270331538,0.08961462170586573
1499,2025-12-15T11:42:41+00:00,SUI,short,25,1.5642,1.6852,1.7534,1.5465,1.5207,1.4409,"заходжу в sui short 25x
📈
📣
точка входу: 1.5642 - 1.6852
✅
тейк-профіт: 1.5465,1.5207,1.4409
🤚
стоп-лосс: 1.7534
✍️
на графіку бачимо ведмежий htf raid, також інвертацію фвг покупця, знизу sell side liquidity, зараз знаходимось в зоні ltf raid, звідси хочу побачити подальший рух!
заходимо в угоду на BingX
🔀",1.5642,1.6852,1.6247,0.07447528774542993,0.04046997389033945,0.011315688530878436,0.02780974299961648,0.07882623705408513
1506,2025-12-16T11:24:23+00:00,LINK,long,30,12.899,11.816,11.036,13.253,14.062,14.993,"заходжу в link long 30x
📈
📣
точка входу: 12.899 - 11.816
✅
тейк-профіт: 13.253,14.062,14.993
🤚
стоп-лосс: 11.036
✍️
на графіку бачимо бичий наратив також зміну характеру ціни, зверху buy side liquidity, зараз знаходимось в зоні 1h брейкер блоку ордерів, звідси хочу побачити подальший рух!
заходимо в угоду на BingX
🔀",11.816,12.899,12.3575,0.08763908557556127,0.06601218686526752,0.027443987906039306,0.09016202806419105,0.162338165749283
1511,2025-12-17T12:45:58+00:00,SUI,short,25,1.4705,1.6097,1.6639,1.4516,1.4001,1.3321,"заходжу в sui short 25x
📈
📣
точка входу: 1.4705 - 1.6097
✅
тейк-профіт: 1.4516,1.4001,1.3321
🤚
стоп-лосс: 1.6639
✍️
на графіку бачимо ведмежий htf raid, також інвертацію фвг покупця, знизу sell side liquidity, зараз знаходимось в зоні ltf raid, звідси хочу побачити подальший рух!
заходимо в угоду на BingX
🔀",1.4705,1.6097,1.5400999999999998,0.090383741315499,0.03367087034851216,0.01285277116626992,0.047874872492349556,0.09411764705882343
1517,2025-12-19T12:17:28+00:00,AAVE,long,30,182.17,165.66,157.47,186.1,195.68,204.98,"заходжу в aave long 30x
📈
📣
точка входу: 182.17 - 165.66
✅
тейк-профіт: 186.10,195.68,204.98
🤚
стоп-лосс: 157.47
✍️
на графіку бачимо бичий наратив також зміну характеру ціни, зверху buy side liquidity, зараз знаходимось в зоні 1h брейкер блоку ордерів, звідси хочу побачити подальший рух!
заходимо в угоду на BingX
🔀",165.66,182.17,173.915,0.0949314320213897,0.04943860919956536,0.02157325575012355,0.0741614975023331,0.12521271339957185
1527,2025-12-22T12:15:19+00:00,LINK,long,30,12.725,11.643,10.999,12.884,13.136,13.489,"заходжу в link long 30x
📈
📣
точка входу: 12.725 - 11.643
✅
тейк-профіт: 12.884,13.136,13.489
🤚
стоп-лосс: 10.999
✍️
на графіку бачимо бичий наратив також зміну характеру ціни, зверху buy side liquidity, зараз знаходимось в зоні 1h брейкер блоку ордерів, звідси хочу побачити подальший рух!
заходимо в угоду на BingX
🔀",11.643,12.725,12.184000000000001,0.08880499015101763,0.055312204758223835,0.012495088408644456,0.0322986247544204,0.060039292730844886
1533,2025-12-23T12:03:52+00:00,INJ,short,25,4.566,5.014,5.19,4.5,4.412,4.323,"заходжу в inj short 25x
📈
📣
точка входу: 4.566 - 5.014
✅
тейк-профіт: 4.500,4.412,4.323
🤚
стоп-лосс: 5.190
✍️
на графіку бачимо ведмежий htf raid, також інвертацію фвг покупця, знизу sell side liquidity, зараз знаходимось в зоні ltf raid, звідси хочу побачити подальший рух!
заходимо в угоду на BingX
🔀",4.566,5.014,4.79,0.09352818371607524,0.035101715197447175,0.014454664914586036,0.03372755146736748,0.05321944809461223
1538,2025-12-24T12:54:56+00:00,SUI,long,30,1.4162,1.2857,1.2381,1.435,1.4875,1.543,"заходжу в sui long 30x
📈
📣
точка входу: 1.4162 - 1.2857
✅
тейк-профіт: 1.4350,1.4875,1.5430
🤚
стоп-лосс: 1.2381
✍️
на графіку бачимо бичий наратив також зміну характеру ціни, зверху buy side liquidity, зараз знаходимось в зоні 1h брейкер блоку ордерів, звідси хочу побачити подальший рух!
заходимо в угоду на BingX
🔀",1.2857,1.4162,1.35095,0.0965986898108737,0.03702263358481767,0.013274961163677554,0.05034599632820234,0.08953537635927131
1545,2025-12-26T12:17:31+00:00,LDO,long,30,0.5634,0.5078,0.492,0.5749,0.5997,0.6199,"заходжу в ldo long 30x
📈
📣
точка входу: 0.5634 - 0.5078
✅
тейк-профіт: 0.5749,0.5997,0.6199
🤚
стоп-лосс: 0.4920
✍️
на графіку бачимо бичий наратив також зміну характеру ціни, зверху buy side liquidity, зараз знаходимось в зоні 1h брейкер блоку ордерів, звідси хочу побачити подальший рух!
заходимо в угоду на BingX
🔀",0.5078,0.5634,0.5356000000000001,0.10380881254667658,0.03111461205198904,0.020411785587504356,0.06443024494142705,0.10028399006034788
1555,2025-12-29T12:13:46+00:00,ORDI,short,25,4.093,4.471,4.623,4.046,3.957,3.83,"заходжу в ordi short 25x
📈
📣
точка входу: 4.093 - 4.471
✅
тейк-профіт: 4.046,3.957,3.830
🤚
стоп-лосс: 4.623
✍️
на графіку бачимо ведмежий htf raid, також інвертацію фвг покупця, знизу sell side liquidity, зараз знаходимось в зоні ltf raid, звідси хочу побачити подальший рух!
заходимо в угоду на BingX
🔀",4.093,4.471,4.282,0.08827650630546476,0.033996868709461,0.011483019789885099,0.03322746151966775,0.06425604690935742
1560,2025-12-30T12:59:17+00:00,APT,long,30,1.7271,1.5483,1.4946,1.776,1.8182,1.8988,"заходжу в apt long 30x
📈
📣
точка входу: 1.7271 - 1.5483
✅
тейк-профіт: 1.7760,1.8182,1.8988
🤚
стоп-лосс: 1.4946
✍️
на графіку бачимо бичий наратив також зміну характеру ціни, зверху buy side liquidity, зараз знаходимось в зоні 1h брейкер блоку ордерів, звідси хочу побачити подальший рух!
заходимо в угоду на BingX
🔀",1.5483,1.7271,1.6377000000000002,0.10917750503755269,0.034683200930052366,0.028313357651554596,0.05274738000115799,0.09941520467836255
1567,2026-01-01T11:46:36+00:00,OP,long,30,0.2743,0.2513,0.239,0.2781,0.2856,0.2941,"заходжу в op long 30x
📈
📣
точка входу: 0.2743 - 0.2513
✅
тейк-профіт: 0.2781,0.2856,0.2941
🤚
стоп-лосс: 0.2390
✍️
на графіку бачимо бичий наратив також зміну характеру ціни, зверху buy side liquidity, зараз знаходимось в зоні 1h брейкер блоку ордерів, звідси хочу побачити подальший рух!
заходимо в угоду на BingX
🔀",0.2513,0.2743,0.26280000000000003,0.08751902587519012,0.04894548348587358,0.01385344513306608,0.041195771053591075,0.07218374043018587
1574,2026-01-02T12:34:34+00:00,ENS,long,30,9.886,9.001,8.609,9.977,10.155,10.518,"заходжу в ens long 30x
📈
📣
точка входу: 9.886 - 9.001
✅
тейк-профіт: 9.977,10.155,10.518
🤚
стоп-лосс: 8.609
✍️
на графіку бачимо бичий наратив також зміну характеру ціни, зверху buy side liquidity, зараз знаходимось в зоні 1h брейкер блоку ордерів, звідси хочу побачити подальший рух!
заходимо в угоду на BingX
🔀",9.001,9.886,9.4435,0.09371525387832899,0.043550716587045825,0.009204936273518217,0.02721019623710299,0.06392878818531271
1584,2026-01-05T13:56:27+00:00,LDO,long,30,0.6354,0.5847,0.5596,0.6458,0.6584,0.6822,"заходжу в ldo long 30x
📈
📣
точка входу: 0.6354 - 0.5847
✅
тейк-профіт: 0.6458,0.6584,0.6822
🤚
стоп-лосс: 0.5596
✍️
на графіку бачимо бичий наратив також зміну характеру ціни, зверху buy side liquidity, зараз знаходимось в зоні 1h брейкер блоку ордерів, звідси хочу побачити подальший рух!
заходимо в угоду на BingX
🔀",0.5847,0.6354,0.61005,0.08310794197196945,0.04292799726355398,0.016367642429965495,0.036197670758577306,0.0736543909348443
1592,2026-01-06T12:35:12+00:00,ORDI,long,30,4.852,4.45,4.261,4.943,5.093,5.354,"заходжу в ordi long 30x
📈
📣
точка входу: 4.852 - 4.450
✅
тейк-профіт: 4.943,5.093,5.354
🤚
стоп-лосс: 4.261
✍️
на графіку бачимо бичий наратив також зміну характеру ціни, зверху buy side liquidity, зараз знаходимось в зоні 1h брейкер блоку ордерів, звідси хочу побачити подальший рух!
заходимо в угоду на BingX
🔀",4.45,4.852,4.651,0.08643302515588049,0.04247191011235956,0.018755152514426894,0.04967023907666934,0.1034624896949711
1598,2026-01-07T13:51:36+00:00,APT,short,25,1.9086,2.0546,2.141,1.8824,1.8295,1.7374,"заходжу в apt short 25x
📈
📣
точка входу: 1.9086 - 2.0546
✅
тейк-профіт: 1.8824,1.8295,1.7374
🤚
стоп-лосс: 2.1410
✍️
на графіку бачимо ведмежий htf raid, також інвертацію фвг покупця, знизу sell side liquidity, зараз знаходимось в зоні ltf raid, звідси хочу побачити подальший рух!
заходимо в угоду на BingX
🔀",1.9086,2.0546,1.9816000000000003,0.07367783609204688,0.04205198092086041,0.013727339411086661,0.04144399035942584,0.08969925599916169
1607,2026-01-09T12:56:11+00:00,GRT,long,30,0.04212,0.03845,0.03706,0.04306,0.04403,0.04715,"заходжу в grt long 30x
📈
📣
точка входу: 0.04212 - 0.03845
✅
тейк-профіт: 0.04306,0.04403,0.04715
🤚
стоп-лосс: 0.03706
✍️
на графіку бачимо бичий наратив також зміну характеру ціни, зверху buy side liquidity, зараз знаходимось в зоні 1h брейкер блоку ордерів, звідси хочу побачити подальший рух!
заходимо в угоду на BingX
🔀",0.03845,0.04212,0.040285,0.0911009060444334,0.03615084525357595,0.02231718898385573,0.045346628679962066,0.11942070275403609
1618,2026-01-12T13:01:23+00:00,LDO,short,25,0.6186,0.6755,0.705,0.6107,0.5994,0.5732,"заходжу в ldo short 25x
📈
📣
точка входу: 0.6186 - 0.6755
✅
тейк-профіт: 0.6107,0.5994,0.5732
🤚
стоп-лосс: 0.7050
✍️
на графіку бачимо ведмежий htf raid, також інвертацію фвг покупця, знизу sell side liquidity, зараз знаходимось в зоні ltf raid, звідси хочу побачити подальший рух!
заходимо в угоду на BingX
🔀",0.6186,0.6755,0.64705,0.087937562784947,0.043671354552183524,0.012770772712576815,0.031037827352085344,0.07339152925961848
1624,2026-01-13T11:55:36+00:00,PENDLE,long,30,2.1786,2.0013,1.9064,2.2072,2.2533,2.374,"заходжу в pendle long 30x
📈
📣
точка входу: 2.1786 - 2.0013
✅
тейк-профіт: 2.2072,2.2533,2.3740
🤚
стоп-лосс: 1.9064
✍️
на графіку бачимо бичий наратив також зміну характеру ціни, зверху buy side liquidity, зараз знаходимось в зоні 1h брейкер блоку ордерів, звідси хочу побачити подальший рух!
заходимо в угоду на BingX
🔀",2.0013,2.1786,2.08995,0.08483456542022527,0.0474191775346025,0.013127696685945085,0.034288074910492974,0.0896906270081705
1633,2026-01-15T13:10:49+00:00,VET,long,30,0.012135,0.010976,0.010629,0.012251,0.012692,0.013139,"заходжу в vet long 30x
📈
📣
точка входу: 0.012135 - 0.010976
✅
тейк-профіт: 0.012251,0.012692,0.013139
🤚
стоп-лосс: 0.010629
✍️
на графіку бачимо бичий наратив також зміну характеру ціни, зверху buy side liquidity, зараз знаходимось в зоні 1h брейкер блоку ордерів, звідси хочу побачити подальший рух!
заходимо в угоду на BingX
🔀",0.010976,0.012135,0.0115555,0.10029855912768815,0.03161443148688048,0.009559126493613497,0.04590028842192008,0.08273588792748246
1638,2026-01-16T12:33:37+00:00,APT,short,25,1.7822,1.922,2.0037,1.7632,1.7052,1.6336,"заходжу в apt short 25x
📈
📣
точка входу: 1.7822 - 1.9220
✅
тейк-профіт: 1.7632,1.7052,1.6336
🤚
стоп-лосс: 2.0037
✍️
на графіку бачимо ведмежий htf raid, також інвертацію фвг покупця, знизу sell side liquidity, зараз знаходимось в зоні ltf raid, звідси хочу побачити подальший рух!
заходимо в угоду на BingX
🔀",1.7822,1.922,1.8521,0.0754818854273527,0.04250780437044739,0.01066098081023449,0.04320502749410838,0.08338009202109756
1649,2026-01-19T13:14:08+00:00,ORDI,short,25,4.463,4.896,5.082,4.413,4.34,4.092,"заходжу в ordi short 25x
📈
📣
точка входу: 4.463 - 4.896
✅
тейк-профіт: 4.413,4.340,4.092
🤚
стоп-лосс: 5.082
✍️
на графіку бачимо ведмежий htf raid, також інвертацію фвг покупця, знизу sell side liquidity, зараз знаходимось в зоні ltf raid, звідси хочу побачити подальший рух!
заходимо в угоду на BingX
🔀",4.463,4.896,4.6795,0.09253125333903191,0.03799019607843136,0.01120322652924038,0.027559937261931487,0.08312794084696402
1655,2026-01-20T11:34:14+00:00,PENDLE,short,25,1.895,2.0841,2.1414,1.8568,1.8067,1.75,"заходжу в pendle short 25x
📈
📣
точка входу: 1.8950 - 2.0841
✅
тейк-профіт: 1.8568,1.8067,1.7500
🤚
стоп-лосс: 2.1414
✍️
на графіку бачимо ведмежий htf raid, також інвертацію фвг покупця, знизу sell side liquidity, зараз знаходимось в зоні ltf raid, звідси хочу побачити подальший рух!
заходимо в угоду на BingX
🔀",1.895,2.0841,1.98955,0.09504661858209135,0.027493882251331574,0.020158311345646444,0.04659630606860161,0.07651715039577837
1659,2026-01-21T12:16:00+00:00,DOT,short,25,1.9,2.083,2.162,1.871,1.831,1.757,"заходжу в dot short 25x
📈
📣
точка входу: 1.900 - 2.083
✅
тейк-профіт: 1.871,1.831,1.757
🤚
стоп-лосс: 2.162
✍️
на графіку бачимо ведмежий htf raid, також інвертацію фвг покупця, знизу sell side liquidity, зараз знаходимось в зоні ltf raid, звідси хочу побачити подальший рух!
заходимо в угоду на BingX
🔀",1.9,2.083,1.9915,0.09189053477278447,0.03792606817090721,0.015263157894736798,0.03631578947368418,0.07526315789473685
1667,2026-01-23T12:34:14+00:00,ADA,short,25,0.35842,0.39026,0.40285,0.35593,0.34812,0.33571,"заходжу в ada short 25x
📈
📣
точка входу: 0.35842 - 0.39026
✅
тейк-профіт: 0.35593,0.34812,0.33571
🤚
стоп-лосс: 0.40285
✍️
на графіку бачимо ведмежий htf raid, також інвертацію фвг покупця, знизу sell side liquidity, зараз знаходимось в зоні ltf raid, звідси хочу побачити подальший рух!
заходимо в угоду на BingX
🔀",0.35842,0.39026,0.37434,0.08505636587059887,0.03226054425254956,0.006947156966687105,0.028737235645332378,0.06336141956364044
1676,2026-01-26T12:03:17+00:00,OP,long,30,0.296,0.2695,0.2611,0.3005,0.3112,0.3229,"заходжу в op long 30x
📈
📣
точка входу: 0.2960 - 0.2695
✅
тейк-профіт: 0.3005,0.3112,0.3229
🤚
стоп-лосс: 0.2611
✍️
на графіку бачимо бичий наратив також зміну характеру ціни, зверху buy side liquidity, зараз знаходимось в зоні 1h брейкер блоку ордерів, звідси хочу побачити подальший рух!
заходимо в угоду на BingX
🔀",0.2695,0.296,0.28275,0.09372236958443844,0.031168831168831235,0.015202702702702717,0.051351351351351326,0.0908783783783785
1682,2026-01-27T12:12:05+00:00,JUP,long,30,0.1935,0.1775,0.171,0.1954,0.2002,0.2127,"заходжу в jup long 30x
📈
📣
точка входу: 0.1935 - 0.1775
✅
тейк-профіт: 0.1954,0.2002,0.2127
🤚
стоп-лосс: 0.1710
✍️
на графіку бачимо бичий наратив також зміну характеру ціни, зверху buy side liquidity, зараз знаходимось в зоні 1h брейкер блоку ордерів, звідси хочу побачити подальший рух!
заходимо в угоду на BingX
🔀",0.1775,0.1935,0.1855,0.08625336927223727,0.03661971830985903,0.009819121447028347,0.034625322997415935,0.09922480620155036
1689,2026-01-28T11:43:58+00:00,AAVE,long,30,160.94,147.39,142.92,162.81,166.54,172.05,"заходжу в aave long 30x
📈
📣
точка входу: 160.94 - 147.39
✅
тейк-профіт: 162.81,166.54,172.05
🤚
стоп-лосс: 142.92
✍️
на графіку бачимо бичий наратив також зміну характеру ціни, зверху buy side liquidity, зараз знаходимось в зоні 1h брейкер блоку ордерів, звідси хочу побачити подальший рух!
заходимо в угоду на BingX
🔀",147.39,160.94,154.165,0.08789284208477938,0.030327702015062075,0.011619236982726511,0.034795575991052534,0.0690319373679633
1696,2026-01-30T11:50:53+00:00,JUP,long,30,0.2031,0.1837,0.1792,0.2043,0.2088,0.2168,"заходжу в jup long 30x
📈
📣
точка входу: 0.2031 - 0.1837
✅
тейк-профіт: 0.2043,0.2088,0.2168
🤚
стоп-лосс: 0.1792
✍️
на графіку бачимо бичий наратив також зміну характеру ціни, зверху buy side liquidity, зараз знаходимось в зоні 1h брейкер блоку ордерів, звідси хочу побачити подальший рух!
заходимо в угоду на BingX
🔀",0.1837,0.2031,0.19340000000000002,0.10031023784901758,0.024496461622210145,0.005908419497784375,0.02806499261447568,0.06745445593303787
1704,2026-02-02T12:16:18+00:00,JUP,long,30,0.1918,0.173,0.1659,0.1954,0.2024,0.2143,"заходжу в jup long 30x
📈
📣
точка входу: 0.1918 - 0.1730
✅
тейк-профіт: 0.1954,0.2024,0.2143
🤚
стоп-лосс: 0.1659
✍️
на графіку бачимо бичий наратив також зміну характеру ціни, зверху buy side liquidity, зараз знаходимось в зоні 1h брейкер блоку ордерів, звідси хочу побачити подальший рух!
заходимо в угоду на BingX
🔀",0.173,0.1918,0.1824,0.10307017543859655,0.04104046242774564,0.018769551616266904,0.05526590198123044,0.11730969760166836
1709,2026-02-03T13:20:44+00:00,RENDER,short,25,1.565,1.712,1.763,1.54,1.477,1.367,"заходжу в render short 25x
📈
📣
точка входу: 1.565 - 1.712
✅
тейк-профіт: 1.540,1.477,1.367
🤚
стоп-лосс: 1.763
✍️
на графіку бачимо ведмежий htf raid, також інвертацію фвг покупця, знизу sell side liquidity, зараз знаходимось в зоні ltf raid, звідси хочу побачити подальший рух!
заходимо в угоду на BingX
🔀",1.565,1.712,1.6385,0.08971620384498018,0.029789719626168186,0.015974440894568634,0.0562300319488817,0.126517571884984
1715,2026-02-04T12:37:38+00:00,NEO,short,20,3.175,3.454,3.561,3.136,3.073,2.93,"заходжу в neo short 20x
📈
📣
точка входу: 3.175 - 3.454
✅
тейк-профіт: 3.136,3.073,2.930
🤚
стоп-лосс: 3.561
✍️
на графіку бачимо ведмежий htf raid, також інвертацію фвг покупця, знизу sell side liquidity, зараз знаходимось в зоні ltf raid, звідси хочу побачити подальший рух!
заходимо в угоду на BingX
🔀",3.175,3.454,3.3145,0.08417559209533877,0.030978575564562755,0.012283464566929041,0.03212598425196846,0.07716535433070856
1724,2026-02-06T12:29:55+00:00,RENDER,long,30,1.334,1.196,1.135,1.356,1.434,1.519,"заходжу в render long 30x
📈
📣
точка входу: 1.334 - 1.196
✅
тейк-профіт: 1.356,1.434,1.519
🤚
стоп-лосс: 1.135
✍️
на графіку бачимо бичий наратив також зміну характеру ціни, зверху buy side liquidity, зараз знаходимось в зоні 1h брейкер блоку ордерів, звідси хочу побачити подальший рух!
заходимо в угоду на BingX
🔀",1.196,1.334,1.2650000000000001,0.10909090909090918,0.0510033444816053,0.016491754122938546,0.07496251874062958,0.1386806596701648
1736,2026-02-09T13:13:11+00:00,RENDER,long,30,1.319,1.202,1.147,1.337,1.401,1.494,"заходжу в render long 30x
📈
📣
точка входу: 1.319 - 1.202
✅
тейк-профіт: 1.337,1.401,1.494
🤚
стоп-лосс: 1.147
✍️
на графіку бачимо бичий наратив також зміну характеру ціни, зверху buy side liquidity, зараз знаходимось в зоні 1h брейкер блоку ордерів, звідси хочу побачити подальший рух!
заходимо в угоду на BingX
🔀",1.202,1.319,1.2605,0.09282030940103134,0.04575707154742092,0.01364670204700532,0.06216830932524646,0.13267626990144052
1743,2026-02-10T11:41:45+00:00,EGLD,short,25,4.448,4.894,5.0,4.392,4.295,4.119,"заходжу в egld short 25x
📈
📣
точка входу: 4.448 - 4.894
✅
тейк-профіт: 4.392,4.295,4.119
🤚
стоп-лосс: 5.000
✍️
на графіку бачимо ведмежий htf raid, також інвертацію фвг покупця, знизу sell side liquidity, зараз знаходимось в зоні ltf raid, звідси хочу побачити подальший рух!
заходимо в угоду на BingX
🔀",4.448,4.894,4.671,0.09548276600299715,0.02165917449938698,0.012589928057553967,0.034397482014388595,0.07396582733812963
1747,2026-02-11T13:08:54+00:00,ONDO,short,25,0.239,0.2615,0.2711,0.2355,0.2307,0.2208,"заходжу в ondo short 25x
📈
📣
точка входу: 0.2390 - 0.2615
✅
тейк-профіт: 0.2355,0.2307,0.2208
🤚
стоп-лосс: 0.2711
✍️
на графіку бачимо ведмежий htf raid, також інвертацію фвг покупця, знизу sell side liquidity, зараз знаходимось в зоні ltf raid, звідси хочу побачити подальший рух!
заходимо в угоду на BingX
🔀",0.239,0.2615,0.25025,0.08991008991009,0.036711281070745685,0.01464435146443516,0.03472803347280336,0.07615062761506274
1753,2026-02-13T13:18:37+00:00,ATOM,long,30,2.024,1.869,1.771,2.061,2.108,2.191,"заходжу в atom long 30x
📈
📣
точка входу: 2.024 - 1.869
✅
тейк-профіт: 2.061,2.108,2.191
🤚
стоп-лосс: 1.771
✍️
на графіку бачимо бичий наратив також зміну характеру ціни, зверху buy side liquidity, зараз знаходимось в зоні 1h брейкер блоку ордерів, звідси хочу побачити подальший рух!
заходимо в угоду на BingX
🔀",1.869,2.024,1.9465,0.07963010531723608,0.052434456928838996,0.018280632411067154,0.04150197628458502,0.08250988142292481
1764,2026-02-16T13:02:28+00:00,RENDER,long,30,1.478,1.332,1.265,1.489,1.543,1.655,"заходжу в render long 30x
📈
📣
точка входу: 1.478 - 1.332
✅
тейк-профіт: 1.489,1.543,1.655
🤚
стоп-лосс: 1.265
✍️
на графіку бачимо бичий наратив також зміну характеру ціни, зверху buy side liquidity, зараз знаходимось в зоні 1h брейкер блоку ордерів, звідси хочу побачити подальший рух!
заходимо в угоду на BingX
🔀",1.332,1.478,1.405,0.10391459074733089,0.05030030030030042,0.007442489851150285,0.04397834912043298,0.11975642760487148
1768,2026-02-17T13:53:12+00:00,SUI,long,30,0.9816,0.8981,0.865,0.9976,1.013,1.0508,"заходжу в sui long 30x
📈
📣
точка входу: 0.9816 - 0.8981
✅
тейк-профіт: 0.9976,1.0130,1.0508
🤚
стоп-лосс: 0.8650
✍️
на графіку бачимо бичий наратив також зміну характеру ціни, зверху buy side liquidity, зараз знаходимось в зоні 1h брейкер блоку ордерів, звідси хочу побачити подальший рух!
заходимо в угоду на BingX
🔀",0.8981,0.9816,0.9398500000000001,0.08884396446241423,0.03685558401068925,0.01629991850040751,0.031988590057049585,0.07049714751426235
1775,2026-02-18T12:59:54+00:00,JUP,short,25,0.162,0.1764,0.1814,0.1604,0.1576,0.1481,"заходжу в jup short 25x
📈
📣
точка входу: 0.1620 - 0.1764
✅
тейк-профіт: 0.1604,0.1576,0.1481
🤚
стоп-лосс: 0.1814
✍️
на графіку бачимо ведмежий htf raid, також інвертацію фвг покупця, знизу sell side liquidity, зараз знаходимось в зоні ltf raid, звідси хочу побачити подальший рух!
заходимо в угоду на BingX
🔀",0.162,0.1764,0.16920000000000002,0.08510638297872337,0.028344671201814085,0.009876543209876654,0.027160493827160584,0.08580246913580244
1783,2026-02-20T10:26:47+00:00,SUI,long,30,0.9563,0.8818,0.835,0.9729,1.0039,1.0477,"заходжу в sui long 30x
📈
📣
точка входу: 0.9563 - 0.8818
✅
тейк-профіт: 0.9729,1.0039,1.0477
🤚
стоп-лосс: 0.8350
✍️
на графіку бачимо бичий наратив також зміну характеру ціни, зверху buy side liquidity, зараз знаходимось в зоні 1h брейкер блоку ордерів, звідси хочу побачити подальший рух!
заходимо в угоду на BingX
🔀",0.8818,0.9563,0.91905,0.08106196616070943,0.053073259242458676,0.01735856948656274,0.04977517515424027,0.09557670187179759
1792,2026-02-23T12:43:52+00:00,AAVE,long,30,119.21,109.95,104.42,120.49,124.07,129.99,"заходжу в aave long 30x
📈
📣
точка входу: 119.21 - 109.95
✅
тейк-профіт: 120.49,124.07,129.99
🤚
стоп-лосс: 104.42
✍️
на графіку бачимо бичий наратив також зміну характеру ціни, зверху buy side liquidity, зараз знаходимось в зоні 1h брейкер блоку ордерів, звідси хочу побачити подальший рух!
заходимо в угоду на BingX
🔀",109.95,119.21,114.58,0.08081689649153422,0.050295588904047304,0.010737354248804641,0.040768391913430076,0.09042865531415163
1796,2026-02-24T14:19:11+00:00,JASMY,short,25,0.005543,0.006,0.006164,0.005474,0.005354,0.005143,"заходжу в jasmy short 25x
📈
📣
точка входу: 0.005543 - 0.006000
✅
тейк-профіт: 0.005474,0.005354,0.005143
🤚
стоп-лосс: 0.006164
✍️
на графіку бачимо ведмежий htf raid, також інвертацію фвг покупця, знизу sell side liquidity, зараз знаходимось в зоні ltf raid, звідси хочу побачити подальший рух!
заходимо в угоду на BingX
🔀",0.005543,0.006,0.005771500000000001,0.07918218833925321,0.02733333333333335,0.012448132780083075,0.03409705935414034,0.07216308858019126
1800,2026-02-25T11:28:58+00:00,RENDER,long,30,1.412,1.291,1.246,1.43,1.468,1.544,"заходжу в render long 30x
📈
📣
точка входу: 1.412 - 1.291
✅
тейк-профіт: 1.430,1.468,1.544
🤚
стоп-лосс: 1.246
✍️
на графіку бачимо бичий наратив також зміну характеру ціни, зверху buy side liquidity, зараз знаходимось в зоні 1h брейкер блоку ордерів, звідси хочу побачити подальший рух!
заходимо в угоду на BingX
🔀",1.291,1.412,1.3515,0.08953015168331484,0.03485670023237795,0.01274787535410766,0.03966005665722383,0.09348441926345617
1814,2026-02-27T11:34:50+00:00,LINK,short,25,8.879,9.546,9.837,8.704,8.517,8.264,"заходжу в link short 25x
📈
📣
точка входу: 8.879 - 9.546
✅
тейк-профіт: 8.704,8.517,8.264
🤚
стоп-лосс: 9.837
✍️
на графіку бачимо ведмежий htf raid, також інвертацію фвг покупця, знизу sell side liquidity, зараз знаходимось в зоні ltf raid, звідси хочу побачити подальший рух!
заходимо в угоду на BingX
🔀",8.879,9.546,9.212499999999999,0.07240162822252373,0.0304839723444375,0.019709426737245066,0.0407703570221872,0.06926455681946168
1824,2026-03-02T11:17:18+00:00,HBAR,short,25,0.09672,0.10497,0.10717,0.09519,0.09283,0.09031,"заходжу в hbar short 25x
📈
📣
точка входу: 0.09672 - 0.10497
✅
тейк-профіт: 0.09519,0.09283,0.09031
🤚
стоп-лосс: 0.10717
✍️
на графіку бачимо ведмежий htf raid, також інвертацію фвг покупця, знизу sell side liquidity, зараз знаходимось в зоні ltf raid, звідси хочу побачити подальший рух!
заходимо в угоду на BingX
🔀",0.09672,0.10497,0.10084499999999999,0.0818087163468689,0.02095836905782612,0.015818858560794083,0.040219189412737846,0.06627377998345739
1828,2026-03-03T13:10:46+00:00,LINK,short,25,8.646,9.355,9.568,8.572,8.393,8.181,"заходжу в link short 25x
📈
📣
точка входу: 8.646 - 9.355
✅
тейк-профіт: 8.572,8.393,8.181
🤚
стоп-лосс: 9.568
✍️
на графіку бачимо ведмежий htf raid, також інвертацію фвг покупця, знизу sell side liquidity, зараз знаходимось в зоні ltf raid, звідси хочу побачити подальший рух!
заходимо в угоду на BingX
🔀",8.646,9.355,9.0005,0.07877340147769564,0.022768572955638607,0.008558871154291188,0.029262086513994923,0.053782095766828776
1833,2026-03-04T13:32:16+00:00,JTO,long,30,0.275,0.2512,0.2422,0.2794,0.2858,0.2964,"заходжу в jto long 30x
📈
📣
точка входу: 0.2750 - 0.2512
✅
тейк-профіт: 0.2794,0.2858,0.2964
🤚
стоп-лосс: 0.2422
✍️
на графіку бачимо бичий наратив також зміну характеру ціни, зверху buy side liquidity, зараз знаходимось в зоні 1h брейкер блоку ордерів, звідси хочу побачити подальший рух!
заходимо в угоду на BingX
🔀",0.2512,0.275,0.2631,0.09045990117825937,0.03582802547770693,0.01599999999999985,0.03927272727272718,0.07781818181818172
1842,2026-03-06T11:44:05+00:00,LINK,short,25,9.078,9.777,10.192,8.968,8.708,8.348,"заходжу в link short 25x
📈
📣
точка входу: 9.078 - 9.777
✅
тейк-профіт: 8.968,8.708,8.348
🤚
стоп-лосс: 10.192
✍️
на графіку бачимо ведмежий htf raid, також інвертацію фвг покупця, знизу sell side liquidity, зараз знаходимось в зоні ltf raid, звідси хочу побачити подальший рух!
заходимо в угоду на BingX
🔀",9.078,9.777,9.427499999999998,0.0741447891805887,0.042446558248951716,0.01211720643313499,0.04075787618418145,0.08041418814716883
1853,2026-03-09T12:15:28+00:00,SUI,long,30,0.9098,0.8403,0.8073,0.9221,0.9384,0.9734,"заходжу в sui long 30x
📈
📣
точка входу: 0.9098 - 0.8403
✅
тейк-профіт: 0.9221,0.9384,0.9734
🤚
стоп-лосс: 0.8073
✍️
на графіку бачимо бичий наратив також зміну характеру ціни, зверху buy side liquidity, зараз знаходимось в зоні 1h брейкер блоку ордерів, звідси хочу побачити подальший рух!
заходимо в угоду на BingX
🔀",0.8403,0.9098,0.8750500000000001,0.079424032912405,0.03927168868261339,0.013519454825236291,0.03143548032534618,0.0699054737304902
1860,2026-03-10T12:38:19+00:00,AAVE,long,30,111.75,102.22,97.81,113.22,116.31,119.96,"заходжу в aave long 30x
📈
📣
точка входу: 111.75 - 102.22
✅
тейк-профіт: 113.22,116.31,119.96
🤚
стоп-лосс: 97.81
✍️
на графіку бачимо бичий наратив також зміну характеру ціни, зверху buy side liquidity, зараз знаходимось в зоні 1h брейкер блоку ордерів, звідси хочу побачити подальший рух!
заходимо в угоду на BingX
🔀",102.22,111.75,106.985,0.08907790811796047,0.04314224222265698,0.013154362416107372,0.0408053691275168,0.07346756152125274
1866,2026-03-11T11:44:09+00:00,LINK,short,25,8.9,9.606,9.8,8.808,8.578,8.225,"заходжу в link short 25x
📈
📣
точка входу: 8.900 - 9.606
✅
тейк-профіт: 8.808,8.578,8.225
🤚
стоп-лосс: 9.800
✍️
на графіку бачимо ведмежий htf raid, також інвертацію фвг покупця, знизу sell side liquidity, зараз знаходимось в зоні ltf raid, звідси хочу побачити подальший рух!
заходимо в угоду на BingX
🔀",8.9,9.606,9.253,0.07629957851507614,0.020195711013949704,0.010337078651685452,0.03617977528089898,0.07584269662921356
1873,2026-03-13T12:45:24+00:00,LINK,long,30,9.35,8.607,8.309,9.43,9.579,9.735,"заходжу в link long 30x
📈
📣
точка входу: 9.350 - 8.607
✅
тейк-профіт: 9.430,9.579,9.735
🤚
стоп-лосс: 8.309
✍️
на графіку бачимо бичий наратив також зміну характеру ціни, зверху buy side liquidity, зараз знаходимось в зоні 1h брейкер блоку ордерів, звідси хочу побачити подальший рух!
заходимо в угоду на BingX
🔀",8.607,9.35,8.9785,0.08275324386033305,0.03462298129429535,0.008556149732620328,0.024491978609625775,0.04117647058823527
1882,2026-03-16T11:06:10+00:00,JUP,long,30,0.1696,0.1542,0.1491,0.1723,0.176,0.1848,"заходжу в jup long 30x
📈
📣
точка входу: 0.1696 - 0.1542
✅
тейк-профіт: 0.1723,0.1760,0.1848
🤚
стоп-лосс: 0.1491
✍️
на графіку бачимо бичий наратив також зміну характеру ціни, зверху buy side liquidity, зараз знаходимось в зоні 1h брейкер блоку ордерів, звідси хочу побачити подальший рух!
заходимо в угоду на BingX
🔀",0.1542,0.1696,0.1619,0.0951204447189623,0.03307392996108945,0.015919811320754765,0.03773584905660371,0.08962264150943391
1886,2026-03-17T13:14:44+00:00,INJ,short,25,3.208,3.438,3.573,3.175,3.064,2.97,"заходжу в inj short 25x
📈
📣
точка входу: 3.208 - 3.438
✅
тейк-профіт: 3.175,3.064,2.970
🤚
стоп-лосс: 3.573
✍️
на графіку бачимо ведмежий htf raid, також інвертацію фвг покупця, знизу sell side liquidity, зараз знаходимось в зоні ltf raid, звідси хочу побачити подальший рух!
заходимо в угоду на BingX
🔀",3.208,3.438,3.3230000000000004,0.0692145651519711,0.03926701570680622,0.010286783042394127,0.044887780548628464,0.07418952618453864
1891,2026-03-18T12:12:39+00:00,JUP,short,25,0.1649,0.1791,0.1823,0.1628,0.1585,0.1517,"заходжу в jup short 25x
📈
📣
точка входу: 0.1649 - 0.1791
✅
тейк-профіт: 0.1628,0.1585,0.1517
🤚
стоп-лосс: 0.1823
✍️
на графіку бачимо ведмежий htf raid, також інвертацію фвг покупця, знизу sell side liquidity, зараз знаходимось в зоні ltf raid, звідси хочу побачити подальший рух!
заходимо в угоду на BingX
🔀",0.1649,0.1791,0.172,0.08255813953488383,0.01786711334450017,0.01273499090357787,0.03881140084899933,0.08004851425106119
1901,2026-03-20T11:45:33+00:00,INJ,short,25,3.084,3.372,3.444,3.027,2.94,2.878,"заходжу в inj short 25x
📈
📣
точка входу: 3.084 - 3.372
✅
тейк-профіт: 3.027,2.940,2.878
🤚
стоп-лосс: 3.444
✍️
на графіку бачимо ведмежий htf raid, також інвертацію фвг покупця, знизу sell side liquidity, зараз знаходимось в зоні ltf raid, звідси хочу побачити подальший рух!
заходимо в угоду на BingX
🔀",3.084,3.372,3.2279999999999998,0.08921933085501854,0.021352313167259804,0.01848249027237352,0.04669260700389109,0.06679636835278857
1909,2026-03-23T12:43:59+00:00,SUI,long,30,0.9506,0.8798,0.8453,0.9728,0.9885,1.0324,"заходжу в sui long 30x
📈
📣
точка входу: 0.9506 - 0.8798
✅
тейк-профіт: 0.9728,0.9885,1.0324
🤚
стоп-лосс: 0.8453
✍️
на графіку бачимо бичий наратив також зміну характеру ціни, зверху buy side liquidity, зараз знаходимось в зоні 1h брейкер блоку ордерів, звідси хочу побачити подальший рух!
заходимо в угоду на BingX
🔀",0.8798,0.9506,0.9152,0.07736013986013983,0.03921345760400088,0.023353671365453396,0.03986955606985067,0.08605091521144538
1916,2026-03-24T13:44:00+00:00,ADA,short,25,0.26118,0.27947,0.28747,0.25799,0.25175,0.24347,"заходжу в ada short 25x
📈
📣
точка входу: 0.26118 - 0.27947
✅
тейк-профіт: 0.25799,0.25175,0.24347
🤚
стоп-лосс: 0.28747
✍️
на графіку бачимо ведмежий htf raid, також інвертацію фвг покупця, знизу sell side liquidity, зараз знаходимось в зоні ltf raid, звідси хочу побачити подальший рух!
заходимо в угоду на BingX
🔀",0.26118,0.27947,0.27032500000000004,0.06765929899195403,0.02862561276702332,0.012213798912627406,0.0361053679454784,0.06780764223906896
1921,2026-03-25T11:21:51+00:00,INJ,long,30,3.102,2.814,2.727,3.146,3.198,3.332,"заходжу в inj long 30x
📈
📣
точка входу: 3.102 - 2.814
✅
тейк-профіт: 3.146,3.198,3.332
🤚
стоп-лосс: 2.727
✍️
на графіку бачимо бичий наратив також зміну характеру ціни, зверху buy side liquidity, зараз знаходимось в зоні 1h брейкер блоку ордерів, звідси хочу побачити подальший рух!
заходимо в угоду на BingX
🔀",2.814,3.102,2.958,0.09736308316430013,0.03091684434968024,0.014184397163120581,0.03094777562862672,0.07414571244358478
1928,2026-03-27T10:47:26+00:00,APT,short,25,0.9917,1.0863,1.114,0.9758,0.9559,0.9234,"заходжу в apt short 25x
📈
📣
точка входу: 0.9917 - 1.0863
✅
тейк-профіт: 0.9758,0.9559,0.9234
🤚
стоп-лосс: 1.1140
✍️
на графіку бачимо ведмежий htf raid, також інвертацію фвг покупця, знизу sell side liquidity, зараз знаходимось в зоні ltf raid, звідси хочу побачити подальший рух!
заходимо в угоду на BingX
🔀",0.9917,1.0863,1.0390000000000001,0.09104908565928778,0.02549940163858976,0.016033074518503606,0.03609962690329742,0.06887163456690534
1938,2026-03-30T14:21:38+00:00,DOGE,long,30,0.09311,0.0864,0.08347,0.09418,0.09612,0.0994,"заходжу в doge long 30x
📈
📣
точка входу: 0.09311 - 0.08640
✅
тейк-профіт: 0.09418,0.09612,0.09940
🤚
стоп-лосс: 0.08347
✍️
на графіку бачимо бичий наратив також зміну характеру ціни, зверху buy side liquidity, зараз знаходимось в зоні 1h брейкер блоку ордерів, звідси хочу побачити подальший рух!
заходимо в угоду на BingX
🔀",0.0864,0.09311,0.089755,0.07475906634727864,0.03391203703703706,0.01149178391150254,0.03232735474170335,0.06755450542369246
1942,2026-03-31T10:53:41+00:00,RENDER,short,25,1.674,1.835,1.888,1.645,1.622,1.524,"заходжу в render short 25x
📈
📣
точка входу: 1.674 - 1.835
✅
тейк-профіт: 1.645,1.622,1.524
🤚
стоп-лосс: 1.888
✍️
на графіку бачимо ведмежий htf raid, також інвертацію фвг покупця, знизу sell side liquidity, зараз знаходимось в зоні ltf raid, звідси хочу побачити подальший рух!
заходимо в угоду на BingX
🔀",1.674,1.835,1.7545,0.09176403533770307,0.028882833787465905,0.017323775388291468,0.031063321385901926,0.08960573476702505
1947,2026-04-01T12:50:49+00:00,INJ,long,30,2.927,2.702,2.608,2.973,3.08,3.173,"заходжу в inj long 30x
📈
📣
точка входу: 2.927 - 2.702
✅
тейк-профіт: 2.973,3.080,3.173
🤚
стоп-лосс: 2.608
✍️
на графіку бачимо бичий наратив також зміну характеру ціни, зверху buy side liquidity, зараз знаходимось в зоні 1h брейкер блоку ордерів, звідси хочу побачити подальший рух!
заходимо в угоду на BingX
🔀",2.702,2.927,2.8145,0.07994315153668506,0.0347890451517394,0.015715749914588253,0.05227195080286984,0.08404509736932012
1954,2026-04-03T13:50:41+00:00,LDO,short,25,0.3168,0.3417,0.3476,0.3107,0.2999,0.2883,"заходжу в ldo short 25x
📈
📣
точка входу: 0.3168 - 0.3417
✅
тейк-профіт: 0.3107,0.2999,0.2883
🤚
стоп-лосс: 0.3476
✍️
на графіку бачимо ведмежий htf raid, також інвертацію фвг покупця, знизу sell side liquidity, зараз знаходимось в зоні ltf raid, звідси хочу побачити подальший рух!
заходимо в угоду на BingX
🔀",0.3168,0.3417,0.32925000000000004,0.07562642369020493,0.01726660813579168,0.01925505050505066,0.053345959595959676,0.08996212121212128
1965,2026-04-06T10:13:05+00:00,NEAR,long,30,1.2827,1.1735,1.1362,1.305,1.3388,1.4077,"заходжу в near long 30x
📈
📣
точка входу: 1.2827 - 1.1735
✅
тейк-профіт: 1.3050,1.3388,1.4077
🤚
стоп-лосс: 1.1362
✍️
на графіку бачимо бичий наратив також зміну характеру ціни, зверху buy side liquidity, зараз знаходимось в зоні 1h брейкер блоку ордерів, звідси хочу побачити подальший рух!
заходимо в угоду на BingX
🔀",1.1735,1.2827,1.2281,0.08891784056672906,0.031785257775884014,0.017385203087237847,0.043735869649957154,0.09745068995088485
1972,2026-04-07T11:25:51+00:00,JUP,short,25,0.1577,0.1722,0.176,0.1554,0.1512,0.1458,"заходжу в jup short 25x
📈
📣
точка входу: 0.1577 - 0.1722
✅
тейк-профіт: 0.1554,0.1512,0.1458
🤚
стоп-лосс: 0.1760
✍️
на графіку бачимо ведмежий htf raid, також інвертацію фвг покупця, знизу sell side liquidity, зараз знаходимось в зоні ltf raid, звідси хочу побачити подальший рух!
заходимо в угоду на BingX
🔀",0.1577,0.1722,0.16494999999999999,0.08790542588663224,0.022067363530778154,0.01458465440710207,0.04121750158528856,0.07545973367152818
1982,2026-04-10T10:59:45+00:00,INJ,long,30,3.008,2.756,2.695,3.039,3.089,3.188,"заходжу в inj long 30x
📈
📣
точка входу: 3.008 - 2.756
✅
тейк-профіт: 3.039,3.089,3.188
🤚
стоп-лосс: 2.695
✍️
на графіку бачимо бичий наратив також зміну характеру ціни, зверху buy side liquidity, зараз знаходимось в зоні 1h брейкер блоку ордерів, звідси хочу побачити подальший рух!
заходимо в угоду на BingX
🔀",2.756,3.008,2.8819999999999997,0.08743927827897302,0.022133526850507963,0.010305851063829833,0.02692819148936169,0.059840425531914945
1992,2026-04-13T12:34:14+00:00,SEI,long,30,0.0545,0.0503,0.0491,0.0552,0.0566,0.0582,"заходжу в sei long 30x
📈
📣
точка входу: 0.0545 - 0.0503
✅
тейк-профіт: 0.0552,0.0566,0.0582
🤚
стоп-лосс: 0.0491
✍️
на графіку бачимо бичий наратив також зміну характеру ціни, зверху buy side liquidity, зараз знаходимось в зоні 1h брейкер блоку ордерів, звідси хочу побачити подальший рух!
заходимо в угоду на BingX
🔀",0.0503,0.0545,0.0524,0.08015267175572523,0.023856858846918485,0.012844036697247693,0.03853211009174308,0.06788990825688077
1998,2026-04-14T12:02:13+00:00,JUP,long,30,0.1712,0.1578,0.1521,0.1732,0.177,0.1819,"заходжу в jup long 30x
📈
📣
точка входу: 0.1712 - 0.1578
✅
тейк-профіт: 0.1732,0.1770,0.1819
🤚
стоп-лосс: 0.1521
✍️
на графіку бачимо бичий наратив також зміну характеру ціни, зверху buy side liquidity, зараз знаходимось в зоні 1h брейкер блоку ордерів, звідси хочу побачити подальший рух!
заходимо в угоду на BingX
🔀",0.1578,0.1712,0.16449999999999998,0.08145896656534952,0.036121673003802174,0.011682242990654217,0.03387850467289719,0.0625000000000001
2002,2026-04-15T12:44:30+00:00,INJ,long,30,3.038,2.785,2.719,3.073,3.131,3.194,"заходжу в inj long 30x
📈
📣
точка входу: 3.038 - 2.785
✅
тейк-профіт: 3.073,3.131,3.194
🤚
стоп-лосс: 2.719
✍️
на графіку бачимо бичий наратив також зміну характеру ціни, зверху buy side liquidity, зараз знаходимось в зоні 1h брейкер блоку ордерів, звідси хочу побачити подальший рух!
заходимо в угоду на BingX
🔀",2.785,3.038,2.9115,0.08689678859694304,0.0236983842010773,0.011520737327188987,0.030612244897959176,0.051349572086899324
2011,2026-04-17T12:36:19+00:00,XLM,long,30,0.16942,0.15612,0.15132,0.17198,0.17519,0.18054,"заходжу в xlm long 30x
📈
📣
точка входу: 0.16942 - 0.15612
✅
тейк-профіт: 0.17198,0.17519,0.18054
🤚
стоп-лосс: 0.15132
✍️
на графіку бачимо бичий наратив також зміну характеру ціни, зверху buy side liquidity, зараз знаходимось в зоні 1h брейкер блоку ордерів, звідси хочу побачити подальший рух!
заходимо в угоду на BingX
🔀",0.15612,0.16942,0.16277,0.0817103888923019,0.030745580322828585,0.015110376578916344,0.034057372211073224,0.06563569826466781
2022,2026-04-20T12:16:33+00:00,PYTH,long,30,0.04489,0.04092,0.03947,0.0455,0.0472,0.04931,"заходжу в pyth long 30x
📈
📣
точка входу: 0.04489 - 0.04092
✅
тейк-профіт: 0.04550,0.04720,0.04931
🤚
стоп-лосс: 0.03947
✍️
на графіку бачимо бичий наратив також зміну характеру ціни, зверху buy side liquidity, зараз знаходимось в зоні 1h брейкер блоку ордерів, звідси хочу побачити подальший рух!
заходимо в угоду на BingX
🔀",0.04092,0.04489,0.042905,0.09253000815755742,0.035434995112414464,0.013588772555134762,0.05145912229895299,0.09846290933392739
2027,2026-04-21T11:50:07+00:00,ENS,long,30,6.071,5.588,5.342,6.174,6.306,6.484,"заходжу в ens long 30x
📈
📣
точка входу: 6.071 - 5.588
✅
тейк-профіт: 6.174,6.306,6.484
🤚
стоп-лосс: 5.342
✍️
на графіку бачимо бичий наратив також зміну характеру ціни, зверху buy side liquidity, зараз знаходимось в зоні 1h брейкер блоку ордерів, звідси хочу побачити подальший рух!
заходимо в угоду на BingX
🔀",5.588,6.071,5.8294999999999995,0.08285444720816532,0.04402290622763071,0.016965903475539557,0.038708614725745404,0.0680283314116291
2031,2026-04-22T13:13:24+00:00,SUI,long,30,0.9725,0.9,0.8623,0.9877,1.0176,1.0435,"заходжу в sui long 30x
📈
📣
точка входу: 0.9725 - 0.9000
✅
тейк-профіт: 0.9877,1.0176,1.0435
🤚
стоп-лосс: 0.8623
✍️
на графіку бачимо бичий наратив також зміну характеру ціни, зверху buy side liquidity, зараз знаходимось в зоні 1h брейкер блоку ордерів, звідси хочу побачити подальший рух!
заходимо в угоду на BingX
🔀",0.9,0.9725,0.93625,0.07743658210947932,0.04188888888888896,0.015629820051413872,0.046375321336760957,0.07300771208226227
2037,2026-04-24T12:33:45+00:00,OP,long,30,0.1234,0.1115,0.1064,0.126,0.1287,0.1353,"заходжу в op long 30x
📈
📣
точка входу: 0.1234 - 0.1115
✅
тейк-профіт: 0.1260,0.1287,0.1353
🤚
стоп-лосс: 0.1064
✍️
на графіку бачимо бичий наратив також зміну характеру ціни, зверху buy side liquidity, зараз знаходимось в зоні 1h брейкер блоку ордерів, звідси хочу побачити подальший рух!
заходимо в угоду на BingX
🔀",0.1115,0.1234,0.11745,0.10131971051511277,0.045739910313901413,0.02106969205834688,0.04294975688816866,0.0964343598055106
2047,2026-04-27T12:02:07+00:00,ENS,short,25,6.05,6.533,6.738,5.976,5.806,5.655,"заходжу в ens short 25x
📈
📣
точка входу: 6.050 - 6.533
✅
тейк-профіт: 5.976,5.806,5.655
🤚
стоп-лосс: 6.738
✍️
на графіку бачимо ведмежий htf raid, також інвертацію фвг покупця, знизу sell side liquidity, зараз знаходимось в зоні ltf raid, звідси хочу побачити подальший рух!
заходимо в угоду на BingX
🔀",6.05,6.533,6.2915,0.07677024556941914,0.031379151997550904,0.012231404958677661,0.04033057851239666,0.06528925619834704
2053,2026-04-28T11:15:16+00:00,OP,short,25,0.1209,0.1331,0.1355,0.1189,0.116,0.1109,"заходжу в op short 25x
📈
📣
точка входу: 0.1209 - 0.1331
✅
тейк-профіт: 0.1189,0.1160,0.1109
🤚
стоп-лосс: 0.1355
✍️
на графіку бачимо ведмежий htf raid, також інвертацію фвг покупця, знизу sell side liquidity, зараз знаходимось в зоні ltf raid, звідси хочу побачити подальший рух!
заходимо в угоду на BingX
🔀",0.1209,0.1331,0.127,0.09606299212598426,0.018031555221637966,0.016542597187758377,0.040529363110008175,0.08271298593879235
2057,2026-04-29T11:00:08+00:00,SUI,long,30,0.9369,0.8594,0.8423,0.9485,0.9629,1.0004,"заходжу в sui long 30x
📈
📣
точка входу: 0.9369 - 0.8594
✅
тейк-профіт: 0.9485,0.9629,1.0004
🤚
стоп-лосс: 0.8423
✍️
на графіку бачимо бичий наратив також зміну характеру ціни, зверху buy side liquidity, зараз знаходимось в зоні 1h брейкер блоку ордерів, звідси хочу побачити подальший рух!
заходимо в угоду на BingX
🔀",0.8594,0.9369,0.89815,0.08628848187941869,0.019897602978822437,0.01238125733802973,0.02775109403351481,0.06777671042800726
2064,2026-05-01T13:31:44+00:00,ENS,long,30,6.061,5.617,5.55,6.119,6.266,6.467,"заходжу в ens long 30x
📈
📣
точка входу: 6.061 - 5.617
✅
тейк-профіт: 6.119,6.266,6.467
🤚
стоп-лосс: 5.550
✍️
на графіку бачимо бичий наратив також зміну характеру ціни, зверху buy side liquidity, зараз знаходимось в зоні 1h брейкер блоку ордерів, звідси хочу побачити подальший рух!
заходимо в угоду на BingX
🔀",5.617,6.061,5.839,0.07604041787977392,0.011928075485134445,0.009569377990430594,0.033822801517901346,0.0669856459330143
2077,2026-05-04T14:01:56+00:00,OP,short,25,0.1203,0.1309,0.1331,0.1183,0.1151,0.1151,"заходжу в op short 25x
📈
📣
точка входу: 0.1203 - 0.1309
✅
тейк-профіт: 0.1183,0.1151,0.1151
🤚
стоп-лосс: 0.1331
✍️
на графіку бачимо ведмежий htf raid, також інвертацію фвг покупця, знизу sell side liquidity, зараз знаходимось в зоні ltf raid, звідси хочу побачити подальший рух!
заходимо в угоду на BingX
🔀",0.1203,0.1309,0.1256,0.08439490445859861,0.01680672268907569,0.016625103906899433,0.04322527015793857,0.04322527015793857
2082,2026-05-05T12:29:15+00:00,GALA,long,30,0.003259,0.002969,0.002927,0.003302,0.003445,0.003599,"заходжу в gala long 30x
📈
📣
точка входу: 0.003259 - 0.002969
✅
тейк-профіт: 0.003302,0.003445,0.003599
🤚
стоп-лосс: 0.002927
✍️
на графіку бачимо бичий наратив також зміну характеру ціни, зверху buy side liquidity, зараз знаходимось в зоні 1h брейкер блоку ордерів, звідси хочу побачити подальший рух!
заходимо в угоду на BingX
🔀",0.002969,0.003259,0.003114,0.09312780989081577,0.014146177164028271,0.01319423135931256,0.05707272169377108,0.10432648051549555
2092,2026-05-06T13:06:21+00:00,FET,long,30,0.2257,0.2043,0.199,0.2286,0.234,0.2437,"заходжу в fet long 30x
📈
📣
точка входу: 0.2257 - 0.2043
✅
тейк-профіт: 0.2286,0.2340,0.2437
🤚
стоп-лосс: 0.1990
✍️
на графіку бачимо бичий наратив також зміну характеру ціни, зверху buy side liquidity, зараз знаходимось в зоні 1h брейкер блоку ордерів, звідси хочу побачити подальший рух!
заходимо в угоду на BingX
🔀",0.2043,0.2257,0.21500000000000002,0.09953488372093024,0.025942241801272633,0.012848914488258688,0.036774479397430226,0.0797518830305715
2098,2026-05-08T11:45:26+00:00,EGLD,long,30,4.377,4.023,3.895,4.422,4.523,4.616,"заходжу в egld long 30x
📈
📣
точка входу: 4.377 - 4.023
✅
тейк-профіт: 4.422,4.523,4.616
🤚
стоп-лосс: 3.895
✍️
на графіку бачимо бичий наратив також зміну характеру ціни, зверху buy side liquidity, зараз знаходимось в зоні 1h брейкер блоку ордерів, звідси хочу побачити подальший рух!
заходимо в угоду на BingX
🔀",4.023,4.377,4.199999999999999,0.08428571428571432,0.03181705195128006,0.010281014393420135,0.03335618003198536,0.054603609778387
