event_type,id,timestamp,block_number,tx_hash,log_index,pool,fee_tier,gas_used,gas_price_wei,sender,recipient,origin,owner,token0,token0_symbol,token0_decimals,token1,token1_symbol,token1_decimals,amount0,amount1,amount_usd,liquidity_amount,sqrt_price_x96,tick,tick_lower,tick_upper,datetime_utc
burn,0xa805176cbcc7dbc36d9700ff51f194940fd2933b94bc56ec8bff5a6ca6119ee8#1123486,1775001743,24781038,0xa805176cbcc7dbc36d9700ff51f194940fd2933b94bc56ec8bff5a6ca6119ee8,375,0x8ad599c3a0ff1de082011efddc58f1908eb6e6d8,3000.0,0.0,152644745.0,,,0x641169964b55211a1c3559245379f11f765b083c,0xc36442b4a4522e871399cd717abdd847ab11fe88,0xa0b86991c6218b36c1d19d4a2e9eb0ce3606eb48,USDC,6,0xc02aaa39b223fe8d0a0e5c4f27ead9083c756cc2,WETH,18,0.0,0.0,0.0,0.0,,,198960.0,200220.0,2026-04-01T00:02:23+00:00
mint,0xa805176cbcc7dbc36d9700ff51f194940fd2933b94bc56ec8bff5a6ca6119ee8#1123482,1775001743,24781038,0xa805176cbcc7dbc36d9700ff51f194940fd2933b94bc56ec8bff5a6ca6119ee8,421,0x8ad599c3a0ff1de082011efddc58f1908eb6e6d8,3000.0,0.0,152644745.0,0xc36442b4a4522e871399cd717abdd847ab11fe88,,0x641169964b55211a1c3559245379f11f765b083c,0xc36442b4a4522e871399cd717abdd847ab11fe88,0xa0b86991c6218b36c1d19d4a2e9eb0ce3606eb48,USDC,6,0xc02aaa39b223fe8d0a0e5c4f27ead9083c756cc2,WETH,18,8.653332,0.008765020388317344,27.06537866617134,9542080233187.0,,,198960.0,200220.0,2026-04-01T00:02:23+00:00
burn,0x791dbb257dd12969b1085da16a761370f5dba4e79f9454047465557a7167c0a5#1123488,1775001743,24781038,0x791dbb257dd12969b1085da16a761370f5dba4e79f9454047465557a7167c0a5,426,0x8ad599c3a0ff1de082011efddc58f1908eb6e6d8,3000.0,0.0,152644745.0,,,0xdc7b1ebbc9f79c082b2e0f02ee3077a8d974fa8e,0xc36442b4a4522e871399cd717abdd847ab11fe88,0xa0b86991c6218b36c1d19d4a2e9eb0ce3606eb48,USDC,6,0xc02aaa39b223fe8d0a0e5c4f27ead9083c756cc2,WETH,18,0.0,0.0,0.0,0.0,,,199260.0,200640.0,2026-04-01T00:02:23+00:00
burn,0x0fcc14bfc3226cbff1a3c6954b6f78dfdbb3d1b01b5356029281c0a68b541778#1123489,1775001767,24781040,0x0fcc14bfc3226cbff1a3c6954b6f78dfdbb3d1b01b5356029281c0a68b541778,1854,0x8ad599c3a0ff1de082011efddc58f1908eb6e6d8,3000.0,0.0,154006632.0,,,0xdc7b1ebbc9f79c082b2e0f02ee3077a8d974fa8e,0xc36442b4a4522e871399cd717abdd847ab11fe88,0xa0b86991c6218b36c1d19d4a2e9eb0ce3606eb48,USDC,6,0xc02aaa39b223fe8d0a0e5c4f27ead9083c756cc2,WETH,18,0.0,0.0,0.0,0.0,,,199260.0,200640.0,2026-04-01T00:02:47+00:00
burn,0xb4adafefb259a543a3b667ad4bb824c848f376241d45275827bfb6221f1a8b36#1123490,1775001947,24781055,0xb4adafefb259a543a3b667ad4bb824c848f376241d45275827bfb6221f1a8b36,593,0x8ad599c3a0ff1de082011efddc58f1908eb6e6d8,3000.0,0.0,117105163.0,,,0x55d1cdf31f4692378637cb28d5fd4a83cd4c26bf,0xc36442b4a4522e871399cd717abdd847ab11fe88,0xa0b86991c6218b36c1d19d4a2e9eb0ce3606eb48,USDC,6,0xc02aaa39b223fe8d0a0e5c4f27ead9083c756cc2,WETH,18,0.0,0.0,0.0,0.0,,,199500.0,200940.0,2026-04-01T00:05:47+00:00
swap,0xbfa6f575c35e0e11656ce00e740f79e6752ebe239f29db0956531d4fe1d4d5c9#1123486,1775002247,24781080,0xbfa6f575c35e0e11656ce00e740f79e6752ebe239f29db0956531d4fe1d4d5c9,253,0x8ad599c3a0ff1de082011efddc58f1908eb6e6d8,3000.0,0.0,126859718.0,0x06cff7088619c7178f5e14f0b119458d08d2f5ef,0x06cff7088619c7178f5e14f0b119458d08d2f5ef,0xdf8adfe10d4a4d9f0fc4d3e377a6e8d5730eb40c,,0xa0b86991c6218b36c1d19d4a2e9eb0ce3606eb48,USDC,6,0xc02aaa39b223fe8d0a0e5c4f27ead9083c756cc2,WETH,18,0.15427,-7.3219534580033e-05,0.1540384998115799,,1.7286418164188243e+33,199820.0,,,2026-04-01T00:10:47+00:00
swap,0x350ceabf608b3e0957db5936aac7a64efbe5695c3d734d2f87054420fba4f045#1123487,1775002523,24781103,0x350ceabf608b3e0957db5936aac7a64efbe5695c3d734d2f87054420fba4f045,342,0x8ad599c3a0ff1de082011efddc58f1908eb6e6d8,3000.0,0.0,156744479.0,0x06cff7088619c7178f5e14f0b119458d08d2f5ef,0x06cff7088619c7178f5e14f0b119458d08d2f5ef,0xd7e1236c08731c3632519dcd1a581bfe6876a3b2,,0xa0b86991c6218b36c1d19d4a2e9eb0ce3606eb48,USDC,6,0xc02aaa39b223fe8d0a0e5c4f27ead9083c756cc2,WETH,18,0.186767,-8.8643017432009e-05,0.1864864997238398,,1.7286418112913693e+33,199820.0,,,2026-04-01T00:15:23+00:00
swap,0x7c4639102c955a1ddb3cc6e99b339ad8f8a7ec8a3e034871ee2b8711874fa895#1123488,1775002535,24781104,0x7c4639102c955a1ddb3cc6e99b339ad8f8a7ec8a3e034871ee2b8711874fa895,46,0x8ad599c3a0ff1de082011efddc58f1908eb6e6d8,3000.0,0.0,153757683.0,0x06cff7088619c7178f5e14f0b119458d08d2f5ef,0x06cff7088619c7178f5e14f0b119458d08d2f5ef,0xdf8adfe10d4a4d9f0fc4d3e377a6e8d5730eb40c,,0xa0b86991c6218b36c1d19d4a2e9eb0ce3606eb48,USDC,6,0xc02aaa39b223fe8d0a0e5c4f27ead9083c756cc2,WETH,18,0.446993,-0.000212151797509181,0.4463224984181514,,1.7286417990196887e+33,199820.0,,,2026-04-01T00:15:35+00:00
swap,0xa22c275d89cb129561322b52306596f4272b73bc19a55d07df8a190a0497cbf4#1123489,1775002691,24781117,0xa22c275d89cb129561322b52306596f4272b73bc19a55d07df8a190a0497cbf4,209,0x8ad599c3a0ff1de082011efddc58f1908eb6e6d8,3000.0,0.0,139697494.0,0x06cff7088619c7178f5e14f0b119458d08d2f5ef,0x06cff7088619c7178f5e14f0b119458d08d2f5ef,0xdf8adfe10d4a4d9f0fc4d3e377a6e8d5730eb40c,,0xa0b86991c6218b36c1d19d4a2e9eb0ce3606eb48,USDC,6,0xc02aaa39b223fe8d0a0e5c4f27ead9083c756cc2,WETH,18,0.424798,-0.000201617325833703,0.42416049857134525,,1.7286417873573628e+33,199820.0,,,2026-04-01T00:18:11+00:00
swap,0x89956af397d0303f7cbaa95326c49de8dea0ebebcf246adf65c6502981fc4e41#1123490,1775002787,24781125,0x89956af397d0303f7cbaa95326c49de8dea0ebebcf246adf65c6502981fc4e41,1105,0x8ad599c3a0ff1de082011efddc58f1908eb6e6d8,3000.0,0.0,2420859559.0,0xe592427a0aece92de3edee1f18e0157c05861564,0xeb1646852b7d015f8cbac6894ec6c51ce2c2605c,0xeb1646852b7d015f8cbac6894ec6c51ce2c2605c,,0xa0b86991c6218b36c1d19d4a2e9eb0ce3606eb48,USDC,6,0xc02aaa39b223fe8d0a0e5c4f27ead9083c756cc2,WETH,18,-2.0973,0.00100142,2.1004554531463966,,1.728641845109591e+33,199820.0,,,2026-04-01T00:19:47+00:00
swap,0xde49a3b246385c3e25dc60850d48f3bdd07c66661000c33baf15a7348bc9e262#1123491,1775002799,24781126,0xde49a3b246385c3e25dc60850d48f3bdd07c66661000c33baf15a7348bc9e262,76,0x8ad599c3a0ff1de082011efddc58f1908eb6e6d8,3000.0,0.0,128495270.0,0x06cff7088619c7178f5e14f0b119458d08d2f5ef,0x06cff7088619c7178f5e14f0b119458d08d2f5ef,0xd7e1236c08731c3632519dcd1a581bfe6876a3b2,,0xa0b86991c6218b36c1d19d4a2e9eb0ce3606eb48,USDC,6,0xc02aaa39b223fe8d0a0e5c4f27ead9083c756cc2,WETH,18,0.254559,-0.000120818638130449,0.2541769994869733,,1.7286418381209737e+33,199820.0,,,2026-04-01T00:19:59+00:00
swap,0xf3f6466ff864e8cafe1bffce53e919794bb43636279e79b5a3926fc61d7060cc#1123492,1775003303,24781168,0xf3f6466ff864e8cafe1bffce53e919794bb43636279e79b5a3926fc61d7060cc,124,0x8ad599c3a0ff1de082011efddc58f1908eb6e6d8,3000.0,0.0,112945989.0,0x66a9893cc07d91d95644aedd05d03f95e1dba8af,0xc7d03c73d5774283945b901066a7a9900b80aeef,0xc7d03c73d5774283945b901066a7a9900b80aeef,,0xa0b86991c6218b36c1d19d4a2e9eb0ce3606eb48,USDC,6,0xc02aaa39b223fe8d0a0e5c4f27ead9083c756cc2,WETH,18,-278.544123,0.133,278.963816260633,,1.7286495082757028e+33,199820.0,,,2026-04-01T00:28:23+00:00
mint,0xe6872bc695c16f2c0ab58f4c14346efc3d5be41c275b021b13202c65f5c79064#1123493,1775003315,24781169,0xe6872bc695c16f2c0ab58f4c14346efc3d5be41c275b021b13202c65f5c79064,229,0x8ad599c3a0ff1de082011efddc58f1908eb6e6d8,3000.0,0.0,623552780.0,0xc36442b4a4522e871399cd717abdd847ab11fe88,,0xf53183d4a3a17f2e9895459dc53f40bc5b632960,0xc36442b4a4522e871399cd717abdd847ab11fe88,0xa0b86991c6218b36c1d19d4a2e9eb0ce3606eb48,USDC,6,0xc02aaa39b223fe8d0a0e5c4f27ead9083c756cc2,WETH,18,1500.0,0.0,1500.0,421487860818989.0,,,199860.0,201480.0,2026-04-01T00:28:35+00:00
swap,0x94e81f12d1faf656991f6aecebe812ff18ddbd32ebac4fc0d8554f7eca109a04#1123494,1775003519,24781186,0x94e81f12d1faf656991f6aecebe812ff18ddbd32ebac4fc0d8554f7eca109a04,75,0x8ad599c3a0ff1de082011efddc58f1908eb6e6d8,3000.0,0.0,151235199.0,0x06cff7088619c7178f5e14f0b119458d08d2f5ef,0x06cff7088619c7178f5e14f0b119458d08d2f5ef,0xd7e1236c08731c3632519dcd1a581bfe6876a3b2,,0xa0b86991c6218b36c1d19d4a2e9eb0ce3606eb48,USDC,6,0xc02aaa39b223fe8d0a0e5c4f27ead9083c756cc2,WETH,18,8.190217,-0.003887274579190983,8.177930968924642,,1.7286492834207055e+33,199820.0,,,2026-04-01T00:31:59+00:00
swap,0x16da6d71b5abfa82f51f13520faac84995161ac21944ab107e21f22ae435ff28#1123495,1775004059,24781231,0x16da6d71b5abfa82f51f13520faac84995161ac21944ab107e21f22ae435ff28,360,0x8ad599c3a0ff1de082011efddc58f1908eb6e6d8,3000.0,0.0,108824818.0,0x06cff7088619c7178f5e14f0b119458d08d2f5ef,0x06cff7088619c7178f5e14f0b119458d08d2f5ef,0xd7e1236c08731c3632519dcd1a581bfe6876a3b2,,0xa0b86991c6218b36c1d19d4a2e9eb0ce3606eb48,USDC,6,0xc02aaa39b223fe8d0a0e5c4f27ead9083c756cc2,WETH,18,0.098213,-4.6614083214031e-05,0.09806549992363349,,1.7286492807243668e+33,199820.0,,,2026-04-01T00:40:59+00:00
swap,0x3e20ad6c06e5f8afd5dff709d96653ed1cb35a2384f91ea3d8423eceeb270c5e#1123496,1775004095,24781234,0x3e20ad6c06e5f8afd5dff709d96653ed1cb35a2384f91ea3d8423eceeb270c5e,50,0x8ad599c3a0ff1de082011efddc58f1908eb6e6d8,3000.0,0.0,111762588.0,0x06cff7088619c7178f5e14f0b119458d08d2f5ef,0x06cff7088619c7178f5e14f0b119458d08d2f5ef,0xd7e1236c08731c3632519dcd1a581bfe6876a3b2,,0xa0b86991c6218b36c1d19d4a2e9eb0ce3606eb48,USDC,6,0xc02aaa39b223fe8d0a0e5c4f27ead9083c756cc2,WETH,18,4.974157,-0.002360854263068576,4.966695304113628,,1.7286491441634245e+33,199820.0,,,2026-04-01T00:41:35+00:00
swap,0x7f83e0c43443a27d10c2b0706f0dd4d56339f5b62c3e3003ffdf5be53a1a8342#1123497,1775004095,24781234,0x7f83e0c43443a27d10c2b0706f0dd4d56339f5b62c3e3003ffdf5be53a1a8342,66,0x8ad599c3a0ff1de082011efddc58f1908eb6e6d8,3000.0,0.0,111762610.0,0x66a9893cc07d91d95644aedd05d03f95e1dba8af,0xc7d03c73d5774283945b901066a7a9900b80aeef,0xc7d03c73d5774283945b901066a7a9900b80aeef,,0xa0b86991c6218b36c1d19d4a2e9eb0ce3606eb48,USDC,6,0xc02aaa39b223fe8d0a0e5c4f27ead9083c756cc2,WETH,18,-1.675446,0.0008,1.6779670539174814,,1.7286491902996936e+33,199820.0,,,2026-04-01T00:41:35+00:00
swap,0x67da6133398f46f533ca9ccf293421cd2f76f9e2298ead8d50eb6a012b604d3a#1123498,1775004659,24781281,0x67da6133398f46f533ca9ccf293421cd2f76f9e2298ead8d50eb6a012b604d3a,17,0x8ad599c3a0ff1de082011efddc58f1908eb6e6d8,3000.0,0.0,58840822206.0,0xbdb3ba9ffe392549e1f8658dd2630c141fdf47b6,0xbdb3ba9ffe392549e1f8658dd2630c141fdf47b6,0x5b43453fce04b92e190f391a83136bfbecedefd1,,0xa0b86991c6218b36c1d19d4a2e9eb0ce3606eb48,USDC,6,0xc02aaa39b223fe8d0a0e5c4f27ead9083c756cc2,WETH,18,32630.907818,-15.479391047379124,32573.53589844922,,1.7277538024485585e+33,199810.0,,,2026-04-01T00:50:59+00:00
swap,0xee6db4dc17cf72d95aa854e3d779a9fc1103eec84492f250f72529b601611164#1123499,1775004671,24781282,0xee6db4dc17cf72d95aa854e3d779a9fc1103eec84492f250f72529b601611164,26,0x8ad599c3a0ff1de082011efddc58f1908eb6e6d8,3000.0,0.0,26443393185.0,0xbdb3ba9ffe392549e1f8658dd2630c141fdf47b6,0xbdb3ba9ffe392549e1f8658dd2630c141fdf47b6,0x5b43453fce04b92e190f391a83136bfbecedefd1,,0xa0b86991c6218b36c1d19d4a2e9eb0ce3606eb48,USDC,6,0xc02aaa39b223fe8d0a0e5c4f27ead9083c756cc2,WETH,18,25822.677145,-12.238353426555193,25778.668828289086,,1.7270458887494667e+33,199801.0,,,2026-04-01T00:51:11+00:00
swap,0x5abde3a75a58d1e25cd8f1a9b631b2915fe3c1564905a60f2f5587bb069801fa#1123500,1775004683,24781283,0x5abde3a75a58d1e25cd8f1a9b631b2915fe3c1564905a60f2f5587bb069801fa,586,0x8ad599c3a0ff1de082011efddc58f1908eb6e6d8,3000.0,0.0,86841244.0,0xd226997439ecfbeff8e110c8c78c8a7eefd19f89,0xd226997439ecfbeff8e110c8c78c8a7eefd19f89,0x970df0f4bd124df46b1dee31329f7444f9e66b68,,0xa0b86991c6218b36c1d19d4a2e9eb0ce3606eb48,USDC,6,0xc02aaa39b223fe8d0a0e5c4f27ead9083c756cc2,WETH,18,0.306981,-0.000145430386642018,0.3065204992546063,,1.7270458803372107e+33,199801.0,,,2026-04-01T00:51:23+00:00
swap,0x761bfbf4895127d1f991dbc52287b4436bde29c6645af443401d89ff67ba8ee4#1123501,1775004695,24781284,0x761bfbf4895127d1f991dbc52287b4436bde29c6645af443401d89ff67ba8ee4,135,0x8ad599c3a0ff1de082011efddc58f1908eb6e6d8,3000.0,0.0,86856328.0,0x06cff7088619c7178f5e14f0b119458d08d2f5ef,0x06cff7088619c7178f5e14f0b119458d08d2f5ef,0xd7e1236c08731c3632519dcd1a581bfe6876a3b2,,0xa0b86991c6218b36c1d19d4a2e9eb0ce3606eb48,USDC,6,0xc02aaa39b223fe8d0a0e5c4f27ead9083c756cc2,WETH,18,0.171457,-8.1226429342731e-05,0.17119949976747448,,1.7270458756387599e+33,199801.0,,,2026-04-01T00:51:35+00:00
swap,0x1d063bb8405c767d2ae0c8bca8fabbb1b980071fce933c5834ac6234327215a6#1123502,1775004779,24781291,0x1d063bb8405c767d2ae0c8bca8fabbb1b980071fce933c5834ac6234327215a6,109,0x8ad599c3a0ff1de082011efddc58f1908eb6e6d8,3000.0,0.0,136882209.0,0x68b3465833fb72a70ecdf485e0e4c7bd8665fc45,0xad6cea45f98444a922a2b4fe96b8c90f0862d2f4,0x2102c32a09cbced4146c3db2d27ae21a185bda43,,0xa0b86991c6218b36c1d19d4a2e9eb0ce3606eb48,USDC,6,0xc02aaa39b223fe8d0a0e5c4f27ead9083c756cc2,WETH,18,2.227984,-0.001055494030897741,2.2246419607367303,,1.7270458145849026e+33,199801.0,,,2026-04-01T00:52:59+00:00
swap,0x7d050661ff34fbb16d64267289d0e23b3af072feb5e190fef0552032adf1e347#1123503,1775004887,24781300,0x7d050661ff34fbb16d64267289d0e23b3af072feb5e190fef0552032adf1e347,63,0x8ad599c3a0ff1de082011efddc58f1908eb6e6d8,3000.0,0.0,133101941.0,0x51c72848c68a965f66fa7a88855f9f7784502a7f,0x51c72848c68a965f66fa7a88855f9f7784502a7f,0xbaa3ef11659d347aae75c7bb67e29f1f8bb90843,,0xa0b86991c6218b36c1d19d4a2e9eb0ce3606eb48,USDC,6,0xc02aaa39b223fe8d0a0e5c4f27ead9083c756cc2,WETH,18,42125.892061,-19.943579663547155,42048.69951460925,,1.7258944350756878e+33,199788.0,,,2026-04-01T00:54:47+00:00
swap,0x5a569e97b7abf45a69e923045bd62d9b0a2ddc07937c1c8af4246ea3fc6f14bf#1123504,1775005199,24781326,0x5a569e97b7abf45a69e923045bd62d9b0a2ddc07937c1c8af4246ea3fc6f14bf,32,0x8ad599c3a0ff1de082011efddc58f1908eb6e6d8,3000.0,0.0,138602654.0,0x5050e08626c499411b5d0e0b5af0e83d3fd82edf,0x5050e08626c499411b5d0e0b5af0e83d3fd82edf,0x72bb8c608c4ea4a887266985e680a04c056f5b2a,,0xa0b86991c6218b36c1d19d4a2e9eb0ce3606eb48,USDC,6,0xc02aaa39b223fe8d0a0e5c4f27ead9083c756cc2,WETH,18,8753.929638,-4.141020260757592,8740.194454276923,,1.7256554390926652e+33,199785.0,,,2026-04-01T00:59:59+00:00
burn,0x254cd3ebe61a4c1304ec48d25fc4078a270c1e2b5a953b73c48e30999569b304#1123510,1775005259,24781331,0x254cd3ebe61a4c1304ec48d25fc4078a270c1e2b5a953b73c48e30999569b304,660,0x8ad599c3a0ff1de082011efddc58f1908eb6e6d8,3000.0,0.0,231734726.0,,,0x508a312cf7334b44b9ff22ac0bac1b3db9eed4e1,0xc36442b4a4522e871399cd717abdd847ab11fe88,0xa0b86991c6218b36c1d19d4a2e9eb0ce3606eb48,USDC,6,0xc02aaa39b223fe8d0a0e5c4f27ead9083c756cc2,WETH,18,0.0,0.0,0.0,0.0,,,199320.0,201360.0,2026-04-01T01:00:59+00:00
burn,0x01ac03960c190c8d9b31f14ded5cee577214847aadb2f26ca399081beffbe053#1123511,1775005307,24781335,0x01ac03960c190c8d9b31f14ded5cee577214847aadb2f26ca399081beffbe053,781,0x8ad599c3a0ff1de082011efddc58f1908eb6e6d8,3000.0,0.0,608124573.0,,,0x58699ab86f0449c30fd286a6b1546767c98ad30c,0xc36442b4a4522e871399cd717abdd847ab11fe88,0xa0b86991c6218b36c1d19d4a2e9eb0ce3606eb48,USDC,6,0xc02aaa39b223fe8d0a0e5c4f27ead9083c756cc2,WETH,18,1.54922,0.000336659818703855,2.258866856660198,86333224014.0,,,195840.0,209700.0,2026-04-01T01:01:47+00:00
burn,0xc2a824eebadf1296b64679d8f844f12d0348c42c3c64ba43eb58c7cea1ffeb72#1123512,1775005343,24781338,0xc2a824eebadf1296b64679d8f844f12d0348c42c3c64ba43eb58c7cea1ffeb72,260,0x8ad599c3a0ff1de082011efddc58f1908eb6e6d8,3000.0,0.0,203085722.0,,,0x508a312cf7334b44b9ff22ac0bac1b3db9eed4e1,0xc36442b4a4522e871399cd717abdd847ab11fe88,0xa0b86991c6218b36c1d19d4a2e9eb0ce3606eb48,USDC,6,0xc02aaa39b223fe8d0a0e5c4f27ead9083c756cc2,WETH,18,39.064389,0.005634883639683171,50.942187419610896,11240875136893.0,,,199320.0,201360.0,2026-04-01T01:02:23+00:00
burn,0xc2a824eebadf1296b64679d8f844f12d0348c42c3c64ba43eb58c7cea1ffeb72#1123513,1775005343,24781338,0xc2a824eebadf1296b64679d8f844f12d0348c42c3c64ba43eb58c7cea1ffeb72,262,0x8ad599c3a0ff1de082011efddc58f1908eb6e6d8,3000.0,0.0,203085722.0,,,0x508a312cf7334b44b9ff22ac0bac1b3db9eed4e1,0xc36442b4a4522e871399cd717abdd847ab11fe88,0xa0b86991c6218b36c1d19d4a2e9eb0ce3606eb48,USDC,6,0xc02aaa39b223fe8d0a0e5c4f27ead9083c756cc2,WETH,18,0.0,0.0,0.0,0.0,,,199320.0,201360.0,2026-04-01T01:02:23+00:00
swap,0x348d241fc4b9e88334cb72e2adad715c58eaeec01a343428b685fc337a135384#1123509,1775006375,24781424,0x348d241fc4b9e88334cb72e2adad715c58eaeec01a343428b685fc337a135384,41,0x8ad599c3a0ff1de082011efddc58f1908eb6e6d8,3000.0,0.0,878574639.0,0x51c72848c68a965f66fa7a88855f9f7784502a7f,0x51c72848c68a965f66fa7a88855f9f7784502a7f,0xeaa9ebddd373c4bd8bb92dfcc9c7e7fcdb268e51,,0xa0b86991c6218b36c1d19d4a2e9eb0ce3606eb48,USDC,6,0xc02aaa39b223fe8d0a0e5c4f27ead9083c756cc2,WETH,18,-4936.798916,2.3492719923052143,4944.4203434115725,,1.7257906199788344e+33,199787.0,,,2026-04-01T01:19:35+00:00
swap,0x271d6210f7ddf6f41e0b008ad52f3095efbba042241fde7d8638c8fd69f8c84b#1123510,1775006387,24781425,0x271d6210f7ddf6f41e0b008ad52f3095efbba042241fde7d8638c8fd69f8c84b,27,0x8ad599c3a0ff1de082011efddc58f1908eb6e6d8,3000.0,0.0,137969688.0,0x51c72848c68a965f66fa7a88855f9f7784502a7f,0x51c72848c68a965f66fa7a88855f9f7784502a7f,0xab2f731f01621b529225b3fb47cf404ccda099ff,,0xa0b86991c6218b36c1d19d4a2e9eb0ce3606eb48,USDC,6,0xc02aaa39b223fe8d0a0e5c4f27ead9083c756cc2,WETH,18,-8313.646985,3.957042890184,8326.705066513936,,1.7260183145864646e+33,199789.0,,,2026-04-01T01:19:47+00:00
swap,0x59f8084b4974cc434019bc41e66cec93be21fd716dbd030017df35f4e67a2f46#1123511,1775006555,24781439,0x59f8084b4974cc434019bc41e66cec93be21fd716dbd030017df35f4e67a2f46,59,0x8ad599c3a0ff1de082011efddc58f1908eb6e6d8,3000.0,0.0,1851989956.0,0x51c72848c68a965f66fa7a88855f9f7784502a7f,0x51c72848c68a965f66fa7a88855f9f7784502a7f,0x45e6345d5755f13e98e6cf94c426f6ffbc7aadcc,,0xa0b86991c6218b36c1d19d4a2e9eb0ce3606eb48,USDC,6,0xc02aaa39b223fe8d0a0e5c4f27ead9083c756cc2,WETH,18,-7694.002664,3.663041488799786,7706.049595692812,,1.7262290918809424e+33,199792.0,,,2026-04-01T01:22:35+00:00
swap,0x8fde67e65f9c5a624248ee720428a5aeb2137c35a306028c0b52f395f9021607#1123512,1775006615,24781444,0x8fde67e65f9c5a624248ee720428a5aeb2137c35a306028c0b52f395f9021607,18,0x8ad599c3a0ff1de082011efddc58f1908eb6e6d8,3000.0,0.0,117404647.0,0x51c72848c68a965f66fa7a88855f9f7784502a7f,0x51c72848c68a965f66fa7a88855f9f7784502a7f,0xc8df1a5953aa7f62a35ff1501e0c10eb3c33ebfe,,0xa0b86991c6218b36c1d19d4a2e9eb0ce3606eb48,USDC,6,0xc02aaa39b223fe8d0a0e5c4f27ead9083c756cc2,WETH,18,-6960.003513,3.314362252318485,6970.860559912871,,1.7264198056117586e+33,199794.0,,,2026-04-01T01:23:35+00:00
mint,0xc358bc269712c8e66858c29c57a4e9b782f0220376c4ad7e2cf450eee11efb95#1123513,1775006627,24781445,0xc358bc269712c8e66858c29c57a4e9b782f0220376c4ad7e2cf450eee11efb95,31,0x8ad599c3a0ff1de082011efddc58f1908eb6e6d8,3000.0,0.0,179372345.0,0xc36442b4a4522e871399cd717abdd847ab11fe88,,0x59587869b27dceadba1bd76bd05c334b5b7e462e,0xc36442b4a4522e871399cd717abdd847ab11fe88,0xa0b86991c6218b36c1d19d4a2e9eb0ce3606eb48,USDC,6,0xc02aaa39b223fe8d0a0e5c4f27ead9083c756cc2,WETH,18,198.829816,0.052347576971621346,309.0758391650408,82021020421225.0,,,199200.0,200880.0,2026-04-01T01:23:47+00:00
swap,0x0953ffee759706cfd90e331d3c12663d8e4e022026a7760326ab8be7c4f4005c#1123514,1775006651,24781447,0x0953ffee759706cfd90e331d3c12663d8e4e022026a7760326ab8be7c4f4005c,232,0x8ad599c3a0ff1de082011efddc58f1908eb6e6d8,3000.0,0.0,105087903.0,0x15893515f06036b37775cef10477fb4b85be3ee6,0x15893515f06036b37775cef10477fb4b85be3ee6,0x06a2d004a003250f6fc7bc0687182c46826edd54,,0xa0b86991c6218b36c1d19d4a2e9eb0ce3606eb48,USDC,6,0xc02aaa39b223fe8d0a0e5c4f27ead9083c756cc2,WETH,18,-1996.075989,0.9506689815768073,1999.1108294663695,,1.7264745053645976e+33,199795.0,,,2026-04-01T01:24:11+00:00
swap,0x0d28033cbf47bdb721191b77deff2f88fa992f96206120f57505a9b609e39662#1123515,1775006663,24781448,0x0d28033cbf47bdb721191b77deff2f88fa992f96206120f57505a9b609e39662,51,0x8ad599c3a0ff1de082011efddc58f1908eb6e6d8,3000.0,0.0,3914562975.0,0xbdb3ba9ffe392549e1f8658dd2630c141fdf47b6,0xbdb3ba9ffe392549e1f8658dd2630c141fdf47b6,0x5b43453fce04b92e190f391a83136bfbecedefd1,,0xa0b86991c6218b36c1d19d4a2e9eb0ce3606eb48,USDC,6,0xc02aaa39b223fe8d0a0e5c4f27ead9083c756cc2,WETH,18,-6139.063461,2.9242227967415877,6148.599808084465,,1.726642759791036e+33,199797.0,,,2026-04-01T01:24:23+00:00
swap,0x486ec2d35a8c841c82a42e2f631490e77c6bea5d53b84c6c05dcaf40b2d5daa9#1123516,1775006795,24781459,0x486ec2d35a8c841c82a42e2f631490e77c6bea5d53b84c6c05dcaf40b2d5daa9,1019,0x8ad599c3a0ff1de082011efddc58f1908eb6e6d8,3000.0,0.0,103346172.0,0x06cff7088619c7178f5e14f0b119458d08d2f5ef,0x06cff7088619c7178f5e14f0b119458d08d2f5ef,0xdf8adfe10d4a4d9f0fc4d3e377a6e8d5730eb40c,,0xa0b86991c6218b36c1d19d4a2e9eb0ce3606eb48,USDC,6,0xc02aaa39b223fe8d0a0e5c4f27ead9083c756cc2,WETH,18,1.3582,-0.000643138581004619,1.356162485445686,,1.7266427226746702e+33,199797.0,,,2026-04-01T01:26:35+00:00
swap,0x1410cf1bfc6c20f20c9d93b8d7db3d96e6478bcfa2aa6626d50e6e979cac041f#1123517,1775006795,24781459,0x1410cf1bfc6c20f20c9d93b8d7db3d96e6478bcfa2aa6626d50e6e979cac041f,1035,0x8ad599c3a0ff1de082011efddc58f1908eb6e6d8,3000.0,0.0,103346172.0,0xd226997439ecfbeff8e110c8c78c8a7eefd19f89,0xd226997439ecfbeff8e110c8c78c8a7eefd19f89,0xae0cc0d6e76c2b13451ab90cd13a5fa71a5c59ba,,0xa0b86991c6218b36c1d19d4a2e9eb0ce3606eb48,USDC,6,0xc02aaa39b223fe8d0a0e5c4f27ead9083c756cc2,WETH,18,0.396256,-0.000187636165587687,0.39566149876115786,,1.7266427118459426e+33,199797.0,,,2026-04-01T01:26:35+00:00
swap,0x30c3e29e79455ca39eb34257367fbdb4cfdf75308546a47f49ca291b48b0b393#1123518,1775006819,24781461,0x30c3e29e79455ca39eb34257367fbdb4cfdf75308546a47f49ca291b48b0b393,26,0x8ad599c3a0ff1de082011efddc58f1908eb6e6d8,3000.0,0.0,2793462798.0,0xbdb3ba9ffe392549e1f8658dd2630c141fdf47b6,0xbdb3ba9ffe392549e1f8658dd2630c141fdf47b6,0x5b43453fce04b92e190f391a83136bfbecedefd1,,0xa0b86991c6218b36c1d19d4a2e9eb0ce3606eb48,USDC,6,0xc02aaa39b223fe8d0a0e5c4f27ead9083c756cc2,WETH,18,-4315.565523,2.055976292410075,4322.206630596924,,1.7267610089579944e+33,199798.0,,,2026-04-01T01:26:59+00:00
swap,0x1dade7f75c43ae26c71b0bdd9d2a7c4881fdebf4aa0ab869e7ddefa74c415f41#1123519,1775006951,24781472,0x1dade7f75c43ae26c71b0bdd9d2a7c4881fdebf4aa0ab869e7ddefa74c415f41,142,0x8ad599c3a0ff1de082011efddc58f1908eb6e6d8,3000.0,0.0,2125466840.0,0xc10ee9031f2a0b84766a86b55a8d90f357910fb4,0xc10ee9031f2a0b84766a86b55a8d90f357910fb4,0x488f292d652e278cab8b7dc1c372370a9f9b5655,,0xa0b86991c6218b36c1d19d4a2e9eb0ce3606eb48,USDC,6,0xc02aaa39b223fe8d0a0e5c4f27ead9083c756cc2,WETH,18,-3328.169262,1.5857637801178646,3333.264732601863,,1.7268522509028924e+33,199799.0,,,2026-04-01T01:29:11+00:00
swap,0xfb861897408b2db99b10b71b97e6181743a84e269f57260e580cf624eb00a391#1123520,1775006987,24781475,0xfb861897408b2db99b10b71b97e6181743a84e269f57260e580cf624eb00a391,47,0x8ad599c3a0ff1de082011efddc58f1908eb6e6d8,3000.0,0.0,120710492.0,0x0bb7a4fdea32910038dec59c20ccae3a6e66b09f,0x0bb7a4fdea32910038dec59c20ccae3a6e66b09f,0x77ac877d866e5c8a7cb16ef739f6780cdf58235f,,0xa0b86991c6218b36c1d19d4a2e9eb0ce3606eb48,USDC,6,0xc02aaa39b223fe8d0a0e5c4f27ead9083c756cc2,WETH,18,-2000.895663,0.953442,2003.9379236175587,,1.7269071498088618e+33,199800.0,,,2026-04-01T01:29:47+00:00
swap,0xfec17aea9c4823f5d476142d0fe10b62a375c5c5fab2044cbd69ec0ae0e16609#1123521,1775007275,24781499,0xfec17aea9c4823f5d476142d0fe10b62a375c5c5fab2044cbd69ec0ae0e16609,18,0x8ad599c3a0ff1de082011efddc58f1908eb6e6d8,3000.0,0.0,24079397071.0,0xbdb3ba9ffe392549e1f8658dd2630c141fdf47b6,0xbdb3ba9ffe392549e1f8658dd2630c141fdf47b6,0x5b43453fce04b92e190f391a83136bfbecedefd1,,0xa0b86991c6218b36c1d19d4a2e9eb0ce3606eb48,USDC,6,0xc02aaa39b223fe8d0a0e5c4f27ead9083c756cc2,WETH,18,-20849.749581,9.938677654555796,20884.588598537473,,1.727480287110342e+33,199806.0,,,2026-04-01T01:34:35+00:00
swap,0x5a78b4522a7e0bcc787f32042ec659d79c04a51cb680d84ee8ae74671e87c758#1123522,1775007311,24781502,0x5a78b4522a7e0bcc787f32042ec659d79c04a51cb680d84ee8ae74671e87c758,8,0x8ad599c3a0ff1de082011efddc58f1908eb6e6d8,3000.0,0.0,23089225901.0,0x51c72848c68a965f66fa7a88855f9f7784502a7f,0x51c72848c68a965f66fa7a88855f9f7784502a7f,0x51301f41c8f83fbdffaeee11f846e9c114fb8046,,0xa0b86991c6218b36c1d19d4a2e9eb0ce3606eb48,USDC,6,0xc02aaa39b223fe8d0a0e5c4f27ead9083c756cc2,WETH,18,-28510.050224,13.600879555407513,28559.435656414407,,1.728264613926955e+33,199815.0,,,2026-04-01T01:35:11+00:00
swap,0x3873fee5119bc1d61b6e1d3d0d5b524a9f94d27d2361335888dba7e1e82160cf#1123523,1775007323,24781503,0x3873fee5119bc1d61b6e1d3d0d5b524a9f94d27d2361335888dba7e1e82160cf,23,0x8ad599c3a0ff1de082011efddc58f1908eb6e6d8,3000.0,0.0,113339109602.0,0xbdb3ba9ffe392549e1f8658dd2630c141fdf47b6,0xbdb3ba9ffe392549e1f8658dd2630c141fdf47b6,0x5b43453fce04b92e190f391a83136bfbecedefd1,,0xa0b86991c6218b36c1d19d4a2e9eb0ce3606eb48,USDC,6,0xc02aaa39b223fe8d0a0e5c4f27ead9083c756cc2,WETH,18,-41600.932472,19.868131823995906,41677.35267662739,,1.7294103566358795e+33,199829.0,,,2026-04-01T01:35:23+00:00
swap,0xc389faaee57af9d6365d53e0c65a25025471561f56612e4dbb936377705b69e1#1123524,1775007335,24781504,0xc389faaee57af9d6365d53e0c65a25025471561f56612e4dbb936377705b69e1,19,0x8ad599c3a0ff1de082011efddc58f1908eb6e6d8,3000.0,0.0,110425370.0,0x51c72848c68a965f66fa7a88855f9f7784502a7f,0x51c72848c68a965f66fa7a88855f9f7784502a7f,0x58a497019644d8c383c8d3764c32ffd43506e836,,0xa0b86991c6218b36c1d19d4a2e9eb0ce3606eb48,USDC,6,0xc02aaa39b223fe8d0a0e5c4f27ead9083c756cc2,WETH,18,-18277.998063,8.73769597242592,18308.16830402202,,1.7299142364944332e+33,199835.0,,,2026-04-01T01:35:35+00:00
swap,0x47ebdc3b42485ca4a42739e8ac63e0663be1b8ec59554ee3e62a8f8fb0d5eb42#1123525,1775007335,24781504,0x47ebdc3b42485ca4a42739e8ac63e0663be1b8ec59554ee3e62a8f8fb0d5eb42,625,0x8ad599c3a0ff1de082011efddc58f1908eb6e6d8,3000.0,0.0,110425370.0,0xd226997439ecfbeff8e110c8c78c8a7eefd19f89,0xd226997439ecfbeff8e110c8c78c8a7eefd19f89,0x8a3999c2a419d11635a5146035824a49c33ca211,,0xa0b86991c6218b36c1d19d4a2e9eb0ce3606eb48,USDC,6,0xc02aaa39b223fe8d0a0e5c4f27ead9083c756cc2,WETH,18,1e-06,0.0,5e-07,,1.7299142364944332e+33,199835.0,,,2026-04-01T01:35:35+00:00
swap,0x0f4c4b0bba187eb7051f13433ccdf6261c5596ae7df436d4da24b42692ea659d#1123526,1775007839,24781546,0x0f4c4b0bba187eb7051f13433ccdf6261c5596ae7df436d4da24b42692ea659d,172,0x8ad599c3a0ff1de082011efddc58f1908eb6e6d8,3000.0,0.0,221446537.0,0xe592427a0aece92de3edee1f18e0157c05861564,0xe592427a0aece92de3edee1f18e0157c05861564,0x63247d1d0e88e84919a0c44def16229948912bba,,0xa0b86991c6218b36c1d19d4a2e9eb0ce3606eb48,USDC,6,0xc02aaa39b223fe8d0a0e5c4f27ead9083c756cc2,WETH,18,10.519255,-0.005,10.503474727836075,,1.7299139472900203e+33,199834.0,,,2026-04-01T01:43:59+00:00
swap,0x8957a957ec925582fff94012c8f92e9899aea83b4eb6c27acc9d795c302bdc9e#1123527,1775007851,24781547,0x8957a957ec925582fff94012c8f92e9899aea83b4eb6c27acc9d795c302bdc9e,181,0x8ad599c3a0ff1de082011efddc58f1908eb6e6d8,3000.0,0.0,122746251.0,0x06cff7088619c7178f5e14f0b119458d08d2f5ef,0x06cff7088619c7178f5e14f0b119458d08d2f5ef,0xf07b4d27cae6571857e51ab3fb209f5226de2d88,,0xa0b86991c6218b36c1d19d4a2e9eb0ce3606eb48,USDC,6,0xc02aaa39b223fe8d0a0e5c4f27ead9083c756cc2,WETH,18,0.970666,-0.000461375789305336,0.9692099925355091,,1.7299139206036376e+33,199834.0,,,2026-04-01T01:44:11+00:00
swap,0xe2e3088e06f4013b917c336d560027ee61daf8f49d6e46d269b32629b417098a#1123528,1775008547,24781605,0xe2e3088e06f4013b917c336d560027ee61daf8f49d6e46d269b32629b417098a,317,0x8ad599c3a0ff1de082011efddc58f1908eb6e6d8,3000.0,0.0,198263009.0,0xe592427a0aece92de3edee1f18e0157c05861564,0x2a93f88e70df0ebe9cadaf72940de5a4f4204a29,0x2a93f88e70df0ebe9cadaf72940de5a4f4204a29,,0xa0b86991c6218b36c1d19d4a2e9eb0ce3606eb48,USDC,6,0xc02aaa39b223fe8d0a0e5c4f27ead9083c756cc2,WETH,18,-0.209124,0.0001,0.20943898285881746,,1.7299139263703734e+33,199834.0,,,2026-04-01T01:55:47+00:00
swap,0xdfea592d154b4a5ea766bf5aa8c7a198acb30591a7dd22b98273346c56cf2244#1123529,1775008607,24781610,0xdfea592d154b4a5ea766bf5aa8c7a198acb30591a7dd22b98273346c56cf2244,166,0x8ad599c3a0ff1de082011efddc58f1908eb6e6d8,3000.0,0.0,2008190652.0,0xe592427a0aece92de3edee1f18e0157c05861564,0xeb1646852b7d015f8cbac6894ec6c51ce2c2605c,0xeb1646852b7d015f8cbac6894ec6c51ce2c2605c,,0xa0b86991c6218b36c1d19d4a2e9eb0ce3606eb48,USDC,6,0xc02aaa39b223fe8d0a0e5c4f27ead9083c756cc2,WETH,18,-3.139296,0.00150116,3.144019305386967,,1.7299140129383075e+33,199834.0,,,2026-04-01T01:56:47+00:00
swap,0x1dd12dc81032dd43fb6acd9473f19576e6b51580450c6418656e65c453b01e37#1123530,1775009267,24781665,0x1dd12dc81032dd43fb6acd9473f19576e6b51580450c6418656e65c453b01e37,162,0x8ad599c3a0ff1de082011efddc58f1908eb6e6d8,3000.0,0.0,107991555.0,0xd226997439ecfbeff8e110c8c78c8a7eefd19f89,0xd226997439ecfbeff8e110c8c78c8a7eefd19f89,0x970df0f4bd124df46b1dee31329f7444f9e66b68,,0xa0b86991c6218b36c1d19d4a2e9eb0ce3606eb48,USDC,6,0xc02aaa39b223fe8d0a0e5c4f27ead9083c756cc2,WETH,18,0.150091,-7.1340732512614e-05,0.1498654998215293,,1.7299140088118965e+33,199834.0,,,2026-04-01T02:07:47+00:00
swap,0x865054c39a36fa24bdf2a8bd08e0bdf6abf7c56e091eaf591dd4dab4377618d4#1123531,1775009483,24781683,0x865054c39a36fa24bdf2a8bd08e0bdf6abf7c56e091eaf591dd4dab4377618d4,48,0x8ad599c3a0ff1de082011efddc58f1908eb6e6d8,3000.0,0.0,42230959477.0,0xbdb3ba9ffe392549e1f8658dd2630c141fdf47b6,0xbdb3ba9ffe392549e1f8658dd2630c141fdf47b6,0x5b43453fce04b92e190f391a83136bfbecedefd1,,0xa0b86991c6218b36c1d19d4a2e9eb0ce3606eb48,USDC,6,0xc02aaa39b223fe8d0a0e5c4f27ead9083c756cc2,WETH,18,-14300.040749,6.83960448905723,14323.190470579984,,1.7303084307457092e+33,199839.0,,,2026-04-01T02:11:23+00:00
swap,0xec8c107906ce6946f12c0a1f122f3fb504f52a2beaf841eddd997b8213529db4#1123532,1775009507,24781685,0xec8c107906ce6946f12c0a1f122f3fb504f52a2beaf841eddd997b8213529db4,31,0x8ad599c3a0ff1de082011efddc58f1908eb6e6d8,3000.0,0.0,171591613.0,0x51c72848c68a965f66fa7a88855f9f7784502a7f,0x51c72848c68a965f66fa7a88855f9f7784502a7f,0x115d0a42f5dd6fabf392edd0831932875b3ffb22,,0xa0b86991c6218b36c1d19d4a2e9eb0ce3606eb48,USDC,6,0xc02aaa39b223fe8d0a0e5c4f27ead9083c756cc2,WETH,18,-13753.091295,6.580945443156241,13775.295767048956,,1.730687936495224e+33,199843.0,,,2026-04-01T02:11:47+00:00
swap,0x5ac635fd8c2ac95f0b9b1633b4fcb133fbd1fdcd58af0b50eb71abce99c71c6e#1123533,1775009519,24781686,0x5ac635fd8c2ac95f0b9b1633b4fcb133fbd1fdcd58af0b50eb71abce99c71c6e,358,0x8ad599c3a0ff1de082011efddc58f1908eb6e6d8,3000.0,0.0,755447910.0,0x990636ecb3ff04d33d92e970d3d588bf5cd8d086,0xa5d87aab3b1818ba74875db0e69ae91588de004f,0xd3ff34fbe635e294eb29810a9edbef0bbae52a63,,0xa0b86991c6218b36c1d19d4a2e9eb0ce3606eb48,USDC,6,0xc02aaa39b223fe8d0a0e5c4f27ead9083c756cc2,WETH,18,-3251.289526,1.5561855239801006,3256.2656834047834,,1.7307776776059447e+33,199844.0,,,2026-04-01T02:11:59+00:00
swap,0x6d45666b83dd7753404b78cd8ea3606cbefe223b087bf97251179af61f0d39e2#1123534,1775009519,24781686,0x6d45666b83dd7753404b78cd8ea3606cbefe223b087bf97251179af61f0d39e2,368,0x8ad599c3a0ff1de082011efddc58f1908eb6e6d8,3000.0,0.0,164451967.0,0xeff6cb8b614999d130e537751ee99724d01aa167,0xeff6cb8b614999d130e537751ee99724d01aa167,0x57c9a3ffb434673c2b3642634b3d65624355b2d2,,0xa0b86991c6218b36c1d19d4a2e9eb0ce3606eb48,USDC,6,0xc02aaa39b223fe8d0a0e5c4f27ead9083c756cc2,WETH,18,-5002.257096,2.3945775270814744,5009.983211024073,,1.7309157665700666e+33,199846.0,,,2026-04-01T02:11:59+00:00
swap,0x2b25c2b130c09616885779254122c070a229ee27f18c5a038598b1c28a07649d#1123535,1775009651,24781697,0x2b25c2b130c09616885779254122c070a229ee27f18c5a038598b1c28a07649d,246,0x8ad599c3a0ff1de082011efddc58f1908eb6e6d8,3000.0,0.0,132911345.0,0x15893515f06036b37775cef10477fb4b85be3ee6,0x15893515f06036b37775cef10477fb4b85be3ee6,0x06a2d004a003250f6fc7bc0687182c46826edd54,,0xa0b86991c6218b36c1d19d4a2e9eb0ce3606eb48,USDC,6,0xc02aaa39b223fe8d0a0e5c4f27ead9083c756cc2,WETH,18,-2011.590331,0.963054834198633,2014.6491642189808,,1.7309713033998173e+33,199847.0,,,2026-04-01T02:14:11+00:00
swap,0x452a77d17a8b2388cd4b3748da0d8715c7c237f648f9ae84ae7ad8ec37b5ece9#1123536,1775009747,24781705,0x452a77d17a8b2388cd4b3748da0d8715c7c237f648f9ae84ae7ad8ec37b5ece9,121,0x8ad599c3a0ff1de082011efddc58f1908eb6e6d8,3000.0,0.0,217377451.0,0xe592427a0aece92de3edee1f18e0157c05861564,0x2a93f88e70df0ebe9cadaf72940de5a4f4204a29,0x2a93f88e70df0ebe9cadaf72940de5a4f4204a29,,0xa0b86991c6218b36c1d19d4a2e9eb0ce3606eb48,USDC,6,0xc02aaa39b223fe8d0a0e5c4f27ead9083c756cc2,WETH,18,-2.088692,0.001,2.091834914844274,,1.7309713610671772e+33,199847.0,,,2026-04-01T02:15:47+00:00
mint,0x77d482597f3303d0ea1e092180d09be287314fc4dbb780e6f732c66cffdc0697#1123537,1775010143,24781738,0x77d482597f3303d0ea1e092180d09be287314fc4dbb780e6f732c66cffdc0697,399,0x8ad599c3a0ff1de082011efddc58f1908eb6e6d8,3000.0,0.0,123571695.0,0xc36442b4a4522e871399cd717abdd847ab11fe88,,0x7b258fe59b8415e14b527ceb911d48af919731b4,0xc36442b4a4522e871399cd717abdd847ab11fe88,0xa0b86991c6218b36c1d19d4a2e9eb0ce3606eb48,USDC,6,0xc02aaa39b223fe8d0a0e5c4f27ead9083c756cc2,WETH,18,60.038395,0.03399999995992466,131.26763637944507,13832082520067.0,,,197460.0,201840.0,2026-04-01T02:22:23+00:00
burn,0xff9d348bab2b9a81e4a87b669eca62343464ae9d5ecc18ca393a2a22232996ac#1123543,1775010335,24781754,0xff9d348bab2b9a81e4a87b669eca62343464ae9d5ecc18ca393a2a22232996ac,460,0x8ad599c3a0ff1de082011efddc58f1908eb6e6d8,3000.0,0.0,141071295.0,,,0x7b258fe59b8415e14b527ceb911d48af919731b4,0xc36442b4a4522e871399cd717abdd847ab11fe88,0xa0b86991c6218b36c1d19d4a2e9eb0ce3606eb48,USDC,6,0xc02aaa39b223fe8d0a0e5c4f27ead9083c756cc2,WETH,18,60.038394,0.03399999995992466,131.26763537944507,13832082520067.0,,,197460.0,201840.0,2026-04-01T02:25:35+00:00
swap,0x4e49215252a60ab73b282e3f60691148e00ce54aa2ffdc9abc3ce3634bcb060c#1123539,1775010419,24781761,0x4e49215252a60ab73b282e3f60691148e00ce54aa2ffdc9abc3ce3634bcb060c,17,0x8ad599c3a0ff1de082011efddc58f1908eb6e6d8,3000.0,0.0,94582852069.0,0xbdb3ba9ffe392549e1f8658dd2630c141fdf47b6,0xbdb3ba9ffe392549e1f8658dd2630c141fdf47b6,0x5b43453fce04b92e190f391a83136bfbecedefd1,,0xa0b86991c6218b36c1d19d4a2e9eb0ce3606eb48,USDC,6,0xc02aaa39b223fe8d0a0e5c4f27ead9083c756cc2,WETH,18,-47682.54441,22.846449830644794,47772.67355159556,,1.732374347417586e+33,199863.0,,,2026-04-01T02:26:59+00:00
swap,0xf33a36629b9361849bebabd0c1847415a590243fa0d2521d90ee4f66239d274e#1123540,1775010431,24781762,0xf33a36629b9361849bebabd0c1847415a590243fa0d2521d90ee4f66239d274e,407,0x8ad599c3a0ff1de082011efddc58f1908eb6e6d8,3000.0,0.0,97770609.0,0x51c72848c68a965f66fa7a88855f9f7784502a7f,0x51c72848c68a965f66fa7a88855f9f7784502a7f,0x2c1b3240631826cd4f9a894a207c09b6e861dce8,,0xa0b86991c6218b36c1d19d4a2e9eb0ce3606eb48,USDC,6,0xc02aaa39b223fe8d0a0e5c4f27ead9083c756cc2,WETH,18,-20498.426051,9.8344337577929,20533.99389310875,,1.7331710471628066e+33,199872.0,,,2026-04-01T02:27:11+00:00
swap,0x1e1cc71ca79efcfaed23a26e8685baad5bbfe382243a9f421d1215403f153d7a#1123541,1775010611,24781777,0x1e1cc71ca79efcfaed23a26e8685baad5bbfe382243a9f421d1215403f153d7a,23,0x8ad599c3a0ff1de082011efddc58f1908eb6e6d8,3000.0,0.0,146344995.0,0x51c72848c68a965f66fa7a88855f9f7784502a7f,0x51c72848c68a965f66fa7a88855f9f7784502a7f,0x81dc771e308c76c3e06f635abed7fb24830fb824,,0xa0b86991c6218b36c1d19d4a2e9eb0ce3606eb48,USDC,6,0xc02aaa39b223fe8d0a0e5c4f27ead9083c756cc2,WETH,18,-13823.226868,6.637013010275144,13846.174706144151,,1.7337087198651238e+33,199878.0,,,2026-04-01T02:30:11+00:00
swap,0xf9ae6d6c46b5137f7924efab95966eeb14f435b0c7c3fb23badb665f12236464#1123542,1775012843,24781960,0xf9ae6d6c46b5137f7924efab95966eeb14f435b0c7c3fb23badb665f12236464,26,0x8ad599c3a0ff1de082011efddc58f1908eb6e6d8,3000.0,0.0,31769063917.0,0xbdb3ba9ffe392549e1f8658dd2630c141fdf47b6,0xbdb3ba9ffe392549e1f8658dd2630c141fdf47b6,0x5b43453fce04b92e190f391a83136bfbecedefd1,,0xa0b86991c6218b36c1d19d4a2e9eb0ce3606eb48,USDC,6,0xc02aaa39b223fe8d0a0e5c4f27ead9083c756cc2,WETH,18,18000.599647,-8.590142103980739,17969.986092322186,,1.7330107277624771e+33,199870.0,,,2026-04-01T03:07:23+00:00
swap,0x4b3b0afe75eeb99acb49befac06a5b246dc4db6599749899cbc1d794b5e378b6#1123543,1775012855,24781961,0x4b3b0afe75eeb99acb49befac06a5b246dc4db6599749899cbc1d794b5e378b6,109,0x8ad599c3a0ff1de082011efddc58f1908eb6e6d8,3000.0,0.0,2368681443.0,0xbdb3ba9ffe392549e1f8658dd2630c141fdf47b6,0xbdb3ba9ffe392549e1f8658dd2630c141fdf47b6,0x5b43453fce04b92e190f391a83136bfbecedefd1,,0xa0b86991c6218b36c1d19d4a2e9eb0ce3606eb48,USDC,6,0xc02aaa39b223fe8d0a0e5c4f27ead9083c756cc2,WETH,18,4439.853102,-2.1176977256566167,4432.973563013535,,1.7328386542076502e+33,199868.0,,,2026-04-01T03:07:35+00:00
swap,0xd90271c758a151c6c46b02ff156d561423036f5df6672e88b813a18bba58b214#1123544,1775012927,24781967,0xd90271c758a151c6c46b02ff156d561423036f5df6672e88b813a18bba58b214,39,0x8ad599c3a0ff1de082011efddc58f1908eb6e6d8,3000.0,0.0,754125138.0,0xbdb3ba9ffe392549e1f8658dd2630c141fdf47b6,0xbdb3ba9ffe392549e1f8658dd2630c141fdf47b6,0x5b43453fce04b92e190f391a83136bfbecedefd1,,0xa0b86991c6218b36c1d19d4a2e9eb0ce3606eb48,USDC,6,0xc02aaa39b223fe8d0a0e5c4f27ead9083c756cc2,WETH,18,1847.682235,-0.8811738148725738,1844.8726534911898,,1.7327670544184504e+33,199867.0,,,2026-04-01T03:08:47+00:00
swap,0x61f1beab4d1154a80062d32094854efe22925b69efa469ecd5fcf54f35a38c99#1123545,1775012939,24781968,0x61f1beab4d1154a80062d32094854efe22925b69efa469ecd5fcf54f35a38c99,26,0x8ad599c3a0ff1de082011efddc58f1908eb6e6d8,3000.0,0.0,122258485178.0,0xbdb3ba9ffe392549e1f8658dd2630c141fdf47b6,0xbdb3ba9ffe392549e1f8658dd2630c141fdf47b6,0x5b43453fce04b92e190f391a83136bfbecedefd1,,0xa0b86991c6218b36c1d19d4a2e9eb0ce3606eb48,USDC,6,0xc02aaa39b223fe8d0a0e5c4f27ead9083c756cc2,WETH,18,55511.148968,-26.44413567708192,55398.12962282662,,1.731038849438048e+33,199848.0,,,2026-04-01T03:08:59+00:00
swap,0x0291aaef2ca1fa61c85855a50faa1539d45bef6fb132a14619cfd3e562bb37ca#1123546,1775012987,24781972,0x0291aaef2ca1fa61c85855a50faa1539d45bef6fb132a14619cfd3e562bb37ca,24,0x8ad599c3a0ff1de082011efddc58f1908eb6e6d8,3000.0,0.0,26492656763.0,0xbdb3ba9ffe392549e1f8658dd2630c141fdf47b6,0xbdb3ba9ffe392549e1f8658dd2630c141fdf47b6,0x5b43453fce04b92e190f391a83136bfbecedefd1,,0xa0b86991c6218b36c1d19d4a2e9eb0ce3606eb48,USDC,6,0xc02aaa39b223fe8d0a0e5c4f27ead9083c756cc2,WETH,18,20082.264225,-9.554844421095815,20048.94466081876,,1.7304861888038904e+33,199841.0,,,2026-04-01T03:09:47+00:00
swap,0x2cc970d950278b943e5f2c9c6c3e64657efa77117a8d0caf2412a0000be8077e#1123547,1775012999,24781973,0x2cc970d950278b943e5f2c9c6c3e64657efa77117a8d0caf2412a0000be8077e,46,0x8ad599c3a0ff1de082011efddc58f1908eb6e6d8,3000.0,0.0,14692749136.0,0xbdb3ba9ffe392549e1f8658dd2630c141fdf47b6,0xbdb3ba9ffe392549e1f8658dd2630c141fdf47b6,0x5b43453fce04b92e190f391a83136bfbecedefd1,,0xa0b86991c6218b36c1d19d4a2e9eb0ce3606eb48,USDC,6,0xc02aaa39b223fe8d0a0e5c4f27ead9083c756cc2,WETH,18,15312.008545,-7.281128938527767,15287.182886581208,,1.7300650418799629e+33,199836.0,,,2026-04-01T03:09:59+00:00
swap,0xc88f8ef0f3d5ae3bb5c55ced98df3496bb57d0d7db045881e2cf3c52f804d61c#1123548,1775013047,24781977,0xc88f8ef0f3d5ae3bb5c55ced98df3496bb57d0d7db045881e2cf3c52f804d61c,584,0x8ad599c3a0ff1de082011efddc58f1908eb6e6d8,3000.0,0.0,610952988.0,0x990636ecb3ff04d33d92e970d3d588bf5cd8d086,0x990636ecb3ff04d33d92e970d3d588bf5cd8d086,0xcf31ea6dda46b8be7e98ef3f58d5f2a65147c2e7,,0xa0b86991c6218b36c1d19d4a2e9eb0ce3606eb48,USDC,6,0xc02aaa39b223fe8d0a0e5c4f27ead9083c756cc2,WETH,18,298.2525,-0.14178911296280702,297.80441620206904,,1.7300568406725298e+33,199836.0,,,2026-04-01T03:10:47+00:00
swap,0x1a1b793fda0a77821df8b0dc8eb931901e29653684ffb8ddc57ebdffe1250a5f#1123549,1775013275,24781996,0x1a1b793fda0a77821df8b0dc8eb931901e29653684ffb8ddc57ebdffe1250a5f,274,0x8ad599c3a0ff1de082011efddc58f1908eb6e6d8,3000.0,0.0,1913352134.0,0xe592427a0aece92de3edee1f18e0157c05861564,0xeb1646852b7d015f8cbac6894ec6c51ce2c2605c,0xeb1646852b7d015f8cbac6894ec6c51ce2c2605c,,0xa0b86991c6218b36c1d19d4a2e9eb0ce3606eb48,USDC,6,0xc02aaa39b223fe8d0a0e5c4f27ead9083c756cc2,WETH,18,-3.45237,0.00165114,3.4575647206200695,,1.7300569358894147e+33,199836.0,,,2026-04-01T03:14:35+00:00
swap,0xa296bfabf886c99c4221e716d989d1649b34fc34d1057f6eeb8b356e05d36652#1123550,1775013719,24782033,0xa296bfabf886c99c4221e716d989d1649b34fc34d1057f6eeb8b356e05d36652,62,0x8ad599c3a0ff1de082011efddc58f1908eb6e6d8,3000.0,0.0,116124224.0,0x06cff7088619c7178f5e14f0b119458d08d2f5ef,0x06cff7088619c7178f5e14f0b119458d08d2f5ef,0xdf8adfe10d4a4d9f0fc4d3e377a6e8d5730eb40c,,0xa0b86991c6218b36c1d19d4a2e9eb0ce3606eb48,USDC,6,0xc02aaa39b223fe8d0a0e5c4f27ead9083c756cc2,WETH,18,0.346263,-0.000164612421000941,0.34574349905003293,,1.7300569263680868e+33,199836.0,,,2026-04-01T03:21:59+00:00
swap,0xd7f1133b69979f462475304da1a82608eb533352a5984d4156e67fb05c7462ea#1123551,1775014535,24782099,0xd7f1133b69979f462475304da1a82608eb533352a5984d4156e67fb05c7462ea,155,0x8ad599c3a0ff1de082011efddc58f1908eb6e6d8,3000.0,0.0,150851478.0,0xd226997439ecfbeff8e110c8c78c8a7eefd19f89,0xd226997439ecfbeff8e110c8c78c8a7eefd19f89,0xe836ef5abbcde8c2a22c299f639cc9480aa52219,,0xa0b86991c6218b36c1d19d4a2e9eb0ce3606eb48,USDC,6,0xc02aaa39b223fe8d0a0e5c4f27ead9083c756cc2,WETH,18,0.372039,-0.000176865941317611,0.37148049890334167,,1.7300569161380047e+33,199836.0,,,2026-04-01T03:35:35+00:00
swap,0xec35e29d953bdd8d37eebda881049634df5f715c5bf36a3b1e0a31b9d989c961#1123552,1775014535,24782099,0xec35e29d953bdd8d37eebda881049634df5f715c5bf36a3b1e0a31b9d989c961,173,0x8ad599c3a0ff1de082011efddc58f1908eb6e6d8,3000.0,0.0,150851478.0,0x06cff7088619c7178f5e14f0b119458d08d2f5ef,0x06cff7088619c7178f5e14f0b119458d08d2f5ef,0xdf8adfe10d4a4d9f0fc4d3e377a6e8d5730eb40c,,0xa0b86991c6218b36c1d19d4a2e9eb0ce3606eb48,USDC,6,0xc02aaa39b223fe8d0a0e5c4f27ead9083c756cc2,WETH,18,0.22963,-0.000109165444713381,0.22928549958221436,,1.730056909823779e+33,199836.0,,,2026-04-01T03:35:35+00:00
swap,0xf64381cdd7726193b1de6cdcb654add78201134ecce3b34fdea4dd2db0c0281f#1123553,1775015159,24782151,0xf64381cdd7726193b1de6cdcb654add78201134ecce3b34fdea4dd2db0c0281f,97,0x8ad599c3a0ff1de082011efddc58f1908eb6e6d8,3000.0,0.0,129182249.0,0x51c72848c68a965f66fa7a88855f9f7784502a7f,0x51c72848c68a965f66fa7a88855f9f7784502a7f,0x2c1b3240631826cd4f9a894a207c09b6e861dce8,,0xa0b86991c6218b36c1d19d4a2e9eb0ce3606eb48,USDC,6,0xc02aaa39b223fe8d0a0e5c4f27ead9083c756cc2,WETH,18,9030.738268,-4.2925730404313605,9016.546088925568,,1.7298086236106142e+33,199833.0,,,2026-04-01T03:45:59+00:00
swap,0x4b63b1c8ca00308a96d608915a654e76bf3c509f7366784fcd798a882a6a3845#1123554,1775015183,24782153,0x4b63b1c8ca00308a96d608915a654e76bf3c509f7366784fcd798a882a6a3845,29,0x8ad599c3a0ff1de082011efddc58f1908eb6e6d8,3000.0,0.0,11819744809.0,0xbdb3ba9ffe392549e1f8658dd2630c141fdf47b6,0xbdb3ba9ffe392549e1f8658dd2630c141fdf47b6,0x5b43453fce04b92e190f391a83136bfbecedefd1,,0xa0b86991c6218b36c1d19d4a2e9eb0ce3606eb48,USDC,6,0xc02aaa39b223fe8d0a0e5c4f27ead9083c756cc2,WETH,18,12681.206372,-6.025667512627578,12660.910860235803,,1.7294600936835962e+33,199829.0,,,2026-04-01T03:46:23+00:00
swap,0xcc242bb5f5a5387beea89c0f48aaf7e6a6d7f1682d5d0f50ef6f67c164adc418#1123555,1775015219,24782156,0xcc242bb5f5a5387beea89c0f48aaf7e6a6d7f1682d5d0f50ef6f67c164adc418,323,0x8ad599c3a0ff1de082011efddc58f1908eb6e6d8,3000.0,0.0,137583570.0,0x3e8282bd1bfabd23249701e978e9db3df3d7073a,0x3e8282bd1bfabd23249701e978e9db3df3d7073a,0x5039f6f62f0149a5d2e98e1464cdc4b6c8aeee81,,0xa0b86991c6218b36c1d19d4a2e9eb0ce3606eb48,USDC,6,0xc02aaa39b223fe8d0a0e5c4f27ead9083c756cc2,WETH,18,2537.363503,-1.2053752282997543,2533.5064661551082,,1.7293903737165606e+33,199828.0,,,2026-04-01T03:46:59+00:00
swap,0xeebabd0201910f8ea63bcf77c523fabe3f8f4110bd067ea8c4ee103f508c9c98#1123556,1775015255,24782159,0xeebabd0201910f8ea63bcf77c523fabe3f8f4110bd067ea8c4ee103f508c9c98,125,0x8ad599c3a0ff1de082011efddc58f1908eb6e6d8,3000.0,0.0,1944056140.0,0xe592427a0aece92de3edee1f18e0157c05861564,0xeb1646852b7d015f8cbac6894ec6c51ce2c2605c,0xeb1646852b7d015f8cbac6894ec6c51ce2c2605c,,0xa0b86991c6218b36c1d19d4a2e9eb0ce3606eb48,USDC,6,0xc02aaa39b223fe8d0a0e5c4f27ead9083c756cc2,WETH,18,-2.681179,0.00128132,2.6852130162507097,,1.7293904476069024e+33,199828.0,,,2026-04-01T03:47:35+00:00
swap,0xcff35256c287eb5b66e82d5378a3959188922004ea15582c5de4ab2563fab9dd#1123557,1775016551,24782266,0xcff35256c287eb5b66e82d5378a3959188922004ea15582c5de4ab2563fab9dd,304,0x8ad599c3a0ff1de082011efddc58f1908eb6e6d8,3000.0,0.0,938991688.0,0x66a9893cc07d91d95644aedd05d03f95e1dba8af,0x66a9893cc07d91d95644aedd05d03f95e1dba8af,0xa1b7bbade134db3b14b56056480e81c60ab77377,,0xa0b86991c6218b36c1d19d4a2e9eb0ce3606eb48,USDC,6,0xc02aaa39b223fe8d0a0e5c4f27ead9083c756cc2,WETH,18,200.012525,-0.09501188051450674,199.7121891584542,,1.7293849520358785e+33,199828.0,,,2026-04-01T04:09:11+00:00
swap,0xcbcd5cf3da41218f24ab705fc394be6ceec60e0cab3773b6b4e73b429b1021d0#1123558,1775016587,24782269,0xcbcd5cf3da41218f24ab705fc394be6ceec60e0cab3773b6b4e73b429b1021d0,130,0x8ad599c3a0ff1de082011efddc58f1908eb6e6d8,3000.0,0.0,939188355.0,0x66a9893cc07d91d95644aedd05d03f95e1dba8af,0x66a9893cc07d91d95644aedd05d03f95e1dba8af,0xa1b7bbade134db3b14b56056480e81c60ab77377,,0xa0b86991c6218b36c1d19d4a2e9eb0ce3606eb48,USDC,6,0xc02aaa39b223fe8d0a0e5c4f27ead9083c756cc2,WETH,18,300.018765,-0.1425166778418436,299.56802361002735,,1.7293767087454507e+33,199828.0,,,2026-04-01T04:09:47+00:00
burn,0x9b9212c0e20553063032e53eb4b7b10071a07267c545dd25fb7df9ddd5be581d#1123564,1775017019,24782305,0x9b9212c0e20553063032e53eb4b7b10071a07267c545dd25fb7df9ddd5be581d,95,0x8ad599c3a0ff1de082011efddc58f1908eb6e6d8,3000.0,0.0,188376333.0,,,0xc8856a97e23f8ed3903892d414bb099ab7831866,0xc36442b4a4522e871399cd717abdd847ab11fe88,0xa0b86991c6218b36c1d19d4a2e9eb0ce3606eb48,USDC,6,0xc02aaa39b223fe8d0a0e5c4f27ead9083c756cc2,WETH,18,0.0,0.0,0.0,0.0,,,198300.0,201300.0,2026-04-01T04:16:59+00:00
swap,0x2b00c4a080c8f7592e92e07e72b80d1b64fd197176cc01e727b9ef3997ae8861#1123560,1775017139,24782315,0x2b00c4a080c8f7592e92e07e72b80d1b64fd197176cc01e727b9ef3997ae8861,137,0x8ad599c3a0ff1de082011efddc58f1908eb6e6d8,3000.0,0.0,7364856303.0,0xbdb3ba9ffe392549e1f8658dd2630c141fdf47b6,0xbdb3ba9ffe392549e1f8658dd2630c141fdf47b6,0x5b43453fce04b92e190f391a83136bfbecedefd1,,0xa0b86991c6218b36c1d19d4a2e9eb0ce3606eb48,USDC,6,0xc02aaa39b223fe8d0a0e5c4f27ead9083c756cc2,WETH,18,2474.331795,-1.1753198346638596,2470.5718100943373,,1.7293087272089092e+33,199828.0,,,2026-04-01T04:18:59+00:00
swap,0x563311f9f7e264f06c7a026d5904ba99e6e542e2dcc729894eb31656007e439c#1123561,1775017223,24782322,0x563311f9f7e264f06c7a026d5904ba99e6e542e2dcc729894eb31656007e439c,152,0x8ad599c3a0ff1de082011efddc58f1908eb6e6d8,3000.0,0.0,213189972.0,0x51c72848c68a965f66fa7a88855f9f7784502a7f,0x51c72848c68a965f66fa7a88855f9f7784502a7f,0xf72837a9fce033d57094f52e4f88f129502fa067,,0xa0b86991c6218b36c1d19d4a2e9eb0ce3606eb48,USDC,6,0xc02aaa39b223fe8d0a0e5c4f27ead9083c756cc2,WETH,18,2576.356047,-1.2236836656987797,2572.4389467839565,,1.7292379482656955e+33,199827.0,,,2026-04-01T04:20:23+00:00
swap,0x71a8949d5c7d1b2897f33c51f8fd062e8d74f479ecf19e4ec469b0319962d1d2#1123562,1775017235,24782323,0x71a8949d5c7d1b2897f33c51f8fd062e8d74f479ecf19e4ec469b0319962d1d2,20,0x8ad599c3a0ff1de082011efddc58f1908eb6e6d8,3000.0,0.0,8786861874.0,0xbdb3ba9ffe392549e1f8658dd2630c141fdf47b6,0xbdb3ba9ffe392549e1f8658dd2630c141fdf47b6,0x5b43453fce04b92e190f391a83136bfbecedefd1,,0xa0b86991c6218b36c1d19d4a2e9eb0ce3606eb48,USDC,6,0xc02aaa39b223fe8d0a0e5c4f27ead9083c756cc2,WETH,18,10129.232653,-4.810078593913141,10113.226396292494,,1.7289597290745814e+33,199823.0,,,2026-04-01T04:20:35+00:00
swap,0x971c332a6c92b74dabad9d07e78d464261c4cc0c25bbf4adf23f5450d27e1cbd#1123563,1775017247,24782324,0x971c332a6c92b74dabad9d07e78d464261c4cc0c25bbf4adf23f5450d27e1cbd,166,0x8ad599c3a0ff1de082011efddc58f1908eb6e6d8,3000.0,0.0,373013925.0,0x51c72848c68a965f66fa7a88855f9f7784502a7f,0x51c72848c68a965f66fa7a88855f9f7784502a7f,0x7194f3933b0a01b23be11c4c9ac66f74c3ee281e,,0xa0b86991c6218b36c1d19d4a2e9eb0ce3606eb48,USDC,6,0xc02aaa39b223fe8d0a0e5c4f27ead9083c756cc2,WETH,18,3399.215058,-1.613841726814391,3394.024748970843,,1.7288663830447703e+33,199822.0,,,2026-04-01T04:20:47+00:00
swap,0xcc3f5765b22a4922d22f445defff5ab4e303b65d480d6d6b2c0effae407ac0ef#1123564,1775017271,24782326,0xcc3f5765b22a4922d22f445defff5ab4e303b65d480d6d6b2c0effae407ac0ef,348,0x8ad599c3a0ff1de082011efddc58f1908eb6e6d8,3000.0,0.0,120887977.0,0x3e8282bd1bfabd23249701e978e9db3df3d7073a,0x3e8282bd1bfabd23249701e978e9db3df3d7073a,0xf5325fe8b71f9e17941f2edd684422fcef4c1934,,0xa0b86991c6218b36c1d19d4a2e9eb0ce3606eb48,USDC,6,0xc02aaa39b223fe8d0a0e5c4f27ead9083c756cc2,WETH,18,2431.924991,-1.154495517406098,2428.2302778293724,,1.7287996060051178e+33,199822.0,,,2026-04-01T04:21:11+00:00
swap,0x5a0b5fd0bac8b2b9393bd320e1e30780857b363a4f1e52b88c1cd9de79730661#1123565,1775017355,24782333,0x5a0b5fd0bac8b2b9393bd320e1e30780857b363a4f1e52b88c1cd9de79730661,20,0x8ad599c3a0ff1de082011efddc58f1908eb6e6d8,3000.0,0.0,21667933987.0,0xbdb3ba9ffe392549e1f8658dd2630c141fdf47b6,0xbdb3ba9ffe392549e1f8658dd2630c141fdf47b6,0x5b43453fce04b92e190f391a83136bfbecedefd1,,0xa0b86991c6218b36c1d19d4a2e9eb0ce3606eb48,USDC,6,0xc02aaa39b223fe8d0a0e5c4f27ead9083c756cc2,WETH,18,18596.559888,-8.825303719934054,18565.92777765567,,1.7282891426489878e+33,199816.0,,,2026-04-01T04:22:35+00:00
swap,0xbe71279e658e7e062866eb1d60a11cb775f9bb21ec3d46957566a1d1a6dbc76f#1123566,1775017427,24782339,0xbe71279e658e7e062866eb1d60a11cb775f9bb21ec3d46957566a1d1a6dbc76f,81,0x8ad599c3a0ff1de082011efddc58f1908eb6e6d8,3000.0,0.0,120553230.0,0x51c72848c68a965f66fa7a88855f9f7784502a7f,0x51c72848c68a965f66fa7a88855f9f7784502a7f,0x867bdc57d1b071fe5a9f670dd70b91e4269814d3,,0xa0b86991c6218b36c1d19d4a2e9eb0ce3606eb48,USDC,6,0xc02aaa39b223fe8d0a0e5c4f27ead9083c756cc2,WETH,18,3974.706867,-1.8855866388147056,3968.6197704431447,,1.728180078653632e+33,199814.0,,,2026-04-01T04:23:47+00:00
swap,0x85dd3a1bbfa09e37ed1b6b4543b5568e34fc82e846080c695f091980c7656e60#1123567,1775017439,24782340,0x85dd3a1bbfa09e37ed1b6b4543b5568e34fc82e846080c695f091980c7656e60,17,0x8ad599c3a0ff1de082011efddc58f1908eb6e6d8,3000.0,0.0,111462704.0,0x51c72848c68a965f66fa7a88855f9f7784502a7f,0x51c72848c68a965f66fa7a88855f9f7784502a7f,0x67bdbd574ca9c437a783090dcd86b7212ca9b2fc,,0xa0b86991c6218b36c1d19d4a2e9eb0ce3606eb48,USDC,6,0xc02aaa39b223fe8d0a0e5c4f27ead9083c756cc2,WETH,18,5631.194179,-2.6710108792316762,5622.496437477286,,1.728025585027017e+33,199813.0,,,2026-04-01T04:23:59+00:00
swap,0x609e2e06db227ce387ef7f5d69eaee0d18e669e9e541a5a8690b55174eae139b#1123568,1775017559,24782350,0x609e2e06db227ce387ef7f5d69eaee0d18e669e9e541a5a8690b55174eae139b,73,0x8ad599c3a0ff1de082011efddc58f1908eb6e6d8,3000.0,0.0,6516652551.0,0x51c72848c68a965f66fa7a88855f9f7784502a7f,0x51c72848c68a965f66fa7a88855f9f7784502a7f,0x58a497019644d8c383c8d3764c32ffd43506e836,,0xa0b86991c6218b36c1d19d4a2e9eb0ce3606eb48,USDC,6,0xc02aaa39b223fe8d0a0e5c4f27ead9083c756cc2,WETH,18,16033.467743,-7.602444537637364,16007.38363616712,,1.7275858529252528e+33,199808.0,,,2026-04-01T04:25:59+00:00
swap,0xfe7ca2db1273dcdd5787843c869dde851a7fe1d18a09c45dfd9402a5f6d39ff4#1123569,1775017835,24782373,0xfe7ca2db1273dcdd5787843c869dde851a7fe1d18a09c45dfd9402a5f6d39ff4,24,0x8ad599c3a0ff1de082011efddc58f1908eb6e6d8,3000.0,0.0,138898339.0,0x51c72848c68a965f66fa7a88855f9f7784502a7f,0x51c72848c68a965f66fa7a88855f9f7784502a7f,0x45e6345d5755f13e98e6cf94c426f6ffbc7aadcc,,0xa0b86991c6218b36c1d19d4a2e9eb0ce3606eb48,USDC,6,0xc02aaa39b223fe8d0a0e5c4f27ead9083c756cc2,WETH,18,3565.316263,-1.690007977605885,3559.867723409311,,1.7274881013722737e+33,199806.0,,,2026-04-01T04:30:35+00:00
swap,0xfc96d86fb2170029de4db5047f7151e1cc501369c2a024ff6cc7e245035ebed4#1123570,1775018303,24782412,0xfc96d86fb2170029de4db5047f7151e1cc501369c2a024ff6cc7e245035ebed4,13,0x8ad599c3a0ff1de082011efddc58f1908eb6e6d8,3000.0,0.0,106405527.0,0x51c72848c68a965f66fa7a88855f9f7784502a7f,0x51c72848c68a965f66fa7a88855f9f7784502a7f,0xb36ce3f521a1ff4b0cffb82ddd71f0a51fcf56ce,,0xa0b86991c6218b36c1d19d4a2e9eb0ce3606eb48,USDC,6,0xc02aaa39b223fe8d0a0e5c4f27ead9083c756cc2,WETH,18,18064.790566,-8.560015662731777,18035.112353287805,,1.7269929825115084e+33,199801.0,,,2026-04-01T04:38:23+00:00
swap,0x179616ba8693eb775bf935bf38fedd5ac400f2e99961a7a277cf743d5d1b6880#1123571,1775018567,24782434,0x179616ba8693eb775bf935bf38fedd5ac400f2e99961a7a277cf743d5d1b6880,114,0x8ad599c3a0ff1de082011efddc58f1908eb6e6d8,3000.0,0.0,2264133375.0,0xe592427a0aece92de3edee1f18e0157c05861564,0xeb1646852b7d015f8cbac6894ec6c51ce2c2605c,0xeb1646852b7d015f8cbac6894ec6c51ce2c2605c,,0xa0b86991c6218b36c1d19d4a2e9eb0ce3606eb48,USDC,6,0xc02aaa39b223fe8d0a0e5c4f27ead9083c756cc2,WETH,18,-3.636064,0.00173284,3.641535035272909,,1.7269930824398162e+33,199801.0,,,2026-04-01T04:42:47+00:00
swap,0x1fa757ab25e2056487acd946a44ef53f995ec73046bb0ebe436b00e1ea5fd60a#1123572,1775018951,24782466,0x1fa757ab25e2056487acd946a44ef53f995ec73046bb0ebe436b00e1ea5fd60a,27,0x8ad599c3a0ff1de082011efddc58f1908eb6e6d8,3000.0,0.0,95971408.0,0x51c72848c68a965f66fa7a88855f9f7784502a7f,0x51c72848c68a965f66fa7a88855f9f7784502a7f,0xc8df1a5953aa7f62a35ff1501e0c10eb3c33ebfe,,0xa0b86991c6218b36c1d19d4a2e9eb0ce3606eb48,USDC,6,0xc02aaa39b223fe8d0a0e5c4f27ead9083c756cc2,WETH,18,13213.169034,-6.257966684219257,13191.97031298902,,1.7266316949156103e+33,199797.0,,,2026-04-01T04:49:11+00:00
swap,0x2df9b0304c71ef317f948e171e2f77bc8d8e211d04f7800f1a7b7f2144ed839d#1123573,1775018963,24782467,0x2df9b0304c71ef317f948e171e2f77bc8d8e211d04f7800f1a7b7f2144ed839d,8,0x8ad599c3a0ff1de082011efddc58f1908eb6e6d8,3000.0,0.0,89143692.0,0x5050e08626c499411b5d0e0b5af0e83d3fd82edf,0x5050e08626c499411b5d0e0b5af0e83d3fd82edf,0x72bb8c608c4ea4a887266985e680a04c056f5b2a,,0xa0b86991c6218b36c1d19d4a2e9eb0ce3606eb48,USDC,6,0xc02aaa39b223fe8d0a0e5c4f27ead9083c756cc2,WETH,18,11416.552537,-5.404953012043632,11398.399565328202,,1.7263197680333343e+33,199793.0,,,2026-04-01T04:49:23+00:00
swap,0x552ffa4ef53fd06b6560382fbda5e00efd29a27e3ba896a3b6eabf0c6d94d8b5#1123574,1775019227,24782489,0x552ffa4ef53fd06b6560382fbda5e00efd29a27e3ba896a3b6eabf0c6d94d8b5,64,0x8ad599c3a0ff1de082011efddc58f1908eb6e6d8,3000.0,0.0,904195438.0,0x51c72848c68a965f66fa7a88855f9f7784502a7f,0x51c72848c68a965f66fa7a88855f9f7784502a7f,0xab2f731f01621b529225b3fb47cf404ccda099ff,,0xa0b86991c6218b36c1d19d4a2e9eb0ce3606eb48,USDC,6,0xc02aaa39b223fe8d0a0e5c4f27ead9083c756cc2,WETH,18,5215.271629,-2.468422927060346,5207.234184943719,,1.7261773121292662e+33,199791.0,,,2026-04-01T04:53:47+00:00
swap,0x1c96ffc4d8470b7375a8b596dd78ec33d68630aaa8312d2e6ba1e831658277ae#1123575,1775019239,24782490,0x1c96ffc4d8470b7375a8b596dd78ec33d68630aaa8312d2e6ba1e831658277ae,30,0x8ad599c3a0ff1de082011efddc58f1908eb6e6d8,3000.0,0.0,23802700451.0,0xbdb3ba9ffe392549e1f8658dd2630c141fdf47b6,0xbdb3ba9ffe392549e1f8658dd2630c141fdf47b6,0x5b43453fce04b92e190f391a83136bfbecedefd1,,0xa0b86991c6218b36c1d19d4a2e9eb0ce3606eb48,USDC,6,0xc02aaa39b223fe8d0a0e5c4f27ead9083c756cc2,WETH,18,25915.165038,-12.259781567541523,25870.997151165167,,1.725469784157566e+33,199783.0,,,2026-04-01T04:53:59+00:00
burn,0x42578387679f8f1e11508d50ffd73ae7a4427769a3cce81bff01ed62da62a163#1123581,1775019707,24782529,0x42578387679f8f1e11508d50ffd73ae7a4427769a3cce81bff01ed62da62a163,194,0x8ad599c3a0ff1de082011efddc58f1908eb6e6d8,3000.0,0.0,618442275.0,,,0x2d943fa0c88f333aa825d45f903ed8dd20c16d72,0xc36442b4a4522e871399cd717abdd847ab11fe88,0xa0b86991c6218b36c1d19d4a2e9eb0ce3606eb48,USDC,6,0xc02aaa39b223fe8d0a0e5c4f27ead9083c756cc2,WETH,18,0.0,0.0,0.0,0.0,,,199620.0,201120.0,2026-04-01T05:01:47+00:00
burn,0xfb93278de0495504ef6e4acb5569077a23859517341ac58382821ff5d93e42c8#1123582,1775020379,24782584,0xfb93278de0495504ef6e4acb5569077a23859517341ac58382821ff5d93e42c8,83,0x8ad599c3a0ff1de082011efddc58f1908eb6e6d8,3000.0,0.0,2197165389.0,,,0x462a24696595297ccc6f7e6b40a653287b81b3f6,0xc36442b4a4522e871399cd717abdd847ab11fe88,0xa0b86991c6218b36c1d19d4a2e9eb0ce3606eb48,USDC,6,0xc02aaa39b223fe8d0a0e5c4f27ead9083c756cc2,WETH,18,0.0,0.0,0.0,0.0,,,195420.0,209280.0,2026-04-01T05:12:59+00:00
swap,0x010dd63db695e44374b03913d3a3e61688778a11a2d3c60e61b2058b4e2e7552#1123578,1775020403,24782586,0x010dd63db695e44374b03913d3a3e61688778a11a2d3c60e61b2058b4e2e7552,41,0x8ad599c3a0ff1de082011efddc58f1908eb6e6d8,3000.0,0.0,97843613.0,0x06cff7088619c7178f5e14f0b119458d08d2f5ef,0x06cff7088619c7178f5e14f0b119458d08d2f5ef,0x333c92538e7f47d17c79e5975d4e40e901427558,,0xa0b86991c6218b36c1d19d4a2e9eb0ce3606eb48,USDC,6,0xc02aaa39b223fe8d0a0e5c4f27ead9083c756cc2,WETH,18,0.093483,-4.4205955351077e-05,0.09334249993109754,,1.7254697816063828e+33,199783.0,,,2026-04-01T05:13:23+00:00
swap,0x6cd6acc8f1f9c60404194570ad52ee93aaf73eed69760954442c92d0c5847a69#1123579,1775020511,24782595,0x6cd6acc8f1f9c60404194570ad52ee93aaf73eed69760954442c92d0c5847a69,183,0x8ad599c3a0ff1de082011efddc58f1908eb6e6d8,3000.0,0.0,103126375.0,0x06cff7088619c7178f5e14f0b119458d08d2f5ef,0x06cff7088619c7178f5e14f0b119458d08d2f5ef,0xb19c265d240326578eeb346189ebd96ae84949a9,,0xa0b86991c6218b36c1d19d4a2e9eb0ce3606eb48,USDC,6,0xc02aaa39b223fe8d0a0e5c4f27ead9083c756cc2,WETH,18,3.622384,-0.001712951499569304,3.6169498965434146,,1.7254696827497192e+33,199783.0,,,2026-04-01T05:15:11+00:00
swap,0xc2f218f5555809d5949be2461bcc045ea0625c0a53d585ff920e330987bde646#1123580,1775020523,24782596,0xc2f218f5555809d5949be2461bcc045ea0625c0a53d585ff920e330987bde646,78,0x8ad599c3a0ff1de082011efddc58f1908eb6e6d8,3000.0,0.0,114300789.0,0x06cff7088619c7178f5e14f0b119458d08d2f5ef,0x06cff7088619c7178f5e14f0b119458d08d2f5ef,0xf07b4d27cae6571857e51ab3fb209f5226de2d88,,0xa0b86991c6218b36c1d19d4a2e9eb0ce3606eb48,USDC,6,0xc02aaa39b223fe8d0a0e5c4f27ead9083c756cc2,WETH,18,0.339461,-0.000160523917127911,0.3389514990914525,,1.7254696734856747e+33,199783.0,,,2026-04-01T05:15:23+00:00
swap,0x8893193fc5329c19de2e2411415b0182e05425d6b1f426fb7ec0ccb095bda83a#1123581,1775020667,24782608,0x8893193fc5329c19de2e2411415b0182e05425d6b1f426fb7ec0ccb095bda83a,15,0x8ad599c3a0ff1de082011efddc58f1908eb6e6d8,3000.0,0.0,99460417761.0,0xbdb3ba9ffe392549e1f8658dd2630c141fdf47b6,0xbdb3ba9ffe392549e1f8658dd2630c141fdf47b6,0x5b43453fce04b92e190f391a83136bfbecedefd1,,0xa0b86991c6218b36c1d19d4a2e9eb0ce3606eb48,USDC,6,0xc02aaa39b223fe8d0a0e5c4f27ead9083c756cc2,WETH,18,70007.848875,-33.068673413037175,69864.23755341403,,1.7235612372465912e+33,199761.0,,,2026-04-01T05:17:47+00:00
swap,0x981bfbd68f99eb863d2d98c07666d3a5bafdd7e678c38a6deba4a568d374f8c9#1123582,1775020703,24782611,0x981bfbd68f99eb863d2d98c07666d3a5bafdd7e678c38a6deba4a568d374f8c9,202,0x8ad599c3a0ff1de082011efddc58f1908eb6e6d8,3000.0,0.0,86202984.0,0x06cff7088619c7178f5e14f0b119458d08d2f5ef,0x06cff7088619c7178f5e14f0b119458d08d2f5ef,0xb19c265d240326578eeb346189ebd96ae84949a9,,0xa0b86991c6218b36c1d19d4a2e9eb0ce3606eb48,USDC,6,0xc02aaa39b223fe8d0a0e5c4f27ead9083c756cc2,WETH,18,0.68464,-0.000323036533283483,0.6836129963084114,,1.723561218603732e+33,199761.0,,,2026-04-01T05:18:23+00:00
swap,0x3eb22b9bee6d8b42cdb2949c47ca484810126ea9f1595a901ee0ea580d53c8f1#1123583,1775021015,24782637,0x3eb22b9bee6d8b42cdb2949c47ca484810126ea9f1595a901ee0ea580d53c8f1,15,0x8ad599c3a0ff1de082011efddc58f1908eb6e6d8,3000.0,0.0,27543692681.0,0x51c72848c68a965f66fa7a88855f9f7784502a7f,0x51c72848c68a965f66fa7a88855f9f7784502a7f,0x51301f41c8f83fbdffaeee11f846e9c114fb8046,,0xa0b86991c6218b36c1d19d4a2e9eb0ce3606eb48,USDC,6,0xc02aaa39b223fe8d0a0e5c4f27ead9083c756cc2,WETH,18,32025.872389,-15.10326012976822,31969.759909855104,,1.7226895897784707e+33,199751.0,,,2026-04-01T05:23:35+00:00
burn,0x08713f0e2a356bc5db8aef3739be6e2264abb4698c92238349480cb43dbfb839#1123589,1775021027,24782638,0x08713f0e2a356bc5db8aef3739be6e2264abb4698c92238349480cb43dbfb839,760,0x8ad599c3a0ff1de082011efddc58f1908eb6e6d8,3000.0,0.0,1113990597.0,,,0x976301e87d7f6efc8616f9e2237b158d3c20bb80,0xc36442b4a4522e871399cd717abdd847ab11fe88,0xa0b86991c6218b36c1d19d4a2e9eb0ce3606eb48,USDC,6,0xc02aaa39b223fe8d0a0e5c4f27ead9083c756cc2,WETH,18,0.0,0.001612909943549093,3.4115773960197333,293838045283.0,,,192540.0,198720.0,2026-04-01T05:23:47+00:00
swap,0x6c04899d41f948865009fb177b525cebcb6e6b630f2716330bbfcc737419689a#1123585,1775021063,24782641,0x6c04899d41f948865009fb177b525cebcb6e6b630f2716330bbfcc737419689a,431,0x8ad599c3a0ff1de082011efddc58f1908eb6e6d8,3000.0,0.0,500575406.0,0x51c72848c68a965f66fa7a88855f9f7784502a7f,0x51c72848c68a965f66fa7a88855f9f7784502a7f,0x67bdbd574ca9c437a783090dcd86b7212ca9b2fc,,0xa0b86991c6218b36c1d19d4a2e9eb0ce3606eb48,USDC,6,0xc02aaa39b223fe8d0a0e5c4f27ead9083c756cc2,WETH,18,3893.244353,-1.8349955405180554,3887.2851790645523,,1.7225836897943879e+33,199750.0,,,2026-04-01T05:24:23+00:00
swap,0x1350e567ab2cbd1b55697ecc6850cd28e55e2d2ac177893d1993f84dc5986429#1123586,1775021075,24782642,0x1350e567ab2cbd1b55697ecc6850cd28e55e2d2ac177893d1993f84dc5986429,23,0x8ad599c3a0ff1de082011efddc58f1908eb6e6d8,3000.0,0.0,17007449047.0,0xbdb3ba9ffe392549e1f8658dd2630c141fdf47b6,0xbdb3ba9ffe392549e1f8658dd2630c141fdf47b6,0x5b43453fce04b92e190f391a83136bfbecedefd1,,0xa0b86991c6218b36c1d19d4a2e9eb0ce3606eb48,USDC,6,0xc02aaa39b223fe8d0a0e5c4f27ead9083c756cc2,WETH,18,23935.704789,-11.276615326206564,23895.29336859979,,1.7219329016277766e+33,199742.0,,,2026-04-01T05:24:35+00:00
swap,0x1fcb0dd1895c867910ae0851ea133fe0d05ef9e3bf70f588247d8fd7ba9ace3a#1123587,1775021123,24782646,0x1fcb0dd1895c867910ae0851ea133fe0d05ef9e3bf70f588247d8fd7ba9ace3a,51,0x8ad599c3a0ff1de082011efddc58f1908eb6e6d8,3000.0,0.0,126603362.0,0x51c72848c68a965f66fa7a88855f9f7784502a7f,0x51c72848c68a965f66fa7a88855f9f7784502a7f,0x45e6345d5755f13e98e6cf94c426f6ffbc7aadcc,,0xa0b86991c6218b36c1d19d4a2e9eb0ce3606eb48,USDC,6,0xc02aaa39b223fe8d0a0e5c4f27ead9083c756cc2,WETH,18,4367.323179,-2.056618953116681,4360.622129147963,,1.721814211467724e+33,199741.0,,,2026-04-01T05:25:23+00:00
swap,0xf4037f89d75b998c1919f46bf1b42b1bc617b93478d5a54d5f13342cb847dc26#1123588,1775021135,24782647,0xf4037f89d75b998c1919f46bf1b42b1bc617b93478d5a54d5f13342cb847dc26,72,0x8ad599c3a0ff1de082011efddc58f1908eb6e6d8,3000.0,0.0,115476295.0,0x51c72848c68a965f66fa7a88855f9f7784502a7f,0x51c72848c68a965f66fa7a88855f9f7784502a7f,0x8316174a0f13c9aae7f2409a19ebd8ec8c69aaf4,,0xa0b86991c6218b36c1d19d4a2e9eb0ce3606eb48,USDC,6,0xc02aaa39b223fe8d0a0e5c4f27ead9083c756cc2,WETH,18,2624.819805,-1.235919174279874,2620.8283712516354,,1.721742884961477e+33,199740.0,,,2026-04-01T05:25:35+00:00
swap,0x42010cd15e4254da651428051ec531f6a5170cdc7a795da0fdf86be6f62ee973#1123589,1775021147,24782648,0x42010cd15e4254da651428051ec531f6a5170cdc7a795da0fdf86be6f62ee973,11,0x8ad599c3a0ff1de082011efddc58f1908eb6e6d8,3000.0,0.0,110994167.0,0x7cda585e917fecb3a33c6d5a8f8a15dd956694dc,0x01989c93890aed05a63d179b03424997075b6acf,0x414a6d82420d621ddf2595251e743e4ff9c493cd,,0xa0b86991c6218b36c1d19d4a2e9eb0ce3606eb48,USDC,6,0xc02aaa39b223fe8d0a0e5c4f27ead9083c756cc2,WETH,18,100113.571645,-47.06338351382927,99885.0461183992,,1.7190398118400454e+33,199708.0,,,2026-04-01T05:25:47+00:00
swap,0x0752fc6c42ce3accd5a8eebd914efaa5f5913d0a491a7c5695f256c0b4ae0654#1123590,1775021183,24782651,0x0752fc6c42ce3accd5a8eebd914efaa5f5913d0a491a7c5695f256c0b4ae0654,25,0x8ad599c3a0ff1de082011efddc58f1908eb6e6d8,3000.0,0.0,111996885.0,0x51c72848c68a965f66fa7a88855f9f7784502a7f,0x51c72848c68a965f66fa7a88855f9f7784502a7f,0xeaa9ebddd373c4bd8bb92dfcc9c7e7fcdb268e51,,0xa0b86991c6218b36c1d19d4a2e9eb0ce3606eb48,USDC,6,0xc02aaa39b223fe8d0a0e5c4f27ead9083c756cc2,WETH,18,18184.726543,-8.532785156119136,18154.865222768993,,1.718549756416289e+33,199703.0,,,2026-04-01T05:26:23+00:00
burn,0x372285ed8ea7a17836c98e8ca2c7d331fe511f8aff6f594d794242e72bcd9893#1123596,1775022143,24782731,0x372285ed8ea7a17836c98e8ca2c7d331fe511f8aff6f594d794242e72bcd9893,194,0x8ad599c3a0ff1de082011efddc58f1908eb6e6d8,3000.0,0.0,620389350.0,,,0x0320618babfa9d52f72b0565bfad3f22b3fc0c78,0xc36442b4a4522e871399cd717abdd847ab11fe88,0xa0b86991c6218b36c1d19d4a2e9eb0ce3606eb48,USDC,6,0xc02aaa39b223fe8d0a0e5c4f27ead9083c756cc2,WETH,18,0.0,0.0,0.0,0.0,,,198480.0,201960.0,2026-04-01T05:42:23+00:00
burn,0x93dfd5363e00af9e154a287092af41fba76703c47c09f6254a1cbdaa572e96af#1123597,1775022191,24782734,0x93dfd5363e00af9e154a287092af41fba76703c47c09f6254a1cbdaa572e96af,147,0x8ad599c3a0ff1de082011efddc58f1908eb6e6d8,3000.0,0.0,2105156150.0,,,0x65b1676ead65f44dcc7a3c43cbb21a6c1738f90a,0xc36442b4a4522e871399cd717abdd847ab11fe88,0xa0b86991c6218b36c1d19d4a2e9eb0ce3606eb48,USDC,6,0xc02aaa39b223fe8d0a0e5c4f27ead9083c756cc2,WETH,18,0.0,0.0,0.0,0.0,,,197520.0,204000.0,2026-04-01T05:43:11+00:00
mint,0x0d78e2b2bdd0ddfe5d4563bdf808874c717b7e12ed57705c22e07a9f78ce42d6#1123593,1775022287,24782742,0x0d78e2b2bdd0ddfe5d4563bdf808874c717b7e12ed57705c22e07a9f78ce42d6,215,0x8ad599c3a0ff1de082011efddc58f1908eb6e6d8,3000.0,0.0,185606063.0,0xc36442b4a4522e871399cd717abdd847ab11fe88,,0xd5f7c0297be3757a9683092c79f929afd8c20736,0xc36442b4a4522e871399cd717abdd847ab11fe88,0xa0b86991c6218b36c1d19d4a2e9eb0ce3606eb48,USDC,6,0xc02aaa39b223fe8d0a0e5c4f27ead9083c756cc2,WETH,18,14286.609503,6.492907267419442,28086.452537219022,1.5774844478610172e+16,,,199320.0,200100.0,2026-04-01T05:44:47+00:00
swap,0xcd8bfc671afa52ca32f535e9dac28404f48e9c79203f2746d181dcfd7212586b#1123594,1775022551,24782764,0xcd8bfc671afa52ca32f535e9dac28404f48e9c79203f2746d181dcfd7212586b,55,0x8ad599c3a0ff1de082011efddc58f1908eb6e6d8,3000.0,0.0,166949272.0,0x68b3465833fb72a70ecdf485e0e4c7bd8665fc45,0xad6cea45f98444a922a2b4fe96b8c90f0862d2f4,0xe743a49f04f2f77eb2d3b753ae3ad599de8cea84,,0xa0b86991c6218b36c1d19d4a2e9eb0ce3606eb48,USDC,6,0xc02aaa39b223fe8d0a0e5c4f27ead9083c756cc2,WETH,18,0.857446,-0.000402222766366984,0.8561594943194221,,1.7185497335769768e+33,199703.0,,,2026-04-01T05:49:11+00:00
swap,0x478cb1e9dec20d2d1fe10876bb3f602838f1e0f43f30003546079dcb0368fe2b#1123595,1775023151,24782813,0x478cb1e9dec20d2d1fe10876bb3f602838f1e0f43f30003546079dcb0368fe2b,431,0x8ad599c3a0ff1de082011efddc58f1908eb6e6d8,3000.0,0.0,147385470.0,0x06cff7088619c7178f5e14f0b119458d08d2f5ef,0x06cff7088619c7178f5e14f0b119458d08d2f5ef,0xdf8adfe10d4a4d9f0fc4d3e377a6e8d5730eb40c,,0xa0b86991c6218b36c1d19d4a2e9eb0ce3606eb48,USDC,6,0xc02aaa39b223fe8d0a0e5c4f27ead9083c756cc2,WETH,18,0.118388,-5.5534748251231e-05,0.11820999989170883,,1.7185497304235616e+33,199703.0,,,2026-04-01T05:59:11+00:00
swap,0x6aadd2f2b85f7c942c9800b4b3b1dbb9f4837607d431a9e71f2233725c5e91b8#1123596,1775023331,24782828,0x6aadd2f2b85f7c942c9800b4b3b1dbb9f4837607d431a9e71f2233725c5e91b8,323,0x8ad599c3a0ff1de082011efddc58f1908eb6e6d8,3000.0,0.0,1273037380.0,0xe592427a0aece92de3edee1f18e0157c05861564,0xeb1646852b7d015f8cbac6894ec6c51ce2c2605c,0xeb1646852b7d015f8cbac6894ec6c51ce2c2605c,,0xa0b86991c6218b36c1d19d4a2e9eb0ce3606eb48,USDC,6,0xc02aaa39b223fe8d0a0e5c4f27ead9083c756cc2,WETH,18,-2.453585,0.0011579,2.457276632497588,,1.7185497959750535e+33,199703.0,,,2026-04-01T06:02:11+00:00
swap,0x74f6881b7d944e82139c6600eed701ddbbddbd5f07d11873f8ce81732cfdca8c#1123597,1775023727,24782861,0x74f6881b7d944e82139c6600eed701ddbbddbd5f07d11873f8ce81732cfdca8c,48,0x8ad599c3a0ff1de082011efddc58f1908eb6e6d8,3000.0,0.0,130496034.0,0x51c72848c68a965f66fa7a88855f9f7784502a7f,0x51c72848c68a965f66fa7a88855f9f7784502a7f,0xd6f4567bfa29bc70b26dccaeb07e5868905d667c,,0xa0b86991c6218b36c1d19d4a2e9eb0ce3606eb48,USDC,6,0xc02aaa39b223fe8d0a0e5c4f27ead9083c756cc2,WETH,18,17616.577595,-8.261581791718639,17587.755529106118,,1.7180806806982018e+33,199697.0,,,2026-04-01T06:08:47+00:00
swap,0xf50533253602bf2658a3fdd87820b75fb41ac9ea42065562b05eac362c2e17dd#1123598,1775023739,24782862,0xf50533253602bf2658a3fdd87820b75fb41ac9ea42065562b05eac362c2e17dd,84,0x8ad599c3a0ff1de082011efddc58f1908eb6e6d8,3000.0,0.0,930376421.0,0x51c72848c68a965f66fa7a88855f9f7784502a7f,0x51c72848c68a965f66fa7a88855f9f7784502a7f,0x58a497019644d8c383c8d3764c32ffd43506e836,,0xa0b86991c6218b36c1d19d4a2e9eb0ce3606eb48,USDC,6,0xc02aaa39b223fe8d0a0e5c4f27ead9083c756cc2,WETH,18,5271.092567,-2.4710883452372645,5262.971329395777,,1.7179403655234052e+33,199696.0,,,2026-04-01T06:08:59+00:00
swap,0x42343042dde03bcc205c06e070d2f6642c87a2dd05574bfa21d413f9737eb1cf#1123599,1775023751,24782863,0x42343042dde03bcc205c06e070d2f6642c87a2dd05574bfa21d413f9737eb1cf,23,0x8ad599c3a0ff1de082011efddc58f1908eb6e6d8,3000.0,0.0,120871891.0,0x51c72848c68a965f66fa7a88855f9f7784502a7f,0x51c72848c68a965f66fa7a88855f9f7784502a7f,0xe857b35c50f6706e9adda38e144cd7c48a819fd5,,0xa0b86991c6218b36c1d19d4a2e9eb0ce3606eb48,USDC,6,0xc02aaa39b223fe8d0a0e5c4f27ead9083c756cc2,WETH,18,7956.83631,-3.7294006776816206,7944.41211848495,,1.717728599922639e+33,199693.0,,,2026-04-01T06:09:11+00:00
burn,0x52f6f8ad6bc21c02d8488cf090e34497da942919ff42df4f8ae61ab9fa47b44d#1123605,1775023775,24782865,0x52f6f8ad6bc21c02d8488cf090e34497da942919ff42df4f8ae61ab9fa47b44d,993,0x8ad599c3a0ff1de082011efddc58f1908eb6e6d8,3000.0,0.0,122110964.0,,,0x431bfd88ba89a56206231ff3be504eccc59319fe,0xc36442b4a4522e871399cd717abdd847ab11fe88,0xa0b86991c6218b36c1d19d4a2e9eb0ce3606eb48,USDC,6,0xc02aaa39b223fe8d0a0e5c4f27ead9083c756cc2,WETH,18,110736.50666,0.6150580662740688,112044.98395986283,4.168777395080812e+16,,,199680.0,200880.0,2026-04-01T06:09:35+00:00
swap,0x7bdc2f8eb0cec126b6f3ef67564b1eafe023c878f046b15c70e8a6ad7fe276a5#1123601,1775023811,24782868,0x7bdc2f8eb0cec126b6f3ef67564b1eafe023c878f046b15c70e8a6ad7fe276a5,86,0x8ad599c3a0ff1de082011efddc58f1908eb6e6d8,3000.0,0.0,6246556675.0,0xbdb3ba9ffe392549e1f8658dd2630c141fdf47b6,0xbdb3ba9ffe392549e1f8658dd2630c141fdf47b6,0x5b43453fce04b92e190f391a83136bfbecedefd1,,0xa0b86991c6218b36c1d19d4a2e9eb0ce3606eb48,USDC,6,0xc02aaa39b223fe8d0a0e5c4f27ead9083c756cc2,WETH,18,5057.999112,-2.3702205302657258,5050.208470720242,,1.7175898673034482e+33,199692.0,,,2026-04-01T06:10:11+00:00
swap,0x88d3acaf892bc428eb9d9a3397235bfc9a1f76e7e493aded87b87b8700bf99cd#1123602,1775023823,24782869,0x88d3acaf892bc428eb9d9a3397235bfc9a1f76e7e493aded87b87b8700bf99cd,23,0x8ad599c3a0ff1de082011efddc58f1908eb6e6d8,3000.0,0.0,57927998445.0,0xbdb3ba9ffe392549e1f8658dd2630c141fdf47b6,0xbdb3ba9ffe392549e1f8658dd2630c141fdf47b6,0x5b43453fce04b92e190f391a83136bfbecedefd1,,0xa0b86991c6218b36c1d19d4a2e9eb0ce3606eb48,USDC,6,0xc02aaa39b223fe8d0a0e5c4f27ead9083c756cc2,WETH,18,47998.878862,-22.473633218945917,47908.55557761892,,1.7162744056811568e+33,199676.0,,,2026-04-01T06:10:23+00:00
swap,0xb190dccaf9669b02c0fec32d0930f7fcf397e21c59f39a28017cde6a0929ee43#1123603,1775023847,24782871,0xb190dccaf9669b02c0fec32d0930f7fcf397e21c59f39a28017cde6a0929ee43,618,0x8ad599c3a0ff1de082011efddc58f1908eb6e6d8,3000.0,0.0,218563552.0,0xbdb3ba9ffe392549e1f8658dd2630c141fdf47b6,0xbdb3ba9ffe392549e1f8658dd2630c141fdf47b6,0x3eff3dc5a4f5c65d28e88dc8fd22800979c9e7c6,,0xa0b86991c6218b36c1d19d4a2e9eb0ce3606eb48,USDC,6,0xc02aaa39b223fe8d0a0e5c4f27ead9083c756cc2,WETH,18,2168.197501,-1.0143626644773007,2164.9078080971562,,1.7162150239911603e+33,199675.0,,,2026-04-01T06:10:47+00:00
swap,0x8327ae4a0af3ee42b3e42141d3759d49d9c0f1d4f673ce2187ef49a2b0696528#1123604,1775023859,24782872,0x8327ae4a0af3ee42b3e42141d3759d49d9c0f1d4f673ce2187ef49a2b0696528,573,0x8ad599c3a0ff1de082011efddc58f1908eb6e6d8,3000.0,0.0,1149193079.0,0x990636ecb3ff04d33d92e970d3d588bf5cd8d086,0x990636ecb3ff04d33d92e970d3d588bf5cd8d086,0x52ea8f075c3653165b69d6472e399ac4fdddab5f,,0xa0b86991c6218b36c1d19d4a2e9eb0ce3606eb48,USDC,6,0xc02aaa39b223fe8d0a0e5c4f27ead9083c756cc2,WETH,18,1553.60625,-0.7267910702617766,1551.256640408294,,1.7161724769973307e+33,199675.0,,,2026-04-01T06:10:59+00:00
swap,0xe84d21b1bc836ba40859a4b069caea6e5176311c771914ce02bd6de339486316#1123605,1775023943,24782879,0xe84d21b1bc836ba40859a4b069caea6e5176311c771914ce02bd6de339486316,85,0x8ad599c3a0ff1de082011efddc58f1908eb6e6d8,3000.0,0.0,154933960.0,0x51c72848c68a965f66fa7a88855f9f7784502a7f,0x51c72848c68a965f66fa7a88855f9f7784502a7f,0x81dc771e308c76c3e06f635abed7fb24830fb824,,0xa0b86991c6218b36c1d19d4a2e9eb0ce3606eb48,USDC,6,0xc02aaa39b223fe8d0a0e5c4f27ead9083c756cc2,WETH,18,2479.823586,-1.160009263610971,2476.054935081756,,1.7161045690262498e+33,199674.0,,,2026-04-01T06:12:23+00:00
swap,0xaaac7aa0dd265dc26e86e42d88fe45dccdb9158e5b72b8ad1e78f8d92815c92f#1123606,1775023955,24782880,0xaaac7aa0dd265dc26e86e42d88fe45dccdb9158e5b72b8ad1e78f8d92815c92f,18,0x8ad599c3a0ff1de082011efddc58f1908eb6e6d8,3000.0,0.0,143539393.0,0x51c72848c68a965f66fa7a88855f9f7784502a7f,0x51c72848c68a965f66fa7a88855f9f7784502a7f,0x51301f41c8f83fbdffaeee11f846e9c114fb8046,,0xa0b86991c6218b36c1d19d4a2e9eb0ce3606eb48,USDC,6,0xc02aaa39b223fe8d0a0e5c4f27ead9083c756cc2,WETH,18,20450.796818,-9.562953021430172,20416.79492327767,,1.7155447452751824e+33,199668.0,,,2026-04-01T06:12:35+00:00
swap,0xbd8f9d267cc857bcfa885fb081804e01adc73266c2c43297ae730c4b388b8b93#1123607,1775024219,24782902,0xbd8f9d267cc857bcfa885fb081804e01adc73266c2c43297ae730c4b388b8b93,47,0x8ad599c3a0ff1de082011efddc58f1908eb6e6d8,3000.0,0.0,154361658.0,0x8e457841f4e998f1941be01b9e3330efc268dd39,0x8e457841f4e998f1941be01b9e3330efc268dd39,0xaaabbc3c304ca824b641a2631a8c31c1a32890e6,,0xa0b86991c6218b36c1d19d4a2e9eb0ce3606eb48,USDC,6,0xc02aaa39b223fe8d0a0e5c4f27ead9083c756cc2,WETH,18,0.367029,-0.000171569223215113,0.3664779989288228,,1.715544735231368e+33,199668.0,,,2026-04-01T06:16:59+00:00
swap,0xa0c4e265544cde0dcb556e4aea75d10aace4d393deec57a78dea8365e59bdb35#1123608,1775024423,24782919,0xa0c4e265544cde0dcb556e4aea75d10aace4d393deec57a78dea8365e59bdb35,380,0x8ad599c3a0ff1de082011efddc58f1908eb6e6d8,3000.0,0.0,126659390.0,0xd226997439ecfbeff8e110c8c78c8a7eefd19f89,0xd226997439ecfbeff8e110c8c78c8a7eefd19f89,0x834d10cef4e5a75d3edddcbb1c5a94f8094e5713,,0xa0b86991c6218b36c1d19d4a2e9eb0ce3606eb48,USDC,6,0xc02aaa39b223fe8d0a0e5c4f27ead9083c756cc2,WETH,18,0.155465,-7.2672653939881e-05,0.15523149980781276,,1.7155447309770465e+33,199668.0,,,2026-04-01T06:20:23+00:00
swap,0x10c4a0059f9442049c7fc5db7c717390fbfb0637087ae8210c53d180839f2850#1123609,1775024687,24782941,0x10c4a0059f9442049c7fc5db7c717390fbfb0637087ae8210c53d180839f2850,291,0x8ad599c3a0ff1de082011efddc58f1908eb6e6d8,3000.0,0.0,128930659.0,0x51c72848c68a965f66fa7a88855f9f7784502a7f,0x51c72848c68a965f66fa7a88855f9f7784502a7f,0xeaa9ebddd373c4bd8bb92dfcc9c7e7fcdb268e51,,0xa0b86991c6218b36c1d19d4a2e9eb0ce3606eb48,USDC,6,0xc02aaa39b223fe8d0a0e5c4f27ead9083c756cc2,WETH,18,3949.189501,-1.8459532569407406,3943.141708104795,,1.715436667236246e+33,199666.0,,,2026-04-01T06:24:47+00:00
swap,0x5916aa560138aa2b8c75de33c75ec2ddd8135c97cd364dbf01e6df4b18ac98fa#1123610,1775024699,24782942,0x5916aa560138aa2b8c75de33c75ec2ddd8135c97cd364dbf01e6df4b18ac98fa,117,0x8ad599c3a0ff1de082011efddc58f1908eb6e6d8,3000.0,0.0,120993208.0,0x51c72848c68a965f66fa7a88855f9f7784502a7f,0x51c72848c68a965f66fa7a88855f9f7784502a7f,0x25039438290bdc35d1eed16961990d759bb498bd,,0xa0b86991c6218b36c1d19d4a2e9eb0ce3606eb48,USDC,6,0xc02aaa39b223fe8d0a0e5c4f27ead9083c756cc2,WETH,18,2171.496914,-1.0149147001436303,2168.202176506695,,1.7153772532295917e+33,199666.0,,,2026-04-01T06:24:59+00:00
swap,0x2fe1efc784c7473fe70837fc7afe45fe9f6797af889feef64076d966820c3908#1123611,1775024711,24782943,0x2fe1efc784c7473fe70837fc7afe45fe9f6797af889feef64076d966820c3908,11,0x8ad599c3a0ff1de082011efddc58f1908eb6e6d8,3000.0,0.0,13387503799.0,0x51c72848c68a965f66fa7a88855f9f7784502a7f,0x51c72848c68a965f66fa7a88855f9f7784502a7f,0x115d0a42f5dd6fabf392edd0831932875b3ffb22,,0xa0b86991c6218b36c1d19d4a2e9eb0ce3606eb48,USDC,6,0xc02aaa39b223fe8d0a0e5c4f27ead9083c756cc2,WETH,18,22662.913301,-10.58800325944313,22624.836727815982,,1.7147574221284947e+33,199658.0,,,2026-04-01T06:25:11+00:00
swap,0x7c4f7b0cfb79e3c69aaea358d55a5f35afb0e884abf10155cd0fa7fdad6c0b9e#1123612,1775024783,24782949,0x7c4f7b0cfb79e3c69aaea358d55a5f35afb0e884abf10155cd0fa7fdad6c0b9e,29,0x8ad599c3a0ff1de082011efddc58f1908eb6e6d8,3000.0,0.0,7985818147.0,0x51c72848c68a965f66fa7a88855f9f7784502a7f,0x51c72848c68a965f66fa7a88855f9f7784502a7f,0xbaa3ef11659d347aae75c7bb67e29f1f8bb90843,,0xa0b86991c6218b36c1d19d4a2e9eb0ce3606eb48,USDC,6,0xc02aaa39b223fe8d0a0e5c4f27ead9083c756cc2,WETH,18,17779.603783,-8.301190039756072,17750.422581929735,,1.7142714631014073e+33,199653.0,,,2026-04-01T06:26:23+00:00
swap,0xe422dad51eae8b2b5a00d6fdcb078433f67cd55885f067cef0d509e67175b4c9#1123613,1775024795,24782950,0xe422dad51eae8b2b5a00d6fdcb078433f67cd55885f067cef0d509e67175b4c9,169,0x8ad599c3a0ff1de082011efddc58f1908eb6e6d8,3000.0,0.0,164819290.0,0xd226997439ecfbeff8e110c8c78c8a7eefd19f89,0xd226997439ecfbeff8e110c8c78c8a7eefd19f89,0x834d10cef4e5a75d3edddcbb1c5a94f8094e5713,,0xa0b86991c6218b36c1d19d4a2e9eb0ce3606eb48,USDC,6,0xc02aaa39b223fe8d0a0e5c4f27ead9083c756cc2,WETH,18,3e-06,-9.3633233e-10,2.4999999991720865e-06,,1.7142714631013525e+33,199653.0,,,2026-04-01T06:26:35+00:00
swap,0x2d6227d4836def05f3637a7a0e819d1236e258a4328af13c780a8ad244e6c259#1123614,1775024795,24782950,0x2d6227d4836def05f3637a7a0e819d1236e258a4328af13c780a8ad244e6c259,220,0x8ad599c3a0ff1de082011efddc58f1908eb6e6d8,3000.0,0.0,164819290.0,0x06cff7088619c7178f5e14f0b119458d08d2f5ef,0x06cff7088619c7178f5e14f0b119458d08d2f5ef,0xdf8adfe10d4a4d9f0fc4d3e377a6e8d5730eb40c,,0xa0b86991c6218b36c1d19d4a2e9eb0ce3606eb48,USDC,6,0xc02aaa39b223fe8d0a0e5c4f27ead9083c756cc2,WETH,18,0.317673,-0.000148277118984579,0.3171959991981403,,1.7142714544210783e+33,199653.0,,,2026-04-01T06:26:35+00:00
swap,0x96e7c759add1e3d8001e9f20e2b2ef696fb394ca93ce6ff7d17103ef5d45fe48#1123615,1775024819,24782952,0x96e7c759add1e3d8001e9f20e2b2ef696fb394ca93ce6ff7d17103ef5d45fe48,92,0x8ad599c3a0ff1de082011efddc58f1908eb6e6d8,3000.0,0.0,165642201.0,0x06cff7088619c7178f5e14f0b119458d08d2f5ef,0x06cff7088619c7178f5e14f0b119458d08d2f5ef,0xdf8adfe10d4a4d9f0fc4d3e377a6e8d5730eb40c,,0xa0b86991c6218b36c1d19d4a2e9eb0ce3606eb48,USDC,6,0xc02aaa39b223fe8d0a0e5c4f27ead9083c756cc2,WETH,18,0.269943,-0.00012599896277111,0.26953799942099316,,1.7142714470449874e+33,199653.0,,,2026-04-01T06:26:59+00:00
swap,0x4f7390ab389e4c68c769c33848315936be40805279af503d611c94c7c1bfe306#1123616,1775024831,24782953,0x4f7390ab389e4c68c769c33848315936be40805279af503d611c94c7c1bfe306,27,0x8ad599c3a0ff1de082011efddc58f1908eb6e6d8,3000.0,0.0,155767302.0,0x06cff7088619c7178f5e14f0b119458d08d2f5ef,0x06cff7088619c7178f5e14f0b119458d08d2f5ef,0x65fb9db5fc926eb22ac5ae86e74242e0df44718c,,0xa0b86991c6218b36c1d19d4a2e9eb0ce3606eb48,USDC,6,0xc02aaa39b223fe8d0a0e5c4f27ead9083c756cc2,WETH,18,0.221145,-0.000103221742013357,0.22081299961140896,,1.714271441002295e+33,199653.0,,,2026-04-01T06:27:11+00:00
swap,0x5ec33afbc5a4edc2f49f3b01f1b12c06f3339b45f6833b88a04d4c8e6f224147#1123617,1775024855,24782955,0x5ec33afbc5a4edc2f49f3b01f1b12c06f3339b45f6833b88a04d4c8e6f224147,18,0x8ad599c3a0ff1de082011efddc58f1908eb6e6d8,3000.0,0.0,165728327.0,0x06cff7088619c7178f5e14f0b119458d08d2f5ef,0x06cff7088619c7178f5e14f0b119458d08d2f5ef,0xdf8adfe10d4a4d9f0fc4d3e377a6e8d5730eb40c,,0xa0b86991c6218b36c1d19d4a2e9eb0ce3606eb48,USDC,6,0xc02aaa39b223fe8d0a0e5c4f27ead9083c756cc2,WETH,18,1.705983,-0.000796287402708625,1.7034239768745918,,1.714271394386924e+33,199653.0,,,2026-04-01T06:27:35+00:00
swap,0xc7f7d2baf2d1b4d36fa3bee40848c716aad35aea7dbda284ff986dc4752c901e#1123618,1775024867,24782956,0xc7f7d2baf2d1b4d36fa3bee40848c716aad35aea7dbda284ff986dc4752c901e,185,0x8ad599c3a0ff1de082011efddc58f1908eb6e6d8,3000.0,0.0,171901259.0,0x06cff7088619c7178f5e14f0b119458d08d2f5ef,0x06cff7088619c7178f5e14f0b119458d08d2f5ef,0xdf8adfe10d4a4d9f0fc4d3e377a6e8d5730eb40c,,0xa0b86991c6218b36c1d19d4a2e9eb0ce3606eb48,USDC,6,0xc02aaa39b223fe8d0a0e5c4f27ead9083c756cc2,WETH,18,0.211336,-9.8643070973071e-05,0.21101849964511868,,1.7142713886122712e+33,199653.0,,,2026-04-01T06:27:47+00:00
swap,0x53db67a003e727b29e53e8b031de65e4abeb40c306f263575a9139de006e1eb4#1123619,1775024891,24782958,0x53db67a003e727b29e53e8b031de65e4abeb40c306f263575a9139de006e1eb4,134,0x8ad599c3a0ff1de082011efddc58f1908eb6e6d8,3000.0,0.0,207893352.0,0x51c72848c68a965f66fa7a88855f9f7784502a7f,0x51c72848c68a965f66fa7a88855f9f7784502a7f,0x2c937e3b0ea4198303d85ae11e4ac5fe3181c990,,0xa0b86991c6218b36c1d19d4a2e9eb0ce3606eb48,USDC,6,0xc02aaa39b223fe8d0a0e5c4f27ead9083c756cc2,WETH,18,1594.856502,-0.7443988908696119,1592.4440067254172,,1.7142278108410072e+33,199652.0,,,2026-04-01T06:28:11+00:00
swap,0x5d852bc08c1f4187942e24ef1e66ee8020fc9f6629ab59b6b6326b3a40cc3e2a#1123620,1775024915,24782960,0x5d852bc08c1f4187942e24ef1e66ee8020fc9f6629ab59b6b6326b3a40cc3e2a,107,0x8ad599c3a0ff1de082011efddc58f1908eb6e6d8,3000.0,0.0,151968356.0,0x15893515f06036b37775cef10477fb4b85be3ee6,0x15893515f06036b37775cef10477fb4b85be3ee6,0x06a2d004a003250f6fc7bc0687182c46826edd54,,0xa0b86991c6218b36c1d19d4a2e9eb0ce3606eb48,USDC,6,0xc02aaa39b223fe8d0a0e5c4f27ead9083c756cc2,WETH,18,7223.707578,-3.3711899184967438,7212.457444785047,,1.7140304583933372e+33,199650.0,,,2026-04-01T06:28:35+00:00
swap,0xc7f8d7f8e59c91de0d4d50beceff0545e1609ba67e3701b7459a3488293c3dc4#1123621,1775024987,24782966,0xc7f8d7f8e59c91de0d4d50beceff0545e1609ba67e3701b7459a3488293c3dc4,420,0x8ad599c3a0ff1de082011efddc58f1908eb6e6d8,3000.0,0.0,137315837.0,0x51c72848c68a965f66fa7a88855f9f7784502a7f,0x51c72848c68a965f66fa7a88855f9f7784502a7f,0x5fa60dd1d2809604496d3315ab6f878bd59f64d4,,0xa0b86991c6218b36c1d19d4a2e9eb0ce3606eb48,USDC,6,0xc02aaa39b223fe8d0a0e5c4f27ead9083c756cc2,WETH,18,1894.127717,-0.8838309590527648,1891.2580224055,,1.713978718145142e+33,199649.0,,,2026-04-01T06:29:47+00:00
swap,0x3fc8f2847ef04d10f1d88d5b24c7eefcd8607cf251055fd607e1d3b051f77c26#1123622,1775025011,24782968,0x3fc8f2847ef04d10f1d88d5b24c7eefcd8607cf251055fd607e1d3b051f77c26,44,0x8ad599c3a0ff1de082011efddc58f1908eb6e6d8,3000.0,0.0,11928062738.0,0xbdb3ba9ffe392549e1f8658dd2630c141fdf47b6,0xbdb3ba9ffe392549e1f8658dd2630c141fdf47b6,0x5b43453fce04b92e190f391a83136bfbecedefd1,,0xa0b86991c6218b36c1d19d4a2e9eb0ce3606eb48,USDC,6,0xc02aaa39b223fe8d0a0e5c4f27ead9083c756cc2,WETH,18,16289.910033,-7.598936140373866,16263.36755621319,,1.7135338696841394e+33,199644.0,,,2026-04-01T06:30:11+00:00
swap,0x1033225beadfc608020f1ced8e39087caa7877ffb889344516b7850ced7fc53b#1123623,1775025023,24782969,0x1033225beadfc608020f1ced8e39087caa7877ffb889344516b7850ced7fc53b,8,0x8ad599c3a0ff1de082011efddc58f1908eb6e6d8,3000.0,0.0,17049966585.0,0xeff6cb8b614999d130e537751ee99724d01aa167,0xeff6cb8b614999d130e537751ee99724d01aa167,0x98972d167f8490f970e00a255491161b53f53322,,0xa0b86991c6218b36c1d19d4a2e9eb0ce3606eb48,USDC,6,0xc02aaa39b223fe8d0a0e5c4f27ead9083c756cc2,WETH,18,19048.347599,-8.880693884597532,19016.89412534347,,1.7130139859880246e+33,199638.0,,,2026-04-01T06:30:23+00:00
swap,0x7634b9b67afb1ad7b4039e269ade0218ecbc0aebee27b04f06272e1af8a23e85#1123624,1775025059,24782972,0x7634b9b67afb1ad7b4039e269ade0218ecbc0aebee27b04f06272e1af8a23e85,74,0x8ad599c3a0ff1de082011efddc58f1908eb6e6d8,3000.0,0.0,150543981.0,0x06cff7088619c7178f5e14f0b119458d08d2f5ef,0x06cff7088619c7178f5e14f0b119458d08d2f5ef,0xf07b4d27cae6571857e51ab3fb209f5226de2d88,,0xa0b86991c6218b36c1d19d4a2e9eb0ce3606eb48,USDC,6,0xc02aaa39b223fe8d0a0e5c4f27ead9083c756cc2,WETH,18,1.787977,-0.000833335162271291,1.7852949746168691,,1.713013937203845e+33,199638.0,,,2026-04-01T06:30:59+00:00
swap,0x197ff4d8360219274c881f31e12ece2138412f8868189b161ed86651b776c04d#1123625,1775025083,24782974,0x197ff4d8360219274c881f31e12ece2138412f8868189b161ed86651b776c04d,1458,0x8ad599c3a0ff1de082011efddc58f1908eb6e6d8,3000.0,0.0,160520676.0,0xd226997439ecfbeff8e110c8c78c8a7eefd19f89,0xd226997439ecfbeff8e110c8c78c8a7eefd19f89,0xae0cc0d6e76c2b13451ab90cd13a5fa71a5c59ba,,0xa0b86991c6218b36c1d19d4a2e9eb0ce3606eb48,USDC,6,0xc02aaa39b223fe8d0a0e5c4f27ead9083c756cc2,WETH,18,1.121932,-0.000522906730691325,1.1202489900056567,,1.7130139065924212e+33,199638.0,,,2026-04-01T06:31:23+00:00
swap,0xde638e24fbde00a5ffab713c433936af0e73e583f2428c86d822c5e2de78f0dc#1123626,1775025083,24782974,0xde638e24fbde00a5ffab713c433936af0e73e583f2428c86d822c5e2de78f0dc,1479,0x8ad599c3a0ff1de082011efddc58f1908eb6e6d8,3000.0,0.0,160520676.0,0x06cff7088619c7178f5e14f0b119458d08d2f5ef,0x06cff7088619c7178f5e14f0b119458d08d2f5ef,0xdf8adfe10d4a4d9f0fc4d3e377a6e8d5730eb40c,,0xa0b86991c6218b36c1d19d4a2e9eb0ce3606eb48,USDC,6,0xc02aaa39b223fe8d0a0e5c4f27ead9083c756cc2,WETH,18,0.438024,-0.000204152521871342,0.43736649847659476,,1.7130138946411516e+33,199638.0,,,2026-04-01T06:31:23+00:00
swap,0x9297511e823f3a83eb56507012ddb5e2b666bfa6f0b4fb40d3d3679101a4b052#1123627,1775025095,24782975,0x9297511e823f3a83eb56507012ddb5e2b666bfa6f0b4fb40d3d3679101a4b052,88,0x8ad599c3a0ff1de082011efddc58f1908eb6e6d8,3000.0,0.0,169256879.0,0x06cff7088619c7178f5e14f0b119458d08d2f5ef,0x06cff7088619c7178f5e14f0b119458d08d2f5ef,0xd7e1236c08731c3632519dcd1a581bfe6876a3b2,,0xa0b86991c6218b36c1d19d4a2e9eb0ce3606eb48,USDC,6,0xc02aaa39b223fe8d0a0e5c4f27ead9083c756cc2,WETH,18,0.843012,-0.000392908129638743,0.8417469943572884,,1.7130138716399612e+33,199638.0,,,2026-04-01T06:31:35+00:00
swap,0x127505b7f59a3eb2aea9d25c3551986a5ca1b29c921d9218c4616a85b19d54ca#1123628,1775025299,24782992,0x127505b7f59a3eb2aea9d25c3551986a5ca1b29c921d9218c4616a85b19d54ca,138,0x8ad599c3a0ff1de082011efddc58f1908eb6e6d8,3000.0,0.0,609354187.0,0x51c72848c68a965f66fa7a88855f9f7784502a7f,0x51c72848c68a965f66fa7a88855f9f7784502a7f,0x74d02d1febbe6dfdcc318d386b3473bedbed6fbf,,0xa0b86991c6218b36c1d19d4a2e9eb0ce3606eb48,USDC,6,0xc02aaa39b223fe8d0a0e5c4f27ead9083c756cc2,WETH,18,4418.922541,-2.059413584300559,4412.139124217257,,1.7128933117422834e+33,199637.0,,,2026-04-01T06:34:59+00:00
swap,0xb5f63cd1ec297cb262f8438c4fd4bfc58ed3a632fbae850d2055997673e97aac#1123629,1775025311,24782993,0xb5f63cd1ec297cb262f8438c4fd4bfc58ed3a632fbae850d2055997673e97aac,17,0x8ad599c3a0ff1de082011efddc58f1908eb6e6d8,3000.0,0.0,178613718.0,0x51c72848c68a965f66fa7a88855f9f7784502a7f,0x51c72848c68a965f66fa7a88855f9f7784502a7f,0xe4cb1cc4a206766b891e612ddc0e044306cb45ab,,0xa0b86991c6218b36c1d19d4a2e9eb0ce3606eb48,USDC,6,0xc02aaa39b223fe8d0a0e5c4f27ead9083c756cc2,WETH,18,16715.307545,-7.787452080943353,16688.016877836668,,1.7124374273909287e+33,199631.0,,,2026-04-01T06:35:11+00:00
swap,0x969556dcfa50a333517e70a8315fc76bcaff1a628462b737965066902bc874bc#1123630,1775025323,24782994,0x969556dcfa50a333517e70a8315fc76bcaff1a628462b737965066902bc874bc,583,0x8ad599c3a0ff1de082011efddc58f1908eb6e6d8,3000.0,0.0,165207864.0,0x51c72848c68a965f66fa7a88855f9f7784502a7f,0x51c72848c68a965f66fa7a88855f9f7784502a7f,0x74d02d1febbe6dfdcc318d386b3473bedbed6fbf,,0xa0b86991c6218b36c1d19d4a2e9eb0ce3606eb48,USDC,6,0xc02aaa39b223fe8d0a0e5c4f27ead9083c756cc2,WETH,18,5402.538748,-2.5160886962491094,5394.203288816511,,1.7122901333271814e+33,199630.0,,,2026-04-01T06:35:23+00:00
swap,0xb8d9576c354f4c64bb5bf1b53d8e4451ad7af262bed922f7d5c12da436ceeb67#1123631,1775025419,24783002,0xb8d9576c354f4c64bb5bf1b53d8e4451ad7af262bed922f7d5c12da436ceeb67,59,0x8ad599c3a0ff1de082011efddc58f1908eb6e6d8,3000.0,0.0,24307812481.0,0xbdb3ba9ffe392549e1f8658dd2630c141fdf47b6,0xbdb3ba9ffe392549e1f8658dd2630c141fdf47b6,0x5b43453fce04b92e190f391a83136bfbecedefd1,,0xa0b86991c6218b36c1d19d4a2e9eb0ce3606eb48,USDC,6,0xc02aaa39b223fe8d0a0e5c4f27ead9083c756cc2,WETH,18,22301.628667,-10.381810647647349,22264.230226143536,,1.711682372924447e+33,199623.0,,,2026-04-01T06:36:59+00:00
swap,0xdecb5259be46edf2775b18a85efc8dbef7ed9bb95d5973c1f3bf319392feec1a#1123632,1775025863,24783039,0xdecb5259be46edf2775b18a85efc8dbef7ed9bb95d5973c1f3bf319392feec1a,20,0x8ad599c3a0ff1de082011efddc58f1908eb6e6d8,3000.0,0.0,27475357235.0,0xbdb3ba9ffe392549e1f8658dd2630c141fdf47b6,0xbdb3ba9ffe392549e1f8658dd2630c141fdf47b6,0x5b43453fce04b92e190f391a83136bfbecedefd1,,0xa0b86991c6218b36c1d19d4a2e9eb0ce3606eb48,USDC,6,0xc02aaa39b223fe8d0a0e5c4f27ead9083c756cc2,WETH,18,33269.132177,-15.473675625489866,33210.435009704444,,1.7107741012305375e+33,199612.0,,,2026-04-01T06:44:23+00:00
swap,0x5dd4d0e74dacf218abbd7ed6095d3c7ea6faa2ebe21c403f9d62b49db503d006#1123633,1775025875,24783040,0x5dd4d0e74dacf218abbd7ed6095d3c7ea6faa2ebe21c403f9d62b49db503d006,310,0x8ad599c3a0ff1de082011efddc58f1908eb6e6d8,3000.0,0.0,146093893.0,0x51c72848c68a965f66fa7a88855f9f7784502a7f,0x51c72848c68a965f66fa7a88855f9f7784502a7f,0xab7b44ae25af88d306dc0a5c6c39bbeb8916eabb,,0xa0b86991c6218b36c1d19d4a2e9eb0ce3606eb48,USDC,6,0xc02aaa39b223fe8d0a0e5c4f27ead9083c756cc2,WETH,18,8881.16912,-4.127906799167406,8867.21963540294,,1.7105315348198546e+33,199609.0,,,2026-04-01T06:44:35+00:00
swap,0xfc8e6950be1fbe124771b7d33c1eec03c23e41fc5719fba2a996f873c0653a3d#1123634,1775025887,24783041,0xfc8e6950be1fbe124771b7d33c1eec03c23e41fc5719fba2a996f873c0653a3d,87,0x8ad599c3a0ff1de082011efddc58f1908eb6e6d8,3000.0,0.0,19072069466.0,0xbdb3ba9ffe392549e1f8658dd2630c141fdf47b6,0xbdb3ba9ffe392549e1f8658dd2630c141fdf47b6,0x5b43453fce04b92e190f391a83136bfbecedefd1,,0xa0b86991c6218b36c1d19d4a2e9eb0ce3606eb48,USDC,6,0xc02aaa39b223fe8d0a0e5c4f27ead9083c756cc2,WETH,18,11520.247823,-5.352788878150539,11501.911419695307,,1.7102169911907256e+33,199605.0,,,2026-04-01T06:44:47+00:00
swap,0xc34d3da0fea20e97961e77d47ad56d8e2db53f4b99dca42f6e9f87b512057fc8#1123635,1775025899,24783042,0xc34d3da0fea20e97961e77d47ad56d8e2db53f4b99dca42f6e9f87b512057fc8,15,0x8ad599c3a0ff1de082011efddc58f1908eb6e6d8,3000.0,0.0,8624501450.0,0x51c72848c68a965f66fa7a88855f9f7784502a7f,0x51c72848c68a965f66fa7a88855f9f7784502a7f,0x115d0a42f5dd6fabf392edd0831932875b3ffb22,,0xa0b86991c6218b36c1d19d4a2e9eb0ce3606eb48,USDC,6,0xc02aaa39b223fe8d0a0e5c4f27ead9083c756cc2,WETH,18,18452.477932,-8.569692158140578,18422.090678823944,,1.7097134140586362e+33,199600.0,,,2026-04-01T06:44:59+00:00
swap,0xae445b236905a474fe4af5670a296032e00d90392ff1808fdca0c42bf5524d86#1123636,1775025911,24783043,0xae445b236905a474fe4af5670a296032e00d90392ff1808fdca0c42bf5524d86,132,0x8ad599c3a0ff1de082011efddc58f1908eb6e6d8,3000.0,0.0,124638559.0,0x06cff7088619c7178f5e14f0b119458d08d2f5ef,0x06cff7088619c7178f5e14f0b119458d08d2f5ef,0xd7e1236c08731c3632519dcd1a581bfe6876a3b2,,0xa0b86991c6218b36c1d19d4a2e9eb0ce3606eb48,USDC,6,0xc02aaa39b223fe8d0a0e5c4f27ead9083c756cc2,WETH,18,0.368951,-0.000171297547324489,0.3683974989171644,,1.709713403992752e+33,199600.0,,,2026-04-01T06:45:11+00:00
swap,0x2b602e588787e73c875782af987f89285461202580f6fd5ad96c739b7738b83a#1123637,1775025923,24783044,0x2b602e588787e73c875782af987f89285461202580f6fd5ad96c739b7738b83a,262,0x8ad599c3a0ff1de082011efddc58f1908eb6e6d8,3000.0,0.0,640208270.0,0x66a9893cc07d91d95644aedd05d03f95e1dba8af,0x66a9893cc07d91d95644aedd05d03f95e1dba8af,0x19f70794a223f16b7023975aa247e5c7398badd9,,0xa0b86991c6218b36c1d19d4a2e9eb0ce3606eb48,USDC,6,0xc02aaa39b223fe8d0a0e5c4f27ead9083c756cc2,WETH,18,135.342452,-0.06283704075633602,135.13929228898368,,1.7097097115267697e+33,199600.0,,,2026-04-01T06:45:23+00:00
swap,0x479cbe93f2e368f2b09db25274171f65eb3e7119be219b93ae26777e69caf378#1123638,1775026103,24783059,0x479cbe93f2e368f2b09db25274171f65eb3e7119be219b93ae26777e69caf378,111,0x8ad599c3a0ff1de082011efddc58f1908eb6e6d8,3000.0,0.0,173067826.0,0x06cff7088619c7178f5e14f0b119458d08d2f5ef,0x06cff7088619c7178f5e14f0b119458d08d2f5ef,0xb19c265d240326578eeb346189ebd96ae84949a9,,0xa0b86991c6218b36c1d19d4a2e9eb0ce3606eb48,USDC,6,0xc02aaa39b223fe8d0a0e5c4f27ead9083c756cc2,WETH,18,2.147789,-0.000997176921086993,2.1445669633049675,,1.7097096529300913e+33,199600.0,,,2026-04-01T06:48:23+00:00
swap,0x2c18a82cf7009635c0ae53fd48b14cf756d440237c8da4fabeb12c49ab6becde#1123639,1775026103,24783059,0x2c18a82cf7009635c0ae53fd48b14cf756d440237c8da4fabeb12c49ab6becde,262,0x8ad599c3a0ff1de082011efddc58f1908eb6e6d8,3000.0,0.0,173067826.0,0x06cff7088619c7178f5e14f0b119458d08d2f5ef,0x06cff7088619c7178f5e14f0b119458d08d2f5ef,0xdf8adfe10d4a4d9f0fc4d3e377a6e8d5730eb40c,,0xa0b86991c6218b36c1d19d4a2e9eb0ce3606eb48,USDC,6,0xc02aaa39b223fe8d0a0e5c4f27ead9083c756cc2,WETH,18,0.206601,-9.5920784210684e-05,0.20629099966046133,,1.7097096472935397e+33,199600.0,,,2026-04-01T06:48:23+00:00
mint,0xd3419e44d49c69234ee72bb962eef0d92f30f483920e1304f528549f394d9969#1123640,1775026223,24783069,0xd3419e44d49c69234ee72bb962eef0d92f30f483920e1304f528549f394d9969,84,0x8ad599c3a0ff1de082011efddc58f1908eb6e6d8,3000.0,0.0,298966977.0,0xc36442b4a4522e871399cd717abdd847ab11fe88,,0x05854d0c70d2f696fb3d9c0863100956b795e2ff,0xc36442b4a4522e871399cd717abdd847ab11fe88,0xa0b86991c6218b36c1d19d4a2e9eb0ce3606eb48,USDC,6,0xc02aaa39b223fe8d0a0e5c4f27ead9083c756cc2,WETH,18,11.71461,0.00343750182438187,19.096326814023453,4272176547799.0,,,198840.0,200820.0,2026-04-01T06:50:23+00:00
burn,0xbc6ff787928512d3b271d3e2369f116afef3a7dd70218baf1ad83776552fc6c2#1123646,1775026403,24783084,0xbc6ff787928512d3b271d3e2369f116afef3a7dd70218baf1ad83776552fc6c2,217,0x8ad599c3a0ff1de082011efddc58f1908eb6e6d8,3000.0,0.0,258255744.0,,,0x3b62ba6cc56df179bfb7bbec0b4da86cbc0a6366,0xc36442b4a4522e871399cd717abdd847ab11fe88,0xa0b86991c6218b36c1d19d4a2e9eb0ce3606eb48,USDC,6,0xc02aaa39b223fe8d0a0e5c4f27ead9083c756cc2,WETH,18,0.0,0.0,0.0,0.0,,,199440.0,201360.0,2026-04-01T06:53:23+00:00
swap,0x70919eee088c978928cbb84bccdead53555f19f7320581e20d6276cce45c0057#1123642,1775026667,24783106,0x70919eee088c978928cbb84bccdead53555f19f7320581e20d6276cce45c0057,12,0x8ad599c3a0ff1de082011efddc58f1908eb6e6d8,3000.0,0.0,168648860.0,0x06cff7088619c7178f5e14f0b119458d08d2f5ef,0x06cff7088619c7178f5e14f0b119458d08d2f5ef,0xd7e1236c08731c3632519dcd1a581bfe6876a3b2,,0xa0b86991c6218b36c1d19d4a2e9eb0ce3606eb48,USDC,6,0xc02aaa39b223fe8d0a0e5c4f27ead9083c756cc2,WETH,18,1.355079,-0.000629136780622624,1.3530459853933146,,1.709709610323963e+33,199600.0,,,2026-04-01T06:57:47+00:00
swap,0xdc5ad9e7f75116205b1b92cedf6895fd20b7f12409d56416554705e616895384#1123643,1775026667,24783106,0xdc5ad9e7f75116205b1b92cedf6895fd20b7f12409d56416554705e616895384,62,0x8ad599c3a0ff1de082011efddc58f1908eb6e6d8,3000.0,0.0,168648860.0,0x06cff7088619c7178f5e14f0b119458d08d2f5ef,0x06cff7088619c7178f5e14f0b119458d08d2f5ef,0xdf8adfe10d4a4d9f0fc4d3e377a6e8d5730eb40c,,0xa0b86991c6218b36c1d19d4a2e9eb0ce3606eb48,USDC,6,0xc02aaa39b223fe8d0a0e5c4f27ead9083c756cc2,WETH,18,0.178841,-8.3032214927874e-05,0.1785724997455769,,1.709709605444792e+33,199600.0,,,2026-04-01T06:57:47+00:00
burn,0xd8bcab664da446b89baedb6a0080dd8dac41b056915412808cef68455b4a1c79#1123649,1775027159,24783147,0xd8bcab664da446b89baedb6a0080dd8dac41b056915412808cef68455b4a1c79,664,0x8ad599c3a0ff1de082011efddc58f1908eb6e6d8,3000.0,0.0,149677102.0,,,0x5370eb8a0d876b723c716b96eb34caf64f69b505,0xc36442b4a4522e871399cd717abdd847ab11fe88,0xa0b86991c6218b36c1d19d4a2e9eb0ce3606eb48,USDC,6,0xc02aaa39b223fe8d0a0e5c4f27ead9083c756cc2,WETH,18,1653.746696,0.0,1653.746696,535814405895718.0,,,199620.0,201000.0,2026-04-01T07:05:59+00:00
mint,0xd8bcab664da446b89baedb6a0080dd8dac41b056915412808cef68455b4a1c79#1123645,1775027159,24783147,0xd8bcab664da446b89baedb6a0080dd8dac41b056915412808cef68455b4a1c79,806,0x8ad599c3a0ff1de082011efddc58f1908eb6e6d8,3000.0,0.0,149677102.0,0xc36442b4a4522e871399cd717abdd847ab11fe88,,0x5370eb8a0d876b723c716b96eb34caf64f69b505,0xc36442b4a4522e871399cd717abdd847ab11fe88,0xa0b86991c6218b36c1d19d4a2e9eb0ce3606eb48,USDC,6,0xc02aaa39b223fe8d0a0e5c4f27ead9083c756cc2,WETH,18,805.03038,0.38574619426007856,1633.3846480076497,519726766236120.0,,,198900.0,200280.0,2026-04-01T07:05:59+00:00
swap,0xf4355e5712ffca0de900d174d12a0752527abb1e19716390465f3c2cafb22863#1123646,1775027207,24783151,0xf4355e5712ffca0de900d174d12a0752527abb1e19716390465f3c2cafb22863,20,0x8ad599c3a0ff1de082011efddc58f1908eb6e6d8,3000.0,0.0,149717198.0,0x06cff7088619c7178f5e14f0b119458d08d2f5ef,0x06cff7088619c7178f5e14f0b119458d08d2f5ef,0xdf8adfe10d4a4d9f0fc4d3e377a6e8d5730eb40c,,0xa0b86991c6218b36c1d19d4a2e9eb0ce3606eb48,USDC,6,0xc02aaa39b223fe8d0a0e5c4f27ead9083c756cc2,WETH,18,1.683769,-0.000781741220643561,1.6812429774565596,,1.7097095595255155e+33,199600.0,,,2026-04-01T07:06:47+00:00
swap,0xb7137484340d1b029b3ab61fe4ac2c4671a3ad67b3ee811dff980c4b08135674#1123647,1775027255,24783155,0xb7137484340d1b029b3ab61fe4ac2c4671a3ad67b3ee811dff980c4b08135674,42,0x8ad599c3a0ff1de082011efddc58f1908eb6e6d8,3000.0,0.0,149863575.0,0x51c72848c68a965f66fa7a88855f9f7784502a7f,0x51c72848c68a965f66fa7a88855f9f7784502a7f,0xe857b35c50f6706e9adda38e144cd7c48a819fd5,,0xa0b86991c6218b36c1d19d4a2e9eb0ce3606eb48,USDC,6,0xc02aaa39b223fe8d0a0e5c4f27ead9083c756cc2,WETH,18,3278.119977,-1.5218883996224226,3273.1173528173895,,1.709620164195404e+33,199598.0,,,2026-04-01T07:07:35+00:00
swap,0xe7ad1cdb5efcc251dd3d1294922e02649fa6195af907222b7335a5bb9cc6d688#1123648,1775027315,24783160,0xe7ad1cdb5efcc251dd3d1294922e02649fa6195af907222b7335a5bb9cc6d688,115,0x8ad599c3a0ff1de082011efddc58f1908eb6e6d8,3000.0,0.0,152931410.0,0x51c72848c68a965f66fa7a88855f9f7784502a7f,0x51c72848c68a965f66fa7a88855f9f7784502a7f,0xbaa3ef11659d347aae75c7bb67e29f1f8bb90843,,0xa0b86991c6218b36c1d19d4a2e9eb0ce3606eb48,USDC,6,0xc02aaa39b223fe8d0a0e5c4f27ead9083c756cc2,WETH,18,4475.875445,-2.0776971422169135,4469.002352767252,,1.7094981208038218e+33,199597.0,,,2026-04-01T07:08:35+00:00
swap,0x6f3b266f110a39f37068d8c6113e6ac94ba1bda83030126b4a05bf8cb1910a9e#1123649,1775027375,24783165,0x6f3b266f110a39f37068d8c6113e6ac94ba1bda83030126b4a05bf8cb1910a9e,228,0x8ad599c3a0ff1de082011efddc58f1908eb6e6d8,3000.0,0.0,125379573.0,0x51c72848c68a965f66fa7a88855f9f7784502a7f,0x51c72848c68a965f66fa7a88855f9f7784502a7f,0x8316174a0f13c9aae7f2409a19ebd8ec8c69aaf4,,0xa0b86991c6218b36c1d19d4a2e9eb0ce3606eb48,USDC,6,0xc02aaa39b223fe8d0a0e5c4f27ead9083c756cc2,WETH,18,4681.405584,-2.1727866789427237,4674.209245908058,,1.7093704918774998e+33,199596.0,,,2026-04-01T07:09:35+00:00
swap,0x8c6deb18ea0f9893c1cb340fcc3c2c282abd93f1564879dafdbcb545ec7f5892#1123650,1775027411,24783168,0x8c6deb18ea0f9893c1cb340fcc3c2c282abd93f1564879dafdbcb545ec7f5892,63,0x8ad599c3a0ff1de082011efddc58f1908eb6e6d8,3000.0,0.0,124328327.0,0x51c72848c68a965f66fa7a88855f9f7784502a7f,0x51c72848c68a965f66fa7a88855f9f7784502a7f,0x43605d68015b0a4df59e20afc77c9413665eb8dd,,0xa0b86991c6218b36c1d19d4a2e9eb0ce3606eb48,USDC,6,0xc02aaa39b223fe8d0a0e5c4f27ead9083c756cc2,WETH,18,8762.588787,-4.066119530278852,8748.834561075557,,1.7091316490702534e+33,199593.0,,,2026-04-01T07:10:11+00:00
burn,0x6b532c783c74e3e2fff422df6e05462b48ebfb9ecb02a0829e6ac62f22650d7a#1123656,1775027747,24783196,0x6b532c783c74e3e2fff422df6e05462b48ebfb9ecb02a0829e6ac62f22650d7a,172,0x8ad599c3a0ff1de082011efddc58f1908eb6e6d8,3000.0,0.0,2180414435.0,,,0x85815178314e8e3ed1fbd59701eef0d4654bd904,0xc36442b4a4522e871399cd717abdd847ab11fe88,0xa0b86991c6218b36c1d19d4a2e9eb0ce3606eb48,USDC,6,0xc02aaa39b223fe8d0a0e5c4f27ead9083c756cc2,WETH,18,0.0,0.0,0.0,0.0,,,186120.0,202020.0,2026-04-01T07:15:47+00:00
swap,0xacea1190c51bf18cb68a042523668ad5cef6870e80a5295ccbee69bb1d128090#1123652,1775027819,24783202,0xacea1190c51bf18cb68a042523668ad5cef6870e80a5295ccbee69bb1d128090,72,0x8ad599c3a0ff1de082011efddc58f1908eb6e6d8,3000.0,0.0,169867867.0,0xd226997439ecfbeff8e110c8c78c8a7eefd19f89,0xd226997439ecfbeff8e110c8c78c8a7eefd19f89,0x834d10cef4e5a75d3edddcbb1c5a94f8094e5713,,0xa0b86991c6218b36c1d19d4a2e9eb0ce3606eb48,USDC,6,0xc02aaa39b223fe8d0a0e5c4f27ead9083c756cc2,WETH,18,1.808126,-0.000838910349698238,1.8054134740124237,,1.709131599792877e+33,199593.0,,,2026-04-01T07:16:59+00:00
swap,0xc30538f09194bbee7b8a4d99487c482c5cba062b78765bfb659715aa4c57960e#1123653,1775027831,24783203,0xc30538f09194bbee7b8a4d99487c482c5cba062b78765bfb659715aa4c57960e,445,0x8ad599c3a0ff1de082011efddc58f1908eb6e6d8,3000.0,0.0,167692693.0,0xd226997439ecfbeff8e110c8c78c8a7eefd19f89,0xd226997439ecfbeff8e110c8c78c8a7eefd19f89,0xae0cc0d6e76c2b13451ab90cd13a5fa71a5c59ba,,0xa0b86991c6218b36c1d19d4a2e9eb0ce3606eb48,USDC,6,0xc02aaa39b223fe8d0a0e5c4f27ead9083c756cc2,WETH,18,0.181576,-8.4245127005451e-05,0.18130349973792492,,1.70913159484434e+33,199593.0,,,2026-04-01T07:17:11+00:00
swap,0x08b4e383861321eae3424117599e804506e50075a5b2cbc2e510a59df7a8c97a#1123654,1775027999,24783217,0x08b4e383861321eae3424117599e804506e50075a5b2cbc2e510a59df7a8c97a,89,0x8ad599c3a0ff1de082011efddc58f1908eb6e6d8,3000.0,0.0,30522007826.0,0xbdb3ba9ffe392549e1f8658dd2630c141fdf47b6,0xbdb3ba9ffe392549e1f8658dd2630c141fdf47b6,0x5b43453fce04b92e190f391a83136bfbecedefd1,,0xa0b86991c6218b36c1d19d4a2e9eb0ce3606eb48,USDC,6,0xc02aaa39b223fe8d0a0e5c4f27ead9083c756cc2,WETH,18,-8036.200265,3.7514853353206683,8048.808897772688,,1.709351295036701e+33,199595.0,,,2026-04-01T07:19:59+00:00
swap,0xe1d66bf0f69b4698de38a4baa4b1372824d667e7789be0de4ed48be269f6221a#1123655,1775028011,24783218,0xe1d66bf0f69b4698de38a4baa4b1372824d667e7789be0de4ed48be269f6221a,22,0x8ad599c3a0ff1de082011efddc58f1908eb6e6d8,3000.0,0.0,22663372773.0,0xbdb3ba9ffe392549e1f8658dd2630c141fdf47b6,0xbdb3ba9ffe392549e1f8658dd2630c141fdf47b6,0x5b43453fce04b92e190f391a83136bfbecedefd1,,0xa0b86991c6218b36c1d19d4a2e9eb0ce3606eb48,USDC,6,0xc02aaa39b223fe8d0a0e5c4f27ead9083c756cc2,WETH,18,-25725.411947,12.01570923572736,25769.427253062004,,1.7100549772837268e+33,199604.0,,,2026-04-01T07:20:11+00:00
swap,0x2f8dc4611e459d40b568ba043af850a42334e3257bfe5754ca8edc0f118ed3ba#1123656,1775028023,24783219,0x2f8dc4611e459d40b568ba043af850a42334e3257bfe5754ca8edc0f118ed3ba,313,0x8ad599c3a0ff1de082011efddc58f1908eb6e6d8,3000.0,0.0,21660806130.0,0xbdb3ba9ffe392549e1f8658dd2630c141fdf47b6,0xbdb3ba9ffe392549e1f8658dd2630c141fdf47b6,0x5b43453fce04b92e190f391a83136bfbecedefd1,,0xa0b86991c6218b36c1d19d4a2e9eb0ce3606eb48,USDC,6,0xc02aaa39b223fe8d0a0e5c4f27ead9083c756cc2,WETH,18,-24385.597195,11.39905166326937,24427.05978473827,,1.7107225458917054e+33,199611.0,,,2026-04-01T07:20:23+00:00
swap,0x88e43b781dc25ea2798775f86a488f714f79d5841538e3f6dd383787f0747ffd#1123657,1775028035,24783220,0x88e43b781dc25ea2798775f86a488f714f79d5841538e3f6dd383787f0747ffd,267,0x8ad599c3a0ff1de082011efddc58f1908eb6e6d8,3000.0,0.0,141815622.0,0x5050e08626c499411b5d0e0b5af0e83d3fd82edf,0x5050e08626c499411b5d0e0b5af0e83d3fd82edf,0xfe857ac30bb4fe3d1a673f00dfe650c430e42d83,,0xa0b86991c6218b36c1d19d4a2e9eb0ce3606eb48,USDC,6,0xc02aaa39b223fe8d0a0e5c4f27ead9083c756cc2,WETH,18,-6280.719602,2.9373649336036034,6290.4857605596435,,1.7108945683263585e+33,199613.0,,,2026-04-01T07:20:35+00:00
swap,0x66463d5a225f3281d96d94c5d4d412b870eea85efd897e4c0a43d39f47f85127#1123658,1775028119,24783227,0x66463d5a225f3281d96d94c5d4d412b870eea85efd897e4c0a43d39f47f85127,36,0x8ad599c3a0ff1de082011efddc58f1908eb6e6d8,3000.0,0.0,4073244373.0,0xbdb3ba9ffe392549e1f8658dd2630c141fdf47b6,0xbdb3ba9ffe392549e1f8658dd2630c141fdf47b6,0xbeccf19b026f12677e5ce1ce9e2d94dcc4772feb,,0xa0b86991c6218b36c1d19d4a2e9eb0ce3606eb48,USDC,6,0xc02aaa39b223fe8d0a0e5c4f27ead9083c756cc2,WETH,18,-11898.472426,5.566293694364694,11917.510775311828,,1.711220550087203e+33,199617.0,,,2026-04-01T07:21:59+00:00
swap,0x7c6b1166e7d3b6805dee9e73be8d176a58da27157bbce4ea916bd60f3eef4710#1123659,1775028299,24783242,0x7c6b1166e7d3b6805dee9e73be8d176a58da27157bbce4ea916bd60f3eef4710,133,0x8ad599c3a0ff1de082011efddc58f1908eb6e6d8,3000.0,0.0,333610652.0,0x68b3465833fb72a70ecdf485e0e4c7bd8665fc45,0xce16f69375520ab01377ce7b88f5ba8c48f8d666,0xa28a2b973990ca6b854a1aad55c048786ab8f1a1,,0xa0b86991c6218b36c1d19d4a2e9eb0ce3606eb48,USDC,6,0xc02aaa39b223fe8d0a0e5c4f27ead9083c756cc2,WETH,18,-10.990977,0.005142733709270872,11.00751421327879,,1.7112208512637995e+33,199617.0,,,2026-04-01T07:24:59+00:00
swap,0xa9964781d4cd7ee56ab18b31bcde4394fdec1d1d3b1568a0f7a706ccb15654e6#1123660,1775028491,24783258,0xa9964781d4cd7ee56ab18b31bcde4394fdec1d1d3b1568a0f7a706ccb15654e6,100,0x8ad599c3a0ff1de082011efddc58f1908eb6e6d8,3000.0,0.0,150170963.0,0x06cff7088619c7178f5e14f0b119458d08d2f5ef,0x06cff7088619c7178f5e14f0b119458d08d2f5ef,0xdf8adfe10d4a4d9f0fc4d3e377a6e8d5730eb40c,,0xa0b86991c6218b36c1d19d4a2e9eb0ce3606eb48,USDC,6,0xc02aaa39b223fe8d0a0e5c4f27ead9083c756cc2,WETH,18,0.247944,-0.000115319147761901,0.24757199951073294,,1.7112208444899824e+33,199617.0,,,2026-04-01T07:28:11+00:00
swap,0x551b674ada08e706e936430835e75497b3cc10facb730883694f787e2da91757#1123661,1775028623,24783268,0x551b674ada08e706e936430835e75497b3cc10facb730883694f787e2da91757,149,0x8ad599c3a0ff1de082011efddc58f1908eb6e6d8,3000.0,0.0,145041638.0,0x06cff7088619c7178f5e14f0b119458d08d2f5ef,0x06cff7088619c7178f5e14f0b119458d08d2f5ef,0xdf8adfe10d4a4d9f0fc4d3e377a6e8d5730eb40c,,0xa0b86991c6218b36c1d19d4a2e9eb0ce3606eb48,USDC,6,0xc02aaa39b223fe8d0a0e5c4f27ead9083c756cc2,WETH,18,3.399995,-0.001581344044178979,3.3948949079983173,,1.7112207516022434e+33,199617.0,,,2026-04-01T07:30:23+00:00
mint,0x8dcbb95e2946eacd09fdee69b5478078d697bb17571c2e8dd59404fb9bc632e2#1123662,1775028647,24783270,0x8dcbb95e2946eacd09fdee69b5478078d697bb17571c2e8dd59404fb9bc632e2,62,0x8ad599c3a0ff1de082011efddc58f1908eb6e6d8,3000.0,0.0,2156025729.0,0xc36442b4a4522e871399cd717abdd847ab11fe88,,0x85815178314e8e3ed1fbd59701eef0d4654bd904,0xc36442b4a4522e871399cd717abdd847ab11fe88,0xa0b86991c6218b36c1d19d4a2e9eb0ce3606eb48,USDC,6,0xc02aaa39b223fe8d0a0e5c4f27ead9083c756cc2,WETH,18,335.491913,0.6786641218448103,1790.2875219971777,64025422274164.0,,,186120.0,202020.0,2026-04-01T07:30:47+00:00
swap,0x1cf4ed2c3a5cca3cc78907ac8a49b2a8b7e689bf3e16b0075cb64d06830d8a02#1123663,1775028803,24783283,0x1cf4ed2c3a5cca3cc78907ac8a49b2a8b7e689bf3e16b0075cb64d06830d8a02,185,0x8ad599c3a0ff1de082011efddc58f1908eb6e6d8,3000.0,0.0,157693113.0,0x51c72848c68a965f66fa7a88855f9f7784502a7f,0x51c72848c68a965f66fa7a88855f9f7784502a7f,0x81dc771e308c76c3e06f635abed7fb24830fb824,,0xa0b86991c6218b36c1d19d4a2e9eb0ce3606eb48,USDC,6,0xc02aaa39b223fe8d0a0e5c4f27ead9083c756cc2,WETH,18,-3187.723386,1.4916280702128506,3192.6009639841855,,1.7113081024485024e+33,199618.0,,,2026-04-01T07:33:23+00:00
swap,0xa195704866b62a6b8bd06a17b593ec1a3a3f142d5def362d569defedc58123b9#1123664,1775028935,24783294,0xa195704866b62a6b8bd06a17b593ec1a3a3f142d5def362d569defedc58123b9,281,0x8ad599c3a0ff1de082011efddc58f1908eb6e6d8,3000.0,0.0,217666399.0,0xc10ee9031f2a0b84766a86b55a8d90f357910fb4,0xc10ee9031f2a0b84766a86b55a8d90f357910fb4,0xc488bc085a34bc76224b88a4e5b406809be8a22b,,0xa0b86991c6218b36c1d19d4a2e9eb0ce3606eb48,USDC,6,0xc02aaa39b223fe8d0a0e5c4f27ead9083c756cc2,WETH,18,-2940.800064,1.3762205510348555,2945.293993367339,,1.7113886949448308e+33,199619.0,,,2026-04-01T07:35:35+00:00
swap,0x4aea79bb3acf701c2873124332d57ae9e595bd03005aa58c09bbf05ae399d0a6#1123665,1775028971,24783297,0x4aea79bb3acf701c2873124332d57ae9e595bd03005aa58c09bbf05ae399d0a6,947,0x8ad599c3a0ff1de082011efddc58f1908eb6e6d8,3000.0,0.0,2253495313.0,0xe592427a0aece92de3edee1f18e0157c05861564,0xeb1646852b7d015f8cbac6894ec6c51ce2c2605c,0xeb1646852b7d015f8cbac6894ec6c51ce2c2605c,,0xa0b86991c6218b36c1d19d4a2e9eb0ce3606eb48,USDC,6,0xc02aaa39b223fe8d0a0e5c4f27ead9083c756cc2,WETH,18,-3.835131,0.00179483,3.8409015603944074,,1.711388800051407e+33,199619.0,,,2026-04-01T07:36:11+00:00
swap,0xda1090a904db8afced7149da614acbc9f4878eab27294da33eb57932590d6ac6#1123666,1775028971,24783297,0xda1090a904db8afced7149da614acbc9f4878eab27294da33eb57932590d6ac6,1367,0x8ad599c3a0ff1de082011efddc58f1908eb6e6d8,3000.0,0.0,130408600.0,0xb9e9e795fd530314663f779f7f57950c6bc1eb4b,0xb9e9e795fd530314663f779f7f57950c6bc1eb4b,0x41cc4565752bb07c3252c5eba7c4379ba648b3ea,,0xa0b86991c6218b36c1d19d4a2e9eb0ce3606eb48,USDC,6,0xc02aaa39b223fe8d0a0e5c4f27ead9083c756cc2,WETH,18,-1228.302183,0.5748530125676721,1230.162297402757,,1.7114224486915665e+33,199620.0,,,2026-04-01T07:36:11+00:00
swap,0xcf303949d38f7ff3242d3bbbdd47075eb33fb1eb4e2569a613848e0f6b1710ea#1123667,1775029271,24783322,0xcf303949d38f7ff3242d3bbbdd47075eb33fb1eb4e2569a613848e0f6b1710ea,119,0x8ad599c3a0ff1de082011efddc58f1908eb6e6d8,3000.0,0.0,122540313.0,0x06cff7088619c7178f5e14f0b119458d08d2f5ef,0x06cff7088619c7178f5e14f0b119458d08d2f5ef,0xdf8adfe10d4a4d9f0fc4d3e377a6e8d5730eb40c,,0xa0b86991c6218b36c1d19d4a2e9eb0ce3606eb48,USDC,6,0xc02aaa39b223fe8d0a0e5c4f27ead9083c756cc2,WETH,18,0.18272,-8.5003052599617e-05,0.18244549973516822,,1.7114224437156045e+33,199620.0,,,2026-04-01T07:41:11+00:00
swap,0x98db606ecf7ce741036bd9e2d8945de3bf75358523f782f39927ad57ed3f05b3#1123668,1775029631,24783352,0x98db606ecf7ce741036bd9e2d8945de3bf75358523f782f39927ad57ed3f05b3,194,0x8ad599c3a0ff1de082011efddc58f1908eb6e6d8,3000.0,0.0,2824584181.0,0xbdb3ba9ffe392549e1f8658dd2630c141fdf47b6,0xbdb3ba9ffe392549e1f8658dd2630c141fdf47b6,0x5b43453fce04b92e190f391a83136bfbecedefd1,,0xa0b86991c6218b36c1d19d4a2e9eb0ce3606eb48,USDC,6,0xc02aaa39b223fe8d0a0e5c4f27ead9083c756cc2,WETH,18,-1619.592293,0.7580136882726187,1622.0499878898313,,1.7114666836781394e+33,199620.0,,,2026-04-01T07:47:11+00:00
swap,0x4edf8837795de5262440165559d25fe700312b50e938ffb6682654e5c92f355f#1123669,1775029667,24783355,0x4edf8837795de5262440165559d25fe700312b50e938ffb6682654e5c92f355f,232,0x8ad599c3a0ff1de082011efddc58f1908eb6e6d8,3000.0,0.0,129900122.0,0x15893515f06036b37775cef10477fb4b85be3ee6,0x15893515f06036b37775cef10477fb4b85be3ee6,0x06a2d004a003250f6fc7bc0687182c46826edd54,,0xa0b86991c6218b36c1d19d4a2e9eb0ce3606eb48,USDC,6,0xc02aaa39b223fe8d0a0e5c4f27ead9083c756cc2,WETH,18,-2059.071188,0.9637584694791996,2062.2030264666646,,1.711522931525958e+33,199621.0,,,2026-04-01T07:47:47+00:00
swap,0x849805d7d7ca550df02e87c68655b4297c7aae0aac803f90c93059cef28cefd7#1123670,1775029679,24783356,0x849805d7d7ca550df02e87c68655b4297c7aae0aac803f90c93059cef28cefd7,122,0x8ad599c3a0ff1de082011efddc58f1908eb6e6d8,3000.0,0.0,132100966.0,0x15893515f06036b37775cef10477fb4b85be3ee6,0x15893515f06036b37775cef10477fb4b85be3ee6,0x06a2d004a003250f6fc7bc0687182c46826edd54,,0xa0b86991c6218b36c1d19d4a2e9eb0ce3606eb48,USDC,6,0xc02aaa39b223fe8d0a0e5c4f27ead9083c756cc2,WETH,18,-2998.420467,1.4035388478401962,3003.0036006051405,,1.7116048462815953e+33,199622.0,,,2026-04-01T07:47:59+00:00
swap,0x468abd01b90fbccdc1707fa9142a83f9760d3f735c35a00d5cb742711ac03ca3#1123671,1775029703,24783358,0x468abd01b90fbccdc1707fa9142a83f9760d3f735c35a00d5cb742711ac03ca3,97,0x8ad599c3a0ff1de082011efddc58f1908eb6e6d8,3000.0,0.0,2951369962.0,0xbdb3ba9ffe392549e1f8658dd2630c141fdf47b6,0xbdb3ba9ffe392549e1f8658dd2630c141fdf47b6,0x5b43453fce04b92e190f391a83136bfbecedefd1,,0xa0b86991c6218b36c1d19d4a2e9eb0ce3606eb48,USDC,6,0xc02aaa39b223fe8d0a0e5c4f27ead9083c756cc2,WETH,18,-3155.793622,1.4773491972464516,3160.621282705644,,1.7116910688315943e+33,199623.0,,,2026-04-01T07:48:23+00:00
swap,0x786844b8d36469f548e6c146306a4ce7f27aa852a67e79efdac10ff23dfe3b4e#1123672,1775029715,24783359,0x786844b8d36469f548e6c146306a4ce7f27aa852a67e79efdac10ff23dfe3b4e,17,0x8ad599c3a0ff1de082011efddc58f1908eb6e6d8,3000.0,0.0,6408737815.0,0xbdb3ba9ffe392549e1f8658dd2630c141fdf47b6,0xbdb3ba9ffe392549e1f8658dd2630c141fdf47b6,0x5b43453fce04b92e190f391a83136bfbecedefd1,,0xa0b86991c6218b36c1d19d4a2e9eb0ce3606eb48,USDC,6,0xc02aaa39b223fe8d0a0e5c4f27ead9083c756cc2,WETH,18,-14336.495037,6.71334292590269,14359.710257683912,,1.71208287975021e+33,199627.0,,,2026-04-01T07:48:35+00:00
swap,0x7e480015662bfc8eb9a84c04ea753742991034ee4e5b3351f62026378ed6703a#1123673,1775029727,24783360,0x7e480015662bfc8eb9a84c04ea753742991034ee4e5b3351f62026378ed6703a,17,0x8ad599c3a0ff1de082011efddc58f1908eb6e6d8,3000.0,0.0,2114320135.0,0xbdb3ba9ffe392549e1f8658dd2630c141fdf47b6,0xbdb3ba9ffe392549e1f8658dd2630c141fdf47b6,0x5b43453fce04b92e190f391a83136bfbecedefd1,,0xa0b86991c6218b36c1d19d4a2e9eb0ce3606eb48,USDC,6,0xc02aaa39b223fe8d0a0e5c4f27ead9083c756cc2,WETH,18,-4593.256684,2.1515320028457814,4600.336250352141,,1.7122084496398714e+33,199629.0,,,2026-04-01T07:48:47+00:00
swap,0x38367cc67c6d16633065c84f8ff63fea6ef654c4f5f0e7aacf86ee0c5f85190a#1123674,1775029751,24783362,0x38367cc67c6d16633065c84f8ff63fea6ef654c4f5f0e7aacf86ee0c5f85190a,18,0x8ad599c3a0ff1de082011efddc58f1908eb6e6d8,3000.0,0.0,9078562761.0,0xbdb3ba9ffe392549e1f8658dd2630c141fdf47b6,0xbdb3ba9ffe392549e1f8658dd2630c141fdf47b6,0x5b43453fce04b92e190f391a83136bfbecedefd1,,0xa0b86991c6218b36c1d19d4a2e9eb0ce3606eb48,USDC,6,0xc02aaa39b223fe8d0a0e5c4f27ead9083c756cc2,WETH,18,-17302.646037,8.107584315107573,17331.076161555742,,1.7126816326864277e+33,199634.0,,,2026-04-01T07:49:11+00:00
swap,0x450b1f4acd8607225087292aacfb7bb280524d9ce2d5cfb77622b7c02a92c105#1123675,1775029763,24783363,0x450b1f4acd8607225087292aacfb7bb280524d9ce2d5cfb77622b7c02a92c105,48,0x8ad599c3a0ff1de082011efddc58f1908eb6e6d8,3000.0,0.0,2139880123.0,0xbdb3ba9ffe392549e1f8658dd2630c141fdf47b6,0xbdb3ba9ffe392549e1f8658dd2630c141fdf47b6,0x5b43453fce04b92e190f391a83136bfbecedefd1,,0xa0b86991c6218b36c1d19d4a2e9eb0ce3606eb48,USDC,6,0xc02aaa39b223fe8d0a0e5c4f27ead9083c756cc2,WETH,18,-5268.822216,2.4697275615553025,5276.971612145904,,1.7128257734275315e+33,199636.0,,,2026-04-01T07:49:23+00:00
swap,0x925a27906cf1a30c86a0863eff8380460e98604d9cb04dbaddb03546ec87f1a1#1123676,1775029763,24783363,0x925a27906cf1a30c86a0863eff8380460e98604d9cb04dbaddb03546ec87f1a1,346,0x8ad599c3a0ff1de082011efddc58f1908eb6e6d8,3000.0,0.0,206881296.0,0xbc1d9760bd6ca468ca9fb5ff2cfbeac35d86c973,0xbc1d9760bd6ca468ca9fb5ff2cfbeac35d86c973,0x285469ca17fba0e360bbc87325a6310ca667ec97,,0xa0b86991c6218b36c1d19d4a2e9eb0ce3606eb48,USDC,6,0xc02aaa39b223fe8d0a0e5c4f27ead9083c756cc2,WETH,18,-4465.924928,2.0937,4472.803753727601,,1.7129479680672753e+33,199637.0,,,2026-04-01T07:49:23+00:00
swap,0x986d1f85199925dbeed75ee854f1b44d8edb48da179efa6b46c06a6a97c34a65#1123677,1775029775,24783364,0x986d1f85199925dbeed75ee854f1b44d8edb48da179efa6b46c06a6a97c34a65,116,0x8ad599c3a0ff1de082011efddc58f1908eb6e6d8,3000.0,0.0,625550432.0,0x51c72848c68a965f66fa7a88855f9f7784502a7f,0x51c72848c68a965f66fa7a88855f9f7784502a7f,0xbaa3ef11659d347aae75c7bb67e29f1f8bb90843,,0xa0b86991c6218b36c1d19d4a2e9eb0ce3606eb48,USDC,6,0xc02aaa39b223fe8d0a0e5c4f27ead9083c756cc2,WETH,18,-4139.227101,1.940805386925346,4145.5918928103665,,1.71306123931677e+33,199639.0,,,2026-04-01T07:49:35+00:00
swap,0xde7196019b5b14d2a6211ea2f7f5ece2258e1d31e5679532efaf9f69c4eb64f4#1123678,1775030027,24783385,0xde7196019b5b14d2a6211ea2f7f5ece2258e1d31e5679532efaf9f69c4eb64f4,93,0x8ad599c3a0ff1de082011efddc58f1908eb6e6d8,3000.0,0.0,1841627472.0,0xbdb3ba9ffe392549e1f8658dd2630c141fdf47b6,0xbdb3ba9ffe392549e1f8658dd2630c141fdf47b6,0x5b43453fce04b92e190f391a83136bfbecedefd1,,0xa0b86991c6218b36c1d19d4a2e9eb0ce3606eb48,USDC,6,0xc02aaa39b223fe8d0a0e5c4f27ead9083c756cc2,WETH,18,-3574.702755,1.6763171523285283,3580.183328603165,,1.7131590742360635e+33,199640.0,,,2026-04-01T07:53:47+00:00
swap,0x2a6849d8e5d0759f98a75db2d841c33185a9d17fb4ecc38227e152b1ab6366f0#1123679,1775030027,24783385,0x2a6849d8e5d0759f98a75db2d841c33185a9d17fb4ecc38227e152b1ab6366f0,246,0x8ad599c3a0ff1de082011efddc58f1908eb6e6d8,3000.0,0.0,1127576723.0,0x66a9893cc07d91d95644aedd05d03f95e1dba8af,0x66a9893cc07d91d95644aedd05d03f95e1dba8af,0xb21786ff08d78eafeeb70b7d61d4126bff995e8d,,0xa0b86991c6218b36c1d19d4a2e9eb0ce3606eb48,USDC,6,0xc02aaa39b223fe8d0a0e5c4f27ead9083c756cc2,WETH,18,-3804.365457,1.784225258821572,3810.2051469471567,,1.7132632069975495e+33,199641.0,,,2026-04-01T07:53:47+00:00
swap,0x0c7c3fdf81d6dd1e4071d6a6cd138a9af86c5edb409c5204e88a7e760e8a8fc5#1123680,1775030051,24783387,0x0c7c3fdf81d6dd1e4071d6a6cd138a9af86c5edb409c5204e88a7e760e8a8fc5,364,0x8ad599c3a0ff1de082011efddc58f1908eb6e6d8,3000.0,0.0,217807813.0,0xb9e9e795fd530314663f779f7f57950c6bc1eb4b,0xb9e9e795fd530314663f779f7f57950c6bc1eb4b,0xe9deef16f02839ba52a75b8b55c579f9e765bcd1,,0xa0b86991c6218b36c1d19d4a2e9eb0ce3606eb48,USDC,6,0xc02aaa39b223fe8d0a0e5c4f27ead9083c756cc2,WETH,18,-559.287675,0.2623209529534079,560.1316377709697,,1.713278516838665e+33,199641.0,,,2026-04-01T07:54:11+00:00
swap,0x8633ab3828b4df81889bfabeec4167511f33ec4829370d21449be0a5c88431d0#1123681,1775030099,24783391,0x8633ab3828b4df81889bfabeec4167511f33ec4829370d21449be0a5c88431d0,84,0x8ad599c3a0ff1de082011efddc58f1908eb6e6d8,3000.0,0.0,957764631.0,0x51c72848c68a965f66fa7a88855f9f7784502a7f,0x51c72848c68a965f66fa7a88855f9f7784502a7f,0x25039438290bdc35d1eed16961990d759bb498bd,,0xa0b86991c6218b36c1d19d4a2e9eb0ce3606eb48,USDC,6,0xc02aaa39b223fe8d0a0e5c4f27ead9083c756cc2,WETH,18,-5403.48623,2.534621754050731,5411.849824467351,,1.713426445000351e+33,199643.0,,,2026-04-01T07:54:59+00:00
swap,0xfa0e9f7ee401b7ff566f62645450d93d7a7b521c1751f4070b7a25d90dd63150#1123682,1775030123,24783393,0xfa0e9f7ee401b7ff566f62645450d93d7a7b521c1751f4070b7a25d90dd63150,248,0x8ad599c3a0ff1de082011efddc58f1908eb6e6d8,3000.0,0.0,149528948.0,0x06cff7088619c7178f5e14f0b119458d08d2f5ef,0x06cff7088619c7178f5e14f0b119458d08d2f5ef,0xdf8adfe10d4a4d9f0fc4d3e377a6e8d5730eb40c,,0xa0b86991c6218b36c1d19d4a2e9eb0ce3606eb48,USDC,6,0xc02aaa39b223fe8d0a0e5c4f27ead9083c756cc2,WETH,18,1.867505,-0.000870820349282794,1.8647034723030165,,1.713426394023722e+33,199643.0,,,2026-04-01T07:55:23+00:00
swap,0x4eee8bcff826224c32748fff0319b737c9f99ef721a4a7b8589a92768b989e0b#1123683,1775030135,24783394,0x4eee8bcff826224c32748fff0319b737c9f99ef721a4a7b8589a92768b989e0b,323,0x8ad599c3a0ff1de082011efddc58f1908eb6e6d8,3000.0,0.0,578140739.0,0x66a9893cc07d91d95644aedd05d03f95e1dba8af,0xbeda2328534708868726118dbe0a073a1bae0a7d,0xbeda2328534708868726118dbe0a073a1bae0a7d,,0xa0b86991c6218b36c1d19d4a2e9eb0ce3606eb48,USDC,6,0xc02aaa39b223fe8d0a0e5c4f27ead9083c756cc2,WETH,18,-2131.614313,1.0,2134.8577689066965,,1.7134847570364475e+33,199644.0,,,2026-04-01T07:55:35+00:00
swap,0xbb9d56c159a8db2006a47b3eedb693e8b0361512ddce61713007a7b01b375ad1#1123684,1775030219,24783401,0xbb9d56c159a8db2006a47b3eedb693e8b0361512ddce61713007a7b01b375ad1,250,0x8ad599c3a0ff1de082011efddc58f1908eb6e6d8,3000.0,0.0,123851473.0,0x51c72848c68a965f66fa7a88855f9f7784502a7f,0x51c72848c68a965f66fa7a88855f9f7784502a7f,0xa172577031eafd8b03dce022533863fe988159cd,,0xa0b86991c6218b36c1d19d4a2e9eb0ce3606eb48,USDC,6,0xc02aaa39b223fe8d0a0e5c4f27ead9083c756cc2,WETH,18,-2266.41537,1.06331367808925,2269.8663883101062,,1.7135468152261733e+33,199644.0,,,2026-04-01T07:56:59+00:00
swap,0xc0acccac2c5b0e9408bea676e15c06ad74e67bcba7774c6f0e34b3fddc8b55e7#1123685,1775030243,24783402,0xc0acccac2c5b0e9408bea676e15c06ad74e67bcba7774c6f0e34b3fddc8b55e7,183,0x8ad599c3a0ff1de082011efddc58f1908eb6e6d8,3000.0,0.0,2125587322.0,0xc10ee9031f2a0b84766a86b55a8d90f357910fb4,0xc10ee9031f2a0b84766a86b55a8d90f357910fb4,0x0793fccc8362a88fae9907ace9042ec764381722,,0xa0b86991c6218b36c1d19d4a2e9eb0ce3606eb48,USDC,6,0xc02aaa39b223fe8d0a0e5c4f27ead9083c756cc2,WETH,18,-3655.143496,1.715013020983191,3660.7497843939514,,1.7136469085529413e+33,199646.0,,,2026-04-01T07:57:23+00:00
swap,0x4f87917071954ae88c1d4e263b9c0feae15acd5986cd452ab159936251eca857#1123686,1775030255,24783403,0x4f87917071954ae88c1d4e263b9c0feae15acd5986cd452ab159936251eca857,43,0x8ad599c3a0ff1de082011efddc58f1908eb6e6d8,3000.0,0.0,4157974438.0,0xbdb3ba9ffe392549e1f8658dd2630c141fdf47b6,0xbdb3ba9ffe392549e1f8658dd2630c141fdf47b6,0x5b43453fce04b92e190f391a83136bfbecedefd1,,0xa0b86991c6218b36c1d19d4a2e9eb0ce3606eb48,USDC,6,0xc02aaa39b223fe8d0a0e5c4f27ead9083c756cc2,WETH,18,-6672.025172,3.1310668741702212,6682.420138054001,,1.7138296470487632e+33,199648.0,,,2026-04-01T07:57:35+00:00
swap,0xca1f1170c506ffd97d0f76dfcc67756bb38f64555f5f4ce865255eb3f510223d#1123687,1775030267,24783404,0xca1f1170c506ffd97d0f76dfcc67756bb38f64555f5f4ce865255eb3f510223d,85,0x8ad599c3a0ff1de082011efddc58f1908eb6e6d8,3000.0,0.0,138578665.0,0x0c370ea6bc17c7010ba44f004a39f83ef897e4bb,0x0c370ea6bc17c7010ba44f004a39f83ef897e4bb,0x7073928aa37b1648e3390f5a5977aa512ea63192,,0xa0b86991c6218b36c1d19d4a2e9eb0ce3606eb48,USDC,6,0xc02aaa39b223fe8d0a0e5c4f27ead9083c756cc2,WETH,18,-5238.169754,2.4586511142642338,5246.270600316497,,1.713973141335033e+33,199649.0,,,2026-04-01T07:57:47+00:00
swap,0x3010fc0b585dd60a278f6bcdc4146222c08a0a1ed18a16969d7b9a2906252598#1123688,1775030279,24783405,0x3010fc0b585dd60a278f6bcdc4146222c08a0a1ed18a16969d7b9a2906252598,204,0x8ad599c3a0ff1de082011efddc58f1908eb6e6d8,3000.0,0.0,142989985.0,0x51c72848c68a965f66fa7a88855f9f7784502a7f,0x51c72848c68a965f66fa7a88855f9f7784502a7f,0xf72837a9fce033d57094f52e4f88f129502fa067,,0xa0b86991c6218b36c1d19d4a2e9eb0ce3606eb48,USDC,6,0xc02aaa39b223fe8d0a0e5c4f27ead9083c756cc2,WETH,18,-2747.924365,1.2899638781704177,2752.119187655627,,1.71404842751327e+33,199650.0,,,2026-04-01T07:57:59+00:00
swap,0x161f72a698e2f8c53e14fb7db949265f7ff9c2c31bccc32111024e2abf181eff#1123689,1775030303,24783407,0x161f72a698e2f8c53e14fb7db949265f7ff9c2c31bccc32111024e2abf181eff,494,0x8ad599c3a0ff1de082011efddc58f1908eb6e6d8,3000.0,0.0,154136298.0,0x68b3465833fb72a70ecdf485e0e4c7bd8665fc45,0x3e54cc9198e5b74c03ef3e817c031ce77ce8880a,0x3e54cc9198e5b74c03ef3e817c031ce77ce8880a,,0xa0b86991c6218b36c1d19d4a2e9eb0ce3606eb48,USDC,6,0xc02aaa39b223fe8d0a0e5c4f27ead9083c756cc2,WETH,18,75.0,-0.034997974561478726,74.88745531221868,,1.714046378779835e+33,199650.0,,,2026-04-01T07:58:23+00:00
swap,0x09f67781272ad2ef17681bc12a43af88dc87f88c2ffdf37ad47d0d4177cdf750#1123690,1775030327,24783409,0x09f67781272ad2ef17681bc12a43af88dc87f88c2ffdf37ad47d0d4177cdf750,413,0x8ad599c3a0ff1de082011efddc58f1908eb6e6d8,3000.0,0.0,160122433.0,0xa5f91e598668040055dc861a7316e677a5b730b0,0x932cd8852df6f82de722a3bb59f4215af4497ae5,0xf3009ff532681a0f7f6ac782584d352492c2f70b,,0xa0b86991c6218b36c1d19d4a2e9eb0ce3606eb48,USDC,6,0xc02aaa39b223fe8d0a0e5c4f27ead9083c756cc2,WETH,18,-2784.649351,1.30731625,2788.901058288889,,1.7141226776947702e+33,199651.0,,,2026-04-01T07:58:47+00:00
swap,0xa509cfa5737df8f03012745928b2ad1b1094be792f8054dfcaae4f181d9942b8#1123691,1775030339,24783410,0xa509cfa5737df8f03012745928b2ad1b1094be792f8054dfcaae4f181d9942b8,794,0x8ad599c3a0ff1de082011efddc58f1908eb6e6d8,3000.0,0.0,190000000.0,0x365084b05fa7d5028346bd21d842ed0601bab5b8,0x0d05a7d3448512b78fa8a9e46c4872c88c4a0d05,0x6835681d9b292aded607a948f6f80514be41bd43,,0xa0b86991c6218b36c1d19d4a2e9eb0ce3606eb48,USDC,6,0xc02aaa39b223fe8d0a0e5c4f27ead9083c756cc2,WETH,18,-1281.991176,0.6018987087205683,1283.933124998812,,1.7141578063167667e+33,199651.0,,,2026-04-01T07:58:59+00:00
swap,0x5f98ea2917306b7959cc272744e97596859f20d8f87f4c004f2b1b29d6a43d4a#1123692,1775030363,24783412,0x5f98ea2917306b7959cc272744e97596859f20d8f87f4c004f2b1b29d6a43d4a,79,0x8ad599c3a0ff1de082011efddc58f1908eb6e6d8,3000.0,0.0,774581858.0,0x51c72848c68a965f66fa7a88855f9f7784502a7f,0x51c72848c68a965f66fa7a88855f9f7784502a7f,0xad35ed1cfe7c17c7b06c5c5d0672c57da4925299,,0xa0b86991c6218b36c1d19d4a2e9eb0ce3606eb48,USDC,6,0xc02aaa39b223fe8d0a0e5c4f27ead9083c756cc2,WETH,18,-4816.924058,2.2617808272591224,4824.357215382397,,1.7142898106599705e+33,199653.0,,,2026-04-01T07:59:23+00:00
swap,0x9aa9f1868a8733c21c53721e08829b61045c5b57053a9dfd030d2bece5d69bef#1123693,1775030831,24783451,0x9aa9f1868a8733c21c53721e08829b61045c5b57053a9dfd030d2bece5d69bef,13,0x8ad599c3a0ff1de082011efddc58f1908eb6e6d8,3000.0,0.0,4286597030.0,0xbdb3ba9ffe392549e1f8658dd2630c141fdf47b6,0xbdb3ba9ffe392549e1f8658dd2630c141fdf47b6,0x5b43453fce04b92e190f391a83136bfbecedefd1,,0xa0b86991c6218b36c1d19d4a2e9eb0ce3606eb48,USDC,6,0xc02aaa39b223fe8d0a0e5c4f27ead9083c756cc2,WETH,18,-8179.122269,3.84129494069285,8191.964298735452,,1.714514000205477e+33,199656.0,,,2026-04-01T08:07:11+00:00
swap,0x3176b86777f63e6ab0c36fb23f34b270be63c82ad45a54e64f9e79da00470612#1123694,1775030879,24783455,0x3176b86777f63e6ab0c36fb23f34b270be63c82ad45a54e64f9e79da00470612,69,0x8ad599c3a0ff1de082011efddc58f1908eb6e6d8,3000.0,0.0,661158922.0,0x63242a4ea82847b20e506b63b0e2e2eff0cc6cb0,0x63242a4ea82847b20e506b63b0e2e2eff0cc6cb0,0x0055797647ea5ae4977bb8cb444e8d7ac1b20fb3,,0xa0b86991c6218b36c1d19d4a2e9eb0ce3606eb48,USDC,6,0xc02aaa39b223fe8d0a0e5c4f27ead9083c756cc2,WETH,18,-5534.866706,2.6,5543.439658317003,,1.7146657440385635e+33,199657.0,,,2026-04-01T08:07:59+00:00
swap,0x89744ee8066e192bc380ee765c74b76938d83f284e9a03067d1a598e83028be8#1123695,1775030975,24783463,0x89744ee8066e192bc380ee765c74b76938d83f284e9a03067d1a598e83028be8,14,0x8ad599c3a0ff1de082011efddc58f1908eb6e6d8,3000.0,0.0,2613990054.0,0xbdb3ba9ffe392549e1f8658dd2630c141fdf47b6,0xbdb3ba9ffe392549e1f8658dd2630c141fdf47b6,0x9359269cfbb80d154129dd9b0074cd7336b9a3a6,,0xa0b86991c6218b36c1d19d4a2e9eb0ce3606eb48,USDC,6,0xc02aaa39b223fe8d0a0e5c4f27ead9083c756cc2,WETH,18,-9473.984644,4.451466318750279,9488.95827683621,,1.714925545023972e+33,199660.0,,,2026-04-01T08:09:35+00:00
swap,0xbbd17541ea28cc2191243cb87cc865948c7d410de00a0991b4689127af4867de#1123696,1775030987,24783464,0xbbd17541ea28cc2191243cb87cc865948c7d410de00a0991b4689127af4867de,15,0x8ad599c3a0ff1de082011efddc58f1908eb6e6d8,3000.0,0.0,371471185.0,0x66a9893cc07d91d95644aedd05d03f95e1dba8af,0x66a9893cc07d91d95644aedd05d03f95e1dba8af,0xf8118aacf9496e6404cee8f11a6444824da810c0,,0xa0b86991c6218b36c1d19d4a2e9eb0ce3606eb48,USDC,6,0xc02aaa39b223fe8d0a0e5c4f27ead9083c756cc2,WETH,18,-1956.243748,0.9193328268543218,1959.2176381041184,,1.7149792000574447e+33,199661.0,,,2026-04-01T08:09:47+00:00
swap,0x3629ce7ce5aa65c1b18e0cb9d3173a209f5b952b61ae5561371a905e50757da3#1123697,1775031023,24783467,0x3629ce7ce5aa65c1b18e0cb9d3173a209f5b952b61ae5561371a905e50757da3,103,0x8ad599c3a0ff1de082011efddc58f1908eb6e6d8,3000.0,0.0,3116554748.0,0xbdb3ba9ffe392549e1f8658dd2630c141fdf47b6,0xbdb3ba9ffe392549e1f8658dd2630c141fdf47b6,0x5b43453fce04b92e190f391a83136bfbecedefd1,,0xa0b86991c6218b36c1d19d4a2e9eb0ce3606eb48,USDC,6,0xc02aaa39b223fe8d0a0e5c4f27ead9083c756cc2,WETH,18,-7678.433991,3.6090207600774096,7690.459249549446,,1.715189833381992e+33,199664.0,,,2026-04-01T08:10:23+00:00
swap,0x771f8906754437750c006d8683bac89a07046da821f591ef8908f402077ecc5f#1123698,1775031035,24783468,0x771f8906754437750c006d8683bac89a07046da821f591ef8908f402077ecc5f,15,0x8ad599c3a0ff1de082011efddc58f1908eb6e6d8,3000.0,0.0,6041013663.0,0xbdb3ba9ffe392549e1f8658dd2630c141fdf47b6,0xbdb3ba9ffe392549e1f8658dd2630c141fdf47b6,0x5b43453fce04b92e190f391a83136bfbecedefd1,,0xa0b86991c6218b36c1d19d4a2e9eb0ce3606eb48,USDC,6,0xc02aaa39b223fe8d0a0e5c4f27ead9083c756cc2,WETH,18,-13501.997975,6.348365240272885,13523.774630974058,,1.7155603431032966e+33,199668.0,,,2026-04-01T08:10:35+00:00
swap,0x3f289906a9ce23bf9c465b44d45008b47690310da746d7fb43f8725e3a1f8558#1123699,1775031047,24783469,0x3f289906a9ce23bf9c465b44d45008b47690310da746d7fb43f8725e3a1f8558,35,0x8ad599c3a0ff1de082011efddc58f1908eb6e6d8,3000.0,0.0,8677241995.0,0x51c72848c68a965f66fa7a88855f9f7784502a7f,0x51c72848c68a965f66fa7a88855f9f7784502a7f,0xeaa9ebddd373c4bd8bb92dfcc9c7e7fcdb268e51,,0xa0b86991c6218b36c1d19d4a2e9eb0ce3606eb48,USDC,6,0xc02aaa39b223fe8d0a0e5c4f27ead9083c756cc2,WETH,18,-17849.841941,8.396844071962143,17879.25442505232,,1.7160504082207234e+33,199674.0,,,2026-04-01T08:10:47+00:00
swap,0x48192efef946447c4f9f1d260d21daf4c2aebc26fb44689477b7e247350d9c72#1123700,1775031107,24783474,0x48192efef946447c4f9f1d260d21daf4c2aebc26fb44689477b7e247350d9c72,15,0x8ad599c3a0ff1de082011efddc58f1908eb6e6d8,3000.0,0.0,1173145906.0,0x66a9893cc07d91d95644aedd05d03f95e1dba8af,0x66a9893cc07d91d95644aedd05d03f95e1dba8af,0xd42b595df8d8645c97506cb1d14df7da55e079a0,,0xa0b86991c6218b36c1d19d4a2e9eb0ce3606eb48,USDC,6,0xc02aaa39b223fe8d0a0e5c4f27ead9083c756cc2,WETH,18,-136768.356722,64.4975,137124.56510152476,,1.7198141560417258e+33,199717.0,,,2026-04-01T08:11:47+00:00
burn,0x874a0f198de9a9534d9117553504ef88df3535d6ac2b7cd041c3966f279e132f#1123706,1775031179,24783480,0x874a0f198de9a9534d9117553504ef88df3535d6ac2b7cd041c3966f279e132f,357,0x8ad599c3a0ff1de082011efddc58f1908eb6e6d8,3000.0,0.0,2160957316.0,,,0xda55cec09bb0d481188eba0e5b6e276d239f98a4,0xc36442b4a4522e871399cd717abdd847ab11fe88,0xa0b86991c6218b36c1d19d4a2e9eb0ce3606eb48,USDC,6,0xc02aaa39b223fe8d0a0e5c4f27ead9083c756cc2,WETH,18,0.0,0.0,0.0,0.0,,,196920.0,205680.0,2026-04-01T08:12:59+00:00
swap,0x3e34422451274b67843e366c218f6ce3a00cac8ba4d8782065bbc9cc30ab0503#1123702,1775031479,24783505,0x3e34422451274b67843e366c218f6ce3a00cac8ba4d8782065bbc9cc30ab0503,32,0x8ad599c3a0ff1de082011efddc58f1908eb6e6d8,3000.0,0.0,3650366924.0,0xbdb3ba9ffe392549e1f8658dd2630c141fdf47b6,0xbdb3ba9ffe392549e1f8658dd2630c141fdf47b6,0x5b43453fce04b92e190f391a83136bfbecedefd1,,0xa0b86991c6218b36c1d19d4a2e9eb0ce3606eb48,USDC,6,0xc02aaa39b223fe8d0a0e5c4f27ead9083c756cc2,WETH,18,3320.982109,-1.5600643297117494,3315.9127401772516,,1.719722846621323e+33,199716.0,,,2026-04-01T08:17:59+00:00
swap,0x47c6d84f59b5c3322227ca30a87a3595ae95ef3a1056d12736d69c8d78c5718f#1123703,1775031491,24783506,0x47c6d84f59b5c3322227ca30a87a3595ae95ef3a1056d12736d69c8d78c5718f,24,0x8ad599c3a0ff1de082011efddc58f1908eb6e6d8,3000.0,0.0,168797152.0,0x5050e08626c499411b5d0e0b5af0e83d3fd82edf,0x5050e08626c499411b5d0e0b5af0e83d3fd82edf,0xf28bb7b5c5c51baa28b24d417e6b37d80f821256,,0xa0b86991c6218b36c1d19d4a2e9eb0ce3606eb48,USDC,6,0xc02aaa39b223fe8d0a0e5c4f27ead9083c756cc2,WETH,18,4061.661955,-1.9077808635113622,4055.437996425397,,1.71961118560736e+33,199715.0,,,2026-04-01T08:18:11+00:00
swap,0x3d0f9e4e9ea425abfff0fe22c89b991cc1c4208c9faa498350c7c12ac6e9c810#1123704,1775031527,24783509,0x3d0f9e4e9ea425abfff0fe22c89b991cc1c4208c9faa498350c7c12ac6e9c810,61,0x8ad599c3a0ff1de082011efddc58f1908eb6e6d8,3000.0,0.0,166636087.0,0x51c72848c68a965f66fa7a88855f9f7784502a7f,0x51c72848c68a965f66fa7a88855f9f7784502a7f,0xebedc8e9ff409b23dd251f87ccbffa8075f87255,,0xa0b86991c6218b36c1d19d4a2e9eb0ce3606eb48,USDC,6,0xc02aaa39b223fe8d0a0e5c4f27ead9083c756cc2,WETH,18,3125.458329,-1.4678731558321738,3120.6923001746977,,1.719525272068712e+33,199714.0,,,2026-04-01T08:18:47+00:00
swap,0x441f868d5ab3b4b26d437f5b19446e47801e75144102f5d3913ceaa543dc5de1#1123705,1775031539,24783510,0x441f868d5ab3b4b26d437f5b19446e47801e75144102f5d3913ceaa543dc5de1,18,0x8ad599c3a0ff1de082011efddc58f1908eb6e6d8,3000.0,0.0,167306044.0,0x51c72848c68a965f66fa7a88855f9f7784502a7f,0x51c72848c68a965f66fa7a88855f9f7784502a7f,0xf72837a9fce033d57094f52e4f88f129502fa067,,0xa0b86991c6218b36c1d19d4a2e9eb0ce3606eb48,USDC,6,0xc02aaa39b223fe8d0a0e5c4f27ead9083c756cc2,WETH,18,3464.518018,-1.6269413237169053,3459.2255994373018,,1.719430048386926e+33,199713.0,,,2026-04-01T08:18:59+00:00
swap,0xb00978748ea9d83412c854c1ff5e888c9361cb33b32db82a4eb144195888c419#1123706,1775031551,24783511,0xb00978748ea9d83412c854c1ff5e888c9361cb33b32db82a4eb144195888c419,63,0x8ad599c3a0ff1de082011efddc58f1908eb6e6d8,3000.0,0.0,163120253.0,0x5050e08626c499411b5d0e0b5af0e83d3fd82edf,0x5050e08626c499411b5d0e0b5af0e83d3fd82edf,0x36d63e35446baf55893a710cfe6dbdd300ece496,,0xa0b86991c6218b36c1d19d4a2e9eb0ce3606eb48,USDC,6,0xc02aaa39b223fe8d0a0e5c4f27ead9083c756cc2,WETH,18,6885.81779,-3.233052398964059,6875.111297755257,,1.7192408202025112e+33,199711.0,,,2026-04-01T08:19:11+00:00
swap,0x36e284de44b6a876b9a5e9ec8eda9916ea992436dbee497a2d53bb591cbd7220#1123707,1775031611,24783516,0x36e284de44b6a876b9a5e9ec8eda9916ea992436dbee497a2d53bb591cbd7220,443,0x8ad599c3a0ff1de082011efddc58f1908eb6e6d8,3000.0,0.0,254036632.0,0x7cda585e917fecb3a33c6d5a8f8a15dd956694dc,0x01989c93890aed05a63d179b03424997075b6acf,0x4d06f549411c283f1455b50a1226bb986f7598b5,,0xa0b86991c6218b36c1d19d4a2e9eb0ce3606eb48,USDC,6,0xc02aaa39b223fe8d0a0e5c4f27ead9083c756cc2,WETH,18,2499.893553,-1.173582389129796,2496.0939231303614,,1.7191721312864804e+33,199710.0,,,2026-04-01T08:20:11+00:00
swap,0x5611d93f332e4ac88a977cf7b19b530c884e562d6a6c4266cd983d2d0459618e#1123708,1775031635,24783518,0x5611d93f332e4ac88a977cf7b19b530c884e562d6a6c4266cd983d2d0459618e,60,0x8ad599c3a0ff1de082011efddc58f1908eb6e6d8,3000.0,0.0,155287515.0,0x51c72848c68a965f66fa7a88855f9f7784502a7f,0x51c72848c68a965f66fa7a88855f9f7784502a7f,0xad35ed1cfe7c17c7b06c5c5d0672c57da4925299,,0xa0b86991c6218b36c1d19d4a2e9eb0ce3606eb48,USDC,6,0xc02aaa39b223fe8d0a0e5c4f27ead9083c756cc2,WETH,18,2831.617596,-1.329197955522095,2827.3062927007477,,1.719094334305543e+33,199709.0,,,2026-04-01T08:20:35+00:00
swap,0xd6439041dfff0404b6429ee38e75c6be466789cdfd998bcee7663f30ed39483a#1123709,1775031647,24783519,0xd6439041dfff0404b6429ee38e75c6be466789cdfd998bcee7663f30ed39483a,71,0x8ad599c3a0ff1de082011efddc58f1908eb6e6d8,3000.0,0.0,156908233.0,0x15893515f06036b37775cef10477fb4b85be3ee6,0x15893515f06036b37775cef10477fb4b85be3ee6,0x06a2d004a003250f6fc7bc0687182c46826edd54,,0xa0b86991c6218b36c1d19d4a2e9eb0ce3606eb48,USDC,6,0xc02aaa39b223fe8d0a0e5c4f27ead9083c756cc2,WETH,18,4713.348956,-2.2122402566807433,4706.101961736161,,1.718964853506718e+33,199708.0,,,2026-04-01T08:20:47+00:00
swap,0xcdb03abdf129d498f77560fe8de4e73cd6e86dbd9b4401239097d2424651da50#1123710,1775031695,24783523,0xcdb03abdf129d498f77560fe8de4e73cd6e86dbd9b4401239097d2424651da50,15,0x8ad599c3a0ff1de082011efddc58f1908eb6e6d8,3000.0,0.0,154161050.0,0x51c72848c68a965f66fa7a88855f9f7784502a7f,0x51c72848c68a965f66fa7a88855f9f7784502a7f,0x2c937e3b0ea4198303d85ae11e4ac5fe3181c990,,0xa0b86991c6218b36c1d19d4a2e9eb0ce3606eb48,USDC,6,0xc02aaa39b223fe8d0a0e5c4f27ead9083c756cc2,WETH,18,18328.192474,-8.599286977847228,18298.025003057992,,1.7184615435502814e+33,199702.0,,,2026-04-01T08:21:35+00:00
swap,0xac1000b745c64af32b777aae22638989481d1e35558566613baebd4964d294c2#1123711,1775031731,24783526,0xac1000b745c64af32b777aae22638989481d1e35558566613baebd4964d294c2,81,0x8ad599c3a0ff1de082011efddc58f1908eb6e6d8,3000.0,0.0,156684608.0,0x15893515f06036b37775cef10477fb4b85be3ee6,0x15893515f06036b37775cef10477fb4b85be3ee6,0x06a2d004a003250f6fc7bc0687182c46826edd54,,0xa0b86991c6218b36c1d19d4a2e9eb0ce3606eb48,USDC,6,0xc02aaa39b223fe8d0a0e5c4f27ead9083c756cc2,WETH,18,4619.884198,-2.1667792323390214,4612.784412093266,,1.7183347235518508e+33,199700.0,,,2026-04-01T08:22:11+00:00
swap,0xf6931c20452f311c22435a46fb1c9cc9be779086e2481b4870abf8bd25b2b532#1123712,1775031767,24783529,0xf6931c20452f311c22435a46fb1c9cc9be779086e2481b4870abf8bd25b2b532,400,0x8ad599c3a0ff1de082011efddc58f1908eb6e6d8,3000.0,0.0,170542253.0,0x51c72848c68a965f66fa7a88855f9f7784502a7f,0x51c72848c68a965f66fa7a88855f9f7784502a7f,0xbaa3ef11659d347aae75c7bb67e29f1f8bb90843,,0xa0b86991c6218b36c1d19d4a2e9eb0ce3606eb48,USDC,6,0xc02aaa39b223fe8d0a0e5c4f27ead9083c756cc2,WETH,18,2387.899963,-1.1198273918767077,2384.272708626169,,1.718269180876362e+33,199699.0,,,2026-04-01T08:22:47+00:00
swap,0xeb43c41b0705ba75f8cdfbe02c20a14cb43854f1947810c7849ae01ce302cba2#1123713,1775031875,24783538,0xeb43c41b0705ba75f8cdfbe02c20a14cb43854f1947810c7849ae01ce302cba2,41,0x8ad599c3a0ff1de082011efddc58f1908eb6e6d8,3000.0,0.0,153952759.0,0x51c72848c68a965f66fa7a88855f9f7784502a7f,0x51c72848c68a965f66fa7a88855f9f7784502a7f,0x82fab289311422664a26864322bf88eabf5b4131,,0xa0b86991c6218b36c1d19d4a2e9eb0ce3606eb48,USDC,6,0xc02aaa39b223fe8d0a0e5c4f27ead9083c756cc2,WETH,18,4112.713638,-1.928494184248611,4106.409890372167,,1.7181563075269367e+33,199698.0,,,2026-04-01T08:24:35+00:00
swap,0x7258911d9bf161c4c3cbca76af2fcc3819d918963c115f206f956db6eddf67c9#1123714,1775031911,24783541,0x7258911d9bf161c4c3cbca76af2fcc3819d918963c115f206f956db6eddf67c9,8,0x8ad599c3a0ff1de082011efddc58f1908eb6e6d8,3000.0,0.0,140199787.0,0x5050e08626c499411b5d0e0b5af0e83d3fd82edf,0x5050e08626c499411b5d0e0b5af0e83d3fd82edf,0x36d63e35446baf55893a710cfe6dbdd300ece496,,0xa0b86991c6218b36c1d19d4a2e9eb0ce3606eb48,USDC,6,0xc02aaa39b223fe8d0a0e5c4f27ead9083c756cc2,WETH,18,12486.659257,-5.8535722720886145,12466.688065000777,,1.7178137022373525e+33,199694.0,,,2026-04-01T08:25:11+00:00
swap,0xf0dc2900883b449b72a9cc84a447aa58b2410ed8cecc62fd410c64f2447120d8#1123715,1775031923,24783542,0xf0dc2900883b449b72a9cc84a447aa58b2410ed8cecc62fd410c64f2447120d8,12,0x8ad599c3a0ff1de082011efddc58f1908eb6e6d8,3000.0,0.0,150514633.0,0x51c72848c68a965f66fa7a88855f9f7784502a7f,0x51c72848c68a965f66fa7a88855f9f7784502a7f,0xb36ce3f521a1ff4b0cffb82ddd71f0a51fcf56ce,,0xa0b86991c6218b36c1d19d4a2e9eb0ce3606eb48,USDC,6,0xc02aaa39b223fe8d0a0e5c4f27ead9083c756cc2,WETH,18,5678.332211,-2.661151095911162,5669.55805585657,,1.7176579470165296e+33,199692.0,,,2026-04-01T08:25:23+00:00
swap,0x28f9a501eee516814aab36fbb10cb0c94e915adf920b7a6cf066610e17bd4a97#1123716,1775031935,24783543,0x28f9a501eee516814aab36fbb10cb0c94e915adf920b7a6cf066610e17bd4a97,23,0x8ad599c3a0ff1de082011efddc58f1908eb6e6d8,3000.0,0.0,147348556.0,0x51c72848c68a965f66fa7a88855f9f7784502a7f,0x51c72848c68a965f66fa7a88855f9f7784502a7f,0x50581cc596f1aa7169eaa6c04f963d4755ef63f1,,0xa0b86991c6218b36c1d19d4a2e9eb0ce3606eb48,USDC,6,0xc02aaa39b223fe8d0a0e5c4f27ead9083c756cc2,WETH,18,6096.247996,-2.856470274300596,6086.807826912533,,1.7174907599075255e+33,199690.0,,,2026-04-01T08:25:35+00:00
swap,0x99f44854aa90089c2c48b4a0b370981c94b75d93a316b0cdf3bc7eed2928857a#1123717,1775031971,24783546,0x99f44854aa90089c2c48b4a0b370981c94b75d93a316b0cdf3bc7eed2928857a,17,0x8ad599c3a0ff1de082011efddc58f1908eb6e6d8,3000.0,0.0,129871499.0,0x51c72848c68a965f66fa7a88855f9f7784502a7f,0x51c72848c68a965f66fa7a88855f9f7784502a7f,0xe857b35c50f6706e9adda38e144cd7c48a819fd5,,0xa0b86991c6218b36c1d19d4a2e9eb0ce3606eb48,USDC,6,0xc02aaa39b223fe8d0a0e5c4f27ead9083c756cc2,WETH,18,16108.66328,-7.545232534145669,16082.435494636244,,1.7170491429841867e+33,199685.0,,,2026-04-01T08:26:11+00:00
swap,0x9765dce493e567f99ef723473f96566093318944cd34918b7e06182f7b1f05b7#1123718,1775031983,24783547,0x9765dce493e567f99ef723473f96566093318944cd34918b7e06182f7b1f05b7,18,0x8ad599c3a0ff1de082011efddc58f1908eb6e6d8,3000.0,0.0,119137785.0,0x51c72848c68a965f66fa7a88855f9f7784502a7f,0x51c72848c68a965f66fa7a88855f9f7784502a7f,0x56fc0708725a65ebb633efdaec931c0600a9face,,0xa0b86991c6218b36c1d19d4a2e9eb0ce3606eb48,USDC,6,0xc02aaa39b223fe8d0a0e5c4f27ead9083c756cc2,WETH,18,7758.175172,-3.632513557072466,7746.059033805125,,1.7168365346313227e+33,199683.0,,,2026-04-01T08:26:23+00:00
swap,0x8ce1bd12305d8bf0ee04b038fc2e59b1e1a50acc451770bfe2bfff4be86caf9f#1123719,1775032043,24783552,0x8ce1bd12305d8bf0ee04b038fc2e59b1e1a50acc451770bfe2bfff4be86caf9f,19,0x8ad599c3a0ff1de082011efddc58f1908eb6e6d8,3000.0,0.0,128938115.0,0x51c72848c68a965f66fa7a88855f9f7784502a7f,0x51c72848c68a965f66fa7a88855f9f7784502a7f,0xff5910ab899d4d8ca4ff3b99f93a62bddbeda77e,,0xa0b86991c6218b36c1d19d4a2e9eb0ce3606eb48,USDC,6,0xc02aaa39b223fe8d0a0e5c4f27ead9083c756cc2,WETH,18,5938.432686,-2.779870482501754,5929.244489457279,,1.716673830851922e+33,199681.0,,,2026-04-01T08:27:23+00:00
swap,0x6735cc1b912bf94baecaff7e5f0faa41d010ed7fa56aac17acfd4c37324fbd50#1123720,1775032055,24783553,0x6735cc1b912bf94baecaff7e5f0faa41d010ed7fa56aac17acfd4c37324fbd50,99,0x8ad599c3a0ff1de082011efddc58f1908eb6e6d8,3000.0,0.0,423766898.0,0x7cda585e917fecb3a33c6d5a8f8a15dd956694dc,0x01989c93890aed05a63d179b03424997075b6acf,0x6edebdabec672e249f1fa5647e2c5d9be0bea287,,0xa0b86991c6218b36c1d19d4a2e9eb0ce3606eb48,USDC,6,0xc02aaa39b223fe8d0a0e5c4f27ead9083c756cc2,WETH,18,3199.15072,-1.497352643001139,3194.270577595963,,1.716586191900523e+33,199680.0,,,2026-04-01T08:27:35+00:00
swap,0xdf8b6e77e128d6eabd04851701bbed71ccc9381516981eede607e3db982f2577#1123721,1775032235,24783568,0xdf8b6e77e128d6eabd04851701bbed71ccc9381516981eede607e3db982f2577,53,0x8ad599c3a0ff1de082011efddc58f1908eb6e6d8,3000.0,0.0,1289434463.0,0x51c72848c68a965f66fa7a88855f9f7784502a7f,0x51c72848c68a965f66fa7a88855f9f7784502a7f,0x5fa60dd1d2809604496d3315ab6f878bd59f64d4,,0xa0b86991c6218b36c1d19d4a2e9eb0ce3606eb48,USDC,6,0xc02aaa39b223fe8d0a0e5c4f27ead9083c756cc2,WETH,18,7395.43478,-3.4608252851003196,7383.906547716283,,1.716383604176319e+33,199677.0,,,2026-04-01T08:30:35+00:00
swap,0x8a0de1dae39673a30bb8149fc1ccafa8b6112f698a9d252b858777b353ab39ce#1123722,1775032619,24783599,0x8a0de1dae39673a30bb8149fc1ccafa8b6112f698a9d252b858777b353ab39ce,21,0x8ad599c3a0ff1de082011efddc58f1908eb6e6d8,3000.0,0.0,2812802361.0,0x51c72848c68a965f66fa7a88855f9f7784502a7f,0x51c72848c68a965f66fa7a88855f9f7784502a7f,0x055854dabe7deb658e62d3e93f31cb59caa8d226,,0xa0b86991c6218b36c1d19d4a2e9eb0ce3606eb48,USDC,6,0xc02aaa39b223fe8d0a0e5c4f27ead9083c756cc2,WETH,18,10221.811981,-4.782134152243305,10205.648182690584,,1.716103664601211e+33,199674.0,,,2026-04-01T08:36:59+00:00
swap,0xfcd8f0be5c2f9739ee428feb33ad019769b50bcd1ea969ae868b687555023713#1123723,1775032655,24783602,0xfcd8f0be5c2f9739ee428feb33ad019769b50bcd1ea969ae868b687555023713,137,0x8ad599c3a0ff1de082011efddc58f1908eb6e6d8,3000.0,0.0,174510017.0,0x06cff7088619c7178f5e14f0b119458d08d2f5ef,0x06cff7088619c7178f5e14f0b119458d08d2f5ef,0xf07b4d27cae6571857e51ab3fb209f5226de2d88,,0xa0b86991c6218b36c1d19d4a2e9eb0ce3606eb48,USDC,6,0xc02aaa39b223fe8d0a0e5c4f27ead9083c756cc2,WETH,18,1.647858,-0.000770801744635619,1.6453859784013518,,1.716103619479534e+33,199674.0,,,2026-04-01T08:37:35+00:00
swap,0xc814a113cec3025d945381508f2eb797b7d3b60b2e70493b6e5b96e4a36ecc0b#1123724,1775032703,24783605,0xc814a113cec3025d945381508f2eb797b7d3b60b2e70493b6e5b96e4a36ecc0b,11,0x8ad599c3a0ff1de082011efddc58f1908eb6e6d8,3000.0,0.0,156920294.0,0x51c72848c68a965f66fa7a88855f9f7784502a7f,0x51c72848c68a965f66fa7a88855f9f7784502a7f,0x50581cc596f1aa7169eaa6c04f963d4755ef63f1,,0xa0b86991c6218b36c1d19d4a2e9eb0ce3606eb48,USDC,6,0xc02aaa39b223fe8d0a0e5c4f27ead9083c756cc2,WETH,18,47937.685202,-22.406189461286978,47847.51411197941,,1.7147919918760629e+33,199659.0,,,2026-04-01T08:38:23+00:00
swap,0xe3922dd1652c0dbc6f67f1efc1872d90077c08d41a37497ffc2c97f1018b6197#1123725,1775032727,24783607,0xe3922dd1652c0dbc6f67f1efc1872d90077c08d41a37497ffc2c97f1018b6197,26,0x8ad599c3a0ff1de082011efddc58f1908eb6e6d8,3000.0,0.0,145043831.0,0x51c72848c68a965f66fa7a88855f9f7784502a7f,0x51c72848c68a965f66fa7a88855f9f7784502a7f,0x51301f41c8f83fbdffaeee11f846e9c114fb8046,,0xa0b86991c6218b36c1d19d4a2e9eb0ce3606eb48,USDC,6,0xc02aaa39b223fe8d0a0e5c4f27ead9083c756cc2,WETH,18,14915.561906,-6.9645848846337435,14891.420771200952,,1.7143842946280685e+33,199654.0,,,2026-04-01T08:38:47+00:00
swap,0x7869d6fc315d6182ef076700e5f7fe4fda3701e247c0e17c0f6c9985145c6d31#1123726,1775033339,24783658,0x7869d6fc315d6182ef076700e5f7fe4fda3701e247c0e17c0f6c9985145c6d31,587,0x8ad599c3a0ff1de082011efddc58f1908eb6e6d8,3000.0,0.0,108971589.0,0x99719e434ec7e5bf587599e4ca55817b3baceb8a,0x99719e434ec7e5bf587599e4ca55817b3baceb8a,0x09d1fe7fd83e612d87450459098d8341c3f8a36f,,0xa0b86991c6218b36c1d19d4a2e9eb0ce3606eb48,USDC,6,0xc02aaa39b223fe8d0a0e5c4f27ead9083c756cc2,WETH,18,0.087458,-4.0827122599183e-05,0.08732649993922133,,1.7143842922381048e+33,199654.0,,,2026-04-01T08:48:59+00:00
burn,0xc31a0c1df124f2514c3f4e63190387274b8b1d27225d29e01056b3737c4b52bf#1123732,1775033387,24783662,0xc31a0c1df124f2514c3f4e63190387274b8b1d27225d29e01056b3737c4b52bf,154,0x8ad599c3a0ff1de082011efddc58f1908eb6e6d8,3000.0,0.0,605862316.0,,,0x6f9194ee4c92929f9b99914c02e3789a55dfa81d,0xc36442b4a4522e871399cd717abdd847ab11fe88,0xa0b86991c6218b36c1d19d4a2e9eb0ce3606eb48,USDC,6,0xc02aaa39b223fe8d0a0e5c4f27ead9083c756cc2,WETH,18,0.0,0.0,0.0,0.0,,,199680.0,200640.0,2026-04-01T08:49:47+00:00
swap,0xd7386e129ee653b2e8327e220a883ae4ff5bb4e5e002ce7056d52a025117b422#1123728,1775033423,24783665,0xd7386e129ee653b2e8327e220a883ae4ff5bb4e5e002ce7056d52a025117b422,44,0x8ad599c3a0ff1de082011efddc58f1908eb6e6d8,3000.0,0.0,108633175.0,0x06cff7088619c7178f5e14f0b119458d08d2f5ef,0x06cff7088619c7178f5e14f0b119458d08d2f5ef,0xdf8adfe10d4a4d9f0fc4d3e377a6e8d5730eb40c,,0xa0b86991c6218b36c1d19d4a2e9eb0ce3606eb48,USDC,6,0xc02aaa39b223fe8d0a0e5c4f27ead9083c756cc2,WETH,18,118.817295,-0.055466554203279034,118.6389568213072,,1.714381045302088e+33,199654.0,,,2026-04-01T08:50:23+00:00
burn,0x90e5b13fe2c8a199e79748aca520cbe3b5fda4b79c970f1c683a339d67278755#1123734,1775033423,24783665,0x90e5b13fe2c8a199e79748aca520cbe3b5fda4b79c970f1c683a339d67278755,212,0x8ad599c3a0ff1de082011efddc58f1908eb6e6d8,3000.0,0.0,608633175.0,,,0x6f9194ee4c92929f9b99914c02e3789a55dfa81d,0xc36442b4a4522e871399cd717abdd847ab11fe88,0xa0b86991c6218b36c1d19d4a2e9eb0ce3606eb48,USDC,6,0xc02aaa39b223fe8d0a0e5c4f27ead9083c756cc2,WETH,18,5611.702491,0.0,5611.702491,2594390205322558.0,,,199680.0,200640.0,2026-04-01T08:50:23+00:00
mint,0xa3eaa19fb8d7e441e24e68f177a08f697600d04142c4d985ccd987b54a746636#1123730,1775033435,24783666,0xa3eaa19fb8d7e441e24e68f177a08f697600d04142c4d985ccd987b54a746636,437,0x8ad599c3a0ff1de082011efddc58f1908eb6e6d8,3000.0,0.0,128046675.0,0xc36442b4a4522e871399cd717abdd847ab11fe88,,0x05854d0c70d2f696fb3d9c0863100956b795e2ff,0xc36442b4a4522e871399cd717abdd847ab11fe88,0xa0b86991c6218b36c1d19d4a2e9eb0ce3606eb48,USDC,6,0xc02aaa39b223fe8d0a0e5c4f27ead9083c756cc2,WETH,18,11.55045,0.003813291789287346,19.694576167459836,4415644178383.0,,,198840.0,200820.0,2026-04-01T08:50:35+00:00
swap,0x59b09add1d27fe30e27768514546816636e1591e9dd766d8cb2e626345b37826#1123731,1775033579,24783678,0x59b09add1d27fe30e27768514546816636e1591e9dd766d8cb2e626345b37826,38,0x8ad599c3a0ff1de082011efddc58f1908eb6e6d8,3000.0,0.0,105923747.0,0x06cff7088619c7178f5e14f0b119458d08d2f5ef,0x06cff7088619c7178f5e14f0b119458d08d2f5ef,0xdf8adfe10d4a4d9f0fc4d3e377a6e8d5730eb40c,,0xa0b86991c6218b36c1d19d4a2e9eb0ce3606eb48,USDC,6,0xc02aaa39b223fe8d0a0e5c4f27ead9083c756cc2,WETH,18,0.442457,-0.00020654807492717,0.44179299844442566,,1.7143810332110862e+33,199654.0,,,2026-04-01T08:52:59+00:00
swap,0x51ad26632a2afe69d8956cb317eec30716b780f1efd88bb86eb94467aefdf6a8#1123732,1775035403,24783829,0x51ad26632a2afe69d8956cb317eec30716b780f1efd88bb86eb94467aefdf6a8,22,0x8ad599c3a0ff1de082011efddc58f1908eb6e6d8,3000.0,0.0,130981313.0,0x51c72848c68a965f66fa7a88855f9f7784502a7f,0x51c72848c68a965f66fa7a88855f9f7784502a7f,0xff7f47680660b53ac58ea0df732980df69aaf873,,0xa0b86991c6218b36c1d19d4a2e9eb0ce3606eb48,USDC,6,0xc02aaa39b223fe8d0a0e5c4f27ead9083c756cc2,WETH,18,-9173.244768,4.308707980564498,9187.720837310808,,1.714632501569359e+33,199657.0,,,2026-04-01T09:23:23+00:00
swap,0xfcaf68e803db23aae84c8b305d1a05b3c0e2578393266fe313eeb4901a85878b#1123733,1775035439,24783832,0xfcaf68e803db23aae84c8b305d1a05b3c0e2578393266fe313eeb4901a85878b,20,0x8ad599c3a0ff1de082011efddc58f1908eb6e6d8,3000.0,0.0,117684377.0,0x51c72848c68a965f66fa7a88855f9f7784502a7f,0x51c72848c68a965f66fa7a88855f9f7784502a7f,0x867bdc57d1b071fe5a9f670dd70b91e4269814d3,,0xa0b86991c6218b36c1d19d4a2e9eb0ce3606eb48,USDC,6,0xc02aaa39b223fe8d0a0e5c4f27ead9083c756cc2,WETH,18,-8109.850498,3.8102804980394818,8122.579363093889,,1.7148548802930326e+33,199660.0,,,2026-04-01T09:23:59+00:00
swap,0x06a9d83bd1cea50b7bfa33c71a4f15513a4979a2eec5bda0e5fc52bc020ef6da#1123734,1775035475,24783835,0x06a9d83bd1cea50b7bfa33c71a4f15513a4979a2eec5bda0e5fc52bc020ef6da,90,0x8ad599c3a0ff1de082011efddc58f1908eb6e6d8,3000.0,0.0,2641088200.0,0xbdb3ba9ffe392549e1f8658dd2630c141fdf47b6,0xbdb3ba9ffe392549e1f8658dd2630c141fdf47b6,0x5b43453fce04b92e190f391a83136bfbecedefd1,,0xa0b86991c6218b36c1d19d4a2e9eb0ce3606eb48,USDC,6,0xc02aaa39b223fe8d0a0e5c4f27ead9083c756cc2,WETH,18,-4031.907694,1.894693679801199,4038.1041404662437,,1.7149654599636063e+33,199661.0,,,2026-04-01T09:24:35+00:00
swap,0x022ce754911e25282459b11baee3f9eab6bd67ece10ff075a77cad5d210012bd#1123735,1775036279,24783902,0x022ce754911e25282459b11baee3f9eab6bd67ece10ff075a77cad5d210012bd,188,0x8ad599c3a0ff1de082011efddc58f1908eb6e6d8,3000.0,0.0,152871506.0,0xd226997439ecfbeff8e110c8c78c8a7eefd19f89,0xd226997439ecfbeff8e110c8c78c8a7eefd19f89,0x834d10cef4e5a75d3edddcbb1c5a94f8094e5713,,0xa0b86991c6218b36c1d19d4a2e9eb0ce3606eb48,USDC,6,0xc02aaa39b223fe8d0a0e5c4f27ead9083c756cc2,WETH,18,0.779303,-0.000364043296116133,0.7781339951726327,,1.7149654386530805e+33,199661.0,,,2026-04-01T09:37:59+00:00
swap,0x3259a43bdf17e8a75bb6896ab57a9f3d607634b41b9904128bb2824918c84fcf#1123736,1775036291,24783903,0x3259a43bdf17e8a75bb6896ab57a9f3d607634b41b9904128bb2824918c84fcf,112,0x8ad599c3a0ff1de082011efddc58f1908eb6e6d8,3000.0,0.0,154610108.0,0x06cff7088619c7178f5e14f0b119458d08d2f5ef,0x06cff7088619c7178f5e14f0b119458d08d2f5ef,0xd7e1236c08731c3632519dcd1a581bfe6876a3b2,,0xa0b86991c6218b36c1d19d4a2e9eb0ce3606eb48,USDC,6,0xc02aaa39b223fe8d0a0e5c4f27ead9083c756cc2,WETH,18,0.501311,-0.00023418221411069,0.5005589980023837,,1.7149654249444195e+33,199661.0,,,2026-04-01T09:38:11+00:00
swap,0x539bfee9f757a1a9c69ad8e901d2528af0feb74bf0fc2ed14ac14e9736d99d85#1123737,1775036291,24783903,0x539bfee9f757a1a9c69ad8e901d2528af0feb74bf0fc2ed14ac14e9736d99d85,672,0x8ad599c3a0ff1de082011efddc58f1908eb6e6d8,3000.0,0.0,154610108.0,0xd226997439ecfbeff8e110c8c78c8a7eefd19f89,0xd226997439ecfbeff8e110c8c78c8a7eefd19f89,0xae0cc0d6e76c2b13451ab90cd13a5fa71a5c59ba,,0xa0b86991c6218b36c1d19d4a2e9eb0ce3606eb48,USDC,6,0xc02aaa39b223fe8d0a0e5c4f27ead9083c756cc2,WETH,18,0.136401,-6.3717941435982e-05,0.13619599985211286,,1.714965421214471e+33,199661.0,,,2026-04-01T09:38:11+00:00
swap,0x3433042672ca08355913e3f165116a02a55e7411f35e718e42ad5cf3127e1b91#1123738,1775036423,24783914,0x3433042672ca08355913e3f165116a02a55e7411f35e718e42ad5cf3127e1b91,306,0x8ad599c3a0ff1de082011efddc58f1908eb6e6d8,3000.0,0.0,533856851.0,0x2c242c8da2c5b25191bb6d2d88b8703446d28fc6,0x2c242c8da2c5b25191bb6d2d88b8703446d28fc6,0x979159f671779a9be573c8a1217ddbe9990e24f9,,0xa0b86991c6218b36c1d19d4a2e9eb0ce3606eb48,USDC,6,0xc02aaa39b223fe8d0a0e5c4f27ead9083c756cc2,WETH,18,-41.963037,0.019720758505411874,42.02618516140463,,1.7149665721735953e+33,199661.0,,,2026-04-01T09:40:23+00:00
burn,0xdfda9d0505bf14c4d968ac8beb15876d9c4fd9b714e68708dcde0a77bf2edeea#1123744,1775036771,24783943,0xdfda9d0505bf14c4d968ac8beb15876d9c4fd9b714e68708dcde0a77bf2edeea,533,0x8ad599c3a0ff1de082011efddc58f1908eb6e6d8,3000.0,0.0,253687701.0,,,0xb282c9598344c029aaa83164cd81aeeae1ba73cb,0xc36442b4a4522e871399cd717abdd847ab11fe88,0xa0b86991c6218b36c1d19d4a2e9eb0ce3606eb48,USDC,6,0xc02aaa39b223fe8d0a0e5c4f27ead9083c756cc2,WETH,18,0.0,0.0,0.0,0.0,,,199260.0,200760.0,2026-04-01T09:46:11+00:00
burn,0x0307be04f5c01c182b04b53855c84b78344828df55196123e904cfb4a711220d#1123745,1775036891,24783953,0x0307be04f5c01c182b04b53855c84b78344828df55196123e904cfb4a711220d,302,0x8ad599c3a0ff1de082011efddc58f1908eb6e6d8,3000.0,0.0,1166814287.0,,,0x6e0eef8a3e8cd3056ca76edcf8f40684d62dec52,0xc36442b4a4522e871399cd717abdd847ab11fe88,0xa0b86991c6218b36c1d19d4a2e9eb0ce3606eb48,USDC,6,0xc02aaa39b223fe8d0a0e5c4f27ead9083c756cc2,WETH,18,0.0,0.0,0.0,0.0,,,198720.0,201900.0,2026-04-01T09:48:11+00:00
mint,0xe891bbfcb813b5c15320308fd60148ed80cd3b546d40ca710f16657d43273678#1123741,1775037647,24784015,0xe891bbfcb813b5c15320308fd60148ed80cd3b546d40ca710f16657d43273678,410,0x8ad599c3a0ff1de082011efddc58f1908eb6e6d8,3000.0,0.0,633559627.0,0xc36442b4a4522e871399cd717abdd847ab11fe88,,0x6f9194ee4c92929f9b99914c02e3789a55dfa81d,0xc36442b4a4522e871399cd717abdd847ab11fe88,0xa0b86991c6218b36c1d19d4a2e9eb0ce3606eb48,USDC,6,0xc02aaa39b223fe8d0a0e5c4f27ead9083c756cc2,WETH,18,4657.141113,0.6626826038548356,6071.47979349748,2780665337337195.0,,,199440.0,200400.0,2026-04-01T10:00:47+00:00
mint,0xfdb093f57190f17b86b6d88495efaf0b5441521a84a1f4e931c33bee969b3281#1123742,1775037827,24784030,0xfdb093f57190f17b86b6d88495efaf0b5441521a84a1f4e931c33bee969b3281,291,0x8ad599c3a0ff1de082011efddc58f1908eb6e6d8,3000.0,0.0,625542244.0,0xc36442b4a4522e871399cd717abdd847ab11fe88,,0x6e0eef8a3e8cd3056ca76edcf8f40684d62dec52,0xc36442b4a4522e871399cd717abdd847ab11fe88,0xa0b86991c6218b36c1d19d4a2e9eb0ce3606eb48,USDC,6,0xc02aaa39b223fe8d0a0e5c4f27ead9083c756cc2,WETH,18,22582.935681,4.594576073288986,32388.96744211792,4616516517495343.0,,,198720.0,201900.0,2026-04-01T10:03:47+00:00
burn,0xea9c1748c8f12125d4b61cf91a70e226c44458f1dc5e1a7ca4c8023bdc905c0c#1123748,1775037947,24784040,0xea9c1748c8f12125d4b61cf91a70e226c44458f1dc5e1a7ca4c8023bdc905c0c,250,0x8ad599c3a0ff1de082011efddc58f1908eb6e6d8,3000.0,0.0,638413607.0,,,0x95a259fb2a641ddf9d24b871cd0387d5c5ed351d,0xc36442b4a4522e871399cd717abdd847ab11fe88,0xa0b86991c6218b36c1d19d4a2e9eb0ce3606eb48,USDC,6,0xc02aaa39b223fe8d0a0e5c4f27ead9083c756cc2,WETH,18,0.628105,0.000525182316520224,1.7489819631902623,65684542734.0,,,190440.0,204300.0,2026-04-01T10:05:47+00:00
swap,0x31b99c9edf3cd317be71caaa6a133d86c71a1d37e1faf6ea7caeca4ccd4d6695#1123744,1775039711,24784185,0x31b99c9edf3cd317be71caaa6a133d86c71a1d37e1faf6ea7caeca4ccd4d6695,20,0x8ad599c3a0ff1de082011efddc58f1908eb6e6d8,3000.0,0.0,130612061.0,0x51c72848c68a965f66fa7a88855f9f7784502a7f,0x51c72848c68a965f66fa7a88855f9f7784502a7f,0xd2700e7bbe0a8af6d6c5b3f61d27855daa425a53,,0xa0b86991c6218b36c1d19d4a2e9eb0ce3606eb48,USDC,6,0xc02aaa39b223fe8d0a0e5c4f27ead9083c756cc2,WETH,18,-11897.46283,5.592339713924307,11916.492094000694,,1.715291182767605e+33,199665.0,,,2026-04-01T10:35:11+00:00
swap,0x577d6f4d2bc9fd36ec1174f195ca4e2f24e9ce606ef28dcecb5b494de833e441#1123745,1775039735,24784187,0x577d6f4d2bc9fd36ec1174f195ca4e2f24e9ce606ef28dcecb5b494de833e441,48,0x8ad599c3a0ff1de082011efddc58f1908eb6e6d8,3000.0,0.0,887680047.0,0x7cda585e917fecb3a33c6d5a8f8a15dd956694dc,0x01989c93890aed05a63d179b03424997075b6acf,0xb4e193262299a3d90a58ed3e0a8386ce4b5c5726,,0xa0b86991c6218b36c1d19d4a2e9eb0ce3606eb48,USDC,6,0xc02aaa39b223fe8d0a0e5c4f27ead9083c756cc2,WETH,18,-4499.803699,2.115660826659207,4506.73527909519,,1.7154139875242537e+33,199666.0,,,2026-04-01T10:35:35+00:00
swap,0x55a45f9ef6879eaf0c02cb691651bbbedcc963d36d5845f4ebcaf71054acddbe#1123746,1775039771,24784190,0x55a45f9ef6879eaf0c02cb691651bbbedcc963d36d5845f4ebcaf71054acddbe,77,0x8ad599c3a0ff1de082011efddc58f1908eb6e6d8,3000.0,0.0,132151857.0,0x51c72848c68a965f66fa7a88855f9f7784502a7f,0x51c72848c68a965f66fa7a88855f9f7784502a7f,0xa172577031eafd8b03dce022533863fe988159cd,,0xa0b86991c6218b36c1d19d4a2e9eb0ce3606eb48,USDC,6,0xc02aaa39b223fe8d0a0e5c4f27ead9083c756cc2,WETH,18,-6814.093411,3.2043410826239382,6824.715835622774,,1.7155999853561898e+33,199668.0,,,2026-04-01T10:36:11+00:00
swap,0x2b2cd4e02085d7b3993302c574aae6f96a1df71fa770c180be2a08cda911a2e9#1123747,1775039783,24784191,0x2b2cd4e02085d7b3993302c574aae6f96a1df71fa770c180be2a08cda911a2e9,270,0x8ad599c3a0ff1de082011efddc58f1908eb6e6d8,3000.0,0.0,332916664.0,0x111111125421ca6dc452d289314280a0f8842a65,0x111111125421ca6dc452d289314280a0f8842a65,0x95480d3f27658e73b2785d30beb0c847d78294c7,,0xa0b86991c6218b36c1d19d4a2e9eb0ce3606eb48,USDC,6,0xc02aaa39b223fe8d0a0e5c4f27ead9083c756cc2,WETH,18,-461.993465,0.21727850632924978,462.6902437263249,,1.7156125974127908e+33,199668.0,,,2026-04-01T10:36:23+00:00
swap,0x3b56b56eb192c97255b3a3ed1706cfbaf55f82c11c8f57ae384d6fbb512c74b2#1123748,1775039795,24784192,0x3b56b56eb192c97255b3a3ed1706cfbaf55f82c11c8f57ae384d6fbb512c74b2,306,0x8ad599c3a0ff1de082011efddc58f1908eb6e6d8,3000.0,0.0,1131665152.0,0xe592427a0aece92de3edee1f18e0157c05861564,0x69460570c93f9de5e2edbc3052bf10125f0ca22d,0x6ce3ccaa2bce828cac0f81419988fe5438e0a374,,0xa0b86991c6218b36c1d19d4a2e9eb0ce3606eb48,USDC,6,0xc02aaa39b223fe8d0a0e5c4f27ead9083c756cc2,WETH,18,-0.021113,9.93e-06,0.02114513473776987,,1.7156125979891835e+33,199668.0,,,2026-04-01T10:36:35+00:00
swap,0xe9f5e30111e8f6a1a069e5c9ed6aabb6bad78d130af35200d510155e0b7d005e#1123749,1775040503,24784250,0xe9f5e30111e8f6a1a069e5c9ed6aabb6bad78d130af35200d510155e0b7d005e,806,0x8ad599c3a0ff1de082011efddc58f1908eb6e6d8,3000.0,0.0,137075738.0,0x199737907e02dda6970677eec41fedaddec3c539,0x199737907e02dda6970677eec41fedaddec3c539,0x9568a788e04b2e35383c284bf3d748483d77db44,,0xa0b86991c6218b36c1d19d4a2e9eb0ce3606eb48,USDC,6,0xc02aaa39b223fe8d0a0e5c4f27ead9083c756cc2,WETH,18,-0.199464,9.3810365973366e-05,0.19976459811087974,,1.7156126034344603e+33,199668.0,,,2026-04-01T10:48:23+00:00
swap,0x4cafac0193c4b5f2bf9875efcfd93908e1645c97b9d34ebd46439d4baf5f5ffe#1123750,1775040611,24784259,0x4cafac0193c4b5f2bf9875efcfd93908e1645c97b9d34ebd46439d4baf5f5ffe,147,0x8ad599c3a0ff1de082011efddc58f1908eb6e6d8,3000.0,0.0,117313051.0,0x06cff7088619c7178f5e14f0b119458d08d2f5ef,0x06cff7088619c7178f5e14f0b119458d08d2f5ef,0xdf8adfe10d4a4d9f0fc4d3e377a6e8d5730eb40c,,0xa0b86991c6218b36c1d19d4a2e9eb0ce3606eb48,USDC,6,0xc02aaa39b223fe8d0a0e5c4f27ead9083c756cc2,WETH,18,10.05618,-0.004701185587717933,10.041094700238792,,1.715612329730311e+33,199668.0,,,2026-04-01T10:50:11+00:00
swap,0xf7d0c5bd9c361d5ffbf8eddfca60ef44b7e0bd196023c17f734afb9f040dea49#1123751,1775040815,24784276,0xf7d0c5bd9c361d5ffbf8eddfca60ef44b7e0bd196023c17f734afb9f040dea49,266,0x8ad599c3a0ff1de082011efddc58f1908eb6e6d8,3000.0,0.0,119317233.0,0xd226997439ecfbeff8e110c8c78c8a7eefd19f89,0xd226997439ecfbeff8e110c8c78c8a7eefd19f89,0xe836ef5abbcde8c2a22c299f639cc9480aa52219,,0xa0b86991c6218b36c1d19d4a2e9eb0ce3606eb48,USDC,6,0xc02aaa39b223fe8d0a0e5c4f27ead9083c756cc2,WETH,18,0.162548,-7.5989744359303e-05,0.16230399979104318,,1.7156123253061697e+33,199668.0,,,2026-04-01T10:53:35+00:00
swap,0x5987ea23d19f5a90efff790878c3acbd95175e70ce636450c92877cbfc2b94ce#1123752,1775040815,24784276,0x5987ea23d19f5a90efff790878c3acbd95175e70ce636450c92877cbfc2b94ce,295,0x8ad599c3a0ff1de082011efddc58f1908eb6e6d8,3000.0,0.0,119317233.0,0x06cff7088619c7178f5e14f0b119458d08d2f5ef,0x06cff7088619c7178f5e14f0b119458d08d2f5ef,0xf07b4d27cae6571857e51ab3fb209f5226de2d88,,0xa0b86991c6218b36c1d19d4a2e9eb0ce3606eb48,USDC,6,0xc02aaa39b223fe8d0a0e5c4f27ead9083c756cc2,WETH,18,3e-06,-9.37797657e-10,2.4999999997810943e-06,,1.715612325306115e+33,199668.0,,,2026-04-01T10:53:35+00:00
swap,0xb0fe8b0420f6a8ea74d7183f93b00e999fe88bf204ddbd91430497e2d34b5c4d#1123753,1775040899,24784282,0xb0fe8b0420f6a8ea74d7183f93b00e999fe88bf204ddbd91430497e2d34b5c4d,386,0x8ad599c3a0ff1de082011efddc58f1908eb6e6d8,3000.0,0.0,1720231246.0,0xe592427a0aece92de3edee1f18e0157c05861564,0xeb1646852b7d015f8cbac6894ec6c51ce2c2605c,0xeb1646852b7d015f8cbac6894ec6c51ce2c2605c,,0xa0b86991c6218b36c1d19d4a2e9eb0ce3606eb48,USDC,6,0xc02aaa39b223fe8d0a0e5c4f27ead9083c756cc2,WETH,18,-3.8959,0.00183228,3.9017616628062974,,1.7156124316618677e+33,199668.0,,,2026-04-01T10:54:59+00:00
swap,0xc1fc055f0d10c4fd6a32e6de9f956483ef8b8223fddbc85fb46d02e389ceeb3a#1123754,1775040971,24784288,0xc1fc055f0d10c4fd6a32e6de9f956483ef8b8223fddbc85fb46d02e389ceeb3a,161,0x8ad599c3a0ff1de082011efddc58f1908eb6e6d8,3000.0,0.0,110453610.0,0xd226997439ecfbeff8e110c8c78c8a7eefd19f89,0xd226997439ecfbeff8e110c8c78c8a7eefd19f89,0xa57e3e178e41201b05b4e4aa6dde347fdcd5614e,,0xa0b86991c6218b36c1d19d4a2e9eb0ce3606eb48,USDC,6,0xc02aaa39b223fe8d0a0e5c4f27ead9083c756cc2,WETH,18,0.231996,-0.000108456312103646,0.2316479995743471,,1.7156124253475152e+33,199668.0,,,2026-04-01T10:56:11+00:00
swap,0xf1072438bd099edd770895c740afec70c7a9a306c2456a2603a5ee838129690c#1123755,1775040971,24784288,0xf1072438bd099edd770895c740afec70c7a9a306c2456a2603a5ee838129690c,181,0x8ad599c3a0ff1de082011efddc58f1908eb6e6d8,3000.0,0.0,110453610.0,0xd226997439ecfbeff8e110c8c78c8a7eefd19f89,0xd226997439ecfbeff8e110c8c78c8a7eefd19f89,0xa57e3e178e41201b05b4e4aa6dde347fdcd5614e,,0xa0b86991c6218b36c1d19d4a2e9eb0ce3606eb48,USDC,6,0xc02aaa39b223fe8d0a0e5c4f27ead9083c756cc2,WETH,18,0.220828,-0.000103235122277392,0.22049649961434276,,1.7156124193371417e+33,199668.0,,,2026-04-01T10:56:11+00:00
swap,0x078c6f1d7ca9f98dfb636d96eceba86b8730f3fbba49cf516200e24ae25804b3#1123756,1775041043,24784294,0x078c6f1d7ca9f98dfb636d96eceba86b8730f3fbba49cf516200e24ae25804b3,47,0x8ad599c3a0ff1de082011efddc58f1908eb6e6d8,3000.0,0.0,131603985.0,0x06cff7088619c7178f5e14f0b119458d08d2f5ef,0x06cff7088619c7178f5e14f0b119458d08d2f5ef,0xdf8adfe10d4a4d9f0fc4d3e377a6e8d5730eb40c,,0xa0b86991c6218b36c1d19d4a2e9eb0ce3606eb48,USDC,6,0xc02aaa39b223fe8d0a0e5c4f27ead9083c756cc2,WETH,18,54.42577,-0.02544359975583715,54.344107573732465,,1.7156109380046768e+33,199668.0,,,2026-04-01T10:57:23+00:00
swap,0x4c2da6fb8aeef2b7c81d55b7f5cf512ef32224b679adbfa5da25ceebcf6ad308#1123757,1775041055,24784295,0x4c2da6fb8aeef2b7c81d55b7f5cf512ef32224b679adbfa5da25ceebcf6ad308,258,0x8ad599c3a0ff1de082011efddc58f1908eb6e6d8,3000.0,0.0,129853986.0,0xd226997439ecfbeff8e110c8c78c8a7eefd19f89,0xd226997439ecfbeff8e110c8c78c8a7eefd19f89,0x834d10cef4e5a75d3edddcbb1c5a94f8094e5713,,0xa0b86991c6218b36c1d19d4a2e9eb0ce3606eb48,USDC,6,0xc02aaa39b223fe8d0a0e5c4f27ead9083c756cc2,WETH,18,0.355709,-0.000166290479599654,0.35517499899935145,,1.7156109283232053e+33,199668.0,,,2026-04-01T10:57:35+00:00
swap,0x765282c004ffe64a719960180875a08de9e93ec9c5798cbc4fe508a7ce3b14ca#1123758,1775041247,24784311,0x765282c004ffe64a719960180875a08de9e93ec9c5798cbc4fe508a7ce3b14ca,162,0x8ad599c3a0ff1de082011efddc58f1908eb6e6d8,3000.0,0.0,124273817.0,0x06cff7088619c7178f5e14f0b119458d08d2f5ef,0x06cff7088619c7178f5e14f0b119458d08d2f5ef,0xdf8adfe10d4a4d9f0fc4d3e377a6e8d5730eb40c,,0xa0b86991c6218b36c1d19d4a2e9eb0ce3606eb48,USDC,6,0xc02aaa39b223fe8d0a0e5c4f27ead9083c756cc2,WETH,18,0.262764,-0.000122839570060085,0.26236949945396054,,1.7156109211714562e+33,199668.0,,,2026-04-01T11:00:47+00:00
swap,0xb28291699d2a29f6aab51c0643b9e7ba36c7a32f4be2c96518a7559225c734a4#1123759,1775041391,24784323,0xb28291699d2a29f6aab51c0643b9e7ba36c7a32f4be2c96518a7559225c734a4,71,0x8ad599c3a0ff1de082011efddc58f1908eb6e6d8,3000.0,0.0,124862444.0,0xd226997439ecfbeff8e110c8c78c8a7eefd19f89,0xd226997439ecfbeff8e110c8c78c8a7eefd19f89,0x834d10cef4e5a75d3edddcbb1c5a94f8094e5713,,0xa0b86991c6218b36c1d19d4a2e9eb0ce3606eb48,USDC,6,0xc02aaa39b223fe8d0a0e5c4f27ead9083c756cc2,WETH,18,0.442816,-0.000207012396831982,0.44215149844925733,,1.7156109091191448e+33,199668.0,,,2026-04-01T11:03:11+00:00
swap,0x825faa5e2df943eafa95cf36aca3b0ce0d881c4622355d1abfd674f5183abb31#1123760,1775041415,24784325,0x825faa5e2df943eafa95cf36aca3b0ce0d881c4622355d1abfd674f5183abb31,327,0x8ad599c3a0ff1de082011efddc58f1908eb6e6d8,3000.0,0.0,123855183.0,0x99719e434ec7e5bf587599e4ca55817b3baceb8a,0x99719e434ec7e5bf587599e4ca55817b3baceb8a,0x0c54c39c7743a8fde796cd6a8808bd6b4f01e748,,0xa0b86991c6218b36c1d19d4a2e9eb0ce3606eb48,USDC,6,0xc02aaa39b223fe8d0a0e5c4f27ead9083c756cc2,WETH,18,0.115813,-5.4141313760925e-05,0.11563899989392658,,1.7156109059670246e+33,199668.0,,,2026-04-01T11:03:35+00:00
swap,0x2f201f242e3db596e3f83c5dcbfbb3fcc0f6b84733276be5aae8c4c17edd64db#1123761,1775043071,24784461,0x2f201f242e3db596e3f83c5dcbfbb3fcc0f6b84733276be5aae8c4c17edd64db,97,0x8ad599c3a0ff1de082011efddc58f1908eb6e6d8,3000.0,0.0,120799972.0,0xd226997439ecfbeff8e110c8c78c8a7eefd19f89,0xd226997439ecfbeff8e110c8c78c8a7eefd19f89,0x834d10cef4e5a75d3edddcbb1c5a94f8094e5713,,0xa0b86991c6218b36c1d19d4a2e9eb0ce3606eb48,USDC,6,0xc02aaa39b223fe8d0a0e5c4f27ead9083c756cc2,WETH,18,0.17038,-7.965077421023e-05,0.17012399977042378,,1.7156109013297374e+33,199668.0,,,2026-04-01T11:31:11+00:00
swap,0xb7d05ae62d3155fcc493dcb5f047f8f275797386083dab93d3962d97d5a3a08f#1123762,1775043431,24784491,0xb7d05ae62d3155fcc493dcb5f047f8f275797386083dab93d3962d97d5a3a08f,217,0x8ad599c3a0ff1de082011efddc58f1908eb6e6d8,3000.0,0.0,119191492.0,0xd226997439ecfbeff8e110c8c78c8a7eefd19f89,0xd226997439ecfbeff8e110c8c78c8a7eefd19f89,0x480a15f9fdb1757d1db6cedc620772553f496637,,0xa0b86991c6218b36c1d19d4a2e9eb0ce3606eb48,USDC,6,0xc02aaa39b223fe8d0a0e5c4f27ead9083c756cc2,WETH,18,0.269652,-0.00012605995797628,0.2692474994249558,,1.7156108939904964e+33,199668.0,,,2026-04-01T11:37:11+00:00
mint,0xcf58ffd96794c2dc9f015fabdc5d63da54ee2be0f3cde4a4ae0f99792f5947bb#1123763,1775043767,24784519,0xcf58ffd96794c2dc9f015fabdc5d63da54ee2be0f3cde4a4ae0f99792f5947bb,334,0x8ad599c3a0ff1de082011efddc58f1908eb6e6d8,3000.0,0.0,180034109.0,0xc36442b4a4522e871399cd717abdd847ab11fe88,,0x2ab8fa1630db11294693aadb4d98f827d3e204b7,0xc36442b4a4522e871399cd717abdd847ab11fe88,0xa0b86991c6218b36c1d19d4a2e9eb0ce3606eb48,USDC,6,0xc02aaa39b223fe8d0a0e5c4f27ead9083c756cc2,WETH,18,2517.19119,1.1382130557685535,4944.612385226866,1811514915162926.0,,,199080.0,200280.0,2026-04-01T11:42:47+00:00
burn,0x1dffd33f6dc3c3164e8e7a51711e579ce7fb779a111087713f4623a22e5503a6#1123769,1775043803,24784522,0x1dffd33f6dc3c3164e8e7a51711e579ce7fb779a111087713f4623a22e5503a6,482,0x8ad599c3a0ff1de082011efddc58f1908eb6e6d8,3000.0,0.0,671838126.0,,,0xe356e7af80b8626a2b6ec11c32ad936c50a98a92,0xc36442b4a4522e871399cd717abdd847ab11fe88,0xa0b86991c6218b36c1d19d4a2e9eb0ce3606eb48,USDC,6,0xc02aaa39b223fe8d0a0e5c4f27ead9083c756cc2,WETH,18,0.0,0.02070113141743234,44.14847019473131,7547351821161.0,,,196560.0,199320.0,2026-04-01T11:43:23+00:00
swap,0x41b34a8c2e54f7d193bfda58de2403ed33b82374b8306ba43ebcc9355bb74132#1123765,1775044775,24784603,0x41b34a8c2e54f7d193bfda58de2403ed33b82374b8306ba43ebcc9355bb74132,70,0x8ad599c3a0ff1de082011efddc58f1908eb6e6d8,3000.0,0.0,158907470.0,0x06cff7088619c7178f5e14f0b119458d08d2f5ef,0x06cff7088619c7178f5e14f0b119458d08d2f5ef,0xdf8adfe10d4a4d9f0fc4d3e377a6e8d5730eb40c,,0xa0b86991c6218b36c1d19d4a2e9eb0ce3606eb48,USDC,6,0xc02aaa39b223fe8d0a0e5c4f27ead9083c756cc2,WETH,18,0.260331,-0.000121702487391616,0.25994049946473596,,1.715610886914368e+33,199668.0,,,2026-04-01T11:59:35+00:00
burn,0x2976b3b0123f56420f541b7a5f49f98217f10a4c0340541967f7b4e851ce5c61#1123771,1775046755,24784768,0x2976b3b0123f56420f541b7a5f49f98217f10a4c0340541967f7b4e851ce5c61,273,0x8ad599c3a0ff1de082011efddc58f1908eb6e6d8,3000.0,0.0,282775076.0,,,0xb282c9598344c029aaa83164cd81aeeae1ba73cb,0xc36442b4a4522e871399cd717abdd847ab11fe88,0xa0b86991c6218b36c1d19d4a2e9eb0ce3606eb48,USDC,6,0xc02aaa39b223fe8d0a0e5c4f27ead9083c756cc2,WETH,18,2872.426958,0.5134526939096784,3967.446871809115,1171611427530718.0,,,199260.0,200760.0,2026-04-01T12:32:35+00:00
swap,0x718a71c6169dcbcadc5cafaf9b6461d394923be8005804df507af81a4f088f39#1123767,1775046995,24784788,0x718a71c6169dcbcadc5cafaf9b6461d394923be8005804df507af81a4f088f39,34,0x8ad599c3a0ff1de082011efddc58f1908eb6e6d8,3000.0,0.0,133274648.0,0x51c72848c68a965f66fa7a88855f9f7784502a7f,0x51c72848c68a965f66fa7a88855f9f7784502a7f,0x58a497019644d8c383c8d3764c32ffd43506e836,,0xa0b86991c6218b36c1d19d4a2e9eb0ce3606eb48,USDC,6,0xc02aaa39b223fe8d0a0e5c4f27ead9083c756cc2,WETH,18,-32063.755054,15.087565781396023,32120.199954265197,,1.7164862417819595e+33,199679.0,,,2026-04-01T12:36:35+00:00
swap,0x6915827a4169ca23cdc743634f405f194ed8e891c6ace5cc7d59c27e458b1bca#1123768,1775047019,24784790,0x6915827a4169ca23cdc743634f405f194ed8e891c6ace5cc7d59c27e458b1bca,34,0x8ad599c3a0ff1de082011efddc58f1908eb6e6d8,3000.0,0.0,131586963.0,0x51c72848c68a965f66fa7a88855f9f7784502a7f,0x51c72848c68a965f66fa7a88855f9f7784502a7f,0x12dde15d3bc00d69fb6f94b5afe8cb71a364756c,,0xa0b86991c6218b36c1d19d4a2e9eb0ce3606eb48,USDC,6,0xc02aaa39b223fe8d0a0e5c4f27ead9083c756cc2,WETH,18,-14402.408125,6.782051786186639,14425.734413563612,,1.7168802848393325e+33,199683.0,,,2026-04-01T12:36:59+00:00
swap,0xd2a04146a45ac7a006d9f1ad8d371655e18f066a36a0b6c9e6650d4f55e28e08#1123769,1775047031,24784791,0xd2a04146a45ac7a006d9f1ad8d371655e18f066a36a0b6c9e6650d4f55e28e08,36,0x8ad599c3a0ff1de082011efddc58f1908eb6e6d8,3000.0,0.0,9098562643.0,0xbdb3ba9ffe392549e1f8658dd2630c141fdf47b6,0xbdb3ba9ffe392549e1f8658dd2630c141fdf47b6,0x5b43453fce04b92e190f391a83136bfbecedefd1,,0xa0b86991c6218b36c1d19d4a2e9eb0ce3606eb48,USDC,6,0xc02aaa39b223fe8d0a0e5c4f27ead9083c756cc2,WETH,18,-13534.207669,6.376058109025556,13556.035089806908,,1.7172508601007185e+33,199688.0,,,2026-04-01T12:37:11+00:00
burn,0x6c81cf2caca0de1870ba071d65365c6bde7c8920292faf2c29d133861a4ff8e0#1123775,1775047343,24784817,0x6c81cf2caca0de1870ba071d65365c6bde7c8920292faf2c29d133861a4ff8e0,364,0x8ad599c3a0ff1de082011efddc58f1908eb6e6d8,3000.0,0.0,701232421.0,,,0x60318b16c32edf4c1a88395656209700cc093872,0xc36442b4a4522e871399cd717abdd847ab11fe88,0xa0b86991c6218b36c1d19d4a2e9eb0ce3606eb48,USDC,6,0xc02aaa39b223fe8d0a0e5c4f27ead9083c756cc2,WETH,18,0.0,0.0,0.0,0.0,,,198480.0,203160.0,2026-04-01T12:42:23+00:00
swap,0x4b822f7bff3077a4bdf07a9928e6aee34532743ae06414856ca9ab773399dfbe#1123771,1775047499,24784830,0x4b822f7bff3077a4bdf07a9928e6aee34532743ae06414856ca9ab773399dfbe,31,0x8ad599c3a0ff1de082011efddc58f1908eb6e6d8,3000.0,0.0,498488960297.0,0xbdb3ba9ffe392549e1f8658dd2630c141fdf47b6,0xbdb3ba9ffe392549e1f8658dd2630c141fdf47b6,0x5b43453fce04b92e190f391a83136bfbecedefd1,,0xa0b86991c6218b36c1d19d4a2e9eb0ce3606eb48,USDC,6,0xc02aaa39b223fe8d0a0e5c4f27ead9083c756cc2,WETH,18,98421.712924,-46.027347486040405,98197.49444756114,,1.7145711892128935e+33,199656.0,,,2026-04-01T12:44:59+00:00
burn,0xe4fa2042fa7cc198bb0d350129cd6bc1f12939402aefbf9d3d5ac15d936ade2e#1123777,1775047751,24784851,0xe4fa2042fa7cc198bb0d350129cd6bc1f12939402aefbf9d3d5ac15d936ade2e,670,0x8ad599c3a0ff1de082011efddc58f1908eb6e6d8,3000.0,0.0,295469624.0,,,0x9e0c163c5d07ae90c8f805165864d583bbae6b17,0xc36442b4a4522e871399cd717abdd847ab11fe88,0xa0b86991c6218b36c1d19d4a2e9eb0ce3606eb48,USDC,6,0xc02aaa39b223fe8d0a0e5c4f27ead9083c756cc2,WETH,18,0.0,4.680783062044559,9994.628072583175,1175459255267894.0,,,191340.0,196260.0,2026-04-01T12:49:11+00:00
mint,0x37bf2687f80010bca5bb1c47f5cd3f71065763aea38f20d025af5d1b6ea6350c#1123773,1775047835,24784858,0x37bf2687f80010bca5bb1c47f5cd3f71065763aea38f20d025af5d1b6ea6350c,90,0x8ad599c3a0ff1de082011efddc58f1908eb6e6d8,3000.0,0.0,301959310.0,0xc36442b4a4522e871399cd717abdd847ab11fe88,,0x05854d0c70d2f696fb3d9c0863100956b795e2ff,0xc36442b4a4522e871399cd717abdd847ab11fe88,0xa0b86991c6218b36c1d19d4a2e9eb0ce3606eb48,USDC,6,0xc02aaa39b223fe8d0a0e5c4f27ead9083c756cc2,WETH,18,5.488567,0.001820610538551108,9.376020222387869,2102353926017.0,,,198840.0,200820.0,2026-04-01T12:50:35+00:00
swap,0xe32ffa009ab3fecf04f387fd329ff127cfc690ab14072baaaaee65a860a5a913#1123774,1775048051,24784875,0xe32ffa009ab3fecf04f387fd329ff127cfc690ab14072baaaaee65a860a5a913,26,0x8ad599c3a0ff1de082011efddc58f1908eb6e6d8,3000.0,0.0,167640417.0,0x51c72848c68a965f66fa7a88855f9f7784502a7f,0x51c72848c68a965f66fa7a88855f9f7784502a7f,0xa794401988f9e484e03eb55a8e80db15968a38be,,0xa0b86991c6218b36c1d19d4a2e9eb0ce3606eb48,USDC,6,0xc02aaa39b223fe8d0a0e5c4f27ead9083c756cc2,WETH,18,-21000.683156,9.86813623063197,21035.79580514685,,1.7151437207842523e+33,199663.0,,,2026-04-01T12:54:11+00:00
swap,0xeb8140d510e09cadf1f9c8794cd49f8e4bc7baa8d2e8457ca02b3247333c09dd#1123775,1775048207,24784888,0xeb8140d510e09cadf1f9c8794cd49f8e4bc7baa8d2e8457ca02b3247333c09dd,180,0x8ad599c3a0ff1de082011efddc58f1908eb6e6d8,3000.0,0.0,149137245.0,0xd226997439ecfbeff8e110c8c78c8a7eefd19f89,0xd226997439ecfbeff8e110c8c78c8a7eefd19f89,0x8a3999c2a419d11635a5146035824a49c33ca211,,0xa0b86991c6218b36c1d19d4a2e9eb0ce3606eb48,USDC,6,0xc02aaa39b223fe8d0a0e5c4f27ead9083c756cc2,WETH,18,0.176105,-8.2282412633212e-05,0.17584049975491747,,1.7151437159960097e+33,199663.0,,,2026-04-01T12:56:47+00:00
swap,0x2a40cceca3ab41b790c0ef254a2e9fabdc2ad95bce7e4bc1db2daa4ff643a594#1123776,1775048243,24784891,0x2a40cceca3ab41b790c0ef254a2e9fabdc2ad95bce7e4bc1db2daa4ff643a594,224,0x8ad599c3a0ff1de082011efddc58f1908eb6e6d8,3000.0,0.0,168583206.0,0xd226997439ecfbeff8e110c8c78c8a7eefd19f89,0xd226997439ecfbeff8e110c8c78c8a7eefd19f89,0x834d10cef4e5a75d3edddcbb1c5a94f8094e5713,,0xa0b86991c6218b36c1d19d4a2e9eb0ce3606eb48,USDC,6,0xc02aaa39b223fe8d0a0e5c4f27ead9083c756cc2,WETH,18,0.493534,-0.000230597049446462,0.49279349807511696,,1.7151437025769248e+33,199663.0,,,2026-04-01T12:57:23+00:00
swap,0x8ca3ad368b9b33448648217dade8de4a60dd00236da494f190f906b7a0668dc6#1123777,1775048255,24784892,0x8ca3ad368b9b33448648217dade8de4a60dd00236da494f190f906b7a0668dc6,502,0x8ad599c3a0ff1de082011efddc58f1908eb6e6d8,3000.0,0.0,154752598.0,0x99719e434ec7e5bf587599e4ca55817b3baceb8a,0x99719e434ec7e5bf587599e4ca55817b3baceb8a,0x0c54c39c7743a8fde796cd6a8808bd6b4f01e748,,0xa0b86991c6218b36c1d19d4a2e9eb0ce3606eb48,USDC,6,0xc02aaa39b223fe8d0a0e5c4f27ead9083c756cc2,WETH,18,0.340982,-0.000159319303602804,0.34047049908117333,,1.715143693305691e+33,199663.0,,,2026-04-01T12:57:35+00:00
swap,0xe7e08cba5a2a5736ebb87579b9ef36dec716ea1003840d291bc9dc8841543a5f#1123778,1775048267,24784893,0xe7e08cba5a2a5736ebb87579b9ef36dec716ea1003840d291bc9dc8841543a5f,365,0x8ad599c3a0ff1de082011efddc58f1908eb6e6d8,3000.0,0.0,168828954.0,0x99719e434ec7e5bf587599e4ca55817b3baceb8a,0x99719e434ec7e5bf587599e4ca55817b3baceb8a,0x8de6dfdd1f32dca74f068f17e3e7f8f499d623bb,,0xa0b86991c6218b36c1d19d4a2e9eb0ce3606eb48,USDC,6,0xc02aaa39b223fe8d0a0e5c4f27ead9083c756cc2,WETH,18,0.399861,-0.00018682956517597,0.39926099873646226,,1.7151436824335582e+33,199663.0,,,2026-04-01T12:57:47+00:00
swap,0x5798e72fad92e7d8095cf407c2f1138c5073d535257626034ec6ecf9acaa596c#1123779,1775048531,24784915,0x5798e72fad92e7d8095cf407c2f1138c5073d535257626034ec6ecf9acaa596c,46,0x8ad599c3a0ff1de082011efddc58f1908eb6e6d8,3000.0,0.0,246225711.0,0x51c72848c68a965f66fa7a88855f9f7784502a7f,0x51c72848c68a965f66fa7a88855f9f7784502a7f,0x74d02d1febbe6dfdcc318d386b3473bedbed6fbf,,0xa0b86991c6218b36c1d19d4a2e9eb0ce3606eb48,USDC,6,0xc02aaa39b223fe8d0a0e5c4f27ead9083c756cc2,WETH,18,-3646.499243,1.7141467500652592,3652.091489263,,1.7152431341546752e+33,199664.0,,,2026-04-01T13:02:11+00:00
swap,0x5fa510a62b77fc5c4bdbf8dfc4b2cc3da6b4a7e7f09023ef8535c5deecd71ef9#1123780,1775048543,24784916,0x5fa510a62b77fc5c4bdbf8dfc4b2cc3da6b4a7e7f09023ef8535c5deecd71ef9,21,0x8ad599c3a0ff1de082011efddc58f1908eb6e6d8,3000.0,0.0,224659280.0,0x51c72848c68a965f66fa7a88855f9f7784502a7f,0x51c72848c68a965f66fa7a88855f9f7784502a7f,0xa794401988f9e484e03eb55a8e80db15968a38be,,0xa0b86991c6218b36c1d19d4a2e9eb0ce3606eb48,USDC,6,0xc02aaa39b223fe8d0a0e5c4f27ead9083c756cc2,WETH,18,-11738.901891,5.519574525606532,11757.662351895186,,1.7155633699725157e+33,199668.0,,,2026-04-01T13:02:23+00:00
swap,0xb7267bc369a3310f9dfc6a3993da2112275d9b72a2711c93f0a72feb5fa8a2b0#1123781,1775048555,24784917,0xb7267bc369a3310f9dfc6a3993da2112275d9b72a2711c93f0a72feb5fa8a2b0,20,0x8ad599c3a0ff1de082011efddc58f1908eb6e6d8,3000.0,0.0,72011727887.0,0xbdb3ba9ffe392549e1f8658dd2630c141fdf47b6,0xbdb3ba9ffe392549e1f8658dd2630c141fdf47b6,0x5b43453fce04b92e190f391a83136bfbecedefd1,,0xa0b86991c6218b36c1d19d4a2e9eb0ce3606eb48,USDC,6,0xc02aaa39b223fe8d0a0e5c4f27ead9083c756cc2,WETH,18,-44620.446104,20.99913669815941,44703.47069669511,,1.716782090696674e+33,199682.0,,,2026-04-01T13:02:35+00:00
swap,0x49e646d62551be1a29cbc476ee37dd19c10d187d7fcb0c076e0f200976bdac12#1123782,1775048567,24784918,0x49e646d62551be1a29cbc476ee37dd19c10d187d7fcb0c076e0f200976bdac12,27,0x8ad599c3a0ff1de082011efddc58f1908eb6e6d8,3000.0,0.0,9725295425.0,0xbdb3ba9ffe392549e1f8658dd2630c141fdf47b6,0xbdb3ba9ffe392549e1f8658dd2630c141fdf47b6,0x5b43453fce04b92e190f391a83136bfbecedefd1,,0xa0b86991c6218b36c1d19d4a2e9eb0ce3606eb48,USDC,6,0xc02aaa39b223fe8d0a0e5c4f27ead9083c756cc2,WETH,18,-13567.91579,6.3912104586689,13589.80114590792,,1.717153546035089e+33,199686.0,,,2026-04-01T13:02:47+00:00
swap,0xafa1d93c23d769294af1cbe89706c0084526a080d5b4a14c2905586767150433#1123783,1775048579,24784919,0xafa1d93c23d769294af1cbe89706c0084526a080d5b4a14c2905586767150433,26,0x8ad599c3a0ff1de082011efddc58f1908eb6e6d8,3000.0,0.0,82824364142.0,0xbdb3ba9ffe392549e1f8658dd2630c141fdf47b6,0xbdb3ba9ffe392549e1f8658dd2630c141fdf47b6,0x5b43453fce04b92e190f391a83136bfbecedefd1,,0xa0b86991c6218b36c1d19d4a2e9eb0ce3606eb48,USDC,6,0xc02aaa39b223fe8d0a0e5c4f27ead9083c756cc2,WETH,18,-56019.334331,26.417397176316534,56128.73603564919,,1.7186889176633016e+33,199704.0,,,2026-04-01T13:02:59+00:00
swap,0x999ceafcb0d07feb0b419ce21cf328ba9e564c8f6dc26bc012aa6b04199c7837#1123784,1775048615,24784922,0x999ceafcb0d07feb0b419ce21cf328ba9e564c8f6dc26bc012aa6b04199c7837,35,0x8ad599c3a0ff1de082011efddc58f1908eb6e6d8,3000.0,0.0,233298331.0,0x06cff7088619c7178f5e14f0b119458d08d2f5ef,0x06cff7088619c7178f5e14f0b119458d08d2f5ef,0xdf8adfe10d4a4d9f0fc4d3e377a6e8d5730eb40c,,0xa0b86991c6218b36c1d19d4a2e9eb0ce3606eb48,USDC,6,0xc02aaa39b223fe8d0a0e5c4f27ead9083c756cc2,WETH,18,0.554385,-0.000260100595957907,0.553552997561917,,1.7186889025008412e+33,199704.0,,,2026-04-01T13:03:35+00:00
swap,0x7bc94fd1d09610542b9be2735f2447167af3e16e76a3aaf63c1482afe581b3e7#1123785,1775048723,24784931,0x7bc94fd1d09610542b9be2735f2447167af3e16e76a3aaf63c1482afe581b3e7,75,0x8ad599c3a0ff1de082011efddc58f1908eb6e6d8,3000.0,0.0,1121473234.0,0x7cda585e917fecb3a33c6d5a8f8a15dd956694dc,0x01989c93890aed05a63d179b03424997075b6acf,0x1cf5be0760edf4244a4afbe0d2c20cd38256f97c,,0xa0b86991c6218b36c1d19d4a2e9eb0ce3606eb48,USDC,6,0xc02aaa39b223fe8d0a0e5c4f27ead9083c756cc2,WETH,18,-8993.731794,4.245633483896077,9007.910550536073,,1.718935657514269e+33,199707.0,,,2026-04-01T13:05:23+00:00
swap,0x7ffdf8e25f9dec9fd50c479748a189b33bf9ecebb11235fad8bba0a0456af79e#1123786,1775048735,24784932,0x7ffdf8e25f9dec9fd50c479748a189b33bf9ecebb11235fad8bba0a0456af79e,329,0x8ad599c3a0ff1de082011efddc58f1908eb6e6d8,3000.0,0.0,260838870.0,0x15893515f06036b37775cef10477fb4b85be3ee6,0x15893515f06036b37775cef10477fb4b85be3ee6,0x06a2d004a003250f6fc7bc0687182c46826edd54,,0xa0b86991c6218b36c1d19d4a2e9eb0ce3606eb48,USDC,6,0xc02aaa39b223fe8d0a0e5c4f27ead9083c756cc2,WETH,18,-3041.565478,1.436095010128988,3046.2156208581077,,1.7190191229487797e+33,199708.0,,,2026-04-01T13:05:35+00:00
swap,0x5474e3c2f8653fc2faec9cf21c2bfe58343ca88d4563feb189222062f6183427#1123787,1775048759,24784934,0x5474e3c2f8653fc2faec9cf21c2bfe58343ca88d4563feb189222062f6183427,102,0x8ad599c3a0ff1de082011efddc58f1908eb6e6d8,3000.0,0.0,2787335269.0,0xbdb3ba9ffe392549e1f8658dd2630c141fdf47b6,0xbdb3ba9ffe392549e1f8658dd2630c141fdf47b6,0x5b43453fce04b92e190f391a83136bfbecedefd1,,0xa0b86991c6218b36c1d19d4a2e9eb0ce3606eb48,USDC,6,0xc02aaa39b223fe8d0a0e5c4f27ead9083c756cc2,WETH,18,-4256.105625,2.0097822070157645,4262.654030658593,,1.7191359309203957e+33,199709.0,,,2026-04-01T13:05:59+00:00
swap,0x1180dde9a1ea1f7e39bb59777d52cecdfe9ac06c7c8ca4ac833f26475472bdd9#1123788,1775048819,24784939,0x1180dde9a1ea1f7e39bb59777d52cecdfe9ac06c7c8ca4ac833f26475472bdd9,36,0x8ad599c3a0ff1de082011efddc58f1908eb6e6d8,3000.0,0.0,228027616.0,0x51c72848c68a965f66fa7a88855f9f7784502a7f,0x51c72848c68a965f66fa7a88855f9f7784502a7f,0x2c937e3b0ea4198303d85ae11e4ac5fe3181c990,,0xa0b86991c6218b36c1d19d4a2e9eb0ce3606eb48,USDC,6,0xc02aaa39b223fe8d0a0e5c4f27ead9083c756cc2,WETH,18,-4659.604538,2.200632274613554,4666.788830471699,,1.7192638310437886e+33,199711.0,,,2026-04-01T13:06:59+00:00
swap,0xd68c571ab70bf3d279ed21d91180cefe5e2caf253e3cd31a70961efae353d0b7#1123789,1775048831,24784940,0xd68c571ab70bf3d279ed21d91180cefe5e2caf253e3cd31a70961efae353d0b7,17,0x8ad599c3a0ff1de082011efddc58f1908eb6e6d8,3000.0,0.0,241173222.0,0x51c72848c68a965f66fa7a88855f9f7784502a7f,0x51c72848c68a965f66fa7a88855f9f7784502a7f,0x5c4b1c037faa35b0cd1e97ecbbae33140784f1ff,,0xa0b86991c6218b36c1d19d4a2e9eb0ce3606eb48,USDC,6,0xc02aaa39b223fe8d0a0e5c4f27ead9083c756cc2,WETH,18,-16060.529135,7.587556858430224,16086.758358493042,,1.7197048176955063e+33,199716.0,,,2026-04-01T13:07:11+00:00
swap,0xb41f90a4998473d265b42395309af69e211c1ac5e254ab4f38f47d2eca502f47#1123790,1775048843,24784941,0xb41f90a4998473d265b42395309af69e211c1ac5e254ab4f38f47d2eca502f47,15,0x8ad599c3a0ff1de082011efddc58f1908eb6e6d8,3000.0,0.0,227604249.0,0x51c72848c68a965f66fa7a88855f9f7784502a7f,0x51c72848c68a965f66fa7a88855f9f7784502a7f,0x5c4b1c037faa35b0cd1e97ecbbae33140784f1ff,,0xa0b86991c6218b36c1d19d4a2e9eb0ce3606eb48,USDC,6,0xc02aaa39b223fe8d0a0e5c4f27ead9083c756cc2,WETH,18,-20349.487412,9.6194032432111,20383.421259504288,,1.720263894682591e+33,199723.0,,,2026-04-01T13:07:23+00:00
swap,0x20af24b17159148416a4b4317567cdc4300425a214d12385b8246fada22a0c6d#1123791,1775048867,24784943,0x20af24b17159148416a4b4317567cdc4300425a214d12385b8246fada22a0c6d,22,0x8ad599c3a0ff1de082011efddc58f1908eb6e6d8,3000.0,0.0,220428529.0,0x51c72848c68a965f66fa7a88855f9f7784502a7f,0x51c72848c68a965f66fa7a88855f9f7784502a7f,0xad35ed1cfe7c17c7b06c5c5d0672c57da4925299,,0xa0b86991c6218b36c1d19d4a2e9eb0ce3606eb48,USDC,6,0xc02aaa39b223fe8d0a0e5c4f27ead9083c756cc2,WETH,18,-12156.283083,5.749379539577142,12175.756575655234,,1.7205980469901018e+33,199726.0,,,2026-04-01T13:07:47+00:00
swap,0xe89a699941cce2abb8fb144f2fe7120965446e89dd711d0ebaeeaac04b1f59bb#1123792,1775049107,24784963,0xe89a699941cce2abb8fb144f2fe7120965446e89dd711d0ebaeeaac04b1f59bb,130,0x8ad599c3a0ff1de082011efddc58f1908eb6e6d8,3000.0,0.0,4016056453.0,0x51c72848c68a965f66fa7a88855f9f7784502a7f,0x51c72848c68a965f66fa7a88855f9f7784502a7f,0x867bdc57d1b071fe5a9f670dd70b91e4269814d3,,0xa0b86991c6218b36c1d19d4a2e9eb0ce3606eb48,USDC,6,0xc02aaa39b223fe8d0a0e5c4f27ead9083c756cc2,WETH,18,12870.988576,-6.050868360631071,12850.36673589889,,1.7202453140390028e+33,199722.0,,,2026-04-01T13:11:47+00:00
swap,0x88cb632d4bf21a0149c1e549e6059344a0c0c7a6a9bb06ff0ca3d4ce001df7ab#1123793,1775049119,24784964,0x88cb632d4bf21a0149c1e549e6059344a0c0c7a6a9bb06ff0ca3d4ce001df7ab,18,0x8ad599c3a0ff1de082011efddc58f1908eb6e6d8,3000.0,0.0,6130360696.0,0x51c72848c68a965f66fa7a88855f9f7784502a7f,0x51c72848c68a965f66fa7a88855f9f7784502a7f,0x81dc771e308c76c3e06f635abed7fb24830fb824,,0xa0b86991c6218b36c1d19d4a2e9eb0ce3606eb48,USDC,6,0xc02aaa39b223fe8d0a0e5c4f27ead9083c756cc2,WETH,18,15571.600422,-7.3171558962137535,15546.318251779447,,1.7198187633624557e+33,199717.0,,,2026-04-01T13:11:59+00:00
swap,0x38756930fba20393163b8ffff14293c7b409010872c9a070a5b0099af1437a59#1123794,1775049323,24784981,0x38756930fba20393163b8ffff14293c7b409010872c9a070a5b0099af1437a59,241,0x8ad599c3a0ff1de082011efddc58f1908eb6e6d8,3000.0,0.0,151702053.0,0xbdb3ba9ffe392549e1f8658dd2630c141fdf47b6,0xbdb3ba9ffe392549e1f8658dd2630c141fdf47b6,0x497a169e37064d92e018d363c86eb3611ec08963,,0xa0b86991c6218b36c1d19d4a2e9eb0ce3606eb48,USDC,6,0xc02aaa39b223fe8d0a0e5c4f27ead9083c756cc2,WETH,18,9696.74044,-4.554703107054092,9681.449057369218,,1.7195532487664377e+33,199714.0,,,2026-04-01T13:15:23+00:00
swap,0xfa1a6e246dd646908398541ab34454ba0a83cddc87937d978cc3629364cd50fb#1123795,1775049359,24784984,0xfa1a6e246dd646908398541ab34454ba0a83cddc87937d978cc3629364cd50fb,18,0x8ad599c3a0ff1de082011efddc58f1908eb6e6d8,3000.0,0.0,7787964388.0,0xbdb3ba9ffe392549e1f8658dd2630c141fdf47b6,0xbdb3ba9ffe392549e1f8658dd2630c141fdf47b6,0x5b43453fce04b92e190f391a83136bfbecedefd1,,0xa0b86991c6218b36c1d19d4a2e9eb0ce3606eb48,USDC,6,0xc02aaa39b223fe8d0a0e5c4f27ead9083c756cc2,WETH,18,12696.134752,-5.961437467198777,12675.811461640942,,1.7192057291535042e+33,199710.0,,,2026-04-01T13:15:59+00:00
swap,0x50ef9488ef10ab8983b5baf0dcc049e150787dd39de12d188f83786c974b210a#1123796,1775049455,24784992,0x50ef9488ef10ab8983b5baf0dcc049e150787dd39de12d188f83786c974b210a,20,0x8ad599c3a0ff1de082011efddc58f1908eb6e6d8,3000.0,0.0,8796195101.0,0xbdb3ba9ffe392549e1f8658dd2630c141fdf47b6,0xbdb3ba9ffe392549e1f8658dd2630c141fdf47b6,0x5b43453fce04b92e190f391a83136bfbecedefd1,,0xa0b86991c6218b36c1d19d4a2e9eb0ce3606eb48,USDC,6,0xc02aaa39b223fe8d0a0e5c4f27ead9083c756cc2,WETH,18,9214.651706,-4.325207198063347,9200.15605137052,,1.718953592929716e+33,199707.0,,,2026-04-01T13:17:35+00:00
swap,0xfa2b5f9424dcce49d82de4277649c030c5679fb95e3847754eace84827f97b44#1123797,1775049491,24784995,0xfa2b5f9424dcce49d82de4277649c030c5679fb95e3847754eace84827f97b44,62,0x8ad599c3a0ff1de082011efddc58f1908eb6e6d8,3000.0,0.0,7364658166.0,0xbdb3ba9ffe392549e1f8658dd2630c141fdf47b6,0xbdb3ba9ffe392549e1f8658dd2630c141fdf47b6,0x5b43453fce04b92e190f391a83136bfbecedefd1,,0xa0b86991c6218b36c1d19d4a2e9eb0ce3606eb48,USDC,6,0xc02aaa39b223fe8d0a0e5c4f27ead9083c756cc2,WETH,18,10244.232777,-4.806986798017646,10228.033932362963,,1.7186733715568316e+33,199704.0,,,2026-04-01T13:18:11+00:00
swap,0x4d34c162a5bb533c022bb2b574d739bf6127aefe94361cb73da971cc7f77408c#1123798,1775049515,24784997,0x4d34c162a5bb533c022bb2b574d739bf6127aefe94361cb73da971cc7f77408c,8,0x8ad599c3a0ff1de082011efddc58f1908eb6e6d8,3000.0,0.0,2387082439.0,0xbdb3ba9ffe392549e1f8658dd2630c141fdf47b6,0xbdb3ba9ffe392549e1f8658dd2630c141fdf47b6,0x5b43453fce04b92e190f391a83136bfbecedefd1,,0xa0b86991c6218b36c1d19d4a2e9eb0ce3606eb48,USDC,6,0xc02aaa39b223fe8d0a0e5c4f27ead9083c756cc2,WETH,18,6536.473283,-3.0663449282017257,6526.329678408215,,1.718494620205596e+33,199702.0,,,2026-04-01T13:18:35+00:00
swap,0x16d7bd47d1720f800709a13aff980729a5af3e033936e1650aa6c1f7f71afedf#1123799,1775049527,24784998,0x16d7bd47d1720f800709a13aff980729a5af3e033936e1650aa6c1f7f71afedf,71,0x8ad599c3a0ff1de082011efddc58f1908eb6e6d8,3000.0,0.0,146825916.0,0x51c72848c68a965f66fa7a88855f9f7784502a7f,0x51c72848c68a965f66fa7a88855f9f7784502a7f,0xad35ed1cfe7c17c7b06c5c5d0672c57da4925299,,0xa0b86991c6218b36c1d19d4a2e9eb0ce3606eb48,USDC,6,0xc02aaa39b223fe8d0a0e5c4f27ead9083c756cc2,WETH,18,5216.404616,-2.4466259049909076,5208.364192744478,,1.718351995126968e+33,199700.0,,,2026-04-01T13:18:47+00:00
swap,0x318e78b8865ae6915d967a8722377b9a1dffb9925ad6d5e8c25b7149e10dcd93#1123800,1775049539,24784999,0x318e78b8865ae6915d967a8722377b9a1dffb9925ad6d5e8c25b7149e10dcd93,768,0x8ad599c3a0ff1de082011efddc58f1908eb6e6d8,3000.0,0.0,138417130.0,0xb9e9e795fd530314663f779f7f57950c6bc1eb4b,0xb9e9e795fd530314663f779f7f57950c6bc1eb4b,0x41cc4565752bb07c3252c5eba7c4379ba648b3ea,,0xa0b86991c6218b36c1d19d4a2e9eb0ce3606eb48,USDC,6,0xc02aaa39b223fe8d0a0e5c4f27ead9083c756cc2,WETH,18,600.064637,-0.28141947023846986,599.1616841622302,,1.7183355898915014e+33,199700.0,,,2026-04-01T13:18:59+00:00
swap,0xd36a38c0b1351dd253d0cfd82cf3f09f8fcc0724ea5321d4adce3c8368e43789#1123801,1775049563,24785001,0xd36a38c0b1351dd253d0cfd82cf3f09f8fcc0724ea5321d4adce3c8368e43789,217,0x8ad599c3a0ff1de082011efddc58f1908eb6e6d8,3000.0,0.0,822781401.0,0x0000000000007a8d56014359bf3e98f18b7773f9,0x0000000000007a8d56014359bf3e98f18b7773f9,0x0000000000001efe53a797754f094caf01bf92c7,,0xa0b86991c6218b36c1d19d4a2e9eb0ce3606eb48,USDC,6,0xc02aaa39b223fe8d0a0e5c4f27ead9083c756cc2,WETH,18,222.28225,-0.10424499378218599,221.9484342935879,,1.7183295129712804e+33,199700.0,,,2026-04-01T13:19:23+00:00
swap,0x2c87586f083898b5522a0e1e130a64c2a48e8e2da1b0d06d6b65d20c9d0431af#1123802,1775049587,24785003,0x2c87586f083898b5522a0e1e130a64c2a48e8e2da1b0d06d6b65d20c9d0431af,533,0x8ad599c3a0ff1de082011efddc58f1908eb6e6d8,3000.0,0.0,185829466.0,0xf48a3f7c0575c85cf4529aa220caf3c055773f1c,0xf48a3f7c0575c85cf4529aa220caf3c055773f1c,0x754dcfb2861547015b221e963b4133a71dbdc024,,0xa0b86991c6218b36c1d19d4a2e9eb0ce3606eb48,USDC,6,0xc02aaa39b223fe8d0a0e5c4f27ead9083c756cc2,WETH,18,256.395544,-0.12024238736521731,256.0104291191169,,1.7183225034893987e+33,199700.0,,,2026-04-01T13:19:47+00:00
swap,0xac08da733e2a02ee4e5274473ab6dbf836cae4e46866ae2d9e1bf3c2c859d9c0#1123803,1775050031,24785040,0xac08da733e2a02ee4e5274473ab6dbf836cae4e46866ae2d9e1bf3c2c859d9c0,54,0x8ad599c3a0ff1de082011efddc58f1908eb6e6d8,3000.0,0.0,10614613471.0,0xbdb3ba9ffe392549e1f8658dd2630c141fdf47b6,0xbdb3ba9ffe392549e1f8658dd2630c141fdf47b6,0x5b43453fce04b92e190f391a83136bfbecedefd1,,0xa0b86991c6218b36c1d19d4a2e9eb0ce3606eb48,USDC,6,0xc02aaa39b223fe8d0a0e5c4f27ead9083c756cc2,WETH,18,6181.622532,-2.898712331321244,6172.047060473648,,1.718153524213355e+33,199698.0,,,2026-04-01T13:27:11+00:00
swap,0x5fa4ac88725e6e810a461961ba35f91775ec79dc2c58808de28bc6545bd8aec7#1123804,1775050043,24785041,0x5fa4ac88725e6e810a461961ba35f91775ec79dc2c58808de28bc6545bd8aec7,72,0x8ad599c3a0ff1de082011efddc58f1908eb6e6d8,3000.0,0.0,116923947.0,0x51c72848c68a965f66fa7a88855f9f7784502a7f,0x51c72848c68a965f66fa7a88855f9f7784502a7f,0x2c1b3240631826cd4f9a894a207c09b6e861dce8,,0xa0b86991c6218b36c1d19d4a2e9eb0ce3606eb48,USDC,6,0xc02aaa39b223fe8d0a0e5c4f27ead9083c756cc2,WETH,18,7043.671971,-3.3022533255151485,7032.713056953082,,1.7179610206764473e+33,199696.0,,,2026-04-01T13:27:23+00:00
swap,0x70a31a885d544b8e0207fc4daaa3ca3812bac67c0e6a9fdf56ca6ba2dcffd1a3#1123805,1775050055,24785042,0x70a31a885d544b8e0207fc4daaa3ca3812bac67c0e6a9fdf56ca6ba2dcffd1a3,11,0x8ad599c3a0ff1de082011efddc58f1908eb6e6d8,3000.0,0.0,124786462.0,0x5050e08626c499411b5d0e0b5af0e83d3fd82edf,0x5050e08626c499411b5d0e0b5af0e83d3fd82edf,0xa1b579ddf1c3f0329536564fefc9ba9268f5b959,,0xa0b86991c6218b36c1d19d4a2e9eb0ce3606eb48,USDC,6,0xc02aaa39b223fe8d0a0e5c4f27ead9083c756cc2,WETH,18,10479.381295,-4.9116324252269425,10462.791576849171,,1.7176746990285767e+33,199692.0,,,2026-04-01T13:27:35+00:00
swap,0xf636e5a2b06522459a2067941d733e630434f0a60b8806f4113ce5b92bbc47bf#1123806,1775050115,24785047,0xf636e5a2b06522459a2067941d733e630434f0a60b8806f4113ce5b92bbc47bf,200,0x8ad599c3a0ff1de082011efddc58f1908eb6e6d8,3000.0,0.0,263581233.0,0xf48a3f7c0575c85cf4529aa220caf3c055773f1c,0xf48a3f7c0575c85cf4529aa220caf3c055773f1c,0x5bfc8863784ed4413f022f4f6f7ca38277ee8df6,,0xa0b86991c6218b36c1d19d4a2e9eb0ce3606eb48,USDC,6,0xc02aaa39b223fe8d0a0e5c4f27ead9083c756cc2,WETH,18,148.222117,-0.06945920596067451,147.99960932115943,,1.7176706499319447e+33,199692.0,,,2026-04-01T13:28:35+00:00
swap,0x3fe64037ba85679f73b6d387e3fbb16fec32167b357c6779895a7dedfc693797#1123807,1775050283,24785061,0x3fe64037ba85679f73b6d387e3fbb16fec32167b357c6779895a7dedfc693797,216,0x8ad599c3a0ff1de082011efddc58f1908eb6e6d8,3000.0,0.0,294885034.0,0x68b3465833fb72a70ecdf485e0e4c7bd8665fc45,0xad6cea45f98444a922a2b4fe96b8c90f0862d2f4,0xe743a49f04f2f77eb2d3b753ae3ad599de8cea84,,0xa0b86991c6218b36c1d19d4a2e9eb0ce3606eb48,USDC,6,0xc02aaa39b223fe8d0a0e5c4f27ead9083c756cc2,WETH,18,111.487828,-0.052244726878407144,111.32049745751483,,1.717667604346486e+33,199692.0,,,2026-04-01T13:31:23+00:00
swap,0x2c6aaa9bc791bca00efebb2fdb0c18c1d64d6eebc07f065e64eb30e736c71258#1123808,1775050823,24785105,0x2c6aaa9bc791bca00efebb2fdb0c18c1d64d6eebc07f065e64eb30e736c71258,104,0x8ad599c3a0ff1de082011efddc58f1908eb6e6d8,3000.0,0.0,179338932.0,0xd226997439ecfbeff8e110c8c78c8a7eefd19f89,0xd226997439ecfbeff8e110c8c78c8a7eefd19f89,0x970df0f4bd124df46b1dee31329f7444f9e66b68,,0xa0b86991c6218b36c1d19d4a2e9eb0ce3606eb48,USDC,6,0xc02aaa39b223fe8d0a0e5c4f27ead9083c756cc2,WETH,18,5.02526,-0.002354901374413186,5.017721799790073,,1.717667467068452e+33,199692.0,,,2026-04-01T13:40:23+00:00
swap,0x9aa58f7f4622b14ea98bf77a380392eb631efcd5075b8a6916d33243d6ba32a6#1123809,1775050943,24785115,0x9aa58f7f4622b14ea98bf77a380392eb631efcd5075b8a6916d33243d6ba32a6,24,0x8ad599c3a0ff1de082011efddc58f1908eb6e6d8,3000.0,0.0,250286379.0,0x51c72848c68a965f66fa7a88855f9f7784502a7f,0x51c72848c68a965f66fa7a88855f9f7784502a7f,0x115d0a42f5dd6fabf392edd0831932875b3ffb22,,0xa0b86991c6218b36c1d19d4a2e9eb0ce3606eb48,USDC,6,0xc02aaa39b223fe8d0a0e5c4f27ead9083c756cc2,WETH,18,-39079.601249,18.435070233660756,39150.62218774867,,1.7187389081196636e+33,199705.0,,,2026-04-01T13:42:23+00:00
swap,0x71dd7b829ae051a59247751a4d69596f14027b0b3d0e2a61af050b37a86d5748#1123810,1775050955,24785116,0x71dd7b829ae051a59247751a4d69596f14027b0b3d0e2a61af050b37a86d5748,25,0x8ad599c3a0ff1de082011efddc58f1908eb6e6d8,3000.0,0.0,27215345956.0,0xbdb3ba9ffe392549e1f8658dd2630c141fdf47b6,0xbdb3ba9ffe392549e1f8658dd2630c141fdf47b6,0x5b43453fce04b92e190f391a83136bfbecedefd1,,0xa0b86991c6218b36c1d19d4a2e9eb0ce3606eb48,USDC,6,0xc02aaa39b223fe8d0a0e5c4f27ead9083c756cc2,WETH,18,-26601.436588,12.561891109188377,26647.125748572307,,1.7194690016666172e+33,199713.0,,,2026-04-01T13:42:35+00:00
swap,0x19f7ac2f2d1f66861bcfc25a9a7aa438ef0d0cd1cceffba231897d24a68ced4d#1123811,1775050979,24785118,0x19f7ac2f2d1f66861bcfc25a9a7aa438ef0d0cd1cceffba231897d24a68ced4d,34,0x8ad599c3a0ff1de082011efddc58f1908eb6e6d8,3000.0,0.0,224074291.0,0x51c72848c68a965f66fa7a88855f9f7784502a7f,0x51c72848c68a965f66fa7a88855f9f7784502a7f,0xad35ed1cfe7c17c7b06c5c5d0672c57da4925299,,0xa0b86991c6218b36c1d19d4a2e9eb0ce3606eb48,USDC,6,0xc02aaa39b223fe8d0a0e5c4f27ead9083c756cc2,WETH,18,-13094.326864,6.187402557771473,13115.400851561173,,1.7198286117476607e+33,199718.0,,,2026-04-01T13:42:59+00:00
swap,0x9a41f3bd9e4afa9584c2b47637791985b43370d18fbc7a4e11dac3d0eccdceb5#1123812,1775050991,24785119,0x9a41f3bd9e4afa9584c2b47637791985b43370d18fbc7a4e11dac3d0eccdceb5,18,0x8ad599c3a0ff1de082011efddc58f1908eb6e6d8,3000.0,0.0,215721420.0,0x51c72848c68a965f66fa7a88855f9f7784502a7f,0x51c72848c68a965f66fa7a88855f9f7784502a7f,0x055854dabe7deb658e62d3e93f31cb59caa8d226,,0xa0b86991c6218b36c1d19d4a2e9eb0ce3606eb48,USDC,6,0xc02aaa39b223fe8d0a0e5c4f27ead9083c756cc2,WETH,18,-64838.352458,30.675946176645255,64969.611422300484,,1.7216114890354508e+33,199738.0,,,2026-04-01T13:43:11+00:00
swap,0xbc30561de8329389d9a2fe9e2d29282533ad4ce8b1b53fae29efac856644f012#1123813,1775051003,24785120,0xbc30561de8329389d9a2fe9e2d29282533ad4ce8b1b53fae29efac856644f012,105,0x8ad599c3a0ff1de082011efddc58f1908eb6e6d8,3000.0,0.0,206729820.0,0x51c72848c68a965f66fa7a88855f9f7784502a7f,0x51c72848c68a965f66fa7a88855f9f7784502a7f,0xeaa9ebddd373c4bd8bb92dfcc9c7e7fcdb268e51,,0xa0b86991c6218b36c1d19d4a2e9eb0ce3606eb48,USDC,6,0xc02aaa39b223fe8d0a0e5c4f27ead9083c756cc2,WETH,18,-28967.54201,13.725543791229338,29017.880480465188,,1.7224126310502702e+33,199748.0,,,2026-04-01T13:43:23+00:00
swap,0x50dc1144bd98594d8026ff91cfd50fa4f69d0872d4d966dbc5c18f08909ded61#1123814,1775051567,24785166,0x50dc1144bd98594d8026ff91cfd50fa4f69d0872d4d966dbc5c18f08909ded61,134,0x8ad599c3a0ff1de082011efddc58f1908eb6e6d8,3000.0,0.0,339971761.0,0x06cff7088619c7178f5e14f0b119458d08d2f5ef,0x06cff7088619c7178f5e14f0b119458d08d2f5ef,0xdf8adfe10d4a4d9f0fc4d3e377a6e8d5730eb40c,,0xa0b86991c6218b36c1d19d4a2e9eb0ce3606eb48,USDC,6,0xc02aaa39b223fe8d0a0e5c4f27ead9083c756cc2,WETH,18,0.586062,-0.000276155277882279,0.5851824972559567,,1.7224126148724546e+33,199748.0,,,2026-04-01T13:52:47+00:00
swap,0x5eadeadf9d8abb0475338cb534a54233fd9ade4ab9d5d10ef9ee425f20b5cf1b#1123815,1775051591,24785168,0x5eadeadf9d8abb0475338cb534a54233fd9ade4ab9d5d10ef9ee425f20b5cf1b,75,0x8ad599c3a0ff1de082011efddc58f1908eb6e6d8,3000.0,0.0,119905636855.0,0xbdb3ba9ffe392549e1f8658dd2630c141fdf47b6,0xbdb3ba9ffe392549e1f8658dd2630c141fdf47b6,0x5b43453fce04b92e190f391a83136bfbecedefd1,,0xa0b86991c6218b36c1d19d4a2e9eb0ce3606eb48,USDC,6,0xc02aaa39b223fe8d0a0e5c4f27ead9083c756cc2,WETH,18,15146.492204,-7.135378923905911,15121.94005148125,,1.7219946078528617e+33,199743.0,,,2026-04-01T13:53:11+00:00
burn,0x4c936454ec4335e41726f534c6e7de69db49c8362ef035d7885aab97d30177cd#1123821,1775052155,24785215,0x4c936454ec4335e41726f534c6e7de69db49c8362ef035d7885aab97d30177cd,1302,0x8ad599c3a0ff1de082011efddc58f1908eb6e6d8,3000.0,0.0,283913673.0,,,0x5c29e2143a07f0b20a5881e1a353f95140c73d83,0xc36442b4a4522e871399cd717abdd847ab11fe88,0xa0b86991c6218b36c1d19d4a2e9eb0ce3606eb48,USDC,6,0xc02aaa39b223fe8d0a0e5c4f27ead9083c756cc2,WETH,18,0.0,0.014999999999999188,31.753152717760837,10300265337294.0,,,-887160.0,145680.0,2026-04-01T14:02:35+00:00
burn,0x182a2c203aae68c3e124deeb249816fd757be6f09d5c0686d624aae52f93f1d3#1123822,1775052167,24785216,0x182a2c203aae68c3e124deeb249816fd757be6f09d5c0686d624aae52f93f1d3,258,0x8ad599c3a0ff1de082011efddc58f1908eb6e6d8,3000.0,0.0,306535933.0,,,0xee525a275d1f54c22cccf1a3314f13c712d7f3a8,0xc36442b4a4522e871399cd717abdd847ab11fe88,0xa0b86991c6218b36c1d19d4a2e9eb0ce3606eb48,USDC,6,0xc02aaa39b223fe8d0a0e5c4f27ead9083c756cc2,WETH,18,0.0,0.01999999999999886,42.33753695701433,11402823813183.0,,,-887160.0,149400.0,2026-04-01T14:02:47+00:00
burn,0x250fd1f59a917288abf900c138440cab4db2f24f1310838883b0ca8c11b459ee#1123823,1775052179,24785217,0x250fd1f59a917288abf900c138440cab4db2f24f1310838883b0ca8c11b459ee,731,0x8ad599c3a0ff1de082011efddc58f1908eb6e6d8,3000.0,0.0,305232395.0,,,0x4bdcba858dca35ecdc2a61bf0db4780e19a2d7dd,0xc36442b4a4522e871399cd717abdd847ab11fe88,0xa0b86991c6218b36c1d19d4a2e9eb0ce3606eb48,USDC,6,0xc02aaa39b223fe8d0a0e5c4f27ead9083c756cc2,WETH,18,0.0,0.01999999999999886,42.33753695701433,11402823813183.0,,,-887160.0,149400.0,2026-04-01T14:02:59+00:00
burn,0x39c832a7b886ce56982c4cf319643b92e00441f686b7ba83ab3c1b2d19d8714c#1123824,1775052203,24785219,0x39c832a7b886ce56982c4cf319643b92e00441f686b7ba83ab3c1b2d19d8714c,667,0x8ad599c3a0ff1de082011efddc58f1908eb6e6d8,3000.0,0.0,289710485.0,,,0xd4f20f43eef492a6cb117c698c0a1cbba42811e4,0xc36442b4a4522e871399cd717abdd847ab11fe88,0xa0b86991c6218b36c1d19d4a2e9eb0ce3606eb48,USDC,6,0xc02aaa39b223fe8d0a0e5c4f27ead9083c756cc2,WETH,18,0.0,0.01999999999999886,42.33753695701433,11402823813183.0,,,-887160.0,149400.0,2026-04-01T14:03:23+00:00
burn,0x31fd3ff8c4a86ef33daa531c1e36f450d8c883329937fb66532c8a21505414a9#1123825,1775052215,24785220,0x31fd3ff8c4a86ef33daa531c1e36f450d8c883329937fb66532c8a21505414a9,485,0x8ad599c3a0ff1de082011efddc58f1908eb6e6d8,3000.0,0.0,292637136.0,,,0x0ca9ef7f67e6ca559075164534f0a331640d7821,0xc36442b4a4522e871399cd717abdd847ab11fe88,0xa0b86991c6218b36c1d19d4a2e9eb0ce3606eb48,USDC,6,0xc02aaa39b223fe8d0a0e5c4f27ead9083c756cc2,WETH,18,0.0,0.01999999999999886,42.33753695701433,11402823813183.0,,,-887160.0,149400.0,2026-04-01T14:03:35+00:00
burn,0xd1ee26280fc735241799dc4a08a812ec7067fac81cb938d06704035ecdf01b69#1123826,1775052227,24785221,0xd1ee26280fc735241799dc4a08a812ec7067fac81cb938d06704035ecdf01b69,549,0x8ad599c3a0ff1de082011efddc58f1908eb6e6d8,3000.0,0.0,282397191.0,,,0xccbc524ebe1a9d7f0db3fbd10bc5c6e57768a28e,0xc36442b4a4522e871399cd717abdd847ab11fe88,0xa0b86991c6218b36c1d19d4a2e9eb0ce3606eb48,USDC,6,0xc02aaa39b223fe8d0a0e5c4f27ead9083c756cc2,WETH,18,0.0,0.01999999999999886,42.33753695701433,11402823813183.0,,,-887160.0,149400.0,2026-04-01T14:03:47+00:00
burn,0xba7a0ffa9c02a5b2bbc64c17d6a592a6adff511174323b5ee68992c50ea0a9b1#1123827,1775052251,24785223,0xba7a0ffa9c02a5b2bbc64c17d6a592a6adff511174323b5ee68992c50ea0a9b1,523,0x8ad599c3a0ff1de082011efddc58f1908eb6e6d8,3000.0,0.0,272340883.0,,,0xb2dd985116db690461fa28e03ba2a08a60af90a1,0xc36442b4a4522e871399cd717abdd847ab11fe88,0xa0b86991c6218b36c1d19d4a2e9eb0ce3606eb48,USDC,6,0xc02aaa39b223fe8d0a0e5c4f27ead9083c756cc2,WETH,18,0.0,0.020728378559673723,43.879424666460984,7557285759769.0,,,196560.0,199320.0,2026-04-01T14:04:11+00:00
burn,0x589b87d2d941ec9da9b84ffb9c956809ef0d1e06d013a33264365ea3adb1a59a#1123828,1775052263,24785224,0x589b87d2d941ec9da9b84ffb9c956809ef0d1e06d013a33264365ea3adb1a59a,976,0x8ad599c3a0ff1de082011efddc58f1908eb6e6d8,3000.0,0.0,273150679.0,,,0xe4b8bd8cb10dbf3b152ae13cbf95ec8b869420e1,0xc36442b4a4522e871399cd717abdd847ab11fe88,0xa0b86991c6218b36c1d19d4a2e9eb0ce3606eb48,USDC,6,0xc02aaa39b223fe8d0a0e5c4f27ead9083c756cc2,WETH,18,1.574593,0.000323895942015012,2.260240820764416,86470748218.0,,,195960.0,209820.0,2026-04-01T14:04:23+00:00
burn,0x659d8daaa19d15b219bbca16139964cb0b14f02e8e4bd96e7fc621984d0806da#1123829,1775052275,24785225,0x659d8daaa19d15b219bbca16139964cb0b14f02e8e4bd96e7fc621984d0806da,318,0x8ad599c3a0ff1de082011efddc58f1908eb6e6d8,3000.0,0.0,285272540.0,,,0x7c1462c014d12ce8114c8d20897746e418d0609c,0xc36442b4a4522e871399cd717abdd847ab11fe88,0xa0b86991c6218b36c1d19d4a2e9eb0ce3606eb48,USDC,6,0xc02aaa39b223fe8d0a0e5c4f27ead9083c756cc2,WETH,18,1.585996,0.000344929532890868,2.3161693423166825,87096939140.0,,,195720.0,209820.0,2026-04-01T14:04:35+00:00
burn,0x646cf24fbcc9c1aed9e9263f24dc966e6865be79952d0063191d2b07540d7706#1123830,1775052311,24785228,0x646cf24fbcc9c1aed9e9263f24dc966e6865be79952d0063191d2b07540d7706,889,0x8ad599c3a0ff1de082011efddc58f1908eb6e6d8,3000.0,0.0,265161371.0,,,0x2825861682f978d5df5044c42df6a7fa56f43933,0xc36442b4a4522e871399cd717abdd847ab11fe88,0xa0b86991c6218b36c1d19d4a2e9eb0ce3606eb48,USDC,6,0xc02aaa39b223fe8d0a0e5c4f27ead9083c756cc2,WETH,18,1.171283,0.000100858264818628,1.3847875257089621,25467364534.0,,,195720.0,356700.0,2026-04-01T14:05:11+00:00
burn,0x6940f85287f02f94c3a9400f79766261f59ba383dd730792325ce3759be93208#1123831,1775052323,24785229,0x6940f85287f02f94c3a9400f79766261f59ba383dd730792325ce3759be93208,52,0x8ad599c3a0ff1de082011efddc58f1908eb6e6d8,3000.0,0.0,278950601.0,,,0xca1e6cce755f9b276ebcf60532e91b1d6804486d,0xc36442b4a4522e871399cd717abdd847ab11fe88,0xa0b86991c6218b36c1d19d4a2e9eb0ce3606eb48,USDC,6,0xc02aaa39b223fe8d0a0e5c4f27ead9083c756cc2,WETH,18,1.575802,0.000324144542731228,2.261976077864933,86537117342.0,,,195960.0,209820.0,2026-04-01T14:05:23+00:00
swap,0x7f4cb2e3818714171bc2023494b97ffecdda9acef80e1d2982ad06834db196b4#1123827,1775052347,24785231,0x7f4cb2e3818714171bc2023494b97ffecdda9acef80e1d2982ad06834db196b4,664,0x8ad599c3a0ff1de082011efddc58f1908eb6e6d8,3000.0,0.0,251189848.0,0xd226997439ecfbeff8e110c8c78c8a7eefd19f89,0xd226997439ecfbeff8e110c8c78c8a7eefd19f89,0xae0cc0d6e76c2b13451ab90cd13a5fa71a5c59ba,,0xa0b86991c6218b36c1d19d4a2e9eb0ce3606eb48,USDC,6,0xc02aaa39b223fe8d0a0e5c4f27ead9083c756cc2,WETH,18,0.337988,-0.000159184507363875,0.33748099908756407,,1.7219945985274627e+33,199743.0,,,2026-04-01T14:05:47+00:00
burn,0xd8c8c09ce61a9aaecc966650383d1794f79cc374fec2ad90323b23a0ea609b08#1123833,1775052347,24785231,0xd8c8c09ce61a9aaecc966650383d1794f79cc374fec2ad90323b23a0ea609b08,1120,0x8ad599c3a0ff1de082011efddc58f1908eb6e6d8,3000.0,0.0,251289848.0,,,0x28fc05945f49aee500fc6dceaa0b7ad870309b0f,0xc36442b4a4522e871399cd717abdd847ab11fe88,0xa0b86991c6218b36c1d19d4a2e9eb0ce3606eb48,USDC,6,0xc02aaa39b223fe8d0a0e5c4f27ead9083c756cc2,WETH,18,1.167916,0.000100568182154986,1.3808064587401365,25394117539.0,,,195720.0,356760.0,2026-04-01T14:05:47+00:00
burn,0xfe7f8a7d47f5b5f2890e1cdea814ad9a81ebd4ff30c34c93b701009a342dbd9c#1123834,1775052359,24785232,0xfe7f8a7d47f5b5f2890e1cdea814ad9a81ebd4ff30c34c93b701009a342dbd9c,1066,0x8ad599c3a0ff1de082011efddc58f1908eb6e6d8,3000.0,0.0,272049565.0,,,0x0830d434746ee4fb5845267ae5da11ab3123c66d,0xc36442b4a4522e871399cd717abdd847ab11fe88,0xa0b86991c6218b36c1d19d4a2e9eb0ce3606eb48,USDC,6,0xc02aaa39b223fe8d0a0e5c4f27ead9083c756cc2,WETH,18,1.558308,0.000332811930853415,2.262829878742753,86369880939.0,,,195840.0,209700.0,2026-04-01T14:05:59+00:00
swap,0xc8c2b80ed033b3ca36d65652eaab5dd38472ccce2f4d1d51e778f861815427f0#1123830,1775052395,24785235,0xc8c2b80ed033b3ca36d65652eaab5dd38472ccce2f4d1d51e778f861815427f0,879,0x8ad599c3a0ff1de082011efddc58f1908eb6e6d8,3000.0,0.0,261231663.0,0x99719e434ec7e5bf587599e4ca55817b3baceb8a,0x99719e434ec7e5bf587599e4ca55817b3baceb8a,0xc36ac214a6c250a3ee68f7493da56a778f161680,,0xa0b86991c6218b36c1d19d4a2e9eb0ce3606eb48,USDC,6,0xc02aaa39b223fe8d0a0e5c4f27ead9083c756cc2,WETH,18,0.248148,-0.000116871700206794,0.24777549950816496,,1.7219945916808458e+33,199743.0,,,2026-04-01T14:06:35+00:00
burn,0x5cdb7b149b7f5e29ef42a5365d7c872ec09eee4e07b784bc1767702d833350bb#1123836,1775052395,24785235,0x5cdb7b149b7f5e29ef42a5365d7c872ec09eee4e07b784bc1767702d833350bb,1638,0x8ad599c3a0ff1de082011efddc58f1908eb6e6d8,3000.0,0.0,261331663.0,,,0x4fbe804fe264802ee3332687f56abe755c265b94,0xc36442b4a4522e871399cd717abdd847ab11fe88,0xa0b86991c6218b36c1d19d4a2e9eb0ce3606eb48,USDC,6,0xc02aaa39b223fe8d0a0e5c4f27ead9083c756cc2,WETH,18,1.15787,9.9714877251372e-05,1.368954119004487,25178653072.0,,,195720.0,351480.0,2026-04-01T14:06:35+00:00
burn,0x90e938b5af859010fd5486e0b504893156e1b42c3db9c093adce1ec21eca7a70#1123837,1775052407,24785236,0x90e938b5af859010fd5486e0b504893156e1b42c3db9c093adce1ec21eca7a70,638,0x8ad599c3a0ff1de082011efddc58f1908eb6e6d8,3000.0,0.0,292416123.0,,,0xfe3766d4b8f8bf029d4fe4d355be152f9c67eb90,0xc36442b4a4522e871399cd717abdd847ab11fe88,0xa0b86991c6218b36c1d19d4a2e9eb0ce3606eb48,USDC,6,0xc02aaa39b223fe8d0a0e5c4f27ead9083c756cc2,WETH,18,1.540333,0.000336686362913472,2.253056580025641,86177502434.0,,,195780.0,209580.0,2026-04-01T14:06:47+00:00
burn,0xc105c656a63a6f1df9ca0d7dd04310b10d87b6af9a333235082de1a9cde4a4fb#1123838,1775052443,24785239,0xc105c656a63a6f1df9ca0d7dd04310b10d87b6af9a333235082de1a9cde4a4fb,910,0x8ad599c3a0ff1de082011efddc58f1908eb6e6d8,3000.0,0.0,266028294.0,,,0xa891022919e40e9d6ff50dd027c07d9b37e97dcf,0xc36442b4a4522e871399cd717abdd847ab11fe88,0xa0b86991c6218b36c1d19d4a2e9eb0ce3606eb48,USDC,6,0xc02aaa39b223fe8d0a0e5c4f27ead9083c756cc2,WETH,18,1.562839,0.000340002500180351,2.282582434362045,87026293650.0,,,195780.0,209640.0,2026-04-01T14:07:23+00:00
burn,0x11275d13427a21dc9d6365d4c7c1ce364f021cf83ba620dc451318458094388e#1123839,1775052455,24785240,0x11275d13427a21dc9d6365d4c7c1ce364f021cf83ba620dc451318458094388e,382,0x8ad599c3a0ff1de082011efddc58f1908eb6e6d8,3000.0,0.0,276855965.0,,,0x5c33052e154964da3d26c8b8610d508df050476e,0xc36442b4a4522e871399cd717abdd847ab11fe88,0xa0b86991c6218b36c1d19d4a2e9eb0ce3606eb48,USDC,6,0xc02aaa39b223fe8d0a0e5c4f27ead9083c756cc2,WETH,18,1.52411,0.000343859694693816,2.2520186402786226,85675025589.0,,,195660.0,209520.0,2026-04-01T14:07:35+00:00
swap,0x066b74dbfca96386a0150ba0b22996ef17c7e85cfc0d1ed8f321edf69dfa7b85#1123835,1775052947,24785281,0x066b74dbfca96386a0150ba0b22996ef17c7e85cfc0d1ed8f321edf69dfa7b85,80,0x8ad599c3a0ff1de082011efddc58f1908eb6e6d8,3000.0,0.0,5780872731.0,0xbdb3ba9ffe392549e1f8658dd2630c141fdf47b6,0xbdb3ba9ffe392549e1f8658dd2630c141fdf47b6,0x5b43453fce04b92e190f391a83136bfbecedefd1,,0xa0b86991c6218b36c1d19d4a2e9eb0ce3606eb48,USDC,6,0xc02aaa39b223fe8d0a0e5c4f27ead9083c756cc2,WETH,18,3827.325485,-1.802471150867604,3821.4675024294247,,1.7218889986939392e+33,199742.0,,,2026-04-01T14:15:47+00:00
swap,0x41992a4df74604e6e7993c4062a3f3206303b948fba9ed5fafff8d9d0d8014fb#1123836,1775052959,24785282,0x41992a4df74604e6e7993c4062a3f3206303b948fba9ed5fafff8d9d0d8014fb,116,0x8ad599c3a0ff1de082011efddc58f1908eb6e6d8,3000.0,0.0,238781078.0,0x51c72848c68a965f66fa7a88855f9f7784502a7f,0x51c72848c68a965f66fa7a88855f9f7784502a7f,0x5c4b1c037faa35b0cd1e97ecbbae33140784f1ff,,0xa0b86991c6218b36c1d19d4a2e9eb0ce3606eb48,USDC,6,0xc02aaa39b223fe8d0a0e5c4f27ead9083c756cc2,WETH,18,11217.850122,-5.28175137260095,11200.019436985333,,1.7215802553680397e+33,199738.0,,,2026-04-01T14:15:59+00:00
swap,0x0f2e7a1cf6c0175052ff7710ddde101fd565b062401e7060fff68894e7fb1702#1123837,1775053007,24785286,0x0f2e7a1cf6c0175052ff7710ddde101fd565b062401e7060fff68894e7fb1702,140,0x8ad599c3a0ff1de082011efddc58f1908eb6e6d8,3000.0,0.0,247684295.0,0xd226997439ecfbeff8e110c8c78c8a7eefd19f89,0xd226997439ecfbeff8e110c8c78c8a7eefd19f89,0x970df0f4bd124df46b1dee31329f7444f9e66b68,,0xa0b86991c6218b36c1d19d4a2e9eb0ce3606eb48,USDC,6,0xc02aaa39b223fe8d0a0e5c4f27ead9083c756cc2,WETH,18,0.811063,-0.000381807702607743,0.8098459947728454,,1.721580233110701e+33,199738.0,,,2026-04-01T14:16:47+00:00
swap,0x6c877ae8244110825ddd8143b88fc06ef69eec9ab8e7404165a371e9aad0b1c2#1123838,1775053115,24785295,0x6c877ae8244110825ddd8143b88fc06ef69eec9ab8e7404165a371e9aad0b1c2,233,0x8ad599c3a0ff1de082011efddc58f1908eb6e6d8,3000.0,0.0,264965987.0,0x99719e434ec7e5bf587599e4ca55817b3baceb8a,0x99719e434ec7e5bf587599e4ca55817b3baceb8a,0xc36ac214a6c250a3ee68f7493da56a778f161680,,0xa0b86991c6218b36c1d19d4a2e9eb0ce3606eb48,USDC,6,0xc02aaa39b223fe8d0a0e5c4f27ead9083c756cc2,WETH,18,0.306182,-0.000144135026873234,0.3057224992550707,,1.721580224708403e+33,199738.0,,,2026-04-01T14:18:35+00:00
swap,0x6b7ba4e35633701d39369ad775e19c58e5faa6c1fb82ed1230924e44c4dd181a#1123839,1775053139,24785297,0x6b7ba4e35633701d39369ad775e19c58e5faa6c1fb82ed1230924e44c4dd181a,537,0x8ad599c3a0ff1de082011efddc58f1908eb6e6d8,3000.0,0.0,260048836.0,0x68b3465833fb72a70ecdf485e0e4c7bd8665fc45,0x9f86ef75c99e2d1d086371a82672bc898b78fb50,0x9f86ef75c99e2d1d086371a82672bc898b78fb50,,0xa0b86991c6218b36c1d19d4a2e9eb0ce3606eb48,USDC,6,0xc02aaa39b223fe8d0a0e5c4f27ead9083c756cc2,WETH,18,56.0,-0.026361988179621824,55.915975080884095,,1.721578687946075e+33,199738.0,,,2026-04-01T14:18:59+00:00
swap,0xef603312c3a54df536bdd2634c31bc1c4a52be5fef423ad4ed608d7786f792a4#1123840,1775053343,24785314,0xef603312c3a54df536bdd2634c31bc1c4a52be5fef423ad4ed608d7786f792a4,49,0x8ad599c3a0ff1de082011efddc58f1908eb6e6d8,3000.0,0.0,26840761703.0,0xbdb3ba9ffe392549e1f8658dd2630c141fdf47b6,0xbdb3ba9ffe392549e1f8658dd2630c141fdf47b6,0x5b43453fce04b92e190f391a83136bfbecedefd1,,0xa0b86991c6218b36c1d19d4a2e9eb0ce3606eb48,USDC,6,0xc02aaa39b223fe8d0a0e5c4f27ead9083c756cc2,WETH,18,15978.743693,-7.52006812196508,15952.74728146331,,1.721140308362696e+33,199733.0,,,2026-04-01T14:22:23+00:00
swap,0xa8a385bb381614bb53f7934cd1baeb391eb1610cff1fecaafdf6c70523bcf6fd#1123841,1775053355,24785315,0xa8a385bb381614bb53f7934cd1baeb391eb1610cff1fecaafdf6c70523bcf6fd,45,0x8ad599c3a0ff1de082011efddc58f1908eb6e6d8,3000.0,0.0,242633626.0,0x51c72848c68a965f66fa7a88855f9f7784502a7f,0x51c72848c68a965f66fa7a88855f9f7784502a7f,0x67bdbd574ca9c437a783090dcd86b7212ca9b2fc,,0xa0b86991c6218b36c1d19d4a2e9eb0ce3606eb48,USDC,6,0xc02aaa39b223fe8d0a0e5c4f27ead9083c756cc2,WETH,18,15596.745819,-7.336596021776187,15571.418704848293,,1.720712624217382e+33,199728.0,,,2026-04-01T14:22:35+00:00
swap,0xe6e7a81d428028b07e2426eb2f9ce86dcd77f8d2ba4dfc752686531b2ea4d6fa#1123842,1775053847,24785356,0xe6e7a81d428028b07e2426eb2f9ce86dcd77f8d2ba4dfc752686531b2ea4d6fa,33,0x8ad599c3a0ff1de082011efddc58f1908eb6e6d8,3000.0,0.0,270926557.0,0x51c72848c68a965f66fa7a88855f9f7784502a7f,0x51c72848c68a965f66fa7a88855f9f7784502a7f,0x115d0a42f5dd6fabf392edd0831932875b3ffb22,,0xa0b86991c6218b36c1d19d4a2e9eb0ce3606eb48,USDC,6,0xc02aaa39b223fe8d0a0e5c4f27ead9083c756cc2,WETH,18,18377.528237,-8.639978065206638,18347.280399427684,,1.7202089598990275e+33,199722.0,,,2026-04-01T14:30:47+00:00
swap,0x3cd33de50de76f9079d2372a3cdb0e44ee920570290ab78def519c207c1a159c#1123843,1775053871,24785358,0x3cd33de50de76f9079d2372a3cdb0e44ee920570290ab78def519c207c1a159c,255,0x8ad599c3a0ff1de082011efddc58f1908eb6e6d8,3000.0,0.0,703159459.0,0x51c72848c68a965f66fa7a88855f9f7784502a7f,0x51c72848c68a965f66fa7a88855f9f7784502a7f,0xe4cb1cc4a206766b891e612ddc0e044306cb45ab,,0xa0b86991c6218b36c1d19d4a2e9eb0ce3606eb48,USDC,6,0xc02aaa39b223fe8d0a0e5c4f27ead9083c756cc2,WETH,18,4589.642994,-2.1569772300729455,4582.5912907288275,,1.720083219711021e+33,199721.0,,,2026-04-01T14:31:11+00:00
swap,0x39f95d2bdfcad2be9a56dab36c046611bd999c6e3ae0373f76e370922ed3bac9#1123844,1775053883,24785359,0x39f95d2bdfcad2be9a56dab36c046611bd999c6e3ae0373f76e370922ed3bac9,91,0x8ad599c3a0ff1de082011efddc58f1908eb6e6d8,3000.0,0.0,843826650.0,0x7cda585e917fecb3a33c6d5a8f8a15dd956694dc,0x01989c93890aed05a63d179b03424997075b6acf,0x1e362ac23e70acc73dd10343241f580868074e21,,0xa0b86991c6218b36c1d19d4a2e9eb0ce3606eb48,USDC,6,0xc02aaa39b223fe8d0a0e5c4f27ead9083c756cc2,WETH,18,4498.552955,-2.1138620025552575,4491.6444706955845,,1.7199599929092194e+33,199719.0,,,2026-04-01T14:31:23+00:00
swap,0xea97a4a56c5f47b47ab8c4c2cd25a082999e5bdfcc831a6ede7828fde1b02f67#1123845,1775053907,24785361,0xea97a4a56c5f47b47ab8c4c2cd25a082999e5bdfcc831a6ede7828fde1b02f67,116,0x8ad599c3a0ff1de082011efddc58f1908eb6e6d8,3000.0,0.0,309472074.0,0x06cff7088619c7178f5e14f0b119458d08d2f5ef,0x06cff7088619c7178f5e14f0b119458d08d2f5ef,0xd7e1236c08731c3632519dcd1a581bfe6876a3b2,,0xa0b86991c6218b36c1d19d4a2e9eb0ce3606eb48,USDC,6,0xc02aaa39b223fe8d0a0e5c4f27ead9083c756cc2,WETH,18,1.135012,-0.000533301440096644,1.1333089897730007,,1.7199599618206094e+33,199719.0,,,2026-04-01T14:31:47+00:00
swap,0xb81cf46937e5e37349bd44db0237d4f65b5822d93580d91ee033682978df5fdf#1123846,1775053979,24785367,0xb81cf46937e5e37349bd44db0237d4f65b5822d93580d91ee033682978df5fdf,656,0x8ad599c3a0ff1de082011efddc58f1908eb6e6d8,3000.0,0.0,264877498.0,0x63242a4ea82847b20e506b63b0e2e2eff0cc6cb0,0x63242a4ea82847b20e506b63b0e2e2eff0cc6cb0,0xafd1a7f5a696abb6bc292b24dd438fe970d3d31b,,0xa0b86991c6218b36c1d19d4a2e9eb0ce3606eb48,USDC,6,0xc02aaa39b223fe8d0a0e5c4f27ead9083c756cc2,WETH,18,7000.0,-3.2886851308093896,6989.111048272288,,1.7197682491400692e+33,199717.0,,,2026-04-01T14:32:59+00:00
swap,0x3a2899bfb5edbce3babadcae3237f0e8e8d1c4afd2f515de09dcd59d2a3f552c#1123847,1775054111,24785378,0x3a2899bfb5edbce3babadcae3237f0e8e8d1c4afd2f515de09dcd59d2a3f552c,407,0x8ad599c3a0ff1de082011efddc58f1908eb6e6d8,3000.0,0.0,305658114.0,0x15893515f06036b37775cef10477fb4b85be3ee6,0x15893515f06036b37775cef10477fb4b85be3ee6,0x06a2d004a003250f6fc7bc0687182c46826edd54,,0xa0b86991c6218b36c1d19d4a2e9eb0ce3606eb48,USDC,6,0xc02aaa39b223fe8d0a0e5c4f27ead9083c756cc2,WETH,18,-3455.450335,1.6331051606230804,3460.744748634144,,1.7198631647962137e+33,199718.0,,,2026-04-01T14:35:11+00:00
swap,0xbc68ee5be9a4a2b4c60b7a662e79bb6bc2c22864c2fe74ab538b8d930283622e#1123848,1775054135,24785380,0xbc68ee5be9a4a2b4c60b7a662e79bb6bc2c22864c2fe74ab538b8d930283622e,184,0x8ad599c3a0ff1de082011efddc58f1908eb6e6d8,3000.0,0.0,319068871.0,0x15893515f06036b37775cef10477fb4b85be3ee6,0x15893515f06036b37775cef10477fb4b85be3ee6,0x06a2d004a003250f6fc7bc0687182c46826edd54,,0xa0b86991c6218b36c1d19d4a2e9eb0ce3606eb48,USDC,6,0xc02aaa39b223fe8d0a0e5c4f27ead9083c756cc2,WETH,18,-2322.992116,1.0979872938019486,2326.5303159613236,,1.7199269795381804e+33,199719.0,,,2026-04-01T14:35:35+00:00
swap,0x32a5ece792deba07e28b8726db9b64bae11f214629e4e84f2eaf5bd3cc77e11f#1123849,1775054171,24785383,0x32a5ece792deba07e28b8726db9b64bae11f214629e4e84f2eaf5bd3cc77e11f,158,0x8ad599c3a0ff1de082011efddc58f1908eb6e6d8,3000.0,0.0,2334190833.0,0xe592427a0aece92de3edee1f18e0157c05861564,0x9dcd6310ad3d2d24b1d2cb6600261928c1b9d642,0x6e1e257901da3af584762a4b410116d2a67af9fa,,0xa0b86991c6218b36c1d19d4a2e9eb0ce3606eb48,USDC,6,0xc02aaa39b223fe8d0a0e5c4f27ead9083c756cc2,WETH,18,-918.711917,0.43426158737369225,920.100892957836,,1.719952218711075e+33,199719.0,,,2026-04-01T14:36:11+00:00
swap,0x32a5ece792deba07e28b8726db9b64bae11f214629e4e84f2eaf5bd3cc77e11f#1123850,1775054171,24785383,0x32a5ece792deba07e28b8726db9b64bae11f214629e4e84f2eaf5bd3cc77e11f,165,0x8ad599c3a0ff1de082011efddc58f1908eb6e6d8,3000.0,0.0,2334190833.0,0xe592427a0aece92de3edee1f18e0157c05861564,0x9dcd6310ad3d2d24b1d2cb6600261928c1b9d642,0x6e1e257901da3af584762a4b410116d2a67af9fa,,0xa0b86991c6218b36c1d19d4a2e9eb0ce3606eb48,USDC,6,0xc02aaa39b223fe8d0a0e5c4f27ead9083c756cc2,WETH,18,-20.083944,0.009493527182252577,20.114164230509378,,1.7199527704724575e+33,199719.0,,,2026-04-01T14:36:11+00:00
swap,0x872618dcac5595d124479c17ca706d0c4543acfc7e4c6c624cb9fc712b255f23#1123851,1775054183,24785384,0x872618dcac5595d124479c17ca706d0c4543acfc7e4c6c624cb9fc712b255f23,92,0x8ad599c3a0ff1de082011efddc58f1908eb6e6d8,3000.0,0.0,9878440025.0,0xbdb3ba9ffe392549e1f8658dd2630c141fdf47b6,0xbdb3ba9ffe392549e1f8658dd2630c141fdf47b6,0x5b43453fce04b92e190f391a83136bfbecedefd1,,0xa0b86991c6218b36c1d19d4a2e9eb0ce3606eb48,USDC,6,0xc02aaa39b223fe8d0a0e5c4f27ead9083c756cc2,WETH,18,-5006.567319,2.3667561217345314,5014.300573283617,,1.7200903257356736e+33,199721.0,,,2026-04-01T14:36:23+00:00
swap,0xc30970d4445c6aec8945bf337bed3b62d978cbfb3c10e17939f97c83d8a94ced#1123852,1775054255,24785390,0xc30970d4445c6aec8945bf337bed3b62d978cbfb3c10e17939f97c83d8a94ced,377,0x8ad599c3a0ff1de082011efddc58f1908eb6e6d8,3000.0,0.0,353395938.0,0x15893515f06036b37775cef10477fb4b85be3ee6,0x15893515f06036b37775cef10477fb4b85be3ee6,0x06a2d004a003250f6fc7bc0687182c46826edd54,,0xa0b86991c6218b36c1d19d4a2e9eb0ce3606eb48,USDC,6,0xc02aaa39b223fe8d0a0e5c4f27ead9083c756cc2,WETH,18,-2175.770364,1.0286706115590554,2179.0817660977546,,1.7201501118097163e+33,199721.0,,,2026-04-01T14:37:35+00:00
swap,0x811c857e8a4871e05b54ccbb20c68197d8d75fc1326cc663ca8b3eaeb0232e27#1123853,1775054927,24785446,0x811c857e8a4871e05b54ccbb20c68197d8d75fc1326cc663ca8b3eaeb0232e27,316,0x8ad599c3a0ff1de082011efddc58f1908eb6e6d8,3000.0,0.0,287400739.0,0x06cff7088619c7178f5e14f0b119458d08d2f5ef,0x06cff7088619c7178f5e14f0b119458d08d2f5ef,0xd7e1236c08731c3632519dcd1a581bfe6876a3b2,,0xa0b86991c6218b36c1d19d4a2e9eb0ce3606eb48,USDC,6,0xc02aaa39b223fe8d0a0e5c4f27ead9083c756cc2,WETH,18,0.334781,-0.00015733619098163,0.33427849911015134,,1.7201501026378614e+33,199721.0,,,2026-04-01T14:48:47+00:00
burn,0x423c0c8b128c40ed8e62d39aa017b5a41bc80b592adb44b9ed9aef2ce1383afa#1123859,1775055011,24785453,0x423c0c8b128c40ed8e62d39aa017b5a41bc80b592adb44b9ed9aef2ce1383afa,387,0x8ad599c3a0ff1de082011efddc58f1908eb6e6d8,3000.0,0.0,323877256.0,,,0xd5f7c0297be3757a9683092c79f929afd8c20736,0xc36442b4a4522e871399cd717abdd847ab11fe88,0xa0b86991c6218b36c1d19d4a2e9eb0ce3606eb48,USDC,6,0xc02aaa39b223fe8d0a0e5c4f27ead9083c756cc2,WETH,18,0.0,0.0,0.0,0.0,,,199320.0,200100.0,2026-04-01T14:50:11+00:00
mint,0x64709279889e9f33e0d71fcb1d6b75957087e180a02fbe519dc67c55d8be9fd5#1123855,1775055035,24785455,0x64709279889e9f33e0d71fcb1d6b75957087e180a02fbe519dc67c55d8be9fd5,111,0x8ad599c3a0ff1de082011efddc58f1908eb6e6d8,3000.0,0.0,357760454.0,0xc36442b4a4522e871399cd717abdd847ab11fe88,,0x05854d0c70d2f696fb3d9c0863100956b795e2ff,0xc36442b4a4522e871399cd717abdd847ab11fe88,0xa0b86991c6218b36c1d19d4a2e9eb0ce3606eb48,USDC,6,0xc02aaa39b223fe8d0a0e5c4f27ead9083c756cc2,WETH,18,2.411385,0.000917595028346117,4.357988625672192,979915197800.0,,,198840.0,200820.0,2026-04-01T14:50:35+00:00
swap,0x6714831631c5d7ea257ef00d5b103a2ef7daf459281c99f521fbb037df01ed11#1123856,1775055215,24785470,0x6714831631c5d7ea257ef00d5b103a2ef7daf459281c99f521fbb037df01ed11,22,0x8ad599c3a0ff1de082011efddc58f1908eb6e6d8,3000.0,0.0,336528252.0,0x51c72848c68a965f66fa7a88855f9f7784502a7f,0x51c72848c68a965f66fa7a88855f9f7784502a7f,0xe4cb1cc4a206766b891e612ddc0e044306cb45ab,,0xa0b86991c6218b36c1d19d4a2e9eb0ce3606eb48,USDC,6,0xc02aaa39b223fe8d0a0e5c4f27ead9083c756cc2,WETH,18,9034.477382,-4.24530825877553,9020.277718752552,,1.7199026241451422e+33,199718.0,,,2026-04-01T14:53:35+00:00
swap,0xe689d8b8fa68882373764e5f085dfb0325747e8ae4a4c671ff7dfdf187af85e8#1123857,1775055227,24785471,0xe689d8b8fa68882373764e5f085dfb0325747e8ae4a4c671ff7dfdf187af85e8,31,0x8ad599c3a0ff1de082011efddc58f1908eb6e6d8,3000.0,0.0,326794692.0,0x51c72848c68a965f66fa7a88855f9f7784502a7f,0x51c72848c68a965f66fa7a88855f9f7784502a7f,0xf72837a9fce033d57094f52e4f88f129502fa067,,0xa0b86991c6218b36c1d19d4a2e9eb0ce3606eb48,USDC,6,0xc02aaa39b223fe8d0a0e5c4f27ead9083c756cc2,WETH,18,5531.171205,-2.598499027725175,5522.631602983754,,1.7197511457168362e+33,199717.0,,,2026-04-01T14:53:47+00:00
swap,0x05fb99e79554da639fe734122a17f8b5e6ce553ca32811d2dde8db9cedfadea2#1123858,1775055251,24785473,0x05fb99e79554da639fe734122a17f8b5e6ce553ca32811d2dde8db9cedfadea2,18,0x8ad599c3a0ff1de082011efddc58f1908eb6e6d8,3000.0,0.0,317146520.0,0x51c72848c68a965f66fa7a88855f9f7784502a7f,0x51c72848c68a965f66fa7a88855f9f7784502a7f,0x6f0a91ef8adeb54db0e63be507747ab9a31d3926,,0xa0b86991c6218b36c1d19d4a2e9eb0ce3606eb48,USDC,6,0xc02aaa39b223fe8d0a0e5c4f27ead9083c756cc2,WETH,18,19947.128351,-9.367197313183743,19914.050343548206,,1.71920508881572e+33,199710.0,,,2026-04-01T14:54:11+00:00
burn,0x99135a2af24598a0e3afe3017fcafab3e0f1deee66aa5567198345d548d0541f#1123864,1775055815,24785520,0x99135a2af24598a0e3afe3017fcafab3e0f1deee66aa5567198345d548d0541f,293,0x8ad599c3a0ff1de082011efddc58f1908eb6e6d8,3000.0,0.0,404932569.0,,,0xd5f7c0297be3757a9683092c79f929afd8c20736,0xc36442b4a4522e871399cd717abdd847ab11fe88,0xa0b86991c6218b36c1d19d4a2e9eb0ce3606eb48,USDC,6,0xc02aaa39b223fe8d0a0e5c4f27ead9083c756cc2,WETH,18,0.0,0.0,0.0,0.0,,,199320.0,200100.0,2026-04-01T15:03:35+00:00
burn,0x9a9c8188c605e26de90b3d30681927e60ea8e2233d64f4bfdafae856f9ca8991#1123865,1775055827,24785521,0x9a9c8188c605e26de90b3d30681927e60ea8e2233d64f4bfdafae856f9ca8991,332,0x8ad599c3a0ff1de082011efddc58f1908eb6e6d8,3000.0,0.0,400973814.0,,,0xd5f7c0297be3757a9683092c79f929afd8c20736,0xc36442b4a4522e871399cd717abdd847ab11fe88,0xa0b86991c6218b36c1d19d4a2e9eb0ce3606eb48,USDC,6,0xc02aaa39b223fe8d0a0e5c4f27ead9083c756cc2,WETH,18,14009.39464,6.623388227153391,28075.828331065728,1.5774844478610172e+16,,,199320.0,200100.0,2026-04-01T15:03:47+00:00
swap,0xf8e83038f9184d8734e92a787493a88eaea0afca418ba118703e77c895453e4c#1123861,1775055983,24785534,0xf8e83038f9184d8734e92a787493a88eaea0afca418ba118703e77c895453e4c,433,0x8ad599c3a0ff1de082011efddc58f1908eb6e6d8,3000.0,0.0,319918946.0,0xbdb3ba9ffe392549e1f8658dd2630c141fdf47b6,0xbdb3ba9ffe392549e1f8658dd2630c141fdf47b6,0x497a169e37064d92e018d363c86eb3611ec08963,,0xa0b86991c6218b36c1d19d4a2e9eb0ce3606eb48,USDC,6,0xc02aaa39b223fe8d0a0e5c4f27ead9083c756cc2,WETH,18,718.826527,-0.33745077820469216,717.7441383349548,,1.7191851862562016e+33,199710.0,,,2026-04-01T15:06:23+00:00
mint,0x1b1ac3940e564a85c1c5283e67c2110899c8a339d2138b3f4eac0a27286d33d3#1123862,1775056103,24785544,0x1b1ac3940e564a85c1c5283e67c2110899c8a339d2138b3f4eac0a27286d33d3,240,0x8ad599c3a0ff1de082011efddc58f1908eb6e6d8,3000.0,0.0,388444939.0,0xc36442b4a4522e871399cd717abdd847ab11fe88,,0xd5f7c0297be3757a9683092c79f929afd8c20736,0xc36442b4a4522e871399cd717abdd847ab11fe88,0xa0b86991c6218b36c1d19d4a2e9eb0ce3606eb48,USDC,6,0xc02aaa39b223fe8d0a0e5c4f27ead9083c756cc2,WETH,18,14034.981978,6.631048344291392,28118.009923244445,1.8642891208328464e+16,,,199380.0,200040.0,2026-04-01T15:08:23+00:00
swap,0x26afd036b3bc3c7b1aff09f498282e494409bad7dd222f2c5f57541dfab94566#1123863,1775056163,24785549,0x26afd036b3bc3c7b1aff09f498282e494409bad7dd222f2c5f57541dfab94566,161,0x8ad599c3a0ff1de082011efddc58f1908eb6e6d8,3000.0,0.0,311664475.0,0xd226997439ecfbeff8e110c8c78c8a7eefd19f89,0xd226997439ecfbeff8e110c8c78c8a7eefd19f89,0x834d10cef4e5a75d3edddcbb1c5a94f8094e5713,,0xa0b86991c6218b36c1d19d4a2e9eb0ce3606eb48,USDC,6,0xc02aaa39b223fe8d0a0e5c4f27ead9083c756cc2,WETH,18,0.855649,-0.00040167696384287,0.8543654942026732,,1.7191851628899175e+33,199710.0,,,2026-04-01T15:09:23+00:00
burn,0xd6c851c4118870bf845dccc38a54a4c532667a9d7ea9e7549f2680cac2285a0f#1123869,1775056619,24785587,0xd6c851c4118870bf845dccc38a54a4c532667a9d7ea9e7549f2680cac2285a0f,106,0x8ad599c3a0ff1de082011efddc58f1908eb6e6d8,3000.0,0.0,2356735492.0,,,0x65b1676ead65f44dcc7a3c43cbb21a6c1738f90a,0xc36442b4a4522e871399cd717abdd847ab11fe88,0xa0b86991c6218b36c1d19d4a2e9eb0ce3606eb48,USDC,6,0xc02aaa39b223fe8d0a0e5c4f27ead9083c756cc2,WETH,18,92.523662,0.023413592463472126,142.24947740725256,10401248244487.0,,,197520.0,204000.0,2026-04-01T15:16:59+00:00
swap,0xc6040636711befcabfc77b323f2f30ccb669de2ac1724998ec4ac6f0b1ce5328#1123865,1775057015,24785619,0xc6040636711befcabfc77b323f2f30ccb669de2ac1724998ec4ac6f0b1ce5328,23,0x8ad599c3a0ff1de082011efddc58f1908eb6e6d8,3000.0,0.0,13991847984.0,0x51c72848c68a965f66fa7a88855f9f7784502a7f,0x51c72848c68a965f66fa7a88855f9f7784502a7f,0xb36ce3f521a1ff4b0cffb82ddd71f0a51fcf56ce,,0xa0b86991c6218b36c1d19d4a2e9eb0ce3606eb48,USDC,6,0xc02aaa39b223fe8d0a0e5c4f27ead9083c756cc2,WETH,18,23108.998195,-10.844337579573615,23070.107595791986,,1.7185543231114013e+33,199703.0,,,2026-04-01T15:23:35+00:00
swap,0xe7228009d02f40b50b2fb430122676b0f5d0b3b23b9c2cf0327eb29eb8e02109#1123866,1775057039,24785621,0xe7228009d02f40b50b2fb430122676b0f5d0b3b23b9c2cf0327eb29eb8e02109,25,0x8ad599c3a0ff1de082011efddc58f1908eb6e6d8,3000.0,0.0,360209337.0,0x51c72848c68a965f66fa7a88855f9f7784502a7f,0x51c72848c68a965f66fa7a88855f9f7784502a7f,0xff5910ab899d4d8ca4ff3b99f93a62bddbeda77e,,0xa0b86991c6218b36c1d19d4a2e9eb0ce3606eb48,USDC,6,0xc02aaa39b223fe8d0a0e5c4f27ead9083c756cc2,WETH,18,4215.397827,-1.9772975070227454,4208.934083630525,,1.718439299218772e+33,199701.0,,,2026-04-01T15:23:59+00:00
swap,0xd5c1277237ea0fe7bdde6fb1c3a217172b39812d17320c99c47b8e376932c9b2#1123867,1775057051,24785622,0xd5c1277237ea0fe7bdde6fb1c3a217172b39812d17320c99c47b8e376932c9b2,110,0x8ad599c3a0ff1de082011efddc58f1908eb6e6d8,3000.0,0.0,354627568.0,0xeff6cb8b614999d130e537751ee99724d01aa167,0xeff6cb8b614999d130e537751ee99724d01aa167,0xf8a3e41334c726a13becba2be7134c73fa5cc8ab,,0xa0b86991c6218b36c1d19d4a2e9eb0ce3606eb48,USDC,6,0xc02aaa39b223fe8d0a0e5c4f27ead9083c756cc2,WETH,18,6905.553365,-3.238584653118549,6894.8176354881525,,1.718250903384514e+33,199699.0,,,2026-04-01T15:24:11+00:00
swap,0x0309c85d3b2d7fb9fddf9b6b42d29c77976cdec49a9d12badd8a10e3aa8a360e#1123868,1775057123,24785628,0x0309c85d3b2d7fb9fddf9b6b42d29c77976cdec49a9d12badd8a10e3aa8a360e,23,0x8ad599c3a0ff1de082011efddc58f1908eb6e6d8,3000.0,0.0,280071006.0,0x51c72848c68a965f66fa7a88855f9f7784502a7f,0x51c72848c68a965f66fa7a88855f9f7784502a7f,0x17fb4a31b8a468cd5be0ea6e037781eb5f19643e,,0xa0b86991c6218b36c1d19d4a2e9eb0ce3606eb48,USDC,6,0xc02aaa39b223fe8d0a0e5c4f27ead9083c756cc2,WETH,18,27669.254712,-12.969280441217116,27621.694521320645,,1.7174964508473244e+33,199690.0,,,2026-04-01T15:25:23+00:00
swap,0x5da6c964f1ce072050e4681c94bdb45357396891ec49de36fca8814ab5fce9e9#1123869,1775057807,24785685,0x5da6c964f1ce072050e4681c94bdb45357396891ec49de36fca8814ab5fce9e9,400,0x8ad599c3a0ff1de082011efddc58f1908eb6e6d8,3000.0,0.0,436190549.0,0xbdb3ba9ffe392549e1f8658dd2630c141fdf47b6,0xbdb3ba9ffe392549e1f8658dd2630c141fdf47b6,0x93793bd1f3e35a0efd098c30e486a860a0ef7551,,0xa0b86991c6218b36c1d19d4a2e9eb0ce3606eb48,USDC,6,0xc02aaa39b223fe8d0a0e5c4f27ead9083c756cc2,WETH,18,3013.147522,-1.411650924296127,3008.5559825394294,,1.71741433190277e+33,199689.0,,,2026-04-01T15:36:47+00:00
swap,0x5f1a260d6de83c16c68325134de7aa0567fb36a90633b79a36cf2ac14d4bc8e7#1123870,1775058539,24785745,0x5f1a260d6de83c16c68325134de7aa0567fb36a90633b79a36cf2ac14d4bc8e7,35,0x8ad599c3a0ff1de082011efddc58f1908eb6e6d8,3000.0,0.0,411062861.0,0x51c72848c68a965f66fa7a88855f9f7784502a7f,0x51c72848c68a965f66fa7a88855f9f7784502a7f,0x5c4b1c037faa35b0cd1e97ecbbae33140784f1ff,,0xa0b86991c6218b36c1d19d4a2e9eb0ce3606eb48,USDC,6,0xc02aaa39b223fe8d0a0e5c4f27ead9083c756cc2,WETH,18,2864.179306,-1.341734605392641,2859.818147721461,,1.7173362801494856e+33,199689.0,,,2026-04-01T15:48:59+00:00
swap,0xa05e24be4583af61b8c28b4f68f14ac4e42cb7b97648f4ef2113ae80c71c0041#1123871,1775058803,24785767,0xa05e24be4583af61b8c28b4f68f14ac4e42cb7b97648f4ef2113ae80c71c0041,467,0x8ad599c3a0ff1de082011efddc58f1908eb6e6d8,3000.0,0.0,451063072.0,0x06cff7088619c7178f5e14f0b119458d08d2f5ef,0x06cff7088619c7178f5e14f0b119458d08d2f5ef,0xd7e1236c08731c3632519dcd1a581bfe6876a3b2,,0xa0b86991c6218b36c1d19d4a2e9eb0ce3606eb48,USDC,6,0xc02aaa39b223fe8d0a0e5c4f27ead9083c756cc2,WETH,18,0.520327,-0.000243737876560576,0.5195464978584643,,1.717336265970699e+33,199689.0,,,2026-04-01T15:53:23+00:00
swap,0xbdf54491eff6ffb64aa5243131d8a6e04988be0ed30cf18b4dc3189f68cb62eb#1123872,1775058839,24785770,0xbdf54491eff6ffb64aa5243131d8a6e04988be0ed30cf18b4dc3189f68cb62eb,15,0x8ad599c3a0ff1de082011efddc58f1908eb6e6d8,3000.0,0.0,408165159.0,0x51c72848c68a965f66fa7a88855f9f7784502a7f,0x51c72848c68a965f66fa7a88855f9f7784502a7f,0x56fc0708725a65ebb633efdaec931c0600a9face,,0xa0b86991c6218b36c1d19d4a2e9eb0ce3606eb48,USDC,6,0xc02aaa39b223fe8d0a0e5c4f27ead9083c756cc2,WETH,18,38723.589631,-18.128236010944015,38653.65189738574,,1.716282189726035e+33,199676.0,,,2026-04-01T15:53:59+00:00
swap,0x3566ca00e14d4d4ee6f5082d8232a12e7d17dbfd6a369033b1b98921c3cadc0a#1123873,1775059763,24785847,0x3566ca00e14d4d4ee6f5082d8232a12e7d17dbfd6a369033b1b98921c3cadc0a,83,0x8ad599c3a0ff1de082011efddc58f1908eb6e6d8,3000.0,0.0,306583329.0,0x06cff7088619c7178f5e14f0b119458d08d2f5ef,0x06cff7088619c7178f5e14f0b119458d08d2f5ef,0xb19c265d240326578eeb346189ebd96ae84949a9,,0xa0b86991c6218b36c1d19d4a2e9eb0ce3606eb48,USDC,6,0xc02aaa39b223fe8d0a0e5c4f27ead9083c756cc2,WETH,18,4.183221,-0.001957150068904667,4.176945861907585,,1.7162820760725965e+33,199676.0,,,2026-04-01T16:09:23+00:00
burn,0x99d4dd3e6f9586046858585a14ed3214a740fefd7cbb0ba4f92548d267b2619a#1123879,1775060015,24785868,0x99d4dd3e6f9586046858585a14ed3214a740fefd7cbb0ba4f92548d267b2619a,86,0x8ad599c3a0ff1de082011efddc58f1908eb6e6d8,3000.0,0.0,833105443.0,,,0x46c49dcdd69e1aab03338600d591f804bed15f5b,0xc36442b4a4522e871399cd717abdd847ab11fe88,0xa0b86991c6218b36c1d19d4a2e9eb0ce3606eb48,USDC,6,0xc02aaa39b223fe8d0a0e5c4f27ead9083c756cc2,WETH,18,0.0,0.0,0.0,0.0,,,197220.0,201780.0,2026-04-01T16:13:35+00:00
swap,0x9d197e347ffd4b7380d64f0ba984087b2807f31ddcba33760bd56c73a13bf6a9#1123875,1775060471,24785906,0x9d197e347ffd4b7380d64f0ba984087b2807f31ddcba33760bd56c73a13bf6a9,65,0x8ad599c3a0ff1de082011efddc58f1908eb6e6d8,3000.0,0.0,307702177.0,0x06cff7088619c7178f5e14f0b119458d08d2f5ef,0x06cff7088619c7178f5e14f0b119458d08d2f5ef,0xdf8adfe10d4a4d9f0fc4d3e377a6e8d5730eb40c,,0xa0b86991c6218b36c1d19d4a2e9eb0ce3606eb48,USDC,6,0xc02aaa39b223fe8d0a0e5c4f27ead9083c756cc2,WETH,18,0.596369,-0.00027901511358094,0.5954739971934218,,1.7162820598699415e+33,199676.0,,,2026-04-01T16:21:11+00:00
swap,0xdb0c4af568bcb8cab1f5904bfe8cdfd49bdfb6dbc6514f42b1c4f8a1ae063806#1123876,1775060555,24785913,0xdb0c4af568bcb8cab1f5904bfe8cdfd49bdfb6dbc6514f42b1c4f8a1ae063806,409,0x8ad599c3a0ff1de082011efddc58f1908eb6e6d8,3000.0,0.0,305064721.0,0xd226997439ecfbeff8e110c8c78c8a7eefd19f89,0xd226997439ecfbeff8e110c8c78c8a7eefd19f89,0xae0cc0d6e76c2b13451ab90cd13a5fa71a5c59ba,,0xa0b86991c6218b36c1d19d4a2e9eb0ce3606eb48,USDC,6,0xc02aaa39b223fe8d0a0e5c4f27ead9083c756cc2,WETH,18,0.201193,-9.4129395608445e-05,0.2008909996805716,,1.7162820544037643e+33,199676.0,,,2026-04-01T16:22:35+00:00
swap,0x476f842df441c4c3235b56eb0551b04f88069a0c19a0b59507d05c6b738219c3#1123877,1775060879,24785940,0x476f842df441c4c3235b56eb0551b04f88069a0c19a0b59507d05c6b738219c3,34,0x8ad599c3a0ff1de082011efddc58f1908eb6e6d8,3000.0,0.0,2208499256.0,0xeae599c8e6bf3c38bd6aa74bdb7eb3d12ae7e5a2,0xeae599c8e6bf3c38bd6aa74bdb7eb3d12ae7e5a2,0x7c1fb21f233b1bce1e175725beb8f0045facd8bf,,0xa0b86991c6218b36c1d19d4a2e9eb0ce3606eb48,USDC,6,0xc02aaa39b223fe8d0a0e5c4f27ead9083c756cc2,WETH,18,32.863218,-0.015375284869624042,32.8139144774765,,1.7162811615473494e+33,199676.0,,,2026-04-01T16:27:59+00:00
swap,0xbd8146d8eb2c81c647c43400761009f154fd98150cb33c0429cd071e1b7c87b0#1123878,1775060891,24785941,0xbd8146d8eb2c81c647c43400761009f154fd98150cb33c0429cd071e1b7c87b0,30,0x8ad599c3a0ff1de082011efddc58f1908eb6e6d8,3000.0,0.0,284565217.0,0x51c72848c68a965f66fa7a88855f9f7784502a7f,0x51c72848c68a965f66fa7a88855f9f7784502a7f,0x867bdc57d1b071fe5a9f670dd70b91e4269814d3,,0xa0b86991c6218b36c1d19d4a2e9eb0ce3606eb48,USDC,6,0xc02aaa39b223fe8d0a0e5c4f27ead9083c756cc2,WETH,18,28838.461857,-13.486111257060344,28788.64431246545,,1.7154980111180278e+33,199667.0,,,2026-04-01T16:28:11+00:00
swap,0xe1c435c0557b8cbdc951d66d06fbbc7c01ad392702aeda5165a15041b4572fdb#1123879,1775060999,24785950,0xe1c435c0557b8cbdc951d66d06fbbc7c01ad392702aeda5165a15041b4572fdb,266,0x8ad599c3a0ff1de082011efddc58f1908eb6e6d8,3000.0,0.0,279330217.0,0x06cff7088619c7178f5e14f0b119458d08d2f5ef,0x06cff7088619c7178f5e14f0b119458d08d2f5ef,0xdf8adfe10d4a4d9f0fc4d3e377a6e8d5730eb40c,,0xa0b86991c6218b36c1d19d4a2e9eb0ce3606eb48,USDC,6,0xc02aaa39b223fe8d0a0e5c4f27ead9083c756cc2,WETH,18,0.305787,-0.000142933666551536,0.30532799926245885,,1.7154980028177433e+33,199667.0,,,2026-04-01T16:29:59+00:00
swap,0xc3805617ee8335eeb088bf95f98fb7269f435c952638a2b1558d55e803b4142c#1123880,1775061071,24785956,0xc3805617ee8335eeb088bf95f98fb7269f435c952638a2b1558d55e803b4142c,84,0x8ad599c3a0ff1de082011efddc58f1908eb6e6d8,3000.0,0.0,784605008.0,0xf48a3f7c0575c85cf4529aa220caf3c055773f1c,0xf48a3f7c0575c85cf4529aa220caf3c055773f1c,0xfcc47866bd2bd3066696662dbd1c89c882105643,,0xa0b86991c6218b36c1d19d4a2e9eb0ce3606eb48,USDC,6,0xc02aaa39b223fe8d0a0e5c4f27ead9083c756cc2,WETH,18,52731.577529,-24.627763810101314,52630.56578483396,,1.7140678467532206e+33,199650.0,,,2026-04-01T16:31:11+00:00
swap,0xae188dc377fb962c52439cdf5b69f557600d89652c9282354f12587bf6ed3fc0#1123881,1775061335,24785978,0xae188dc377fb962c52439cdf5b69f557600d89652c9282354f12587bf6ed3fc0,122,0x8ad599c3a0ff1de082011efddc58f1908eb6e6d8,3000.0,0.0,294599142.0,0xd226997439ecfbeff8e110c8c78c8a7eefd19f89,0xd226997439ecfbeff8e110c8c78c8a7eefd19f89,0x834d10cef4e5a75d3edddcbb1c5a94f8094e5713,,0xa0b86991c6218b36c1d19d4a2e9eb0ce3606eb48,USDC,6,0xc02aaa39b223fe8d0a0e5c4f27ead9083c756cc2,WETH,18,5.168101,-0.0024116979025232,5.160348289501286,,1.714067706703787e+33,199650.0,,,2026-04-01T16:35:35+00:00
swap,0xbbe227443925b45c0e3b8f1ee43423d2de3b82afb2f7766e81e3c6d3dbe51d86#1123882,1775061383,24785982,0xbbe227443925b45c0e3b8f1ee43423d2de3b82afb2f7766e81e3c6d3dbe51d86,106,0x8ad599c3a0ff1de082011efddc58f1908eb6e6d8,3000.0,0.0,1289259010.0,0x0bb7a4fdea32910038dec59c20ccae3a6e66b09f,0x0bb7a4fdea32910038dec59c20ccae3a6e66b09f,0xfcc47866bd2bd3066696662dbd1c89c882105643,,0xa0b86991c6218b36c1d19d4a2e9eb0ce3606eb48,USDC,6,0xc02aaa39b223fe8d0a0e5c4f27ead9083c756cc2,WETH,18,79740.977275,-37.16433190159602,79571.31587307107,,1.7119095410228576e+33,199625.0,,,2026-04-01T16:36:23+00:00
swap,0x670828edb6d68f2f12f31e24d9a9f17b6f0902a2b73d1411184e312aac8a97ec#1123883,1775061383,24785982,0x670828edb6d68f2f12f31e24d9a9f17b6f0902a2b73d1411184e312aac8a97ec,178,0x8ad599c3a0ff1de082011efddc58f1908eb6e6d8,3000.0,0.0,289259010.0,0xd226997439ecfbeff8e110c8c78c8a7eefd19f89,0xd226997439ecfbeff8e110c8c78c8a7eefd19f89,0x480a15f9fdb1757d1db6cedc620772553f496637,,0xa0b86991c6218b36c1d19d4a2e9eb0ce3606eb48,USDC,6,0xc02aaa39b223fe8d0a0e5c4f27ead9083c756cc2,WETH,18,6.521515,-0.003035610441914167,6.51173216523711,,1.7119093647422695e+33,199625.0,,,2026-04-01T16:36:23+00:00
swap,0x167d23e768b2a452bf5557e44006dd2b7cbf9f43d4d60f6093703615f63e11f1#1123884,1775061407,24785984,0x167d23e768b2a452bf5557e44006dd2b7cbf9f43d4d60f6093703615f63e11f1,106,0x8ad599c3a0ff1de082011efddc58f1908eb6e6d8,3000.0,0.0,252039938.0,0x06cff7088619c7178f5e14f0b119458d08d2f5ef,0x06cff7088619c7178f5e14f0b119458d08d2f5ef,0xf07b4d27cae6571857e51ab3fb209f5226de2d88,,0xa0b86991c6218b36c1d19d4a2e9eb0ce3606eb48,USDC,6,0xc02aaa39b223fe8d0a0e5c4f27ead9083c756cc2,WETH,18,6.538858,-0.003043682583207705,6.52904916345427,,1.7119091879929252e+33,199625.0,,,2026-04-01T16:36:47+00:00
swap,0x75eb212e5ca0debf2bc9e84cca15317f86d1e7bc5774318c602ad5e1d61868e7#1123885,1775061479,24785990,0x75eb212e5ca0debf2bc9e84cca15317f86d1e7bc5774318c602ad5e1d61868e7,43,0x8ad599c3a0ff1de082011efddc58f1908eb6e6d8,3000.0,0.0,311187430.0,0x06cff7088619c7178f5e14f0b119458d08d2f5ef,0x06cff7088619c7178f5e14f0b119458d08d2f5ef,0xd7e1236c08731c3632519dcd1a581bfe6876a3b2,,0xa0b86991c6218b36c1d19d4a2e9eb0ce3606eb48,USDC,6,0xc02aaa39b223fe8d0a0e5c4f27ead9083c756cc2,WETH,18,0.406331,-0.00018913738630474,0.40572149870042823,,1.7119091770095496e+33,199625.0,,,2026-04-01T16:37:59+00:00
swap,0xd42c7f92c185bbe54a8267d2dfb7b00747601ad38c752e6e4ab27bd1bb50bf8b#1123886,1775061647,24786004,0xd42c7f92c185bbe54a8267d2dfb7b00747601ad38c752e6e4ab27bd1bb50bf8b,203,0x8ad599c3a0ff1de082011efddc58f1908eb6e6d8,3000.0,0.0,883394538.0,0xf48a3f7c0575c85cf4529aa220caf3c055773f1c,0xf48a3f7c0575c85cf4529aa220caf3c055773f1c,0xfcc47866bd2bd3066696662dbd1c89c882105643,,0xa0b86991c6218b36c1d19d4a2e9eb0ce3606eb48,USDC,6,0xc02aaa39b223fe8d0a0e5c4f27ead9083c756cc2,WETH,18,56251.985666,-26.16068575125088,56142.68482899834,,1.7103865480682956e+33,199607.0,,,2026-04-01T16:40:47+00:00
swap,0xe171f1b76a64a4d4acc797123f8dab05282b186a079b98e6cdbf4f295b726229#1123887,1775061707,24786009,0xe171f1b76a64a4d4acc797123f8dab05282b186a079b98e6cdbf4f295b726229,1128,0x8ad599c3a0ff1de082011efddc58f1908eb6e6d8,3000.0,0.0,292615436.0,0xfd9c2b42ee399ede0496d4cd0b2d6ecf9fbf3089,0xfd9c2b42ee399ede0496d4cd0b2d6ecf9fbf3089,0xe0ba6d45ec19ec25b00946c437971bc5c11437b9,,0xa0b86991c6218b36c1d19d4a2e9eb0ce3606eb48,USDC,6,0xc02aaa39b223fe8d0a0e5c4f27ead9083c756cc2,WETH,18,56231.644367,-26.104713800023923,56122.36897238941,,1.708865529559466e+33,199590.0,,,2026-04-01T16:41:47+00:00
swap,0x31d8392b41264cb93182163fac2b51e2d3afe691a5df54b41174325fc70783d9#1123888,1775062055,24786038,0x31d8392b41264cb93182163fac2b51e2d3afe691a5df54b41174325fc70783d9,23,0x8ad599c3a0ff1de082011efddc58f1908eb6e6d8,3000.0,0.0,766775475.0,0xf48a3f7c0575c85cf4529aa220caf3c055773f1c,0xf48a3f7c0575c85cf4529aa220caf3c055773f1c,0xfcc47866bd2bd3066696662dbd1c89c882105643,,0xa0b86991c6218b36c1d19d4a2e9eb0ce3606eb48,USDC,6,0xc02aaa39b223fe8d0a0e5c4f27ead9083c756cc2,WETH,18,218175.118251,-100.85365282641992,217481.5048011797,,1.7032026858170954e+33,199523.0,,,2026-04-01T16:47:35+00:00
swap,0x3afbd123acb8ae236f9fdbd69d7992dce90e7b12f1cf56a22311e079aacfc5ef#1123889,1775062055,24786038,0x3afbd123acb8ae236f9fdbd69d7992dce90e7b12f1cf56a22311e079aacfc5ef,134,0x8ad599c3a0ff1de082011efddc58f1908eb6e6d8,3000.0,0.0,266776475.0,0x98ca924d9a32837cb5c123a9b9e88fb593f3e427,0x98ca924d9a32837cb5c123a9b9e88fb593f3e427,0x38c22dbe099ac3217a5b94112585e70402e45f0a,,0xa0b86991c6218b36c1d19d4a2e9eb0ce3606eb48,USDC,6,0xc02aaa39b223fe8d0a0e5c4f27ead9083c756cc2,WETH,18,-36439.744556,16.90004068137672,36504.42138928001,,1.7041209620648974e+33,199534.0,,,2026-04-01T16:47:35+00:00
swap,0x4663fb1c5dd95ecae873432267297de623b34d739bb39160b07ea0833908a19b#1123890,1775062055,24786038,0x4663fb1c5dd95ecae873432267297de623b34d739bb39160b07ea0833908a19b,368,0x8ad599c3a0ff1de082011efddc58f1908eb6e6d8,3000.0,0.0,266775475.0,0xd226997439ecfbeff8e110c8c78c8a7eefd19f89,0xd226997439ecfbeff8e110c8c78c8a7eefd19f89,0x8a3999c2a419d11635a5146035824a49c33ca211,,0xa0b86991c6218b36c1d19d4a2e9eb0ce3606eb48,USDC,6,0xc02aaa39b223fe8d0a0e5c4f27ead9083c756cc2,WETH,18,-1347.104799,0.6251101504006004,1349.1450018382054,,1.7041549278886607e+33,199534.0,,,2026-04-01T16:47:35+00:00
swap,0x4663fb1c5dd95ecae873432267297de623b34d739bb39160b07ea0833908a19b#1123891,1775062055,24786038,0x4663fb1c5dd95ecae873432267297de623b34d739bb39160b07ea0833908a19b,390,0x8ad599c3a0ff1de082011efddc58f1908eb6e6d8,3000.0,0.0,266775475.0,0xd226997439ecfbeff8e110c8c78c8a7eefd19f89,0xd226997439ecfbeff8e110c8c78c8a7eefd19f89,0x8a3999c2a419d11635a5146035824a49c33ca211,,0xa0b86991c6218b36c1d19d4a2e9eb0ce3606eb48,USDC,6,0xc02aaa39b223fe8d0a0e5c4f27ead9083c756cc2,WETH,18,-89.805077,0.04167401002670669,89.94024995913179,,1.7041571922769115e+33,199534.0,,,2026-04-01T16:47:35+00:00
swap,0x1e848a19d1100f52d16988175e57015ae29407e830e11b7fad545269d56b1a8e#1123892,1775062055,24786038,0x1e848a19d1100f52d16988175e57015ae29407e830e11b7fad545269d56b1a8e,398,0x8ad599c3a0ff1de082011efddc58f1908eb6e6d8,3000.0,0.0,266776475.0,0x98ca924d9a32837cb5c123a9b9e88fb593f3e427,0x98ca924d9a32837cb5c123a9b9e88fb593f3e427,0xac3e8426cdc6e956260bd8503a5265a40b3a53d5,,0xa0b86991c6218b36c1d19d4a2e9eb0ce3606eb48,USDC,6,0xc02aaa39b223fe8d0a0e5c4f27ead9083c756cc2,WETH,18,-59277.184456,27.531737106750754,59392.4636647716,,1.705653149637163e+33,199552.0,,,2026-04-01T16:47:35+00:00
swap,0xa01c325e640b9f4685a09535da2abfcc4ad940655fb8814cbd292a68ef543ab3#1123893,1775062067,24786039,0xa01c325e640b9f4685a09535da2abfcc4ad940655fb8814cbd292a68ef543ab3,41,0x8ad599c3a0ff1de082011efddc58f1908eb6e6d8,3000.0,0.0,279486598892.0,0xbdb3ba9ffe392549e1f8658dd2630c141fdf47b6,0xbdb3ba9ffe392549e1f8658dd2630c141fdf47b6,0x5b43453fce04b92e190f391a83136bfbecedefd1,,0xa0b86991c6218b36c1d19d4a2e9eb0ce3606eb48,USDC,6,0xc02aaa39b223fe8d0a0e5c4f27ead9083c756cc2,WETH,18,-61697.532371,28.70790278093004,61819.33612220111,,1.7072766955648954e+33,199571.0,,,2026-04-01T16:47:47+00:00
swap,0xd90ce3a7f13c7d92c1fc39203d7cbbe0aaed94e95e8279bc2e3d8118a42a3e31#1123894,1775062079,24786040,0xd90ce3a7f13c7d92c1fc39203d7cbbe0aaed94e95e8279bc2e3d8118a42a3e31,326,0x8ad599c3a0ff1de082011efddc58f1908eb6e6d8,3000.0,0.0,264472028.0,0x39bf741406f0208b8e3f5701d8ceca91a11df8a5,0x39bf741406f0208b8e3f5701d8ceca91a11df8a5,0xdee33e4dc3a7b6073fdd1cc3b90a967db31a3450,,0xa0b86991c6218b36c1d19d4a2e9eb0ce3606eb48,USDC,6,0xc02aaa39b223fe8d0a0e5c4f27ead9083c756cc2,WETH,18,-4083.422947,1.9019800998,4089.6990416748786,,1.7073871839662054e+33,199572.0,,,2026-04-01T16:47:59+00:00
swap,0xda0f136882bac0429be2207eb8aba76d38c5827dd9aeafe766b9c060d1976066#1123895,1775062115,24786043,0xda0f136882bac0429be2207eb8aba76d38c5827dd9aeafe766b9c060d1976066,155,0x8ad599c3a0ff1de082011efddc58f1908eb6e6d8,3000.0,0.0,302354129.0,0x63242a4ea82847b20e506b63b0e2e2eff0cc6cb0,0x63242a4ea82847b20e506b63b0e2e2eff0cc6cb0,0xbee771bdfd802a8a6e3c040902aec1be1a11b006,,0xa0b86991c6218b36c1d19d4a2e9eb0ce3606eb48,USDC,6,0xc02aaa39b223fe8d0a0e5c4f27ead9083c756cc2,WETH,18,-5894.982364,2.746204000009918,5904.127673994205,,1.707546714389086e+33,199574.0,,,2026-04-01T16:48:35+00:00
swap,0x58f08b09c6dfdfd0499449b51c1f7010a1c3d19667349725325763a95c017cf8#1123896,1775062127,24786044,0x58f08b09c6dfdfd0499449b51c1f7010a1c3d19667349725325763a95c017cf8,49,0x8ad599c3a0ff1de082011efddc58f1908eb6e6d8,3000.0,0.0,6825006391.0,0xbdb3ba9ffe392549e1f8658dd2630c141fdf47b6,0xbdb3ba9ffe392549e1f8658dd2630c141fdf47b6,0x5b43453fce04b92e190f391a83136bfbecedefd1,,0xa0b86991c6218b36c1d19d4a2e9eb0ce3606eb48,USDC,6,0xc02aaa39b223fe8d0a0e5c4f27ead9083c756cc2,WETH,18,-4676.816115,2.1790808827828325,4684.026323201037,,1.7076732999212316e+33,199576.0,,,2026-04-01T16:48:47+00:00
swap,0x35049d1f0d4ab0bb3690a7fdb4013eb69e51f60bc44337636ff75202293ff562#1123897,1775062139,24786045,0x35049d1f0d4ab0bb3690a7fdb4013eb69e51f60bc44337636ff75202293ff562,451,0x8ad599c3a0ff1de082011efddc58f1908eb6e6d8,3000.0,0.0,297070119.0,0x68b3465833fb72a70ecdf485e0e4c7bd8665fc45,0x37711386f15ed235b8cd7403226b6a0424062c4b,0x37711386f15ed235b8cd7403226b6a0424062c4b,,0xa0b86991c6218b36c1d19d4a2e9eb0ce3606eb48,USDC,6,0xc02aaa39b223fe8d0a0e5c4f27ead9083c756cc2,WETH,18,-360.172277,0.16782938851723256,360.71519265817864,,1.707683049340183e+33,199576.0,,,2026-04-01T16:48:59+00:00
swap,0x40047db5e862f53d288a98eb843333022e57c504ed5f31161f4c6116f9532eac#1123898,1775062151,24786046,0x40047db5e862f53d288a98eb843333022e57c504ed5f31161f4c6116f9532eac,173,0x8ad599c3a0ff1de082011efddc58f1908eb6e6d8,3000.0,0.0,284387049.0,0x15893515f06036b37775cef10477fb4b85be3ee6,0x15893515f06036b37775cef10477fb4b85be3ee6,0x06a2d004a003250f6fc7bc0687182c46826edd54,,0xa0b86991c6218b36c1d19d4a2e9eb0ce3606eb48,USDC,6,0xc02aaa39b223fe8d0a0e5c4f27ead9083c756cc2,WETH,18,-6735.642986,3.1389589823696666,6746.13754970768,,1.707865395390899e+33,199578.0,,,2026-04-01T16:49:11+00:00
swap,0x50285149945f87e02de04e8e3815f0e102c05e67d93d31bce0ce2030dd3ea105#1123899,1775062187,24786049,0x50285149945f87e02de04e8e3815f0e102c05e67d93d31bce0ce2030dd3ea105,295,0x8ad599c3a0ff1de082011efddc58f1908eb6e6d8,3000.0,0.0,341922804.0,0x66a9893cc07d91d95644aedd05d03f95e1dba8af,0x649cbf4fd4efb3cca89cbb9982114bcf22fad9ff,0x2dba05546b0cd8a8a56caa9e2f6ff2211aa221a0,,0xa0b86991c6218b36c1d19d4a2e9eb0ce3606eb48,USDC,6,0xc02aaa39b223fe8d0a0e5c4f27ead9083c756cc2,WETH,18,-1027.325587,0.4788154222158334,1028.879603164527,,1.7078932103772538e+33,199578.0,,,2026-04-01T16:49:47+00:00
burn,0x7e8e242d00df210d6e56f6d8b880902d16f186daa9cf40baaeada45aa3522aca#1123905,1775062415,24786068,0x7e8e242d00df210d6e56f6d8b880902d16f186daa9cf40baaeada45aa3522aca,117,0x8ad599c3a0ff1de082011efddc58f1908eb6e6d8,3000.0,0.0,2256818312.0,,,0x6639156bbfb7abd68333b3d112491c2d2f3137c5,0xc36442b4a4522e871399cd717abdd847ab11fe88,0xa0b86991c6218b36c1d19d4a2e9eb0ce3606eb48,USDC,6,0xc02aaa39b223fe8d0a0e5c4f27ead9083c756cc2,WETH,18,0.0,0.44499425546512233,957.6176632807939,115975604433727.0,,,192900.0,197340.0,2026-04-01T16:53:35+00:00
burn,0xc0110dfffebeb93306d72b7442fdb1391deff34f4dc1d4f184036d20635cff47#1123906,1775062487,24786074,0xc0110dfffebeb93306d72b7442fdb1391deff34f4dc1d4f184036d20635cff47,202,0x8ad599c3a0ff1de082011efddc58f1908eb6e6d8,3000.0,0.0,2238722345.0,,,0xd7fe317378f458501cc095a140b45cef7ec8731b,0xc36442b4a4522e871399cd717abdd847ab11fe88,0xa0b86991c6218b36c1d19d4a2e9eb0ce3606eb48,USDC,6,0xc02aaa39b223fe8d0a0e5c4f27ead9083c756cc2,WETH,18,0.0,0.23699259928229777,510.00276150158805,282581345056520.0,,,192480.0,193560.0,2026-04-01T16:54:47+00:00
swap,0xf94a66c04f4686c39aacdf14c91915a2073487611daab69745e1ad7a8335a5eb#1123902,1775062583,24786082,0xf94a66c04f4686c39aacdf14c91915a2073487611daab69745e1ad7a8335a5eb,57,0x8ad599c3a0ff1de082011efddc58f1908eb6e6d8,3000.0,0.0,7949754747.0,0xbdb3ba9ffe392549e1f8658dd2630c141fdf47b6,0xbdb3ba9ffe392549e1f8658dd2630c141fdf47b6,0x5b43453fce04b92e190f391a83136bfbecedefd1,,0xa0b86991c6218b36c1d19d4a2e9eb0ce3606eb48,USDC,6,0xc02aaa39b223fe8d0a0e5c4f27ead9083c756cc2,WETH,18,-4716.86453,2.198634195488846,4724.138018316514,,1.7080209317857747e+33,199580.0,,,2026-04-01T16:56:23+00:00
swap,0xa59515a394e24237749530e9702ebfa01b9f13c1e2aff407f9a2cc392927c942#1123903,1775062607,24786084,0xa59515a394e24237749530e9702ebfa01b9f13c1e2aff407f9a2cc392927c942,69,0x8ad599c3a0ff1de082011efddc58f1908eb6e6d8,3000.0,0.0,235387443.0,0x63242a4ea82847b20e506b63b0e2e2eff0cc6cb0,0x63242a4ea82847b20e506b63b0e2e2eff0cc6cb0,0xbee898bca98a5b6de7323eeca168a775c566b008,,0xa0b86991c6218b36c1d19d4a2e9eb0ce3606eb48,USDC,6,0xc02aaa39b223fe8d0a0e5c4f27ead9083c756cc2,WETH,18,-5824.449965,2.715357875465847,5833.482687057947,,1.7081786703187256e+33,199582.0,,,2026-04-01T16:56:47+00:00
swap,0xe9d4a1ecec1d8d9e1d58a1baf641d865d58d17c2016e00150015b4e6e6495e86#1123904,1775062607,24786084,0xe9d4a1ecec1d8d9e1d58a1baf641d865d58d17c2016e00150015b4e6e6495e86,149,0x8ad599c3a0ff1de082011efddc58f1908eb6e6d8,3000.0,0.0,297399156.0,0xbc1d9760bd6ca468ca9fb5ff2cfbeac35d86c973,0xf3c2de39a77b0966cedccfdfb4de0a22dcc416b8,0x3ac7550a3ac9e899a428e6460d1262295923608e,,0xa0b86991c6218b36c1d19d4a2e9eb0ce3606eb48,USDC,6,0xc02aaa39b223fe8d0a0e5c4f27ead9083c756cc2,WETH,18,-5131.545689,2.39274160571,5139.475578472477,,1.7083176676693236e+33,199583.0,,,2026-04-01T16:56:47+00:00
swap,0xfb8a9d66098706281592883c0b8b797cba23d277992ff60ad7929b8c8df28cbc#1123905,1775062967,24786114,0xfb8a9d66098706281592883c0b8b797cba23d277992ff60ad7929b8c8df28cbc,392,0x8ad599c3a0ff1de082011efddc58f1908eb6e6d8,3000.0,0.0,339329695.0,0xe592427a0aece92de3edee1f18e0157c05861564,0x2a93f88e70df0ebe9cadaf72940de5a4f4204a29,0x2a93f88e70df0ebe9cadaf72940de5a4f4204a29,,0xa0b86991c6218b36c1d19d4a2e9eb0ce3606eb48,USDC,6,0xc02aaa39b223fe8d0a0e5c4f27ead9083c756cc2,WETH,18,-2.144455,0.001,2.1476816677097688,,1.7083177257605735e+33,199583.0,,,2026-04-01T17:02:47+00:00
swap,0xbc95de457ef4fffc1eebb1d4e539209abc01a4e14447f21e9438c52cd49d0959#1123906,1775062979,24786115,0xbc95de457ef4fffc1eebb1d4e539209abc01a4e14447f21e9438c52cd49d0959,344,0x8ad599c3a0ff1de082011efddc58f1908eb6e6d8,3000.0,0.0,333144506.0,0xe592427a0aece92de3edee1f18e0157c05861564,0x2a93f88e70df0ebe9cadaf72940de5a4f4204a29,0x2a93f88e70df0ebe9cadaf72940de5a4f4204a29,,0xa0b86991c6218b36c1d19d4a2e9eb0ce3606eb48,USDC,6,0xc02aaa39b223fe8d0a0e5c4f27ead9083c756cc2,WETH,18,-2.144455,0.001,2.147681594568251,,1.7083177838518235e+33,199583.0,,,2026-04-01T17:02:59+00:00
swap,0x383db475d71eface7415e4256dc7d1e73a52d0940a3f3aed51560202dcee8cc2#1123907,1775062991,24786116,0x383db475d71eface7415e4256dc7d1e73a52d0940a3f3aed51560202dcee8cc2,49,0x8ad599c3a0ff1de082011efddc58f1908eb6e6d8,3000.0,0.0,35639037063.0,0x51c72848c68a965f66fa7a88855f9f7784502a7f,0x51c72848c68a965f66fa7a88855f9f7784502a7f,0x6f0a91ef8adeb54db0e63be507747ab9a31d3926,,0xa0b86991c6218b36c1d19d4a2e9eb0ce3606eb48,USDC,6,0xc02aaa39b223fe8d0a0e5c4f27ead9083c756cc2,WETH,18,36766.05581,-17.03209199077377,36700.25972978783,,1.7073253911613495e+33,199572.0,,,2026-04-01T17:03:11+00:00
swap,0xa9017b15dbaa8de2caf90effd843e4b9bbfdafff7f0939d4058af00c3b4e69b0#1123908,1775063003,24786117,0xa9017b15dbaa8de2caf90effd843e4b9bbfdafff7f0939d4058af00c3b4e69b0,11,0x8ad599c3a0ff1de082011efddc58f1908eb6e6d8,3000.0,0.0,71068429536.0,0xeff6cb8b614999d130e537751ee99724d01aa167,0xeff6cb8b614999d130e537751ee99724d01aa167,0x06ed94a1f79012aad011b21208c6807f39e5b911,,0xa0b86991c6218b36c1d19d4a2e9eb0ce3606eb48,USDC,6,0xc02aaa39b223fe8d0a0e5c4f27ead9083c756cc2,WETH,18,43095.172983,-19.93892915014937,43015.92347442962,,1.706171905857901e+33,199558.0,,,2026-04-01T17:03:23+00:00
swap,0xba8c695413dcc60346fbd213e1c2dbfa6560fa0c22bf97d07715536a64b4d810#1123909,1775063015,24786118,0xba8c695413dcc60346fbd213e1c2dbfa6560fa0c22bf97d07715536a64b4d810,39,0x8ad599c3a0ff1de082011efddc58f1908eb6e6d8,3000.0,0.0,214465155.0,0x51c72848c68a965f66fa7a88855f9f7784502a7f,0x51c72848c68a965f66fa7a88855f9f7784502a7f,0x67bdbd574ca9c437a783090dcd86b7212ca9b2fc,,0xa0b86991c6218b36c1d19d4a2e9eb0ce3606eb48,USDC,6,0xc02aaa39b223fe8d0a0e5c4f27ead9083c756cc2,WETH,18,51847.012864,-23.95371514489026,51749.46675496416,,1.7048664465975393e+33,199543.0,,,2026-04-01T17:03:35+00:00
swap,0x2af379be88ceb1d0140550056d49522a50774bd741acd63de1f959f9a13daea2#1123910,1775063603,24786166,0x2af379be88ceb1d0140550056d49522a50774bd741acd63de1f959f9a13daea2,128,0x8ad599c3a0ff1de082011efddc58f1908eb6e6d8,3000.0,0.0,511017843.0,0x51c72848c68a965f66fa7a88855f9f7784502a7f,0x51c72848c68a965f66fa7a88855f9f7784502a7f,0xa794401988f9e484e03eb55a8e80db15968a38be,,0xa0b86991c6218b36c1d19d4a2e9eb0ce3606eb48,USDC,6,0xc02aaa39b223fe8d0a0e5c4f27ead9083c756cc2,WETH,18,-3986.466434,1.8515700212963333,3992.5821042472967,,1.704967053028243e+33,199544.0,,,2026-04-01T17:13:23+00:00
swap,0xd4a43099477424cbf62a56af69d4e5337f84957ef50c72f116ae39444d822cae#1123911,1775063651,24786170,0xd4a43099477424cbf62a56af69d4e5337f84957ef50c72f116ae39444d822cae,134,0x8ad599c3a0ff1de082011efddc58f1908eb6e6d8,3000.0,0.0,284920637.0,0x51c72848c68a965f66fa7a88855f9f7784502a7f,0x51c72848c68a965f66fa7a88855f9f7784502a7f,0x17fb4a31b8a468cd5be0ea6e037781eb5f19643e,,0xa0b86991c6218b36c1d19d4a2e9eb0ce3606eb48,USDC,6,0xc02aaa39b223fe8d0a0e5c4f27ead9083c756cc2,WETH,18,-2977.990174,1.3833117383031373,2982.5364404652737,,1.7050422162977605e+33,199545.0,,,2026-04-01T17:14:11+00:00
swap,0x063e399064ff0149c7032879accc48e1dc43049749ba56719a14c9f8fc9884ed#1123912,1775063651,24786170,0x063e399064ff0149c7032879accc48e1dc43049749ba56719a14c9f8fc9884ed,224,0x8ad599c3a0ff1de082011efddc58f1908eb6e6d8,3000.0,0.0,784920637.0,0x66a9893cc07d91d95644aedd05d03f95e1dba8af,0x66a9893cc07d91d95644aedd05d03f95e1dba8af,0x8556da8258fa8fcb0fdc88f4cd4788ed372b3d92,,0xa0b86991c6218b36c1d19d4a2e9eb0ce3606eb48,USDC,6,0xc02aaa39b223fe8d0a0e5c4f27ead9083c756cc2,WETH,18,-1994.484341,0.9265298190622528,1997.5146033083718,,1.7050925599828298e+33,199545.0,,,2026-04-01T17:14:11+00:00
swap,0x02752b6939383dc27fd3ace76440ae938e69af75e5400541304c61200219fa9c#1123913,1775063663,24786171,0x02752b6939383dc27fd3ace76440ae938e69af75e5400541304c61200219fa9c,20,0x8ad599c3a0ff1de082011efddc58f1908eb6e6d8,3000.0,0.0,284009962.0,0x51c72848c68a965f66fa7a88855f9f7784502a7f,0x51c72848c68a965f66fa7a88855f9f7784502a7f,0x115d0a42f5dd6fabf392edd0831932875b3ffb22,,0xa0b86991c6218b36c1d19d4a2e9eb0ce3606eb48,USDC,6,0xc02aaa39b223fe8d0a0e5c4f27ead9083c756cc2,WETH,18,-9205.554984,4.277113337921116,9220.034101699244,,1.7053249601090436e+33,199548.0,,,2026-04-01T17:14:23+00:00
swap,0x82029f1237007928e062c527194a2cf170d31bc82bc822ed57d738864143bc1b#1123914,1775063675,24786172,0x82029f1237007928e062c527194a2cf170d31bc82bc822ed57d738864143bc1b,20,0x8ad599c3a0ff1de082011efddc58f1908eb6e6d8,3000.0,0.0,287637970.0,0x5050e08626c499411b5d0e0b5af0e83d3fd82edf,0x5050e08626c499411b5d0e0b5af0e83d3fd82edf,0x36d63e35446baf55893a710cfe6dbdd300ece496,,0xa0b86991c6218b36c1d19d4a2e9eb0ce3606eb48,USDC,6,0xc02aaa39b223fe8d0a0e5c4f27ead9083c756cc2,WETH,18,-8187.463879,3.805064462204298,8200.279840783032,,1.7055317111094035e+33,199551.0,,,2026-04-01T17:14:35+00:00
swap,0x6b26191dd7859901f33b3ef051252ea19bd57329d432de7cc7788a35712c9669#1123915,1775063891,24786190,0x6b26191dd7859901f33b3ef051252ea19bd57329d432de7cc7788a35712c9669,80,0x8ad599c3a0ff1de082011efddc58f1908eb6e6d8,3000.0,0.0,239774215.0,0x06cff7088619c7178f5e14f0b119458d08d2f5ef,0x06cff7088619c7178f5e14f0b119458d08d2f5ef,0x5884b2faa9ad6f38010831e2290e515af17a7d47,,0xa0b86991c6218b36c1d19d4a2e9eb0ce3606eb48,USDC,6,0xc02aaa39b223fe8d0a0e5c4f27ead9083c756cc2,WETH,18,1.300034,-0.000600634106518064,1.2980834875617233,,1.7055316783753013e+33,199551.0,,,2026-04-01T17:18:11+00:00
swap,0x8343fb3925f04f02a90b6e8ae0230bbd7135fe17e6d349762d75cf3db0e16520#1123916,1775063903,24786191,0x8343fb3925f04f02a90b6e8ae0230bbd7135fe17e6d349762d75cf3db0e16520,777,0x8ad599c3a0ff1de082011efddc58f1908eb6e6d8,3000.0,0.0,305971544.0,0xe592427a0aece92de3edee1f18e0157c05861564,0x2a93f88e70df0ebe9cadaf72940de5a4f4204a29,0x2a93f88e70df0ebe9cadaf72940de5a4f4204a29,,0xa0b86991c6218b36c1d19d4a2e9eb0ce3606eb48,USDC,6,0xc02aaa39b223fe8d0a0e5c4f27ead9083c756cc2,WETH,18,-0.215146,0.0001,0.21547005502992211,,1.7055316838088757e+33,199551.0,,,2026-04-01T17:18:23+00:00
swap,0x5718a5b28daaa58b050dbe37ae89f1dc3ace29bc6212abba17f712cf87ab985a#1123917,1775063915,24786192,0x5718a5b28daaa58b050dbe37ae89f1dc3ace29bc6212abba17f712cf87ab985a,350,0x8ad599c3a0ff1de082011efddc58f1908eb6e6d8,3000.0,0.0,313363478.0,0xe592427a0aece92de3edee1f18e0157c05861564,0x2a93f88e70df0ebe9cadaf72940de5a4f4204a29,0x2a93f88e70df0ebe9cadaf72940de5a4f4204a29,,0xa0b86991c6218b36c1d19d4a2e9eb0ce3606eb48,USDC,6,0xc02aaa39b223fe8d0a0e5c4f27ead9083c756cc2,WETH,18,-0.215146,0.0001,0.21547005434243366,,1.7055316892424497e+33,199551.0,,,2026-04-01T17:18:35+00:00
swap,0xaf449a7d179398b87d4d7a6058668e4a1cec2d6ed825c3b1ceadc2ec4604e0cc#1123918,1775063939,24786194,0xaf449a7d179398b87d4d7a6058668e4a1cec2d6ed825c3b1ceadc2ec4604e0cc,208,0x8ad599c3a0ff1de082011efddc58f1908eb6e6d8,3000.0,0.0,225993766.0,0x06cff7088619c7178f5e14f0b119458d08d2f5ef,0x06cff7088619c7178f5e14f0b119458d08d2f5ef,0xdf8adfe10d4a4d9f0fc4d3e377a6e8d5730eb40c,,0xa0b86991c6218b36c1d19d4a2e9eb0ce3606eb48,USDC,6,0xc02aaa39b223fe8d0a0e5c4f27ead9083c756cc2,WETH,18,0.598714,-0.000276614131018242,0.5978154973619131,,1.70553167416719e+33,199551.0,,,2026-04-01T17:18:59+00:00
swap,0xa7a23e6a7da622ad26c52cb90a17ec8aa6f56bc854688f18c3e22e5a529f9618#1123919,1775064023,24786201,0xa7a23e6a7da622ad26c52cb90a17ec8aa6f56bc854688f18c3e22e5a529f9618,73,0x8ad599c3a0ff1de082011efddc58f1908eb6e6d8,3000.0,0.0,208017608.0,0x51c72848c68a965f66fa7a88855f9f7784502a7f,0x51c72848c68a965f66fa7a88855f9f7784502a7f,0x104da4efb22a7e560e6df9c813e5eb54ca038737,,0xa0b86991c6218b36c1d19d4a2e9eb0ce3606eb48,USDC,6,0xc02aaa39b223fe8d0a0e5c4f27ead9083c756cc2,WETH,18,-7516.361787,3.4939868715763676,7528.089849666235,,1.7057215225358887e+33,199553.0,,,2026-04-01T17:20:23+00:00
swap,0x04360f7638a2c0de94d2d63ae71bbca4f47f3e687b03e4637dbf363f0a8f42bb#1123920,1775064047,24786203,0x04360f7638a2c0de94d2d63ae71bbca4f47f3e687b03e4637dbf363f0a8f42bb,184,0x8ad599c3a0ff1de082011efddc58f1908eb6e6d8,3000.0,0.0,207945656.0,0x51c72848c68a965f66fa7a88855f9f7784502a7f,0x51c72848c68a965f66fa7a88855f9f7784502a7f,0xa172577031eafd8b03dce022533863fe988159cd,,0xa0b86991c6218b36c1d19d4a2e9eb0ce3606eb48,USDC,6,0xc02aaa39b223fe8d0a0e5c4f27ead9083c756cc2,WETH,18,-2269.941201,1.0553369408317557,2273.394628329762,,1.7057788650514758e+33,199553.0,,,2026-04-01T17:20:47+00:00
swap,0xc8cb0dc7c3df7bc881683f2af48c2d16432a6af1819f77ad9fa94629172c1479#1123921,1775064059,24786204,0xc8cb0dc7c3df7bc881683f2af48c2d16432a6af1819f77ad9fa94629172c1479,18,0x8ad599c3a0ff1de082011efddc58f1908eb6e6d8,3000.0,0.0,197084662.0,0x51c72848c68a965f66fa7a88855f9f7784502a7f,0x51c72848c68a965f66fa7a88855f9f7784502a7f,0x67bdbd574ca9c437a783090dcd86b7212ca9b2fc,,0xa0b86991c6218b36c1d19d4a2e9eb0ce3606eb48,USDC,6,0xc02aaa39b223fe8d0a0e5c4f27ead9083c756cc2,WETH,18,-27679.462927,12.87442187443806,27726.827848034023,,1.7064913133194895e+33,199562.0,,,2026-04-01T17:20:59+00:00
swap,0x58fc05d3567a7b9fc39c4a3cc1473677eaf617ff1803adcdcab099f5fe320ae6#1123922,1775064071,24786205,0x58fc05d3567a7b9fc39c4a3cc1473677eaf617ff1803adcdcab099f5fe320ae6,17,0x8ad599c3a0ff1de082011efddc58f1908eb6e6d8,3000.0,0.0,189372415.0,0x51c72848c68a965f66fa7a88855f9f7784502a7f,0x51c72848c68a965f66fa7a88855f9f7784502a7f,0x56fc0708725a65ebb633efdaec931c0600a9face,,0xa0b86991c6218b36c1d19d4a2e9eb0ce3606eb48,USDC,6,0xc02aaa39b223fe8d0a0e5c4f27ead9083c756cc2,WETH,18,-25018.944104,11.646487422102805,25061.559898348234,,1.7071678723309528e+33,199570.0,,,2026-04-01T17:21:11+00:00
swap,0x1df74a0b17fcbdc76d12ef4db09c71cd11a7d8f9f902ecae46d4878c46b47b87#1123923,1775064083,24786206,0x1df74a0b17fcbdc76d12ef4db09c71cd11a7d8f9f902ecae46d4878c46b47b87,347,0x8ad599c3a0ff1de082011efddc58f1908eb6e6d8,3000.0,0.0,2849643663.0,0x51c72848c68a965f66fa7a88855f9f7784502a7f,0x51c72848c68a965f66fa7a88855f9f7784502a7f,0xa794401988f9e484e03eb55a8e80db15968a38be,,0xa0b86991c6218b36c1d19d4a2e9eb0ce3606eb48,USDC,6,0xc02aaa39b223fe8d0a0e5c4f27ead9083c756cc2,WETH,18,-9985.589806,4.650938328781736,10001.405805795976,,1.707438051151747e+33,199573.0,,,2026-04-01T17:21:23+00:00
swap,0x4f8a0be52b939ead8f5c84421fe7dd64e5cc3fc5ad8d88cc54ba6a9b03431f3a#1123924,1775064203,24786216,0x4f8a0be52b939ead8f5c84421fe7dd64e5cc3fc5ad8d88cc54ba6a9b03431f3a,17,0x8ad599c3a0ff1de082011efddc58f1908eb6e6d8,3000.0,0.0,203543850.0,0x51c72848c68a965f66fa7a88855f9f7784502a7f,0x51c72848c68a965f66fa7a88855f9f7784502a7f,0x43605d68015b0a4df59e20afc77c9413665eb8dd,,0xa0b86991c6218b36c1d19d4a2e9eb0ce3606eb48,USDC,6,0xc02aaa39b223fe8d0a0e5c4f27ead9083c756cc2,WETH,18,-64494.800119,30.07491714180463,64624.92898055919,,1.709185140679589e+33,199593.0,,,2026-04-01T17:23:23+00:00
swap,0x4a697fb710053aed3717a50da9e301ece61f1ed7bb4fabf85e8a6e515143b690#1123925,1775064347,24786228,0x4a697fb710053aed3717a50da9e301ece61f1ed7bb4fabf85e8a6e515143b690,208,0x8ad599c3a0ff1de082011efddc58f1908eb6e6d8,3000.0,0.0,234749864.0,0xd226997439ecfbeff8e110c8c78c8a7eefd19f89,0xd226997439ecfbeff8e110c8c78c8a7eefd19f89,0x834d10cef4e5a75d3edddcbb1c5a94f8094e5713,,0xa0b86991c6218b36c1d19d4a2e9eb0ce3606eb48,USDC,6,0xc02aaa39b223fe8d0a0e5c4f27ead9083c756cc2,WETH,18,0.705094,-0.000327160436118758,0.7040359960798833,,1.7091851216172433e+33,199593.0,,,2026-04-01T17:25:47+00:00
swap,0x29834b91e4d0b7847b5d66114e6a87705c6474aa27218dea767edf006168829e#1123926,1775064431,24786235,0x29834b91e4d0b7847b5d66114e6a87705c6474aa27218dea767edf006168829e,818,0x8ad599c3a0ff1de082011efddc58f1908eb6e6d8,3000.0,0.0,205900359.0,0xfd9c2b42ee399ede0496d4cd0b2d6ecf9fbf3089,0xe0554a476a092703abdb3ef35c80e0d76d32939f,0xec82f2c025d627df346487d858c726bcdd3dc0b5,,0xa0b86991c6218b36c1d19d4a2e9eb0ce3606eb48,USDC,6,0xc02aaa39b223fe8d0a0e5c4f27ead9083c756cc2,WETH,18,-1016.257526,0.47438905286004446,1017.7947166175013,,1.7092126794702697e+33,199594.0,,,2026-04-01T17:27:11+00:00
swap,0x6a8dc393e9b0e1f7aabdf7897dd428a7cf66f9f9482eb060c7e39bb934cca267#1123927,1775064443,24786236,0x6a8dc393e9b0e1f7aabdf7897dd428a7cf66f9f9482eb060c7e39bb934cca267,24,0x8ad599c3a0ff1de082011efddc58f1908eb6e6d8,3000.0,0.0,211412594.0,0x51c72848c68a965f66fa7a88855f9f7784502a7f,0x51c72848c68a965f66fa7a88855f9f7784502a7f,0x51301f41c8f83fbdffaeee11f846e9c114fb8046,,0xa0b86991c6218b36c1d19d4a2e9eb0ce3606eb48,USDC,6,0xc02aaa39b223fe8d0a0e5c4f27ead9083c756cc2,WETH,18,-6395.783841,2.9859032701319195,6405.731890723538,,1.7093861343233552e+33,199596.0,,,2026-04-01T17:27:23+00:00
swap,0x4cf3142526fde12bb0f53771507ad5c77f63d61cd612c4d6cfe491f6d16aedd5#1123928,1775064551,24786245,0x4cf3142526fde12bb0f53771507ad5c77f63d61cd612c4d6cfe491f6d16aedd5,22,0x8ad599c3a0ff1de082011efddc58f1908eb6e6d8,3000.0,0.0,179038721.0,0x51c72848c68a965f66fa7a88855f9f7784502a7f,0x51c72848c68a965f66fa7a88855f9f7784502a7f,0xc8df1a5953aa7f62a35ff1501e0c10eb3c33ebfe,,0xa0b86991c6218b36c1d19d4a2e9eb0ce3606eb48,USDC,6,0xc02aaa39b223fe8d0a0e5c4f27ead9083c756cc2,WETH,18,-28557.71837,13.339709423092046,28607.176393638903,,1.7101610547172388e+33,199605.0,,,2026-04-01T17:29:11+00:00
swap,0x0d19f5cfcd400dd809fb824421da91906767b23ba4cbe082bb89edda34dd0f20#1123929,1775064647,24786253,0x0d19f5cfcd400dd809fb824421da91906767b23ba4cbe082bb89edda34dd0f20,20,0x8ad599c3a0ff1de082011efddc58f1908eb6e6d8,3000.0,0.0,230758054.0,0x51c72848c68a965f66fa7a88855f9f7784502a7f,0x51c72848c68a965f66fa7a88855f9f7784502a7f,0x055854dabe7deb658e62d3e93f31cb59caa8d226,,0xa0b86991c6218b36c1d19d4a2e9eb0ce3606eb48,USDC,6,0xc02aaa39b223fe8d0a0e5c4f27ead9083c756cc2,WETH,18,-7402.852192,3.459949942524055,7414.426216044972,,1.7103620475340415e+33,199607.0,,,2026-04-01T17:30:47+00:00
swap,0xc189bccfa7ebae825079e1e54972d36efba30bf9c10c93b93087736ac6f4cfc9#1123930,1775064887,24786273,0xc189bccfa7ebae825079e1e54972d36efba30bf9c10c93b93087736ac6f4cfc9,83,0x8ad599c3a0ff1de082011efddc58f1908eb6e6d8,3000.0,0.0,232882855.0,0x51c72848c68a965f66fa7a88855f9f7784502a7f,0x51c72848c68a965f66fa7a88855f9f7784502a7f,0x56fc0708725a65ebb633efdaec931c0600a9face,,0xa0b86991c6218b36c1d19d4a2e9eb0ce3606eb48,USDC,6,0xc02aaa39b223fe8d0a0e5c4f27ead9083c756cc2,WETH,18,-6043.835697,2.825375010008661,6053.219591356238,,1.71052617709985e+33,199609.0,,,2026-04-01T17:34:47+00:00
swap,0x8499a97e07f7c94f0a6f7b198a508944d7e51be770420c888446a457c4602084#1123931,1775064899,24786274,0x8499a97e07f7c94f0a6f7b198a508944d7e51be770420c888446a457c4602084,94,0x8ad599c3a0ff1de082011efddc58f1908eb6e6d8,3000.0,0.0,219921965.0,0x06cff7088619c7178f5e14f0b119458d08d2f5ef,0x06cff7088619c7178f5e14f0b119458d08d2f5ef,0xdf8adfe10d4a4d9f0fc4d3e377a6e8d5730eb40c,,0xa0b86991c6218b36c1d19d4a2e9eb0ce3606eb48,USDC,6,0xc02aaa39b223fe8d0a0e5c4f27ead9083c756cc2,WETH,18,0.305272,-0.00014186724917639,0.30481399926460623,,1.7105261688338062e+33,199609.0,,,2026-04-01T17:34:59+00:00
swap,0xcff417448b319026db9a8093f820855b874fe70494ed65e0723a57fecb2de1cc#1123932,1775064911,24786275,0xcff417448b319026db9a8093f820855b874fe70494ed65e0723a57fecb2de1cc,26,0x8ad599c3a0ff1de082011efddc58f1908eb6e6d8,3000.0,0.0,234925597.0,0x51c72848c68a965f66fa7a88855f9f7784502a7f,0x51c72848c68a965f66fa7a88855f9f7784502a7f,0x56fc0708725a65ebb633efdaec931c0600a9face,,0xa0b86991c6218b36c1d19d4a2e9eb0ce3606eb48,USDC,6,0xc02aaa39b223fe8d0a0e5c4f27ead9083c756cc2,WETH,18,-11671.149229,5.457568915068118,11689.793478912257,,1.710843205833577e+33,199613.0,,,2026-04-01T17:35:11+00:00
swap,0x87b3645ecd1d801516f65e22f74d502861cc80ef9dc2d844cb3456b08ade6482#1123933,1775064923,24786276,0x87b3645ecd1d801516f65e22f74d502861cc80ef9dc2d844cb3456b08ade6482,11,0x8ad599c3a0ff1de082011efddc58f1908eb6e6d8,3000.0,0.0,50894817386.0,0xeff6cb8b614999d130e537751ee99724d01aa167,0xeff6cb8b614999d130e537751ee99724d01aa167,0x5415e0351f6a91b8b0d9aad49d0f21335bbf5bf6,,0xa0b86991c6218b36c1d19d4a2e9eb0ce3606eb48,USDC,6,0xc02aaa39b223fe8d0a0e5c4f27ead9083c756cc2,WETH,18,-37185.47802,17.401866812300888,37252.436268633915,,1.7118526411986246e+33,199625.0,,,2026-04-01T17:35:23+00:00
swap,0xe7c122ad222a1f42423bdaec46f728e13be91a077f467f81579644831c75d5f0#1123934,1775064935,24786277,0xe7c122ad222a1f42423bdaec46f728e13be91a077f467f81579644831c75d5f0,17,0x8ad599c3a0ff1de082011efddc58f1908eb6e6d8,3000.0,0.0,211849030.0,0x51c72848c68a965f66fa7a88855f9f7784502a7f,0x51c72848c68a965f66fa7a88855f9f7784502a7f,0xd2700e7bbe0a8af6d6c5b3f61d27855daa425a53,,0xa0b86991c6218b36c1d19d4a2e9eb0ce3606eb48,USDC,6,0xc02aaa39b223fe8d0a0e5c4f27ead9083c756cc2,WETH,18,-15284.801587,7.15885181542316,15309.653723979565,,1.7122671149036485e+33,199629.0,,,2026-04-01T17:35:35+00:00
swap,0x9786b4a7be0a79854a0d674c716b1cd600392f738acf5e7580a410d4953b93a7#1123935,1775064959,24786279,0x9786b4a7be0a79854a0d674c716b1cd600392f738acf5e7580a410d4953b93a7,715,0x8ad599c3a0ff1de082011efddc58f1908eb6e6d8,3000.0,0.0,206640879.0,0x06cff7088619c7178f5e14f0b119458d08d2f5ef,0x06cff7088619c7178f5e14f0b119458d08d2f5ef,0xd7e1236c08731c3632519dcd1a581bfe6876a3b2,,0xa0b86991c6218b36c1d19d4a2e9eb0ce3606eb48,USDC,6,0xc02aaa39b223fe8d0a0e5c4f27ead9083c756cc2,WETH,18,0.275406,-0.000128248171361259,0.2749924994028601,,1.7122671074561635e+33,199629.0,,,2026-04-01T17:35:59+00:00
swap,0x5095d9c34e6a8cc44c8737c4dde056feae58718affb23dc1242f0a7668cb0f9d#1123936,1775065259,24786304,0x5095d9c34e6a8cc44c8737c4dde056feae58718affb23dc1242f0a7668cb0f9d,40,0x8ad599c3a0ff1de082011efddc58f1908eb6e6d8,3000.0,0.0,315749109.0,0xe592427a0aece92de3edee1f18e0157c05861564,0x2a93f88e70df0ebe9cadaf72940de5a4f4204a29,0x2a93f88e70df0ebe9cadaf72940de5a4f4204a29,,0xa0b86991c6218b36c1d19d4a2e9eb0ce3606eb48,USDC,6,0xc02aaa39b223fe8d0a0e5c4f27ead9083c756cc2,WETH,18,-2.134574,0.001,2.1377856990450788,,1.712267165352837e+33,199629.0,,,2026-04-01T17:40:59+00:00
swap,0xc43efa6ecb0ac733fc4667f3ef6663ee91baccf85cdcb653c944e1d854162a1b#1123937,1775065691,24786340,0xc43efa6ecb0ac733fc4667f3ef6663ee91baccf85cdcb653c944e1d854162a1b,390,0x8ad599c3a0ff1de082011efddc58f1908eb6e6d8,3000.0,0.0,300970968.0,0xe592427a0aece92de3edee1f18e0157c05861564,0x2a93f88e70df0ebe9cadaf72940de5a4f4204a29,0x2a93f88e70df0ebe9cadaf72940de5a4f4204a29,,0xa0b86991c6218b36c1d19d4a2e9eb0ce3606eb48,USDC,6,0xc02aaa39b223fe8d0a0e5c4f27ead9083c756cc2,WETH,18,-2.134574,0.001,2.1377856266518056,,1.7122672232495103e+33,199629.0,,,2026-04-01T17:48:11+00:00
swap,0x21eda567a557f9d57a699f098c990c01119fa12e8c9b498ed25322ac5be01401#1123938,1775065751,24786345,0x21eda567a557f9d57a699f098c990c01119fa12e8c9b498ed25322ac5be01401,237,0x8ad599c3a0ff1de082011efddc58f1908eb6e6d8,3000.0,0.0,359891906.0,0xe592427a0aece92de3edee1f18e0157c05861564,0x2a93f88e70df0ebe9cadaf72940de5a4f4204a29,0x2a93f88e70df0ebe9cadaf72940de5a4f4204a29,,0xa0b86991c6218b36c1d19d4a2e9eb0ce3606eb48,USDC,6,0xc02aaa39b223fe8d0a0e5c4f27ead9083c756cc2,WETH,18,-2.134574,0.001,2.1377855542585396,,1.7122672811461836e+33,199629.0,,,2026-04-01T17:49:11+00:00
swap,0x708e1b3bb783c53ac58fa13384c1e8163c7d7b2d0c3e0f5350d4e6b07b0b9df4#1123939,1775065847,24786353,0x708e1b3bb783c53ac58fa13384c1e8163c7d7b2d0c3e0f5350d4e6b07b0b9df4,153,0x8ad599c3a0ff1de082011efddc58f1908eb6e6d8,3000.0,0.0,315978684.0,0xeff6cb8b614999d130e537751ee99724d01aa167,0xeff6cb8b614999d130e537751ee99724d01aa167,0x941d27c21cdd0b595d2a66639af106c27e5ce610,,0xa0b86991c6218b36c1d19d4a2e9eb0ce3606eb48,USDC,6,0xc02aaa39b223fe8d0a0e5c4f27ead9083c756cc2,WETH,18,-4031.613823,1.8888412218187476,4037.8085719415317,,1.7123766387693882e+33,199631.0,,,2026-04-01T17:50:47+00:00
swap,0xef3ea0548cf6ab3529d3a4212b00d52c6d094cac267eec96ba710aca3c5e5c20#1123940,1775065859,24786354,0xef3ea0548cf6ab3529d3a4212b00d52c6d094cac267eec96ba710aca3c5e5c20,24,0x8ad599c3a0ff1de082011efddc58f1908eb6e6d8,3000.0,0.0,293686048.0,0x51c72848c68a965f66fa7a88855f9f7784502a7f,0x51c72848c68a965f66fa7a88855f9f7784502a7f,0x50581cc596f1aa7169eaa6c04f963d4755ef63f1,,0xa0b86991c6218b36c1d19d4a2e9eb0ce3606eb48,USDC,6,0xc02aaa39b223fe8d0a0e5c4f27ead9083c756cc2,WETH,18,-8163.373326,3.825340405687339,8176.184735398222,,1.7125981132532584e+33,199633.0,,,2026-04-01T17:50:59+00:00
swap,0x001d37f4f42abe4cdf1c5ce81214bfb2074b2b3ed729f455c2fac9c59effb91d#1123941,1775066255,24786387,0x001d37f4f42abe4cdf1c5ce81214bfb2074b2b3ed729f455c2fac9c59effb91d,113,0x8ad599c3a0ff1de082011efddc58f1908eb6e6d8,3000.0,0.0,253538711.0,0x06cff7088619c7178f5e14f0b119458d08d2f5ef,0x06cff7088619c7178f5e14f0b119458d08d2f5ef,0xf07b4d27cae6571857e51ab3fb209f5226de2d88,,0xa0b86991c6218b36c1d19d4a2e9eb0ce3606eb48,USDC,6,0xc02aaa39b223fe8d0a0e5c4f27ead9083c756cc2,WETH,18,1.372037,-0.000639164204405079,1.369978485176657,,1.7125980761364266e+33,199633.0,,,2026-04-01T17:57:35+00:00
swap,0xe6984ba51181ad44695811408e7729dc443aff150aafdb56dcef10615a1b61ee#1123942,1775066543,24786411,0xe6984ba51181ad44695811408e7729dc443aff150aafdb56dcef10615a1b61ee,22,0x8ad599c3a0ff1de082011efddc58f1908eb6e6d8,3000.0,0.0,276219282.0,0x51c72848c68a965f66fa7a88855f9f7784502a7f,0x51c72848c68a965f66fa7a88855f9f7784502a7f,0x82fab289311422664a26864322bf88eabf5b4131,,0xa0b86991c6218b36c1d19d4a2e9eb0ce3606eb48,USDC,6,0xc02aaa39b223fe8d0a0e5c4f27ead9083c756cc2,WETH,18,-18173.258493,8.519506653032106,18203.225352064226,,1.7130913272301078e+33,199639.0,,,2026-04-01T18:02:23+00:00
swap,0x6b562c0d369fcad2af2c705c5046b0d9b6d56656e99d4d5fbe16e830c3fd18b0#1123943,1775066555,24786412,0x6b562c0d369fcad2af2c705c5046b0d9b6d56656e99d4d5fbe16e830c3fd18b0,20,0x8ad599c3a0ff1de082011efddc58f1908eb6e6d8,3000.0,0.0,265996408.0,0x51c72848c68a965f66fa7a88855f9f7784502a7f,0x51c72848c68a965f66fa7a88855f9f7784502a7f,0xebedc8e9ff409b23dd251f87ccbffa8075f87255,,0xa0b86991c6218b36c1d19d4a2e9eb0ce3606eb48,USDC,6,0xc02aaa39b223fe8d0a0e5c4f27ead9083c756cc2,WETH,18,-36931.724116,17.328483501724527,36998.1353564522,,1.714094588778829e+33,199651.0,,,2026-04-01T18:02:35+00:00
swap,0x8a9ccf086c90635987d881092e0f0bed7132d3b8de0e09be83dfa3b10b10b9a7#1123944,1775066567,24786413,0x8a9ccf086c90635987d881092e0f0bed7132d3b8de0e09be83dfa3b10b10b9a7,17,0x8ad599c3a0ff1de082011efddc58f1908eb6e6d8,3000.0,0.0,4729706001.0,0x51c72848c68a965f66fa7a88855f9f7784502a7f,0x51c72848c68a965f66fa7a88855f9f7784502a7f,0x17fb4a31b8a468cd5be0ea6e037781eb5f19643e,,0xa0b86991c6218b36c1d19d4a2e9eb0ce3606eb48,USDC,6,0xc02aaa39b223fe8d0a0e5c4f27ead9083c756cc2,WETH,18,-13485.679892,6.332584184945006,13507.415877029089,,1.7144612243367624e+33,199655.0,,,2026-04-01T18:02:47+00:00
swap,0x7981372f8551d3c591ba39b102bed06b7f92d8b80b8301564252312893c0fcc4#1123945,1775066567,24786413,0x7981372f8551d3c591ba39b102bed06b7f92d8b80b8301564252312893c0fcc4,969,0x8ad599c3a0ff1de082011efddc58f1908eb6e6d8,3000.0,0.0,260008065.0,0x06cff7088619c7178f5e14f0b119458d08d2f5ef,0x06cff7088619c7178f5e14f0b119458d08d2f5ef,0x333c92538e7f47d17c79e5975d4e40e901427558,,0xa0b86991c6218b36c1d19d4a2e9eb0ce3606eb48,USDC,6,0xc02aaa39b223fe8d0a0e5c4f27ead9083c756cc2,WETH,18,0.351538,-0.00016412060985254,0.35101049902583775,,1.714461214806133e+33,199655.0,,,2026-04-01T18:02:47+00:00
swap,0xb0a4716b11f10bba8808607cd2072f6d88d0ca18feb3cac7888f2ac3e12a6010#1123946,1775066603,24786416,0xb0a4716b11f10bba8808607cd2072f6d88d0ca18feb3cac7888f2ac3e12a6010,16,0x8ad599c3a0ff1de082011efddc58f1908eb6e6d8,3000.0,0.0,31492604581.0,0xbdb3ba9ffe392549e1f8658dd2630c141fdf47b6,0xbdb3ba9ffe392549e1f8658dd2630c141fdf47b6,0x5b43453fce04b92e190f391a83136bfbecedefd1,,0xa0b86991c6218b36c1d19d4a2e9eb0ce3606eb48,USDC,6,0xc02aaa39b223fe8d0a0e5c4f27ead9083c756cc2,WETH,18,-29709.725802,13.960608387492922,29761.448798620277,,1.7152694875895267e+33,199664.0,,,2026-04-01T18:03:23+00:00
swap,0x7662adbd093f97b8a11f63c84bcd751b2924ec3dcdd584827564b3fe64578e1f#1123947,1775066615,24786417,0x7662adbd093f97b8a11f63c84bcd751b2924ec3dcdd584827564b3fe64578e1f,20,0x8ad599c3a0ff1de082011efddc58f1908eb6e6d8,3000.0,0.0,275312336.0,0x63242a4ea82847b20e506b63b0e2e2eff0cc6cb0,0xbee3211ab312a8d065c4fef0247448e17a8da000,0xbee771bdfd802a8a6e3c040902aec1be1a11b006,,0xa0b86991c6218b36c1d19d4a2e9eb0ce3606eb48,USDC,6,0xc02aaa39b223fe8d0a0e5c4f27ead9083c756cc2,WETH,18,-2795.755937,1.31440415079392,2800.0243948044485,,1.7153455872172778e+33,199665.0,,,2026-04-01T18:03:35+00:00
swap,0x720af5d6dd31a289d0faeebcfc2cd49c8a540887187577e109f6e8a979a06a05#1123948,1775066627,24786418,0x720af5d6dd31a289d0faeebcfc2cd49c8a540887187577e109f6e8a979a06a05,175,0x8ad599c3a0ff1de082011efddc58f1908eb6e6d8,3000.0,0.0,1812595885.0,0x51c72848c68a965f66fa7a88855f9f7784502a7f,0x51c72848c68a965f66fa7a88855f9f7784502a7f,0xad35ed1cfe7c17c7b06c5c5d0672c57da4925299,,0xa0b86991c6218b36c1d19d4a2e9eb0ce3606eb48,USDC,6,0xc02aaa39b223fe8d0a0e5c4f27ead9083c756cc2,WETH,18,-6936.227006,3.261519936829807,6947.045584312329,,1.7155344183716418e+33,199668.0,,,2026-04-01T18:03:47+00:00
swap,0xec00449a8210a2eb681e07f20fcc64168c16550ab3ad94a45c7e8d994a1a0f72#1123949,1775066639,24786419,0xec00449a8210a2eb681e07f20fcc64168c16550ab3ad94a45c7e8d994a1a0f72,39,0x8ad599c3a0ff1de082011efddc58f1908eb6e6d8,3000.0,0.0,8115326723.0,0xbdb3ba9ffe392549e1f8658dd2630c141fdf47b6,0xbdb3ba9ffe392549e1f8658dd2630c141fdf47b6,0x5b43453fce04b92e190f391a83136bfbecedefd1,,0xa0b86991c6218b36c1d19d4a2e9eb0ce3606eb48,USDC,6,0xc02aaa39b223fe8d0a0e5c4f27ead9083c756cc2,WETH,18,-11610.572856,5.461076092818275,11629.114271676595,,1.715850596510255e+33,199671.0,,,2026-04-01T18:03:59+00:00
swap,0x9da1a65a2c0c4850c022aad2537beb9360425e30d4fe7ec002861bedb96a82bf#1123950,1775066663,24786421,0x9da1a65a2c0c4850c022aad2537beb9360425e30d4fe7ec002861bedb96a82bf,313,0x8ad599c3a0ff1de082011efddc58f1908eb6e6d8,3000.0,0.0,266566874.0,0x63242a4ea82847b20e506b63b0e2e2eff0cc6cb0,0x63242a4ea82847b20e506b63b0e2e2eff0cc6cb0,0x6937597adb4270a42dcc65231af18a4c54abb0b7,,0xa0b86991c6218b36c1d19d4a2e9eb0ce3606eb48,USDC,6,0xc02aaa39b223fe8d0a0e5c4f27ead9083c756cc2,WETH,18,-4007.894723,1.8855955749945068,4014.0525385259602,,1.7159597662213056e+33,199673.0,,,2026-04-01T18:04:23+00:00
swap,0x782a57514ee67793956f6429ba6e98b6afe6030801019b03ba261baa65a01d81#1123951,1775066723,24786426,0x782a57514ee67793956f6429ba6e98b6afe6030801019b03ba261baa65a01d81,375,0x8ad599c3a0ff1de082011efddc58f1908eb6e6d8,3000.0,0.0,276466726.0,0x06cff7088619c7178f5e14f0b119458d08d2f5ef,0x06cff7088619c7178f5e14f0b119458d08d2f5ef,0xdf8adfe10d4a4d9f0fc4d3e377a6e8d5730eb40c,,0xa0b86991c6218b36c1d19d4a2e9eb0ce3606eb48,USDC,6,0xc02aaa39b223fe8d0a0e5c4f27ead9083c756cc2,WETH,18,8.56073,-0.00400369413907819,8.547887921786582,,1.7159595337232397e+33,199673.0,,,2026-04-01T18:05:23+00:00
burn,0x3ba106d7438166ae4bdb7c47dad4406af9ff7bcc0f5fff0b1848e4ac0012dcee#1123957,1775067107,24786458,0x3ba106d7438166ae4bdb7c47dad4406af9ff7bcc0f5fff0b1848e4ac0012dcee,473,0x8ad599c3a0ff1de082011efddc58f1908eb6e6d8,3000.0,0.0,2246978469.0,,,0xb81eda98616ea6eb8cacaca408ac0abac1f5ee81,0xc36442b4a4522e871399cd717abdd847ab11fe88,0xa0b86991c6218b36c1d19d4a2e9eb0ce3606eb48,USDC,6,0xc02aaa39b223fe8d0a0e5c4f27ead9083c756cc2,WETH,18,0.0,0.0,0.0,0.0,,,194760.0,201600.0,2026-04-01T18:11:47+00:00
swap,0x9cb1d08d7daa1606e90900c53931d2c34475656cd8054da598c777b66f5a0b0a#1123953,1775067119,24786459,0x9cb1d08d7daa1606e90900c53931d2c34475656cd8054da598c777b66f5a0b0a,620,0x8ad599c3a0ff1de082011efddc58f1908eb6e6d8,3000.0,0.0,356841208.0,0xe592427a0aece92de3edee1f18e0157c05861564,0x2a93f88e70df0ebe9cadaf72940de5a4f4204a29,0x2a93f88e70df0ebe9cadaf72940de5a4f4204a29,,0xa0b86991c6218b36c1d19d4a2e9eb0ce3606eb48,USDC,6,0xc02aaa39b223fe8d0a0e5c4f27ead9083c756cc2,WETH,18,-0.021253,1e-05,0.021285466269576347,,1.7159595343022066e+33,199673.0,,,2026-04-01T18:11:59+00:00
swap,0x592e6ed5a99fd70a701a3abe0481e1a1984648190f93f4a3876bc61a4ddbe9c0#1123954,1775067131,24786460,0x592e6ed5a99fd70a701a3abe0481e1a1984648190f93f4a3876bc61a4ddbe9c0,418,0x8ad599c3a0ff1de082011efddc58f1908eb6e6d8,3000.0,0.0,391568782.0,0xe592427a0aece92de3edee1f18e0157c05861564,0x2a93f88e70df0ebe9cadaf72940de5a4f4204a29,0x2a93f88e70df0ebe9cadaf72940de5a4f4204a29,,0xa0b86991c6218b36c1d19d4a2e9eb0ce3606eb48,USDC,6,0xc02aaa39b223fe8d0a0e5c4f27ead9083c756cc2,WETH,18,-0.03188,1.5e-05,0.03192844939357548,,1.7159595351706566e+33,199673.0,,,2026-04-01T18:12:11+00:00
swap,0x821798fd2a920471a2429aefd7f86ac69e36c96c2afc88731b76d0602b5deec8#1123955,1775067899,24786524,0x821798fd2a920471a2429aefd7f86ac69e36c96c2afc88731b76d0602b5deec8,45,0x8ad599c3a0ff1de082011efddc58f1908eb6e6d8,3000.0,0.0,184655167.0,0x51c72848c68a965f66fa7a88855f9f7784502a7f,0x51c72848c68a965f66fa7a88855f9f7784502a7f,0x43605d68015b0a4df59e20afc77c9413665eb8dd,,0xa0b86991c6218b36c1d19d4a2e9eb0ce3606eb48,USDC,6,0xc02aaa39b223fe8d0a0e5c4f27ead9083c756cc2,WETH,18,-4225.607217,1.98828217096731,4232.106864398783,,1.7160746500940106e+33,199674.0,,,2026-04-01T18:24:59+00:00
swap,0xe335bef54a41cca14e337ddd009181dab44539a52b01c58d5c16cc4e2e3b4adb#1123956,1775068127,24786543,0xe335bef54a41cca14e337ddd009181dab44539a52b01c58d5c16cc4e2e3b4adb,105,0x8ad599c3a0ff1de082011efddc58f1908eb6e6d8,3000.0,0.0,1680327461.0,0xf48a3f7c0575c85cf4529aa220caf3c055773f1c,0xf48a3f7c0575c85cf4529aa220caf3c055773f1c,0x04d9634df20aa66b23f114d37c45fa6c6ab76d56,,0xa0b86991c6218b36c1d19d4a2e9eb0ce3606eb48,USDC,6,0xc02aaa39b223fe8d0a0e5c4f27ead9083c756cc2,WETH,18,122380.566135,-57.132122654910795,122079.05008943118,,1.712756937112678e+33,199635.0,,,2026-04-01T18:28:47+00:00
swap,0x83e9ca8c4c0ae6f6d79e0177d8548aa117a4f0daa82256c7576a25307726871e#1123957,1775068127,24786543,0x83e9ca8c4c0ae6f6d79e0177d8548aa117a4f0daa82256c7576a25307726871e,331,0x8ad599c3a0ff1de082011efddc58f1908eb6e6d8,3000.0,0.0,1680327461.0,0xf73fc4bce6de3b1182e68971b65c06b3f4b7eb4e,0x000000000004444c5dc75cb358380d2e3de08a90,0x32e9ce89710fc42207813f5676377513842782f0,,0xa0b86991c6218b36c1d19d4a2e9eb0ce3606eb48,USDC,6,0xc02aaa39b223fe8d0a0e5c4f27ead9083c756cc2,WETH,18,-7361.717891,3.451174966593232,7373.224399214089,,1.712956748662347e+33,199637.0,,,2026-04-01T18:28:47+00:00
swap,0xe343c24d9e45e8ef2c0414c4a348b2420016a5e5106a8546f29ab1d0e5afff5b#1123958,1775068139,24786544,0xe343c24d9e45e8ef2c0414c4a348b2420016a5e5106a8546f29ab1d0e5afff5b,51,0x8ad599c3a0ff1de082011efddc58f1908eb6e6d8,3000.0,0.0,181904946.0,0x51c72848c68a965f66fa7a88855f9f7784502a7f,0x51c72848c68a965f66fa7a88855f9f7784502a7f,0xc8df1a5953aa7f62a35ff1501e0c10eb3c33ebfe,,0xa0b86991c6218b36c1d19d4a2e9eb0ce3606eb48,USDC,6,0xc02aaa39b223fe8d0a0e5c4f27ead9083c756cc2,WETH,18,-84792.680941,39.80895634670679,84977.46916865023,,1.7152615548038305e+33,199664.0,,,2026-04-01T18:28:59+00:00
swap,0xbc6f6057487d0ab1ef0fea4c5a4fd79c895a5df4a40e65dc2374e40218c0ddac#1123959,1775068211,24786550,0xbc6f6057487d0ab1ef0fea4c5a4fd79c895a5df4a40e65dc2374e40218c0ddac,18,0x8ad599c3a0ff1de082011efddc58f1908eb6e6d8,3000.0,0.0,203190034.0,0x51c72848c68a965f66fa7a88855f9f7784502a7f,0x51c72848c68a965f66fa7a88855f9f7784502a7f,0x7194f3933b0a01b23be11c4c9ac66f74c3ee281e,,0xa0b86991c6218b36c1d19d4a2e9eb0ce3606eb48,USDC,6,0xc02aaa39b223fe8d0a0e5c4f27ead9083c756cc2,WETH,18,-26994.166414,12.69586724614572,27040.580870934897,,1.7159966032825078e+33,199673.0,,,2026-04-01T18:30:11+00:00
swap,0x75d0de927bc84084fcd05d086488bef32084c3c05cdafe301521bbdc0632b354#1123960,1775068655,24786587,0x75d0de927bc84084fcd05d086488bef32084c3c05cdafe301521bbdc0632b354,39,0x8ad599c3a0ff1de082011efddc58f1908eb6e6d8,3000.0,0.0,204770877.0,0x06cff7088619c7178f5e14f0b119458d08d2f5ef,0x06cff7088619c7178f5e14f0b119458d08d2f5ef,0x84e03f3b74b10c70db109cae6523c09a01552186,,0xa0b86991c6218b36c1d19d4a2e9eb0ce3606eb48,USDC,6,0xc02aaa39b223fe8d0a0e5c4f27ead9083c756cc2,WETH,18,1.850886,-0.000865662123750503,1.8481094729706746,,1.7159965530127413e+33,199673.0,,,2026-04-01T18:37:35+00:00
swap,0xa05b97481e30252c04f588e4ea7cf0d2a6a07f38a722ccaac235fdbf660049f5#1123961,1775068679,24786589,0xa05b97481e30252c04f588e4ea7cf0d2a6a07f38a722ccaac235fdbf660049f5,47,0x8ad599c3a0ff1de082011efddc58f1908eb6e6d8,3000.0,0.0,209704694.0,0x06cff7088619c7178f5e14f0b119458d08d2f5ef,0x06cff7088619c7178f5e14f0b119458d08d2f5ef,0xdf8adfe10d4a4d9f0fc4d3e377a6e8d5730eb40c,,0xa0b86991c6218b36c1d19d4a2e9eb0ce3606eb48,USDC,6,0xc02aaa39b223fe8d0a0e5c4f27ead9083c756cc2,WETH,18,0.499534,-0.000233632639617649,0.4987844980311824,,1.7159965394454868e+33,199673.0,,,2026-04-01T18:37:59+00:00
swap,0xcb9ad1f5928a7e56ebb360709891e0edcf7b3b8e3810b285aa433a3cadaed8c1#1123962,1775068895,24786607,0xcb9ad1f5928a7e56ebb360709891e0edcf7b3b8e3810b285aa433a3cadaed8c1,277,0x8ad599c3a0ff1de082011efddc58f1908eb6e6d8,3000.0,0.0,231604365.0,0x99719e434ec7e5bf587599e4ca55817b3baceb8a,0x99719e434ec7e5bf587599e4ca55817b3baceb8a,0xa7f739004a993183374e13fdffafe7c887b04fad,,0xa0b86991c6218b36c1d19d4a2e9eb0ce3606eb48,USDC,6,0xc02aaa39b223fe8d0a0e5c4f27ead9083c756cc2,WETH,18,0.307335,-0.000143740587421164,0.3068734992547578,,1.7159965310983437e+33,199673.0,,,2026-04-01T18:41:35+00:00
swap,0x16f42158157a0588a654d3eb8bc78542ed2601689ab8c31272223275b6339b1c#1123963,1775069915,24786692,0x16f42158157a0588a654d3eb8bc78542ed2601689ab8c31272223275b6339b1c,53,0x8ad599c3a0ff1de082011efddc58f1908eb6e6d8,3000.0,0.0,329984225.0,0x06cff7088619c7178f5e14f0b119458d08d2f5ef,0x06cff7088619c7178f5e14f0b119458d08d2f5ef,0xd7e1236c08731c3632519dcd1a581bfe6876a3b2,,0xa0b86991c6218b36c1d19d4a2e9eb0ce3606eb48,USDC,6,0xc02aaa39b223fe8d0a0e5c4f27ead9083c756cc2,WETH,18,2.647172,-0.001238086148060825,2.6432009447108187,,1.715996459201584e+33,199673.0,,,2026-04-01T18:58:35+00:00
swap,0x6470ab93f86eda22889451e7378b10bedcd3bc92b8fdbaf4340118831c4f1740#1123964,1775069915,24786692,0x6470ab93f86eda22889451e7378b10bedcd3bc92b8fdbaf4340118831c4f1740,805,0x8ad599c3a0ff1de082011efddc58f1908eb6e6d8,3000.0,0.0,329984225.0,0x06cff7088619c7178f5e14f0b119458d08d2f5ef,0x06cff7088619c7178f5e14f0b119458d08d2f5ef,0xdf8adfe10d4a4d9f0fc4d3e377a6e8d5730eb40c,,0xa0b86991c6218b36c1d19d4a2e9eb0ce3606eb48,USDC,6,0xc02aaa39b223fe8d0a0e5c4f27ead9083c756cc2,WETH,18,0.269947,-0.000126254542516545,0.26954199942504636,,1.715996451869871e+33,199673.0,,,2026-04-01T18:58:35+00:00
swap,0x1d37472ab995d3216fb8e4f9add229480621d1ae9b7707af50047761bb3fb174#1123965,1775070875,24786772,0x1d37472ab995d3216fb8e4f9add229480621d1ae9b7707af50047761bb3fb174,58,0x8ad599c3a0ff1de082011efddc58f1908eb6e6d8,3000.0,0.0,297235010.0,0x06cff7088619c7178f5e14f0b119458d08d2f5ef,0x06cff7088619c7178f5e14f0b119458d08d2f5ef,0xdf8adfe10d4a4d9f0fc4d3e377a6e8d5730eb40c,,0xa0b86991c6218b36c1d19d4a2e9eb0ce3606eb48,USDC,6,0xc02aaa39b223fe8d0a0e5c4f27ead9083c756cc2,WETH,18,0.335226,-0.000156785550837323,0.3347229991133527,,1.7159964427651952e+33,199673.0,,,2026-04-01T19:14:35+00:00
swap,0x032298d703f1938786af2442c1e14640305bae6e595e5ea6013832e32268aadd#1123966,1775071199,24786799,0x032298d703f1938786af2442c1e14640305bae6e595e5ea6013832e32268aadd,145,0x8ad599c3a0ff1de082011efddc58f1908eb6e6d8,3000.0,0.0,279216938.0,0x06cff7088619c7178f5e14f0b119458d08d2f5ef,0x06cff7088619c7178f5e14f0b119458d08d2f5ef,0xdf8adfe10d4a4d9f0fc4d3e377a6e8d5730eb40c,,0xa0b86991c6218b36c1d19d4a2e9eb0ce3606eb48,USDC,6,0xc02aaa39b223fe8d0a0e5c4f27ead9083c756cc2,WETH,18,1.098332,-0.000513691506602752,1.0966844904820534,,1.7159964129346742e+33,199673.0,,,2026-04-01T19:19:59+00:00
swap,0xdfd5571d595d397316aa029edeac43b737ebaf72398944b6e8887d2095656fc4#1123967,1775071559,24786829,0xdfd5571d595d397316aa029edeac43b737ebaf72398944b6e8887d2095656fc4,32,0x8ad599c3a0ff1de082011efddc58f1908eb6e6d8,3000.0,0.0,265745751.0,0x06cff7088619c7178f5e14f0b119458d08d2f5ef,0x06cff7088619c7178f5e14f0b119458d08d2f5ef,0xdf8adfe10d4a4d9f0fc4d3e377a6e8d5730eb40c,,0xa0b86991c6218b36c1d19d4a2e9eb0ce3606eb48,USDC,6,0xc02aaa39b223fe8d0a0e5c4f27ead9083c756cc2,WETH,18,0.348273,-0.000162887710982126,0.3477504990429926,,1.7159964034756404e+33,199673.0,,,2026-04-01T19:25:59+00:00
swap,0x9dace31e349cc0c394191b06102dfb876bf5aaf9a04ab805f8a415651597eac2#1123968,1775071559,24786829,0x9dace31e349cc0c394191b06102dfb876bf5aaf9a04ab805f8a415651597eac2,156,0x8ad599c3a0ff1de082011efddc58f1908eb6e6d8,3000.0,0.0,344745751.0,0xe592427a0aece92de3edee1f18e0157c05861564,0x2a93f88e70df0ebe9cadaf72940de5a4f4204a29,0x2a93f88e70df0ebe9cadaf72940de5a4f4204a29,,0xa0b86991c6218b36c1d19d4a2e9eb0ce3606eb48,USDC,6,0xc02aaa39b223fe8d0a0e5c4f27ead9083c756cc2,WETH,18,-2.125306,0.001,2.1285038239216263,,1.7159964613723138e+33,199673.0,,,2026-04-01T19:25:59+00:00
swap,0x20746cc73548e6a2198ca210b29e98ef0814e5a25142e53c1e54be0e36468c1d#1123969,1775071583,24786831,0x20746cc73548e6a2198ca210b29e98ef0814e5a25142e53c1e54be0e36468c1d,43,0x8ad599c3a0ff1de082011efddc58f1908eb6e6d8,3000.0,0.0,371034676.0,0xe592427a0aece92de3edee1f18e0157c05861564,0x2a93f88e70df0ebe9cadaf72940de5a4f4204a29,0x2a93f88e70df0ebe9cadaf72940de5a4f4204a29,,0xa0b86991c6218b36c1d19d4a2e9eb0ce3606eb48,USDC,6,0xc02aaa39b223fe8d0a0e5c4f27ead9083c756cc2,WETH,18,-2.125306,0.001,2.1285037519993146,,1.7159965192689872e+33,199673.0,,,2026-04-01T19:26:23+00:00
swap,0x78cc1d0933e15216d145c1812ea691099233ef742ee0aae6ca65d54bb792941d#1123970,1775071799,24786849,0x78cc1d0933e15216d145c1812ea691099233ef742ee0aae6ca65d54bb792941d,28,0x8ad599c3a0ff1de082011efddc58f1908eb6e6d8,3000.0,0.0,154067566992.0,0xbdb3ba9ffe392549e1f8658dd2630c141fdf47b6,0xbdb3ba9ffe392549e1f8658dd2630c141fdf47b6,0x5b43453fce04b92e190f391a83136bfbecedefd1,,0xa0b86991c6218b36c1d19d4a2e9eb0ce3606eb48,USDC,6,0xc02aaa39b223fe8d0a0e5c4f27ead9083c756cc2,WETH,18,52902.83806,-24.72203842952019,52801.420502994086,,1.7145608885937883e+33,199656.0,,,2026-04-01T19:29:59+00:00
swap,0x12da1bba3b199ad726e5a4d384ad49bfc14294bdea29b6fd4f353e61f1110818#1123971,1775072495,24786906,0x12da1bba3b199ad726e5a4d384ad49bfc14294bdea29b6fd4f353e61f1110818,77,0x8ad599c3a0ff1de082011efddc58f1908eb6e6d8,3000.0,0.0,25782162303.0,0xbdb3ba9ffe392549e1f8658dd2630c141fdf47b6,0xbdb3ba9ffe392549e1f8658dd2630c141fdf47b6,0x5b43453fce04b92e190f391a83136bfbecedefd1,,0xa0b86991c6218b36c1d19d4a2e9eb0ce3606eb48,USDC,6,0xc02aaa39b223fe8d0a0e5c4f27ead9083c756cc2,WETH,18,4668.856391,-2.179818164103697,4661.681275012901,,1.7144343046216913e+33,199655.0,,,2026-04-01T19:41:35+00:00
swap,0x200efc2aedc00c8bc9f01eaea217ca7c4325d0b92d5d46e61912b51df51ef7bb#1123972,1775072519,24786908,0x200efc2aedc00c8bc9f01eaea217ca7c4325d0b92d5d46e61912b51df51ef7bb,47,0x8ad599c3a0ff1de082011efddc58f1908eb6e6d8,3000.0,0.0,766086301.0,0xf48a3f7c0575c85cf4529aa220caf3c055773f1c,0xf48a3f7c0575c85cf4529aa220caf3c055773f1c,0xef4326f42f2eb656c58fabf8b1d3298dc2ab80c6,,0xa0b86991c6218b36c1d19d4a2e9eb0ce3606eb48,USDC,6,0xc02aaa39b223fe8d0a0e5c4f27ead9083c756cc2,WETH,18,46236.318637,-21.569671071694415,46150.12464562753,,1.7131817347119422e+33,199640.0,,,2026-04-01T19:41:59+00:00
swap,0x23b24e1a5232144db55b71d230c6b537d37d9828a402f062182ba33c45d528b2#1123973,1775072531,24786909,0x23b24e1a5232144db55b71d230c6b537d37d9828a402f062182ba33c45d528b2,45,0x8ad599c3a0ff1de082011efddc58f1908eb6e6d8,3000.0,0.0,2366109446.0,0xf48a3f7c0575c85cf4529aa220caf3c055773f1c,0xf48a3f7c0575c85cf4529aa220caf3c055773f1c,0xf15294da6f0fbc4ed1789f9b1147256c0dfb87de,,0xa0b86991c6218b36c1d19d4a2e9eb0ce3606eb48,USDC,6,0xc02aaa39b223fe8d0a0e5c4f27ead9083c756cc2,WETH,18,5.0,-0.002330841981973601,4.99249980307402,,1.7131815993578833e+33,199640.0,,,2026-04-01T19:42:11+00:00
mint,0x798fdc43453a504966b0f6616f17a9f96b0f1c28e451405486d743e0d722face#1123974,1775073059,24786953,0x798fdc43453a504966b0f6616f17a9f96b0f1c28e451405486d743e0d722face,151,0x8ad599c3a0ff1de082011efddc58f1908eb6e6d8,3000.0,0.0,2279600619.0,0xc36442b4a4522e871399cd717abdd847ab11fe88,,0x80fd367ece47b597d67533cc680894942d56e41a,0xc36442b4a4522e871399cd717abdd847ab11fe88,0xa0b86991c6218b36c1d19d4a2e9eb0ce3606eb48,USDC,6,0xc02aaa39b223fe8d0a0e5c4f27ead9083c756cc2,WETH,18,113.138106,0.03210617488557041,181.80397682584226,22902896922781.0,,,198300.0,201900.0,2026-04-01T19:50:59+00:00
swap,0xa64bf21a39e98e4abcb11d48c5a8d173e1c0c56e0cbf0ab35110824db0eb8626#1123975,1775073203,24786965,0xa64bf21a39e98e4abcb11d48c5a8d173e1c0c56e0cbf0ab35110824db0eb8626,251,0x8ad599c3a0ff1de082011efddc58f1908eb6e6d8,3000.0,0.0,319836895.0,0xe592427a0aece92de3edee1f18e0157c05861564,0x2a93f88e70df0ebe9cadaf72940de5a4f4204a29,0x2a93f88e70df0ebe9cadaf72940de5a4f4204a29,,0xa0b86991c6218b36c1d19d4a2e9eb0ce3606eb48,USDC,6,0xc02aaa39b223fe8d0a0e5c4f27ead9083c756cc2,WETH,18,-0.213229,0.0001,0.21355011452053105,,1.7131816051474533e+33,199640.0,,,2026-04-01T19:53:23+00:00
swap,0x8ef111a596baaaa0682ac05386bab7c52abf872bbeb450a4bec9596d761c22dc#1123976,1775073227,24786967,0x8ef111a596baaaa0682ac05386bab7c52abf872bbeb450a4bec9596d761c22dc,175,0x8ad599c3a0ff1de082011efddc58f1908eb6e6d8,3000.0,0.0,248989106.0,0x06cff7088619c7178f5e14f0b119458d08d2f5ef,0x06cff7088619c7178f5e14f0b119458d08d2f5ef,0xdf8adfe10d4a4d9f0fc4d3e377a6e8d5730eb40c,,0xa0b86991c6218b36c1d19d4a2e9eb0ce3606eb48,USDC,6,0xc02aaa39b223fe8d0a0e5c4f27ead9083c756cc2,WETH,18,0.488326,-0.000227642119847946,0.4875934981216542,,1.7131815919282957e+33,199640.0,,,2026-04-01T19:53:47+00:00
swap,0x9441151fe382c60760247fbc3d4bd5253c3b709d722f3d3fdbe64a6c310a0426#1123977,1775073227,24786967,0x9441151fe382c60760247fbc3d4bd5253c3b709d722f3d3fdbe64a6c310a0426,260,0x8ad599c3a0ff1de082011efddc58f1908eb6e6d8,3000.0,0.0,327989106.0,0xe592427a0aece92de3edee1f18e0157c05861564,0x2a93f88e70df0ebe9cadaf72940de5a4f4204a29,0x2a93f88e70df0ebe9cadaf72940de5a4f4204a29,,0xa0b86991c6218b36c1d19d4a2e9eb0ce3606eb48,USDC,6,0xc02aaa39b223fe8d0a0e5c4f27ead9083c756cc2,WETH,18,-0.213229,0.0001,0.21355011544803051,,1.7131815977178657e+33,199640.0,,,2026-04-01T19:53:47+00:00
swap,0x1a8752ea1f6e0aae60659d1fac13ef01761d5de335da15c48862e945c57ef8b7#1123978,1775073239,24786968,0x1a8752ea1f6e0aae60659d1fac13ef01761d5de335da15c48862e945c57ef8b7,104,0x8ad599c3a0ff1de082011efddc58f1908eb6e6d8,3000.0,0.0,735629628.0,0x63242a4ea82847b20e506b63b0e2e2eff0cc6cb0,0x63242a4ea82847b20e506b63b0e2e2eff0cc6cb0,0xef4326f42f2eb656c58fabf8b1d3298dc2ab80c6,,0xa0b86991c6218b36c1d19d4a2e9eb0ce3606eb48,USDC,6,0xc02aaa39b223fe8d0a0e5c4f27ead9083c756cc2,WETH,18,57907.019258,-26.969742770266,57793.76985020762,,1.711615467150549e+33,199622.0,,,2026-04-01T19:53:59+00:00
swap,0x4f217b00cfd626661345b0dd84d06930f1287647fbf1c69391e3bd0e2274b84b#1123979,1775073239,24786968,0x4f217b00cfd626661345b0dd84d06930f1287647fbf1c69391e3bd0e2274b84b,1111,0x8ad599c3a0ff1de082011efddc58f1908eb6e6d8,3000.0,0.0,235629628.0,0xd226997439ecfbeff8e110c8c78c8a7eefd19f89,0xd226997439ecfbeff8e110c8c78c8a7eefd19f89,0x834d10cef4e5a75d3edddcbb1c5a94f8094e5713,,0xa0b86991c6218b36c1d19d4a2e9eb0ce3606eb48,USDC,6,0xc02aaa39b223fe8d0a0e5c4f27ead9083c756cc2,WETH,18,5e-06,-1.866866353e-09,4.499999999077585e-06,,1.7116154671504407e+33,199622.0,,,2026-04-01T19:53:59+00:00
swap,0xb9f57189bfede731cadb1d178276e22b3f530f41d6d52f615bd11a816beb3a89#1123980,1775073263,24786970,0xb9f57189bfede731cadb1d178276e22b3f530f41d6d52f615bd11a816beb3a89,91,0x8ad599c3a0ff1de082011efddc58f1908eb6e6d8,3000.0,0.0,236855901.0,0x06cff7088619c7178f5e14f0b119458d08d2f5ef,0x06cff7088619c7178f5e14f0b119458d08d2f5ef,0x84e03f3b74b10c70db109cae6523c09a01552186,,0xa0b86991c6218b36c1d19d4a2e9eb0ce3606eb48,USDC,6,0xc02aaa39b223fe8d0a0e5c4f27ead9083c756cc2,WETH,18,17.411524,-0.008101865913287192,17.385404114211457,,1.7116149966758067e+33,199622.0,,,2026-04-01T19:54:23+00:00
swap,0x092844511969c0bd4c2a5ea7364b810e6ddeb184e2dc0b2cee13509bbc094309#1123981,1775073275,24786971,0x092844511969c0bd4c2a5ea7364b810e6ddeb184e2dc0b2cee13509bbc094309,312,0x8ad599c3a0ff1de082011efddc58f1908eb6e6d8,3000.0,0.0,325325728.0,0x68b3465833fb72a70ecdf485e0e4c7bd8665fc45,0x68b3465833fb72a70ecdf485e0e4c7bd8665fc45,0x2a93f88e70df0ebe9cadaf72940de5a4f4204a29,,0xa0b86991c6218b36c1d19d4a2e9eb0ce3606eb48,USDC,6,0xc02aaa39b223fe8d0a0e5c4f27ead9083c756cc2,WETH,18,0.003849,-1.790790565356e-06,0.003842999999882916,,1.7116149965718155e+33,199622.0,,,2026-04-01T19:54:35+00:00
swap,0xdd56c2922b2df32700610164abb58a202cdfaf8ac396827e01ac91bdcf5e3d9b#1123982,1775073323,24786975,0xdd56c2922b2df32700610164abb58a202cdfaf8ac396827e01ac91bdcf5e3d9b,264,0x8ad599c3a0ff1de082011efddc58f1908eb6e6d8,3000.0,0.0,751498314.0,0xf48a3f7c0575c85cf4529aa220caf3c055773f1c,0xf48a3f7c0575c85cf4529aa220caf3c055773f1c,0xef4326f42f2eb656c58fabf8b1d3298dc2ab80c6,,0xa0b86991c6218b36c1d19d4a2e9eb0ce3606eb48,USDC,6,0xc02aaa39b223fe8d0a0e5c4f27ead9083c756cc2,WETH,18,26237.873853,-12.203843481130331,26193.09209176928,,1.7109046009698072e+33,199613.0,,,2026-04-01T19:55:23+00:00
swap,0x0a76588639f1d9d94390441ef21a7582e5a31e4ef2c28471af87096dcb69c1f4#1123983,1775073455,24786986,0x0a76588639f1d9d94390441ef21a7582e5a31e4ef2c28471af87096dcb69c1f4,145,0x8ad599c3a0ff1de082011efddc58f1908eb6e6d8,3000.0,0.0,351426516.0,0xe592427a0aece92de3edee1f18e0157c05861564,0x2a93f88e70df0ebe9cadaf72940de5a4f4204a29,0x2a93f88e70df0ebe9cadaf72940de5a4f4204a29,,0xa0b86991c6218b36c1d19d4a2e9eb0ce3606eb48,USDC,6,0xc02aaa39b223fe8d0a0e5c4f27ead9083c756cc2,WETH,18,-0.213797,0.0001,0.2141189395779683,,1.7109046067788342e+33,199613.0,,,2026-04-01T19:57:35+00:00
swap,0x11183c4418fc9f46d5d2d2f6b8e8cbf2b3b5fae9ad56c8ffb53c1f5a4df4815c#1123984,1775073467,24786987,0x11183c4418fc9f46d5d2d2f6b8e8cbf2b3b5fae9ad56c8ffb53c1f5a4df4815c,150,0x8ad599c3a0ff1de082011efddc58f1908eb6e6d8,3000.0,0.0,343344284.0,0xe592427a0aece92de3edee1f18e0157c05861564,0x2a93f88e70df0ebe9cadaf72940de5a4f4204a29,0x2a93f88e70df0ebe9cadaf72940de5a4f4204a29,,0xa0b86991c6218b36c1d19d4a2e9eb0ce3606eb48,USDC,6,0xc02aaa39b223fe8d0a0e5c4f27ead9083c756cc2,WETH,18,-0.213797,0.0001,0.21411893884987807,,1.7109046125878614e+33,199613.0,,,2026-04-01T19:57:47+00:00
burn,0x6edde02c3a19d5e56824f227e477eb6cdf2fc234559e34f193b86bf5278219c5#1123990,1775073623,24787000,0x6edde02c3a19d5e56824f227e477eb6cdf2fc234559e34f193b86bf5278219c5,715,0x8ad599c3a0ff1de082011efddc58f1908eb6e6d8,3000.0,0.0,266910827.0,,,0x158d8a91eeb479dc3f578aba68a55d78a7ee4b03,0xc36442b4a4522e871399cd717abdd847ab11fe88,0xa0b86991c6218b36c1d19d4a2e9eb0ce3606eb48,USDC,6,0xc02aaa39b223fe8d0a0e5c4f27ead9083c756cc2,WETH,18,0.0,0.0,0.0,0.0,,,199320.0,200520.0,2026-04-01T20:00:23+00:00
swap,0x5f14acc1f896c3c7b29912eb4210e3216f5c744fe55993b73fd2d955764a1729#1123986,1775073635,24787001,0x5f14acc1f896c3c7b29912eb4210e3216f5c744fe55993b73fd2d955764a1729,164,0x8ad599c3a0ff1de082011efddc58f1908eb6e6d8,3000.0,0.0,287475812.0,0x2c0552e5dcb79b064fd23e358a86810bc5994244,0x2c0552e5dcb79b064fd23e358a86810bc5994244,0xbbf8e7cc7a29af9eb149beb9d83cfe015719f9ef,,0xa0b86991c6218b36c1d19d4a2e9eb0ce3606eb48,USDC,6,0xc02aaa39b223fe8d0a0e5c4f27ead9083c756cc2,WETH,18,-2.775936,0.001298394923651746,2.780112725690455,,1.710904688011975e+33,199614.0,,,2026-04-01T20:00:35+00:00
swap,0xec5bc6539e579906040fa4042216fdb856380dd932ff36186b9f2ea14220ff6a#1123987,1775073791,24787014,0xec5bc6539e579906040fa4042216fdb856380dd932ff36186b9f2ea14220ff6a,28,0x8ad599c3a0ff1de082011efddc58f1908eb6e6d8,3000.0,0.0,262641755.0,0x51c72848c68a965f66fa7a88855f9f7784502a7f,0x51c72848c68a965f66fa7a88855f9f7784502a7f,0x25039438290bdc35d1eed16961990d759bb498bd,,0xa0b86991c6218b36c1d19d4a2e9eb0ce3606eb48,USDC,6,0xc02aaa39b223fe8d0a0e5c4f27ead9083c756cc2,WETH,18,-3561.339284,1.6658474191002253,3566.7983857191134,,1.711001457540802e+33,199615.0,,,2026-04-01T20:03:11+00:00
swap,0x6f193976d3edb5c5c89cf44847cc048b5cfb0df46341b9439f74e11b695189ca#1123988,1775073803,24787015,0x6f193976d3edb5c5c89cf44847cc048b5cfb0df46341b9439f74e11b695189ca,95,0x8ad599c3a0ff1de082011efddc58f1908eb6e6d8,3000.0,0.0,261101027.0,0x51c72848c68a965f66fa7a88855f9f7784502a7f,0x51c72848c68a965f66fa7a88855f9f7784502a7f,0xab7b44ae25af88d306dc0a5c6c39bbeb8916eabb,,0xa0b86991c6218b36c1d19d4a2e9eb0ce3606eb48,USDC,6,0xc02aaa39b223fe8d0a0e5c4f27ead9083c756cc2,WETH,18,-3175.615803,1.4855808476716603,3180.4738857022035,,1.7110877553355553e+33,199616.0,,,2026-04-01T20:03:23+00:00
swap,0xe5ed7c80b3a78de7e809102eef49639ec6246b20a0a7f1057a67dd49e983382b#1123989,1775073815,24787016,0xe5ed7c80b3a78de7e809102eef49639ec6246b20a0a7f1057a67dd49e983382b,249,0x8ad599c3a0ff1de082011efddc58f1908eb6e6d8,3000.0,0.0,317741149.0,0xfc9642049d1151868e45946330215e3df3ae69c2,0xfc9642049d1151868e45946330215e3df3ae69c2,0x7ea49f025d36450ffe9c5b99749f2fa7c11cfd58,,0xa0b86991c6218b36c1d19d4a2e9eb0ce3606eb48,USDC,6,0xc02aaa39b223fe8d0a0e5c4f27ead9083c756cc2,WETH,18,-3.6158,0.001691588653909426,3.621240529285303,,1.7110878536003995e+33,199616.0,,,2026-04-01T20:03:35+00:00
swap,0xb8bc2bd83c6fc594f2aad5eecc760f7836a18c70f0bd5c45b4ea1a2dbf5a5dbb#1123990,1775073851,24787019,0xb8bc2bd83c6fc594f2aad5eecc760f7836a18c70f0bd5c45b4ea1a2dbf5a5dbb,17,0x8ad599c3a0ff1de082011efddc58f1908eb6e6d8,3000.0,0.0,241951554.0,0x51c72848c68a965f66fa7a88855f9f7784502a7f,0x51c72848c68a965f66fa7a88855f9f7784502a7f,0x104da4efb22a7e560e6df9c813e5eb54ca038737,,0xa0b86991c6218b36c1d19d4a2e9eb0ce3606eb48,USDC,6,0xc02aaa39b223fe8d0a0e5c4f27ead9083c756cc2,WETH,18,-23608.205132,11.048822733172074,23648.161531199923,,1.7117286386435134e+33,199623.0,,,2026-04-01T20:04:11+00:00
swap,0x448a43c6d7be8c8ad29920bba0d2195007f9fef6133b76480bc4e890a1305d06#1123991,1775073875,24787021,0x448a43c6d7be8c8ad29920bba0d2195007f9fef6133b76480bc4e890a1305d06,20,0x8ad599c3a0ff1de082011efddc58f1908eb6e6d8,3000.0,0.0,206427630019.0,0xbdb3ba9ffe392549e1f8658dd2630c141fdf47b6,0xbdb3ba9ffe392549e1f8658dd2630c141fdf47b6,0x5b43453fce04b92e190f391a83136bfbecedefd1,,0xa0b86991c6218b36c1d19d4a2e9eb0ce3606eb48,USDC,6,0xc02aaa39b223fe8d0a0e5c4f27ead9083c756cc2,WETH,18,-77628.476847,36.38905414956274,77793.18566864492,,1.71383540845861e+33,199648.0,,,2026-04-01T20:04:35+00:00
swap,0x7099f6d874aa7a4e73522b9db107c94b948a9bb1db5847d9a13681cc9108781b#1123992,1775073971,24787029,0x7099f6d874aa7a4e73522b9db107c94b948a9bb1db5847d9a13681cc9108781b,194,0x8ad599c3a0ff1de082011efddc58f1908eb6e6d8,3000.0,0.0,227373986.0,0x06cff7088619c7178f5e14f0b119458d08d2f5ef,0x06cff7088619c7178f5e14f0b119458d08d2f5ef,0xf07b4d27cae6571857e51ab3fb209f5226de2d88,,0xa0b86991c6218b36c1d19d4a2e9eb0ce3606eb48,USDC,6,0xc02aaa39b223fe8d0a0e5c4f27ead9083c756cc2,WETH,18,3.682489,-0.001717970029902996,3.6769648931427006,,1.713835308696243e+33,199648.0,,,2026-04-01T20:06:11+00:00
swap,0xbee4ed6a32b810a5743cafd730248bb387891df5531a29293f2a7c82bcbfa529#1123993,1775074103,24787040,0xbee4ed6a32b810a5743cafd730248bb387891df5531a29293f2a7c82bcbfa529,462,0x8ad599c3a0ff1de082011efddc58f1908eb6e6d8,3000.0,0.0,247218623.0,0xe592427a0aece92de3edee1f18e0157c05861564,0x2a93f88e70df0ebe9cadaf72940de5a4f4204a29,0x2a93f88e70df0ebe9cadaf72940de5a4f4204a29,,0xa0b86991c6218b36c1d19d4a2e9eb0ce3606eb48,USDC,6,0xc02aaa39b223fe8d0a0e5c4f27ead9083c756cc2,WETH,18,-0.213066,0.0001,0.2133870530337981,,1.713835314485813e+33,199648.0,,,2026-04-01T20:08:23+00:00
swap,0xa542df2ed5743377f9f894d9569fd8a03d2c724064bd5524b5f636f10aa150b9#1123994,1775074115,24787041,0xa542df2ed5743377f9f894d9569fd8a03d2c724064bd5524b5f636f10aa150b9,774,0x8ad599c3a0ff1de082011efddc58f1908eb6e6d8,3000.0,0.0,239260453.0,0x68b3465833fb72a70ecdf485e0e4c7bd8665fc45,0x68b3465833fb72a70ecdf485e0e4c7bd8665fc45,0x2a93f88e70df0ebe9cadaf72940de5a4f4204a29,,0xa0b86991c6218b36c1d19d4a2e9eb0ce3606eb48,USDC,6,0xc02aaa39b223fe8d0a0e5c4f27ead9083c756cc2,WETH,18,0.004288,-2e-06,0.004281081046237258,,1.7138353143696732e+33,199648.0,,,2026-04-01T20:08:35+00:00
swap,0x2d29ca267ee24ba5a67447a0085c3a6250e054a6c80c1db7992cd8dfde31d3e1#1123995,1775074127,24787042,0x2d29ca267ee24ba5a67447a0085c3a6250e054a6c80c1db7992cd8dfde31d3e1,803,0x8ad599c3a0ff1de082011efddc58f1908eb6e6d8,3000.0,0.0,250246257.0,0xe592427a0aece92de3edee1f18e0157c05861564,0x2a93f88e70df0ebe9cadaf72940de5a4f4204a29,0x2a93f88e70df0ebe9cadaf72940de5a4f4204a29,,0xa0b86991c6218b36c1d19d4a2e9eb0ce3606eb48,USDC,6,0xc02aaa39b223fe8d0a0e5c4f27ead9083c756cc2,WETH,18,-0.213066,0.0001,0.21338705232634506,,1.7138353201592435e+33,199648.0,,,2026-04-01T20:08:47+00:00
swap,0x0cebbe5693e9359c29d5fafaf49be127c410934b6dd033d147916085c2a4ef9a#1123996,1775074139,24787043,0x0cebbe5693e9359c29d5fafaf49be127c410934b6dd033d147916085c2a4ef9a,771,0x8ad599c3a0ff1de082011efddc58f1908eb6e6d8,3000.0,0.0,265583061.0,0x68b3465833fb72a70ecdf485e0e4c7bd8665fc45,0x68b3465833fb72a70ecdf485e0e4c7bd8665fc45,0x2a93f88e70df0ebe9cadaf72940de5a4f4204a29,,0xa0b86991c6218b36c1d19d4a2e9eb0ce3606eb48,USDC,6,0xc02aaa39b223fe8d0a0e5c4f27ead9083c756cc2,WETH,18,0.002145,-1e-06,0.0021410405160440984,,1.7138353201011735e+33,199648.0,,,2026-04-01T20:08:59+00:00
swap,0xd5266f7f69bca83c1648a16a76daa6cfb2a4076d6ae7a3a7cb88343a8e2216b1#1123997,1775074187,24787047,0xd5266f7f69bca83c1648a16a76daa6cfb2a4076d6ae7a3a7cb88343a8e2216b1,281,0x8ad599c3a0ff1de082011efddc58f1908eb6e6d8,3000.0,0.0,777502048.0,0xf48a3f7c0575c85cf4529aa220caf3c055773f1c,0xf48a3f7c0575c85cf4529aa220caf3c055773f1c,0xef4326f42f2eb656c58fabf8b1d3298dc2ab80c6,,0xa0b86991c6218b36c1d19d4a2e9eb0ce3606eb48,USDC,6,0xc02aaa39b223fe8d0a0e5c4f27ead9083c756cc2,WETH,18,48135.45677,-22.439281231725626,48045.0095336316,,1.712532273033021e+33,199633.0,,,2026-04-01T20:09:47+00:00
swap,0x67e92f58b1911bfb2cfea04d14476d2aa3766f67c211764fa632c8b18ebc103d#1123998,1775075027,24787117,0x67e92f58b1911bfb2cfea04d14476d2aa3766f67c211764fa632c8b18ebc103d,447,0x8ad599c3a0ff1de082011efddc58f1908eb6e6d8,3000.0,0.0,277040334.0,0xe592427a0aece92de3edee1f18e0157c05861564,0x2a93f88e70df0ebe9cadaf72940de5a4f4204a29,0x2a93f88e70df0ebe9cadaf72940de5a4f4204a29,,0xa0b86991c6218b36c1d19d4a2e9eb0ce3606eb48,USDC,6,0xc02aaa39b223fe8d0a0e5c4f27ead9083c756cc2,WETH,18,-0.213391,0.0001,0.2137122216323995,,1.7125322788225912e+33,199633.0,,,2026-04-01T20:23:47+00:00
swap,0x2f7cf14ca5a6490cc99e4086cbcc65c78b3961658c0760fdc25625cd0b93b799#1123999,1775075039,24787118,0x2f7cf14ca5a6490cc99e4086cbcc65c78b3961658c0760fdc25625cd0b93b799,154,0x8ad599c3a0ff1de082011efddc58f1908eb6e6d8,3000.0,0.0,301606778.0,0xe592427a0aece92de3edee1f18e0157c05861564,0x2a93f88e70df0ebe9cadaf72940de5a4f4204a29,0x2a93f88e70df0ebe9cadaf72940de5a4f4204a29,,0xa0b86991c6218b36c1d19d4a2e9eb0ce3606eb48,USDC,6,0xc02aaa39b223fe8d0a0e5c4f27ead9083c756cc2,WETH,18,-0.213391,0.0001,0.21371222090881511,,1.7125322846121612e+33,199633.0,,,2026-04-01T20:23:59+00:00
swap,0xa12b603e3356320fe0d5070e13c334dd64385944cdc3acce759eca86e0c42e26#1124000,1775075063,24787120,0xa12b603e3356320fe0d5070e13c334dd64385944cdc3acce759eca86e0c42e26,195,0x8ad599c3a0ff1de082011efddc58f1908eb6e6d8,3000.0,0.0,303965236.0,0xe592427a0aece92de3edee1f18e0157c05861564,0x2a93f88e70df0ebe9cadaf72940de5a4f4204a29,0x2a93f88e70df0ebe9cadaf72940de5a4f4204a29,,0xa0b86991c6218b36c1d19d4a2e9eb0ce3606eb48,USDC,6,0xc02aaa39b223fe8d0a0e5c4f27ead9083c756cc2,WETH,18,-0.213391,0.0001,0.21371222018523073,,1.7125322904017315e+33,199633.0,,,2026-04-01T20:24:23+00:00
swap,0x31e2a645547d0ac1304d63abc5be88b9322e60c38deb062833a57f14133380d1#1124001,1775075075,24787121,0x31e2a645547d0ac1304d63abc5be88b9322e60c38deb062833a57f14133380d1,208,0x8ad599c3a0ff1de082011efddc58f1908eb6e6d8,3000.0,0.0,284256255.0,0xe592427a0aece92de3edee1f18e0157c05861564,0x2a93f88e70df0ebe9cadaf72940de5a4f4204a29,0x2a93f88e70df0ebe9cadaf72940de5a4f4204a29,,0xa0b86991c6218b36c1d19d4a2e9eb0ce3606eb48,USDC,6,0xc02aaa39b223fe8d0a0e5c4f27ead9083c756cc2,WETH,18,-0.213391,0.0001,0.21371221946164634,,1.7125322961913015e+33,199633.0,,,2026-04-01T20:24:35+00:00
swap,0x8fcd339f83b49e5a23ae8ec71bdd587a9897ada88284c3ec306166e0bb01e120#1124002,1775075099,24787123,0x8fcd339f83b49e5a23ae8ec71bdd587a9897ada88284c3ec306166e0bb01e120,189,0x8ad599c3a0ff1de082011efddc58f1908eb6e6d8,3000.0,0.0,296109747.0,0xe592427a0aece92de3edee1f18e0157c05861564,0x2a93f88e70df0ebe9cadaf72940de5a4f4204a29,0x2a93f88e70df0ebe9cadaf72940de5a4f4204a29,,0xa0b86991c6218b36c1d19d4a2e9eb0ce3606eb48,USDC,6,0xc02aaa39b223fe8d0a0e5c4f27ead9083c756cc2,WETH,18,-0.213391,0.0001,0.21371221873806198,,1.7125323019808718e+33,199633.0,,,2026-04-01T20:24:59+00:00
swap,0x41b1d5d692f334d7dacc1af761ec333366a1235d11149cdf36796b7d3c822d25#1124003,1775075111,24787124,0x41b1d5d692f334d7dacc1af761ec333366a1235d11149cdf36796b7d3c822d25,251,0x8ad599c3a0ff1de082011efddc58f1908eb6e6d8,3000.0,0.0,290503400.0,0xe592427a0aece92de3edee1f18e0157c05861564,0x2a93f88e70df0ebe9cadaf72940de5a4f4204a29,0x2a93f88e70df0ebe9cadaf72940de5a4f4204a29,,0xa0b86991c6218b36c1d19d4a2e9eb0ce3606eb48,USDC,6,0xc02aaa39b223fe8d0a0e5c4f27ead9083c756cc2,WETH,18,-0.213391,0.0001,0.2137122180144776,,1.7125323077704418e+33,199633.0,,,2026-04-01T20:25:11+00:00
swap,0x6ff8635272cd81edb91752f7b05d3c81e3dcc8996bec4947ef281bca5b73dc37#1124004,1775075291,24787138,0x6ff8635272cd81edb91752f7b05d3c81e3dcc8996bec4947ef281bca5b73dc37,250,0x8ad599c3a0ff1de082011efddc58f1908eb6e6d8,3000.0,0.0,204920408.0,0xe592427a0aece92de3edee1f18e0157c05861564,0x7795eac45aca48415f2d72761d335b61ce888ebe,0x7795eac45aca48415f2d72761d335b61ce888ebe,,0xa0b86991c6218b36c1d19d4a2e9eb0ce3606eb48,USDC,6,0xc02aaa39b223fe8d0a0e5c4f27ead9083c756cc2,WETH,18,-5.110446,0.002394871000693956,5.118135328294237,,1.7125324464231783e+33,199633.0,,,2026-04-01T20:28:11+00:00
mint,0xfef42ac15627a0f5b877046af912c28ac130796d2fc80006b14535690fe0fda7#1124005,1775075315,24787140,0xfef42ac15627a0f5b877046af912c28ac130796d2fc80006b14535690fe0fda7,778,0x8ad599c3a0ff1de082011efddc58f1908eb6e6d8,3000.0,0.0,211679924.0,0xc36442b4a4522e871399cd717abdd847ab11fe88,,0x7795eac45aca48415f2d72761d335b61ce888ebe,0xc36442b4a4522e871399cd717abdd847ab11fe88,0xa0b86991c6218b36c1d19d4a2e9eb0ce3606eb48,USDC,6,0xc02aaa39b223fe8d0a0e5c4f27ead9083c756cc2,WETH,18,5.100318,0.002289211014245921,9.999994165224473,671491652476.0,,,196200.0,203220.0,2026-04-01T20:28:35+00:00
swap,0xd50bbd4bd9d13ef71abadc71db3cd401daa6c8437e90baddaa30e75e7b9c32aa#1124006,1775075387,24787146,0xd50bbd4bd9d13ef71abadc71db3cd401daa6c8437e90baddaa30e75e7b9c32aa,77,0x8ad599c3a0ff1de082011efddc58f1908eb6e6d8,3000.0,0.0,202566127.0,0x15893515f06036b37775cef10477fb4b85be3ee6,0x15893515f06036b37775cef10477fb4b85be3ee6,0x06a2d004a003250f6fc7bc0687182c46826edd54,,0xa0b86991c6218b36c1d19d4a2e9eb0ce3606eb48,USDC,6,0xc02aaa39b223fe8d0a0e5c4f27ead9083c756cc2,WETH,18,-4280.072078,2.005874807326072,4286.6570631691575,,1.7126485778950136e+33,199634.0,,,2026-04-01T20:29:47+00:00
swap,0x4a68f18d4adfa750644857e118e1fb2d05ed5a7c5d0d656548384bdb33b8b8ae#1124007,1775075447,24787151,0x4a68f18d4adfa750644857e118e1fb2d05ed5a7c5d0d656548384bdb33b8b8ae,279,0x8ad599c3a0ff1de082011efddc58f1908eb6e6d8,3000.0,0.0,222002755.0,0x15893515f06036b37775cef10477fb4b85be3ee6,0x15893515f06036b37775cef10477fb4b85be3ee6,0x06a2d004a003250f6fc7bc0687182c46826edd54,,0xa0b86991c6218b36c1d19d4a2e9eb0ce3606eb48,USDC,6,0xc02aaa39b223fe8d0a0e5c4f27ead9083c756cc2,WETH,18,-3392.599716,1.5901502322050403,3397.795387062171,,1.712740640712808e+33,199635.0,,,2026-04-01T20:30:47+00:00
swap,0x0fd3eccc87279081432faaed38588c5966f0d5e837f464726c688a00baf44a6a#1124008,1775075459,24787152,0x0fd3eccc87279081432faaed38588c5966f0d5e837f464726c688a00baf44a6a,161,0x8ad599c3a0ff1de082011efddc58f1908eb6e6d8,3000.0,0.0,224593321.0,0x15893515f06036b37775cef10477fb4b85be3ee6,0x15893515f06036b37775cef10477fb4b85be3ee6,0x06a2d004a003250f6fc7bc0687182c46826edd54,,0xa0b86991c6218b36c1d19d4a2e9eb0ce3606eb48,USDC,6,0xc02aaa39b223fe8d0a0e5c4f27ead9083c756cc2,WETH,18,-4296.451204,2.014041105272145,4303.061965650464,,1.7128572449779585e+33,199636.0,,,2026-04-01T20:30:59+00:00
swap,0x82b74f1b434d947f4947f194f1c0cd86f7beedbb2f3fec50ca4c2effa23261c2#1124009,1775075495,24787155,0x82b74f1b434d947f4947f194f1c0cd86f7beedbb2f3fec50ca4c2effa23261c2,25,0x8ad599c3a0ff1de082011efddc58f1908eb6e6d8,3000.0,0.0,6243850897.0,0xbdb3ba9ffe392549e1f8658dd2630c141fdf47b6,0xbdb3ba9ffe392549e1f8658dd2630c141fdf47b6,0x5b43453fce04b92e190f391a83136bfbecedefd1,,0xa0b86991c6218b36c1d19d4a2e9eb0ce3606eb48,USDC,6,0xc02aaa39b223fe8d0a0e5c4f27ead9083c756cc2,WETH,18,-4761.700367,2.232455680174949,4769.044605696912,,1.7129864945019062e+33,199638.0,,,2026-04-01T20:31:35+00:00
swap,0x274b1e3189e247dea18ec224ee38ef0989d7b0fa942c0a39ee7162abf031778c#1124010,1775075531,24787158,0x274b1e3189e247dea18ec224ee38ef0989d7b0fa942c0a39ee7162abf031778c,15,0x8ad599c3a0ff1de082011efddc58f1908eb6e6d8,3000.0,0.0,5894221996.0,0x51c72848c68a965f66fa7a88855f9f7784502a7f,0x51c72848c68a965f66fa7a88855f9f7784502a7f,0xd2700e7bbe0a8af6d6c5b3f61d27855daa425a53,,0xa0b86991c6218b36c1d19d4a2e9eb0ce3606eb48,USDC,6,0xc02aaa39b223fe8d0a0e5c4f27ead9083c756cc2,WETH,18,-14941.844861,7.007459889137488,14966.099797301074,,1.713392196107899e+33,199643.0,,,2026-04-01T20:32:11+00:00
swap,0xcca600f971c032ce39ef70fb7d5f3484585d83c4f704d69fb9005e03664e0c47#1124011,1775075759,24787177,0xcca600f971c032ce39ef70fb7d5f3484585d83c4f704d69fb9005e03664e0c47,1300,0x8ad599c3a0ff1de082011efddc58f1908eb6e6d8,3000.0,0.0,228823535.0,0x06cff7088619c7178f5e14f0b119458d08d2f5ef,0x06cff7088619c7178f5e14f0b119458d08d2f5ef,0xd7e1236c08731c3632519dcd1a581bfe6876a3b2,,0xa0b86991c6218b36c1d19d4a2e9eb0ce3606eb48,USDC,6,0xc02aaa39b223fe8d0a0e5c4f27ead9083c756cc2,WETH,18,3.040995,-0.001417964124120308,3.0364334271482023,,1.7133921137668887e+33,199643.0,,,2026-04-01T20:35:59+00:00
swap,0x588767e439e2e8b6f71670ae44e420ce9a97064d84572dbf0255c93be4c6141a#1124012,1775076203,24787214,0x588767e439e2e8b6f71670ae44e420ce9a97064d84572dbf0255c93be4c6141a,286,0x8ad599c3a0ff1de082011efddc58f1908eb6e6d8,3000.0,0.0,301757474.0,0xe592427a0aece92de3edee1f18e0157c05861564,0x2a93f88e70df0ebe9cadaf72940de5a4f4204a29,0x2a93f88e70df0ebe9cadaf72940de5a4f4204a29,,0xa0b86991c6218b36c1d19d4a2e9eb0ce3606eb48,USDC,6,0xc02aaa39b223fe8d0a0e5c4f27ead9083c756cc2,WETH,18,-0.213177,0.0001,0.21349783903509542,,1.713392119556456e+33,199643.0,,,2026-04-01T20:43:23+00:00
swap,0x4263a91408845ef5d5eb96ac90ac22a99c80736b420af6c9419bff1a19899e71#1124013,1775076227,24787216,0x4263a91408845ef5d5eb96ac90ac22a99c80736b420af6c9419bff1a19899e71,12,0x8ad599c3a0ff1de082011efddc58f1908eb6e6d8,3000.0,0.0,204909402.0,0x06cff7088619c7178f5e14f0b119458d08d2f5ef,0x06cff7088619c7178f5e14f0b119458d08d2f5ef,0xdf8adfe10d4a4d9f0fc4d3e377a6e8d5730eb40c,,0xa0b86991c6218b36c1d19d4a2e9eb0ce3606eb48,USDC,6,0xc02aaa39b223fe8d0a0e5c4f27ead9083c756cc2,WETH,18,3.492166,-0.001628337085800167,3.4869274039276354,,1.7133920249991126e+33,199643.0,,,2026-04-01T20:43:47+00:00
swap,0x6dd6e2d5e02510d52a777486431f922126782b238324332b95a4fbde4d066844#1124014,1775076275,24787220,0x6dd6e2d5e02510d52a777486431f922126782b238324332b95a4fbde4d066844,255,0x8ad599c3a0ff1de082011efddc58f1908eb6e6d8,3000.0,0.0,291881855.0,0xe592427a0aece92de3edee1f18e0157c05861564,0x2a93f88e70df0ebe9cadaf72940de5a4f4204a29,0x2a93f88e70df0ebe9cadaf72940de5a4f4204a29,,0xa0b86991c6218b36c1d19d4a2e9eb0ce3606eb48,USDC,6,0xc02aaa39b223fe8d0a0e5c4f27ead9083c756cc2,WETH,18,-0.213177,0.0001,0.21349785011265895,,1.7133920307886797e+33,199643.0,,,2026-04-01T20:44:35+00:00
swap,0xdf4632cb51996ad0cf155b56f609a2d765030eb231178ffa328fb48845ebbda4#1124015,1775076323,24787224,0xdf4632cb51996ad0cf155b56f609a2d765030eb231178ffa328fb48845ebbda4,23,0x8ad599c3a0ff1de082011efddc58f1908eb6e6d8,3000.0,0.0,240006356.0,0x06cff7088619c7178f5e14f0b119458d08d2f5ef,0x06cff7088619c7178f5e14f0b119458d08d2f5ef,0xdf8adfe10d4a4d9f0fc4d3e377a6e8d5730eb40c,,0xa0b86991c6218b36c1d19d4a2e9eb0ce3606eb48,USDC,6,0xc02aaa39b223fe8d0a0e5c4f27ead9083c756cc2,WETH,18,1.586725,-0.000739862308280693,1.5843444801659357,,1.7133919878249624e+33,199643.0,,,2026-04-01T20:45:23+00:00
swap,0x61ab9a1f3c649de592dc48f254ac7275e174b4fc5164cee868c3f0682cbfc186#1124016,1775076755,24787260,0x61ab9a1f3c649de592dc48f254ac7275e174b4fc5164cee868c3f0682cbfc186,51,0x8ad599c3a0ff1de082011efddc58f1908eb6e6d8,3000.0,0.0,175183830.0,0x0c370ea6bc17c7010ba44f004a39f83ef897e4bb,0x0c370ea6bc17c7010ba44f004a39f83ef897e4bb,0x7073928aa37b1648e3390f5a5977aa512ea63192,,0xa0b86991c6218b36c1d19d4a2e9eb0ce3606eb48,USDC,6,0xc02aaa39b223fe8d0a0e5c4f27ead9083c756cc2,WETH,18,7856.831259,-3.6630509580961506,7844.55977302726,,1.7131792748858545e+33,199640.0,,,2026-04-01T20:52:35+00:00
swap,0x2c671aa2d247670b11478db1895ebe162d12daa1ebb2a59b5c19c37d54988f95#1124017,1775076755,24787260,0x2c671aa2d247670b11478db1895ebe162d12daa1ebb2a59b5c19c37d54988f95,433,0x8ad599c3a0ff1de082011efddc58f1908eb6e6d8,3000.0,0.0,256505750.0,0x6747bcaf9bd5a5f0758cbe08903490e45ddfacb5,0x5e1f62dac767b0491e3ce72469c217365d5b48cc,0x876450844bb33c46c2e79e231ac0221cd9815958,,0xa0b86991c6218b36c1d19d4a2e9eb0ce3606eb48,USDC,6,0xc02aaa39b223fe8d0a0e5c4f27ead9083c756cc2,WETH,18,721.323145,-0.33625328194095694,720.2370616438338,,1.7131597486972472e+33,199640.0,,,2026-04-01T20:52:35+00:00
swap,0xdd591d4d30d5db6f73b7d982fff04f79cb20b3b8dfcdb586138722fe84d9d2de#1124018,1775076839,24787267,0xdd591d4d30d5db6f73b7d982fff04f79cb20b3b8dfcdb586138722fe84d9d2de,341,0x8ad599c3a0ff1de082011efddc58f1908eb6e6d8,3000.0,0.0,179780769.0,0xb9e9e795fd530314663f779f7f57950c6bc1eb4b,0xb9e9e795fd530314663f779f7f57950c6bc1eb4b,0x1cab46e0dbcce66cc76f41521f620285bd57b8c5,,0xa0b86991c6218b36c1d19d4a2e9eb0ce3606eb48,USDC,6,0xc02aaa39b223fe8d0a0e5c4f27ead9083c756cc2,WETH,18,1810.438396,-0.8439234263090224,1807.696921043516,,1.713110742162955e+33,199639.0,,,2026-04-01T20:53:59+00:00
swap,0xad55953dbe0784fe8e6cb3c47c3c950a2907660823945bdac80b7ddbd511461f#1124019,1775076851,24787268,0xad55953dbe0784fe8e6cb3c47c3c950a2907660823945bdac80b7ddbd511461f,20,0x8ad599c3a0ff1de082011efddc58f1908eb6e6d8,3000.0,0.0,11840537337.0,0xbdb3ba9ffe392549e1f8658dd2630c141fdf47b6,0xbdb3ba9ffe392549e1f8658dd2630c141fdf47b6,0x5b43453fce04b92e190f391a83136bfbecedefd1,,0xa0b86991c6218b36c1d19d4a2e9eb0ce3606eb48,USDC,6,0xc02aaa39b223fe8d0a0e5c4f27ead9083c756cc2,WETH,18,17227.050765,-8.02785655026545,17198.87328268472,,1.712644565475522e+33,199634.0,,,2026-04-01T20:54:11+00:00
swap,0x583c26373ff19897486ac1381a7750c87f80abbe100a8c2626122ae119e85977#1124020,1775076863,24787269,0x583c26373ff19897486ac1381a7750c87f80abbe100a8c2626122ae119e85977,40,0x8ad599c3a0ff1de082011efddc58f1908eb6e6d8,3000.0,0.0,1664833504.0,0xbdb3ba9ffe392549e1f8658dd2630c141fdf47b6,0xbdb3ba9ffe392549e1f8658dd2630c141fdf47b6,0x5b43453fce04b92e190f391a83136bfbecedefd1,,0xa0b86991c6218b36c1d19d4a2e9eb0ce3606eb48,USDC,6,0xc02aaa39b223fe8d0a0e5c4f27ead9083c756cc2,WETH,18,4119.928128,-1.9192513266900175,4113.6145850703715,,1.7125331147762945e+33,199633.0,,,2026-04-01T20:54:23+00:00
swap,0x179720a337db3d11843b814637b0588e6e58b6ae22a3940601ef8c046fceefef#1124021,1775076875,24787270,0x179720a337db3d11843b814637b0588e6e58b6ae22a3940601ef8c046fceefef,62,0x8ad599c3a0ff1de082011efddc58f1908eb6e6d8,3000.0,0.0,277783168.0,0x990636ecb3ff04d33d92e970d3d588bf5cd8d086,0x990636ecb3ff04d33d92e970d3d588bf5cd8d086,0x7ccdb15ff25dddb23dd0efc98844e07683cd8ba6,,0xa0b86991c6218b36c1d19d4a2e9eb0ce3606eb48,USDC,6,0xc02aaa39b223fe8d0a0e5c4f27ead9083c756cc2,WETH,18,2000.108245,-0.9316520136330783,1997.0765843998404,,1.7124790138532352e+33,199632.0,,,2026-04-01T20:54:35+00:00
burn,0xd14841a19c9e01524c679e9ca71c81dab6caff43a11189a3614adba0d0c1ef76#1124027,1775076935,24787275,0xd14841a19c9e01524c679e9ca71c81dab6caff43a11189a3614adba0d0c1ef76,172,0x8ad599c3a0ff1de082011efddc58f1908eb6e6d8,3000.0,0.0,665845076.0,,,0x2f3f70504954fcd460629f13334cbfb4dccfd338,0xc36442b4a4522e871399cd717abdd847ab11fe88,0xa0b86991c6218b36c1d19d4a2e9eb0ce3606eb48,USDC,6,0xc02aaa39b223fe8d0a0e5c4f27ead9083c756cc2,WETH,18,872.787359,0.18845883001565408,1276.1773722173577,407686626339806.0,,,199200.0,200580.0,2026-04-01T20:55:35+00:00
burn,0xb76a2d7b26fb5d30ae5c4df75d1d2507069e545acf5712b7806c62d627bdcbe6#1124028,1775076947,24787276,0xb76a2d7b26fb5d30ae5c4df75d1d2507069e545acf5712b7806c62d627bdcbe6,341,0x8ad599c3a0ff1de082011efddc58f1908eb6e6d8,3000.0,0.0,266392283.0,,,0x508a312cf7334b44b9ff22ac0bac1b3db9eed4e1,0xc36442b4a4522e871399cd717abdd847ab11fe88,0xa0b86991c6218b36c1d19d4a2e9eb0ce3606eb48,USDC,6,0xc02aaa39b223fe8d0a0e5c4f27ead9083c756cc2,WETH,18,0.0,0.0,0.0,0.0,,,199320.0,201360.0,2026-04-01T20:55:47+00:00
swap,0x4c9160e204b9071829515f7dea61db4771b4f176f946281672ed18a1df7a9644#1124024,1775076983,24787279,0x4c9160e204b9071829515f7dea61db4771b4f176f946281672ed18a1df7a9644,471,0x8ad599c3a0ff1de082011efddc58f1908eb6e6d8,3000.0,0.0,2626038689.0,0xe592427a0aece92de3edee1f18e0157c05861564,0xeb1646852b7d015f8cbac6894ec6c51ce2c2605c,0xeb1646852b7d015f8cbac6894ec6c51ce2c2605c,,0xa0b86991c6218b36c1d19d4a2e9eb0ce3606eb48,USDC,6,0xc02aaa39b223fe8d0a0e5c4f27ead9083c756cc2,WETH,18,-3.244688,0.00152044,3.249570253196133,,1.7124791019064435e+33,199632.0,,,2026-04-01T20:56:23+00:00
burn,0xa112f0cbdcf40bae7e8b25f808971f0974b1821556eec1a97f3a79f76c9a7ebc#1124030,1775076995,24787280,0xa112f0cbdcf40bae7e8b25f808971f0974b1821556eec1a97f3a79f76c9a7ebc,206,0x8ad599c3a0ff1de082011efddc58f1908eb6e6d8,3000.0,0.0,266871621.0,,,0x508a312cf7334b44b9ff22ac0bac1b3db9eed4e1,0xc36442b4a4522e871399cd717abdd847ab11fe88,0xa0b86991c6218b36c1d19d4a2e9eb0ce3606eb48,USDC,6,0xc02aaa39b223fe8d0a0e5c4f27ead9083c756cc2,WETH,18,2108.731927,0.18450595602013306,2503.660901023207,550802881707797.0,,,199320.0,201360.0,2026-04-01T20:56:35+00:00
swap,0x1eb74e37a0c5e8076f5042c784b92c23ec550312381e4e55b7fb07ca5b6a6795#1124026,1775077139,24787292,0x1eb74e37a0c5e8076f5042c784b92c23ec550312381e4e55b7fb07ca5b6a6795,913,0x8ad599c3a0ff1de082011efddc58f1908eb6e6d8,3000.0,0.0,154326459.0,0xe592427a0aece92de3edee1f18e0157c05861564,0x074134a2784f4f66b6ced6f68849382990ff3215,0x283132390ea87d6ecc20255b59ba94329ee17961,,0xa0b86991c6218b36c1d19d4a2e9eb0ce3606eb48,USDC,6,0xc02aaa39b223fe8d0a0e5c4f27ead9083c756cc2,WETH,18,-72.617147,0.034027960580578644,72.72644273865927,,1.7124810733631087e+33,199632.0,,,2026-04-01T20:58:59+00:00
swap,0xd694188e144acf5007be45ae759d1346ff13417bf34511cd36f3367bd49f5774#1124027,1775077463,24787318,0xd694188e144acf5007be45ae759d1346ff13417bf34511cd36f3367bd49f5774,21,0x8ad599c3a0ff1de082011efddc58f1908eb6e6d8,3000.0,0.0,5524816398.0,0xbdb3ba9ffe392549e1f8658dd2630c141fdf47b6,0xbdb3ba9ffe392549e1f8658dd2630c141fdf47b6,0x5b43453fce04b92e190f391a83136bfbecedefd1,,0xa0b86991c6218b36c1d19d4a2e9eb0ce3606eb48,USDC,6,0xc02aaa39b223fe8d0a0e5c4f27ead9083c756cc2,WETH,18,8451.505672,-3.936077382949529,8438.265691830638,,1.7122523451253874e+33,199629.0,,,2026-04-01T21:04:23+00:00
swap,0x8d1eb92f50c94d5c09da0167e35117f4047cfbe856268966a27053586b6fbf6d#1124028,1775077475,24787319,0x8d1eb92f50c94d5c09da0167e35117f4047cfbe856268966a27053586b6fbf6d,21,0x8ad599c3a0ff1de082011efddc58f1908eb6e6d8,3000.0,0.0,159749734.0,0x5050e08626c499411b5d0e0b5af0e83d3fd82edf,0x5050e08626c499411b5d0e0b5af0e83d3fd82edf,0xb42f54646758953a7cbf5234fd5df1e709e62a2f,,0xa0b86991c6218b36c1d19d4a2e9eb0ce3606eb48,USDC,6,0xc02aaa39b223fe8d0a0e5c4f27ead9083c756cc2,WETH,18,10270.294321,-4.7817177288184896,10254.058033519714,,1.7119744761296884e+33,199626.0,,,2026-04-01T21:04:35+00:00
swap,0x391e81053e994226a0c83c5c3477fbaeab3ec2e2c3a87fb3177a8b5507142a97#1124029,1775077487,24787320,0x391e81053e994226a0c83c5c3477fbaeab3ec2e2c3a87fb3177a8b5507142a97,632,0x8ad599c3a0ff1de082011efddc58f1908eb6e6d8,3000.0,0.0,179706580.0,0xeff6cb8b614999d130e537751ee99724d01aa167,0xeff6cb8b614999d130e537751ee99724d01aa167,0x0de0e3d6add7c82fbb9dac7c14595fd7352a8728,,0xa0b86991c6218b36c1d19d4a2e9eb0ce3606eb48,USDC,6,0xc02aaa39b223fe8d0a0e5c4f27ead9083c756cc2,WETH,18,2652.138434,-1.2345496231038826,2648.104823128025,,1.7119027355788307e+33,199625.0,,,2026-04-01T21:04:47+00:00
swap,0x2086d37b46214fed8a85a7adde9197c6f546ae7fdf4c9795c58332fcd4c22b40#1124030,1775077523,24787323,0x2086d37b46214fed8a85a7adde9197c6f546ae7fdf4c9795c58332fcd4c22b40,17,0x8ad599c3a0ff1de082011efddc58f1908eb6e6d8,3000.0,0.0,219902844.0,0x51c72848c68a965f66fa7a88855f9f7784502a7f,0x51c72848c68a965f66fa7a88855f9f7784502a7f,0xab7b44ae25af88d306dc0a5c6c39bbeb8916eabb,,0xa0b86991c6218b36c1d19d4a2e9eb0ce3606eb48,USDC,6,0xc02aaa39b223fe8d0a0e5c4f27ead9083c756cc2,WETH,18,20946.172264,-9.746644212810924,20911.298129728184,,1.7113360767128365e+33,199619.0,,,2026-04-01T21:05:23+00:00
swap,0x78bfb8249415be5c98de28e94d6077bd798907a20dc4d6d3ddb054b1710744ca#1124031,1775077547,24787325,0x78bfb8249415be5c98de28e94d6077bd798907a20dc4d6d3ddb054b1710744ca,59,0x8ad599c3a0ff1de082011efddc58f1908eb6e6d8,3000.0,0.0,3994826948.0,0xbdb3ba9ffe392549e1f8658dd2630c141fdf47b6,0xbdb3ba9ffe392549e1f8658dd2630c141fdf47b6,0x5b43453fce04b92e190f391a83136bfbecedefd1,,0xa0b86991c6218b36c1d19d4a2e9eb0ce3606eb48,USDC,6,0xc02aaa39b223fe8d0a0e5c4f27ead9083c756cc2,WETH,18,4590.519953,-2.135191771138649,4583.467700350912,,1.7112115819293328e+33,199617.0,,,2026-04-01T21:05:47+00:00
swap,0x1c0ab348cbea3f29f9be8f23300c376ca4f6859e8e0cedcc3ca76a782b276d41#1124032,1775077583,24787328,0x1c0ab348cbea3f29f9be8f23300c376ca4f6859e8e0cedcc3ca76a782b276d41,133,0x8ad599c3a0ff1de082011efddc58f1908eb6e6d8,3000.0,0.0,224394845.0,0x51c72848c68a965f66fa7a88855f9f7784502a7f,0x51c72848c68a965f66fa7a88855f9f7784502a7f,0x5fa60dd1d2809604496d3315ab6f878bd59f64d4,,0xa0b86991c6218b36c1d19d4a2e9eb0ce3606eb48,USDC,6,0xc02aaa39b223fe8d0a0e5c4f27ead9083c756cc2,WETH,18,3763.414532,-1.7502479186269948,3757.6575287406285,,1.711109531734754e+33,199616.0,,,2026-04-01T21:06:23+00:00
swap,0xd5cb1c20a49fa4a9a323e7438c82b210f5c979e108cf5071981f12f307bc8d97#1124033,1775077691,24787337,0xd5cb1c20a49fa4a9a323e7438c82b210f5c979e108cf5071981f12f307bc8d97,22,0x8ad599c3a0ff1de082011efddc58f1908eb6e6d8,3000.0,0.0,217606479.0,0x51c72848c68a965f66fa7a88855f9f7784502a7f,0x51c72848c68a965f66fa7a88855f9f7784502a7f,0x67bdbd574ca9c437a783090dcd86b7212ca9b2fc,,0xa0b86991c6218b36c1d19d4a2e9eb0ce3606eb48,USDC,6,0xc02aaa39b223fe8d0a0e5c4f27ead9083c756cc2,WETH,18,22217.220319,-10.328290923406353,22179.9966862353,,1.7105073289912554e+33,199609.0,,,2026-04-01T21:08:11+00:00
swap,0x574868665ae951333f101c03ba7ed568ec63cf2ad6659ba9bda751c243d17bbd#1124034,1775077703,24787338,0x574868665ae951333f101c03ba7ed568ec63cf2ad6659ba9bda751c243d17bbd,21,0x8ad599c3a0ff1de082011efddc58f1908eb6e6d8,3000.0,0.0,205414006.0,0x51c72848c68a965f66fa7a88855f9f7784502a7f,0x51c72848c68a965f66fa7a88855f9f7784502a7f,0xb36ce3f521a1ff4b0cffb82ddd71f0a51fcf56ce,,0xa0b86991c6218b36c1d19d4a2e9eb0ce3606eb48,USDC,6,0xc02aaa39b223fe8d0a0e5c4f27ead9083c756cc2,WETH,18,19303.270381,-8.967760187890411,19271.37397149345,,1.7099844535389438e+33,199603.0,,,2026-04-01T21:08:23+00:00
swap,0xcbc5540f4de50b2debbb20af23b92defe601f884b835579c820b6de681138bd3#1124035,1775077703,24787338,0xcbc5540f4de50b2debbb20af23b92defe601f884b835579c820b6de681138bd3,138,0x8ad599c3a0ff1de082011efddc58f1908eb6e6d8,3000.0,0.0,1705414006.0,0x7baa298d36fe21df2f6b54510da76445661a91ed,0x7baa298d36fe21df2f6b54510da76445661a91ed,0x04d9634df20aa66b23f114d37c45fa6c6ab76d56,,0xa0b86991c6218b36c1d19d4a2e9eb0ce3606eb48,USDC,6,0xc02aaa39b223fe8d0a0e5c4f27ead9083c756cc2,WETH,18,4943.499557,-2.295730039929723,4935.891402899745,,1.7098505983891777e+33,199601.0,,,2026-04-01T21:08:23+00:00
swap,0xbd3b4d6dd92afeab1c3ed9f4bf65b6e5d96e7dfe7016afebe6a8ef2976c091d4#1124036,1775077715,24787339,0xbd3b4d6dd92afeab1c3ed9f4bf65b6e5d96e7dfe7016afebe6a8ef2976c091d4,39,0x8ad599c3a0ff1de082011efddc58f1908eb6e6d8,3000.0,0.0,224737595.0,0x51c72848c68a965f66fa7a88855f9f7784502a7f,0x51c72848c68a965f66fa7a88855f9f7784502a7f,0xebedc8e9ff409b23dd251f87ccbffa8075f87255,,0xa0b86991c6218b36c1d19d4a2e9eb0ce3606eb48,USDC,6,0xc02aaa39b223fe8d0a0e5c4f27ead9083c756cc2,WETH,18,14419.003385,-6.694041758971127,14395.734120004852,,1.709460294674629e+33,199597.0,,,2026-04-01T21:08:35+00:00
swap,0x1d381750f36ba3204273fc5c652ca753d7550f5509255411fcbe11e07caf00cc#1124037,1775077763,24787343,0x1d381750f36ba3204273fc5c652ca753d7550f5509255411fcbe11e07caf00cc,100,0x8ad599c3a0ff1de082011efddc58f1908eb6e6d8,3000.0,0.0,247254899.0,0x0c370ea6bc17c7010ba44f004a39f83ef897e4bb,0x0c370ea6bc17c7010ba44f004a39f83ef897e4bb,0x7073928aa37b1648e3390f5a5977aa512ea63192,,0xa0b86991c6218b36c1d19d4a2e9eb0ce3606eb48,USDC,6,0xc02aaa39b223fe8d0a0e5c4f27ead9083c756cc2,WETH,18,10126.182011,-4.699267211222796,10110.183648527724,,1.709186298557748e+33,199593.0,,,2026-04-01T21:09:23+00:00
swap,0x2372f04a60a83d8deb34fcffe6143f76b78539a1cdaef87eb1d16c51e4395116#1124038,1775077823,24787348,0x2372f04a60a83d8deb34fcffe6143f76b78539a1cdaef87eb1d16c51e4395116,1077,0x8ad599c3a0ff1de082011efddc58f1908eb6e6d8,3000.0,0.0,215562176.0,0xe592427a0aece92de3edee1f18e0157c05861564,0x694e47afd14a64661a04eee674fb331bcdef3737,0x283132390ea87d6ecc20255b59ba94329ee17961,,0xa0b86991c6218b36c1d19d4a2e9eb0ce3606eb48,USDC,6,0xc02aaa39b223fe8d0a0e5c4f27ead9083c756cc2,WETH,18,-35.015134,0.016344834202511323,35.067824741488224,,1.7091872487028748e+33,199593.0,,,2026-04-01T21:10:23+00:00
swap,0xd258d3944f7947d2592419416170e33bd6db8e5909c69dc9f6dd45bf76950a8a#1124039,1775077847,24787350,0xd258d3944f7947d2592419416170e33bd6db8e5909c69dc9f6dd45bf76950a8a,159,0x8ad599c3a0ff1de082011efddc58f1908eb6e6d8,3000.0,0.0,269987058.0,0x06cff7088619c7178f5e14f0b119458d08d2f5ef,0x06cff7088619c7178f5e14f0b119458d08d2f5ef,0x333c92538e7f47d17c79e5975d4e40e901427558,,0xa0b86991c6218b36c1d19d4a2e9eb0ce3606eb48,USDC,6,0xc02aaa39b223fe8d0a0e5c4f27ead9083c756cc2,WETH,18,2.426235,-0.001125765856770356,2.4225954535516094,,1.7091871830638167e+33,199593.0,,,2026-04-01T21:10:47+00:00
mint,0xa25ff71a151205005232bee1ff16afee92d15089afa95c6a476ede09400ed48b#1124040,1775077979,24787361,0xa25ff71a151205005232bee1ff16afee92d15089afa95c6a476ede09400ed48b,528,0x8ad599c3a0ff1de082011efddc58f1908eb6e6d8,3000.0,0.0,338893511.0,0xc36442b4a4522e871399cd717abdd847ab11fe88,,0x508a312cf7334b44b9ff22ac0bac1b3db9eed4e1,0xc36442b4a4522e871399cd717abdd847ab11fe88,0xa0b86991c6218b36c1d19d4a2e9eb0ce3606eb48,USDC,6,0xc02aaa39b223fe8d0a0e5c4f27ead9083c756cc2,WETH,18,6211.355788,0.6178453402351529,7538.932691528866,528698258037852.0,,,198480.0,205440.0,2026-04-01T21:12:59+00:00
swap,0xd96ac19bcfa54e36b718de0b6aefd4985c6b94fae660771318c234ba45bad11a#1124041,1775078135,24787374,0xd96ac19bcfa54e36b718de0b6aefd4985c6b94fae660771318c234ba45bad11a,129,0x8ad599c3a0ff1de082011efddc58f1908eb6e6d8,3000.0,0.0,215595846.0,0xd226997439ecfbeff8e110c8c78c8a7eefd19f89,0xd226997439ecfbeff8e110c8c78c8a7eefd19f89,0xae0cc0d6e76c2b13451ab90cd13a5fa71a5c59ba,,0xa0b86991c6218b36c1d19d4a2e9eb0ce3606eb48,USDC,6,0xc02aaa39b223fe8d0a0e5c4f27ead9083c756cc2,WETH,18,0.457615,-0.000212331949229653,0.45692849834827953,,1.709187170688376e+33,199593.0,,,2026-04-01T21:15:35+00:00
swap,0x98b2cfd78787c3db0f6839354d366e95ef2cada9bf63d8f946833f0a5473b91e#1124042,1775078207,24787380,0x98b2cfd78787c3db0f6839354d366e95ef2cada9bf63d8f946833f0a5473b91e,323,0x8ad599c3a0ff1de082011efddc58f1908eb6e6d8,3000.0,0.0,714172292.0,0x63242a4ea82847b20e506b63b0e2e2eff0cc6cb0,0x63242a4ea82847b20e506b63b0e2e2eff0cc6cb0,0xef4326f42f2eb656c58fabf8b1d3298dc2ab80c6,,0xa0b86991c6218b36c1d19d4a2e9eb0ce3606eb48,USDC,6,0xc02aaa39b223fe8d0a0e5c4f27ead9083c756cc2,WETH,18,69347.886413,-32.14194856537994,69205.97443578104,,1.707313826725084e+33,199571.0,,,2026-04-01T21:16:47+00:00
swap,0xa6ad0e4aa414f64beee8bedf53834085ab9589300a4b863fbeeab026c119b0fa#1124043,1775078327,24787389,0xa6ad0e4aa414f64beee8bedf53834085ab9589300a4b863fbeeab026c119b0fa,23,0x8ad599c3a0ff1de082011efddc58f1908eb6e6d8,3000.0,0.0,710468266.0,0x63242a4ea82847b20e506b63b0e2e2eff0cc6cb0,0x63242a4ea82847b20e506b63b0e2e2eff0cc6cb0,0xef4326f42f2eb656c58fabf8b1d3298dc2ab80c6,,0xa0b86991c6218b36c1d19d4a2e9eb0ce3606eb48,USDC,6,0xc02aaa39b223fe8d0a0e5c4f27ead9083c756cc2,WETH,18,86235.814245,-39.87226006531065,86049.13502364879,,1.7050741118297837e+33,199545.0,,,2026-04-01T21:18:47+00:00
swap,0xa6bdbdde57626cfb0bad3c4f1dc852ab8796714b16f67f97f5a7e334ca313701#1124044,1775078339,24787390,0xa6bdbdde57626cfb0bad3c4f1dc852ab8796714b16f67f97f5a7e334ca313701,71,0x8ad599c3a0ff1de082011efddc58f1908eb6e6d8,3000.0,0.0,228754415.0,0x51c72848c68a965f66fa7a88855f9f7784502a7f,0x51c72848c68a965f66fa7a88855f9f7784502a7f,0xff7f47680660b53ac58ea0df732980df69aaf873,,0xa0b86991c6218b36c1d19d4a2e9eb0ce3606eb48,USDC,6,0xc02aaa39b223fe8d0a0e5c4f27ead9083c756cc2,WETH,18,-9264.262586,4.304301003376397,9278.838253356515,,1.7053080545879582e+33,199548.0,,,2026-04-01T21:18:59+00:00
swap,0xb95ec4491c36b45092a66fc4cc8f339154d8264d992af177277f6fb519b3d3ea#1124045,1775078603,24787412,0xb95ec4491c36b45092a66fc4cc8f339154d8264d992af177277f6fb519b3d3ea,492,0x8ad599c3a0ff1de082011efddc58f1908eb6e6d8,3000.0,0.0,709879813.0,0x63242a4ea82847b20e506b63b0e2e2eff0cc6cb0,0x63242a4ea82847b20e506b63b0e2e2eff0cc6cb0,0xef4326f42f2eb656c58fabf8b1d3298dc2ab80c6,,0xa0b86991c6218b36c1d19d4a2e9eb0ce3606eb48,USDC,6,0xc02aaa39b223fe8d0a0e5c4f27ead9083c756cc2,WETH,18,64185.937445,-29.618984293977736,64059.36261590081,,1.7036933912860145e+33,199529.0,,,2026-04-01T21:23:23+00:00
swap,0xc9ec51b903d306c52385046fa0a99e860498513d0bcedffab07b7161ada2d560#1124046,1775078615,24787413,0xc9ec51b903d306c52385046fa0a99e860498513d0bcedffab07b7161ada2d560,24,0x8ad599c3a0ff1de082011efddc58f1908eb6e6d8,3000.0,0.0,235599072.0,0x51c72848c68a965f66fa7a88855f9f7784502a7f,0x51c72848c68a965f66fa7a88855f9f7784502a7f,0x82fab289311422664a26864322bf88eabf5b4131,,0xa0b86991c6218b36c1d19d4a2e9eb0ce3606eb48,USDC,6,0xc02aaa39b223fe8d0a0e5c4f27ead9083c756cc2,WETH,18,-22253.148231,10.32435741411563,22290.304134761933,,1.7042545297026687e+33,199536.0,,,2026-04-01T21:23:35+00:00
burn,0xeb7e52f0e6f437a5630a0b6cb32a94c502e5787dab69c5ef87c8d5e1c4cd035a#1124052,1775079191,24787461,0xeb7e52f0e6f437a5630a0b6cb32a94c502e5787dab69c5ef87c8d5e1c4cd035a,320,0x8ad599c3a0ff1de082011efddc58f1908eb6e6d8,3000.0,0.0,683512401.0,,,0xd70ab237f34670bf7defcde4ea557a49e8162a7d,0xc36442b4a4522e871399cd717abdd847ab11fe88,0xa0b86991c6218b36c1d19d4a2e9eb0ce3606eb48,USDC,6,0xc02aaa39b223fe8d0a0e5c4f27ead9083c756cc2,WETH,18,0.0,0.0,0.0,0.0,,,191520.0,200340.0,2026-04-01T21:33:11+00:00
burn,0x072cfff6369f851352ef4e729415acb06d2d46f41ab7f897a15f7399dc50e626#1124053,1775079935,24787523,0x072cfff6369f851352ef4e729415acb06d2d46f41ab7f897a15f7399dc50e626,231,0x8ad599c3a0ff1de082011efddc58f1908eb6e6d8,3000.0,0.0,651861996.0,,,0x2d943fa0c88f333aa825d45f903ed8dd20c16d72,0xc36442b4a4522e871399cd717abdd847ab11fe88,0xa0b86991c6218b36c1d19d4a2e9eb0ce3606eb48,USDC,6,0xc02aaa39b223fe8d0a0e5c4f27ead9083c756cc2,WETH,18,0.0,0.0,0.0,0.0,,,199620.0,201120.0,2026-04-01T21:45:35+00:00
swap,0x58dab50d3ae300edffd371bf9b90059c81251ccedf248177becf6ca4715df080#1124049,1775079935,24787523,0x58dab50d3ae300edffd371bf9b90059c81251ccedf248177becf6ca4715df080,354,0x8ad599c3a0ff1de082011efddc58f1908eb6e6d8,3000.0,0.0,151861996.0,0x51c72848c68a965f66fa7a88855f9f7784502a7f,0x51c72848c68a965f66fa7a88855f9f7784502a7f,0xeaa9ebddd373c4bd8bb92dfcc9c7e7fcdb268e51,,0xa0b86991c6218b36c1d19d4a2e9eb0ce3606eb48,USDC,6,0xc02aaa39b223fe8d0a0e5c4f27ead9083c756cc2,WETH,18,-13391.348749,6.216200241129889,13412.82757817233,,1.704592385960545e+33,199540.0,,,2026-04-01T21:45:35+00:00
swap,0xbe82259c6b0d9699995b1032f4d63b7a45173d24f21de8945dc5aa1be7e05ad4#1124050,1775079947,24787524,0xbe82259c6b0d9699995b1032f4d63b7a45173d24f21de8945dc5aa1be7e05ad4,63,0x8ad599c3a0ff1de082011efddc58f1908eb6e6d8,3000.0,0.0,992160487.0,0x66a9893cc07d91d95644aedd05d03f95e1dba8af,0xa6b1f66e89f4dc33f555edef2b9c1f82d38b2a95,0xe20446cccbfd5f9038e747f1dea8016ecbd94ae5,,0xa0b86991c6218b36c1d19d4a2e9eb0ce3606eb48,USDC,6,0xc02aaa39b223fe8d0a0e5c4f27ead9083c756cc2,WETH,18,-1.002086,0.0004652560190343,1.0035939331303934,,1.704592411247642e+33,199540.0,,,2026-04-01T21:45:47+00:00
burn,0x29227a0384120f1b22ef9ca3062964b3c0254dd1b0eb3d469e0647a4f4e7ec6e#1124056,1775079983,24787527,0x29227a0384120f1b22ef9ca3062964b3c0254dd1b0eb3d469e0647a4f4e7ec6e,569,0x8ad599c3a0ff1de082011efddc58f1908eb6e6d8,3000.0,0.0,628029295.0,,,0x2d943fa0c88f333aa825d45f903ed8dd20c16d72,0xc36442b4a4522e871399cd717abdd847ab11fe88,0xa0b86991c6218b36c1d19d4a2e9eb0ce3606eb48,USDC,6,0xc02aaa39b223fe8d0a0e5c4f27ead9083c756cc2,WETH,18,5021.273241,0.0,5021.273241,1501185168726414.0,,,199620.0,201120.0,2026-04-01T21:46:23+00:00
swap,0xd14e0b153e214fc58c64e28824e4309d2e743f9a3aab9addf319466f1efbd637#1124052,1775080067,24787534,0xd14e0b153e214fc58c64e28824e4309d2e743f9a3aab9addf319466f1efbd637,907,0x8ad599c3a0ff1de082011efddc58f1908eb6e6d8,3000.0,0.0,141120795.0,0x15893515f06036b37775cef10477fb4b85be3ee6,0x15893515f06036b37775cef10477fb4b85be3ee6,0x06a2d004a003250f6fc7bc0687182c46826edd54,,0xa0b86991c6218b36c1d19d4a2e9eb0ce3606eb48,USDC,6,0xc02aaa39b223fe8d0a0e5c4f27ead9083c756cc2,WETH,18,-8639.33186,4.011644866932114,8652.88404856181,,1.704810447872927e+33,199542.0,,,2026-04-01T21:47:47+00:00
swap,0xfed1e1dbc7691b2da9aad6596edbf738de0d00664e8b6184921571e2f0742654#1124053,1775080115,24787538,0xfed1e1dbc7691b2da9aad6596edbf738de0d00664e8b6184921571e2f0742654,365,0x8ad599c3a0ff1de082011efddc58f1908eb6e6d8,3000.0,0.0,219017670.0,0xe592427a0aece92de3edee1f18e0157c05861564,0x2a93f88e70df0ebe9cadaf72940de5a4f4204a29,0x2a93f88e70df0ebe9cadaf72940de5a4f4204a29,,0xa0b86991c6218b36c1d19d4a2e9eb0ce3606eb48,USDC,6,0xc02aaa39b223fe8d0a0e5c4f27ead9083c756cc2,WETH,18,-6.459863,0.003,6.4695825208303885,,1.704810610925714e+33,199542.0,,,2026-04-01T21:48:35+00:00
swap,0x06a57d7761c0e381bf8b5331d383d6c9cf0cef072a743f5d0dac516c7796871c#1124054,1775080199,24787545,0x06a57d7761c0e381bf8b5331d383d6c9cf0cef072a743f5d0dac516c7796871c,282,0x8ad599c3a0ff1de082011efddc58f1908eb6e6d8,3000.0,0.0,705994555.0,0x63242a4ea82847b20e506b63b0e2e2eff0cc6cb0,0x63242a4ea82847b20e506b63b0e2e2eff0cc6cb0,0xef4326f42f2eb656c58fabf8b1d3298dc2ab80c6,,0xa0b86991c6218b36c1d19d4a2e9eb0ce3606eb48,USDC,6,0xc02aaa39b223fe8d0a0e5c4f27ead9083c756cc2,WETH,18,68805.8521,-31.73019750277489,68667.84173928856,,1.703080855949559e+33,199522.0,,,2026-04-01T21:49:59+00:00
swap,0xa9ee0b170fdd7b35e97e9fda15786621c046ab415961891db6ff5f65961f80b7#1124055,1775080259,24787550,0xa9ee0b170fdd7b35e97e9fda15786621c046ab415961891db6ff5f65961f80b7,982,0x8ad599c3a0ff1de082011efddc58f1908eb6e6d8,3000.0,0.0,200346618.0,0x63242a4ea82847b20e506b63b0e2e2eff0cc6cb0,0x63242a4ea82847b20e506b63b0e2e2eff0cc6cb0,0xbee12bd9a3b777b29fecf6097f18aec13db6e013,,0xa0b86991c6218b36c1d19d4a2e9eb0ce3606eb48,USDC,6,0xc02aaa39b223fe8d0a0e5c4f27ead9083c756cc2,WETH,18,-11684.418006,5.416245674838129,11703.010237185901,,1.70337523393361e+33,199525.0,,,2026-04-01T21:50:59+00:00
swap,0x0e1c41945cb604918fd7c0f7660f125fa039460eb860401e90c557ac7c7103e1#1124056,1775080343,24787557,0x0e1c41945cb604918fd7c0f7660f125fa039460eb860401e90c557ac7c7103e1,6,0x8ad599c3a0ff1de082011efddc58f1908eb6e6d8,3000.0,0.0,153347364.0,0x63242a4ea82847b20e506b63b0e2e2eff0cc6cb0,0xbee3211ab312a8d065c4fef0247448e17a8da000,0xbee12bd9a3b777b29fecf6097f18aec13db6e013,,0xa0b86991c6218b36c1d19d4a2e9eb0ce3606eb48,USDC,6,0xc02aaa39b223fe8d0a0e5c4f27ead9083c756cc2,WETH,18,-36575.551252,16.96649991367444,36640.50978720967,,1.704297378965581e+33,199536.0,,,2026-04-01T21:52:23+00:00
swap,0xf9e61860c084b36163e6d0d7bd5d3c8e3b5cbb28c7125300b6f00577f890faab#1124057,1775080343,24787557,0xf9e61860c084b36163e6d0d7bd5d3c8e3b5cbb28c7125300b6f00577f890faab,13,0x8ad599c3a0ff1de082011efddc58f1908eb6e6d8,3000.0,0.0,153347364.0,0xeff6cb8b614999d130e537751ee99724d01aa167,0xeff6cb8b614999d130e537751ee99724d01aa167,0x8f6201b2d125bdc541816bb95ac128f8f5d99a6e,,0xa0b86991c6218b36c1d19d4a2e9eb0ce3606eb48,USDC,6,0xc02aaa39b223fe8d0a0e5c4f27ead9083c756cc2,WETH,18,-750.732954,0.3484389789219085,751.8666256656902,,1.7043163169477808e+33,199536.0,,,2026-04-01T21:52:23+00:00
swap,0xf342109033770c58093a0950c31e0f54fe7923bb64944931b1dd767b7b910191#1124058,1775080355,24787558,0xf342109033770c58093a0950c31e0f54fe7923bb64944931b1dd767b7b910191,962,0x8ad599c3a0ff1de082011efddc58f1908eb6e6d8,3000.0,0.0,172048344.0,0x51c72848c68a965f66fa7a88855f9f7784502a7f,0x51c72848c68a965f66fa7a88855f9f7784502a7f,0x6f0a91ef8adeb54db0e63be507747ab9a31d3926,,0xa0b86991c6218b36c1d19d4a2e9eb0ce3606eb48,USDC,6,0xc02aaa39b223fe8d0a0e5c4f27ead9083c756cc2,WETH,18,-14673.94178,6.812197121850345,14697.617619450039,,1.704686566189798e+33,199541.0,,,2026-04-01T21:52:35+00:00
swap,0x67b83a9e04042b0d6bc609e213efb9a5490c2791292d4c3dedc569403b31a8a6#1124059,1775080367,24787559,0x67b83a9e04042b0d6bc609e213efb9a5490c2791292d4c3dedc569403b31a8a6,89,0x8ad599c3a0ff1de082011efddc58f1908eb6e6d8,3000.0,0.0,186971205.0,0x06cff7088619c7178f5e14f0b119458d08d2f5ef,0x06cff7088619c7178f5e14f0b119458d08d2f5ef,0x9307514e06a07b149471ccfd690d0e3e6ace8df2,,0xa0b86991c6218b36c1d19d4a2e9eb0ce3606eb48,USDC,6,0xc02aaa39b223fe8d0a0e5c4f27ead9083c756cc2,WETH,18,1.073878,-0.000495655418430525,1.0722669915147016,,1.7046865391694046e+33,199541.0,,,2026-04-01T21:52:47+00:00
swap,0x2844c642e00e1e8cd9ec3e7bc53e70dae5811e7390e32732553b1d794f0a9e50#1124060,1775080379,24787560,0x2844c642e00e1e8cd9ec3e7bc53e70dae5811e7390e32732553b1d794f0a9e50,662,0x8ad599c3a0ff1de082011efddc58f1908eb6e6d8,3000.0,0.0,246506825.0,0xe592427a0aece92de3edee1f18e0157c05861564,0x2a93f88e70df0ebe9cadaf72940de5a4f4204a29,0x2a93f88e70df0ebe9cadaf72940de5a4f4204a29,,0xa0b86991c6218b36c1d19d4a2e9eb0ce3606eb48,USDC,6,0xc02aaa39b223fe8d0a0e5c4f27ead9083c756cc2,WETH,18,-0.21536,0.0001,0.2156840666518676,,1.7046865446044973e+33,199541.0,,,2026-04-01T21:52:59+00:00
swap,0x1436d9e500ba4f9e7ad68cff25a7599667a3753497f3a218f8b4cd966b04dcbb#1124061,1775080427,24787564,0x1436d9e500ba4f9e7ad68cff25a7599667a3753497f3a218f8b4cd966b04dcbb,590,0x8ad599c3a0ff1de082011efddc58f1908eb6e6d8,3000.0,0.0,221705011.0,0x68b3465833fb72a70ecdf485e0e4c7bd8665fc45,0x68b3465833fb72a70ecdf485e0e4c7bd8665fc45,0x2a93f88e70df0ebe9cadaf72940de5a4f4204a29,,0xa0b86991c6218b36c1d19d4a2e9eb0ce3606eb48,USDC,6,0xc02aaa39b223fe8d0a0e5c4f27ead9083c756cc2,WETH,18,6.45858,-0.002981,6.44889120636191,,1.704686382096855e+33,199541.0,,,2026-04-01T21:53:47+00:00
mint,0xf12c77a634d255220eaaf70639920cd120874c1f647a448f7db8c0e0d9847aa6#1124062,1775080451,24787566,0xf12c77a634d255220eaaf70639920cd120874c1f647a448f7db8c0e0d9847aa6,393,0x8ad599c3a0ff1de082011efddc58f1908eb6e6d8,3000.0,0.0,261281300.0,0xc36442b4a4522e871399cd717abdd847ab11fe88,,0x508a312cf7334b44b9ff22ac0bac1b3db9eed4e1,0xc36442b4a4522e871399cd717abdd847ab11fe88,0xa0b86991c6218b36c1d19d4a2e9eb0ce3606eb48,USDC,6,0xc02aaa39b223fe8d0a0e5c4f27ead9083c756cc2,WETH,18,1000.0,0.09365921478815878,1202.3115588134583,84240451016038.0,,,198480.0,205440.0,2026-04-01T21:54:11+00:00
swap,0x6cdde6c9a76ace5659cece9094b152af50811bb43eb7f5c2ed3338d7d0a7cf36#1124063,1775080451,24787566,0x6cdde6c9a76ace5659cece9094b152af50811bb43eb7f5c2ed3338d7d0a7cf36,877,0x8ad599c3a0ff1de082011efddc58f1908eb6e6d8,3000.0,0.0,161281300.0,0x06cff7088619c7178f5e14f0b119458d08d2f5ef,0x06cff7088619c7178f5e14f0b119458d08d2f5ef,0x333c92538e7f47d17c79e5975d4e40e901427558,,0xa0b86991c6218b36c1d19d4a2e9eb0ce3606eb48,USDC,6,0xc02aaa39b223fe8d0a0e5c4f27ead9083c756cc2,WETH,18,0.204945,-9.4593642656979e-05,0.20463749969096576,,1.7046863769404315e+33,199541.0,,,2026-04-01T21:54:11+00:00
swap,0xe3323b4ccbb1dee73b490386abe0190aae131e4bc41a8723dab6736542d524b6#1124064,1775080451,24787566,0xe3323b4ccbb1dee73b490386abe0190aae131e4bc41a8723dab6736542d524b6,908,0x8ad599c3a0ff1de082011efddc58f1908eb6e6d8,3000.0,0.0,161281300.0,0x06cff7088619c7178f5e14f0b119458d08d2f5ef,0x06cff7088619c7178f5e14f0b119458d08d2f5ef,0xdf8adfe10d4a4d9f0fc4d3e377a6e8d5730eb40c,,0xa0b86991c6218b36c1d19d4a2e9eb0ce3606eb48,USDC,6,0xc02aaa39b223fe8d0a0e5c4f27ead9083c756cc2,WETH,18,2.840309,-0.001310963295221886,2.8360484406441637,,1.7046863054781012e+33,199541.0,,,2026-04-01T21:54:11+00:00
swap,0xff46ae86df33ea1beed3fcfb36be700b8ca4345e94815fac6f06719e345cc2b9#1124065,1775080499,24787570,0xff46ae86df33ea1beed3fcfb36be700b8ca4345e94815fac6f06719e345cc2b9,643,0x8ad599c3a0ff1de082011efddc58f1908eb6e6d8,3000.0,0.0,1142423698.0,0x63242a4ea82847b20e506b63b0e2e2eff0cc6cb0,0x63242a4ea82847b20e506b63b0e2e2eff0cc6cb0,0xef4326f42f2eb656c58fabf8b1d3298dc2ab80c6,,0xa0b86991c6218b36c1d19d4a2e9eb0ce3606eb48,USDC,6,0xc02aaa39b223fe8d0a0e5c4f27ead9083c756cc2,WETH,18,67530.494345,-31.13810766793059,67395.6789529285,,1.7029889263525617e+33,199521.0,,,2026-04-01T21:54:59+00:00
swap,0x6d17f642701ec190d7790dd0582458f49ba57d50f57bba7c487fcb5d544fee80#1124066,1775080511,24787571,0x6d17f642701ec190d7790dd0582458f49ba57d50f57bba7c487fcb5d544fee80,32,0x8ad599c3a0ff1de082011efddc58f1908eb6e6d8,3000.0,0.0,160215928.0,0x51c72848c68a965f66fa7a88855f9f7784502a7f,0x51c72848c68a965f66fa7a88855f9f7784502a7f,0x115d0a42f5dd6fabf392edd0831932875b3ffb22,,0xa0b86991c6218b36c1d19d4a2e9eb0ce3606eb48,USDC,6,0xc02aaa39b223fe8d0a0e5c4f27ead9083c756cc2,WETH,18,-52840.828862,24.50634039806536,52941.053526965145,,1.704320791520009e+33,199536.0,,,2026-04-01T21:55:11+00:00
swap,0xadba4c3d9f8cc3f868a1425324bdf591d64ece6069d33e429f3cbf2ca5c3f80a#1124067,1775080667,24787584,0xadba4c3d9f8cc3f868a1425324bdf591d64ece6069d33e429f3cbf2ca5c3f80a,60,0x8ad599c3a0ff1de082011efddc58f1908eb6e6d8,3000.0,0.0,149415560.0,0xe592427a0aece92de3edee1f18e0157c05861564,0x3149c3c5687dbca911007996553948fe92fd15fc,0x3afcaa7732ca0a3ca4534d79942f590b4d64a11a,,0xa0b86991c6218b36c1d19d4a2e9eb0ce3606eb48,USDC,6,0xc02aaa39b223fe8d0a0e5c4f27ead9083c756cc2,WETH,18,109.574237,-0.05055294105334422,109.4097871807561,,1.7043180358128286e+33,199536.0,,,2026-04-01T21:57:47+00:00
swap,0x0d4ca7a61181b94ff7a8f95caded3c77f344ae070caf1d321b6e1bf002bbef85#1124068,1775080667,24787584,0x0d4ca7a61181b94ff7a8f95caded3c77f344ae070caf1d321b6e1bf002bbef85,123,0x8ad599c3a0ff1de082011efddc58f1908eb6e6d8,3000.0,0.0,149415560.0,0x06cff7088619c7178f5e14f0b119458d08d2f5ef,0x06cff7088619c7178f5e14f0b119458d08d2f5ef,0xdf8adfe10d4a4d9f0fc4d3e377a6e8d5730eb40c,,0xa0b86991c6218b36c1d19d4a2e9eb0ce3606eb48,USDC,6,0xc02aaa39b223fe8d0a0e5c4f27ead9083c756cc2,WETH,18,2.144539,-0.000989398226862904,2.1413219661696754,,1.7043179818794325e+33,199536.0,,,2026-04-01T21:57:47+00:00
swap,0x0df73beae2929ace8ebbebe102279807b97d0f1406e119bff1ea60fbc4caaf98#1124069,1775080679,24787585,0x0df73beae2929ace8ebbebe102279807b97d0f1406e119bff1ea60fbc4caaf98,61,0x8ad599c3a0ff1de082011efddc58f1908eb6e6d8,3000.0,0.0,137259660.0,0x06cff7088619c7178f5e14f0b119458d08d2f5ef,0x06cff7088619c7178f5e14f0b119458d08d2f5ef,0xd7e1236c08731c3632519dcd1a581bfe6876a3b2,,0xa0b86991c6218b36c1d19d4a2e9eb0ce3606eb48,USDC,6,0xc02aaa39b223fe8d0a0e5c4f27ead9083c756cc2,WETH,18,1.092776,-0.000504159687423498,1.091136491215841,,1.704317954397026e+33,199536.0,,,2026-04-01T21:57:59+00:00
swap,0xb1b58b1b3653ab7bd469eb5202a38016aa811e26515088b3408a62dcbd1ddd62#1124070,1775080679,24787585,0xb1b58b1b3653ab7bd469eb5202a38016aa811e26515088b3408a62dcbd1ddd62,164,0x8ad599c3a0ff1de082011efddc58f1908eb6e6d8,3000.0,0.0,137259660.0,0x06cff7088619c7178f5e14f0b119458d08d2f5ef,0x06cff7088619c7178f5e14f0b119458d08d2f5ef,0x84e03f3b74b10c70db109cae6523c09a01552186,,0xa0b86991c6218b36c1d19d4a2e9eb0ce3606eb48,USDC,6,0xc02aaa39b223fe8d0a0e5c4f27ead9083c756cc2,WETH,18,1.174758,-0.000541982624479281,1.172995489848395,,1.7043179248528418e+33,199536.0,,,2026-04-01T21:57:59+00:00
swap,0xad41440951966a7963d8997fd4cc21cc63eb3d5904f14a3f9981d015c1c8efe3#1124071,1775080811,24787596,0xad41440951966a7963d8997fd4cc21cc63eb3d5904f14a3f9981d015c1c8efe3,432,0x8ad599c3a0ff1de082011efddc58f1908eb6e6d8,3000.0,0.0,194043631.0,0xe592427a0aece92de3edee1f18e0157c05861564,0x2a93f88e70df0ebe9cadaf72940de5a4f4204a29,0x2a93f88e70df0ebe9cadaf72940de5a4f4204a29,,0xa0b86991c6218b36c1d19d4a2e9eb0ce3606eb48,USDC,6,0xc02aaa39b223fe8d0a0e5c4f27ead9083c756cc2,WETH,18,-0.215453,0.0001,0.21577729050536817,,1.7043179302876196e+33,199536.0,,,2026-04-01T22:00:11+00:00
swap,0x295e63fb0d3ce416a1f64299ba837a28a35c0d3986fe18843b7d74ff65404aa3#1124072,1775080907,24787604,0x295e63fb0d3ce416a1f64299ba837a28a35c0d3986fe18843b7d74ff65404aa3,1014,0x8ad599c3a0ff1de082011efddc58f1908eb6e6d8,3000.0,0.0,207528143.0,0xe592427a0aece92de3edee1f18e0157c05861564,0x2a93f88e70df0ebe9cadaf72940de5a4f4204a29,0x2a93f88e70df0ebe9cadaf72940de5a4f4204a29,,0xa0b86991c6218b36c1d19d4a2e9eb0ce3606eb48,USDC,6,0xc02aaa39b223fe8d0a0e5c4f27ead9083c756cc2,WETH,18,-0.215453,0.0001,0.21577728981625727,,1.7043179357223976e+33,199536.0,,,2026-04-01T22:01:47+00:00
swap,0x8ed0dcc7a8577bae3100ff4cfa36a63a99e94bded285467f29b3dcf126ee29c3#1124073,1775080979,24787610,0x8ed0dcc7a8577bae3100ff4cfa36a63a99e94bded285467f29b3dcf126ee29c3,12,0x8ad599c3a0ff1de082011efddc58f1908eb6e6d8,3000.0,0.0,143674599.0,0x51c72848c68a965f66fa7a88855f9f7784502a7f,0x51c72848c68a965f66fa7a88855f9f7784502a7f,0x51301f41c8f83fbdffaeee11f846e9c114fb8046,,0xa0b86991c6218b36c1d19d4a2e9eb0ce3606eb48,USDC,6,0xc02aaa39b223fe8d0a0e5c4f27ead9083c756cc2,WETH,18,-9998.087721,4.6411768395596695,10013.872060430574,,1.7045701733747016e+33,199539.0,,,2026-04-01T22:02:59+00:00
swap,0xfe69b8e92ae9d844f2df4a73ad9292925fb828fce257d693cbe14a2782b3eb96#1124074,1775080991,24787611,0xfe69b8e92ae9d844f2df4a73ad9292925fb828fce257d693cbe14a2782b3eb96,123,0x8ad599c3a0ff1de082011efddc58f1908eb6e6d8,3000.0,0.0,1716349263.0,0x51c72848c68a965f66fa7a88855f9f7784502a7f,0x51c72848c68a965f66fa7a88855f9f7784502a7f,0x58a497019644d8c383c8d3764c32ffd43506e836,,0xa0b86991c6218b36c1d19d4a2e9eb0ce3606eb48,USDC,6,0xc02aaa39b223fe8d0a0e5c4f27ead9083c756cc2,WETH,18,-7388.209958,3.4305375096177886,7399.730889105669,,1.7047566154684807e+33,199541.0,,,2026-04-01T22:03:11+00:00
swap,0x34d660bac1780011b1e26cbd2664c8e9d5992f938f64b47d667f19ca7f4652da#1124075,1775081003,24787612,0x34d660bac1780011b1e26cbd2664c8e9d5992f938f64b47d667f19ca7f4652da,16,0x8ad599c3a0ff1de082011efddc58f1908eb6e6d8,3000.0,0.0,148191166.0,0x51c72848c68a965f66fa7a88855f9f7784502a7f,0x51c72848c68a965f66fa7a88855f9f7784502a7f,0xc8df1a5953aa7f62a35ff1501e0c10eb3c33ebfe,,0xa0b86991c6218b36c1d19d4a2e9eb0ce3606eb48,USDC,6,0xc02aaa39b223fe8d0a0e5c4f27ead9083c756cc2,WETH,18,-16081.782263,7.469783768427815,16107.898120400136,,1.7051625816245013e+33,199546.0,,,2026-04-01T22:03:23+00:00
burn,0x8b42ee4b81ed01f5caf761f018d1e73674066c4d230f18677e9a6e583c707e76#1124081,1775081063,24787617,0x8b42ee4b81ed01f5caf761f018d1e73674066c4d230f18677e9a6e583c707e76,25,0x8ad599c3a0ff1de082011efddc58f1908eb6e6d8,3000.0,0.0,473520495.0,,,0x782df99676f014b6fd6000626073c78dba205d2e,0xc36442b4a4522e871399cd717abdd847ab11fe88,0xa0b86991c6218b36c1d19d4a2e9eb0ce3606eb48,USDC,6,0xc02aaa39b223fe8d0a0e5c4f27ead9083c756cc2,WETH,18,0.0,0.0,0.0,0.0,,,198180.0,199980.0,2026-04-01T22:04:23+00:00
swap,0x8f250596352223a8267cbcad6312ffba7d0a963f74972f8edc0cc9e7bf10fef7#1124077,1775081099,24787620,0x8f250596352223a8267cbcad6312ffba7d0a963f74972f8edc0cc9e7bf10fef7,94,0x8ad599c3a0ff1de082011efddc58f1908eb6e6d8,3000.0,0.0,167156981.0,0x51c72848c68a965f66fa7a88855f9f7784502a7f,0x51c72848c68a965f66fa7a88855f9f7784502a7f,0x9eb9e9b2ba5c2665a16beaa8e137410358b6beaf,,0xa0b86991c6218b36c1d19d4a2e9eb0ce3606eb48,USDC,6,0xc02aaa39b223fe8d0a0e5c4f27ead9083c756cc2,WETH,18,-2738.382374,1.272298349101046,2742.557997429169,,1.7052317282137613e+33,199547.0,,,2026-04-01T22:04:59+00:00
swap,0x6bee984774c4930c0272969ecc7d6323e35c047c1df78c59150523905198096e#1124078,1775081123,24787622,0x6bee984774c4930c0272969ecc7d6323e35c047c1df78c59150523905198096e,56,0x8ad599c3a0ff1de082011efddc58f1908eb6e6d8,3000.0,0.0,172562513.0,0x51c72848c68a965f66fa7a88855f9f7784502a7f,0x51c72848c68a965f66fa7a88855f9f7784502a7f,0xeaa9ebddd373c4bd8bb92dfcc9c7e7fcdb268e51,,0xa0b86991c6218b36c1d19d4a2e9eb0ce3606eb48,USDC,6,0xc02aaa39b223fe8d0a0e5c4f27ead9083c756cc2,WETH,18,-2677.725314,1.24421584983637,2681.8072403106557,,1.7052993485815625e+33,199548.0,,,2026-04-01T22:05:23+00:00
swap,0xd7e71f62db9e5d895ea6527f67f0cd278600425afeba435db4d6bb9ff54a0b03#1124079,1775081147,24787624,0xd7e71f62db9e5d895ea6527f67f0cd278600425afeba435db4d6bb9ff54a0b03,8,0x8ad599c3a0ff1de082011efddc58f1908eb6e6d8,3000.0,0.0,17549459123.0,0x51c72848c68a965f66fa7a88855f9f7784502a7f,0x51c72848c68a965f66fa7a88855f9f7784502a7f,0x82fab289311422664a26864322bf88eabf5b4131,,0xa0b86991c6218b36c1d19d4a2e9eb0ce3606eb48,USDC,6,0xc02aaa39b223fe8d0a0e5c4f27ead9083c756cc2,WETH,18,-26303.530498,12.227288931605036,26348.244955360486,,1.7059638745758888e+33,199556.0,,,2026-04-01T22:05:47+00:00
swap,0x5770d8cdfad480b40d0ac25b9224d8b82de01dbc336c5eece562307e8b2b93e1#1124080,1775081171,24787626,0x5770d8cdfad480b40d0ac25b9224d8b82de01dbc336c5eece562307e8b2b93e1,18,0x8ad599c3a0ff1de082011efddc58f1908eb6e6d8,3000.0,0.0,194118885.0,0x51c72848c68a965f66fa7a88855f9f7784502a7f,0x51c72848c68a965f66fa7a88855f9f7784502a7f,0x115d0a42f5dd6fabf392edd0831932875b3ffb22,,0xa0b86991c6218b36c1d19d4a2e9eb0ce3606eb48,USDC,6,0xc02aaa39b223fe8d0a0e5c4f27ead9083c756cc2,WETH,18,-16545.065073,7.695921389943064,16571.998230635345,,1.7063883850479687e+33,199561.0,,,2026-04-01T22:06:11+00:00
swap,0xa1c423734a81bada266ef5ae2e7bc9e56c780229ca9ad6872f562ab8e3c16a2a#1124081,1775081183,24787627,0xa1c423734a81bada266ef5ae2e7bc9e56c780229ca9ad6872f562ab8e3c16a2a,97,0x8ad599c3a0ff1de082011efddc58f1908eb6e6d8,3000.0,0.0,190611623.0,0xeff6cb8b614999d130e537751ee99724d01aa167,0xeff6cb8b614999d130e537751ee99724d01aa167,0x57e19f6383c0014ca303ea5b832d8d3f3e285f60,,0xa0b86991c6218b36c1d19d4a2e9eb0ce3606eb48,USDC,6,0xc02aaa39b223fe8d0a0e5c4f27ead9083c756cc2,WETH,18,-2806.377605,1.3057705298934728,2810.662416691567,,1.7064642568556995e+33,199562.0,,,2026-04-01T22:06:23+00:00
swap,0xf4dae3a2e7e23847e556e28090dcf0b4790416e52f6018d0e5c348a9e76e53b4#1124082,1775081735,24787673,0xf4dae3a2e7e23847e556e28090dcf0b4790416e52f6018d0e5c348a9e76e53b4,60,0x8ad599c3a0ff1de082011efddc58f1908eb6e6d8,3000.0,0.0,171946930.0,0x51c72848c68a965f66fa7a88855f9f7784502a7f,0x51c72848c68a965f66fa7a88855f9f7784502a7f,0x12dde15d3bc00d69fb6f94b5afe8cb71a364756c,,0xa0b86991c6218b36c1d19d4a2e9eb0ce3606eb48,USDC,6,0xc02aaa39b223fe8d0a0e5c4f27ead9083c756cc2,WETH,18,-3318.435609,1.544174213117617,3323.515743338177,,1.706553981111469e+33,199563.0,,,2026-04-01T22:15:35+00:00
swap,0xd342a711aef7a510169bd99df7782afd179b2d10ed290f8f0866acfcc318844b#1124083,1775081747,24787674,0xd342a711aef7a510169bd99df7782afd179b2d10ed290f8f0866acfcc318844b,15,0x8ad599c3a0ff1de082011efddc58f1908eb6e6d8,3000.0,0.0,157801880.0,0x51c72848c68a965f66fa7a88855f9f7784502a7f,0x51c72848c68a965f66fa7a88855f9f7784502a7f,0xeaa9ebddd373c4bd8bb92dfcc9c7e7fcdb268e51,,0xa0b86991c6218b36c1d19d4a2e9eb0ce3606eb48,USDC,6,0xc02aaa39b223fe8d0a0e5c4f27ead9083c756cc2,WETH,18,-24611.915418,11.457781632089048,24653.759578463283,,1.7072197356105256e+33,199570.0,,,2026-04-01T22:15:47+00:00
swap,0x972d497f424726c8135f7f69177ae5ecbac4d4e4e80935e7e2ba84e7f5cf6bc0#1124084,1775081771,24787676,0x972d497f424726c8135f7f69177ae5ecbac4d4e4e80935e7e2ba84e7f5cf6bc0,21,0x8ad599c3a0ff1de082011efddc58f1908eb6e6d8,3000.0,0.0,162407832.0,0x51c72848c68a965f66fa7a88855f9f7784502a7f,0x51c72848c68a965f66fa7a88855f9f7784502a7f,0x45e6345d5755f13e98e6cf94c426f6ffbc7aadcc,,0xa0b86991c6218b36c1d19d4a2e9eb0ce3606eb48,USDC,6,0xc02aaa39b223fe8d0a0e5c4f27ead9083c756cc2,WETH,18,-6610.44032,3.0789342587806776,6620.733217300356,,1.707398637111785e+33,199572.0,,,2026-04-01T22:16:11+00:00
swap,0x2636cf76aba7e9ee0e167e046b562bf7b28d3c99a19c7ae8f19597404c3ce587#1124085,1775081807,24787679,0x2636cf76aba7e9ee0e167e046b562bf7b28d3c99a19c7ae8f19597404c3ce587,160,0x8ad599c3a0ff1de082011efddc58f1908eb6e6d8,3000.0,0.0,167926810.0,0x51c72848c68a965f66fa7a88855f9f7784502a7f,0x51c72848c68a965f66fa7a88855f9f7784502a7f,0x867bdc57d1b071fe5a9f670dd70b91e4269814d3,,0xa0b86991c6218b36c1d19d4a2e9eb0ce3606eb48,USDC,6,0xc02aaa39b223fe8d0a0e5c4f27ead9083c756cc2,WETH,18,-12026.703957,5.603314031585077,12045.948421386427,,1.7077242177211854e+33,199576.0,,,2026-04-01T22:16:47+00:00
swap,0xdd2ba845915d4801c95eed3b727f85957805937e766235c89fc58f6e043806e5#1124086,1775081831,24787681,0xdd2ba845915d4801c95eed3b727f85957805937e766235c89fc58f6e043806e5,395,0x8ad599c3a0ff1de082011efddc58f1908eb6e6d8,3000.0,0.0,164726473.0,0xe592427a0aece92de3edee1f18e0157c05861564,0xecbda61616b1f777c2627ee34d5c4a97c465aff1,0xecbda61616b1f777c2627ee34d5c4a97c465aff1,,0xa0b86991c6218b36c1d19d4a2e9eb0ce3606eb48,USDC,6,0xc02aaa39b223fe8d0a0e5c4f27ead9083c756cc2,WETH,18,16.926012,-0.007840178831547315,16.900620242402972,,1.7077237607967545e+33,199576.0,,,2026-04-01T22:17:11+00:00
swap,0x3dbdd95947c972d6c1e05a5a0350e1f57f14562867ecac233d7667548f83abf9#1124087,1775081843,24787682,0x3dbdd95947c972d6c1e05a5a0350e1f57f14562867ecac233d7667548f83abf9,19,0x8ad599c3a0ff1de082011efddc58f1908eb6e6d8,3000.0,0.0,162394630.0,0x51c72848c68a965f66fa7a88855f9f7784502a7f,0x51c72848c68a965f66fa7a88855f9f7784502a7f,0x6f0a91ef8adeb54db0e63be507747ab9a31d3926,,0xa0b86991c6218b36c1d19d4a2e9eb0ce3606eb48,USDC,6,0xc02aaa39b223fe8d0a0e5c4f27ead9083c756cc2,WETH,18,-23698.745034,11.047639217288385,23738.86762798931,,1.7083656839673152e+33,199584.0,,,2026-04-01T22:17:23+00:00
swap,0xce559bad0d7f4452bd6d9aa6a02f558994aef231b0f5d65f990901416fa4f3cc#1124088,1775081927,24787689,0xce559bad0d7f4452bd6d9aa6a02f558994aef231b0f5d65f990901416fa4f3cc,15,0x8ad599c3a0ff1de082011efddc58f1908eb6e6d8,3000.0,0.0,137710846.0,0x51c72848c68a965f66fa7a88855f9f7784502a7f,0x51c72848c68a965f66fa7a88855f9f7784502a7f,0x25039438290bdc35d1eed16961990d759bb498bd,,0xa0b86991c6218b36c1d19d4a2e9eb0ce3606eb48,USDC,6,0xc02aaa39b223fe8d0a0e5c4f27ead9083c756cc2,WETH,18,-8526.251392,3.976712761399958,8539.657601618454,,1.7085967508960952e+33,199587.0,,,2026-04-01T22:18:47+00:00
swap,0xb8edddc7a406ccb0655c25df596c1d7d95b7d9ddc3e769927b3bc6c7e5b575be#1124089,1775081939,24787690,0xb8edddc7a406ccb0655c25df596c1d7d95b7d9ddc3e769927b3bc6c7e5b575be,17,0x8ad599c3a0ff1de082011efddc58f1908eb6e6d8,3000.0,0.0,143484454.0,0x51c72848c68a965f66fa7a88855f9f7784502a7f,0x51c72848c68a965f66fa7a88855f9f7784502a7f,0x17fb4a31b8a468cd5be0ea6e037781eb5f19643e,,0xa0b86991c6218b36c1d19d4a2e9eb0ce3606eb48,USDC,6,0xc02aaa39b223fe8d0a0e5c4f27ead9083c756cc2,WETH,18,-2982.59303,1.3913595527458478,2987.151157424164,,1.7086775958547258e+33,199587.0,,,2026-04-01T22:18:59+00:00
swap,0x6e09b389f7611dbd9568203ec1ebcb4e9ba6d2461d53cc0cea77aac9b5752cfd#1124090,1775081963,24787692,0x6e09b389f7611dbd9568203ec1ebcb4e9ba6d2461d53cc0cea77aac9b5752cfd,18,0x8ad599c3a0ff1de082011efddc58f1908eb6e6d8,3000.0,0.0,144840184.0,0x51c72848c68a965f66fa7a88855f9f7784502a7f,0x51c72848c68a965f66fa7a88855f9f7784502a7f,0xab2f731f01621b529225b3fb47cf404ccda099ff,,0xa0b86991c6218b36c1d19d4a2e9eb0ce3606eb48,USDC,6,0xc02aaa39b223fe8d0a0e5c4f27ead9083c756cc2,WETH,18,-8460.37752,3.9474256670597168,8473.675822820394,,1.7089069610566402e+33,199590.0,,,2026-04-01T22:19:23+00:00
swap,0x43c3bf39f2f03966582c39db51a56bb0e5144523948aaf008995a31bf69f9740#1124091,1775083775,24787842,0x43c3bf39f2f03966582c39db51a56bb0e5144523948aaf008995a31bf69f9740,27,0x8ad599c3a0ff1de082011efddc58f1908eb6e6d8,3000.0,0.0,142008576.0,0x51c72848c68a965f66fa7a88855f9f7784502a7f,0x51c72848c68a965f66fa7a88855f9f7784502a7f,0x50581cc596f1aa7169eaa6c04f963d4755ef63f1,,0xa0b86991c6218b36c1d19d4a2e9eb0ce3606eb48,USDC,6,0xc02aaa39b223fe8d0a0e5c4f27ead9083c756cc2,WETH,18,-10682.013056,4.985505834952918,10698.992386569082,,1.7091966439155276e+33,199594.0,,,2026-04-01T22:49:35+00:00
swap,0x311c2fcb7e10b5ae7464cf458c125f5358422f37803b48d69d1829efe8701e79#1124092,1775083787,24787843,0x311c2fcb7e10b5ae7464cf458c125f5358422f37803b48d69d1829efe8701e79,84,0x8ad599c3a0ff1de082011efddc58f1908eb6e6d8,3000.0,0.0,2175491650.0,0xeff6cb8b614999d130e537751ee99724d01aa167,0xeff6cb8b614999d130e537751ee99724d01aa167,0xfbff53e5fec6a107eb6c5708846d326a595c12b8,,0xa0b86991c6218b36c1d19d4a2e9eb0ce3606eb48,USDC,6,0xc02aaa39b223fe8d0a0e5c4f27ead9083c756cc2,WETH,18,-5643.033931,2.634397413860101,5651.777401279935,,1.709349715599637e+33,199595.0,,,2026-04-01T22:49:47+00:00
swap,0xe7a92eb8b12e21c49eb87d0d13d2d597055494b701188e8b15faa7bd01461abf#1124093,1775083811,24787845,0xe7a92eb8b12e21c49eb87d0d13d2d597055494b701188e8b15faa7bd01461abf,12,0x8ad599c3a0ff1de082011efddc58f1908eb6e6d8,3000.0,0.0,4005612169.0,0x51c72848c68a965f66fa7a88855f9f7784502a7f,0x51c72848c68a965f66fa7a88855f9f7784502a7f,0xb36ce3f521a1ff4b0cffb82ddd71f0a51fcf56ce,,0xa0b86991c6218b36c1d19d4a2e9eb0ce3606eb48,USDC,6,0xc02aaa39b223fe8d0a0e5c4f27ead9083c756cc2,WETH,18,-12491.235131,5.833094464608632,12511.270479007924,,1.70968864760305e+33,199599.0,,,2026-04-01T22:50:11+00:00
swap,0x22f4bacd3600fc4d08538f98e4645e88a1cace52d9227c0babdc2a6ce4a07a14#1124094,1775083823,24787846,0x22f4bacd3600fc4d08538f98e4645e88a1cace52d9227c0babdc2a6ce4a07a14,276,0x8ad599c3a0ff1de082011efddc58f1908eb6e6d8,3000.0,0.0,168243672.0,0x51c72848c68a965f66fa7a88855f9f7784502a7f,0x51c72848c68a965f66fa7a88855f9f7784502a7f,0x8316174a0f13c9aae7f2409a19ebd8ec8c69aaf4,,0xa0b86991c6218b36c1d19d4a2e9eb0ce3606eb48,USDC,6,0xc02aaa39b223fe8d0a0e5c4f27ead9083c756cc2,WETH,18,-6278.283398,2.932674948328626,6288.0429773111555,,1.709859050705833e+33,199601.0,,,2026-04-01T22:50:23+00:00
swap,0x0bde64e4fac87ce5cfba61b17d4f52318b8a48521e62d955df5337d49fe295e7#1124095,1775083835,24787847,0x0bde64e4fac87ce5cfba61b17d4f52318b8a48521e62d955df5337d49fe295e7,35,0x8ad599c3a0ff1de082011efddc58f1908eb6e6d8,3000.0,0.0,159709319.0,0x51c72848c68a965f66fa7a88855f9f7784502a7f,0x51c72848c68a965f66fa7a88855f9f7784502a7f,0xd6f4567bfa29bc70b26dccaeb07e5868905d667c,,0xa0b86991c6218b36c1d19d4a2e9eb0ce3606eb48,USDC,6,0xc02aaa39b223fe8d0a0e5c4f27ead9083c756cc2,WETH,18,-12447.042837,5.815918424213592,12467.003290471992,,1.7101969846952734e+33,199605.0,,,2026-04-01T22:50:35+00:00
swap,0x99e7d0dbff4bf566636b42e6d6bcf60d0b014d112af3ce59c63f1f963abcc76a#1124096,1775083859,24787849,0x99e7d0dbff4bf566636b42e6d6bcf60d0b014d112af3ce59c63f1f963abcc76a,82,0x8ad599c3a0ff1de082011efddc58f1908eb6e6d8,3000.0,0.0,527483691.0,0x51c72848c68a965f66fa7a88855f9f7784502a7f,0x51c72848c68a965f66fa7a88855f9f7784502a7f,0xff5910ab899d4d8ca4ff3b99f93a62bddbeda77e,,0xa0b86991c6218b36c1d19d4a2e9eb0ce3606eb48,USDC,6,0xc02aaa39b223fe8d0a0e5c4f27ead9083c756cc2,WETH,18,-3943.502995,1.8430932846343129,3949.55989183642,,1.7103040776462325e+33,199606.0,,,2026-04-01T22:50:59+00:00
swap,0x57efa5482f0f92219df72d34abf1504c68aead87494cd1a5573040f0f049d130#1124097,1775083871,24787850,0x57efa5482f0f92219df72d34abf1504c68aead87494cd1a5573040f0f049d130,71,0x8ad599c3a0ff1de082011efddc58f1908eb6e6d8,3000.0,0.0,5077601753.0,0x51c72848c68a965f66fa7a88855f9f7784502a7f,0x51c72848c68a965f66fa7a88855f9f7784502a7f,0xb36ce3f521a1ff4b0cffb82ddd71f0a51fcf56ce,,0xa0b86991c6218b36c1d19d4a2e9eb0ce3606eb48,USDC,6,0xc02aaa39b223fe8d0a0e5c4f27ead9083c756cc2,WETH,18,-13921.726759,6.508508274881792,13944.215980763203,,1.7106822545748287e+33,199611.0,,,2026-04-01T22:51:11+00:00
swap,0x8ec0470b1d11e25826b18935db3b75a570dcc29c748aa6335842af8e614a9bff#1124098,1775083883,24787851,0x8ec0470b1d11e25826b18935db3b75a570dcc29c748aa6335842af8e614a9bff,20,0x8ad599c3a0ff1de082011efddc58f1908eb6e6d8,3000.0,0.0,152219058.0,0xeff6cb8b614999d130e537751ee99724d01aa167,0xeff6cb8b614999d130e537751ee99724d01aa167,0x57e19f6383c0014ca303ea5b832d8d3f3e285f60,,0xa0b86991c6218b36c1d19d4a2e9eb0ce3606eb48,USDC,6,0xc02aaa39b223fe8d0a0e5c4f27ead9083c756cc2,WETH,18,-3476.848112,1.6259009208607669,3482.1753712002933,,1.710776727561646e+33,199612.0,,,2026-04-01T22:51:23+00:00
swap,0x06a6492db4bc559238758f9e3646205882351456f85bf741042f5c03287514aa#1124099,1775083895,24787852,0x06a6492db4bc559238758f9e3646205882351456f85bf741042f5c03287514aa,31,0x8ad599c3a0ff1de082011efddc58f1908eb6e6d8,3000.0,0.0,169664158.0,0x51c72848c68a965f66fa7a88855f9f7784502a7f,0x51c72848c68a965f66fa7a88855f9f7784502a7f,0xa794401988f9e484e03eb55a8e80db15968a38be,,0xa0b86991c6218b36c1d19d4a2e9eb0ce3606eb48,USDC,6,0xc02aaa39b223fe8d0a0e5c4f27ead9083c756cc2,WETH,18,-4520.743564,2.114333060195519,4527.707893075891,,1.710899580902068e+33,199613.0,,,2026-04-01T22:51:35+00:00
swap,0x19e02bdd003d82e26e0fc46ed29f2ccfb6ca3c723c7ef52272c358ba4b08ff7f#1124100,1775085119,24787954,0x19e02bdd003d82e26e0fc46ed29f2ccfb6ca3c723c7ef52272c358ba4b08ff7f,250,0x8ad599c3a0ff1de082011efddc58f1908eb6e6d8,3000.0,0.0,112633840.0,0xd226997439ecfbeff8e110c8c78c8a7eefd19f89,0xd226997439ecfbeff8e110c8c78c8a7eefd19f89,0x8a3999c2a419d11635a5146035824a49c33ca211,,0xa0b86991c6218b36c1d19d4a2e9eb0ce3606eb48,USDC,6,0xc02aaa39b223fe8d0a0e5c4f27ead9083c756cc2,WETH,18,0.423663,-0.000196972480294222,0.42302749858295,,1.7108995694225416e+33,199613.0,,,2026-04-01T23:11:59+00:00
swap,0x3bd6740509d63f4653b204c9b13b5ee9fe8012309500ce7e7628c1ada86303b9#1124101,1775085131,24787955,0x3bd6740509d63f4653b204c9b13b5ee9fe8012309500ce7e7628c1ada86303b9,195,0x8ad599c3a0ff1de082011efddc58f1908eb6e6d8,3000.0,0.0,162027314.0,0x00000000fd3a7b3fa5bcfa843c648714b11e089b,0x95605e7fc63ac7bc1637feb9057d77498eb87ceb,0x00000000fd3a7b3fa5bcfa843c648714b11e089b,,0xa0b86991c6218b36c1d19d4a2e9eb0ce3606eb48,USDC,6,0xc02aaa39b223fe8d0a0e5c4f27ead9083c756cc2,WETH,18,-1.884597,0.000881481548181962,1.8874324497825365,,1.7108996206410345e+33,199613.0,,,2026-04-01T23:12:11+00:00
swap,0xca62de70e95f9451366b454c1c381d8b40ab2cf4c57e6e68a6130eddcd6a6b25#1124102,1775085515,24787987,0xca62de70e95f9451366b454c1c381d8b40ab2cf4c57e6e68a6130eddcd6a6b25,213,0x8ad599c3a0ff1de082011efddc58f1908eb6e6d8,3000.0,0.0,101616992.0,0x06cff7088619c7178f5e14f0b119458d08d2f5ef,0x06cff7088619c7178f5e14f0b119458d08d2f5ef,0xdf8adfe10d4a4d9f0fc4d3e377a6e8d5730eb40c,,0xa0b86991c6218b36c1d19d4a2e9eb0ce3606eb48,USDC,6,0xc02aaa39b223fe8d0a0e5c4f27ead9083c756cc2,WETH,18,0.243325,-0.000113128423865105,0.24295999953256892,,1.7108996140479272e+33,199613.0,,,2026-04-01T23:18:35+00:00
mint,0x9decc492eae602d3c3aed68d838088d20c00c497b9a70301af87d3012314f2d9#1124103,1775085551,24787990,0x9decc492eae602d3c3aed68d838088d20c00c497b9a70301af87d3012314f2d9,241,0x8ad599c3a0ff1de082011efddc58f1908eb6e6d8,3000.0,0.0,195200498.0,0xc36442b4a4522e871399cd717abdd847ab11fe88,,0x508a312cf7334b44b9ff22ac0bac1b3db9eed4e1,0xc36442b4a4522e871399cd717abdd847ab11fe88,0xa0b86991c6218b36c1d19d4a2e9eb0ce3606eb48,USDC,6,0xc02aaa39b223fe8d0a0e5c4f27ead9083c756cc2,WETH,18,1712.550299,0.17418638791884739,2086.0792981346485,146346818001994.0,,,198480.0,205440.0,2026-04-01T23:19:11+00:00
burn,0xe4d15eff4bbf5b7f2bde3fecf9c398fa3c00af0f71bf3d96cf80b29b9df6da19#1124109,1775085659,24787999,0xe4d15eff4bbf5b7f2bde3fecf9c398fa3c00af0f71bf3d96cf80b29b9df6da19,216,0x8ad599c3a0ff1de082011efddc58f1908eb6e6d8,3000.0,0.0,198166510.0,,,0x508a312cf7334b44b9ff22ac0bac1b3db9eed4e1,0xc36442b4a4522e871399cd717abdd847ab11fe88,0xa0b86991c6218b36c1d19d4a2e9eb0ce3606eb48,USDC,6,0xc02aaa39b223fe8d0a0e5c4f27ead9083c756cc2,WETH,18,0.0,0.0,0.0,0.0,,,198480.0,205440.0,2026-04-01T23:20:59+00:00
mint,0xcefdb1441a8b61776b4cb6ba103673654717ff6f42e2566dedea9b26a8f9461a#1124105,1775085707,24788003,0xcefdb1441a8b61776b4cb6ba103673654717ff6f42e2566dedea9b26a8f9461a,1829,0x8ad599c3a0ff1de082011efddc58f1908eb6e6d8,3000.0,0.0,195820024.0,0xc36442b4a4522e871399cd717abdd847ab11fe88,,0x508a312cf7334b44b9ff22ac0bac1b3db9eed4e1,0xc36442b4a4522e871399cd717abdd847ab11fe88,0xa0b86991c6218b36c1d19d4a2e9eb0ce3606eb48,USDC,6,0xc02aaa39b223fe8d0a0e5c4f27ead9083c756cc2,WETH,18,1000.340536,0.1017463281261794,1218.5275284778725,85484586611845.0,,,198480.0,205440.0,2026-04-01T23:21:47+00:00
swap,0x1b5b4cda8b0bd155977ebc09f19616adeca2e2477459c60d6d8ade44780164a7#1124106,1775085947,24788023,0x1b5b4cda8b0bd155977ebc09f19616adeca2e2477459c60d6d8ade44780164a7,44,0x8ad599c3a0ff1de082011efddc58f1908eb6e6d8,3000.0,0.0,99190156.0,0x0f911f1a58a1bd6a92a2b821908fae971bdb7e31,0x0f911f1a58a1bd6a92a2b821908fae971bdb7e31,0x0f911f1a58a1bd6a92a2b821908fae971bdb7e31,,0xa0b86991c6218b36c1d19d4a2e9eb0ce3606eb48,USDC,6,0xc02aaa39b223fe8d0a0e5c4f27ead9083c756cc2,WETH,18,-1.440914,0.000673957951876262,1.4430818911610233,,1.7108996532015828e+33,199613.0,,,2026-04-01T23:25:47+00:00
swap,0x1b5b4cda8b0bd155977ebc09f19616adeca2e2477459c60d6d8ade44780164a7#1124107,1775085947,24788023,0x1b5b4cda8b0bd155977ebc09f19616adeca2e2477459c60d6d8ade44780164a7,121,0x8ad599c3a0ff1de082011efddc58f1908eb6e6d8,3000.0,0.0,99190156.0,0x0f911f1a58a1bd6a92a2b821908fae971bdb7e31,0x0f911f1a58a1bd6a92a2b821908fae971bdb7e31,0x0f911f1a58a1bd6a92a2b821908fae971bdb7e31,,0xa0b86991c6218b36c1d19d4a2e9eb0ce3606eb48,USDC,6,0xc02aaa39b223fe8d0a0e5c4f27ead9083c756cc2,WETH,18,-1.53348,0.00071725383254352,1.5357871601544046,,1.7108996948705168e+33,199613.0,,,2026-04-01T23:25:47+00:00
swap,0x85fb381eddba731129ac0422d5a0e2bce8da25a2f984f36b0f259c47ecfd8637#1124108,1775086295,24788051,0x85fb381eddba731129ac0422d5a0e2bce8da25a2f984f36b0f259c47ecfd8637,117,0x8ad599c3a0ff1de082011efddc58f1908eb6e6d8,3000.0,0.0,212319831.0,0x7cda585e917fecb3a33c6d5a8f8a15dd956694dc,0x01989c93890aed05a63d179b03424997075b6acf,0x183984b7e17e0b43c91b07aa2dbe426fe83d570f,,0xa0b86991c6218b36c1d19d4a2e9eb0ce3606eb48,USDC,6,0xc02aaa39b223fe8d0a0e5c4f27ead9083c756cc2,WETH,18,-2249.445823,1.0521697844066589,2252.8704494701938,,1.7109608207807284e+33,199614.0,,,2026-04-01T23:31:35+00:00
swap,0x322a3fd9f4262efdb04848cd46732d5a1dfef15b86bf26b7b42bade432e21ce0#1124109,1775086307,24788052,0x322a3fd9f4262efdb04848cd46732d5a1dfef15b86bf26b7b42bade432e21ce0,12,0x8ad599c3a0ff1de082011efddc58f1908eb6e6d8,3000.0,0.0,4460299711.0,0x51c72848c68a965f66fa7a88855f9f7784502a7f,0x51c72848c68a965f66fa7a88855f9f7784502a7f,0x8316174a0f13c9aae7f2409a19ebd8ec8c69aaf4,,0xa0b86991c6218b36c1d19d4a2e9eb0ce3606eb48,USDC,6,0xc02aaa39b223fe8d0a0e5c4f27ead9083c756cc2,WETH,18,-13057.393074,6.109031412475965,13078.39642200179,,1.7113157255794902e+33,199618.0,,,2026-04-01T23:31:47+00:00
swap,0x6a8ed3a879497b0e1b8d25d2bbc4e47c0a2a62a0c91372b6a67647228f57228f#1124110,1775086319,24788053,0x6a8ed3a879497b0e1b8d25d2bbc4e47c0a2a62a0c91372b6a67647228f57228f,15,0x8ad599c3a0ff1de082011efddc58f1908eb6e6d8,3000.0,0.0,108471207.0,0x51c72848c68a965f66fa7a88855f9f7784502a7f,0x51c72848c68a965f66fa7a88855f9f7784502a7f,0xff7f47680660b53ac58ea0df732980df69aaf873,,0xa0b86991c6218b36c1d19d4a2e9eb0ce3606eb48,USDC,6,0xc02aaa39b223fe8d0a0e5c4f27ead9083c756cc2,WETH,18,-9575.043258,4.481389700812212,9590.178963351393,,1.7115757163465348e+33,199621.0,,,2026-04-01T23:31:59+00:00
swap,0x392d7d443e80bb3d60c9bc3efe2d9c48c21aa6b3e50d7592518844f351b66812#1124111,1775086331,24788054,0x392d7d443e80bb3d60c9bc3efe2d9c48c21aa6b3e50d7592518844f351b66812,429,0x8ad599c3a0ff1de082011efddc58f1908eb6e6d8,3000.0,0.0,104166986.0,0xeff6cb8b614999d130e537751ee99724d01aa167,0xeff6cb8b614999d130e537751ee99724d01aa167,0x4a03ea3a4cd602e3f18733b95eebbb01de68379d,,0xa0b86991c6218b36c1d19d4a2e9eb0ce3606eb48,USDC,6,0xc02aaa39b223fe8d0a0e5c4f27ead9083c756cc2,WETH,18,-2278.533747,1.0666183701691367,2282.003108781296,,1.7116375421140772e+33,199622.0,,,2026-04-01T23:32:11+00:00
swap,0xb40961248fac0033e9ba5eb3a973c9f399af69050bb3696b0e9baf3805741add#1124112,1775086403,24788060,0xb40961248fac0033e9ba5eb3a973c9f399af69050bb3696b0e9baf3805741add,427,0x8ad599c3a0ff1de082011efddc58f1908eb6e6d8,3000.0,0.0,104561908.0,0xe592427a0aece92de3edee1f18e0157c05861564,0x69460570c93f9de5e2edbc3052bf10125f0ca22d,0x4337007ab182ebe9cdb0bc4b96734c32176d44cc,,0xa0b86991c6218b36c1d19d4a2e9eb0ce3606eb48,USDC,6,0xc02aaa39b223fe8d0a0e5c4f27ead9083c756cc2,WETH,18,-0.865382,0.00040511421,0.8666843169033355,,1.7116375655962313e+33,199622.0,,,2026-04-01T23:33:23+00:00
swap,0xbb7da53f0dd9d05322ba6c70a38ba9967e8e6f9eb84f38ff94196dc5070e19da#1124113,1775086703,24788084,0xbb7da53f0dd9d05322ba6c70a38ba9967e8e6f9eb84f38ff94196dc5070e19da,246,0x8ad599c3a0ff1de082011efddc58f1908eb6e6d8,3000.0,0.0,95632697.0,0xd226997439ecfbeff8e110c8c78c8a7eefd19f89,0xd226997439ecfbeff8e110c8c78c8a7eefd19f89,0xae0cc0d6e76c2b13451ab90cd13a5fa71a5c59ba,,0xa0b86991c6218b36c1d19d4a2e9eb0ce3606eb48,USDC,6,0xc02aaa39b223fe8d0a0e5c4f27ead9083c756cc2,WETH,18,0.433892,-0.000201902140983421,0.4332409985166583,,1.7116375538579037e+33,199622.0,,,2026-04-01T23:38:23+00:00
