dataset,symbol,bars,start_utc,end_utc,window_return_pct,median_body_or_diff_pct,p75_body_or_diff_pct,median_range_pct,p75_range_pct,range_cost_ratio,body_cost_ratio,median_quote_volume_proxy,sum_quote_volume_proxy,has_ohlcv,rt_cost_pct,downtrend_bonus,tradability_score
COMP_1m_1y,COMP/USDT:USDT,525593,2025-04-18T08:08:00+00:00,2026-04-18T08:07:00+00:00,-34.75548902195609,0.06374840628984517,0.11607661056296908,0.06374840628984517,0.11607661056296908,0.2238561325466692,0.2238561325466692,,,False,0.28477399999999997,0.3475548902195609,1.0191232878595684
akela_1m_30d,PIPPIN/USDT:USDT,52560,2026-03-20T00:44:00+00:00,2026-04-25T12:43:00+00:00,-69.39972278494508,0.15054887617663715,0.28824829856792245,0.30775878079452035,0.4818436517181557,1.080712357148196,0.5286608896059232,1525.21186165,210046954.90862578,True,0.28477399999999997,0.6939972278494508,3.384082831751766
akela_1m_30d,CYS/USDT:USDT,52560,2026-03-20T00:44:00+00:00,2026-04-25T12:43:00+00:00,-19.000570017100504,0.16245277912989575,0.32634032634032417,0.3437820805550107,0.5411086485488104,1.207210210746103,0.5704621177842631,337.209795,35069898.919746995,True,0.28477399999999997,0.19000570017100504,3.174888239447474
akela_1m_30d,BEAT/USDT:USDT,52560,2026-03-20T00:44:00+00:00,2026-04-25T12:43:00+00:00,-12.656467315716268,0.15873015873015817,0.3031158936494749,0.3511231095723155,0.5164189365876815,1.2329886491474487,0.5573899258013659,4677.407575000001,295207666.16081,True,0.28477399999999997,0.1265646731571627,3.149931897253426
akela_1m_30d,DRIFT/USDT:USDT,52560,2026-03-20T00:44:00+00:00,2026-04-25T12:43:00+00:00,-59.71664698937427,0.11686680196132948,0.23696682464454943,0.2296546068383365,0.45651266373371024,0.806445134873045,0.4103843818653722,4527.285625275,252504286.77562094,True,0.28477399999999997,0.5971664698937427,2.620441121505205
akela_1m_30d,4/USDT:USDT,52560,2026-03-20T00:44:00+00:00,2026-04-25T12:43:00+00:00,48.7465181058496,0.12853470437017567,0.2645502645502562,0.2702702702702675,0.4821102672202926,0.9490693331212384,0.45135688079029573,215.4220233,27383124.6419243,True,0.28477399999999997,-0.487465181058496,1.8620303659742765
akela_1m_30d,TESTICLE/USDT:USDT,52560,2026-03-20T00:44:00+00:00,2026-04-25T12:43:00+00:00,-25.185185185185176,0.09624639076034613,0.1826901404923531,0.11764705882353343,0.2624671916010568,0.41312429794691036,0.3379746422087204,673.384234,36861787.281249,True,0.28477399999999997,0.25185185185185177,1.4160750899543928
akela_1m_30d,IDOL/USDT:USDT,52560,2026-03-20T00:44:00+00:00,2026-04-25T12:43:00+00:00,-11.477272727272736,0.04496402877697259,0.12366034624896605,0.1311188811188746,0.21561017680034045,0.4604313635334497,0.15789372898148213,4502.4366785,237068768.074419,True,0.28477399999999997,0.11477272727272736,1.1935291833211088
akela_1m_30d,FREEDOMMONEY/USDT:USDT,52560,2026-03-20T00:44:00+00:00,2026-04-25T12:43:00+00:00,-29.548140740067286,0.055714832921027746,0.24704851473078826,0.0951019188159985,0.37518954891723744,0.33395576427622786,0.19564578550368977,473.703589,26661536.521692,True,0.28477399999999997,0.29548140740067286,1.1590387214568183
akela_1m_30d,KOMA/USDT:USDT,52560,2026-03-20T00:44:00+00:00,2026-04-25T12:43:00+00:00,24.273127753303967,0.0783304428122078,0.16233766233765268,0.15576323987538387,0.24541750341876,0.5469714225153416,0.27506177815463423,229.622123,25442717.0954288,True,0.28477399999999997,-0.24273127753303966,1.1262733456522778
akela_1m_30d,PLAYSOUT/USDT:USDT,52560,2026-03-20T00:44:00+00:00,2026-04-25T12:43:00+00:00,232.03649047491282,0.1536098310291889,0.3267973856208972,0.3652839736163149,0.643754271132152,1.2827153237876876,0.5394096056142377,785.426532,78627125.895964,True,0.28477399999999997,-2.320364904749128,0.7844753484404845
akela_1m_30d,MAXXING/USDT:USDT,52560,2026-03-20T00:44:00+00:00,2026-04-25T12:43:00+00:00,3.4793814432989567,0.04940711462450009,0.14816187065167796,0.06506180871828082,0.21425702043003092,0.22846821942410764,0.17349587611404166,472.4375605,26530810.754669,True,0.28477399999999997,-0.03479381443298957,0.5956385005292674
akela_1m_30d,ETH/USDT:USDT,52560,2026-03-20T00:44:00+00:00,2026-04-25T12:43:00+00:00,7.755176256125029,0.03204509986033388,0.06155004766436323,0.06718186667085124,0.10559681910646823,0.23591292277683795,0.11252817975072824,260313.44365,28935077947.371502,True,0.28477399999999997,-0.07755176256125029,0.5068022627431539
akela_1m_30d,BTC/USDT:USDT,52560,2026-03-20T00:44:00+00:00,2026-04-25T12:43:00+00:00,10.429085976770436,0.0265435965423666,0.050746814204083446,0.053364735833738575,0.08463021760341527,0.18739328672469602,0.09320933983568233,460069.53203999996,48704185823.61958,True,0.28477399999999997,-0.10429085976770436,0.36370505351737004
akela_1m_30d,SUP/USDT:USDT,52560,2026-03-20T00:44:00+00:00,2026-04-25T12:43:00+00:00,-21.10266159695817,0.0,0.0,0.0,0.0,0.0,0.0,471.2779305,26537678.938607,True,0.28477399999999997,0.21102661596958172,0.21102661596958172
akela_1m_30d,CHECK/USDT:USDT,723,2026-03-20T05:00:00+00:00,2026-03-20T17:23:00+00:00,-4.063411078717194,0.0,0.02710557017162607,0.0,0.07216308858017939,0.0,0.0,0.0,64841.21387199999,True,0.28477399999999997,0.04063411078717194,0.04063411078717194
futures_2m_2000b,BURNIE/USDT:USDT,262,2026-04-07T08:30:00+00:00,2026-04-07T17:12:00+00:00,-16.16004962779156,0.7985257985257979,1.7468944099378843,0.7985257985257979,1.7468944099378843,2.804068484221867,2.804068484221867,,,False,0.28477399999999997,0.16160049627791562,8.573805948943516
futures_2m_2000b,ARIA/USDT:USDT,2000,2026-04-07T01:02:00+00:00,2026-04-09T19:40:00+00:00,-35.09513038850452,0.41461102093946783,0.8539132358354804,0.41461102093946783,0.8539132358354804,1.45593003904664,1.45593003904664,,,False,0.28477399999999997,0.3509513038850452,4.718741421024966
futures_2m_2000b,AIOT/USDT:USDT,2000,2026-04-07T01:02:00+00:00,2026-04-09T19:40:00+00:00,4.5693713652727785,0.38564224265795966,0.7535678201428184,0.38564224265795966,0.7535678201428184,1.3542045364322575,1.3542045364322575,,,False,0.28477399999999997,-0.045693713652727785,4.016919895644044
futures_2m_2000b,DRIFT/USDT:USDT,2000,2026-04-07T01:06:00+00:00,2026-04-09T19:44:00+00:00,-32.14631782945736,0.33947623666343657,0.6289308176100623,0.33947623666343657,0.6289308176100623,1.1920899965005114,1.1920899965005114,,,False,0.28477399999999997,0.3214631782945736,3.8977331677961073
futures_2m_2000b,LOL/USDT:USDT,2000,2026-04-07T01:10:00+00:00,2026-04-09T19:48:00+00:00,28.906112383301053,0.3706593835349184,0.9058443200205875,0.3706593835349184,0.9058443200205875,1.3015913796024863,1.3015913796024863,,,False,0.28477399999999997,-0.2890611238330105,3.615713014974448
futures_2m_2000b,NOMINA/USDT:USDT,2000,2026-04-07T01:14:00+00:00,2026-04-09T19:52:00+00:00,68.53526220614827,0.33057851239669506,0.6735376643264381,0.33057851239669506,0.6735376643264381,1.1608451347268187,1.1608451347268187,,,False,0.28477399999999997,-0.6853526220614827,2.7971827821189734
futures_2m_2000b,SIREN/USDT:USDT,2000,2026-04-07T01:18:00+00:00,2026-04-09T19:56:00+00:00,19.868035190615842,0.2722166706867294,0.5251926900330984,0.2722166706867294,0.5251926900330984,0.9559042282186204,0.9559042282186204,,,False,0.28477399999999997,-0.19868035190615843,2.669032332749703
futures_2m_2000b,LAB/USDT:USDT,2000,2026-04-07T01:10:00+00:00,2026-04-09T19:48:00+00:00,46.5607547955184,0.29460317460317315,0.5483891371833718,0.29460317460317315,0.5483891371833718,1.0345157022873337,1.0345157022873337,,,False,0.28477399999999997,-0.465607547955184,2.637939558906817
futures_2m_2000b,PLAYSOUT/USDT:USDT,2000,2026-04-07T01:16:00+00:00,2026-04-09T19:54:00+00:00,-17.02593281540651,0.2335586969883168,0.46747027415924997,0.2335586969883168,0.46747027415924997,0.820154568142867,0.820154568142867,,,False,0.28477399999999997,0.17025932815406508,2.630723032582666
futures_2m_2000b,TRU/USDT:USDT,2000,2026-04-07T01:20:00+00:00,2026-04-09T19:58:00+00:00,-10.310559006211184,0.23809523809524905,0.40872010468580444,0.23809523809524905,0.40872010468580444,0.8360848887020903,0.8360848887020903,,,False,0.28477399999999997,0.10310559006211184,2.611360256168383
futures_2m_2000b,PTB/USDT:USDT,2000,2026-04-07T01:16:00+00:00,2026-04-09T19:54:00+00:00,22.30366492146596,0.26809651474530516,0.4741584754984409,0.26809651474530516,0.4741584754984409,0.9414360677073932,0.9414360677073932,,,False,0.28477399999999997,-0.2230366492146596,2.6012715539075204
futures_2m_2000b,4/USDT:USDT,2000,2026-04-07T01:00:00+00:00,2026-04-09T19:38:00+00:00,-6.739006282124505,0.23543260741613792,0.532931503390975,0.23543260741613792,0.532931503390975,0.8267349105470932,0.8267349105470932,,,False,0.28477399999999997,0.06739006282124504,2.547594794462525
futures_2m_2000b,BEAT/USDT:USDT,2000,2026-04-07T01:04:00+00:00,2026-04-09T19:42:00+00:00,-10.27010050251257,0.2280873248615114,0.42892482974089463,0.2280873248615114,0.42892482974089463,0.8009415356089791,0.8009415356089791,,,False,0.28477399999999997,0.10270100502512569,2.505525611852063
futures_2m_2000b,REDSTONE/USDT:USDT,2000,2026-04-07T01:16:00+00:00,2026-04-09T19:54:00+00:00,1.6364699006429007,0.23937761819270584,0.49034635313352226,0.23937761819270584,0.49034635313352226,0.840588038910525,0.840588038910525,,,False,0.28477399999999997,-0.016364699006429007,2.505399417725146
futures_2m_2000b,CYS/USDT:USDT,2000,2026-04-07T01:06:00+00:00,2026-04-09T19:44:00+00:00,-13.31431288635283,0.22241992882562298,0.43122043378656094,0.22241992882562298,0.43122043378656094,0.781040154036615,0.781040154036615,,,False,0.28477399999999997,0.1331431288635283,2.4762635909733732
futures_2m_2000b,XPIN/USDT:USDT,2000,2026-04-07T01:22:00+00:00,2026-04-09T20:00:00+00:00,32.36281179138323,0.26411107757319885,0.5324914635781315,0.26411107757319885,0.5324914635781315,0.9274409797706212,0.9274409797706212,,,False,0.28477399999999997,-0.3236281179138323,2.4586948213980313
futures_2m_2000b,TRIA/USDT:USDT,2000,2026-04-07T01:20:00+00:00,2026-04-09T19:58:00+00:00,-15.645782289114463,0.21542438604050593,0.40033806404554084,0.21542438604050593,0.40033806404554084,0.7564749100708139,0.7564749100708139,,,False,0.28477399999999997,0.15645782289114463,2.425882553103586
futures_2m_2000b,STO/USDT:USDT,2000,2026-04-07T01:18:00+00:00,2026-04-09T19:56:00+00:00,-4.675756568007983,0.2250193375993353,0.4409153595428339,0.2250193375993353,0.4409153595428339,0.7901681248967086,0.7901681248967086,,,False,0.28477399999999997,0.04675756568007983,2.4172619403702056
futures_2m_2000b,RIVER/USDT:USDT,2000,2026-04-07T01:18:00+00:00,2026-04-09T19:56:00+00:00,-20.088882193431758,0.20679733860816119,0.3856706236829404,0.20679733860816119,0.3856706236829404,0.7261805453031569,0.7261805453031569,,,False,0.28477399999999997,0.20088882193431756,2.3794304578437884
futures_2m_2000b,FREEDOMMONEY/USDT:USDT,2000,2026-04-07T01:08:00+00:00,2026-04-09T19:46:00+00:00,-36.459901636053395,0.18915510718789183,0.5644126520991557,0.18915510718789183,0.5644126520991557,0.6642288523105756,0.6642288523105756,,,False,0.28477399999999997,0.36459901636053393,2.357285573292261
futures_2m_2000b,BNLIFE/USDT:USDT,2000,2026-04-07T01:04:00+00:00,2026-04-09T19:42:00+00:00,15.966509988249133,0.23792862141358082,0.4450389794349493,0.23792862141358082,0.4450389794349493,0.8354998048051466,0.8354998048051466,,,False,0.28477399999999997,-0.15966509988249133,2.3468343145329484
futures_2m_2000b,PRL/USDT:USDT,2000,2026-04-07T01:16:00+00:00,2026-04-09T19:54:00+00:00,0.698080279232105,0.22197558268591094,0.3959277284734327,0.22197558268591094,0.3959277284734327,0.7794798074469964,0.7794798074469964,,,False,0.28477399999999997,-0.00698080279232105,2.331458619548668
futures_2m_2000b,APR/USDT:USDT,2000,2026-04-07T01:02:00+00:00,2026-04-09T19:40:00+00:00,-17.607117771013815,0.20457504184489303,0.4207670387696576,0.20457504184489303,0.4207670387696576,0.7183768245868409,0.7183768245868409,,,False,0.28477399999999997,0.17607117771013814,2.331201651470661
futures_2m_2000b,CLO/USDT:USDT,2000,2026-04-07T01:06:00+00:00,2026-04-09T19:44:00+00:00,-10.17685386286069,0.2103864466836405,0.4086343125769474,0.2103864466836405,0.4086343125769474,0.7387839012116293,0.7387839012116293,,,False,0.28477399999999997,0.10176853862860691,2.3181202422634946
futures_2m_2000b,XNY/USDT:USDT,2000,2026-04-07T01:22:00+00:00,2026-04-09T20:00:00+00:00,-20.75382803297997,0.19685039370078913,0.40017943593360306,0.19685039370078913,0.40017943593360306,0.6912512859347734,0.6912512859347734,,,False,0.28477399999999997,0.2075382803297997,2.28129213813412
futures_2m_2000b,BSB/USDT:USDT,2000,2026-04-07T01:04:00+00:00,2026-04-09T19:42:00+00:00,-14.233227641048874,0.19678203495773774,0.3824998823710536,0.19678203495773774,0.3824998823710536,0.6910112403440545,0.6910112403440545,,,False,0.28477399999999997,0.14233227641048873,2.2153659974426523
futures_2m_2000b,EDU/USDT:USDT,2000,2026-04-07T01:06:00+00:00,2026-04-09T19:44:00+00:00,4.504504504504503,0.21321961620468216,0.22935779816514418,0.21321961620468216,0.22935779816514418,0.7487327361510607,0.7487327361510607,,,False,0.28477399999999997,-0.04504504504504503,2.2011531634081374
futures_2m_2000b,SOLV/USDT:USDT,2000,2026-04-07T01:18:00+00:00,2026-04-09T19:56:00+00:00,26.13333333333334,0.23148148148149214,0.47281323877068676,0.23148148148149214,0.47281323877068676,0.8128603084603656,0.8128603084603656,,,False,0.28477399999999997,-0.2613333333333334,2.1772475920477636
futures_2m_2000b,GRIFFAIN/USDT:USDT,2000,2026-04-07T01:08:00+00:00,2026-04-09T19:46:00+00:00,26.351145038167935,0.23080151070079763,0.4451000137658313,0.23080151070079763,0.4451000137658313,0.8104725526234756,0.8104725526234756,,,False,0.28477399999999997,-0.26351145038167934,2.1679062074887474
futures_2m_2000b,FIGHTID/USDT:USDT,2000,2026-04-07T01:08:00+00:00,2026-04-09T19:46:00+00:00,5.9067357512953444,0.20348837209302506,0.40296025668048185,0.20348837209302506,0.40296025668048185,0.714560922320946,0.714560922320946,,,False,0.28477399999999997,-0.059067357512953444,2.084615409449885
futures_2m_2000b,EDGEX/USDT:USDT,2000,2026-04-07T01:06:00+00:00,2026-04-09T19:44:00+00:00,7.002497014439268,0.2038189229779031,0.38650209415073655,0.2038189229779031,0.38650209415073655,0.7157216704400793,0.7157216704400793,,,False,0.28477399999999997,-0.07002497014439268,2.077140041175845
futures_2m_2000b,UNITAS/USDT:USDT,2000,2026-04-07T01:20:00+00:00,2026-04-09T19:58:00+00:00,18.62050599201064,0.21295474711624146,0.6334500373235918,0.21295474711624146,0.6334500373235918,0.7478026333732767,0.7478026333732767,,,False,0.28477399999999997,-0.18620505992010639,2.0572028401997238
futures_2m_2000b,PIPPIN/USDT:USDT,2000,2026-04-07T01:16:00+00:00,2026-04-09T19:54:00+00:00,-11.217183770883054,0.1817631020902893,0.3338391502276145,0.1817631020902893,0.3338391502276145,0.6382714085214568,0.6382714085214568,,,False,0.28477399999999997,0.11217183770883053,2.026986063273201
futures_2m_2000b,BR/USDT:USDT,2000,2026-04-07T01:04:00+00:00,2026-04-09T19:42:00+00:00,-13.172126081582192,0.17546938059309153,0.33176889681553845,0.17546938059309153,0.33176889681553845,0.6161706496839302,0.6161706496839302,,,False,0.28477399999999997,0.13172126081582192,1.9802332098676128
futures_2m_2000b,LIGHTER/USDT:USDT,2000,2026-04-07T01:10:00+00:00,2026-04-09T19:48:00+00:00,1.6504854368931898,0.18867924528301902,0.295860577890998,0.18867924528301902,0.295860577890998,0.6625578363299285,0.6625578363299285,,,False,0.28477399999999997,-0.0165048543689319,1.9711686546208536
futures_2m_2000b,D/USDT:USDT,2000,2026-04-07T01:06:00+00:00,2026-04-09T19:44:00+00:00,-5.227369315767094,0.18144116122343343,0.36133782641379575,0.18144116122343343,0.36133782641379575,0.6371408949673546,0.6371408949673546,,,False,0.28477399999999997,0.052273693157670935,1.9636963780597347
futures_2m_2000b,BANK/USDT:USDT,2000,2026-04-07T01:04:00+00:00,2026-04-09T19:42:00+00:00,-14.321975232674411,0.17025089605735214,0.33518086922864454,0.17025089605735214,0.33518086922864454,0.5978456462224506,0.5978456462224506,,,False,0.28477399999999997,0.1432197523267441,1.936756690994096
futures_2m_2000b,KOMA/USDT:USDT,2000,2026-04-07T01:10:00+00:00,2026-04-09T19:48:00+00:00,-2.4796274738067448,0.1799208348326871,0.34902627180039225,0.1799208348326871,0.34902627180039225,0.6318021828983232,0.6318021828983232,,,False,0.28477399999999997,0.024796274738067448,1.9202028234330373
futures_2m_2000b,MANTRA/USDT:USDT,2000,2026-04-07T01:12:00+00:00,2026-04-09T19:50:00+00:00,2.091254752851701,0.18281535648995356,0.2752293577981698,0.18281535648995356,0.2752293577981698,0.6419664593325007,0.6419664593325007,,,False,0.28477399999999997,-0.02091254752851701,1.9049868304689852
futures_2m_2000b,ZBT/USDT:USDT,2000,2026-04-07T01:22:00+00:00,2026-04-09T20:00:00+00:00,12.142857142857144,0.19175455417065373,0.2921129503407933,0.19175455417065373,0.2921129503407933,0.673356957343907,0.673356957343907,,,False,0.28477399999999997,-0.12142857142857144,1.8986423006031496
futures_2m_2000b,TAKE/USDT:USDT,2000,2026-04-07T01:20:00+00:00,2026-04-09T19:58:00+00:00,17.49287749287749,0.19408054342553052,0.38415421508946906,0.19408054342553052,0.38415421508946906,0.6815248001065074,0.6815248001065074,,,False,0.28477399999999997,-0.1749287749287749,1.8696456253907474
futures_2m_2000b,SANTOS/USDT:USDT,2000,2026-04-07T01:18:00+00:00,2026-04-09T19:56:00+00:00,9.251968503937015,0.18535681186283615,0.2851711026616078,0.18535681186283615,0.2851711026616078,0.6508909235493274,0.6508909235493274,,,False,0.28477399999999997,-0.09251968503937015,1.8601530856086121
futures_2m_2000b,AIA/USDT:USDT,2000,2026-04-07T01:02:00+00:00,2026-04-09T19:40:00+00:00,26.25562556255625,0.20066889632107368,0.3936295582757297,0.20066889632107368,0.3936295582757297,0.7046601737555875,0.7046601737555875,,,False,0.28477399999999997,-0.2625562556255625,1.8514242656412003
futures_2m_2000b,MELANIA/USDT:USDT,2000,2026-04-07T01:12:00+00:00,2026-04-09T19:50:00+00:00,3.693181818181812,0.17889087656528788,0.2701486364852654,0.17889087656528788,0.2701486364852654,0.6281854262161851,0.6281854262161851,,,False,0.28477399999999997,-0.03693181818181812,1.8476244604667371
futures_2m_2000b,BLUAI/USDT:USDT,2000,2026-04-07T01:04:00+00:00,2026-04-09T19:42:00+00:00,15.657126979716596,0.1896408676069739,0.3957932878839479,0.1896408676069739,0.3957932878839479,0.6659346274834568,0.6659346274834568,,,False,0.28477399999999997,-0.15657126979716596,1.8412326126532044
futures_2m_2000b,BASED/USDT:USDT,2000,2026-04-07T01:04:00+00:00,2026-04-09T19:42:00+00:00,1.6245487364620947,0.17605633802817405,0.35650623885917787,0.17605633802817405,0.35650623885917787,0.6182317838994222,0.6182317838994222,,,False,0.28477399999999997,-0.016245487364620947,1.8384498643336458
futures_2m_2000b,COLLECT/USDT:USDT,2000,2026-04-07T01:06:00+00:00,2026-04-09T19:44:00+00:00,-8.779284833538847,0.16433853738701054,0.31938130477213367,0.16433853738701054,0.31938130477213367,0.5770840645108422,0.5770840645108422,,,False,0.28477399999999997,0.08779284833538847,1.819045041867915
futures_2m_2000b,GUN/USDT:USDT,2000,2026-04-07T01:08:00+00:00,2026-04-09T19:46:00+00:00,16.5631469979296,0.18703241895263248,0.3654085810931058,0.18703241895263248,0.3654085810931058,0.6567749125714865,0.6567749125714865,,,False,0.28477399999999997,-0.165631469979296,1.8046932677351635
futures_2m_2000b,GUA/USDT:USDT,2000,2026-04-07T01:08:00+00:00,2026-04-09T19:46:00+00:00,-5.5930122567271034,0.16578383405442307,0.3078772610350655,0.16578383405442307,0.3078772610350655,0.5821593054647654,0.5821593054647654,,,False,0.28477399999999997,0.055930122567271034,1.802408038961567
futures_2m_2000b,YB/USDT:USDT,2000,2026-04-07T01:22:00+00:00,2026-04-09T20:00:00+00:00,-4.246461282264768,0.16680567139282054,0.2533783783783739,0.16680567139282054,0.2533783783783739,0.5857475450456171,0.5857475450456171,,,False,0.28477399999999997,0.04246461282264768,1.7997072479594989
futures_2m_2000b,US/USDT:USDT,2000,2026-04-07T01:20:00+00:00,2026-04-09T19:58:00+00:00,-1.4519056261343088,0.1692047377326496,0.19379844961241202,0.1692047377326496,0.19379844961241202,0.5941720021232613,0.5941720021232613,,,False,0.28477399999999997,0.014519056261343088,1.797035062631127
futures_2m_2000b,LONGXIA/USDT:USDT,2000,2026-04-07T01:10:00+00:00,2026-04-09T19:48:00+00:00,4.452106131014855,0.1738374619730531,0.35860289976855175,0.1738374619730531,0.35860289976855175,0.6104400751931466,0.6104400751931466,,,False,0.28477399999999997,-0.044521061310148546,1.7867991642692913
futures_2m_2000b,EITHER/USDT:USDT,2000,2026-04-07T01:06:00+00:00,2026-04-09T19:44:00+00:00,-10.483271375464698,0.1594896331738261,0.3132341425215438,0.1594896331738261,0.3132341425215438,0.5600568632453319,0.5600568632453319,,,False,0.28477399999999997,0.10483271375464698,1.7850033034906425
futures_2m_2000b,TESTICLE/USDT:USDT,2000,2026-04-07T01:20:00+00:00,2026-04-09T19:58:00+00:00,-11.528608027327081,0.15835312747426114,0.3717475329835254,0.15835312747426114,0.3717475329835254,0.5560659592317457,0.5560659592317457,,,False,0.28477399999999997,0.11528608027327081,1.783483957968508
futures_2m_2000b,SPACECOIN/USDT:USDT,2000,2026-04-07T01:18:00+00:00,2026-04-09T19:56:00+00:00,-3.3568904593639592,0.16366612111292295,0.18518518518517763,0.16366612111292295,0.18518518518517763,0.5747228367509778,0.5747228367509778,,,False,0.28477399999999997,0.03356890459363959,1.757737414846573
futures_2m_2000b,MUBARAK/USDT:USDT,2000,2026-04-07T01:12:00+00:00,2026-04-09T19:50:00+00:00,1.2964563526361106,0.16806722689074943,0.2570694087403643,0.16806722689074943,0.2570694087403643,0.5901775684955419,0.5901775684955419,,,False,0.28477399999999997,-0.012964563526361106,1.7575681419602647
futures_2m_2000b,UB/USDT:USDT,2000,2026-04-07T01:20:00+00:00,2026-04-09T19:58:00+00:00,1.8430807248764447,0.16855882207128703,0.34750098163750154,0.16855882207128703,0.34750098163750154,0.5919038327631281,0.5919038327631281,,,False,0.28477399999999997,-0.018430807248764447,1.7572806910406198
futures_2m_2000b,BREV/USDT:USDT,2000,2026-04-07T01:04:00+00:00,2026-04-09T19:42:00+00:00,3.873239436619702,0.1702127659574399,0.25466893039049965,0.1702127659574399,0.25466893039049965,0.5977117502210171,0.5977117502210171,,,False,0.28477399999999997,-0.03873239436619702,1.754402856296854
futures_2m_2000b,BAS/USDT:USDT,2000,2026-04-07T01:04:00+00:00,2026-04-09T19:42:00+00:00,20.400212502213577,0.18556005398110198,0.4009927019249566,0.18556005398110198,0.4009927019249566,0.6516046197374128,0.6516046197374128,,,False,0.28477399999999997,-0.20400212502213577,1.7508117341901026
futures_2m_2000b,MMT/USDT:USDT,2000,2026-04-07T01:12:00+00:00,2026-04-09T19:50:00+00:00,-2.9055690072639195,0.16313213703099977,0.24469820554648836,0.16313213703099977,0.24469820554648836,0.5728477214598235,0.5728477214598235,,,False,0.28477399999999997,0.029055690072639195,1.74759885445211
futures_2m_2000b,XPL/USDT:USDT,2000,2026-04-07T01:22:00+00:00,2026-04-09T20:00:00+00:00,1.9704433497536922,0.16501650165016973,0.31164788523781933,0.16501650165016973,0.31164788523781933,0.5794647743479733,0.5794647743479733,,,False,0.28477399999999997,-0.019704433497536922,1.718689889546383
futures_2m_2000b,KITE/USDT:USDT,2000,2026-04-07T01:10:00+00:00,2026-04-09T19:48:00+00:00,-16.163904712584166,0.14749262536873578,0.29544483242638697,0.14749262536873578,0.29544483242638697,0.5179286921163301,0.5179286921163301,,,False,0.28477399999999997,0.16163904712584165,1.715425123474832
futures_2m_2000b,FARTCOIN/USDC:USDC,2000,2026-04-07T01:08:00+00:00,2026-04-09T19:46:00+00:00,11.37868753762794,0.17094017094018377,0.32546788399089377,0.17094017094018377,0.32546788399089377,0.6002660739399797,0.6002660739399797,,,False,0.28477399999999997,-0.11378687537627939,1.6870113464436596
futures_2m_2000b,SUPER/USDT:USDT,2000,2026-04-07T01:20:00+00:00,2026-04-09T19:58:00+00:00,7.589285714285698,0.166527893422153,0.26513482861722926,0.166527893422153,0.26513482861722926,0.5847721119981213,0.5847721119981213,,,False,0.28477399999999997,-0.07589285714285698,1.678423478851507
futures_2m_2000b,FARTCOIN/USDT:USDT,2000,2026-04-07T01:08:00+00:00,2026-04-09T19:46:00+00:00,11.499096929560505,0.1695873374787986,0.32345022876911234,0.1695873374787986,0.32345022876911234,0.5955155227612022,0.5955155227612022,,,False,0.28477399999999997,-0.11499096929560505,1.6715555989880018
futures_2m_2000b,CRTR/USDT:USDT,2000,2026-04-07T01:06:00+00:00,2026-04-09T19:44:00+00:00,-67.78406617326948,0.09328358208954843,0.25740025740025807,0.09328358208954843,0.25740025740025807,0.327570572066089,0.327570572066089,,,False,0.28477399999999997,0.6778406617326947,1.6605523779309617
futures_2m_2000b,MOVR/USDT:USDT,2000,2026-04-07T01:12:00+00:00,2026-04-09T19:50:00+00:00,6.451612903225823,0.16353229762878183,0.24813912757921494,0.16353229762878183,0.24813912757921494,0.5742529080210337,0.5742529080210337,,,False,0.28477399999999997,-0.06451612903225823,1.6582425950308428
futures_2m_2000b,ACE/USDT:USDT,2000,2026-04-07T01:00:00+00:00,2026-04-09T19:38:00+00:00,4.6232876712328785,0.16142050040354466,0.17391304347826583,0.16142050040354466,0.17391304347826583,0.5668372126793341,0.5668372126793341,,,False,0.28477399999999997,-0.046232876712328785,1.6542787613256733
futures_2m_2000b,BLESS/USDT:USDT,2000,2026-04-07T01:04:00+00:00,2026-04-09T19:42:00+00:00,10.314685314685313,0.16611295681063887,0.17793594306049096,0.16611295681063887,0.17793594306049096,0.5833150386293653,0.5833150386293653,,,False,0.28477399999999997,-0.10314685314685314,1.6467982627412427
futures_2m_2000b,ATH/USDT:USDT,2000,2026-04-07T01:02:00+00:00,2026-04-09T19:40:00+00:00,-8.07926829268293,0.14858841010400584,0.15847860538827988,0.14858841010400584,0.15847860538827988,0.5217766021617347,0.5217766021617347,,,False,0.28477399999999997,0.0807926829268293,1.6461224894120334
futures_2m_2000b,NCSKVCX2USD/USDT:USDT,109,2026-04-07T13:30:00+00:00,2026-04-07T17:22:00+00:00,-5.644696782687397,0.1504492918154809,0.8173381956175729,0.1504492918154809,0.8173381956175729,0.5283111934919652,0.5283111934919652,,,False,0.28477399999999997,0.05644696782687397,1.6413805483027697
futures_2m_2000b,1000000BOB/USDT:USDT,2000,2026-04-07T01:00:00+00:00,2026-04-09T19:38:00+00:00,5.102040816326525,0.16012810248199294,0.24691358024690352,0.16012810248199294,0.24691358024690352,0.5622988843152569,0.5622988843152569,,,False,0.28477399999999997,-0.05102040816326525,1.6358762447825055
futures_2m_2000b,USUAL/USDT:USDT,2000,2026-04-07T01:20:00+00:00,2026-04-09T19:58:00+00:00,2.8271405492730217,0.15600624024961718,0.23734177215190277,0.15600624024961718,0.23734177215190277,0.5478247320668923,0.5478247320668923,,,False,0.28477399999999997,-0.028271405492730217,1.6152027907079467
futures_2m_2000b,MBOX/USDT:USDT,2000,2026-04-07T01:12:00+00:00,2026-04-09T19:50:00+00:00,1.7557861133280062,0.15444015444014816,0.234466624315869,0.15444015444014816,0.234466624315869,0.5423253332121197,0.5423253332121197,,,False,0.28477399999999997,-0.01755786113328006,1.6094181385030792
futures_2m_2000b,BIGTIME/USDT:USDT,2000,2026-04-07T01:04:00+00:00,2026-04-09T19:42:00+00:00,1.5961691939345712,0.15396458814472044,0.16488046166530024,0.15396458814472044,0.16488046166530024,0.5406553552807506,0.5406553552807506,,,False,0.28477399999999997,-0.015961691939345712,1.606004373902906
futures_2m_2000b,GOBOB/USDT:USDT,2000,2026-04-07T01:08:00+00:00,2026-04-09T19:46:00+00:00,5.243243243243234,0.156985871271594,0.33292551699404926,0.156985871271594,0.33292551699404926,0.5512647617816023,0.5512647617816023,,,False,0.28477399999999997,-0.05243243243243234,1.6013618529123745
futures_2m_2000b,BROCCOLI/USDT:USDT,2000,2026-04-07T01:04:00+00:00,2026-04-09T19:42:00+00:00,4.451772464962911,0.15612802498049116,0.2362204724409489,0.15612802498049116,0.2362204724409489,0.5482523860341575,0.5482523860341575,,,False,0.28477399999999997,-0.04451772464962911,1.6002394334528434
futures_2m_2000b,HFT/USDT:USDT,2000,2026-04-07T01:08:00+00:00,2026-04-09T19:46:00+00:00,-4.308547602501744,0.14749262536872557,0.2248033286727461,0.14749262536872557,0.2248033286727461,0.5179286921162942,0.5179286921162942,,,False,0.28477399999999997,0.043085476025017444,1.5968715523739
futures_2m_2000b,CFG/USDT:USDT,2000,2026-04-07T01:04:00+00:00,2026-04-09T19:42:00+00:00,18.154219793564042,0.16722408026755559,0.29256875365710966,0.16722408026755559,0.29256875365710966,0.5872168114629692,0.5872168114629692,,,False,0.28477399999999997,-0.18154219793564041,1.5801082364532673
futures_2m_2000b,SAFE/USDT:USDT,2000,2026-04-07T01:18:00+00:00,2026-04-09T19:56:00+00:00,14.568965517241361,0.16353229762878635,0.267618198037468,0.16353229762878635,0.267618198037468,0.5742529080210496,0.5742529080210496,,,False,0.28477399999999997,-0.1456896551724136,1.5770690688907352
futures_2m_2000b,MONAD/USDT:USDT,2000,2026-04-07T01:12:00+00:00,2026-04-09T19:50:00+00:00,17.10914454277286,0.16518004625041768,0.3194888505025908,0.16518004625041768,0.3194888505025908,0.580039070457337,0.580039070457337,,,False,0.28477399999999997,-0.1710914454277286,1.5690257659442826
futures_2m_2000b,JCT/USDT:USDT,2000,2026-04-07T01:10:00+00:00,2026-04-09T19:48:00+00:00,12.689279224712301,0.16085790884719472,0.299658117830122,0.16085790884719472,0.299658117830122,0.5648616406244767,0.5648616406244767,,,False,0.28477399999999997,-0.12689279224712302,1.5676921296263073
futures_2m_2000b,NCCOHEATINGOIL2USD/USDT:USDT,960,2026-04-07T00:42:00+00:00,2026-04-08T10:00:00+00:00,-14.416538829516078,0.13434104559025517,0.25876554137233054,0.13434104559025517,0.25876554137233054,0.47174617623187226,0.47174617623187226,,,False,0.28477399999999997,0.1441653882951608,1.5594039169907776
futures_2m_2000b,ORDER/USDT:USDT,2000,2026-04-07T01:16:00+00:00,2026-04-09T19:54:00+00:00,19.157088122605348,0.1652892561983404,0.3187253019636507,0.1652892561983404,0.3187253019636507,0.5804225673633844,0.5804225673633844,,,False,0.28477399999999997,-0.19157088122605348,1.5496968208640998
futures_2m_2000b,SKL/USDT:USDT,2000,2026-04-07T01:18:00+00:00,2026-04-09T19:56:00+00:00,7.4796747967479815,0.15267175572519787,0.16025641025640372,0.15267175572519787,0.16025641025640372,0.5361155011524854,0.5361155011524854,,,False,0.28477399999999997,-0.07479674796747982,1.5335497554899764
futures_2m_2000b,OXT/USDT:USDT,2000,2026-04-07T01:16:00+00:00,2026-04-09T19:54:00+00:00,-15.793056501021097,0.1303780964797974,0.20147750167897677,0.1303780964797974,0.20147750167897677,0.4578300563948865,0.4578300563948865,,,False,0.28477399999999997,0.15793056501021097,1.5314207341948705
futures_2m_2000b,NAORIS/USDT:USDT,2000,2026-04-07T01:12:00+00:00,2026-04-09T19:50:00+00:00,17.380640941792038,0.16103059581319795,0.2876089419106676,0.16103059581319795,0.2876089419106676,0.5654680406680314,0.5654680406680314,,,False,0.28477399999999997,-0.1738064094179204,1.5225977125861738
futures_2m_2000b,DYM/USDT:USDT,2000,2026-04-07T01:06:00+00:00,2026-04-09T19:44:00+00:00,11.635058944131217,0.15511892450878376,0.2673082254620893,0.15511892450878376,0.2673082254620893,0.5447088726807355,0.5447088726807355,,,False,0.28477399999999997,-0.11635058944131217,1.5177760286008943
futures_2m_2000b,MAGIC/USDT:USDT,2000,2026-04-07T01:12:00+00:00,2026-04-09T19:50:00+00:00,12.343470483005369,0.1555209953343746,0.17667844522968706,0.1555209953343746,0.17667844522968706,0.5461207671148862,0.5461207671148862,,,False,0.28477399999999997,-0.12343470483005368,1.514927596514605
futures_2m_2000b,NCSKRDDT2USD/USDT:USDT,117,2026-04-07T13:30:00+00:00,2026-04-07T17:22:00+00:00,0.9677186394164927,0.14359049493912393,0.23549850720312004,0.14359049493912393,0.23549850720312004,0.5042261405153698,0.5042261405153698,,,False,0.28477399999999997,-0.009677186394164927,1.5030012351519446
futures_2m_2000b,METEORA/USDT:USDT,2000,2026-04-07T01:12:00+00:00,2026-04-09T19:50:00+00:00,1.9593067068575776,0.14450867052023536,0.22123893805309344,0.14450867052023536,0.22123893805309344,0.5074503659752484,0.5074503659752484,,,False,0.28477399999999997,-0.019593067068575776,1.5027580308571695
futures_2m_2000b,LYN/USDT:USDT,2000,2026-04-07T01:12:00+00:00,2026-04-09T19:50:00+00:00,-14.560792224463604,0.12872774082814323,0.24438197483238389,0.12872774082814323,0.24438197483238389,0.4520347392252918,0.4520347392252918,,,False,0.28477399999999997,0.14560792224463603,1.5017121399205113
futures_2m_2000b,BABY/USDT:USDT,2000,2026-04-07T01:04:00+00:00,2026-04-09T19:42:00+00:00,9.78348035284684,0.15140045420135645,0.22988505747125498,0.15140045420135645,0.22988505747125498,0.5316512539816011,0.5316512539816011,,,False,0.28477399999999997,-0.0978348035284684,1.4971189584163347
futures_2m_2000b,MAV/USDT:USDT,2000,2026-04-07T01:12:00+00:00,2026-04-09T19:50:00+00:00,4.35393258426966,0.14609203798392392,0.2791346824842994,0.14609203798392392,0.2791346824842994,0.5130104503357888,0.5130104503357888,,,False,0.28477399999999997,-0.0435393258426966,1.49549202516467
futures_2m_2000b,SKYAI/USDT:USDT,2000,2026-04-07T01:18:00+00:00,2026-04-09T19:56:00+00:00,0.8596823546554111,0.14210601108427293,0.2674957470890935,0.14210601108427293,0.2674957470890935,0.49901329153740487,0.49901329153740487,,,False,0.28477399999999997,-0.008596823546554111,1.4884430510656605
futures_2m_2000b,W/USDT:USDT,2000,2026-04-07T01:22:00+00:00,2026-04-09T20:00:00+00:00,0.6741573033707926,0.14134275618373984,0.15426149614019766,0.14134275618373984,0.15426149614019766,0.4963330788054382,0.4963330788054382,,,False,0.28477399999999997,-0.006741573033707926,1.4822576633826068
futures_2m_2000b,NFP/USDT:USDT,2000,2026-04-07T01:14:00+00:00,2026-04-09T19:52:00+00:00,5.3584905660377435,0.14566642388930023,0.22429909676640747,0.14566642388930023,0.22429909676640747,0.5115158823814683,0.5115158823814683,,,False,0.28477399999999997,-0.053584905660377435,1.4809627414840274
futures_2m_2000b,COTI/USDT:USDT,2000,2026-04-07T01:06:00+00:00,2026-04-09T19:44:00+00:00,3.4065102195306673,0.1432664756446933,0.18402273027619792,0.1432664756446933,0.18402273027619792,0.5030883284453402,0.5030883284453402,,,False,0.28477399999999997,-0.034065102195306673,1.475199883140714
futures_2m_2000b,DEGO/USDT:USDT,2000,2026-04-07T01:06:00+00:00,2026-04-09T19:44:00+00:00,-3.3561420658195007,0.13670539986329852,0.2720164467747571,0.13670539986329852,0.2720164467747571,0.48004873992463687,0.48004873992463687,,,False,0.28477399999999997,0.03356142065819501,1.4737076404321057
futures_2m_2000b,KERNEL/USDT:USDT,2000,2026-04-07T01:10:00+00:00,2026-04-09T19:48:00+00:00,-14.752914474362955,0.12487228970371096,0.267179023325117,0.12487228970371096,0.267179023325117,0.43849610464336974,0.43849610464336974,,,False,0.28477399999999997,0.14752914474362955,1.4630174586737388
futures_2m_2000b,BRETT/USDT:USDT,2000,2026-04-07T01:04:00+00:00,2026-04-09T19:42:00+00:00,8.766233766233778,0.14705882352941851,0.15974440894569425,0.14705882352941851,0.15974440894569425,0.5164053724336439,0.5164053724336439,,,False,0.28477399999999997,-0.08766233766233779,1.461553779638594
futures_2m_2000b,ALT/USDT:USDT,2000,2026-04-07T01:02:00+00:00,2026-04-09T19:40:00+00:00,9.886547811993518,0.14792899408284704,0.15600624024960363,0.14792899408284704,0.15600624024960363,0.5194610255249674,0.5194610255249674,,,False,0.28477399999999997,-0.09886547811993518,1.459517598454967
futures_2m_2000b,1000000MOG/USDT:USDT,2000,2026-04-07T01:00:00+00:00,2026-04-09T19:38:00+00:00,2.790346907993979,0.1406469760900181,0.220022031786873,0.1406469760900181,0.220022031786873,0.4938898076721124,0.4938898076721124,,,False,0.28477399999999997,-0.02790346907993979,1.4537659539363974
futures_2m_2000b,KNC/USDT:USDT,2000,2026-04-07T01:10:00+00:00,2026-04-09T19:48:00+00:00,7.710100231302985,0.14482259232440675,0.2181819335838288,0.14482259232440675,0.2181819335838288,0.5085527201373958,0.5085527201373958,,,False,0.28477399999999997,-0.07710100231302985,1.4485571580991576
futures_2m_2000b,NEAR/USDC:USDC,2000,2026-04-07T01:14:00+00:00,2026-04-09T19:52:00+00:00,10.153102336825137,0.14684287812041127,0.22321428571429416,0.14684287812041127,0.22321428571429416,0.5156470679219707,0.5156470679219707,,,False,0.28477399999999997,-0.10153102336825137,1.4454101803976607
futures_2m_2000b,ON/USDT:USDT,2000,2026-04-07T01:14:00+00:00,2026-04-09T19:52:00+00:00,5.928180158247098,0.1427891480247608,0.2630033361628591,0.1427891480247608,0.2630033361628591,0.5014121655234004,0.5014121655234004,,,False,0.28477399999999997,-0.05928180158247098,1.44495469498773
futures_2m_2000b,STG/USDT:USDT,2000,2026-04-07T01:18:00+00:00,2026-04-09T19:56:00+00:00,1.59651669085632,0.1383763837638352,0.23153508997649824,0.1383763837638352,0.23153508997649824,0.48591649435635004,0.48591649435635004,,,False,0.28477399999999997,-0.0159651669085632,1.4417843161604869
futures_2m_2000b,HMSTR/USDT:USDT,2000,2026-04-07T01:08:00+00:00,2026-04-09T19:46:00+00:00,3.967670830271852,0.140056022408967,0.2115655853314579,0.140056022408967,0.2115655853314579,0.4918146404129837,0.4918146404129837,,,False,0.28477399999999997,-0.03967670830271852,1.4357672129362324
futures_2m_2000b,NCSKAPP2USD/USDT:USDT,117,2026-04-07T13:30:00+00:00,2026-04-07T17:22:00+00:00,-0.14874420872957872,0.13553066649903228,0.26776363631990996,0.13553066649903228,0.26776363631990996,0.47592359730534495,0.47592359730534495,,,False,0.28477399999999997,0.0014874420872957872,1.4292582340033304
futures_2m_2000b,MEZO/USDT:USDT,2000,2026-04-07T01:12:00+00:00,2026-04-09T19:50:00+00:00,-19.47256259989344,0.11672016340822401,0.41989681605372353,0.11672016340822401,0.41989681605372353,0.4098694522962912,0.4098694522962912,,,False,0.28477399999999997,0.1947256259989344,1.4243339828878079
futures_2m_2000b,M/USDT:USDT,2000,2026-04-07T01:12:00+00:00,2026-04-09T19:50:00+00:00,-2.461595409957429,0.13270645332523837,0.27231018230083626,0.13270645332523837,0.27231018230083626,0.46600621308559903,0.46600621308559903,,,False,0.28477399999999997,0.02461595409957429,1.4226345933563713
futures_2m_2000b,BANANAS31/USDT:USDT,2000,2026-04-07T01:04:00+00:00,2026-04-09T19:42:00+00:00,3.6435096664542144,0.1381362235681556,0.2540951881818575,0.1381362235681556,0.2540951881818575,0.4850731582523532,0.4850731582523532,,,False,0.28477399999999997,-0.036435096664542144,1.4187843780925173
futures_2m_2000b,PIXEL/USDT:USDT,2000,2026-04-07T01:16:00+00:00,2026-04-09T19:54:00+00:00,20.913385826771645,0.15410695022344878,0.2952435376923431,0.15410695022344878,0.2952435376923431,0.5411552677682963,0.5411552677682963,,,False,0.28477399999999997,-0.20913385826771644,1.4143319450371723
futures_2m_2000b,HUMA/USDT:USDT,2000,2026-04-07T01:08:00+00:00,2026-04-09T19:46:00+00:00,11.060237516096706,0.14389475126764553,0.2633135319897863,0.14389475126764553,0.2633135319897863,0.5052945538133592,0.5052945538133592,,,False,0.28477399999999997,-0.11060237516096706,1.4052812862791104
futures_2m_2000b,PEOPLE/USDT:USDT,2000,2026-04-07T01:16:00+00:00,2026-04-09T19:54:00+00:00,9.546165884194057,0.142450142450149,0.15151515151515849,0.142450142450149,0.15151515151515849,0.5002217282833019,0.5002217282833019,,,False,0.28477399999999997,-0.09546165884194056,1.4052035260079652
futures_2m_2000b,GWEI/USDT:USDT,2000,2026-04-07T01:08:00+00:00,2026-04-09T19:46:00+00:00,7.654485049833881,0.14007318824085013,0.2821385234847031,0.14007318824085013,0.2821385234847031,0.49187491920206955,0.49187491920206955,,,False,0.28477399999999997,-0.07654485049833881,1.39907990710787
futures_2m_2000b,PUNDIX/USDT:USDT,2000,2026-04-07T01:16:00+00:00,2026-04-09T19:54:00+00:00,2.2299651567944334,0.13422818791946695,0.20215633423180238,0.13422818791946695,0.20215633423180238,0.4713498701407676,0.4713498701407676,,,False,0.28477399999999997,-0.022299651567944334,1.3917499588543585
futures_2m_2000b,ZORA/USDT:USDT,2000,2026-04-07T01:22:00+00:00,2026-04-09T20:00:00+00:00,0.9052924791086436,0.13253810470509733,0.20463847203274566,0.13253810470509733,0.20463847203274566,0.46541504738879724,0.46541504738879724,,,False,0.28477399999999997,-0.009052924791086436,1.3871922173753053
futures_2m_2000b,DAM/USDT:USDT,2000,2026-04-07T01:06:00+00:00,2026-04-09T19:44:00+00:00,11.889638745533947,0.14242115971515892,0.28960775234864167,0.14242115971515892,0.28960775234864167,0.5001199537709163,0.5001199537709163,,,False,0.28477399999999997,-0.11889638745533947,1.3814634738574096
futures_2m_2000b,RSR/USDT:USDT,2000,2026-04-07T01:18:00+00:00,2026-04-09T19:56:00+00:00,1.6304347826086918,0.13114754098359552,0.19907100199071487,0.13114754098359552,0.19907100199071487,0.46053200426863244,0.46053200426863244,,,False,0.28477399999999997,-0.016304347826086918,1.3652916649798104
futures_2m_2000b,IMX/USDT:USDT,2000,2026-04-07T01:10:00+00:00,2026-04-09T19:48:00+00:00,9.124906507105447,0.13793103448274344,0.20891364902506596,0.13793103448274344,0.20891364902506596,0.4843526251790664,0.4843526251790664,,,False,0.28477399999999997,-0.09124906507105447,1.3618088104661448
futures_2m_2000b,RARE/USDT:USDT,2000,2026-04-07T01:16:00+00:00,2026-04-09T19:54:00+00:00,7.118412046543465,0.13468013468014087,0.2475251316125947,0.13468013468014087,0.2475251316125947,0.4729369067405763,0.4729369067405763,,,False,0.28477399999999997,-0.07118412046543465,1.3476265997562944
futures_2m_2000b,WAL/USDT:USDT,2000,2026-04-07T01:22:00+00:00,2026-04-09T20:00:00+00:00,5.065123010130246,0.13140604467805894,0.13947001394700537,0.13140604467805894,0.13947001394700537,0.46143975460561343,0.46143975460561343,,,False,0.28477399999999997,-0.05065123010130246,1.3336680337155378
futures_2m_2000b,NCCO1OILWTI2USD/USDT:USDT,960,2026-04-07T00:42:00+00:00,2026-04-08T10:00:00+00:00,-14.886331208979353,0.11243324276211425,0.19953126309974845,0.11243324276211425,0.19953126309974845,0.3948156880969269,0.3948156880969269,,,False,0.28477399999999997,0.14886331208979353,1.3333103763805743
futures_2m_2000b,IDOL/USDT:USDT,2000,2026-04-07T01:10:00+00:00,2026-04-09T19:48:00+00:00,-9.171005206247496,0.11764705882353822,0.20517084408649008,0.11764705882353822,0.20517084408649008,0.4131242979469272,0.4131242979469272,,,False,0.28477399999999997,0.09171005206247497,1.3310829459032565
futures_2m_2000b,GRASS/USDT:USDT,2000,2026-04-07T01:08:00+00:00,2026-04-09T19:46:00+00:00,6.218316998986162,0.13140604467805894,0.23430962999415372,0.13140604467805894,0.23430962999415372,0.46143975460561343,0.46143975460561343,,,False,0.28477399999999997,-0.06218316998986162,1.3221360938269786
futures_2m_2000b,ZK/USDT:USDT,2000,2026-04-07T01:22:00+00:00,2026-04-09T20:00:00+00:00,2.54521098459477,0.1277139208173639,0.19206145966709676,0.1277139208173639,0.19206145966709676,0.44847465294361116,0.44847465294361116,,,False,0.28477399999999997,-0.0254521098459477,1.3199718489848857
futures_2m_2000b,FIDA/USDT:USDT,2000,2026-04-07T01:08:00+00:00,2026-04-09T19:46:00+00:00,-2.3241954707985735,0.12292562999384872,0.24286581663631965,0.12292562999384872,0.24286581663631965,0.43166029902255376,0.43166029902255376,,,False,0.28477399999999997,0.023241954707985735,1.318222851775647
futures_2m_2000b,INIT/USDT:USDT,2000,2026-04-07T01:10:00+00:00,2026-04-09T19:48:00+00:00,-3.464755077658299,0.12048192771084681,0.12515644555694977,0.12048192771084681,0.12515644555694977,0.42307910030707446,0.42307910030707446,,,False,0.28477399999999997,0.03464755077658299,1.3038848516978065
futures_2m_2000b,SENT/USDT:USDT,2000,2026-04-07T01:18:00+00:00,2026-04-09T19:56:00+00:00,1.1414077362079889,0.12453300124534654,0.18867924528301117,0.12453300124534654,0.18867924528301117,0.4373046740409818,0.4373046740409818,,,False,0.28477399999999997,-0.011414077362079889,1.3004999447608654
futures_2m_2000b,AVAAI/USDT:USDT,2000,2026-04-07T01:02:00+00:00,2026-04-09T19:40:00+00:00,16.563467492260074,0.13869625520111595,0.2626396404785808,0.13869625520111595,0.2626396404785808,0.48703974099150893,0.48703974099150893,,,False,0.28477399999999997,-0.16563467492260073,1.2954845480519261
futures_2m_2000b,ONT/USDT:USDT,2000,2026-04-07T01:14:00+00:00,2026-04-09T19:52:00+00:00,-0.24360535931791105,0.1215066828675612,0.12928253624424157,0.1215066828675612,0.12928253624424157,0.42667758597189775,0.42667758597189775,,,False,0.28477399999999997,0.0024360535931791105,1.2824688115088723
futures_2m_2000b,SOMI/USDT:USDT,2000,2026-04-07T01:18:00+00:00,2026-04-09T19:56:00+00:00,1.6885553470919357,0.1230769230769266,0.18587360594795213,0.1230769230769266,0.18587360594795213,0.4321915732367653,0.4321915732367653,,,False,0.28477399999999997,-0.016885553470919357,1.2796891662393766
futures_2m_2000b,LUMIA/USDT:USDT,2000,2026-04-07T01:12:00+00:00,2026-04-09T19:50:00+00:00,5.706521739130421,0.12658227848101627,0.13106159895151095,0.12658227848101627,0.13106159895151095,0.44450082690490106,0.44450082690490106,,,False,0.28477399999999997,-0.05706521739130421,1.276437263323399
futures_2m_2000b,ICNT/USDT:USDT,2000,2026-04-07T01:10:00+00:00,2026-04-09T19:48:00+00:00,-9.52541231908448,0.11210762331839404,0.219338395324412,0.11210762331839404,0.219338395324412,0.3936722570122063,0.3936722570122063,,,False,0.28477399999999997,0.09525412319084481,1.2762708942274639
futures_2m_2000b,DEGEN/USDT:USDT,2000,2026-04-07T01:06:00+00:00,2026-04-09T19:44:00+00:00,12.985074626865668,0.13297872340424416,0.14792899408284382,0.13297872340424416,0.14792899408284382,0.46696230486014934,0.46696230486014934,,,False,0.28477399999999997,-0.12985074626865667,1.2710361683117914
futures_2m_2000b,WOTAMALAILE/USDT:USDT,2000,2026-04-07T01:22:00+00:00,2026-04-09T20:00:00+00:00,6.888857899874479,0.12708095056550509,0.24871920583933588,0.12708095056550509,0.24871920583933588,0.44625194212078734,0.44625194212078734,,,False,0.28477399999999997,-0.06888857899874479,1.2698672473636172
futures_2m_2000b,NCCOOILWTI2USD/USDT:USDT,960,2026-04-07T00:42:00+00:00,2026-04-08T10:00:00+00:00,-14.869828340882286,0.1062159850357588,0.2028295442265159,0.1062159850357588,0.2028295442265159,0.37298343611340506,0.37298343611340506,,,False,0.28477399999999997,0.14869828340882285,1.267648591749038
futures_2m_2000b,TRADOOR/USDT:USDT,2000,2026-04-07T01:20:00+00:00,2026-04-09T19:58:00+00:00,34.09589470385459,0.1520218911523227,0.35641047554866623,0.1520218911523227,0.35641047554866623,0.5338334649663338,0.5338334649663338,,,False,0.28477399999999997,-0.3409589470385459,1.2605414478604553
futures_2m_2000b,RESOLV/USDT:USDT,2000,2026-04-07T01:16:00+00:00,2026-04-09T19:54:00+00:00,7.410337552742607,0.12619888944975893,0.24009605225596756,0.12619888944975893,0.24009605225596756,0.44315453464768184,0.44315453464768184,,,False,0.28477399999999997,-0.07410337552742607,1.2553602284156193
futures_2m_2000b,AIXBT/USDT:USDT,2000,2026-04-07T01:02:00+00:00,2026-04-09T19:40:00+00:00,17.34465802413947,0.13471037269870786,0.23961661341853446,0.13471037269870786,0.23961661341853446,0.47304308925220656,0.47304308925220656,,,False,0.28477399999999997,-0.1734465802413947,1.245682687515225
futures_2m_2000b,ESP/USDT:USDT,2000,2026-04-07T01:06:00+00:00,2026-04-09T19:44:00+00:00,-2.1885103208157286,0.11614401858305166,0.2439188367098801,0.11614401858305166,0.2439188367098801,0.40784628717176313,0.40784628717176313,,,False,0.28477399999999997,0.021885103208157286,1.2454239647234466
futures_2m_2000b,BSV/USDT:USDT,2000,2026-04-07T01:04:00+00:00,2026-04-09T19:42:00+00:00,3.198433420365543,0.12091898428052948,0.18796992481203162,0.12091898428052948,0.18796992481203162,0.42461384915943695,0.42461384915943695,,,False,0.28477399999999997,-0.03198433420365543,1.2418572132746555
futures_2m_2000b,TLM/USDT:USDT,2000,2026-04-07T01:20:00+00:00,2026-04-09T19:58:00+00:00,3.5826524198617316,0.12113870381585899,0.18181818181817966,0.12113870381585899,0.18181818181817966,0.42538540672905184,0.42538540672905184,,,False,0.28477399999999997,-0.035826524198617316,1.2403296959885382
futures_2m_2000b,LISTA/USDT:USDT,2000,2026-04-07T01:10:00+00:00,2026-04-09T19:48:00+00:00,-3.5962877030162432,0.11428571428571757,0.2252252252252317,0.11428571428571757,0.2252252252252317,0.40132074657699646,0.40132074657699646,,,False,0.28477399999999997,0.03596287703016243,1.2399251167611518
futures_2m_2000b,PUMPBTC/USDT:USDT,2000,2026-04-07T01:16:00+00:00,2026-04-09T19:54:00+00:00,-2.2285714285714353,0.11514104778353014,0.22497187851517642,0.11514104778353014,0.22497187851517642,0.4043242985087478,0.4043242985087478,,,False,0.28477399999999997,0.022285714285714353,1.2352586098119578
futures_2m_2000b,NCSKHOOD2USD/USDT:USDT,117,2026-04-07T13:30:00+00:00,2026-04-07T17:22:00+00:00,-0.1461774594357479,0.11698471949647994,0.23646073957078878,0.11698471949647994,0.23646073957078878,0.41079845595623177,0.41079845595623177,,,False,0.28477399999999997,0.001461774594357479,1.233857142463053
futures_2m_2000b,USELESS/USDT:USDT,2000,2026-04-07T01:20:00+00:00,2026-04-09T19:58:00+00:00,21.781853914182747,0.13740038472108115,0.2665482066446137,0.13740038472108115,0.2665482066446137,0.4824892185420058,0.4824892185420058,,,False,0.28477399999999997,-0.21781853914182747,1.22964911648419
futures_2m_2000b,JUP/USDT:USDT,2000,2026-04-07T01:10:00+00:00,2026-04-09T19:48:00+00:00,2.518891687657443,0.1189767995240962,0.18105009052505883,0.1189767995240962,0.18105009052505883,0.4177937575905673,0.4177937575905673,,,False,0.28477399999999997,-0.02518891687657443,1.2281923558951275
futures_2m_2000b,ROBO/USDT:USDT,2000,2026-04-07T01:18:00+00:00,2026-04-09T19:56:00+00:00,2.671523982999413,0.11883541295305516,0.23426063502124528,0.11883541295305516,0.23426063502124528,0.4172972706534135,0.4172972706534135,,,False,0.28477399999999997,-0.02671523982999413,1.2251765721302463
futures_2m_2000b,RECALL/USDT:USDT,2000,2026-04-07T01:16:00+00:00,2026-04-09T19:54:00+00:00,7.957362419434788,0.12382367508668013,0.2405870636917554,0.12382367508668013,0.2405870636917554,0.43481383513480915,0.43481383513480915,,,False,0.28477399999999997,-0.07957362419434788,1.2248678812100795
futures_2m_2000b,FET/USDT:USDT,2000,2026-04-07T01:08:00+00:00,2026-04-09T19:46:00+00:00,9.426411738550478,0.1251042535446183,0.2171552762554642,0.1251042535446183,0.2171552762554642,0.43931065878422293,0.43931065878422293,,,False,0.28477399999999997,-0.09426411738550478,1.223667858967164
futures_2m_2000b,REZ/USDT:USDT,2000,2026-04-07T01:16:00+00:00,2026-04-09T19:54:00+00:00,-0.6258503401360582,0.11524056467876972,0.22788776989859238,0.11524056467876972,0.22788776989859238,0.40467375771232533,0.40467375771232533,,,False,0.28477399999999997,0.006258503401360582,1.2202797765383364
futures_2m_2000b,WHATTHEDOGDOING/USDT:USDT,2000,2026-04-07T01:22:00+00:00,2026-04-09T20:00:00+00:00,4.068896655017462,0.11964584828908023,0.454836700209682,0.11964584828908023,0.454836700209682,0.42014316015184056,0.42014316015184056,,,False,0.28477399999999997,-0.04068896655017462,1.219740513905347
futures_2m_2000b,NCSKMSTR2USD/USDT:USDT,117,2026-04-07T13:30:00+00:00,2026-04-07T17:22:00+00:00,-2.3886993095786124,0.11350739663289526,0.2278453961856141,0.11350739663289526,0.2278453961856141,0.39858764013883036,0.39858764013883036,,,False,0.28477399999999997,0.023886993095786124,1.2196499135122771
futures_2m_2000b,LA/USDT:USDT,2000,2026-04-07T01:10:00+00:00,2026-04-09T19:48:00+00:00,1.1940298507462588,0.11648223645894336,0.18055975153066067,0.11648223645894336,0.18055975153066067,0.40903395836327533,0.40903395836327533,,,False,0.28477399999999997,-0.011940298507462588,1.2151615765823633
futures_2m_2000b,SXT/USDT:USDT,2000,2026-04-07T01:20:00+00:00,2026-04-09T19:58:00+00:00,3.3633633633633586,0.11848341232227005,0.22962112514352376,0.11848341232227005,0.22962112514352376,0.4160612005389188,0.4160612005389188,,,False,0.28477399999999997,-0.033633633633633586,1.2145499679831229
futures_2m_2000b,SCRT/USDT:USDT,2000,2026-04-07T01:18:00+00:00,2026-04-09T19:56:00+00:00,-1.1086474501108667,0.11415525114155578,0.2232142857142921,0.11415525114155578,0.2232142857142921,0.40086261787085825,0.40086261787085825,,,False,0.28477399999999997,0.011086474501108667,1.2136743281136835
futures_2m_2000b,ACU/USDT:USDT,2000,2026-04-07T01:00:00+00:00,2026-04-09T19:38:00+00:00,7.911802853437089,0.12269938650307101,0.13297872340425912,0.12269938650307101,0.13297872340425912,0.4308658322145667,0.4308658322145667,,,False,0.28477399999999997,-0.07911802853437089,1.2134794681093293
futures_2m_2000b,1000CAT/USDT:USDT,2000,2026-04-07T01:00:00+00:00,2026-04-09T19:38:00+00:00,5.669781931464168,0.12040939193256062,0.22415258202546193,0.12040939193256062,0.22415258202546193,0.4228243868209901,0.4228243868209901,,,False,0.28477399999999997,-0.056697819314641684,1.2117753411483285
futures_2m_2000b,ARK/USDT:USDT,2000,2026-04-07T01:02:00+00:00,2026-04-09T19:40:00+00:00,3.2179720704310855,0.1173708920187827,0.17667844522967885,0.1173708920187827,0.17667844522967885,0.4121545225996148,0.4121545225996148,,,False,0.28477399999999997,-0.032179720704310855,1.2042838470945336
futures_2m_2000b,PORTAL/USDT:USDT,2000,2026-04-07T01:16:00+00:00,2026-04-09T19:54:00+00:00,0.8168028004667427,0.11507479861909774,0.2262443438914131,0.11507479861909774,0.2262443438914131,0.40409166082260933,0.40409166082260933,,,False,0.28477399999999997,-0.008168028004667427,1.2041069544631606
futures_2m_2000b,COOKIE/USDT:USDT,2000,2026-04-07T01:06:00+00:00,2026-04-09T19:44:00+00:00,5.055487053020968,0.11862396204032732,0.18593122330876077,0.11862396204032732,0.18593122330876077,0.4165547488195107,0.4165547488195107,,,False,0.28477399999999997,-0.05055487053020968,1.1991093759283225
futures_2m_2000b,FOLKS/USDT:USDT,2000,2026-04-07T01:08:00+00:00,2026-04-09T19:46:00+00:00,3.294117647058825,0.11641443538998847,0.3205128205128148,0.11641443538998847,0.3205128205128148,0.40879587107667303,0.40879587107667303,,,False,0.28477399999999997,-0.03294117647058825,1.1934464367594309
futures_2m_2000b,C/USDT:USDT,2000,2026-04-07T01:04:00+00:00,2026-04-09T19:42:00+00:00,-7.113740959894821,0.10624169986721196,0.19426917580853204,0.10624169986721196,0.19426917580853204,0.3730737351977778,0.3730737351977778,,,False,0.28477399999999997,0.07113740959894821,1.1903586151922818
futures_2m_2000b,KAT/USDT:USDT,2000,2026-04-07T01:10:00+00:00,2026-04-09T19:48:00+00:00,1.396973224679865,0.1142857142857096,0.22611652222818782,0.1142857142857096,0.22611652222818782,0.4013207465769685,0.4013207465769685,,,False,0.28477399999999997,-0.01396973224679865,1.189992507484107
futures_2m_2000b,CHR/USDT:USDT,2000,2026-04-07T01:04:00+00:00,2026-04-09T19:42:00+00:00,2.0716685330347095,0.11415525114154787,0.22909507445589983,0.11415525114154787,0.22909507445589983,0.4008626178708305,0.4008626178708305,,,False,0.28477399999999997,-0.020716685330347095,1.1818711682821443
futures_2m_2000b,RPL/USDT:USDT,2000,2026-04-07T01:18:00+00:00,2026-04-09T19:56:00+00:00,1.5089959373186357,0.11331444759206809,0.1717229536347963,0.11331444759206809,0.1717229536347963,0.3979100886740647,0.3979100886740647,,,False,0.28477399999999997,-0.015089959373186357,1.1786403066490077
futures_2m_2000b,HEMI/USDT:USDT,2000,2026-04-07T01:08:00+00:00,2026-04-09T19:46:00+00:00,1.49037765880482,0.11325028312571057,0.2291327290929127,0.11325028312571057,0.2291327290929127,0.39768477152306947,0.39768477152306947,,,False,0.28477399999999997,-0.014903776588048201,1.1781505379811603
futures_2m_2000b,THETA/USDT:USDT,2000,2026-04-07T01:20:00+00:00,2026-04-09T19:58:00+00:00,11.840411840411846,0.12247397428046891,0.1895135818066928,0.12247397428046891,0.1895135818066928,0.43007428445177204,0.43007428445177204,,,False,0.28477399999999997,-0.11840411840411846,1.1718187349511977
futures_2m_2000b,GAS/USDT:USDT,2000,2026-04-07T01:08:00+00:00,2026-04-09T19:46:00+00:00,4.8387096774193505,0.11574074074074084,0.17452006980803453,0.11574074074074084,0.17452006980803453,0.40643015423016443,0.40643015423016443,,,False,0.28477399999999997,-0.048387096774193505,1.1709033659162997
futures_2m_2000b,BARD/USDT:USDT,2000,2026-04-07T01:04:00+00:00,2026-04-09T19:42:00+00:00,9.13317834606444,0.11968880909635292,0.21002100210021188,0.11968880909635292,0.21002100210021188,0.4202940194552625,0.4202940194552625,,,False,0.28477399999999997,-0.0913317834606444,1.1695502749051432
futures_2m_2000b,EIGEN/USDT:USDT,2000,2026-04-07T01:06:00+00:00,2026-04-09T19:44:00+00:00,9.072978303747515,0.11954572624029032,0.18387988242506978,0.11954572624029032,0.18387988242506978,0.4197915759173602,0.4197915759173602,,,False,0.28477399999999997,-0.09072978303747516,1.1686449447146054
futures_2m_2000b,TOSHI/USDT:USDT,2000,2026-04-07T01:20:00+00:00,2026-04-09T19:58:00+00:00,2.705814622913083,0.113442994895068,0.17482517482517906,0.113442994895068,0.17482517482517906,0.39836148979565555,0.39836148979565555,,,False,0.28477399999999997,-0.02705814622913083,1.1680263231578358
futures_2m_2000b,EIGEN/USDC:USDC,2000,2026-04-07T01:06:00+00:00,2026-04-09T19:44:00+00:00,9.216589861751135,0.11954572624029032,0.1826484187521235,0.11954572624029032,0.1826484187521235,0.4197915759173602,0.4197915759173602,,,False,0.28477399999999997,-0.09216589861751136,1.1672088291345692
futures_2m_2000b,DUSK/USDT:USDT,2000,2026-04-07T01:06:00+00:00,2026-04-09T19:44:00+00:00,9.740084539976612,0.11977151280633061,0.20849408507545175,0.11977151280633061,0.20849408507545175,0.4205844382083007,0.4205844382083007,,,False,0.28477399999999997,-0.09740084539976612,1.1643524692251361
futures_2m_2000b,POL/USDC:USDC,2000,2026-04-07T01:16:00+00:00,2026-04-09T19:54:00+00:00,-2.1134593993325956,0.10834236186349173,0.11273957158963119,0.10834236186349173,0.11273957158963119,0.38045032855349065,0.38045032855349065,,,False,0.28477399999999997,0.021134593993325956,1.162485579653798
futures_2m_2000b,HYPERLANE/USDT:USDT,2000,2026-04-07T01:10:00+00:00,2026-04-09T19:48:00+00:00,2.149321266968318,0.11210762331838886,0.11428571428570963,0.11210762331838886,0.11428571428570963,0.39367225701218816,0.39367225701218816,,,False,0.28477399999999997,-0.02149321266968318,1.1595235583668813
futures_2m_2000b,Q/USDT:USDT,2000,2026-04-07T01:16:00+00:00,2026-04-09T19:54:00+00:00,4.401294498381869,0.11386639676113776,0.26079499849865995,0.11386639676113776,0.26079499849865995,0.3998482893843461,0.3998482893843461,,,False,0.28477399999999997,-0.04401294498381869,1.1555319231692196
futures_2m_2000b,MYX/USDT:USDT,2000,2026-04-07T01:12:00+00:00,2026-04-09T19:50:00+00:00,9.655452331559488,0.11863401406660558,0.22473390365966453,0.11863401406660558,0.22473390365966453,0.4165900470780534,0.4165900470780534,,,False,0.28477399999999997,-0.09655452331559487,1.1532156179185653
futures_2m_2000b,TUT/USDT:USDT,2000,2026-04-07T01:20:00+00:00,2026-04-09T19:58:00+00:00,-1.5135135135135092,0.10787486515643285,0.21030494216615062,0.10787486515643285,0.21030494216615062,0.37880868743787305,0.37880868743787305,,,False,0.28477399999999997,0.015135135135135092,1.1515611974487543
futures_2m_2000b,AR/USDT:USDT,2000,2026-04-07T01:02:00+00:00,2026-04-09T19:40:00+00:00,5.950920245398783,0.11474469305794617,0.17502917152859473,0.11474469305794617,0.17502917152859473,0.4029324764829169,0.4029324764829169,,,False,0.28477399999999997,-0.05950920245398783,1.1492882269947629
futures_2m_2000b,PHB/USDT:USDT,2000,2026-04-07T01:16:00+00:00,2026-04-09T19:54:00+00:00,-3.4810126582278444,0.10515247108307346,0.1102535832414585,0.10515247108307346,0.1102535832414585,0.36924884674539626,0.36924884674539626,,,False,0.28477399999999997,0.034810126582278444,1.1425566668184672
futures_2m_2000b,ARC/USDT:USDT,2000,2026-04-07T01:02:00+00:00,2026-04-09T19:40:00+00:00,24.1062131204443,0.13061224489795387,0.2572237451667023,0.13061224489795387,0.2572237451667023,0.45865228180224976,0.45865228180224976,,,False,0.28477399999999997,-0.24106213120444298,1.1348947142023063
futures_2m_2000b,DIA/USDT:USDT,2000,2026-04-07T01:06:00+00:00,2026-04-09T19:44:00+00:00,0.3285870755750153,0.1074691026329961,0.16172506738544187,0.1074691026329961,0.16172506738544187,0.37738382939803533,0.37738382939803533,,,False,0.28477399999999997,-0.003285870755750153,1.1288656174383558
futures_2m_2000b,NCSKORCL2USD/USDT:USDT,117,2026-04-07T13:30:00+00:00,2026-04-07T17:22:00+00:00,-0.6753933992480143,0.10615730446973633,0.19009040815222653,0.10615730446973633,0.19009040815222653,0.3727773759884552,0.3727773759884552,,,False,0.28477399999999997,0.006753933992480143,1.1250860619578456
futures_2m_2000b,QTUM/USDT:USDT,2000,2026-04-07T01:16:00+00:00,2026-04-09T19:54:00+00:00,0.5446623093681824,0.1067235859124749,0.11049723756906087,0.1067235859124749,0.11049723756906087,0.3747659052879649,0.3747659052879649,,,False,0.28477399999999997,-0.005446623093681824,1.1188510927702129
futures_2m_2000b,IRYS/USDT:USDT,2000,2026-04-07T01:10:00+00:00,2026-04-09T19:48:00+00:00,16.648422728629697,0.12188833153626982,0.2631884564937015,0.12188833153626982,0.2631884564937015,0.42801776684764,0.42801776684764,,,False,0.28477399999999997,-0.16648422728629697,1.117569073256623
futures_2m_2000b,RATS/USDT:USDT,2000,2026-04-07T01:16:00+00:00,2026-04-09T19:54:00+00:00,2.59341885108757,0.10843046896177722,0.21347565423380838,0.10843046896177722,0.21347565423380838,0.3807597216100389,0.3807597216100389,,,False,0.28477399999999997,-0.0259341885108757,1.116344976319241
futures_2m_2000b,BEAM/USDT:USDT,2000,2026-04-07T01:04:00+00:00,2026-04-09T19:42:00+00:00,2.417088251826871,0.10816657652785552,0.1635768811341311,0.10816657652785552,0.1635768811341311,0.3798330484098111,0.3798330484098111,,,False,0.28477399999999997,-0.02417088251826871,1.1153282627111645
futures_2m_2000b,WLFI/USDC:USDC,2000,2026-04-07T01:22:00+00:00,2026-04-09T20:00:00+00:00,-3.7832310838445737,0.10224948875255918,0.10964912280702069,0.10224948875255918,0.10964912280702069,0.3590548601788056,0.3590548601788056,,,False,0.28477399999999997,0.03783231083844574,1.1149968913748627
futures_2m_2000b,ORCA/USDT:USDT,2000,2026-04-07T01:16:00+00:00,2026-04-09T19:54:00+00:00,6.279620853080581,0.1117318435754191,0.11587485515643116,0.1117318435754191,0.11587485515643116,0.3923526852009633,0.3923526852009633,,,False,0.28477399999999997,-0.06279620853080581,1.114261847072084
futures_2m_2000b,MOVE/USDT:USDT,2000,2026-04-07T01:12:00+00:00,2026-04-09T19:50:00+00:00,1.917653694303434,0.10741138560688857,0.16625105183310032,0.10741138560688857,0.16625105183310032,0.37718115279796816,0.37718115279796816,,,False,0.28477399999999997,-0.01917653694303434,1.11236692145087
futures_2m_2000b,TA/USDT:USDT,2000,2026-04-07T01:20:00+00:00,2026-04-09T19:58:00+00:00,-9.86566835498789,0.09613073780340872,0.17434624500495527,0.09613073780340872,0.17434624500495527,0.33756852031227824,0.33756852031227824,,,False,0.28477399999999997,0.09865668354987889,1.1113622444867137
futures_2m_2000b,NCCO1OILBRENT2USD/USDT:USDT,930,2026-04-07T00:42:00+00:00,2026-04-08T10:00:00+00:00,-14.116009280742459,0.09206407659731956,0.1821103374397295,0.09206407659731956,0.1821103374397295,0.32328820958837384,0.32328820958837384,,,False,0.28477399999999997,0.1411600928074246,1.1110247215725462
futures_2m_2000b,SAGA/USDT:USDT,2000,2026-04-07T01:18:00+00:00,2026-04-09T19:56:00+00:00,1.4503006720905542,0.10679957280170443,0.18331806298908715,0.10679957280170443,0.18331806298908715,0.3750327375452269,0.3750327375452269,,,False,0.28477399999999997,-0.014503006720905542,1.1105952059147752
futures_2m_2000b,WOO/USDT:USDT,2000,2026-04-07T01:22:00+00:00,2026-04-09T20:00:00+00:00,7.018596280743861,0.11204481792716628,0.1703094091235111,0.11204481792716628,0.1703094091235111,0.39345171233036125,0.39345171233036125,,,False,0.28477399999999997,-0.0701859628074386,1.1101691741836452
futures_2m_2000b,NCSKCOIN2USD/USDT:USDT,117,2026-04-07T13:30:00+00:00,2026-04-07T17:22:00+00:00,-2.5454957764045494,0.10295066909632791,0.1812772913884626,0.10295066909632791,0.1812772913884626,0.3615170945954614,0.3615170945954614,,,False,0.28477399999999997,0.025454957764045494,1.1100062415504297
futures_2m_2000b,WLFI/USDT:USDT,2000,2026-04-07T01:22:00+00:00,2026-04-09T20:00:00+00:00,-3.7793667007150145,0.10162601626016551,0.10893246187362635,0.10162601626016551,0.10893246187362635,0.3568655012752763,0.3568655012752763,,,False,0.28477399999999997,0.037793667007150145,1.1083901708329789
futures_2m_2000b,OPENLEDGER/USDT:USDT,2000,2026-04-07T01:16:00+00:00,2026-04-09T19:54:00+00:00,7.5101097631426805,0.11210762331838886,0.18039687312086272,0.11210762331838886,0.18039687312086272,0.39367225701218816,0.39367225701218816,,,False,0.28477399999999997,-0.0751010976314268,1.1059156734051376
futures_2m_2000b,PUMP/USDT:USDT,2000,2026-04-07T01:16:00+00:00,2026-04-09T19:54:00+00:00,7.504466944609889,0.11129660545353638,0.17182136220421873,0.11129660545353638,0.17182136220421873,0.3908243219308518,0.3908243219308518,,,False,0.28477399999999997,-0.07504466944609889,1.0974282963464566
futures_2m_2000b,FIL/USDC:USDC,2000,2026-04-07T01:08:00+00:00,2026-04-09T19:46:00+00:00,6.815511163337251,0.11061946902654876,0.11641443538998847,0.11061946902654876,0.11641443538998847,0.3884465190872368,0.3884465190872368,,,False,0.28477399999999997,-0.06815511163337251,1.097184445628338
futures_2m_2000b,FIL/USDT:USDT,2000,2026-04-07T01:08:00+00:00,2026-04-09T19:46:00+00:00,6.815511163337251,0.11049723756906087,0.11627906976744197,0.11049723756906087,0.11627906976744197,0.38801729641421223,0.38801729641421223,,,False,0.28477399999999997,-0.06815511163337251,1.095896777609264
futures_2m_2000b,ENA/USDC:USDC,2000,2026-04-07T01:06:00+00:00,2026-04-09T19:44:00+00:00,11.829268292682936,0.11494252873563549,0.2212389380531037,0.11494252873563549,0.2212389380531037,0.403627187649278,0.403627187649278,,,False,0.28477399999999997,-0.11829268292682936,1.0925888800210046
futures_2m_2000b,BIO/USDT:USDT,2000,2026-04-07T01:04:00+00:00,2026-04-09T19:42:00+00:00,5.4857142857142716,0.1088731627653739,0.16830295854412797,0.1088731627653739,0.16830295854412797,0.3823142659279777,0.3823142659279777,,,False,0.28477399999999997,-0.054857142857142716,1.0920856549267903
futures_2m_2000b,WLD/USDT:USDT,2000,2026-04-07T01:22:00+00:00,2026-04-09T20:00:00+00:00,10.928512736236652,0.11393847322444625,0.18925056775170343,0.11393847322444625,0.18925056775170343,0.40010138995992,0.40010138995992,,,False,0.28477399999999997,-0.10928512736236652,1.0910190425173936
futures_2m_2000b,TAG/USDT:USDT,2000,2026-04-07T01:20:00+00:00,2026-04-09T19:58:00+00:00,-6.528713506576834,0.09705596894207477,0.17631032425669596,0.09705596894207477,0.17631032425669596,0.3408175217613784,0.3408175217613784,,,False,0.28477399999999997,0.06528713506576833,1.0877397003499034
futures_2m_2000b,ENA/USDT:USDT,2000,2026-04-07T01:06:00+00:00,2026-04-09T19:44:00+00:00,11.829268292682936,0.11441647597254331,0.22002200220021106,0.11441647597254331,0.22002200220021106,0.4017799236325764,0.4017799236325764,,,False,0.28477399999999997,-0.11829268292682936,1.0870470879708998
futures_2m_2000b,GOAT/USDT:USDT,2000,2026-04-07T01:08:00+00:00,2026-04-09T19:46:00+00:00,14.84523057485787,0.11723329425558414,0.18309431061109227,0.11723329425558414,0.18309431061109227,0.4116713402753908,0.4116713402753908,,,False,0.28477399999999997,-0.1484523057485787,1.0865617150775937
futures_2m_2000b,FOGO/USDT:USDT,2000,2026-04-07T01:08:00+00:00,2026-04-09T19:46:00+00:00,7.1663019693654295,0.10976948408342034,0.21321961620468216,0.10976948408342034,0.21321961620468216,0.38546174890762624,0.38546174890762624,,,False,0.28477399999999997,-0.0716630196936543,1.0847222270292245
futures_2m_2000b,APE/USDT:USDT,2000,2026-04-07T01:02:00+00:00,2026-04-09T19:40:00+00:00,8.533653846153854,0.11098779134295547,0.11947431302270353,0.11098779134295547,0.11947431302270353,0.3897399037234982,0.3897399037234982,,,False,0.28477399999999997,-0.08533653846153853,1.083883172708956
futures_2m_2000b,MANA/USDT:USDT,2000,2026-04-07T01:12:00+00:00,2026-04-09T19:50:00+00:00,9.631391200951267,0.11198208286674453,0.119189511323007,0.11198208286674453,0.119189511323007,0.3932314146191174,0.3932314146191174,,,False,0.28477399999999997,-0.09631391200951267,1.0833803318478397
futures_2m_2000b,PLUME/USDT:USDT,2000,2026-04-07T01:16:00+00:00,2026-04-09T19:54:00+00:00,3.2608695652173836,0.10548523206750625,0.1104362567536208,0.10548523206750625,0.1104362567536208,0.37041735575405854,0.37041735575405854,,,False,0.28477399999999997,-0.032608695652173836,1.078643371610002
futures_2m_2000b,CHILLGUY/USDT:USDT,2000,2026-04-07T01:04:00+00:00,2026-04-09T19:42:00+00:00,28.770595690747804,0.1282051282051341,0.26195165130752884,0.1282051282051341,0.26195165130752884,0.4501995554549717,0.4501995554549717,,,False,0.28477399999999997,-0.287705956907478,1.062892709457437
futures_2m_2000b,ONG/USDT:USDT,2000,2026-04-07T01:14:00+00:00,2026-04-09T19:52:00+00:00,9.549200193892382,0.10979626692691577,0.2110941044993332,0.10979626692691577,0.2110941044993332,0.3855557983766628,0.3855557983766628,,,False,0.28477399999999997,-0.09549200193892382,1.0611753931910646
futures_2m_2000b,XAI/USDT:USDT,2000,2026-04-07T01:22:00+00:00,2026-04-09T20:00:00+00:00,4.720087815587259,0.10482180293500622,0.11061946902654418,0.10482180293500622,0.11061946902654418,0.368087686849945,0.368087686849945,,,False,0.28477399999999997,-0.047200878155872594,1.0570621823939623
futures_2m_2000b,PHA/USDT:USDT,2000,2026-04-07T01:16:00+00:00,2026-04-09T19:54:00+00:00,8.519153802172674,0.10840108401085448,0.19925989183034618,0.10840108401085448,0.19925989183034618,0.38065653469366756,0.38065653469366756,,,False,0.28477399999999997,-0.08519153802172674,1.0567780660592758
futures_2m_2000b,KMNO/USDT:USDT,2000,2026-04-07T01:10:00+00:00,2026-04-09T19:48:00+00:00,11.617312072892938,0.11123470522802661,0.2421321701608728,0.11123470522802661,0.2421321701608728,0.39060695578959675,0.39060695578959675,,,False,0.28477399999999997,-0.11617312072892938,1.0556477466398608
futures_2m_2000b,CETUS/USDT:USDT,2000,2026-04-07T01:04:00+00:00,2026-04-09T19:42:00+00:00,5.970952124798279,0.10570824524312465,0.20629190304281503,0.10570824524312465,0.20629190304281503,0.37120047912774573,0.37120047912774573,,,False,0.28477399999999997,-0.05970952124798279,1.0538919161352545
futures_2m_2000b,BAT/USDT:USDT,2000,2026-04-07T01:04:00+00:00,2026-04-09T19:42:00+00:00,0.708502024291513,0.10060362173038516,0.19723865877711225,0.10060362173038516,0.19723865877711225,0.3532753050853841,0.3532753050853841,,,False,0.28477399999999997,-0.00708502024291513,1.052740895013237
futures_2m_2000b,SUSHI/USDT:USDT,2000,2026-04-07T01:20:00+00:00,2026-04-09T19:58:00+00:00,1.0405827263267442,0.1007556675063001,0.1542813164492729,0.1007556675063001,0.1542813164492729,0.35380922242304463,0.35380922242304463,,,False,0.28477399999999997,-0.010405827263267442,1.0510218400058664
futures_2m_2000b,AIN/USDT:USDT,2000,2026-04-07T01:02:00+00:00,2026-04-09T19:40:00+00:00,8.598906279464448,0.10760401721665082,0.2152853153225937,0.10760401721665082,0.2152853153225937,0.3778575895856041,0.3778575895856041,,,False,0.28477399999999997,-0.08598906279464448,1.047583705962168
futures_2m_2000b,VVV/USDT:USDT,2000,2026-04-07T01:22:00+00:00,2026-04-09T20:00:00+00:00,15.121212121212135,0.11331444759206809,0.20514324384710597,0.11331444759206809,0.20514324384710597,0.3979100886740647,0.3979100886740647,,,False,0.28477399999999997,-0.15121212121212135,1.0425181448100727
futures_2m_2000b,MAVIA/USDT:USDT,2000,2026-04-07T01:12:00+00:00,2026-04-09T19:50:00+00:00,5.238439306358389,0.10373443983403266,0.1727115922827618,0.10373443983403266,0.1727115922827618,0.36426934984946896,0.36426934984946896,,,False,0.28477399999999997,-0.05238439306358389,1.040423656484823
futures_2m_2000b,THE/USDT:USDT,2000,2026-04-07T01:20:00+00:00,2026-04-09T19:58:00+00:00,2.1956087824351433,0.1008064516129061,0.1999999999999988,0.1008064516129061,0.1999999999999988,0.3539875536843466,0.3539875536843466,,,False,0.28477399999999997,-0.021956087824351433,1.0400065732286883
futures_2m_2000b,NCSKASML2USD/USDT:USDT,117,2026-04-07T13:30:00+00:00,2026-04-07T17:22:00+00:00,0.5409612765129523,0.09873322963085297,0.16681501805429377,0.09873322963085297,0.16681501805429377,0.3467073174898445,0.3467073174898445,,,False,0.28477399999999997,-0.005409612765129523,1.034712339704404
futures_2m_2000b,SPK/USDT:USDT,2000,2026-04-07T01:18:00+00:00,2026-04-09T19:56:00+00:00,-0.5940594059405835,0.09760858955589387,0.1476377952756016,0.09760858955589387,0.1476377952756016,0.3427580802878559,0.3427580802878559,,,False,0.28477399999999997,0.005940594059405835,1.0342148349229738
futures_2m_2000b,COMP/USDT:USDT,2000,2026-04-07T01:06:00+00:00,2026-04-09T19:44:00+00:00,15.786314525810319,0.11312217194569894,0.18137847642080493,0.11312217194569894,0.18137847642080493,0.3972349018720071,0.3972349018720071,,,False,0.28477399999999997,-0.1578631452581032,1.033841560357918
futures_2m_2000b,IO/USDT:USDT,2000,2026-04-07T01:10:00+00:00,2026-04-09T19:48:00+00:00,4.517453798767979,0.10235414534287511,0.1984126984127041,0.10235414534287511,0.1984126984127041,0.35942236771220376,0.35942236771220376,,,False,0.28477399999999997,-0.045174537987679786,1.0330925651489316
futures_2m_2000b,TOWNS/USDT:USDT,2000,2026-04-07T01:20:00+00:00,2026-04-09T19:58:00+00:00,-0.6832298136646098,0.096930533117931,0.19540791920212355,0.096930533117931,0.19540791920212355,0.34037704677369074,0.34037704677369074,,,False,0.28477399999999997,0.006832298136646098,1.0279634384577183
futures_2m_2000b,NCCOGASOLINE2USD/USDT:USDT,960,2026-04-07T00:42:00+00:00,2026-04-08T10:00:00+00:00,-10.54486417993189,0.08755765060424714,0.1764816729811953,0.08755765060424714,0.1764816729811953,0.3074636399539535,0.3074636399539535,,,False,0.28477399999999997,0.1054486417993189,1.0278395616611795
futures_2m_2000b,PIGEON/USDT:USDT,2000,2026-04-07T01:16:00+00:00,2026-04-09T19:54:00+00:00,-6.781514902925889,0.09066183136899258,0.37706229080892595,0.09066183136899258,0.37706229080892595,0.31836414619660713,0.31836414619660713,,,False,0.28477399999999997,0.06781514902925889,1.0229075876190803
futures_2m_2000b,NCSKMRVL2USD/USDT:USDT,117,2026-04-07T13:30:00+00:00,2026-04-07T17:22:00+00:00,1.1050236790788315,0.09772925832319634,0.20618176594842474,0.09772925832319634,0.20618176594842474,0.3431818154859515,0.3431818154859515,,,False,0.28477399999999997,-0.011050236790788315,1.018495209667066
futures_2m_2000b,PROM/USDT:USDT,2000,2026-04-07T01:16:00+00:00,2026-04-09T19:54:00+00:00,2.06489675516226,0.09852216748769575,0.19782393669634046,0.09852216748769575,0.19782393669634046,0.34596616084226706,0.34596616084226706,,,False,0.28477399999999997,-0.0206489675516226,1.0172495149751786
futures_2m_2000b,ZRX/USDT:USDT,2000,2026-04-07T01:22:00+00:00,2026-04-09T20:00:00+00:00,2.9702970297029507,0.09920634920635205,0.19607843137254785,0.09920634920635205,0.19607843137254785,0.3483687036258649,0.3483687036258649,,,False,0.28477399999999997,-0.029702970297029507,1.0154031405805652
futures_2m_2000b,FORM/USDT:USDT,2000,2026-04-07T01:08:00+00:00,2026-04-09T19:46:00+00:00,3.06930693069305,0.09920634920635205,0.19129603060735711,0.09920634920635205,0.19129603060735711,0.3483687036258649,0.3483687036258649,,,False,0.28477399999999997,-0.0306930693069305,1.0144130415706643
futures_2m_2000b,ROSE/USDT:USDT,2000,2026-04-07T01:18:00+00:00,2026-04-09T19:56:00+00:00,5.974842767295585,0.10183299389001621,0.19851121514478068,0.10183299389001621,0.19851121514478068,0.35759231492346993,0.35759231492346993,,,False,0.28477399999999997,-0.05974842767295585,1.013028517097454
futures_2m_2000b,SHELL/USDT:USDT,2000,2026-04-07T01:18:00+00:00,2026-04-09T19:56:00+00:00,5.326633165829153,0.10070493454178844,0.16886187098952368,0.10070493454178844,0.16886187098952368,0.35363107075009814,0.35363107075009814,,,False,0.28477399999999997,-0.05326633165829153,1.0076268805920028
futures_2m_2000b,ARB/USDC:USDC,2000,2026-04-07T01:02:00+00:00,2026-04-09T19:40:00+00:00,10.775862068965525,0.10582010582010884,0.209863588667365,0.10582010582010884,0.209863588667365,0.3715932838675892,0.3715932838675892,,,False,0.28477399999999997,-0.10775862068965525,1.0070212309131124
futures_2m_2000b,ARKM/USDT:USDT,2000,2026-04-07T01:02:00+00:00,2026-04-09T19:40:00+00:00,6.243386243386251,0.10131712259372125,0.1980198019801968,0.10131712259372125,0.1980198019801968,0.355780803703011,0.355780803703011,,,False,0.28477399999999997,-0.06243386243386251,1.0049085486751705
futures_2m_2000b,ZEC/USDT:USDT,2000,2026-04-07T01:22:00+00:00,2026-04-09T20:00:00+00:00,46.278520849724615,0.13893605853838917,0.26214130555491955,0.13893605853838917,0.26214130555491955,0.48788182396703766,0.48788182396703766,,,False,0.28477399999999997,-0.46278520849724614,1.0008602634038668
futures_2m_2000b,ALLO/USDT:USDT,2000,2026-04-07T01:02:00+00:00,2026-04-09T19:40:00+00:00,2.0715630885122405,0.09680542110358457,0.19342359767890893,0.09680542110358457,0.19342359767890893,0.33993770886241226,0.33993770886241226,,,False,0.28477399999999997,-0.020715630885122405,0.9990974957021144
futures_2m_2000b,GMT/USDT:USDT,2000,2026-04-07T01:08:00+00:00,2026-04-09T19:46:00+00:00,4.244817374136223,0.09881422924900782,0.19685039370077936,0.09881422924900782,0.19685039370077936,0.34699175222811013,0.34699175222811013,,,False,0.28477399999999997,-0.04244817374136223,0.9985270829429682
futures_2m_2000b,B2/USDT:USDT,2000,2026-04-07T01:02:00+00:00,2026-04-09T19:40:00+00:00,1.9894771456757665,0.09643201542911185,0.21550071674821594,0.09643201542911185,0.21550071674821594,0.33862647372692684,0.33862647372692684,,,False,0.28477399999999997,-0.019894771456757665,0.9959846497240228
futures_2m_2000b,OPENEDEN/USDT:USDT,2000,2026-04-07T01:14:00+00:00,2026-04-09T19:52:00+00:00,1.5039999999999942,0.09584664536739715,0.16121252192209515,0.09584664536739715,0.16121252192209515,0.33657091366275416,0.33657091366275416,,,False,0.28477399999999997,-0.015039999999999942,0.9946727409882625
futures_2m_2000b,XAN/USDT:USDT,2000,2026-04-07T01:22:00+00:00,2026-04-09T20:00:00+00:00,1.4177563661390336,0.09561535309384049,0.18114679945801088,0.09561535309384049,0.18114679945801088,0.33575871776861826,0.33575871776861826,,,False,0.28477399999999997,-0.014177563661390336,0.9930985896444644
futures_2m_2000b,SIGN/USDT:USDT,2000,2026-04-07T01:18:00+00:00,2026-04-09T19:56:00+00:00,1.759346528432304,0.09569377990429125,0.21302513190897546,0.09569377990429125,0.21302513190897546,0.3360341179471836,0.3360341179471836,,,False,0.28477399999999997,-0.01759346528432304,0.9905088885572277
futures_2m_2000b,WIF/USDC:USDC,2000,2026-04-07T01:22:00+00:00,2026-04-09T20:00:00+00:00,10.981047937569667,0.10432968179447351,0.16816143497757552,0.10432968179447351,0.16816143497757552,0.36635957564410204,0.36635957564410204,,,False,0.28477399999999997,-0.10981047937569667,0.9892682475566095
futures_2m_2000b,ALGO/USDT:USDT,2000,2026-04-07T01:02:00+00:00,2026-04-09T19:40:00+00:00,-3.7800687285223344,0.09025270758123002,0.2442996742671023,0.09025270758123002,0.2442996742671023,0.31692748488706846,0.31692748488706846,,,False,0.28477399999999997,0.037800687285223344,0.9885831419464287
futures_2m_2000b,AZTEC/USDT:USDT,2000,2026-04-07T01:02:00+00:00,2026-04-09T19:40:00+00:00,8.432432432432435,0.10167768174885199,0.16406892120982325,0.10167768174885199,0.16406892120982325,0.35704692755958056,0.35704692755958056,,,False,0.28477399999999997,-0.08432432432432435,0.9868164583544172
futures_2m_2000b,AVA/USDT:USDT,2000,2026-04-07T01:02:00+00:00,2026-04-09T19:40:00+00:00,5.433111225012821,0.09866798223975234,0.15290519877676279,0.09866798223975234,0.15290519877676279,0.34647819758739334,0.34647819758739334,,,False,0.28477399999999997,-0.05433111225012821,0.9851034805120518
futures_2m_2000b,RENDER/USDT:USDT,2000,2026-04-07T01:16:00+00:00,2026-04-09T19:54:00+00:00,10.746910263299302,0.10335917312661509,0.19579050416054836,0.10335917312661509,0.19579050416054836,0.3629515795915888,0.3629515795915888,,,False,0.28477399999999997,-0.10746910263299302,0.9813856361417734
futures_2m_2000b,WIF/USDT:USDT,2000,2026-04-07T01:22:00+00:00,2026-04-09T20:00:00+00:00,10.974930362116986,0.10288065843620266,0.16694490818029756,0.10288065843620266,0.16694490818029756,0.36127124820455053,0.36127124820455053,,,False,0.28477399999999997,-0.10974930362116986,0.9740644409924817
futures_2m_2000b,KGEN/USDT:USDT,2000,2026-04-07T01:10:00+00:00,2026-04-09T19:48:00+00:00,10.277370222874316,0.10185244127569766,0.2160371129827472,0.10185244127569766,0.2160371129827472,0.3576606055177006,0.3576606055177006,,,False,0.28477399999999997,-0.10277370222874316,0.9702081143243588
futures_2m_2000b,DEEP/USDT:USDT,2000,2026-04-07T01:06:00+00:00,2026-04-09T19:44:00+00:00,6.9191551347414615,0.09855453350854877,0.1646633038079915,0.09855453350854877,0.1646633038079915,0.3460798159542261,0.3460798159542261,,,False,0.28477399999999997,-0.06919155134741461,0.9690478965152638
futures_2m_2000b,ZEC/USDC:USDC,2000,2026-04-07T01:22:00+00:00,2026-04-09T20:00:00+00:00,46.20290539742531,0.13574089273311132,0.26185284776618856,0.13574089273311132,0.26185284776618856,0.47666181861093826,0.47666181861093826,,,False,0.28477399999999997,-0.4620290539742531,0.9679564018585618
futures_2m_2000b,SQD/USDT:USDT,2000,2026-04-07T01:18:00+00:00,2026-04-09T19:56:00+00:00,-0.8795875037913237,0.09099181073704049,0.18137854272101023,0.09099181073704049,0.18137854272101023,0.319522887402082,0.319522887402082,,,False,0.28477399999999997,0.008795875037913237,0.9673645372441593
futures_2m_2000b,IOST/USDT:USDT,2000,2026-04-07T01:10:00+00:00,2026-04-09T19:48:00+00:00,2.5304592314901564,0.0940733772342552,0.18691588785047183,0.0940733772342552,0.18691588785047183,0.33034398236585927,0.33034398236585927,,,False,0.28477399999999997,-0.025304592314901564,0.9657273547826762
futures_2m_2000b,SPX/USDT:USDT,2000,2026-04-07T01:18:00+00:00,2026-04-09T19:56:00+00:00,9.928057553956826,0.10060362173038982,0.19267822736030488,0.10060362173038982,0.19267822736030488,0.35327530508540045,0.35327530508540045,,,False,0.28477399999999997,-0.09928057553956826,0.960545339716633
futures_2m_2000b,CHECK/USDT:USDT,2000,2026-04-07T01:04:00+00:00,2026-04-09T19:42:00+00:00,-30.526315789473678,0.06218905472636562,0.11317408320666753,0.06218905472636562,0.11317408320666753,0.21838038137739268,0.21838038137739268,,,False,0.28477399999999997,0.3052631578947368,0.9604043020269148
futures_2m_2000b,COW/USDT:USDT,2000,2026-04-07T01:06:00+00:00,2026-04-09T19:44:00+00:00,3.5011990407673776,0.09416195856874092,0.14584346135148016,0.09416195856874092,0.14584346135148016,0.3306550407296345,0.3306550407296345,,,False,0.28477399999999997,-0.035011990407673776,0.9569531317812296
futures_2m_2000b,AXS/USDT:USDT,2000,2026-04-07T01:02:00+00:00,2026-04-09T19:40:00+00:00,1.2669683257918507,0.0914076782449625,0.18214936247723149,0.0914076782449625,0.18214936247723149,0.32098322966620024,0.32098322966620024,,,False,0.28477399999999997,-0.012669683257918507,0.9502800057406822
futures_2m_2000b,SSV/USDT:USDT,2000,2026-04-07T01:18:00+00:00,2026-04-09T19:56:00+00:00,2.9288702928870425,0.09285051067779851,0.18099547511312233,0.09285051067779851,0.18099547511312233,0.32604981732109856,0.32604981732109856,,,False,0.28477399999999997,-0.029288702928870425,0.9488607490344252
futures_2m_2000b,UAI/USDT:USDT,2000,2026-04-07T01:20:00+00:00,2026-04-09T19:58:00+00:00,7.966457023060802,0.09760858955588372,0.19526483955587975,0.09760858955588372,0.19526483955587975,0.3427580802878203,0.3427580802878203,,,False,0.28477399999999997,-0.07966457023060802,0.9486096706328528
futures_2m_2000b,BITLIGHT/USDT:USDT,2000,2026-04-07T01:04:00+00:00,2026-04-09T19:42:00+00:00,6.415117416829741,0.09600384015360224,0.17112825525518435,0.09600384015360224,0.17112825525518435,0.33712291204113526,0.33712291204113526,,,False,0.28477399999999997,-0.06415117416829741,0.9472175619551084
futures_2m_2000b,10000SATS/USDT:USDT,2000,2026-04-07T01:00:00+00:00,2026-04-09T19:38:00+00:00,2.5594149908592323,0.09216589861751376,0.18331805682860208,0.09216589861751376,0.18331805682860208,0.32364576336854406,0.32364576336854406,,,False,0.28477399999999997,-0.025594149908592323,0.9453431401970398
futures_2m_2000b,KAITO/USDC:USDC,2000,2026-04-07T01:10:00+00:00,2026-04-09T19:48:00+00:00,-1.391509433962257,0.0880669308674618,0.1617188424027689,0.0880669308674618,0.1617188424027689,0.309252006389143,0.309252006389143,,,False,0.28477399999999997,0.013915094339622569,0.9416711135070516
futures_2m_2000b,ONE/USDT:USDT,2000,2026-04-07T01:14:00+00:00,2026-04-09T19:52:00+00:00,0.8812615955473113,0.09017132551847754,0.13966480446927207,0.09017132551847754,0.13966480446927207,0.3166417071729777,0.3166417071729777,,,False,0.28477399999999997,-0.008812615955473113,0.9411125055634599
futures_2m_2000b,ARB/USDT:USDT,2000,2026-04-07T01:02:00+00:00,2026-04-09T19:40:00+00:00,10.430107526881716,0.09920634920635205,0.1967536137628802,0.09920634920635205,0.1967536137628802,0.3483687036258649,0.3483687036258649,,,False,0.28477399999999997,-0.10430107526881717,0.9408050356087776
futures_2m_2000b,KAITO/USDT:USDT,2000,2026-04-07T01:10:00+00:00,2026-04-09T19:48:00+00:00,-1.4150943396226467,0.08768084173608318,0.16408813877168454,0.08768084173608318,0.16408813877168454,0.3078962325777044,0.3078962325777044,,,False,0.28477399999999997,0.014150943396226467,0.9378396411293396
futures_2m_2000b,TAO/USDT:USDT,2000,2026-04-07T01:20:00+00:00,2026-04-09T19:58:00+00:00,7.298032314829617,0.09583281810312917,0.16822021840181495,0.09583281810312917,0.16822021840181495,0.3365223584425867,0.3365223584425867,,,False,0.28477399999999997,-0.07298032314829617,0.936586752179464
futures_2m_2000b,CGPT/USDT:USDT,2000,2026-04-07T01:04:00+00:00,2026-04-09T19:42:00+00:00,11.993603411513876,0.099502487562185,0.1909763775578744,0.099502487562185,0.1909763775578744,0.3494086102038283,0.3494086102038283,,,False,0.28477399999999997,-0.11993603411513876,0.9282897964963461
futures_2m_2000b,OP/USDT:USDT,2000,2026-04-07T01:14:00+00:00,2026-04-09T19:52:00+00:00,4.292237442922375,0.09165902841430143,0.18315018315018203,0.09165902841430143,0.18315018315018203,0.32186585999529954,0.32186585999529954,,,False,0.28477399999999997,-0.04292237442922375,0.9226752055566749
futures_2m_2000b,ALICE/USDT:USDT,2000,2026-04-07T01:02:00+00:00,2026-04-09T19:40:00+00:00,4.788213627992621,0.09174311926605767,0.18315018315017567,0.09174311926605767,0.18315018315017567,0.3221611497751118,0.3221611497751118,,,False,0.28477399999999997,-0.04788213627992621,0.9186013130454092
futures_2m_2000b,TAIKO/USDT:USDT,2000,2026-04-07T01:20:00+00:00,2026-04-09T19:58:00+00:00,0.6950477845351966,0.08771929824560437,0.17497812773403826,0.08771929824560437,0.17497812773403826,0.30803127478493253,0.30803127478493253,,,False,0.28477399999999997,-0.0069504778453519656,0.9171433465094456
futures_2m_2000b,NCSKGME2USD/USDT:USDT,117,2026-04-07T13:30:00+00:00,2026-04-07T17:22:00+00:00,1.1688311688311748,0.08787346221441716,0.1729594063727593,0.08787346221441716,0.1729594063727593,0.30857263027670073,0.30857263027670073,,,False,0.28477399999999997,-0.011688311688311748,0.9140295791417905
futures_2m_2000b,STX/USDT:USDT,2000,2026-04-07T01:18:00+00:00,2026-04-09T19:56:00+00:00,2.8097650852141998,0.08940545373268026,0.13605442176870508,0.08940545373268026,0.13605442176870508,0.31395230510046657,0.31395230510046657,,,False,0.28477399999999997,-0.028097650852141998,0.9137592644492577
futures_2m_2000b,PARTI/USDT:USDT,2000,2026-04-07T01:16:00+00:00,2026-04-09T19:54:00+00:00,15.848269089123491,0.10155721056195752,0.20908026881748185,0.10155721056195752,0.20908026881748185,0.3566238861762574,0.3566238861762574,,,False,0.28477399999999997,-0.1584826908912349,0.9113889676375373
futures_2m_2000b,2Z/USDT:USDT,2000,2026-04-07T01:00:00+00:00,2026-04-09T19:38:00+00:00,-2.7841388453658023,0.08365200764818428,0.17496734737343353,0.08365200764818428,0.17496734737343353,0.2937487539177885,0.2937487539177885,,,False,0.28477399999999997,0.027841388453658023,0.9090876502070234
futures_2m_2000b,BERA/USDT:USDT,2000,2026-04-07T01:04:00+00:00,2026-04-09T19:42:00+00:00,8.42941327184219,0.0942507068803043,0.15132408575031958,0.0942507068803043,0.15132408575031958,0.33096668544285757,0.33096668544285757,,,False,0.28477399999999997,-0.0842941327184219,0.9086059236101508
futures_2m_2000b,1000CHEEMS/USDT:USDT,2000,2026-04-07T01:00:00+00:00,2026-04-09T19:38:00+00:00,1.6773897058823595,0.08766162612316672,0.18221170900618283,0.08766162612316672,0.18221170900618283,0.30782875586664066,0.30782875586664066,,,False,0.28477399999999997,-0.016773897058823595,0.9067123705410984
futures_2m_2000b,ZRO/USDT:USDT,2000,2026-04-07T01:22:00+00:00,2026-04-09T20:00:00+00:00,13.324261495719213,0.0984844339880616,0.18828755590426144,0.0984844339880616,0.18828755590426144,0.34583365752513084,0.34583365752513084,,,False,0.28477399999999997,-0.13324261495719214,0.9042583576182004
futures_2m_2000b,PROVE/USDT:USDT,2000,2026-04-07T01:16:00+00:00,2026-04-09T19:54:00+00:00,4.227941176470584,0.08948545861297795,0.175054704595191,0.08948545861297795,0.175054704595191,0.3142332467605117,0.3142332467605117,,,False,0.28477399999999997,-0.04227941176470584,0.9004203285168292
futures_2m_2000b,LINEA/USDT:USDT,2000,2026-04-07T01:10:00+00:00,2026-04-09T19:48:00+00:00,3.373568554627049,0.08802816901408347,0.1473405071031718,0.08802816901408347,0.1473405071031718,0.30911589194969863,0.30911589194969863,,,False,0.28477399999999997,-0.03373568554627049,0.8936119903028255
futures_2m_2000b,AEVO/USDC:USDC,2000,2026-04-07T01:02:00+00:00,2026-04-09T19:40:00+00:00,2.2727272727272707,0.0869565217391269,0.16806722689074943,0.0869565217391269,0.16806722689074943,0.3053527419607369,0.3053527419607369,,,False,0.28477399999999997,-0.022727272727272707,0.893330953154938
futures_2m_2000b,BLUR/USDT:USDT,2000,2026-04-07T01:04:00+00:00,2026-04-09T19:42:00+00:00,29.262802476083284,0.11248593925758821,0.22586109542630362,0.11248593925758821,0.22586109542630362,0.3950007348198509,0.3950007348198509,,,False,0.28477399999999997,-0.29262802476083283,0.8923741796987199
futures_2m_2000b,NCSKGE2USD/USDT:USDT,117,2026-04-07T13:30:00+00:00,2026-04-07T17:22:00+00:00,0.8379010578500878,0.08536658204267254,0.14674934775323445,0.08536658204267254,0.14674934775323445,0.2997695788332943,0.2997695788332943,,,False,0.28477399999999997,-0.008379010578500878,0.890929725921382
futures_2m_2000b,WLD/USDC:USDC,2000,2026-04-07T01:22:00+00:00,2026-04-09T20:00:00+00:00,10.83011741522293,0.09418509418509745,0.1783106050370496,0.09418509418509745,0.1783106050370496,0.33073628275438577,0.33073628275438577,,,False,0.28477399999999997,-0.1083011741522293,0.883907674110928
futures_2m_2000b,IR/USDT:USDT,2000,2026-04-07T01:10:00+00:00,2026-04-09T19:48:00+00:00,0.9374138406396559,0.08472182999153417,0.16627410383164715,0.08472182999153417,0.16627410383164715,0.2975054955562452,0.2975054955562452,,,False,0.28477399999999997,-0.00937413840639656,0.8831423482623391
futures_2m_2000b,NMR/USDT:USDT,2000,2026-04-07T01:14:00+00:00,2026-04-09T19:52:00+00:00,3.559214692843571,0.0872056808272041,0.16590098068996362,0.0872056808272041,0.16590098068996362,0.30622767818411833,0.30622767818411833,,,False,0.28477399999999997,-0.03559214692843571,0.8830908876239193
futures_2m_2000b,OP/USDC:USDC,2000,2026-04-07T01:14:00+00:00,2026-04-09T19:52:00+00:00,4.2961608775136995,0.08787346221441376,0.1670843776106982,0.08787346221441376,0.1670843776106982,0.3085726302766888,0.3085726302766888,,,False,0.28477399999999997,-0.042961608775136995,0.8827562820549294
futures_2m_2000b,AKT/USDT:USDT,2000,2026-04-07T01:02:00+00:00,2026-04-09T19:40:00+00:00,9.101739337622107,0.09222965183306699,0.17385635324256388,0.09222965183306699,0.17385635324256388,0.323869636389091,0.323869636389091,,,False,0.28477399999999997,-0.09101739337622107,0.880591515791052
futures_2m_2000b,SAHARA/USDT:USDT,2000,2026-04-07T01:18:00+00:00,2026-04-09T19:56:00+00:00,6.688804554079697,0.08976660682227403,0.17833259028087434,0.08976660682227403,0.17833259028087434,0.3152205145914797,0.3152205145914797,,,False,0.28477399999999997,-0.06688804554079697,0.8787734982336421
futures_2m_2000b,NCSKARM2USD/USDT:USDT,117,2026-04-07T13:30:00+00:00,2026-04-07T17:22:00+00:00,-1.3850222717149308,0.08198155948105465,0.2325172547041755,0.08198155948105465,0.2325172547041755,0.2878828807442205,0.2878828807442205,,,False,0.28477399999999997,0.013850222717149308,0.8774988649498109
futures_2m_2000b,AEVO/USDT:USDT,2000,2026-04-07T01:02:00+00:00,2026-04-09T19:40:00+00:00,2.0994001713796173,0.08507018290088977,0.1667014033625126,0.08507018290088977,0.1667014033625126,0.2987287564907252,0.2987287564907252,,,False,0.28477399999999997,-0.020994001713796173,0.8751922677583794
futures_2m_2000b,ELSA/USDT:USDT,2000,2026-04-07T01:06:00+00:00,2026-04-09T19:44:00+00:00,6.401731869491245,0.08899436369028571,0.16460906179183188,0.08899436369028571,0.16460906179183188,0.3125087391766303,0.3125087391766303,,,False,0.28477399999999997,-0.06401731869491245,0.8735088988349784
futures_2m_2000b,PENGU/USDC:USDC,2000,2026-04-07T01:16:00+00:00,2026-04-09T19:54:00+00:00,5.386937867471797,0.08792497069167539,0.15766655977407734,0.08792497069167539,0.15766655977407734,0.30875350520649847,0.30875350520649847,,,False,0.28477399999999997,-0.05386937867471797,0.8723911369447774
futures_2m_2000b,ENJ/USDT:USDT,2000,2026-04-07T01:06:00+00:00,2026-04-09T19:44:00+00:00,54.58692346680181,0.13458950201883704,0.34744170529568563,0.13458950201883704,0.34744170529568563,0.4726186450267126,0.4726186450267126,,,False,0.28477399999999997,-0.5458692346680181,0.8719867004121196
futures_2m_2000b,BB/USDT:USDT,2000,2026-04-07T01:04:00+00:00,2026-04-09T19:42:00+00:00,2.717622080679405,0.0853242320819226,0.16985138004247063,0.0853242320819226,0.16985138004247063,0.2996208645519696,0.2996208645519696,,,False,0.28477399999999997,-0.02717622080679405,0.8716863728491149
futures_2m_2000b,AERO/USDT:USDT,2000,2026-04-07T01:02:00+00:00,2026-04-09T19:40:00+00:00,13.586251621271073,0.0954502068087709,0.17194440817272294,0.0954502068087709,0.17194440817272294,0.335178797252456,0.335178797252456,,,False,0.28477399999999997,-0.13586251621271073,0.8696738755446571
futures_2m_2000b,NOT/USDC:USDC,2000,2026-04-07T01:14:00+00:00,2026-04-09T19:52:00+00:00,4.571927781013385,0.08648025367541289,0.16319884231584578,0.08648025367541289,0.16319884231584578,0.30368029973035776,0.30368029973035776,,,False,0.28477399999999997,-0.04571927781013385,0.8653216213809394
futures_2m_2000b,NOT/USDT:USDT,2000,2026-04-07T01:14:00+00:00,2026-04-09T19:52:00+00:00,4.630168899242859,0.08618213157138963,0.14654163040706547,0.08618213157138963,0.14654163040706547,0.30263342710847774,0.30263342710847774,,,False,0.28477399999999997,-0.04630168899242859,0.8615985923330046
futures_2m_2000b,ACT/USDT:USDT,2000,2026-04-07T01:00:00+00:00,2026-04-09T19:38:00+00:00,6.9053708439897665,0.08810572687225839,0.23913913723098446,0.08810572687225839,0.23913913723098446,0.30938824075322324,0.30938824075322324,,,False,0.28477399999999997,-0.06905370843989767,0.8591110138197721
futures_2m_2000b,ENSO/USDT:USDT,2000,2026-04-07T01:06:00+00:00,2026-04-09T19:44:00+00:00,6.673453229272708,0.0874603695200516,0.18047698855985567,0.0874603695200516,0.18047698855985567,0.3071220319272532,0.3071220319272532,,,False,0.28477399999999997,-0.06673453229272708,0.8546315634890325
futures_2m_2000b,SYN/USDT:USDT,2000,2026-04-07T01:20:00+00:00,2026-04-09T19:58:00+00:00,1.0330578512396604,0.08200082000819675,0.15010193937710153,0.08200082000819675,0.15010193937710153,0.28795051517412673,0.28795051517412673,,,False,0.28477399999999997,-0.010330578512396604,0.8535209670099836
futures_2m_2000b,NCSKPLTR2USD/USDT:USDT,117,2026-04-07T13:30:00+00:00,2026-04-07T17:22:00+00:00,0.5367577116456079,0.08152381176691012,0.17926540141232475,0.08152381176691012,0.17926540141232475,0.2862754737683571,0.2862754737683571,,,False,0.28477399999999997,-0.005367577116456079,0.8534588441886153
futures_2m_2000b,SOON/USDT:USDT,2000,2026-04-07T01:18:00+00:00,2026-04-09T19:56:00+00:00,-5.413560525381622,0.07527286413247718,0.14115322252538903,0.07527286413247718,0.14115322252538903,0.2643249177680448,0.2643249177680448,,,False,0.28477399999999997,0.05413560525381622,0.8471103585579506
futures_2m_2000b,ASR/USDT:USDT,2000,2026-04-07T01:02:00+00:00,2026-04-09T19:40:00+00:00,3.0253475061324586,0.0829875518672292,0.23640661938535176,0.0829875518672292,0.23640661938535176,0.29141547987958594,0.29141547987958594,,,False,0.28477399999999997,-0.030253475061324586,0.8439929645774332
futures_2m_2000b,VIRTUAL/USDT:USDT,2000,2026-04-07T01:22:00+00:00,2026-04-09T20:00:00+00:00,7.375615959306936,0.08681811604687222,0.15070454459768906,0.08681811604687222,0.15070454459768906,0.3048667225479581,0.3048667225479581,,,False,0.28477399999999997,-0.07375615959306936,0.840844008050805
futures_2m_2000b,GRT/USDT:USDT,2000,2026-04-07T01:08:00+00:00,2026-04-09T19:46:00+00:00,3.229919252018698,0.08278145695363902,0.12589173310952068,0.08278145695363902,0.12589173310952068,0.2906917659394433,0.2906917659394433,,,False,0.28477399999999997,-0.03229919252018698,0.839776105298143
futures_2m_2000b,AAVE/USDT:USDT,2000,2026-04-07T01:00:00+00:00,2026-04-09T19:38:00+00:00,-1.5309973045822156,0.07805530776092014,0.14367822410079312,0.07805530776092014,0.14367822410079312,0.27409562586795194,0.27409562586795194,,,False,0.28477399999999997,0.015309973045822156,0.837596850649678
futures_2m_2000b,IP/USDC:USDC,2000,2026-04-07T01:10:00+00:00,2026-04-09T19:48:00+00:00,0.019657951641427474,0.07950705625123355,0.15330075832981194,0.07950705625123355,0.15330075832981194,0.27919352276272963,0.27919352276272963,,,False,0.28477399999999997,-0.00019657951641427474,0.8373839887717747
futures_2m_2000b,H/USDT:USDT,2000,2026-04-07T01:08:00+00:00,2026-04-09T19:46:00+00:00,6.303794399321139,0.08534503779566034,0.16487528110943633,0.08534503779566034,0.16487528110943633,0.2996939249919598,0.2996939249919598,,,False,0.28477399999999997,-0.06303794399321139,0.836043830982668
futures_2m_2000b,TONCOIN/USDT:USDT,2000,2026-04-07T01:20:00+00:00,2026-04-09T19:58:00+00:00,2.7530364372469585,0.08169934640521977,0.16273393002441022,0.08169934640521977,0.16273393002441022,0.2868918735742019,0.2868918735742019,,,False,0.28477399999999997,-0.027530364372469585,0.8331452563501363
futures_2m_2000b,ERA/USDT:USDT,2000,2026-04-07T01:06:00+00:00,2026-04-09T19:44:00+00:00,2.0667726550079424,0.08103727714749018,0.16155088852989155,0.08103727714749018,0.16155088852989155,0.28456697994722197,0.28456697994722197,,,False,0.28477399999999997,-0.020667726550079424,0.8330332132915865
futures_2m_2000b,AAVE/USDC:USDC,2000,2026-04-07T01:00:00+00:00,2026-04-09T19:38:00+00:00,-1.5306672415651645,0.07745076344324783,0.14499222158615244,0.07745076344324783,0.14499222158615244,0.2719727343200146,0.2719727343200146,,,False,0.28477399999999997,0.015306672415651645,0.8312248753756954
futures_2m_2000b,MITO/USDT:USDT,2000,2026-04-07T01:12:00+00:00,2026-04-09T19:50:00+00:00,1.0334511830296655,0.07987220447284943,0.13726836222958988,0.07987220447284943,0.13726836222958988,0.28047576138569336,0.28047576138569336,,,False,0.28477399999999997,-0.010334511830296655,0.8310927723267834
futures_2m_2000b,ORDI/USDT:USDT,2000,2026-04-07T01:16:00+00:00,2026-04-09T19:54:00+00:00,4.882226980728044,0.08350730688936216,0.1288659793814291,0.08350730688936216,0.1288659793814291,0.2932406290228819,0.2932406290228819,,,False,0.28477399999999997,-0.04882226980728044,0.8308996172613652
futures_2m_2000b,ONDO/USDC:USDC,2000,2026-04-07T01:14:00+00:00,2026-04-09T19:52:00+00:00,0.5903187721369552,0.07942811755360522,0.15423173891155828,0.07942811755360522,0.15423173891155828,0.27891632506340197,0.27891632506340197,,,False,0.28477399999999997,-0.005903187721369552,0.8308457874688364
futures_2m_2000b,MORPHO/USDT:USDT,2000,2026-04-07T01:12:00+00:00,2026-04-09T19:50:00+00:00,19.484568883232576,0.09713453132588763,0.18249359529000997,0.09713453132588763,0.18249359529000997,0.34109339801346905,0.34109339801346905,,,False,0.28477399999999997,-0.19484568883232575,0.8284345052080813
futures_2m_2000b,IP/USDT:USDT,2000,2026-04-07T01:10:00+00:00,2026-04-09T19:48:00+00:00,-0.011794307281010052,0.07860580149159713,0.14909889832085355,0.07860580149159713,0.14909889832085355,0.27602871572403775,0.27602871572403775,,,False,0.28477399999999997,0.00011794307281010052,0.8282040902449234
futures_2m_2000b,MERL/USDT:USDT,2000,2026-04-07T01:12:00+00:00,2026-04-09T19:50:00+00:00,11.915269196822598,0.08964589870013082,0.17861130606776032,0.08964589870013082,0.17861130606776032,0.31479664119663603,0.31479664119663603,,,False,0.28477399999999997,-0.11915269196822598,0.825237231621682
futures_2m_2000b,INX/USDT:USDT,2000,2026-04-07T01:10:00+00:00,2026-04-09T19:48:00+00:00,11.038682562827006,0.08874546187979503,0.16890533367532068,0.08874546187979503,0.16890533367532068,0.3116347063980386,0.3116347063980386,,,False,0.28477399999999997,-0.11038682562827005,0.8245172935658457
futures_2m_2000b,ONDO/USDT:USDT,2000,2026-04-07T01:14:00+00:00,2026-04-09T19:52:00+00:00,0.6695549428908931,0.07861635220127101,0.14933732086559842,0.07861635220127101,0.14933732086559842,0.27606576513751613,0.27606576513751613,,,False,0.28477399999999997,-0.006695549428908931,0.8215017459836395
futures_2m_2000b,VELVET/USDT:USDT,2000,2026-04-07T01:20:00+00:00,2026-04-09T19:58:00+00:00,-0.4023522129371626,0.0771962328238297,0.15490678117602896,0.0771962328238297,0.15490678117602896,0.2710789356606632,0.2710789356606632,,,False,0.28477399999999997,0.004023522129371626,0.8172603291113613
futures_2m_2000b,PYTH/USDT:USDT,2000,2026-04-07T01:16:00+00:00,2026-04-09T19:54:00+00:00,15.464426877470338,0.09220839096357392,0.1827737418607021,0.09220839096357392,0.1827737418607021,0.32379497764393494,0.32379497764393494,,,False,0.28477399999999997,-0.1546442687747034,0.8167406641571014
futures_2m_2000b,ORDI/USDC:USDC,2000,2026-04-07T01:16:00+00:00,2026-04-09T19:54:00+00:00,4.798628963153395,0.08159934720521338,0.12515644555694166,0.08159934720521338,0.12515644555694166,0.28654072073016984,0.28654072073016984,,,False,0.28477399999999997,-0.04798628963153395,0.8116358725589756
futures_2m_2000b,AGLD/USDT:USDT,2000,2026-04-07T01:02:00+00:00,2026-04-09T19:40:00+00:00,7.654116673562261,0.0840336134453689,0.1610630224333778,0.0840336134453689,0.1610630224333778,0.29508878424775054,0.29508878424775054,,,False,0.28477399999999997,-0.07654116673562261,0.808725186007629
futures_2m_2000b,DOT/USDC:USDC,2000,2026-04-07T01:06:00+00:00,2026-04-09T19:44:00+00:00,4.834810636583375,0.08130081300812113,0.16266777802033527,0.08130081300812113,0.16266777802033527,0.2854924010201814,0.2854924010201814,,,False,0.28477399999999997,-0.048348106365833754,0.8081290966947106
futures_2m_2000b,GIGGLE/USDT:USDT,2000,2026-04-07T01:08:00+00:00,2026-04-09T19:46:00+00:00,7.6826722338204645,0.08399832003359754,0.19485592507812738,0.08399832003359754,0.19485592507812738,0.2949648494370889,0.2949648494370889,,,False,0.28477399999999997,-0.07682672233820464,0.808067825973062
futures_2m_2000b,LSK/USDT:USDT,2000,2026-04-07T01:10:00+00:00,2026-04-09T19:48:00+00:00,5.126118795768919,0.08143322475569136,0.16000092160530746,0.08143322475569136,0.16000092160530746,0.2859573723573478,0.2859573723573478,,,False,0.28477399999999997,-0.05126118795768919,0.8066109291143542
futures_2m_2000b,DOT/USDT:USDT,2000,2026-04-07T01:06:00+00:00,2026-04-09T19:44:00+00:00,4.834810636583375,0.08110300081102106,0.16168148746968483,0.08110300081102106,0.16168148746968483,0.28479777230723685,0.28479777230723685,,,False,0.28477399999999997,-0.048348106365833754,0.8060452105558769
futures_2m_2000b,CLANKER/USDT:USDT,2000,2026-04-07T01:06:00+00:00,2026-04-09T19:44:00+00:00,2.2344178753429977,0.0785545954438318,0.1535803473763939,0.0785545954438318,0.1535803473763939,0.27584890279250146,0.27584890279250146,,,False,0.28477399999999997,-0.022344178753429977,0.8052025296240743
futures_2m_2000b,DOLO/USDT:USDT,2000,2026-04-07T01:06:00+00:00,2026-04-09T19:44:00+00:00,5.940533610110488,0.08180216461111957,0.16321534504974067,0.08180216461111957,0.16321534504974067,0.28725292551679427,0.28725292551679427,,,False,0.28477399999999997,-0.05940533610110488,0.8023534404492779
futures_2m_2000b,DASH/USDT:USDT,2000,2026-04-07T01:06:00+00:00,2026-04-09T19:44:00+00:00,17.188540972684873,0.09222256378727678,0.16388071245944844,0.09222256378727678,0.16388071245944844,0.3238447463155934,0.3238447463155934,,,False,0.28477399999999997,-0.17188540972684874,0.7996488292199315
futures_2m_2000b,YFI/USDT:USDT,2000,2026-04-07T01:22:00+00:00,2026-04-09T20:00:00+00:00,3.431372549019618,0.07911392405063292,0.12028869286287089,0.07911392405063292,0.12028869286287089,0.2778130168155552,0.2778130168155552,,,False,0.28477399999999997,-0.03431372549019618,0.7991253249564694
futures_2m_2000b,GPS/USDT:USDT,2000,2026-04-07T01:08:00+00:00,2026-04-09T19:46:00+00:00,2.6954177897573928,0.07838014369692918,0.15141958005793443,0.07838014369692918,0.15141958005793443,0.27523630562105106,0.27523630562105106,,,False,0.28477399999999997,-0.026954177897573928,0.7987547389655792
futures_2m_2000b,BOME/USDC:USDC,2000,2026-04-07T01:04:00+00:00,2026-04-09T19:42:00+00:00,6.161643104827963,0.08163265306122648,0.1594473508773951,0.08163265306122648,0.1594473508773951,0.2866576761264248,0.2866576761264248,,,False,0.28477399999999997,-0.06161643104827963,0.7983565973309947
futures_2m_2000b,ZETA/USDT:USDT,2000,2026-04-07T01:22:00+00:00,2026-04-09T20:00:00+00:00,4.105021879558235,0.07964954201513016,0.13926191324507947,0.07964954201513016,0.13926191324507947,0.27969386957773595,0.27969386957773595,,,False,0.28477399999999997,-0.04105021879558235,0.7980313899376255
futures_2m_2000b,PENGU/USDT:USDT,2000,2026-04-07T01:16:00+00:00,2026-04-09T19:54:00+00:00,5.400254129606097,0.08081461128171645,0.15532955536854498,0.08081461128171645,0.15532955536854498,0.28378507617168863,0.28378507617168863,,,False,0.28477399999999997,-0.05400254129606097,0.7973526872190049
futures_2m_2000b,ADA/USDC:USDC,2000,2026-04-07T01:02:00+00:00,2026-04-09T19:40:00+00:00,3.9135752140236457,0.07923930269412756,0.12343139794119969,0.07923930269412756,0.12343139794119969,0.27825329101016094,0.27825329101016094,,,False,0.28477399999999997,-0.03913575214023646,0.7956241208902464
futures_2m_2000b,NCSIFLKR2USD/USDT:USDT,90,2026-04-07T13:30:00+00:00,2026-04-07T17:22:00+00:00,-1.538085937500011,0.0740557886941524,0.14903129657228584,0.0740557886941524,0.14903129657228584,0.26005108856199094,0.26005108856199094,,,False,0.28477399999999997,0.015380859375000111,0.795534125060973
futures_2m_2000b,HIGH/USDT:USDT,2000,2026-04-07T01:08:00+00:00,2026-04-09T19:46:00+00:00,1.8853695324283493,0.07727975270478284,0.15290519877676279,0.07727975270478284,0.15290519877676279,0.2713722204442219,0.2713722204442219,,,False,0.28477399999999997,-0.018853695324283493,0.7952629660083821
futures_2m_2000b,ANKR/USDT:USDT,2000,2026-04-07T01:02:00+00:00,2026-04-09T19:40:00+00:00,0.7506098705197806,0.0759157335357689,0.134667224541665,0.0759157335357689,0.134667224541665,0.26658239002074946,0.26658239002074946,,,False,0.28477399999999997,-0.007506098705197806,0.7922410713570506
futures_2m_2000b,EPIC/USDT:USDT,2000,2026-04-07T01:06:00+00:00,2026-04-09T19:44:00+00:00,5.309734513274322,0.08003201280511323,0.15984016622099192,0.08003201280511323,0.15984016622099192,0.28103693737880997,0.28103693737880997,,,False,0.28477399999999997,-0.05309734513274322,0.7900134670036867
futures_2m_2000b,BROCCOLIF3B/USDT:USDT,2000,2026-04-07T01:04:00+00:00,2026-04-09T19:42:00+00:00,8.277591973244135,0.08271298593879141,0.1919913532426523,0.08271298593879141,0.1919913532426523,0.29045132609996493,0.29045132609996493,,,False,0.28477399999999997,-0.08277591973244135,0.7885780585674534
futures_2m_2000b,B/USDT:USDT,2000,2026-04-07T01:02:00+00:00,2026-04-09T19:40:00+00:00,-7.337571382394148,0.0677966101694966,0.13390392126262868,0.0677966101694966,0.13390392126262868,0.23807162932534787,0.23807162932534787,,,False,0.28477399999999997,0.07337571382394148,0.7875906017999851
futures_2m_2000b,VANA/USDT:USDT,2000,2026-04-07T01:20:00+00:00,2026-04-09T19:58:00+00:00,4.723779023218566,0.07905138339920079,0.15772870662460584,0.07905138339920079,0.15772870662460584,0.2775934017824689,0.2775934017824689,,,False,0.28477399999999997,-0.04723779023218566,0.785542415115221
futures_2m_2000b,NIGHT/USDT:USDT,2000,2026-04-07T01:14:00+00:00,2026-04-09T19:52:00+00:00,-0.8505467800728916,0.0737463126843713,0.14400576230426054,0.0737463126843713,0.14400576230426054,0.25896434605817703,0.25896434605817703,,,False,0.28477399999999997,0.008505467800728916,0.7853985059752601
futures_2m_2000b,BOME/USDT:USDT,2000,2026-04-07T01:04:00+00:00,2026-04-09T19:42:00+00:00,6.023454157782515,0.08010680907877364,0.1544401953698254,0.08010680907877364,0.1544401953698254,0.2812995887221925,0.2812995887221925,,,False,0.28477399999999997,-0.06023454157782515,0.7836642245887524
futures_2m_2000b,FLUID/USDT:USDT,2000,2026-04-07T01:08:00+00:00,2026-04-09T19:46:00+00:00,3.672532517214977,0.07777910733517285,0.14767709428415626,0.07777910733517285,0.14767709428415626,0.2731257324586263,0.2731257324586263,,,False,0.28477399999999997,-0.03672532517214977,0.7826518722037292
futures_2m_2000b,DISTORTED/USDT:USDT,2000,2026-04-07T01:06:00+00:00,2026-04-09T19:44:00+00:00,-1.0924369747899232,0.07309941520468015,0.22313155329654483,0.07309941520468015,0.22313155329654483,0.25669272898747836,0.25669272898747836,,,False,0.28477399999999997,0.010924369747899232,0.7810025567103344
futures_2m_2000b,GMX/USDT:USDT,2000,2026-04-07T01:08:00+00:00,2026-04-09T19:46:00+00:00,-4.40484196368528,0.06975933031042134,0.1474926253687226,0.06975933031042134,0.1474926253687226,0.24496383205777683,0.24496383205777683,,,False,0.28477399999999997,0.044048419636852805,0.7789399158101833
futures_2m_2000b,POPCAT/USDT:USDT,2000,2026-04-07T01:16:00+00:00,2026-04-09T19:54:00+00:00,7.062028499580908,0.08049909438518489,0.15582394261891103,0.08049909438518489,0.15582394261891103,0.28267712075254375,0.28267712075254375,,,False,0.28477399999999997,-0.07062028499580908,0.7774110772618221
futures_2m_2000b,SYRUP/USDT:USDT,2000,2026-04-07T01:20:00+00:00,2026-04-09T19:58:00+00:00,8.77647276426523,0.08211678832117403,0.15550093348209848,0.08211678832117403,0.15550093348209848,0.2883577444611307,0.2883577444611307,,,False,0.28477399999999997,-0.08776472764265231,0.7773085057407398
futures_2m_2000b,FLOCK/USDT:USDT,2000,2026-04-07T01:08:00+00:00,2026-04-09T19:46:00+00:00,3.8498742503385586,0.07733952049498319,0.15466415974677278,0.07733952049498319,0.15466415974677278,0.2715820984183359,0.2715820984183359,,,False,0.28477399999999997,-0.038498742503385586,0.7762475527516222
futures_2m_2000b,TURTLE/USDT:USDT,2000,2026-04-07T01:20:00+00:00,2026-04-09T19:58:00+00:00,-2.3601604909133878,0.0710563713879731,0.12106538240040345,0.0710563713879731,0.12106538240040345,0.24951846512663767,0.24951846512663767,,,False,0.28477399999999997,0.023601604909133878,0.7721570002890469
futures_2m_2000b,PENDLE/USDT:USDT,2000,2026-04-07T01:16:00+00:00,2026-04-09T19:54:00+00:00,7.105891719745228,0.07991209669365038,0.14061260269256842,0.07991209669365038,0.14061260269256842,0.28061584517424476,0.28061584517424476,,,False,0.28477399999999997,-0.07105891719745228,0.770788618325282
futures_2m_2000b,YGG/USDT:USDT,2000,2026-04-07T01:22:00+00:00,2026-04-09T20:00:00+00:00,6.258731489242808,0.0790305584826192,0.1328197659239008,0.0790305584826192,0.1328197659239008,0.277520273910607,0.277520273910607,,,False,0.28477399999999997,-0.06258731489242808,0.7699735068393929
futures_2m_2000b,MOODENG/USDT:USDT,2000,2026-04-07T01:12:00+00:00,2026-04-09T19:50:00+00:00,10.99267155229846,0.08342022940562747,0.16132285390832113,0.08342022940562747,0.16132285390832113,0.2929348515160355,0.2929348515160355,,,False,0.28477399999999997,-0.10992671552298461,0.7688778390251219
futures_2m_2000b,FRAX/USDT:USDT,2000,2026-04-07T01:08:00+00:00,2026-04-09T19:46:00+00:00,2.941928882067013,0.07571933366986937,0.1468610275179424,0.07571933366986937,0.1468610275179424,0.2658927207886583,0.2658927207886583,,,False,0.28477399999999997,-0.02941928882067013,0.7682588735453046
futures_2m_2000b,BMT/USDT:USDT,2000,2026-04-07T01:04:00+00:00,2026-04-09T19:42:00+00:00,-2.7285129604365577,0.07017543859648837,0.19860975363887545,0.07017543859648837,0.19860975363887545,0.24642501982796314,0.24642501982796314,,,False,0.28477399999999997,0.027285129604365577,0.766560189088255
futures_2m_2000b,VANRY/USDT:USDT,2000,2026-04-07T01:20:00+00:00,2026-04-09T19:58:00+00:00,5.37720706260032,0.07777561734395612,0.1406752411575575,0.07777561734395612,0.1406752411575575,0.2731134771571707,0.2731134771571707,,,False,0.28477399999999997,-0.0537720706260032,0.7655683608455089
futures_2m_2000b,TAC/USDT:USDT,2000,2026-04-07T01:20:00+00:00,2026-04-09T19:58:00+00:00,11.00637649015801,0.08298755186721893,0.17198313648338298,0.08298755186721893,0.17198313648338298,0.29141547987954985,0.29141547987954985,,,False,0.28477399999999997,-0.1100637649015801,0.7641826747370695
futures_2m_2000b,CHZ/USDT:USDT,2000,2026-04-07T01:06:00+00:00,2026-04-09T19:44:00+00:00,4.631860776439067,0.07684426229508773,0.13156163890389333,0.07684426229508773,0.13156163890389333,0.2698429712511948,0.2698429712511948,,,False,0.28477399999999997,-0.046318607764390674,0.7632103059891937
futures_2m_2000b,NCSKIBM2USD/USDT:USDT,117,2026-04-07T13:30:00+00:00,2026-04-07T17:22:00+00:00,-0.5467379330042044,0.07189121935892014,0.13330568359370887,0.07189121935892014,0.13330568359370887,0.25245008097270166,0.25245008097270166,,,False,0.28477399999999997,0.005467379330042044,0.762817622248147
futures_2m_2000b,TNSR/USDT:USDT,2000,2026-04-07T01:20:00+00:00,2026-04-09T19:58:00+00:00,37.49651519375523,0.10796221322536671,0.2180135516558297,0.10796221322536671,0.2180135516558297,0.3791154151199433,0.3791154151199433,,,False,0.28477399999999997,-0.3749651519375523,0.7623810934222774
futures_2m_2000b,ILV/USDT:USDT,2000,2026-04-07T01:10:00+00:00,2026-04-09T19:48:00+00:00,7.119021134593995,0.0790722192936245,0.1389274905811903,0.0790722192936245,0.1389274905811903,0.277666568203644,0.277666568203644,,,False,0.28477399999999997,-0.07119021134593995,0.761809493264992
futures_2m_2000b,NCSKCRCL2USD/USDT:USDT,2000,2026-04-07T01:14:00+00:00,2026-04-09T19:52:00+00:00,-6.879929886064861,0.06571021793889198,0.14649811140500849,0.06571021793889198,0.14649811140500849,0.23074514505850952,0.23074514505850952,,,False,0.28477399999999997,0.06879929886064862,0.7610347340361772
futures_2m_2000b,NCSKXOP2USD/USDT:USDT,117,2026-04-07T13:30:00+00:00,2026-04-07T17:22:00+00:00,-0.022137362333274346,0.07215044573862783,0.11593263603427274,0.07215044573862783,0.11593263603427274,0.25336036905977316,0.25336036905977316,,,False,0.28477399999999997,0.00022137362333274346,0.7603024808026522
futures_2m_2000b,ICP/USDT:USDT,2000,2026-04-07T01:10:00+00:00,2026-04-09T19:48:00+00:00,11.41853315766359,0.08261049153241552,0.15961691939345587,0.08261049153241552,0.15961691939345587,0.290091411197706,0.290091411197706,,,False,0.28477399999999997,-0.1141853315766359,0.756088902016482
futures_2m_2000b,1000000BABYDOGE/USDT:USDT,2000,2026-04-07T01:00:00+00:00,2026-04-09T19:38:00+00:00,2.314814814814814,0.07361963190184229,0.1265502485522503,0.07361963190184229,0.1265502485522503,0.2585194993287389,0.2585194993287389,,,False,0.28477399999999997,-0.02314814814814814,0.7524103498380685
futures_2m_2000b,0G/USDT:USDT,2000,2026-04-07T01:00:00+00:00,2026-04-09T19:38:00+00:00,5.581024516643396,0.0766430350641801,0.13962303035028562,0.0766430350641801,0.13962303035028562,0.26913635045397444,0.26913635045397444,,,False,0.28477399999999997,-0.05581024516643396,0.7515988061954894
futures_2m_2000b,ESPORTS/USDT:USDT,2000,2026-04-07T01:06:00+00:00,2026-04-09T19:44:00+00:00,-1.1479938411375734,0.0702199469952606,0.14001528098845462,0.0702199469952606,0.14001528098845462,0.24658131358642504,0.24658131358642504,,,False,0.28477399999999997,0.011479938411375734,0.7512238791706509
futures_2m_2000b,SKR/USDT:USDT,2000,2026-04-07T01:18:00+00:00,2026-04-09T19:56:00+00:00,-2.977827180717252,0.06845798391238288,0.13416030509897553,0.06845798391238288,0.13416030509897553,0.24039408061263629,0.24039408061263629,,,False,0.28477399999999997,0.02977827180717252,0.7509605136450813
futures_2m_2000b,CFX/USDT:USDT,2000,2026-04-07T01:04:00+00:00,2026-04-09T19:42:00+00:00,6.553398058252435,0.07729468599033502,0.13966480446927498,0.07729468599033502,0.13966480446927498,0.2714246595206551,0.2714246595206551,,,False,0.28477399999999997,-0.06553398058252435,0.7487399979794409
futures_2m_2000b,LAYER/USDT:USDT,2000,2026-04-07T01:10:00+00:00,2026-04-09T19:48:00+00:00,2.3391089108910856,0.07317073170730562,0.12406178324518213,0.07317073170730562,0.12406178324518213,0.25694316091815134,0.25694316091815134,,,False,0.28477399999999997,-0.023391089108910856,0.7474383936455431
futures_2m_2000b,TWT/USDT:USDT,2000,2026-04-07T01:20:00+00:00,2026-04-09T19:58:00+00:00,4.479958082263558,0.0751691305437151,0.12975217553336288,0.0751691305437151,0.12975217553336288,0.2639606514067826,0.2639606514067826,,,False,0.28477399999999997,-0.044799580822635576,0.7470823733977122
futures_2m_2000b,CATI/USDT:USDT,2000,2026-04-07T01:04:00+00:00,2026-04-09T19:42:00+00:00,-9.463970155114875,0.061855670103083106,0.1336643116287963,0.061855670103083106,0.1336643116287963,0.21720968242565372,0.21720968242565372,,,False,0.28477399999999997,0.09463970155114876,0.7462687488281099
futures_2m_2000b,TRUTH/USDT:USDT,2000,2026-04-07T01:20:00+00:00,2026-04-09T19:58:00+00:00,6.444883618796671,0.07660319544758219,0.14828941771783016,0.07660319544758219,0.14828941771783016,0.2689964513880558,0.2689964513880558,,,False,0.28477399999999997,-0.06444883618796671,0.7425405179762006
futures_2m_2000b,APT/USDT:USDT,2000,2026-04-07T01:02:00+00:00,2026-04-09T19:40:00+00:00,0.849892267177399,0.0712335272468295,0.1267135189939627,0.0712335272468295,0.1267135189939627,0.2501405579400841,0.2501405579400841,,,False,0.28477399999999997,-0.00849892267177399,0.7419227511484783
futures_2m_2000b,G/USDT:USDT,2000,2026-04-07T01:08:00+00:00,2026-04-09T19:46:00+00:00,10.539700480361681,0.08027829810007933,0.13533631321098438,0.08027829810007933,0.13533631321098438,0.2819017821152189,0.2819017821152189,,,False,0.28477399999999997,-0.10539700480361681,0.7403083415420398
futures_2m_2000b,CKB/USDT:USDT,2000,2026-04-07T01:06:00+00:00,2026-04-09T19:44:00+00:00,0.6910850034554272,0.07047216349541338,0.1397624039133507,0.07047216349541338,0.1397624039133507,0.2474669860851531,0.2474669860851531,,,False,0.28477399999999997,-0.006910850034554272,0.7354901082209051
futures_2m_2000b,S/USDT:USDT,2000,2026-04-07T01:18:00+00:00,2026-04-09T19:56:00+00:00,4.821073558648115,0.07427581084427394,0.1422475426495261,0.07427581084427394,0.1422475426495261,0.2608237087805556,0.2608237087805556,,,False,0.28477399999999997,-0.048210735586481146,0.7342603907551857
futures_2m_2000b,UMA/USDT:USDT,2000,2026-04-07T01:20:00+00:00,2026-04-09T19:58:00+00:00,3.5482258870564776,0.07306380905990427,0.1461632155907472,0.07306380905990427,0.1461632155907472,0.2565676959971917,0.2565676959971917,,,False,0.28477399999999997,-0.035482258870564776,0.7342208291210104
futures_2m_2000b,NEO/USDC:USDC,2000,2026-04-07T01:14:00+00:00,2026-04-09T19:52:00+00:00,3.1319086219602,0.0725689404934608,0.11127596439169561,0.0725689404934608,0.11127596439169561,0.25482993704994417,0.25482993704994417,,,False,0.28477399999999997,-0.031319086219602,0.7331707249302305
futures_2m_2000b,LQTY/USDT:USDT,2000,2026-04-07T01:10:00+00:00,2026-04-09T19:48:00+00:00,2.9599100786811494,0.0722804481387705,0.10857763300760857,0.0722804481387705,0.10857763300760857,0.25381687983724116,0.25381687983724116,,,False,0.28477399999999997,-0.029599100786811494,0.731851538724912
futures_2m_2000b,RLC/USDT:USDT,2000,2026-04-07T01:18:00+00:00,2026-04-09T19:56:00+00:00,2.2318214542836445,0.07130972189208996,0.13987644437632535,0.07130972189208996,0.13987644437632535,0.2504081197443937,0.2504081197443937,,,False,0.28477399999999997,-0.022318214542836445,0.7289061446903446
futures_2m_2000b,NEO/USDT:USDT,2000,2026-04-07T01:14:00+00:00,2026-04-09T19:52:00+00:00,3.172261158244205,0.07209805335255154,0.1096491374548349,0.07209805335255154,0.1096491374548349,0.25317639023419114,0.25317639023419114,,,False,0.28477399999999997,-0.03172261158244205,0.7278065591201314
futures_2m_2000b,F/USDT:USDT,2000,2026-04-07T01:08:00+00:00,2026-04-09T19:46:00+00:00,-11.511528608027334,0.0581282697151792,0.11626780459889105,0.0581282697151792,0.11626780459889105,0.2041207052440855,0.2041207052440855,,,False,0.28477399999999997,0.11511528608027334,0.7274774018125298
futures_2m_2000b,PNUT/USDC:USDC,2000,2026-04-07T01:16:00+00:00,2026-04-09T19:54:00+00:00,5.223148602256011,0.07378258730938345,0.1436609621930823,0.07378258730938345,0.1436609621930823,0.2590917264546042,0.2590917264546042,,,False,0.28477399999999997,-0.052231486022560114,0.7250436933412525
futures_2m_2000b,PNUT/USDT:USDT,2000,2026-04-07T01:16:00+00:00,2026-04-09T19:54:00+00:00,5.145797598627788,0.07345739471107308,0.14430015264652035,0.07345739471107308,0.14430015264652035,0.257949794261671,0.257949794261671,,,False,0.28477399999999997,-0.05145797598627788,0.722391406798735
futures_2m_2000b,SFP/USDT:USDT,2000,2026-04-07T01:18:00+00:00,2026-04-09T19:56:00+00:00,-2.1312021312021368,0.06648936170213879,0.10386013813020648,0.06648936170213879,0.10386013813020648,0.23348115243013334,0.23348115243013334,,,False,0.28477399999999997,0.021312021312021368,0.7217554786024214
futures_2m_2000b,WCT/USDT:USDT,2000,2026-04-07T01:22:00+00:00,2026-04-09T20:00:00+00:00,1.5197568389057725,0.06994229760447346,0.12268864225449969,0.06994229760447346,0.12268864225449969,0.24560633205444832,0.24560633205444832,,,False,0.28477399999999997,-0.015197568389057725,0.7216214277742872
futures_2m_2000b,HOME/USDT:USDT,2000,2026-04-07T01:08:00+00:00,2026-04-09T19:46:00+00:00,-1.833867135034617,0.0667111407605025,0.12646888478986507,0.0667111407605025,0.12646888478986507,0.2342599421313129,0.2342599421313129,,,False,0.28477399999999997,0.01833867135034617,0.7211184977442848
futures_2m_2000b,NCSKAMZN2USD/USDT:USDT,117,2026-04-07T13:30:00+00:00,2026-04-07T17:22:00+00:00,0.28859346170222455,0.06861989240572579,0.09984687775661687,0.06861989240572579,0.09984687775661687,0.24096263144010968,0.24096263144010968,,,False,0.28477399999999997,-0.0028859346170222455,0.7200019597033068
futures_2m_2000b,MAXXING/USDT:USDT,2000,2026-04-07T01:12:00+00:00,2026-04-09T19:50:00+00:00,-10.70093457943926,0.057670126874274266,0.29446448390677105,0.057670126874274266,0.29446448390677105,0.2025119107582654,0.2025119107582654,,,False,0.28477399999999997,0.1070093457943926,0.7145450780691889
futures_2m_2000b,BIRB/USDT:USDT,2000,2026-04-07T01:04:00+00:00,2026-04-09T19:42:00+00:00,3.530963836722023,0.07110127982304215,0.13539942907967034,0.07110127982304215,0.13539942907967034,0.2496761636351709,0.2496761636351709,,,False,0.28477399999999997,-0.03530963836722023,0.7137188525382925
futures_2m_2000b,QNT/USDT:USDT,2000,2026-04-07T01:16:00+00:00,2026-04-09T19:54:00+00:00,1.1982570806100101,0.06879471656578338,0.13268758766025518,0.06879471656578338,0.13268758766025518,0.24157653636140727,0.24157653636140727,,,False,0.28477399999999997,-0.011982570806100101,0.7127470382781217
futures_2m_2000b,ACX/USDT:USDT,2000,2026-04-07T01:00:00+00:00,2026-04-09T19:38:00+00:00,1.8113385085862133,0.06926806742090813,0.13668987233766372,0.06926806742090813,0.13668987233766372,0.24323873464890805,0.24323873464890805,,,False,0.28477399999999997,-0.018113385085862133,0.7116028188608621
futures_2m_2000b,HAEDAL/USDT:USDT,2000,2026-04-07T01:08:00+00:00,2026-04-09T19:46:00+00:00,-1.0842368640533784,0.06644273005795524,0.12669427658026478,0.06644273005795524,0.12669427658026478,0.23331740277537713,0.23331740277537713,,,False,0.28477399999999997,0.010842368640533784,0.7107945769666651
futures_2m_2000b,SOPH/USDT:USDT,2000,2026-04-07T01:18:00+00:00,2026-04-09T19:56:00+00:00,5.457405614714417,0.0726392251816077,0.13462458036785185,0.0726392251816077,0.13462458036785185,0.25507674570574457,0.25507674570574457,,,False,0.28477399999999997,-0.05457405614714417,0.7106561809700895
futures_2m_2000b,API3/USDT:USDT,2000,2026-04-07T01:02:00+00:00,2026-04-09T19:40:00+00:00,3.592375366568934,0.0708215297450347,0.10793308498217427,0.0708215297450347,0.10793308498217427,0.24869380542126282,0.24869380542126282,,,False,0.28477399999999997,-0.03592375366568934,0.7101576625980991
futures_2m_2000b,TRUMP/USDT:USDT,2000,2026-04-07T01:20:00+00:00,2026-04-09T19:58:00+00:00,4.251581166549534,0.07107320540157157,0.1412429378531075,0.07107320540157157,0.1412429378531075,0.24957757871705835,0.24957757871705835,,,False,0.28477399999999997,-0.04251581166549534,0.7062169244856797
futures_2m_2000b,COAI/USDT:USDT,2000,2026-04-07T01:06:00+00:00,2026-04-09T19:44:00+00:00,-2.450946162977452,0.0646087580760996,0.12130688651820529,0.0646087580760996,0.12130688651820529,0.22687730648198082,0.22687730648198082,,,False,0.28477399999999997,0.02450946162977452,0.705141381075717
futures_2m_2000b,HYPE/USDT:USDT,2000,2026-04-07T01:10:00+00:00,2026-04-09T19:48:00+00:00,10.496067755595885,0.07673811838134019,0.1506201067952202,0.07673811838134019,0.1506201067952202,0.26947024089748434,0.26947024089748434,,,False,0.28477399999999997,-0.10496067755595885,0.7034500451364942
futures_2m_2000b,CROSS/USDT:USDT,2000,2026-04-07T01:06:00+00:00,2026-04-09T19:44:00+00:00,-5.118717237126125,0.061833359097230436,0.1141180336818039,0.061833359097230436,0.1141180336818039,0.21713133606730406,0.21713133606730406,,,False,0.28477399999999997,0.051187172371261254,0.7025811805731734
futures_2m_2000b,SAPIEN/USDT:USDT,2000,2026-04-07T01:18:00+00:00,2026-04-09T19:56:00+00:00,19.096165550821674,0.08472182999151458,0.16919299849910352,0.08472182999151458,0.16919299849910352,0.29750549555617645,0.29750549555617645,,,False,0.28477399999999997,-0.19096165550821673,0.7015548311603126
futures_2m_2000b,ETHFI/USDC:USDC,2000,2026-04-07T01:08:00+00:00,2026-04-09T19:46:00+00:00,1.5027322404371546,0.06793478260868817,0.11376564277588179,0.06793478260868817,0.11376564277588179,0.23855682965680916,0.23855682965680916,,,False,0.28477399999999997,-0.015027322404371546,0.700643166566056
futures_2m_2000b,MTL/USDT:USDT,2000,2026-04-07T01:12:00+00:00,2026-04-09T19:50:00+00:00,1.999298491757262,0.06835269993165874,0.10316368638240113,0.06835269993165874,0.10316368638240113,0.2400243699623517,0.2400243699623517,,,False,0.28477399999999997,-0.01999298491757262,0.7000801249694826
futures_2m_2000b,ETHFI/USDT:USDT,2000,2026-04-07T01:08:00+00:00,2026-04-09T19:46:00+00:00,1.5027322404371546,0.0678733031674259,0.11345586566825516,0.0678733031674259,0.11345586566825516,0.23834094112322723,0.23834094112322723,,,False,0.28477399999999997,-0.015027322404371546,0.6999955009653102
futures_2m_2000b,ANIME/USDT:USDT,2000,2026-04-07T01:02:00+00:00,2026-04-09T19:40:00+00:00,-1.0750376263169104,0.0652315720808958,0.11127183847572952,0.0652315720808958,0.11127183847572952,0.2290643530690857,0.2290643530690857,,,False,0.28477399999999997,0.010750376263169104,0.6979434354704263
futures_2m_2000b,1000BONK/USDT:USDT,2000,2026-04-07T01:00:00+00:00,2026-04-09T19:38:00+00:00,4.681681149139916,0.07067137809186684,0.1360544217687108,0.07067137809186684,0.1360544217687108,0.24816653940270827,0.24816653940270827,,,False,0.28477399999999997,-0.04681681149139916,0.6976828067167257
futures_2m_2000b,NEIROCTO/USDT:USDT,2000,2026-04-07T01:14:00+00:00,2026-04-09T19:52:00+00:00,7.286934399418499,0.07296607077708796,0.13982347393333147,0.07296607077708796,0.13982347393333147,0.256224482491688,0.256224482491688,,,False,0.28477399999999997,-0.07286934399418499,0.6958041034808791
futures_2m_2000b,NCSKRACE2USD/USDT:USDT,117,2026-04-07T13:30:00+00:00,2026-04-07T17:22:00+00:00,-1.104447479365822,0.06493775777541688,0.10248608549263917,0.06493775777541688,0.10248608549263917,0.22803260752532495,0.22803260752532495,,,False,0.28477399999999997,0.011044474793658221,0.6951422973696331
futures_2m_2000b,VELODROME/USDT:USDT,2000,2026-04-07T01:20:00+00:00,2026-04-09T19:58:00+00:00,10.393466963622867,0.07575757575757266,0.20429030507909035,0.07575757575757266,0.20429030507909035,0.2660270100415511,0.2660270100415511,,,False,0.28477399999999997,-0.10393466963622867,0.6941463604884246
futures_2m_2000b,NCSKXLE2USD/USDT:USDT,117,2026-04-07T13:30:00+00:00,2026-04-07T17:22:00+00:00,0.3670949441014537,0.06615944426066679,0.1001418864851858,0.06615944426066679,0.1001418864851858,0.23232262868333065,0.23232262868333065,,,False,0.28477399999999997,-0.003670949441014537,0.6932969366089774
futures_2m_2000b,ZKP/USDT:USDT,2000,2026-04-07T01:22:00+00:00,2026-04-09T20:00:00+00:00,3.6068400632274678,0.06916585973164804,0.11499209666938981,0.06916585973164804,0.11499209666938981,0.2428798265700101,0.2428798265700101,,,False,0.28477399999999997,-0.03606840063227468,0.6925710790777556
futures_2m_2000b,NEAR/USDT:USDT,2000,2026-04-07T01:14:00+00:00,2026-04-09T19:52:00+00:00,10.207375131122397,0.07527853056309183,0.1455486413096533,0.07527853056309183,0.1455486413096533,0.26434481575948593,0.26434481575948593,,,False,0.28477399999999997,-0.10207375131122397,0.6909606959672339
futures_2m_2000b,1000BONK/USDC:USDC,2000,2026-04-07T01:00:00+00:00,2026-04-09T19:38:00+00:00,4.663947508423494,0.0699912510936226,0.1324613409509257,0.0699912510936226,0.1324613409509257,0.24577823499906104,0.24577823499906104,,,False,0.28477399999999997,-0.04663947508423494,0.6906952299129482
futures_2m_2000b,ME/USDT:USDT,2000,2026-04-07T01:12:00+00:00,2026-04-09T19:50:00+00:00,3.8385437277403955,0.06916312617330364,0.13892338546379707,0.06916312617330364,0.13892338546379707,0.24287022752534868,0.24287022752534868,,,False,0.28477399999999997,-0.038385437277403955,0.690225245298642
futures_2m_2000b,JTO/USDT:USDT,2000,2026-04-07T01:10:00+00:00,2026-04-09T19:48:00+00:00,9.36916759985067,0.07434944237917396,0.14450867052023536,0.07434944237917396,0.14450867052023536,0.2610822700779354,0.2610822700779354,,,False,0.28477399999999997,-0.0936916759985067,0.6895551342352995
futures_2m_2000b,FLOKI/USDT:USDT,2000,2026-04-07T01:08:00+00:00,2026-04-09T19:46:00+00:00,5.586592178770955,0.07012622720897549,0.1104768956622845,0.07012622720897549,0.1104768956622845,0.2462522112586665,0.2462522112586665,,,False,0.28477399999999997,-0.05586592178770955,0.68289071198829
futures_2m_2000b,PROMPT/USDT:USDT,2000,2026-04-07T01:16:00+00:00,2026-04-09T19:54:00+00:00,1.8257527226136938,0.06642311524410224,0.15629890448099978,0.06642311524410224,0.15629890448099978,0.2332485242476569,0.2332485242476569,,,False,0.28477399999999997,-0.018257527226136938,0.6814880455168337
futures_2m_2000b,TIA/USDC:USDC,2000,2026-04-07T01:20:00+00:00,2026-04-09T19:58:00+00:00,5.747126436781591,0.07007708479328434,0.13930002163600674,0.07007708479328434,0.13930002163600674,0.24607964488782103,0.24607964488782103,,,False,0.28477399999999997,-0.05747126436781591,0.6807676702956471
futures_2m_2000b,METIS/USDT:USDT,2000,2026-04-07T01:12:00+00:00,2026-04-09T19:50:00+00:00,6.062767475035669,0.07034822370735926,0.13705671123533966,0.07034822370735926,0.13705671123533966,0.24703176451276895,0.24703176451276895,,,False,0.28477399999999997,-0.060627674750356686,0.6804676187879501
futures_2m_2000b,TIA/USDT:USDT,2000,2026-04-07T01:20:00+00:00,2026-04-09T19:58:00+00:00,5.89055420006972,0.07007708479328434,0.13942141812332082,0.07007708479328434,0.13942141812332082,0.24607964488782103,0.24607964488782103,,,False,0.28477399999999997,-0.0589055420006972,0.6793333926627658
futures_2m_2000b,AVNT/USDT:USDT,2000,2026-04-07T01:02:00+00:00,2026-04-09T19:40:00+00:00,4.74581477499616,0.06891798759474613,0.13233837525857642,0.06891798759474613,0.13233837525857642,0.24200940954843536,0.24200940954843536,,,False,0.28477399999999997,-0.0474581477499616,0.6785700808953445
futures_2m_2000b,INJ/USDT:USDT,2000,2026-04-07T01:10:00+00:00,2026-04-09T19:48:00+00:00,4.857444561774016,0.06887052341598567,0.13304507269686336,0.06887052341598567,0.13304507269686336,0.24184273640144702,0.24184273640144702,,,False,0.28477399999999997,-0.04857444561774016,0.6769537635866009
futures_2m_2000b,STABLE/USDT:USDT,2000,2026-04-07T01:18:00+00:00,2026-04-09T19:56:00+00:00,0.8981917461322375,0.06495739559053783,0.12772592535168537,0.06495739559053783,0.12772592535168537,0.2281015668232979,0.2281015668232979,,,False,0.28477399999999997,-0.008981917461322375,0.6753227830085713
futures_2m_2000b,MASK/USDT:USDT,2000,2026-04-07T01:12:00+00:00,2026-04-09T19:50:00+00:00,6.247075339260655,0.06993006993006223,0.13940520446096408,0.06993006993006223,0.13940520446096408,0.2455633938844917,0.2455633938844917,,,False,0.28477399999999997,-0.06247075339260655,0.6742194282608686
futures_2m_2000b,AVAX/USDC:USDC,2000,2026-04-07T01:02:00+00:00,2026-04-09T19:40:00+00:00,5.767261972471838,0.06942837306179388,0.1271088513981885,0.06942837306179388,0.1271088513981885,0.24380165696936476,0.24380165696936476,,,False,0.28477399999999997,-0.05767261972471838,0.6737323511833759
futures_2m_2000b,UNI/USDC:USDC,2000,2026-04-07T01:20:00+00:00,2026-04-09T19:58:00+00:00,1.5842224377626835,0.06542361792607863,0.1306976019200015,0.06542361792607863,0.1306976019200015,0.2297387329112863,0.2297387329112863,,,False,0.28477399999999997,-0.015842224377626835,0.673373974356232
futures_2m_2000b,UNI/USDT:USDT,2000,2026-04-07T01:20:00+00:00,2026-04-09T19:58:00+00:00,1.5195602974458433,0.06512536633017843,0.12987012987012997,0.06512536633017843,0.12987012987012997,0.22869140557135986,0.22869140557135986,,,False,0.28477399999999997,-0.015195602974458433,0.6708786137396212
futures_2m_2000b,AVAX/USDT:USDT,2000,2026-04-07T01:02:00+00:00,2026-04-09T19:40:00+00:00,5.767261972471838,0.06896551724136152,0.1266308520667364,0.06896551724136152,0.1266308520667364,0.24217631258949737,0.24217631258949737,,,False,0.28477399999999997,-0.05767261972471838,0.6688563180437738
futures_2m_2000b,ID/USDT:USDT,2000,2026-04-07T01:10:00+00:00,2026-04-09T19:48:00+00:00,2.490039840637448,0.06583278472679126,0.1306762495916371,0.06583278472679126,0.1306762495916371,0.23117554526323073,0.23117554526323073,,,False,0.28477399999999997,-0.02490039840637448,0.6686262373833177
futures_2m_2000b,SLP/USDT:USDT,2000,2026-04-07T01:18:00+00:00,2026-04-09T19:56:00+00:00,4.354697102721672,0.06739679865204741,0.13282426553562376,0.06739679865204741,0.13282426553562376,0.23666766857946098,0.23666766857946098,,,False,0.28477399999999997,-0.04354697102721672,0.6664560347111662
futures_2m_2000b,NCCOXAG2USD/USDT:USDT,2000,2026-04-07T01:12:00+00:00,2026-04-09T19:50:00+00:00,4.626432813147363,0.06762239653772946,0.1257688829809874,0.06762239653772946,0.1257688829809874,0.23745986830865692,0.23745986830865692,,,False,0.28477399999999997,-0.04626432813147363,0.6661152767944971
futures_2m_2000b,NCSKNVDA2USD/USDT:USDT,117,2026-04-07T13:30:00+00:00,2026-04-07T17:22:00+00:00,0.13114380202989828,0.06288229906336995,0.11377428070361917,0.06288229906336995,0.11377428070361917,0.22081474805765258,0.22081474805765258,,,False,0.28477399999999997,-0.0013114380202989828,0.6611328061526588
futures_2m_2000b,SAND/USDT:USDT,2000,2026-04-07T01:18:00+00:00,2026-04-09T19:56:00+00:00,3.7934668071654354,0.06624271330152953,0.1304462345152595,0.06624271330152953,0.1304462345152595,0.23261503262773126,0.23261503262773126,,,False,0.28477399999999997,-0.037934668071654354,0.6599104298115395
futures_2m_2000b,HOLO/USDT:USDT,2000,2026-04-07T01:08:00+00:00,2026-04-09T19:46:00+00:00,9.532640949554882,0.07164606842199242,0.14103134500890802,0.07164606842199242,0.14103134500890802,0.25158921959867275,0.25158921959867275,,,False,0.28477399999999997,-0.09532640949554881,0.6594412493004694
futures_2m_2000b,KAIA/USDT:USDT,2000,2026-04-07T01:10:00+00:00,2026-04-09T19:48:00+00:00,0.6369426751592133,0.06293266205159494,0.10621349031133984,0.06293266205159494,0.10621349031133984,0.2209916005379527,0.2209916005379527,,,False,0.28477399999999997,-0.006369426751592133,0.656605374862266
futures_2m_2000b,A/USDT:USDT,2000,2026-04-07T01:00:00+00:00,2026-04-09T19:38:00+00:00,1.120162932790203,0.06328312871787685,0.115177916027535,0.06328312871787685,0.115177916027535,0.2222222840493755,0.2222222840493755,,,False,0.28477399999999997,-0.01120162932790203,0.6554652228202245
futures_2m_2000b,B3/USDT:USDT,2000,2026-04-07T01:04:00+00:00,2026-04-09T19:42:00+00:00,3.954248366013058,0.06578947368421212,0.1594387755101993,0.06578947368421212,0.1594387755101993,0.23102345608873046,0.23102345608873046,,,False,0.28477399999999997,-0.03954248366013058,0.6535278846060608
futures_2m_2000b,XMR/USDT:USDT,2000,2026-04-07T01:22:00+00:00,2026-04-09T20:00:00+00:00,4.721831201419913,0.06610974217199665,0.13250617406377435,0.06610974217199665,0.13250617406377435,0.2321480969891797,0.2321480969891797,,,False,0.28477399999999997,-0.047218312014199126,0.64922597895334
futures_2m_2000b,1000PEPE/USDT:USDT,2000,2026-04-07T01:00:00+00:00,2026-04-09T19:38:00+00:00,5.1566755454463875,0.0664759097083794,0.12865873273664472,0.0664759097083794,0.12865873273664472,0.23343391499357175,0.23343391499357175,,,False,0.28477399999999997,-0.051566755454463875,0.6487349895262513
futures_2m_2000b,NCSIEWY2USD/USDT:USDT,2000,2026-04-07T01:14:00+00:00,2026-04-09T19:52:00+00:00,10.385803691673923,0.0713889109224948,0.1293289432609035,0.0713889109224948,0.1293289432609035,0.250686196501418,0.250686196501418,,,False,0.28477399999999997,-0.10385803691673923,0.6482005525875147
futures_2m_2000b,ZEN/USDT:USDT,2000,2026-04-07T01:22:00+00:00,2026-04-09T20:00:00+00:00,14.944080215966071,0.07542900245145102,0.1443261959498902,0.07542900245145102,0.1443261959498902,0.26487320630201855,0.26487320630201855,,,False,0.28477399999999997,-0.1494408021596607,0.645178816746395
futures_2m_2000b,AKE/USDT:USDT,2000,2026-04-07T01:02:00+00:00,2026-04-09T19:40:00+00:00,53.16139767054911,0.11169024571854329,0.21886653481342472,0.11169024571854329,0.21886653481342472,0.39220661197491097,0.39220661197491097,,,False,0.28477399999999997,-0.531613976705491,0.6450058592192418
futures_2m_2000b,LDO/USDT:USDT,2000,2026-04-07T01:10:00+00:00,2026-04-09T19:48:00+00:00,3.226847370119401,0.06426735218510074,0.12539189881856821,0.06426735218510074,0.12539189881856821,0.2256784403951932,0.2256784403951932,,,False,0.28477399999999997,-0.03226847370119401,0.6447668474843855
futures_2m_2000b,AT/USDT:USDT,2000,2026-04-07T01:02:00+00:00,2026-04-09T19:40:00+00:00,-7.980685400040233,0.05339741022560188,0.10003334622769514,0.05339741022560188,0.10003334622769514,0.18750802469889064,0.18750802469889064,,,False,0.28477399999999997,0.07980685400040233,0.6423309280970743
futures_2m_2000b,PI/USDT:USDT,2000,2026-04-07T01:16:00+00:00,2026-04-09T19:54:00+00:00,-0.649350649350644,0.0601322910402987,0.11947431302270353,0.0601322910402987,0.11947431302270353,0.21115793941967562,0.21115793941967562,,,False,0.28477399999999997,0.00649350649350644,0.6399673247525333
futures_2m_2000b,PIEVERSE/USDT:USDT,2000,2026-04-07T01:16:00+00:00,2026-04-09T19:54:00+00:00,-1.8080400076938008,0.05880047040375676,0.13129516157074067,0.05880047040375676,0.13129516157074067,0.2064811759632437,0.2064811759632437,,,False,0.28477399999999997,0.018080400076938008,0.6375239279666691
futures_2m_2000b,TURBO/USDT:USDT,2000,2026-04-07T01:20:00+00:00,2026-04-09T19:58:00+00:00,17.757398916215084,0.07716793672229376,0.1470228679822772,0.07716793672229376,0.1470228679822772,0.27097957230046904,0.27097957230046904,,,False,0.28477399999999997,-0.17757398916215084,0.6353647277392562
futures_2m_2000b,BTW/USDT:USDT,2000,2026-04-07T01:04:00+00:00,2026-04-09T19:42:00+00:00,-12.350343212898418,0.04847016055741328,0.055869389997418584,0.04847016055741328,0.055869389997418584,0.17020570893906495,0.17020570893906495,,,False,0.28477399999999997,0.12350343212898418,0.634120558946179
futures_2m_2000b,MGO/USDT:USDT,2000,2026-04-07T01:12:00+00:00,2026-04-09T19:50:00+00:00,-1.8718094157685772,0.05813953488371856,0.11668611435238732,0.05813953488371856,0.11668611435238732,0.20416026352026018,0.20416026352026018,,,False,0.28477399999999997,0.018718094157685772,0.6311988847184663
futures_2m_2000b,RAY/USDT:USDT,2000,2026-04-07T01:16:00+00:00,2026-04-09T19:54:00+00:00,4.671821023194611,0.06427767957576024,0.1287622726541071,0.06427767957576024,0.1287622726541071,0.22571470561132773,0.22571470561132773,,,False,0.28477399999999997,-0.04671821023194611,0.630425906602037
futures_2m_2000b,STBL/USDT:USDT,2000,2026-04-07T01:18:00+00:00,2026-04-09T19:56:00+00:00,0.24554941682015663,0.0595238095238071,0.09273570324574584,0.0595238095238071,0.09273570324574584,0.20902122217550445,0.20902122217550445,,,False,0.28477399999999997,-0.0024554941682015663,0.6246081723583118
futures_2m_2000b,ETC/USDC:USDC,2000,2026-04-07T01:06:00+00:00,2026-04-09T19:44:00+00:00,0.16678579938049776,0.059431831689061944,0.1077005958234403,0.059431831689061944,0.1077005958234403,0.20869823680905542,0.20869823680905542,,,False,0.28477399999999997,-0.0016678579938049776,0.6244268524333613
futures_2m_2000b,APT/USDC:USDC,2000,2026-04-07T01:02:00+00:00,2026-04-09T19:40:00+00:00,0.8261494252873369,0.05996641880547565,0.11778565629862484,0.05996641880547565,0.11778565629862484,0.2105754696899143,0.2105754696899143,,,False,0.28477399999999997,-0.00826149425287337,0.6234649148168696
futures_2m_2000b,EVAA/USDT:USDT,2000,2026-04-07T01:08:00+00:00,2026-04-09T19:46:00+00:00,21.559437579889227,0.07942811755362726,0.1609702001083045,0.07942811755362726,0.1609702001083045,0.27891632506347935,0.27891632506347935,,,False,0.28477399999999997,-0.21559437579889226,0.6211545993915457
futures_2m_2000b,KAS/USDT:USDT,2000,2026-04-07T01:10:00+00:00,2026-04-09T19:48:00+00:00,4.135702746365122,0.06285355122564168,0.12383900928793137,0.06285355122564168,0.12383900928793137,0.2207137984002812,0.2207137984002812,,,False,0.28477399999999997,-0.04135702746365122,0.6207843677371925
futures_2m_2000b,ETC/USDT:USDT,2000,2026-04-07T01:06:00+00:00,2026-04-09T19:44:00+00:00,0.21456669448087773,0.05909466966078484,0.1101254243278135,0.05909466966078484,0.1101254243278135,0.20751427328613162,0.20751427328613162,,,False,0.28477399999999997,-0.0021456669448087773,0.6203971529135861
futures_2m_2000b,SUI/USDT:USDT,2000,2026-04-07T01:18:00+00:00,2026-04-09T19:56:00+00:00,7.568124570643464,0.06585446163976884,0.12575033308204714,0.06585446163976884,0.12575033308204714,0.23125166496860264,0.23125166496860264,,,False,0.28477399999999997,-0.07568124570643464,0.6180737491993733
futures_2m_2000b,XLM/USDC:USDC,2000,2026-04-07T01:22:00+00:00,2026-04-09T20:00:00+00:00,-0.5251360870957456,0.05793369810106646,0.10630316653963295,0.05793369810106646,0.10630316653963295,0.20343745602149937,0.20343745602149937,,,False,0.28477399999999997,0.0052513608709574555,0.6155637289354556
futures_2m_2000b,XLM/USDT:USDT,2000,2026-04-07T01:22:00+00:00,2026-04-09T20:00:00+00:00,-0.5252369971816662,0.05785548984315167,0.10699899973271068,0.05785548984315167,0.10699899973271068,0.20316282330251945,0.20316282330251945,,,False,0.28477399999999997,0.005252369971816662,0.614740839879375
futures_2m_2000b,MANTA/USDT:USDT,2000,2026-04-07T01:12:00+00:00,2026-04-09T19:50:00+00:00,7.180851063829774,0.06514657980455761,0.13963230244601843,0.06514657980455761,0.13963230244601843,0.22876589788589413,0.22876589788589413,,,False,0.28477399999999997,-0.07180851063829774,0.6144891830193846
futures_2m_2000b,POLYX/USDT:USDT,2000,2026-04-07T01:16:00+00:00,2026-04-09T19:54:00+00:00,6.947141316073346,0.06492101276780403,0.1424791369835144,0.06492101276780403,0.1424791369835144,0.22797380648445445,0.22797380648445445,,,False,0.28477399999999997,-0.06947141316073346,0.6144500062926299
futures_2m_2000b,SUI/USDC:USDC,2000,2026-04-07T01:18:00+00:00,2026-04-09T19:56:00+00:00,7.523643774760114,0.06541198072067472,0.12222100345374504,0.06541198072067472,0.12222100345374504,0.22969786820662957,0.22969786820662957,,,False,0.28477399999999997,-0.07523643774760114,0.6138571668722876
futures_2m_2000b,MLN/USDT:USDT,2000,2026-04-07T01:12:00+00:00,2026-04-09T19:50:00+00:00,3.0265210608424242,0.060994205550465995,0.11972463334331049,0.060994205550465995,0.11972463334331049,0.21418460094835204,0.21418460094835204,,,False,0.28477399999999997,-0.030265210608424242,0.6122885922366319
futures_2m_2000b,1000PEPE/USDC:USDC,2000,2026-04-07T01:00:00+00:00,2026-04-09T19:38:00+00:00,5.191968159918603,0.06302899333692513,0.12869861208468691,0.06302899333692513,0.12869861208468691,0.22132987329224277,0.22132987329224277,,,False,0.28477399999999997,-0.05191968159918603,0.6120699382775423
futures_2m_2000b,NCSKMU2USD/USDT:USDT,117,2026-04-07T13:30:00+00:00,2026-04-07T17:22:00+00:00,-0.7894385918122415,0.05718029296104744,0.21461075341785937,0.05718029296104744,0.21461075341785937,0.20079183128040987,0.20079183128040987,,,False,0.28477399999999997,0.007894385918122415,0.610269879759352
futures_2m_2000b,WET/USDT:USDT,2000,2026-04-07T01:22:00+00:00,2026-04-09T20:00:00+00:00,0.5278076434366064,0.05826374053214653,0.1085937138181752,0.05826374053214653,0.1085937138181752,0.20459641867637682,0.20459641867637682,,,False,0.28477399999999997,-0.0052780764343660636,0.6085111795947644
futures_2m_2000b,POL/USDT:USDT,2000,2026-04-07T01:16:00+00:00,2026-04-09T19:54:00+00:00,-2.133096322630823,0.05571030640669456,0.10362694300517312,0.05571030640669456,0.10362694300517312,0.1956298903927134,0.1956298903927134,,,False,0.28477399999999997,0.02133096322630823,0.6082206344044484
futures_2m_2000b,HANA/USDT:USDT,2000,2026-04-07T01:08:00+00:00,2026-04-09T19:46:00+00:00,-4.938271604938283,0.052854122621562326,0.10471204188483066,0.052854122621562326,0.10471204188483066,0.18560023956387287,0.18560023956387287,,,False,0.28477399999999997,0.04938271604938283,0.6061834347410014
futures_2m_2000b,VINE/USDT:USDT,2000,2026-04-07T01:22:00+00:00,2026-04-09T20:00:00+00:00,1.7190278601067144,0.05913660555885902,0.1185888037824612,0.05913660555885902,0.1185888037824612,0.20766153356296232,0.20766153356296232,,,False,0.28477399999999997,-0.017190278601067144,0.6057943220878198
futures_2m_2000b,TRB/USDT:USDT,2000,2026-04-07T01:20:00+00:00,2026-04-09T19:58:00+00:00,3.1527834769525365,0.059737156511340525,0.10952528266712835,0.059737156511340525,0.10952528266712835,0.20977040218327703,0.20977040218327703,,,False,0.28477399999999997,-0.031527834769525365,0.5977833717803057
futures_2m_2000b,CYBER/USDT:USDT,2000,2026-04-07T01:06:00+00:00,2026-04-09T19:44:00+00:00,2.049427365883072,0.058559437829390396,0.10088781685970598,0.058559437829390396,0.10088781685970598,0.2056347764521705,0.2056347764521705,,,False,0.28477399999999997,-0.02049427365883072,0.5964100556976808
futures_2m_2000b,CC/USDT:USDT,2000,2026-04-07T01:04:00+00:00,2026-04-09T19:42:00+00:00,-0.9877704609595472,0.0555709919422039,0.10205818745047768,0.0555709919422039,0.10205818745047768,0.1951406797748527,0.1951406797748527,,,False,0.28477399999999997,0.009877704609595472,0.5952997439341535
futures_2m_2000b,REAL/USDT:USDT,2000,2026-04-07T01:16:00+00:00,2026-04-09T19:54:00+00:00,6.959349593495956,0.0626468285043044,0.12261477775402596,0.0626468285043044,0.12261477775402596,0.2199878798777431,0.2199878798777431,,,False,0.28477399999999997,-0.06959349593495956,0.5903701436982698
futures_2m_2000b,NCSKINTC2USD/USDT:USDT,117,2026-04-07T13:30:00+00:00,2026-04-07T17:22:00+00:00,2.019417475728158,0.05771450557907106,0.21726571045042464,0.05771450557907106,0.21726571045042464,0.20266774908900065,0.20266774908900065,,,False,0.28477399999999997,-0.02019417475728158,0.5878090725097204
futures_2m_2000b,BANANA/USDT:USDT,2000,2026-04-07T01:04:00+00:00,2026-04-09T19:42:00+00:00,5.100794135613929,0.06062443164594664,0.12245529903610278,0.06062443164594664,0.12245529903610278,0.2128861189783711,0.2128861189783711,,,False,0.28477399999999997,-0.051007941356139286,0.587650415578974
futures_2m_2000b,NCCOPALLADIUM2USD/USDT:USDT,968,2026-04-07T00:42:00+00:00,2026-04-08T10:00:00+00:00,2.632513450676388,0.05790621885856742,0.10849407086646318,0.05790621885856742,0.10849407086646318,0.2033409611079924,0.2033409611079924,,,False,0.28477399999999997,-0.02632513450676388,0.5836977488172134
futures_2m_2000b,NCSKCSCO2USD/USDT:USDT,117,2026-04-07T13:30:00+00:00,2026-04-07T17:22:00+00:00,0.8658551888568233,0.05613640054398236,0.09934805730799422,0.05613640054398236,0.09934805730799422,0.19712614404398704,0.19712614404398704,,,False,0.28477399999999997,-0.008658551888568233,0.5827198802433928
futures_2m_2000b,VET/USDT:USDT,2000,2026-04-07T01:22:00+00:00,2026-04-09T20:00:00+00:00,0.8262148158521221,0.05609311457018179,0.10787486711788155,0.05609311457018179,0.10787486711788155,0.19697414289991994,0.19697414289991994,,,False,0.28477399999999997,-0.00826214815852122,0.5826602805412386
futures_2m_2000b,NCCONATURALGAS2USD/USDT:USDT,963,2026-04-07T00:42:00+00:00,2026-04-08T10:00:00+00:00,-2.6734965967300517,0.05254957322150701,0.09228325592138681,0.05254957322150701,0.09228325592138681,0.18453079712862486,0.18453079712862486,,,False,0.28477399999999997,0.026734965967300517,0.5803273573531751
futures_2m_2000b,DOOD/USDT:USDT,2000,2026-04-07T01:06:00+00:00,2026-04-09T19:44:00+00:00,7.71864845033019,0.06238917711958994,0.11574649355812824,0.06238917711958994,0.11574649355812824,0.2190831224746288,0.2190831224746288,,,False,0.28477399999999997,-0.0771864845033019,0.5800628829205845
futures_2m_2000b,JASMY/USDT:USDT,2000,2026-04-07T01:10:00+00:00,2026-04-09T19:48:00+00:00,2.604166666666652,0.05748227629814904,0.11261261261261127,0.05748227629814904,0.11261261261261127,0.20185226284052984,0.20185226284052984,,,False,0.28477399999999997,-0.02604166666666652,0.579515121854923
futures_2m_2000b,DYDX/USDT:USDT,2000,2026-04-07T01:06:00+00:00,2026-04-09T19:44:00+00:00,5.953775694962182,0.06033182503769796,0.11705864766555277,0.06033182503769796,0.11705864766555277,0.21185861433170855,0.21185861433170855,,,False,0.28477399999999997,-0.05953775694962182,0.5760380860455039
futures_2m_2000b,LINK/USDC:USDC,2000,2026-04-07T01:10:00+00:00,2026-04-09T19:48:00+00:00,2.7224057409727775,0.05711674663012088,0.10866021949364106,0.05711674663012088,0.10866021949364106,0.20056868474692524,0.20056868474692524,,,False,0.28477399999999997,-0.027224057409727775,0.574481996831048
futures_2m_2000b,IN/USDT:USDT,2000,2026-04-07T01:10:00+00:00,2026-04-09T19:48:00+00:00,10.667634252539916,0.06463079657456515,0.15361958435016337,0.06463079657456515,0.15361958435016337,0.2269546959152351,0.2269546959152351,,,False,0.28477399999999997,-0.10667634252539916,0.5741877452203061
futures_2m_2000b,LINK/USDT:USDT,2000,2026-04-07T01:10:00+00:00,2026-04-09T19:48:00+00:00,2.7451873789725356,0.05701254275939573,0.10876067503561565,0.05701254275939573,0.10876067503561565,0.2002027669639635,0.2002027669639635,,,False,0.28477399999999997,-0.027451873789725356,0.5731564271021652
futures_2m_2000b,ADA/USDT:USDT,2000,2026-04-07T01:02:00+00:00,2026-04-09T19:40:00+00:00,3.9590638506075138,0.05748778384593325,0.10842067220816468,0.05748778384593325,0.10842067220816468,0.20187160290592981,0.20187160290592981,,,False,0.28477399999999997,-0.03959063850607514,0.5660241702117144
futures_2m_2000b,ATOM/USDT:USDT,2000,2026-04-07T01:02:00+00:00,2026-04-09T19:40:00+00:00,6.360424028268552,0.059488399762053064,0.16579166781195942,0.059488399762053064,0.16579166781195942,0.20889687879530108,0.20889687879530108,,,False,0.28477399999999997,-0.06360424028268552,0.5630863961032178
futures_2m_2000b,NCCOXPT2USD/USDT:USDT,2000,2026-04-07T01:12:00+00:00,2026-04-09T19:50:00+00:00,7.259944816070529,0.06003756196184652,0.11426935910287161,0.06003756196184652,0.11426935910287161,0.21082529290541457,0.21082529290541457,,,False,0.28477399999999997,-0.0725994481607053,0.5598764305555384
futures_2m_2000b,CTK/USDT:USDT,2000,2026-04-07T01:06:00+00:00,2026-04-09T19:44:00+00:00,6.557377049180313,0.05910165484632919,0.117439812096304,0.05910165484632919,0.117439812096304,0.20753880216006096,0.20753880216006096,,,False,0.28477399999999997,-0.06557377049180313,0.5570426359883798
futures_2m_2000b,NCSKAAPL2USD/USDT:USDT,117,2026-04-07T13:30:00+00:00,2026-04-07T17:22:00+00:00,-0.8351388615324029,0.051990650852345055,0.10483796671336212,0.051990650852345055,0.10483796671336212,0.18256810963200665,0.18256810963200665,,,False,0.28477399999999997,0.008351388615324029,0.556055717511344
futures_2m_2000b,NCSKTSLA2USD/USDT:USDT,2000,2026-04-07T01:14:00+00:00,2026-04-09T19:52:00+00:00,-1.6617261429711538,0.05097706032284055,0.09436716469814796,0.05097706032284055,0.09436716469814796,0.1790088291867957,0.1790088291867957,,,False,0.28477399999999997,0.01661726142971154,0.5536437489900986
futures_2m_2000b,HBAR/USDC:USDC,2000,2026-04-07T01:08:00+00:00,2026-04-09T19:46:00+00:00,3.22654462242562,0.05558643690938798,0.10417277368452801,0.05558643690938798,0.10417277368452801,0.19519491565026295,0.19519491565026295,,,False,0.28477399999999997,-0.0322654462242562,0.5533193007265327
futures_2m_2000b,LUNA/USDT:USDT,2000,2026-04-07T01:12:00+00:00,2026-04-09T19:50:00+00:00,1.9184652278177339,0.05432814197754844,0.09165902841430143,0.05432814197754844,0.09165902841430143,0.190776341862489,0.190776341862489,,,False,0.28477399999999997,-0.01918465227817734,0.5531443733092897
futures_2m_2000b,SOL/USDC:USDC,2000,2026-04-07T01:18:00+00:00,2026-04-09T19:56:00+00:00,4.958977437590684,0.056793307855226544,0.10966510592977512,0.056793307855226544,0.10966510592977512,0.1994329112040655,0.1994329112040655,,,False,0.28477399999999997,-0.04958977437590684,0.5487089592362897
futures_2m_2000b,HBAR/USDT:USDT,2000,2026-04-07T01:08:00+00:00,2026-04-09T19:46:00+00:00,3.249427917620129,0.055066079295163405,0.10193679918449752,0.055066079295163405,0.10193679918449752,0.19336765047077123,0.19336765047077123,,,False,0.28477399999999997,-0.03249427917620129,0.5476086722361124
futures_2m_2000b,ASTR/USDT:USDT,2000,2026-04-07T01:02:00+00:00,2026-04-09T19:40:00+00:00,3.52844638949672,0.0549526033795924,0.10723142314050922,0.0549526033795924,0.10723142314050922,0.19296917337816094,0.19296917337816094,,,False,0.28477399999999997,-0.0352844638949672,0.5436230562395157
futures_2m_2000b,SOL/USDT:USDT,2000,2026-04-07T01:18:00+00:00,2026-04-09T19:56:00+00:00,4.966419450454618,0.05600331150014885,0.11009664105152309,0.05600331150014885,0.11009664105152309,0.19665879434270284,0.19665879434270284,,,False,0.28477399999999997,-0.04966419450454618,0.5403121885235623
futures_2m_2000b,SKY/USDT:USDT,2000,2026-04-07T01:18:00+00:00,2026-04-09T19:56:00+00:00,1.1080693521053453,0.0517799352750788,0.09412401726563513,0.0517799352750788,0.09412401726563513,0.18182816997014756,0.18182816997014756,,,False,0.28477399999999997,-0.011080693521053453,0.5344038163893892
futures_2m_2000b,LPT/USDT:USDT,2000,2026-04-07T01:10:00+00:00,2026-04-09T19:48:00+00:00,0.24777006937564128,0.05068423720223578,0.10154867530410472,0.05068423720223578,0.10154867530410472,0.17798056424475472,0.17798056424475472,,,False,0.28477399999999997,-0.0024777006937564128,0.5314639920405078
futures_2m_2000b,ACH/USDT:USDT,2000,2026-04-07T01:00:00+00:00,2026-04-09T19:38:00+00:00,1.2292982755677029,0.05155525004295464,0.1023890784982923,0.05155525004295464,0.1023890784982923,0.18103917507551476,0.18103917507551476,,,False,0.28477399999999997,-0.012292982755677029,0.5308245424708673
futures_2m_2000b,GLM/USDT:USDT,2000,2026-04-07T01:08:00+00:00,2026-04-09T19:46:00+00:00,3.5523269737367302,0.053353658536596404,0.08906557051940711,0.053353658536596404,0.08906557051940711,0.18735438816955344,0.18735438816955344,,,False,0.28477399999999997,-0.0355232697373673,0.526539894771293
futures_2m_2000b,DOGE/USDT:USDT,2000,2026-04-07T01:06:00+00:00,2026-04-09T19:44:00+00:00,3.1008607371441066,0.05290445455506771,0.09518269816683672,0.05290445455506771,0.09518269816683672,0.1857769829937695,0.1857769829937695,,,False,0.28477399999999997,-0.031008607371441066,0.5263223416098675
futures_2m_2000b,ENS/USDT:USDT,2000,2026-04-07T01:06:00+00:00,2026-04-09T19:44:00+00:00,4.254173397953687,0.05399568034557439,0.10886328675279489,0.05399568034557439,0.10886328675279489,0.18960888404690876,0.18960888404690876,,,False,0.28477399999999997,-0.042541733979536867,0.5262849181611894
futures_2m_2000b,EGLD/USDT:USDT,2000,2026-04-07T01:06:00+00:00,2026-04-09T19:44:00+00:00,4.975662520281232,0.05428881650380629,0.10848928668294015,0.05428881650380629,0.10848928668294015,0.1906382482382742,0.1906382482382742,,,False,0.28477399999999997,-0.04975662520281232,0.5221581195120102
futures_2m_2000b,STEEM/USDT:USDT,2000,2026-04-07T01:18:00+00:00,2026-04-09T19:56:00+00:00,1.9577269577269574,0.05138746145939587,0.0873133683422381,0.05138746145939587,0.0873133683422381,0.1804499759788319,0.1804499759788319,,,False,0.28477399999999997,-0.019577269577269574,0.5217726583592261
futures_2m_2000b,NCSKJNJ2USD/USDT:USDT,117,2026-04-07T13:30:00+00:00,2026-04-07T17:22:00+00:00,-0.5558806319485021,0.04835480141527297,0.09250402153805327,0.04835480141527297,0.09250402153805327,0.16980061878989294,0.16980061878989294,,,False,0.28477399999999997,0.005558806319485021,0.5149606626891639
futures_2m_2000b,FAI/USDT:USDT,2000,2026-04-07T01:08:00+00:00,2026-04-09T19:46:00+00:00,1.116467901547824,0.04977600796416789,0.07416563658839055,0.04977600796416789,0.07416563658839055,0.17479126593076577,0.17479126593076577,,,False,0.28477399999999997,-0.01116467901547824,0.5132091187768191
futures_2m_2000b,OG/USDT:USDT,2000,2026-04-07T01:14:00+00:00,2026-04-09T19:52:00+00:00,1.1497378131676061,0.049658122922956516,0.08343384649139818,0.049658122922956516,0.08343384649139818,0.17437730594421022,0.17437730594421022,,,False,0.28477399999999997,-0.011497378131676061,0.5116345397009546
futures_2m_2000b,SHIB/USDC:USDC,2000,2026-04-07T01:18:00+00:00,2026-04-09T19:56:00+00:00,2.3805446138037256,0.050795800880457195,0.09763241460771396,0.050795800880457195,0.09763241460771396,0.17837232640780828,0.17837232640780828,,,False,0.28477399999999997,-0.023805446138037256,0.5113115330853876
futures_2m_2000b,ZKJ/USDT:USDT,2000,2026-04-07T01:22:00+00:00,2026-04-09T20:00:00+00:00,4.7272727272727355,0.052966101694913094,0.1505268439538323,0.052966101694913094,0.1505268439538323,0.18599346041040649,0.18599346041040649,,,False,0.28477399999999997,-0.047272727272727355,0.510707653958492
futures_2m_2000b,SHIB/USDT:USDT,2000,2026-04-07T01:18:00+00:00,2026-04-09T19:56:00+00:00,2.3801369863013733,0.05025967498743176,0.0983042523185898,0.05025967498743176,0.0983042523185898,0.17648969002588635,0.17648969002588635,,,False,0.28477399999999997,-0.023801369863013733,0.5056677002146454
futures_2m_2000b,RUNE/USDT:USDT,2000,2026-04-07T01:18:00+00:00,2026-04-09T19:56:00+00:00,3.2132676859289777,0.05091649694501871,0.10038900898449099,0.05091649694501871,0.10038900898449099,0.1787961574617722,0.1787961574617722,,,False,0.28477399999999997,-0.03213267685928978,0.5042557955260267
futures_2m_2000b,MNT/USDT:USDT,2000,2026-04-07T01:12:00+00:00,2026-04-09T19:50:00+00:00,1.7944684555353696,0.04931954441070649,0.09108161819105795,0.04931954441070649,0.09108161819105795,0.17318836835773804,0.17318836835773804,,,False,0.28477399999999997,-0.017944684555353696,0.5016204205178605
futures_2m_2000b,ETH/USDC:USDC,2000,2026-04-07T01:06:00+00:00,2026-04-09T19:44:00+00:00,5.201039828466247,0.05211118882077283,0.09993877737114586,0.05211118882077283,0.09993877737114586,0.18299138552245933,0.18299138552245933,,,False,0.28477399999999997,-0.052010398284662474,0.49696375828271555
futures_2m_2000b,ALPINE/USDT:USDT,2000,2026-04-07T01:02:00+00:00,2026-04-09T19:40:00+00:00,2.3661270236612575,0.04927322000493557,0.0973117639991414,0.04927322000493557,0.0973117639991414,0.17302569758803674,0.17302569758803674,,,False,0.28477399999999997,-0.023661270236612575,0.4954158225274976
futures_2m_2000b,HIVE/USDT:USDT,2000,2026-04-07T01:08:00+00:00,2026-04-09T19:46:00+00:00,4.110535405872184,0.05069280162217345,0.10011680572428407,0.05069280162217345,0.10011680572428407,0.17801063868953435,0.17801063868953435,,,False,0.28477399999999997,-0.041105354058721844,0.49292656200988116
futures_2m_2000b,NCSKACN2USD/USDT:USDT,117,2026-04-07T13:30:00+00:00,2026-04-07T17:22:00+00:00,-0.9109109109109226,0.04545914668087975,0.10742275804987128,0.04545914668087975,0.10742275804987128,0.1596323634913291,0.1596323634913291,,,False,0.28477399999999997,0.009109109109109226,0.4880061995830965
futures_2m_2000b,ETH/USDT:USDT,2000,2026-04-07T01:08:00+00:00,2026-04-09T19:46:00+00:00,5.340022614330642,0.051116577745135734,0.09910108063866285,0.051116577745135734,0.09910108063866285,0.1794987525024607,0.1794987525024607,,,False,0.28477399999999997,-0.05340022614330642,0.48509603136407564
futures_2m_2000b,NCSKGS2USD/USDT:USDT,2000,2026-04-07T01:14:00+00:00,2026-04-09T19:52:00+00:00,3.6923845987798076,0.04935942435941688,0.07519050133576323,0.04935942435941688,0.07519050133576323,0.17332840905214972,0.17332840905214972,,,False,0.28477399999999997,-0.036923845987798076,0.48306138116865105
futures_2m_2000b,NCSKMSFT2USD/USDT:USDT,117,2026-04-07T13:30:00+00:00,2026-04-07T17:22:00+00:00,0.2268308489954629,0.04589761322993175,0.08686468667739414,0.04589761322993175,0.08686468667739414,0.1611720635659567,0.1611720635659567,,,False,0.28477399999999997,-0.002268308489954629,0.4812478822079155
futures_2m_2000b,WAVES/USDT:USDT,2000,2026-04-07T01:22:00+00:00,2026-04-09T20:00:00+00:00,2.1899606299212726,0.04775549188156112,0.04938271604938413,0.04775549188156112,0.04938271604938413,0.16769610948176844,0.16769610948176844,,,False,0.28477399999999997,-0.021899606299212726,0.48118872214609265
futures_2m_2000b,KSM/USDT:USDT,2000,2026-04-07T01:10:00+00:00,2026-04-09T19:48:00+00:00,4.646564508156192,0.049763622791733755,0.11796626329078892,0.049763622791733755,0.11796626329078892,0.17474777469759795,0.17474777469759795,,,False,0.28477399999999997,-0.046465645081561924,0.4777776790112319
futures_2m_2000b,TONCOIN/USDC:USDC,2000,2026-04-07T01:20:00+00:00,2026-04-09T19:58:00+00:00,2.9499959478077598,0.047103155911440875,0.08700472104446325,0.047103155911440875,0.08700472104446325,0.16540539484447625,0.16540539484447625,,,False,0.28477399999999997,-0.029499959478077598,0.46671622505535115
futures_2m_2000b,NXPC/USDT:USDT,2000,2026-04-07T01:14:00+00:00,2026-04-09T19:52:00+00:00,2.567211010482784,0.04651994990157935,0.07282058395174543,0.04651994990157935,0.07282058395174543,0.1633574339707254,0.1633574339707254,,,False,0.28477399999999997,-0.02567211010482784,0.4644001918073484
futures_2m_2000b,XRP/USDC:USDC,2000,2026-04-07T01:22:00+00:00,2026-04-09T20:00:00+00:00,2.703316674238998,0.04553042950373015,0.08681183534688408,0.04553042950373015,0.08681183534688408,0.15988267715356794,0.15988267715356794,,,False,0.28477399999999997,-0.02703316674238998,0.4526148647183138
futures_2m_2000b,XRP/USDT:USDT,2000,2026-04-07T01:22:00+00:00,2026-04-09T20:00:00+00:00,2.672218016654049,0.04511278195488225,0.08850216017331655,0.04511278195488225,0.08850216017331655,0.15841608417510816,0.15841608417510816,,,False,0.28477399999999997,-0.026722180166540488,0.448526072358784
futures_2m_2000b,NCSKJPM2USD/USDT:USDT,2000,2026-04-07T01:14:00+00:00,2026-04-09T19:52:00+00:00,5.2582096568397185,0.04725259889293451,0.07181684061067808,0.04725259889293451,0.07181684061067808,0.16593017232238377,0.16593017232238377,,,False,0.28477399999999997,-0.052582096568397185,0.44520842039875413
futures_2m_2000b,AWE/USDT:USDT,2000,2026-04-07T01:02:00+00:00,2026-04-09T19:40:00+00:00,3.3264543021188864,0.04508011966722918,0.06893615774644166,0.04508011966722918,0.06893615774644166,0.15830138870553206,0.15830138870553206,,,False,0.28477399999999997,-0.033264543021188864,0.44163962309540733
futures_2m_2000b,FF/USDT:USDT,2000,2026-04-07T01:08:00+00:00,2026-04-09T19:46:00+00:00,0.3399433427762055,0.04222378606615376,0.08282717362446798,0.04222378606615376,0.08282717362446798,0.14827121178953756,0.14827121178953756,,,False,0.28477399999999997,-0.0033994334277620553,0.4414142019408506
futures_2m_2000b,DOGE/USDC:USDC,2000,2026-04-07T01:06:00+00:00,2026-04-09T19:44:00+00:00,3.0891438658428916,0.0442380004423782,0.09545023364898766,0.0442380004423782,0.09545023364898766,0.15534423944032183,0.15534423944032183,,,False,0.28477399999999997,-0.030891438658428916,0.4351412796625366
futures_2m_2000b,AUCTION/USDT:USDT,2000,2026-04-07T01:02:00+00:00,2026-04-09T19:40:00+00:00,1.6766981943250325,0.04264392324093347,0.08405127127547811,0.04264392324093347,0.08405127127547811,0.14974654723020175,0.14974654723020175,,,False,0.28477399999999997,-0.016766981943250325,0.43247265974735494
futures_2m_2000b,CRV/USDC:USDC,2000,2026-04-07T01:06:00+00:00,2026-04-09T19:44:00+00:00,7.9365079365079305,0.04847309743092049,0.13824884792626485,0.04847309743092049,0.13824884792626485,0.1702160219364145,0.1702160219364145,,,False,0.28477399999999997,-0.0793650793650793,0.4312829864441642
futures_2m_2000b,CRV/USDT:USDT,2000,2026-04-07T01:06:00+00:00,2026-04-09T19:44:00+00:00,8.044315992292873,0.048192771084332044,0.1344387790962686,0.048192771084332044,0.1344387790962686,0.16923164012280634,0.16923164012280634,,,False,0.28477399999999997,-0.08044315992292873,0.4272517604454903
futures_2m_2000b,AUTISM/USDT:USDT,2000,2026-04-07T01:02:00+00:00,2026-04-09T19:40:00+00:00,-41.746031746031754,0.0,0.09620011845709214,0.0,0.09620011845709214,0.0,0.0,,,False,0.28477399999999997,0.41746031746031753,0.41746031746031753
futures_2m_2000b,NCFXUSDBRL2USD/USDT:USDT,157,2026-04-07T12:10:00+00:00,2026-04-07T17:22:00+00:00,0.48918755621867316,0.03937929300971231,0.05975914952310327,0.03937929300971231,0.05975914952310327,0.1382826136154014,0.1382826136154014,,,False,0.28477399999999997,-0.004891875562186732,0.40995596528401745
futures_2m_2000b,NCSKMETA2USD/USDT:USDT,117,2026-04-07T13:30:00+00:00,2026-04-07T17:22:00+00:00,-0.27895715639145724,0.0378602360782176,0.08572828781664331,0.0378602360782176,0.08572828781664331,0.13294835932429788,0.13294835932429788,,,False,0.28477399999999997,0.0027895715639145724,0.4016346495368082
futures_2m_2000b,CAPTCHA/USDT:USDT,2000,2026-04-07T01:04:00+00:00,2026-04-09T19:42:00+00:00,-39.99999999999999,0.0,0.0,0.0,0.0,0.0,0.0,,,False,0.28477399999999997,0.3999999999999999,0.3999999999999999
futures_2m_2000b,BTC/USDT:USDT,2000,2026-04-07T01:04:00+00:00,2026-04-09T19:42:00+00:00,4.956272466139744,0.042576828618391904,0.0803328103584888,0.042576828618391904,0.0803328103584888,0.14951094067011703,0.14951094067011703,,,False,0.28477399999999997,-0.04956272466139744,0.3989700973489536
futures_2m_2000b,BTC/USDC:USDC,2000,2026-04-07T01:04:00+00:00,2026-04-09T19:42:00+00:00,4.95688494255937,0.04254431934723643,0.07977919225634111,0.04254431934723643,0.07977919225634111,0.14939678252662264,0.14939678252662264,,,False,0.28477399999999997,-0.0495688494255937,0.3986214981542742
futures_2m_2000b,BCH/USDC:USDC,2000,2026-04-07T01:04:00+00:00,2026-04-09T19:42:00+00:00,2.7182448036951357,0.039332731773896734,0.07218426649706117,0.039332731773896734,0.07218426649706117,0.13811911120360967,0.13811911120360967,,,False,0.28477399999999997,-0.027182448036951357,0.3871748855738777
futures_2m_2000b,NCSKGOOGL2USD/USDT:USDT,117,2026-04-07T13:30:00+00:00,2026-04-07T17:22:00+00:00,0.8385041086701239,0.0369530866992335,0.123233214066088,0.0369530866992335,0.123233214066088,0.12976285299652884,0.12976285299652884,,,False,0.28477399999999997,-0.00838504108670124,0.3809035179028853
futures_2m_2000b,BCH/USDT:USDT,2000,2026-04-07T01:04:00+00:00,2026-04-09T19:42:00+00:00,2.732606486186828,0.03835913172977479,0.07236462934726018,0.03835913172977479,0.07236462934726018,0.13470025960858362,0.13470025960858362,,,False,0.28477399999999997,-0.027326064861868282,0.37677471396388257
futures_2m_2000b,CAKE/USDT:USDT,2000,2026-04-07T01:04:00+00:00,2026-04-09T19:42:00+00:00,5.246501160419159,0.040639393118391626,0.07685866463811379,0.040639393118391626,0.07685866463811379,0.14270752638369946,0.14270752638369946,,,False,0.28477399999999997,-0.05246501160419159,0.3756575675469068
futures_2m_2000b,LTC/USDC:USDC,2000,2026-04-07T01:12:00+00:00,2026-04-09T19:50:00+00:00,2.4125677950252555,0.037355248412394515,0.07425283088917607,0.037355248412394515,0.07425283088917607,0.13117506658752034,0.13117506658752034,,,False,0.28477399999999997,-0.024125677950252555,0.3693995218123085
futures_2m_2000b,LTC/USDT:USDT,2000,2026-04-07T01:12:00+00:00,2026-04-09T19:50:00+00:00,2.3742755655262515,0.03718854592786003,0.0741221168227178,0.03718854592786003,0.0741221168227178,0.13058968138896118,0.13058968138896118,,,False,0.28477399999999997,-0.023742755655262515,0.368026288511621
futures_2m_2000b,AERGO/USDT:USDT,2000,2026-04-07T01:02:00+00:00,2026-04-09T19:40:00+00:00,2.32866338508142,0.03698224852070855,0.05578800606110779,0.03698224852070855,0.05578800606110779,0.12986525638123056,0.12986525638123056,,,False,0.28477399999999997,-0.023286633850814198,0.36630913529287745
futures_2m_2000b,OKB/USDT:USDT,2000,2026-04-07T01:14:00+00:00,2026-04-09T19:52:00+00:00,1.9705631918258248,0.03638127577007172,0.07228044813876408,0.03638127577007172,0.07228044813876408,0.1277549065928481,0.1277549065928481,,,False,0.28477399999999997,-0.01970563191825825,0.36355908786028607
futures_2m_2000b,NCFXUSD2ZAR/USDT:USDT,2000,2026-04-07T01:14:00+00:00,2026-04-09T19:52:00+00:00,-3.2030004211283547,0.031039985587722797,0.05143960626726599,0.031039985587722797,0.05143960626726599,0.10899866416078294,0.10899866416078294,,,False,0.28477399999999997,0.03203000421128355,0.35902599669363233
futures_2m_2000b,NCCOGOLD2USD/USDT:USDT,2000,2026-04-07T01:12:00+00:00,2026-04-09T19:50:00+00:00,2.781818612840592,0.0365133315389639,0.06608788465701196,0.0365133315389639,0.06608788465701196,0.12821862789076216,0.12821862789076216,,,False,0.28477399999999997,-0.02781818612840592,0.35683769754388056
futures_2m_2000b,RAVE/USDT:USDT,2000,2026-04-07T01:16:00+00:00,2026-04-09T19:54:00+00:00,148.5105720182236,0.1746010094120937,0.36195291970355004,0.1746010094120937,0.36195291970355004,0.6131213151906203,0.6131213151906203,,,False,0.28477399999999997,-1.485105720182236,0.3542582253896249
futures_2m_2000b,BNB/USDT:USDT,2000,2026-04-07T01:04:00+00:00,2026-04-09T19:42:00+00:00,1.521045865126136,0.03463860389932313,0.06815201967236145,0.03463860389932313,0.06815201967236145,0.12163541580103215,0.12163541580103215,,,False,0.28477399999999997,-0.01521045865126136,0.3496957887518351
futures_2m_2000b,NCSINIKKEI2252USD/USDT:USDT,2000,2026-04-07T01:14:00+00:00,2026-04-09T19:52:00+00:00,5.798075773873546,0.037803857864988515,0.06769937539702656,0.037803857864988515,0.06769937539702656,0.13275038404133988,0.13275038404133988,,,False,0.28477399999999997,-0.057980757738735456,0.34027039438528417
futures_2m_2000b,BNB/USDC:USDC,2000,2026-04-07T01:04:00+00:00,2026-04-09T19:42:00+00:00,1.532145003004226,0.03245857474397192,0.06782862491890346,0.03245857474397192,0.06782862491890346,0.11398012017941218,0.11398012017941218,,,False,0.28477399999999997,-0.01532145003004226,0.3266189105081943
futures_2m_2000b,PAXG/USDT:USDT,2000,2026-04-07T01:16:00+00:00,2026-04-09T19:54:00+00:00,2.723028821654694,0.03256323044053181,0.06527885956719608,0.03256323044053181,0.06527885956719608,0.11434762457433549,0.11434762457433549,,,False,0.28477399999999997,-0.02723028821654694,0.3158125855064595
futures_2m_2000b,XAUT/USDT:USDT,2000,2026-04-07T01:22:00+00:00,2026-04-09T20:00:00+00:00,2.749252567268945,0.03201980958886565,0.061256401728179366,0.03201980958886565,0.061256401728179366,0.11243937153274404,0.11243937153274404,,,False,0.28477399999999997,-0.02749252567268945,0.3098255889255427
futures_2m_2000b,ASTER/USDT:USDT,2000,2026-04-07T01:02:00+00:00,2026-04-09T19:40:00+00:00,1.3323239969719847,0.030261764260853072,0.07463243567206518,0.030261764260853072,0.07463243567206518,0.1062658959766449,0.1062658959766449,,,False,0.28477399999999997,-0.013323239969719847,0.30547444796021483
futures_2m_2000b,CRO/USDT:USDT,2000,2026-04-07T01:06:00+00:00,2026-04-09T19:44:00+00:00,0.7802340702210753,0.028756290438542234,0.0574217628481171,0.028756290438542234,0.0574217628481171,0.10097933954132834,0.10097933954132834,,,False,0.28477399999999997,-0.007802340702210753,0.2951356779217743
futures_2m_2000b,SUN/USDT:USDT,2000,2026-04-07T01:20:00+00:00,2026-04-09T19:58:00+00:00,1.4546918123275132,0.02870428842067892,0.05796765482818127,0.02870428842067892,0.05796765482818127,0.10079673151579471,0.10079673151579471,,,False,0.28477399999999997,-0.014546918123275132,0.287843276424109
futures_2m_2000b,NEET/USDT:USDT,2000,2026-04-07T01:14:00+00:00,2026-04-09T19:52:00+00:00,19.585594474593005,0.04535147392290065,0.12312860356885341,0.04535147392290065,0.12312860356885341,0.15925426451467006,0.15925426451467006,,,False,0.28477399999999997,-0.19585594474593004,0.28190684879808015
futures_2m_2000b,SHAPE/USDT:USDT,2000,2026-04-07T01:18:00+00:00,2026-04-09T19:56:00+00:00,-27.363184079602,0.0,0.0,0.0,0.0,0.0,0.0,,,False,0.28477399999999997,0.27363184079602,0.27363184079602
futures_2m_2000b,NCSKMCD2USD/USDT:USDT,117,2026-04-07T13:30:00+00:00,2026-04-07T17:22:00+00:00,-1.3372861147810333,0.02440677005857713,0.07516709353404706,0.02440677005857713,0.07516709353404706,0.08570575283760853,0.08570575283760853,,,False,0.28477399999999997,0.013372861147810333,0.27049011966063596
futures_2m_2000b,NCSIEWJ2USD/USDT:USDT,499,2026-04-07T00:42:00+00:00,2026-04-07T17:22:00+00:00,-1.4707598926111842,0.023568230025920366,0.04734568714137058,0.023568230025920366,0.04734568714137058,0.08276117210812914,0.08276117210812914,,,False,0.28477399999999997,0.014707598926111842,0.26299111525049923
futures_2m_2000b,NCFXAUD2USD/USDT:USDT,2000,2026-04-07T01:12:00+00:00,2026-04-09T19:50:00+00:00,2.5317371857041415,0.025871733693631094,0.04681913965999305,0.025871733693631094,0.04681913965999305,0.09085005546022845,0.09085005546022845,,,False,0.28477399999999997,-0.025317371857041415,0.24723279452364394
futures_2m_2000b,NCFXUSD2CHF/USDT:USDT,2000,2026-04-07T01:14:00+00:00,2026-04-09T19:52:00+00:00,-1.1477420646840875,0.021257440104036848,0.03804330630740787,0.021257440104036848,0.03804330630740787,0.07464670266259156,0.07464670266259156,,,False,0.28477399999999997,0.011477420646840875,0.23541752863461557
futures_2m_2000b,NCSIRUSSELL20002USD/USDT:USDT,2000,2026-04-07T01:14:00+00:00,2026-04-09T19:52:00+00:00,4.3772666577119645,0.026479644718817117,0.05297508564291106,0.026479644718817117,0.05297508564291106,0.09298476939192876,0.09298476939192876,,,False,0.28477399999999997,-0.043772666577119645,0.2351816415986666
futures_2m_2000b,NCFXGBP2CHF/USDT:USDT,2000,2026-04-07T01:14:00+00:00,2026-04-09T19:52:00+00:00,0.43325261086726297,0.01885422853210196,0.03957224290171685,0.01885422853210196,0.03957224290171685,0.06620768936806717,0.06620768936806717,,,False,0.28477399999999997,-0.00433252610867263,0.1942905419955289
futures_2m_2000b,R2/USDT:USDT,2000,2026-04-07T01:16:00+00:00,2026-04-09T19:54:00+00:00,-19.354838709677423,0.0,0.5586592178770965,0.0,0.5586592178770965,0.0,0.0,,,False,0.28477399999999997,0.19354838709677424,0.19354838709677424
futures_2m_2000b,NCSI724NASDAQ1002USD/USDT:USDT,2000,2026-04-07T01:14:00+00:00,2026-04-09T19:52:00+00:00,4.161648045852884,0.020128014170121975,0.040338034699642936,0.020128014170121975,0.040338034699642936,0.07068065964632297,0.07068065964632297,,,False,0.28477399999999997,-0.04161648045852884,0.17042549848044009
futures_2m_2000b,NCSINASDAQ1002USD/USDT:USDT,2000,2026-04-07T01:14:00+00:00,2026-04-09T19:52:00+00:00,4.1690169607180305,0.019429504688430983,0.039141351310697695,0.019429504688430983,0.039141351310697695,0.06822780411284382,0.06822780411284382,,,False,0.28477399999999997,-0.041690169607180305,0.16299324273135116
futures_2m_2000b,NCFXUSDSGD2USD/USDT:USDT,2000,2026-04-07T01:14:00+00:00,2026-04-09T19:52:00+00:00,-1.0832205788581462,0.014007019072896343,0.029702369845183315,0.014007019072896343,0.029702369845183315,0.049186439326962234,0.049186439326962234,,,False,0.28477399999999997,0.010832205788581462,0.15839152376946816
futures_2m_2000b,TRX/USDT:USDT,2000,2026-04-07T01:20:00+00:00,2026-04-09T19:58:00+00:00,1.0493046776232529,0.0157823301032147,0.02871500523360476,0.0157823301032147,0.02871500523360476,0.055420544372782286,0.055420544372782286,,,False,0.28477399999999997,-0.010493046776232529,0.15576858634211432
futures_2m_2000b,PUMPCADE/USDT:USDT,2000,2026-04-07T01:16:00+00:00,2026-04-09T19:54:00+00:00,37.76371308016877,0.05047955577990708,0.1270648030495501,0.05047955577990708,0.1270648030495501,0.17726181385908504,0.17726181385908504,,,False,0.28477399999999997,-0.3776371308016877,0.15414831077556745
futures_2m_2000b,NCFXNZD2USD/USDT:USDT,2000,2026-04-07T01:14:00+00:00,2026-04-09T19:52:00+00:00,2.774027249294231,0.01713825429741538,0.03027303482430864,0.01713825429741538,0.03027303482430864,0.0601819488345684,0.0601819488345684,,,False,0.28477399999999997,-0.02774027249294231,0.1528055740107629
futures_2m_2000b,NCSI724SP5002USD/USDT:USDT,2000,2026-04-07T01:14:00+00:00,2026-04-09T19:52:00+00:00,3.6218464434257136,0.017712177121768535,0.0349504235859584,0.017712177121768535,0.0349504235859584,0.06219731127760448,0.06219731127760448,,,False,0.28477399999999997,-0.036218464434257136,0.1503734693985563
futures_2m_2000b,NCSISP5002USD/USDT:USDT,2000,2026-04-07T01:14:00+00:00,2026-04-09T19:52:00+00:00,3.5992622187436485,0.01760611478579512,0.03326453958563804,0.01760611478579512,0.03326453958563804,0.06182486738885966,0.06182486738885966,,,False,0.28477399999999997,-0.035992622187436485,0.14948197997914248
futures_2m_2000b,JELLYBEAN/USDT:USDT,2000,2026-04-07T01:10:00+00:00,2026-04-09T19:48:00+00:00,60.23999999999998,0.07082152974504421,0.27275855334739496,0.07082152974504421,0.27275855334739496,0.24869380542129627,0.24869380542129627,,,False,0.28477399999999997,-0.6023999999999998,0.14368141626388897
futures_2m_2000b,NCSIDOWJONES2USD/USDT:USDT,2000,2026-04-07T01:14:00+00:00,2026-04-09T19:52:00+00:00,3.4255209673270004,0.016392305703882736,0.03230229173698388,0.016392305703882736,0.03230229173698388,0.05756250817800339,0.05756250817800339,,,False,0.28477399999999997,-0.034255209673270004,0.13843231486074015
futures_2m_2000b,NCFXUSD2JPY/USDT:USDT,2000,2026-04-07T01:14:00+00:00,2026-04-09T19:52:00+00:00,-0.49303309203077017,0.01262355302524094,0.02388052401719122,0.01262355302524094,0.02388052401719122,0.04432832008975869,0.04432832008975869,,,False,0.28477399999999997,0.004930330920307702,0.1379152911895838
futures_2m_2000b,NCFXEURSGD2USD/USDT:USDT,2000,2026-04-07T01:14:00+00:00,2026-04-09T19:52:00+00:00,0.44904426389780205,0.012768645582729703,0.02488114224781024,0.012768645582729703,0.02488114224781024,0.044837820807832544,0.044837820807832544,,,False,0.28477399999999997,-0.0044904426389780205,0.1300230197845196
futures_2m_2000b,NCFXGBPSGD2USD/USDT:USDT,2000,2026-04-07T01:14:00+00:00,2026-04-09T19:52:00+00:00,0.5420882745483135,0.012286162270953374,0.024602696124821178,0.012286162270953374,0.024602696124821178,0.043143553382518685,0.043143553382518685,,,False,0.28477399999999997,-0.005420882745483135,0.12400977740207292
futures_2m_2000b,TRX/USDC:USDC,2000,2026-04-07T01:20:00+00:00,2026-04-09T19:58:00+00:00,1.0366624525916635,0.012729124236265276,0.028554658727346208,0.012729124236265276,0.028554658727346208,0.04469903936548027,0.04469903936548027,,,False,0.28477399999999997,-0.010366624525916635,0.12373049357052418
futures_2m_2000b,NCSIDXY2USD/USDT:USDT,907,2026-04-07T00:42:00+00:00,2026-04-08T10:02:00+00:00,-1.172344689378757,0.010130685847422658,0.020273694880902412,0.010130685847422658,0.020273694880902412,0.035574476066714864,0.035574476066714864,,,False,0.28477399999999997,0.01172344689378757,0.11844687509393216
futures_2m_2000b,NCFXAUD2JPY/USDT:USDT,2000,2026-04-07T01:12:00+00:00,2026-04-09T19:50:00+00:00,2.0299880482416377,0.011629675353144242,0.021472475014117025,0.011629675353144242,0.021472475014117025,0.040838262457753315,0.040838262457753315,,,False,0.28477399999999997,-0.020299880482416377,0.10221490689084356
futures_2m_2000b,NCFXEUR2USD/USDT:USDT,2000,2026-04-07T01:14:00+00:00,2026-04-09T19:52:00+00:00,1.4859382043901803,0.009414100611065377,0.019699961254162394,0.009414100611065377,0.019699961254162394,0.03305814649885656,0.03305814649885656,,,False,0.28477399999999997,-0.014859382043901803,0.08431505745266787
futures_2m_2000b,NCFXUSD2CAD/USDT:USDT,2000,2026-04-07T01:14:00+00:00,2026-04-09T19:52:00+00:00,-0.774453105355799,0.007210481155406706,0.011580566507820588,0.007210481155406706,0.011580566507820588,0.025320012204087125,0.025320012204087125,,,False,0.28477399999999997,0.00774453105355799,0.08370456766581937
futures_2m_2000b,NCFXGBP2JPY/USDT:USDT,2000,2026-04-07T01:14:00+00:00,2026-04-09T19:52:00+00:00,1.1019674612183117,0.00849413197049737,0.015461562905337928,0.00849413197049737,0.015461562905337928,0.029827624609330104,0.029827624609330104,,,False,0.28477399999999997,-0.011019674612183117,0.07846319921580719
futures_2m_2000b,NCFXGBP2USD/USDT:USDT,2000,2026-04-07T01:14:00+00:00,2026-04-09T19:52:00+00:00,1.6100868539809854,0.008958499749900931,0.020218318363925868,0.008958499749900931,0.020218318363925868,0.03145827831859978,0.03145827831859978,,,False,0.28477399999999997,-0.016100868539809854,0.07827396641598948
futures_2m_2000b,NCFXEUR2CAD/USDT:USDT,2000,2026-04-07T01:12:00+00:00,2026-04-09T19:50:00+00:00,0.6962478592557941,0.007431813114680309,0.014299703198833157,0.007431813114680309,0.014299703198833157,0.02609723189153613,0.02609723189153613,,,False,0.28477399999999997,-0.006962478592557941,0.07132921708205045
futures_2m_2000b,NCFXEUR2JPY/USDT:USDT,2000,2026-04-07T01:12:00+00:00,2026-04-09T19:50:00+00:00,0.9817375126785155,0.007533524182618009,0.013968881881854384,0.007533524182618009,0.013968881881854384,0.026454396056585255,0.026454396056585255,,,False,0.28477399999999997,-0.009817375126785155,0.06954581304297061
futures_2m_2000b,NCFXEUR2CHF/USDT:USDT,2000,2026-04-07T01:12:00+00:00,2026-04-09T19:50:00+00:00,0.3341687552213868,0.006493998463081508,0.010851165420275196,0.006493998463081508,0.010851165420275196,0.022804042725394554,0.022804042725394554,,,False,0.28477399999999997,-0.003341687552213868,0.0650704406239698
futures_2m_2000b,NCFXEUR2GBP/USDT:USDT,2000,2026-04-07T01:12:00+00:00,2026-04-09T19:50:00+00:00,-0.13072045316424585,0.005745673507847957,0.011456000397036318,0.005745673507847957,0.011456000397036318,0.020176257340375026,0.020176257340375026,,,False,0.28477399999999997,0.0013072045316424585,0.06183597655276754
futures_2m_2000b,SUP/USDT:USDT,2000,2026-04-07T01:20:00+00:00,2026-04-09T19:58:00+00:00,-4.17633410672853,0.0,0.0,0.0,0.0,0.0,0.0,,,False,0.28477399999999997,0.0417633410672853,0.0417633410672853
futures_2m_2000b,ULTIMA/USDT:USDT,2000,2026-04-07T01:20:00+00:00,2026-04-09T19:58:00+00:00,12.02344322344322,0.014141471278671835,0.05128935745833259,0.014141471278671835,0.05128935745833259,0.049658575848468736,0.049658575848468736,,,False,0.28477399999999997,-0.1202344322344322,0.028741295310974024
futures_2m_2000b,7/USDT:USDT,2000,2026-04-07T01:00:00+00:00,2026-04-09T19:38:00+00:00,-1.7006802721088343,0.0,0.0,0.0,0.0,0.0,0.0,,,False,0.28477399999999997,0.017006802721088343,0.017006802721088343
futures_2m_2000b,CELO/USDT:USDT,2000,2026-04-07T01:04:00+00:00,2026-04-09T19:42:00+00:00,0.6165228113440113,0.0,0.12300123001230366,0.0,0.12300123001230366,0.0,0.0,,,False,0.28477399999999997,-0.006165228113440113,-0.006165228113440113
futures_2m_2000b,TREE/USDT:USDT,2000,2026-04-07T01:20:00+00:00,2026-04-09T19:58:00+00:00,0.6611570247933907,0.0,0.16666666666665989,0.0,0.16666666666665989,0.0,0.0,,,False,0.28477399999999997,-0.006611570247933907,-0.006611570247933907
futures_2m_2000b,IOTA/USDT:USDT,2000,2026-04-07T01:10:00+00:00,2026-04-09T19:48:00+00:00,1.0526315789473717,0.0,0.17361111111110403,0.0,0.17361111111110403,0.0,0.0,,,False,0.28477399999999997,-0.010526315789473717,-0.010526315789473717
futures_2m_2000b,SNX/USDT:USDT,2000,2026-04-07T01:18:00+00:00,2026-04-09T19:56:00+00:00,1.3698630136986356,0.0,0.0,0.0,0.0,0.0,0.0,,,False,0.28477399999999997,-0.013698630136986356,-0.013698630136986356
futures_2m_2000b,RVN/USDT:USDT,2000,2026-04-07T01:18:00+00:00,2026-04-09T19:56:00+00:00,1.4109347442680775,0.0,0.1751313485113764,0.0,0.1751313485113764,0.0,0.0,,,False,0.28477399999999997,-0.014109347442680775,-0.014109347442680775
futures_2m_2000b,CARV/USDT:USDT,2000,2026-04-07T01:04:00+00:00,2026-04-09T19:42:00+00:00,1.590106007067149,0.0,0.17574692442881534,0.0,0.17574692442881534,0.0,0.0,,,False,0.28477399999999997,-0.01590106007067149,-0.01590106007067149
futures_2m_2000b,TRUST/USDT:USDT,2000,2026-04-07T01:20:00+00:00,2026-04-09T19:58:00+00:00,1.8181818181818077,0.0,0.15037593984962835,0.0,0.15037593984962835,0.0,0.0,,,False,0.28477399999999997,-0.018181818181818077,-0.018181818181818077
futures_2m_2000b,STORJ/USDT:USDT,2000,2026-04-07T01:18:00+00:00,2026-04-09T19:56:00+00:00,2.0191285866099973,0.0,0.10582010582010884,0.0,0.10582010582010884,0.0,0.0,,,False,0.28477399999999997,-0.020191285866099973,-0.020191285866099973
futures_2m_2000b,MIRANETWORK/USDT:USDT,2000,2026-04-07T01:12:00+00:00,2026-04-09T19:50:00+00:00,2.3017902813299074,0.0,0.12658227848101627,0.0,0.12658227848101627,0.0,0.0,,,False,0.28477399999999997,-0.023017902813299074,-0.023017902813299074
futures_2m_2000b,ZKC/USDT:USDT,2000,2026-04-07T01:22:00+00:00,2026-04-09T20:00:00+00:00,2.4251069900142808,0.0,0.14084507042253924,0.0,0.14084507042253924,0.0,0.0,,,False,0.28477399999999997,-0.024251069900142808,-0.024251069900142808
futures_2m_2000b,ARPA/USDT:USDT,2000,2026-04-07T01:02:00+00:00,2026-04-09T19:40:00+00:00,2.7382256297918905,0.0,0.10822510822510382,0.0,0.10822510822510382,0.0,0.0,,,False,0.28477399999999997,-0.027382256297918905,-0.027382256297918905
futures_2m_2000b,AMP/USDT:USDT,2000,2026-04-07T01:02:00+00:00,2026-04-09T19:40:00+00:00,2.7839643652561197,0.0,0.1046595688748711,0.0,0.1046595688748711,0.0,0.0,,,False,0.28477399999999997,-0.027839643652561197,-0.027839643652561197
futures_2m_2000b,AXL/USDT:USDT,2000,2026-04-07T01:02:00+00:00,2026-04-09T19:40:00+00:00,3.31858407079646,0.0,0.21691973969630352,0.0,0.21691973969630352,0.0,0.0,,,False,0.28477399999999997,-0.0331858407079646,-0.0331858407079646
futures_2m_2000b,STRK/USDC:USDC,2000,2026-04-07T01:18:00+00:00,2026-04-09T19:56:00+00:00,3.3846153846153637,0.0,0.0,0.0,0.0,0.0,0.0,,,False,0.28477399999999997,-0.03384615384615364,-0.03384615384615364
futures_2m_2000b,STRK/USDT:USDT,2000,2026-04-07T01:18:00+00:00,2026-04-09T19:56:00+00:00,4.0123456790123635,0.0,0.0,0.0,0.0,0.0,0.0,,,False,0.28477399999999997,-0.040123456790123635,-0.040123456790123635
futures_2m_2000b,MEME/USDT:USDT,2000,2026-04-07T01:12:00+00:00,2026-04-09T19:50:00+00:00,4.216867469879526,0.0,0.19379844961238682,0.0,0.19379844961238682,0.0,0.0,,,False,0.28477399999999997,-0.04216867469879526,-0.04216867469879526
futures_2m_2000b,SEI/USDT:USDT,2000,2026-04-07T01:18:00+00:00,2026-04-09T19:56:00+00:00,4.307116104868913,0.0,0.1798561151079126,0.0,0.1798561151079126,0.0,0.0,,,False,0.28477399999999997,-0.04307116104868913,-0.04307116104868913
futures_2m_2000b,MINA/USDT:USDT,2000,2026-04-07T01:12:00+00:00,2026-04-09T19:50:00+00:00,4.444444444444451,0.0,0.18018018018018533,0.0,0.18018018018018533,0.0,0.0,,,False,0.28477399999999997,-0.04444444444444451,-0.04444444444444451
futures_2m_2000b,APEX/USDT:USDT,2000,2026-04-07T01:02:00+00:00,2026-04-09T19:40:00+00:00,5.243445692883908,0.0,0.0,0.0,0.0,0.0,0.0,,,False,0.28477399999999997,-0.05243445692883908,-0.05243445692883908
futures_2m_2000b,1INCH/USDT:USDT,2000,2026-04-07T01:00:00+00:00,2026-04-09T19:38:00+00:00,5.310734463276856,0.0,0.10964912280702069,0.0,0.10964912280702069,0.0,0.0,,,False,0.28477399999999997,-0.05310734463276856,-0.05310734463276856
futures_2m_2000b,MEW/USDT:USDT,2000,2026-04-07T01:12:00+00:00,2026-04-09T19:50:00+00:00,5.376344086021501,0.0,0.17482517482517906,0.0,0.17482517482517906,0.0,0.0,,,False,0.28477399999999997,-0.053763440860215006,-0.053763440860215006
futures_2m_2000b,FLOW/USDT:USDT,2000,2026-04-07T01:08:00+00:00,2026-04-09T19:46:00+00:00,6.188925081433205,0.0,0.30581039755352557,0.0,0.30581039755352557,0.0,0.0,,,False,0.28477399999999997,-0.06188925081433205,-0.06188925081433205
futures_2m_2000b,KAVA/USDT:USDT,2000,2026-04-07T01:10:00+00:00,2026-04-09T19:48:00+00:00,6.286836935167006,0.0,0.1858736059479607,0.0,0.1858736059479607,0.0,0.0,,,False,0.28477399999999997,-0.06286836935167006,-0.06286836935167006
futures_2m_2000b,ZAMA/USDT:USDT,2000,2026-04-07T01:22:00+00:00,2026-04-09T20:00:00+00:00,6.912442396313345,0.0,0.0,0.0,0.0,0.0,0.0,,,False,0.28477399999999997,-0.06912442396313345,-0.06912442396313345
futures_2m_2000b,POPCAT/USDC:USDC,2000,2026-04-07T01:16:00+00:00,2026-04-09T19:54:00+00:00,7.127882599580704,0.0,0.20000000000000573,0.0,0.20000000000000573,0.0,0.0,,,False,0.28477399999999997,-0.07127882599580704,-0.07127882599580704
futures_2m_2000b,IQ/USDT:USDT,2000,2026-04-07T01:10:00+00:00,2026-04-09T19:48:00+00:00,7.6041666666666785,0.0,0.10162601626017607,0.0,0.10162601626017607,0.0,0.0,,,False,0.28477399999999997,-0.07604166666666679,-0.07604166666666679
futures_2m_2000b,GALA/USDT:USDT,2000,2026-04-07T01:08:00+00:00,2026-04-09T19:46:00+00:00,7.719298245614015,0.0,0.32467532467532556,0.0,0.32467532467532556,0.0,0.0,,,False,0.28477399999999997,-0.07719298245614015,-0.07719298245614015
futures_2m_2000b,FLUX/USDT:USDT,2000,2026-04-07T01:08:00+00:00,2026-04-09T19:46:00+00:00,8.128544423440442,0.0,0.1788908765653003,0.0,0.1788908765653003,0.0,0.0,,,False,0.28477399999999997,-0.08128544423440441,-0.08128544423440441
futures_2m_2000b,KIN/USDT:USDT,2000,2026-04-07T01:10:00+00:00,2026-04-09T19:48:00+00:00,8.781362007168457,0.0,0.0,0.0,0.0,0.0,0.0,,,False,0.28477399999999997,-0.08781362007168457,-0.08781362007168457
futures_2m_2000b,HODL/USDT:USDT,2000,2026-04-07T01:08:00+00:00,2026-04-09T19:46:00+00:00,50.17862942513802,0.036589828027797255,0.20212274846084155,0.036589828027797255,0.20212274846084155,0.12848724963584196,0.12848724963584196,,,False,0.28477399999999997,-0.5017862942513802,-0.11632454534385434
futures_2m_2000b,MOLT/USDT:USDT,2000,2026-04-07T01:12:00+00:00,2026-04-09T19:50:00+00:00,22.612770943175153,0.0,0.1731122885750867,0.0,0.1731122885750867,0.0,0.0,,,False,0.28477399999999997,-0.22612770943175153,-0.22612770943175153
futures_2m_2000b,CHIBI/USDT:USDT,2000,2026-04-07T01:04:00+00:00,2026-04-09T19:42:00+00:00,40.19933554817277,0.0,0.7797300583657565,0.0,0.7797300583657565,0.0,0.0,,,False,0.28477399999999997,-0.4019933554817277,-0.4019933554817277
